SG_UF,CD_MUNICIPIO,NM_MUNICIPIO,COMPARAVEL,QT_URNAS_PRE2020,QT_URNAS_UE2020,QT_VOTOS_LULA_PRE2020,QT_VOTOS_BOLSONARO_PRE2020,QT_VOTOS_VALIDOS_PRE2020,PCT_LULA_PRE2020,PCT_BOLSONARO_PRE2020,VENCEDOR_VOTOS_PRE2020,QT_VITORIAS_LULA_PRE2020,QT_VITORIAS_BOLSONARO_PRE2020,PCT_VITORIAS_LULA_PRE2020,PCT_VITORIAS_BOLSONARO_PRE2020,QT_VOTOS_LULA_UE2020,QT_VOTOS_BOLSONARO_UE2020,QT_VOTOS_VALIDOS_UE2020,PCT_LULA_UE2020,PCT_BOLSONARO_UE2020,VENCEDOR_VOTOS_UE2020,QT_VITORIAS_LULA_UE2020,QT_VITORIAS_BOLSONARO_UE2020,PCT_VITORIAS_LULA_UE2020,PCT_VITORIAS_BOLSONARO_UE2020,DIF_PCT_LULA,DIF_PCT_BOLSONARO,DIF_PCT_VITORIAS_LULA,DIF_PCT_VITORIAS_BOLSONARO,INVERTEU_VENCEDOR_VOTOS
AC,1120,ACRELÂNDIA,N,42,0,1460,5317,6777,21.54,78.46,Bolsonaro,0,42,0.0,100.0,0,0,0,,,,0,0,,,,,,,N
AC,1570,ASSIS BRASIL,N,23,0,1895,2717,4612,41.09,58.91,Bolsonaro,5,18,21.74,78.26,0,0,0,,,,0,0,,,,,,,N
AC,1058,BRASILÉIA,N,71,0,3958,9593,13551,29.21,70.79,Bolsonaro,2,69,2.82,97.18,0,0,0,,,,0,0,,,,,,,N
AC,1007,BUJARI,N,35,0,1958,4693,6651,29.44,70.56,Bolsonaro,0,35,0.0,100.0,0,0,0,,,,0,0,,,,,,,N
AC,1015,CAPIXABA,N,31,0,1497,3963,5460,27.42,72.58,Bolsonaro,0,31,0.0,100.0,0,0,0,,,,0,0,,,,,,,N
AC,1074,CRUZEIRO DO SUL,N,229,0,9733,31936,41669,23.36,76.64,Bolsonaro,2,227,0.87,99.13,0,0,0,,,,0,0,,,,,,,N
AC,1112,EPITACIOLÂNDIA,N,47,0,2464,6729,9193,26.8,73.2,Bolsonaro,1,46,2.13,97.87,0,0,0,,,,0,0,,,,,,,N
AC,1139,FEIJÓ,N,85,0,7113,6383,13496,52.7,47.3,Lula,42,40,49.41,47.06,0,0,0,,,,0,0,,,,,,,N
AC,1104,JORDÃO,N,21,0,1980,1433,3413,58.01,41.99,Lula,14,7,66.67,33.33,0,0,0,,,,0,0,,,,,,,N
AC,1554,MANOEL URBANO,N,27,0,2047,2889,4936,41.47,58.53,Bolsonaro,1,26,3.7,96.3,0,0,0,,,,0,0,,,,,,,N
AC,1040,MARECHAL THAUMATURGO,N,42,0,2742,3710,6452,42.5,57.5,Bolsonaro,9,33,21.43,78.57,0,0,0,,,,0,0,,,,,,,N
AC,1090,MÂNCIO LIMA,N,53,0,2708,6331,9039,29.96,70.04,Bolsonaro,4,49,7.55,92.45,0,0,0,,,,0,0,,,,,,,N
AC,1511,PLÁCIDO DE CASTRO,N,53,0,2306,6176,8482,27.19,72.81,Bolsonaro,0,53,0.0,100.0,0,0,0,,,,0,0,,,,,,,N
AC,1023,PORTO ACRE,N,53,0,2317,7384,9701,23.88,76.12,Bolsonaro,1,52,1.89,98.11,0,0,0,,,,0,0,,,,,,,N
AC,1066,PORTO WALTER,N,27,0,2093,1866,3959,52.87,47.13,Lula,14,12,51.85,44.44,0,0,0,,,,0,0,,,,,,,N
AC,1392,RIO BRANCO,S,35,853,1564,4676,6240,25.06,74.94,Bolsonaro,0,35,0.0,100.0,52309,137414,189723,27.57,72.43,Bolsonaro,1,852,0.12,99.88,2.51,-2.51,0.12,-0.12,N
AC,1082,RODRIGUES ALVES,N,48,0,1455,6011,7466,19.49,80.51,Bolsonaro,0,48,0.0,100.0,0,0,0,,,,0,0,,,,,,,N
AC,1031,SANTA ROSA DO PURUS,N,13,0,1217,1127,2344,51.92,48.08,Lula,4,9,30.77,69.23,0,0,0,,,,0,0,,,,,,,N
AC,1457,SENA MADUREIRA,N,110,0,4976,13606,18582,26.78,73.22,Bolsonaro,0,110,0.0,100.0,0,0,0,,,,0,0,,,,,,,N
AC,1538,SENADOR GUIOMARD,S,17,56,628,2107,2735,22.96,77.04,Bolsonaro,0,17,0.0,100.0,2710,7405,10115,26.79,73.21,Bolsonaro,0,56,0.0,100.0,3.83,-3.83,0.0,0.0,N
AC,1473,TARAUACÁ,N,101,0,6802,9067,15869,42.86,57.14,Bolsonaro,16,84,15.84,83.17,0,0,0,,,,0,0,,,,,,,N
AC,1490,XAPURI,N,52,0,3634,5217,8851,41.06,58.94,Bolsonaro,5,47,9.62,90.38,0,0,0,,,,0,0,,,,,,,N
AL,27030,ANADIA,N,44,0,6166,2019,8185,75.33,24.67,Lula,44,0,100.0,0.0,0,0,0,,,,0,0,,,,,,,N
AL,27057,ARAPIRACA,N,417,0,61009,54674,115683,52.74,47.26,Lula,227,182,54.44,43.65,0,0,0,,,,0,0,,,,,,,N
AL,27073,ATALAIA,N,0,104,0,0,0,,,,0,0,,,13340,7544,20884,63.88,36.12,Lula,100,3,96.15,2.88,,,,,N
AL,27090,BARRA DE SANTO ANTÔNIO,N,35,0,5155,3586,8741,58.97,41.03,Lula,34,1,97.14,2.86,0,0,0,,,,0,0,,,,,,,N
AL,27111,BARRA DE SÃO MIGUEL,N,0,21,0,0,0,,,,0,0,,,2699,2871,5570,48.46,51.54,Bolsonaro,7,14,33.33,66.67,,,,,N
AL,27138,BATALHA,N,35,0,6393,2982,9375,68.19,31.81,Lula,35,0,100.0,0.0,0,0,0,,,,0,0,,,,,,,N
AL,27170,BELO MONTE,N,16,0,3113,1057,4170,74.65,25.35,Lula,16,0,100.0,0.0,0,0,0,,,,0,0,,,,,,,N
AL,27154,BELÉM,N,21,0,2406,886,3292,73.09,26.91,Lula,21,0,100.0,0.0,0,0,0,,,,0,0,,,,,,,N
AL,27197,BOCA DA MATA,N,55,0,7724,5359,13083,59.04,40.96,Lula,54,1,98.18,1.82,0,0,0,,,,0,0,,,,,,,N
AL,27219,BRANQUINHA,N,26,0,4041,1571,5612,72.01,27.99,Lula,26,0,100.0,0.0,0,0,0,,,,0,0,,,,,,,N
AL,27235,CACIMBINHAS,N,24,0,4147,1440,5587,74.23,25.77,Lula,24,0,100.0,0.0,0,0,0,,,,0,0,,,,,,,N
AL,27251,CAJUEIRO,N,42,0,6416,2991,9407,68.2,31.8,Lula,42,0,100.0,0.0,0,0,0,,,,0,0,,,,,,,N
AL,27081,CAMPESTRE,N,17,0,2695,1089,3784,71.22,28.78,Lula,17,0,100.0,0.0,0,0,0,,,,0,0,,,,,,,N
AL,27278,CAMPO ALEGRE,N,75,0,11486,6012,17498,65.64,34.36,Lula,75,0,100.0,0.0,0,0,0,,,,0,0,,,,,,,N
AL,27294,CAMPO GRANDE,N,24,0,5048,1197,6245,80.83,19.17,Lula,24,0,100.0,0.0,0,0,0,,,,0,0,,,,,,,N
AL,27316,CANAPI,N,41,0,7473,1365,8838,84.56,15.44,Lula,41,0,100.0,0.0,0,0,0,,,,0,0,,,,,,,N
AL,27332,CAPELA,N,0,42,0,0,0,,,,0,0,,,5228,3523,8751,59.74,40.26,Lula,41,1,97.62,2.38,,,,,N
AL,27359,CARNEIROS,N,22,0,3888,810,4698,82.76,17.24,Lula,22,0,100.0,0.0,0,0,0,,,,0,0,,,,,,,N
AL,27375,CHÃ PRETA,N,18,0,3126,963,4089,76.45,23.55,Lula,18,0,100.0,0.0,0,0,0,,,,0,0,,,,,,,N
AL,27391,COITÉ DO NÓIA,N,26,0,5033,1378,6411,78.51,21.49,Lula,26,0,100.0,0.0,0,0,0,,,,0,0,,,,,,,N
AL,27413,COLÔNIA LEOPOLDINA,N,52,0,5286,4366,9652,54.77,45.23,Lula,39,13,75.0,25.0,0,0,0,,,,0,0,,,,,,,N
AL,27430,COQUEIRO SECO,N,0,15,0,0,0,,,,0,0,,,2270,1446,3716,61.09,38.91,Lula,15,0,100.0,0.0,,,,,N
AL,27456,CORURIPE,N,117,0,12675,14497,27172,46.65,53.35,Bolsonaro,34,83,29.06,70.94,0,0,0,,,,0,0,,,,,,,N
AL,28894,CRAÍBAS,N,52,0,11494,3062,14556,78.96,21.04,Lula,52,0,100.0,0.0,0,0,0,,,,0,0,,,,,,,N
AL,27472,DELMIRO GOUVEIA,N,130,0,22688,5050,27738,81.79,18.21,Lula,130,0,100.0,0.0,0,0,0,,,,0,0,,,,,,,N
AL,27499,DOIS RIACHOS,N,27,0,4705,1460,6165,76.32,23.68,Lula,27,0,100.0,0.0,0,0,0,,,,0,0,,,,,,,N
AL,27049,ESTRELA DE ALAGOAS,N,41,0,6374,1201,7575,84.15,15.85,Lula,41,0,100.0,0.0,0,0,0,,,,0,0,,,,,,,N
AL,27510,FEIRA GRANDE,N,47,0,10346,2967,13313,77.71,22.29,Lula,47,0,100.0,0.0,0,0,0,,,,0,0,,,,,,,N
AL,27537,FELIZ DESERTO,N,10,0,1597,690,2287,69.83,30.17,Lula,10,0,100.0,0.0,0,0,0,,,,0,0,,,,,,,N
AL,27553,FLEXEIRAS,N,26,0,2795,2841,5636,49.59,50.41,Bolsonaro,12,13,46.15,50.0,0,0,0,,,,0,0,,,,,,,N
AL,27570,GIRAU DO PONCIANO,N,72,0,15744,3511,19255,81.77,18.23,Lula,72,0,100.0,0.0,0,0,0,,,,0,0,,,,,,,N
AL,27596,IBATEGUARA,N,31,0,4916,2761,7677,64.04,35.96,Lula,31,0,100.0,0.0,0,0,0,,,,0,0,,,,,,,N
AL,27618,IGACI,N,76,0,10837,2627,13464,80.49,19.51,Lula,76,0,100.0,0.0,0,0,0,,,,0,0,,,,,,,N
AL,27634,IGREJA NOVA,N,52,0,9594,2944,12538,76.52,23.48,Lula,52,0,100.0,0.0,0,0,0,,,,0,0,,,,,,,N
AL,27650,INHAPI,N,41,0,7228,1387,8615,83.9,16.1,Lula,41,0,100.0,0.0,0,0,0,,,,0,0,,,,,,,N
AL,27677,JACARÉ DOS HOMENS,N,14,0,2788,651,3439,81.07,18.93,Lula,14,0,100.0,0.0,0,0,0,,,,0,0,,,,,,,N
AL,27693,JACUÍPE,N,16,0,2722,1050,3772,72.16,27.84,Lula,16,0,100.0,0.0,0,0,0,,,,0,0,,,,,,,N
AL,27715,JAPARATINGA,N,21,0,2300,2766,5066,45.4,54.6,Bolsonaro,5,16,23.81,76.19,0,0,0,,,,0,0,,,,,,,N
AL,27731,JARAMATAIA,N,16,0,2802,760,3562,78.66,21.34,Lula,16,0,100.0,0.0,0,0,0,,,,0,0,,,,,,,N
AL,27065,JEQUIÁ DA PRAIA,N,0,21,0,0,0,,,,0,0,,,2832,2854,5686,49.81,50.19,Bolsonaro,10,10,47.62,47.62,,,,,N
AL,27758,JOAQUIM GOMES,N,54,0,6755,2751,9506,71.06,28.94,Lula,54,0,100.0,0.0,0,0,0,,,,0,0,,,,,,,N
AL,27774,JUNDIÁ,N,13,0,1756,1010,2766,63.49,36.51,Lula,13,0,100.0,0.0,0,0,0,,,,0,0,,,,,,,N
AL,27790,JUNQUEIRO,N,61,0,9065,4665,13730,66.02,33.98,Lula,61,0,100.0,0.0,0,0,0,,,,0,0,,,,,,,N
AL,27812,LAGOA DA CANOA,N,41,0,8000,3278,11278,70.93,29.07,Lula,41,0,100.0,0.0,0,0,0,,,,0,0,,,,,,,N
AL,27839,LIMOEIRO DE ANADIA,N,58,0,10488,3331,13819,75.9,24.1,Lula,58,0,100.0,0.0,0,0,0,,,,0,0,,,,,,,N
AL,27855,MACEIÓ,N,0,1598,0,0,0,,,,0,0,,,204887,273549,478436,42.82,57.18,Bolsonaro,102,1493,6.38,93.43,,,,,N
AL,27871,MAJOR ISIDORO,N,41,0,7106,3361,10467,67.89,32.11,Lula,41,0,100.0,0.0,0,0,0,,,,0,0,,,,,,,N
AL,27979,MAR VERMELHO,N,10,0,1871,752,2623,71.33,28.67,Lula,10,0,100.0,0.0,0,0,0,,,,0,0,,,,,,,N
AL,27898,MARAGOGI,N,63,0,6924,9451,16375,42.28,57.72,Bolsonaro,2,61,3.17,96.83,0,0,0,,,,0,0,,,,,,,N
AL,27910,MARAVILHA,N,26,0,4326,1122,5448,79.41,20.59,Lula,26,0,100.0,0.0,0,0,0,,,,0,0,,,,,,,N
AL,27936,MARECHAL DEODORO,N,0,116,0,0,0,,,,0,0,,,13267,16560,29827,44.48,55.52,Bolsonaro,15,100,12.93,86.21,,,,,N
AL,27952,MARIBONDO,N,35,0,4770,2425,7195,66.3,33.7,Lula,35,0,100.0,0.0,0,0,0,,,,0,0,,,,,,,N
AL,27995,MATA GRANDE,N,53,0,9251,1976,11227,82.4,17.6,Lula,53,0,100.0,0.0,0,0,0,,,,0,0,,,,,,,N
AL,28010,MATRIZ DE CAMARAGIBE,N,53,0,5615,6803,12418,45.22,54.78,Bolsonaro,9,44,16.98,83.02,0,0,0,,,,0,0,,,,,,,N
AL,28037,MESSIAS,N,35,0,5542,3936,9478,58.47,41.53,Lula,35,0,100.0,0.0,0,0,0,,,,0,0,,,,,,,N
AL,28053,MINADOR DO NEGRÃO,N,18,0,2489,880,3369,73.88,26.12,Lula,18,0,100.0,0.0,0,0,0,,,,0,0,,,,,,,N
AL,28070,MONTEIRÓPOLIS,N,19,0,3086,900,3986,77.42,22.58,Lula,19,0,100.0,0.0,0,0,0,,,,0,0,,,,,,,N
AL,28096,MURICI,N,62,0,8202,4827,13029,62.95,37.05,Lula,62,0,100.0,0.0,0,0,0,,,,0,0,,,,,,,N
AL,28118,NOVO LINO,N,29,0,3065,3067,6132,49.98,50.02,Bolsonaro,14,14,48.28,48.28,0,0,0,,,,0,0,,,,,,,N
AL,28134,OLHO D'ÁGUA DAS FLORES,N,46,0,7232,3906,11138,64.93,35.07,Lula,46,0,100.0,0.0,0,0,0,,,,0,0,,,,,,,N
AL,28150,OLHO D'ÁGUA DO CASADO,N,20,0,4553,597,5150,88.41,11.59,Lula,20,0,100.0,0.0,0,0,0,,,,0,0,,,,,,,N
AL,28177,OLHO D'ÁGUA GRANDE,N,13,0,2637,557,3194,82.56,17.44,Lula,13,0,100.0,0.0,0,0,0,,,,0,0,,,,,,,N
AL,28193,OLIVENÇA,N,31,0,5074,1675,6749,75.18,24.82,Lula,31,0,100.0,0.0,0,0,0,,,,0,0,,,,,,,N
AL,28215,OURO BRANCO,N,25,0,5393,1416,6809,79.2,20.8,Lula,25,0,100.0,0.0,0,0,0,,,,0,0,,,,,,,N
AL,28231,PALESTINA,N,13,0,2354,658,3012,78.15,21.85,Lula,13,0,100.0,0.0,0,0,0,,,,0,0,,,,,,,N
AL,28258,PALMEIRA DOS ÍNDIOS,N,166,0,23869,13468,37337,63.93,36.07,Lula,166,0,100.0,0.0,0,0,0,,,,0,0,,,,,,,N
AL,27022,PARICONHA,N,25,0,5771,562,6333,91.13,8.87,Lula,25,0,100.0,0.0,0,0,0,,,,0,0,,,,,,,N
AL,27006,PARIPUEIRA,N,29,0,3742,4187,7929,47.19,52.81,Bolsonaro,7,21,24.14,72.41,0,0,0,,,,0,0,,,,,,,N
AL,28290,PASSO DE CAMARAGIBE,N,38,0,5016,3388,8404,59.69,40.31,Lula,37,1,97.37,2.63,0,0,0,,,,0,0,,,,,,,N
AL,28312,PAULO JACINTO,N,21,0,3059,1247,4306,71.04,28.96,Lula,21,0,100.0,0.0,0,0,0,,,,0,0,,,,,,,N
AL,28339,PENEDO,N,134,0,18554,10513,29067,63.83,36.17,Lula,134,0,100.0,0.0,0,0,0,,,,0,0,,,,,,,N
AL,28355,PIAÇABUÇU,N,44,0,6131,3013,9144,67.05,32.95,Lula,44,0,100.0,0.0,0,0,0,,,,0,0,,,,,,,N
AL,28371,PILAR,N,0,77,0,0,0,,,,0,0,,,11002,8763,19765,55.66,44.34,Lula,72,5,93.51,6.49,,,,,N
AL,28398,PINDOBA,N,8,0,1261,594,1855,67.98,32.02,Lula,8,0,100.0,0.0,0,0,0,,,,0,0,,,,,,,N
AL,28410,PIRANHAS,N,51,0,11134,1990,13124,84.84,15.16,Lula,51,0,100.0,0.0,0,0,0,,,,0,0,,,,,,,N
AL,28452,PORTO CALVO,N,65,0,6616,7277,13893,47.62,52.38,Bolsonaro,14,51,21.54,78.46,0,0,0,,,,0,0,,,,,,,N
AL,28479,PORTO DE PEDRAS,N,20,0,2725,2237,4962,54.92,45.08,Lula,16,4,80.0,20.0,0,0,0,,,,0,0,,,,,,,N
AL,28495,PORTO REAL DO COLÉGIO,N,47,0,9211,2405,11616,79.3,20.7,Lula,47,0,100.0,0.0,0,0,0,,,,0,0,,,,,,,N
AL,28436,POÇO DAS TRINCHEIRAS,N,31,0,6302,1027,7329,85.99,14.01,Lula,31,0,100.0,0.0,0,0,0,,,,0,0,,,,,,,N
AL,28274,PÃO DE AÇÚCAR,N,56,0,9656,2966,12622,76.5,23.5,Lula,56,0,100.0,0.0,0,0,0,,,,0,0,,,,,,,N
AL,28517,QUEBRANGULO,N,30,0,5173,1733,6906,74.91,25.09,Lula,30,0,100.0,0.0,0,0,0,,,,0,0,,,,,,,N
AL,28533,RIO LARGO,N,0,186,0,0,0,,,,0,0,,,24037,22173,46210,52.02,47.98,Lula,117,65,62.9,34.95,,,,,N
AL,28550,ROTEIRO,N,0,15,0,0,0,,,,0,0,,,2250,1462,3712,60.61,39.39,Lula,15,0,100.0,0.0,,,,,N
AL,28576,SANTA LUZIA DO NORTE,N,0,16,0,0,0,,,,0,0,,,2859,1753,4612,61.99,38.01,Lula,16,0,100.0,0.0,,,,,N
AL,28592,SANTANA DO IPANEMA,N,100,0,17056,6028,23084,73.89,26.11,Lula,100,0,100.0,0.0,0,0,0,,,,0,0,,,,,,,N
AL,28614,SANTANA DO MUNDAÚ,N,28,0,4843,1438,6281,77.11,22.89,Lula,28,0,100.0,0.0,0,0,0,,,,0,0,,,,,,,N
AL,28770,SATUBA,N,0,35,0,0,0,,,,0,0,,,4646,4973,9619,48.3,51.7,Bolsonaro,18,16,51.43,45.71,,,,,N
AL,28916,SENADOR RUI PALMEIRA,N,28,0,5282,1001,6283,84.07,15.93,Lula,28,0,100.0,0.0,0,0,0,,,,0,0,,,,,,,N
AL,28630,SÃO BRÁS,N,18,0,3478,1211,4689,74.17,25.83,Lula,18,0,100.0,0.0,0,0,0,,,,0,0,,,,,,,N
AL,28657,SÃO JOSÉ DA LAJE,N,48,0,7030,4825,11855,59.3,40.7,Lula,47,1,97.92,2.08,0,0,0,,,,0,0,,,,,,,N
AL,28673,SÃO JOSÉ DA TAPERA,N,57,0,11431,2721,14152,80.77,19.23,Lula,57,0,100.0,0.0,0,0,0,,,,0,0,,,,,,,N
AL,28690,SÃO LUÍS DO QUITUNDE,N,69,0,8389,7169,15558,53.92,46.08,Lula,58,10,84.06,14.49,0,0,0,,,,0,0,,,,,,,N
AL,28711,SÃO MIGUEL DOS CAMPOS,N,0,135,0,0,0,,,,0,0,,,15449,14924,30373,50.86,49.14,Lula,71,61,52.59,45.19,,,,,N
AL,28738,SÃO MIGUEL DOS MILAGRES,N,20,0,2648,2447,5095,51.97,48.03,Lula,12,7,60.0,35.0,0,0,0,,,,0,0,,,,,,,N
AL,28754,SÃO SEBASTIÃO,N,72,0,13701,4612,18313,74.82,25.18,Lula,72,0,100.0,0.0,0,0,0,,,,0,0,,,,,,,N
AL,28797,TANQUE D'ARCA,N,18,0,3053,609,3662,83.37,16.63,Lula,18,0,100.0,0.0,0,0,0,,,,0,0,,,,,,,N
AL,28819,TAQUARANA,N,43,0,7751,2178,9929,78.06,21.94,Lula,43,0,100.0,0.0,0,0,0,,,,0,0,,,,,,,N
AL,28932,TEOTÔNIO VILELA,N,83,0,12904,7062,19966,64.63,35.37,Lula,83,0,100.0,0.0,0,0,0,,,,0,0,,,,,,,N
AL,28835,TRAIPU,N,63,0,9934,2371,12305,80.73,19.27,Lula,63,0,100.0,0.0,0,0,0,,,,0,0,,,,,,,N
AL,28851,UNIÃO DOS PALMARES,N,137,0,19944,11875,31819,62.68,37.32,Lula,137,0,100.0,0.0,0,0,0,,,,0,0,,,,,,,N
AL,28878,VIÇOSA,N,57,0,9237,4960,14197,65.06,34.94,Lula,57,0,100.0,0.0,0,0,0,,,,0,0,,,,,,,N
AL,27014,ÁGUA BRANCA,N,41,0,9400,1004,10404,90.35,9.65,Lula,41,0,100.0,0.0,0,0,0,,,,0,0,,,,,,,N
AM,2895,ALVARÃES,N,32,0,5978,2102,8080,73.99,26.01,Lula,32,0,100.0,0.0,0,0,0,,,,0,0,,,,,,,N
AM,2917,AMATURÁ,N,22,0,3880,1182,5062,76.65,23.35,Lula,22,0,100.0,0.0,0,0,0,,,,0,0,,,,,,,N
AM,2933,ANAMÃ,N,22,0,3733,2051,5784,64.54,35.46,Lula,22,0,100.0,0.0,0,0,0,,,,0,0,,,,,,,N
AM,2038,ANORI,N,30,0,4010,3036,7046,56.91,43.09,Lula,27,2,90.0,6.67,0,0,0,,,,0,0,,,,,,,N
AM,2003,APUÍ,N,30,0,2809,4924,7733,36.32,63.68,Bolsonaro,0,29,0.0,96.67,0,0,0,,,,0,0,,,,,,,N
AM,2054,ATALAIA DO NORTE,N,29,0,4660,1136,5796,80.4,19.6,Lula,28,1,96.55,3.45,0,0,0,,,,0,0,,,,,,,N
AM,2070,AUTAZES,N,85,0,12283,6806,19089,64.35,35.65,Lula,84,1,98.82,1.18,0,0,0,,,,0,0,,,,,,,N
AM,2097,BARCELOS,N,30,0,4616,2483,7099,65.02,34.98,Lula,30,0,100.0,0.0,0,0,0,,,,0,0,,,,,,,N
AM,2119,BARREIRINHA,N,61,0,14079,1327,15406,91.39,8.61,Lula,61,0,100.0,0.0,0,0,0,,,,0,0,,,,,,,N
AM,2135,BENJAMIN CONSTANT,N,66,0,13370,2623,15993,83.6,16.4,Lula,66,0,100.0,0.0,0,0,0,,,,0,0,,,,,,,N
AM,2950,BERURI,N,38,0,5381,3158,8539,63.02,36.98,Lula,38,0,100.0,0.0,0,0,0,,,,0,0,,,,,,,N
AM,2976,BOA VISTA DO RAMOS,N,32,0,7837,1072,8909,87.97,12.03,Lula,32,0,100.0,0.0,0,0,0,,,,0,0,,,,,,,N
AM,2151,BOCA DO ACRE,N,66,0,7050,8499,15549,45.34,54.66,Bolsonaro,26,39,39.39,59.09,0,0,0,,,,0,0,,,,,,,N
AM,2178,BORBA,N,61,0,12371,3281,15652,79.04,20.96,Lula,61,0,100.0,0.0,0,0,0,,,,0,0,,,,,,,N
AM,2992,CAAPIRANGA,N,24,0,3988,1980,5968,66.82,33.18,Lula,24,0,100.0,0.0,0,0,0,,,,0,0,,,,,,,N
AM,2194,CANUTAMA,N,30,0,3539,2951,6490,54.53,45.47,Lula,24,6,80.0,20.0,0,0,0,,,,0,0,,,,,,,N
AM,2216,CARAUARI,N,63,0,10998,2936,13934,78.93,21.07,Lula,63,0,100.0,0.0,0,0,0,,,,0,0,,,,,,,N
AM,2232,CAREIRO,N,80,0,9949,5570,15519,64.11,35.89,Lula,77,3,96.25,3.75,0,0,0,,,,0,0,,,,,,,N
AM,2046,CAREIRO DA VÁRZEA,N,52,0,6982,4183,11165,62.53,37.47,Lula,49,2,94.23,3.85,0,0,0,,,,0,0,,,,,,,N
AM,2259,COARI,N,151,0,19841,12829,32670,60.73,39.27,Lula,147,3,97.35,1.99,0,0,0,,,,0,0,,,,,,,N
AM,2275,CODAJÁS,N,50,0,6403,4206,10609,60.35,39.65,Lula,47,3,94.0,6.0,0,0,0,,,,0,0,,,,,,,N
AM,2291,EIRUNEPÉ,N,61,0,10435,3653,14088,74.07,25.93,Lula,61,0,100.0,0.0,0,0,0,,,,0,0,,,,,,,N
AM,2313,ENVIRA,N,35,0,5064,1971,7035,71.98,28.02,Lula,35,0,100.0,0.0,0,0,0,,,,0,0,,,,,,,N
AM,2330,FONTE BOA,N,47,0,8421,2480,10901,77.25,22.75,Lula,47,0,100.0,0.0,0,0,0,,,,0,0,,,,,,,N
AM,2020,GUAJARÁ,N,34,0,2891,4407,7298,39.61,60.39,Bolsonaro,1,33,2.94,97.06,0,0,0,,,,0,0,,,,,,,N
AM,2356,HUMAITÁ,N,96,0,12406,10935,23341,53.15,46.85,Lula,59,36,61.46,37.5,0,0,0,,,,0,0,,,,,,,N
AM,2399,IPIXUNA,N,33,0,4833,2264,7097,68.1,31.9,Lula,33,0,100.0,0.0,0,0,0,,,,0,0,,,,,,,N
AM,98353,IRANDUBA,N,153,0,15304,12590,27894,54.86,45.14,Lula,109,42,71.24,27.45,0,0,0,,,,0,0,,,,,,,N
AM,2410,ITACOATIARA,N,232,0,31621,17807,49428,63.97,36.03,Lula,224,8,96.55,3.45,0,0,0,,,,0,0,,,,,,,N
AM,98370,ITAMARATI,N,22,0,3678,1106,4784,76.88,23.12,Lula,22,0,100.0,0.0,0,0,0,,,,0,0,,,,,,,N
AM,2437,ITAPIRANGA,N,26,0,3538,2457,5995,59.02,40.98,Lula,25,1,96.15,3.85,0,0,0,,,,0,0,,,,,,,N
AM,2453,JAPURÁ,N,14,0,1774,1128,2902,61.13,38.87,Lula,14,0,100.0,0.0,0,0,0,,,,0,0,,,,,,,N
AM,2470,JURUÁ,N,27,0,2870,1801,4671,61.44,38.56,Lula,25,2,92.59,7.41,0,0,0,,,,0,0,,,,,,,N
AM,2496,JUTAÍ,N,39,0,6872,2222,9094,75.57,24.43,Lula,39,0,100.0,0.0,0,0,0,,,,0,0,,,,,,,N
AM,2518,LÁBREA,N,84,0,11683,6242,17925,65.18,34.82,Lula,80,4,95.24,4.76,0,0,0,,,,0,0,,,,,,,N
AM,2534,MANACAPURU,N,205,0,28386,23667,52053,54.53,45.47,Lula,135,68,65.85,33.17,0,0,0,,,,0,0,,,,,,,N
AM,98396,MANAQUIRI,N,41,0,6562,2906,9468,69.31,30.69,Lula,40,1,97.56,2.44,0,0,0,,,,0,0,,,,,,,N
AM,2550,MANAUS,S,595,3173,70044,111072,181116,38.67,61.33,Bolsonaro,7,588,1.18,98.82,367647,581508,949155,38.73,61.27,Bolsonaro,84,3087,2.65,97.29,0.06,-0.06,1.47,-1.53,N
AM,2577,MANICORÉ,N,102,0,15172,8056,23228,65.32,34.68,Lula,89,13,87.25,12.75,0,0,0,,,,0,0,,,,,,,N
AM,2593,MARAÃ,N,24,0,3785,1433,5218,72.54,27.46,Lula,24,0,100.0,0.0,0,0,0,,,,0,0,,,,,,,N
AM,2615,MAUÉS,N,104,0,21003,3701,24704,85.02,14.98,Lula,104,0,100.0,0.0,0,0,0,,,,0,0,,,,,,,N
AM,2631,NHAMUNDÁ,N,44,0,8939,1457,10396,85.98,14.02,Lula,44,0,100.0,0.0,0,0,0,,,,0,0,,,,,,,N
AM,2658,NOVA OLINDA DO NORTE,N,59,0,10114,2673,12787,79.1,20.9,Lula,59,0,100.0,0.0,0,0,0,,,,0,0,,,,,,,N
AM,2011,NOVO AIRÃO,N,34,0,4166,3727,7893,52.78,47.22,Lula,25,8,73.53,23.53,0,0,0,,,,0,0,,,,,,,N
AM,2674,NOVO ARIPUANÃ,N,39,0,6747,2105,8852,76.22,23.78,Lula,38,1,97.44,2.56,0,0,0,,,,0,0,,,,,,,N
AM,2690,PARINTINS,N,234,0,41689,8809,50498,82.56,17.44,Lula,232,2,99.15,0.85,0,0,0,,,,0,0,,,,,,,N
AM,2712,PAUINI,N,30,0,4838,2237,7075,68.38,31.62,Lula,30,0,100.0,0.0,0,0,0,,,,0,0,,,,,,,N
AM,98418,PRESIDENTE FIGUEIREDO,N,79,0,9038,7935,16973,53.25,46.75,Lula,50,29,63.29,36.71,0,0,0,,,,0,0,,,,,,,N
AM,98434,RIO PRETO DA EVA,N,63,0,6752,6081,12833,52.61,47.39,Lula,40,21,63.49,33.33,0,0,0,,,,0,0,,,,,,,N
AM,2372,SANTA ISABEL DO RIO NEGRO,N,27,0,3703,1305,5008,73.94,26.06,Lula,27,0,100.0,0.0,0,0,0,,,,0,0,,,,,,,N
AM,2739,SANTO ANTÔNIO DO IÇÁ,N,47,0,8849,3150,11999,73.75,26.25,Lula,46,1,97.87,2.13,0,0,0,,,,0,0,,,,,,,N
AM,2771,SILVES,N,22,0,4771,1081,5852,81.53,18.47,Lula,22,0,100.0,0.0,0,0,0,,,,0,0,,,,,,,N
AM,2836,SÃO GABRIEL DA CACHOEIRA,N,97,0,17090,4103,21193,80.64,19.36,Lula,97,0,100.0,0.0,0,0,0,,,,0,0,,,,,,,N
AM,2755,SÃO PAULO DE OLIVENÇA,N,53,0,11922,2231,14153,84.24,15.76,Lula,53,0,100.0,0.0,0,0,0,,,,0,0,,,,,,,N
AM,98450,SÃO SEBASTIÃO DO UATUMÃ,N,19,0,2546,2279,4825,52.77,47.23,Lula,14,5,73.68,26.32,0,0,0,,,,0,0,,,,,,,N
AM,98477,TABATINGA,N,98,0,17368,8582,25950,66.93,33.07,Lula,93,5,94.9,5.1,0,0,0,,,,0,0,,,,,,,N
AM,2798,TAPAUÁ,N,40,0,4648,3967,8615,53.95,46.05,Lula,26,14,65.0,35.0,0,0,0,,,,0,0,,,,,,,N
AM,2810,TEFÉ,N,134,0,20281,11300,31581,64.22,35.78,Lula,131,1,97.76,0.75,0,0,0,,,,0,0,,,,,,,N
AM,98515,TONANTINS,N,30,0,6307,1298,7605,82.93,17.07,Lula,30,0,100.0,0.0,0,0,0,,,,0,0,,,,,,,N
AM,98493,UARINI,N,28,0,4087,1936,6023,67.86,32.14,Lula,28,0,100.0,0.0,0,0,0,,,,0,0,,,,,,,N
AM,2852,URUCARÁ,N,35,0,6317,1908,8225,76.8,23.2,Lula,35,0,100.0,0.0,0,0,0,,,,0,0,,,,,,,N
AM,2879,URUCURITUBA,N,40,0,7073,1836,8909,79.39,20.61,Lula,40,0,100.0,0.0,0,0,0,,,,0,0,,,,,,,N
AP,6017,AMAPÁ,N,24,0,2785,1663,4448,62.61,37.39,Lula,23,1,95.83,4.17,0,0,0,,,,0,0,,,,,,,N
AP,6033,CALÇOENE,N,28,0,3200,1986,5186,61.7,38.3,Lula,23,5,82.14,17.86,0,0,0,,,,0,0,,,,,,,N
AP,6068,CUTIAS,N,18,0,1844,1248,3092,59.64,40.36,Lula,17,1,94.44,5.56,0,0,0,,,,0,0,,,,,,,N
AP,6114,FERREIRA GOMES,N,25,0,2153,1862,4015,53.62,46.38,Lula,17,7,68.0,28.0,0,0,0,,,,0,0,,,,,,,N
AP,6041,ITAUBAL,N,24,0,2366,2047,4413,53.61,46.39,Lula,13,11,54.17,45.83,0,0,0,,,,0,0,,,,,,,N
AP,6130,LARANJAL DO JARI,N,96,0,11222,7296,18518,60.6,39.4,Lula,84,11,87.5,11.46,0,0,0,,,,0,0,,,,,,,N
AP,6050,MACAPÁ,S,229,723,25810,29919,55729,46.31,53.69,Bolsonaro,55,174,24.02,75.98,77000,95342,172342,44.68,55.32,Bolsonaro,77,637,10.65,88.11,-1.63,1.63,-13.37,12.13,N
AP,6076,MAZAGÃO,N,68,0,8466,4967,13433,63.02,36.98,Lula,64,4,94.12,5.88,0,0,0,,,,0,0,,,,,,,N
AP,6092,OIAPOQUE,N,75,0,8150,4444,12594,64.71,35.29,Lula,64,11,85.33,14.67,0,0,0,,,,0,0,,,,,,,N
AP,6084,PEDRA BRANCA DO AMAPARI,N,26,0,3590,2856,6446,55.69,44.31,Lula,16,10,61.54,38.46,0,0,0,,,,0,0,,,,,,,N
AP,6025,PORTO GRANDE,N,42,0,5120,4112,9232,55.46,44.54,Lula,32,9,76.19,21.43,0,0,0,,,,0,0,,,,,,,N
AP,6009,PRACUÚBA,N,15,0,1269,1069,2338,54.28,45.72,Lula,8,7,53.33,46.67,0,0,0,,,,0,0,,,,,,,N
AP,6157,SANTANA,N,255,0,27693,35397,63090,43.89,56.11,Bolsonaro,35,219,13.73,85.88,0,0,0,,,,0,0,,,,,,,N
AP,6106,SERRA DO NAVIO,N,11,0,1026,1543,2569,39.94,60.06,Bolsonaro,1,10,9.09,90.91,0,0,0,,,,0,0,,,,,,,N
AP,6173,TARTARUGALZINHO,N,43,0,3764,2756,6520,57.73,42.27,Lula,34,9,79.07,20.93,0,0,0,,,,0,0,,,,,,,N
AP,6122,VITÓRIA DO JARI,N,38,0,4460,2040,6500,68.62,31.38,Lula,38,0,100.0,0.0,0,0,0,,,,0,0,,,,,,,N
BA,33030,ABARÉ,N,44,0,8936,2586,11522,77.56,22.44,Lula,44,0,100.0,0.0,0,0,0,,,,0,0,,,,,,,N
BA,33014,ABAÍRA,N,28,0,3282,1836,5118,64.13,35.87,Lula,28,0,100.0,0.0,0,0,0,,,,0,0,,,,,,,N
BA,33057,ACAJUTIBA,N,39,0,6812,1788,8600,79.21,20.79,Lula,39,0,100.0,0.0,0,0,0,,,,0,0,,,,,,,N
BA,33065,ADUSTINA,N,43,0,7694,1562,9256,83.12,16.88,Lula,43,0,100.0,0.0,0,0,0,,,,0,0,,,,,,,N
BA,33111,AIQUARA,N,14,0,2254,719,2973,75.82,24.18,Lula,14,0,100.0,0.0,0,0,0,,,,0,0,,,,,,,N
BA,33138,ALAGOINHAS,N,347,0,59147,26077,85224,69.4,30.6,Lula,347,0,100.0,0.0,0,0,0,,,,0,0,,,,,,,N
BA,33154,ALCOBAÇA,N,55,0,8986,3706,12692,70.8,29.2,Lula,55,0,100.0,0.0,0,0,0,,,,0,0,,,,,,,N
BA,33170,ALMADINA,N,0,15,0,0,0,,,,0,0,,,2767,700,3467,79.81,20.19,Lula,15,0,100.0,0.0,,,,,N
BA,33197,AMARGOSA,N,81,0,14755,6678,21433,68.84,31.16,Lula,81,0,100.0,0.0,0,0,0,,,,0,0,,,,,,,N
BA,33219,AMÉLIA RODRIGUES,N,61,0,11878,2919,14797,80.27,19.73,Lula,61,0,100.0,0.0,0,0,0,,,,0,0,,,,,,,N
BA,30716,AMÉRICA DOURADA,N,42,0,8303,1547,9850,84.29,15.71,Lula,42,0,100.0,0.0,0,0,0,,,,0,0,,,,,,,N
BA,33235,ANAGÉ,N,0,71,0,0,0,,,,0,0,,,11104,2977,14081,78.86,21.14,Lula,71,0,100.0,0.0,,,,,N
BA,33251,ANDARAÍ,N,38,0,6423,1001,7424,86.52,13.48,Lula,38,0,100.0,0.0,0,0,0,,,,0,0,,,,,,,N
BA,33260,ANDORINHA,N,42,0,8929,963,9892,90.26,9.74,Lula,42,0,100.0,0.0,0,0,0,,,,0,0,,,,,,,N
BA,33278,ANGICAL,N,46,0,7728,2096,9824,78.66,21.34,Lula,46,0,100.0,0.0,0,0,0,,,,0,0,,,,,,,N
BA,33294,ANGUERA,N,34,0,5963,1127,7090,84.1,15.9,Lula,34,0,100.0,0.0,0,0,0,,,,0,0,,,,,,,N
BA,33316,ANTAS,N,34,0,5682,2491,8173,69.52,30.48,Lula,34,0,100.0,0.0,0,0,0,,,,0,0,,,,,,,N
BA,33332,ANTÔNIO CARDOSO,N,37,0,8224,947,9171,89.67,10.33,Lula,37,0,100.0,0.0,0,0,0,,,,0,0,,,,,,,N
BA,33359,ANTÔNIO GONÇALVES,N,33,0,5044,1441,6485,77.78,22.22,Lula,33,0,100.0,0.0,0,0,0,,,,0,0,,,,,,,N
BA,33375,APORÁ,N,42,0,7891,2069,9960,79.23,20.77,Lula,42,0,100.0,0.0,0,0,0,,,,0,0,,,,,,,N
BA,33405,APUAREMA,N,18,0,3256,1212,4468,72.87,27.13,Lula,18,0,100.0,0.0,0,0,0,,,,0,0,,,,,,,N
BA,33391,ARACATU,N,41,0,7868,1958,9826,80.07,19.93,Lula,41,0,100.0,0.0,0,0,0,,,,0,0,,,,,,,N
BA,33413,ARACI,N,131,0,24379,4206,28585,85.29,14.71,Lula,131,0,100.0,0.0,0,0,0,,,,0,0,,,,,,,N
BA,33430,ARAMARI,N,33,0,5922,1008,6930,85.45,14.55,Lula,33,0,100.0,0.0,0,0,0,,,,0,0,,,,,,,N
BA,30732,ARATACA,N,0,25,0,0,0,,,,0,0,,,2988,1236,4224,70.74,29.26,Lula,25,0,100.0,0.0,,,,,N
BA,33456,ARATUÍPE,N,28,0,5141,1170,6311,81.46,18.54,Lula,28,0,100.0,0.0,0,0,0,,,,0,0,,,,,,,N
BA,33383,ARAÇÁS,N,28,0,6202,1527,7729,80.24,19.76,Lula,28,0,100.0,0.0,0,0,0,,,,0,0,,,,,,,N
BA,33472,AURELINO LEAL,N,0,36,0,0,0,,,,0,0,,,5114,1725,6839,74.78,25.22,Lula,36,0,100.0,0.0,,,,,N
BA,33499,BAIANÓPOLIS,N,44,0,6851,2336,9187,74.57,25.43,Lula,42,2,95.45,4.55,0,0,0,,,,0,0,,,,,,,N
BA,33510,BAIXA GRANDE,N,0,57,0,0,0,,,,0,0,,,7723,3064,10787,71.6,28.4,Lula,57,0,100.0,0.0,,,,,N
BA,33529,BANZAÊ,N,37,0,6232,1701,7933,78.56,21.44,Lula,37,0,100.0,0.0,0,0,0,,,,0,0,,,,,,,N
BA,33537,BARRA,N,136,0,21803,4713,26516,82.23,17.77,Lula,136,0,100.0,0.0,0,0,0,,,,0,0,,,,,,,N
BA,33553,BARRA DA ESTIVA,N,67,0,12085,3910,15995,75.55,24.45,Lula,67,0,100.0,0.0,0,0,0,,,,0,0,,,,,,,N
BA,33570,BARRA DO CHOÇA,N,0,93,0,0,0,,,,0,0,,,16805,4459,21264,79.03,20.97,Lula,93,0,100.0,0.0,,,,,N
BA,33596,BARRA DO MENDES,N,58,0,8585,943,9528,90.1,9.9,Lula,58,0,100.0,0.0,0,0,0,,,,0,0,,,,,,,N
BA,33618,BARRA DO ROCHA,N,15,0,1974,963,2937,67.21,32.79,Lula,15,0,100.0,0.0,0,0,0,,,,0,0,,,,,,,N
BA,33634,BARREIRAS,N,309,0,50058,34122,84180,59.47,40.53,Lula,233,75,75.4,24.27,0,0,0,,,,0,0,,,,,,,N
BA,30759,BARRO ALTO,N,37,0,6957,1499,8456,82.27,17.73,Lula,37,0,100.0,0.0,0,0,0,,,,0,0,,,,,,,N
BA,33650,BARRO PRETO,N,0,21,0,0,0,,,,0,0,,,3085,1090,4175,73.89,26.11,Lula,21,0,100.0,0.0,,,,,N
BA,30775,BARROCAS,N,49,0,9090,1651,10741,84.63,15.37,Lula,49,0,100.0,0.0,0,0,0,,,,0,0,,,,,,,N
BA,33677,BELMONTE,N,57,0,7681,3247,10928,70.29,29.71,Lula,57,0,100.0,0.0,0,0,0,,,,0,0,,,,,,,N
BA,33693,BELO CAMPO,N,0,61,0,0,0,,,,0,0,,,9013,2704,11717,76.92,23.08,Lula,61,0,100.0,0.0,,,,,N
BA,33715,BIRITINGA,N,40,0,8156,1168,9324,87.47,12.53,Lula,40,0,100.0,0.0,0,0,0,,,,0,0,,,,,,,N
BA,33731,BOA NOVA,N,0,53,0,0,0,,,,0,0,,,7414,1173,8587,86.34,13.66,Lula,53,0,100.0,0.0,,,,,N
BA,33758,BOA VISTA DO TUPIM,N,0,51,0,0,0,,,,0,0,,,7452,2843,10295,72.38,27.62,Lula,51,0,100.0,0.0,,,,,N
BA,33774,BOM JESUS DA LAPA,N,152,0,28716,8045,36761,78.12,21.88,Lula,152,0,100.0,0.0,0,0,0,,,,0,0,,,,,,,N
BA,33782,BOM JESUS DA SERRA,N,0,29,0,0,0,,,,0,0,,,5690,773,6463,88.04,11.96,Lula,29,0,100.0,0.0,,,,,N
BA,33790,BONINAL,N,42,0,5634,2168,7802,72.21,27.79,Lula,41,1,97.62,2.38,0,0,0,,,,0,0,,,,,,,N
BA,33804,BONITO,N,0,39,0,0,0,,,,0,0,,,7718,1572,9290,83.08,16.92,Lula,39,0,100.0,0.0,,,,,N
BA,33812,BOQUIRA,N,66,0,11154,1022,12176,91.61,8.39,Lula,66,0,100.0,0.0,0,0,0,,,,0,0,,,,,,,N
BA,33839,BOTUPORÃ,N,33,0,5790,1136,6926,83.6,16.4,Lula,33,0,100.0,0.0,0,0,0,,,,0,0,,,,,,,N
BA,33871,BREJOLÂNDIA,N,30,0,4290,1583,5873,73.05,26.95,Lula,30,0,100.0,0.0,0,0,0,,,,0,0,,,,,,,N
BA,33855,BREJÕES,N,37,0,5859,2012,7871,74.44,25.56,Lula,37,0,100.0,0.0,0,0,0,,,,0,0,,,,,,,N
BA,33898,BROTAS DE MACAÚBAS,N,41,0,5405,1536,6941,77.87,22.13,Lula,41,0,100.0,0.0,0,0,0,,,,0,0,,,,,,,N
BA,33910,BRUMADO,N,164,0,28845,12589,41434,69.62,30.38,Lula,164,0,100.0,0.0,0,0,0,,,,0,0,,,,,,,N
BA,33936,BUERAREMA,N,0,45,0,0,0,,,,0,0,,,3581,5292,8873,40.36,59.64,Bolsonaro,4,41,8.89,91.11,,,,,N
BA,30791,BURITIRAMA,N,53,0,8773,2326,11099,79.04,20.96,Lula,53,0,100.0,0.0,0,0,0,,,,0,0,,,,,,,N
BA,33952,CAATIBA,N,0,22,0,0,0,,,,0,0,,,3047,1353,4400,69.25,30.75,Lula,22,0,100.0,0.0,,,,,N
BA,33960,CABACEIRAS DO PARAGUAÇU,N,44,0,8710,1483,10193,85.45,14.55,Lula,44,0,100.0,0.0,0,0,0,,,,0,0,,,,,,,N
BA,33979,CACHOEIRA,N,82,0,16132,3197,19329,83.46,16.54,Lula,82,0,100.0,0.0,0,0,0,,,,0,0,,,,,,,N
BA,33995,CACULÉ,N,0,57,0,0,0,,,,0,0,,,9887,3890,13777,71.76,28.24,Lula,57,0,100.0,0.0,,,,,N
BA,34010,CAEM,N,28,0,5077,938,6015,84.41,15.59,Lula,28,0,100.0,0.0,0,0,0,,,,0,0,,,,,,,N
BA,34029,CAETANOS,N,29,0,6863,821,7684,89.32,10.68,Lula,29,0,100.0,0.0,0,0,0,,,,0,0,,,,,,,N
BA,34037,CAETITÉ,N,0,142,0,0,0,,,,0,0,,,26820,6728,33548,79.95,20.05,Lula,142,0,100.0,0.0,,,,,N
BA,34053,CAFARNAUM,N,48,0,8225,2694,10919,75.33,24.67,Lula,48,0,100.0,0.0,0,0,0,,,,0,0,,,,,,,N
BA,34070,CAIRU,N,42,0,6798,3539,10337,65.76,34.24,Lula,41,1,97.62,2.38,0,0,0,,,,0,0,,,,,,,N
BA,34096,CALDEIRÃO GRANDE,N,34,0,5815,1915,7730,75.23,24.77,Lula,34,0,100.0,0.0,0,0,0,,,,0,0,,,,,,,N
BA,34118,CAMACÃ,N,0,68,0,0,0,,,,0,0,,,7823,5094,12917,60.56,39.44,Lula,59,7,86.76,10.29,,,,,N
BA,34150,CAMAMU,N,80,0,11332,5685,17017,66.59,33.41,Lula,80,0,100.0,0.0,0,0,0,,,,0,0,,,,,,,N
BA,34134,CAMAÇARI,N,0,513,0,0,0,,,,0,0,,,101063,49304,150367,67.21,32.79,Lula,511,2,99.61,0.39,,,,,N
BA,34177,CAMPO ALEGRE DE LOURDES,N,81,0,14756,2701,17457,84.53,15.47,Lula,81,0,100.0,0.0,0,0,0,,,,0,0,,,,,,,N
BA,34193,CAMPO FORMOSO,N,187,0,30504,12308,42812,71.25,28.75,Lula,187,0,100.0,0.0,0,0,0,,,,0,0,,,,,,,N
BA,34231,CANARANA,N,63,0,12445,3010,15455,80.52,19.48,Lula,62,1,98.41,1.59,0,0,0,,,,0,0,,,,,,,N
BA,34258,CANAVIEIRAS,N,0,86,0,0,0,,,,0,0,,,11217,5922,17139,65.45,34.55,Lula,84,2,97.67,2.33,,,,,N
BA,34274,CANDEAL,N,25,0,4718,1217,5935,79.49,20.51,Lula,25,0,100.0,0.0,0,0,0,,,,0,0,,,,,,,N
BA,34290,CANDEIAS,N,0,185,0,0,0,,,,0,0,,,41547,8957,50504,82.26,17.74,Lula,185,0,100.0,0.0,,,,,N
BA,34312,CANDIBA,N,0,35,0,0,0,,,,0,0,,,6752,1905,8657,77.99,22.01,Lula,35,0,100.0,0.0,,,,,N
BA,34355,CANSANÇÃO,N,97,0,19128,3099,22227,86.06,13.94,Lula,97,0,100.0,0.0,0,0,0,,,,0,0,,,,,,,N
BA,30856,CANUDOS,N,46,0,8166,1506,9672,84.43,15.57,Lula,46,0,100.0,0.0,0,0,0,,,,0,0,,,,,,,N
BA,34215,CANÁPOLIS,N,29,0,5389,1214,6603,81.61,18.39,Lula,29,0,100.0,0.0,0,0,0,,,,0,0,,,,,,,N
BA,30813,CAPELA DO ALTO ALEGRE,N,35,0,5318,1677,6995,76.03,23.97,Lula,35,0,100.0,0.0,0,0,0,,,,0,0,,,,,,,N
BA,30830,CAPIM GROSSO,N,73,0,11947,6067,18014,66.32,33.68,Lula,73,0,100.0,0.0,0,0,0,,,,0,0,,,,,,,N
BA,34371,CARAVELAS,N,49,0,7758,3691,11449,67.76,32.24,Lula,49,0,100.0,0.0,0,0,0,,,,0,0,,,,,,,N
BA,34363,CARAÍBAS,N,0,28,0,0,0,,,,0,0,,,4883,1373,6256,78.05,21.95,Lula,28,0,100.0,0.0,,,,,N
BA,34398,CARDEAL DA SILVA,N,26,0,4812,572,5384,89.38,10.62,Lula,26,0,100.0,0.0,0,0,0,,,,0,0,,,,,,,N
BA,34410,CARINHANHA,N,0,75,0,0,0,,,,0,0,,,11413,5471,16884,67.6,32.4,Lula,75,0,100.0,0.0,,,,,N
BA,34436,CASA NOVA,N,185,0,35561,8878,44439,80.02,19.98,Lula,185,0,100.0,0.0,0,0,0,,,,0,0,,,,,,,N
BA,34452,CASTRO ALVES,N,83,0,14103,2997,17100,82.47,17.53,Lula,83,0,100.0,0.0,0,0,0,,,,0,0,,,,,,,N
BA,34479,CATOLÂNDIA,N,15,0,2477,649,3126,79.24,20.76,Lula,15,0,100.0,0.0,0,0,0,,,,0,0,,,,,,,N
BA,34495,CATU,N,123,0,24643,6684,31327,78.66,21.34,Lula,123,0,100.0,0.0,0,0,0,,,,0,0,,,,,,,N
BA,34509,CATURAMA,N,30,0,4643,758,5401,85.97,14.03,Lula,30,0,100.0,0.0,0,0,0,,,,0,0,,,,,,,N
BA,34517,CENTRAL,N,53,0,8362,1989,10351,80.78,19.22,Lula,53,0,100.0,0.0,0,0,0,,,,0,0,,,,,,,N
BA,34533,CHORROCHÓ,N,31,0,5672,906,6578,86.23,13.77,Lula,31,0,100.0,0.0,0,0,0,,,,0,0,,,,,,,N
BA,34576,CIPÓ,N,43,0,6989,3067,10056,69.5,30.5,Lula,43,0,100.0,0.0,0,0,0,,,,0,0,,,,,,,N
BA,34592,COARACI,N,0,60,0,0,0,,,,0,0,,,7591,3767,11358,66.83,33.17,Lula,59,1,98.33,1.67,,,,,N
BA,34614,COCOS,N,52,0,8154,3540,11694,69.73,30.27,Lula,52,0,100.0,0.0,0,0,0,,,,0,0,,,,,,,N
BA,34630,CONCEIÇÃO DA FEIRA,N,52,0,10810,2737,13547,79.8,20.2,Lula,52,0,100.0,0.0,0,0,0,,,,0,0,,,,,,,N
BA,34657,CONCEIÇÃO DO ALMEIDA,N,48,0,9761,1908,11669,83.65,16.35,Lula,48,0,100.0,0.0,0,0,0,,,,0,0,,,,,,,N
BA,34673,CONCEIÇÃO DO COITÉ,N,185,0,26911,15364,42275,63.66,36.34,Lula,177,8,95.68,4.32,0,0,0,,,,0,0,,,,,,,N
BA,34690,CONCEIÇÃO DO JACUÍPE,N,71,0,15353,5555,20908,73.43,26.57,Lula,71,0,100.0,0.0,0,0,0,,,,0,0,,,,,,,N
BA,34711,CONDE,N,57,0,10753,2798,13551,79.35,20.65,Lula,57,0,100.0,0.0,0,0,0,,,,0,0,,,,,,,N
BA,34738,CONDEÚBA,N,0,58,0,0,0,,,,0,0,,,7734,3092,10826,71.44,28.56,Lula,58,0,100.0,0.0,,,,,N
BA,34754,CONTENDAS DO SINCORÁ,N,15,0,2516,706,3222,78.09,21.91,Lula,15,0,100.0,0.0,0,0,0,,,,0,0,,,,,,,N
BA,34770,CORAÇÃO DE MARIA,N,65,0,13993,2918,16911,82.74,17.26,Lula,65,0,100.0,0.0,0,0,0,,,,0,0,,,,,,,N
BA,34797,CORDEIROS,N,0,24,0,0,0,,,,0,0,,,3218,1670,4888,65.83,34.17,Lula,24,0,100.0,0.0,,,,,N
BA,34819,CORIBE,N,45,0,6904,2216,9120,75.7,24.3,Lula,45,0,100.0,0.0,0,0,0,,,,0,0,,,,,,,N
BA,34835,CORONEL JOÃO SÁ,N,44,0,8837,2005,10842,81.51,18.49,Lula,44,0,100.0,0.0,0,0,0,,,,0,0,,,,,,,N
BA,34851,CORRENTINA,N,103,0,14974,4910,19884,75.31,24.69,Lula,98,5,95.15,4.85,0,0,0,,,,0,0,,,,,,,N
BA,34878,COTEGIPE,N,41,0,7060,1683,8743,80.75,19.25,Lula,41,0,100.0,0.0,0,0,0,,,,0,0,,,,,,,N
BA,34894,CRAVOLÂNDIA,N,14,0,2467,456,2923,84.4,15.6,Lula,14,0,100.0,0.0,0,0,0,,,,0,0,,,,,,,N
BA,34932,CRISTÓPOLIS,N,42,0,6996,2225,9221,75.87,24.13,Lula,42,0,100.0,0.0,0,0,0,,,,0,0,,,,,,,N
BA,34916,CRISÓPOLIS,N,51,0,10318,1744,12062,85.54,14.46,Lula,51,0,100.0,0.0,0,0,0,,,,0,0,,,,,,,N
BA,34959,CRUZ DAS ALMAS,N,140,0,26835,11766,38601,69.52,30.48,Lula,140,0,100.0,0.0,0,0,0,,,,0,0,,,,,,,N
BA,34975,CURAÇÁ,N,84,0,16347,3803,20150,81.13,18.87,Lula,84,0,100.0,0.0,0,0,0,,,,0,0,,,,,,,N
BA,34339,CÂNDIDO SALES,N,0,76,0,0,0,,,,0,0,,,10894,3879,14773,73.74,26.26,Lula,76,0,100.0,0.0,,,,,N
BA,34550,CÍCERO DANTAS,N,85,0,15165,4436,19601,77.37,22.63,Lula,85,0,100.0,0.0,0,0,0,,,,0,0,,,,,,,N
BA,30872,DIAS D'ÁVILA,N,0,156,0,0,0,,,,0,0,,,29699,9999,39698,74.81,25.19,Lula,155,0,99.36,0.0,,,,,N
BA,35017,DOM BASÍLIO,N,36,0,7425,1137,8562,86.72,13.28,Lula,36,0,100.0,0.0,0,0,0,,,,0,0,,,,,,,N
BA,35033,DOM MACEDO COSTA,N,16,0,2526,974,3500,72.17,27.83,Lula,16,0,100.0,0.0,0,0,0,,,,0,0,,,,,,,N
BA,34991,DÁRIO MEIRA,N,30,0,4490,1177,5667,79.23,20.77,Lula,30,0,100.0,0.0,0,0,0,,,,0,0,,,,,,,N
BA,35050,ELÍSIO MEDRADO,N,25,0,4215,1378,5593,75.36,24.64,Lula,25,0,100.0,0.0,0,0,0,,,,0,0,,,,,,,N
BA,35076,ENCRUZILHADA,N,0,50,0,0,0,,,,0,0,,,8296,2772,11068,74.95,25.05,Lula,50,0,100.0,0.0,,,,,N
BA,35092,ENTRE RIOS,N,103,0,17696,4573,22269,79.46,20.54,Lula,103,0,100.0,0.0,0,0,0,,,,0,0,,,,,,,N
BA,35114,ESPLANADA,N,83,0,15520,4059,19579,79.27,20.73,Lula,83,0,100.0,0.0,0,0,0,,,,0,0,,,,,,,N
BA,35130,EUCLIDES DA CUNHA,N,153,0,28981,5911,34892,83.06,16.94,Lula,153,0,100.0,0.0,0,0,0,,,,0,0,,,,,,,N
BA,30058,EUNÁPOLIS,N,259,0,32559,28290,60849,53.51,46.49,Lula,147,110,56.76,42.47,0,0,0,,,,0,0,,,,,,,N
BA,35149,FEIRA DA MATA,N,0,16,0,0,0,,,,0,0,,,2581,1417,3998,64.56,35.44,Lula,16,0,100.0,0.0,,,,,N
BA,35157,FEIRA DE SANTANA,N,1172,0,221406,124354,345760,64.03,35.97,Lula,1140,29,97.27,2.47,0,0,0,,,,0,0,,,,,,,N
BA,30910,FILADÉLFIA,N,49,0,8574,2690,11264,76.12,23.88,Lula,49,0,100.0,0.0,0,0,0,,,,0,0,,,,,,,N
BA,35173,FIRMINO ALVES,N,0,16,0,0,0,,,,0,0,,,2445,1112,3557,68.74,31.26,Lula,16,0,100.0,0.0,,,,,N
BA,35190,FLORESTA AZUL,N,0,29,0,0,0,,,,0,0,,,4359,1328,5687,76.65,23.35,Lula,29,0,100.0,0.0,,,,,N
BA,35211,FORMOSA DO RIO PRETO,N,66,0,10674,4247,14921,71.54,28.46,Lula,64,2,96.97,3.03,0,0,0,,,,0,0,,,,,,,N
BA,30899,FÁTIMA,N,48,0,10190,1673,11863,85.9,14.1,Lula,48,0,100.0,0.0,0,0,0,,,,0,0,,,,,,,N
BA,35238,GANDU,N,73,0,10980,6300,17280,63.54,36.46,Lula,73,0,100.0,0.0,0,0,0,,,,0,0,,,,,,,N
BA,30937,GAVIÃO,N,18,0,2328,888,3216,72.39,27.61,Lula,18,0,100.0,0.0,0,0,0,,,,0,0,,,,,,,N
BA,35254,GENTIO DO OURO,N,42,0,6496,1072,7568,85.84,14.16,Lula,42,0,100.0,0.0,0,0,0,,,,0,0,,,,,,,N
BA,35270,GLÓRIA,N,48,0,8843,1140,9983,88.58,11.42,Lula,48,0,100.0,0.0,0,0,0,,,,0,0,,,,,,,N
BA,35297,GONGOGI,N,0,19,0,0,0,,,,0,0,,,2752,794,3546,77.61,22.39,Lula,19,0,100.0,0.0,,,,,N
BA,35319,GOVERNADOR MANGABEIRA,N,56,0,10744,2794,13538,79.36,20.64,Lula,56,0,100.0,0.0,0,0,0,,,,0,0,,,,,,,N
BA,30953,GUAJERU,N,0,24,0,0,0,,,,0,0,,,4208,596,4804,87.59,12.41,Lula,24,0,100.0,0.0,,,,,N
BA,35335,GUANAMBI,N,0,191,0,0,0,,,,0,0,,,34354,18060,52414,65.54,34.46,Lula,180,11,94.24,5.76,,,,,N
BA,35351,GUARATINGA,N,56,0,7618,3105,10723,71.04,28.96,Lula,56,0,100.0,0.0,0,0,0,,,,0,0,,,,,,,N
BA,30970,HELIÓPOLIS,N,39,0,7931,1153,9084,87.31,12.69,Lula,39,0,100.0,0.0,0,0,0,,,,0,0,,,,,,,N
BA,35378,IAÇU,N,0,73,0,0,0,,,,0,0,,,11661,2634,14295,81.57,18.43,Lula,73,0,100.0,0.0,,,,,N
BA,35394,IBIASSUCÊ,N,0,30,0,0,0,,,,0,0,,,4486,2111,6597,68.0,32.0,Lula,30,0,100.0,0.0,,,,,N
BA,35416,IBICARAÍ,N,0,65,0,0,0,,,,0,0,,,8862,4816,13678,64.79,35.21,Lula,60,5,92.31,7.69,,,,,N
BA,35432,IBICOARA,N,46,0,8134,3626,11760,69.17,30.83,Lula,46,0,100.0,0.0,0,0,0,,,,0,0,,,,,,,N
BA,35459,IBICUÍ,N,0,41,0,0,0,,,,0,0,,,6262,2420,8682,72.13,27.87,Lula,41,0,100.0,0.0,,,,,N
BA,35475,IBIPEBA,N,52,0,9212,1490,10702,86.08,13.92,Lula,52,0,100.0,0.0,0,0,0,,,,0,0,,,,,,,N
BA,35513,IBIPITANGA,N,45,0,6981,2175,9156,76.25,23.75,Lula,45,0,100.0,0.0,0,0,0,,,,0,0,,,,,,,N
BA,35530,IBIQUERA,N,0,12,0,0,0,,,,0,0,,,2316,405,2721,85.12,14.88,Lula,12,0,100.0,0.0,,,,,N
BA,35556,IBIRAPITANGA,N,47,0,7213,2497,9710,74.28,25.72,Lula,47,0,100.0,0.0,0,0,0,,,,0,0,,,,,,,N
BA,35572,IBIRAPUÃ,N,28,0,3028,2655,5683,53.28,46.72,Lula,17,11,60.71,39.29,0,0,0,,,,0,0,,,,,,,N
BA,35599,IBIRATAIA,N,53,0,7087,3719,10806,65.58,34.42,Lula,53,0,100.0,0.0,0,0,0,,,,0,0,,,,,,,N
BA,35610,IBITIARA,N,47,0,6782,1843,8625,78.63,21.37,Lula,47,0,100.0,0.0,0,0,0,,,,0,0,,,,,,,N
BA,35637,IBITITÁ,N,59,0,10011,2071,12082,82.86,17.14,Lula,59,0,100.0,0.0,0,0,0,,,,0,0,,,,,,,N
BA,35653,IBOTIRAMA,N,80,0,11054,4755,15809,69.92,30.08,Lula,79,1,98.75,1.25,0,0,0,,,,0,0,,,,,,,N
BA,35670,ICHU,N,18,0,3728,993,4721,78.97,21.03,Lula,18,0,100.0,0.0,0,0,0,,,,0,0,,,,,,,N
BA,35696,IGAPORÃ,N,36,0,8560,1261,9821,87.16,12.84,Lula,36,0,100.0,0.0,0,0,0,,,,0,0,,,,,,,N
BA,35700,IGRAPIÚNA,N,35,0,4729,1472,6201,76.26,23.74,Lula,35,0,100.0,0.0,0,0,0,,,,0,0,,,,,,,N
BA,35718,IGUAÍ,N,0,64,0,0,0,,,,0,0,,,9064,4155,13219,68.57,31.43,Lula,64,0,100.0,0.0,,,,,N
BA,35734,ILHÉUS,N,0,395,0,0,0,,,,0,0,,,60653,38528,99181,61.15,38.85,Lula,361,31,91.39,7.85,,,,,N
BA,35750,INHAMBUPE,N,85,0,16147,4181,20328,79.43,20.57,Lula,85,0,100.0,0.0,0,0,0,,,,0,0,,,,,,,N
BA,35777,IPECAETÁ,N,46,0,8848,1861,10709,82.62,17.38,Lula,46,0,100.0,0.0,0,0,0,,,,0,0,,,,,,,N
BA,35793,IPIAÚ,N,113,0,15800,7799,23599,66.95,33.05,Lula,112,1,99.12,0.88,0,0,0,,,,0,0,,,,,,,N
BA,35815,IPIRÁ,N,0,158,0,0,0,,,,0,0,,,27996,6860,34856,80.32,19.68,Lula,158,0,100.0,0.0,,,,,N
BA,35831,IPUPIARA,N,28,0,4513,2067,6580,68.59,31.41,Lula,28,0,100.0,0.0,0,0,0,,,,0,0,,,,,,,N
BA,35858,IRAJUBA,N,19,0,3177,767,3944,80.55,19.45,Lula,19,0,100.0,0.0,0,0,0,,,,0,0,,,,,,,N
BA,35874,IRAMAIA,N,31,0,4992,1308,6300,79.24,20.76,Lula,31,0,100.0,0.0,0,0,0,,,,0,0,,,,,,,N
BA,35890,IRAQUARA,N,62,0,13222,1511,14733,89.74,10.26,Lula,62,0,100.0,0.0,0,0,0,,,,0,0,,,,,,,N
BA,35912,IRARÁ,N,89,0,14700,3731,18431,79.76,20.24,Lula,89,0,100.0,0.0,0,0,0,,,,0,0,,,,,,,N
BA,35939,IRECÊ,N,156,0,27983,11104,39087,71.59,28.41,Lula,154,2,98.72,1.28,0,0,0,,,,0,0,,,,,,,N
BA,35947,ITABELA,N,71,0,9849,5956,15805,62.32,37.68,Lula,69,1,97.18,1.41,0,0,0,,,,0,0,,,,,,,N
BA,35955,ITABERABA,N,0,149,0,0,0,,,,0,0,,,27532,9681,37213,73.98,26.02,Lula,149,0,100.0,0.0,,,,,N
BA,35971,ITABUNA,N,0,442,0,0,0,,,,0,0,,,59332,52768,112100,52.93,47.07,Lula,285,151,64.48,34.16,,,,,N
BA,35998,ITACARÉ,N,0,54,0,0,0,,,,0,0,,,9902,3532,13434,73.71,26.29,Lula,54,0,100.0,0.0,,,,,N
BA,36013,ITAETÉ,N,41,0,5576,2263,7839,71.13,28.87,Lula,41,0,100.0,0.0,0,0,0,,,,0,0,,,,,,,N
BA,36030,ITAGI,N,35,0,4857,2335,7192,67.53,32.47,Lula,35,0,100.0,0.0,0,0,0,,,,0,0,,,,,,,N
BA,36056,ITAGIBÁ,N,41,0,5967,2779,8746,68.23,31.77,Lula,41,0,100.0,0.0,0,0,0,,,,0,0,,,,,,,N
BA,36072,ITAGIMIRIM,N,22,0,2853,1262,4115,69.33,30.67,Lula,22,0,100.0,0.0,0,0,0,,,,0,0,,,,,,,N
BA,36080,ITAGUAÇU DA BAHIA,N,35,0,6826,1221,8047,84.83,15.17,Lula,35,0,100.0,0.0,0,0,0,,,,0,0,,,,,,,N
BA,36099,ITAJU DO COLÔNIA,N,0,20,0,0,0,,,,0,0,,,2206,1541,3747,58.87,41.13,Lula,20,0,100.0,0.0,,,,,N
BA,36110,ITAJUÍPE,N,0,57,0,0,0,,,,0,0,,,8308,3872,12180,68.21,31.79,Lula,57,0,100.0,0.0,,,,,N
BA,36137,ITAMARAJU,N,149,0,16983,16841,33824,50.21,49.79,Lula,68,79,45.64,53.02,0,0,0,,,,0,0,,,,,,,N
BA,36153,ITAMARI,N,24,0,3124,1395,4519,69.13,30.87,Lula,24,0,100.0,0.0,0,0,0,,,,0,0,,,,,,,N
BA,36170,ITAMBÉ,N,0,62,0,0,0,,,,0,0,,,9824,3951,13775,71.32,28.68,Lula,59,3,95.16,4.84,,,,,N
BA,36196,ITANAGRA,N,18,0,3621,768,4389,82.5,17.5,Lula,18,0,100.0,0.0,0,0,0,,,,0,0,,,,,,,N
BA,36218,ITANHÉM,N,66,0,7003,3874,10877,64.38,35.62,Lula,62,4,93.94,6.06,0,0,0,,,,0,0,,,,,,,N
BA,36234,ITAPARICA,N,57,0,11267,2834,14101,79.9,20.1,Lula,57,0,100.0,0.0,0,0,0,,,,0,0,,,,,,,N
BA,36277,ITAPEBI,N,28,0,4137,1363,5500,75.22,24.78,Lula,28,0,100.0,0.0,0,0,0,,,,0,0,,,,,,,N
BA,36293,ITAPETINGA,N,0,153,0,0,0,,,,0,0,,,19427,17204,36631,53.03,46.97,Lula,98,54,64.05,35.29,,,,,N
BA,36315,ITAPICURU,N,73,0,14442,2749,17191,84.01,15.99,Lula,73,0,100.0,0.0,0,0,0,,,,0,0,,,,,,,N
BA,36331,ITAPITANGA,N,0,22,0,0,0,,,,0,0,,,3297,1165,4462,73.89,26.11,Lula,22,0,100.0,0.0,,,,,N
BA,36250,ITAPÉ,N,0,29,0,0,0,,,,0,0,,,4073,2112,6185,65.85,34.15,Lula,29,0,100.0,0.0,,,,,N
BA,36358,ITAQUARA,N,20,0,3615,1120,4735,76.35,23.65,Lula,20,0,100.0,0.0,0,0,0,,,,0,0,,,,,,,N
BA,36374,ITARANTIM,N,0,44,0,0,0,,,,0,0,,,6171,3926,10097,61.12,38.88,Lula,43,1,97.73,2.27,,,,,N
BA,36382,ITATIM,N,38,0,6974,2643,9617,72.52,27.48,Lula,38,0,100.0,0.0,0,0,0,,,,0,0,,,,,,,N
BA,36390,ITIRUÇU,N,33,0,5074,1740,6814,74.46,25.54,Lula,33,0,100.0,0.0,0,0,0,,,,0,0,,,,,,,N
BA,36412,ITIÚBA,N,102,0,15313,5363,20676,74.06,25.94,Lula,102,0,100.0,0.0,0,0,0,,,,0,0,,,,,,,N
BA,36439,ITORORÓ,N,0,59,0,0,0,,,,0,0,,,7735,4115,11850,65.27,34.73,Lula,59,0,100.0,0.0,,,,,N
BA,36455,ITUAÇU,N,55,0,8482,3456,11938,71.05,28.95,Lula,54,1,98.18,1.82,0,0,0,,,,0,0,,,,,,,N
BA,36471,ITUBERÁ,N,63,0,7777,4671,12448,62.48,37.52,Lula,62,0,98.41,0.0,0,0,0,,,,0,0,,,,,,,N
BA,30660,IUIU,N,0,26,0,0,0,,,,0,0,,,5342,1225,6567,81.35,18.65,Lula,26,0,100.0,0.0,,,,,N
BA,30678,JABORANDI,N,31,0,5236,1589,6825,76.72,23.28,Lula,31,0,100.0,0.0,0,0,0,,,,0,0,,,,,,,N
BA,36498,JACARACI,N,0,39,0,0,0,,,,0,0,,,7016,1550,8566,81.91,18.09,Lula,39,0,100.0,0.0,,,,,N
BA,36510,JACOBINA,N,189,0,33363,12073,45436,73.43,26.57,Lula,189,0,100.0,0.0,0,0,0,,,,0,0,,,,,,,N
BA,36536,JAGUAQUARA,N,113,0,17953,7814,25767,69.67,30.33,Lula,111,2,98.23,1.77,0,0,0,,,,0,0,,,,,,,N
BA,36552,JAGUARARI,N,92,0,12791,3942,16733,76.44,23.56,Lula,92,0,100.0,0.0,0,0,0,,,,0,0,,,,,,,N
BA,36579,JAGUARIPE,N,46,0,9077,2007,11084,81.89,18.11,Lula,46,0,100.0,0.0,0,0,0,,,,0,0,,,,,,,N
BA,36595,JANDAÍRA,N,29,0,5066,1039,6105,82.98,17.02,Lula,29,0,100.0,0.0,0,0,0,,,,0,0,,,,,,,N
BA,36617,JEQUIÉ,N,342,0,57735,31782,89517,64.5,35.5,Lula,327,15,95.61,4.39,0,0,0,,,,0,0,,,,,,,N
BA,36633,JEREMOABO,N,101,0,18195,3652,21847,83.28,16.72,Lula,101,0,100.0,0.0,0,0,0,,,,0,0,,,,,,,N
BA,36650,JIQUIRIÇÁ,N,38,0,6483,1713,8196,79.1,20.9,Lula,38,0,100.0,0.0,0,0,0,,,,0,0,,,,,,,N
BA,36676,JITAÚNA,N,44,0,6671,2220,8891,75.03,24.97,Lula,44,0,100.0,0.0,0,0,0,,,,0,0,,,,,,,N
BA,30996,JOÃO DOURADO,N,55,0,9684,4695,14379,67.35,32.65,Lula,55,0,100.0,0.0,0,0,0,,,,0,0,,,,,,,N
BA,36692,JUAZEIRO,N,477,0,84872,41773,126645,67.02,32.98,Lula,469,8,98.32,1.68,0,0,0,,,,0,0,,,,,,,N
BA,36706,JUCURUÇU,N,31,0,4326,1773,6099,70.93,29.07,Lula,31,0,100.0,0.0,0,0,0,,,,0,0,,,,,,,N
BA,36714,JUSSARA,N,46,0,9230,1012,10242,90.12,9.88,Lula,46,0,100.0,0.0,0,0,0,,,,0,0,,,,,,,N
BA,30694,JUSSARI,N,0,21,0,0,0,,,,0,0,,,2111,1183,3294,64.09,35.91,Lula,21,0,100.0,0.0,,,,,N
BA,36730,JUSSIAPE,N,27,0,3922,1160,5082,77.17,22.83,Lula,27,0,100.0,0.0,0,0,0,,,,0,0,,,,,,,N
BA,36757,LAFAIETE COUTINHO,N,13,0,2584,586,3170,81.51,18.49,Lula,13,0,100.0,0.0,0,0,0,,,,0,0,,,,,,,N
BA,36765,LAGOA REAL,N,0,39,0,0,0,,,,0,0,,,6963,1191,8154,85.39,14.61,Lula,39,0,100.0,0.0,,,,,N
BA,36773,LAJE,N,58,0,11497,3775,15272,75.28,24.72,Lula,58,0,100.0,0.0,0,0,0,,,,0,0,,,,,,,N
BA,36811,LAJEDINHO,N,0,11,0,0,0,,,,0,0,,,2161,465,2626,82.29,17.71,Lula,11,0,100.0,0.0,,,,,N
BA,36820,LAJEDO DO TABOCAL,N,24,0,3895,873,4768,81.69,18.31,Lula,24,0,100.0,0.0,0,0,0,,,,0,0,,,,,,,N
BA,36790,LAJEDÃO,N,18,0,1934,1274,3208,60.29,39.71,Lula,17,1,94.44,5.56,0,0,0,,,,0,0,,,,,,,N
BA,36838,LAMARÃO,N,27,0,4997,629,5626,88.82,11.18,Lula,27,0,100.0,0.0,0,0,0,,,,0,0,,,,,,,N
BA,39730,LAPÃO,N,83,0,14157,3562,17719,79.9,20.1,Lula,83,0,100.0,0.0,0,0,0,,,,0,0,,,,,,,N
BA,36854,LAURO DE FREITAS,N,0,361,0,0,0,,,,0,0,,,79443,40270,119713,66.36,33.64,Lula,324,36,89.75,9.97,,,,,N
BA,36870,LENÇÓIS,N,23,0,5147,896,6043,85.17,14.83,Lula,23,0,100.0,0.0,0,0,0,,,,0,0,,,,,,,N
BA,36897,LICÍNIO DE ALMEIDA,N,0,32,0,0,0,,,,0,0,,,5534,1970,7504,73.75,26.25,Lula,32,0,100.0,0.0,,,,,N
BA,36919,LIVRAMENTO DE NOSSA SENHORA,N,114,0,21341,6037,27378,77.95,22.05,Lula,114,0,100.0,0.0,0,0,0,,,,0,0,,,,,,,N
BA,30007,LUÍS EDUARDO MAGALHÃES,N,205,0,22542,31918,54460,41.39,58.61,Bolsonaro,73,132,35.61,64.39,0,0,0,,,,0,0,,,,,,,N
BA,36935,MACAJUBA,N,0,32,0,0,0,,,,0,0,,,5268,1511,6779,77.71,22.29,Lula,32,0,100.0,0.0,,,,,N
BA,36951,MACARANI,N,0,43,0,0,0,,,,0,0,,,5647,3568,9215,61.28,38.72,Lula,39,4,90.7,9.3,,,,,N
BA,36978,MACAÚBAS,N,145,0,19744,5099,24843,79.48,20.52,Lula,145,0,100.0,0.0,0,0,0,,,,0,0,,,,,,,N
BA,36994,MACURURÉ,N,22,0,4186,666,4852,86.27,13.73,Lula,22,0,100.0,0.0,0,0,0,,,,0,0,,,,,,,N
BA,39748,MADRE DE DEUS,N,0,44,0,0,0,,,,0,0,,,10187,2504,12691,80.27,19.73,Lula,44,0,100.0,0.0,,,,,N
BA,39756,MAETINGA,N,0,21,0,0,0,,,,0,0,,,3578,938,4516,79.23,20.77,Lula,21,0,100.0,0.0,,,,,N
BA,37010,MAIQUINIQUE,N,0,23,0,0,0,,,,0,0,,,3345,2084,5429,61.61,38.39,Lula,23,0,100.0,0.0,,,,,N
BA,37036,MAIRI,N,0,49,0,0,0,,,,0,0,,,7845,2218,10063,77.96,22.04,Lula,49,0,100.0,0.0,,,,,N
BA,37052,MALHADA,N,0,45,0,0,0,,,,0,0,,,7343,2758,10101,72.7,27.3,Lula,45,0,100.0,0.0,,,,,N
BA,37079,MALHADA DE PEDRAS,N,25,0,4502,1562,6064,74.24,25.76,Lula,25,0,100.0,0.0,0,0,0,,,,0,0,,,,,,,N
BA,37095,MANOEL VITORINO,N,46,0,7951,1524,9475,83.92,16.08,Lula,46,0,100.0,0.0,0,0,0,,,,0,0,,,,,,,N
BA,39772,MANSIDÃO,N,39,0,5491,1100,6591,83.31,16.69,Lula,39,0,100.0,0.0,0,0,0,,,,0,0,,,,,,,N
BA,37117,MARACÁS,N,74,0,12388,3351,15739,78.71,21.29,Lula,73,1,98.65,1.35,0,0,0,,,,0,0,,,,,,,N
BA,37133,MARAGOGIPE,N,121,0,21520,5024,26544,81.07,18.93,Lula,121,0,100.0,0.0,0,0,0,,,,0,0,,,,,,,N
BA,37150,MARAÚ,N,51,0,8128,2270,10398,78.17,21.83,Lula,51,0,100.0,0.0,0,0,0,,,,0,0,,,,,,,N
BA,37176,MARCIONÍLIO SOUZA,N,0,29,0,0,0,,,,0,0,,,4412,1035,5447,81.0,19.0,Lula,29,0,100.0,0.0,,,,,N
BA,37192,MASCOTE,N,0,37,0,0,0,,,,0,0,,,4802,1671,6473,74.19,25.81,Lula,37,0,100.0,0.0,,,,,N
BA,37214,MATA DE SÃO JOÃO,N,117,0,23805,6890,30695,77.55,22.45,Lula,117,0,100.0,0.0,0,0,0,,,,0,0,,,,,,,N
BA,37222,MATINA,N,29,0,6611,790,7401,89.33,10.67,Lula,29,0,100.0,0.0,0,0,0,,,,0,0,,,,,,,N
BA,37230,MEDEIROS NETO,N,64,0,8293,5612,13905,59.64,40.36,Lula,50,14,78.12,21.88,0,0,0,,,,0,0,,,,,,,N
BA,37257,MIGUEL CALMON,N,76,0,10816,4300,15116,71.55,28.45,Lula,76,0,100.0,0.0,0,0,0,,,,0,0,,,,,,,N
BA,37273,MILAGRES,N,0,35,0,0,0,,,,0,0,,,5062,1663,6725,75.27,24.73,Lula,35,0,100.0,0.0,,,,,N
BA,37290,MIRANGABA,N,42,0,7248,1858,9106,79.6,20.4,Lula,42,0,100.0,0.0,0,0,0,,,,0,0,,,,,,,N
BA,37303,MIRANTE,N,0,26,0,0,0,,,,0,0,,,4783,1048,5831,82.03,17.97,Lula,26,0,100.0,0.0,,,,,N
BA,37311,MONTE SANTO,N,148,0,27549,3746,31295,88.03,11.97,Lula,148,0,100.0,0.0,0,0,0,,,,0,0,,,,,,,N
BA,37338,MORPARÁ,N,29,0,4196,1499,5695,73.68,26.32,Lula,29,0,100.0,0.0,0,0,0,,,,0,0,,,,,,,N
BA,37354,MORRO DO CHAPÉU,N,87,0,15165,4131,19296,78.59,21.41,Lula,87,0,100.0,0.0,0,0,0,,,,0,0,,,,,,,N
BA,37370,MORTUGABA,N,0,32,0,0,0,,,,0,0,,,4296,2477,6773,63.43,36.57,Lula,32,0,100.0,0.0,,,,,N
BA,37397,MUCUGÊ,N,36,0,4977,2432,7409,67.18,32.82,Lula,36,0,100.0,0.0,0,0,0,,,,0,0,,,,,,,N
BA,37419,MUCURI,N,94,0,11370,8897,20267,56.1,43.9,Lula,66,27,70.21,28.72,0,0,0,,,,0,0,,,,,,,N
BA,37427,MULUNGU DO MORRO,N,40,0,7279,925,8204,88.73,11.27,Lula,40,0,100.0,0.0,0,0,0,,,,0,0,,,,,,,N
BA,37435,MUNDO NOVO,N,0,57,0,0,0,,,,0,0,,,8691,2216,10907,79.68,20.32,Lula,57,0,100.0,0.0,,,,,N
BA,37451,MUNIZ FERREIRA,N,29,0,4950,1236,6186,80.02,19.98,Lula,29,0,100.0,0.0,0,0,0,,,,0,0,,,,,,,N
BA,37460,MUQUÉM DO SÃO FRANCISCO,N,31,0,5516,1582,7098,77.71,22.29,Lula,31,0,100.0,0.0,0,0,0,,,,0,0,,,,,,,N
BA,37478,MURITIBA,N,68,0,14163,2923,17086,82.89,17.11,Lula,68,0,100.0,0.0,0,0,0,,,,0,0,,,,,,,N
BA,37494,MUTUÍPE,N,55,0,9774,3484,13258,73.72,26.28,Lula,55,0,100.0,0.0,0,0,0,,,,0,0,,,,,,,N
BA,37516,NAZARÉ,N,74,0,13124,3818,16942,77.46,22.54,Lula,74,0,100.0,0.0,0,0,0,,,,0,0,,,,,,,N
BA,37532,NILO PEÇANHA,N,29,0,5258,1705,6963,75.51,24.49,Lula,29,0,100.0,0.0,0,0,0,,,,0,0,,,,,,,N
BA,39799,NORDESTINA,N,37,0,6280,1257,7537,83.32,16.68,Lula,37,0,100.0,0.0,0,0,0,,,,0,0,,,,,,,N
BA,37559,NOVA CANAÃ,N,0,45,0,0,0,,,,0,0,,,7188,1832,9020,79.69,20.31,Lula,45,0,100.0,0.0,,,,,N
BA,37567,NOVA FÁTIMA,N,30,0,4372,1383,5755,75.97,24.03,Lula,30,0,100.0,0.0,0,0,0,,,,0,0,,,,,,,N
BA,39969,NOVA IBIÁ,N,19,0,2487,1304,3791,65.6,34.4,Lula,19,0,100.0,0.0,0,0,0,,,,0,0,,,,,,,N
BA,37575,NOVA ITARANA,N,23,0,3700,1111,4811,76.91,23.09,Lula,23,0,100.0,0.0,0,0,0,,,,0,0,,,,,,,N
BA,37583,NOVA REDENÇÃO,N,20,0,4224,545,4769,88.57,11.43,Lula,20,0,100.0,0.0,0,0,0,,,,0,0,,,,,,,N
BA,37591,NOVA SOURE,N,70,0,13341,2029,15370,86.8,13.2,Lula,70,0,100.0,0.0,0,0,0,,,,0,0,,,,,,,N
BA,37613,NOVA VIÇOSA,N,103,0,11687,10455,22142,52.78,47.22,Lula,61,41,59.22,39.81,0,0,0,,,,0,0,,,,,,,N
BA,39942,NOVO HORIZONTE,N,38,0,5701,1506,7207,79.1,20.9,Lula,37,1,97.37,2.63,0,0,0,,,,0,0,,,,,,,N
BA,37621,NOVO TRIUNFO,N,25,0,4787,1076,5863,81.65,18.35,Lula,25,0,100.0,0.0,0,0,0,,,,0,0,,,,,,,N
BA,37630,OLINDINA,N,68,0,12180,2173,14353,84.86,15.14,Lula,68,0,100.0,0.0,0,0,0,,,,0,0,,,,,,,N
BA,37656,OLIVEIRA DOS BREJINHOS,N,70,0,10397,2252,12649,82.2,17.8,Lula,70,0,100.0,0.0,0,0,0,,,,0,0,,,,,,,N
BA,37672,OURIÇANGAS,N,26,0,4295,740,5035,85.3,14.7,Lula,26,0,100.0,0.0,0,0,0,,,,0,0,,,,,,,N
BA,37680,OUROLÂNDIA,N,44,0,6494,3911,10405,62.41,37.59,Lula,44,0,100.0,0.0,0,0,0,,,,0,0,,,,,,,N
BA,37699,PALMAS DE MONTE ALTO,N,0,68,0,0,0,,,,0,0,,,11456,2000,13456,85.14,14.86,Lula,68,0,100.0,0.0,,,,,N
BA,37710,PALMEIRAS,N,24,0,5261,839,6100,86.25,13.75,Lula,24,0,100.0,0.0,0,0,0,,,,0,0,,,,,,,N
BA,37737,PARAMIRIM,N,61,0,10430,2479,12909,80.8,19.2,Lula,61,0,100.0,0.0,0,0,0,,,,0,0,,,,,,,N
BA,37753,PARATINGA,N,76,0,15360,2794,18154,84.61,15.39,Lula,76,0,100.0,0.0,0,0,0,,,,0,0,,,,,,,N
BA,37770,PARIPIRANGA,N,71,0,14495,3279,17774,81.55,18.45,Lula,71,0,100.0,0.0,0,0,0,,,,0,0,,,,,,,N
BA,37796,PAU BRASIL,N,0,27,0,0,0,,,,0,0,,,3257,2318,5575,58.42,41.58,Lula,25,2,92.59,7.41,,,,,N
BA,37818,PAULO AFONSO,N,257,0,49734,13241,62975,78.97,21.03,Lula,257,0,100.0,0.0,0,0,0,,,,0,0,,,,,,,N
BA,37850,PEDRO ALEXANDRE,N,34,0,6252,1045,7297,85.68,14.32,Lula,34,0,100.0,0.0,0,0,0,,,,0,0,,,,,,,N
BA,37834,PEDRÃO,N,19,0,4327,542,4869,88.87,11.13,Lula,19,0,100.0,0.0,0,0,0,,,,0,0,,,,,,,N
BA,37877,PIATÃ,N,71,0,9170,2850,12020,76.29,23.71,Lula,67,4,94.37,5.63,0,0,0,,,,0,0,,,,,,,N
BA,37893,PILÃO ARCADO,N,113,0,17222,3093,20315,84.77,15.23,Lula,113,0,100.0,0.0,0,0,0,,,,0,0,,,,,,,N
BA,37915,PINDAÍ,N,0,41,0,0,0,,,,0,0,,,8136,1919,10055,80.91,19.09,Lula,41,0,100.0,0.0,,,,,N
BA,37931,PINDOBAÇU,N,54,0,8354,3455,11809,70.74,29.26,Lula,53,1,98.15,1.85,0,0,0,,,,0,0,,,,,,,N
BA,39837,PINTADAS,N,0,29,0,0,0,,,,0,0,,,4043,2209,6252,64.67,35.33,Lula,29,0,100.0,0.0,,,,,N
BA,37940,PIRAÍ DO NORTE,N,21,0,3779,1258,5037,75.02,24.98,Lula,21,0,100.0,0.0,0,0,0,,,,0,0,,,,,,,N
BA,37958,PIRIPÁ,N,0,27,0,0,0,,,,0,0,,,4807,1269,6076,79.11,20.89,Lula,27,0,100.0,0.0,,,,,N
BA,37974,PIRITIBA,N,0,46,0,0,0,,,,0,0,,,7926,2529,10455,75.81,24.19,Lula,46,0,100.0,0.0,,,,,N
BA,37990,PLANALTINO,N,25,0,4190,889,5079,82.5,17.5,Lula,25,0,100.0,0.0,0,0,0,,,,0,0,,,,,,,N
BA,38016,PLANALTO,N,0,70,0,0,0,,,,0,0,,,10576,4166,14742,71.74,28.26,Lula,70,0,100.0,0.0,,,,,N
BA,38059,POJUCA,N,84,0,16332,4717,21049,77.59,22.41,Lula,84,0,100.0,0.0,0,0,0,,,,0,0,,,,,,,N
BA,38067,PONTO NOVO,N,42,0,7915,2105,10020,78.99,21.01,Lula,42,0,100.0,0.0,0,0,0,,,,0,0,,,,,,,N
BA,38075,PORTO SEGURO,N,287,0,44418,33883,78301,56.73,43.27,Lula,198,88,68.99,30.66,0,0,0,,,,0,0,,,,,,,N
BA,38091,POTIRAGUÁ,N,0,30,0,0,0,,,,0,0,,,3648,2053,5701,63.99,36.01,Lula,30,0,100.0,0.0,,,,,N
BA,38032,POÇÕES,N,0,119,0,0,0,,,,0,0,,,20662,6553,27215,75.92,24.08,Lula,119,0,100.0,0.0,,,,,N
BA,38113,PRADO,N,74,0,9568,7407,16975,56.37,43.63,Lula,58,16,78.38,21.62,0,0,0,,,,0,0,,,,,,,N
BA,38130,PRESIDENTE DUTRA,N,43,0,8398,1102,9500,88.4,11.6,Lula,43,0,100.0,0.0,0,0,0,,,,0,0,,,,,,,N
BA,38156,PRESIDENTE JÂNIO QUADROS,N,0,34,0,0,0,,,,0,0,,,6308,1238,7546,83.59,16.41,Lula,34,0,100.0,0.0,,,,,N
BA,38164,PRESIDENTE TANCREDO NEVES,N,64,0,11443,4667,16110,71.03,28.97,Lula,64,0,100.0,0.0,0,0,0,,,,0,0,,,,,,,N
BA,39810,PÉ DE SERRA,N,40,0,6191,2886,9077,68.21,31.79,Lula,39,1,97.5,2.5,0,0,0,,,,0,0,,,,,,,N
BA,38172,QUEIMADAS,N,65,0,11279,3777,15056,74.91,25.09,Lula,65,0,100.0,0.0,0,0,0,,,,0,0,,,,,,,N
BA,38199,QUIJINGUE,N,72,0,13277,2725,16002,82.97,17.03,Lula,72,0,100.0,0.0,0,0,0,,,,0,0,,,,,,,N
BA,39845,QUIXABEIRA,N,30,0,4014,2473,6487,61.88,38.12,Lula,27,2,90.0,6.67,0,0,0,,,,0,0,,,,,,,N
BA,39853,RAFAEL JAMBEIRO,N,62,0,10148,3045,13193,76.92,23.08,Lula,61,1,98.39,1.61,0,0,0,,,,0,0,,,,,,,N
BA,38210,REMANSO,N,107,0,19893,4154,24047,82.73,17.27,Lula,107,0,100.0,0.0,0,0,0,,,,0,0,,,,,,,N
BA,38237,RETIROLÂNDIA,N,48,0,7614,1936,9550,79.73,20.27,Lula,48,0,100.0,0.0,0,0,0,,,,0,0,,,,,,,N
BA,38296,RIACHO DE SANTANA,N,78,0,15570,2542,18112,85.97,14.03,Lula,78,0,100.0,0.0,0,0,0,,,,0,0,,,,,,,N
BA,38253,RIACHÃO DAS NEVES,N,77,0,11201,3134,14335,78.14,21.86,Lula,77,0,100.0,0.0,0,0,0,,,,0,0,,,,,,,N
BA,38270,RIACHÃO DO JACUÍPE,N,91,0,18117,3816,21933,82.6,17.4,Lula,91,0,100.0,0.0,0,0,0,,,,0,0,,,,,,,N
BA,38318,RIBEIRA DO AMPARO,N,43,0,7211,1410,8621,83.64,16.36,Lula,43,0,100.0,0.0,0,0,0,,,,0,0,,,,,,,N
BA,38334,RIBEIRA DO POMBAL,N,134,0,24787,7577,32364,76.59,23.41,Lula,134,0,100.0,0.0,0,0,0,,,,0,0,,,,,,,N
BA,38342,RIBEIRÃO DO LARGO,N,0,27,0,0,0,,,,0,0,,,4482,1408,5890,76.1,23.9,Lula,27,0,100.0,0.0,,,,,N
BA,38350,RIO DE CONTAS,N,45,0,7033,2205,9238,76.13,23.87,Lula,45,0,100.0,0.0,0,0,0,,,,0,0,,,,,,,N
BA,38377,RIO DO ANTÔNIO,N,0,39,0,0,0,,,,0,0,,,6715,1494,8209,81.8,18.2,Lula,39,0,100.0,0.0,,,,,N
BA,38393,RIO DO PIRES,N,34,0,5035,1242,6277,80.21,19.79,Lula,34,0,100.0,0.0,0,0,0,,,,0,0,,,,,,,N
BA,38415,RIO REAL,N,91,0,15399,5782,21181,72.7,27.3,Lula,91,0,100.0,0.0,0,0,0,,,,0,0,,,,,,,N
BA,38431,RODELAS,N,21,0,4774,994,5768,82.77,17.23,Lula,21,0,100.0,0.0,0,0,0,,,,0,0,,,,,,,N
BA,38458,RUY BARBOSA,N,0,80,0,0,0,,,,0,0,,,13216,3992,17208,76.8,23.2,Lula,80,0,100.0,0.0,,,,,N
BA,38474,SALINAS DA MARGARIDA,N,40,0,8848,1734,10582,83.61,16.39,Lula,40,0,100.0,0.0,0,0,0,,,,0,0,,,,,,,N
BA,38490,SALVADOR,N,0,5023,0,0,0,,,,0,0,,,1089899,451131,1541030,70.73,29.27,Lula,4911,110,97.77,2.19,,,,,N
BA,38539,SANTA BRÍGIDA,N,42,0,7389,1191,8580,86.12,13.88,Lula,42,0,100.0,0.0,0,0,0,,,,0,0,,,,,,,N
BA,38512,SANTA BÁRBARA,N,59,0,12197,2995,15192,80.29,19.71,Lula,59,0,100.0,0.0,0,0,0,,,,0,0,,,,,,,N
BA,38555,SANTA CRUZ CABRÁLIA,N,63,0,9778,5914,15692,62.31,37.69,Lula,60,3,95.24,4.76,0,0,0,,,,0,0,,,,,,,N
BA,38571,SANTA CRUZ DA VITÓRIA,N,0,16,0,0,0,,,,0,0,,,1896,1227,3123,60.71,39.29,Lula,16,0,100.0,0.0,,,,,N
BA,38598,SANTA INÊS,N,30,0,4930,896,5826,84.62,15.38,Lula,30,0,100.0,0.0,0,0,0,,,,0,0,,,,,,,N
BA,39870,SANTA LUZIA,N,0,28,0,0,0,,,,0,0,,,4059,1846,5905,68.74,31.26,Lula,28,0,100.0,0.0,,,,,N
BA,38636,SANTA MARIA DA VITÓRIA,N,112,0,16849,6184,23033,73.15,26.85,Lula,112,0,100.0,0.0,0,0,0,,,,0,0,,,,,,,N
BA,35491,SANTA RITA DE CÁSSIA,N,84,0,13046,3417,16463,79.24,20.76,Lula,84,0,100.0,0.0,0,0,0,,,,0,0,,,,,,,N
BA,38695,SANTA TEREZINHA,N,33,0,5282,1212,6494,81.34,18.66,Lula,33,0,100.0,0.0,0,0,0,,,,0,0,,,,,,,N
BA,38610,SANTALUZ,N,98,0,18066,5765,23831,75.81,24.19,Lula,98,0,100.0,0.0,0,0,0,,,,0,0,,,,,,,N
BA,38652,SANTANA,N,68,0,11797,4121,15918,74.11,25.89,Lula,68,0,100.0,0.0,0,0,0,,,,0,0,,,,,,,N
BA,38679,SANTANÓPOLIS,N,32,0,5623,1108,6731,83.54,16.46,Lula,32,0,100.0,0.0,0,0,0,,,,0,0,,,,,,,N
BA,38717,SANTO AMARO,N,0,151,0,0,0,,,,0,0,,,31026,5608,36634,84.69,15.31,Lula,151,0,100.0,0.0,,,,,N
BA,38733,SANTO ANTÔNIO DE JESUS,N,219,0,40001,18754,58755,68.08,31.92,Lula,212,6,96.8,2.74,0,0,0,,,,0,0,,,,,,,N
BA,38750,SANTO ESTEVÃO,N,117,0,24801,4791,29592,83.81,16.19,Lula,117,0,100.0,0.0,0,0,0,,,,0,0,,,,,,,N
BA,38911,SAPEAÇU,N,48,0,9229,2881,12110,76.21,23.79,Lula,48,0,100.0,0.0,0,0,0,,,,0,0,,,,,,,N
BA,38946,SAUBARA,N,0,37,0,0,0,,,,0,0,,,7385,1912,9297,79.43,20.57,Lula,37,0,100.0,0.0,,,,,N
BA,38954,SAÚDE,N,34,0,5024,1473,6497,77.33,22.67,Lula,34,0,100.0,0.0,0,0,0,,,,0,0,,,,,,,N
BA,38970,SEABRA,N,115,0,23260,4036,27296,85.21,14.79,Lula,115,0,100.0,0.0,0,0,0,,,,0,0,,,,,,,N
BA,38997,SEBASTIÃO LARANJEIRAS,N,0,23,0,0,0,,,,0,0,,,4161,1268,5429,76.64,23.36,Lula,23,0,100.0,0.0,,,,,N
BA,39012,SENHOR DO BONFIM,N,168,0,26210,13652,39862,65.75,34.25,Lula,165,3,98.21,1.79,0,0,0,,,,0,0,,,,,,,N
BA,39039,SENTO SÉ,N,104,0,16304,5448,21752,74.95,25.05,Lula,103,1,99.04,0.96,0,0,0,,,,0,0,,,,,,,N
BA,39047,SERRA DO RAMALHO,N,90,0,14393,4303,18696,76.98,23.02,Lula,90,0,100.0,0.0,0,0,0,,,,0,0,,,,,,,N
BA,39055,SERRA DOURADA,N,52,0,7131,3819,10950,65.12,34.88,Lula,52,0,100.0,0.0,0,0,0,,,,0,0,,,,,,,N
BA,39071,SERRA PRETA,N,60,0,10674,2011,12685,84.15,15.85,Lula,60,0,100.0,0.0,0,0,0,,,,0,0,,,,,,,N
BA,39098,SERRINHA,N,206,0,36616,11608,48224,75.93,24.07,Lula,206,0,100.0,0.0,0,0,0,,,,0,0,,,,,,,N
BA,39110,SERROLÂNDIA,N,36,0,5606,2123,7729,72.53,27.47,Lula,36,0,100.0,0.0,0,0,0,,,,0,0,,,,,,,N
BA,39136,SIMÕES FILHO,N,0,245,0,0,0,,,,0,0,,,48657,18806,67463,72.12,27.88,Lula,245,0,100.0,0.0,,,,,N
BA,39985,SOBRADINHO,N,60,0,11660,3519,15179,76.82,23.18,Lula,60,0,100.0,0.0,0,0,0,,,,0,0,,,,,,,N
BA,39152,SOUTO SOARES,N,46,0,9887,1067,10954,90.26,9.74,Lula,46,0,100.0,0.0,0,0,0,,,,0,0,,,,,,,N
BA,38938,SÁTIRO DIAS,N,46,0,7772,2004,9776,79.5,20.5,Lula,46,0,100.0,0.0,0,0,0,,,,0,0,,,,,,,N
BA,38776,SÃO DESIDÉRIO,N,86,0,13807,5990,19797,69.74,30.26,Lula,78,8,90.7,9.3,0,0,0,,,,0,0,,,,,,,N
BA,38806,SÃO DOMINGOS,N,26,0,4547,1627,6174,73.65,26.35,Lula,26,0,100.0,0.0,0,0,0,,,,0,0,,,,,,,N
BA,38814,SÃO FELIPE,N,61,0,10241,3088,13329,76.83,23.17,Lula,61,0,100.0,0.0,0,0,0,,,,0,0,,,,,,,N
BA,38830,SÃO FRANCISCO DO CONDE,N,0,101,0,0,0,,,,0,0,,,21574,3990,25564,84.39,15.61,Lula,101,0,100.0,0.0,,,,,N
BA,38792,SÃO FÉLIX,N,38,0,6649,1315,7964,83.49,16.51,Lula,38,0,100.0,0.0,0,0,0,,,,0,0,,,,,,,N
BA,38822,SÃO FÉLIX DO CORIBE,N,38,0,6217,3439,9656,64.38,35.62,Lula,37,1,97.37,2.63,0,0,0,,,,0,0,,,,,,,N
BA,39896,SÃO GABRIEL,N,62,0,11051,1582,12633,87.48,12.52,Lula,62,0,100.0,0.0,0,0,0,,,,0,0,,,,,,,N
BA,38857,SÃO GONÇALO DOS CAMPOS,N,87,0,19011,4301,23312,81.55,18.45,Lula,87,0,100.0,0.0,0,0,0,,,,0,0,,,,,,,N
BA,39926,SÃO JOSÉ DA VITÓRIA,N,0,18,0,0,0,,,,0,0,,,2135,1341,3476,61.42,38.58,Lula,17,1,94.44,5.56,,,,,N
BA,38865,SÃO JOSÉ DO JACUÍPE,N,26,0,4910,1366,6276,78.23,21.77,Lula,26,0,100.0,0.0,0,0,0,,,,0,0,,,,,,,N
BA,38873,SÃO MIGUEL DAS MATAS,N,38,0,5681,1674,7355,77.24,22.76,Lula,38,0,100.0,0.0,0,0,0,,,,0,0,,,,,,,N
BA,38890,SÃO SEBASTIÃO DO PASSÉ,N,0,101,0,0,0,,,,0,0,,,23045,3584,26629,86.54,13.46,Lula,101,0,100.0,0.0,,,,,N
BA,39144,SÍTIO DO MATO,N,33,0,6103,1894,7997,76.32,23.68,Lula,33,0,100.0,0.0,0,0,0,,,,0,0,,,,,,,N
BA,39900,SÍTIO DO QUINTO,N,32,0,6172,1227,7399,83.42,16.58,Lula,32,0,100.0,0.0,0,0,0,,,,0,0,,,,,,,N
BA,39179,TABOCAS DO BREJO VELHO,N,36,0,6348,1463,7811,81.27,18.73,Lula,36,0,100.0,0.0,0,0,0,,,,0,0,,,,,,,N
BA,39195,TANHAÇU,N,54,0,10852,3207,14059,77.19,22.81,Lula,54,0,100.0,0.0,0,0,0,,,,0,0,,,,,,,N
BA,39918,TANQUE NOVO,N,43,0,9471,1775,11246,84.22,15.78,Lula,43,0,100.0,0.0,0,0,0,,,,0,0,,,,,,,N
BA,39217,TANQUINHO,N,28,0,4627,1224,5851,79.08,20.92,Lula,28,0,100.0,0.0,0,0,0,,,,0,0,,,,,,,N
BA,39233,TAPEROÁ,N,45,0,7916,2351,10267,77.1,22.9,Lula,45,0,100.0,0.0,0,0,0,,,,0,0,,,,,,,N
BA,39250,TAPIRAMUTÁ,N,0,37,0,0,0,,,,0,0,,,6262,1368,7630,82.07,17.93,Lula,37,0,100.0,0.0,,,,,N
BA,39934,TEIXEIRA DE FREITAS,N,312,0,39937,39360,79297,50.36,49.64,Lula,135,172,43.27,55.13,0,0,0,,,,0,0,,,,,,,N
BA,39276,TEODORO SAMPAIO,N,23,0,4631,545,5176,89.47,10.53,Lula,23,0,100.0,0.0,0,0,0,,,,0,0,,,,,,,N
BA,39292,TEOFILÂNDIA,N,61,0,11205,1793,12998,86.21,13.79,Lula,61,0,100.0,0.0,0,0,0,,,,0,0,,,,,,,N
BA,39314,TEOLÂNDIA,N,35,0,6613,1880,8493,77.86,22.14,Lula,35,0,100.0,0.0,0,0,0,,,,0,0,,,,,,,N
BA,39330,TERRA NOVA,N,0,34,0,0,0,,,,0,0,,,6398,1285,7683,83.27,16.73,Lula,34,0,100.0,0.0,,,,,N
BA,39357,TREMEDAL,N,0,57,0,0,0,,,,0,0,,,8427,2299,10726,78.57,21.43,Lula,57,0,100.0,0.0,,,,,N
BA,39373,TUCANO,N,132,0,24048,5879,29927,80.36,19.64,Lula,132,0,100.0,0.0,0,0,0,,,,0,0,,,,,,,N
BA,39390,UAUÁ,N,74,0,14178,2264,16442,86.23,13.77,Lula,74,0,100.0,0.0,0,0,0,,,,0,0,,,,,,,N
BA,39438,UBAITABA,N,0,44,0,0,0,,,,0,0,,,6394,3600,9994,63.98,36.02,Lula,44,0,100.0,0.0,,,,,N
BA,39454,UBATÃ,N,41,0,5766,2975,8741,65.96,34.04,Lula,40,1,97.56,2.44,0,0,0,,,,0,0,,,,,,,N
BA,39411,UBAÍRA,N,52,0,8486,3286,11772,72.09,27.91,Lula,52,0,100.0,0.0,0,0,0,,,,0,0,,,,,,,N
BA,39470,UIBAÍ,N,43,0,7661,1891,9552,80.2,19.8,Lula,43,0,100.0,0.0,0,0,0,,,,0,0,,,,,,,N
BA,39489,UMBURANAS,N,35,0,5911,2347,8258,71.58,28.42,Lula,35,0,100.0,0.0,0,0,0,,,,0,0,,,,,,,N
BA,39497,UNA,N,0,60,0,0,0,,,,0,0,,,6563,4355,10918,60.11,39.89,Lula,57,2,95.0,3.33,,,,,N
BA,39519,URANDI,N,0,40,0,0,0,,,,0,0,,,8002,1921,9923,80.64,19.36,Lula,40,0,100.0,0.0,,,,,N
BA,39535,URUÇUCA,N,0,61,0,0,0,,,,0,0,,,7932,4913,12845,61.75,38.25,Lula,61,0,100.0,0.0,,,,,N
BA,39551,UTINGA,N,0,41,0,0,0,,,,0,0,,,7338,1966,9304,78.87,21.13,Lula,41,0,100.0,0.0,,,,,N
BA,39594,VALENTE,N,68,0,10140,5088,15228,66.59,33.41,Lula,68,0,100.0,0.0,0,0,0,,,,0,0,,,,,,,N
BA,39578,VALENÇA,N,186,0,32599,15291,47890,68.07,31.93,Lula,182,4,97.85,2.15,0,0,0,,,,0,0,,,,,,,N
BA,39624,VARZEDO,N,28,0,5264,1629,6893,76.37,23.63,Lula,28,0,100.0,0.0,0,0,0,,,,0,0,,,,,,,N
BA,39632,VERA CRUZ,N,102,0,19842,5672,25514,77.77,22.23,Lula,102,0,100.0,0.0,0,0,0,,,,0,0,,,,,,,N
BA,39640,VEREDA,N,26,0,3312,1486,4798,69.03,30.97,Lula,26,0,100.0,0.0,0,0,0,,,,0,0,,,,,,,N
BA,39659,VITÓRIA DA CONQUISTA,N,0,734,0,0,0,,,,0,0,,,117516,84019,201535,58.31,41.69,Lula,563,169,76.7,23.02,,,,,N
BA,39977,VÁRZEA DA ROÇA,N,0,38,0,0,0,,,,0,0,,,6060,1743,7803,77.66,22.34,Lula,38,0,100.0,0.0,,,,,N
BA,39616,VÁRZEA DO POÇO,N,25,0,3800,1301,5101,74.5,25.5,Lula,25,0,100.0,0.0,0,0,0,,,,0,0,,,,,,,N
BA,39950,VÁRZEA NOVA,N,34,0,5735,1885,7620,75.26,24.74,Lula,34,0,100.0,0.0,0,0,0,,,,0,0,,,,,,,N
BA,39675,WAGNER,N,0,22,0,0,0,,,,0,0,,,3993,1068,5061,78.9,21.1,Lula,22,0,100.0,0.0,,,,,N
BA,39993,WANDERLEY,N,35,0,5856,2408,8264,70.86,29.14,Lula,35,0,100.0,0.0,0,0,0,,,,0,0,,,,,,,N
BA,39691,WENCESLAU GUIMARÃES,N,51,0,8354,3350,11704,71.38,28.62,Lula,51,0,100.0,0.0,0,0,0,,,,0,0,,,,,,,N
BA,39713,XIQUE-XIQUE,N,130,0,20301,5629,25930,78.29,21.71,Lula,130,0,100.0,0.0,0,0,0,,,,0,0,,,,,,,N
BA,33073,ÁGUA FRIA,N,46,0,7361,1610,8971,82.05,17.95,Lula,46,0,100.0,0.0,0,0,0,,,,0,0,,,,,,,N
BA,33090,ÉRICO CARDOSO,N,33,0,4915,1175,6090,80.71,19.29,Lula,33,0,100.0,0.0,0,0,0,,,,0,0,,,,,,,N
CE,13013,ABAIARA,N,28,0,5025,725,5750,87.39,12.61,Lula,28,0,100.0,0.0,0,0,0,,,,0,0,,,,,,,N
CE,13145,ACARAPE,N,40,0,6262,3526,9788,63.98,36.02,Lula,39,1,97.5,2.5,0,0,0,,,,0,0,,,,,,,N
CE,13030,ACARAÚ,N,161,0,26113,9596,35709,73.13,26.87,Lula,161,0,100.0,0.0,0,0,0,,,,0,0,,,,,,,N
CE,13056,ACOPIARA,N,143,0,25144,5000,30144,83.41,16.59,Lula,143,0,100.0,0.0,0,0,0,,,,0,0,,,,,,,N
CE,13072,AIUABA,N,45,0,7398,961,8359,88.5,11.5,Lula,45,0,100.0,0.0,0,0,0,,,,0,0,,,,,,,N
CE,13099,ALCÂNTARAS,N,33,0,6372,1010,7382,86.32,13.68,Lula,33,0,100.0,0.0,0,0,0,,,,0,0,,,,,,,N
CE,13110,ALTANEIRA,N,25,0,4532,458,4990,90.82,9.18,Lula,25,0,100.0,0.0,0,0,0,,,,0,0,,,,,,,N
CE,13137,ALTO SANTO,N,51,0,7988,1776,9764,81.81,18.19,Lula,51,0,100.0,0.0,0,0,0,,,,0,0,,,,,,,N
CE,15873,AMONTADA,N,119,0,20068,5691,25759,77.91,22.09,Lula,118,1,99.16,0.84,0,0,0,,,,0,0,,,,,,,N
CE,13153,ANTONINA DO NORTE,N,29,0,4418,653,5071,87.12,12.88,Lula,29,0,100.0,0.0,0,0,0,,,,0,0,,,,,,,N
CE,13170,APUIARÉS,N,47,0,7829,2033,9862,79.39,20.61,Lula,47,0,100.0,0.0,0,0,0,,,,0,0,,,,,,,N
CE,13196,AQUIRAZ,N,0,205,0,0,0,,,,0,0,,,33374,17580,50954,65.5,34.5,Lula,199,5,97.07,2.44,,,,,N
CE,13218,ARACATI,N,0,207,0,0,0,,,,0,0,,,31631,13449,45080,70.17,29.83,Lula,206,1,99.52,0.48,,,,,N
CE,13234,ARACOIABA,N,92,0,14920,4757,19677,75.82,24.18,Lula,92,0,100.0,0.0,0,0,0,,,,0,0,,,,,,,N
CE,13420,ARARENDÁ,N,37,0,5643,1618,7261,77.72,22.28,Lula,37,0,100.0,0.0,0,0,0,,,,0,0,,,,,,,N
CE,13250,ARARIPE,N,70,0,11860,1104,12964,91.48,8.52,Lula,70,0,100.0,0.0,0,0,0,,,,0,0,,,,,,,N
CE,13277,ARATUBA,N,38,0,7316,1926,9242,79.16,20.84,Lula,38,0,100.0,0.0,0,0,0,,,,0,0,,,,,,,N
CE,13293,ARNEIROZ,N,25,0,4181,888,5069,82.48,17.52,Lula,25,0,100.0,0.0,0,0,0,,,,0,0,,,,,,,N
CE,13315,ASSARÉ,N,75,0,12482,1859,14341,87.04,12.96,Lula,75,0,100.0,0.0,0,0,0,,,,0,0,,,,,,,N
CE,13331,AURORA,N,77,0,12787,2359,15146,84.42,15.58,Lula,77,0,100.0,0.0,0,0,0,,,,0,0,,,,,,,N
CE,13358,BAIXIO,N,23,0,3673,543,4216,87.12,12.88,Lula,23,0,100.0,0.0,0,0,0,,,,0,0,,,,,,,N
CE,13382,BANABUIÚ,N,54,0,9632,1941,11573,83.23,16.77,Lula,54,0,100.0,0.0,0,0,0,,,,0,0,,,,,,,N
CE,13374,BARBALHA,N,151,0,29954,9367,39321,76.18,23.82,Lula,151,0,100.0,0.0,0,0,0,,,,0,0,,,,,,,N
CE,13129,BARREIRA,N,60,0,9033,5704,14737,61.29,38.71,Lula,53,7,88.33,11.67,0,0,0,,,,0,0,,,,,,,N
CE,13390,BARRO,N,60,0,10932,1529,12461,87.73,12.27,Lula,60,0,100.0,0.0,0,0,0,,,,0,0,,,,,,,N
CE,13404,BARROQUINHA,N,47,0,8701,1918,10619,81.94,18.06,Lula,47,0,100.0,0.0,0,0,0,,,,0,0,,,,,,,N
CE,13412,BATURITÉ,N,95,0,16634,5078,21712,76.61,23.39,Lula,95,0,100.0,0.0,0,0,0,,,,0,0,,,,,,,N
CE,13439,BEBERIBE,N,0,161,0,0,0,,,,0,0,,,25104,10115,35219,71.28,28.72,Lula,161,0,100.0,0.0,,,,,N
CE,13455,BELA CRUZ,N,81,0,11243,4665,15908,70.68,29.32,Lula,79,2,97.53,2.47,0,0,0,,,,0,0,,,,,,,N
CE,13471,BOA VIAGEM,N,163,0,26911,4117,31028,86.73,13.27,Lula,163,0,100.0,0.0,0,0,0,,,,0,0,,,,,,,N
CE,13498,BREJO SANTO,N,127,0,23507,5202,28709,81.88,18.12,Lula,127,0,100.0,0.0,0,0,0,,,,0,0,,,,,,,N
CE,13510,CAMOCIM,N,168,0,27280,10303,37583,72.59,27.41,Lula,168,0,100.0,0.0,0,0,0,,,,0,0,,,,,,,N
CE,13536,CAMPOS SALES,N,83,0,13178,2106,15284,86.22,13.78,Lula,83,0,100.0,0.0,0,0,0,,,,0,0,,,,,,,N
CE,13552,CANINDÉ,N,0,214,0,0,0,,,,0,0,,,35985,9206,45191,79.63,20.37,Lula,214,0,100.0,0.0,,,,,N
CE,13579,CAPISTRANO,N,55,0,10246,2430,12676,80.83,19.17,Lula,55,0,100.0,0.0,0,0,0,,,,0,0,,,,,,,N
CE,13595,CARIDADE,N,0,63,0,0,0,,,,0,0,,,10675,2420,13095,81.52,18.48,Lula,63,0,100.0,0.0,,,,,N
CE,13633,CARIRIAÇU,N,95,0,15446,3279,18725,82.49,17.51,Lula,95,0,100.0,0.0,0,0,0,,,,0,0,,,,,,,N
CE,13617,CARIRÉ,N,57,0,8790,2781,11571,75.97,24.03,Lula,57,0,100.0,0.0,0,0,0,,,,0,0,,,,,,,N
CE,13650,CARIÚS,N,59,0,9922,1885,11807,84.03,15.97,Lula,59,0,100.0,0.0,0,0,0,,,,0,0,,,,,,,N
CE,13676,CARNAUBAL,N,49,0,7441,2939,10380,71.69,28.31,Lula,48,1,97.96,2.04,0,0,0,,,,0,0,,,,,,,N
CE,13692,CASCAVEL,N,0,209,0,0,0,,,,0,0,,,31901,14643,46544,68.54,31.46,Lula,206,3,98.56,1.44,,,,,N
CE,13714,CATARINA,N,35,0,5370,1123,6493,82.7,17.3,Lula,35,0,100.0,0.0,0,0,0,,,,0,0,,,,,,,N
CE,13447,CATUNDA,N,30,0,5848,878,6726,86.95,13.05,Lula,30,0,100.0,0.0,0,0,0,,,,0,0,,,,,,,N
CE,13730,CAUCAIA,N,0,734,0,0,0,,,,0,0,,,121053,74827,195880,61.8,38.2,Lula,724,9,98.64,1.23,,,,,N
CE,13757,CEDRO,N,77,0,12938,2504,15442,83.78,16.22,Lula,77,0,100.0,0.0,0,0,0,,,,0,0,,,,,,,N
CE,13773,CHAVAL,N,40,0,6787,1383,8170,83.07,16.93,Lula,40,0,100.0,0.0,0,0,0,,,,0,0,,,,,,,N
CE,13161,CHOROZINHO,N,0,59,0,0,0,,,,0,0,,,10340,3743,14083,73.42,26.58,Lula,59,0,100.0,0.0,,,,,N
CE,13463,CHORÓ,N,42,0,7107,1492,8599,82.65,17.35,Lula,42,0,100.0,0.0,0,0,0,,,,0,0,,,,,,,N
CE,13811,COREAÚ,N,76,0,11673,3106,14779,78.98,21.02,Lula,76,0,100.0,0.0,0,0,0,,,,0,0,,,,,,,N
CE,13838,CRATEÚS,N,201,0,34484,10119,44603,77.31,22.69,Lula,201,0,100.0,0.0,0,0,0,,,,0,0,,,,,,,N
CE,13854,CRATO,N,309,0,66182,12363,78545,84.26,15.74,Lula,309,0,100.0,0.0,0,0,0,,,,0,0,,,,,,,N
CE,15881,CROATÁ,N,56,0,8978,1931,10909,82.3,17.7,Lula,56,0,100.0,0.0,0,0,0,,,,0,0,,,,,,,N
CE,15890,CRUZ,N,80,0,11076,6285,17361,63.8,36.2,Lula,76,4,95.0,5.0,0,0,0,,,,0,0,,,,,,,N
CE,15989,DEPUTADO IRAPUAN PINHEIRO,N,28,0,5105,675,5780,88.32,11.68,Lula,28,0,100.0,0.0,0,0,0,,,,0,0,,,,,,,N
CE,13200,ERERÉ,N,21,0,3630,603,4233,85.75,14.25,Lula,21,0,100.0,0.0,0,0,0,,,,0,0,,,,,,,N
CE,13226,EUSÉBIO,N,0,156,0,0,0,,,,0,0,,,22957,18458,41415,55.43,44.57,Lula,122,31,78.21,19.87,,,,,N
CE,13870,FARIAS BRITO,N,60,0,11723,1616,13339,87.89,12.11,Lula,60,0,100.0,0.0,0,0,0,,,,0,0,,,,,,,N
CE,15911,FORQUILHA,N,62,0,10387,4633,15020,69.15,30.85,Lula,62,0,100.0,0.0,0,0,0,,,,0,0,,,,,,,N
CE,13897,FORTALEZA,N,0,5235,0,0,0,,,,0,0,,,880559,633009,1513568,58.18,41.82,Lula,4842,379,92.49,7.24,,,,,N
CE,13501,FORTIM,N,0,48,0,0,0,,,,0,0,,,8237,3694,11931,69.04,30.96,Lula,48,0,100.0,0.0,,,,,N
CE,13919,FRECHEIRINHA,N,45,0,7822,2505,10327,75.74,24.26,Lula,45,0,100.0,0.0,0,0,0,,,,0,0,,,,,,,N
CE,13935,GENERAL SAMPAIO,N,30,0,4708,1037,5745,81.95,18.05,Lula,30,0,100.0,0.0,0,0,0,,,,0,0,,,,,,,N
CE,13951,GRANJA,N,156,0,28855,4545,33400,86.39,13.61,Lula,156,0,100.0,0.0,0,0,0,,,,0,0,,,,,,,N
CE,13978,GRANJEIRO,N,20,0,3790,499,4289,88.37,11.63,Lula,20,0,100.0,0.0,0,0,0,,,,0,0,,,,,,,N
CE,13064,GRAÇA,N,47,0,8252,1070,9322,88.52,11.48,Lula,47,0,100.0,0.0,0,0,0,,,,0,0,,,,,,,N
CE,13994,GROAÍRAS,N,33,0,4950,2189,7139,69.34,30.66,Lula,33,0,100.0,0.0,0,0,0,,,,0,0,,,,,,,N
CE,13242,GUAIÚBA,N,0,68,0,0,0,,,,0,0,,,12275,3967,16242,75.58,24.42,Lula,68,0,100.0,0.0,,,,,N
CE,14010,GUARACIABA DO NORTE,N,120,0,19222,5956,25178,76.34,23.66,Lula,120,0,100.0,0.0,0,0,0,,,,0,0,,,,,,,N
CE,14036,GUARAMIRANGA,N,22,0,3714,1004,4718,78.72,21.28,Lula,21,0,95.45,0.0,0,0,0,,,,0,0,,,,,,,N
CE,14052,HIDROLÂNDIA,N,59,0,9353,2500,11853,78.91,21.09,Lula,59,0,100.0,0.0,0,0,0,,,,0,0,,,,,,,N
CE,13188,HORIZONTE,N,0,176,0,0,0,,,,0,0,,,30336,16774,47110,64.39,35.61,Lula,176,0,100.0,0.0,,,,,N
CE,14060,IBARETAMA,N,44,0,7718,1851,9569,80.66,19.34,Lula,44,0,100.0,0.0,0,0,0,,,,0,0,,,,,,,N
CE,14079,IBIAPINA,N,83,0,10830,3666,14496,74.71,25.29,Lula,83,0,100.0,0.0,0,0,0,,,,0,0,,,,,,,N
CE,15920,IBICUITINGA,N,46,0,7301,2271,9572,76.27,23.73,Lula,46,0,100.0,0.0,0,0,0,,,,0,0,,,,,,,N
CE,15938,ICAPUÍ,N,0,55,0,0,0,,,,0,0,,,9536,4190,13726,69.47,30.53,Lula,54,1,98.18,1.82,,,,,N
CE,14095,ICÓ,N,182,0,29903,7263,37166,80.46,19.54,Lula,182,0,100.0,0.0,0,0,0,,,,0,0,,,,,,,N
CE,14117,IGUATU,N,258,0,46013,10351,56364,81.64,18.36,Lula,258,0,100.0,0.0,0,0,0,,,,0,0,,,,,,,N
CE,14133,INDEPENDÊNCIA,N,98,0,11897,3938,15835,75.13,24.87,Lula,98,0,100.0,0.0,0,0,0,,,,0,0,,,,,,,N
CE,13340,IPAPORANGA,N,39,0,6194,1457,7651,80.96,19.04,Lula,39,0,100.0,0.0,0,0,0,,,,0,0,,,,,,,N
CE,14150,IPAUMIRIM,N,35,0,6113,1150,7263,84.17,15.83,Lula,35,0,100.0,0.0,0,0,0,,,,0,0,,,,,,,N
CE,14176,IPU,N,116,0,20404,4923,25327,80.56,19.44,Lula,116,0,100.0,0.0,0,0,0,,,,0,0,,,,,,,N
CE,14192,IPUEIRAS,N,137,0,17858,4876,22734,78.55,21.45,Lula,137,0,100.0,0.0,0,0,0,,,,0,0,,,,,,,N
CE,14214,IRACEMA,N,40,0,7408,1542,8950,82.77,17.23,Lula,40,0,100.0,0.0,0,0,0,,,,0,0,,,,,,,N
CE,14230,IRAUÇUBA,N,68,0,12352,2738,15090,81.86,18.14,Lula,68,0,100.0,0.0,0,0,0,,,,0,0,,,,,,,N
CE,13480,ITAITINGA,N,0,114,0,0,0,,,,0,0,,,16483,8733,25216,65.37,34.63,Lula,109,5,95.61,4.39,,,,,N
CE,14257,ITAIÇABA,N,25,0,4029,1619,5648,71.33,28.67,Lula,25,0,100.0,0.0,0,0,0,,,,0,0,,,,,,,N
CE,14273,ITAPAJÉ,N,134,0,20562,10782,31344,65.6,34.4,Lula,121,13,90.3,9.7,0,0,0,,,,0,0,,,,,,,N
CE,14290,ITAPIPOCA,N,336,0,59133,17238,76371,77.43,22.57,Lula,335,1,99.7,0.3,0,0,0,,,,0,0,,,,,,,N
CE,14311,ITAPIÚNA,N,57,0,9375,2888,12263,76.45,23.55,Lula,57,0,100.0,0.0,0,0,0,,,,0,0,,,,,,,N
CE,15954,ITAREMA,N,105,0,16026,8404,24430,65.6,34.4,Lula,101,4,96.19,3.81,0,0,0,,,,0,0,,,,,,,N
CE,14338,ITATIRA,N,0,67,0,0,0,,,,0,0,,,11401,2273,13674,83.38,16.62,Lula,67,0,100.0,0.0,,,,,N
CE,14354,JAGUARETAMA,N,58,0,9960,1940,11900,83.7,16.3,Lula,58,0,100.0,0.0,0,0,0,,,,0,0,,,,,,,N
CE,14370,JAGUARIBARA,N,31,0,5508,1287,6795,81.06,18.94,Lula,31,0,100.0,0.0,0,0,0,,,,0,0,,,,,,,N
CE,14397,JAGUARIBE,N,101,0,17789,4151,21940,81.08,18.92,Lula,101,0,100.0,0.0,0,0,0,,,,0,0,,,,,,,N
CE,14419,JAGUARUANA,N,105,0,15108,6922,22030,68.58,31.42,Lula,105,0,100.0,0.0,0,0,0,,,,0,0,,,,,,,N
CE,14435,JARDIM,N,86,0,14126,2444,16570,85.25,14.75,Lula,86,0,100.0,0.0,0,0,0,,,,0,0,,,,,,,N
CE,14451,JATI,N,26,0,4442,779,5221,85.08,14.92,Lula,26,0,100.0,0.0,0,0,0,,,,0,0,,,,,,,N
CE,13005,JIJOCA DE JERICOACOARA,N,59,0,9916,4735,14651,67.68,32.32,Lula,59,0,100.0,0.0,0,0,0,,,,0,0,,,,,,,N
CE,14478,JUAZEIRO DO NORTE,N,574,0,115524,35858,151382,76.31,23.69,Lula,573,1,99.83,0.17,0,0,0,,,,0,0,,,,,,,N
CE,14494,JUCÁS,N,77,0,11913,2949,14862,80.16,19.84,Lula,77,0,100.0,0.0,0,0,0,,,,0,0,,,,,,,N
CE,14516,LAVRAS DA MANGABEIRA,N,81,0,14941,2718,17659,84.61,15.39,Lula,81,0,100.0,0.0,0,0,0,,,,0,0,,,,,,,N
CE,14532,LIMOEIRO DO NORTE,N,159,0,28662,9010,37672,76.08,23.92,Lula,158,1,99.37,0.63,0,0,0,,,,0,0,,,,,,,N
CE,13021,MADALENA,N,49,0,9073,1809,10882,83.38,16.62,Lula,49,0,100.0,0.0,0,0,0,,,,0,0,,,,,,,N
CE,15857,MARACANAÚ,N,0,515,0,0,0,,,,0,0,,,87588,56677,144265,60.71,39.29,Lula,510,4,99.03,0.78,,,,,N
CE,14559,MARANGUAPE,N,0,278,0,0,0,,,,0,0,,,43391,22496,65887,65.86,34.14,Lula,278,0,100.0,0.0,,,,,N
CE,14575,MARCO,N,76,0,9504,8100,17604,53.99,46.01,Lula,55,19,72.37,25.0,0,0,0,,,,0,0,,,,,,,N
CE,14591,MARTINÓPOLE,N,35,0,6839,1235,8074,84.7,15.3,Lula,35,0,100.0,0.0,0,0,0,,,,0,0,,,,,,,N
CE,14613,MASSAPÊ,N,107,0,18279,6362,24641,74.18,25.82,Lula,107,0,100.0,0.0,0,0,0,,,,0,0,,,,,,,N
CE,14630,MAURITI,N,140,0,21178,5901,27079,78.21,21.79,Lula,140,0,100.0,0.0,0,0,0,,,,0,0,,,,,,,N
CE,14656,MERUOCA,N,41,0,7965,2001,9966,79.92,20.08,Lula,41,0,100.0,0.0,0,0,0,,,,0,0,,,,,,,N
CE,14672,MILAGRES,N,87,0,15045,1993,17038,88.3,11.7,Lula,87,0,100.0,0.0,0,0,0,,,,0,0,,,,,,,N
CE,15970,MILHÃ,N,37,0,7535,1318,8853,85.11,14.89,Lula,37,0,100.0,0.0,0,0,0,,,,0,0,,,,,,,N
CE,14680,MIRAÍMA,N,45,0,7875,1287,9162,85.95,14.05,Lula,45,0,100.0,0.0,0,0,0,,,,0,0,,,,,,,N
CE,14699,MISSÃO VELHA,N,106,0,19730,3913,23643,83.45,16.55,Lula,106,0,100.0,0.0,0,0,0,,,,0,0,,,,,,,N
CE,14710,MOMBAÇA,N,117,0,19782,4377,24159,81.88,18.12,Lula,117,0,100.0,0.0,0,0,0,,,,0,0,,,,,,,N
CE,14737,MONSENHOR TABOSA,N,57,0,9005,1882,10887,82.71,17.29,Lula,57,0,100.0,0.0,0,0,0,,,,0,0,,,,,,,N
CE,14753,MORADA NOVA,N,197,0,32225,11243,43468,74.13,25.87,Lula,196,1,99.49,0.51,0,0,0,,,,0,0,,,,,,,N
CE,14770,MORAÚJO,N,29,0,4578,1263,5841,78.38,21.62,Lula,29,0,100.0,0.0,0,0,0,,,,0,0,,,,,,,N
CE,14796,MORRINHOS,N,62,0,7180,6594,13774,52.13,47.87,Lula,34,27,54.84,43.55,0,0,0,,,,0,0,,,,,,,N
CE,14818,MUCAMBO,N,43,0,7514,1791,9305,80.75,19.25,Lula,43,0,100.0,0.0,0,0,0,,,,0,0,,,,,,,N
CE,14834,MULUNGU,N,31,0,5363,1593,6956,77.1,22.9,Lula,31,0,100.0,0.0,0,0,0,,,,0,0,,,,,,,N
CE,14850,NOVA OLINDA,N,43,0,8120,1660,9780,83.03,16.97,Lula,43,0,100.0,0.0,0,0,0,,,,0,0,,,,,,,N
CE,14877,NOVA RUSSAS,N,97,0,12706,5693,18399,69.06,30.94,Lula,96,1,98.97,1.03,0,0,0,,,,0,0,,,,,,,N
CE,14893,NOVO ORIENTE,N,86,0,14414,2806,17220,83.7,16.3,Lula,86,0,100.0,0.0,0,0,0,,,,0,0,,,,,,,N
CE,13307,OCARA,N,89,0,14105,4742,18847,74.84,25.16,Lula,89,0,100.0,0.0,0,0,0,,,,0,0,,,,,,,N
CE,14915,ORÓS,N,72,0,10833,2709,13542,80.0,20.0,Lula,72,0,100.0,0.0,0,0,0,,,,0,0,,,,,,,N
CE,14931,PACAJUS,N,0,178,0,0,0,,,,0,0,,,27190,15370,42560,63.89,36.11,Lula,176,2,98.88,1.12,,,,,N
CE,14958,PACATUBA,N,0,165,0,0,0,,,,0,0,,,27327,15994,43321,63.08,36.92,Lula,165,0,100.0,0.0,,,,,N
CE,14974,PACOTI,N,46,0,6438,1734,8172,78.78,21.22,Lula,46,0,100.0,0.0,0,0,0,,,,0,0,,,,,,,N
CE,14990,PACUJÁ,N,22,0,4028,578,4606,87.45,12.55,Lula,22,0,100.0,0.0,0,0,0,,,,0,0,,,,,,,N
CE,15016,PALHANO,N,31,0,5005,2255,7260,68.94,31.06,Lula,31,0,100.0,0.0,0,0,0,,,,0,0,,,,,,,N
CE,15032,PALMÁCIA,N,0,36,0,0,0,,,,0,0,,,5572,1820,7392,75.38,24.62,Lula,36,0,100.0,0.0,,,,,N
CE,15059,PARACURU,N,0,107,0,0,0,,,,0,0,,,17580,7583,25163,69.86,30.14,Lula,106,1,99.07,0.93,,,,,N
CE,15997,PARAIPABA,N,0,89,0,0,0,,,,0,0,,,13211,7736,20947,63.07,36.93,Lula,85,4,95.51,4.49,,,,,N
CE,15075,PARAMBU,N,110,0,13802,5529,19331,71.4,28.6,Lula,107,3,97.27,2.73,0,0,0,,,,0,0,,,,,,,N
CE,15091,PARAMOTI,N,0,42,0,0,0,,,,0,0,,,6269,1580,7849,79.87,20.13,Lula,42,0,100.0,0.0,,,,,N
CE,15113,PEDRA BRANCA,N,132,0,21884,3081,24965,87.66,12.34,Lula,132,0,100.0,0.0,0,0,0,,,,0,0,,,,,,,N
CE,15130,PENAFORTE,N,28,0,5425,1067,6492,83.56,16.44,Lula,28,0,100.0,0.0,0,0,0,,,,0,0,,,,,,,N
CE,15156,PENTECOSTE,N,106,0,19551,6145,25696,76.09,23.91,Lula,106,0,100.0,0.0,0,0,0,,,,0,0,,,,,,,N
CE,15172,PEREIRO,N,57,0,9374,1643,11017,85.09,14.91,Lula,57,0,100.0,0.0,0,0,0,,,,0,0,,,,,,,N
CE,13285,PINDORETAMA,N,0,59,0,0,0,,,,0,0,,,11350,4234,15584,72.83,27.17,Lula,59,0,100.0,0.0,,,,,N
CE,15199,PIQUET CARNEIRO,N,44,0,8179,1407,9586,85.32,14.68,Lula,44,0,100.0,0.0,0,0,0,,,,0,0,,,,,,,N
CE,13048,PIRES FERREIRA,N,32,0,5311,1220,6531,81.32,18.68,Lula,32,0,100.0,0.0,0,0,0,,,,0,0,,,,,,,N
CE,15210,PORANGA,N,42,0,6336,1041,7377,85.89,14.11,Lula,42,0,100.0,0.0,0,0,0,,,,0,0,,,,,,,N
CE,15237,PORTEIRAS,N,52,0,9479,1398,10877,87.15,12.85,Lula,52,0,100.0,0.0,0,0,0,,,,0,0,,,,,,,N
CE,15253,POTENGI,N,30,0,5263,576,5839,90.14,9.86,Lula,30,0,100.0,0.0,0,0,0,,,,0,0,,,,,,,N
CE,13269,POTIRETAMA,N,21,0,4002,672,4674,85.62,14.38,Lula,21,0,100.0,0.0,0,0,0,,,,0,0,,,,,,,N
CE,13102,QUITERIANÓPOLIS,N,66,0,10682,1948,12630,84.58,15.42,Lula,66,0,100.0,0.0,0,0,0,,,,0,0,,,,,,,N
CE,15270,QUIXADÁ,N,209,0,30241,16776,47017,64.32,35.68,Lula,206,3,98.56,1.44,0,0,0,,,,0,0,,,,,,,N
CE,98531,QUIXELÔ,N,51,0,10194,1738,11932,85.43,14.57,Lula,51,0,100.0,0.0,0,0,0,,,,0,0,,,,,,,N
CE,15296,QUIXERAMOBIM,N,215,0,36681,9242,45923,79.88,20.12,Lula,215,0,100.0,0.0,0,0,0,,,,0,0,,,,,,,N
CE,15318,QUIXERÉ,N,61,0,11090,3378,14468,76.65,23.35,Lula,61,0,100.0,0.0,0,0,0,,,,0,0,,,,,,,N
CE,15334,REDENÇÃO,N,86,0,13545,5110,18655,72.61,27.39,Lula,86,0,100.0,0.0,0,0,0,,,,0,0,,,,,,,N
CE,15350,RERIUTABA,N,59,0,10125,2075,12200,82.99,17.01,Lula,59,0,100.0,0.0,0,0,0,,,,0,0,,,,,,,N
CE,15377,RUSSAS,N,194,0,32874,13306,46180,71.19,28.81,Lula,194,0,100.0,0.0,0,0,0,,,,0,0,,,,,,,N
CE,15393,SABOEIRO,N,49,0,7660,1447,9107,84.11,15.89,Lula,49,0,100.0,0.0,0,0,0,,,,0,0,,,,,,,N
CE,15440,SALITRE,N,51,0,9034,1744,10778,83.82,16.18,Lula,51,0,100.0,0.0,0,0,0,,,,0,0,,,,,,,N
CE,15458,SANTA QUITÉRIA,N,125,0,21661,4530,26191,82.7,17.3,Lula,125,0,100.0,0.0,0,0,0,,,,0,0,,,,,,,N
CE,15415,SANTANA DO ACARAÚ,N,104,0,15968,3997,19965,79.98,20.02,Lula,104,0,100.0,0.0,0,0,0,,,,0,0,,,,,,,N
CE,15431,SANTANA DO CARIRI,N,50,0,9549,1082,10631,89.82,10.18,Lula,50,0,100.0,0.0,0,0,0,,,,0,0,,,,,,,N
CE,15555,SENADOR POMPEU,N,83,0,11737,4395,16132,72.76,27.24,Lula,83,0,100.0,0.0,0,0,0,,,,0,0,,,,,,,N
CE,15571,SENADOR SÁ,N,21,0,4030,1098,5128,78.59,21.41,Lula,21,0,100.0,0.0,0,0,0,,,,0,0,,,,,,,N
CE,15598,SOBRAL,N,494,0,82974,37230,120204,69.03,30.97,Lula,494,0,100.0,0.0,0,0,0,,,,0,0,,,,,,,N
CE,15610,SOLONÓPOLE,N,50,0,9512,1681,11193,84.98,15.02,Lula,50,0,100.0,0.0,0,0,0,,,,0,0,,,,,,,N
CE,15474,SÃO BENEDITO,N,135,0,20977,7153,28130,74.57,25.43,Lula,135,0,100.0,0.0,0,0,0,,,,0,0,,,,,,,N
CE,15490,SÃO GONÇALO DO AMARANTE,N,0,155,0,0,0,,,,0,0,,,24376,13070,37446,65.1,34.9,Lula,154,1,99.35,0.65,,,,,N
CE,15512,SÃO JOÃO DO JAGUARIBE,N,27,0,4003,804,4807,83.27,16.73,Lula,27,0,100.0,0.0,0,0,0,,,,0,0,,,,,,,N
CE,15539,SÃO LUÍS DO CURU,N,39,0,6555,2273,8828,74.25,25.75,Lula,39,0,100.0,0.0,0,0,0,,,,0,0,,,,,,,N
CE,15636,TABULEIRO DO NORTE,N,92,0,16036,3856,19892,80.62,19.38,Lula,92,0,100.0,0.0,0,0,0,,,,0,0,,,,,,,N
CE,15652,TAMBORIL,N,91,0,13497,2985,16482,81.89,18.11,Lula,91,0,100.0,0.0,0,0,0,,,,0,0,,,,,,,N
CE,13366,TARRAFAS,N,31,0,4871,607,5478,88.92,11.08,Lula,31,0,100.0,0.0,0,0,0,,,,0,0,,,,,,,N
CE,15679,TAUÁ,N,183,0,24064,10400,34464,69.82,30.18,Lula,181,2,98.91,1.09,0,0,0,,,,0,0,,,,,,,N
CE,13323,TEJUÇUOCA,N,54,0,9499,2368,11867,80.05,19.95,Lula,54,0,100.0,0.0,0,0,0,,,,0,0,,,,,,,N
CE,15695,TIANGUÁ,N,198,0,29355,16204,45559,64.43,35.57,Lula,165,31,83.33,15.66,0,0,0,,,,0,0,,,,,,,N
CE,15717,TRAIRI,N,0,170,0,0,0,,,,0,0,,,26617,9276,35893,74.16,25.84,Lula,167,3,98.24,1.76,,,,,N
CE,13080,TURURU,N,54,0,8708,2861,11569,75.27,24.73,Lula,54,0,100.0,0.0,0,0,0,,,,0,0,,,,,,,N
CE,15733,UBAJARA,N,88,0,14214,6095,20309,69.99,30.01,Lula,88,0,100.0,0.0,0,0,0,,,,0,0,,,,,,,N
CE,15750,UMARI,N,25,0,3744,1073,4817,77.72,22.28,Lula,25,0,100.0,0.0,0,0,0,,,,0,0,,,,,,,N
CE,98558,UMIRIM,N,52,0,9217,2650,11867,77.67,22.33,Lula,52,0,100.0,0.0,0,0,0,,,,0,0,,,,,,,N
CE,15776,URUBURETAMA,N,60,0,10554,3731,14285,73.88,26.12,Lula,60,0,100.0,0.0,0,0,0,,,,0,0,,,,,,,N
CE,15792,URUOCA,N,39,0,6871,1831,8702,78.96,21.04,Lula,39,0,100.0,0.0,0,0,0,,,,0,0,,,,,,,N
CE,98574,VARJOTA,N,58,0,8827,3381,12208,72.31,27.69,Lula,58,0,100.0,0.0,0,0,0,,,,0,0,,,,,,,N
CE,15830,VIÇOSA DO CEARÁ,N,159,0,27746,8215,35961,77.16,22.84,Lula,159,0,100.0,0.0,0,0,0,,,,0,0,,,,,,,N
CE,15814,VÁRZEA ALEGRE,N,108,0,20533,4185,24718,83.07,16.93,Lula,108,0,100.0,0.0,0,0,0,,,,0,0,,,,,,,N
DF,97012,BRASÍLIA,S,2816,3932,297802,432111,729913,40.8,59.2,Bolsonaro,143,2668,5.08,94.74,431493,609220,1040713,41.46,58.54,Bolsonaro,384,3527,9.77,89.7,0.66,-0.66,4.69,-5.04,N
ES,56014,AFONSO CLÁUDIO,N,74,0,6641,10904,17545,37.85,62.15,Bolsonaro,3,71,4.05,95.95,0,0,0,,,,0,0,,,,,,,N
ES,56030,ALEGRE,N,90,0,8083,9391,17474,46.26,53.74,Bolsonaro,24,66,26.67,73.33,0,0,0,,,,0,0,,,,,,,N
ES,56057,ALFREDO CHAVES,N,40,0,2927,6446,9373,31.23,68.77,Bolsonaro,0,40,0.0,100.0,0,0,0,,,,0,0,,,,,,,N
ES,56065,ALTO RIO NOVO,N,23,0,2412,1988,4400,54.82,45.18,Lula,19,4,82.61,17.39,0,0,0,,,,0,0,,,,,,,N
ES,56073,ANCHIETA,N,0,91,0,0,0,,,,0,0,,,7419,10535,17954,41.32,58.68,Bolsonaro,8,82,8.79,90.11,,,,,N
ES,56090,APIACÁ,N,24,0,2172,2356,4528,47.97,52.03,Bolsonaro,8,16,33.33,66.67,0,0,0,,,,0,0,,,,,,,N
ES,56111,ARACRUZ,N,217,0,22919,30692,53611,42.75,57.25,Bolsonaro,48,169,22.12,77.88,0,0,0,,,,0,0,,,,,,,N
ES,56138,ATÍLIO VIVÁCQUA,N,0,28,0,0,0,,,,0,0,,,3130,3806,6936,45.13,54.87,Bolsonaro,2,26,7.14,92.86,,,,,N
ES,56154,BAIXO GUANDU,N,87,0,7577,10069,17646,42.94,57.06,Bolsonaro,15,72,17.24,82.76,0,0,0,,,,0,0,,,,,,,N
ES,56170,BARRA DE SÃO FRANCISCO,N,101,0,10696,12950,23646,45.23,54.77,Bolsonaro,27,74,26.73,73.27,0,0,0,,,,0,0,,,,,,,N
ES,56197,BOA ESPERANÇA,N,38,0,4321,3835,8156,52.98,47.02,Lula,23,15,60.53,39.47,0,0,0,,,,0,0,,,,,,,N
ES,56219,BOM JESUS DO NORTE,N,29,0,2677,3041,5718,46.82,53.18,Bolsonaro,5,23,17.24,79.31,0,0,0,,,,0,0,,,,,,,N
ES,56146,BREJETUBA,N,32,0,2941,4149,7090,41.48,58.52,Bolsonaro,0,32,0.0,100.0,0,0,0,,,,0,0,,,,,,,N
ES,56235,CACHOEIRO DE ITAPEMIRIM,N,0,466,0,0,0,,,,0,0,,,33202,75317,108519,30.6,69.4,Bolsonaro,3,463,0.64,99.36,,,,,N
ES,56251,CARIACICA,N,802,0,90253,116698,206951,43.61,56.39,Bolsonaro,157,641,19.58,79.93,0,0,0,,,,0,0,,,,,,,N
ES,56278,CASTELO,N,0,131,0,0,0,,,,0,0,,,5899,16659,22558,26.15,73.85,Bolsonaro,0,131,0.0,100.0,,,,,N
ES,56294,COLATINA,N,321,0,25376,44230,69606,36.46,63.54,Bolsonaro,23,296,7.17,92.21,0,0,0,,,,0,0,,,,,,,N
ES,56316,CONCEIÇÃO DA BARRA,N,68,0,9708,5815,15523,62.54,37.46,Lula,63,5,92.65,7.35,0,0,0,,,,0,0,,,,,,,N
ES,56332,CONCEIÇÃO DO CASTELO,N,30,0,2168,5128,7296,29.71,70.29,Bolsonaro,0,30,0.0,100.0,0,0,0,,,,0,0,,,,,,,N
ES,56359,DIVINO DE SÃO LOURENÇO,N,14,0,1299,1990,3289,39.5,60.5,Bolsonaro,1,13,7.14,92.86,0,0,0,,,,0,0,,,,,,,N
ES,56375,DOMINGOS MARTINS,N,92,0,6867,15544,22411,30.64,69.36,Bolsonaro,2,90,2.17,97.83,0,0,0,,,,0,0,,,,,,,N
ES,56391,DORES DO RIO PRETO,N,24,0,2014,2660,4674,43.09,56.91,Bolsonaro,1,23,4.17,95.83,0,0,0,,,,0,0,,,,,,,N
ES,56413,ECOPORANGA,N,67,0,7771,5857,13628,57.02,42.98,Lula,49,17,73.13,25.37,0,0,0,,,,0,0,,,,,,,N
ES,56430,FUNDÃO,N,0,43,0,0,0,,,,0,0,,,5120,5434,10554,48.51,51.49,Bolsonaro,13,28,30.23,65.12,,,,,N
ES,56308,GOVERNADOR LINDENBERG,N,27,0,3279,3332,6611,49.6,50.4,Bolsonaro,12,15,44.44,55.56,0,0,0,,,,0,0,,,,,,,N
ES,56472,GUARAPARI,N,288,0,24381,46347,70728,34.47,65.53,Bolsonaro,10,278,3.47,96.53,0,0,0,,,,0,0,,,,,,,N
ES,56456,GUAÇUÍ,N,72,0,6438,9454,15892,40.51,59.49,Bolsonaro,2,70,2.78,97.22,0,0,0,,,,0,0,,,,,,,N
ES,57096,IBATIBA,N,65,0,4465,10089,14554,30.68,69.32,Bolsonaro,0,65,0.0,100.0,0,0,0,,,,0,0,,,,,,,N
ES,56499,IBIRAÇU,N,0,37,0,0,0,,,,0,0,,,2983,4193,7176,41.57,58.43,Bolsonaro,2,35,5.41,94.59,,,,,N
ES,56502,IBITIRAMA,N,28,0,1728,3783,5511,31.36,68.64,Bolsonaro,1,27,3.57,96.43,0,0,0,,,,0,0,,,,,,,N
ES,56510,ICONHA,N,0,41,0,0,0,,,,0,0,,,3269,5492,8761,37.31,62.69,Bolsonaro,0,41,0.0,100.0,,,,,N
ES,56049,IRUPI,N,33,0,2350,5903,8253,28.47,71.53,Bolsonaro,0,33,0.0,100.0,0,0,0,,,,0,0,,,,,,,N
ES,56537,ITAGUAÇU,N,37,0,3701,4824,8525,43.41,56.59,Bolsonaro,1,36,2.7,97.3,0,0,0,,,,0,0,,,,,,,N
ES,56553,ITAPEMIRIM,N,0,127,0,0,0,,,,0,0,,,8504,18496,27000,31.5,68.5,Bolsonaro,6,120,4.72,94.49,,,,,N
ES,56570,ITARANA,N,32,0,2521,4569,7090,35.56,64.44,Bolsonaro,1,31,3.12,96.88,0,0,0,,,,0,0,,,,,,,N
ES,56596,IÚNA,N,74,0,4692,10893,15585,30.11,69.89,Bolsonaro,2,72,2.7,97.3,0,0,0,,,,0,0,,,,,,,N
ES,57134,JAGUARÉ,N,67,0,9803,6826,16629,58.95,41.05,Lula,56,11,83.58,16.42,0,0,0,,,,0,0,,,,,,,N
ES,56618,JERÔNIMO MONTEIRO,N,31,0,3227,4045,7272,44.38,55.62,Bolsonaro,2,29,6.45,93.55,0,0,0,,,,0,0,,,,,,,N
ES,56626,JOÃO NEIVA,N,0,46,0,0,0,,,,0,0,,,3933,5887,9820,40.05,59.95,Bolsonaro,2,44,4.35,95.65,,,,,N
ES,57916,LARANJA DA TERRA,N,30,0,2798,4614,7412,37.75,62.25,Bolsonaro,1,29,3.33,96.67,0,0,0,,,,0,0,,,,,,,N
ES,56634,LINHARES,N,335,0,33128,53237,86365,38.36,61.64,Bolsonaro,44,291,13.13,86.87,0,0,0,,,,0,0,,,,,,,N
ES,56650,MANTENÓPOLIS,N,33,0,3211,4111,7322,43.85,56.15,Bolsonaro,13,20,39.39,60.61,0,0,0,,,,0,0,,,,,,,N
ES,56120,MARATAÍZES,N,0,106,0,0,0,,,,0,0,,,7689,15978,23667,32.49,67.51,Bolsonaro,2,104,1.89,98.11,,,,,N
ES,56103,MARECHAL FLORIANO,N,43,0,3851,6489,10340,37.24,62.76,Bolsonaro,1,42,2.33,97.67,0,0,0,,,,0,0,,,,,,,N
ES,57070,MARILÂNDIA,N,33,0,3064,5277,8341,36.73,63.27,Bolsonaro,1,32,3.03,96.97,0,0,0,,,,0,0,,,,,,,N
ES,56677,MIMOSO DO SUL,N,71,0,7813,7351,15164,51.52,48.48,Lula,45,26,63.38,36.62,0,0,0,,,,0,0,,,,,,,N
ES,56693,MONTANHA,N,47,0,5755,4805,10560,54.5,45.5,Lula,28,18,59.57,38.3,0,0,0,,,,0,0,,,,,,,N
ES,56715,MUCURICI,N,22,0,2335,1352,3687,63.33,36.67,Lula,22,0,100.0,0.0,0,0,0,,,,0,0,,,,,,,N
ES,56731,MUNIZ FREIRE,N,55,0,4678,5907,10585,44.19,55.81,Bolsonaro,5,49,9.09,89.09,0,0,0,,,,0,0,,,,,,,N
ES,56758,MUQUI,N,37,0,3917,4650,8567,45.72,54.28,Bolsonaro,7,30,18.92,81.08,0,0,0,,,,0,0,,,,,,,N
ES,56774,NOVA VENÉCIA,N,137,0,13255,14891,28146,47.09,52.91,Bolsonaro,48,88,35.04,64.23,0,0,0,,,,0,0,,,,,,,N
ES,56790,PANCAS,N,50,0,5026,5835,10861,46.28,53.72,Bolsonaro,17,33,34.0,66.0,0,0,0,,,,0,0,,,,,,,N
ES,57150,PEDRO CANÁRIO,N,63,0,7296,5170,12466,58.53,41.47,Lula,50,13,79.37,20.63,0,0,0,,,,0,0,,,,,,,N
ES,56812,PINHEIROS,N,66,0,8064,5180,13244,60.89,39.11,Lula,62,4,93.94,6.06,0,0,0,,,,0,0,,,,,,,N
ES,56839,PIÚMA,N,0,69,0,0,0,,,,0,0,,,4908,7657,12565,39.06,60.94,Bolsonaro,6,61,8.7,88.41,,,,,N
ES,56200,PONTO BELO,N,24,0,2956,1614,4570,64.68,35.32,Lula,24,0,100.0,0.0,0,0,0,,,,0,0,,,,,,,N
ES,56855,PRESIDENTE KENNEDY,N,0,48,0,0,0,,,,0,0,,,3478,6043,9521,36.53,63.47,Bolsonaro,5,43,10.42,89.58,,,,,N
ES,57118,RIO BANANAL,N,50,0,5121,6282,11403,44.91,55.09,Bolsonaro,8,41,16.0,82.0,0,0,0,,,,0,0,,,,,,,N
ES,56871,RIO NOVO DO SUL,N,0,33,0,0,0,,,,0,0,,,1983,5074,7057,28.1,71.9,Bolsonaro,0,33,0.0,100.0,,,,,N
ES,56898,SANTA LEOPOLDINA,N,40,0,3580,4046,7626,46.94,53.06,Bolsonaro,16,23,40.0,57.5,0,0,0,,,,0,0,,,,,,,N
ES,57932,SANTA MARIA DE JETIBÁ,N,83,0,7332,16385,23717,30.91,69.09,Bolsonaro,0,83,0.0,100.0,0,0,0,,,,0,0,,,,,,,N
ES,56910,SANTA TERESA,N,64,0,5152,9561,14713,35.02,64.98,Bolsonaro,2,62,3.12,96.88,0,0,0,,,,0,0,,,,,,,N
ES,56995,SERRA,N,993,0,123629,140048,263677,46.89,53.11,Bolsonaro,288,694,29.0,69.89,0,0,0,,,,0,0,,,,,,,N
ES,56189,SOORETAMA,N,59,0,7118,7205,14323,49.7,50.3,Bolsonaro,28,31,47.46,52.54,0,0,0,,,,0,0,,,,,,,N
ES,56006,SÃO DOMINGOS DO NORTE,N,26,0,2935,3036,5971,49.15,50.85,Bolsonaro,10,15,38.46,57.69,0,0,0,,,,0,0,,,,,,,N
ES,56936,SÃO GABRIEL DA PALHA,N,81,0,7866,10467,18333,42.91,57.09,Bolsonaro,20,60,24.69,74.07,0,0,0,,,,0,0,,,,,,,N
ES,56952,SÃO JOSÉ DO CALÇADO,N,33,0,3427,3131,6558,52.26,47.74,Lula,23,9,69.7,27.27,0,0,0,,,,0,0,,,,,,,N
ES,56979,SÃO MATEUS,N,268,0,33018,30656,63674,51.85,48.15,Lula,133,133,49.63,49.63,0,0,0,,,,0,0,,,,,,,N
ES,56162,SÃO ROQUE DO CANAÃ,N,33,0,3061,4459,7520,40.7,59.3,Bolsonaro,2,31,6.06,93.94,0,0,0,,,,0,0,,,,,,,N
ES,57959,VARGEM ALTA,N,0,50,0,0,0,,,,0,0,,,3499,8685,12184,28.72,71.28,Bolsonaro,2,48,4.0,96.0,,,,,N
ES,57975,VENDA NOVA DO IMIGRANTE,N,54,0,3682,10610,14292,25.76,74.24,Bolsonaro,0,54,0.0,100.0,0,0,0,,,,0,0,,,,,,,N
ES,57010,VIANA,N,0,161,0,0,0,,,,0,0,,,17910,22027,39937,44.85,55.15,Bolsonaro,28,131,17.39,81.37,,,,,N
ES,56081,VILA PAVÃO,N,28,0,3101,2788,5889,52.66,47.34,Lula,20,8,71.43,28.57,0,0,0,,,,0,0,,,,,,,N
ES,56227,VILA VALÉRIO,N,42,0,5183,4367,9550,54.27,45.73,Lula,32,10,76.19,23.81,0,0,0,,,,0,0,,,,,,,N
ES,57037,VILA VELHA,N,0,1092,0,0,0,,,,0,0,,,103870,161933,265803,39.08,60.92,Bolsonaro,83,1009,7.6,92.4,,,,,N
ES,57053,VITÓRIA,N,0,770,0,0,0,,,,0,0,,,95478,115293,210771,45.3,54.7,Bolsonaro,243,520,31.56,67.53,,,,,N
ES,56022,ÁGUA DOCE DO NORTE,N,45,0,3953,3572,7525,52.53,47.47,Lula,25,18,55.56,40.0,0,0,0,,,,0,0,,,,,,,N
ES,57991,ÁGUIA BRANCA,N,28,0,3781,2732,6513,58.05,41.95,Lula,25,2,89.29,7.14,0,0,0,,,,0,0,,,,,,,N
GO,93360,ABADIA DE GOIÁS,N,34,0,3814,5394,9208,41.42,58.58,Bolsonaro,5,29,14.71,85.29,0,0,0,,,,0,0,,,,,,,N
GO,92010,ABADIÂNIA,N,0,34,0,0,0,,,,0,0,,,2774,5759,8533,32.51,67.49,Bolsonaro,0,34,0.0,100.0,,,,,N
GO,96458,ACREÚNA,N,44,0,5210,6597,11807,44.13,55.87,Bolsonaro,9,35,20.45,79.55,0,0,0,,,,0,0,,,,,,,N
GO,96911,ADELÂNDIA,N,8,0,651,1517,2168,30.03,69.97,Bolsonaro,0,8,0.0,100.0,0,0,0,,,,0,0,,,,,,,N
GO,92053,ALEXÂNIA,N,0,68,0,0,0,,,,0,0,,,5201,10643,15844,32.83,67.17,Bolsonaro,1,67,1.47,98.53,,,,,N
GO,92096,ALOÂNDIA,N,11,0,748,864,1612,46.4,53.6,Bolsonaro,1,10,9.09,90.91,0,0,0,,,,0,0,,,,,,,N
GO,92940,ALTO HORIZONTE,N,16,0,1825,2540,4365,41.81,58.19,Bolsonaro,0,16,0.0,100.0,0,0,0,,,,0,0,,,,,,,N
GO,92118,ALTO PARAÍSO DE GOIÁS,N,21,0,3188,1955,5143,61.99,38.01,Lula,20,1,95.24,4.76,0,0,0,,,,0,0,,,,,,,N
GO,92150,ALVORADA DO NORTE,N,24,0,2494,2280,4774,52.24,47.76,Lula,11,13,45.83,54.17,0,0,0,,,,0,0,,,,,,,N
GO,93386,AMARALINA,N,11,0,1315,994,2309,56.95,43.05,Lula,8,3,72.73,27.27,0,0,0,,,,0,0,,,,,,,N
GO,96610,AMERICANO DO BRASIL,N,17,0,2043,2020,4063,50.28,49.72,Lula,8,9,47.06,52.94,0,0,0,,,,0,0,,,,,,,N
GO,92177,AMORINÓPOLIS,N,18,0,1300,1588,2888,45.01,54.99,Bolsonaro,2,15,11.11,83.33,0,0,0,,,,0,0,,,,,,,N
GO,92231,ANHANGÜERA,N,4,0,458,396,854,53.63,46.37,Lula,3,1,75.0,25.0,0,0,0,,,,0,0,,,,,,,N
GO,92258,ANICUNS,N,49,0,4668,7237,11905,39.21,60.79,Bolsonaro,2,47,4.08,95.92,0,0,0,,,,0,0,,,,,,,N
GO,92215,ANÁPOLIS,N,0,809,0,0,0,,,,0,0,,,63960,153507,217467,29.41,70.59,Bolsonaro,4,805,0.49,99.51,,,,,N
GO,92274,APARECIDA DE GOIÂNIA,N,0,891,0,0,0,,,,0,0,,,108022,148793,256815,42.06,57.94,Bolsonaro,100,787,11.22,88.33,,,,,N
GO,93009,APARECIDA DO RIO DOCE,N,9,0,1077,1091,2168,49.68,50.32,Bolsonaro,4,3,44.44,33.33,0,0,0,,,,0,0,,,,,,,N
GO,92290,APORÉ,N,10,0,986,1251,2237,44.08,55.92,Bolsonaro,0,10,0.0,100.0,0,0,0,,,,0,0,,,,,,,N
GO,92339,ARAGARÇAS,N,47,0,4504,5795,10299,43.73,56.27,Bolsonaro,6,40,12.77,85.11,0,0,0,,,,0,0,,,,,,,N
GO,92355,ARAGOIÂNIA,N,25,0,2997,3749,6746,44.43,55.57,Bolsonaro,1,24,4.0,96.0,0,0,0,,,,0,0,,,,,,,N
GO,96695,ARAGUAPAZ,N,22,0,2083,2318,4401,47.33,52.67,Bolsonaro,5,16,22.73,72.73,0,0,0,,,,0,0,,,,,,,N
GO,92312,ARAÇU,N,15,0,1588,1603,3191,49.76,50.24,Bolsonaro,8,7,53.33,46.67,0,0,0,,,,0,0,,,,,,,N
GO,96717,ARENÓPOLIS,N,12,0,1233,1291,2524,48.85,51.15,Bolsonaro,6,6,50.0,50.0,0,0,0,,,,0,0,,,,,,,N
GO,92495,ARUANÃ,N,21,0,2212,2417,4629,47.79,52.21,Bolsonaro,5,16,23.81,76.19,0,0,0,,,,0,0,,,,,,,N
GO,92517,AURILÂNDIA,N,9,0,1337,1104,2441,54.77,45.23,Lula,6,3,66.67,33.33,0,0,0,,,,0,0,,,,,,,N
GO,92550,AVELINÓPOLIS,N,12,0,1049,1589,2638,39.76,60.24,Bolsonaro,0,12,0.0,100.0,0,0,0,,,,0,0,,,,,,,N
GO,92614,BALIZA,N,13,0,1200,813,2013,59.61,40.39,Lula,13,0,100.0,0.0,0,0,0,,,,0,0,,,,,,,N
GO,92630,BARRO ALTO,N,28,0,3271,3833,7104,46.04,53.96,Bolsonaro,10,18,35.71,64.29,0,0,0,,,,0,0,,,,,,,N
GO,92657,BELA VISTA DE GOIÁS,N,66,0,7174,10182,17356,41.33,58.67,Bolsonaro,4,61,6.06,92.42,0,0,0,,,,0,0,,,,,,,N
GO,92673,BOM JARDIM DE GOIÁS,N,22,0,2852,2484,5336,53.45,46.55,Lula,15,7,68.18,31.82,0,0,0,,,,0,0,,,,,,,N
GO,92690,BOM JESUS DE GOIÁS,N,49,0,5999,6789,12788,46.91,53.09,Bolsonaro,25,24,51.02,48.98,0,0,0,,,,0,0,,,,,,,N
GO,92029,BONFINÓPOLIS,N,0,20,0,0,0,,,,0,0,,,2608,2720,5328,48.95,51.05,Bolsonaro,4,16,20.0,80.0,,,,,N
GO,93408,BONÓPOLIS,N,10,0,1317,1030,2347,56.11,43.89,Lula,7,3,70.0,30.0,0,0,0,,,,0,0,,,,,,,N
GO,92711,BRAZABRANTES,N,11,0,1162,1499,2661,43.67,56.33,Bolsonaro,1,10,9.09,90.91,0,0,0,,,,0,0,,,,,,,N
GO,92754,BRITÂNIA,N,18,0,1480,2098,3578,41.36,58.64,Bolsonaro,3,15,16.67,83.33,0,0,0,,,,0,0,,,,,,,N
GO,92770,BURITI ALEGRE,N,29,0,2780,3200,5980,46.49,53.51,Bolsonaro,10,18,34.48,62.07,0,0,0,,,,0,0,,,,,,,N
GO,93106,BURITI DE GOIÁS,N,9,0,856,1654,2510,34.1,65.9,Bolsonaro,0,9,0.0,100.0,0,0,0,,,,0,0,,,,,,,N
GO,93262,BURITINÓPOLIS,N,11,0,1306,1036,2342,55.76,44.24,Lula,9,2,81.82,18.18,0,0,0,,,,0,0,,,,,,,N
GO,92797,CABECEIRAS,N,23,0,2661,2526,5187,51.3,48.7,Lula,11,12,47.83,52.17,0,0,0,,,,0,0,,,,,,,N
GO,92819,CACHOEIRA ALTA,N,27,0,2804,3125,5929,47.29,52.71,Bolsonaro,5,21,18.52,77.78,0,0,0,,,,0,0,,,,,,,N
GO,92835,CACHOEIRA DE GOIÁS,N,6,0,644,704,1348,47.77,52.23,Bolsonaro,1,5,16.67,83.33,0,0,0,,,,0,0,,,,,,,N
GO,96733,CACHOEIRA DOURADA,N,23,0,2909,2474,5383,54.04,45.96,Lula,18,5,78.26,21.74,0,0,0,,,,0,0,,,,,,,N
GO,92878,CAIAPÔNIA,N,39,0,4138,5738,9876,41.9,58.1,Bolsonaro,6,33,15.38,84.62,0,0,0,,,,0,0,,,,,,,N
GO,92894,CALDAS NOVAS,N,204,0,17152,30802,47954,35.77,64.23,Bolsonaro,7,195,3.43,95.59,0,0,0,,,,0,0,,,,,,,N
GO,93122,CALDAZINHA,N,0,9,0,0,0,,,,0,0,,,1166,1366,2532,46.05,53.95,Bolsonaro,0,9,0.0,100.0,,,,,N
GO,92916,CAMPESTRE DE GOIÁS,N,12,0,1335,1457,2792,47.82,52.18,Bolsonaro,4,7,33.33,58.33,0,0,0,,,,0,0,,,,,,,N
GO,96873,CAMPINAÇU,N,14,0,1334,1257,2591,51.49,48.51,Lula,7,7,50.0,50.0,0,0,0,,,,0,0,,,,,,,N
GO,92932,CAMPINORTE,N,29,0,2429,4287,6716,36.17,63.83,Bolsonaro,3,25,10.34,86.21,0,0,0,,,,0,0,,,,,,,N
GO,92959,CAMPO ALEGRE DE GOIÁS,N,18,0,2060,2050,4110,50.12,49.88,Lula,9,9,50.0,50.0,0,0,0,,,,0,0,,,,,,,N
GO,93580,CAMPO LIMPO DE GOIÁS,N,0,17,0,0,0,,,,0,0,,,1688,3013,4701,35.91,64.09,Bolsonaro,0,17,0.0,100.0,,,,,N
GO,92975,CAMPOS BELOS,N,44,0,6452,3988,10440,61.8,38.2,Lula,42,2,95.45,4.55,0,0,0,,,,0,0,,,,,,,N
GO,92061,CAMPOS VERDES,N,14,0,1927,961,2888,66.72,33.28,Lula,14,0,100.0,0.0,0,0,0,,,,0,0,,,,,,,N
GO,92991,CARMO DO RIO VERDE,N,22,0,2251,3290,5541,40.62,59.38,Bolsonaro,2,19,9.09,86.36,0,0,0,,,,0,0,,,,,,,N
GO,92967,CASTELÂNDIA,N,9,0,1449,1302,2751,52.67,47.33,Lula,8,0,88.89,0.0,0,0,0,,,,0,0,,,,,,,N
GO,93017,CATALÃO,N,204,0,28698,28789,57487,49.92,50.08,Bolsonaro,102,102,50.0,50.0,0,0,0,,,,0,0,,,,,,,N
GO,93033,CATURAÍ,N,16,0,1982,1672,3654,54.24,45.76,Lula,14,2,87.5,12.5,0,0,0,,,,0,0,,,,,,,N
GO,93050,CAVALCANTE,N,28,0,4188,884,5072,82.57,17.43,Lula,28,0,100.0,0.0,0,0,0,,,,0,0,,,,,,,N
GO,92851,CAÇU,N,36,0,3033,5110,8143,37.25,62.75,Bolsonaro,1,35,2.78,97.22,0,0,0,,,,0,0,,,,,,,N
GO,93076,CERES,N,54,0,4706,8627,13333,35.3,64.7,Bolsonaro,0,54,0.0,100.0,0,0,0,,,,0,0,,,,,,,N
GO,92100,CEZARINA,N,25,0,2356,3120,5476,43.02,56.98,Bolsonaro,1,24,4.0,96.0,0,0,0,,,,0,0,,,,,,,N
GO,92924,CHAPADÃO DO CÉU,N,21,0,2067,4329,6396,32.32,67.68,Bolsonaro,0,21,0.0,100.0,0,0,0,,,,0,0,,,,,,,N
GO,93025,CIDADE OCIDENTAL,N,0,125,0,0,0,,,,0,0,,,15999,18679,34678,46.14,53.86,Bolsonaro,29,93,23.2,74.4,,,,,N
GO,92886,COCALZINHO DE GOIÁS,N,45,0,4769,7083,11852,40.24,59.76,Bolsonaro,0,45,0.0,100.0,0,0,0,,,,0,0,,,,,,,N
GO,92126,COLINAS DO SUL,N,11,0,1553,761,2314,67.11,32.89,Lula,11,0,100.0,0.0,0,0,0,,,,0,0,,,,,,,N
GO,93190,CORUMBAÍBA,N,23,0,2317,2924,5241,44.21,55.79,Bolsonaro,6,17,26.09,73.91,0,0,0,,,,0,0,,,,,,,N
GO,93173,CORUMBÁ DE GOIÁS,N,29,0,2305,3242,5547,41.55,58.45,Bolsonaro,2,27,6.9,93.1,0,0,0,,,,0,0,,,,,,,N
GO,93254,CRISTALINA,N,104,0,9243,17318,26561,34.8,65.2,Bolsonaro,7,95,6.73,91.35,0,0,0,,,,0,0,,,,,,,N
GO,93270,CRISTIANÓPOLIS,N,10,0,1015,1939,2954,34.36,65.64,Bolsonaro,0,10,0.0,100.0,0,0,0,,,,0,0,,,,,,,N
GO,93297,CRIXÁS,N,44,0,5052,4050,9102,55.5,44.5,Lula,33,11,75.0,25.0,0,0,0,,,,0,0,,,,,,,N
GO,93319,CROMÍNIA,N,14,0,1328,1657,2985,44.49,55.51,Bolsonaro,2,12,14.29,85.71,0,0,0,,,,0,0,,,,,,,N
GO,93335,CUMARI,N,6,0,1205,785,1990,60.55,39.45,Lula,6,0,100.0,0.0,0,0,0,,,,0,0,,,,,,,N
GO,93157,CÓRREGO DO OURO,N,8,0,689,1644,2333,29.53,70.47,Bolsonaro,0,8,0.0,100.0,0,0,0,,,,0,0,,,,,,,N
GO,93351,DAMIANÓPOLIS,N,13,0,1286,1358,2644,48.64,51.36,Bolsonaro,5,8,38.46,61.54,0,0,0,,,,0,0,,,,,,,N
GO,93378,DAMOLÂNDIA,N,11,0,1276,1410,2686,47.51,52.49,Bolsonaro,2,9,18.18,81.82,0,0,0,,,,0,0,,,,,,,N
GO,93394,DAVINÓPOLIS,N,11,0,1581,1005,2586,61.14,38.86,Lula,11,0,100.0,0.0,0,0,0,,,,0,0,,,,,,,N
GO,93432,DIORAMA,N,9,0,729,1095,1824,39.97,60.03,Bolsonaro,0,9,0.0,100.0,0,0,0,,,,0,0,,,,,,,N
GO,93092,DIVINÓPOLIS DE GOIÁS,N,15,0,2215,1143,3358,65.96,34.04,Lula,15,0,100.0,0.0,0,0,0,,,,0,0,,,,,,,N
GO,96750,DOVERLÂNDIA,N,23,0,2054,2368,4422,46.45,53.55,Bolsonaro,5,17,21.74,73.91,0,0,0,,,,0,0,,,,,,,N
GO,92207,EDEALINA,N,11,0,1208,1857,3065,39.41,60.59,Bolsonaro,0,11,0.0,100.0,0,0,0,,,,0,0,,,,,,,N
GO,93491,EDÉIA,N,31,0,3111,4242,7353,42.31,57.69,Bolsonaro,5,25,16.13,80.65,0,0,0,,,,0,0,,,,,,,N
GO,93513,ESTRELA DO NORTE,N,12,0,1162,1117,2279,50.99,49.01,Lula,6,6,50.0,50.0,0,0,0,,,,0,0,,,,,,,N
GO,92223,FAINA,N,19,0,2606,1973,4579,56.91,43.09,Lula,18,1,94.74,5.26,0,0,0,,,,0,0,,,,,,,N
GO,93530,FAZENDA NOVA,N,21,0,1830,2347,4177,43.81,56.19,Bolsonaro,4,17,19.05,80.95,0,0,0,,,,0,0,,,,,,,N
GO,93572,FIRMINÓPOLIS,N,30,0,2201,4356,6557,33.57,66.43,Bolsonaro,0,30,0.0,100.0,0,0,0,,,,0,0,,,,,,,N
GO,93599,FLORES DE GOIÁS,N,24,0,2683,2236,4919,54.54,45.46,Lula,20,4,83.33,16.67,0,0,0,,,,0,0,,,,,,,N
GO,93610,FORMOSA,N,237,0,24698,33414,58112,42.5,57.5,Bolsonaro,47,190,19.83,80.17,0,0,0,,,,0,0,,,,,,,N
GO,93637,FORMOSO,N,17,0,1799,1607,3406,52.82,47.18,Lula,10,6,58.82,35.29,0,0,0,,,,0,0,,,,,,,N
GO,93564,GAMELEIRA DE GOIÁS,N,0,10,0,0,0,,,,0,0,,,1157,1396,2553,45.32,54.68,Bolsonaro,2,7,20.0,70.0,,,,,N
GO,93696,GOIANDIRA,N,13,0,1944,1543,3487,55.75,44.25,Lula,13,0,100.0,0.0,0,0,0,,,,0,0,,,,,,,N
GO,93750,GOIANIRA,N,117,0,13554,16788,30342,44.67,55.33,Bolsonaro,16,101,13.68,86.32,0,0,0,,,,0,0,,,,,,,N
GO,93670,GOIANÁPOLIS,N,0,38,0,0,0,,,,0,0,,,2209,5779,7988,27.65,72.35,Bolsonaro,0,38,0.0,100.0,,,,,N
GO,93718,GOIANÉSIA,N,158,0,18339,25164,43503,42.16,57.84,Bolsonaro,43,114,27.22,72.15,0,0,0,,,,0,0,,,,,,,N
GO,93793,GOIATUBA,N,90,0,7875,13024,20899,37.68,62.32,Bolsonaro,7,83,7.78,92.22,0,0,0,,,,0,0,,,,,,,N
GO,93777,GOIÁS,N,61,0,8240,6307,14547,56.64,43.36,Lula,55,5,90.16,8.2,0,0,0,,,,0,0,,,,,,,N
GO,93734,GOIÂNIA,N,0,2928,0,0,0,,,,0,0,,,289172,513018,802190,36.05,63.95,Bolsonaro,46,2881,1.57,98.39,,,,,N
GO,92266,GOUVELÂNDIA,N,13,0,1717,1145,2862,59.99,40.01,Lula,13,0,100.0,0.0,0,0,0,,,,0,0,,,,,,,N
GO,93815,GUAPÓ,N,46,0,5017,5169,10186,49.25,50.75,Bolsonaro,21,24,45.65,52.17,0,0,0,,,,0,0,,,,,,,N
GO,93831,GUARANI DE GOIÁS,N,17,0,2205,1038,3243,67.99,32.01,Lula,17,0,100.0,0.0,0,0,0,,,,0,0,,,,,,,N
GO,93149,GUARAÍTA,N,9,0,1034,1101,2135,48.43,51.57,Bolsonaro,3,6,33.33,66.67,0,0,0,,,,0,0,,,,,,,N
GO,92860,GUARINOS,N,9,0,1101,634,1735,63.46,36.54,Lula,9,0,100.0,0.0,0,0,0,,,,0,0,,,,,,,N
GO,93874,HEITORAÍ,N,13,0,1421,1608,3029,46.91,53.09,Bolsonaro,0,13,0.0,100.0,0,0,0,,,,0,0,,,,,,,N
GO,93912,HIDROLINA,N,14,0,1544,1329,2873,53.74,46.26,Lula,8,5,57.14,35.71,0,0,0,,,,0,0,,,,,,,N
GO,93890,HIDROLÂNDIA,N,0,61,0,0,0,,,,0,0,,,6247,7959,14206,43.97,56.03,Bolsonaro,6,54,9.84,88.52,,,,,N
GO,93939,IACIARA,N,25,0,3413,2362,5775,59.1,40.9,Lula,25,0,100.0,0.0,0,0,0,,,,0,0,,,,,,,N
GO,93165,INACIOLÂNDIA,N,14,0,2097,1444,3541,59.22,40.78,Lula,13,0,92.86,0.0,0,0,0,,,,0,0,,,,,,,N
GO,96814,INDIARA,N,37,0,4370,4541,8911,49.04,50.96,Bolsonaro,19,18,51.35,48.65,0,0,0,,,,0,0,,,,,,,N
GO,93955,INHUMAS,N,121,0,13964,17182,31146,44.83,55.17,Bolsonaro,25,94,20.66,77.69,0,0,0,,,,0,0,,,,,,,N
GO,93971,IPAMERI,N,64,0,7028,8329,15357,45.76,54.24,Bolsonaro,25,38,39.06,59.38,0,0,0,,,,0,0,,,,,,,N
GO,93548,IPIRANGA DE GOIÁS,N,9,0,1008,1368,2376,42.42,57.58,Bolsonaro,0,8,0.0,88.89,0,0,0,,,,0,0,,,,,,,N
GO,93998,IPORÁ,N,96,0,7796,11960,19756,39.46,60.54,Bolsonaro,11,85,11.46,88.54,0,0,0,,,,0,0,,,,,,,N
GO,94013,ISRAELÂNDIA,N,10,0,1016,1091,2107,48.22,51.78,Bolsonaro,4,6,40.0,60.0,0,0,0,,,,0,0,,,,,,,N
GO,94030,ITABERAÍ,N,92,0,11329,12965,24294,46.63,53.37,Bolsonaro,33,59,35.87,64.13,0,0,0,,,,0,0,,,,,,,N
GO,92282,ITAGUARI,N,16,0,2019,1852,3871,52.16,47.84,Lula,13,2,81.25,12.5,0,0,0,,,,0,0,,,,,,,N
GO,94072,ITAGUARU,N,18,0,2288,1993,4281,53.45,46.55,Lula,13,5,72.22,27.78,0,0,0,,,,0,0,,,,,,,N
GO,94110,ITAJÁ,N,16,0,1091,1678,2769,39.4,60.6,Bolsonaro,0,16,0.0,100.0,0,0,0,,,,0,0,,,,,,,N
GO,94137,ITAPACI,N,46,0,5724,5864,11588,49.4,50.6,Bolsonaro,17,28,36.96,60.87,0,0,0,,,,0,0,,,,,,,N
GO,94153,ITAPIRAPUÃ,N,23,0,2643,2453,5096,51.86,48.14,Lula,12,10,52.17,43.48,0,0,0,,,,0,0,,,,,,,N
GO,94196,ITAPURANGA,N,75,0,8134,9129,17263,47.12,52.88,Bolsonaro,19,55,25.33,73.33,0,0,0,,,,0,0,,,,,,,N
GO,94218,ITARUMÃ,N,17,0,1525,1718,3243,47.02,52.98,Bolsonaro,4,13,23.53,76.47,0,0,0,,,,0,0,,,,,,,N
GO,94234,ITAUÇU,N,31,0,2633,3123,5756,45.74,54.26,Bolsonaro,5,25,16.13,80.65,0,0,0,,,,0,0,,,,,,,N
GO,94250,ITUMBIARA,N,207,0,23248,33470,56718,40.99,59.01,Bolsonaro,30,177,14.49,85.51,0,0,0,,,,0,0,,,,,,,N
GO,94277,IVOLÂNDIA,N,9,0,1038,1060,2098,49.48,50.52,Bolsonaro,3,6,33.33,66.67,0,0,0,,,,0,0,,,,,,,N
GO,94293,JANDAIA,N,21,0,1907,2704,4611,41.36,58.64,Bolsonaro,1,20,4.76,95.24,0,0,0,,,,0,0,,,,,,,N
GO,94315,JARAGUÁ,N,93,0,8001,17449,25450,31.44,68.56,Bolsonaro,0,93,0.0,100.0,0,0,0,,,,0,0,,,,,,,N
GO,94331,JATAÍ,N,249,0,20173,34099,54272,37.17,62.83,Bolsonaro,22,225,8.84,90.36,0,0,0,,,,0,0,,,,,,,N
GO,94358,JAUPACI,N,11,0,1061,976,2037,52.09,47.91,Lula,5,5,45.45,45.45,0,0,0,,,,0,0,,,,,,,N
GO,92983,JESÚPOLIS,N,7,0,719,1153,1872,38.41,61.59,Bolsonaro,0,7,0.0,100.0,0,0,0,,,,0,0,,,,,,,N
GO,94374,JOVIÂNIA,N,22,0,2046,2287,4333,47.22,52.78,Bolsonaro,10,11,45.45,50.0,0,0,0,,,,0,0,,,,,,,N
GO,94390,JUSSARA,N,48,0,4433,6561,10994,40.32,59.68,Bolsonaro,5,43,10.42,89.58,0,0,0,,,,0,0,,,,,,,N
GO,93602,LAGOA SANTA,N,5,0,438,665,1103,39.71,60.29,Bolsonaro,0,5,0.0,100.0,0,0,0,,,,0,0,,,,,,,N
GO,94439,LEOPOLDO DE BULHÕES,N,0,22,0,0,0,,,,0,0,,,2344,2738,5082,46.12,53.88,Bolsonaro,7,15,31.82,68.18,,,,,N
GO,94455,LUZIÂNIA,N,352,0,39256,59686,98942,39.68,60.32,Bolsonaro,18,333,5.11,94.6,0,0,0,,,,0,0,,,,,,,N
GO,94471,MAIRIPOTABA,N,10,0,885,1151,2036,43.47,56.53,Bolsonaro,0,10,0.0,100.0,0,0,0,,,,0,0,,,,,,,N
GO,94498,MAMBAÍ,N,19,0,1795,2720,4515,39.76,60.24,Bolsonaro,0,18,0.0,94.74,0,0,0,,,,0,0,,,,,,,N
GO,94510,MARA ROSA,N,30,0,2913,3279,6192,47.04,52.96,Bolsonaro,11,19,36.67,63.33,0,0,0,,,,0,0,,,,,,,N
GO,94536,MARZAGÃO,N,7,0,945,989,1934,48.86,51.14,Bolsonaro,2,4,28.57,57.14,0,0,0,,,,0,0,,,,,,,N
GO,92320,MATRINCHÃ,N,12,0,1471,1395,2866,51.33,48.67,Lula,6,5,50.0,41.67,0,0,0,,,,0,0,,,,,,,N
GO,94579,MAURILÂNDIA,N,19,0,2869,2460,5329,53.84,46.16,Lula,12,7,63.16,36.84,0,0,0,,,,0,0,,,,,,,N
GO,92347,MIMOSO DE GOIÁS,N,10,0,1182,1138,2320,50.95,49.05,Lula,5,3,50.0,30.0,0,0,0,,,,0,0,,,,,,,N
GO,96474,MINAÇU,N,78,0,7512,8788,16300,46.09,53.91,Bolsonaro,30,48,38.46,61.54,0,0,0,,,,0,0,,,,,,,N
GO,94595,MINEIROS,N,132,0,14649,20936,35585,41.17,58.83,Bolsonaro,42,90,31.82,68.18,0,0,0,,,,0,0,,,,,,,N
GO,94650,MOIPORÁ,N,8,0,647,1073,1720,37.62,62.38,Bolsonaro,1,7,12.5,87.5,0,0,0,,,,0,0,,,,,,,N
GO,94676,MONTE ALEGRE DE GOIÁS,N,22,0,2659,1189,3848,69.1,30.9,Lula,22,0,100.0,0.0,0,0,0,,,,0,0,,,,,,,N
GO,94714,MONTES CLAROS DE GOIÁS,N,22,0,2097,3057,5154,40.69,59.31,Bolsonaro,1,21,4.55,95.45,0,0,0,,,,0,0,,,,,,,N
GO,92363,MONTIVIDIU,N,29,0,2477,5010,7487,33.08,66.92,Bolsonaro,0,29,0.0,100.0,0,0,0,,,,0,0,,,,,,,N
GO,93181,MONTIVIDIU DO NORTE,N,14,0,1256,1286,2542,49.41,50.59,Bolsonaro,6,8,42.86,57.14,0,0,0,,,,0,0,,,,,,,N
GO,94730,MORRINHOS,N,105,0,11632,15783,27415,42.43,57.57,Bolsonaro,20,85,19.05,80.95,0,0,0,,,,0,0,,,,,,,N
GO,92169,MORRO AGUDO DE GOIÁS,N,8,0,878,1392,2270,38.68,61.32,Bolsonaro,0,8,0.0,100.0,0,0,0,,,,0,0,,,,,,,N
GO,94757,MOSSÂMEDES,N,15,0,2127,1454,3581,59.4,40.6,Lula,14,1,93.33,6.67,0,0,0,,,,0,0,,,,,,,N
GO,94773,MOZARLÂNDIA,N,41,0,3915,4704,8619,45.42,54.58,Bolsonaro,5,34,12.2,82.93,0,0,0,,,,0,0,,,,,,,N
GO,96512,MUNDO NOVO,N,17,0,1797,1838,3635,49.44,50.56,Bolsonaro,7,10,41.18,58.82,0,0,0,,,,0,0,,,,,,,N
GO,94790,MUTUNÓPOLIS,N,14,0,1128,1506,2634,42.82,57.18,Bolsonaro,0,14,0.0,100.0,0,0,0,,,,0,0,,,,,,,N
GO,94854,NAZÁRIO,N,24,0,2281,3323,5604,40.7,59.3,Bolsonaro,1,23,4.17,95.83,0,0,0,,,,0,0,,,,,,,N
GO,94870,NERÓPOLIS,N,67,0,7822,9957,17779,44.0,56.0,Bolsonaro,12,55,17.91,82.09,0,0,0,,,,0,0,,,,,,,N
GO,94897,NIQUELÂNDIA,N,95,0,9288,10636,19924,46.62,53.38,Bolsonaro,33,61,34.74,64.21,0,0,0,,,,0,0,,,,,,,N
GO,94919,NOVA AMÉRICA,N,10,0,853,1090,1943,43.9,56.1,Bolsonaro,1,9,10.0,90.0,0,0,0,,,,0,0,,,,,,,N
GO,94935,NOVA AURORA,N,6,0,974,774,1748,55.72,44.28,Lula,4,2,66.67,33.33,0,0,0,,,,0,0,,,,,,,N
GO,96539,NOVA CRIXÁS,N,30,0,3411,2933,6344,53.77,46.23,Lula,26,4,86.67,13.33,0,0,0,,,,0,0,,,,,,,N
GO,96555,NOVA GLÓRIA,N,25,0,2422,2839,5261,46.04,53.96,Bolsonaro,5,19,20.0,76.0,0,0,0,,,,0,0,,,,,,,N
GO,93084,NOVA IGUAÇU DE GOIÁS,N,8,0,977,1049,2026,48.22,51.78,Bolsonaro,4,4,50.0,50.0,0,0,0,,,,0,0,,,,,,,N
GO,94951,NOVA ROMA,N,11,0,1403,557,1960,71.58,28.42,Lula,11,0,100.0,0.0,0,0,0,,,,0,0,,,,,,,N
GO,94978,NOVA VENEZA,N,21,0,2669,3552,6221,42.9,57.1,Bolsonaro,1,20,4.76,95.24,0,0,0,,,,0,0,,,,,,,N
GO,95010,NOVO BRASIL,N,14,0,1126,1443,2569,43.83,56.17,Bolsonaro,1,13,7.14,92.86,0,0,0,,,,0,0,,,,,,,N
GO,93327,NOVO GAMA,N,0,156,0,0,0,,,,0,0,,,17817,21719,39536,45.07,54.93,Bolsonaro,34,120,21.79,76.92,,,,,N
GO,92444,NOVO PLANALTO,N,12,0,1257,1426,2683,46.85,53.15,Bolsonaro,4,8,33.33,66.67,0,0,0,,,,0,0,,,,,,,N
GO,95036,ORIZONA,N,43,0,3879,5321,9200,42.16,57.84,Bolsonaro,7,36,16.28,83.72,0,0,0,,,,0,0,,,,,,,N
GO,95052,OURO VERDE DE GOIÁS,N,0,11,0,0,0,,,,0,0,,,1184,1728,2912,40.66,59.34,Bolsonaro,0,11,0.0,100.0,,,,,N
GO,95079,OUVIDOR,N,24,0,3683,3163,6846,53.8,46.2,Lula,20,4,83.33,16.67,0,0,0,,,,0,0,,,,,,,N
GO,95095,PADRE BERNARDO,N,60,0,6329,7905,14234,44.46,55.54,Bolsonaro,16,44,26.67,73.33,0,0,0,,,,0,0,,,,,,,N
GO,92460,PALESTINA DE GOIÁS,N,11,0,1124,1613,2737,41.07,58.93,Bolsonaro,1,10,9.09,90.91,0,0,0,,,,0,0,,,,,,,N
GO,95117,PALMEIRAS DE GOIÁS,N,67,0,6112,10469,16581,36.86,63.14,Bolsonaro,1,65,1.49,97.01,0,0,0,,,,0,0,,,,,,,N
GO,95133,PALMELO,N,7,0,795,925,1720,46.22,53.78,Bolsonaro,0,6,0.0,85.71,0,0,0,,,,0,0,,,,,,,N
GO,95150,PALMINÓPOLIS,N,15,0,1079,2136,3215,33.56,66.44,Bolsonaro,0,15,0.0,100.0,0,0,0,,,,0,0,,,,,,,N
GO,95176,PANAMÁ,N,7,0,983,959,1942,50.62,49.38,Lula,3,4,42.86,57.14,0,0,0,,,,0,0,,,,,,,N
GO,94552,PARANAIGUARA,N,23,0,2913,2366,5279,55.18,44.82,Lula,16,7,69.57,30.43,0,0,0,,,,0,0,,,,,,,N
GO,95230,PARAÚNA,N,30,0,2681,3988,6669,40.2,59.8,Bolsonaro,3,27,10.0,90.0,0,0,0,,,,0,0,,,,,,,N
GO,93068,PEROLÂNDIA,N,8,0,1028,1277,2305,44.6,55.4,Bolsonaro,0,7,0.0,87.5,0,0,0,,,,0,0,,,,,,,N
GO,95311,PETROLINA DE GOIÁS,N,29,0,2196,3377,5573,39.4,60.6,Bolsonaro,0,29,0.0,100.0,0,0,0,,,,0,0,,,,,,,N
GO,95354,PILAR DE GOIÁS,N,13,0,1459,1159,2618,55.73,44.27,Lula,10,3,76.92,23.08,0,0,0,,,,0,0,,,,,,,N
GO,95397,PIRACANJUBA,N,61,0,6392,7634,14026,45.57,54.43,Bolsonaro,19,41,31.15,67.21,0,0,0,,,,0,0,,,,,,,N
GO,95419,PIRANHAS,N,32,0,3231,3985,7216,44.78,55.22,Bolsonaro,14,18,43.75,56.25,0,0,0,,,,0,0,,,,,,,N
GO,95435,PIRENÓPOLIS,N,69,0,6870,8523,15393,44.63,55.37,Bolsonaro,23,46,33.33,66.67,0,0,0,,,,0,0,,,,,,,N
GO,95451,PIRES DO RIO,N,67,0,5918,10397,16315,36.27,63.73,Bolsonaro,0,67,0.0,100.0,0,0,0,,,,0,0,,,,,,,N
GO,95958,PLANALTINA,N,181,0,22757,24240,46997,48.42,51.58,Bolsonaro,75,103,41.44,56.91,0,0,0,,,,0,0,,,,,,,N
GO,95494,PONTALINA,N,49,0,4971,6080,11051,44.98,55.02,Bolsonaro,14,35,28.57,71.43,0,0,0,,,,0,0,,,,,,,N
GO,95559,PORANGATU,N,105,0,10468,12830,23298,44.93,55.07,Bolsonaro,33,72,31.43,68.57,0,0,0,,,,0,0,,,,,,,N
GO,93424,PORTEIRÃO,N,10,0,1267,1345,2612,48.51,51.49,Bolsonaro,5,5,50.0,50.0,0,0,0,,,,0,0,,,,,,,N
GO,95575,PORTELÂNDIA,N,10,0,1115,1292,2407,46.32,53.68,Bolsonaro,1,9,10.0,90.0,0,0,0,,,,0,0,,,,,,,N
GO,95613,POSSE,N,83,0,9578,9144,18722,51.16,48.84,Lula,37,45,44.58,54.22,0,0,0,,,,0,0,,,,,,,N
GO,93041,PROFESSOR JAMIL,N,10,0,1235,1107,2342,52.73,47.27,Lula,9,1,90.0,10.0,0,0,0,,,,0,0,,,,,,,N
GO,95630,QUIRINÓPOLIS,N,104,0,12495,14276,26771,46.67,53.33,Bolsonaro,34,70,32.69,67.31,0,0,0,,,,0,0,,,,,,,N
GO,95656,RIALMA,N,26,0,2381,4566,6947,34.27,65.73,Bolsonaro,0,26,0.0,100.0,0,0,0,,,,0,0,,,,,,,N
GO,95672,RIANÁPOLIS,N,13,0,1014,1926,2940,34.49,65.51,Bolsonaro,0,13,0.0,100.0,0,0,0,,,,0,0,,,,,,,N
GO,92827,RIO QUENTE,N,12,0,1138,1707,2845,40.0,60.0,Bolsonaro,0,12,0.0,100.0,0,0,0,,,,0,0,,,,,,,N
GO,95710,RIO VERDE,N,427,0,42715,69385,112100,38.1,61.9,Bolsonaro,70,355,16.39,83.14,0,0,0,,,,0,0,,,,,,,N
GO,95737,RUBIATABA,N,52,0,3840,7887,11727,32.74,67.26,Bolsonaro,0,52,0.0,100.0,0,0,0,,,,0,0,,,,,,,N
GO,95753,SANCLERLÂNDIA,N,22,0,2418,3080,5498,43.98,56.02,Bolsonaro,3,19,13.64,86.36,0,0,0,,,,0,0,,,,,,,N
GO,95770,SANTA BÁRBARA DE GOIÁS,N,18,0,1795,2356,4151,43.24,56.76,Bolsonaro,0,18,0.0,100.0,0,0,0,,,,0,0,,,,,,,N
GO,95796,SANTA CRUZ DE GOIÁS,N,10,0,1107,1277,2384,46.43,53.57,Bolsonaro,2,8,20.0,80.0,0,0,0,,,,0,0,,,,,,,N
GO,92568,SANTA FÉ DE GOIÁS,N,16,0,1394,1597,2991,46.61,53.39,Bolsonaro,3,12,18.75,75.0,0,0,0,,,,0,0,,,,,,,N
GO,95818,SANTA HELENA DE GOIÁS,N,90,0,10718,12407,23125,46.35,53.65,Bolsonaro,31,59,34.44,65.56,0,0,0,,,,0,0,,,,,,,N
GO,96890,SANTA ISABEL,N,14,0,1169,1681,2850,41.02,58.98,Bolsonaro,0,14,0.0,100.0,0,0,0,,,,0,0,,,,,,,N
GO,95834,SANTA RITA DO ARAGUAIA,N,15,0,1451,1739,3190,45.49,54.51,Bolsonaro,3,11,20.0,73.33,0,0,0,,,,0,0,,,,,,,N
GO,93440,SANTA RITA DO NOVO DESTINO,N,10,0,1125,1059,2184,51.51,48.49,Lula,5,4,50.0,40.0,0,0,0,,,,0,0,,,,,,,N
GO,95850,SANTA ROSA DE GOIÁS,N,12,0,1239,1289,2528,49.01,50.99,Bolsonaro,5,7,41.67,58.33,0,0,0,,,,0,0,,,,,,,N
GO,95877,SANTA TEREZA DE GOIÁS,N,13,0,1236,1079,2315,53.39,46.61,Lula,9,4,69.23,30.77,0,0,0,,,,0,0,,,,,,,N
GO,95893,SANTA TEREZINHA DE GOIÁS,N,26,0,3129,2650,5779,54.14,45.86,Lula,20,6,76.92,23.08,0,0,0,,,,0,0,,,,,,,N
GO,93203,SANTO ANTÔNIO DA BARRA,N,15,0,1767,1381,3148,56.13,43.87,Lula,13,2,86.67,13.33,0,0,0,,,,0,0,,,,,,,N
GO,92908,SANTO ANTÔNIO DE GOIÁS,N,18,0,2168,2609,4777,45.38,54.62,Bolsonaro,2,15,11.11,83.33,0,0,0,,,,0,0,,,,,,,N
GO,96776,SANTO ANTÔNIO DO DESCOBERTO,N,0,132,0,0,0,,,,0,0,,,14232,18879,33111,42.98,57.02,Bolsonaro,14,118,10.61,89.39,,,,,N
GO,92703,SENADOR CANEDO,N,0,224,0,0,0,,,,0,0,,,29087,35464,64551,45.06,54.94,Bolsonaro,22,200,9.82,89.29,,,,,N
GO,96075,SERRANÓPOLIS,N,19,0,2262,2414,4676,48.37,51.63,Bolsonaro,8,11,42.11,57.89,0,0,0,,,,0,0,,,,,,,N
GO,96091,SILVÂNIA,N,0,52,0,0,0,,,,0,0,,,5075,7309,12384,40.98,59.02,Bolsonaro,6,46,11.54,88.46,,,,,N
GO,92720,SIMOLÂNDIA,N,20,0,2354,1705,4059,57.99,42.01,Lula,20,0,100.0,0.0,0,0,0,,,,0,0,,,,,,,N
GO,95915,SÃO DOMINGOS,N,28,0,3291,1699,4990,65.95,34.05,Lula,28,0,100.0,0.0,0,0,0,,,,0,0,,,,,,,N
GO,95931,SÃO FRANCISCO DE GOIÁS,N,17,0,1448,2211,3659,39.57,60.43,Bolsonaro,0,17,0.0,100.0,0,0,0,,,,0,0,,,,,,,N
GO,95974,SÃO JOÃO D'ALIANÇA,N,20,0,2705,2600,5305,50.99,49.01,Lula,8,11,40.0,55.0,0,0,0,,,,0,0,,,,,,,N
GO,92622,SÃO JOÃO DA PARAÚNA,N,6,0,668,1006,1674,39.9,60.1,Bolsonaro,0,6,0.0,100.0,0,0,0,,,,0,0,,,,,,,N
GO,92649,SÃO LUIZ DO NORTE,N,15,0,1916,1595,3511,54.57,45.43,Lula,14,1,93.33,6.67,0,0,0,,,,0,0,,,,,,,N
GO,95990,SÃO LUÍS DE MONTES BELOS,N,73,0,5241,13526,18767,27.93,72.07,Bolsonaro,1,72,1.37,98.63,0,0,0,,,,0,0,,,,,,,N
GO,96016,SÃO MIGUEL DO ARAGUAIA,N,59,0,5189,8200,13389,38.76,61.24,Bolsonaro,8,50,13.56,84.75,0,0,0,,,,0,0,,,,,,,N
GO,92665,SÃO MIGUEL DO PASSA QUATRO,N,0,10,0,0,0,,,,0,0,,,1347,1469,2816,47.83,52.17,Bolsonaro,3,7,30.0,70.0,,,,,N
GO,93483,SÃO PATRÍCIO,N,9,0,662,1184,1846,35.86,64.14,Bolsonaro,0,9,0.0,100.0,0,0,0,,,,0,0,,,,,,,N
GO,96059,SÃO SIMÃO,N,48,0,5622,4542,10164,55.31,44.69,Lula,37,11,77.08,22.92,0,0,0,,,,0,0,,,,,,,N
GO,96113,SÍTIO D'ABADIA,N,9,0,1163,828,1991,58.41,41.59,Lula,9,0,100.0,0.0,0,0,0,,,,0,0,,,,,,,N
GO,96172,TAQUARAL DE GOIÁS,N,17,0,1465,1924,3389,43.23,56.77,Bolsonaro,0,17,0.0,100.0,0,0,0,,,,0,0,,,,,,,N
GO,92762,TERESINA DE GOIÁS,N,10,0,1236,623,1859,66.49,33.51,Lula,10,0,100.0,0.0,0,0,0,,,,0,0,,,,,,,N
GO,93220,TEREZÓPOLIS DE GOIÁS,N,0,18,0,0,0,,,,0,0,,,2199,2729,4928,44.62,55.38,Bolsonaro,0,18,0.0,100.0,,,,,N
GO,96253,TRINDADE,N,254,0,29519,39215,68734,42.95,57.05,Bolsonaro,36,215,14.17,84.65,0,0,0,,,,0,0,,,,,,,N
GO,92789,TROMBAS,N,13,0,1048,1082,2130,49.2,50.8,Bolsonaro,6,7,46.15,53.85,0,0,0,,,,0,0,,,,,,,N
GO,96237,TRÊS RANCHOS,N,11,0,1541,1194,2735,56.34,43.66,Lula,10,1,90.91,9.09,0,0,0,,,,0,0,,,,,,,N
GO,92800,TURVELÂNDIA,N,15,0,1784,1344,3128,57.03,42.97,Lula,15,0,100.0,0.0,0,0,0,,,,0,0,,,,,,,N
GO,96318,TURVÂNIA,N,17,0,1362,2294,3656,37.25,62.75,Bolsonaro,0,17,0.0,100.0,0,0,0,,,,0,0,,,,,,,N
GO,93246,UIRAPURU,N,9,0,1098,867,1965,55.88,44.12,Lula,7,2,77.78,22.22,0,0,0,,,,0,0,,,,,,,N
GO,96350,URUANA,N,36,0,3506,4668,8174,42.89,57.11,Bolsonaro,5,31,13.89,86.11,0,0,0,,,,0,0,,,,,,,N
GO,96334,URUAÇU,N,101,0,9794,12139,21933,44.65,55.35,Bolsonaro,23,78,22.77,77.23,0,0,0,,,,0,0,,,,,,,N
GO,96377,URUTAÍ,N,14,0,1312,1256,2568,51.09,48.91,Lula,8,6,57.14,42.86,0,0,0,,,,0,0,,,,,,,N
GO,93300,VALPARAÍSO DE GOIÁS,N,0,261,0,0,0,,,,0,0,,,31177,39822,70999,43.91,56.09,Bolsonaro,42,218,16.09,83.52,,,,,N
GO,96393,VARJÃO,N,12,0,1088,1804,2892,37.62,62.38,Bolsonaro,0,12,0.0,100.0,0,0,0,,,,0,0,,,,,,,N
GO,96415,VIANÓPOLIS,N,0,31,0,0,0,,,,0,0,,,2897,5618,8515,34.02,65.98,Bolsonaro,0,31,0.0,100.0,,,,,N
GO,96571,VICENTINÓPOLIS,N,21,0,2406,2613,5019,47.94,52.06,Bolsonaro,4,17,19.05,80.95,0,0,0,,,,0,0,,,,,,,N
GO,93289,VILA BOA,N,12,0,1721,935,2656,64.8,35.2,Lula,12,0,100.0,0.0,0,0,0,,,,0,0,,,,,,,N
GO,93505,VILA PROPÍCIO,N,18,0,1881,1959,3840,48.98,51.02,Bolsonaro,9,9,50.0,50.0,0,0,0,,,,0,0,,,,,,,N
GO,96938,ÁGUA FRIA DE GOIÁS,N,13,0,1380,2051,3431,40.22,59.78,Bolsonaro,0,13,0.0,100.0,0,0,0,,,,0,0,,,,,,,N
GO,92037,ÁGUA LIMPA,N,8,0,787,954,1741,45.2,54.8,Bolsonaro,1,7,12.5,87.5,0,0,0,,,,0,0,,,,,,,N
GO,93343,ÁGUAS LINDAS DE GOIÁS,N,0,282,0,0,0,,,,0,0,,,40369,44946,85315,47.32,52.68,Bolsonaro,75,205,26.6,72.7,,,,,N
MA,7013,AFONSO CUNHA,N,25,0,4640,548,5188,89.44,10.56,Lula,25,0,100.0,0.0,0,0,0,,,,0,0,,,,,,,N
MA,7030,ALCÂNTARA,N,74,0,9671,2455,12126,79.75,20.25,Lula,73,1,98.65,1.35,0,0,0,,,,0,0,,,,,,,N
MA,7056,ALDEIAS ALTAS,N,0,68,0,0,0,,,,0,0,,,11224,2038,13262,84.63,15.37,Lula,68,0,100.0,0.0,,,,,N
MA,7072,ALTAMIRA DO MARANHÃO,N,20,0,2936,861,3797,77.32,22.68,Lula,20,0,100.0,0.0,0,0,0,,,,0,0,,,,,,,N
MA,7021,ALTO ALEGRE DO MARANHÃO,N,61,0,10671,2721,13392,79.68,20.32,Lula,61,0,100.0,0.0,0,0,0,,,,0,0,,,,,,,N
MA,7048,ALTO ALEGRE DO PINDARÉ,N,81,0,12460,2533,14993,83.11,16.89,Lula,81,0,100.0,0.0,0,0,0,,,,0,0,,,,,,,N
MA,7099,ALTO PARNAÍBA,N,28,0,4147,1795,5942,69.79,30.21,Lula,28,0,100.0,0.0,0,0,0,,,,0,0,,,,,,,N
MA,7080,AMAPÁ DO MARANHÃO,N,22,0,2996,902,3898,76.86,23.14,Lula,22,0,100.0,0.0,0,0,0,,,,0,0,,,,,,,N
MA,7110,AMARANTE DO MARANHÃO,N,92,0,11468,8491,19959,57.46,42.54,Lula,62,29,67.39,31.52,0,0,0,,,,0,0,,,,,,,N
MA,7137,ANAJATUBA,N,60,0,11941,2252,14193,84.13,15.87,Lula,60,0,100.0,0.0,0,0,0,,,,0,0,,,,,,,N
MA,7153,ANAPURUS,N,45,0,8630,2066,10696,80.68,19.32,Lula,45,0,100.0,0.0,0,0,0,,,,0,0,,,,,,,N
MA,7064,APICUM-AÇU,N,48,0,7062,2410,9472,74.56,25.44,Lula,47,1,97.92,2.08,0,0,0,,,,0,0,,,,,,,N
MA,7102,ARAGUANÃ,N,27,0,4562,1000,5562,82.02,17.98,Lula,27,0,100.0,0.0,0,0,0,,,,0,0,,,,,,,N
MA,7170,ARAIOSES,N,121,0,19925,3718,23643,84.27,15.73,Lula,121,0,100.0,0.0,0,0,0,,,,0,0,,,,,,,N
MA,9679,ARAME,N,79,0,11517,4361,15878,72.53,27.47,Lula,79,0,100.0,0.0,0,0,0,,,,0,0,,,,,,,N
MA,7196,ARARI,N,81,0,13294,3981,17275,76.96,23.04,Lula,81,0,100.0,0.0,0,0,0,,,,0,0,,,,,,,N
MA,7218,AXIXÁ,N,34,0,6297,1553,7850,80.22,19.78,Lula,34,0,100.0,0.0,0,0,0,,,,0,0,,,,,,,N
MA,9610,AÇAILÂNDIA,N,0,243,0,0,0,,,,0,0,,,27046,31734,58780,46.01,53.99,Bolsonaro,81,160,33.33,65.84,,,,,N
MA,7234,BACABAL,N,0,226,0,0,0,,,,0,0,,,34297,17601,51898,66.09,33.91,Lula,205,20,90.71,8.85,,,,,N
MA,7129,BACABEIRA,N,0,47,0,0,0,,,,0,0,,,9141,2177,11318,80.77,19.23,Lula,47,0,100.0,0.0,,,,,N
MA,7250,BACURI,N,49,0,8081,1411,9492,85.13,14.87,Lula,49,0,100.0,0.0,0,0,0,,,,0,0,,,,,,,N
MA,7145,BACURITUBA,N,19,0,3142,383,3525,89.13,10.87,Lula,19,0,100.0,0.0,0,0,0,,,,0,0,,,,,,,N
MA,7277,BALSAS,N,181,0,26012,24202,50214,51.8,48.2,Lula,95,83,52.49,45.86,0,0,0,,,,0,0,,,,,,,N
MA,7315,BARRA DO CORDA,N,220,0,29904,15143,45047,66.38,33.62,Lula,201,19,91.36,8.64,0,0,0,,,,0,0,,,,,,,N
MA,7331,BARREIRINHAS,N,171,0,29131,7080,36211,80.45,19.55,Lula,171,0,100.0,0.0,0,0,0,,,,0,0,,,,,,,N
MA,7293,BARÃO DE GRAJAÚ,N,46,0,9851,1389,11240,87.64,12.36,Lula,46,0,100.0,0.0,0,0,0,,,,0,0,,,,,,,N
MA,7188,BELA VISTA DO MARANHÃO,N,0,33,0,0,0,,,,0,0,,,5673,1489,7162,79.21,20.79,Lula,33,0,100.0,0.0,,,,,N
MA,7161,BELÁGUA,N,23,0,5103,507,5610,90.96,9.04,Lula,23,0,100.0,0.0,0,0,0,,,,0,0,,,,,,,N
MA,7358,BENEDITO LEITE,N,12,0,2526,634,3160,79.94,20.06,Lula,12,0,100.0,0.0,0,0,0,,,,0,0,,,,,,,N
MA,7374,BEQUIMÃO,N,62,0,11047,2225,13272,83.24,16.76,Lula,62,0,100.0,0.0,0,0,0,,,,0,0,,,,,,,N
MA,7200,BERNARDO DO MEARIM,N,0,18,0,0,0,,,,0,0,,,2951,961,3912,75.43,24.57,Lula,18,0,100.0,0.0,,,,,N
MA,7323,BOA VISTA DO GURUPI,N,21,0,3295,1097,4392,75.02,24.98,Lula,21,0,100.0,0.0,0,0,0,,,,0,0,,,,,,,N
MA,9555,BOM JARDIM,N,112,0,14581,4489,19070,76.46,23.54,Lula,109,3,97.32,2.68,0,0,0,,,,0,0,,,,,,,N
MA,7269,BOM JESUS DAS SELVAS,N,76,0,9854,4748,14602,67.48,32.52,Lula,75,1,98.68,1.32,0,0,0,,,,0,0,,,,,,,N
MA,7285,BOM LUGAR,N,0,37,0,0,0,,,,0,0,,,6571,1954,8525,77.08,22.92,Lula,37,0,100.0,0.0,,,,,N
MA,7390,BREJO,N,81,0,14751,3496,18247,80.84,19.16,Lula,81,0,100.0,0.0,0,0,0,,,,0,0,,,,,,,N
MA,7307,BREJO DE AREIA,N,31,0,4162,1258,5420,76.79,23.21,Lula,31,0,100.0,0.0,0,0,0,,,,0,0,,,,,,,N
MA,7412,BURITI,N,77,0,13359,1856,15215,87.8,12.2,Lula,77,0,100.0,0.0,0,0,0,,,,0,0,,,,,,,N
MA,7439,BURITI BRAVO,N,66,0,10994,1803,12797,85.91,14.09,Lula,66,0,100.0,0.0,0,0,0,,,,0,0,,,,,,,N
MA,7340,BURITICUPU,N,147,0,21009,10061,31070,67.62,32.38,Lula,144,3,97.96,2.04,0,0,0,,,,0,0,,,,,,,N
MA,7366,BURITIRANA,N,40,0,5328,3290,8618,61.82,38.18,Lula,34,5,85.0,12.5,0,0,0,,,,0,0,,,,,,,N
MA,7226,CACHOEIRA GRANDE,N,31,0,4897,1065,5962,82.14,17.86,Lula,31,0,100.0,0.0,0,0,0,,,,0,0,,,,,,,N
MA,7455,CAJAPIÓ,N,29,0,5721,651,6372,89.78,10.22,Lula,29,0,100.0,0.0,0,0,0,,,,0,0,,,,,,,N
MA,7471,CAJARI,N,53,0,9914,1379,11293,87.79,12.21,Lula,53,0,100.0,0.0,0,0,0,,,,0,0,,,,,,,N
MA,7382,CAMPESTRE DO MARANHÃO,N,34,0,4994,2249,7243,68.95,31.05,Lula,34,0,100.0,0.0,0,0,0,,,,0,0,,,,,,,N
MA,7510,CANTANHEDE,N,47,0,8048,1603,9651,83.39,16.61,Lula,47,0,100.0,0.0,0,0,0,,,,0,0,,,,,,,N
MA,7404,CAPINZAL DO NORTE,N,31,0,5128,1584,6712,76.4,23.6,Lula,31,0,100.0,0.0,0,0,0,,,,0,0,,,,,,,N
MA,7536,CAROLINA,N,65,0,8577,4918,13495,63.56,36.44,Lula,59,6,90.77,9.23,0,0,0,,,,0,0,,,,,,,N
MA,7552,CARUTAPERA,N,68,0,9608,3494,13102,73.33,26.67,Lula,66,2,97.06,2.94,0,0,0,,,,0,0,,,,,,,N
MA,7579,CAXIAS,S,5,361,992,241,1233,80.45,19.55,Lula,5,0,100.0,0.0,64202,19035,83237,77.13,22.87,Lula,360,1,99.72,0.28,-3.32,3.32,-0.28,0.28,N
MA,7595,CEDRAL,N,35,0,5100,1149,6249,81.61,18.39,Lula,35,0,100.0,0.0,0,0,0,,,,0,0,,,,,,,N
MA,7420,CENTRAL DO MARANHÃO,N,28,0,4604,480,5084,90.56,9.44,Lula,28,0,100.0,0.0,0,0,0,,,,0,0,,,,,,,N
MA,7447,CENTRO DO GUILHERME,N,24,0,4593,983,5576,82.37,17.63,Lula,24,0,100.0,0.0,0,0,0,,,,0,0,,,,,,,N
MA,7463,CENTRO NOVO DO MARANHÃO,N,47,0,7060,1835,8895,79.37,20.63,Lula,46,1,97.87,2.13,0,0,0,,,,0,0,,,,,,,N
MA,7617,CHAPADINHA,S,4,171,677,411,1088,62.22,37.78,Lula,4,0,100.0,0.0,31131,10762,41893,74.31,25.69,Lula,171,0,100.0,0.0,12.09,-12.09,0.0,0.0,N
MA,7480,CIDELÂNDIA,N,0,35,0,0,0,,,,0,0,,,5752,2380,8132,70.73,29.27,Lula,34,1,97.14,2.86,,,,,N
MA,7633,CODÓ,N,0,246,0,0,0,,,,0,0,,,43374,13035,56409,76.89,23.11,Lula,246,0,100.0,0.0,,,,,N
MA,7650,COELHO NETO,N,101,0,19785,4330,24115,82.04,17.96,Lula,101,0,100.0,0.0,0,0,0,,,,0,0,,,,,,,N
MA,7676,COLINAS,S,3,79,594,132,726,81.82,18.18,Lula,3,0,100.0,0.0,16219,3967,20186,80.35,19.65,Lula,79,0,100.0,0.0,-1.47,1.47,0.0,0.0,N
MA,7501,CONCEIÇÃO DO LAGO-AÇU,N,0,42,0,0,0,,,,0,0,,,6492,1912,8404,77.25,22.75,Lula,42,0,100.0,0.0,,,,,N
MA,7692,COROATÁ,N,143,0,24357,8352,32709,74.47,25.53,Lula,143,0,100.0,0.0,0,0,0,,,,0,0,,,,,,,N
MA,7714,CURURUPU,N,99,0,15297,3049,18346,83.38,16.62,Lula,99,0,100.0,0.0,0,0,0,,,,0,0,,,,,,,N
MA,7498,CÂNDIDO MENDES,N,57,0,8085,2622,10707,75.51,24.49,Lula,56,1,98.25,1.75,0,0,0,,,,0,0,,,,,,,N
MA,7242,DAVINÓPOLIS,N,0,33,0,0,0,,,,0,0,,,5560,3158,8718,63.78,36.22,Lula,32,1,96.97,3.03,,,,,N
MA,7730,DOM PEDRO,N,60,0,9265,4159,13424,69.02,30.98,Lula,60,0,100.0,0.0,0,0,0,,,,0,0,,,,,,,N
MA,7757,DUQUE BACELAR,N,36,0,6278,770,7048,89.07,10.93,Lula,36,0,100.0,0.0,0,0,0,,,,0,0,,,,,,,N
MA,7773,ESPERANTINÓPOLIS,N,54,0,8133,2589,10722,75.85,24.15,Lula,54,0,100.0,0.0,0,0,0,,,,0,0,,,,,,,N
MA,9636,ESTREITO,N,69,0,9742,7836,17578,55.42,44.58,Lula,51,17,73.91,24.64,0,0,0,,,,0,0,,,,,,,N
MA,7528,FEIRA NOVA DO MARANHÃO,N,20,0,3239,1601,4840,66.92,33.08,Lula,19,1,95.0,5.0,0,0,0,,,,0,0,,,,,,,N
MA,7544,FERNANDO FALCÃO,N,31,0,5555,1565,7120,78.02,21.98,Lula,31,0,100.0,0.0,0,0,0,,,,0,0,,,,,,,N
MA,7560,FORMOSA DA SERRA NEGRA,N,40,0,6409,3724,10133,63.25,36.75,Lula,34,6,85.0,15.0,0,0,0,,,,0,0,,,,,,,N
MA,7790,FORTALEZA DOS NOGUEIRAS,N,30,0,5516,2381,7897,69.85,30.15,Lula,30,0,100.0,0.0,0,0,0,,,,0,0,,,,,,,N
MA,7811,FORTUNA,N,42,0,7475,1637,9112,82.03,17.97,Lula,42,0,100.0,0.0,0,0,0,,,,0,0,,,,,,,N
MA,7838,GODOFREDO VIANA,N,30,0,4078,1634,5712,71.39,28.61,Lula,30,0,100.0,0.0,0,0,0,,,,0,0,,,,,,,N
MA,7854,GONÇALVES DIAS,N,48,0,7386,2101,9487,77.85,22.15,Lula,48,0,100.0,0.0,0,0,0,,,,0,0,,,,,,,N
MA,7870,GOVERNADOR ARCHER,N,30,0,4931,1077,6008,82.07,17.93,Lula,30,0,100.0,0.0,0,0,0,,,,0,0,,,,,,,N
MA,7609,GOVERNADOR EDISON LOBÃO,N,41,0,6919,4219,11138,62.12,37.88,Lula,41,0,100.0,0.0,0,0,0,,,,0,0,,,,,,,N
MA,7897,GOVERNADOR EUGÊNIO BARROS,N,44,0,6687,1529,8216,81.39,18.61,Lula,44,0,100.0,0.0,0,0,0,,,,0,0,,,,,,,N
MA,7625,GOVERNADOR LUIZ ROCHA,N,21,0,3418,1266,4684,72.97,27.03,Lula,21,0,100.0,0.0,0,0,0,,,,0,0,,,,,,,N
MA,7641,GOVERNADOR NEWTON BELLO,N,32,0,4451,1026,5477,81.27,18.73,Lula,32,0,100.0,0.0,0,0,0,,,,0,0,,,,,,,N
MA,7668,GOVERNADOR NUNES FREIRE,N,63,0,8646,3709,12355,69.98,30.02,Lula,63,0,100.0,0.0,0,0,0,,,,0,0,,,,,,,N
MA,7935,GRAJAÚ,N,149,0,24421,12787,37208,65.63,34.37,Lula,131,16,87.92,10.74,0,0,0,,,,0,0,,,,,,,N
MA,7919,GRAÇA ARANHA,N,22,0,3635,922,4557,79.77,20.23,Lula,22,0,100.0,0.0,0,0,0,,,,0,0,,,,,,,N
MA,7951,GUIMARÃES,N,33,0,5802,845,6647,87.29,12.71,Lula,33,0,100.0,0.0,0,0,0,,,,0,0,,,,,,,N
MA,7978,HUMBERTO DE CAMPOS,N,88,0,12815,2694,15509,82.63,17.37,Lula,87,1,98.86,1.14,0,0,0,,,,0,0,,,,,,,N
MA,7994,ICATU,N,85,0,12538,2787,15325,81.81,18.19,Lula,85,0,100.0,0.0,0,0,0,,,,0,0,,,,,,,N
MA,7684,IGARAPÉ DO MEIO,N,0,43,0,0,0,,,,0,0,,,6735,1365,8100,83.15,16.85,Lula,43,0,100.0,0.0,,,,,N
MA,8010,IGARAPÉ GRANDE,N,0,33,0,0,0,,,,0,0,,,4292,2231,6523,65.8,34.2,Lula,32,1,96.97,3.03,,,,,N
MA,8036,IMPERATRIZ,S,6,513,547,1174,1721,31.78,68.22,Bolsonaro,0,6,0.0,100.0,64929,78182,143111,45.37,54.63,Bolsonaro,109,399,21.25,77.78,13.59,-13.59,21.25,-22.22,N
MA,7706,ITAIPAVA DO GRAJAÚ,N,33,0,5768,1735,7503,76.88,23.12,Lula,33,0,100.0,0.0,0,0,0,,,,0,0,,,,,,,N
MA,8079,ITAPECURU MIRIM,N,156,0,26603,6812,33415,79.61,20.39,Lula,156,0,100.0,0.0,0,0,0,,,,0,0,,,,,,,N
MA,7722,ITINGA DO MARANHÃO,N,0,63,0,0,0,,,,0,0,,,7017,6221,13238,53.01,46.99,Lula,36,26,57.14,41.27,,,,,N
MA,7749,JATOBÁ,N,0,24,0,0,0,,,,0,0,,,4094,864,4958,82.57,17.43,Lula,24,0,100.0,0.0,,,,,N
MA,7765,JENIPAPO DOS VIEIRAS,N,48,0,7576,1911,9487,79.86,20.14,Lula,48,0,100.0,0.0,0,0,0,,,,0,0,,,,,,,N
MA,8117,JOSELÂNDIA,N,38,0,7196,1936,9132,78.8,21.2,Lula,38,0,100.0,0.0,0,0,0,,,,0,0,,,,,,,N
MA,8095,JOÃO LISBOA,N,70,0,10457,5830,16287,64.2,35.8,Lula,68,2,97.14,2.86,0,0,0,,,,0,0,,,,,,,N
MA,7781,JUNCO DO MARANHÃO,N,17,0,2879,681,3560,80.87,19.13,Lula,17,0,100.0,0.0,0,0,0,,,,0,0,,,,,,,N
MA,8133,LAGO DA PEDRA,N,109,0,15009,10528,25537,58.77,41.23,Lula,84,25,77.06,22.94,0,0,0,,,,0,0,,,,,,,N
MA,8150,LAGO DO JUNCO,N,32,0,4796,1453,6249,76.75,23.25,Lula,31,1,96.88,3.12,0,0,0,,,,0,0,,,,,,,N
MA,7803,LAGO DOS RODRIGUES,N,29,0,4858,1475,6333,76.71,23.29,Lula,29,0,100.0,0.0,0,0,0,,,,0,0,,,,,,,N
MA,8176,LAGO VERDE,N,0,44,0,0,0,,,,0,0,,,7534,1515,9049,83.26,16.74,Lula,44,0,100.0,0.0,,,,,N
MA,7820,LAGOA DO MATO,N,31,0,5252,799,6051,86.8,13.2,Lula,31,0,100.0,0.0,0,0,0,,,,0,0,,,,,,,N
MA,7846,LAGOA GRANDE DO MARANHÃO,N,29,0,5725,1516,7241,79.06,20.94,Lula,29,0,100.0,0.0,0,0,0,,,,0,0,,,,,,,N
MA,7862,LAJEADO NOVO,N,21,0,2876,1946,4822,59.64,40.36,Lula,20,1,95.24,4.76,0,0,0,,,,0,0,,,,,,,N
MA,8192,LIMA CAMPOS,N,0,40,0,0,0,,,,0,0,,,5599,2548,8147,68.72,31.28,Lula,40,0,100.0,0.0,,,,,N
MA,8214,LORETO,N,32,0,4891,1408,6299,77.65,22.35,Lula,32,0,100.0,0.0,0,0,0,,,,0,0,,,,,,,N
MA,8230,LUÍS DOMINGUES,N,20,0,2859,1311,4170,68.56,31.44,Lula,20,0,100.0,0.0,0,0,0,,,,0,0,,,,,,,N
MA,8257,MAGALHÃES DE ALMEIDA,N,48,0,7079,2051,9130,77.54,22.46,Lula,48,0,100.0,0.0,0,0,0,,,,0,0,,,,,,,N
MA,7889,MARACAÇUMÉ,N,48,0,7203,3174,10377,69.41,30.59,Lula,48,0,100.0,0.0,0,0,0,,,,0,0,,,,,,,N
MA,7900,MARAJÁ DO SENA,N,24,0,3443,977,4420,77.9,22.1,Lula,24,0,100.0,0.0,0,0,0,,,,0,0,,,,,,,N
MA,7927,MARANHÃOZINHO,N,29,0,4697,1087,5784,81.21,18.79,Lula,29,0,100.0,0.0,0,0,0,,,,0,0,,,,,,,N
MA,8273,MATA ROMA,N,0,47,0,0,0,,,,0,0,,,9421,2172,11593,81.26,18.74,Lula,47,0,100.0,0.0,,,,,N
MA,8290,MATINHA,N,63,0,11061,3329,14390,76.87,23.13,Lula,63,0,100.0,0.0,0,0,0,,,,0,0,,,,,,,N
MA,8311,MATÕES,N,91,0,15523,2868,18391,84.41,15.59,Lula,91,0,100.0,0.0,0,0,0,,,,0,0,,,,,,,N
MA,7943,MATÕES DO NORTE,N,19,0,4103,711,4814,85.23,14.77,Lula,19,0,100.0,0.0,0,0,0,,,,0,0,,,,,,,N
MA,7960,MILAGRES DO MARANHÃO,N,21,0,3644,614,4258,85.58,14.42,Lula,21,0,100.0,0.0,0,0,0,,,,0,0,,,,,,,N
MA,8338,MIRADOR,N,49,0,9859,2050,11909,82.79,17.21,Lula,49,0,100.0,0.0,0,0,0,,,,0,0,,,,,,,N
MA,9695,MIRANDA DO NORTE,N,57,0,8836,2856,11692,75.57,24.43,Lula,57,0,100.0,0.0,0,0,0,,,,0,0,,,,,,,N
MA,8354,MIRINZAL,N,38,0,6494,1625,8119,79.99,20.01,Lula,38,0,100.0,0.0,0,0,0,,,,0,0,,,,,,,N
MA,8397,MONTES ALTOS,N,23,0,3834,1956,5790,66.22,33.78,Lula,23,0,100.0,0.0,0,0,0,,,,0,0,,,,,,,N
MA,8370,MONÇÃO,N,80,0,11474,2612,14086,81.46,18.54,Lula,80,0,100.0,0.0,0,0,0,,,,0,0,,,,,,,N
MA,8419,MORROS,N,56,0,9263,2429,11692,79.23,20.77,Lula,56,0,100.0,0.0,0,0,0,,,,0,0,,,,,,,N
MA,8435,NINA RODRIGUES,N,35,0,5832,1186,7018,83.1,16.9,Lula,35,0,100.0,0.0,0,0,0,,,,0,0,,,,,,,N
MA,7986,NOVA COLINAS,N,15,0,2564,848,3412,75.15,24.85,Lula,15,0,100.0,0.0,0,0,0,,,,0,0,,,,,,,N
MA,8451,NOVA IORQUE,N,13,0,2377,532,2909,81.71,18.29,Lula,13,0,100.0,0.0,0,0,0,,,,0,0,,,,,,,N
MA,8001,NOVA OLINDA DO MARANHÃO,N,0,50,0,0,0,,,,0,0,,,7350,1783,9133,80.48,19.52,Lula,50,0,100.0,0.0,,,,,N
MA,8478,OLHO D'ÁGUA DAS CUNHÃS,N,52,0,8566,2214,10780,79.46,20.54,Lula,52,0,100.0,0.0,0,0,0,,,,0,0,,,,,,,N
MA,8028,OLINDA NOVA DO MARANHÃO,N,31,0,6137,1112,7249,84.66,15.34,Lula,31,0,100.0,0.0,0,0,0,,,,0,0,,,,,,,N
MA,8516,PALMEIRÂNDIA,N,55,0,9897,1548,11445,86.47,13.53,Lula,55,0,100.0,0.0,0,0,0,,,,0,0,,,,,,,N
MA,8532,PARAIBANO,N,45,0,8950,1740,10690,83.72,16.28,Lula,45,0,100.0,0.0,0,0,0,,,,0,0,,,,,,,N
MA,8559,PARNARAMA,N,97,0,15977,2397,18374,86.95,13.05,Lula,97,0,100.0,0.0,0,0,0,,,,0,0,,,,,,,N
MA,8575,PASSAGEM FRANCA,N,46,0,8295,1910,10205,81.28,18.72,Lula,46,0,100.0,0.0,0,0,0,,,,0,0,,,,,,,N
MA,8591,PASTOS BONS,N,47,0,8976,2156,11132,80.63,19.37,Lula,47,0,100.0,0.0,0,0,0,,,,0,0,,,,,,,N
MA,8044,PAULINO NEVES,N,56,0,8867,1757,10624,83.46,16.54,Lula,56,0,100.0,0.0,0,0,0,,,,0,0,,,,,,,N
MA,9598,PAULO RAMOS,N,54,0,8798,3103,11901,73.93,26.07,Lula,54,0,100.0,0.0,0,0,0,,,,0,0,,,,,,,N
MA,8494,PAÇO DO LUMIAR,N,0,247,0,0,0,,,,0,0,,,38537,22057,60594,63.6,36.4,Lula,244,3,98.79,1.21,,,,,N
MA,8613,PEDREIRAS,N,0,105,0,0,0,,,,0,0,,,14738,7686,22424,65.72,34.28,Lula,104,1,99.05,0.95,,,,,N
MA,8060,PEDRO DO ROSÁRIO,N,0,64,0,0,0,,,,0,0,,,10654,1750,12404,85.89,14.11,Lula,64,0,100.0,0.0,,,,,N
MA,8630,PENALVA,N,98,0,15341,2345,17686,86.74,13.26,Lula,98,0,100.0,0.0,0,0,0,,,,0,0,,,,,,,N
MA,8656,PERI MIRIM,N,36,0,6508,1340,7848,82.93,17.07,Lula,36,0,100.0,0.0,0,0,0,,,,0,0,,,,,,,N
MA,8087,PERITORÓ,N,53,0,9994,2123,12117,82.48,17.52,Lula,53,0,100.0,0.0,0,0,0,,,,0,0,,,,,,,N
MA,8672,PINDARÉ-MIRIM,N,81,0,14222,4304,18526,76.77,23.23,Lula,81,0,100.0,0.0,0,0,0,,,,0,0,,,,,,,N
MA,8699,PINHEIRO,S,4,184,741,286,1027,72.15,27.85,Lula,4,0,100.0,0.0,32046,10838,42884,74.73,25.27,Lula,183,1,99.46,0.54,2.58,-2.58,-0.54,0.54,N
MA,8710,PIO XII,N,69,0,11135,2811,13946,79.84,20.16,Lula,69,0,100.0,0.0,0,0,0,,,,0,0,,,,,,,N
MA,8737,PIRAPEMAS,N,41,0,7452,1519,8971,83.07,16.93,Lula,41,0,100.0,0.0,0,0,0,,,,0,0,,,,,,,N
MA,8770,PORTO FRANCO,N,58,0,8382,5340,13722,61.08,38.92,Lula,56,2,96.55,3.45,0,0,0,,,,0,0,,,,,,,N
MA,8109,PORTO RICO DO MARANHÃO,N,23,0,3177,1044,4221,75.27,24.73,Lula,22,1,95.65,4.35,0,0,0,,,,0,0,,,,,,,N
MA,8753,POÇÃO DE PEDRAS,N,60,0,8083,2792,10875,74.33,25.67,Lula,60,0,100.0,0.0,0,0,0,,,,0,0,,,,,,,N
MA,8796,PRESIDENTE DUTRA,N,96,0,16054,7653,23707,67.72,32.28,Lula,93,2,96.88,2.08,0,0,0,,,,0,0,,,,,,,N
MA,8818,PRESIDENTE JUSCELINO,N,34,0,5859,1149,7008,83.6,16.4,Lula,34,0,100.0,0.0,0,0,0,,,,0,0,,,,,,,N
MA,8125,PRESIDENTE MÉDICI,N,0,22,0,0,0,,,,0,0,,,3203,697,3900,82.13,17.87,Lula,22,0,100.0,0.0,,,,,N
MA,8141,PRESIDENTE SARNEY,N,0,55,0,0,0,,,,0,0,,,8776,1573,10349,84.8,15.2,Lula,55,0,100.0,0.0,,,,,N
MA,8834,PRESIDENTE VARGAS,N,36,0,6213,931,7144,86.97,13.03,Lula,36,0,100.0,0.0,0,0,0,,,,0,0,,,,,,,N
MA,8850,PRIMEIRA CRUZ,N,46,0,6189,838,7027,88.07,11.93,Lula,46,0,100.0,0.0,0,0,0,,,,0,0,,,,,,,N
MA,8168,RAPOSA,N,0,70,0,0,0,,,,0,0,,,10821,5352,16173,66.91,33.09,Lula,70,0,100.0,0.0,,,,,N
MA,8877,RIACHÃO,N,53,0,8867,3413,12280,72.21,27.79,Lula,52,1,98.11,1.89,0,0,0,,,,0,0,,,,,,,N
MA,8184,RIBAMAR FIQUENE,N,21,0,3281,1607,4888,67.12,32.88,Lula,21,0,100.0,0.0,0,0,0,,,,0,0,,,,,,,N
MA,8915,ROSÁRIO,N,0,103,0,0,0,,,,0,0,,,18145,5248,23393,77.57,22.43,Lula,103,0,100.0,0.0,,,,,N
MA,8931,SAMBAÍBA,N,19,0,2809,1225,4034,69.63,30.37,Lula,19,0,100.0,0.0,0,0,0,,,,0,0,,,,,,,N
MA,8206,SANTA FILOMENA DO MARANHÃO,N,19,0,3653,879,4532,80.6,19.4,Lula,19,0,100.0,0.0,0,0,0,,,,0,0,,,,,,,N
MA,8958,SANTA HELENA,N,85,0,12592,3853,16445,76.57,23.43,Lula,85,0,100.0,0.0,0,0,0,,,,0,0,,,,,,,N
MA,9571,SANTA INÊS,S,4,187,452,309,761,59.4,40.6,Lula,4,0,100.0,0.0,29724,15038,44762,66.4,33.6,Lula,183,3,97.86,1.6,7.0,-7.0,-2.14,1.6,N
MA,8974,SANTA LUZIA,N,166,0,25124,7292,32416,77.5,22.5,Lula,165,1,99.4,0.6,0,0,0,,,,0,0,,,,,,,N
MA,9652,SANTA LUZIA DO PARUÁ,S,4,55,625,274,899,69.52,30.48,Lula,4,0,100.0,0.0,8513,3211,11724,72.61,27.39,Lula,55,0,100.0,0.0,3.09,-3.09,0.0,0.0,N
MA,8990,SANTA QUITÉRIA DO MARANHÃO,N,70,0,12742,2650,15392,82.78,17.22,Lula,70,0,100.0,0.0,0,0,0,,,,0,0,,,,,,,N
MA,9016,SANTA RITA,N,0,81,0,0,0,,,,0,0,,,14844,3534,18378,80.77,19.23,Lula,81,0,100.0,0.0,,,,,N
MA,8222,SANTANA DO MARANHÃO,N,28,0,4509,1058,5567,81.0,19.0,Lula,28,0,100.0,0.0,0,0,0,,,,0,0,,,,,,,N
MA,8249,SANTO AMARO DO MARANHÃO,N,44,0,6743,1145,7888,85.48,14.52,Lula,44,0,100.0,0.0,0,0,0,,,,0,0,,,,,,,N
MA,9032,SANTO ANTÔNIO DOS LOPES,N,50,0,8315,3015,11330,73.39,26.61,Lula,50,0,100.0,0.0,0,0,0,,,,0,0,,,,,,,N
MA,8460,SATUBINHA,N,28,0,4035,1167,5202,77.57,22.43,Lula,28,0,100.0,0.0,0,0,0,,,,0,0,,,,,,,N
MA,8486,SENADOR ALEXANDRE COSTA,N,0,29,0,0,0,,,,0,0,,,4671,1239,5910,79.04,20.96,Lula,29,0,100.0,0.0,,,,,N
MA,8508,SENADOR LA ROCQUE,N,43,0,6327,2833,9160,69.07,30.93,Lula,43,0,100.0,0.0,0,0,0,,,,0,0,,,,,,,N
MA,8524,SERRANO DO MARANHÃO,N,35,0,5617,497,6114,91.87,8.13,Lula,35,0,100.0,0.0,0,0,0,,,,0,0,,,,,,,N
MA,9318,SUCUPIRA DO NORTE,N,29,0,5169,1310,6479,79.78,20.22,Lula,29,0,100.0,0.0,0,0,0,,,,0,0,,,,,,,N
MA,8540,SUCUPIRA DO RIACHÃO,N,15,0,2962,390,3352,88.37,11.63,Lula,15,0,100.0,0.0,0,0,0,,,,0,0,,,,,,,N
MA,9059,SÃO BENEDITO DO RIO PRETO,N,52,0,9571,1627,11198,85.47,14.53,Lula,52,0,100.0,0.0,0,0,0,,,,0,0,,,,,,,N
MA,9075,SÃO BENTO,N,91,0,15939,3770,19709,80.87,19.13,Lula,91,0,100.0,0.0,0,0,0,,,,0,0,,,,,,,N
MA,9091,SÃO BERNARDO,N,74,0,12719,3231,15950,79.74,20.26,Lula,74,0,100.0,0.0,0,0,0,,,,0,0,,,,,,,N
MA,8265,SÃO DOMINGOS DO AZEITÃO,N,22,0,3797,1156,4953,76.66,23.34,Lula,21,1,95.45,4.55,0,0,0,,,,0,0,,,,,,,N
MA,9113,SÃO DOMINGOS DO MARANHÃO,N,93,0,14920,6452,21372,69.81,30.19,Lula,88,4,94.62,4.3,0,0,0,,,,0,0,,,,,,,N
MA,8281,SÃO FRANCISCO DO BREJÃO,N,0,26,0,0,0,,,,0,0,,,3560,2355,5915,60.19,39.81,Lula,23,3,88.46,11.54,,,,,N
MA,9156,SÃO FRANCISCO DO MARANHÃO,N,32,0,6228,806,7034,88.54,11.46,Lula,32,0,100.0,0.0,0,0,0,,,,0,0,,,,,,,N
MA,9130,SÃO FÉLIX DE BALSAS,N,13,0,2272,623,2895,78.48,21.52,Lula,13,0,100.0,0.0,0,0,0,,,,0,0,,,,,,,N
MA,8893,SÃO JOSÉ DE RIBAMAR,N,0,345,0,0,0,,,,0,0,,,57935,32509,90444,64.06,35.94,Lula,335,10,97.1,2.9,,,,,N
MA,8362,SÃO JOSÉ DOS BASÍLIOS,N,22,0,4099,698,4797,85.45,14.55,Lula,22,0,100.0,0.0,0,0,0,,,,0,0,,,,,,,N
MA,9172,SÃO JOÃO BATISTA,N,67,0,11475,1653,13128,87.41,12.59,Lula,67,0,100.0,0.0,0,0,0,,,,0,0,,,,,,,N
MA,8303,SÃO JOÃO DO CARÚ,N,41,0,5304,1713,7017,75.59,24.41,Lula,41,0,100.0,0.0,0,0,0,,,,0,0,,,,,,,N
MA,8320,SÃO JOÃO DO PARAÍSO,N,32,0,4104,2420,6524,62.91,37.09,Lula,31,1,96.88,3.12,0,0,0,,,,0,0,,,,,,,N
MA,8346,SÃO JOÃO DO SOTER,N,0,46,0,0,0,,,,0,0,,,9003,1235,10238,87.94,12.06,Lula,46,0,100.0,0.0,,,,,N
MA,9199,SÃO JOÃO DOS PATOS,N,69,0,11583,3152,14735,78.61,21.39,Lula,69,0,100.0,0.0,0,0,0,,,,0,0,,,,,,,N
MA,9210,SÃO LUÍS,S,4,2146,521,463,984,52.95,47.05,Lula,2,2,50.0,50.0,362610,237822,600432,60.39,39.61,Lula,1887,248,87.93,11.56,7.44,-7.44,37.93,-38.44,N
MA,8052,SÃO LUÍS GONZAGA DO MARANHÃO,N,50,0,11064,1812,12876,85.93,14.07,Lula,50,0,100.0,0.0,0,0,0,,,,0,0,,,,,,,N
MA,9237,SÃO MATEUS DO MARANHÃO,N,83,0,15870,4920,20790,76.33,23.67,Lula,83,0,100.0,0.0,0,0,0,,,,0,0,,,,,,,N
MA,8389,SÃO PEDRO DA ÁGUA BRANCA,N,0,29,0,0,0,,,,0,0,,,4316,2435,6751,63.93,36.07,Lula,29,0,100.0,0.0,,,,,N
MA,8400,SÃO PEDRO DOS CRENTES,N,14,0,1317,2179,3496,37.67,62.33,Bolsonaro,2,12,14.29,85.71,0,0,0,,,,0,0,,,,,,,N
MA,9253,SÃO RAIMUNDO DAS MANGABEIRAS,N,51,0,7837,3412,11249,69.67,30.33,Lula,51,0,100.0,0.0,0,0,0,,,,0,0,,,,,,,N
MA,8427,SÃO RAIMUNDO DO DOCA BEZERRA,N,22,0,3070,729,3799,80.81,19.19,Lula,22,0,100.0,0.0,0,0,0,,,,0,0,,,,,,,N
MA,8443,SÃO ROBERTO,N,17,0,2893,579,3472,83.32,16.68,Lula,17,0,100.0,0.0,0,0,0,,,,0,0,,,,,,,N
MA,9270,SÃO VICENTE FERRER,N,57,0,9151,1707,10858,84.28,15.72,Lula,57,0,100.0,0.0,0,0,0,,,,0,0,,,,,,,N
MA,9296,SÍTIO NOVO,N,46,0,7481,3605,11086,67.48,32.52,Lula,44,2,95.65,4.35,0,0,0,,,,0,0,,,,,,,N
MA,9334,TASSO FRAGOSO,N,24,0,3492,1839,5331,65.5,34.5,Lula,24,0,100.0,0.0,0,0,0,,,,0,0,,,,,,,N
MA,9350,TIMBIRAS,N,0,61,0,0,0,,,,0,0,,,12351,2398,14749,83.74,16.26,Lula,61,0,100.0,0.0,,,,,N
MA,9377,TIMON,N,0,360,0,0,0,,,,0,0,,,69460,24352,93812,74.04,25.96,Lula,360,0,100.0,0.0,,,,,N
MA,8567,TRIZIDELA DO VALE,N,0,56,0,0,0,,,,0,0,,,8881,4050,12931,68.68,31.32,Lula,56,0,100.0,0.0,,,,,N
MA,8583,TUFILÂNDIA,N,0,21,0,0,0,,,,0,0,,,3486,744,4230,82.41,17.59,Lula,21,0,100.0,0.0,,,,,N
MA,9393,TUNTUM,N,88,0,14713,5850,20563,71.55,28.45,Lula,88,0,100.0,0.0,0,0,0,,,,0,0,,,,,,,N
MA,9415,TURIAÇU,N,106,0,15138,3635,18773,80.64,19.36,Lula,106,0,100.0,0.0,0,0,0,,,,0,0,,,,,,,N
MA,8605,TURILÂNDIA,N,64,0,8291,2142,10433,79.47,20.53,Lula,64,0,100.0,0.0,0,0,0,,,,0,0,,,,,,,N
MA,9431,TUTÓIA,N,132,0,22214,6606,28820,77.08,22.92,Lula,132,0,100.0,0.0,0,0,0,,,,0,0,,,,,,,N
MA,9458,URBANO SANTOS,N,74,0,15519,3011,18530,83.75,16.25,Lula,74,0,100.0,0.0,0,0,0,,,,0,0,,,,,,,N
MA,9474,VARGEM GRANDE,N,99,0,19022,4049,23071,82.45,17.55,Lula,99,0,100.0,0.0,0,0,0,,,,0,0,,,,,,,N
MA,9490,VIANA,N,130,0,20445,7598,28043,72.91,27.09,Lula,128,2,98.46,1.54,0,0,0,,,,0,0,,,,,,,N
MA,8621,VILA NOVA DOS MARTÍRIOS,N,0,26,0,0,0,,,,0,0,,,3794,2207,6001,63.22,36.78,Lula,26,0,100.0,0.0,,,,,N
MA,9539,VITORINO FREIRE,N,85,0,12839,4720,17559,73.12,26.88,Lula,85,0,100.0,0.0,0,0,0,,,,0,0,,,,,,,N
MA,9512,VITÓRIA DO MEARIM,N,92,0,12856,4716,17572,73.16,26.84,Lula,92,0,100.0,0.0,0,0,0,,,,0,0,,,,,,,N
MA,9717,ZÉ DOCA,N,108,0,17461,6313,23774,73.45,26.55,Lula,108,0,100.0,0.0,0,0,0,,,,0,0,,,,,,,N
MA,7005,ÁGUA DOCE DO MARANHÃO,N,40,0,6618,1296,7914,83.62,16.38,Lula,40,0,100.0,0.0,0,0,0,,,,0,0,,,,,,,N
MG,40010,ABADIA DOS DOURADOS,N,21,0,2351,2160,4511,52.12,47.88,Lula,12,9,57.14,42.86,0,0,0,,,,0,0,,,,,,,N
MG,40037,ABAETÉ,N,61,0,6302,7696,13998,45.02,54.98,Bolsonaro,20,39,32.79,63.93,0,0,0,,,,0,0,,,,,,,N
MG,40053,ABRE CAMPO,N,37,0,5292,3665,8957,59.08,40.92,Lula,36,1,97.3,2.7,0,0,0,,,,0,0,,,,,,,N
MG,40070,ACAIACA,N,0,13,0,0,0,,,,0,0,,,1783,787,2570,69.38,30.62,Lula,13,0,100.0,0.0,,,,,N
MG,40150,AGUANIL,N,0,12,0,0,0,,,,0,0,,,1607,1439,3046,52.76,47.24,Lula,9,3,75.0,25.0,,,,,N
MG,40215,AIMORÉS,N,64,0,6314,7655,13969,45.2,54.8,Bolsonaro,11,53,17.19,82.81,0,0,0,,,,0,0,,,,,,,N
MG,40231,AIURUOCA,N,20,0,2094,1797,3891,53.82,46.18,Lula,14,6,70.0,30.0,0,0,0,,,,0,0,,,,,,,N
MG,40258,ALAGOA,N,9,0,670,1259,1929,34.73,65.27,Bolsonaro,0,9,0.0,100.0,0,0,0,,,,0,0,,,,,,,N
MG,40274,ALBERTINA,N,8,0,715,1611,2326,30.74,69.26,Bolsonaro,0,8,0.0,100.0,0,0,0,,,,0,0,,,,,,,N
MG,40312,ALFENAS,N,173,0,19004,27225,46229,41.11,58.89,Bolsonaro,16,156,9.25,90.17,0,0,0,,,,0,0,,,,,,,N
MG,40002,ALFREDO VASCONCELOS,N,0,18,0,0,0,,,,0,0,,,2824,1901,4725,59.77,40.23,Lula,18,0,100.0,0.0,,,,,N
MG,40339,ALMENARA,N,103,0,15440,5975,21415,72.1,27.9,Lula,103,0,100.0,0.0,0,0,0,,,,0,0,,,,,,,N
MG,40355,ALPERCATA,N,23,0,2484,2018,4502,55.18,44.82,Lula,16,7,69.57,30.43,0,0,0,,,,0,0,,,,,,,N
MG,40371,ALPINÓPOLIS,N,45,0,5563,6768,12331,45.11,54.89,Bolsonaro,10,34,22.22,75.56,0,0,0,,,,0,0,,,,,,,N
MG,40398,ALTEROSA,N,39,0,4226,5364,9590,44.07,55.93,Bolsonaro,8,31,20.51,79.49,0,0,0,,,,0,0,,,,,,,N
MG,41661,ALTO CAPARAÓ,N,13,0,1062,2559,3621,29.33,70.67,Bolsonaro,0,13,0.0,100.0,0,0,0,,,,0,0,,,,,,,N
MG,50695,ALTO JEQUITIBÁ,N,27,0,1982,3581,5563,35.63,64.37,Bolsonaro,1,26,3.7,96.3,0,0,0,,,,0,0,,,,,,,N
MG,40410,ALTO RIO DOCE,N,0,31,0,0,0,,,,0,0,,,5303,1949,7252,73.12,26.88,Lula,31,0,100.0,0.0,,,,,N
MG,40436,ALVARENGA,N,18,0,1862,1516,3378,55.12,44.88,Lula,13,5,72.22,27.78,0,0,0,,,,0,0,,,,,,,N
MG,40452,ALVINÓPOLIS,N,0,42,0,0,0,,,,0,0,,,6851,3041,9892,69.26,30.74,Lula,42,0,100.0,0.0,,,,,N
MG,40479,ALVORADA DE MINAS,N,13,0,2284,724,3008,75.93,24.07,Lula,13,0,100.0,0.0,0,0,0,,,,0,0,,,,,,,N
MG,40290,ALÉM PARAÍBA,N,98,0,11582,9220,20802,55.68,44.32,Lula,82,14,83.67,14.29,0,0,0,,,,0,0,,,,,,,N
MG,40495,AMPARO DO SERRA,N,17,0,2658,865,3523,75.45,24.55,Lula,17,0,100.0,0.0,0,0,0,,,,0,0,,,,,,,N
MG,40517,ANDRADAS,N,98,0,7746,15286,23032,33.63,66.37,Bolsonaro,3,95,3.06,96.94,0,0,0,,,,0,0,,,,,,,N
MG,40550,ANDRELÂNDIA,N,34,0,3978,3159,7137,55.74,44.26,Lula,32,2,94.12,5.88,0,0,0,,,,0,0,,,,,,,N
MG,41688,ANGELÂNDIA,N,21,0,2513,2042,4555,55.17,44.83,Lula,18,3,85.71,14.29,0,0,0,,,,0,0,,,,,,,N
MG,40576,ANTÔNIO CARLOS,N,0,32,0,0,0,,,,0,0,,,4916,2582,7498,65.56,34.44,Lula,31,1,96.88,3.12,,,,,N
MG,40592,ANTÔNIO DIAS,N,0,33,0,0,0,,,,0,0,,,3648,2862,6510,56.04,43.96,Lula,25,8,75.76,24.24,,,,,N
MG,40614,ANTÔNIO PRADO DE MINAS,N,6,0,863,592,1455,59.31,40.69,Lula,6,0,100.0,0.0,0,0,0,,,,0,0,,,,,,,N
MG,40657,ARACITABA,N,8,0,1149,669,1818,63.2,36.8,Lula,8,0,100.0,0.0,0,0,0,,,,0,0,,,,,,,N
MG,40690,ARAGUARI,N,277,0,26117,42103,68220,38.28,61.72,Bolsonaro,11,266,3.97,96.03,0,0,0,,,,0,0,,,,,,,N
MG,40711,ARANTINA,N,9,0,1477,655,2132,69.28,30.72,Lula,9,0,100.0,0.0,0,0,0,,,,0,0,,,,,,,N
MG,40738,ARAPONGA,N,22,0,3842,1317,5159,74.47,25.53,Lula,22,0,100.0,0.0,0,0,0,,,,0,0,,,,,,,N
MG,40029,ARAPORÃ,N,17,0,2519,2564,5083,49.56,50.44,Bolsonaro,8,9,47.06,52.94,0,0,0,,,,0,0,,,,,,,N
MG,40754,ARAPUÁ,N,11,0,876,1610,2486,35.24,64.76,Bolsonaro,0,11,0.0,100.0,0,0,0,,,,0,0,,,,,,,N
MG,40797,ARAXÁ,N,234,0,27117,33959,61076,44.4,55.6,Bolsonaro,50,184,21.37,78.63,0,0,0,,,,0,0,,,,,,,N
MG,40630,ARAÇAÍ,N,0,10,0,0,0,,,,0,0,,,1099,785,1884,58.33,41.67,Lula,10,0,100.0,0.0,,,,,N
MG,40673,ARAÇUAÍ,N,92,0,12340,6339,18679,66.06,33.94,Lula,91,1,98.91,1.09,0,0,0,,,,0,0,,,,,,,N
MG,40770,ARAÚJOS,N,0,20,0,0,0,,,,0,0,,,2017,3218,5235,38.53,61.47,Bolsonaro,2,18,10.0,90.0,,,,,N
MG,40819,ARCEBURGO,N,21,0,2397,3260,5657,42.37,57.63,Bolsonaro,0,21,0.0,100.0,0,0,0,,,,0,0,,,,,,,N
MG,40835,ARCOS,N,0,102,0,0,0,,,,0,0,,,10765,14258,25023,43.02,56.98,Bolsonaro,8,92,7.84,90.2,,,,,N
MG,40851,AREADO,N,39,0,3655,5324,8979,40.71,59.29,Bolsonaro,4,35,10.26,89.74,0,0,0,,,,0,0,,,,,,,N
MG,40878,ARGIRITA,N,11,0,1585,664,2249,70.48,29.52,Lula,11,0,100.0,0.0,0,0,0,,,,0,0,,,,,,,N
MG,41700,ARICANDUVA,N,15,0,2308,969,3277,70.43,29.57,Lula,15,0,100.0,0.0,0,0,0,,,,0,0,,,,,,,N
MG,40894,ARINOS,N,46,0,5868,3799,9667,60.7,39.3,Lula,41,5,89.13,10.87,0,0,0,,,,0,0,,,,,,,N
MG,40916,ASTOLFO DUTRA,N,35,0,4398,4147,8545,51.47,48.53,Lula,20,15,57.14,42.86,0,0,0,,,,0,0,,,,,,,N
MG,40932,ATALÉIA,N,38,0,5135,2334,7469,68.75,31.25,Lula,38,0,100.0,0.0,0,0,0,,,,0,0,,,,,,,N
MG,40959,AUGUSTO DE LIMA,N,18,0,1717,1192,2909,59.02,40.98,Lula,17,1,94.44,5.56,0,0,0,,,,0,0,,,,,,,N
MG,40096,AÇUCENA,N,35,0,3346,2069,5415,61.79,38.21,Lula,31,3,88.57,8.57,0,0,0,,,,0,0,,,,,,,N
MG,40975,BAEPENDI,N,52,0,4560,7566,12126,37.61,62.39,Bolsonaro,0,52,0.0,100.0,0,0,0,,,,0,0,,,,,,,N
MG,40991,BALDIM,N,0,26,0,0,0,,,,0,0,,,2808,2620,5428,51.73,48.27,Lula,15,11,57.69,42.31,,,,,N
MG,41017,BAMBUÍ,N,0,61,0,0,0,,,,0,0,,,7554,6622,14176,53.29,46.71,Lula,38,22,62.3,36.07,,,,,N
MG,41033,BANDEIRA,N,16,0,2578,573,3151,81.82,18.18,Lula,16,0,100.0,0.0,0,0,0,,,,0,0,,,,,,,N
MG,41050,BANDEIRA DO SUL,N,18,0,1746,2328,4074,42.86,57.14,Bolsonaro,0,18,0.0,100.0,0,0,0,,,,0,0,,,,,,,N
MG,41114,BARBACENA,N,0,310,0,0,0,,,,0,0,,,43750,33503,77253,56.63,43.37,Lula,220,89,70.97,28.71,,,,,N
MG,41130,BARRA LONGA,N,0,22,0,0,0,,,,0,0,,,3063,1164,4227,72.46,27.54,Lula,22,0,100.0,0.0,,,,,N
MG,41173,BARROSO,N,0,53,0,0,0,,,,0,0,,,7938,5385,13323,59.58,40.42,Lula,51,2,96.23,3.77,,,,,N
MG,41076,BARÃO DE COCAIS,N,0,72,0,0,0,,,,0,0,,,10882,8147,19029,57.19,42.81,Lula,66,5,91.67,6.94,,,,,N
MG,41092,BARÃO DE MONTE ALTO,N,18,0,2720,1466,4186,64.98,35.02,Lula,18,0,100.0,0.0,0,0,0,,,,0,0,,,,,,,N
MG,41190,BELA VISTA DE MINAS,N,0,31,0,0,0,,,,0,0,,,4005,2255,6260,63.98,36.02,Lula,31,0,100.0,0.0,,,,,N
MG,41211,BELMIRO BRAGA,N,11,0,1613,795,2408,66.99,33.01,Lula,11,0,100.0,0.0,0,0,0,,,,0,0,,,,,,,N
MG,41238,BELO HORIZONTE,N,0,4697,0,0,0,,,,0,0,,,703755,834548,1538303,45.75,54.25,Bolsonaro,911,3743,19.4,79.69,,,,,N
MG,41254,BELO ORIENTE,N,0,60,0,0,0,,,,0,0,,,7521,6883,14404,52.21,47.79,Lula,39,21,65.0,35.0,,,,,N
MG,41270,BELO VALE,N,0,26,0,0,0,,,,0,0,,,3817,2542,6359,60.03,39.97,Lula,24,2,92.31,7.69,,,,,N
MG,41297,BERILO,N,37,0,4308,1303,5611,76.78,23.22,Lula,37,0,100.0,0.0,0,0,0,,,,0,0,,,,,,,N
MG,41726,BERIZAL,N,13,0,2162,860,3022,71.54,28.46,Lula,13,0,100.0,0.0,0,0,0,,,,0,0,,,,,,,N
MG,41319,BERTÓPOLIS,N,17,0,2201,822,3023,72.81,27.19,Lula,17,0,100.0,0.0,0,0,0,,,,0,0,,,,,,,N
MG,41335,BETIM,N,0,946,0,0,0,,,,0,0,,,112360,123818,236178,47.57,52.43,Bolsonaro,325,612,34.36,64.69,,,,,N
MG,41351,BIAS FORTES,N,0,12,0,0,0,,,,0,0,,,2033,735,2768,73.45,26.55,Lula,12,0,100.0,0.0,,,,,N
MG,41378,BICAS,N,42,0,4693,3950,8643,54.3,45.7,Lula,36,5,85.71,11.9,0,0,0,,,,0,0,,,,,,,N
MG,41394,BIQUINHAS,N,10,0,1025,954,1979,51.79,48.21,Lula,7,3,70.0,30.0,0,0,0,,,,0,0,,,,,,,N
MG,41416,BOA ESPERANÇA,N,0,86,0,0,0,,,,0,0,,,11029,12893,23922,46.1,53.9,Bolsonaro,31,55,36.05,63.95,,,,,N
MG,41432,BOCAINA DE MINAS,N,14,0,1931,1470,3401,56.78,43.22,Lula,12,2,85.71,14.29,0,0,0,,,,0,0,,,,,,,N
MG,41459,BOCAIÚVA,N,115,0,19692,8182,27874,70.65,29.35,Lula,115,0,100.0,0.0,0,0,0,,,,0,0,,,,,,,N
MG,41475,BOM DESPACHO,N,0,120,0,0,0,,,,0,0,,,9809,19599,29408,33.35,66.65,Bolsonaro,5,115,4.17,95.83,,,,,N
MG,41491,BOM JARDIM DE MINAS,N,21,0,2723,1816,4539,59.99,40.01,Lula,21,0,100.0,0.0,0,0,0,,,,0,0,,,,,,,N
MG,41513,BOM JESUS DA PENHA,N,11,0,1067,1689,2756,38.72,61.28,Bolsonaro,0,11,0.0,100.0,0,0,0,,,,0,0,,,,,,,N
MG,41530,BOM JESUS DO AMPARO,N,0,19,0,0,0,,,,0,0,,,2442,1466,3908,62.49,37.51,Lula,19,0,100.0,0.0,,,,,N
MG,41556,BOM JESUS DO GALHO,N,43,0,5194,4190,9384,55.35,44.65,Lula,38,5,88.37,11.63,0,0,0,,,,0,0,,,,,,,N
MG,41572,BOM REPOUSO,N,29,0,3604,3730,7334,49.14,50.86,Bolsonaro,12,16,41.38,55.17,0,0,0,,,,0,0,,,,,,,N
MG,41599,BOM SUCESSO,N,51,0,6095,5096,11191,54.46,45.54,Lula,38,13,74.51,25.49,0,0,0,,,,0,0,,,,,,,N
MG,41610,BONFIM,N,0,25,0,0,0,,,,0,0,,,3011,2297,5308,56.73,43.27,Lula,20,5,80.0,20.0,,,,,N
MG,41637,BONFINÓPOLIS DE MINAS,N,20,0,2095,1460,3555,58.93,41.07,Lula,20,0,100.0,0.0,0,0,0,,,,0,0,,,,,,,N
MG,41742,BONITO DE MINAS,N,36,0,4523,950,5473,82.64,17.36,Lula,36,0,100.0,0.0,0,0,0,,,,0,0,,,,,,,N
MG,41653,BORDA DA MATA,N,42,0,4059,6026,10085,40.25,59.75,Bolsonaro,2,40,4.76,95.24,0,0,0,,,,0,0,,,,,,,N
MG,41670,BOTELHOS,N,39,0,5214,4343,9557,54.56,45.44,Lula,33,6,84.62,15.38,0,0,0,,,,0,0,,,,,,,N
MG,41696,BOTUMIRIM,N,18,0,2870,806,3676,78.07,21.93,Lula,18,0,100.0,0.0,0,0,0,,,,0,0,,,,,,,N
MG,40045,BRASILÂNDIA DE MINAS,N,35,0,5203,3640,8843,58.84,41.16,Lula,33,0,94.29,0.0,0,0,0,,,,0,0,,,,,,,N
MG,41718,BRASÍLIA DE MINAS,N,91,0,13432,5601,19033,70.57,29.43,Lula,88,3,96.7,3.3,0,0,0,,,,0,0,,,,,,,N
MG,41777,BRAZÓPOLIS,N,40,0,4161,5131,9292,44.78,55.22,Bolsonaro,6,33,15.0,82.5,0,0,0,,,,0,0,,,,,,,N
MG,41750,BRAÚNAS,N,0,20,0,0,0,,,,0,0,,,1827,1176,3003,60.84,39.16,Lula,20,0,100.0,0.0,,,,,N
MG,41793,BRUMADINHO,N,0,98,0,0,0,,,,0,0,,,12280,12689,24969,49.18,50.82,Bolsonaro,40,54,40.82,55.1,,,,,N
MG,41734,BRÁS PIRES,N,14,0,2026,1240,3266,62.03,37.97,Lula,14,0,100.0,0.0,0,0,0,,,,0,0,,,,,,,N
MG,41815,BUENO BRANDÃO,N,24,0,2216,4499,6715,33.0,67.0,Bolsonaro,0,24,0.0,100.0,0,0,0,,,,0,0,,,,,,,N
MG,41831,BUENÓPOLIS,N,29,0,3212,1931,5143,62.45,37.55,Lula,27,2,93.1,6.9,0,0,0,,,,0,0,,,,,,,N
MG,41769,BUGRE,N,15,0,1534,1618,3152,48.67,51.33,Bolsonaro,7,8,46.67,53.33,0,0,0,,,,0,0,,,,,,,N
MG,41858,BURITIS,N,65,0,6367,7637,14004,45.47,54.53,Bolsonaro,22,43,33.85,66.15,0,0,0,,,,0,0,,,,,,,N
MG,41874,BURITIZEIRO,N,64,0,7937,5906,13843,57.34,42.66,Lula,58,6,90.62,9.38,0,0,0,,,,0,0,,,,,,,N
MG,41785,CABECEIRA GRANDE,N,17,0,1950,2029,3979,49.01,50.99,Bolsonaro,9,8,52.94,47.06,0,0,0,,,,0,0,,,,,,,N
MG,41890,CABO VERDE,N,30,0,3926,3550,7476,52.51,47.49,Lula,19,11,63.33,36.67,0,0,0,,,,0,0,,,,,,,N
MG,41912,CACHOEIRA DA PRATA,N,0,13,0,0,0,,,,0,0,,,1439,1334,2773,51.89,48.11,Lula,11,2,84.62,15.38,,,,,N
MG,41939,CACHOEIRA DE MINAS,N,30,0,2909,4758,7667,37.94,62.06,Bolsonaro,1,29,3.33,96.67,0,0,0,,,,0,0,,,,,,,N
MG,40533,CACHOEIRA DE PAJEÚ,N,26,0,3421,1536,4957,69.01,30.99,Lula,25,1,96.15,3.85,0,0,0,,,,0,0,,,,,,,N
MG,41955,CACHOEIRA DOURADA,N,9,0,1227,597,1824,67.27,32.73,Lula,9,0,100.0,0.0,0,0,0,,,,0,0,,,,,,,N
MG,41971,CAETANÓPOLIS,N,0,31,0,0,0,,,,0,0,,,2870,3813,6683,42.94,57.06,Bolsonaro,4,27,12.9,87.1,,,,,N
MG,41998,CAETÉ,N,0,104,0,0,0,,,,0,0,,,14026,11825,25851,54.26,45.74,Lula,83,20,79.81,19.23,,,,,N
MG,42013,CAIANA,N,15,0,1846,1411,3257,56.68,43.32,Lula,14,1,93.33,6.67,0,0,0,,,,0,0,,,,,,,N
MG,42030,CAJURI,N,16,0,2640,993,3633,72.67,27.33,Lula,16,0,100.0,0.0,0,0,0,,,,0,0,,,,,,,N
MG,42056,CALDAS,N,40,0,3443,4893,8336,41.3,58.7,Bolsonaro,6,34,15.0,85.0,0,0,0,,,,0,0,,,,,,,N
MG,42072,CAMACHO,N,0,14,0,0,0,,,,0,0,,,1451,1057,2508,57.85,42.15,Lula,12,2,85.71,14.29,,,,,N
MG,42099,CAMANDUCAIA,N,49,0,5879,7741,13620,43.16,56.84,Bolsonaro,8,40,16.33,81.63,0,0,0,,,,0,0,,,,,,,N
MG,42137,CAMBUQUIRA,N,31,0,3652,3875,7527,48.52,51.48,Bolsonaro,11,20,35.48,64.52,0,0,0,,,,0,0,,,,,,,N
MG,42110,CAMBUÍ,N,64,0,6798,9500,16298,41.71,58.29,Bolsonaro,1,63,1.56,98.44,0,0,0,,,,0,0,,,,,,,N
MG,42170,CAMPANHA,N,36,0,3413,5963,9376,36.4,63.6,Bolsonaro,2,34,5.56,94.44,0,0,0,,,,0,0,,,,,,,N
MG,42153,CAMPANÁRIO,N,14,0,1482,714,2196,67.49,32.51,Lula,14,0,100.0,0.0,0,0,0,,,,0,0,,,,,,,N
MG,42196,CAMPESTRE,N,56,0,4914,8049,12963,37.91,62.09,Bolsonaro,0,56,0.0,100.0,0,0,0,,,,0,0,,,,,,,N
MG,42218,CAMPINA VERDE,N,51,0,5301,5848,11149,47.55,52.45,Bolsonaro,21,29,41.18,56.86,0,0,0,,,,0,0,,,,,,,N
MG,41807,CAMPO AZUL,N,16,0,2137,568,2705,79.0,21.0,Lula,16,0,100.0,0.0,0,0,0,,,,0,0,,,,,,,N
MG,42234,CAMPO BELO,N,0,119,0,0,0,,,,0,0,,,12335,17341,29676,41.57,58.43,Bolsonaro,19,98,15.97,82.35,,,,,N
MG,42250,CAMPO DO MEIO,N,29,0,4481,3052,7533,59.48,40.52,Lula,29,0,100.0,0.0,0,0,0,,,,0,0,,,,,,,N
MG,42277,CAMPO FLORIDO,N,23,0,2626,2266,4892,53.68,46.32,Lula,14,7,60.87,30.43,0,0,0,,,,0,0,,,,,,,N
MG,42293,CAMPOS ALTOS,N,32,0,2903,4319,7222,40.2,59.8,Bolsonaro,7,25,21.88,78.12,0,0,0,,,,0,0,,,,,,,N
MG,42315,CAMPOS GERAIS,N,58,0,6852,8469,15321,44.72,55.28,Bolsonaro,11,47,18.97,81.03,0,0,0,,,,0,0,,,,,,,N
MG,42374,CANA VERDE,N,0,15,0,0,0,,,,0,0,,,1985,1843,3828,51.85,48.15,Lula,8,7,53.33,46.67,,,,,N
MG,42331,CANAÃ,N,15,0,2593,920,3513,73.81,26.19,Lula,15,0,100.0,0.0,0,0,0,,,,0,0,,,,,,,N
MG,42390,CANDEIAS,N,0,43,0,0,0,,,,0,0,,,4301,4819,9120,47.16,52.84,Bolsonaro,12,31,27.91,72.09,,,,,N
MG,41823,CANTAGALO,N,11,0,1859,695,2554,72.79,27.21,Lula,11,0,100.0,0.0,0,0,0,,,,0,0,,,,,,,N
MG,42358,CANÁPOLIS,N,27,0,4042,2591,6633,60.94,39.06,Lula,25,1,92.59,3.7,0,0,0,,,,0,0,,,,,,,N
MG,42412,CAPARAÓ,N,15,0,1395,2024,3419,40.8,59.2,Bolsonaro,0,15,0.0,100.0,0,0,0,,,,0,0,,,,,,,N
MG,42439,CAPELA NOVA,N,0,16,0,0,0,,,,0,0,,,2307,1209,3516,65.61,34.39,Lula,16,0,100.0,0.0,,,,,N
MG,42455,CAPELINHA,N,86,0,12197,9118,21315,57.22,42.78,Lula,67,17,77.91,19.77,0,0,0,,,,0,0,,,,,,,N
MG,42471,CAPETINGA,N,18,0,1929,2150,4079,47.29,52.71,Bolsonaro,4,14,22.22,77.78,0,0,0,,,,0,0,,,,,,,N
MG,42498,CAPIM BRANCO,N,0,26,0,0,0,,,,0,0,,,2736,3646,6382,42.87,57.13,Bolsonaro,4,22,15.38,84.62,,,,,N
MG,42510,CAPINÓPOLIS,N,39,0,5052,3905,8957,56.4,43.6,Lula,28,11,71.79,28.21,0,0,0,,,,0,0,,,,,,,N
MG,40061,CAPITÃO ANDRADE,N,13,0,1351,1391,2742,49.27,50.73,Bolsonaro,3,9,23.08,69.23,0,0,0,,,,0,0,,,,,,,N
MG,42536,CAPITÃO ENÉAS,N,42,0,6533,2607,9140,71.48,28.52,Lula,42,0,100.0,0.0,0,0,0,,,,0,0,,,,,,,N
MG,42552,CAPITÓLIO,N,22,0,2319,3676,5995,38.68,61.32,Bolsonaro,0,22,0.0,100.0,0,0,0,,,,0,0,,,,,,,N
MG,42579,CAPUTIRA,N,27,0,3822,2573,6395,59.77,40.23,Lula,27,0,100.0,0.0,0,0,0,,,,0,0,,,,,,,N
MG,42617,CARANAÍBA,N,0,12,0,0,0,,,,0,0,,,1493,1002,2495,59.84,40.16,Lula,11,1,91.67,8.33,,,,,N
MG,42633,CARANDAÍ,N,0,64,0,0,0,,,,0,0,,,8977,7374,16351,54.9,45.1,Lula,45,18,70.31,28.12,,,,,N
MG,42650,CARANGOLA,N,75,0,9738,8726,18464,52.74,47.26,Lula,47,25,62.67,33.33,0,0,0,,,,0,0,,,,,,,N
MG,42676,CARATINGA,N,216,0,21977,25737,47714,46.06,53.94,Bolsonaro,58,155,26.85,71.76,0,0,0,,,,0,0,,,,,,,N
MG,42595,CARAÍ,N,47,0,7228,2084,9312,77.62,22.38,Lula,47,0,100.0,0.0,0,0,0,,,,0,0,,,,,,,N
MG,42692,CARBONITA,N,32,0,3693,1933,5626,65.64,34.36,Lula,32,0,100.0,0.0,0,0,0,,,,0,0,,,,,,,N
MG,42714,CAREAÇU,N,16,0,1798,2096,3894,46.17,53.83,Bolsonaro,3,12,18.75,75.0,0,0,0,,,,0,0,,,,,,,N
MG,42730,CARLOS CHAGAS,N,54,0,6730,4103,10833,62.12,37.88,Lula,46,8,85.19,14.81,0,0,0,,,,0,0,,,,,,,N
MG,42773,CARMO DA CACHOEIRA,N,0,30,0,0,0,,,,0,0,,,4143,2888,7031,58.92,41.08,Lula,28,2,93.33,6.67,,,,,N
MG,42790,CARMO DA MATA,N,0,35,0,0,0,,,,0,0,,,4505,3083,7588,59.37,40.63,Lula,32,3,91.43,8.57,,,,,N
MG,42811,CARMO DE MINAS,N,31,0,3663,4013,7676,47.72,52.28,Bolsonaro,10,21,32.26,67.74,0,0,0,,,,0,0,,,,,,,N
MG,42838,CARMO DO CAJURU,N,0,57,0,0,0,,,,0,0,,,6768,8157,14925,45.35,54.65,Bolsonaro,13,44,22.81,77.19,,,,,N
MG,42854,CARMO DO PARANAÍBA,N,79,0,5959,11066,17025,35.0,65.0,Bolsonaro,4,75,5.06,94.94,0,0,0,,,,0,0,,,,,,,N
MG,42870,CARMO DO RIO CLARO,N,54,0,5064,7021,12085,41.9,58.1,Bolsonaro,3,51,5.56,94.44,0,0,0,,,,0,0,,,,,,,N
MG,42757,CARMÉSIA,N,10,0,1089,677,1766,61.66,38.34,Lula,10,0,100.0,0.0,0,0,0,,,,0,0,,,,,,,N
MG,42897,CARMÓPOLIS DE MINAS,N,49,0,5755,5641,11396,50.5,49.5,Lula,25,24,51.02,48.98,0,0,0,,,,0,0,,,,,,,N
MG,40088,CARNEIRINHO,N,26,0,3112,2996,6108,50.95,49.05,Lula,14,11,53.85,42.31,0,0,0,,,,0,0,,,,,,,N
MG,42919,CARRANCAS,N,12,0,1471,1231,2702,54.44,45.56,Lula,9,3,75.0,25.0,0,0,0,,,,0,0,,,,,,,N
MG,42951,CARVALHOS,N,14,0,1647,1461,3108,52.99,47.01,Lula,9,4,64.29,28.57,0,0,0,,,,0,0,,,,,,,N
MG,42935,CARVALHÓPOLIS,N,11,0,1139,1480,2619,43.49,56.51,Bolsonaro,0,11,0.0,100.0,0,0,0,,,,0,0,,,,,,,N
MG,42978,CASA GRANDE,N,0,9,0,0,0,,,,0,0,,,997,1110,2107,47.32,52.68,Bolsonaro,2,6,22.22,66.67,,,,,N
MG,42994,CASCALHO RICO,N,11,0,1140,1499,2639,43.2,56.8,Bolsonaro,0,11,0.0,100.0,0,0,0,,,,0,0,,,,,,,N
MG,43052,CATAGUASES,N,170,0,24425,15572,39997,61.07,38.93,Lula,168,2,98.82,1.18,0,0,0,,,,0,0,,,,,,,N
MG,41840,CATAS ALTAS,N,0,15,0,0,0,,,,0,0,,,2227,1464,3691,60.34,39.66,Lula,15,0,100.0,0.0,,,,,N
MG,43079,CATAS ALTAS DA NORUEGA,N,0,14,0,0,0,,,,0,0,,,1974,930,2904,67.98,32.02,Lula,14,0,100.0,0.0,,,,,N
MG,40100,CATUJI,N,25,0,4196,1270,5466,76.77,23.23,Lula,25,0,100.0,0.0,0,0,0,,,,0,0,,,,,,,N
MG,41866,CATUTI,N,17,0,2369,847,3216,73.66,26.34,Lula,17,0,100.0,0.0,0,0,0,,,,0,0,,,,,,,N
MG,43095,CAXAMBU,N,48,0,6499,6320,12819,50.7,49.3,Lula,25,22,52.08,45.83,0,0,0,,,,0,0,,,,,,,N
MG,43117,CEDRO DO ABAETÉ,N,4,0,420,470,890,47.19,52.81,Bolsonaro,0,4,0.0,100.0,0,0,0,,,,0,0,,,,,,,N
MG,43133,CENTRAL DE MINAS,N,21,0,2086,2095,4181,49.89,50.11,Bolsonaro,11,10,52.38,47.62,0,0,0,,,,0,0,,,,,,,N
MG,43150,CENTRALINA,N,25,0,3779,2032,5811,65.03,34.97,Lula,25,0,100.0,0.0,0,0,0,,,,0,0,,,,,,,N
MG,43192,CHALÉ,N,17,0,2224,1999,4223,52.66,47.34,Lula,10,7,58.82,41.18,0,0,0,,,,0,0,,,,,,,N
MG,43214,CHAPADA DO NORTE,N,38,0,4735,867,5602,84.52,15.48,Lula,38,0,100.0,0.0,0,0,0,,,,0,0,,,,,,,N
MG,41882,CHAPADA GAÚCHA,N,33,0,4179,2132,6311,66.22,33.78,Lula,32,1,96.97,3.03,0,0,0,,,,0,0,,,,,,,N
MG,43230,CHIADOR,N,11,0,1194,1133,2327,51.31,48.69,Lula,7,4,63.64,36.36,0,0,0,,,,0,0,,,,,,,N
MG,43176,CHÁCARA,N,13,0,1761,1177,2938,59.94,40.06,Lula,12,0,92.31,0.0,0,0,0,,,,0,0,,,,,,,N
MG,43257,CIPOTÂNEA,N,0,18,0,0,0,,,,0,0,,,2628,1277,3905,67.3,32.7,Lula,18,0,100.0,0.0,,,,,N
MG,43273,CLARAVAL,N,14,0,1170,2564,3734,31.33,68.67,Bolsonaro,0,14,0.0,100.0,0,0,0,,,,0,0,,,,,,,N
MG,43290,CLARO DOS POÇÕES,N,32,0,3354,2348,5702,58.82,41.18,Lula,29,2,90.62,6.25,0,0,0,,,,0,0,,,,,,,N
MG,43311,CLÁUDIO,N,0,68,0,0,0,,,,0,0,,,5781,11623,17404,33.22,66.78,Bolsonaro,3,65,4.41,95.59,,,,,N
MG,43338,COIMBRA,N,20,0,3281,1845,5126,64.01,35.99,Lula,20,0,100.0,0.0,0,0,0,,,,0,0,,,,,,,N
MG,43354,COLUNA,N,25,0,3036,1554,4590,66.14,33.86,Lula,25,0,100.0,0.0,0,0,0,,,,0,0,,,,,,,N
MG,43370,COMENDADOR GOMES,N,8,0,926,1229,2155,42.97,57.03,Bolsonaro,1,7,12.5,87.5,0,0,0,,,,0,0,,,,,,,N
MG,43397,COMERCINHO,N,25,0,3594,946,4540,79.16,20.84,Lula,25,0,100.0,0.0,0,0,0,,,,0,0,,,,,,,N
MG,43419,CONCEIÇÃO DA APARECIDA,N,25,0,2957,3306,6263,47.21,52.79,Bolsonaro,7,18,28.0,72.0,0,0,0,,,,0,0,,,,,,,N
MG,43036,CONCEIÇÃO DA BARRA DE MINAS,N,0,13,0,0,0,,,,0,0,,,1760,1184,2944,59.78,40.22,Lula,13,0,100.0,0.0,,,,,N
MG,43451,CONCEIÇÃO DAS ALAGOAS,N,59,0,8369,6737,15106,55.4,44.6,Lula,38,21,64.41,35.59,0,0,0,,,,0,0,,,,,,,N
MG,43435,CONCEIÇÃO DAS PEDRAS,N,10,0,988,1128,2116,46.69,53.31,Bolsonaro,3,7,30.0,70.0,0,0,0,,,,0,0,,,,,,,N
MG,43478,CONCEIÇÃO DE IPANEMA,N,15,0,1918,1340,3258,58.87,41.13,Lula,15,0,100.0,0.0,0,0,0,,,,0,0,,,,,,,N
MG,43494,CONCEIÇÃO DO MATO DENTRO,N,0,65,0,0,0,,,,0,0,,,8955,3930,12885,69.5,30.5,Lula,64,1,98.46,1.54,,,,,N
MG,43516,CONCEIÇÃO DO PARÁ,N,0,16,0,0,0,,,,0,0,,,1376,2610,3986,34.52,65.48,Bolsonaro,0,16,0.0,100.0,,,,,N
MG,43532,CONCEIÇÃO DO RIO VERDE,N,36,0,4487,3251,7738,57.99,42.01,Lula,27,9,75.0,25.0,0,0,0,,,,0,0,,,,,,,N
MG,43559,CONCEIÇÃO DOS OUROS,N,32,0,2665,4444,7109,37.49,62.51,Bolsonaro,2,30,6.25,93.75,0,0,0,,,,0,0,,,,,,,N
MG,41920,CONFINS,N,0,23,0,0,0,,,,0,0,,,2403,2975,5378,44.68,55.32,Bolsonaro,2,21,8.7,91.3,,,,,N
MG,43575,CONGONHAL,N,29,0,2844,4696,7540,37.72,62.28,Bolsonaro,0,29,0.0,100.0,0,0,0,,,,0,0,,,,,,,N
MG,43591,CONGONHAS,N,0,120,0,0,0,,,,0,0,,,18137,15340,33477,54.18,45.82,Lula,93,27,77.5,22.5,,,,,N
MG,43613,CONGONHAS DO NORTE,N,0,15,0,0,0,,,,0,0,,,2128,674,2802,75.95,24.05,Lula,15,0,100.0,0.0,,,,,N
MG,43630,CONQUISTA,N,20,0,2181,2112,4293,50.8,49.2,Lula,12,8,60.0,40.0,0,0,0,,,,0,0,,,,,,,N
MG,43656,CONSELHEIRO LAFAIETE,N,0,310,0,0,0,,,,0,0,,,44178,33282,77460,57.03,42.97,Lula,266,44,85.81,14.19,,,,,N
MG,43672,CONSELHEIRO PENA,N,62,0,5046,6507,11553,43.68,56.32,Bolsonaro,12,49,19.35,79.03,0,0,0,,,,0,0,,,,,,,N
MG,43699,CONSOLAÇÃO,N,6,0,653,745,1398,46.71,53.29,Bolsonaro,2,4,33.33,66.67,0,0,0,,,,0,0,,,,,,,N
MG,43710,CONTAGEM,N,0,1320,0,0,0,,,,0,0,,,162786,202910,365696,44.51,55.49,Bolsonaro,187,1129,14.17,85.53,,,,,N
MG,43737,COQUEIRAL,N,24,0,2700,3147,5847,46.18,53.82,Bolsonaro,3,21,12.5,87.5,0,0,0,,,,0,0,,,,,,,N
MG,43753,CORAÇÃO DE JESUS,N,79,0,11355,3850,15205,74.68,25.32,Lula,79,0,100.0,0.0,0,0,0,,,,0,0,,,,,,,N
MG,43770,CORDISBURGO,N,0,24,0,0,0,,,,0,0,,,3001,2464,5465,54.91,45.09,Lula,22,2,91.67,8.33,,,,,N
MG,43796,CORDISLÂNDIA,N,12,0,1205,910,2115,56.97,43.03,Lula,12,0,100.0,0.0,0,0,0,,,,0,0,,,,,,,N
MG,43818,CORINTO,N,72,0,8214,5533,13747,59.75,40.25,Lula,68,4,94.44,5.56,0,0,0,,,,0,0,,,,,,,N
MG,43834,COROACI,N,30,0,3326,2239,5565,59.77,40.23,Lula,29,1,96.67,3.33,0,0,0,,,,0,0,,,,,,,N
MG,43850,COROMANDEL,N,72,0,7425,10710,18135,40.94,59.06,Bolsonaro,15,56,20.83,77.78,0,0,0,,,,0,0,,,,,,,N
MG,43877,CORONEL FABRICIANO,N,0,250,0,0,0,,,,0,0,,,25144,35727,60871,41.31,58.69,Bolsonaro,16,234,6.4,93.6,,,,,N
MG,43893,CORONEL MURTA,N,24,0,4007,1226,5233,76.57,23.43,Lula,24,0,100.0,0.0,0,0,0,,,,0,0,,,,,,,N
MG,43915,CORONEL PACHECO,N,9,0,1327,956,2283,58.13,41.87,Lula,9,0,100.0,0.0,0,0,0,,,,0,0,,,,,,,N
MG,43931,CORONEL XAVIER CHAVES,N,0,13,0,0,0,,,,0,0,,,1466,878,2344,62.54,37.46,Lula,13,0,100.0,0.0,,,,,N
MG,44016,COUTO DE MAGALHÃES DE MINAS,N,0,14,0,0,0,,,,0,0,,,2043,563,2606,78.4,21.6,Lula,14,0,100.0,0.0,,,,,N
MG,44032,CRISTAIS,N,0,25,0,0,0,,,,0,0,,,3234,3266,6500,49.75,50.25,Bolsonaro,13,12,52.0,48.0,,,,,N
MG,44075,CRISTIANO OTONI,N,0,15,0,0,0,,,,0,0,,,1764,1704,3468,50.87,49.13,Lula,11,4,73.33,26.67,,,,,N
MG,44091,CRISTINA,N,25,0,2440,3718,6158,39.62,60.38,Bolsonaro,1,24,4.0,96.0,0,0,0,,,,0,0,,,,,,,N
MG,44059,CRISTÁLIA,N,18,0,2589,851,3440,75.26,24.74,Lula,18,0,100.0,0.0,0,0,0,,,,0,0,,,,,,,N
MG,41963,CRISÓLITA,N,17,0,2441,828,3269,74.67,25.33,Lula,17,0,100.0,0.0,0,0,0,,,,0,0,,,,,,,N
MG,44113,CRUCILÂNDIA,N,0,14,0,0,0,,,,0,0,,,1895,2167,4062,46.65,53.35,Bolsonaro,2,12,14.29,85.71,,,,,N
MG,44130,CRUZEIRO DA FORTALEZA,N,13,0,1357,1838,3195,42.47,57.53,Bolsonaro,3,10,23.08,76.92,0,0,0,,,,0,0,,,,,,,N
MG,44156,CRUZÍLIA,N,35,0,5517,4265,9782,56.4,43.6,Lula,25,10,71.43,28.57,0,0,0,,,,0,0,,,,,,,N
MG,41980,CUPARAQUE,N,16,0,1100,1706,2806,39.2,60.8,Bolsonaro,0,16,0.0,100.0,0,0,0,,,,0,0,,,,,,,N
MG,42005,CURRAL DE DENTRO,N,18,0,2861,1736,4597,62.24,37.76,Lula,17,1,94.44,5.56,0,0,0,,,,0,0,,,,,,,N
MG,44172,CURVELO,N,193,0,23339,21381,44720,52.19,47.81,Lula,120,71,62.18,36.79,0,0,0,,,,0,0,,,,,,,N
MG,43010,CÁSSIA,N,39,0,4945,5441,10386,47.61,52.39,Bolsonaro,15,24,38.46,61.54,0,0,0,,,,0,0,,,,,,,N
MG,43958,CÓRREGO DANTA,N,13,0,1050,1172,2222,47.25,52.75,Bolsonaro,5,8,38.46,61.54,0,0,0,,,,0,0,,,,,,,N
MG,43974,CÓRREGO DO BOM JESUS,N,13,0,1422,1783,3205,44.37,55.63,Bolsonaro,2,11,15.38,84.62,0,0,0,,,,0,0,,,,,,,N
MG,41947,CÓRREGO FUNDO,N,18,0,1745,2398,4143,42.12,57.88,Bolsonaro,2,16,11.11,88.89,0,0,0,,,,0,0,,,,,,,N
MG,43990,CÓRREGO NOVO,N,13,0,1692,891,2583,65.51,34.49,Lula,13,0,100.0,0.0,0,0,0,,,,0,0,,,,,,,N
MG,41904,CÔNEGO MARINHO,N,28,0,3635,671,4306,84.42,15.58,Lula,28,0,100.0,0.0,0,0,0,,,,0,0,,,,,,,N
MG,44199,DATAS,N,18,0,2774,834,3608,76.88,23.12,Lula,18,0,100.0,0.0,0,0,0,,,,0,0,,,,,,,N
MG,44210,DELFIM MOREIRA,N,22,0,2293,2923,5216,43.96,56.04,Bolsonaro,3,19,13.64,86.36,0,0,0,,,,0,0,,,,,,,N
MG,44237,DELFINÓPOLIS,N,19,0,2056,2488,4544,45.25,54.75,Bolsonaro,3,16,15.79,84.21,0,0,0,,,,0,0,,,,,,,N
MG,42021,DELTA,N,23,0,3213,1976,5189,61.92,38.08,Lula,23,0,100.0,0.0,0,0,0,,,,0,0,,,,,,,N
MG,44253,DESCOBERTO,N,13,0,2089,1430,3519,59.36,40.64,Lula,13,0,100.0,0.0,0,0,0,,,,0,0,,,,,,,N
MG,44270,DESTERRO DE ENTRE RIOS,N,0,21,0,0,0,,,,0,0,,,1948,2807,4755,40.97,59.03,Bolsonaro,5,15,23.81,71.43,,,,,N
MG,44296,DESTERRO DO MELO,N,0,14,0,0,0,,,,0,0,,,1603,1295,2898,55.31,44.69,Lula,13,1,92.86,7.14,,,,,N
MG,44318,DIAMANTINA,N,0,132,0,0,0,,,,0,0,,,19045,8664,27709,68.73,31.27,Lula,130,2,98.48,1.52,,,,,N
MG,44334,DIOGO DE VASCONCELOS,N,0,16,0,0,0,,,,0,0,,,2178,680,2858,76.21,23.79,Lula,16,0,100.0,0.0,,,,,N
MG,44350,DIONÍSIO,N,0,29,0,0,0,,,,0,0,,,2837,2000,4837,58.65,41.35,Lula,27,2,93.1,6.9,,,,,N
MG,44393,DIVINO,N,48,0,6807,5032,11839,57.5,42.5,Lula,45,2,93.75,4.17,0,0,0,,,,0,0,,,,,,,N
MG,44415,DIVINO DAS LARANJEIRAS,N,16,0,1552,1625,3177,48.85,51.15,Bolsonaro,6,9,37.5,56.25,0,0,0,,,,0,0,,,,,,,N
MG,44431,DIVINOLÂNDIA DE MINAS,N,19,0,2480,1602,4082,60.75,39.25,Lula,18,1,94.74,5.26,0,0,0,,,,0,0,,,,,,,N
MG,44377,DIVINÉSIA,N,14,0,2444,1141,3585,68.17,31.83,Lula,14,0,100.0,0.0,0,0,0,,,,0,0,,,,,,,N
MG,44458,DIVINÓPOLIS,N,0,500,0,0,0,,,,0,0,,,60868,76341,137209,44.36,55.64,Bolsonaro,104,392,20.8,78.4,,,,,N
MG,40126,DIVISA ALEGRE,N,14,0,2401,1335,3736,64.27,35.73,Lula,14,0,100.0,0.0,0,0,0,,,,0,0,,,,,,,N
MG,44474,DIVISA NOVA,N,14,0,1966,1811,3777,52.05,47.95,Lula,10,4,71.43,28.57,0,0,0,,,,0,0,,,,,,,N
MG,40142,DIVISÓPOLIS,N,18,0,3405,1619,5024,67.77,32.23,Lula,18,0,100.0,0.0,0,0,0,,,,0,0,,,,,,,N
MG,42048,DOM BOSCO,N,13,0,1251,1430,2681,46.66,53.34,Bolsonaro,2,11,15.38,84.62,0,0,0,,,,0,0,,,,,,,N
MG,44490,DOM CAVATI,N,21,0,1524,1754,3278,46.49,53.51,Bolsonaro,5,16,23.81,76.19,0,0,0,,,,0,0,,,,,,,N
MG,44512,DOM JOAQUIM,N,0,17,0,0,0,,,,0,0,,,1903,1023,2926,65.04,34.96,Lula,17,0,100.0,0.0,,,,,N
MG,44539,DOM SILVÉRIO,N,0,13,0,0,0,,,,0,0,,,2311,1088,3399,67.99,32.01,Lula,13,0,100.0,0.0,,,,,N
MG,44555,DOM VIÇOSO,N,9,0,1111,1224,2335,47.58,52.42,Bolsonaro,3,6,33.33,66.67,0,0,0,,,,0,0,,,,,,,N
MG,44571,DONA EUSÉBIA,N,19,0,2583,2029,4612,56.01,43.99,Lula,17,2,89.47,10.53,0,0,0,,,,0,0,,,,,,,N
MG,44598,DORES DE CAMPOS,N,0,27,0,0,0,,,,0,0,,,3240,3229,6469,50.09,49.91,Lula,12,15,44.44,55.56,,,,,N
MG,44610,DORES DE GUANHÃES,N,17,0,2292,1310,3602,63.63,36.37,Lula,16,1,94.12,5.88,0,0,0,,,,0,0,,,,,,,N
MG,44636,DORES DO INDAIÁ,N,40,0,3290,4783,8073,40.75,59.25,Bolsonaro,5,35,12.5,87.5,0,0,0,,,,0,0,,,,,,,N
MG,44652,DORES DO TURVO,N,18,0,2509,1392,3901,64.32,35.68,Lula,18,0,100.0,0.0,0,0,0,,,,0,0,,,,,,,N
MG,44679,DORESÓPOLIS,N,6,0,733,808,1541,47.57,52.43,Bolsonaro,3,3,50.0,50.0,0,0,0,,,,0,0,,,,,,,N
MG,44695,DOURADOQUARA,N,7,0,928,653,1581,58.7,41.3,Lula,6,1,85.71,14.29,0,0,0,,,,0,0,,,,,,,N
MG,40169,DURANDÉ,N,22,0,2849,2118,4967,57.36,42.64,Lula,20,2,90.91,9.09,0,0,0,,,,0,0,,,,,,,N
MG,44717,ELÓI MENDES,N,0,55,0,0,0,,,,0,0,,,6153,9402,15555,39.56,60.44,Bolsonaro,5,50,9.09,90.91,,,,,N
MG,44733,ENGENHEIRO CALDAS,N,29,0,2728,2570,5298,51.49,48.51,Lula,14,15,48.28,51.72,0,0,0,,,,0,0,,,,,,,N
MG,44750,ENGENHEIRO NAVARRO,N,19,0,3222,1200,4422,72.86,27.14,Lula,19,0,100.0,0.0,0,0,0,,,,0,0,,,,,,,N
MG,40185,ENTRE FOLHAS,N,20,0,2278,2180,4458,51.1,48.9,Lula,9,11,45.0,55.0,0,0,0,,,,0,0,,,,,,,N
MG,44776,ENTRE RIOS DE MINAS,N,0,40,0,0,0,,,,0,0,,,5451,4203,9654,56.46,43.54,Lula,34,6,85.0,15.0,,,,,N
MG,44792,ERVÁLIA,N,60,0,8390,4114,12504,67.1,32.9,Lula,60,0,100.0,0.0,0,0,0,,,,0,0,,,,,,,N
MG,44814,ESMERALDAS,N,0,150,0,0,0,,,,0,0,,,21117,18715,39832,53.02,46.98,Lula,103,45,68.67,30.0,,,,,N
MG,44830,ESPERA FELIZ,N,59,0,7256,6663,13919,52.13,47.87,Lula,39,19,66.1,32.2,0,0,0,,,,0,0,,,,,,,N
MG,44857,ESPINOSA,N,90,0,11844,5914,17758,66.7,33.3,Lula,89,1,98.89,1.11,0,0,0,,,,0,0,,,,,,,N
MG,44873,ESPÍRITO SANTO DO DOURADO,N,15,0,2034,1989,4023,50.56,49.44,Lula,7,7,46.67,46.67,0,0,0,,,,0,0,,,,,,,N
MG,44890,ESTIVA,N,33,0,3267,4150,7417,44.05,55.95,Bolsonaro,5,28,15.15,84.85,0,0,0,,,,0,0,,,,,,,N
MG,44911,ESTRELA DALVA,N,10,0,1248,716,1964,63.54,36.46,Lula,10,0,100.0,0.0,0,0,0,,,,0,0,,,,,,,N
MG,44938,ESTRELA DO INDAIÁ,N,11,0,1031,1045,2076,49.66,50.34,Bolsonaro,5,5,45.45,45.45,0,0,0,,,,0,0,,,,,,,N
MG,44954,ESTRELA DO SUL,N,19,0,2532,1845,4377,57.85,42.15,Lula,16,2,84.21,10.53,0,0,0,,,,0,0,,,,,,,N
MG,44970,EUGENÓPOLIS,N,30,0,3635,3447,7082,51.33,48.67,Lula,14,15,46.67,50.0,0,0,0,,,,0,0,,,,,,,N
MG,44997,EWBANK DA CÂMARA,N,13,0,2286,1110,3396,67.31,32.69,Lula,13,0,100.0,0.0,0,0,0,,,,0,0,,,,,,,N
MG,45012,EXTREMA,N,100,0,12071,15399,27470,43.94,56.06,Bolsonaro,11,89,11.0,89.0,0,0,0,,,,0,0,,,,,,,N
MG,45039,FAMA,N,11,0,1087,1272,2359,46.08,53.92,Bolsonaro,2,9,18.18,81.82,0,0,0,,,,0,0,,,,,,,N
MG,45055,FARIA LEMOS,N,13,0,1502,902,2404,62.48,37.52,Lula,13,0,100.0,0.0,0,0,0,,,,0,0,,,,,,,N
MG,45110,FELISBURGO,N,17,0,2701,1026,3727,72.47,27.53,Lula,17,0,100.0,0.0,0,0,0,,,,0,0,,,,,,,N
MG,45136,FELIXLÂNDIA,N,37,0,5015,3556,8571,58.51,41.49,Lula,34,3,91.89,8.11,0,0,0,,,,0,0,,,,,,,N
MG,45071,FELÍCIO DOS SANTOS,N,16,0,2087,1093,3180,65.63,34.37,Lula,16,0,100.0,0.0,0,0,0,,,,0,0,,,,,,,N
MG,45152,FERNANDES TOURINHO,N,10,0,933,995,1928,48.39,51.61,Bolsonaro,4,5,40.0,50.0,0,0,0,,,,0,0,,,,,,,N
MG,45179,FERROS,N,35,0,4108,1906,6014,68.31,31.69,Lula,35,0,100.0,0.0,0,0,0,,,,0,0,,,,,,,N
MG,40207,FERVEDOURO,N,27,0,3856,2703,6559,58.79,41.21,Lula,24,3,88.89,11.11,0,0,0,,,,0,0,,,,,,,N
MG,45195,FLORESTAL,N,0,20,0,0,0,,,,0,0,,,2699,2431,5130,52.61,47.39,Lula,17,3,85.0,15.0,,,,,N
MG,45217,FORMIGA,N,177,0,15808,26008,41816,37.8,62.2,Bolsonaro,6,171,3.39,96.61,0,0,0,,,,0,0,,,,,,,N
MG,45233,FORMOSO,N,21,0,2664,1706,4370,60.96,39.04,Lula,20,1,95.24,4.76,0,0,0,,,,0,0,,,,,,,N
MG,45250,FORTALEZA DE MINAS,N,10,0,1022,1281,2303,44.38,55.62,Bolsonaro,0,10,0.0,100.0,0,0,0,,,,0,0,,,,,,,N
MG,45276,FORTUNA DE MINAS,N,0,11,0,0,0,,,,0,0,,,1340,817,2157,62.12,37.88,Lula,11,0,100.0,0.0,,,,,N
MG,45292,FRANCISCO BADARÓ,N,30,0,3201,1256,4457,71.82,28.18,Lula,30,0,100.0,0.0,0,0,0,,,,0,0,,,,,,,N
MG,45314,FRANCISCO DUMONT,N,16,0,1879,1164,3043,61.75,38.25,Lula,14,2,87.5,12.5,0,0,0,,,,0,0,,,,,,,N
MG,45330,FRANCISCO SÁ,N,77,0,10303,3865,14168,72.72,27.28,Lula,77,0,100.0,0.0,0,0,0,,,,0,0,,,,,,,N
MG,40223,FRANCISCÓPOLIS,N,16,0,2352,954,3306,71.14,28.86,Lula,16,0,100.0,0.0,0,0,0,,,,0,0,,,,,,,N
MG,45357,FREI GASPAR,N,21,0,2587,1177,3764,68.73,31.27,Lula,21,0,100.0,0.0,0,0,0,,,,0,0,,,,,,,N
MG,45373,FREI INOCÊNCIO,N,26,0,2846,2032,4878,58.34,41.66,Lula,24,2,92.31,7.69,0,0,0,,,,0,0,,,,,,,N
MG,42064,FREI LAGONEGRO,N,12,0,1751,779,2530,69.21,30.79,Lula,12,0,100.0,0.0,0,0,0,,,,0,0,,,,,,,N
MG,45390,FRONTEIRA,N,28,0,4249,3594,7843,54.18,45.82,Lula,24,4,85.71,14.29,0,0,0,,,,0,0,,,,,,,N
MG,49352,FRONTEIRA DOS VALES,N,17,0,2372,648,3020,78.54,21.46,Lula,17,0,100.0,0.0,0,0,0,,,,0,0,,,,,,,N
MG,42080,FRUTA DE LEITE,N,28,0,2500,596,3096,80.75,19.25,Lula,28,0,100.0,0.0,0,0,0,,,,0,0,,,,,,,N
MG,45411,FRUTAL,N,120,0,13705,17561,31266,43.83,56.17,Bolsonaro,21,97,17.5,80.83,0,0,0,,,,0,0,,,,,,,N
MG,45438,FUNILÂNDIA,N,0,17,0,0,0,,,,0,0,,,1687,1995,3682,45.82,54.18,Bolsonaro,4,13,23.53,76.47,,,,,N
MG,45454,GALILÉIA,N,19,0,1932,1832,3764,51.33,48.67,Lula,11,7,57.89,36.84,0,0,0,,,,0,0,,,,,,,N
MG,42102,GAMELEIRAS,N,20,0,2348,1068,3416,68.74,31.26,Lula,20,0,100.0,0.0,0,0,0,,,,0,0,,,,,,,N
MG,42129,GLAUCILÂNDIA,N,13,0,2167,847,3014,71.9,28.1,Lula,13,0,100.0,0.0,0,0,0,,,,0,0,,,,,,,N
MG,42145,GOIABEIRA,N,8,0,970,1287,2257,42.98,57.02,Bolsonaro,0,8,0.0,100.0,0,0,0,,,,0,0,,,,,,,N
MG,42161,GOIANÁ,N,12,0,1752,1397,3149,55.64,44.36,Lula,11,0,91.67,0.0,0,0,0,,,,0,0,,,,,,,N
MG,45497,GONZAGA,N,18,0,1885,1143,3028,62.25,37.75,Lula,18,0,100.0,0.0,0,0,0,,,,0,0,,,,,,,N
MG,45470,GONÇALVES,N,13,0,1115,1853,2968,37.57,62.43,Bolsonaro,1,12,7.69,92.31,0,0,0,,,,0,0,,,,,,,N
MG,45519,GOUVEIA,N,0,31,0,0,0,,,,0,0,,,5279,2251,7530,70.11,29.89,Lula,31,0,100.0,0.0,,,,,N
MG,45535,GOVERNADOR VALADARES,N,652,0,56237,94975,151212,37.19,62.81,Bolsonaro,84,564,12.88,86.5,0,0,0,,,,0,0,,,,,,,N
MG,45578,GRUPIARA,N,6,0,529,774,1303,40.6,59.4,Bolsonaro,0,6,0.0,100.0,0,0,0,,,,0,0,,,,,,,N
MG,45551,GRÃO MOGOL,N,42,0,6057,2109,8166,74.17,25.83,Lula,42,0,100.0,0.0,0,0,0,,,,0,0,,,,,,,N
MG,45594,GUANHÃES,N,85,0,9447,7434,16881,55.96,44.04,Lula,60,23,70.59,27.06,0,0,0,,,,0,0,,,,,,,N
MG,45616,GUAPÉ,N,36,0,3054,5102,8156,37.44,62.56,Bolsonaro,2,34,5.56,94.44,0,0,0,,,,0,0,,,,,,,N
MG,45632,GUARACIABA,N,0,30,0,0,0,,,,0,0,,,4412,1771,6183,71.36,28.64,Lula,30,0,100.0,0.0,,,,,N
MG,42188,GUARACIAMA,N,15,0,3312,657,3969,83.45,16.55,Lula,15,0,100.0,0.0,0,0,0,,,,0,0,,,,,,,N
MG,45675,GUARANI,N,22,0,3512,1787,5299,66.28,33.72,Lula,22,0,100.0,0.0,0,0,0,,,,0,0,,,,,,,N
MG,45659,GUARANÉSIA,N,43,0,6779,4779,11558,58.65,41.35,Lula,42,1,97.67,2.33,0,0,0,,,,0,0,,,,,,,N
MG,45691,GUARARÁ,N,14,0,1512,1181,2693,56.15,43.85,Lula,14,0,100.0,0.0,0,0,0,,,,0,0,,,,,,,N
MG,45713,GUARDA-MOR,N,18,0,2019,2270,4289,47.07,52.93,Bolsonaro,7,11,38.89,61.11,0,0,0,,,,0,0,,,,,,,N
MG,45730,GUAXUPÉ,N,111,0,14800,14500,29300,50.51,49.49,Lula,60,48,54.05,43.24,0,0,0,,,,0,0,,,,,,,N
MG,45756,GUIDOVAL,N,25,0,3099,2009,5108,60.67,39.33,Lula,24,1,96.0,4.0,0,0,0,,,,0,0,,,,,,,N
MG,45772,GUIMARÂNIA,N,24,0,2396,2856,5252,45.62,54.38,Bolsonaro,7,17,29.17,70.83,0,0,0,,,,0,0,,,,,,,N
MG,45799,GUIRICEMA,N,25,0,3640,2162,5802,62.74,37.26,Lula,25,0,100.0,0.0,0,0,0,,,,0,0,,,,,,,N
MG,45810,GURINHATÃ,N,17,0,1749,1834,3583,48.81,51.19,Bolsonaro,5,11,29.41,64.71,0,0,0,,,,0,0,,,,,,,N
MG,45837,HELIODORA,N,17,0,2220,1867,4087,54.32,45.68,Lula,14,3,82.35,17.65,0,0,0,,,,0,0,,,,,,,N
MG,45853,IAPU,N,25,0,2923,3242,6165,47.41,52.59,Bolsonaro,4,21,16.0,84.0,0,0,0,,,,0,0,,,,,,,N
MG,45870,IBERTIOGA,N,0,16,0,0,0,,,,0,0,,,2794,1092,3886,71.9,28.1,Lula,16,0,100.0,0.0,,,,,N
MG,45918,IBIAÍ,N,21,0,3327,1036,4363,76.25,23.75,Lula,21,0,100.0,0.0,0,0,0,,,,0,0,,,,,,,N
MG,42200,IBIRACATU,N,21,0,2913,829,3742,77.85,22.15,Lula,21,0,100.0,0.0,0,0,0,,,,0,0,,,,,,,N
MG,45934,IBIRACI,N,26,0,2985,4105,7090,42.1,57.9,Bolsonaro,4,22,15.38,84.62,0,0,0,,,,0,0,,,,,,,N
MG,45950,IBIRITÉ,N,0,345,0,0,0,,,,0,0,,,48879,49261,98140,49.81,50.19,Bolsonaro,160,180,46.38,52.17,,,,,N
MG,45977,IBITIÚRA DE MINAS,N,11,0,747,1885,2632,28.38,71.62,Bolsonaro,0,11,0.0,100.0,0,0,0,,,,0,0,,,,,,,N
MG,45993,IBITURUNA,N,9,0,1015,943,1958,51.84,48.16,Lula,7,2,77.78,22.22,0,0,0,,,,0,0,,,,,,,N
MG,45896,IBIÁ,N,57,0,6284,6265,12549,50.08,49.92,Lula,26,31,45.61,54.39,0,0,0,,,,0,0,,,,,,,N
MG,40240,ICARAÍ DE MINAS,N,32,0,4406,1744,6150,71.64,28.36,Lula,32,0,100.0,0.0,0,0,0,,,,0,0,,,,,,,N
MG,46019,IGARAPÉ,N,0,92,0,0,0,,,,0,0,,,11642,12752,24394,47.72,52.28,Bolsonaro,32,59,34.78,64.13,,,,,N
MG,46035,IGARATINGA,N,0,24,0,0,0,,,,0,0,,,2763,3651,6414,43.08,56.92,Bolsonaro,2,21,8.33,87.5,,,,,N
MG,46051,IGUATAMA,N,0,25,0,0,0,,,,0,0,,,2685,2275,4960,54.13,45.87,Lula,18,7,72.0,28.0,,,,,N
MG,46078,IJACI,N,16,0,2260,2051,4311,52.42,47.58,Lula,12,4,75.0,25.0,0,0,0,,,,0,0,,,,,,,N
MG,46094,ILICÍNEA,N,26,0,3968,3768,7736,51.29,48.71,Lula,17,8,65.38,30.77,0,0,0,,,,0,0,,,,,,,N
MG,42226,IMBÉ DE MINAS,N,20,0,2466,1798,4264,57.83,42.17,Lula,19,1,95.0,5.0,0,0,0,,,,0,0,,,,,,,N
MG,46116,INCONFIDENTES,N,17,0,2182,2888,5070,43.04,56.96,Bolsonaro,0,17,0.0,100.0,0,0,0,,,,0,0,,,,,,,N
MG,42242,INDAIABIRA,N,20,0,2431,1846,4277,56.84,43.16,Lula,14,6,70.0,30.0,0,0,0,,,,0,0,,,,,,,N
MG,46132,INDIANÓPOLIS,N,16,0,2091,1756,3847,54.35,45.65,Lula,15,1,93.75,6.25,0,0,0,,,,0,0,,,,,,,N
MG,46159,INGAÍ,N,10,0,1209,847,2056,58.8,41.2,Lula,10,0,100.0,0.0,0,0,0,,,,0,0,,,,,,,N
MG,46175,INHAPIM,N,75,0,6764,8119,14883,45.45,54.55,Bolsonaro,26,47,34.67,62.67,0,0,0,,,,0,0,,,,,,,N
MG,46191,INHAÚMA,N,0,17,0,0,0,,,,0,0,,,2356,2178,4534,51.96,48.04,Lula,12,5,70.59,29.41,,,,,N
MG,46213,INIMUTABA,N,22,0,2775,1837,4612,60.17,39.83,Lula,22,0,100.0,0.0,0,0,0,,,,0,0,,,,,,,N
MG,40266,IPABA,N,42,0,4878,5013,9891,49.32,50.68,Bolsonaro,17,22,40.48,52.38,0,0,0,,,,0,0,,,,,,,N
MG,46230,IPANEMA,N,50,0,5611,5662,11273,49.77,50.23,Bolsonaro,18,30,36.0,60.0,0,0,0,,,,0,0,,,,,,,N
MG,46256,IPATINGA,N,541,0,47691,89030,136721,34.88,65.12,Bolsonaro,0,541,0.0,100.0,0,0,0,,,,0,0,,,,,,,N
MG,46272,IPIAÇU,N,11,0,1687,1063,2750,61.35,38.65,Lula,11,0,100.0,0.0,0,0,0,,,,0,0,,,,,,,N
MG,46299,IPUIÚNA,N,24,0,2790,3446,6236,44.74,55.26,Bolsonaro,0,24,0.0,100.0,0,0,0,,,,0,0,,,,,,,N
MG,46310,IRAÍ DE MINAS,N,18,0,2237,2734,4971,45.0,55.0,Bolsonaro,3,15,16.67,83.33,0,0,0,,,,0,0,,,,,,,N
MG,46337,ITABIRA,N,0,276,0,0,0,,,,0,0,,,38302,32928,71230,53.77,46.23,Lula,189,84,68.48,30.43,,,,,N
MG,46353,ITABIRINHA,N,30,0,3154,2938,6092,51.77,48.23,Lula,16,13,53.33,43.33,0,0,0,,,,0,0,,,,,,,N
MG,46370,ITABIRITO,N,0,130,0,0,0,,,,0,0,,,17931,14833,32764,54.73,45.27,Lula,104,25,80.0,19.23,,,,,N
MG,46396,ITACAMBIRA,N,23,0,2644,666,3310,79.88,20.12,Lula,23,0,100.0,0.0,0,0,0,,,,0,0,,,,,,,N
MG,46418,ITACARAMBI,N,48,0,6405,2638,9043,70.83,29.17,Lula,48,0,100.0,0.0,0,0,0,,,,0,0,,,,,,,N
MG,46434,ITAGUARA,N,0,43,0,0,0,,,,0,0,,,3849,4541,8390,45.88,54.12,Bolsonaro,9,34,20.93,79.07,,,,,N
MG,46450,ITAIPÉ,N,29,0,4041,1852,5893,68.57,31.43,Lula,29,0,100.0,0.0,0,0,0,,,,0,0,,,,,,,N
MG,46477,ITAJUBÁ,N,218,0,19299,36611,55910,34.52,65.48,Bolsonaro,0,218,0.0,100.0,0,0,0,,,,0,0,,,,,,,N
MG,46493,ITAMARANDIBA,N,83,0,11656,6969,18625,62.58,37.42,Lula,81,2,97.59,2.41,0,0,0,,,,0,0,,,,,,,N
MG,46515,ITAMARATI DE MINAS,N,13,0,1722,1099,2821,61.04,38.96,Lula,13,0,100.0,0.0,0,0,0,,,,0,0,,,,,,,N
MG,46531,ITAMBACURI,N,64,0,8030,3862,11892,67.52,32.48,Lula,64,0,100.0,0.0,0,0,0,,,,0,0,,,,,,,N
MG,46558,ITAMBÉ DO MATO DENTRO,N,0,10,0,0,0,,,,0,0,,,1320,610,1930,68.39,31.61,Lula,10,0,100.0,0.0,,,,,N
MG,46574,ITAMOGI,N,27,0,3196,3725,6921,46.18,53.82,Bolsonaro,8,18,29.63,66.67,0,0,0,,,,0,0,,,,,,,N
MG,46590,ITAMONTE,N,34,0,3662,5655,9317,39.3,60.7,Bolsonaro,3,30,8.82,88.24,0,0,0,,,,0,0,,,,,,,N
MG,46612,ITANHANDU,N,34,0,4431,5221,9652,45.91,54.09,Bolsonaro,3,31,8.82,91.18,0,0,0,,,,0,0,,,,,,,N
MG,46639,ITANHOMI,N,33,0,3758,2940,6698,56.11,43.89,Lula,28,4,84.85,12.12,0,0,0,,,,0,0,,,,,,,N
MG,46655,ITAOBIM,N,53,0,6693,4597,11290,59.28,40.72,Lula,51,2,96.23,3.77,0,0,0,,,,0,0,,,,,,,N
MG,46671,ITAPAGIPE,N,33,0,3599,4226,7825,45.99,54.01,Bolsonaro,5,28,15.15,84.85,0,0,0,,,,0,0,,,,,,,N
MG,46698,ITAPECERICA,N,0,69,0,0,0,,,,0,0,,,7586,6519,14105,53.78,46.22,Lula,49,20,71.01,28.99,,,,,N
MG,46710,ITAPEVA,N,22,0,2475,4029,6504,38.05,61.95,Bolsonaro,1,21,4.55,95.45,0,0,0,,,,0,0,,,,,,,N
MG,46736,ITATIAIUÇU,N,0,33,0,0,0,,,,0,0,,,3225,4815,8040,40.11,59.89,Bolsonaro,3,30,9.09,90.91,,,,,N
MG,46779,ITAVERAVA,N,0,20,0,0,0,,,,0,0,,,2789,1719,4508,61.87,38.13,Lula,19,1,95.0,5.0,,,,,N
MG,54453,ITAÚ DE MINAS,N,35,0,3722,5266,8988,41.41,58.59,Bolsonaro,0,34,0.0,97.14,0,0,0,,,,0,0,,,,,,,N
MG,46752,ITAÚNA,N,0,227,0,0,0,,,,0,0,,,18682,36985,55667,33.56,66.44,Bolsonaro,6,221,2.64,97.36,,,,,N
MG,46795,ITINGA,N,40,0,5944,1668,7612,78.09,21.91,Lula,40,0,100.0,0.0,0,0,0,,,,0,0,,,,,,,N
MG,46817,ITUETA,N,16,0,1424,2483,3907,36.45,63.55,Bolsonaro,1,15,6.25,93.75,0,0,0,,,,0,0,,,,,,,N
MG,46833,ITUIUTABA,N,250,0,32408,25687,58095,55.78,44.22,Lula,162,87,64.8,34.8,0,0,0,,,,0,0,,,,,,,N
MG,46850,ITUMIRIM,N,21,0,2535,2034,4569,55.48,44.52,Lula,14,7,66.67,33.33,0,0,0,,,,0,0,,,,,,,N
MG,46876,ITURAMA,N,85,0,12032,10602,22634,53.16,46.84,Lula,48,37,56.47,43.53,0,0,0,,,,0,0,,,,,,,N
MG,46892,ITUTINGA,N,12,0,1807,1066,2873,62.9,37.1,Lula,12,0,100.0,0.0,0,0,0,,,,0,0,,,,,,,N
MG,46914,JABOTICATUBAS,N,0,47,0,0,0,,,,0,0,,,6176,5490,11666,52.94,47.06,Lula,33,12,70.21,25.53,,,,,N
MG,46930,JACINTO,N,31,0,4265,2069,6334,67.34,32.66,Lula,31,0,100.0,0.0,0,0,0,,,,0,0,,,,,,,N
MG,46973,JACUTINGA,N,52,0,4011,10464,14475,27.71,72.29,Bolsonaro,0,52,0.0,100.0,0,0,0,,,,0,0,,,,,,,N
MG,46957,JACUÍ,N,19,0,1391,3323,4714,29.51,70.49,Bolsonaro,0,19,0.0,100.0,0,0,0,,,,0,0,,,,,,,N
MG,46990,JAGUARAÇU,N,0,11,0,0,0,,,,0,0,,,1174,1281,2455,47.82,52.18,Bolsonaro,5,6,45.45,54.55,,,,,N
MG,40304,JAMPRUCA,N,14,0,2086,871,2957,70.54,29.46,Lula,14,0,100.0,0.0,0,0,0,,,,0,0,,,,,,,N
MG,47015,JANAÚBA,N,193,0,22182,17712,39894,55.6,44.4,Lula,125,67,64.77,34.72,0,0,0,,,,0,0,,,,,,,N
MG,47031,JANUÁRIA,N,182,0,26063,8405,34468,75.62,24.38,Lula,181,1,99.45,0.55,0,0,0,,,,0,0,,,,,,,N
MG,47058,JAPARAÍBA,N,0,10,0,0,0,,,,0,0,,,1327,1490,2817,47.11,52.89,Bolsonaro,3,7,30.0,70.0,,,,,N
MG,42269,JAPONVAR,N,29,0,4639,1185,5824,79.65,20.35,Lula,29,0,100.0,0.0,0,0,0,,,,0,0,,,,,,,N
MG,40282,JAÍBA,N,73,0,11430,7421,18851,60.63,39.37,Lula,70,3,95.89,4.11,0,0,0,,,,0,0,,,,,,,N
MG,47074,JECEABA,N,0,23,0,0,0,,,,0,0,,,2902,1739,4641,62.53,37.47,Lula,22,1,95.65,4.35,,,,,N
MG,42285,JENIPAPO DE MINAS,N,18,0,2744,892,3636,75.47,24.53,Lula,18,0,100.0,0.0,0,0,0,,,,0,0,,,,,,,N
MG,47090,JEQUERI,N,0,33,0,0,0,,,,0,0,,,5142,2284,7426,69.24,30.76,Lula,33,0,100.0,0.0,,,,,N
MG,47112,JEQUITAÍ,N,22,0,3059,1281,4340,70.48,29.52,Lula,22,0,100.0,0.0,0,0,0,,,,0,0,,,,,,,N
MG,47139,JEQUITIBÁ,N,0,21,0,0,0,,,,0,0,,,2202,2262,4464,49.33,50.67,Bolsonaro,7,14,33.33,66.67,,,,,N
MG,47155,JEQUITINHONHA,N,61,0,9219,2842,12061,76.44,23.56,Lula,61,0,100.0,0.0,0,0,0,,,,0,0,,,,,,,N
MG,47171,JESUÂNIA,N,13,0,1437,1786,3223,44.59,55.41,Bolsonaro,1,12,7.69,92.31,0,0,0,,,,0,0,,,,,,,N
MG,47210,JOANÉSIA,N,0,23,0,0,0,,,,0,0,,,1979,1507,3486,56.77,43.23,Lula,20,2,86.96,8.7,,,,,N
MG,47279,JOAQUIM FELÍCIO,N,16,0,1358,1017,2375,57.18,42.82,Lula,12,4,75.0,25.0,0,0,0,,,,0,0,,,,,,,N
MG,47198,JOAÍMA,N,39,0,5412,1680,7092,76.31,23.69,Lula,39,0,100.0,0.0,0,0,0,,,,0,0,,,,,,,N
MG,47295,JORDÂNIA,N,27,0,3372,1825,5197,64.88,35.12,Lula,27,0,100.0,0.0,0,0,0,,,,0,0,,,,,,,N
MG,40924,JOSENÓPOLIS,N,13,0,1618,530,2148,75.33,24.67,Lula,13,0,100.0,0.0,0,0,0,,,,0,0,,,,,,,N
MG,42307,JOSÉ GONÇALVES DE MINAS,N,13,0,1765,668,2433,72.54,27.46,Lula,13,0,100.0,0.0,0,0,0,,,,0,0,,,,,,,N
MG,42323,JOSÉ RAYDAN,N,15,0,1767,960,2727,64.8,35.2,Lula,15,0,100.0,0.0,0,0,0,,,,0,0,,,,,,,N
MG,47236,JOÃO MONLEVADE,N,0,215,0,0,0,,,,0,0,,,22945,23348,46293,49.56,50.44,Bolsonaro,95,116,44.19,53.95,,,,,N
MG,47252,JOÃO PINHEIRO,N,124,0,12917,14606,27523,46.93,53.07,Bolsonaro,44,80,35.48,64.52,0,0,0,,,,0,0,,,,,,,N
MG,40320,JUATUBA,N,0,74,0,0,0,,,,0,0,,,8576,8879,17455,49.13,50.87,Bolsonaro,27,45,36.49,60.81,,,,,N
MG,47333,JUIZ DE FORA,N,1230,0,180954,141651,322605,56.09,43.91,Lula,1017,208,82.68,16.91,0,0,0,,,,0,0,,,,,,,N
MG,47350,JURAMENTO,N,15,0,2434,1071,3505,69.44,30.56,Lula,15,0,100.0,0.0,0,0,0,,,,0,0,,,,,,,N
MG,47376,JURUAIA,N,24,0,2816,4525,7341,38.36,61.64,Bolsonaro,0,24,0.0,100.0,0,0,0,,,,0,0,,,,,,,N
MG,40940,JUVENÍLIA,N,21,0,2526,1193,3719,67.92,32.08,Lula,21,0,100.0,0.0,0,0,0,,,,0,0,,,,,,,N
MG,47392,LADAINHA,N,39,0,5661,1912,7573,74.75,25.25,Lula,39,0,100.0,0.0,0,0,0,,,,0,0,,,,,,,N
MG,47414,LAGAMAR,N,21,0,2192,2814,5006,43.79,56.21,Bolsonaro,2,19,9.52,90.48,0,0,0,,,,0,0,,,,,,,N
MG,47430,LAGOA DA PRATA,N,0,101,0,0,0,,,,0,0,,,10699,17251,27950,38.28,61.72,Bolsonaro,5,95,4.95,94.06,,,,,N
MG,47457,LAGOA DOS PATOS,N,14,0,1626,936,2562,63.47,36.53,Lula,14,0,100.0,0.0,0,0,0,,,,0,0,,,,,,,N
MG,47473,LAGOA DOURADA,N,0,31,0,0,0,,,,0,0,,,4092,4084,8176,50.05,49.95,Lula,20,10,64.52,32.26,,,,,N
MG,47490,LAGOA FORMOSA,N,50,0,5299,6545,11844,44.74,55.26,Bolsonaro,6,42,12.0,84.0,0,0,0,,,,0,0,,,,,,,N
MG,40347,LAGOA GRANDE,N,20,0,3214,2519,5733,56.06,43.94,Lula,20,0,100.0,0.0,0,0,0,,,,0,0,,,,,,,N
MG,47511,LAGOA SANTA,N,0,165,0,0,0,,,,0,0,,,14906,23835,38741,38.48,61.52,Bolsonaro,4,160,2.42,96.97,,,,,N
MG,47538,LAJINHA,N,51,0,5890,6327,12217,48.21,51.79,Bolsonaro,19,32,37.25,62.75,0,0,0,,,,0,0,,,,,,,N
MG,47554,LAMBARI,N,50,0,4756,8276,13032,36.49,63.51,Bolsonaro,1,49,2.0,98.0,0,0,0,,,,0,0,,,,,,,N
MG,47570,LAMIM,N,0,11,0,0,0,,,,0,0,,,2059,734,2793,73.72,26.28,Lula,11,0,100.0,0.0,,,,,N
MG,47597,LARANJAL,N,19,0,2230,2213,4443,50.19,49.81,Lula,10,9,52.63,47.37,0,0,0,,,,0,0,,,,,,,N
MG,47619,LASSANCE,N,19,0,2684,1427,4111,65.29,34.71,Lula,19,0,100.0,0.0,0,0,0,,,,0,0,,,,,,,N
MG,47635,LAVRAS,N,207,0,27564,29296,56860,48.48,51.52,Bolsonaro,80,125,38.65,60.39,0,0,0,,,,0,0,,,,,,,N
MG,47651,LEANDRO FERREIRA,N,0,10,0,0,0,,,,0,0,,,1104,1459,2563,43.07,56.93,Bolsonaro,0,9,0.0,90.0,,,,,N
MG,40967,LEME DO PRADO,N,15,0,2083,765,2848,73.14,26.86,Lula,15,0,100.0,0.0,0,0,0,,,,0,0,,,,,,,N
MG,47678,LEOPOLDINA,N,130,0,18381,12305,30686,59.9,40.1,Lula,115,14,88.46,10.77,0,0,0,,,,0,0,,,,,,,N
MG,47694,LIBERDADE,N,17,0,2153,1178,3331,64.64,35.36,Lula,17,0,100.0,0.0,0,0,0,,,,0,0,,,,,,,N
MG,47716,LIMA DUARTE,N,47,0,7765,3270,11035,70.37,29.63,Lula,46,1,97.87,2.13,0,0,0,,,,0,0,,,,,,,N
MG,40363,LIMEIRA DO OESTE,N,18,0,2777,2167,4944,56.17,43.83,Lula,18,0,100.0,0.0,0,0,0,,,,0,0,,,,,,,N
MG,40380,LONTRA,N,24,0,4266,1533,5799,73.56,26.44,Lula,24,0,100.0,0.0,0,0,0,,,,0,0,,,,,,,N
MG,40983,LUISBURGO,N,17,0,1816,2719,4535,40.04,59.96,Bolsonaro,1,16,5.88,94.12,0,0,0,,,,0,0,,,,,,,N
MG,41009,LUISLÂNDIA,N,27,0,3724,775,4499,82.77,17.23,Lula,27,0,100.0,0.0,0,0,0,,,,0,0,,,,,,,N
MG,47732,LUMINÁRIAS,N,16,0,1941,1562,3503,55.41,44.59,Lula,14,2,87.5,12.5,0,0,0,,,,0,0,,,,,,,N
MG,47759,LUZ,N,53,0,4477,6206,10683,41.91,58.09,Bolsonaro,11,41,20.75,77.36,0,0,0,,,,0,0,,,,,,,N
MG,47775,MACHACALIS,N,21,0,2828,1544,4372,64.68,35.32,Lula,21,0,100.0,0.0,0,0,0,,,,0,0,,,,,,,N
MG,47791,MACHADO,N,90,0,8906,14248,23154,38.46,61.54,Bolsonaro,5,85,5.56,94.44,0,0,0,,,,0,0,,,,,,,N
MG,47813,MADRE DE DEUS DE MINAS,N,16,0,2120,1349,3469,61.11,38.89,Lula,16,0,100.0,0.0,0,0,0,,,,0,0,,,,,,,N
MG,47830,MALACACHETA,N,57,0,6655,3424,10079,66.03,33.97,Lula,57,0,100.0,0.0,0,0,0,,,,0,0,,,,,,,N
MG,40401,MAMONAS,N,22,0,3161,1400,4561,69.3,30.7,Lula,22,0,100.0,0.0,0,0,0,,,,0,0,,,,,,,N
MG,47856,MANGA,N,63,0,7264,3790,11054,65.71,34.29,Lula,59,3,93.65,4.76,0,0,0,,,,0,0,,,,,,,N
MG,47872,MANHUAÇU,N,173,0,20470,26099,46569,43.96,56.04,Bolsonaro,33,138,19.08,79.77,0,0,0,,,,0,0,,,,,,,N
MG,47899,MANHUMIRIM,N,59,0,6311,6301,12612,50.04,49.96,Lula,25,32,42.37,54.24,0,0,0,,,,0,0,,,,,,,N
MG,47910,MANTENA,N,72,0,6081,8689,14770,41.17,58.83,Bolsonaro,14,58,19.44,80.56,0,0,0,,,,0,0,,,,,,,N
MG,47953,MAR DE ESPANHA,N,38,0,4331,3766,8097,53.49,46.51,Lula,29,9,76.32,23.68,0,0,0,,,,0,0,,,,,,,N
MG,47937,MARAVILHAS,N,0,18,0,0,0,,,,0,0,,,2252,2881,5133,43.87,56.13,Bolsonaro,0,18,0.0,100.0,,,,,N
MG,47970,MARIA DA FÉ,N,37,0,3560,6067,9627,36.98,63.02,Bolsonaro,1,36,2.7,97.3,0,0,0,,,,0,0,,,,,,,N
MG,47996,MARIANA,N,0,154,0,0,0,,,,0,0,,,26911,11885,38796,69.37,30.63,Lula,153,1,99.35,0.65,,,,,N
MG,48011,MARILAC,N,13,0,1977,1012,2989,66.14,33.86,Lula,12,1,92.31,7.69,0,0,0,,,,0,0,,,,,,,N
MG,48038,MARIPÁ DE MINAS,N,12,0,1160,1207,2367,49.01,50.99,Bolsonaro,4,7,33.33,58.33,0,0,0,,,,0,0,,,,,,,N
MG,48054,MARLIÉRIA,N,0,15,0,0,0,,,,0,0,,,1764,1581,3345,52.74,47.26,Lula,10,4,66.67,26.67,,,,,N
MG,48070,MARMELÓPOLIS,N,10,0,1147,1139,2286,50.17,49.83,Lula,6,4,60.0,40.0,0,0,0,,,,0,0,,,,,,,N
MG,48097,MARTINHO CAMPOS,N,0,38,0,0,0,,,,0,0,,,3278,5263,8541,38.38,61.62,Bolsonaro,5,33,13.16,86.84,,,,,N
MG,41041,MARTINS SOARES,N,23,0,3210,2820,6030,53.23,46.77,Lula,17,5,73.91,21.74,0,0,0,,,,0,0,,,,,,,N
MG,40428,MATA VERDE,N,24,0,3005,1917,4922,61.05,38.95,Lula,24,0,100.0,0.0,0,0,0,,,,0,0,,,,,,,N
MG,48119,MATERLÂNDIA,N,18,0,2053,598,2651,77.44,22.56,Lula,18,0,100.0,0.0,0,0,0,,,,0,0,,,,,,,N
MG,48135,MATEUS LEME,N,0,87,0,0,0,,,,0,0,,,9570,10764,20334,47.06,52.94,Bolsonaro,22,64,25.29,73.56,,,,,N
MG,54313,MATHIAS LOBATO,N,13,0,1414,868,2282,61.96,38.04,Lula,13,0,100.0,0.0,0,0,0,,,,0,0,,,,,,,N
MG,48151,MATIAS BARBOSA,N,34,0,5365,4098,9463,56.69,43.31,Lula,29,5,85.29,14.71,0,0,0,,,,0,0,,,,,,,N
MG,40444,MATIAS CARDOSO,N,23,0,3556,1376,4932,72.1,27.9,Lula,23,0,100.0,0.0,0,0,0,,,,0,0,,,,,,,N
MG,48178,MATIPÓ,N,42,0,6209,5149,11358,54.67,45.33,Lula,38,3,90.48,7.14,0,0,0,,,,0,0,,,,,,,N
MG,48194,MATO VERDE,N,35,0,5262,3077,8339,63.1,36.9,Lula,34,1,97.14,2.86,0,0,0,,,,0,0,,,,,,,N
MG,48216,MATOZINHOS,N,0,91,0,0,0,,,,0,0,,,11329,11720,23049,49.15,50.85,Bolsonaro,36,54,39.56,59.34,,,,,N
MG,48232,MATUTINA,N,12,0,1162,1340,2502,46.44,53.56,Bolsonaro,3,9,25.0,75.0,0,0,0,,,,0,0,,,,,,,N
MG,48259,MEDEIROS,N,0,11,0,0,0,,,,0,0,,,948,1457,2405,39.42,60.58,Bolsonaro,0,11,0.0,100.0,,,,,N
MG,48275,MEDINA,N,53,0,7697,3543,11240,68.48,31.52,Lula,52,0,98.11,0.0,0,0,0,,,,0,0,,,,,,,N
MG,48291,MENDES PIMENTEL,N,14,0,2107,1648,3755,56.11,43.89,Lula,13,1,92.86,7.14,0,0,0,,,,0,0,,,,,,,N
MG,48313,MERCÊS,N,27,0,4481,2150,6631,67.58,32.42,Lula,27,0,100.0,0.0,0,0,0,,,,0,0,,,,,,,N
MG,48330,MESQUITA,N,0,21,0,0,0,,,,0,0,,,2018,1790,3808,52.99,47.01,Lula,15,6,71.43,28.57,,,,,N
MG,48356,MINAS NOVAS,N,78,0,10680,2871,13551,78.81,21.19,Lula,78,0,100.0,0.0,0,0,0,,,,0,0,,,,,,,N
MG,48372,MINDURI,N,15,0,1290,1249,2539,50.81,49.19,Lula,7,7,46.67,46.67,0,0,0,,,,0,0,,,,,,,N
MG,48399,MIRABELA,N,38,0,6033,2321,8354,72.22,27.78,Lula,38,0,100.0,0.0,0,0,0,,,,0,0,,,,,,,N
MG,48410,MIRADOURO,N,31,0,3798,2599,6397,59.37,40.63,Lula,27,3,87.1,9.68,0,0,0,,,,0,0,,,,,,,N
MG,41068,MIRAVÂNIA,N,14,0,1952,611,2563,76.16,23.84,Lula,14,0,100.0,0.0,0,0,0,,,,0,0,,,,,,,N
MG,48437,MIRAÍ,N,34,0,3819,4068,7887,48.42,51.58,Bolsonaro,12,22,35.29,64.71,0,0,0,,,,0,0,,,,,,,N
MG,48453,MOEDA,N,0,19,0,0,0,,,,0,0,,,2055,2051,4106,50.05,49.95,Lula,7,12,36.84,63.16,,,,,N
MG,48470,MOEMA,N,0,23,0,0,0,,,,0,0,,,2319,2761,5080,45.65,54.35,Bolsonaro,6,17,26.09,73.91,,,,,N
MG,48496,MONJOLOS,N,0,9,0,0,0,,,,0,0,,,1038,539,1577,65.82,34.18,Lula,9,0,100.0,0.0,,,,,N
MG,48518,MONSENHOR PAULO,N,19,0,2667,2749,5416,49.24,50.76,Bolsonaro,5,13,26.32,68.42,0,0,0,,,,0,0,,,,,,,N
MG,48534,MONTALVÂNIA,N,51,0,6068,2618,8686,69.86,30.14,Lula,51,0,100.0,0.0,0,0,0,,,,0,0,,,,,,,N
MG,48550,MONTE ALEGRE DE MINAS,N,51,0,5841,5351,11192,52.19,47.81,Lula,29,22,56.86,43.14,0,0,0,,,,0,0,,,,,,,N
MG,48577,MONTE AZUL,N,73,0,8193,5340,13533,60.54,39.46,Lula,67,5,91.78,6.85,0,0,0,,,,0,0,,,,,,,N
MG,48593,MONTE BELO,N,32,0,4111,4174,8285,49.62,50.38,Bolsonaro,17,15,53.12,46.88,0,0,0,,,,0,0,,,,,,,N
MG,48615,MONTE CARMELO,N,107,0,14435,13471,27906,51.73,48.27,Lula,65,42,60.75,39.25,0,0,0,,,,0,0,,,,,,,N
MG,41084,MONTE FORMOSO,N,15,0,2136,614,2750,77.67,22.33,Lula,15,0,100.0,0.0,0,0,0,,,,0,0,,,,,,,N
MG,48631,MONTE SANTO DE MINAS,N,48,0,5659,6694,12353,45.81,54.19,Bolsonaro,9,39,18.75,81.25,0,0,0,,,,0,0,,,,,,,N
MG,48674,MONTE SIÃO,N,53,0,3434,11161,14595,23.53,76.47,Bolsonaro,0,53,0.0,100.0,0,0,0,,,,0,0,,,,,,,N
MG,48658,MONTES CLAROS,N,866,0,111080,116755,227835,48.75,51.25,Bolsonaro,385,478,44.46,55.2,0,0,0,,,,0,0,,,,,,,N
MG,40460,MONTEZUMA,N,25,0,2830,1249,4079,69.38,30.62,Lula,25,0,100.0,0.0,0,0,0,,,,0,0,,,,,,,N
MG,48690,MORADA NOVA DE MINAS,N,27,0,2426,2970,5396,44.96,55.04,Bolsonaro,1,26,3.7,96.3,0,0,0,,,,0,0,,,,,,,N
MG,48712,MORRO DA GARÇA,N,10,0,1465,624,2089,70.13,29.87,Lula,10,0,100.0,0.0,0,0,0,,,,0,0,,,,,,,N
MG,48739,MORRO DO PILAR,N,0,17,0,0,0,,,,0,0,,,1893,773,2666,71.01,28.99,Lula,17,0,100.0,0.0,,,,,N
MG,48755,MUNHOZ,N,18,0,2124,2507,4631,45.86,54.14,Bolsonaro,2,16,11.11,88.89,0,0,0,,,,0,0,,,,,,,N
MG,48771,MURIAÉ,N,263,0,28680,32191,60871,47.12,52.88,Bolsonaro,87,173,33.08,65.78,0,0,0,,,,0,0,,,,,,,N
MG,48798,MUTUM,N,64,0,7902,8561,16463,48.0,52.0,Bolsonaro,19,45,29.69,70.31,0,0,0,,,,0,0,,,,,,,N
MG,48810,MUZAMBINHO,N,50,0,6136,7574,13710,44.76,55.24,Bolsonaro,4,46,8.0,92.0,0,0,0,,,,0,0,,,,,,,N
MG,41025,MÁRIO CAMPOS,N,0,35,0,0,0,,,,0,0,,,4604,5079,9683,47.55,52.45,Bolsonaro,13,22,37.14,62.86,,,,,N
MG,48836,NACIP RAYDAN,N,9,0,1213,590,1803,67.28,32.72,Lula,9,0,100.0,0.0,0,0,0,,,,0,0,,,,,,,N
MG,48852,NANUQUE,N,102,0,10129,10130,20259,50.0,50.0,Bolsonaro,51,50,50.0,49.02,0,0,0,,,,0,0,,,,,,,N
MG,40487,NAQUE,N,15,0,2248,1667,3915,57.42,42.58,Lula,14,1,93.33,6.67,0,0,0,,,,0,0,,,,,,,N
MG,41106,NATALÂNDIA,N,11,0,1452,914,2366,61.37,38.63,Lula,11,0,100.0,0.0,0,0,0,,,,0,0,,,,,,,N
MG,48879,NATÉRCIA,N,17,0,1186,1956,3142,37.75,62.25,Bolsonaro,2,15,11.76,88.24,0,0,0,,,,0,0,,,,,,,N
MG,48895,NAZARENO,N,0,22,0,0,0,,,,0,0,,,3360,1769,5129,65.51,34.49,Lula,22,0,100.0,0.0,,,,,N
MG,48917,NEPOMUCENO,N,64,0,7553,8190,15743,47.98,52.02,Bolsonaro,21,43,32.81,67.19,0,0,0,,,,0,0,,,,,,,N
MG,41122,NINHEIRA,N,37,0,3738,1663,5401,69.21,30.79,Lula,37,0,100.0,0.0,0,0,0,,,,0,0,,,,,,,N
MG,41149,NOVA BELÉM,N,13,0,1439,1147,2586,55.65,44.35,Lula,13,0,100.0,0.0,0,0,0,,,,0,0,,,,,,,N
MG,48933,NOVA ERA,N,0,61,0,0,0,,,,0,0,,,6523,4532,11055,59.0,41.0,Lula,57,4,93.44,6.56,,,,,N
MG,48950,NOVA LIMA,N,0,213,0,0,0,,,,0,0,,,30489,29146,59635,51.13,48.87,Lula,157,54,73.71,25.35,,,,,N
MG,48976,NOVA MÓDICA,N,13,0,1532,952,2484,61.67,38.33,Lula,12,1,92.31,7.69,0,0,0,,,,0,0,,,,,,,N
MG,48992,NOVA PONTE,N,34,0,4563,4871,9434,48.37,51.63,Bolsonaro,15,19,44.12,55.88,0,0,0,,,,0,0,,,,,,,N
MG,41165,NOVA PORTEIRINHA,N,24,0,3023,1668,4691,64.44,35.56,Lula,24,0,100.0,0.0,0,0,0,,,,0,0,,,,,,,N
MG,49018,NOVA RESENDE,N,37,0,4147,6068,10215,40.6,59.4,Bolsonaro,4,33,10.81,89.19,0,0,0,,,,0,0,,,,,,,N
MG,49034,NOVA SERRANA,N,0,161,0,0,0,,,,0,0,,,13328,34819,48147,27.68,72.32,Bolsonaro,0,160,0.0,99.38,,,,,N
MG,47317,NOVA UNIÃO,N,0,17,0,0,0,,,,0,0,,,2437,1741,4178,58.33,41.67,Lula,17,0,100.0,0.0,,,,,N
MG,49050,NOVO CRUZEIRO,N,82,0,11217,3407,14624,76.7,23.3,Lula,82,0,100.0,0.0,0,0,0,,,,0,0,,,,,,,N
MG,40509,NOVO ORIENTE DE MINAS,N,26,0,4168,1503,5671,73.5,26.5,Lula,26,0,100.0,0.0,0,0,0,,,,0,0,,,,,,,N
MG,41181,NOVORIZONTE,N,16,0,2128,1264,3392,62.74,37.26,Lula,15,1,93.75,6.25,0,0,0,,,,0,0,,,,,,,N
MG,49077,OLARIA,N,7,0,1180,553,1733,68.09,31.91,Lula,7,0,100.0,0.0,0,0,0,,,,0,0,,,,,,,N
MG,41203,OLHOS D'ÁGUA,N,20,0,2939,904,3843,76.48,23.52,Lula,20,0,100.0,0.0,0,0,0,,,,0,0,,,,,,,N
MG,49115,OLIVEIRA,N,0,110,0,0,0,,,,0,0,,,12804,12969,25773,49.68,50.32,Bolsonaro,54,56,49.09,50.91,,,,,N
MG,49131,OLIVEIRA FORTES,N,9,0,1409,547,1956,72.03,27.97,Lula,9,0,100.0,0.0,0,0,0,,,,0,0,,,,,,,N
MG,49093,OLÍMPIO NORONHA,N,9,0,1193,819,2012,59.29,40.71,Lula,9,0,100.0,0.0,0,0,0,,,,0,0,,,,,,,N
MG,49158,ONÇA DE PITANGUI,N,0,13,0,0,0,,,,0,0,,,1014,1583,2597,39.05,60.95,Bolsonaro,1,12,7.69,92.31,,,,,N
MG,41220,ORATÓRIOS,N,0,15,0,0,0,,,,0,0,,,2523,785,3308,76.27,23.73,Lula,15,0,100.0,0.0,,,,,N
MG,41246,ORIZÂNIA,N,19,0,2722,2219,4941,55.09,44.91,Lula,15,4,78.95,21.05,0,0,0,,,,0,0,,,,,,,N
MG,49174,OURO BRANCO,N,0,95,0,0,0,,,,0,0,,,12941,11885,24826,52.13,47.87,Lula,67,27,70.53,28.42,,,,,N
MG,49190,OURO FINO,N,83,0,6138,12819,18957,32.38,67.62,Bolsonaro,0,83,0.0,100.0,0,0,0,,,,0,0,,,,,,,N
MG,49212,OURO PRETO,N,0,197,0,0,0,,,,0,0,,,34587,14872,49459,69.93,30.07,Lula,193,4,97.97,2.03,,,,,N
MG,49239,OURO VERDE DE MINAS,N,25,0,2910,1896,4806,60.55,39.45,Lula,24,1,96.0,4.0,0,0,0,,,,0,0,,,,,,,N
MG,41262,PADRE CARVALHO,N,19,0,2205,902,3107,70.97,29.03,Lula,19,0,100.0,0.0,0,0,0,,,,0,0,,,,,,,N
MG,49255,PADRE PARAÍSO,N,46,0,5595,3419,9014,62.07,37.93,Lula,42,4,91.3,8.7,0,0,0,,,,0,0,,,,,,,N
MG,41289,PAI PEDRO,N,18,0,2881,934,3815,75.52,24.48,Lula,18,0,100.0,0.0,0,0,0,,,,0,0,,,,,,,N
MG,49271,PAINEIRAS,N,15,0,1908,1289,3197,59.68,40.32,Lula,14,1,93.33,6.67,0,0,0,,,,0,0,,,,,,,N
MG,49298,PAINS,N,0,22,0,0,0,,,,0,0,,,2510,2854,5364,46.79,53.21,Bolsonaro,6,16,27.27,72.73,,,,,N
MG,49310,PAIVA,N,8,0,872,443,1315,66.31,33.69,Lula,8,0,100.0,0.0,0,0,0,,,,0,0,,,,,,,N
MG,49336,PALMA,N,19,0,2591,1466,4057,63.86,36.14,Lula,18,1,94.74,5.26,0,0,0,,,,0,0,,,,,,,N
MG,40525,PALMÓPOLIS,N,20,0,3008,1007,4015,74.92,25.08,Lula,20,0,100.0,0.0,0,0,0,,,,0,0,,,,,,,N
MG,49379,PAPAGAIOS,N,0,33,0,0,0,,,,0,0,,,4605,4748,9353,49.24,50.76,Bolsonaro,10,23,30.3,69.7,,,,,N
MG,49395,PARACATU,N,186,0,21379,28345,49724,43.0,57.0,Bolsonaro,30,153,16.13,82.26,0,0,0,,,,0,0,,,,,,,N
MG,49433,PARAGUAÇU,N,49,0,5963,7022,12985,45.92,54.08,Bolsonaro,8,40,16.33,81.63,0,0,0,,,,0,0,,,,,,,N
MG,49450,PARAISÓPOLIS,N,48,0,5004,7517,12521,39.96,60.04,Bolsonaro,0,48,0.0,100.0,0,0,0,,,,0,0,,,,,,,N
MG,49476,PARAOPEBA,N,0,61,0,0,0,,,,0,0,,,7309,8438,15747,46.42,53.58,Bolsonaro,15,44,24.59,72.13,,,,,N
MG,49417,PARÁ DE MINAS,N,0,193,0,0,0,,,,0,0,,,18210,33252,51462,35.39,64.61,Bolsonaro,5,187,2.59,96.89,,,,,N
MG,49514,PASSA QUATRO,N,37,0,5392,4946,10338,52.16,47.84,Lula,28,9,75.68,24.32,0,0,0,,,,0,0,,,,,,,N
MG,49530,PASSA TEMPO,N,24,0,3211,2372,5583,57.51,42.49,Lula,20,4,83.33,16.67,0,0,0,,,,0,0,,,,,,,N
MG,49557,PASSA VINTE,N,8,0,1000,848,1848,54.11,45.89,Lula,7,1,87.5,12.5,0,0,0,,,,0,0,,,,,,,N
MG,49492,PASSABÉM,N,0,7,0,0,0,,,,0,0,,,871,518,1389,62.71,37.29,Lula,7,0,100.0,0.0,,,,,N
MG,49573,PASSOS,N,263,0,28437,32256,60693,46.85,53.15,Bolsonaro,112,149,42.59,56.65,0,0,0,,,,0,0,,,,,,,N
MG,41300,PATIS,N,19,0,2958,736,3694,80.08,19.92,Lula,19,0,100.0,0.0,0,0,0,,,,0,0,,,,,,,N
MG,49590,PATOS DE MINAS,N,359,0,30612,56293,86905,35.22,64.78,Bolsonaro,15,343,4.18,95.54,0,0,0,,,,0,0,,,,,,,N
MG,49611,PATROCÍNIO,N,216,0,20332,31972,52304,38.87,61.13,Bolsonaro,32,182,14.81,84.26,0,0,0,,,,0,0,,,,,,,N
MG,49638,PATROCÍNIO DO MURIAÉ,N,18,0,2284,1707,3991,57.23,42.77,Lula,18,0,100.0,0.0,0,0,0,,,,0,0,,,,,,,N
MG,49654,PAULA CÂNDIDO,N,27,0,4179,1659,5838,71.58,28.42,Lula,27,0,100.0,0.0,0,0,0,,,,0,0,,,,,,,N
MG,49670,PAULISTAS,N,21,0,2340,556,2896,80.8,19.2,Lula,21,0,100.0,0.0,0,0,0,,,,0,0,,,,,,,N
MG,49697,PAVÃO,N,19,0,2956,1403,4359,67.81,32.19,Lula,19,0,100.0,0.0,0,0,0,,,,0,0,,,,,,,N
MG,49735,PEDRA AZUL,N,66,0,7018,4712,11730,59.83,40.17,Lula,55,10,83.33,15.15,0,0,0,,,,0,0,,,,,,,N
MG,41327,PEDRA BONITA,N,19,0,2255,2496,4751,47.46,52.54,Bolsonaro,3,16,15.79,84.21,0,0,0,,,,0,0,,,,,,,N
MG,49751,PEDRA DO ANTA,N,15,0,1970,729,2699,72.99,27.01,Lula,15,0,100.0,0.0,0,0,0,,,,0,0,,,,,,,N
MG,49778,PEDRA DO INDAIÁ,N,0,14,0,0,0,,,,0,0,,,1173,1726,2899,40.46,59.54,Bolsonaro,0,14,0.0,100.0,,,,,N
MG,49794,PEDRA DOURADA,N,10,0,1327,824,2151,61.69,38.31,Lula,10,0,100.0,0.0,0,0,0,,,,0,0,,,,,,,N
MG,49816,PEDRALVA,N,29,0,2985,4307,7292,40.94,59.06,Bolsonaro,0,29,0.0,100.0,0,0,0,,,,0,0,,,,,,,N
MG,40541,PEDRAS DE MARIA DA CRUZ,N,28,0,4075,1199,5274,77.27,22.73,Lula,28,0,100.0,0.0,0,0,0,,,,0,0,,,,,,,N
MG,49832,PEDRINÓPOLIS,N,12,0,1196,1283,2479,48.25,51.75,Bolsonaro,2,10,16.67,83.33,0,0,0,,,,0,0,,,,,,,N
MG,49859,PEDRO LEOPOLDO,N,0,161,0,0,0,,,,0,0,,,17093,21063,38156,44.8,55.2,Bolsonaro,34,125,21.12,77.64,,,,,N
MG,49875,PEDRO TEIXEIRA,N,10,0,1495,435,1930,77.46,22.54,Lula,10,0,100.0,0.0,0,0,0,,,,0,0,,,,,,,N
MG,49891,PEQUERI,N,12,0,1396,1043,2439,57.24,42.76,Lula,11,1,91.67,8.33,0,0,0,,,,0,0,,,,,,,N
MG,49913,PEQUI,N,0,14,0,0,0,,,,0,0,,,1433,1495,2928,48.94,51.06,Bolsonaro,4,10,28.57,71.43,,,,,N
MG,49930,PERDIGÃO,N,0,25,0,0,0,,,,0,0,,,1586,4892,6478,24.48,75.52,Bolsonaro,0,25,0.0,100.0,,,,,N
MG,49956,PERDIZES,N,49,0,4163,5847,10010,41.59,58.41,Bolsonaro,12,37,24.49,75.51,0,0,0,,,,0,0,,,,,,,N
MG,49972,PERDÕES,N,0,53,0,0,0,,,,0,0,,,5975,7363,13338,44.8,55.2,Bolsonaro,10,43,18.87,81.13,,,,,N
MG,40568,PERIQUITO,N,21,0,2447,2182,4629,52.86,47.14,Lula,12,9,57.14,42.86,0,0,0,,,,0,0,,,,,,,N
MG,49999,PESCADOR,N,15,0,1532,774,2306,66.44,33.56,Lula,15,0,100.0,0.0,0,0,0,,,,0,0,,,,,,,N
MG,49719,PEÇANHA,N,48,0,5785,3033,8818,65.6,34.4,Lula,47,1,97.92,2.08,0,0,0,,,,0,0,,,,,,,N
MG,50016,PIAU,N,13,0,1599,841,2440,65.53,34.47,Lula,12,1,92.31,7.69,0,0,0,,,,0,0,,,,,,,N
MG,41343,PIEDADE DE CARATINGA,N,24,0,2635,3236,5871,44.88,55.12,Bolsonaro,1,23,4.17,95.83,0,0,0,,,,0,0,,,,,,,N
MG,50032,PIEDADE DE PONTE NOVA,N,0,13,0,0,0,,,,0,0,,,2048,838,2886,70.96,29.04,Lula,13,0,100.0,0.0,,,,,N
MG,50059,PIEDADE DO RIO GRANDE,N,0,16,0,0,0,,,,0,0,,,1805,1201,3006,60.05,39.95,Lula,16,0,100.0,0.0,,,,,N
MG,50075,PIEDADE DOS GERAIS,N,0,13,0,0,0,,,,0,0,,,1861,1943,3804,48.92,51.08,Bolsonaro,5,8,38.46,61.54,,,,,N
MG,50091,PIMENTA,N,22,0,2408,3011,5419,44.44,55.56,Bolsonaro,3,19,13.64,86.36,0,0,0,,,,0,0,,,,,,,N
MG,41360,PINGO D'ÁGUA,N,12,0,1987,1171,3158,62.92,37.08,Lula,12,0,100.0,0.0,0,0,0,,,,0,0,,,,,,,N
MG,41386,PINTÓPOLIS,N,28,0,3145,1142,4287,73.36,26.64,Lula,28,0,100.0,0.0,0,0,0,,,,0,0,,,,,,,N
MG,50113,PIRACEMA,N,20,0,2775,1929,4704,58.99,41.01,Lula,17,3,85.0,15.0,0,0,0,,,,0,0,,,,,,,N
MG,50130,PIRAJUBA,N,13,0,1789,1586,3375,53.01,46.99,Lula,10,3,76.92,23.08,0,0,0,,,,0,0,,,,,,,N
MG,50156,PIRANGA,N,47,0,6120,3170,9290,65.88,34.12,Lula,47,0,100.0,0.0,0,0,0,,,,0,0,,,,,,,N
MG,50199,PIRANGUINHO,N,21,0,2603,3032,5635,46.19,53.81,Bolsonaro,7,14,33.33,66.67,0,0,0,,,,0,0,,,,,,,N
MG,50172,PIRANGUÇU,N,15,0,1387,2263,3650,38.0,62.0,Bolsonaro,0,15,0.0,100.0,0,0,0,,,,0,0,,,,,,,N
MG,50210,PIRAPETINGA,N,35,0,4346,3459,7805,55.68,44.32,Lula,25,10,71.43,28.57,0,0,0,,,,0,0,,,,,,,N
MG,50237,PIRAPORA,N,130,0,13515,16654,30169,44.8,55.2,Bolsonaro,25,105,19.23,80.77,0,0,0,,,,0,0,,,,,,,N
MG,50253,PIRAÚBA,N,27,0,4356,3200,7556,57.65,42.35,Lula,25,2,92.59,7.41,0,0,0,,,,0,0,,,,,,,N
MG,50270,PITANGUI,N,0,69,0,0,0,,,,0,0,,,5960,10955,16915,35.23,64.77,Bolsonaro,3,66,4.35,95.65,,,,,N
MG,50296,PIUMHI,N,71,0,7058,12460,19518,36.16,63.84,Bolsonaro,0,71,0.0,100.0,0,0,0,,,,0,0,,,,,,,N
MG,50318,PLANURA,N,23,0,3093,3045,6138,50.39,49.61,Lula,13,10,56.52,43.48,0,0,0,,,,0,0,,,,,,,N
MG,50377,POCRANE,N,25,0,2932,2631,5563,52.71,47.29,Lula,18,5,72.0,20.0,0,0,0,,,,0,0,,,,,,,N
MG,50393,POMPÉU,N,0,68,0,0,0,,,,0,0,,,10254,8089,18343,55.9,44.1,Lula,46,22,67.65,32.35,,,,,N
MG,50415,PONTE NOVA,N,0,146,0,0,0,,,,0,0,,,22919,11451,34370,66.68,33.32,Lula,142,4,97.26,2.74,,,,,N
MG,41408,PONTO CHIQUE,N,13,0,2001,531,2532,79.03,20.97,Lula,13,0,100.0,0.0,0,0,0,,,,0,0,,,,,,,N
MG,40584,PONTO DOS VOLANTES,N,31,0,4355,1829,6184,70.42,29.58,Lula,31,0,100.0,0.0,0,0,0,,,,0,0,,,,,,,N
MG,50431,PORTEIRINHA,N,111,0,14983,8462,23445,63.91,36.09,Lula,100,10,90.09,9.01,0,0,0,,,,0,0,,,,,,,N
MG,50458,PORTO FIRME,N,29,0,4610,2290,6900,66.81,33.19,Lula,29,0,100.0,0.0,0,0,0,,,,0,0,,,,,,,N
MG,50474,POTÉ,N,40,0,4863,3356,8219,59.17,40.83,Lula,37,3,92.5,7.5,0,0,0,,,,0,0,,,,,,,N
MG,50490,POUSO ALEGRE,N,345,0,34169,50221,84390,40.49,59.51,Bolsonaro,24,320,6.96,92.75,0,0,0,,,,0,0,,,,,,,N
MG,50512,POUSO ALTO,N,18,0,1920,2431,4351,44.13,55.87,Bolsonaro,2,15,11.11,83.33,0,0,0,,,,0,0,,,,,,,N
MG,50334,POÇO FUNDO,N,37,0,5065,5208,10273,49.3,50.7,Bolsonaro,17,20,45.95,54.05,0,0,0,,,,0,0,,,,,,,N
MG,50350,POÇOS DE CALDAS,N,392,0,37183,52121,89304,41.64,58.36,Bolsonaro,28,362,7.14,92.35,0,0,0,,,,0,0,,,,,,,N
MG,50539,PRADOS,N,0,22,0,0,0,,,,0,0,,,3729,2173,5902,63.18,36.82,Lula,22,0,100.0,0.0,,,,,N
MG,50555,PRATA,N,69,0,8687,7615,16302,53.29,46.71,Lula,49,20,71.01,28.99,0,0,0,,,,0,0,,,,,,,N
MG,50598,PRATINHA,N,10,0,853,1423,2276,37.48,62.52,Bolsonaro,0,10,0.0,100.0,0,0,0,,,,0,0,,,,,,,N
MG,50571,PRATÁPOLIS,N,25,0,2643,2898,5541,47.7,52.3,Bolsonaro,5,20,20.0,80.0,0,0,0,,,,0,0,,,,,,,N
MG,50610,PRESIDENTE BERNARDES,N,23,0,2850,1212,4062,70.16,29.84,Lula,23,0,100.0,0.0,0,0,0,,,,0,0,,,,,,,N
MG,50636,PRESIDENTE JUSCELINO,N,16,0,1790,865,2655,67.42,32.58,Lula,15,1,93.75,6.25,0,0,0,,,,0,0,,,,,,,N
MG,50652,PRESIDENTE KUBITSCHEK,N,13,0,1864,341,2205,84.54,15.46,Lula,13,0,100.0,0.0,0,0,0,,,,0,0,,,,,,,N
MG,50679,PRESIDENTE OLEGÁRIO,N,50,0,5647,6159,11806,47.83,52.17,Bolsonaro,17,33,34.0,66.0,0,0,0,,,,0,0,,,,,,,N
MG,50717,PRUDENTE DE MORAIS,N,0,26,0,0,0,,,,0,0,,,3125,3372,6497,48.1,51.9,Bolsonaro,10,16,38.46,61.54,,,,,N
MG,50733,QUARTEL GERAL,N,13,0,1499,1049,2548,58.83,41.17,Lula,12,1,92.31,7.69,0,0,0,,,,0,0,,,,,,,N
MG,50750,QUELUZITO,N,0,8,0,0,0,,,,0,0,,,1123,896,2019,55.62,44.38,Lula,7,1,87.5,12.5,,,,,N
MG,50776,RAPOSOS,N,0,42,0,0,0,,,,0,0,,,6711,4020,10731,62.54,37.46,Lula,42,0,100.0,0.0,,,,,N
MG,50792,RAUL SOARES,N,66,0,7995,5412,13407,59.63,40.37,Lula,61,3,92.42,4.55,0,0,0,,,,0,0,,,,,,,N
MG,50814,RECREIO,N,26,0,3654,2284,5938,61.54,38.46,Lula,24,2,92.31,7.69,0,0,0,,,,0,0,,,,,,,N
MG,41424,REDUTO,N,15,0,2306,2189,4495,51.3,48.7,Lula,7,8,46.67,53.33,0,0,0,,,,0,0,,,,,,,N
MG,50830,RESENDE COSTA,N,0,31,0,0,0,,,,0,0,,,3961,3386,7347,53.91,46.09,Lula,27,4,87.1,12.9,,,,,N
MG,50857,RESPLENDOR,N,51,0,3259,5747,9006,36.19,63.81,Bolsonaro,3,48,5.88,94.12,0,0,0,,,,0,0,,,,,,,N
MG,50873,RESSAQUINHA,N,0,15,0,0,0,,,,0,0,,,2196,1274,3470,63.29,36.71,Lula,15,0,100.0,0.0,,,,,N
MG,40606,RIACHINHO,N,19,0,2663,1506,4169,63.88,36.12,Lula,19,0,100.0,0.0,0,0,0,,,,0,0,,,,,,,N
MG,50890,RIACHO DOS MACHADOS,N,30,0,3878,1516,5394,71.89,28.11,Lula,30,0,100.0,0.0,0,0,0,,,,0,0,,,,,,,N
MG,50911,RIBEIRÃO DAS NEVES,N,0,608,0,0,0,,,,0,0,,,86681,84526,171207,50.63,49.37,Lula,318,282,52.3,46.38,,,,,N
MG,50938,RIBEIRÃO VERMELHO,N,0,12,0,0,0,,,,0,0,,,1559,1063,2622,59.46,40.54,Lula,11,1,91.67,8.33,,,,,N
MG,50954,RIO ACIMA,N,0,25,0,0,0,,,,0,0,,,3754,3093,6847,54.83,45.17,Lula,22,3,88.0,12.0,,,,,N
MG,50970,RIO CASCA,N,36,0,5145,2625,7770,66.22,33.78,Lula,36,0,100.0,0.0,0,0,0,,,,0,0,,,,,,,N
MG,51012,RIO DO PRADO,N,13,0,2341,594,2935,79.76,20.24,Lula,13,0,100.0,0.0,0,0,0,,,,0,0,,,,,,,N
MG,50997,RIO DOCE,N,0,9,0,0,0,,,,0,0,,,1314,645,1959,67.08,32.92,Lula,9,0,100.0,0.0,,,,,N
MG,51039,RIO ESPERA,N,0,23,0,0,0,,,,0,0,,,2524,1495,4019,62.8,37.2,Lula,23,0,100.0,0.0,,,,,N
MG,51055,RIO MANSO,N,0,15,0,0,0,,,,0,0,,,2092,1617,3709,56.4,43.6,Lula,13,1,86.67,6.67,,,,,N
MG,51071,RIO NOVO,N,30,0,3278,2265,5543,59.14,40.86,Lula,30,0,100.0,0.0,0,0,0,,,,0,0,,,,,,,N
MG,51098,RIO PARANAÍBA,N,36,0,4085,3937,8022,50.92,49.08,Lula,23,13,63.89,36.11,0,0,0,,,,0,0,,,,,,,N
MG,51110,RIO PARDO DE MINAS,N,95,0,9154,5913,15067,60.76,39.24,Lula,65,28,68.42,29.47,0,0,0,,,,0,0,,,,,,,N
MG,51136,RIO PIRACICABA,N,0,47,0,0,0,,,,0,0,,,5521,3587,9108,60.62,39.38,Lula,41,6,87.23,12.77,,,,,N
MG,51152,RIO POMBA,N,45,0,6437,4599,11036,58.33,41.67,Lula,44,1,97.78,2.22,0,0,0,,,,0,0,,,,,,,N
MG,51179,RIO PRETO,N,18,0,2646,1441,4087,64.74,35.26,Lula,18,0,100.0,0.0,0,0,0,,,,0,0,,,,,,,N
MG,51195,RIO VERMELHO,N,38,0,4412,1861,6273,70.33,29.67,Lula,38,0,100.0,0.0,0,0,0,,,,0,0,,,,,,,N
MG,51217,RITÁPOLIS,N,0,17,0,0,0,,,,0,0,,,2297,1297,3594,63.91,36.09,Lula,16,1,94.12,5.88,,,,,N
MG,51233,ROCHEDO DE MINAS,N,7,0,954,939,1893,50.4,49.6,Lula,3,4,42.86,57.14,0,0,0,,,,0,0,,,,,,,N
MG,51250,RODEIRO,N,19,0,2830,2501,5331,53.09,46.91,Lula,15,3,78.95,15.79,0,0,0,,,,0,0,,,,,,,N
MG,51276,ROMARIA,N,10,0,1634,939,2573,63.51,36.49,Lula,10,0,100.0,0.0,0,0,0,,,,0,0,,,,,,,N
MG,40622,ROSÁRIO DA LIMEIRA,N,16,0,2527,1480,4007,63.06,36.94,Lula,16,0,100.0,0.0,0,0,0,,,,0,0,,,,,,,N
MG,51292,RUBELITA,N,34,0,3895,837,4732,82.31,17.69,Lula,34,0,100.0,0.0,0,0,0,,,,0,0,,,,,,,N
MG,51314,RUBIM,N,25,0,3431,1289,4720,72.69,27.31,Lula,25,0,100.0,0.0,0,0,0,,,,0,0,,,,,,,N
MG,51330,SABARÁ,N,0,295,0,0,0,,,,0,0,,,38119,37228,75347,50.59,49.41,Lula,152,141,51.53,47.8,,,,,N
MG,51357,SABINÓPOLIS,N,44,0,5854,2205,8059,72.64,27.36,Lula,44,0,100.0,0.0,0,0,0,,,,0,0,,,,,,,N
MG,51373,SACRAMENTO,N,60,0,6258,8867,15125,41.38,58.62,Bolsonaro,7,53,11.67,88.33,0,0,0,,,,0,0,,,,,,,N
MG,51390,SALINAS,N,107,0,14737,9031,23768,62.0,38.0,Lula,96,11,89.72,10.28,0,0,0,,,,0,0,,,,,,,N
MG,51411,SALTO DA DIVISA,N,18,0,2351,1100,3451,68.13,31.87,Lula,18,0,100.0,0.0,0,0,0,,,,0,0,,,,,,,N
MG,51438,SANTA BÁRBARA,N,0,80,0,0,0,,,,0,0,,,11658,6894,18552,62.84,37.16,Lula,79,0,98.75,0.0,,,,,N
MG,40649,SANTA BÁRBARA DO LESTE,N,26,0,2726,2892,5618,48.52,51.48,Bolsonaro,11,14,42.31,53.85,0,0,0,,,,0,0,,,,,,,N
MG,41440,SANTA BÁRBARA DO MONTE VERDE,N,11,0,1673,944,2617,63.93,36.07,Lula,11,0,100.0,0.0,0,0,0,,,,0,0,,,,,,,N
MG,51454,SANTA BÁRBARA DO TUGÚRIO,N,0,19,0,0,0,,,,0,0,,,2579,878,3457,74.6,25.4,Lula,19,0,100.0,0.0,,,,,N
MG,41467,SANTA CRUZ DE MINAS,N,0,19,0,0,0,,,,0,0,,,2275,2865,5140,44.26,55.74,Bolsonaro,0,19,0.0,100.0,,,,,N
MG,41483,SANTA CRUZ DE SALINAS,N,15,0,2435,460,2895,84.11,15.89,Lula,15,0,100.0,0.0,0,0,0,,,,0,0,,,,,,,N
MG,51470,SANTA CRUZ DO ESCALVADO,N,0,17,0,0,0,,,,0,0,,,2667,1024,3691,72.26,27.74,Lula,17,0,100.0,0.0,,,,,N
MG,51497,SANTA EFIGÊNIA DE MINAS,N,13,0,1737,841,2578,67.38,32.62,Lula,13,0,100.0,0.0,0,0,0,,,,0,0,,,,,,,N
MG,51519,SANTA FÉ DE MINAS,N,14,0,1734,554,2288,75.79,24.21,Lula,14,0,100.0,0.0,0,0,0,,,,0,0,,,,,,,N
MG,41505,SANTA HELENA DE MINAS,N,18,0,2859,967,3826,74.73,25.27,Lula,18,0,100.0,0.0,0,0,0,,,,0,0,,,,,,,N
MG,51535,SANTA JULIANA,N,27,0,3956,4449,8405,47.07,52.93,Bolsonaro,7,20,25.93,74.07,0,0,0,,,,0,0,,,,,,,N
MG,51551,SANTA LUZIA,N,0,470,0,0,0,,,,0,0,,,63793,68438,132231,48.24,51.76,Bolsonaro,156,307,33.19,65.32,,,,,N
MG,51578,SANTA MARGARIDA,N,38,0,5208,5231,10439,49.89,50.11,Bolsonaro,17,21,44.74,55.26,0,0,0,,,,0,0,,,,,,,N
MG,51594,SANTA MARIA DE ITABIRA,N,28,0,4437,2158,6595,67.28,32.72,Lula,26,2,92.86,7.14,0,0,0,,,,0,0,,,,,,,N
MG,51616,SANTA MARIA DO SALTO,N,15,0,1825,1096,2921,62.48,37.52,Lula,15,0,100.0,0.0,0,0,0,,,,0,0,,,,,,,N
MG,51632,SANTA MARIA DO SUAÇUÍ,N,42,0,5054,2640,7694,65.69,34.31,Lula,41,1,97.62,2.38,0,0,0,,,,0,0,,,,,,,N
MG,51837,SANTA RITA DE CALDAS,N,23,0,2055,3488,5543,37.07,62.93,Bolsonaro,0,23,0.0,100.0,0,0,0,,,,0,0,,,,,,,N
MG,51870,SANTA RITA DE IBITIPOCA,N,0,14,0,0,0,,,,0,0,,,1822,649,2471,73.74,26.26,Lula,14,0,100.0,0.0,,,,,N
MG,51853,SANTA RITA DE JACUTINGA,N,19,0,2129,1248,3377,63.04,36.96,Lula,19,0,100.0,0.0,0,0,0,,,,0,0,,,,,,,N
MG,40665,SANTA RITA DE MINAS,N,20,0,2230,2365,4595,48.53,51.47,Bolsonaro,7,13,35.0,65.0,0,0,0,,,,0,0,,,,,,,N
MG,51896,SANTA RITA DO ITUETO,N,18,0,1537,2178,3715,41.37,58.63,Bolsonaro,2,15,11.11,83.33,0,0,0,,,,0,0,,,,,,,N
MG,51918,SANTA RITA DO SAPUCAÍ,N,90,0,8102,16127,24229,33.44,66.56,Bolsonaro,0,90,0.0,100.0,0,0,0,,,,0,0,,,,,,,N
MG,51934,SANTA ROSA DA SERRA,N,10,0,1240,1138,2378,52.14,47.86,Lula,4,6,40.0,60.0,0,0,0,,,,0,0,,,,,,,N
MG,51950,SANTA VITÓRIA,N,58,0,7560,5437,12997,58.17,41.83,Lula,47,11,81.03,18.97,0,0,0,,,,0,0,,,,,,,N
MG,51659,SANTANA DA VARGEM,N,0,20,0,0,0,,,,0,0,,,2519,2341,4860,51.83,48.17,Lula,17,3,85.0,15.0,,,,,N
MG,51675,SANTANA DE CATAGUASES,N,10,0,1414,1279,2693,52.51,47.49,Lula,6,4,60.0,40.0,0,0,0,,,,0,0,,,,,,,N
MG,51691,SANTANA DE PIRAPAMA,N,0,26,0,0,0,,,,0,0,,,3299,2344,5643,58.46,41.54,Lula,23,3,88.46,11.54,,,,,N
MG,51713,SANTANA DO DESERTO,N,13,0,1765,934,2699,65.39,34.61,Lula,13,0,100.0,0.0,0,0,0,,,,0,0,,,,,,,N
MG,51730,SANTANA DO GARAMBÉU,N,7,0,1289,507,1796,71.77,28.23,Lula,7,0,100.0,0.0,0,0,0,,,,0,0,,,,,,,N
MG,51756,SANTANA DO JACARÉ,N,0,13,0,0,0,,,,0,0,,,1654,1441,3095,53.44,46.56,Lula,10,3,76.92,23.08,,,,,N
MG,51772,SANTANA DO MANHUAÇU,N,22,0,3369,2383,5752,58.57,41.43,Lula,22,0,100.0,0.0,0,0,0,,,,0,0,,,,,,,N
MG,40681,SANTANA DO PARAÍSO,N,70,0,7093,10563,17656,40.17,59.83,Bolsonaro,4,66,5.71,94.29,0,0,0,,,,0,0,,,,,,,N
MG,51799,SANTANA DO RIACHO,N,0,20,0,0,0,,,,0,0,,,2655,1588,4243,62.57,37.43,Lula,20,0,100.0,0.0,,,,,N
MG,51810,SANTANA DOS MONTES,N,0,12,0,0,0,,,,0,0,,,1804,1090,2894,62.34,37.66,Lula,10,2,83.33,16.67,,,,,N
MG,51977,SANTO ANTÔNIO DO AMPARO,N,49,0,7216,3635,10851,66.5,33.5,Lula,48,0,97.96,0.0,0,0,0,,,,0,0,,,,,,,N
MG,51993,SANTO ANTÔNIO DO AVENTUREIRO,N,12,0,1620,1239,2859,56.66,43.34,Lula,10,2,83.33,16.67,0,0,0,,,,0,0,,,,,,,N
MG,52019,SANTO ANTÔNIO DO GRAMA,N,12,0,2112,856,2968,71.16,28.84,Lula,12,0,100.0,0.0,0,0,0,,,,0,0,,,,,,,N
MG,52035,SANTO ANTÔNIO DO ITAMBÉ,N,11,0,1764,481,2245,78.57,21.43,Lula,11,0,100.0,0.0,0,0,0,,,,0,0,,,,,,,N
MG,52051,SANTO ANTÔNIO DO JACINTO,N,30,0,3844,2338,6182,62.18,37.82,Lula,30,0,100.0,0.0,0,0,0,,,,0,0,,,,,,,N
MG,52078,SANTO ANTÔNIO DO MONTE,N,0,69,0,0,0,,,,0,0,,,4368,11569,15937,27.41,72.59,Bolsonaro,1,68,1.45,98.55,,,,,N
MG,41521,SANTO ANTÔNIO DO RETIRO,N,24,0,3109,1233,4342,71.6,28.4,Lula,24,0,100.0,0.0,0,0,0,,,,0,0,,,,,,,N
MG,52094,SANTO ANTÔNIO DO RIO ABAIXO,N,0,8,0,0,0,,,,0,0,,,962,566,1528,62.96,37.04,Lula,8,0,100.0,0.0,,,,,N
MG,52116,SANTO HIPÓLITO,N,11,0,1446,558,2004,72.16,27.84,Lula,11,0,100.0,0.0,0,0,0,,,,0,0,,,,,,,N
MG,52132,SANTOS DUMONT,N,128,0,18039,11152,29191,61.8,38.2,Lula,127,0,99.22,0.0,0,0,0,,,,0,0,,,,,,,N
MG,53074,SAPUCAÍ-MIRIM,N,17,0,1884,2273,4157,45.32,54.68,Bolsonaro,2,15,11.76,88.24,0,0,0,,,,0,0,,,,,,,N
MG,53090,SARDOÁ,N,16,0,1855,1296,3151,58.87,41.13,Lula,15,1,93.75,6.25,0,0,0,,,,0,0,,,,,,,N
MG,40800,SARZEDO,N,0,70,0,0,0,,,,0,0,,,8813,11201,20014,44.03,55.97,Bolsonaro,10,60,14.29,85.71,,,,,N
MG,40827,SEM PEIXE,N,0,12,0,0,0,,,,0,0,,,1679,722,2401,69.93,30.07,Lula,12,0,100.0,0.0,,,,,N
MG,40843,SENADOR AMARAL,N,15,0,1794,2559,4353,41.21,58.79,Bolsonaro,0,15,0.0,100.0,0,0,0,,,,0,0,,,,,,,N
MG,53112,SENADOR CORTES,N,9,0,1175,713,1888,62.24,37.76,Lula,9,0,100.0,0.0,0,0,0,,,,0,0,,,,,,,N
MG,53139,SENADOR FIRMINO,N,22,0,3519,1613,5132,68.57,31.43,Lula,22,0,100.0,0.0,0,0,0,,,,0,0,,,,,,,N
MG,53155,SENADOR JOSÉ BENTO,N,8,0,713,1034,1747,40.81,59.19,Bolsonaro,0,8,0.0,100.0,0,0,0,,,,0,0,,,,,,,N
MG,53171,SENADOR MODESTINO GONÇALVES,N,20,0,2132,869,3001,71.04,28.96,Lula,20,0,100.0,0.0,0,0,0,,,,0,0,,,,,,,N
MG,53198,SENHORA DE OLIVEIRA,N,16,0,3139,1144,4283,73.29,26.71,Lula,16,0,100.0,0.0,0,0,0,,,,0,0,,,,,,,N
MG,53210,SENHORA DO PORTO,N,14,0,1439,773,2212,65.05,34.95,Lula,14,0,100.0,0.0,0,0,0,,,,0,0,,,,,,,N
MG,53236,SENHORA DOS REMÉDIOS,N,0,30,0,0,0,,,,0,0,,,4314,2196,6510,66.27,33.73,Lula,30,0,100.0,0.0,,,,,N
MG,53252,SERICITA,N,0,21,0,0,0,,,,0,0,,,2513,2666,5179,48.52,51.48,Bolsonaro,7,13,33.33,61.9,,,,,N
MG,53279,SERITINGA,N,7,0,844,591,1435,58.82,41.18,Lula,6,1,85.71,14.29,0,0,0,,,,0,0,,,,,,,N
MG,53295,SERRA AZUL DE MINAS,N,10,0,1642,556,2198,74.7,25.3,Lula,10,0,100.0,0.0,0,0,0,,,,0,0,,,,,,,N
MG,53317,SERRA DA SAUDADE,N,4,0,378,441,819,46.15,53.85,Bolsonaro,0,4,0.0,100.0,0,0,0,,,,0,0,,,,,,,N
MG,53350,SERRA DO SALITRE,N,30,0,3168,4002,7170,44.18,55.82,Bolsonaro,9,21,30.0,70.0,0,0,0,,,,0,0,,,,,,,N
MG,53333,SERRA DOS AIMORÉS,N,24,0,2537,1480,4017,63.16,36.84,Lula,23,1,95.83,4.17,0,0,0,,,,0,0,,,,,,,N
MG,53376,SERRANIA,N,18,0,2471,2315,4786,51.63,48.37,Lula,12,6,66.67,33.33,0,0,0,,,,0,0,,,,,,,N
MG,53392,SERRANOS,N,10,0,933,653,1586,58.83,41.17,Lula,10,0,100.0,0.0,0,0,0,,,,0,0,,,,,,,N
MG,42382,SERRANÓPOLIS DE MINAS,N,16,0,2149,841,2990,71.87,28.13,Lula,16,0,100.0,0.0,0,0,0,,,,0,0,,,,,,,N
MG,53414,SERRO,N,56,0,8281,2933,11214,73.85,26.15,Lula,56,0,100.0,0.0,0,0,0,,,,0,0,,,,,,,N
MG,53430,SETE LAGOAS,N,0,520,0,0,0,,,,0,0,,,56124,78922,135046,41.56,58.44,Bolsonaro,25,495,4.81,95.19,,,,,N
MG,42404,SETUBINHA,N,27,0,4499,1131,5630,79.91,20.09,Lula,27,0,100.0,0.0,0,0,0,,,,0,0,,,,,,,N
MG,53457,SILVEIRÂNIA,N,10,0,1433,671,2104,68.11,31.89,Lula,10,0,100.0,0.0,0,0,0,,,,0,0,,,,,,,N
MG,53473,SILVIANÓPOLIS,N,18,0,1564,2136,3700,42.27,57.73,Bolsonaro,1,17,5.56,94.44,0,0,0,,,,0,0,,,,,,,N
MG,53511,SIMONÉSIA,N,55,0,5980,5923,11903,50.24,49.76,Lula,33,21,60.0,38.18,0,0,0,,,,0,0,,,,,,,N
MG,53490,SIMÃO PEREIRA,N,10,0,1382,1008,2390,57.82,42.18,Lula,8,2,80.0,20.0,0,0,0,,,,0,0,,,,,,,N
MG,53538,SOBRÁLIA,N,18,0,1643,1466,3109,52.85,47.15,Lula,13,5,72.22,27.78,0,0,0,,,,0,0,,,,,,,N
MG,53554,SOLEDADE DE MINAS,N,15,0,1829,2088,3917,46.69,53.31,Bolsonaro,3,11,20.0,73.33,0,0,0,,,,0,0,,,,,,,N
MG,52159,SÃO BENTO ABADE,N,12,0,1644,1571,3215,51.14,48.86,Lula,6,5,50.0,41.67,0,0,0,,,,0,0,,,,,,,N
MG,52175,SÃO BRÁS DO SUAÇUÍ,N,0,12,0,0,0,,,,0,0,,,1704,986,2690,63.35,36.65,Lula,11,0,91.67,0.0,,,,,N
MG,41548,SÃO DOMINGOS DAS DORES,N,20,0,1908,2238,4146,46.02,53.98,Bolsonaro,4,16,20.0,80.0,0,0,0,,,,0,0,,,,,,,N
MG,52191,SÃO DOMINGOS DO PRATA,N,0,41,0,0,0,,,,0,0,,,6662,4125,10787,61.76,38.24,Lula,41,0,100.0,0.0,,,,,N
MG,52213,SÃO FRANCISCO,N,151,0,19259,8931,28190,68.32,31.68,Lula,129,22,85.43,14.57,0,0,0,,,,0,0,,,,,,,N
MG,52230,SÃO FRANCISCO DE PAULA,N,0,22,0,0,0,,,,0,0,,,2935,1769,4704,62.39,37.61,Lula,22,0,100.0,0.0,,,,,N
MG,52256,SÃO FRANCISCO DE SALES,N,17,0,2206,1423,3629,60.79,39.21,Lula,17,0,100.0,0.0,0,0,0,,,,0,0,,,,,,,N
MG,52272,SÃO FRANCISCO DO GLÓRIA,N,13,0,2130,1181,3311,64.33,35.67,Lula,13,0,100.0,0.0,0,0,0,,,,0,0,,,,,,,N
MG,41564,SÃO FÉLIX DE MINAS,N,13,0,1266,1121,2387,53.04,46.96,Lula,8,5,61.54,38.46,0,0,0,,,,0,0,,,,,,,N
MG,52299,SÃO GERALDO,N,20,0,3650,1929,5579,65.42,34.58,Lula,20,0,100.0,0.0,0,0,0,,,,0,0,,,,,,,N
MG,52310,SÃO GERALDO DA PIEDADE,N,15,0,1610,860,2470,65.18,34.82,Lula,15,0,100.0,0.0,0,0,0,,,,0,0,,,,,,,N
MG,41580,SÃO GERALDO DO BAIXIO,N,10,0,1227,1009,2236,54.87,45.13,Lula,9,1,90.0,10.0,0,0,0,,,,0,0,,,,,,,N
MG,52337,SÃO GONÇALO DO ABAETÉ,N,18,0,2012,1966,3978,50.58,49.42,Lula,9,9,50.0,50.0,0,0,0,,,,0,0,,,,,,,N
MG,52353,SÃO GONÇALO DO PARÁ,N,0,30,0,0,0,,,,0,0,,,3062,3814,6876,44.53,55.47,Bolsonaro,5,24,16.67,80.0,,,,,N
MG,52370,SÃO GONÇALO DO RIO ABAIXO,N,0,35,0,0,0,,,,0,0,,,5227,3534,8761,59.66,40.34,Lula,34,1,97.14,2.86,,,,,N
MG,45098,SÃO GONÇALO DO RIO PRETO,N,0,12,0,0,0,,,,0,0,,,1613,466,2079,77.59,22.41,Lula,12,0,100.0,0.0,,,,,N
MG,52396,SÃO GONÇALO DO SAPUCAÍ,N,57,0,6458,7459,13917,46.4,53.6,Bolsonaro,16,41,28.07,71.93,0,0,0,,,,0,0,,,,,,,N
MG,52418,SÃO GOTARDO,N,96,0,7887,13122,21009,37.54,62.46,Bolsonaro,9,87,9.38,90.62,0,0,0,,,,0,0,,,,,,,N
MG,41629,SÃO JOAQUIM DE BICAS,N,0,60,0,0,0,,,,0,0,,,8703,7479,16182,53.78,46.22,Lula,51,8,85.0,13.33,,,,,N
MG,41645,SÃO JOSÉ DA BARRA,N,23,0,2428,2606,5034,48.23,51.77,Bolsonaro,8,15,34.78,65.22,0,0,0,,,,0,0,,,,,,,N
MG,40789,SÃO JOSÉ DA LAPA,N,0,59,0,0,0,,,,0,0,,,7131,8535,15666,45.52,54.48,Bolsonaro,11,48,18.64,81.36,,,,,N
MG,52590,SÃO JOSÉ DA SAFIRA,N,15,0,1610,1042,2652,60.71,39.29,Lula,15,0,100.0,0.0,0,0,0,,,,0,0,,,,,,,N
MG,52612,SÃO JOSÉ DA VARGINHA,N,0,11,0,0,0,,,,0,0,,,1431,1509,2940,48.67,51.33,Bolsonaro,5,6,45.45,54.55,,,,,N
MG,52639,SÃO JOSÉ DO ALEGRE,N,11,0,1101,1756,2857,38.54,61.46,Bolsonaro,0,11,0.0,100.0,0,0,0,,,,0,0,,,,,,,N
MG,52655,SÃO JOSÉ DO DIVINO,N,12,0,1164,1181,2345,49.64,50.36,Bolsonaro,4,8,33.33,66.67,0,0,0,,,,0,0,,,,,,,N
MG,52671,SÃO JOSÉ DO GOIABAL,N,0,16,0,0,0,,,,0,0,,,2288,1089,3377,67.75,32.25,Lula,16,0,100.0,0.0,,,,,N
MG,52698,SÃO JOSÉ DO JACURI,N,21,0,2699,1103,3802,70.99,29.01,Lula,21,0,100.0,0.0,0,0,0,,,,0,0,,,,,,,N
MG,52710,SÃO JOSÉ DO MANTIMENTO,N,9,0,1329,919,2248,59.12,40.88,Lula,9,0,100.0,0.0,0,0,0,,,,0,0,,,,,,,N
MG,52434,SÃO JOÃO BATISTA DO GLÓRIA,N,17,0,2035,2909,4944,41.16,58.84,Bolsonaro,0,16,0.0,94.12,0,0,0,,,,0,0,,,,,,,N
MG,40703,SÃO JOÃO DA LAGOA,N,18,0,2698,958,3656,73.8,26.2,Lula,18,0,100.0,0.0,0,0,0,,,,0,0,,,,,,,N
MG,52450,SÃO JOÃO DA MATA,N,10,0,905,1424,2329,38.86,61.14,Bolsonaro,0,10,0.0,100.0,0,0,0,,,,0,0,,,,,,,N
MG,52477,SÃO JOÃO DA PONTE,N,80,0,12030,2813,14843,81.05,18.95,Lula,80,0,100.0,0.0,0,0,0,,,,0,0,,,,,,,N
MG,41602,SÃO JOÃO DAS MISSÕES,N,36,0,5239,1678,6917,75.74,24.26,Lula,31,4,86.11,11.11,0,0,0,,,,0,0,,,,,,,N
MG,52493,SÃO JOÃO DEL REI,N,0,220,0,0,0,,,,0,0,,,26233,28797,55030,47.67,52.33,Bolsonaro,81,137,36.82,62.27,,,,,N
MG,40720,SÃO JOÃO DO MANHUAÇU,N,25,0,3520,3925,7445,47.28,52.72,Bolsonaro,8,17,32.0,68.0,0,0,0,,,,0,0,,,,,,,N
MG,40746,SÃO JOÃO DO MANTENINHA,N,19,0,1895,1860,3755,50.47,49.53,Lula,9,9,47.37,47.37,0,0,0,,,,0,0,,,,,,,N
MG,52515,SÃO JOÃO DO ORIENTE,N,22,0,2860,2414,5274,54.23,45.77,Lula,17,4,77.27,18.18,0,0,0,,,,0,0,,,,,,,N
MG,40762,SÃO JOÃO DO PACUÍ,N,15,0,2207,641,2848,77.49,22.51,Lula,15,0,100.0,0.0,0,0,0,,,,0,0,,,,,,,N
MG,52531,SÃO JOÃO DO PARAÍSO,N,72,0,6423,5568,11991,53.57,46.43,Lula,41,31,56.94,43.06,0,0,0,,,,0,0,,,,,,,N
MG,52558,SÃO JOÃO EVANGELISTA,N,38,0,6397,2497,8894,71.92,28.08,Lula,38,0,100.0,0.0,0,0,0,,,,0,0,,,,,,,N
MG,52574,SÃO JOÃO NEPOMUCENO,N,67,0,8068,7479,15547,51.89,48.11,Lula,40,26,59.7,38.81,0,0,0,,,,0,0,,,,,,,N
MG,52736,SÃO LOURENÇO,N,113,0,9528,16504,26032,36.6,63.4,Bolsonaro,3,110,2.65,97.35,0,0,0,,,,0,0,,,,,,,N
MG,52752,SÃO MIGUEL DO ANTA,N,22,0,3343,1533,4876,68.56,31.44,Lula,22,0,100.0,0.0,0,0,0,,,,0,0,,,,,,,N
MG,52779,SÃO PEDRO DA UNIÃO,N,13,0,1434,1830,3264,43.93,56.07,Bolsonaro,0,13,0.0,100.0,0,0,0,,,,0,0,,,,,,,N
MG,52817,SÃO PEDRO DO SUAÇUÍ,N,15,0,2231,1168,3399,65.64,34.36,Lula,15,0,100.0,0.0,0,0,0,,,,0,0,,,,,,,N
MG,52795,SÃO PEDRO DOS FERROS,N,24,0,3243,1249,4492,72.2,27.8,Lula,24,0,100.0,0.0,0,0,0,,,,0,0,,,,,,,N
MG,52833,SÃO ROMÃO,N,21,0,3171,1389,4560,69.54,30.46,Lula,21,0,100.0,0.0,0,0,0,,,,0,0,,,,,,,N
MG,52850,SÃO ROQUE DE MINAS,N,18,0,1119,3251,4370,25.61,74.39,Bolsonaro,0,18,0.0,100.0,0,0,0,,,,0,0,,,,,,,N
MG,52876,SÃO SEBASTIÃO DA BELA VISTA,N,16,0,2086,2366,4452,46.86,53.14,Bolsonaro,6,10,37.5,62.5,0,0,0,,,,0,0,,,,,,,N
MG,42340,SÃO SEBASTIÃO DA VARGEM ALEGRE,N,9,0,1302,964,2266,57.46,42.54,Lula,9,0,100.0,0.0,0,0,0,,,,0,0,,,,,,,N
MG,42366,SÃO SEBASTIÃO DO ANTA,N,15,0,1869,1993,3862,48.39,51.61,Bolsonaro,4,11,26.67,73.33,0,0,0,,,,0,0,,,,,,,N
MG,52892,SÃO SEBASTIÃO DO MARANHÃO,N,32,0,3486,1992,5478,63.64,36.36,Lula,31,0,96.88,0.0,0,0,0,,,,0,0,,,,,,,N
MG,52914,SÃO SEBASTIÃO DO OESTE,N,0,24,0,0,0,,,,0,0,,,2599,2498,5097,50.99,49.01,Lula,15,9,62.5,37.5,,,,,N
MG,52930,SÃO SEBASTIÃO DO PARAÍSO,N,144,0,16216,20627,36843,44.01,55.99,Bolsonaro,27,117,18.75,81.25,0,0,0,,,,0,0,,,,,,,N
MG,52957,SÃO SEBASTIÃO DO RIO PRETO,N,7,0,716,573,1289,55.55,44.45,Lula,6,1,85.71,14.29,0,0,0,,,,0,0,,,,,,,N
MG,52973,SÃO SEBASTIÃO DO RIO VERDE,N,6,0,654,1036,1690,38.7,61.3,Bolsonaro,0,6,0.0,100.0,0,0,0,,,,0,0,,,,,,,N
MG,53031,SÃO THOMÉ DAS LETRAS,N,18,0,2688,1161,3849,69.84,30.16,Lula,18,0,100.0,0.0,0,0,0,,,,0,0,,,,,,,N
MG,52990,SÃO TIAGO,N,0,30,0,0,0,,,,0,0,,,3764,3242,7006,53.73,46.27,Lula,16,12,53.33,40.0,,,,,N
MG,53015,SÃO TOMÁS DE AQUINO,N,17,0,2059,2287,4346,47.38,52.62,Bolsonaro,4,13,23.53,76.47,0,0,0,,,,0,0,,,,,,,N
MG,53058,SÃO VICENTE DE MINAS,N,22,0,2360,1937,4297,54.92,45.08,Lula,19,3,86.36,13.64,0,0,0,,,,0,0,,,,,,,N
MG,53570,TABULEIRO,N,13,0,1973,1231,3204,61.58,38.42,Lula,13,0,100.0,0.0,0,0,0,,,,0,0,,,,,,,N
MG,53597,TAIOBEIRAS,N,83,0,8214,11252,19466,42.2,57.8,Bolsonaro,22,61,26.51,73.49,0,0,0,,,,0,0,,,,,,,N
MG,42420,TAPARUBA,N,11,0,1636,1137,2773,59.0,41.0,Lula,11,0,100.0,0.0,0,0,0,,,,0,0,,,,,,,N
MG,53619,TAPIRA,N,14,0,973,2587,3560,27.33,72.67,Bolsonaro,0,14,0.0,100.0,0,0,0,,,,0,0,,,,,,,N
MG,53635,TAPIRAÍ,N,0,7,0,0,0,,,,0,0,,,768,712,1480,51.89,48.11,Lula,4,3,57.14,42.86,,,,,N
MG,53651,TAQUARAÇU DE MINAS,N,0,16,0,0,0,,,,0,0,,,1754,1900,3654,48.0,52.0,Bolsonaro,4,11,25.0,68.75,,,,,N
MG,53678,TARUMIRIM,N,45,0,3908,3600,7508,52.05,47.95,Lula,22,20,48.89,44.44,0,0,0,,,,0,0,,,,,,,N
MG,53694,TEIXEIRAS,N,38,0,5315,2769,8084,65.75,34.25,Lula,38,0,100.0,0.0,0,0,0,,,,0,0,,,,,,,N
MG,53716,TEÓFILO OTONI,N,331,0,37952,37683,75635,50.18,49.82,Lula,133,196,40.18,59.21,0,0,0,,,,0,0,,,,,,,N
MG,53732,TIMÓTEO,N,0,174,0,0,0,,,,0,0,,,18436,27644,46080,40.01,59.99,Bolsonaro,2,172,1.15,98.85,,,,,N
MG,53759,TIRADENTES,N,0,24,0,0,0,,,,0,0,,,2949,2605,5554,53.1,46.9,Lula,19,4,79.17,16.67,,,,,N
MG,53775,TIROS,N,24,0,1448,2916,4364,33.18,66.82,Bolsonaro,1,23,4.17,95.83,0,0,0,,,,0,0,,,,,,,N
MG,53791,TOCANTINS,N,48,0,5490,4883,10373,52.93,47.07,Lula,29,19,60.42,39.58,0,0,0,,,,0,0,,,,,,,N
MG,42587,TOCOS DO MOJI,N,13,0,1748,1482,3230,54.12,45.88,Lula,9,4,69.23,30.77,0,0,0,,,,0,0,,,,,,,N
MG,53813,TOLEDO,N,19,0,1887,2980,4867,38.77,61.23,Bolsonaro,0,19,0.0,100.0,0,0,0,,,,0,0,,,,,,,N
MG,53830,TOMBOS,N,24,0,3101,2330,5431,57.1,42.9,Lula,23,1,95.83,4.17,0,0,0,,,,0,0,,,,,,,N
MG,53856,TRÊS CORAÇÕES,N,168,0,17182,25622,42804,40.14,59.86,Bolsonaro,22,145,13.1,86.31,0,0,0,,,,0,0,,,,,,,N
MG,41157,TRÊS MARIAS,N,78,0,8635,9018,17653,48.92,51.08,Bolsonaro,36,42,46.15,53.85,0,0,0,,,,0,0,,,,,,,N
MG,53872,TRÊS PONTAS,N,0,146,0,0,0,,,,0,0,,,18312,16946,35258,51.94,48.06,Lula,82,62,56.16,42.47,,,,,N
MG,53899,TUMIRITINGA,N,18,0,2133,1673,3806,56.04,43.96,Lula,14,4,77.78,22.22,0,0,0,,,,0,0,,,,,,,N
MG,53910,TUPACIGUARA,N,64,0,8390,6980,15370,54.59,45.41,Lula,36,27,56.25,42.19,0,0,0,,,,0,0,,,,,,,N
MG,53937,TURMALINA,N,52,0,8423,3481,11904,70.76,29.24,Lula,52,0,100.0,0.0,0,0,0,,,,0,0,,,,,,,N
MG,53953,TURVOLÂNDIA,N,15,0,1671,1801,3472,48.13,51.87,Bolsonaro,6,9,40.0,60.0,0,0,0,,,,0,0,,,,,,,N
MG,40860,UBAPORANGA,N,39,0,3343,4453,7796,42.88,57.12,Bolsonaro,6,33,15.38,84.62,0,0,0,,,,0,0,,,,,,,N
MG,53996,UBAÍ,N,43,0,4987,1542,6529,76.38,23.62,Lula,43,0,100.0,0.0,0,0,0,,,,0,0,,,,,,,N
MG,54011,UBERABA,N,764,0,83899,98568,182467,45.98,54.02,Bolsonaro,288,472,37.7,61.78,0,0,0,,,,0,0,,,,,,,N
MG,54038,UBERLÂNDIA,N,1619,0,190299,215660,405959,46.88,53.12,Bolsonaro,523,1081,32.3,66.77,0,0,0,,,,0,0,,,,,,,N
MG,53970,UBÁ,N,231,0,28614,27156,55770,51.31,48.69,Lula,122,108,52.81,46.75,0,0,0,,,,0,0,,,,,,,N
MG,54054,UMBURATIBA,N,13,0,1285,497,1782,72.11,27.89,Lula,13,0,100.0,0.0,0,0,0,,,,0,0,,,,,,,N
MG,54070,UNAÍ,N,181,0,19267,28970,48237,39.94,60.06,Bolsonaro,49,132,27.07,72.93,0,0,0,,,,0,0,,,,,,,N
MG,42447,UNIÃO DE MINAS,N,12,0,1478,958,2436,60.67,39.33,Lula,11,1,91.67,8.33,0,0,0,,,,0,0,,,,,,,N
MG,42463,URUANA DE MINAS,N,10,0,1316,1194,2510,52.43,47.57,Lula,8,2,80.0,20.0,0,0,0,,,,0,0,,,,,,,N
MG,40886,URUCUIA,N,26,0,3376,1927,5303,63.66,36.34,Lula,25,1,96.15,3.85,0,0,0,,,,0,0,,,,,,,N
MG,54097,URUCÂNIA,N,0,27,0,0,0,,,,0,0,,,4207,2283,6490,64.82,35.18,Lula,27,0,100.0,0.0,,,,,N
MG,40908,VARGEM ALEGRE,N,21,0,2321,1967,4288,54.13,45.87,Lula,17,2,80.95,9.52,0,0,0,,,,0,0,,,,,,,N
MG,54119,VARGEM BONITA,N,8,0,765,1147,1912,40.01,59.99,Bolsonaro,2,6,25.0,75.0,0,0,0,,,,0,0,,,,,,,N
MG,42480,VARGEM GRANDE DO RIO PARDO,N,17,0,1469,1595,3064,47.94,52.06,Bolsonaro,7,10,41.18,58.82,0,0,0,,,,0,0,,,,,,,N
MG,54135,VARGINHA,N,0,298,0,0,0,,,,0,0,,,31831,48730,80561,39.51,60.49,Bolsonaro,13,285,4.36,95.64,,,,,N
MG,42501,VARJÃO DE MINAS,N,20,0,2593,2433,5026,51.59,48.41,Lula,11,9,55.0,45.0,0,0,0,,,,0,0,,,,,,,N
MG,54178,VARZELÂNDIA,N,51,0,8075,2644,10719,75.33,24.67,Lula,51,0,100.0,0.0,0,0,0,,,,0,0,,,,,,,N
MG,54194,VAZANTE,N,52,0,6493,5850,12343,52.6,47.4,Lula,34,18,65.38,34.62,0,0,0,,,,0,0,,,,,,,N
MG,42528,VERDELÂNDIA,N,27,0,3498,1213,4711,74.25,25.75,Lula,27,0,100.0,0.0,0,0,0,,,,0,0,,,,,,,N
MG,42544,VEREDINHA,N,18,0,2692,964,3656,73.63,26.37,Lula,18,0,100.0,0.0,0,0,0,,,,0,0,,,,,,,N
MG,42560,VERMELHO NOVO,N,15,0,2046,1648,3694,55.39,44.61,Lula,15,0,100.0,0.0,0,0,0,,,,0,0,,,,,,,N
MG,54232,VERÍSSIMO,N,10,0,1270,968,2238,56.75,43.25,Lula,10,0,100.0,0.0,0,0,0,,,,0,0,,,,,,,N
MG,54259,VESPASIANO,N,0,257,0,0,0,,,,0,0,,,33067,35946,69013,47.91,52.09,Bolsonaro,89,168,34.63,65.37,,,,,N
MG,54291,VIEIRAS,N,12,0,1722,1294,3016,57.1,42.9,Lula,11,1,91.67,8.33,0,0,0,,,,0,0,,,,,,,N
MG,54330,VIRGEM DA LAPA,N,31,0,4622,1865,6487,71.25,28.75,Lula,31,0,100.0,0.0,0,0,0,,,,0,0,,,,,,,N
MG,54372,VIRGINÓPOLIS,N,29,0,3870,1927,5797,66.76,33.24,Lula,29,0,100.0,0.0,0,0,0,,,,0,0,,,,,,,N
MG,54399,VIRGOLÂNDIA,N,16,0,2245,833,3078,72.94,27.06,Lula,16,0,100.0,0.0,0,0,0,,,,0,0,,,,,,,N
MG,54356,VIRGÍNIA,N,23,0,3064,2698,5762,53.18,46.82,Lula,16,6,69.57,26.09,0,0,0,,,,0,0,,,,,,,N
MG,54410,VISCONDE DO RIO BRANCO,N,99,0,13668,10147,23815,57.39,42.61,Lula,82,16,82.83,16.16,0,0,0,,,,0,0,,,,,,,N
MG,54275,VIÇOSA,N,180,0,31871,15366,47237,67.47,32.53,Lula,178,2,98.89,1.11,0,0,0,,,,0,0,,,,,,,N
MG,54437,VOLTA GRANDE,N,16,0,1948,1099,3047,63.93,36.07,Lula,15,1,93.75,6.25,0,0,0,,,,0,0,,,,,,,N
MG,54151,VÁRZEA DA PALMA,N,84,0,10291,8923,19214,53.56,46.44,Lula,53,30,63.1,35.71,0,0,0,,,,0,0,,,,,,,N
MG,54216,WENCESLAU BRAZ,N,11,0,894,1165,2059,43.42,56.58,Bolsonaro,1,10,9.09,90.91,0,0,0,,,,0,0,,,,,,,N
MG,40118,ÁGUA BOA,N,38,0,4793,2796,7589,63.16,36.84,Lula,38,0,100.0,0.0,0,0,0,,,,0,0,,,,,,,N
MG,40134,ÁGUA COMPRIDA,N,10,0,755,1004,1759,42.92,57.08,Bolsonaro,0,10,0.0,100.0,0,0,0,,,,0,0,,,,,,,N
MG,40177,ÁGUAS FORMOSAS,N,50,0,6451,4582,11033,58.47,41.53,Lula,45,5,90.0,10.0,0,0,0,,,,0,0,,,,,,,N
MG,40193,ÁGUAS VERMELHAS,N,29,0,4657,1985,6642,70.11,29.89,Lula,29,0,100.0,0.0,0,0,0,,,,0,0,,,,,,,N
MS,55018,ALCINÓPOLIS,N,12,0,1320,1274,2594,50.89,49.11,Lula,7,4,58.33,33.33,0,0,0,,,,0,0,,,,,,,N
MS,90115,AMAMBAI,N,94,0,8200,11008,19208,42.69,57.31,Bolsonaro,18,75,19.15,79.79,0,0,0,,,,0,0,,,,,,,N
MS,90131,ANASTÁCIO,N,76,0,5902,6944,12846,45.94,54.06,Bolsonaro,22,54,28.95,71.05,0,0,0,,,,0,0,,,,,,,N
MS,90158,ANAURILÂNDIA,N,22,0,2305,2100,4405,52.33,47.67,Lula,12,8,54.55,36.36,0,0,0,,,,0,0,,,,,,,N
MS,91693,ANGÉLICA,N,29,0,3050,3210,6260,48.72,51.28,Bolsonaro,12,15,41.38,51.72,0,0,0,,,,0,0,,,,,,,N
MS,90174,ANTÔNIO JOÃO,N,27,0,2591,2971,5562,46.58,53.42,Bolsonaro,2,24,7.41,88.89,0,0,0,,,,0,0,,,,,,,N
MS,90190,APARECIDA DO TABOADO,N,59,0,5261,8120,13381,39.32,60.68,Bolsonaro,6,52,10.17,88.14,0,0,0,,,,0,0,,,,,,,N
MS,90212,AQUIDAUANA,N,133,0,12066,12803,24869,48.52,51.48,Bolsonaro,52,80,39.1,60.15,0,0,0,,,,0,0,,,,,,,N
MS,91715,ARAL MOREIRA,N,28,0,2627,3232,5859,44.84,55.16,Bolsonaro,7,21,25.0,75.0,0,0,0,,,,0,0,,,,,,,N
MS,90298,BANDEIRANTES,N,23,0,2051,2415,4466,45.92,54.08,Bolsonaro,5,18,21.74,78.26,0,0,0,,,,0,0,,,,,,,N
MS,90379,BATAGUASSU,N,67,0,5799,7554,13353,43.43,56.57,Bolsonaro,15,52,22.39,77.61,0,0,0,,,,0,0,,,,,,,N
MS,90395,BATAYPORÃ,N,30,0,2763,3149,5912,46.74,53.26,Bolsonaro,12,18,40.0,60.0,0,0,0,,,,0,0,,,,,,,N
MS,90417,BELA VISTA,N,59,0,4906,6545,11451,42.84,57.16,Bolsonaro,11,47,18.64,79.66,0,0,0,,,,0,0,,,,,,,N
MS,98019,BODOQUENA,N,27,0,2281,2473,4754,47.98,52.02,Bolsonaro,12,14,44.44,51.85,0,0,0,,,,0,0,,,,,,,N
MS,90433,BONITO,N,60,0,5191,7855,13046,39.79,60.21,Bolsonaro,10,50,16.67,83.33,0,0,0,,,,0,0,,,,,,,N
MS,90450,BRASILÂNDIA,N,33,0,2488,3705,6193,40.17,59.83,Bolsonaro,6,27,18.18,81.82,0,0,0,,,,0,0,,,,,,,N
MS,90557,CAARAPÓ,N,71,0,6076,9675,15751,38.58,61.42,Bolsonaro,13,58,18.31,81.69,0,0,0,,,,0,0,,,,,,,N
MS,90492,CAMAPUÃ,N,48,0,3463,4697,8160,42.44,57.56,Bolsonaro,13,35,27.08,72.92,0,0,0,,,,0,0,,,,,,,N
MS,90514,CAMPO GRANDE,N,0,2160,0,0,0,,,,0,0,,,187109,313906,501015,37.35,62.65,Bolsonaro,111,2045,5.14,94.68,,,,,N
MS,90530,CARACOL,N,19,0,1483,1806,3289,45.09,54.91,Bolsonaro,2,17,10.53,89.47,0,0,0,,,,0,0,,,,,,,N
MS,90573,CASSILÂNDIA,N,55,0,3834,7122,10956,34.99,65.01,Bolsonaro,0,55,0.0,100.0,0,0,0,,,,0,0,,,,,,,N
MS,91782,CHAPADÃO DO SUL,N,72,0,4372,10994,15366,28.45,71.55,Bolsonaro,0,72,0.0,100.0,0,0,0,,,,0,0,,,,,,,N
MS,90611,CORGUINHO,N,16,0,1342,1489,2831,47.4,52.6,Bolsonaro,7,8,43.75,50.0,0,0,0,,,,0,0,,,,,,,N
MS,98590,CORONEL SAPUCAIA,N,43,0,4090,4530,8620,47.45,52.55,Bolsonaro,8,35,18.6,81.4,0,0,0,,,,0,0,,,,,,,N
MS,90638,CORUMBÁ,N,262,0,24552,25082,49634,49.47,50.53,Bolsonaro,116,143,44.27,54.58,0,0,0,,,,0,0,,,,,,,N
MS,98035,COSTA RICA,N,73,0,5936,9506,15442,38.44,61.56,Bolsonaro,1,71,1.37,97.26,0,0,0,,,,0,0,,,,,,,N
MS,90654,COXIM,N,96,0,8215,10152,18367,44.73,55.27,Bolsonaro,28,67,29.17,69.79,0,0,0,,,,0,0,,,,,,,N
MS,91758,DEODÁPOLIS,N,42,0,3454,4191,7645,45.18,54.82,Bolsonaro,11,30,26.19,71.43,0,0,0,,,,0,0,,,,,,,N
MS,91804,DOIS IRMÃOS DO BURITI,N,31,0,3779,2206,5985,63.14,36.86,Lula,25,6,80.65,19.35,0,0,0,,,,0,0,,,,,,,N
MS,98051,DOURADINA,N,0,18,0,0,0,,,,0,0,,,1552,2362,3914,39.65,60.35,Bolsonaro,2,16,11.11,88.89,,,,,N
MS,90735,DOURADOS,N,0,551,0,0,0,,,,0,0,,,47910,81016,128926,37.16,62.84,Bolsonaro,45,506,8.17,91.83,,,,,N
MS,91731,ELDORADO,N,33,0,2340,3801,6141,38.1,61.9,Bolsonaro,3,30,9.09,90.91,0,0,0,,,,0,0,,,,,,,N
MS,55069,FIGUEIRÃO,N,10,0,871,977,1848,47.13,52.87,Bolsonaro,2,8,20.0,80.0,0,0,0,,,,0,0,,,,,,,N
MS,90751,FÁTIMA DO SUL,N,0,61,0,0,0,,,,0,0,,,5696,6813,12509,45.54,54.46,Bolsonaro,16,45,26.23,73.77,,,,,N
MS,90794,GLÓRIA DE DOURADOS,N,34,0,2673,3091,5764,46.37,53.63,Bolsonaro,12,22,35.29,64.71,0,0,0,,,,0,0,,,,,,,N
MS,90816,GUIA LOPES DA LAGUNA,N,28,0,2343,3008,5351,43.79,56.21,Bolsonaro,7,21,25.0,75.0,0,0,0,,,,0,0,,,,,,,N
MS,90859,IGUATEMI,N,34,0,2916,4540,7456,39.11,60.89,Bolsonaro,3,31,8.82,91.18,0,0,0,,,,0,0,,,,,,,N
MS,90875,INOCÊNCIA,N,21,0,1809,2529,4338,41.7,58.3,Bolsonaro,1,20,4.76,95.24,0,0,0,,,,0,0,,,,,,,N
MS,90891,ITAPORÃ,N,0,45,0,0,0,,,,0,0,,,3964,6974,10938,36.24,63.76,Bolsonaro,1,43,2.22,95.56,,,,,N
MS,98078,ITAQUIRAÍ,N,52,0,5198,4497,9695,53.62,46.38,Lula,33,19,63.46,36.54,0,0,0,,,,0,0,,,,,,,N
MS,90930,IVINHEMA,N,64,0,5950,9454,15404,38.63,61.37,Bolsonaro,8,56,12.5,87.5,0,0,0,,,,0,0,,,,,,,N
MS,55034,JAPORÃ,N,22,0,3092,1231,4323,71.52,28.48,Lula,16,6,72.73,27.27,0,0,0,,,,0,0,,,,,,,N
MS,90972,JARAGUARI,N,18,0,1835,1934,3769,48.69,51.31,Bolsonaro,6,11,33.33,61.11,0,0,0,,,,0,0,,,,,,,N
MS,90999,JARDIM,N,68,0,4772,8058,12830,37.19,62.81,Bolsonaro,9,59,13.24,86.76,0,0,0,,,,0,0,,,,,,,N
MS,91014,JATEÍ,N,0,15,0,0,0,,,,0,0,,,1551,1665,3216,48.23,51.77,Bolsonaro,5,10,33.33,66.67,,,,,N
MS,91820,JUTI,N,17,0,2016,1939,3955,50.97,49.03,Lula,10,7,58.82,41.18,0,0,0,,,,0,0,,,,,,,N
MS,91030,LADÁRIO,N,50,0,4768,4953,9721,49.05,50.95,Bolsonaro,18,32,36.0,64.0,0,0,0,,,,0,0,,,,,,,N
MS,55026,LAGUNA CARAPÃ,N,0,18,0,0,0,,,,0,0,,,1575,2664,4239,37.15,62.85,Bolsonaro,2,16,11.11,88.89,,,,,N
MS,91073,MARACAJU,N,108,0,6926,14714,21640,32.01,67.99,Bolsonaro,4,104,3.7,96.3,0,0,0,,,,0,0,,,,,,,N
MS,91111,MIRANDA,N,74,0,7819,5610,13429,58.22,41.78,Lula,35,38,47.3,51.35,0,0,0,,,,0,0,,,,,,,N
MS,91790,MUNDO NOVO,N,48,0,3826,6445,10271,37.25,62.75,Bolsonaro,1,47,2.08,97.92,0,0,0,,,,0,0,,,,,,,N
MS,91138,NAVIRAÍ,N,133,0,9093,17697,26790,33.94,66.06,Bolsonaro,9,124,6.77,93.23,0,0,0,,,,0,0,,,,,,,N
MS,91154,NIOAQUE,N,43,0,3578,4073,7651,46.77,53.23,Bolsonaro,12,31,27.91,72.09,0,0,0,,,,0,0,,,,,,,N
MS,55000,NOVA ALVORADA DO SUL,N,51,0,4784,5913,10697,44.72,55.28,Bolsonaro,5,45,9.8,88.24,0,0,0,,,,0,0,,,,,,,N
MS,91235,NOVA ANDRADINA,N,121,0,10360,14648,25008,41.43,58.57,Bolsonaro,29,91,23.97,75.21,0,0,0,,,,0,0,,,,,,,N
MS,55042,NOVO HORIZONTE DO SUL,N,16,0,1429,1416,2845,50.23,49.77,Lula,8,7,50.0,43.75,0,0,0,,,,0,0,,,,,,,N
MS,91251,PARANAÍBA,N,106,0,9667,12820,22487,42.99,57.01,Bolsonaro,21,83,19.81,78.3,0,0,0,,,,0,0,,,,,,,N
MS,91847,PARANHOS,N,29,0,3295,2388,5683,57.98,42.02,Lula,17,12,58.62,41.38,0,0,0,,,,0,0,,,,,,,N
MS,55050,PARAÍSO DAS ÁGUAS,N,16,0,795,2064,2859,27.81,72.19,Bolsonaro,1,15,6.25,93.75,0,0,0,,,,0,0,,,,,,,N
MS,91278,PEDRO GOMES,N,22,0,1966,2257,4223,46.55,53.45,Bolsonaro,7,15,31.82,68.18,0,0,0,,,,0,0,,,,,,,N
MS,91316,PONTA PORÃ,N,241,0,18781,31547,50328,37.32,62.68,Bolsonaro,41,200,17.01,82.99,0,0,0,,,,0,0,,,,,,,N
MS,91375,PORTO MURTINHO,N,30,0,2451,2741,5192,47.21,52.79,Bolsonaro,6,23,20.0,76.67,0,0,0,,,,0,0,,,,,,,N
MS,91413,RIBAS DO RIO PARDO,N,58,0,4330,5422,9752,44.4,55.6,Bolsonaro,9,49,15.52,84.48,0,0,0,,,,0,0,,,,,,,N
MS,91430,RIO BRILHANTE,N,84,0,7765,10973,18738,41.44,58.56,Bolsonaro,19,65,22.62,77.38,0,0,0,,,,0,0,,,,,,,N
MS,91456,RIO NEGRO,N,16,0,1340,1552,2892,46.33,53.67,Bolsonaro,3,13,18.75,81.25,0,0,0,,,,0,0,,,,,,,N
MS,91472,RIO VERDE DE MATO GROSSO,N,56,0,4320,5943,10263,42.09,57.91,Bolsonaro,13,42,23.21,75.0,0,0,0,,,,0,0,,,,,,,N
MS,91499,ROCHEDO,N,15,0,1386,1787,3173,43.68,56.32,Bolsonaro,2,13,13.33,86.67,0,0,0,,,,0,0,,,,,,,N
MS,91863,SANTA RITA DO PARDO,N,18,0,1619,1874,3493,46.35,53.65,Bolsonaro,5,13,27.78,72.22,0,0,0,,,,0,0,,,,,,,N
MS,98116,SELVÍRIA,N,22,0,2718,1999,4717,57.62,42.38,Lula,21,1,95.45,4.55,0,0,0,,,,0,0,,,,,,,N
MS,98132,SETE QUEDAS,N,28,0,1906,3369,5275,36.13,63.87,Bolsonaro,1,27,3.57,96.43,0,0,0,,,,0,0,,,,,,,N
MS,91570,SIDROLÂNDIA,N,0,115,0,0,0,,,,0,0,,,10740,13497,24237,44.31,55.69,Bolsonaro,36,79,31.3,68.7,,,,,N
MS,91880,SONORA,N,39,0,3507,4677,8184,42.85,57.15,Bolsonaro,7,32,17.95,82.05,0,0,0,,,,0,0,,,,,,,N
MS,98094,SÃO GABRIEL DO OESTE,N,65,0,4971,11074,16045,30.98,69.02,Bolsonaro,5,60,7.69,92.31,0,0,0,,,,0,0,,,,,,,N
MS,98159,TACURU,N,22,0,2923,1640,4563,64.06,35.94,Lula,22,0,100.0,0.0,0,0,0,,,,0,0,,,,,,,N
MS,98175,TAQUARUSSU,N,11,0,1461,1253,2714,53.83,46.17,Lula,10,1,90.91,9.09,0,0,0,,,,0,0,,,,,,,N
MS,91596,TERENOS,N,0,49,0,0,0,,,,0,0,,,4656,5081,9737,47.82,52.18,Bolsonaro,11,36,22.45,73.47,,,,,N
MS,91650,TRÊS LAGOAS,N,291,0,25948,37415,63363,40.95,59.05,Bolsonaro,31,259,10.65,89.0,0,0,0,,,,0,0,,,,,,,N
MS,91901,VICENTINA,N,0,21,0,0,0,,,,0,0,,,2583,1882,4465,57.85,42.15,Lula,18,2,85.71,9.52,,,,,N
MS,90034,ÁGUA CLARA,N,38,0,3267,4615,7882,41.45,58.55,Bolsonaro,1,37,2.63,97.37,0,0,0,,,,0,0,,,,,,,N
MT,90018,ACORIZAL,N,0,29,0,0,0,,,,0,0,,,2838,2355,5193,54.65,45.35,Lula,23,5,79.31,17.24,,,,,N
MT,89877,ALTA FLORESTA,N,119,0,9059,22236,31295,28.95,71.05,Bolsonaro,6,113,5.04,94.96,0,0,0,,,,0,0,,,,,,,N
MT,90050,ALTO ARAGUAIA,N,0,45,0,0,0,,,,0,0,,,3245,5513,8758,37.05,62.95,Bolsonaro,3,42,6.67,93.33,,,,,N
MT,90042,ALTO BOA VISTA,N,16,0,717,2175,2892,24.79,75.21,Bolsonaro,1,15,6.25,93.75,0,0,0,,,,0,0,,,,,,,N
MT,90077,ALTO GARÇAS,N,0,31,0,0,0,,,,0,0,,,2357,3802,6159,38.27,61.73,Bolsonaro,0,31,0.0,100.0,,,,,N
MT,90093,ALTO PARAGUAI,N,24,0,2647,1817,4464,59.3,40.7,Lula,21,3,87.5,12.5,0,0,0,,,,0,0,,,,,,,N
MT,98612,ALTO TAQUARI,N,0,24,0,0,0,,,,0,0,,,1777,3551,5328,33.35,66.65,Bolsonaro,0,24,0.0,100.0,,,,,N
MT,90263,APIACÁS,N,21,0,1500,2700,4200,35.71,64.29,Bolsonaro,1,20,4.76,95.24,0,0,0,,,,0,0,,,,,,,N
MT,98639,ARAGUAIANA,N,10,0,1093,1192,2285,47.83,52.17,Bolsonaro,4,6,40.0,60.0,0,0,0,,,,0,0,,,,,,,N
MT,90239,ARAGUAINHA,N,0,5,0,0,0,,,,0,0,,,416,365,781,53.27,46.73,Lula,4,1,80.0,20.0,,,,,N
MT,89893,ARAPUTANGA,N,33,0,2485,6249,8734,28.45,71.55,Bolsonaro,0,33,0.0,100.0,0,0,0,,,,0,0,,,,,,,N
MT,90255,ARENÁPOLIS,N,28,0,2413,3465,5878,41.05,58.95,Bolsonaro,4,24,14.29,85.71,0,0,0,,,,0,0,,,,,,,N
MT,90271,ARIPUANÃ,N,41,0,2370,7103,9473,25.02,74.98,Bolsonaro,1,40,2.44,97.56,0,0,0,,,,0,0,,,,,,,N
MT,90336,BARRA DO BUGRES,N,75,0,8645,8888,17533,49.31,50.69,Bolsonaro,39,36,52.0,48.0,0,0,0,,,,0,0,,,,,,,N
MT,90352,BARRA DO GARÇAS,N,141,0,13371,20791,34162,39.14,60.86,Bolsonaro,11,130,7.8,92.2,0,0,0,,,,0,0,,,,,,,N
MT,90310,BARÃO DE MELGAÇO,N,23,0,2917,1701,4618,63.17,36.83,Lula,21,2,91.3,8.7,0,0,0,,,,0,0,,,,,,,N
MT,90905,BOM JESUS DO ARAGUAIA,N,17,0,1272,2098,3370,37.74,62.26,Bolsonaro,1,16,5.88,94.12,0,0,0,,,,0,0,,,,,,,N
MT,90468,BRASNORTE,N,38,0,2286,6035,8321,27.47,72.53,Bolsonaro,3,35,7.89,92.11,0,0,0,,,,0,0,,,,,,,N
MT,98655,CAMPINÁPOLIS,N,32,0,4174,3207,7381,56.55,43.45,Lula,11,21,34.38,65.62,0,0,0,,,,0,0,,,,,,,N
MT,90484,CAMPO NOVO DO PARECIS,N,73,0,6260,13944,20204,30.98,69.02,Bolsonaro,2,71,2.74,97.26,0,0,0,,,,0,0,,,,,,,N
MT,90506,CAMPO VERDE,N,0,86,0,0,0,,,,0,0,,,7351,16427,23778,30.92,69.08,Bolsonaro,1,85,1.16,98.84,,,,,N
MT,90743,CAMPOS DE JÚLIO,N,14,0,1059,2833,3892,27.21,72.79,Bolsonaro,0,14,0.0,100.0,0,0,0,,,,0,0,,,,,,,N
MT,90085,CANABRAVA DO NORTE,N,12,0,818,1764,2582,31.68,68.32,Bolsonaro,0,12,0.0,100.0,0,0,0,,,,0,0,,,,,,,N
MT,91936,CANARANA,N,47,0,2662,9318,11980,22.22,77.78,Bolsonaro,3,44,6.38,93.62,0,0,0,,,,0,0,,,,,,,N
MT,90760,CARLINDA,N,27,0,2412,3357,5769,41.81,58.19,Bolsonaro,3,24,11.11,88.89,0,0,0,,,,0,0,,,,,,,N
MT,90549,CASTANHEIRA,N,17,0,1359,2812,4171,32.58,67.42,Bolsonaro,0,17,0.0,100.0,0,0,0,,,,0,0,,,,,,,N
MT,90590,CHAPADA DOS GUIMARÃES,N,0,53,0,0,0,,,,0,0,,,6179,6233,12412,49.78,50.22,Bolsonaro,30,23,56.6,43.4,,,,,N
MT,90522,CLÁUDIA,N,28,0,1557,4753,6310,24.68,75.32,Bolsonaro,2,26,7.14,92.86,0,0,0,,,,0,0,,,,,,,N
MT,98671,COCALINHO,N,16,0,1341,1816,3157,42.48,57.52,Bolsonaro,2,13,12.5,81.25,0,0,0,,,,0,0,,,,,,,N
MT,89788,COLNIZA,N,60,0,3046,9420,12466,24.43,75.57,Bolsonaro,1,59,1.67,98.33,0,0,0,,,,0,0,,,,,,,N
MT,89796,COLÍDER,N,78,0,3529,14589,18118,19.48,80.52,Bolsonaro,0,78,0.0,100.0,0,0,0,,,,0,0,,,,,,,N
MT,99015,COMODORO,N,48,0,3120,6810,9930,31.42,68.58,Bolsonaro,4,44,8.33,91.67,0,0,0,,,,0,0,,,,,,,N
MT,90280,CONFRESA,N,64,0,4808,11129,15937,30.17,69.83,Bolsonaro,1,63,1.56,98.44,0,0,0,,,,0,0,,,,,,,N
MT,91006,CONQUISTA D'OESTE,N,9,0,581,1568,2149,27.04,72.96,Bolsonaro,0,9,0.0,100.0,0,0,0,,,,0,0,,,,,,,N
MT,90425,COTRIGUAÇU,N,30,0,1831,4330,6161,29.72,70.28,Bolsonaro,0,30,0.0,100.0,0,0,0,,,,0,0,,,,,,,N
MT,90670,CUIABÁ,N,0,1275,0,0,0,,,,0,0,,,133852,213787,347639,38.5,61.5,Bolsonaro,65,1207,5.1,94.67,,,,,N
MT,89800,CURVELÂNDIA,N,16,0,1219,2073,3292,37.03,62.97,Bolsonaro,0,16,0.0,100.0,0,0,0,,,,0,0,,,,,,,N
MT,90476,CÁCERES,N,199,0,22686,24217,46903,48.37,51.63,Bolsonaro,84,114,42.21,57.29,0,0,0,,,,0,0,,,,,,,N
MT,98337,DENISE,N,17,0,1986,2419,4405,45.09,54.91,Bolsonaro,2,15,11.76,88.24,0,0,0,,,,0,0,,,,,,,N
MT,90697,DIAMANTINO,N,54,0,4595,7804,12399,37.06,62.94,Bolsonaro,8,46,14.81,85.19,0,0,0,,,,0,0,,,,,,,N
MT,90719,DOM AQUINO,N,0,21,0,0,0,,,,0,0,,,2010,2721,4731,42.49,57.51,Bolsonaro,5,16,23.81,76.19,,,,,N
MT,90786,FELIZ NATAL,N,22,0,1485,3133,4618,32.16,67.84,Bolsonaro,2,20,9.09,90.91,0,0,0,,,,0,0,,,,,,,N
MT,99031,FIGUEIRÓPOLIS D'OESTE,N,8,0,539,1645,2184,24.68,75.32,Bolsonaro,0,8,0.0,100.0,0,0,0,,,,0,0,,,,,,,N
MT,90824,GAÚCHA DO NORTE,N,18,0,1268,2757,4025,31.5,68.5,Bolsonaro,4,14,22.22,77.78,0,0,0,,,,0,0,,,,,,,N
MT,90778,GENERAL CARNEIRO,N,14,0,1501,1526,3027,49.59,50.41,Bolsonaro,8,6,57.14,42.86,0,0,0,,,,0,0,,,,,,,N
MT,90204,GLÓRIA D'OESTE,N,9,0,654,1354,2008,32.57,67.43,Bolsonaro,0,9,0.0,100.0,0,0,0,,,,0,0,,,,,,,N
MT,99058,GUARANTÃ DO NORTE,N,66,0,3152,13560,16712,18.86,81.14,Bolsonaro,1,65,1.52,98.48,0,0,0,,,,0,0,,,,,,,N
MT,90832,GUIRATINGA,N,0,27,0,0,0,,,,0,0,,,2860,3386,6246,45.79,54.21,Bolsonaro,6,21,22.22,77.78,,,,,N
MT,99074,INDIAVAÍ,N,9,0,620,829,1449,42.79,57.21,Bolsonaro,0,9,0.0,100.0,0,0,0,,,,0,0,,,,,,,N
MT,91081,IPIRANGA DO NORTE,N,16,0,968,2796,3764,25.72,74.28,Bolsonaro,0,16,0.0,100.0,0,0,0,,,,0,0,,,,,,,N
MT,91103,ITANHANGÁ,N,17,0,755,3185,3940,19.16,80.84,Bolsonaro,0,17,0.0,100.0,0,0,0,,,,0,0,,,,,,,N
MT,98698,ITAÚBA,N,12,0,928,2057,2985,31.09,68.91,Bolsonaro,0,12,0.0,100.0,0,0,0,,,,0,0,,,,,,,N
MT,90913,ITIQUIRA,N,0,26,0,0,0,,,,0,0,,,2518,3954,6472,38.91,61.09,Bolsonaro,0,26,0.0,100.0,,,,,N
MT,90956,JACIARA,N,0,60,0,0,0,,,,0,0,,,4965,10513,15478,32.08,67.92,Bolsonaro,0,60,0.0,100.0,,,,,N
MT,90565,JANGADA,N,0,24,0,0,0,,,,0,0,,,2991,2115,5106,58.58,41.42,Lula,16,8,66.67,33.33,,,,,N
MT,89915,JAURU,N,24,0,1441,3566,5007,28.78,71.22,Bolsonaro,0,24,0.0,100.0,0,0,0,,,,0,0,,,,,,,N
MT,98191,JUARA,N,76,0,4310,13708,18018,23.92,76.08,Bolsonaro,3,73,3.95,96.05,0,0,0,,,,0,0,,,,,,,N
MT,90581,JURUENA,N,21,0,1269,3250,4519,28.08,71.92,Bolsonaro,0,21,0.0,100.0,0,0,0,,,,0,0,,,,,,,N
MT,91898,JUSCIMEIRA,N,0,32,0,0,0,,,,0,0,,,2848,3958,6806,41.85,58.15,Bolsonaro,3,29,9.38,90.62,,,,,N
MT,98310,JUÍNA,N,106,0,7158,16995,24153,29.64,70.36,Bolsonaro,3,103,2.83,97.17,0,0,0,,,,0,0,,,,,,,N
MT,90301,LAMBARI D'OESTE,N,15,0,1455,1574,3029,48.04,51.96,Bolsonaro,6,9,40.0,60.0,0,0,0,,,,0,0,,,,,,,N
MT,90603,LUCAS DO RIO VERDE,N,139,0,9377,27919,37296,25.14,74.86,Bolsonaro,1,138,0.72,99.28,0,0,0,,,,0,0,,,,,,,N
MT,91057,LUCIARA,N,8,0,730,881,1611,45.31,54.69,Bolsonaro,1,7,12.5,87.5,0,0,0,,,,0,0,,,,,,,N
MT,98710,MARCELÂNDIA,N,32,0,1452,4931,6383,22.75,77.25,Bolsonaro,2,30,6.25,93.75,0,0,0,,,,0,0,,,,,,,N
MT,90620,MATUPÁ,N,44,0,2538,7288,9826,25.83,74.17,Bolsonaro,0,44,0.0,100.0,0,0,0,,,,0,0,,,,,,,N
MT,91774,MIRASSOL D'OESTE,N,64,0,4545,10080,14625,31.08,68.92,Bolsonaro,4,59,6.25,92.19,0,0,0,,,,0,0,,,,,,,N
MT,91170,NOBRES,N,0,39,0,0,0,,,,0,0,,,2806,6154,8960,31.32,68.68,Bolsonaro,1,38,2.56,97.44,,,,,N
MT,91197,NORTELÂNDIA,N,21,0,1799,1774,3573,50.35,49.65,Lula,10,10,47.62,47.62,0,0,0,,,,0,0,,,,,,,N
MT,91219,NOSSA SENHORA DO LIVRAMENTO,N,0,54,0,0,0,,,,0,0,,,6260,3081,9341,67.02,32.98,Lula,52,2,96.3,3.7,,,,,N
MT,90387,NOVA BANDEIRANTES,N,29,0,1301,5272,6573,19.79,80.21,Bolsonaro,0,29,0.0,100.0,0,0,0,,,,0,0,,,,,,,N
MT,89818,NOVA BRASILÂNDIA,N,0,11,0,0,0,,,,0,0,,,1379,1313,2692,51.23,48.77,Lula,8,2,72.73,18.18,,,,,N
MT,98752,NOVA CANAÃ DO NORTE,N,36,0,1911,5281,7192,26.57,73.43,Bolsonaro,0,36,0.0,100.0,0,0,0,,,,0,0,,,,,,,N
MT,90140,NOVA GUARITA,N,11,0,1040,1892,2932,35.47,64.53,Bolsonaro,0,11,0.0,100.0,0,0,0,,,,0,0,,,,,,,N
MT,90867,NOVA LACERDA,N,15,0,1137,1906,3043,37.36,62.64,Bolsonaro,0,15,0.0,100.0,0,0,0,,,,0,0,,,,,,,N
MT,90166,NOVA MARILÂNDIA,N,9,0,773,1190,1963,39.38,60.62,Bolsonaro,0,9,0.0,100.0,0,0,0,,,,0,0,,,,,,,N
MT,90123,NOVA MARINGÁ,N,14,0,868,2149,3017,28.77,71.23,Bolsonaro,0,14,0.0,100.0,0,0,0,,,,0,0,,,,,,,N
MT,90360,NOVA MONTE VERDE,N,20,0,1253,3227,4480,27.97,72.03,Bolsonaro,0,20,0.0,100.0,0,0,0,,,,0,0,,,,,,,N
MT,90646,NOVA MUTUM,N,88,0,6327,18643,24970,25.34,74.66,Bolsonaro,1,87,1.14,98.86,0,0,0,,,,0,0,,,,,,,N
MT,90964,NOVA NAZARÉ,N,9,0,851,994,1845,46.12,53.88,Bolsonaro,2,7,22.22,77.78,0,0,0,,,,0,0,,,,,,,N
MT,98736,NOVA OLÍMPIA,N,44,0,4795,4456,9251,51.83,48.17,Lula,26,18,59.09,40.91,0,0,0,,,,0,0,,,,,,,N
MT,89826,NOVA SANTA HELENA,N,10,0,608,1588,2196,27.69,72.31,Bolsonaro,0,10,0.0,100.0,0,0,0,,,,0,0,,,,,,,N
MT,90883,NOVA UBIRATÃ,N,22,0,1688,3875,5563,30.34,69.66,Bolsonaro,1,21,4.55,95.45,0,0,0,,,,0,0,,,,,,,N
MT,91952,NOVA XAVANTINA,N,46,0,3581,8011,11592,30.89,69.11,Bolsonaro,0,46,0.0,100.0,0,0,0,,,,0,0,,,,,,,N
MT,98795,NOVO HORIZONTE DO NORTE,N,10,0,767,1603,2370,32.36,67.64,Bolsonaro,0,10,0.0,100.0,0,0,0,,,,0,0,,,,,,,N
MT,90808,NOVO MUNDO,N,16,0,1111,2723,3834,28.98,71.02,Bolsonaro,0,16,0.0,100.0,0,0,0,,,,0,0,,,,,,,N
MT,90948,NOVO SANTO ANTÔNIO,N,6,0,481,743,1224,39.3,60.7,Bolsonaro,0,6,0.0,100.0,0,0,0,,,,0,0,,,,,,,N
MT,98779,NOVO SÃO JOAQUIM,N,17,0,1241,2658,3899,31.83,68.17,Bolsonaro,0,17,0.0,100.0,0,0,0,,,,0,0,,,,,,,N
MT,89834,PARANATINGA,N,51,0,3344,7801,11145,30.0,70.0,Bolsonaro,4,47,7.84,92.16,0,0,0,,,,0,0,,,,,,,N
MT,98833,PARANAÍTA,N,29,0,2106,4903,7009,30.05,69.95,Bolsonaro,0,29,0.0,100.0,0,0,0,,,,0,0,,,,,,,N
MT,91812,PEDRA PRETA,N,0,42,0,0,0,,,,0,0,,,4653,5963,10616,43.83,56.17,Bolsonaro,10,32,23.81,76.19,,,,,N
MT,98817,PEIXOTO DE AZEVEDO,N,77,0,7102,9632,16734,42.44,57.56,Bolsonaro,16,61,20.78,79.22,0,0,0,,,,0,0,,,,,,,N
MT,90344,PLANALTO DA SERRA,N,0,9,0,0,0,,,,0,0,,,993,976,1969,50.43,49.57,Lula,5,4,55.56,44.44,,,,,N
MT,91294,POCONÉ,N,0,78,0,0,0,,,,0,0,,,11394,6510,17904,63.64,36.36,Lula,65,13,83.33,16.67,,,,,N
MT,90700,PONTAL DO ARAGUAIA,N,17,0,1554,2187,3741,41.54,58.46,Bolsonaro,1,16,5.88,94.12,0,0,0,,,,0,0,,,,,,,N
MT,91332,PONTE BRANCA,N,0,9,0,0,0,,,,0,0,,,826,558,1384,59.68,40.32,Lula,9,0,100.0,0.0,,,,,N
MT,89990,PONTES E LACERDA,N,115,0,5698,17559,23257,24.5,75.5,Bolsonaro,0,115,0.0,100.0,0,0,0,,,,0,0,,,,,,,N
MT,98850,PORTO ALEGRE DO NORTE,N,25,0,2176,3418,5594,38.9,61.1,Bolsonaro,5,20,20.0,80.0,0,0,0,,,,0,0,,,,,,,N
MT,91359,PORTO DOS GAÚCHOS,N,12,0,774,2263,3037,25.49,74.51,Bolsonaro,0,12,0.0,100.0,0,0,0,,,,0,0,,,,,,,N
MT,98876,PORTO ESPERIDIÃO,N,25,0,2389,2975,5364,44.54,55.46,Bolsonaro,8,16,32.0,64.0,0,0,0,,,,0,0,,,,,,,N
MT,90182,PORTO ESTRELA,N,11,0,1475,817,2292,64.35,35.65,Lula,11,0,100.0,0.0,0,0,0,,,,0,0,,,,,,,N
MT,91391,POXORÉU,N,0,51,0,0,0,,,,0,0,,,4704,5066,9770,48.15,51.85,Bolsonaro,22,29,43.14,56.86,,,,,N
MT,98892,PRIMAVERA DO LESTE,N,0,144,0,0,0,,,,0,0,,,9483,29462,38945,24.35,75.65,Bolsonaro,0,144,0.0,100.0,,,,,N
MT,90069,QUERÊNCIA,N,42,0,2623,7944,10567,24.82,75.18,Bolsonaro,0,42,0.0,100.0,0,0,0,,,,0,0,,,,,,,N
MT,98914,RESERVA DO CABAÇAL,N,6,0,567,765,1332,42.57,57.43,Bolsonaro,0,6,0.0,100.0,0,0,0,,,,0,0,,,,,,,N
MT,90662,RIBEIRÃO CASCALHEIRA,N,26,0,1667,3373,5040,33.08,66.92,Bolsonaro,2,24,7.69,92.31,0,0,0,,,,0,0,,,,,,,N
MT,90441,RIBEIRÃOZINHO,N,6,0,775,847,1622,47.78,52.22,Bolsonaro,1,5,16.67,83.33,0,0,0,,,,0,0,,,,,,,N
MT,89958,RIO BRANCO,N,13,0,1248,1670,2918,42.77,57.23,Bolsonaro,2,11,15.38,84.62,0,0,0,,,,0,0,,,,,,,N
MT,89960,RONDOLÂNDIA,N,12,0,819,1029,1848,44.32,55.68,Bolsonaro,2,10,16.67,83.33,0,0,0,,,,0,0,,,,,,,N
MT,91510,RONDONÓPOLIS,N,0,505,0,0,0,,,,0,0,,,44812,82752,127564,35.13,64.87,Bolsonaro,15,489,2.97,96.83,,,,,N
MT,91537,ROSÁRIO OESTE,N,0,45,0,0,0,,,,0,0,,,4791,4467,9258,51.75,48.25,Lula,18,27,40.0,60.0,,,,,N
MT,89974,SALTO DO CÉU,N,9,0,768,1476,2244,34.22,65.78,Bolsonaro,1,8,11.11,88.89,0,0,0,,,,0,0,,,,,,,N
MT,90107,SANTA CARMEM,N,12,0,658,2251,2909,22.62,77.38,Bolsonaro,0,12,0.0,100.0,0,0,0,,,,0,0,,,,,,,N
MT,90980,SANTA CRUZ DO XINGU,N,6,0,404,891,1295,31.2,68.8,Bolsonaro,0,6,0.0,100.0,0,0,0,,,,0,0,,,,,,,N
MT,91049,SANTA RITA DO TRIVELATO,N,7,0,511,1104,1615,31.64,68.36,Bolsonaro,0,7,0.0,100.0,0,0,0,,,,0,0,,,,,,,N
MT,91979,SANTA TEREZINHA,N,22,0,1842,1480,3322,55.45,44.55,Lula,16,6,72.73,27.27,0,0,0,,,,0,0,,,,,,,N
MT,90328,SANTO AFONSO,N,7,0,689,990,1679,41.04,58.96,Bolsonaro,0,7,0.0,100.0,0,0,0,,,,0,0,,,,,,,N
MT,89843,SANTO ANTÔNIO DO LESTE,N,0,10,0,0,0,,,,0,0,,,654,1128,1782,36.7,63.3,Bolsonaro,0,10,0.0,100.0,,,,,N
MT,91553,SANTO ANTÔNIO DO LEVERGER,N,53,0,6651,5830,12481,53.29,46.71,Lula,37,16,69.81,30.19,0,0,0,,,,0,0,,,,,,,N
MT,90727,SAPEZAL,N,48,0,4062,9354,13416,30.28,69.72,Bolsonaro,0,48,0.0,100.0,0,0,0,,,,0,0,,,,,,,N
MT,90921,SERRA NOVA DOURADA,N,5,0,360,747,1107,32.52,67.48,Bolsonaro,0,5,0.0,100.0,0,0,0,,,,0,0,,,,,,,N
MT,89850,SINOP,N,297,0,19540,65216,84756,23.05,76.95,Bolsonaro,0,297,0.0,100.0,0,0,0,,,,0,0,,,,,,,N
MT,98930,SORRISO,N,182,0,13584,39360,52944,25.66,74.34,Bolsonaro,7,174,3.85,95.6,0,0,0,,,,0,0,,,,,,,N
MT,91839,SÃO FÉLIX DO ARAGUAIA,N,29,0,1981,3097,5078,39.01,60.99,Bolsonaro,1,28,3.45,96.55,0,0,0,,,,0,0,,,,,,,N
MT,90026,SÃO JOSÉ DO POVO,N,0,10,0,0,0,,,,0,0,,,916,1132,2048,44.73,55.27,Bolsonaro,0,10,0.0,100.0,,,,,N
MT,91995,SÃO JOSÉ DO RIO CLARO,N,39,0,1974,6530,8504,23.21,76.79,Bolsonaro,0,39,0.0,100.0,0,0,0,,,,0,0,,,,,,,N
MT,90247,SÃO JOSÉ DO XINGU,N,14,0,1210,1653,2863,42.26,57.74,Bolsonaro,2,12,14.29,85.71,0,0,0,,,,0,0,,,,,,,N
MT,89931,SÃO JOSÉ DOS QUATRO MARCOS,N,57,0,3199,7048,10247,31.22,68.78,Bolsonaro,0,57,0.0,100.0,0,0,0,,,,0,0,,,,,,,N
MT,90409,SÃO PEDRO DA CIPA,N,0,10,0,0,0,,,,0,0,,,1248,1426,2674,46.67,53.33,Bolsonaro,2,8,20.0,80.0,,,,,N
MT,90220,TABAPORÃ,N,20,0,1167,3881,5048,23.12,76.88,Bolsonaro,0,20,0.0,100.0,0,0,0,,,,0,0,,,,,,,N
MT,91855,TANGARÁ DA SERRA,N,214,0,14147,38964,53111,26.64,73.36,Bolsonaro,0,214,0.0,100.0,0,0,0,,,,0,0,,,,,,,N
MT,90689,TAPURAH,N,26,0,1539,5188,6727,22.88,77.12,Bolsonaro,0,26,0.0,100.0,0,0,0,,,,0,0,,,,,,,N
MT,98957,TERRA NOVA DO NORTE,N,34,0,2158,4199,6357,33.95,66.05,Bolsonaro,0,33,0.0,97.06,0,0,0,,,,0,0,,,,,,,N
MT,91618,TESOURO,N,0,10,0,0,0,,,,0,0,,,1002,931,1933,51.84,48.16,Lula,6,3,60.0,30.0,,,,,N
MT,91634,TORIXORÉU,N,12,0,1231,1383,2614,47.09,52.91,Bolsonaro,4,8,33.33,66.67,0,0,0,,,,0,0,,,,,,,N
MT,90840,UNIÃO DO SUL,N,9,0,695,1567,2262,30.73,69.27,Bolsonaro,0,9,0.0,100.0,0,0,0,,,,0,0,,,,,,,N
MT,91022,VALE DE SÃO DOMINGOS,N,10,0,472,1438,1910,24.71,75.29,Bolsonaro,0,10,0.0,100.0,0,0,0,,,,0,0,,,,,,,N
MT,98973,VERA,N,22,0,1495,3847,5342,27.99,72.01,Bolsonaro,0,22,0.0,100.0,0,0,0,,,,0,0,,,,,,,N
MT,91090,VILA BELA DA SANTÍSSIMA TRINDADE,N,39,0,3140,4157,7297,43.03,56.97,Bolsonaro,7,32,17.95,82.05,0,0,0,,,,0,0,,,,,,,N
MT,98990,VILA RICA,N,47,0,2984,6914,9898,30.15,69.85,Bolsonaro,0,47,0.0,100.0,0,0,0,,,,0,0,,,,,,,N
MT,91677,VÁRZEA GRANDE,N,0,557,0,0,0,,,,0,0,,,59268,84427,143695,41.25,58.75,Bolsonaro,108,447,19.39,80.25,,,,,N
MT,91910,ÁGUA BOA,N,73,0,3117,11324,14441,21.58,78.42,Bolsonaro,0,73,0.0,100.0,0,0,0,,,,0,0,,,,,,,N
PA,4014,ABAETETUBA,N,346,0,72313,25118,97431,74.22,25.78,Lula,345,0,99.71,0.0,0,0,0,,,,0,0,,,,,,,N
PA,4502,ABEL FIGUEIREDO,N,18,0,2357,1768,4125,57.14,42.86,Lula,18,0,100.0,0.0,0,0,0,,,,0,0,,,,,,,N
PA,4030,ACARÁ,N,144,0,24668,11026,35694,69.11,30.89,Lula,140,4,97.22,2.78,0,0,0,,,,0,0,,,,,,,N
PA,4057,AFUÁ,N,90,0,12643,6268,18911,66.86,33.14,Lula,84,6,93.33,6.67,0,0,0,,,,0,0,,,,,,,N
PA,4073,ALENQUER,N,153,0,16020,15563,31583,50.72,49.28,Lula,72,81,47.06,52.94,0,0,0,,,,0,0,,,,,,,N
PA,4090,ALMEIRIM,N,85,0,11451,4855,16306,70.23,29.77,Lula,82,2,96.47,2.35,0,0,0,,,,0,0,,,,,,,N
PA,4111,ALTAMIRA,N,273,0,23852,39713,63565,37.52,62.48,Bolsonaro,18,252,6.59,92.31,0,0,0,,,,0,0,,,,,,,N
PA,4138,ANAJÁS,N,66,0,7201,6968,14169,50.82,49.18,Lula,37,28,56.06,42.42,0,0,0,,,,0,0,,,,,,,N
PA,4154,ANANINDEUA,N,0,911,0,0,0,,,,0,0,,,137406,138978,276384,49.72,50.28,Bolsonaro,414,480,45.44,52.69,,,,,N
PA,4723,ANAPU,N,63,0,6037,9673,15710,38.43,61.57,Bolsonaro,9,54,14.29,85.71,0,0,0,,,,0,0,,,,,,,N
PA,4170,AUGUSTO CORRÊA,N,0,122,0,0,0,,,,0,0,,,19278,7086,26364,73.12,26.88,Lula,120,2,98.36,1.64,,,,,N
PA,4340,AURORA DO PARÁ,N,64,0,9566,3845,13411,71.33,28.67,Lula,64,0,100.0,0.0,0,0,0,,,,0,0,,,,,,,N
PA,4197,AVEIRO,N,49,0,4475,2990,7465,59.95,40.05,Lula,35,14,71.43,28.57,0,0,0,,,,0,0,,,,,,,N
PA,4219,BAGRE,N,47,0,8171,2206,10377,78.74,21.26,Lula,47,0,100.0,0.0,0,0,0,,,,0,0,,,,,,,N
PA,4235,BAIÃO,N,85,0,14758,4983,19741,74.76,25.24,Lula,84,1,98.82,1.18,0,0,0,,,,0,0,,,,,,,N
PA,4588,BANNACH,N,11,0,790,1340,2130,37.09,62.91,Bolsonaro,1,10,9.09,90.91,0,0,0,,,,0,0,,,,,,,N
PA,4251,BARCARENA,N,0,287,0,0,0,,,,0,0,,,48262,26380,74642,64.66,35.34,Lula,257,29,89.55,10.1,,,,,N
PA,4804,BELTERRA,N,65,0,6068,5618,11686,51.93,48.07,Lula,30,33,46.15,50.77,0,0,0,,,,0,0,,,,,,,N
PA,4278,BELÉM,N,0,2646,0,0,0,,,,0,0,,,431858,427051,858909,50.28,49.72,Lula,1313,1296,49.62,48.98,,,,,N
PA,4294,BENEVIDES,N,0,127,0,0,0,,,,0,0,,,19869,16723,36592,54.3,45.7,Lula,104,23,81.89,18.11,,,,,N
PA,4049,BOM JESUS DO TOCANTINS,N,39,0,4579,3763,8342,54.89,45.11,Lula,26,11,66.67,28.21,0,0,0,,,,0,0,,,,,,,N
PA,4316,BONITO,N,0,42,0,0,0,,,,0,0,,,6727,2761,9488,70.9,29.1,Lula,41,0,97.62,0.0,,,,,N
PA,4332,BRAGANÇA,N,0,279,0,0,0,,,,0,0,,,41378,24883,66261,62.45,37.55,Lula,259,19,92.83,6.81,,,,,N
PA,4227,BRASIL NOVO,N,46,0,4109,8088,12197,33.69,66.31,Bolsonaro,0,45,0.0,97.83,0,0,0,,,,0,0,,,,,,,N
PA,5932,BREJO GRANDE DO ARAGUAIA,N,24,0,2811,2130,4941,56.89,43.11,Lula,19,5,79.17,20.83,0,0,0,,,,0,0,,,,,,,N
PA,4448,BREU BRANCO,N,105,0,12388,9276,21664,57.18,42.82,Lula,85,20,80.95,19.05,0,0,0,,,,0,0,,,,,,,N
PA,4359,BREVES,N,205,0,30930,18062,48992,63.13,36.87,Lula,195,10,95.12,4.88,0,0,0,,,,0,0,,,,,,,N
PA,4375,BUJARU,N,0,75,0,0,0,,,,0,0,,,12012,5085,17097,70.26,29.74,Lula,75,0,100.0,0.0,,,,,N
PA,4391,CACHOEIRA DO ARARI,N,60,0,10657,2750,13407,79.49,20.51,Lula,60,0,100.0,0.0,0,0,0,,,,0,0,,,,,,,N
PA,4766,CACHOEIRA DO PIRIÁ,N,50,0,7329,2634,9963,73.56,26.44,Lula,50,0,100.0,0.0,0,0,0,,,,0,0,,,,,,,N
PA,4413,CAMETÁ,N,304,0,60945,19273,80218,75.97,24.03,Lula,304,0,100.0,0.0,0,0,0,,,,0,0,,,,,,,N
PA,4707,CANAÃ DOS CARAJÁS,N,130,0,13415,22799,36214,37.04,62.96,Bolsonaro,0,130,0.0,100.0,0,0,0,,,,0,0,,,,,,,N
PA,4430,CAPANEMA,N,0,182,0,0,0,,,,0,0,,,24743,16458,41201,60.05,39.95,Lula,154,28,84.62,15.38,,,,,N
PA,4456,CAPITÃO POÇO,N,0,133,0,0,0,,,,0,0,,,20767,11640,32407,64.08,35.92,Lula,115,16,86.47,12.03,,,,,N
PA,4472,CASTANHAL,N,0,384,0,0,0,,,,0,0,,,53437,58469,111906,47.75,52.25,Bolsonaro,121,259,31.51,67.45,,,,,N
PA,4499,CHAVES,N,52,0,6117,2977,9094,67.26,32.74,Lula,45,7,86.54,13.46,0,0,0,,,,0,0,,,,,,,N
PA,4510,COLARES,N,0,37,0,0,0,,,,0,0,,,6219,2028,8247,75.41,24.59,Lula,37,0,100.0,0.0,,,,,N
PA,4537,CONCEIÇÃO DO ARAGUAIA,N,105,0,10640,13451,24091,44.17,55.83,Bolsonaro,22,83,20.95,79.05,0,0,0,,,,0,0,,,,,,,N
PA,5819,CONCÓRDIA DO PARÁ,N,0,76,0,0,0,,,,0,0,,,11559,6738,18297,63.17,36.83,Lula,71,5,93.42,6.58,,,,,N
PA,4529,CUMARU DO NORTE,N,29,0,1936,3217,5153,37.57,62.43,Bolsonaro,3,26,10.34,89.66,0,0,0,,,,0,0,,,,,,,N
PA,5851,CURIONÓPOLIS,N,55,0,5819,6524,12343,47.14,52.86,Bolsonaro,14,41,25.45,74.55,0,0,0,,,,0,0,,,,,,,N
PA,4553,CURRALINHO,N,72,0,13465,3766,17231,78.14,21.86,Lula,72,0,100.0,0.0,0,0,0,,,,0,0,,,,,,,N
PA,4740,CURUÁ,N,48,0,6397,1911,8308,77.0,23.0,Lula,47,0,97.92,0.0,0,0,0,,,,0,0,,,,,,,N
PA,4570,CURUÇÁ,N,0,99,0,0,0,,,,0,0,,,17798,6688,24486,72.69,27.31,Lula,97,2,97.98,2.02,,,,,N
PA,5975,DOM ELISEU,N,102,0,11698,10883,22581,51.8,48.2,Lula,67,33,65.69,32.35,0,0,0,,,,0,0,,,,,,,N
PA,4120,ELDORADO DOS CARAJÁS,N,64,0,7185,7326,14511,49.51,50.49,Bolsonaro,19,43,29.69,67.19,0,0,0,,,,0,0,,,,,,,N
PA,4596,FARO,N,23,0,3772,942,4714,80.02,19.98,Lula,23,0,100.0,0.0,0,0,0,,,,0,0,,,,,,,N
PA,4561,FLORESTA DO ARAGUAIA,N,46,0,4802,5535,10337,46.45,53.55,Bolsonaro,13,32,28.26,69.57,0,0,0,,,,0,0,,,,,,,N
PA,5878,GARRAFÃO DO NORTE,N,0,73,0,0,0,,,,0,0,,,11899,4355,16254,73.21,26.79,Lula,73,0,100.0,0.0,,,,,N
PA,4006,GOIANÉSIA DO PARÁ,N,83,0,8674,6556,15230,56.95,43.05,Lula,62,20,74.7,24.1,0,0,0,,,,0,0,,,,,,,N
PA,4618,GURUPÁ,N,73,0,11516,4565,16081,71.61,28.39,Lula,73,0,100.0,0.0,0,0,0,,,,0,0,,,,,,,N
PA,4634,IGARAPÉ-AÇU,N,0,96,0,0,0,,,,0,0,,,17589,6676,24265,72.49,27.51,Lula,96,0,100.0,0.0,,,,,N
PA,4650,IGARAPÉ-MIRI,N,151,0,25085,14004,39089,64.17,35.83,Lula,143,8,94.7,5.3,0,0,0,,,,0,0,,,,,,,N
PA,4677,INHANGAPI,N,0,32,0,0,0,,,,0,0,,,4584,2704,7288,62.9,37.1,Lula,32,0,100.0,0.0,,,,,N
PA,4189,IPIXUNA DO PARÁ,N,77,0,11127,5772,16899,65.84,34.16,Lula,76,1,98.7,1.3,0,0,0,,,,0,0,,,,,,,N
PA,4693,IRITUIA,N,0,99,0,0,0,,,,0,0,,,14866,5029,19895,74.72,25.28,Lula,96,3,96.97,3.03,,,,,N
PA,4715,ITAITUBA,N,264,0,21526,35796,57322,37.55,62.45,Bolsonaro,32,232,12.12,87.88,0,0,0,,,,0,0,,,,,,,N
PA,4731,ITUPIRANGA,N,113,0,13904,9058,22962,60.55,39.45,Lula,96,17,84.96,15.04,0,0,0,,,,0,0,,,,,,,N
PA,4200,JACAREACANGA,N,44,0,4503,3982,8485,53.07,46.93,Lula,15,29,34.09,65.91,0,0,0,,,,0,0,,,,,,,N
PA,4758,JACUNDÁ,N,113,0,13198,10431,23629,55.86,44.14,Lula,82,30,72.57,26.55,0,0,0,,,,0,0,,,,,,,N
PA,4774,JURUTI,N,120,0,16528,11557,28085,58.85,41.15,Lula,81,39,67.5,32.5,0,0,0,,,,0,0,,,,,,,N
PA,4790,LIMOEIRO DO AJURU,N,0,69,0,0,0,,,,0,0,,,12610,4613,17223,73.22,26.78,Lula,69,0,100.0,0.0,,,,,N
PA,4812,MAGALHÃES BARATA,N,0,29,0,0,0,,,,0,0,,,4193,1803,5996,69.93,30.07,Lula,29,0,100.0,0.0,,,,,N
PA,4839,MARABÁ,N,555,0,63908,74985,138893,46.01,53.99,Bolsonaro,199,352,35.86,63.42,0,0,0,,,,0,0,,,,,,,N
PA,4855,MARACANÃ,N,101,0,13178,5961,19139,68.85,31.15,Lula,95,6,94.06,5.94,0,0,0,,,,0,0,,,,,,,N
PA,4871,MARAPANIM,N,88,0,11646,5642,17288,67.36,32.64,Lula,85,2,96.59,2.27,0,0,0,,,,0,0,,,,,,,N
PA,4642,MARITUBA,N,0,234,0,0,0,,,,0,0,,,36067,30886,66953,53.87,46.13,Lula,185,48,79.06,20.51,,,,,N
PA,5770,MEDICILÂNDIA,N,66,0,4908,10099,15007,32.7,67.3,Bolsonaro,3,63,4.55,95.45,0,0,0,,,,0,0,,,,,,,N
PA,4898,MELGAÇO,N,52,0,7562,3603,11165,67.73,32.27,Lula,49,3,94.23,5.77,0,0,0,,,,0,0,,,,,,,N
PA,4910,MOCAJUBA,N,82,0,15451,5320,20771,74.39,25.61,Lula,82,0,100.0,0.0,0,0,0,,,,0,0,,,,,,,N
PA,4936,MOJU,N,175,0,30445,11761,42206,72.13,27.87,Lula,175,0,100.0,0.0,0,0,0,,,,0,0,,,,,,,N
PA,4863,MOJUÍ DOS CAMPOS,N,82,0,6351,9152,15503,40.97,59.03,Bolsonaro,21,61,25.61,74.39,0,0,0,,,,0,0,,,,,,,N
PA,4952,MONTE ALEGRE,N,194,0,18240,19420,37660,48.43,51.57,Bolsonaro,85,103,43.81,53.09,0,0,0,,,,0,0,,,,,,,N
PA,4979,MUANÁ,N,80,0,15680,4999,20679,75.83,24.17,Lula,80,0,100.0,0.0,0,0,0,,,,0,0,,,,,,,N
PA,4103,MÃE DO RIO,N,84,0,10215,8584,18799,54.34,45.66,Lula,41,42,48.81,50.0,0,0,0,,,,0,0,,,,,,,N
PA,4480,NOVA ESPERANÇA DO PIRIÁ,N,0,45,0,0,0,,,,0,0,,,6660,4902,11562,57.6,42.4,Lula,37,7,82.22,15.56,,,,,N
PA,4600,NOVA IPIXUNA,N,36,0,4173,3644,7817,53.38,46.62,Lula,22,14,61.11,38.89,0,0,0,,,,0,0,,,,,,,N
PA,4995,NOVA TIMBOTEUA,N,0,37,0,0,0,,,,0,0,,,6429,2388,8817,72.92,27.08,Lula,37,0,100.0,0.0,,,,,N
PA,4383,NOVO PROGRESSO,N,75,0,2838,13776,16614,17.08,82.92,Bolsonaro,0,75,0.0,100.0,0,0,0,,,,0,0,,,,,,,N
PA,4421,NOVO REPARTIMENTO,N,135,0,14079,18037,32116,43.84,56.16,Bolsonaro,37,97,27.41,71.85,0,0,0,,,,0,0,,,,,,,N
PA,5037,OEIRAS DO PARÁ,N,0,78,0,0,0,,,,0,0,,,14518,3587,18105,80.19,19.81,Lula,78,0,100.0,0.0,,,,,N
PA,5053,ORIXIMINÁ,N,177,0,19101,14432,33533,56.96,43.04,Lula,121,54,68.36,30.51,0,0,0,,,,0,0,,,,,,,N
PA,5959,OURILÂNDIA DO NORTE,N,73,0,6435,10144,16579,38.81,61.19,Bolsonaro,4,69,5.48,94.52,0,0,0,,,,0,0,,,,,,,N
PA,5070,OURÉM,N,0,51,0,0,0,,,,0,0,,,9050,3112,12162,74.41,25.59,Lula,51,0,100.0,0.0,,,,,N
PA,5916,PACAJÁ,N,88,0,8039,12112,20151,39.89,60.11,Bolsonaro,10,78,11.36,88.64,0,0,0,,,,0,0,,,,,,,N
PA,4162,PALESTINA DO PARÁ,N,20,0,2580,1774,4354,59.26,40.74,Lula,18,2,90.0,10.0,0,0,0,,,,0,0,,,,,,,N
PA,5096,PARAGOMINAS,N,210,0,22155,32193,54348,40.77,59.23,Bolsonaro,43,167,20.48,79.52,0,0,0,,,,0,0,,,,,,,N
PA,5835,PARAUAPEBAS,N,495,0,56389,83810,140199,40.22,59.78,Bolsonaro,44,450,8.89,90.91,0,0,0,,,,0,0,,,,,,,N
PA,4308,PAU D'ARCO,N,24,0,2369,2849,5218,45.4,54.6,Bolsonaro,4,20,16.67,83.33,0,0,0,,,,0,0,,,,,,,N
PA,5118,PEIXE-BOI,N,0,33,0,0,0,,,,0,0,,,4680,1940,6620,70.69,29.31,Lula,32,1,96.97,3.03,,,,,N
PA,4782,PIÇARRA,N,34,0,3208,3609,6817,47.06,52.94,Bolsonaro,11,22,32.35,64.71,0,0,0,,,,0,0,,,,,,,N
PA,4626,PLACAS,N,44,0,3632,6541,10173,35.7,64.3,Bolsonaro,3,41,6.82,93.18,0,0,0,,,,0,0,,,,,,,N
PA,5134,PONTA DE PEDRAS,N,62,0,12129,4140,16269,74.55,25.45,Lula,62,0,100.0,0.0,0,0,0,,,,0,0,,,,,,,N
PA,5150,PORTEL,N,120,0,16351,8354,24705,66.18,33.82,Lula,108,12,90.0,10.0,0,0,0,,,,0,0,,,,,,,N
PA,5177,PORTO DE MOZ,N,70,0,9949,5928,15877,62.66,37.34,Lula,62,7,88.57,10.0,0,0,0,,,,0,0,,,,,,,N
PA,5193,PRAINHA,N,97,0,11140,8220,19360,57.54,42.46,Lula,69,28,71.13,28.87,0,0,0,,,,0,0,,,,,,,N
PA,5215,PRIMAVERA,N,0,31,0,0,0,,,,0,0,,,5905,1935,7840,75.32,24.68,Lula,31,0,100.0,0.0,,,,,N
PA,4685,QUATIPURU,N,0,34,0,0,0,,,,0,0,,,5260,1702,6962,75.55,24.45,Lula,34,0,100.0,0.0,,,,,N
PA,5673,REDENÇÃO,N,186,0,14569,32790,47359,30.76,69.24,Bolsonaro,3,183,1.61,98.39,0,0,0,,,,0,0,,,,,,,N
PA,5690,RIO MARIA,N,45,0,4303,6088,10391,41.41,58.59,Bolsonaro,11,34,24.44,75.56,0,0,0,,,,0,0,,,,,,,N
PA,5738,RONDON DO PARÁ,N,96,0,9430,10818,20248,46.57,53.43,Bolsonaro,44,52,45.83,54.17,0,0,0,,,,0,0,,,,,,,N
PA,5894,RURÓPOLIS,N,64,0,5480,8443,13923,39.36,60.64,Bolsonaro,6,57,9.38,89.06,0,0,0,,,,0,0,,,,,,,N
PA,5231,SALINÓPOLIS,N,0,100,0,0,0,,,,0,0,,,17053,9136,26189,65.12,34.88,Lula,100,0,100.0,0.0,,,,,N
PA,5258,SALVATERRA,N,65,0,10453,4183,14636,71.42,28.58,Lula,63,2,96.92,3.08,0,0,0,,,,0,0,,,,,,,N
PA,4243,SANTA BÁRBARA DO PARÁ,N,0,56,0,0,0,,,,0,0,,,7489,5668,13157,56.92,43.08,Lula,52,3,92.86,5.36,,,,,N
PA,5274,SANTA CRUZ DO ARARI,N,22,0,3063,1177,4240,72.24,27.76,Lula,20,2,90.91,9.09,0,0,0,,,,0,0,,,,,,,N
PA,5290,SANTA ISABEL DO PARÁ,N,0,143,0,0,0,,,,0,0,,,20526,17392,37918,54.13,45.87,Lula,99,43,69.23,30.07,,,,,N
PA,4146,SANTA LUZIA DO PARÁ,N,0,64,0,0,0,,,,0,0,,,9505,3385,12890,73.74,26.26,Lula,64,0,100.0,0.0,,,,,N
PA,5991,SANTA MARIA DAS BARREIRAS,N,48,0,3373,5548,8921,37.81,62.19,Bolsonaro,9,39,18.75,81.25,0,0,0,,,,0,0,,,,,,,N
PA,5312,SANTA MARIA DO PARÁ,N,0,62,0,0,0,,,,0,0,,,9470,7328,16798,56.38,43.62,Lula,54,7,87.1,11.29,,,,,N
PA,5339,SANTANA DO ARAGUAIA,N,76,0,5979,10661,16640,35.93,64.07,Bolsonaro,5,71,6.58,93.42,0,0,0,,,,0,0,,,,,,,N
PA,5355,SANTARÉM,N,792,0,82030,102608,184638,44.43,55.57,Bolsonaro,205,582,25.88,73.48,0,0,0,,,,0,0,,,,,,,N
PA,5371,SANTARÉM NOVO,N,0,24,0,0,0,,,,0,0,,,3631,1206,4837,75.07,24.93,Lula,24,0,100.0,0.0,,,,,N
PA,5398,SANTO ANTÔNIO DO TAUÁ,N,0,75,0,0,0,,,,0,0,,,12237,6968,19205,63.72,36.28,Lula,72,1,96.0,1.33,,,,,N
PA,4847,SAPUCAIA,N,14,0,1769,1691,3460,51.13,48.87,Lula,11,3,78.57,21.43,0,0,0,,,,0,0,,,,,,,N
PA,5550,SENADOR JOSÉ PORFÍRIO,N,41,0,4734,4306,9040,52.37,47.63,Lula,24,17,58.54,41.46,0,0,0,,,,0,0,,,,,,,N
PA,5576,SOURE,N,65,0,11923,3667,15590,76.48,23.52,Lula,65,0,100.0,0.0,0,0,0,,,,0,0,,,,,,,N
PA,5410,SÃO CAETANO DE ODIVELAS,N,0,53,0,0,0,,,,0,0,,,8383,2879,11262,74.44,25.56,Lula,52,1,98.11,1.89,,,,,N
PA,4464,SÃO DOMINGOS DO ARAGUAIA,N,55,0,6761,5044,11805,57.27,42.73,Lula,53,2,96.36,3.64,0,0,0,,,,0,0,,,,,,,N
PA,5436,SÃO DOMINGOS DO CAPIM,N,0,86,0,0,0,,,,0,0,,,13597,4463,18060,75.29,24.71,Lula,86,0,100.0,0.0,,,,,N
PA,5479,SÃO FRANCISCO DO PARÁ,N,0,49,0,0,0,,,,0,0,,,7669,4491,12160,63.07,36.93,Lula,48,1,97.96,2.04,,,,,N
PA,5452,SÃO FÉLIX DO XINGU,N,138,0,9812,19548,29360,33.42,66.58,Bolsonaro,7,131,5.07,94.93,0,0,0,,,,0,0,,,,,,,N
PA,5797,SÃO GERALDO DO ARAGUAIA,N,72,0,6252,8116,14368,43.51,56.49,Bolsonaro,17,55,23.61,76.39,0,0,0,,,,0,0,,,,,,,N
PA,4820,SÃO JOÃO DA PONTA,N,0,19,0,0,0,,,,0,0,,,3122,1349,4471,69.83,30.17,Lula,19,0,100.0,0.0,,,,,N
PA,4065,SÃO JOÃO DE PIRABAS,N,0,61,0,0,0,,,,0,0,,,8820,3700,12520,70.45,29.55,Lula,61,0,100.0,0.0,,,,,N
PA,5495,SÃO JOÃO DO ARAGUAIA,N,40,0,4962,3268,8230,60.29,39.71,Lula,35,5,87.5,12.5,0,0,0,,,,0,0,,,,,,,N
PA,5517,SÃO MIGUEL DO GUAMÁ,N,0,133,0,0,0,,,,0,0,,,21471,10074,31545,68.06,31.94,Lula,128,5,96.24,3.76,,,,,N
PA,5533,SÃO SEBASTIÃO DA BOA VISTA,N,68,0,12481,3965,16446,75.89,24.11,Lula,67,1,98.53,1.47,0,0,0,,,,0,0,,,,,,,N
PA,4022,TAILÂNDIA,N,0,161,0,0,0,,,,0,0,,,20804,18071,38875,53.52,46.48,Lula,100,61,62.11,37.89,,,,,N
PA,4545,TERRA ALTA,N,32,0,5342,2762,8104,65.92,34.08,Lula,32,0,100.0,0.0,0,0,0,,,,0,0,,,,,,,N
PA,4367,TERRA SANTA,N,52,0,6124,4362,10486,58.4,41.6,Lula,50,2,96.15,3.85,0,0,0,,,,0,0,,,,,,,N
PA,5592,TOMÉ-AÇU,N,0,158,0,0,0,,,,0,0,,,23010,14937,37947,60.64,39.36,Lula,143,14,90.51,8.86,,,,,N
PA,4669,TRACUATEUA,N,0,75,0,0,0,,,,0,0,,,14401,3924,18325,78.59,21.41,Lula,75,0,100.0,0.0,,,,,N
PA,4286,TRAIRÃO,N,37,0,2599,5541,8140,31.93,68.07,Bolsonaro,2,34,5.41,91.89,0,0,0,,,,0,0,,,,,,,N
PA,4081,TUCUMÃ,N,85,0,6801,13145,19946,34.1,65.9,Bolsonaro,1,83,1.18,97.65,0,0,0,,,,0,0,,,,,,,N
PA,5614,TUCURUÍ,N,225,0,29792,22909,52701,56.53,43.47,Lula,161,62,71.56,27.56,0,0,0,,,,0,0,,,,,,,N
PA,4324,ULIANÓPOLIS,N,61,0,7222,7150,14372,50.25,49.75,Lula,30,30,49.18,49.18,0,0,0,,,,0,0,,,,,,,N
PA,5754,URUARÁ,N,97,0,5926,16301,22227,26.66,73.34,Bolsonaro,0,97,0.0,100.0,0,0,0,,,,0,0,,,,,,,N
PA,5630,VIGIA,N,0,128,0,0,0,,,,0,0,,,20015,8675,28690,69.76,30.24,Lula,128,0,100.0,0.0,,,,,N
PA,5657,VISEU,N,151,0,25514,6140,31654,80.6,19.4,Lula,149,2,98.68,1.32,0,0,0,,,,0,0,,,,,,,N
PA,4405,VITÓRIA DO XINGU,N,45,0,5300,5734,11034,48.03,51.97,Bolsonaro,23,21,51.11,46.67,0,0,0,,,,0,0,,,,,,,N
PA,5711,XINGUARA,N,112,0,9690,16632,26322,36.81,63.19,Bolsonaro,12,99,10.71,88.39,0,0,0,,,,0,0,,,,,,,N
PA,4260,ÁGUA AZUL DO NORTE,N,30,0,3122,4424,7546,41.37,58.63,Bolsonaro,0,30,0.0,100.0,0,0,0,,,,0,0,,,,,,,N
PA,5010,ÓBIDOS,N,158,0,19876,8577,28453,69.86,30.14,Lula,151,6,95.57,3.8,0,0,0,,,,0,0,,,,,,,N
PB,19038,AGUIAR,N,15,0,2946,621,3567,82.59,17.41,Lula,15,0,100.0,0.0,0,0,0,,,,0,0,,,,,,,N
PB,19054,ALAGOA GRANDE,N,70,0,12179,3941,16120,75.55,24.45,Lula,70,0,100.0,0.0,0,0,0,,,,0,0,,,,,,,N
PB,19070,ALAGOA NOVA,N,47,0,9259,2721,11980,77.29,22.71,Lula,47,0,100.0,0.0,0,0,0,,,,0,0,,,,,,,N
PB,19097,ALAGOINHA,N,35,0,7210,1563,8773,82.18,17.82,Lula,35,0,100.0,0.0,0,0,0,,,,0,0,,,,,,,N
PB,19763,ALCANTIL,N,19,0,2395,1417,3812,62.83,37.17,Lula,19,0,100.0,0.0,0,0,0,,,,0,0,,,,,,,N
PB,19925,ALGODÃO DE JANDAÍRA,N,10,0,1987,293,2280,87.15,12.85,Lula,10,0,100.0,0.0,0,0,0,,,,0,0,,,,,,,N
PB,19119,ALHANDRA,N,0,53,0,0,0,,,,0,0,,,8886,5875,14761,60.2,39.8,Lula,52,1,98.11,1.89,,,,,N
PB,19585,AMPARO,N,9,0,1781,235,2016,88.34,11.66,Lula,9,0,100.0,0.0,0,0,0,,,,0,0,,,,,,,N
PB,19844,APARECIDA,N,22,0,4196,1249,5445,77.06,22.94,Lula,22,0,100.0,0.0,0,0,0,,,,0,0,,,,,,,N
PB,19178,ARARA,N,37,0,4913,1445,6358,77.27,22.73,Lula,37,0,100.0,0.0,0,0,0,,,,0,0,,,,,,,N
PB,19194,ARARUNA,N,40,0,7305,2480,9785,74.66,25.34,Lula,40,0,100.0,0.0,0,0,0,,,,0,0,,,,,,,N
PB,19151,ARAÇAGI,N,0,53,0,0,0,,,,0,0,,,8616,1803,10419,82.7,17.3,Lula,53,0,100.0,0.0,,,,,N
PB,19216,AREIA,N,65,0,10656,3034,13690,77.84,22.16,Lula,65,0,100.0,0.0,0,0,0,,,,0,0,,,,,,,N
PB,19909,AREIA DE BARAÚNAS,N,8,0,1374,247,1621,84.76,15.24,Lula,8,0,100.0,0.0,0,0,0,,,,0,0,,,,,,,N
PB,19232,AREIAL,N,16,0,3502,1183,4685,74.75,25.25,Lula,16,0,100.0,0.0,0,0,0,,,,0,0,,,,,,,N
PB,19259,AROEIRAS,N,50,0,9786,2350,12136,80.64,19.36,Lula,50,0,100.0,0.0,0,0,0,,,,0,0,,,,,,,N
PB,19321,ASSUNÇÃO,N,12,0,2365,680,3045,77.67,22.33,Lula,12,0,100.0,0.0,0,0,0,,,,0,0,,,,,,,N
PB,19313,BANANEIRAS,N,63,0,10851,2664,13515,80.29,19.71,Lula,63,0,100.0,0.0,0,0,0,,,,0,0,,,,,,,N
PB,19305,BARAÚNA,N,14,0,2821,597,3418,82.53,17.47,Lula,14,0,100.0,0.0,0,0,0,,,,0,0,,,,,,,N
PB,19330,BARRA DE SANTA ROSA,N,38,0,6568,1683,8251,79.6,20.4,Lula,38,0,100.0,0.0,0,0,0,,,,0,0,,,,,,,N
PB,19780,BARRA DE SANTANA,N,25,0,4268,1458,5726,74.54,25.46,Lula,25,0,100.0,0.0,0,0,0,,,,0,0,,,,,,,N
PB,19356,BARRA DE SÃO MIGUEL,N,17,0,3418,1253,4671,73.17,26.83,Lula,17,0,100.0,0.0,0,0,0,,,,0,0,,,,,,,N
PB,19372,BAYEUX,N,0,228,0,0,0,,,,0,0,,,30905,27977,58882,52.49,47.51,Lula,158,67,69.3,29.39,,,,,N
PB,19291,BAÍA DA TRAIÇÃO,N,0,22,0,0,0,,,,0,0,,,4760,974,5734,83.01,16.99,Lula,22,0,100.0,0.0,,,,,N
PB,19399,BELÉM,N,43,0,7007,2810,9817,71.38,28.62,Lula,43,0,100.0,0.0,0,0,0,,,,0,0,,,,,,,N
PB,19410,BELÉM DO BREJO DO CRUZ,N,21,0,3472,1147,4619,75.17,24.83,Lula,21,0,100.0,0.0,0,0,0,,,,0,0,,,,,,,N
PB,19500,BERNARDINO BATISTA,N,10,0,1932,337,2269,85.15,14.85,Lula,10,0,100.0,0.0,0,0,0,,,,0,0,,,,,,,N
PB,19437,BOA VENTURA,N,17,0,3024,665,3689,81.97,18.03,Lula,17,0,100.0,0.0,0,0,0,,,,0,0,,,,,,,N
PB,19941,BOA VISTA,N,18,0,3354,1523,4877,68.77,31.23,Lula,18,0,100.0,0.0,0,0,0,,,,0,0,,,,,,,N
PB,19453,BOM JESUS,N,10,0,2140,268,2408,88.87,11.13,Lula,10,0,100.0,0.0,0,0,0,,,,0,0,,,,,,,N
PB,19470,BOM SUCESSO,N,15,0,3124,419,3543,88.17,11.83,Lula,15,0,100.0,0.0,0,0,0,,,,0,0,,,,,,,N
PB,19496,BONITO DE SANTA FÉ,N,25,0,4281,1328,5609,76.32,23.68,Lula,25,0,100.0,0.0,0,0,0,,,,0,0,,,,,,,N
PB,19518,BOQUEIRÃO,N,48,0,8136,3505,11641,69.89,30.11,Lula,48,0,100.0,0.0,0,0,0,,,,0,0,,,,,,,N
PB,19550,BORBOREMA,N,14,0,2643,673,3316,79.7,20.3,Lula,14,0,100.0,0.0,0,0,0,,,,0,0,,,,,,,N
PB,19577,BREJO DO CRUZ,N,34,0,5520,2270,7790,70.86,29.14,Lula,34,0,100.0,0.0,0,0,0,,,,0,0,,,,,,,N
PB,19593,BREJO DOS SANTOS,N,18,0,3359,1190,4549,73.84,26.16,Lula,18,0,100.0,0.0,0,0,0,,,,0,0,,,,,,,N
PB,19615,CAAPORÃ,N,0,50,0,0,0,,,,0,0,,,8746,4079,12825,68.19,31.81,Lula,50,0,100.0,0.0,,,,,N
PB,19631,CABACEIRAS,N,15,0,2704,1254,3958,68.32,31.68,Lula,15,0,100.0,0.0,0,0,0,,,,0,0,,,,,,,N
PB,19658,CABEDELO,N,0,146,0,0,0,,,,0,0,,,20106,18523,38629,52.05,47.95,Lula,102,41,69.86,28.08,,,,,N
PB,19674,CACHOEIRA DOS ÍNDIOS,N,24,0,5004,796,5800,86.28,13.72,Lula,24,0,100.0,0.0,0,0,0,,,,0,0,,,,,,,N
PB,19690,CACIMBA DE AREIA,N,18,0,2523,551,3074,82.08,17.92,Lula,18,0,100.0,0.0,0,0,0,,,,0,0,,,,,,,N
PB,19712,CACIMBA DE DENTRO,N,40,0,7568,2348,9916,76.32,23.68,Lula,40,0,100.0,0.0,0,0,0,,,,0,0,,,,,,,N
PB,19364,CACIMBAS,N,19,0,3667,578,4245,86.38,13.62,Lula,19,0,100.0,0.0,0,0,0,,,,0,0,,,,,,,N
PB,19739,CAIÇARA,N,22,0,3256,1282,4538,71.75,28.25,Lula,22,0,100.0,0.0,0,0,0,,,,0,0,,,,,,,N
PB,19755,CAJAZEIRAS,N,147,0,29068,6965,36033,80.67,19.33,Lula,147,0,100.0,0.0,0,0,0,,,,0,0,,,,,,,N
PB,19380,CAJAZEIRINHAS,N,12,0,2355,505,2860,82.34,17.66,Lula,12,0,100.0,0.0,0,0,0,,,,0,0,,,,,,,N
PB,19771,CALDAS BRANDÃO,N,0,22,0,0,0,,,,0,0,,,3130,965,4095,76.43,23.57,Lula,22,0,100.0,0.0,,,,,N
PB,19798,CAMALAÚ,N,18,0,4252,489,4741,89.69,10.31,Lula,18,0,100.0,0.0,0,0,0,,,,0,0,,,,,,,N
PB,19810,CAMPINA GRANDE,N,0,913,0,0,0,,,,0,0,,,124668,115859,240527,51.83,48.17,Lula,505,393,55.31,43.04,,,,,N
PB,19062,CAPIM,N,20,0,3595,1201,4796,74.96,25.04,Lula,20,0,100.0,0.0,0,0,0,,,,0,0,,,,,,,N
PB,19240,CARAÚBAS,N,13,0,2725,679,3404,80.05,19.95,Lula,13,0,100.0,0.0,0,0,0,,,,0,0,,,,,,,N
PB,19836,CARRAPATEIRA,N,8,0,1342,218,1560,86.03,13.97,Lula,8,0,100.0,0.0,0,0,0,,,,0,0,,,,,,,N
PB,19607,CASSERENGUE,N,21,0,3594,695,4289,83.8,16.2,Lula,21,0,100.0,0.0,0,0,0,,,,0,0,,,,,,,N
PB,19852,CATINGUEIRA,N,16,0,2813,891,3704,75.94,24.06,Lula,16,0,100.0,0.0,0,0,0,,,,0,0,,,,,,,N
PB,19879,CATOLÉ DO ROCHA,N,70,0,12853,4099,16952,75.82,24.18,Lula,70,0,100.0,0.0,0,0,0,,,,0,0,,,,,,,N
PB,19801,CATURITÉ,N,18,0,3105,895,4000,77.62,22.38,Lula,18,0,100.0,0.0,0,0,0,,,,0,0,,,,,,,N
PB,19895,CONCEIÇÃO,N,46,0,8486,2183,10669,79.54,20.46,Lula,46,0,100.0,0.0,0,0,0,,,,0,0,,,,,,,N
PB,19917,CONDADO,N,16,0,3413,737,4150,82.24,17.76,Lula,16,0,100.0,0.0,0,0,0,,,,0,0,,,,,,,N
PB,19933,CONDE,N,0,61,0,0,0,,,,0,0,,,10975,6782,17757,61.81,38.19,Lula,57,4,93.44,6.56,,,,,N
PB,19950,CONGO,N,16,0,3385,722,4107,82.42,17.58,Lula,16,0,100.0,0.0,0,0,0,,,,0,0,,,,,,,N
PB,19976,COREMAS,N,38,0,6917,1937,8854,78.12,21.88,Lula,38,0,100.0,0.0,0,0,0,,,,0,0,,,,,,,N
PB,19704,COXIXOLA,N,6,0,1249,286,1535,81.37,18.63,Lula,6,0,100.0,0.0,0,0,0,,,,0,0,,,,,,,N
PB,19992,CRUZ DO ESPÍRITO SANTO,N,0,48,0,0,0,,,,0,0,,,9028,3389,12417,72.71,27.29,Lula,48,0,100.0,0.0,,,,,N
PB,20010,CUBATI,N,21,0,3809,1198,5007,76.07,23.93,Lula,21,0,100.0,0.0,0,0,0,,,,0,0,,,,,,,N
PB,20052,CUITEGI,N,19,0,3309,972,4281,77.3,22.7,Lula,19,0,100.0,0.0,0,0,0,,,,0,0,,,,,,,N
PB,20036,CUITÉ,N,57,0,10528,2258,12786,82.34,17.66,Lula,56,1,98.25,1.75,0,0,0,,,,0,0,,,,,,,N
PB,19089,CUITÉ DE MAMANGUAPE,N,23,0,4192,907,5099,82.21,17.79,Lula,23,0,100.0,0.0,0,0,0,,,,0,0,,,,,,,N
PB,19100,CURRAL DE CIMA,N,0,20,0,0,0,,,,0,0,,,3402,738,4140,82.17,17.83,Lula,20,0,100.0,0.0,,,,,N
PB,20079,CURRAL VELHO,N,8,0,1338,354,1692,79.08,20.92,Lula,8,0,100.0,0.0,0,0,0,,,,0,0,,,,,,,N
PB,19275,DAMIÃO,N,14,0,2853,491,3344,85.32,14.68,Lula,14,0,100.0,0.0,0,0,0,,,,0,0,,,,,,,N
PB,20095,DESTERRO,N,30,0,4419,1033,5452,81.05,18.95,Lula,30,0,100.0,0.0,0,0,0,,,,0,0,,,,,,,N
PB,20133,DIAMANTE,N,18,0,3123,684,3807,82.03,17.97,Lula,18,0,100.0,0.0,0,0,0,,,,0,0,,,,,,,N
PB,20150,DONA INÊS,N,31,0,5719,949,6668,85.77,14.23,Lula,31,0,100.0,0.0,0,0,0,,,,0,0,,,,,,,N
PB,20176,DUAS ESTRADAS,N,0,17,0,0,0,,,,0,0,,,2064,622,2686,76.84,23.16,Lula,17,0,100.0,0.0,,,,,N
PB,20192,EMAS,N,10,0,1892,536,2428,77.92,22.08,Lula,10,0,100.0,0.0,0,0,0,,,,0,0,,,,,,,N
PB,20214,ESPERANÇA,N,78,0,13192,6033,19225,68.62,31.38,Lula,78,0,100.0,0.0,0,0,0,,,,0,0,,,,,,,N
PB,20230,FAGUNDES,N,36,0,5917,1436,7353,80.47,19.53,Lula,36,0,100.0,0.0,0,0,0,,,,0,0,,,,,,,N
PB,20257,FREI MARTINHO,N,9,0,1636,562,2198,74.43,25.57,Lula,9,0,100.0,0.0,0,0,0,,,,0,0,,,,,,,N
PB,19623,GADO BRAVO,N,23,0,4710,997,5707,82.53,17.47,Lula,23,0,100.0,0.0,0,0,0,,,,0,0,,,,,,,N
PB,20273,GUARABIRA,N,0,148,0,0,0,,,,0,0,,,20848,12583,33431,62.36,37.64,Lula,144,4,97.3,2.7,,,,,N
PB,20290,GURINHÉM,N,0,39,0,0,0,,,,0,0,,,6489,2035,8524,76.13,23.87,Lula,39,0,100.0,0.0,,,,,N
PB,20311,GURJÃO,N,11,0,2058,382,2440,84.34,15.66,Lula,11,0,100.0,0.0,0,0,0,,,,0,0,,,,,,,N
PB,20338,IBIARA,N,18,0,3291,563,3854,85.39,14.61,Lula,18,0,100.0,0.0,0,0,0,,,,0,0,,,,,,,N
PB,19534,IGARACY,N,18,0,3147,735,3882,81.07,18.93,Lula,18,0,100.0,0.0,0,0,0,,,,0,0,,,,,,,N
PB,20354,IMACULADA,N,30,0,5445,818,6263,86.94,13.06,Lula,30,0,100.0,0.0,0,0,0,,,,0,0,,,,,,,N
PB,20370,INGÁ,N,48,0,7941,3330,11271,70.46,29.54,Lula,48,0,100.0,0.0,0,0,0,,,,0,0,,,,,,,N
PB,20397,ITABAIANA,N,0,62,0,0,0,,,,0,0,,,9375,5456,14831,63.21,36.79,Lula,61,1,98.39,1.61,,,,,N
PB,20419,ITAPORANGA,N,51,0,9703,2846,12549,77.32,22.68,Lula,51,0,100.0,0.0,0,0,0,,,,0,0,,,,,,,N
PB,20435,ITAPOROROCA,N,0,41,0,0,0,,,,0,0,,,7653,2470,10123,75.6,24.4,Lula,41,0,100.0,0.0,,,,,N
PB,20451,ITATUBA,N,28,0,4883,1635,6518,74.92,25.08,Lula,28,0,100.0,0.0,0,0,0,,,,0,0,,,,,,,N
PB,20478,JACARAÚ,N,0,42,0,0,0,,,,0,0,,,7078,2822,9900,71.49,28.51,Lula,42,0,100.0,0.0,,,,,N
PB,20494,JERICÓ,N,21,0,4387,813,5200,84.37,15.63,Lula,21,0,100.0,0.0,0,0,0,,,,0,0,,,,,,,N
PB,19666,JOCA CLAUDINO,N,9,0,1605,255,1860,86.29,13.71,Lula,9,0,100.0,0.0,0,0,0,,,,0,0,,,,,,,N
PB,20516,JOÃO PESSOA,N,0,1458,0,0,0,,,,0,0,,,229251,228326,457577,50.1,49.9,Lula,700,742,48.01,50.89,,,,,N
PB,20532,JUAREZ TÁVORA,N,21,0,4467,1297,5764,77.5,22.5,Lula,21,0,100.0,0.0,0,0,0,,,,0,0,,,,,,,N
PB,20559,JUAZEIRINHO,N,44,0,7688,2362,10050,76.5,23.5,Lula,44,0,100.0,0.0,0,0,0,,,,0,0,,,,,,,N
PB,20575,JUNCO DO SERIDÓ,N,20,0,3360,991,4351,77.22,22.78,Lula,20,0,100.0,0.0,0,0,0,,,,0,0,,,,,,,N
PB,20591,JURIPIRANGA,N,0,30,0,0,0,,,,0,0,,,5598,2029,7627,73.4,26.6,Lula,30,0,100.0,0.0,,,,,N
PB,20613,JURU,N,29,0,4918,732,5650,87.04,12.96,Lula,29,0,100.0,0.0,0,0,0,,,,0,0,,,,,,,N
PB,20630,LAGOA,N,15,0,2905,496,3401,85.42,14.58,Lula,15,0,100.0,0.0,0,0,0,,,,0,0,,,,,,,N
PB,20656,LAGOA DE DENTRO,N,0,19,0,0,0,,,,0,0,,,4079,1147,5226,78.05,21.95,Lula,19,0,100.0,0.0,,,,,N
PB,20672,LAGOA SECA,N,60,0,10254,5965,16219,63.22,36.78,Lula,60,0,100.0,0.0,0,0,0,,,,0,0,,,,,,,N
PB,20699,LASTRO,N,14,0,2754,518,3272,84.17,15.83,Lula,14,0,100.0,0.0,0,0,0,,,,0,0,,,,,,,N
PB,20710,LIVRAMENTO,N,19,0,3297,957,4254,77.5,22.5,Lula,19,0,100.0,0.0,0,0,0,,,,0,0,,,,,,,N
PB,19160,LOGRADOURO,N,14,0,2111,987,3098,68.14,31.86,Lula,14,0,100.0,0.0,0,0,0,,,,0,0,,,,,,,N
PB,20737,LUCENA,N,0,37,0,0,0,,,,0,0,,,6063,3106,9169,66.12,33.88,Lula,37,0,100.0,0.0,,,,,N
PB,20770,MALTA,N,15,0,3316,531,3847,86.2,13.8,Lula,15,0,100.0,0.0,0,0,0,,,,0,0,,,,,,,N
PB,20796,MAMANGUAPE,N,110,0,16992,8016,25008,67.95,32.05,Lula,110,0,100.0,0.0,0,0,0,,,,0,0,,,,,,,N
PB,20818,MANAÍRA,N,27,0,5611,780,6391,87.8,12.2,Lula,27,0,100.0,0.0,0,0,0,,,,0,0,,,,,,,N
PB,19968,MARCAÇÃO,N,0,21,0,0,0,,,,0,0,,,4669,849,5518,84.61,15.39,Lula,21,0,100.0,0.0,,,,,N
PB,20834,MARI,N,0,57,0,0,0,,,,0,0,,,9799,3769,13568,72.22,27.78,Lula,57,0,100.0,0.0,,,,,N
PB,19461,MARIZÓPOLIS,N,19,0,3530,1288,4818,73.27,26.73,Lula,19,0,100.0,0.0,0,0,0,,,,0,0,,,,,,,N
PB,20850,MASSARANDUBA,N,0,35,0,0,0,,,,0,0,,,6480,2454,8934,72.53,27.47,Lula,35,0,100.0,0.0,,,,,N
PB,20877,MATARACA,N,25,0,4273,1715,5988,71.36,28.64,Lula,25,0,100.0,0.0,0,0,0,,,,0,0,,,,,,,N
PB,19143,MATINHAS,N,14,0,2674,675,3349,79.84,20.16,Lula,14,0,100.0,0.0,0,0,0,,,,0,0,,,,,,,N
PB,19488,MATO GROSSO,N,10,0,1946,204,2150,90.51,9.49,Lula,10,0,100.0,0.0,0,0,0,,,,0,0,,,,,,,N
PB,19984,MATURÉIA,N,23,0,3420,596,4016,85.16,14.84,Lula,23,0,100.0,0.0,0,0,0,,,,0,0,,,,,,,N
PB,20893,MOGEIRO,N,0,33,0,0,0,,,,0,0,,,5701,2452,8153,69.93,30.07,Lula,33,0,100.0,0.0,,,,,N
PB,20915,MONTADAS,N,14,0,2808,1065,3873,72.5,27.5,Lula,14,0,100.0,0.0,0,0,0,,,,0,0,,,,,,,N
PB,20931,MONTE HOREBE,N,12,0,2476,390,2866,86.39,13.61,Lula,12,0,100.0,0.0,0,0,0,,,,0,0,,,,,,,N
PB,20958,MONTEIRO,N,92,0,15749,4177,19926,79.04,20.96,Lula,92,0,100.0,0.0,0,0,0,,,,0,0,,,,,,,N
PB,20974,MULUNGU,N,0,32,0,0,0,,,,0,0,,,5309,1608,6917,76.75,23.25,Lula,32,0,100.0,0.0,,,,,N
PB,20753,MÃE D'ÁGUA,N,16,0,2430,504,2934,82.82,17.18,Lula,16,0,100.0,0.0,0,0,0,,,,0,0,,,,,,,N
PB,20990,NATUBA,N,23,0,3651,1196,4847,75.32,24.68,Lula,23,0,100.0,0.0,0,0,0,,,,0,0,,,,,,,N
PB,21016,NAZAREZINHO,N,22,0,4661,734,5395,86.39,13.61,Lula,22,0,100.0,0.0,0,0,0,,,,0,0,,,,,,,N
PB,21032,NOVA FLORESTA,N,25,0,4722,1249,5971,79.08,20.92,Lula,25,0,100.0,0.0,0,0,0,,,,0,0,,,,,,,N
PB,21059,NOVA OLINDA,N,18,0,3064,557,3621,84.62,15.38,Lula,18,0,100.0,0.0,0,0,0,,,,0,0,,,,,,,N
PB,21075,NOVA PALMEIRA,N,10,0,2410,385,2795,86.23,13.77,Lula,10,0,100.0,0.0,0,0,0,,,,0,0,,,,,,,N
PB,21091,OLHO D'ÁGUA,N,22,0,3989,1021,5010,79.62,20.38,Lula,22,0,100.0,0.0,0,0,0,,,,0,0,,,,,,,N
PB,21113,OLIVEDOS,N,13,0,2275,783,3058,74.4,25.6,Lula,13,0,100.0,0.0,0,0,0,,,,0,0,,,,,,,N
PB,21130,OURO VELHO,N,12,0,1944,444,2388,81.41,18.59,Lula,12,0,100.0,0.0,0,0,0,,,,0,0,,,,,,,N
PB,19720,PARARI,N,8,0,1369,328,1697,80.67,19.33,Lula,8,0,100.0,0.0,0,0,0,,,,0,0,,,,,,,N
PB,21156,PASSAGEM,N,10,0,1524,436,1960,77.76,22.24,Lula,10,0,100.0,0.0,0,0,0,,,,0,0,,,,,,,N
PB,21172,PATOS,N,225,0,34464,17506,51970,66.32,33.68,Lula,224,1,99.56,0.44,0,0,0,,,,0,0,,,,,,,N
PB,21199,PAULISTA,N,31,0,5642,1979,7621,74.03,25.97,Lula,31,0,100.0,0.0,0,0,0,,,,0,0,,,,,,,N
PB,21210,PEDRA BRANCA,N,12,0,2090,649,2739,76.31,23.69,Lula,12,0,100.0,0.0,0,0,0,,,,0,0,,,,,,,N
PB,21237,PEDRA LAVRADA,N,19,0,3787,932,4719,80.25,19.75,Lula,19,0,100.0,0.0,0,0,0,,,,0,0,,,,,,,N
PB,21253,PEDRAS DE FOGO,N,0,71,0,0,0,,,,0,0,,,12482,5820,18302,68.2,31.8,Lula,71,0,100.0,0.0,,,,,N
PB,19747,PEDRO RÉGIS,N,0,15,0,0,0,,,,0,0,,,2784,968,3752,74.2,25.8,Lula,15,0,100.0,0.0,,,,,N
PB,21270,PIANCÓ,N,40,0,7001,2379,9380,74.64,25.36,Lula,40,0,100.0,0.0,0,0,0,,,,0,0,,,,,,,N
PB,21296,PICUÍ,N,48,0,8593,3060,11653,73.74,26.26,Lula,48,0,100.0,0.0,0,0,0,,,,0,0,,,,,,,N
PB,21318,PILAR,N,0,31,0,0,0,,,,0,0,,,5645,2197,7842,71.98,28.02,Lula,31,0,100.0,0.0,,,,,N
PB,21334,PILÕES,N,23,0,3926,1076,5002,78.49,21.51,Lula,23,0,100.0,0.0,0,0,0,,,,0,0,,,,,,,N
PB,21350,PILÕEZINHOS,N,0,17,0,0,0,,,,0,0,,,3288,733,4021,81.77,18.23,Lula,17,0,100.0,0.0,,,,,N
PB,21377,PIRPIRITUBA,N,0,34,0,0,0,,,,0,0,,,4359,1428,5787,75.32,24.68,Lula,34,0,100.0,0.0,,,,,N
PB,21393,PITIMBU,N,0,36,0,0,0,,,,0,0,,,6366,2913,9279,68.61,31.39,Lula,36,0,100.0,0.0,,,,,N
PB,21415,POCINHOS,N,41,0,7233,3632,10865,66.57,33.43,Lula,41,0,100.0,0.0,0,0,0,,,,0,0,,,,,,,N
PB,21431,POMBAL,N,78,0,12585,6338,18923,66.51,33.49,Lula,77,1,98.72,1.28,0,0,0,,,,0,0,,,,,,,N
PB,19640,POÇO DANTAS,N,13,0,2585,341,2926,88.35,11.65,Lula,13,0,100.0,0.0,0,0,0,,,,0,0,,,,,,,N
PB,19526,POÇO DE JOSÉ DE MOURA,N,14,0,2557,463,3020,84.67,15.33,Lula,14,0,100.0,0.0,0,0,0,,,,0,0,,,,,,,N
PB,21458,PRATA,N,13,0,2297,812,3109,73.88,26.12,Lula,13,0,100.0,0.0,0,0,0,,,,0,0,,,,,,,N
PB,21474,PRINCESA ISABEL,N,48,0,10186,1877,12063,84.44,15.56,Lula,48,0,100.0,0.0,0,0,0,,,,0,0,,,,,,,N
PB,21490,PUXINANÃ,N,35,0,6621,3060,9681,68.39,31.61,Lula,35,0,100.0,0.0,0,0,0,,,,0,0,,,,,,,N
PB,21512,QUEIMADAS,N,119,0,19836,7648,27484,72.17,27.83,Lula,117,2,98.32,1.68,0,0,0,,,,0,0,,,,,,,N
PB,21539,QUIXABA,N,7,0,1318,506,1824,72.26,27.74,Lula,7,0,100.0,0.0,0,0,0,,,,0,0,,,,,,,N
PB,21555,REMÍGIO,N,50,0,8476,2358,10834,78.24,21.76,Lula,50,0,100.0,0.0,0,0,0,,,,0,0,,,,,,,N
PB,19828,RIACHO DE SANTO ANTÔNIO,N,7,0,1355,583,1938,69.92,30.08,Lula,7,0,100.0,0.0,0,0,0,,,,0,0,,,,,,,N
PB,21571,RIACHO DOS CAVALOS,N,26,0,5124,1004,6128,83.62,16.38,Lula,26,0,100.0,0.0,0,0,0,,,,0,0,,,,,,,N
PB,19208,RIACHÃO,N,10,0,1947,489,2436,79.93,20.07,Lula,10,0,100.0,0.0,0,0,0,,,,0,0,,,,,,,N
PB,19127,RIACHÃO DO BACAMARTE,N,15,0,2607,806,3413,76.38,23.62,Lula,15,0,100.0,0.0,0,0,0,,,,0,0,,,,,,,N
PB,19003,RIACHÃO DO POÇO,N,0,15,0,0,0,,,,0,0,,,2514,970,3484,72.16,27.84,Lula,15,0,100.0,0.0,,,,,N
PB,21598,RIO TINTO,N,0,63,0,0,0,,,,0,0,,,10404,4349,14753,70.52,29.48,Lula,63,0,100.0,0.0,,,,,N
PB,21610,SALGADINHO,N,13,0,1826,454,2280,80.09,19.91,Lula,13,0,100.0,0.0,0,0,0,,,,0,0,,,,,,,N
PB,21636,SALGADO DE SÃO FÉLIX,N,0,31,0,0,0,,,,0,0,,,5348,1902,7250,73.77,26.23,Lula,31,0,100.0,0.0,,,,,N
PB,20001,SANTA CECÍLIA,N,24,0,4220,1302,5522,76.42,23.58,Lula,24,0,100.0,0.0,0,0,0,,,,0,0,,,,,,,N
PB,21652,SANTA CRUZ,N,20,0,3752,683,4435,84.6,15.4,Lula,20,0,100.0,0.0,0,0,0,,,,0,0,,,,,,,N
PB,21679,SANTA HELENA,N,18,0,3928,511,4439,88.49,11.51,Lula,18,0,100.0,0.0,0,0,0,,,,0,0,,,,,,,N
PB,19569,SANTA INÊS,N,12,0,2554,230,2784,91.74,8.26,Lula,12,0,100.0,0.0,0,0,0,,,,0,0,,,,,,,N
PB,21695,SANTA LUZIA,N,47,0,6677,2618,9295,71.83,28.17,Lula,47,0,100.0,0.0,0,0,0,,,,0,0,,,,,,,N
PB,21750,SANTA RITA,N,0,296,0,0,0,,,,0,0,,,44195,31965,76160,58.03,41.97,Lula,260,32,87.84,10.81,,,,,N
PB,21776,SANTA TERESINHA,N,22,0,3293,1072,4365,75.44,24.56,Lula,22,0,100.0,0.0,0,0,0,,,,0,0,,,,,,,N
PB,21717,SANTANA DE MANGUEIRA,N,14,0,2895,346,3241,89.32,10.68,Lula,14,0,100.0,0.0,0,0,0,,,,0,0,,,,,,,N
PB,21733,SANTANA DOS GARROTES,N,20,0,3331,950,4281,77.81,22.19,Lula,20,0,100.0,0.0,0,0,0,,,,0,0,,,,,,,N
PB,19267,SANTO ANDRÉ,N,9,0,1817,390,2207,82.33,17.67,Lula,9,0,100.0,0.0,0,0,0,,,,0,0,,,,,,,N
PB,22071,SAPÉ,N,0,127,0,0,0,,,,0,0,,,18973,8833,27806,68.23,31.77,Lula,127,0,100.0,0.0,,,,,N
PB,22110,SERRA BRANCA,N,34,0,5801,2155,7956,72.91,27.09,Lula,34,0,100.0,0.0,0,0,0,,,,0,0,,,,,,,N
PB,22136,SERRA DA RAIZ,N,0,9,0,0,0,,,,0,0,,,1646,584,2230,73.81,26.19,Lula,9,0,100.0,0.0,,,,,N
PB,22152,SERRA GRANDE,N,10,0,1935,321,2256,85.77,14.23,Lula,10,0,100.0,0.0,0,0,0,,,,0,0,,,,,,,N
PB,22179,SERRA REDONDA,N,0,19,0,0,0,,,,0,0,,,3689,1126,4815,76.61,23.39,Lula,19,0,100.0,0.0,,,,,N
PB,22195,SERRARIA,N,14,0,2342,742,3084,75.94,24.06,Lula,14,0,100.0,0.0,0,0,0,,,,0,0,,,,,,,N
PB,19186,SERTÃOZINHO,N,0,15,0,0,0,,,,0,0,,,2631,721,3352,78.49,21.51,Lula,15,0,100.0,0.0,,,,,N
PB,19020,SOBRADO,N,0,25,0,0,0,,,,0,0,,,4068,1577,5645,72.06,27.94,Lula,25,0,100.0,0.0,,,,,N
PB,22233,SOLEDADE,N,36,0,6232,2415,8647,72.07,27.93,Lula,36,0,100.0,0.0,0,0,0,,,,0,0,,,,,,,N
PB,22217,SOLÂNEA,N,72,0,11616,4326,15942,72.86,27.14,Lula,72,0,100.0,0.0,0,0,0,,,,0,0,,,,,,,N
PB,19283,SOSSÊGO,N,11,0,2227,379,2606,85.46,14.54,Lula,11,0,100.0,0.0,0,0,0,,,,0,0,,,,,,,N
PB,22250,SOUSA,N,149,0,26755,10562,37317,71.7,28.3,Lula,149,0,100.0,0.0,0,0,0,,,,0,0,,,,,,,N
PB,22276,SUMÉ,N,45,0,8400,2039,10439,80.47,19.53,Lula,45,0,100.0,0.0,0,0,0,,,,0,0,,,,,,,N
PB,19402,SÃO BENTINHO,N,11,0,2423,422,2845,85.17,14.83,Lula,11,0,100.0,0.0,0,0,0,,,,0,0,,,,,,,N
PB,21792,SÃO BENTO,N,81,0,11388,9122,20510,55.52,44.48,Lula,68,13,83.95,16.05,0,0,0,,,,0,0,,,,,,,N
PB,19429,SÃO DOMINGOS,N,10,0,1837,539,2376,77.31,22.69,Lula,10,0,100.0,0.0,0,0,0,,,,0,0,,,,,,,N
PB,19224,SÃO DOMINGOS DO CARIRI,N,9,0,1645,563,2208,74.5,25.5,Lula,9,0,100.0,0.0,0,0,0,,,,0,0,,,,,,,N
PB,19860,SÃO FRANCISCO,N,14,0,2570,705,3275,78.47,21.53,Lula,14,0,100.0,0.0,0,0,0,,,,0,0,,,,,,,N
PB,21857,SÃO JOSÉ DA LAGOA TAPADA,N,22,0,4180,900,5080,82.28,17.72,Lula,22,0,100.0,0.0,0,0,0,,,,0,0,,,,,,,N
PB,21873,SÃO JOSÉ DE CAIANA,N,16,0,3038,623,3661,82.98,17.02,Lula,16,0,100.0,0.0,0,0,0,,,,0,0,,,,,,,N
PB,21890,SÃO JOSÉ DE ESPINHARAS,N,13,0,2664,667,3331,79.98,20.02,Lula,13,0,100.0,0.0,0,0,0,,,,0,0,,,,,,,N
PB,21911,SÃO JOSÉ DE PIRANHAS,N,49,0,9614,1817,11431,84.1,15.9,Lula,49,0,100.0,0.0,0,0,0,,,,0,0,,,,,,,N
PB,19445,SÃO JOSÉ DE PRINCESA,N,11,0,2044,371,2415,84.64,15.36,Lula,11,0,100.0,0.0,0,0,0,,,,0,0,,,,,,,N
PB,21938,SÃO JOSÉ DO BONFIM,N,16,0,2382,786,3168,75.19,24.81,Lula,16,0,100.0,0.0,0,0,0,,,,0,0,,,,,,,N
PB,19542,SÃO JOSÉ DO BREJO DO CRUZ,N,7,0,1236,515,1751,70.59,29.41,Lula,7,0,100.0,0.0,0,0,0,,,,0,0,,,,,,,N
PB,21954,SÃO JOSÉ DO SABUGI,N,17,0,2533,865,3398,74.54,25.46,Lula,17,0,100.0,0.0,0,0,0,,,,0,0,,,,,,,N
PB,21970,SÃO JOSÉ DOS CORDEIROS,N,13,0,2165,444,2609,82.98,17.02,Lula,13,0,100.0,0.0,0,0,0,,,,0,0,,,,,,,N
PB,19046,SÃO JOSÉ DOS RAMOS,N,0,15,0,0,0,,,,0,0,,,3240,927,4167,77.75,22.25,Lula,15,0,100.0,0.0,,,,,N
PB,21814,SÃO JOÃO DO CARIRI,N,13,0,2685,592,3277,81.93,18.07,Lula,13,0,100.0,0.0,0,0,0,,,,0,0,,,,,,,N
PB,19135,SÃO JOÃO DO RIO DO PEIXE,N,48,0,9107,1835,10942,83.23,16.77,Lula,48,0,100.0,0.0,0,0,0,,,,0,0,,,,,,,N
PB,21830,SÃO JOÃO DO TIGRE,N,13,0,2513,514,3027,83.02,16.98,Lula,13,0,100.0,0.0,0,0,0,,,,0,0,,,,,,,N
PB,21997,SÃO MAMEDE,N,27,0,3859,1411,5270,73.23,26.77,Lula,27,0,100.0,0.0,0,0,0,,,,0,0,,,,,,,N
PB,22012,SÃO MIGUEL DE TAIPU,N,0,17,0,0,0,,,,0,0,,,2868,1923,4791,59.86,40.14,Lula,17,0,100.0,0.0,,,,,N
PB,22039,SÃO SEBASTIÃO DE LAGOA DE ROÇA,N,25,0,4683,1897,6580,71.17,28.83,Lula,25,0,100.0,0.0,0,0,0,,,,0,0,,,,,,,N
PB,22055,SÃO SEBASTIÃO DO UMBUZEIRO,N,12,0,2113,298,2411,87.64,12.36,Lula,12,0,100.0,0.0,0,0,0,,,,0,0,,,,,,,N
PB,22098,SÃO VICENTE DO SERIDÓ,N,28,0,5274,1343,6617,79.7,20.3,Lula,28,0,100.0,0.0,0,0,0,,,,0,0,,,,,,,N
PB,22292,TACIMA,N,22,0,4352,1314,5666,76.81,23.19,Lula,22,0,100.0,0.0,0,0,0,,,,0,0,,,,,,,N
PB,22314,TAPEROÁ,N,35,0,6303,1560,7863,80.16,19.84,Lula,35,0,100.0,0.0,0,0,0,,,,0,0,,,,,,,N
PB,22330,TAVARES,N,36,0,7216,929,8145,88.59,11.41,Lula,36,0,100.0,0.0,0,0,0,,,,0,0,,,,,,,N
PB,22357,TEIXEIRA,N,39,0,7304,1617,8921,81.87,18.13,Lula,39,0,100.0,0.0,0,0,0,,,,0,0,,,,,,,N
PB,19682,TENÓRIO,N,10,0,1828,394,2222,82.27,17.73,Lula,10,0,100.0,0.0,0,0,0,,,,0,0,,,,,,,N
PB,22373,TRIUNFO,N,25,0,4900,664,5564,88.07,11.93,Lula,25,0,100.0,0.0,0,0,0,,,,0,0,,,,,,,N
PB,22390,UIRAÚNA,N,40,0,7524,1821,9345,80.51,19.49,Lula,40,0,100.0,0.0,0,0,0,,,,0,0,,,,,,,N
PB,22411,UMBUZEIRO,N,23,0,4100,1098,5198,78.88,21.12,Lula,23,0,100.0,0.0,0,0,0,,,,0,0,,,,,,,N
PB,19887,VIEIRÓPOLIS,N,17,0,3091,663,3754,82.34,17.66,Lula,17,0,100.0,0.0,0,0,0,,,,0,0,,,,,,,N
PB,20117,VISTA SERRANA,N,10,0,1756,526,2282,76.95,23.05,Lula,10,0,100.0,0.0,0,0,0,,,,0,0,,,,,,,N
PB,22438,VÁRZEA,N,10,0,1765,340,2105,83.85,16.15,Lula,10,0,100.0,0.0,0,0,0,,,,0,0,,,,,,,N
PB,19348,ZABELÊ,N,9,0,1529,241,1770,86.38,13.62,Lula,9,0,100.0,0.0,0,0,0,,,,0,0,,,,,,,N
PB,19011,ÁGUA BRANCA,N,29,0,4992,759,5751,86.8,13.2,Lula,29,0,100.0,0.0,0,0,0,,,,0,0,,,,,,,N
PE,26310,ABREU E LIMA,N,0,231,0,0,0,,,,0,0,,,38412,27008,65420,58.72,41.28,Lula,217,12,93.94,5.19,,,,,N
PE,23019,AFOGADOS DA INGAZEIRA,N,99,0,16835,4776,21611,77.9,22.1,Lula,99,0,100.0,0.0,0,0,0,,,,0,0,,,,,,,N
PE,23035,AFRÂNIO,N,49,0,10057,2885,12942,77.71,22.29,Lula,49,0,100.0,0.0,0,0,0,,,,0,0,,,,,,,N
PE,23051,AGRESTINA,N,59,0,11902,3659,15561,76.49,23.51,Lula,59,0,100.0,0.0,0,0,0,,,,0,0,,,,,,,N
PE,23116,ALAGOINHA,N,42,0,8364,1138,9502,88.02,11.98,Lula,42,0,100.0,0.0,0,0,0,,,,0,0,,,,,,,N
PE,23132,ALIANÇA,N,96,0,14929,5979,20908,71.4,28.6,Lula,96,0,100.0,0.0,0,0,0,,,,0,0,,,,,,,N
PE,23159,ALTINHO,N,51,0,9970,2992,12962,76.92,23.08,Lula,51,0,100.0,0.0,0,0,0,,,,0,0,,,,,,,N
PE,23175,AMARAJI,N,50,0,8717,3949,12666,68.82,31.18,Lula,50,0,100.0,0.0,0,0,0,,,,0,0,,,,,,,N
PE,23191,ANGELIM,N,25,0,5227,1460,6687,78.17,21.83,Lula,25,0,100.0,0.0,0,0,0,,,,0,0,,,,,,,N
PE,23213,ARARIPINA,N,169,0,34412,9004,43416,79.26,20.74,Lula,169,0,100.0,0.0,0,0,0,,,,0,0,,,,,,,N
PE,23205,ARAÇOIABA,N,0,45,0,0,0,,,,0,0,,,9158,3863,13021,70.33,29.67,Lula,45,0,100.0,0.0,,,,,N
PE,23230,ARCOVERDE,N,166,0,28536,9790,38326,74.46,25.54,Lula,166,0,100.0,0.0,0,0,0,,,,0,0,,,,,,,N
PE,23256,BARRA DE GUABIRABA,N,30,0,4921,2800,7721,63.74,36.26,Lula,30,0,100.0,0.0,0,0,0,,,,0,0,,,,,,,N
PE,23272,BARREIROS,N,96,0,14258,7814,22072,64.6,35.4,Lula,96,0,100.0,0.0,0,0,0,,,,0,0,,,,,,,N
PE,23337,BELO JARDIM,N,178,0,32048,13602,45650,70.2,29.8,Lula,178,0,100.0,0.0,0,0,0,,,,0,0,,,,,,,N
PE,23299,BELÉM DE MARIA,N,32,0,5248,1792,7040,74.55,25.45,Lula,32,0,100.0,0.0,0,0,0,,,,0,0,,,,,,,N
PE,23310,BELÉM DO SÃO FRANCISCO,N,49,0,9609,1774,11383,84.42,15.58,Lula,49,0,100.0,0.0,0,0,0,,,,0,0,,,,,,,N
PE,23353,BETÂNIA,N,29,0,5988,759,6747,88.75,11.25,Lula,29,0,100.0,0.0,0,0,0,,,,0,0,,,,,,,N
PE,23370,BEZERROS,N,146,0,26858,10289,37147,72.3,27.7,Lula,146,0,100.0,0.0,0,0,0,,,,0,0,,,,,,,N
PE,23396,BODOCÓ,N,75,0,17617,2126,19743,89.23,10.77,Lula,75,0,100.0,0.0,0,0,0,,,,0,0,,,,,,,N
PE,23418,BOM CONSELHO,N,108,0,19659,4876,24535,80.13,19.87,Lula,108,0,100.0,0.0,0,0,0,,,,0,0,,,,,,,N
PE,23434,BOM JARDIM,N,102,0,17305,5280,22585,76.62,23.38,Lula,102,0,100.0,0.0,0,0,0,,,,0,0,,,,,,,N
PE,23450,BONITO,N,92,0,15572,7600,23172,67.2,32.8,Lula,92,0,100.0,0.0,0,0,0,,,,0,0,,,,,,,N
PE,23493,BREJINHO,N,23,0,4672,817,5489,85.12,14.88,Lula,23,0,100.0,0.0,0,0,0,,,,0,0,,,,,,,N
PE,23515,BREJO DA MADRE DE DEUS,N,94,0,17344,7781,25125,69.03,30.97,Lula,94,0,100.0,0.0,0,0,0,,,,0,0,,,,,,,N
PE,23477,BREJÃO,N,34,0,5727,1258,6985,81.99,18.01,Lula,34,0,100.0,0.0,0,0,0,,,,0,0,,,,,,,N
PE,23531,BUENOS AIRES,N,32,0,6756,1999,8755,77.17,22.83,Lula,32,0,100.0,0.0,0,0,0,,,,0,0,,,,,,,N
PE,23558,BUÍQUE,N,112,0,22899,3394,26293,87.09,12.91,Lula,112,0,100.0,0.0,0,0,0,,,,0,0,,,,,,,N
PE,23574,CABO DE SANTO AGOSTINHO,N,0,478,0,0,0,,,,0,0,,,86617,40592,127209,68.09,31.91,Lula,477,1,99.79,0.21,,,,,N
PE,23590,CABROBÓ,N,81,0,15805,3196,19001,83.18,16.82,Lula,81,0,100.0,0.0,0,0,0,,,,0,0,,,,,,,N
PE,23612,CACHOEIRINHA,N,50,0,9123,2911,12034,75.81,24.19,Lula,50,0,100.0,0.0,0,0,0,,,,0,0,,,,,,,N
PE,23639,CAETÉS,N,59,0,12668,1281,13949,90.82,9.18,Lula,59,0,100.0,0.0,0,0,0,,,,0,0,,,,,,,N
PE,23671,CALUMBI,N,21,0,4456,583,5039,88.43,11.57,Lula,21,0,100.0,0.0,0,0,0,,,,0,0,,,,,,,N
PE,23655,CALÇADO,N,22,0,5190,724,5914,87.76,12.24,Lula,22,0,100.0,0.0,0,0,0,,,,0,0,,,,,,,N
PE,26298,CAMARAGIBE,N,0,350,0,0,0,,,,0,0,,,55964,43186,99150,56.44,43.56,Lula,330,18,94.29,5.14,,,,,N
PE,23698,CAMOCIM DE SÃO FÉLIX,N,44,0,8654,3155,11809,73.28,26.72,Lula,44,0,100.0,0.0,0,0,0,,,,0,0,,,,,,,N
PE,23710,CAMUTANGA,N,21,0,4017,1597,5614,71.55,28.45,Lula,21,0,100.0,0.0,0,0,0,,,,0,0,,,,,,,N
PE,23736,CANHOTINHO,N,60,0,9021,3499,12520,72.05,27.95,Lula,60,0,100.0,0.0,0,0,0,,,,0,0,,,,,,,N
PE,23752,CAPOEIRAS,N,47,0,9863,1322,11185,88.18,11.82,Lula,47,0,100.0,0.0,0,0,0,,,,0,0,,,,,,,N
PE,23167,CARNAUBEIRA DA PENHA,N,37,0,7945,663,8608,92.3,7.7,Lula,37,0,100.0,0.0,0,0,0,,,,0,0,,,,,,,N
PE,23779,CARNAÍBA,N,48,0,10147,1535,11682,86.86,13.14,Lula,48,0,100.0,0.0,0,0,0,,,,0,0,,,,,,,N
PE,23795,CARPINA,N,161,0,25788,20237,46025,56.03,43.97,Lula,142,19,88.2,11.8,0,0,0,,,,0,0,,,,,,,N
PE,23817,CARUARU,N,661,0,113187,83013,196200,57.69,42.31,Lula,604,50,91.38,7.56,0,0,0,,,,0,0,,,,,,,N
PE,23221,CASINHAS,N,38,0,7130,1590,8720,81.77,18.23,Lula,38,0,100.0,0.0,0,0,0,,,,0,0,,,,,,,N
PE,23833,CATENDE,N,84,0,13519,4947,18466,73.21,26.79,Lula,84,0,100.0,0.0,0,0,0,,,,0,0,,,,,,,N
PE,23850,CEDRO,N,27,0,5956,799,6755,88.17,11.83,Lula,27,0,100.0,0.0,0,0,0,,,,0,0,,,,,,,N
PE,23876,CHÃ DE ALEGRIA,N,36,0,6198,2505,8703,71.22,28.78,Lula,36,0,100.0,0.0,0,0,0,,,,0,0,,,,,,,N
PE,23892,CHÃ GRANDE,N,54,0,10138,4695,14833,68.35,31.65,Lula,54,0,100.0,0.0,0,0,0,,,,0,0,,,,,,,N
PE,23914,CONDADO,N,55,0,10795,4414,15209,70.98,29.02,Lula,55,0,100.0,0.0,0,0,0,,,,0,0,,,,,,,N
PE,23930,CORRENTES,N,41,0,7901,1369,9270,85.23,14.77,Lula,41,0,100.0,0.0,0,0,0,,,,0,0,,,,,,,N
PE,23957,CORTÊS,N,37,0,5750,2158,7908,72.71,27.29,Lula,37,0,100.0,0.0,0,0,0,,,,0,0,,,,,,,N
PE,23973,CUMARU,N,50,0,8517,2524,11041,77.14,22.86,Lula,50,0,100.0,0.0,0,0,0,,,,0,0,,,,,,,N
PE,23990,CUPIRA,N,61,0,9813,5142,14955,65.62,34.38,Lula,61,0,100.0,0.0,0,0,0,,,,0,0,,,,,,,N
PE,24015,CUSTÓDIA,N,81,0,17988,2589,20577,87.42,12.58,Lula,81,0,100.0,0.0,0,0,0,,,,0,0,,,,,,,N
PE,23140,DORMENTES,N,45,0,9778,2610,12388,78.93,21.07,Lula,45,0,100.0,0.0,0,0,0,,,,0,0,,,,,,,N
PE,24031,ESCADA,N,152,0,25986,10999,36985,70.26,29.74,Lula,152,0,100.0,0.0,0,0,0,,,,0,0,,,,,,,N
PE,24058,EXU,N,83,0,17880,2591,20471,87.34,12.66,Lula,83,0,100.0,0.0,0,0,0,,,,0,0,,,,,,,N
PE,24074,FEIRA NOVA,N,55,0,9062,4785,13847,65.44,34.56,Lula,55,0,100.0,0.0,0,0,0,,,,0,0,,,,,,,N
PE,30015,FERNANDO DE NORONHA,N,0,9,0,0,0,,,,0,0,,,1068,922,1990,53.67,46.33,Lula,6,3,66.67,33.33,,,,,N
PE,24090,FERREIROS,N,29,0,5599,2105,7704,72.68,27.32,Lula,29,0,100.0,0.0,0,0,0,,,,0,0,,,,,,,N
PE,24112,FLORES,N,56,0,10397,1565,11962,86.92,13.08,Lula,56,0,100.0,0.0,0,0,0,,,,0,0,,,,,,,N
PE,24139,FLORESTA,N,66,0,15151,2519,17670,85.74,14.26,Lula,66,0,100.0,0.0,0,0,0,,,,0,0,,,,,,,N
PE,24155,FREI MIGUELINHO,N,39,0,7181,2662,9843,72.96,27.04,Lula,39,0,100.0,0.0,0,0,0,,,,0,0,,,,,,,N
PE,24171,GAMELEIRA,N,46,0,7613,3379,10992,69.26,30.74,Lula,46,0,100.0,0.0,0,0,0,,,,0,0,,,,,,,N
PE,24198,GARANHUNS,N,284,0,55436,19731,75167,73.75,26.25,Lula,282,2,99.3,0.7,0,0,0,,,,0,0,,,,,,,N
PE,24210,GLÓRIA DO GOITÁ,N,66,0,13365,4353,17718,75.43,24.57,Lula,66,0,100.0,0.0,0,0,0,,,,0,0,,,,,,,N
PE,24236,GOIANA,N,0,193,0,0,0,,,,0,0,,,31879,17502,49381,64.56,35.44,Lula,192,1,99.48,0.52,,,,,N
PE,24252,GRANITO,N,22,0,4689,707,5396,86.9,13.1,Lula,22,0,100.0,0.0,0,0,0,,,,0,0,,,,,,,N
PE,24279,GRAVATÁ,N,183,0,33033,19063,52096,63.41,36.59,Lula,183,0,100.0,0.0,0,0,0,,,,0,0,,,,,,,N
PE,24295,IATI,N,48,0,9037,1439,10476,86.26,13.74,Lula,48,0,100.0,0.0,0,0,0,,,,0,0,,,,,,,N
PE,24317,IBIMIRIM,N,64,0,12969,1624,14593,88.87,11.13,Lula,64,0,100.0,0.0,0,0,0,,,,0,0,,,,,,,N
PE,24333,IBIRAJUBA,N,24,0,4176,964,5140,81.25,18.75,Lula,24,0,100.0,0.0,0,0,0,,,,0,0,,,,,,,N
PE,24350,IGARASSU,N,0,231,0,0,0,,,,0,0,,,44577,23927,68504,65.07,34.93,Lula,231,0,100.0,0.0,,,,,N
PE,24376,IGUARACY,N,33,0,5738,945,6683,85.86,14.14,Lula,33,0,100.0,0.0,0,0,0,,,,0,0,,,,,,,N
PE,24511,ILHA DE ITAMARACÁ,N,0,47,0,0,0,,,,0,0,,,9700,3719,13419,72.29,27.71,Lula,47,0,100.0,0.0,,,,,N
PE,24392,INAJÁ,N,41,0,9502,1021,10523,90.3,9.7,Lula,41,0,100.0,0.0,0,0,0,,,,0,0,,,,,,,N
PE,24414,INGAZEIRA,N,12,0,2859,401,3260,87.7,12.3,Lula,12,0,100.0,0.0,0,0,0,,,,0,0,,,,,,,N
PE,24430,IPOJUCA,N,0,228,0,0,0,,,,0,0,,,45488,17518,63006,72.2,27.8,Lula,228,0,100.0,0.0,,,,,N
PE,24457,IPUBI,N,62,0,13295,2692,15987,83.16,16.84,Lula,62,0,100.0,0.0,0,0,0,,,,0,0,,,,,,,N
PE,24473,ITACURUBA,N,16,0,2829,412,3241,87.29,12.71,Lula,16,0,100.0,0.0,0,0,0,,,,0,0,,,,,,,N
PE,25976,ITAMBÉ,N,76,0,13209,5122,18331,72.06,27.94,Lula,76,0,100.0,0.0,0,0,0,,,,0,0,,,,,,,N
PE,24538,ITAPETIM,N,38,0,7400,1594,8994,82.28,17.72,Lula,38,0,100.0,0.0,0,0,0,,,,0,0,,,,,,,N
PE,26336,ITAPISSUMA,N,0,56,0,0,0,,,,0,0,,,11005,4271,15276,72.04,27.96,Lula,56,0,100.0,0.0,,,,,N
PE,24554,ITAQUITINGA,N,39,0,6867,3170,10037,68.42,31.58,Lula,39,0,100.0,0.0,0,0,0,,,,0,0,,,,,,,N
PE,24490,ITAÍBA,N,61,0,11629,2199,13828,84.1,15.9,Lula,61,0,100.0,0.0,0,0,0,,,,0,0,,,,,,,N
PE,24570,JABOATÃO DOS GUARARAPES,N,0,1283,0,0,0,,,,0,0,,,204012,161952,365964,55.75,44.25,Lula,1123,152,87.53,11.85,,,,,N
PE,23302,JAQUEIRA,N,29,0,4961,1697,6658,74.51,25.49,Lula,29,0,100.0,0.0,0,0,0,,,,0,0,,,,,,,N
PE,24597,JATAÚBA,N,44,0,8785,2083,10868,80.83,19.17,Lula,44,0,100.0,0.0,0,0,0,,,,0,0,,,,,,,N
PE,23264,JATOBÁ,N,36,0,6795,1156,7951,85.46,14.54,Lula,36,0,100.0,0.0,0,0,0,,,,0,0,,,,,,,N
PE,24635,JOAQUIM NABUCO,N,42,0,7152,2886,10038,71.25,28.75,Lula,42,0,100.0,0.0,0,0,0,,,,0,0,,,,,,,N
PE,24619,JOÃO ALFREDO,N,73,0,14346,3582,17928,80.02,19.98,Lula,73,0,100.0,0.0,0,0,0,,,,0,0,,,,,,,N
PE,23124,JUCATI,N,32,0,6504,1095,7599,85.59,14.41,Lula,32,0,100.0,0.0,0,0,0,,,,0,0,,,,,,,N
PE,24651,JUPI,N,43,0,8003,1496,9499,84.25,15.75,Lula,43,0,100.0,0.0,0,0,0,,,,0,0,,,,,,,N
PE,24678,JUREMA,N,34,0,6783,1788,8571,79.14,20.86,Lula,34,0,100.0,0.0,0,0,0,,,,0,0,,,,,,,N
PE,24694,LAGOA DE ITAENGA,N,54,0,9490,4474,13964,67.96,32.04,Lula,54,0,100.0,0.0,0,0,0,,,,0,0,,,,,,,N
PE,23027,LAGOA DO CARRO,N,41,0,8339,3505,11844,70.41,29.59,Lula,41,0,100.0,0.0,0,0,0,,,,0,0,,,,,,,N
PE,24716,LAGOA DO OURO,N,33,0,6778,1179,7957,85.18,14.82,Lula,33,0,100.0,0.0,0,0,0,,,,0,0,,,,,,,N
PE,24732,LAGOA DOS GATOS,N,41,0,6821,1751,8572,79.57,20.43,Lula,41,0,100.0,0.0,0,0,0,,,,0,0,,,,,,,N
PE,23183,LAGOA GRANDE,N,61,0,12277,3006,15283,80.33,19.67,Lula,61,0,100.0,0.0,0,0,0,,,,0,0,,,,,,,N
PE,24759,LAJEDO,N,85,0,16510,7009,23519,70.2,29.8,Lula,85,0,100.0,0.0,0,0,0,,,,0,0,,,,,,,N
PE,24775,LIMOEIRO,N,145,0,25468,9856,35324,72.1,27.9,Lula,145,0,100.0,0.0,0,0,0,,,,0,0,,,,,,,N
PE,24791,MACAPARANA,N,62,0,9524,4692,14216,66.99,33.01,Lula,62,0,100.0,0.0,0,0,0,,,,0,0,,,,,,,N
PE,24813,MACHADOS,N,34,0,6270,1847,8117,77.25,22.75,Lula,34,0,100.0,0.0,0,0,0,,,,0,0,,,,,,,N
PE,23248,MANARI,N,42,0,8230,978,9208,89.38,10.62,Lula,42,0,100.0,0.0,0,0,0,,,,0,0,,,,,,,N
PE,24830,MARAIAL,N,36,0,4040,1639,5679,71.14,28.86,Lula,36,0,100.0,0.0,0,0,0,,,,0,0,,,,,,,N
PE,24856,MIRANDIBA,N,35,0,6904,1556,8460,81.61,18.39,Lula,35,0,100.0,0.0,0,0,0,,,,0,0,,,,,,,N
PE,25852,MOREILÂNDIA,N,29,0,6448,818,7266,88.74,11.26,Lula,29,0,100.0,0.0,0,0,0,,,,0,0,,,,,,,N
PE,24872,MORENO,N,133,0,24360,13064,37424,65.09,34.91,Lula,133,0,100.0,0.0,0,0,0,,,,0,0,,,,,,,N
PE,24899,NAZARÉ DA MATA,N,72,0,12750,7418,20168,63.22,36.78,Lula,72,0,100.0,0.0,0,0,0,,,,0,0,,,,,,,N
PE,24910,OLINDA,N,0,878,0,0,0,,,,0,0,,,144847,101401,246248,58.82,41.18,Lula,847,31,96.47,3.53,,,,,N
PE,24937,OROBÓ,N,65,0,10941,2679,13620,80.33,19.67,Lula,65,0,100.0,0.0,0,0,0,,,,0,0,,,,,,,N
PE,24953,OROCÓ,N,40,0,7303,1708,9011,81.05,18.95,Lula,40,0,100.0,0.0,0,0,0,,,,0,0,,,,,,,N
PE,24970,OURICURI,N,147,0,30469,5018,35487,85.86,14.14,Lula,147,0,100.0,0.0,0,0,0,,,,0,0,,,,,,,N
PE,24996,PALMARES,N,123,0,21111,9121,30232,69.83,30.17,Lula,123,0,100.0,0.0,0,0,0,,,,0,0,,,,,,,N
PE,25011,PALMEIRINA,N,23,0,3507,674,4181,83.88,16.12,Lula,23,0,100.0,0.0,0,0,0,,,,0,0,,,,,,,N
PE,25038,PANELAS,N,74,0,11117,3306,14423,77.08,22.92,Lula,74,0,100.0,0.0,0,0,0,,,,0,0,,,,,,,N
PE,25054,PARANATAMA,N,44,0,7075,1159,8234,85.92,14.08,Lula,44,0,100.0,0.0,0,0,0,,,,0,0,,,,,,,N
PE,25070,PARNAMIRIM,N,65,0,12468,1301,13769,90.55,9.45,Lula,65,0,100.0,0.0,0,0,0,,,,0,0,,,,,,,N
PE,25097,PASSIRA,N,78,0,14746,4785,19531,75.5,24.5,Lula,78,0,100.0,0.0,0,0,0,,,,0,0,,,,,,,N
PE,25119,PAUDALHO,N,137,0,21236,13715,34951,60.76,39.24,Lula,133,4,97.08,2.92,0,0,0,,,,0,0,,,,,,,N
PE,25135,PAULISTA,N,0,641,0,0,0,,,,0,0,,,108875,77951,186826,58.28,41.72,Lula,633,7,98.75,1.09,,,,,N
PE,25151,PEDRA,N,59,0,11534,2312,13846,83.3,16.7,Lula,59,0,100.0,0.0,0,0,0,,,,0,0,,,,,,,N
PE,25178,PESQUEIRA,N,166,0,29564,6157,35721,82.76,17.24,Lula,166,0,100.0,0.0,0,0,0,,,,0,0,,,,,,,N
PE,25216,PETROLINA,N,673,0,123571,59182,182753,67.62,32.38,Lula,641,30,95.25,4.46,0,0,0,,,,0,0,,,,,,,N
PE,25194,PETROLÂNDIA,N,85,0,14965,3493,18458,81.08,18.92,Lula,85,0,100.0,0.0,0,0,0,,,,0,0,,,,,,,N
PE,25259,POMBOS,N,59,0,10427,5403,15830,65.87,34.13,Lula,59,0,100.0,0.0,0,0,0,,,,0,0,,,,,,,N
PE,25232,POÇÃO,N,30,0,6232,1134,7366,84.6,15.4,Lula,30,0,100.0,0.0,0,0,0,,,,0,0,,,,,,,N
PE,25275,PRIMAVERA,N,32,0,5918,2285,8203,72.14,27.86,Lula,32,0,100.0,0.0,0,0,0,,,,0,0,,,,,,,N
PE,25291,QUIPAPÁ,N,59,0,8821,1967,10788,81.77,18.23,Lula,59,0,100.0,0.0,0,0,0,,,,0,0,,,,,,,N
PE,23000,QUIXABA,N,20,0,4340,471,4811,90.21,9.79,Lula,20,0,100.0,0.0,0,0,0,,,,0,0,,,,,,,N
PE,25313,RECIFE,N,0,3406,0,0,0,,,,0,0,,,558690,433317,992007,56.32,43.68,Lula,2901,490,85.17,14.39,,,,,N
PE,25330,RIACHO DAS ALMAS,N,60,0,11721,4576,16297,71.92,28.08,Lula,60,0,100.0,0.0,0,0,0,,,,0,0,,,,,,,N
PE,25356,RIBEIRÃO,N,91,0,14648,6397,21045,69.6,30.4,Lula,91,0,100.0,0.0,0,0,0,,,,0,0,,,,,,,N
PE,25372,RIO FORMOSO,N,54,0,8623,3401,12024,71.71,28.29,Lula,54,0,100.0,0.0,0,0,0,,,,0,0,,,,,,,N
PE,25399,SAIRÉ,N,38,0,6308,2567,8875,71.08,28.92,Lula,38,0,100.0,0.0,0,0,0,,,,0,0,,,,,,,N
PE,25410,SALGADINHO,N,22,0,3921,1171,5092,77.0,23.0,Lula,22,0,100.0,0.0,0,0,0,,,,0,0,,,,,,,N
PE,25437,SALGUEIRO,N,125,0,26290,6288,32578,80.7,19.3,Lula,125,0,100.0,0.0,0,0,0,,,,0,0,,,,,,,N
PE,25453,SALOÁ,N,46,0,7785,1017,8802,88.45,11.55,Lula,46,0,100.0,0.0,0,0,0,,,,0,0,,,,,,,N
PE,25470,SANHARÓ,N,42,0,9748,2497,12245,79.61,20.39,Lula,42,0,100.0,0.0,0,0,0,,,,0,0,,,,,,,N
PE,23108,SANTA CRUZ,N,37,0,8645,1174,9819,88.04,11.96,Lula,37,0,100.0,0.0,0,0,0,,,,0,0,,,,,,,N
PE,23043,SANTA CRUZ DA BAIXA VERDE,N,27,0,6151,1068,7219,85.21,14.79,Lula,27,0,100.0,0.0,0,0,0,,,,0,0,,,,,,,N
PE,25496,SANTA CRUZ DO CAPIBARIBE,N,173,0,24462,26632,51094,47.88,52.12,Bolsonaro,58,108,33.53,62.43,0,0,0,,,,0,0,,,,,,,N
PE,23329,SANTA FILOMENA,N,34,0,8032,1099,9131,87.96,12.04,Lula,34,0,100.0,0.0,0,0,0,,,,0,0,,,,,,,N
PE,25518,SANTA MARIA DA BOA VISTA,N,95,0,18803,3911,22714,82.78,17.22,Lula,95,0,100.0,0.0,0,0,0,,,,0,0,,,,,,,N
PE,25534,SANTA MARIA DO CAMBUCÁ,N,31,0,6135,2416,8551,71.75,28.25,Lula,31,0,100.0,0.0,0,0,0,,,,0,0,,,,,,,N
PE,25550,SANTA TEREZINHA,N,27,0,5042,970,6012,83.87,16.13,Lula,27,0,100.0,0.0,0,0,0,,,,0,0,,,,,,,N
PE,25771,SERRA TALHADA,N,189,0,35953,10506,46459,77.39,22.61,Lula,189,0,100.0,0.0,0,0,0,,,,0,0,,,,,,,N
PE,25798,SERRITA,N,49,0,10220,1202,11422,89.48,10.52,Lula,49,0,100.0,0.0,0,0,0,,,,0,0,,,,,,,N
PE,25810,SERTÂNIA,N,93,0,15461,2573,18034,85.73,14.27,Lula,93,0,100.0,0.0,0,0,0,,,,0,0,,,,,,,N
PE,25836,SIRINHAÉM,N,85,0,14130,6982,21112,66.93,33.07,Lula,84,1,98.82,1.18,0,0,0,,,,0,0,,,,,,,N
PE,25879,SOLIDÃO,N,16,0,3752,492,4244,88.41,11.59,Lula,16,0,100.0,0.0,0,0,0,,,,0,0,,,,,,,N
PE,25895,SURUBIM,N,140,0,25284,11284,36568,69.14,30.86,Lula,140,0,100.0,0.0,0,0,0,,,,0,0,,,,,,,N
PE,25577,SÃO BENEDITO DO SUL,N,27,0,4249,1138,5387,78.88,21.12,Lula,27,0,100.0,0.0,0,0,0,,,,0,0,,,,,,,N
PE,25593,SÃO BENTO DO UNA,N,107,0,19814,6466,26280,75.4,24.6,Lula,107,0,100.0,0.0,0,0,0,,,,0,0,,,,,,,N
PE,25615,SÃO CAITANO,N,98,0,18488,5241,23729,77.91,22.09,Lula,98,0,100.0,0.0,0,0,0,,,,0,0,,,,,,,N
PE,25658,SÃO JOAQUIM DO MONTE,N,55,0,9626,3433,13059,73.71,26.29,Lula,55,0,100.0,0.0,0,0,0,,,,0,0,,,,,,,N
PE,25674,SÃO JOSÉ DA COROA GRANDE,N,46,0,6524,4714,11238,58.05,41.95,Lula,43,2,93.48,4.35,0,0,0,,,,0,0,,,,,,,N
PE,25690,SÃO JOSÉ DO BELMONTE,N,80,0,16861,2443,19304,87.34,12.66,Lula,80,0,100.0,0.0,0,0,0,,,,0,0,,,,,,,N
PE,25712,SÃO JOSÉ DO EGITO,N,74,0,14107,3583,17690,79.75,20.25,Lula,74,0,100.0,0.0,0,0,0,,,,0,0,,,,,,,N
PE,25631,SÃO JOÃO,N,52,0,11706,1872,13578,86.21,13.79,Lula,52,0,100.0,0.0,0,0,0,,,,0,0,,,,,,,N
PE,25739,SÃO LOURENÇO DA MATA,N,0,225,0,0,0,,,,0,0,,,39778,24022,63800,62.35,37.65,Lula,225,0,100.0,0.0,,,,,N
PE,25755,SÃO VICENTE FÉRRER,N,42,0,8099,2540,10639,76.13,23.87,Lula,42,0,100.0,0.0,0,0,0,,,,0,0,,,,,,,N
PE,25917,TABIRA,N,66,0,13249,2707,15956,83.03,16.97,Lula,66,0,100.0,0.0,0,0,0,,,,0,0,,,,,,,N
PE,25933,TACAIMBÓ,N,39,0,6024,1771,7795,77.28,22.72,Lula,39,0,100.0,0.0,0,0,0,,,,0,0,,,,,,,N
PE,25950,TACARATU,N,55,0,11201,1602,12803,87.49,12.51,Lula,55,0,100.0,0.0,0,0,0,,,,0,0,,,,,,,N
PE,23280,TAMANDARÉ,N,51,0,9364,4648,14012,66.83,33.17,Lula,50,1,98.04,1.96,0,0,0,,,,0,0,,,,,,,N
PE,25992,TAQUARITINGA DO NORTE,N,60,0,9590,7129,16719,57.36,42.64,Lula,47,13,78.33,21.67,0,0,0,,,,0,0,,,,,,,N
PE,26018,TEREZINHA,N,19,0,3974,782,4756,83.56,16.44,Lula,19,0,100.0,0.0,0,0,0,,,,0,0,,,,,,,N
PE,26034,TERRA NOVA,N,26,0,6122,509,6631,92.32,7.68,Lula,26,0,100.0,0.0,0,0,0,,,,0,0,,,,,,,N
PE,26050,TIMBAÚBA,N,130,0,21670,10388,32058,67.6,32.4,Lula,130,0,100.0,0.0,0,0,0,,,,0,0,,,,,,,N
PE,26077,TORITAMA,N,90,0,14615,11702,26317,55.53,44.47,Lula,79,10,87.78,11.11,0,0,0,,,,0,0,,,,,,,N
PE,26093,TRACUNHAÉM,N,30,0,6264,2653,8917,70.25,29.75,Lula,30,0,100.0,0.0,0,0,0,,,,0,0,,,,,,,N
PE,26115,TRINDADE,N,68,0,12403,4083,16486,75.23,24.77,Lula,68,0,100.0,0.0,0,0,0,,,,0,0,,,,,,,N
PE,26131,TRIUNFO,N,37,0,7552,1398,8950,84.38,15.62,Lula,37,0,100.0,0.0,0,0,0,,,,0,0,,,,,,,N
PE,26158,TUPANATINGA,N,56,0,9787,1869,11656,83.97,16.03,Lula,56,0,100.0,0.0,0,0,0,,,,0,0,,,,,,,N
PE,26174,TUPARETAMA,N,23,0,5424,864,6288,86.26,13.74,Lula,23,0,100.0,0.0,0,0,0,,,,0,0,,,,,,,N
PE,26190,VENTUROSA,N,39,0,8908,1897,10805,82.44,17.56,Lula,39,0,100.0,0.0,0,0,0,,,,0,0,,,,,,,N
PE,26212,VERDEJANTE,N,29,0,5286,685,5971,88.53,11.47,Lula,29,0,100.0,0.0,0,0,0,,,,0,0,,,,,,,N
PE,23086,VERTENTE DO LÉRIO,N,25,0,4788,1130,5918,80.91,19.09,Lula,25,0,100.0,0.0,0,0,0,,,,0,0,,,,,,,N
PE,26239,VERTENTES,N,48,0,8907,3718,12625,70.55,29.45,Lula,48,0,100.0,0.0,0,0,0,,,,0,0,,,,,,,N
PE,26255,VICÊNCIA,N,63,0,11005,5245,16250,67.72,32.28,Lula,63,0,100.0,0.0,0,0,0,,,,0,0,,,,,,,N
PE,26271,VITÓRIA DE SANTO ANTÃO,N,289,0,47793,33410,81203,58.86,41.14,Lula,259,29,89.62,10.03,0,0,0,,,,0,0,,,,,,,N
PE,23060,XEXÉU,N,33,0,5083,2143,7226,70.34,29.66,Lula,33,0,100.0,0.0,0,0,0,,,,0,0,,,,,,,N
PE,23078,ÁGUA PRETA,N,69,0,10942,3720,14662,74.63,25.37,Lula,69,0,100.0,0.0,0,0,0,,,,0,0,,,,,,,N
PE,23094,ÁGUAS BELAS,N,102,0,17762,4837,22599,78.6,21.4,Lula,102,0,100.0,0.0,0,0,0,,,,0,0,,,,,,,N
PI,12327,ACAUÃ,N,25,0,4694,535,5229,89.77,10.23,Lula,25,0,100.0,0.0,0,0,0,,,,0,0,,,,,,,N
PI,10014,AGRICOLÂNDIA,N,0,17,0,0,0,,,,0,0,,,3165,640,3805,83.18,16.82,Lula,17,0,100.0,0.0,,,,,N
PI,12319,ALAGOINHA DO PIAUÍ,N,23,0,3755,1086,4841,77.57,22.43,Lula,23,0,100.0,0.0,0,0,0,,,,0,0,,,,,,,N
PI,10022,ALEGRETE DO PIAUÍ,N,16,0,2584,636,3220,80.25,19.75,Lula,16,0,100.0,0.0,0,0,0,,,,0,0,,,,,,,N
PI,10057,ALTO LONGÁ,N,0,45,0,0,0,,,,0,0,,,8272,1612,9884,83.69,16.31,Lula,45,0,100.0,0.0,,,,,N
PI,10073,ALTOS,N,0,118,0,0,0,,,,0,0,,,23349,4800,28149,82.95,17.05,Lula,118,0,100.0,0.0,,,,,N
PI,12084,ALVORADA DO GURGUÉIA,N,16,0,2823,631,3454,81.73,18.27,Lula,16,0,100.0,0.0,0,0,0,,,,0,0,,,,,,,N
PI,10090,AMARANTE,N,0,68,0,0,0,,,,0,0,,,9530,1834,11364,83.86,16.14,Lula,68,0,100.0,0.0,,,,,N
PI,10111,ANGICAL DO PIAUÍ,N,0,22,0,0,0,,,,0,0,,,4205,936,5141,81.79,18.21,Lula,22,0,100.0,0.0,,,,,N
PI,10154,ANTÔNIO ALMEIDA,N,13,0,1596,648,2244,71.12,28.88,Lula,13,0,100.0,0.0,0,0,0,,,,0,0,,,,,,,N
PI,10138,ANÍSIO DE ABREU,N,25,0,4913,635,5548,88.55,11.45,Lula,25,0,100.0,0.0,0,0,0,,,,0,0,,,,,,,N
PI,10170,AROAZES,N,20,0,3544,570,4114,86.14,13.86,Lula,20,0,100.0,0.0,0,0,0,,,,0,0,,,,,,,N
PI,12734,AROEIRAS DO ITAIM,N,14,0,2652,535,3187,83.21,16.79,Lula,14,0,100.0,0.0,0,0,0,,,,0,0,,,,,,,N
PI,10197,ARRAIAL,N,16,0,2710,475,3185,85.09,14.91,Lula,16,0,100.0,0.0,0,0,0,,,,0,0,,,,,,,N
PI,12106,ASSUNÇÃO DO PIAUÍ,N,28,0,4459,530,4989,89.38,10.62,Lula,28,0,100.0,0.0,0,0,0,,,,0,0,,,,,,,N
PI,10219,AVELINO LOPES,N,34,0,5290,1535,6825,77.51,22.49,Lula,34,0,100.0,0.0,0,0,0,,,,0,0,,,,,,,N
PI,10049,BAIXA GRANDE DO RIBEIRO,N,33,0,5723,2437,8160,70.13,29.87,Lula,33,0,100.0,0.0,0,0,0,,,,0,0,,,,,,,N
PI,10600,BARRA D'ALCÂNTARA,N,12,0,2178,375,2553,85.31,14.69,Lula,12,0,100.0,0.0,0,0,0,,,,0,0,,,,,,,N
PI,10235,BARRAS,N,0,128,0,0,0,,,,0,0,,,21341,5883,27224,78.39,21.61,Lula,128,0,100.0,0.0,,,,,N
PI,10251,BARREIRAS DO PIAUÍ,N,13,0,1971,475,2446,80.58,19.42,Lula,13,0,100.0,0.0,0,0,0,,,,0,0,,,,,,,N
PI,10278,BARRO DURO,N,21,0,3294,1103,4397,74.91,25.09,Lula,21,0,100.0,0.0,0,0,0,,,,0,0,,,,,,,N
PI,10294,BATALHA,N,81,0,11939,3707,15646,76.31,23.69,Lula,78,3,96.3,3.7,0,0,0,,,,0,0,,,,,,,N
PI,10626,BELA VISTA DO PIAUÍ,N,12,0,2387,442,2829,84.38,15.62,Lula,12,0,100.0,0.0,0,0,0,,,,0,0,,,,,,,N
PI,12335,BELÉM DO PIAUÍ,N,11,0,2062,379,2441,84.47,15.53,Lula,11,0,100.0,0.0,0,0,0,,,,0,0,,,,,,,N
PI,10316,BENEDITINOS,N,0,36,0,0,0,,,,0,0,,,6305,1005,7310,86.25,13.75,Lula,36,0,100.0,0.0,,,,,N
PI,10332,BERTOLÍNIA,N,18,0,2609,933,3542,73.66,26.34,Lula,18,0,100.0,0.0,0,0,0,,,,0,0,,,,,,,N
PI,12122,BETÂNIA DO PIAUÍ,N,19,0,3955,377,4332,91.3,8.7,Lula,19,0,100.0,0.0,0,0,0,,,,0,0,,,,,,,N
PI,10669,BOA HORA,N,0,21,0,0,0,,,,0,0,,,3877,902,4779,81.13,18.87,Lula,21,0,100.0,0.0,,,,,N
PI,10359,BOCAINA,N,19,0,3307,942,4249,77.83,22.17,Lula,19,0,100.0,0.0,0,0,0,,,,0,0,,,,,,,N
PI,10375,BOM JESUS,N,65,0,10554,4623,15177,69.54,30.46,Lula,63,2,96.92,3.08,0,0,0,,,,0,0,,,,,,,N
PI,10065,BOM PRINCÍPIO DO PIAUÍ,N,20,0,3789,1023,4812,78.74,21.26,Lula,19,1,95.0,5.0,0,0,0,,,,0,0,,,,,,,N
PI,10081,BONFIM DO PIAUÍ,N,21,0,3582,287,3869,92.58,7.42,Lula,21,0,100.0,0.0,0,0,0,,,,0,0,,,,,,,N
PI,12149,BOQUEIRÃO DO PIAUÍ,N,0,18,0,0,0,,,,0,0,,,3473,534,4007,86.67,13.33,Lula,18,0,100.0,0.0,,,,,N
PI,10006,BRASILEIRA,N,0,26,0,0,0,,,,0,0,,,4864,864,5728,84.92,15.08,Lula,26,0,100.0,0.0,,,,,N
PI,10642,BREJO DO PIAUÍ,N,13,0,2745,291,3036,90.42,9.58,Lula,13,0,100.0,0.0,0,0,0,,,,0,0,,,,,,,N
PI,10391,BURITI DOS LOPES,N,60,0,9715,3349,13064,74.36,25.64,Lula,60,0,100.0,0.0,0,0,0,,,,0,0,,,,,,,N
PI,10103,BURITI DOS MONTES,N,30,0,4606,633,5239,87.92,12.08,Lula,30,0,100.0,0.0,0,0,0,,,,0,0,,,,,,,N
PI,10120,CABECEIRAS DO PIAUÍ,N,0,32,0,0,0,,,,0,0,,,5991,842,6833,87.68,12.32,Lula,32,0,100.0,0.0,,,,,N
PI,12343,CAJAZEIRAS DO PIAUÍ,N,17,0,2203,368,2571,85.69,14.31,Lula,17,0,100.0,0.0,0,0,0,,,,0,0,,,,,,,N
PI,12572,CAJUEIRO DA PRAIA,N,28,0,4418,1095,5513,80.14,19.86,Lula,28,0,100.0,0.0,0,0,0,,,,0,0,,,,,,,N
PI,10146,CALDEIRÃO GRANDE DO PIAUÍ,N,17,0,3465,669,4134,83.82,16.18,Lula,17,0,100.0,0.0,0,0,0,,,,0,0,,,,,,,N
PI,10413,CAMPINAS DO PIAUÍ,N,21,0,3674,272,3946,93.11,6.89,Lula,21,0,100.0,0.0,0,0,0,,,,0,0,,,,,,,N
PI,12351,CAMPO ALEGRE DO FIDALGO,N,17,0,3196,366,3562,89.72,10.28,Lula,17,0,100.0,0.0,0,0,0,,,,0,0,,,,,,,N
PI,10723,CAMPO GRANDE DO PIAUÍ,N,18,0,3391,476,3867,87.69,12.31,Lula,18,0,100.0,0.0,0,0,0,,,,0,0,,,,,,,N
PI,10740,CAMPO LARGO DO PIAUÍ,N,0,18,0,0,0,,,,0,0,,,3261,710,3971,82.12,17.88,Lula,18,0,100.0,0.0,,,,,N
PI,10430,CAMPO MAIOR,N,0,123,0,0,0,,,,0,0,,,21073,7034,28107,74.97,25.03,Lula,123,0,100.0,0.0,,,,,N
PI,10162,CANAVIEIRA,N,13,0,2074,374,2448,84.72,15.28,Lula,13,0,100.0,0.0,0,0,0,,,,0,0,,,,,,,N
PI,10456,CANTO DO BURITI,N,59,0,9259,2275,11534,80.28,19.72,Lula,59,0,100.0,0.0,0,0,0,,,,0,0,,,,,,,N
PI,10472,CAPITÃO DE CAMPOS,N,0,35,0,0,0,,,,0,0,,,6397,1264,7661,83.5,16.5,Lula,35,0,100.0,0.0,,,,,N
PI,10707,CAPITÃO GERVÁSIO OLIVEIRA,N,14,0,2765,226,2991,92.44,7.56,Lula,14,0,100.0,0.0,0,0,0,,,,0,0,,,,,,,N
PI,10499,CARACOL,N,26,0,5493,831,6324,86.86,13.14,Lula,26,0,100.0,0.0,0,0,0,,,,0,0,,,,,,,N
PI,12670,CARAÚBAS DO PIAUÍ,N,18,0,3036,872,3908,77.69,22.31,Lula,18,0,100.0,0.0,0,0,0,,,,0,0,,,,,,,N
PI,12165,CARIDADE DO PIAUÍ,N,17,0,3133,383,3516,89.11,10.89,Lula,17,0,100.0,0.0,0,0,0,,,,0,0,,,,,,,N
PI,10510,CASTELO DO PIAUÍ,N,67,0,9018,2706,11724,76.92,23.08,Lula,66,1,98.51,1.49,0,0,0,,,,0,0,,,,,,,N
PI,12688,CAXINGÓ,N,21,0,3641,628,4269,85.29,14.71,Lula,21,0,100.0,0.0,0,0,0,,,,0,0,,,,,,,N
PI,10537,COCAL,N,78,0,13174,3634,16808,78.38,21.62,Lula,78,0,100.0,0.0,0,0,0,,,,0,0,,,,,,,N
PI,12360,COCAL DE TELHA,N,0,15,0,0,0,,,,0,0,,,2951,406,3357,87.91,12.09,Lula,15,0,100.0,0.0,,,,,N
PI,12696,COCAL DOS ALVES,N,21,0,3912,397,4309,90.79,9.21,Lula,21,0,100.0,0.0,0,0,0,,,,0,0,,,,,,,N
PI,10189,COIVARAS,N,0,22,0,0,0,,,,0,0,,,3386,805,4191,80.79,19.21,Lula,22,0,100.0,0.0,,,,,N
PI,10200,COLÔNIA DO GURGUÉIA,N,18,0,3239,755,3994,81.1,18.9,Lula,18,0,100.0,0.0,0,0,0,,,,0,0,,,,,,,N
PI,10227,COLÔNIA DO PIAUÍ,N,27,0,3941,603,4544,86.73,13.27,Lula,27,0,100.0,0.0,0,0,0,,,,0,0,,,,,,,N
PI,10553,CONCEIÇÃO DO CANINDÉ,N,20,0,3002,483,3485,86.14,13.86,Lula,20,0,100.0,0.0,0,0,0,,,,0,0,,,,,,,N
PI,10243,CORONEL JOSÉ DIAS,N,21,0,3597,315,3912,91.95,8.05,Lula,21,0,100.0,0.0,0,0,0,,,,0,0,,,,,,,N
PI,10570,CORRENTE,N,68,0,11554,3968,15522,74.44,25.56,Lula,68,0,100.0,0.0,0,0,0,,,,0,0,,,,,,,N
PI,10596,CRISTALÂNDIA DO PIAUÍ,N,17,0,3523,761,4284,82.24,17.76,Lula,17,0,100.0,0.0,0,0,0,,,,0,0,,,,,,,N
PI,10618,CRISTINO CASTRO,N,31,0,4748,1115,5863,80.98,19.02,Lula,31,0,100.0,0.0,0,0,0,,,,0,0,,,,,,,N
PI,10634,CURIMATÁ,N,34,0,5068,1786,6854,73.94,26.06,Lula,34,0,100.0,0.0,0,0,0,,,,0,0,,,,,,,N
PI,10766,CURRAIS,N,20,0,3470,693,4163,83.35,16.65,Lula,20,0,100.0,0.0,0,0,0,,,,0,0,,,,,,,N
PI,12181,CURRAL NOVO DO PIAUÍ,N,16,0,3392,292,3684,92.07,7.93,Lula,16,0,100.0,0.0,0,0,0,,,,0,0,,,,,,,N
PI,12580,CURRALINHOS,N,0,18,0,0,0,,,,0,0,,,3344,523,3867,86.48,13.52,Lula,18,0,100.0,0.0,,,,,N
PI,10650,DEMERVAL LOBÃO,N,0,40,0,0,0,,,,0,0,,,7498,2189,9687,77.4,22.6,Lula,40,0,100.0,0.0,,,,,N
PI,12297,DIRCEU ARCOVERDE,N,21,0,4242,462,4704,90.18,9.82,Lula,21,0,100.0,0.0,0,0,0,,,,0,0,,,,,,,N
PI,10677,DOM EXPEDITO LOPES,N,25,0,4200,1007,5207,80.66,19.34,Lula,25,0,100.0,0.0,0,0,0,,,,0,0,,,,,,,N
PI,10685,DOM INOCÊNCIO,N,28,0,5252,562,5814,90.33,9.67,Lula,28,0,100.0,0.0,0,0,0,,,,0,0,,,,,,,N
PI,11410,DOMINGOS MOURÃO,N,0,17,0,0,0,,,,0,0,,,2815,392,3207,87.78,12.22,Lula,17,0,100.0,0.0,,,,,N
PI,10693,ELESBÃO VELOSO,N,46,0,7845,1370,9215,85.13,14.87,Lula,46,0,100.0,0.0,0,0,0,,,,0,0,,,,,,,N
PI,10715,ELISEU MARTINS,N,15,0,2270,486,2756,82.37,17.63,Lula,15,0,100.0,0.0,0,0,0,,,,0,0,,,,,,,N
PI,10731,ESPERANTINA,N,104,0,16876,6006,22882,73.75,26.25,Lula,104,0,100.0,0.0,0,0,0,,,,0,0,,,,,,,N
PI,10260,FARTURA DO PIAUÍ,N,15,0,3266,264,3530,92.52,7.48,Lula,15,0,100.0,0.0,0,0,0,,,,0,0,,,,,,,N
PI,10758,FLORES DO PIAUÍ,N,16,0,2538,479,3017,84.12,15.88,Lula,16,0,100.0,0.0,0,0,0,,,,0,0,,,,,,,N
PI,12637,FLORESTA DO PIAUÍ,N,10,0,1635,228,1863,87.76,12.24,Lula,10,0,100.0,0.0,0,0,0,,,,0,0,,,,,,,N
PI,10774,FLORIANO,N,163,0,26202,8425,34627,75.67,24.33,Lula,163,0,100.0,0.0,0,0,0,,,,0,0,,,,,,,N
PI,10790,FRANCINÓPOLIS,N,13,0,2783,393,3176,87.63,12.37,Lula,13,0,100.0,0.0,0,0,0,,,,0,0,,,,,,,N
PI,10812,FRANCISCO AYRES,N,19,0,2857,510,3367,84.85,15.15,Lula,19,0,100.0,0.0,0,0,0,,,,0,0,,,,,,,N
PI,12378,FRANCISCO MACEDO,N,11,0,1820,322,2142,84.97,15.03,Lula,11,0,100.0,0.0,0,0,0,,,,0,0,,,,,,,N
PI,10839,FRANCISCO SANTOS,N,26,0,4616,867,5483,84.19,15.81,Lula,26,0,100.0,0.0,0,0,0,,,,0,0,,,,,,,N
PI,10855,FRONTEIRAS,N,30,0,5704,1381,7085,80.51,19.49,Lula,30,0,100.0,0.0,0,0,0,,,,0,0,,,,,,,N
PI,10782,GEMINIANO,N,22,0,4226,719,4945,85.46,14.54,Lula,22,0,100.0,0.0,0,0,0,,,,0,0,,,,,,,N
PI,10871,GILBUÉS,N,34,0,5033,1129,6162,81.68,18.32,Lula,34,0,100.0,0.0,0,0,0,,,,0,0,,,,,,,N
PI,10898,GUADALUPE,N,30,0,4943,1206,6149,80.39,19.61,Lula,30,0,100.0,0.0,0,0,0,,,,0,0,,,,,,,N
PI,10804,GUARIBAS,N,14,0,2949,193,3142,93.86,6.14,Lula,14,0,100.0,0.0,0,0,0,,,,0,0,,,,,,,N
PI,10910,HUGO NAPOLEÃO,N,0,15,0,0,0,,,,0,0,,,2554,574,3128,81.65,18.35,Lula,15,0,100.0,0.0,,,,,N
PI,10820,ILHA GRANDE,N,31,0,5493,1256,6749,81.39,18.61,Lula,31,0,100.0,0.0,0,0,0,,,,0,0,,,,,,,N
PI,10936,INHUMA,N,46,0,8009,1646,9655,82.95,17.05,Lula,46,0,100.0,0.0,0,0,0,,,,0,0,,,,,,,N
PI,10952,IPIRANGA DO PIAUÍ,N,28,0,5159,675,5834,88.43,11.57,Lula,28,0,100.0,0.0,0,0,0,,,,0,0,,,,,,,N
PI,10979,ISAÍAS COELHO,N,23,0,4469,384,4853,92.09,7.91,Lula,23,0,100.0,0.0,0,0,0,,,,0,0,,,,,,,N
PI,10995,ITAINÓPOLIS,N,34,0,6314,1256,7570,83.41,16.59,Lula,34,0,100.0,0.0,0,0,0,,,,0,0,,,,,,,N
PI,11010,ITAUEIRA,N,33,0,5292,1330,6622,79.92,20.08,Lula,33,0,100.0,0.0,0,0,0,,,,0,0,,,,,,,N
PI,10286,JACOBINA DO PIAUÍ,N,20,0,3606,577,4183,86.21,13.79,Lula,20,0,100.0,0.0,0,0,0,,,,0,0,,,,,,,N
PI,11037,JAICÓS,N,53,0,8170,1614,9784,83.5,16.5,Lula,53,0,100.0,0.0,0,0,0,,,,0,0,,,,,,,N
PI,10308,JARDIM DO MULATO,N,0,16,0,0,0,,,,0,0,,,2598,704,3302,78.68,21.32,Lula,16,0,100.0,0.0,,,,,N
PI,12394,JATOBÁ DO PIAUÍ,N,0,23,0,0,0,,,,0,0,,,4294,733,5027,85.42,14.58,Lula,23,0,100.0,0.0,,,,,N
PI,11053,JERUMENHA,N,21,0,2788,654,3442,81.0,19.0,Lula,21,0,100.0,0.0,0,0,0,,,,0,0,,,,,,,N
PI,11070,JOAQUIM PIRES,N,43,0,6896,1956,8852,77.9,22.1,Lula,43,0,100.0,0.0,0,0,0,,,,0,0,,,,,,,N
PI,12408,JOCA MARQUES,N,18,0,2982,683,3665,81.36,18.64,Lula,18,0,100.0,0.0,0,0,0,,,,0,0,,,,,,,N
PI,11096,JOSÉ DE FREITAS,N,0,113,0,0,0,,,,0,0,,,23601,3840,27441,86.01,13.99,Lula,113,0,100.0,0.0,,,,,N
PI,12386,JOÃO COSTA,N,13,0,2311,364,2675,86.39,13.61,Lula,13,0,100.0,0.0,0,0,0,,,,0,0,,,,,,,N
PI,12416,JUAZEIRO DO PIAUÍ,N,25,0,3420,759,4179,81.84,18.16,Lula,25,0,100.0,0.0,0,0,0,,,,0,0,,,,,,,N
PI,10847,JUREMA,N,19,0,3287,445,3732,88.08,11.92,Lula,19,0,100.0,0.0,0,0,0,,,,0,0,,,,,,,N
PI,12203,JÚLIO BORGES,N,18,0,3040,418,3458,87.91,12.09,Lula,18,0,100.0,0.0,0,0,0,,,,0,0,,,,,,,N
PI,10324,LAGOA ALEGRE,N,0,30,0,0,0,,,,0,0,,,5478,845,6323,86.64,13.36,Lula,30,0,100.0,0.0,,,,,N
PI,10863,LAGOA DE SÃO FRANCISCO,N,0,22,0,0,0,,,,0,0,,,3741,683,4424,84.56,15.44,Lula,22,0,100.0,0.0,,,,,N
PI,10340,LAGOA DO BARRO DO PIAUÍ,N,15,0,3109,400,3509,88.6,11.4,Lula,15,0,100.0,0.0,0,0,0,,,,0,0,,,,,,,N
PI,12424,LAGOA DO PIAUÍ,N,0,14,0,0,0,,,,0,0,,,2875,734,3609,79.66,20.34,Lula,14,0,100.0,0.0,,,,,N
PI,12220,LAGOA DO SÍTIO,N,17,0,3011,494,3505,85.91,14.09,Lula,17,0,100.0,0.0,0,0,0,,,,0,0,,,,,,,N
PI,12432,LAGOINHA DO PIAUÍ,N,0,13,0,0,0,,,,0,0,,,1960,421,2381,82.32,17.68,Lula,13,0,100.0,0.0,,,,,N
PI,11118,LANDRI SALES,N,15,0,2828,507,3335,84.8,15.2,Lula,15,0,100.0,0.0,0,0,0,,,,0,0,,,,,,,N
PI,11134,LUIS CORREIA,N,98,0,15651,4364,20015,78.2,21.8,Lula,98,0,100.0,0.0,0,0,0,,,,0,0,,,,,,,N
PI,11150,LUZILÂNDIA,N,71,0,11551,3183,14734,78.4,21.6,Lula,71,0,100.0,0.0,0,0,0,,,,0,0,,,,,,,N
PI,12440,MADEIRO,N,23,0,3798,774,4572,83.07,16.93,Lula,23,0,100.0,0.0,0,0,0,,,,0,0,,,,,,,N
PI,11177,MANOEL EMÍDIO,N,17,0,2985,527,3512,84.99,15.01,Lula,17,0,100.0,0.0,0,0,0,,,,0,0,,,,,,,N
PI,10367,MARCOLÂNDIA,N,26,0,4547,1517,6064,74.98,25.02,Lula,26,0,100.0,0.0,0,0,0,,,,0,0,,,,,,,N
PI,11193,MARCOS PARENTE,N,14,0,2168,834,3002,72.22,27.78,Lula,14,0,100.0,0.0,0,0,0,,,,0,0,,,,,,,N
PI,12467,MASSAPÊ DO PIAUÍ,N,23,0,4107,415,4522,90.82,9.18,Lula,23,0,100.0,0.0,0,0,0,,,,0,0,,,,,,,N
PI,11215,MATIAS OLÍMPIO,N,34,0,5074,1251,6325,80.22,19.78,Lula,34,0,100.0,0.0,0,0,0,,,,0,0,,,,,,,N
PI,11231,MIGUEL ALVES,N,0,96,0,0,0,,,,0,0,,,15287,2991,18278,83.64,16.36,Lula,96,0,100.0,0.0,,,,,N
PI,11258,MIGUEL LEÃO,N,0,6,0,0,0,,,,0,0,,,767,467,1234,62.16,37.84,Lula,6,0,100.0,0.0,,,,,N
PI,12246,MILTON BRANDÃO,N,0,27,0,0,0,,,,0,0,,,3349,1560,4909,68.22,31.78,Lula,26,1,96.3,3.7,,,,,N
PI,11274,MONSENHOR GIL,N,0,38,0,0,0,,,,0,0,,,6538,1492,8030,81.42,18.58,Lula,37,1,97.37,2.63,,,,,N
PI,11290,MONSENHOR HIPÓLITO,N,25,0,4734,792,5526,85.67,14.33,Lula,25,0,100.0,0.0,0,0,0,,,,0,0,,,,,,,N
PI,11312,MONTE ALEGRE DO PIAUÍ,N,37,0,5704,952,6656,85.7,14.3,Lula,37,0,100.0,0.0,0,0,0,,,,0,0,,,,,,,N
PI,10880,MORRO CABEÇA NO TEMPO,N,14,0,2131,554,2685,79.37,20.63,Lula,14,0,100.0,0.0,0,0,0,,,,0,0,,,,,,,N
PI,12459,MORRO DO CHAPÉU DO PIAUÍ,N,22,0,3304,709,4013,82.33,17.67,Lula,22,0,100.0,0.0,0,0,0,,,,0,0,,,,,,,N
PI,12475,MURICI DOS PORTELAS,N,22,0,3622,802,4424,81.87,18.13,Lula,22,0,100.0,0.0,0,0,0,,,,0,0,,,,,,,N
PI,11339,NAZARÉ DO PIAUÍ,N,25,0,4484,470,4954,90.51,9.49,Lula,25,0,100.0,0.0,0,0,0,,,,0,0,,,,,,,N
PI,12726,NAZÁRIA,N,38,0,7156,1678,8834,81.01,18.99,Lula,38,0,100.0,0.0,0,0,0,,,,0,0,,,,,,,N
PI,10928,NOSSA SENHORA DE NAZARÉ,N,0,20,0,0,0,,,,0,0,,,3869,557,4426,87.42,12.58,Lula,20,0,100.0,0.0,,,,,N
PI,11355,NOSSA SENHORA DOS REMÉDIOS,N,0,28,0,0,0,,,,0,0,,,5058,1267,6325,79.97,20.03,Lula,28,0,100.0,0.0,,,,,N
PI,10960,NOVA SANTA RITA,N,13,0,2934,254,3188,92.03,7.97,Lula,13,0,100.0,0.0,0,0,0,,,,0,0,,,,,,,N
PI,11371,NOVO ORIENTE DO PIAUÍ,N,18,0,3394,416,3810,89.08,10.92,Lula,18,0,100.0,0.0,0,0,0,,,,0,0,,,,,,,N
PI,10901,NOVO SANTO ANTÔNIO,N,0,15,0,0,0,,,,0,0,,,3005,414,3419,87.89,12.11,Lula,15,0,100.0,0.0,,,,,N
PI,11398,OEIRAS,N,121,0,17777,5162,22939,77.5,22.5,Lula,121,0,100.0,0.0,0,0,0,,,,0,0,,,,,,,N
PI,12483,OLHO D'ÁGUA DO PIAUÍ,N,0,10,0,0,0,,,,0,0,,,1482,330,1812,81.79,18.21,Lula,10,0,100.0,0.0,,,,,N
PI,11436,PADRE MARCOS,N,23,0,3893,774,4667,83.42,16.58,Lula,23,0,100.0,0.0,0,0,0,,,,0,0,,,,,,,N
PI,11452,PAES LANDIM,N,15,0,2187,812,2999,72.92,27.08,Lula,15,0,100.0,0.0,0,0,0,,,,0,0,,,,,,,N
PI,12262,PAJEÚ DO PIAUÍ,N,13,0,2136,390,2526,84.56,15.44,Lula,13,0,100.0,0.0,0,0,0,,,,0,0,,,,,,,N
PI,11479,PALMEIRA DO PIAUÍ,N,17,0,2689,733,3422,78.58,21.42,Lula,17,0,100.0,0.0,0,0,0,,,,0,0,,,,,,,N
PI,11495,PALMEIRAIS,N,0,50,0,0,0,,,,0,0,,,8211,1279,9490,86.52,13.48,Lula,50,0,100.0,0.0,,,,,N
PI,10944,PAQUETÁ,N,17,0,2676,544,3220,83.11,16.89,Lula,17,0,100.0,0.0,0,0,0,,,,0,0,,,,,,,N
PI,11517,PARNAGUÁ,N,30,0,4577,820,5397,84.81,15.19,Lula,30,0,100.0,0.0,0,0,0,,,,0,0,,,,,,,N
PI,11533,PARNAÍBA,N,362,0,57757,30185,87942,65.68,34.32,Lula,360,2,99.45,0.55,0,0,0,,,,0,0,,,,,,,N
PI,10405,PASSAGEM FRANCA DO PIAUÍ,N,16,0,2141,623,2764,77.46,22.54,Lula,16,0,100.0,0.0,0,0,0,,,,0,0,,,,,,,N
PI,10383,PATOS DO PIAUÍ,N,21,0,3586,499,4085,87.78,12.22,Lula,21,0,100.0,0.0,0,0,0,,,,0,0,,,,,,,N
PI,12718,PAU D'ARCO DO PIAUÍ,N,0,19,0,0,0,,,,0,0,,,3337,594,3931,84.89,15.11,Lula,19,0,100.0,0.0,,,,,N
PI,11550,PAULISTANA,N,60,0,10781,1891,12672,85.08,14.92,Lula,60,0,100.0,0.0,0,0,0,,,,0,0,,,,,,,N
PI,12289,PAVUSSU,N,14,0,2534,282,2816,89.99,10.01,Lula,14,0,100.0,0.0,0,0,0,,,,0,0,,,,,,,N
PI,11576,PEDRO II,N,0,117,0,0,0,,,,0,0,,,18543,5641,24184,76.67,23.33,Lula,117,0,100.0,0.0,,,,,N
PI,12491,PEDRO LAURENTINO,N,9,0,1543,654,2197,70.23,29.77,Lula,9,0,100.0,0.0,0,0,0,,,,0,0,,,,,,,N
PI,11592,PICOS,N,180,0,31661,11563,43224,73.25,26.75,Lula,179,1,99.44,0.56,0,0,0,,,,0,0,,,,,,,N
PI,11614,PIMENTEIRAS,N,37,0,5701,1141,6842,83.32,16.68,Lula,37,0,100.0,0.0,0,0,0,,,,0,0,,,,,,,N
PI,11630,PIO IX,N,48,0,9647,1576,11223,85.96,14.04,Lula,48,0,100.0,0.0,0,0,0,,,,0,0,,,,,,,N
PI,11657,PIRACURUCA,N,87,0,14610,4130,18740,77.96,22.04,Lula,87,0,100.0,0.0,0,0,0,,,,0,0,,,,,,,N
PI,11673,PIRIPIRI,N,0,180,0,0,0,,,,0,0,,,28281,9279,37560,75.3,24.7,Lula,179,0,99.44,0.0,,,,,N
PI,11690,PORTO,N,0,31,0,0,0,,,,0,0,,,4930,1527,6457,76.35,23.65,Lula,31,0,100.0,0.0,,,,,N
PI,12599,PORTO ALEGRE DO PIAUÍ,N,7,0,1204,312,1516,79.42,20.58,Lula,7,0,100.0,0.0,0,0,0,,,,0,0,,,,,,,N
PI,11711,PRATA DO PIAUÍ,N,12,0,2181,287,2468,88.37,11.63,Lula,12,0,100.0,0.0,0,0,0,,,,0,0,,,,,,,N
PI,10421,QUEIMADA NOVA,N,24,0,4975,718,5693,87.39,12.61,Lula,24,0,100.0,0.0,0,0,0,,,,0,0,,,,,,,N
PI,11738,REDENÇÃO DO GURGUÉIA,N,22,0,3566,1367,4933,72.29,27.71,Lula,22,0,100.0,0.0,0,0,0,,,,0,0,,,,,,,N
PI,11754,REGENERAÇÃO,N,0,49,0,0,0,,,,0,0,,,8683,1365,10048,86.42,13.58,Lula,49,0,100.0,0.0,,,,,N
PI,12300,RIACHO FRIO,N,16,0,2832,340,3172,89.28,10.72,Lula,16,0,100.0,0.0,0,0,0,,,,0,0,,,,,,,N
PI,12602,RIBEIRA DO PIAUÍ,N,15,0,2345,357,2702,86.79,13.21,Lula,15,0,100.0,0.0,0,0,0,,,,0,0,,,,,,,N
PI,11770,RIBEIRO GONÇALVES,N,20,0,2979,989,3968,75.08,24.92,Lula,20,0,100.0,0.0,0,0,0,,,,0,0,,,,,,,N
PI,11797,RIO GRANDE DO PIAUÍ,N,20,0,3486,559,4045,86.18,13.82,Lula,20,0,100.0,0.0,0,0,0,,,,0,0,,,,,,,N
PI,11819,SANTA CRUZ DO PIAUÍ,N,18,0,3709,628,4337,85.52,14.48,Lula,18,0,100.0,0.0,0,0,0,,,,0,0,,,,,,,N
PI,10448,SANTA CRUZ DOS MILAGRES,N,12,0,2107,402,2509,83.98,16.02,Lula,12,0,100.0,0.0,0,0,0,,,,0,0,,,,,,,N
PI,11835,SANTA FILOMENA,N,20,0,2927,1036,3963,73.86,26.14,Lula,20,0,100.0,0.0,0,0,0,,,,0,0,,,,,,,N
PI,11851,SANTA LUZ,N,20,0,3023,959,3982,75.92,24.08,Lula,20,0,100.0,0.0,0,0,0,,,,0,0,,,,,,,N
PI,10464,SANTA ROSA DO PIAUÍ,N,18,0,2626,745,3371,77.9,22.1,Lula,18,0,100.0,0.0,0,0,0,,,,0,0,,,,,,,N
PI,10480,SANTANA DO PIAUÍ,N,14,0,2720,589,3309,82.2,17.8,Lula,14,0,100.0,0.0,0,0,0,,,,0,0,,,,,,,N
PI,11878,SANTO ANTÔNIO DE LISBOA,N,19,0,3617,1031,4648,77.82,22.18,Lula,19,0,100.0,0.0,0,0,0,,,,0,0,,,,,,,N
PI,12653,SANTO ANTÔNIO DOS MILAGRES,N,0,7,0,0,0,,,,0,0,,,1223,244,1467,83.37,16.63,Lula,7,0,100.0,0.0,,,,,N
PI,11894,SANTO INÁCIO DO PIAUÍ,N,15,0,2263,360,2623,86.28,13.72,Lula,15,0,100.0,0.0,0,0,0,,,,0,0,,,,,,,N
PI,12041,SEBASTIÃO BARROS,N,16,0,2800,534,3334,83.98,16.02,Lula,16,0,100.0,0.0,0,0,0,,,,0,0,,,,,,,N
PI,12068,SEBASTIÃO LEAL,N,16,0,2207,1121,3328,66.32,33.68,Lula,14,2,87.5,12.5,0,0,0,,,,0,0,,,,,,,N
PI,10545,SIGEFREDO PACHECO,N,0,32,0,0,0,,,,0,0,,,5755,1039,6794,84.71,15.29,Lula,32,0,100.0,0.0,,,,,N
PI,12157,SIMPLÍCIO MENDES,N,39,0,6432,1241,7673,83.83,16.17,Lula,39,0,100.0,0.0,0,0,0,,,,0,0,,,,,,,N
PI,12130,SIMÕES,N,36,0,7719,1290,9009,85.68,14.32,Lula,36,0,100.0,0.0,0,0,0,,,,0,0,,,,,,,N
PI,12173,SOCORRO DO PIAUÍ,N,15,0,2465,513,2978,82.77,17.23,Lula,15,0,100.0,0.0,0,0,0,,,,0,0,,,,,,,N
PI,12513,SUSSUAPARA,N,21,0,4398,823,5221,84.24,15.76,Lula,21,0,100.0,0.0,0,0,0,,,,0,0,,,,,,,N
PI,10502,SÃO BRAZ DO PIAUÍ,N,16,0,2921,242,3163,92.35,7.65,Lula,16,0,100.0,0.0,0,0,0,,,,0,0,,,,,,,N
PI,12505,SÃO FRANCISCO DE ASSIS DO PIAUÍ,N,19,0,2899,844,3743,77.45,22.55,Lula,19,0,100.0,0.0,0,0,0,,,,0,0,,,,,,,N
PI,11932,SÃO FRANCISCO DO PIAUÍ,N,27,0,3074,1227,4301,71.47,28.53,Lula,27,0,100.0,0.0,0,0,0,,,,0,0,,,,,,,N
PI,11916,SÃO FÉLIX DO PIAUÍ,N,13,0,1953,712,2665,73.28,26.72,Lula,13,0,100.0,0.0,0,0,0,,,,0,0,,,,,,,N
PI,12610,SÃO GONÇALO DO GURGUÉIA,N,11,0,1613,361,1974,81.71,18.29,Lula,11,0,100.0,0.0,0,0,0,,,,0,0,,,,,,,N
PI,11959,SÃO GONÇALO DO PIAUÍ,N,0,16,0,0,0,,,,0,0,,,2642,840,3482,75.88,24.12,Lula,16,0,100.0,0.0,,,,,N
PI,10529,SÃO JOSÉ DO DIVINO,N,19,0,3308,610,3918,84.43,15.57,Lula,19,0,100.0,0.0,0,0,0,,,,0,0,,,,,,,N
PI,12017,SÃO JOSÉ DO PEIXE,N,11,0,1943,319,2262,85.9,14.1,Lula,11,0,100.0,0.0,0,0,0,,,,0,0,,,,,,,N
PI,12033,SÃO JOSÉ DO PIAUÍ,N,23,0,3947,666,4613,85.56,14.44,Lula,23,0,100.0,0.0,0,0,0,,,,0,0,,,,,,,N
PI,11088,SÃO JOÃO DA CANABRAVA,N,17,0,3171,479,3650,86.88,13.12,Lula,17,0,100.0,0.0,0,0,0,,,,0,0,,,,,,,N
PI,12009,SÃO JOÃO DA FRONTEIRA,N,19,0,3039,652,3691,82.34,17.66,Lula,19,0,100.0,0.0,0,0,0,,,,0,0,,,,,,,N
PI,11975,SÃO JOÃO DA SERRA,N,0,25,0,0,0,,,,0,0,,,4008,856,4864,82.4,17.6,Lula,25,0,100.0,0.0,,,,,N
PI,12025,SÃO JOÃO DA VARJOTA,N,20,0,2454,533,2987,82.16,17.84,Lula,20,0,100.0,0.0,0,0,0,,,,0,0,,,,,,,N
PI,10987,SÃO JOÃO DO ARRAIAL,N,30,0,4059,1454,5513,73.63,26.37,Lula,30,0,100.0,0.0,0,0,0,,,,0,0,,,,,,,N
PI,11991,SÃO JOÃO DO PIAUÍ,N,58,0,9359,2220,11579,80.83,19.17,Lula,58,0,100.0,0.0,0,0,0,,,,0,0,,,,,,,N
PI,12050,SÃO JULIÃO,N,17,0,2860,1227,4087,69.98,30.02,Lula,17,0,100.0,0.0,0,0,0,,,,0,0,,,,,,,N
PI,10561,SÃO LOURENÇO DO PIAUÍ,N,16,0,3647,331,3978,91.68,8.32,Lula,16,0,100.0,0.0,0,0,0,,,,0,0,,,,,,,N
PI,12629,SÃO LUIS DO PIAUÍ,N,9,0,1831,375,2206,83.0,17.0,Lula,9,0,100.0,0.0,0,0,0,,,,0,0,,,,,,,N
PI,12661,SÃO MIGUEL DA BAIXA GRANDE,N,8,0,1516,385,1901,79.75,20.25,Lula,8,0,100.0,0.0,0,0,0,,,,0,0,,,,,,,N
PI,12700,SÃO MIGUEL DO FIDALGO,N,12,0,1910,194,2104,90.78,9.22,Lula,12,0,100.0,0.0,0,0,0,,,,0,0,,,,,,,N
PI,12076,SÃO MIGUEL DO TAPUIO,N,58,0,9604,1548,11152,86.12,13.88,Lula,58,0,100.0,0.0,0,0,0,,,,0,0,,,,,,,N
PI,12092,SÃO PEDRO DO PIAUÍ,N,0,41,0,0,0,,,,0,0,,,6717,1905,8622,77.91,22.09,Lula,41,0,100.0,0.0,,,,,N
PI,12114,SÃO RAIMUNDO NONATO,N,85,0,17693,3159,20852,84.85,15.15,Lula,85,0,100.0,0.0,0,0,0,,,,0,0,,,,,,,N
PI,12530,TAMBORIL DO PIAUÍ,N,9,0,1770,299,2069,85.55,14.45,Lula,9,0,100.0,0.0,0,0,0,,,,0,0,,,,,,,N
PI,12521,TANQUE DO PIAUÍ,N,9,0,1524,326,1850,82.38,17.62,Lula,9,0,100.0,0.0,0,0,0,,,,0,0,,,,,,,N
PI,12190,TERESINA,N,0,1678,0,0,0,,,,0,0,,,317918,160558,478476,66.44,33.56,Lula,1573,103,93.74,6.14,,,,,N
PI,12211,UNIÃO,N,0,138,0,0,0,,,,0,0,,,22583,6079,28662,78.79,21.21,Lula,138,0,100.0,0.0,,,,,N
PI,12238,URUÇUÍ,N,64,0,9697,4218,13915,69.69,30.31,Lula,62,2,96.88,3.12,0,0,0,,,,0,0,,,,,,,N
PI,12254,VALENÇA DO PIAUÍ,N,59,0,10242,2661,12903,79.38,20.62,Lula,59,0,100.0,0.0,0,0,0,,,,0,0,,,,,,,N
PI,12556,VERA MENDES,N,13,0,2306,306,2612,88.28,11.72,Lula,13,0,100.0,0.0,0,0,0,,,,0,0,,,,,,,N
PI,12548,VILA NOVA DO PIAUÍ,N,10,0,1849,414,2263,81.71,18.29,Lula,10,0,100.0,0.0,0,0,0,,,,0,0,,,,,,,N
PI,10588,VÁRZEA BRANCA,N,16,0,3255,350,3605,90.29,9.71,Lula,16,0,100.0,0.0,0,0,0,,,,0,0,,,,,,,N
PI,12270,VÁRZEA GRANDE,N,18,0,2319,500,2819,82.26,17.74,Lula,18,0,100.0,0.0,0,0,0,,,,0,0,,,,,,,N
PI,12564,WALL FERRAZ,N,15,0,2576,675,3251,79.24,20.76,Lula,15,0,100.0,0.0,0,0,0,,,,0,0,,,,,,,N
PI,10030,ÁGUA BRANCA,N,0,53,0,0,0,,,,0,0,,,8576,3351,11927,71.9,28.1,Lula,53,0,100.0,0.0,,,,,N
PR,74012,ABATIÁ,N,16,0,1941,2605,4546,42.7,57.3,Bolsonaro,1,15,6.25,93.75,0,0,0,,,,0,0,,,,,,,N
PR,74039,ADRIANÓPOLIS,N,0,22,0,0,0,,,,0,0,,,2468,1537,4005,61.62,38.38,Lula,22,0,100.0,0.0,,,,,N
PR,74055,AGUDOS DO SUL,N,0,24,0,0,0,,,,0,0,,,2343,4051,6394,36.64,63.36,Bolsonaro,1,23,4.17,95.83,,,,,N
PR,74071,ALMIRANTE TAMANDARÉ,N,0,194,0,0,0,,,,0,0,,,24504,33534,58038,42.22,57.78,Bolsonaro,15,179,7.73,92.27,,,,,N
PR,84557,ALTAMIRA DO PARANÁ,N,10,0,1407,1147,2554,55.09,44.91,Lula,10,0,100.0,0.0,0,0,0,,,,0,0,,,,,,,N
PR,74098,ALTO PARANÁ,N,31,0,3731,4583,8314,44.88,55.12,Bolsonaro,8,23,25.81,74.19,0,0,0,,,,0,0,,,,,,,N
PR,74926,ALTO PARAÍSO,N,11,0,908,1293,2201,41.25,58.75,Bolsonaro,0,11,0.0,100.0,0,0,0,,,,0,0,,,,,,,N
PR,74110,ALTO PIQUIRI,N,21,0,2931,2762,5693,51.48,48.52,Lula,9,12,42.86,57.14,0,0,0,,,,0,0,,,,,,,N
PR,79510,ALTÔNIA,N,49,0,3685,7760,11445,32.2,67.8,Bolsonaro,0,49,0.0,100.0,0,0,0,,,,0,0,,,,,,,N
PR,74136,ALVORADA DO SUL,N,25,0,2203,3387,5590,39.41,60.59,Bolsonaro,0,25,0.0,100.0,0,0,0,,,,0,0,,,,,,,N
PR,74152,AMAPORÃ,N,13,0,1621,1554,3175,51.06,48.94,Lula,8,4,61.54,30.77,0,0,0,,,,0,0,,,,,,,N
PR,74179,AMPÉRE,N,47,0,6784,5311,12095,56.09,43.91,Lula,33,14,70.21,29.79,0,0,0,,,,0,0,,,,,,,N
PR,74101,ANAHY,N,8,0,1112,1086,2198,50.59,49.41,Lula,4,4,50.0,50.0,0,0,0,,,,0,0,,,,,,,N
PR,74195,ANDIRÁ,N,55,0,5141,7396,12537,41.01,58.99,Bolsonaro,8,47,14.55,85.45,0,0,0,,,,0,0,,,,,,,N
PR,74217,ANTONINA,N,0,50,0,0,0,,,,0,0,,,4022,7596,11618,34.62,65.38,Bolsonaro,0,50,0.0,100.0,,,,,N
PR,74233,ANTONIO OLINTO,N,0,21,0,0,0,,,,0,0,,,2525,2769,5294,47.7,52.3,Bolsonaro,7,14,33.33,66.67,,,,,N
PR,74250,APUCARANA,N,281,0,21614,51894,73508,29.4,70.6,Bolsonaro,0,281,0.0,100.0,0,0,0,,,,0,0,,,,,,,N
PR,74276,ARAPONGAS,N,239,0,15853,50404,66257,23.93,76.07,Bolsonaro,0,239,0.0,100.0,0,0,0,,,,0,0,,,,,,,N
PR,74292,ARAPOTI,N,0,64,0,0,0,,,,0,0,,,4840,10014,14854,32.58,67.42,Bolsonaro,0,64,0.0,100.0,,,,,N
PR,75108,ARAPUÃ,N,13,0,1344,1222,2566,52.38,47.62,Lula,9,4,69.23,30.77,0,0,0,,,,0,0,,,,,,,N
PR,74314,ARARUNA,N,34,0,3543,5252,8795,40.28,59.72,Bolsonaro,4,30,11.76,88.24,0,0,0,,,,0,0,,,,,,,N
PR,74357,ARAUCÁRIA,N,0,316,0,0,0,,,,0,0,,,37349,45633,82982,45.01,54.99,Bolsonaro,62,250,19.62,79.11,,,,,N
PR,75086,ARIRANHA DO IVAÍ,N,7,0,1068,787,1855,57.57,42.43,Lula,6,1,85.71,14.29,0,0,0,,,,0,0,,,,,,,N
PR,74373,ASSAÍ,N,43,0,2830,6742,9572,29.57,70.43,Bolsonaro,4,39,9.3,90.7,0,0,0,,,,0,0,,,,,,,N
PR,79537,ASSIS CHATEAUBRIAND,N,83,0,7474,14276,21750,34.36,65.64,Bolsonaro,12,70,14.46,84.34,0,0,0,,,,0,0,,,,,,,N
PR,74390,ASTORGA,N,62,0,4419,11738,16157,27.35,72.65,Bolsonaro,0,62,0.0,100.0,0,0,0,,,,0,0,,,,,,,N
PR,74411,ATALAIA,N,12,0,1167,1744,2911,40.09,59.91,Bolsonaro,0,12,0.0,100.0,0,0,0,,,,0,0,,,,,,,N
PR,74438,BALSA NOVA,N,0,37,0,0,0,,,,0,0,,,3488,5834,9322,37.42,62.58,Bolsonaro,1,36,2.7,97.3,,,,,N
PR,74454,BANDEIRANTES,N,81,0,5575,13737,19312,28.87,71.13,Bolsonaro,0,81,0.0,100.0,0,0,0,,,,0,0,,,,,,,N
PR,74470,BARBOSA FERRAZ,N,35,0,2981,3599,6580,45.3,54.7,Bolsonaro,7,28,20.0,80.0,0,0,0,,,,0,0,,,,,,,N
PR,74519,BARRA DO JACARÉ,N,9,0,1006,1085,2091,48.11,51.89,Bolsonaro,1,6,11.11,66.67,0,0,0,,,,0,0,,,,,,,N
PR,74497,BARRACÃO,N,28,0,2709,3310,6019,45.01,54.99,Bolsonaro,9,19,32.14,67.86,0,0,0,,,,0,0,,,,,,,N
PR,75124,BELA VISTA DA CAROBA,N,9,0,1443,1008,2451,58.87,41.13,Lula,8,1,88.89,11.11,0,0,0,,,,0,0,,,,,,,N
PR,74535,BELA VISTA DO PARAÍSO,N,43,0,3660,6097,9757,37.51,62.49,Bolsonaro,9,34,20.93,79.07,0,0,0,,,,0,0,,,,,,,N
PR,74551,BITURUNA,N,42,0,5366,4306,9672,55.48,44.52,Lula,28,13,66.67,30.95,0,0,0,,,,0,0,,,,,,,N
PR,74578,BOA ESPERANÇA,N,11,0,878,2237,3115,28.19,71.81,Bolsonaro,0,11,0.0,100.0,0,0,0,,,,0,0,,,,,,,N
PR,74144,BOA ESPERANÇA DO IGUAÇU,N,8,0,1201,721,1922,62.49,37.51,Lula,8,0,100.0,0.0,0,0,0,,,,0,0,,,,,,,N
PR,75140,BOA VENTURA DE SÃO ROQUE,N,20,0,2471,1594,4065,60.79,39.21,Lula,19,1,95.0,5.0,0,0,0,,,,0,0,,,,,,,N
PR,79812,BOA VISTA DA APARECIDA,N,20,0,2603,2718,5321,48.92,51.08,Bolsonaro,10,10,50.0,50.0,0,0,0,,,,0,0,,,,,,,N
PR,74594,BOCAIÚVA DO SUL,N,0,30,0,0,0,,,,0,0,,,3143,4288,7431,42.3,57.7,Bolsonaro,2,26,6.67,86.67,,,,,N
PR,75167,BOM JESUS DO SUL,N,17,0,1553,1361,2914,53.29,46.71,Lula,10,7,58.82,41.18,0,0,0,,,,0,0,,,,,,,N
PR,74616,BOM SUCESSO,N,18,0,2249,1906,4155,54.13,45.87,Lula,16,1,88.89,5.56,0,0,0,,,,0,0,,,,,,,N
PR,74160,BOM SUCESSO DO SUL,N,11,0,901,1558,2459,36.64,63.36,Bolsonaro,1,10,9.09,90.91,0,0,0,,,,0,0,,,,,,,N
PR,74632,BORRAZÓPOLIS,N,27,0,2086,3050,5136,40.62,59.38,Bolsonaro,0,27,0.0,100.0,0,0,0,,,,0,0,,,,,,,N
PR,79839,BRAGANEY,N,16,0,1626,1953,3579,45.43,54.57,Bolsonaro,3,13,18.75,81.25,0,0,0,,,,0,0,,,,,,,N
PR,74187,BRASILÂNDIA DO SUL,N,9,0,1346,1134,2480,54.27,45.73,Lula,7,2,77.78,22.22,0,0,0,,,,0,0,,,,,,,N
PR,74659,CAFEARA,N,7,0,1022,797,1819,56.18,43.82,Lula,7,0,100.0,0.0,0,0,0,,,,0,0,,,,,,,N
PR,79855,CAFELÂNDIA,N,40,0,3488,7165,10653,32.74,67.26,Bolsonaro,0,40,0.0,100.0,0,0,0,,,,0,0,,,,,,,N
PR,74209,CAFEZAL DO SUL,N,12,0,1222,1986,3208,38.09,61.91,Bolsonaro,0,12,0.0,100.0,0,0,0,,,,0,0,,,,,,,N
PR,74675,CALIFÓRNIA,N,25,0,1860,3722,5582,33.32,66.68,Bolsonaro,0,25,0.0,100.0,0,0,0,,,,0,0,,,,,,,N
PR,74691,CAMBARÁ,N,55,0,5282,8539,13821,38.22,61.78,Bolsonaro,2,53,3.64,96.36,0,0,0,,,,0,0,,,,,,,N
PR,74730,CAMBIRA,N,17,0,1799,3248,5047,35.64,64.36,Bolsonaro,0,17,0.0,100.0,0,0,0,,,,0,0,,,,,,,N
PR,74713,CAMBÉ,N,208,0,18016,40519,58535,30.78,69.22,Bolsonaro,0,208,0.0,100.0,0,0,0,,,,0,0,,,,,,,N
PR,74756,CAMPINA DA LAGOA,N,40,0,3902,5426,9328,41.83,58.17,Bolsonaro,6,34,15.0,85.0,0,0,0,,,,0,0,,,,,,,N
PR,75183,CAMPINA DO SIMÃO,N,11,0,1759,1006,2765,63.62,36.38,Lula,11,0,100.0,0.0,0,0,0,,,,0,0,,,,,,,N
PR,74772,CAMPINA GRANDE DO SUL,N,0,93,0,0,0,,,,0,0,,,9930,16566,26496,37.48,62.52,Bolsonaro,4,89,4.3,95.7,,,,,N
PR,74780,CAMPO BONITO,N,12,0,1524,1372,2896,52.62,47.38,Lula,11,1,91.67,8.33,0,0,0,,,,0,0,,,,,,,N
PR,74799,CAMPO DO TENENTE,N,0,18,0,0,0,,,,0,0,,,1847,3105,4952,37.3,62.7,Bolsonaro,1,17,5.56,94.44,,,,,N
PR,74810,CAMPO LARGO,N,0,268,0,0,0,,,,0,0,,,25316,47247,72563,34.89,65.11,Bolsonaro,11,257,4.1,95.9,,,,,N
PR,75205,CAMPO MAGRO,N,0,54,0,0,0,,,,0,0,,,6711,9351,16062,41.78,58.22,Bolsonaro,6,48,11.11,88.89,,,,,N
PR,74837,CAMPO MOURÃO,N,207,0,21035,33849,54884,38.33,61.67,Bolsonaro,34,173,16.43,83.57,0,0,0,,,,0,0,,,,,,,N
PR,74225,CANDÓI,N,40,0,5051,4118,9169,55.09,44.91,Lula,27,13,67.5,32.5,0,0,0,,,,0,0,,,,,,,N
PR,84514,CANTAGALO,N,30,0,3949,2937,6886,57.35,42.65,Lula,23,7,76.67,23.33,0,0,0,,,,0,0,,,,,,,N
PR,74870,CAPANEMA,N,52,0,5891,6462,12353,47.69,52.31,Bolsonaro,23,29,44.23,55.77,0,0,0,,,,0,0,,,,,,,N
PR,74896,CAPITÃO LEÔNIDAS MARQUES,N,35,0,4235,5076,9311,45.48,54.52,Bolsonaro,9,26,25.71,74.29,0,0,0,,,,0,0,,,,,,,N
PR,75221,CARAMBEÍ,N,0,46,0,0,0,,,,0,0,,,3743,9655,13398,27.94,72.06,Bolsonaro,0,46,0.0,100.0,,,,,N
PR,74918,CARLÓPOLIS,N,37,0,3515,5529,9044,38.87,61.13,Bolsonaro,0,36,0.0,97.3,0,0,0,,,,0,0,,,,,,,N
PR,74934,CASCAVEL,N,660,0,62049,125392,187441,33.1,66.9,Bolsonaro,39,619,5.91,93.79,0,0,0,,,,0,0,,,,,,,N
PR,74950,CASTRO,N,0,177,0,0,0,,,,0,0,,,15415,27913,43328,35.58,64.42,Bolsonaro,20,156,11.3,88.14,,,,,N
PR,74977,CATANDUVAS,N,27,0,2332,3114,5446,42.82,57.18,Bolsonaro,6,21,22.22,77.78,0,0,0,,,,0,0,,,,,,,N
PR,74993,CENTENÁRIO DO SUL,N,32,0,3848,2846,6694,57.48,42.52,Lula,27,5,84.38,15.62,0,0,0,,,,0,0,,,,,,,N
PR,75019,CERRO AZUL,N,0,46,0,0,0,,,,0,0,,,5789,4473,10262,56.41,43.59,Lula,33,13,71.74,28.26,,,,,N
PR,75035,CHOPINZINHO,N,52,0,5645,7723,13368,42.23,57.77,Bolsonaro,11,41,21.15,78.85,0,0,0,,,,0,0,,,,,,,N
PR,75051,CIANORTE,N,183,0,12498,32866,45364,27.55,72.45,Bolsonaro,0,183,0.0,100.0,0,0,0,,,,0,0,,,,,,,N
PR,75078,CIDADE GAÚCHA,N,32,0,3072,3855,6927,44.35,55.65,Bolsonaro,5,27,15.62,84.38,0,0,0,,,,0,0,,,,,,,N
PR,75094,CLEVELÂNDIA,N,48,0,4947,5138,10085,49.05,50.95,Bolsonaro,19,28,39.58,58.33,0,0,0,,,,0,0,,,,,,,N
PR,75132,COLOMBO,N,0,453,0,0,0,,,,0,0,,,47913,75459,123372,38.84,61.16,Bolsonaro,2,450,0.44,99.34,,,,,N
PR,75159,COLORADO,N,58,0,6725,7829,14554,46.21,53.79,Bolsonaro,21,37,36.21,63.79,0,0,0,,,,0,0,,,,,,,N
PR,75175,CONGONHINHAS,N,21,0,2958,2062,5020,58.92,41.08,Lula,20,1,95.24,4.76,0,0,0,,,,0,0,,,,,,,N
PR,75191,CONSELHEIRO MAIRINCK,N,0,9,0,0,0,,,,0,0,,,1130,1196,2326,48.58,51.42,Bolsonaro,2,7,22.22,77.78,,,,,N
PR,75213,CONTENDA,N,0,36,0,0,0,,,,0,0,,,4437,6047,10484,42.32,57.68,Bolsonaro,3,33,8.33,91.67,,,,,N
PR,75230,CORBÉLIA,N,43,0,3783,7546,11329,33.39,66.61,Bolsonaro,1,42,2.33,97.67,0,0,0,,,,0,0,,,,,,,N
PR,75256,CORNÉLIO PROCÓPIO,N,112,0,10023,17918,27941,35.87,64.13,Bolsonaro,3,107,2.68,95.54,0,0,0,,,,0,0,,,,,,,N
PR,75248,CORONEL DOMINGOS SOARES,N,17,0,2377,1528,3905,60.87,39.13,Lula,15,0,88.24,0.0,0,0,0,,,,0,0,,,,,,,N
PR,75272,CORONEL VIVIDA,N,55,0,6728,7429,14157,47.52,52.48,Bolsonaro,21,33,38.18,60.0,0,0,0,,,,0,0,,,,,,,N
PR,75280,CORUMBATAÍ DO SUL,N,12,0,1429,1306,2735,52.25,47.75,Lula,9,3,75.0,25.0,0,0,0,,,,0,0,,,,,,,N
PR,75337,CRUZ MACHADO,N,49,0,4493,6324,10817,41.54,58.46,Bolsonaro,5,44,10.2,89.8,0,0,0,,,,0,0,,,,,,,N
PR,74241,CRUZEIRO DO IGUAÇU,N,13,0,1543,1323,2866,53.84,46.16,Lula,9,3,69.23,23.08,0,0,0,,,,0,0,,,,,,,N
PR,75299,CRUZEIRO DO OESTE,N,56,0,4823,8195,13018,37.05,62.95,Bolsonaro,8,47,14.29,83.93,0,0,0,,,,0,0,,,,,,,N
PR,75310,CRUZEIRO DO SUL,N,12,0,1842,1345,3187,57.8,42.2,Lula,12,0,100.0,0.0,0,0,0,,,,0,0,,,,,,,N
PR,75264,CRUZMALTINA,N,11,0,867,1248,2115,40.99,59.01,Bolsonaro,2,9,18.18,81.82,0,0,0,,,,0,0,,,,,,,N
PR,75353,CURITIBA,N,0,4001,0,0,0,,,,0,0,,,391675,720322,1111997,35.22,64.78,Bolsonaro,83,3912,2.07,97.78,,,,,N
PR,75370,CURIÚVA,N,33,0,3660,4358,8018,45.65,54.35,Bolsonaro,9,24,27.27,72.73,0,0,0,,,,0,0,,,,,,,N
PR,74853,CÂNDIDO DE ABREU,N,0,47,0,0,0,,,,0,0,,,4058,4816,8874,45.73,54.27,Bolsonaro,20,26,42.55,55.32,,,,,N
PR,79570,CÉU AZUL,N,28,0,1770,5408,7178,24.66,75.34,Bolsonaro,0,28,0.0,100.0,0,0,0,,,,0,0,,,,,,,N
PR,75400,DIAMANTE D'OESTE,N,15,0,1750,1205,2955,59.22,40.78,Lula,15,0,100.0,0.0,0,0,0,,,,0,0,,,,,,,N
PR,75396,DIAMANTE DO NORTE,N,19,0,1452,1973,3425,42.39,57.61,Bolsonaro,2,17,10.53,89.47,0,0,0,,,,0,0,,,,,,,N
PR,74268,DIAMANTE DO SUL,N,9,0,1181,1178,2359,50.06,49.94,Lula,4,4,44.44,44.44,0,0,0,,,,0,0,,,,,,,N
PR,75418,DOIS VIZINHOS,N,96,0,12606,13835,26441,47.68,52.32,Bolsonaro,40,56,41.67,58.33,0,0,0,,,,0,0,,,,,,,N
PR,84654,DOURADINA,N,19,0,1878,3536,5414,34.69,65.31,Bolsonaro,2,17,10.53,89.47,0,0,0,,,,0,0,,,,,,,N
PR,75434,DOUTOR CAMARGO,N,17,0,1377,2699,4076,33.78,66.22,Bolsonaro,0,17,0.0,100.0,0,0,0,,,,0,0,,,,,,,N
PR,74942,DOUTOR ULYSSES,N,0,16,0,0,0,,,,0,0,,,2221,1669,3890,57.1,42.9,Lula,11,5,68.75,31.25,,,,,N
PR,75477,ENGENHEIRO BELTRÃO,N,32,0,3197,5024,8221,38.89,61.11,Bolsonaro,4,28,12.5,87.5,0,0,0,,,,0,0,,,,,,,N
PR,74284,ENTRE RIOS DO OESTE,N,14,0,768,2240,3008,25.53,74.47,Bolsonaro,0,14,0.0,100.0,0,0,0,,,,0,0,,,,,,,N
PR,75450,ENÉAS MARQUES,N,16,0,2487,1917,4404,56.47,43.53,Lula,11,5,68.75,31.25,0,0,0,,,,0,0,,,,,,,N
PR,75302,ESPERANÇA NOVA,N,7,0,509,1078,1587,32.07,67.93,Bolsonaro,0,7,0.0,100.0,0,0,0,,,,0,0,,,,,,,N
PR,75329,ESPIGÃO ALTO DO IGUAÇU,N,15,0,1294,1947,3241,39.93,60.07,Bolsonaro,5,10,33.33,66.67,0,0,0,,,,0,0,,,,,,,N
PR,74306,FAROL,N,10,0,1080,1150,2230,48.43,51.57,Bolsonaro,3,6,30.0,60.0,0,0,0,,,,0,0,,,,,,,N
PR,75493,FAXINAL,N,45,0,2788,6715,9503,29.34,70.66,Bolsonaro,1,44,2.22,97.78,0,0,0,,,,0,0,,,,,,,N
PR,74322,FAZENDA RIO GRANDE,N,0,226,0,0,0,,,,0,0,,,25351,38273,63624,39.85,60.15,Bolsonaro,8,218,3.54,96.46,,,,,N
PR,75345,FERNANDES PINHEIRO,N,0,19,0,0,0,,,,0,0,,,2072,2315,4387,47.23,52.77,Bolsonaro,6,13,31.58,68.42,,,,,N
PR,84573,FIGUEIRA,N,23,0,2834,2069,4903,57.8,42.2,Lula,22,1,95.65,4.35,0,0,0,,,,0,0,,,,,,,N
PR,74349,FLOR DA SERRA DO SUL,N,17,0,1934,1713,3647,53.03,46.97,Lula,11,6,64.71,35.29,0,0,0,,,,0,0,,,,,,,N
PR,75531,FLORAÍ,N,15,0,1516,2171,3687,41.12,58.88,Bolsonaro,0,15,0.0,100.0,0,0,0,,,,0,0,,,,,,,N
PR,75558,FLORESTA,N,19,0,2059,3531,5590,36.83,63.17,Bolsonaro,0,19,0.0,100.0,0,0,0,,,,0,0,,,,,,,N
PR,75574,FLORESTÓPOLIS,N,34,0,3991,3636,7627,52.33,47.67,Lula,23,11,67.65,32.35,0,0,0,,,,0,0,,,,,,,N
PR,75590,FLÓRIDA,N,9,0,934,990,1924,48.54,51.46,Bolsonaro,3,6,33.33,66.67,0,0,0,,,,0,0,,,,,,,N
PR,75612,FORMOSA DO OESTE,N,19,0,1711,3162,4873,35.11,64.89,Bolsonaro,0,19,0.0,100.0,0,0,0,,,,0,0,,,,,,,N
PR,75639,FOZ DO IGUAÇU,N,587,0,53259,104235,157494,33.82,66.18,Bolsonaro,10,576,1.7,98.13,0,0,0,,,,0,0,,,,,,,N
PR,75361,FOZ DO JORDÃO,N,15,0,2059,1170,3229,63.77,36.23,Lula,14,1,93.33,6.67,0,0,0,,,,0,0,,,,,,,N
PR,79774,FRANCISCO ALVES,N,21,0,1712,2941,4653,36.79,63.21,Bolsonaro,1,20,4.76,95.24,0,0,0,,,,0,0,,,,,,,N
PR,75655,FRANCISCO BELTRÃO,N,204,0,25034,29417,54451,45.98,54.02,Bolsonaro,80,124,39.22,60.78,0,0,0,,,,0,0,,,,,,,N
PR,75515,FÊNIX,N,12,0,1537,1500,3037,50.61,49.39,Lula,6,6,50.0,50.0,0,0,0,,,,0,0,,,,,,,N
PR,75671,GENERAL CARNEIRO,N,32,0,3452,3101,6553,52.68,47.32,Lula,18,14,56.25,43.75,0,0,0,,,,0,0,,,,,,,N
PR,74004,GODOY MOREIRA,N,11,0,1251,819,2070,60.43,39.57,Lula,11,0,100.0,0.0,0,0,0,,,,0,0,,,,,,,N
PR,75698,GOIOERÊ,N,72,0,6090,11033,17123,35.57,64.43,Bolsonaro,6,65,8.33,90.28,0,0,0,,,,0,0,,,,,,,N
PR,75388,GOIOXIM,N,19,0,2635,1475,4110,64.11,35.89,Lula,19,0,100.0,0.0,0,0,0,,,,0,0,,,,,,,N
PR,79596,GRANDES RIOS,N,18,0,1328,2398,3726,35.64,64.36,Bolsonaro,0,18,0.0,100.0,0,0,0,,,,0,0,,,,,,,N
PR,75736,GUAIRAÇÁ,N,15,0,1673,2381,4054,41.27,58.73,Bolsonaro,1,14,6.67,93.33,0,0,0,,,,0,0,,,,,,,N
PR,75426,GUAMIRANGA,N,0,21,0,0,0,,,,0,0,,,2149,3301,5450,39.43,60.57,Bolsonaro,1,20,4.76,95.24,,,,,N
PR,75752,GUAPIRAMA,N,12,0,1370,1572,2942,46.57,53.43,Bolsonaro,1,11,8.33,91.67,0,0,0,,,,0,0,,,,,,,N
PR,75779,GUAPOREMA,N,6,0,685,882,1567,43.71,56.29,Bolsonaro,0,6,0.0,100.0,0,0,0,,,,0,0,,,,,,,N
PR,75795,GUARACI,N,13,0,1299,2139,3438,37.78,62.22,Bolsonaro,0,13,0.0,100.0,0,0,0,,,,0,0,,,,,,,N
PR,75817,GUARANIAÇU,N,40,0,3234,5423,8657,37.36,62.64,Bolsonaro,9,31,22.5,77.5,0,0,0,,,,0,0,,,,,,,N
PR,75833,GUARAPUAVA,N,402,0,48299,57176,105475,45.79,54.21,Bolsonaro,154,247,38.31,61.44,0,0,0,,,,0,0,,,,,,,N
PR,75850,GUARAQUEÇABA,N,0,27,0,0,0,,,,0,0,,,2271,2765,5036,45.1,54.9,Bolsonaro,8,19,29.63,70.37,,,,,N
PR,75876,GUARATUBA,N,0,79,0,0,0,,,,0,0,,,6846,14752,21598,31.7,68.3,Bolsonaro,0,78,0.0,98.73,,,,,N
PR,75710,GUAÍRA,N,79,0,5627,12496,18123,31.05,68.95,Bolsonaro,3,76,3.8,96.2,0,0,0,,,,0,0,,,,,,,N
PR,74365,HONÓRIO SERPA,N,14,0,2034,1436,3470,58.62,41.38,Lula,14,0,100.0,0.0,0,0,0,,,,0,0,,,,,,,N
PR,75892,IBAITI,N,0,70,0,0,0,,,,0,0,,,6434,9844,16278,39.53,60.47,Bolsonaro,8,62,11.43,88.57,,,,,N
PR,74020,IBEMA,N,20,0,1932,1951,3883,49.76,50.24,Bolsonaro,10,9,50.0,45.0,0,0,0,,,,0,0,,,,,,,N
PR,75914,IBIPORÃ,N,112,0,9635,21060,30695,31.39,68.61,Bolsonaro,0,112,0.0,100.0,0,0,0,,,,0,0,,,,,,,N
PR,75930,ICARAÍMA,N,21,0,1958,3557,5515,35.5,64.5,Bolsonaro,0,21,0.0,100.0,0,0,0,,,,0,0,,,,,,,N
PR,75957,IGUARAÇU,N,11,0,1175,1917,3092,38.0,62.0,Bolsonaro,0,11,0.0,100.0,0,0,0,,,,0,0,,,,,,,N
PR,74381,IGUATU,N,8,0,863,775,1638,52.69,47.31,Lula,7,0,87.5,0.0,0,0,0,,,,0,0,,,,,,,N
PR,75442,IMBAÚ,N,0,27,0,0,0,,,,0,0,,,3439,3251,6690,51.41,48.59,Lula,13,14,48.15,51.85,,,,,N
PR,75973,IMBITUVA,N,0,71,0,0,0,,,,0,0,,,6854,11825,18679,36.69,63.31,Bolsonaro,5,65,7.04,91.55,,,,,N
PR,76015,INAJÁ,N,8,0,1110,738,1848,60.06,39.94,Lula,8,0,100.0,0.0,0,0,0,,,,0,0,,,,,,,N
PR,79618,INDIANÓPOLIS,N,14,0,1131,1878,3009,37.59,62.41,Bolsonaro,0,14,0.0,100.0,0,0,0,,,,0,0,,,,,,,N
PR,75990,INÁCIO MARTINS,N,31,0,3493,2934,6427,54.35,45.65,Lula,19,12,61.29,38.71,0,0,0,,,,0,0,,,,,,,N
PR,76031,IPIRANGA,N,0,38,0,0,0,,,,0,0,,,3156,6130,9286,33.99,66.01,Bolsonaro,5,33,13.16,86.84,,,,,N
PR,76058,IPORÃ,N,43,0,3214,5945,9159,35.09,64.91,Bolsonaro,3,40,6.98,93.02,0,0,0,,,,0,0,,,,,,,N
PR,74403,IRACEMA DO OESTE,N,9,0,916,952,1868,49.04,50.96,Bolsonaro,3,6,33.33,66.67,0,0,0,,,,0,0,,,,,,,N
PR,76074,IRATI,N,150,0,14365,22388,36753,39.09,60.91,Bolsonaro,17,133,11.33,88.67,0,0,0,,,,0,0,,,,,,,N
PR,76090,IRETAMA,N,25,0,3231,2737,5968,54.14,45.86,Lula,21,3,84.0,12.0,0,0,0,,,,0,0,,,,,,,N
PR,76112,ITAGUAJÉ,N,11,0,1444,1268,2712,53.24,46.76,Lula,9,2,81.82,18.18,0,0,0,,,,0,0,,,,,,,N
PR,75000,ITAIPULÂNDIA,N,29,0,2882,4723,7605,37.9,62.1,Bolsonaro,5,23,17.24,79.31,0,0,0,,,,0,0,,,,,,,N
PR,76139,ITAMBARACÁ,N,15,0,1492,2374,3866,38.59,61.41,Bolsonaro,0,15,0.0,100.0,0,0,0,,,,0,0,,,,,,,N
PR,76155,ITAMBÉ,N,18,0,1658,2434,4092,40.52,59.48,Bolsonaro,5,13,27.78,72.22,0,0,0,,,,0,0,,,,,,,N
PR,76171,ITAPEJARA D'OESTE,N,27,0,3816,3633,7449,51.23,48.77,Lula,17,9,62.96,33.33,0,0,0,,,,0,0,,,,,,,N
PR,74446,ITAPERUÇU,N,0,55,0,0,0,,,,0,0,,,10312,6729,17041,60.51,39.49,Lula,48,6,87.27,10.91,,,,,N
PR,76198,ITAÚNA DO SUL,N,9,0,1347,800,2147,62.74,37.26,Lula,9,0,100.0,0.0,0,0,0,,,,0,0,,,,,,,N
PR,76236,IVAIPORÃ,N,82,0,8303,11012,19315,42.99,57.01,Bolsonaro,19,63,23.17,76.83,0,0,0,,,,0,0,,,,,,,N
PR,76252,IVATUBA,N,10,0,763,1266,2029,37.6,62.4,Bolsonaro,0,10,0.0,100.0,0,0,0,,,,0,0,,,,,,,N
PR,74462,IVATÉ,N,18,0,2038,2427,4465,45.64,54.36,Bolsonaro,4,14,22.22,77.78,0,0,0,,,,0,0,,,,,,,N
PR,76210,IVAÍ,N,0,33,0,0,0,,,,0,0,,,3403,5218,8621,39.47,60.53,Bolsonaro,2,30,6.06,90.91,,,,,N
PR,76279,JABOTI,N,0,12,0,0,0,,,,0,0,,,1414,2034,3448,41.01,58.99,Bolsonaro,1,11,8.33,91.67,,,,,N
PR,76295,JACAREZINHO,N,97,0,11239,12130,23369,48.09,51.91,Bolsonaro,38,58,39.18,59.79,0,0,0,,,,0,0,,,,,,,N
PR,76317,JAGUAPITÃ,N,30,0,3037,5127,8164,37.2,62.8,Bolsonaro,0,30,0.0,100.0,0,0,0,,,,0,0,,,,,,,N
PR,76333,JAGUARIAÍVA,N,0,81,0,0,0,,,,0,0,,,7196,13193,20389,35.29,64.71,Bolsonaro,1,80,1.23,98.77,,,,,N
PR,76350,JANDAIA DO SUL,N,56,0,4014,9247,13261,30.27,69.73,Bolsonaro,0,56,0.0,100.0,0,0,0,,,,0,0,,,,,,,N
PR,76376,JANIÓPOLIS,N,16,0,1860,1912,3772,49.31,50.69,Bolsonaro,6,10,37.5,62.5,0,0,0,,,,0,0,,,,,,,N
PR,76392,JAPIRA,N,0,11,0,0,0,,,,0,0,,,1450,1491,2941,49.3,50.7,Bolsonaro,4,7,36.36,63.64,,,,,N
PR,76414,JAPURÁ,N,23,0,1760,4057,5817,30.26,69.74,Bolsonaro,0,23,0.0,100.0,0,0,0,,,,0,0,,,,,,,N
PR,76430,JARDIM ALEGRE,N,31,0,3385,3933,7318,46.26,53.74,Bolsonaro,3,27,9.68,87.1,0,0,0,,,,0,0,,,,,,,N
PR,76457,JARDIM OLINDA,N,5,0,689,337,1026,67.15,32.85,Lula,5,0,100.0,0.0,0,0,0,,,,0,0,,,,,,,N
PR,76473,JATAIZINHO,N,28,0,2821,4645,7466,37.78,62.22,Bolsonaro,1,27,3.57,96.43,0,0,0,,,,0,0,,,,,,,N
PR,79979,JESUÍTAS,N,25,0,2237,3683,5920,37.79,62.21,Bolsonaro,1,24,4.0,96.0,0,0,0,,,,0,0,,,,,,,N
PR,76490,JOAQUIM TÁVORA,N,27,0,2789,4438,7227,38.59,61.41,Bolsonaro,0,27,0.0,100.0,0,0,0,,,,0,0,,,,,,,N
PR,76511,JUNDIAÍ DO SUL,N,9,0,1184,856,2040,58.04,41.96,Lula,9,0,100.0,0.0,0,0,0,,,,0,0,,,,,,,N
PR,84638,JURANDA,N,21,0,1879,3083,4962,37.87,62.13,Bolsonaro,2,19,9.52,90.48,0,0,0,,,,0,0,,,,,,,N
PR,76538,JUSSARA,N,17,0,1766,2615,4381,40.31,59.69,Bolsonaro,0,17,0.0,100.0,0,0,0,,,,0,0,,,,,,,N
PR,76554,KALORÉ,N,13,0,1320,1831,3151,41.89,58.11,Bolsonaro,0,13,0.0,100.0,0,0,0,,,,0,0,,,,,,,N
PR,76570,LAPA,N,0,111,0,0,0,,,,0,0,,,11946,17280,29226,40.87,59.13,Bolsonaro,16,95,14.41,85.59,,,,,N
PR,74985,LARANJAL,N,17,0,2326,1187,3513,66.21,33.79,Lula,17,0,100.0,0.0,0,0,0,,,,0,0,,,,,,,N
PR,76597,LARANJEIRAS DO SUL,N,82,0,10365,8702,19067,54.36,45.64,Lula,53,28,64.63,34.15,0,0,0,,,,0,0,,,,,,,N
PR,76619,LEÓPOLIS,N,12,0,1357,1365,2722,49.85,50.15,Bolsonaro,3,9,25.0,75.0,0,0,0,,,,0,0,,,,,,,N
PR,74489,LIDIANÓPOLIS,N,12,0,1040,1639,2679,38.82,61.18,Bolsonaro,0,12,0.0,100.0,0,0,0,,,,0,0,,,,,,,N
PR,74047,LINDOESTE,N,15,0,2219,1718,3937,56.36,43.64,Lula,12,3,80.0,20.0,0,0,0,,,,0,0,,,,,,,N
PR,76635,LOANDA,N,54,0,4268,8021,12289,34.73,65.27,Bolsonaro,1,53,1.85,98.15,0,0,0,,,,0,0,,,,,,,N
PR,76651,LOBATO,N,13,0,1496,1597,3093,48.37,51.63,Bolsonaro,5,7,38.46,53.85,0,0,0,,,,0,0,,,,,,,N
PR,76678,LONDRINA,N,1138,0,83923,225349,309272,27.14,72.86,Bolsonaro,4,1134,0.35,99.65,0,0,0,,,,0,0,,,,,,,N
PR,75809,LUIZIANA,N,19,0,2263,2196,4459,50.75,49.25,Lula,10,9,52.63,47.37,0,0,0,,,,0,0,,,,,,,N
PR,84590,LUNARDELLI,N,14,0,1431,1789,3220,44.44,55.56,Bolsonaro,0,13,0.0,92.86,0,0,0,,,,0,0,,,,,,,N
PR,76694,LUPIONÓPOLIS,N,14,0,1699,1424,3123,54.4,45.6,Lula,11,3,78.57,21.43,0,0,0,,,,0,0,,,,,,,N
PR,76716,MALLET,N,36,0,3140,5432,8572,36.63,63.37,Bolsonaro,1,34,2.78,94.44,0,0,0,,,,0,0,,,,,,,N
PR,76732,MAMBORÊ,N,38,0,2770,5938,8708,31.81,68.19,Bolsonaro,4,34,10.53,89.47,0,0,0,,,,0,0,,,,,,,N
PR,76775,MANDAGUARI,N,79,0,7498,14604,22102,33.92,66.08,Bolsonaro,0,79,0.0,100.0,0,0,0,,,,0,0,,,,,,,N
PR,76759,MANDAGUAÇU,N,62,0,5597,9151,14748,37.95,62.05,Bolsonaro,5,57,8.06,91.94,0,0,0,,,,0,0,,,,,,,N
PR,76791,MANDIRITUBA,N,0,58,0,0,0,,,,0,0,,,6188,8792,14980,41.31,58.69,Bolsonaro,5,53,8.62,91.38,,,,,N
PR,75469,MANFRINÓPOLIS,N,11,0,1569,778,2347,66.85,33.15,Lula,11,0,100.0,0.0,0,0,0,,,,0,0,,,,,,,N
PR,75116,MANGUEIRINHA,N,44,0,5604,5130,10734,52.21,47.79,Lula,20,24,45.45,54.55,0,0,0,,,,0,0,,,,,,,N
PR,76813,MANOEL RIBAS,N,41,0,3025,5675,8700,34.77,65.23,Bolsonaro,2,39,4.88,95.12,0,0,0,,,,0,0,,,,,,,N
PR,76830,MARECHAL CÂNDIDO RONDON,N,136,0,7971,24373,32344,24.64,75.36,Bolsonaro,0,136,0.0,100.0,0,0,0,,,,0,0,,,,,,,N
PR,76856,MARIA HELENA,N,14,0,1761,2066,3827,46.02,53.98,Bolsonaro,1,13,7.14,92.86,0,0,0,,,,0,0,,,,,,,N
PR,76872,MARIALVA,N,96,0,7348,15799,23147,31.74,68.26,Bolsonaro,1,95,1.04,98.96,0,0,0,,,,0,0,,,,,,,N
PR,79758,MARILENA,N,18,0,2576,1961,4537,56.78,43.22,Lula,18,0,100.0,0.0,0,0,0,,,,0,0,,,,,,,N
PR,76899,MARILUZ,N,25,0,3088,3122,6210,49.73,50.27,Bolsonaro,11,13,44.0,52.0,0,0,0,,,,0,0,,,,,,,N
PR,74330,MARILÂNDIA DO SUL,N,27,0,1959,3648,5607,34.94,65.06,Bolsonaro,2,25,7.41,92.59,0,0,0,,,,0,0,,,,,,,N
PR,76910,MARINGÁ,N,938,0,74885,157051,231936,32.29,67.71,Bolsonaro,9,926,0.96,98.72,0,0,0,,,,0,0,,,,,,,N
PR,74500,MARIPÁ,N,16,0,797,3474,4271,18.66,81.34,Bolsonaro,0,16,0.0,100.0,0,0,0,,,,0,0,,,,,,,N
PR,76937,MARIÓPOLIS,N,18,0,1758,2579,4337,40.53,59.47,Bolsonaro,0,18,0.0,100.0,0,0,0,,,,0,0,,,,,,,N
PR,76953,MARMELEIRO,N,37,0,4673,4667,9340,50.03,49.97,Lula,14,23,37.84,62.16,0,0,0,,,,0,0,,,,,,,N
PR,75485,MARQUINHO,N,14,0,1716,1273,2989,57.41,42.59,Lula,13,1,92.86,7.14,0,0,0,,,,0,0,,,,,,,N
PR,76970,MARUMBI,N,13,0,1525,1599,3124,48.82,51.18,Bolsonaro,5,7,38.46,53.85,0,0,0,,,,0,0,,,,,,,N
PR,76996,MATELÂNDIA,N,39,0,2407,8285,10692,22.51,77.49,Bolsonaro,0,39,0.0,100.0,0,0,0,,,,0,0,,,,,,,N
PR,79634,MATINHOS,N,0,89,0,0,0,,,,0,0,,,9358,13297,22655,41.31,58.69,Bolsonaro,1,88,1.12,98.88,,,,,N
PR,74527,MATO RICO,N,16,0,1605,963,2568,62.5,37.5,Lula,15,1,93.75,6.25,0,0,0,,,,0,0,,,,,,,N
PR,74543,MAUÁ DA SERRA,N,23,0,2292,3373,5665,40.46,59.54,Bolsonaro,2,21,8.7,91.3,0,0,0,,,,0,0,,,,,,,N
PR,77011,MEDIANEIRA,N,122,0,9327,20583,29910,31.18,68.82,Bolsonaro,2,120,1.64,98.36,0,0,0,,,,0,0,,,,,,,N
PR,74560,MERCEDES,N,16,0,714,3338,4052,17.62,82.38,Bolsonaro,0,16,0.0,100.0,0,0,0,,,,0,0,,,,,,,N
PR,77038,MIRADOR,N,7,0,1011,596,1607,62.91,37.09,Lula,6,1,85.71,14.29,0,0,0,,,,0,0,,,,,,,N
PR,77054,MIRASELVA,N,7,0,668,809,1477,45.23,54.77,Bolsonaro,0,7,0.0,100.0,0,0,0,,,,0,0,,,,,,,N
PR,84697,MISSAL,N,30,0,2478,5138,7616,32.54,67.46,Bolsonaro,3,27,10.0,90.0,0,0,0,,,,0,0,,,,,,,N
PR,77070,MOREIRA SALES,N,36,0,3024,4475,7499,40.33,59.67,Bolsonaro,5,31,13.89,86.11,0,0,0,,,,0,0,,,,,,,N
PR,77097,MORRETES,N,0,44,0,0,0,,,,0,0,,,4293,6339,10632,40.38,59.62,Bolsonaro,4,40,9.09,90.91,,,,,N
PR,77119,MUNHOZ DE MELO,N,11,0,1176,1554,2730,43.08,56.92,Bolsonaro,0,11,0.0,100.0,0,0,0,,,,0,0,,,,,,,N
PR,77135,NOSSA SENHORA DAS GRAÇAS,N,11,0,1433,1056,2489,57.57,42.43,Lula,11,0,100.0,0.0,0,0,0,,,,0,0,,,,,,,N
PR,77151,NOVA ALIANÇA DO IVAÍ,N,5,0,569,610,1179,48.26,51.74,Bolsonaro,1,3,20.0,60.0,0,0,0,,,,0,0,,,,,,,N
PR,77178,NOVA AMÉRICA DA COLINA,N,12,0,1154,1375,2529,45.63,54.37,Bolsonaro,2,10,16.67,83.33,0,0,0,,,,0,0,,,,,,,N
PR,79650,NOVA AURORA,N,35,0,2861,5304,8165,35.04,64.96,Bolsonaro,0,35,0.0,100.0,0,0,0,,,,0,0,,,,,,,N
PR,77194,NOVA CANTU,N,21,0,2639,1977,4616,57.17,42.83,Lula,18,3,85.71,14.29,0,0,0,,,,0,0,,,,,,,N
PR,77216,NOVA ESPERANÇA,N,71,0,5659,10139,15798,35.82,64.18,Bolsonaro,2,69,2.82,97.18,0,0,0,,,,0,0,,,,,,,N
PR,75027,NOVA ESPERANÇA DO SUDOESTE,N,16,0,2279,1635,3914,58.23,41.77,Lula,15,1,93.75,6.25,0,0,0,,,,0,0,,,,,,,N
PR,77232,NOVA FÁTIMA,N,22,0,2058,2592,4650,44.26,55.74,Bolsonaro,3,19,13.64,86.36,0,0,0,,,,0,0,,,,,,,N
PR,74586,NOVA LARANJEIRAS,N,25,0,3741,2685,6426,58.22,41.78,Lula,14,11,56.0,44.0,0,0,0,,,,0,0,,,,,,,N
PR,77259,NOVA LONDRINA,N,32,0,3272,4211,7483,43.73,56.27,Bolsonaro,0,32,0.0,100.0,0,0,0,,,,0,0,,,,,,,N
PR,79677,NOVA OLÍMPIA,N,17,0,1422,2470,3892,36.54,63.46,Bolsonaro,1,16,5.88,94.12,0,0,0,,,,0,0,,,,,,,N
PR,79952,NOVA PRATA DO IGUAÇU,N,26,0,3806,3211,7017,54.24,45.76,Lula,17,9,65.38,34.62,0,0,0,,,,0,0,,,,,,,N
PR,74608,NOVA SANTA BÁRBARA,N,12,0,1451,1264,2715,53.44,46.56,Lula,9,3,75.0,25.0,0,0,0,,,,0,0,,,,,,,N
PR,79790,NOVA SANTA ROSA,N,23,0,843,5062,5905,14.28,85.72,Bolsonaro,0,23,0.0,100.0,0,0,0,,,,0,0,,,,,,,N
PR,75760,NOVA TEBAS,N,22,0,2913,1611,4524,64.39,35.61,Lula,22,0,100.0,0.0,0,0,0,,,,0,0,,,,,,,N
PR,74420,NOVO ITACOLOMI,N,8,0,874,1439,2313,37.79,62.21,Bolsonaro,0,8,0.0,100.0,0,0,0,,,,0,0,,,,,,,N
PR,77275,ORTIGUEIRA,N,62,0,8002,6128,14130,56.63,43.37,Lula,44,18,70.97,29.03,0,0,0,,,,0,0,,,,,,,N
PR,77291,OURIZONA,N,10,0,1207,1059,2266,53.27,46.73,Lula,8,2,80.0,20.0,0,0,0,,,,0,0,,,,,,,N
PR,74063,OURO VERDE DO OESTE,N,14,0,1469,2490,3959,37.11,62.89,Bolsonaro,0,14,0.0,100.0,0,0,0,,,,0,0,,,,,,,N
PR,77313,PAIÇANDU,N,95,0,9501,12968,22469,42.28,57.72,Bolsonaro,15,80,15.79,84.21,0,0,0,,,,0,0,,,,,,,N
PR,77330,PALMAS,N,99,0,12752,11024,23776,53.63,46.37,Lula,59,40,59.6,40.4,0,0,0,,,,0,0,,,,,,,N
PR,77356,PALMEIRA,N,0,83,0,0,0,,,,0,0,,,6852,14919,21771,31.47,68.53,Bolsonaro,2,81,2.41,97.59,,,,,N
PR,77372,PALMITAL,N,41,0,4560,3808,8368,54.49,45.51,Lula,22,18,53.66,43.9,0,0,0,,,,0,0,,,,,,,N
PR,77399,PALOTINA,N,79,0,5145,14852,19997,25.73,74.27,Bolsonaro,0,79,0.0,100.0,0,0,0,,,,0,0,,,,,,,N
PR,77437,PARANACITY,N,24,0,3131,2799,5930,52.8,47.2,Lula,18,6,75.0,25.0,0,0,0,,,,0,0,,,,,,,N
PR,77453,PARANAGUÁ,N,0,304,0,0,0,,,,0,0,,,28097,54905,83002,33.85,66.15,Bolsonaro,1,303,0.33,99.67,,,,,N
PR,77470,PARANAPOEMA,N,7,0,1009,692,1701,59.32,40.68,Lula,7,0,100.0,0.0,0,0,0,,,,0,0,,,,,,,N
PR,77496,PARANAVAÍ,N,193,0,16163,33961,50124,32.25,67.75,Bolsonaro,0,192,0.0,99.48,0,0,0,,,,0,0,,,,,,,N
PR,77410,PARAÍSO DO NORTE,N,28,0,3609,4262,7871,45.85,54.15,Bolsonaro,5,23,17.86,82.14,0,0,0,,,,0,0,,,,,,,N
PR,74624,PATO BRAGADO,N,14,0,825,2855,3680,22.42,77.58,Bolsonaro,0,14,0.0,100.0,0,0,0,,,,0,0,,,,,,,N
PR,77518,PATO BRANCO,N,197,0,19717,31260,50977,38.68,61.32,Bolsonaro,37,159,18.78,80.71,0,0,0,,,,0,0,,,,,,,N
PR,77534,PAULA FREITAS,N,16,0,1406,2263,3669,38.32,61.68,Bolsonaro,0,16,0.0,100.0,0,0,0,,,,0,0,,,,,,,N
PR,77550,PAULO FRONTIN,N,17,0,1888,2700,4588,41.15,58.85,Bolsonaro,0,17,0.0,100.0,0,0,0,,,,0,0,,,,,,,N
PR,77577,PEABIRU,N,33,0,3427,4582,8009,42.79,57.21,Bolsonaro,6,27,18.18,81.82,0,0,0,,,,0,0,,,,,,,N
PR,75507,PEROBAL,N,15,0,1461,2811,4272,34.2,65.8,Bolsonaro,0,15,0.0,100.0,0,0,0,,,,0,0,,,,,,,N
PR,75043,PINHAIS,N,0,257,0,0,0,,,,0,0,,,27925,46689,74614,37.43,62.57,Bolsonaro,0,257,0.0,100.0,,,,,N
PR,74640,PINHAL DE SÃO BENTO,N,8,0,1378,542,1920,71.77,28.23,Lula,8,0,100.0,0.0,0,0,0,,,,0,0,,,,,,,N
PR,77631,PINHALÃO,N,0,18,0,0,0,,,,0,0,,,1898,2480,4378,43.35,56.65,Bolsonaro,3,15,16.67,83.33,,,,,N
PR,77658,PINHÃO,N,75,0,10741,7026,17767,60.45,39.55,Lula,61,14,81.33,18.67,0,0,0,,,,0,0,,,,,,,N
PR,77690,PIRAQUARA,N,0,184,0,0,0,,,,0,0,,,22971,30480,53451,42.98,57.02,Bolsonaro,6,178,3.26,96.74,,,,,N
PR,77674,PIRAÍ DO SUL,N,0,63,0,0,0,,,,0,0,,,5549,9166,14715,37.71,62.29,Bolsonaro,8,55,12.7,87.3,,,,,N
PR,77712,PITANGA,N,99,0,10432,9980,20412,51.11,48.89,Lula,49,50,49.49,50.51,0,0,0,,,,0,0,,,,,,,N
PR,74667,PITANGUEIRAS,N,7,0,750,1312,2062,36.37,63.63,Bolsonaro,0,7,0.0,100.0,0,0,0,,,,0,0,,,,,,,N
PR,77615,PIÊN,N,0,32,0,0,0,,,,0,0,,,2314,6253,8567,27.01,72.99,Bolsonaro,1,31,3.12,96.88,,,,,N
PR,77739,PLANALTINA DO PARANÁ,N,11,0,1394,1249,2643,52.74,47.26,Lula,7,4,63.64,36.36,0,0,0,,,,0,0,,,,,,,N
PR,77755,PLANALTO,N,38,0,4316,4107,8423,51.24,48.76,Lula,18,18,47.37,47.37,0,0,0,,,,0,0,,,,,,,N
PR,77771,PONTA GROSSA,N,0,723,0,0,0,,,,0,0,,,69975,130481,200456,34.91,65.09,Bolsonaro,10,713,1.38,98.62,,,,,N
PR,75523,PONTAL DO PARANÁ,N,0,59,0,0,0,,,,0,0,,,6466,9148,15614,41.41,58.59,Bolsonaro,2,56,3.39,94.92,,,,,N
PR,77798,PORECATU,N,31,0,3650,3896,7546,48.37,51.63,Bolsonaro,11,20,35.48,64.52,0,0,0,,,,0,0,,,,,,,N
PR,77810,PORTO AMAZONAS,N,0,12,0,0,0,,,,0,0,,,1081,1868,2949,36.66,63.34,Bolsonaro,0,12,0.0,100.0,,,,,N
PR,75540,PORTO BARREIRO,N,12,0,1306,1188,2494,52.37,47.63,Lula,5,7,41.67,58.33,0,0,0,,,,0,0,,,,,,,N
PR,77836,PORTO RICO,N,10,0,796,1322,2118,37.58,62.42,Bolsonaro,0,10,0.0,100.0,0,0,0,,,,0,0,,,,,,,N
PR,77852,PORTO VITÓRIA,N,11,0,1032,1476,2508,41.15,58.85,Bolsonaro,1,10,9.09,90.91,0,0,0,,,,0,0,,,,,,,N
PR,75566,PRADO FERREIRA,N,9,0,1224,1324,2548,48.04,51.96,Bolsonaro,1,8,11.11,88.89,0,0,0,,,,0,0,,,,,,,N
PR,79910,PRANCHITA,N,17,0,1552,2314,3866,40.14,59.86,Bolsonaro,0,17,0.0,100.0,0,0,0,,,,0,0,,,,,,,N
PR,77879,PRESIDENTE CASTELO BRANCO,N,13,0,1654,1438,3092,53.49,46.51,Lula,11,2,84.62,15.38,0,0,0,,,,0,0,,,,,,,N
PR,77895,PRIMEIRO DE MAIO,N,25,0,2380,4600,6980,34.1,65.9,Bolsonaro,4,21,16.0,84.0,0,0,0,,,,0,0,,,,,,,N
PR,77917,PRUDENTÓPOLIS,N,130,0,8309,22904,31213,26.62,73.38,Bolsonaro,1,129,0.77,99.23,0,0,0,,,,0,0,,,,,,,N
PR,79693,PÉROLA,N,30,0,2767,4454,7221,38.32,61.68,Bolsonaro,1,29,3.33,96.67,0,0,0,,,,0,0,,,,,,,N
PR,77593,PÉROLA D'OESTE,N,16,0,1821,2569,4390,41.48,58.52,Bolsonaro,1,15,6.25,93.75,0,0,0,,,,0,0,,,,,,,N
PR,75582,QUARTO CENTENÁRIO,N,12,0,1280,1602,2882,44.41,55.59,Bolsonaro,0,12,0.0,100.0,0,0,0,,,,0,0,,,,,,,N
PR,77933,QUATIGUÁ,N,19,0,1842,3492,5334,34.53,65.47,Bolsonaro,0,19,0.0,100.0,0,0,0,,,,0,0,,,,,,,N
PR,77950,QUATRO BARRAS,N,0,45,0,0,0,,,,0,0,,,4223,9272,13495,31.29,68.71,Bolsonaro,0,45,0.0,100.0,,,,,N
PR,74683,QUATRO PONTES,N,12,0,484,2790,3274,14.78,85.22,Bolsonaro,0,12,0.0,100.0,0,0,0,,,,0,0,,,,,,,N
PR,79553,QUEDAS DO IGUAÇU,N,79,0,7106,10962,18068,39.33,60.67,Bolsonaro,11,68,13.92,86.08,0,0,0,,,,0,0,,,,,,,N
PR,77976,QUERÊNCIA DO NORTE,N,31,0,3428,3018,6446,53.18,46.82,Lula,19,12,61.29,38.71,0,0,0,,,,0,0,,,,,,,N
PR,77992,QUINTA DO SOL,N,12,0,1683,1677,3360,50.09,49.91,Lula,6,5,50.0,41.67,0,0,0,,,,0,0,,,,,,,N
PR,78018,QUITANDINHA,N,0,42,0,0,0,,,,0,0,,,3600,7648,11248,32.01,67.99,Bolsonaro,0,42,0.0,100.0,,,,,N
PR,74705,RAMILÂNDIA,N,10,0,1433,1260,2693,53.21,46.79,Lula,9,1,90.0,10.0,0,0,0,,,,0,0,,,,,,,N
PR,78034,RANCHO ALEGRE,N,8,0,997,1544,2541,39.24,60.76,Bolsonaro,0,8,0.0,100.0,0,0,0,,,,0,0,,,,,,,N
PR,74721,RANCHO ALEGRE D'OESTE,N,10,0,838,1056,1894,44.24,55.76,Bolsonaro,2,8,20.0,80.0,0,0,0,,,,0,0,,,,,,,N
PR,78050,REALEZA,N,42,0,4852,6634,11486,42.24,57.76,Bolsonaro,7,35,16.67,83.33,0,0,0,,,,0,0,,,,,,,N
PR,78077,REBOUÇAS,N,0,38,0,0,0,,,,0,0,,,4479,5249,9728,46.04,53.96,Bolsonaro,11,27,28.95,71.05,,,,,N
PR,78093,RENASCENÇA,N,15,0,2178,2142,4320,50.42,49.58,Lula,3,12,20.0,80.0,0,0,0,,,,0,0,,,,,,,N
PR,78115,RESERVA,N,0,61,0,0,0,,,,0,0,,,6898,8576,15474,44.58,55.42,Bolsonaro,25,35,40.98,57.38,,,,,N
PR,75604,RESERVA DO IGUAÇU,N,19,0,2515,1543,4058,61.98,38.02,Lula,16,3,84.21,15.79,0,0,0,,,,0,0,,,,,,,N
PR,78131,RIBEIRÃO CLARO,N,29,0,3287,4118,7405,44.39,55.61,Bolsonaro,2,27,6.9,93.1,0,0,0,,,,0,0,,,,,,,N
PR,78158,RIBEIRÃO DO PINHAL,N,37,0,4397,3336,7733,56.86,43.14,Lula,33,4,89.19,10.81,0,0,0,,,,0,0,,,,,,,N
PR,78174,RIO AZUL,N,0,35,0,0,0,,,,0,0,,,3110,6104,9214,33.75,66.25,Bolsonaro,2,33,5.71,94.29,,,,,N
PR,78190,RIO BOM,N,11,0,995,1341,2336,42.59,57.41,Bolsonaro,0,11,0.0,100.0,0,0,0,,,,0,0,,,,,,,N
PR,74748,RIO BONITO DO IGUAÇU,N,37,0,5869,2699,8568,68.5,31.5,Lula,34,3,91.89,8.11,0,0,0,,,,0,0,,,,,,,N
PR,75620,RIO BRANCO DO IVAÍ,N,12,0,1191,1342,2533,47.02,52.98,Bolsonaro,2,10,16.67,83.33,0,0,0,,,,0,0,,,,,,,N
PR,78212,RIO BRANCO DO SUL,N,0,81,0,0,0,,,,0,0,,,11075,10509,21584,51.31,48.69,Lula,41,40,50.62,49.38,,,,,N
PR,78239,RIO NEGRO,N,0,77,0,0,0,,,,0,0,,,5069,14050,19119,26.51,73.49,Bolsonaro,0,77,0.0,100.0,,,,,N
PR,78255,ROLÂNDIA,N,140,0,10797,27558,38355,28.15,71.85,Bolsonaro,3,137,2.14,97.86,0,0,0,,,,0,0,,,,,,,N
PR,78271,RONCADOR,N,28,0,3672,3171,6843,53.66,46.34,Lula,15,13,53.57,46.43,0,0,0,,,,0,0,,,,,,,N
PR,78298,RONDON,N,25,0,2189,3601,5790,37.81,62.19,Bolsonaro,0,25,0.0,100.0,0,0,0,,,,0,0,,,,,,,N
PR,75744,ROSÁRIO DO IVAÍ,N,18,0,1471,1988,3459,42.53,57.47,Bolsonaro,2,16,11.11,88.89,0,0,0,,,,0,0,,,,,,,N
PR,78310,SABÁUDIA,N,17,0,1356,3681,5037,26.92,73.08,Bolsonaro,0,17,0.0,100.0,0,0,0,,,,0,0,,,,,,,N
PR,78336,SALGADO FILHO,N,16,0,1452,1496,2948,49.25,50.75,Bolsonaro,8,8,50.0,50.0,0,0,0,,,,0,0,,,,,,,N
PR,78352,SALTO DO ITARARÉ,N,0,15,0,0,0,,,,0,0,,,1748,1574,3322,52.62,47.38,Lula,10,5,66.67,33.33,,,,,N
PR,78379,SALTO DO LONTRA,N,35,0,5557,3463,9020,61.61,38.39,Lula,29,6,82.86,17.14,0,0,0,,,,0,0,,,,,,,N
PR,78395,SANTA AMÉLIA,N,11,0,1075,1262,2337,46.0,54.0,Bolsonaro,1,10,9.09,90.91,0,0,0,,,,0,0,,,,,,,N
PR,78417,SANTA CECÍLIA DO PAVÃO,N,11,0,1109,1248,2357,47.05,52.95,Bolsonaro,3,8,27.27,72.73,0,0,0,,,,0,0,,,,,,,N
PR,78433,SANTA CRUZ DE MONTE CASTELO,N,20,0,2298,2982,5280,43.52,56.48,Bolsonaro,2,17,10.0,85.0,0,0,0,,,,0,0,,,,,,,N
PR,78450,SANTA FÉ,N,24,0,2820,4337,7157,39.4,60.6,Bolsonaro,0,24,0.0,100.0,0,0,0,,,,0,0,,,,,,,N
PR,79715,SANTA HELENA,N,70,0,6483,10309,16792,38.61,61.39,Bolsonaro,3,67,4.29,95.71,0,0,0,,,,0,0,,,,,,,N
PR,78476,SANTA INÊS,N,7,0,774,618,1392,55.6,44.4,Lula,7,0,100.0,0.0,0,0,0,,,,0,0,,,,,,,N
PR,78492,SANTA ISABEL DO IVAÍ,N,23,0,1900,3540,5440,34.93,65.07,Bolsonaro,0,23,0.0,100.0,0,0,0,,,,0,0,,,,,,,N
PR,78514,SANTA IZABEL DO OESTE,N,28,0,3524,3898,7422,47.48,52.52,Bolsonaro,10,17,35.71,60.71,0,0,0,,,,0,0,,,,,,,N
PR,74764,SANTA LÚCIA,N,13,0,1148,1429,2577,44.55,55.45,Bolsonaro,1,12,7.69,92.31,0,0,0,,,,0,0,,,,,,,N
PR,74802,SANTA MARIA DO OESTE,N,33,0,3785,2573,6358,59.53,40.47,Lula,26,7,78.79,21.21,0,0,0,,,,0,0,,,,,,,N
PR,78530,SANTA MARIANA,N,33,0,3462,3691,7153,48.4,51.6,Bolsonaro,14,19,42.42,57.58,0,0,0,,,,0,0,,,,,,,N
PR,74829,SANTA MÔNICA,N,8,0,1187,971,2158,55.0,45.0,Lula,8,0,100.0,0.0,0,0,0,,,,0,0,,,,,,,N
PR,74080,SANTA TEREZA DO OESTE,N,28,0,2969,4469,7438,39.92,60.08,Bolsonaro,0,28,0.0,100.0,0,0,0,,,,0,0,,,,,,,N
PR,84670,SANTA TEREZINHA DE ITAIPU,N,53,0,4258,10322,14580,29.2,70.8,Bolsonaro,0,53,0.0,100.0,0,0,0,,,,0,0,,,,,,,N
PR,78557,SANTANA DO ITARARÉ,N,0,15,0,0,0,,,,0,0,,,1858,1678,3536,52.55,47.45,Lula,9,5,60.0,33.33,,,,,N
PR,78611,SANTO ANTONIO DO CAIUÁ,N,6,0,1133,748,1881,60.23,39.77,Lula,6,0,100.0,0.0,0,0,0,,,,0,0,,,,,,,N
PR,78590,SANTO ANTÔNIO DA PLATINA,N,107,0,9169,16140,25309,36.23,63.77,Bolsonaro,14,92,13.08,85.98,0,0,0,,,,0,0,,,,,,,N
PR,78638,SANTO ANTÔNIO DO PARAÍSO,N,9,0,862,846,1708,50.47,49.53,Lula,3,6,33.33,66.67,0,0,0,,,,0,0,,,,,,,N
PR,78573,SANTO ANTÔNIO DO SUDOESTE,N,51,0,5984,6124,12108,49.42,50.58,Bolsonaro,30,21,58.82,41.18,0,0,0,,,,0,0,,,,,,,N
PR,78654,SANTO INÁCIO,N,14,0,1862,1832,3694,50.41,49.59,Lula,7,7,50.0,50.0,0,0,0,,,,0,0,,,,,,,N
PR,78999,SAPOPEMA,N,19,0,2116,1974,4090,51.74,48.26,Lula,9,9,47.37,47.37,0,0,0,,,,0,0,,,,,,,N
PR,84611,SARANDI,N,205,0,22685,29538,52223,43.44,56.56,Bolsonaro,41,160,20.0,78.05,0,0,0,,,,0,0,,,,,,,N
PR,75060,SAUDADE DO IGUAÇU,N,16,0,2334,1827,4161,56.09,43.91,Lula,14,2,87.5,12.5,0,0,0,,,,0,0,,,,,,,N
PR,79014,SENGÉS,N,0,47,0,0,0,,,,0,0,,,4064,6368,10432,38.96,61.04,Bolsonaro,7,40,14.89,85.11,,,,,N
PR,75647,SERRANÓPOLIS DO IGUAÇU,N,17,0,1001,2590,3591,27.88,72.12,Bolsonaro,0,17,0.0,100.0,0,0,0,,,,0,0,,,,,,,N
PR,79030,SERTANEJA,N,16,0,1571,2336,3907,40.21,59.79,Bolsonaro,0,16,0.0,100.0,0,0,0,,,,0,0,,,,,,,N
PR,79057,SERTANÓPOLIS,N,38,0,2887,7650,10537,27.4,72.6,Bolsonaro,0,38,0.0,100.0,0,0,0,,,,0,0,,,,,,,N
PR,79073,SIQUEIRA CAMPOS,N,0,45,0,0,0,,,,0,0,,,5789,6351,12140,47.69,52.31,Bolsonaro,13,32,28.89,71.11,,,,,N
PR,75787,SULINA,N,10,0,1214,1122,2336,51.97,48.03,Lula,4,6,40.0,60.0,0,0,0,,,,0,0,,,,,,,N
PR,78670,SÃO CARLOS DO IVAÍ,N,17,0,1669,2633,4302,38.8,61.2,Bolsonaro,0,17,0.0,100.0,0,0,0,,,,0,0,,,,,,,N
PR,78697,SÃO JERÔNIMO DA SERRA,N,31,0,3430,2709,6139,55.87,44.13,Lula,27,4,87.1,12.9,0,0,0,,,,0,0,,,,,,,N
PR,78816,SÃO JORGE D'OESTE,N,27,0,2955,3688,6643,44.48,55.52,Bolsonaro,7,20,25.93,74.07,0,0,0,,,,0,0,,,,,,,N
PR,78794,SÃO JORGE DO IVAÍ,N,18,0,1353,2464,3817,35.45,64.55,Bolsonaro,0,18,0.0,100.0,0,0,0,,,,0,0,,,,,,,N
PR,79995,SÃO JORGE DO PATROCÍNIO,N,14,0,1607,2509,4116,39.04,60.96,Bolsonaro,0,14,0.0,100.0,0,0,0,,,,0,0,,,,,,,N
PR,78832,SÃO JOSÉ DA BOA VISTA,N,0,15,0,0,0,,,,0,0,,,1331,2291,3622,36.75,63.25,Bolsonaro,0,15,0.0,100.0,,,,,N
PR,84719,SÃO JOSÉ DAS PALMEIRAS,N,11,0,1447,1213,2660,54.4,45.6,Lula,9,2,81.82,18.18,0,0,0,,,,0,0,,,,,,,N
PR,78859,SÃO JOSÉ DOS PINHAIS,N,0,560,0,0,0,,,,0,0,,,56655,111043,167698,33.78,66.22,Bolsonaro,1,559,0.18,99.82,,,,,N
PR,78719,SÃO JOÃO,N,31,0,3172,4240,7412,42.8,57.2,Bolsonaro,5,26,16.13,83.87,0,0,0,,,,0,0,,,,,,,N
PR,78735,SÃO JOÃO DO CAIUÁ,N,16,0,2221,1493,3714,59.8,40.2,Lula,15,1,93.75,6.25,0,0,0,,,,0,0,,,,,,,N
PR,78751,SÃO JOÃO DO IVAÍ,N,25,0,3406,3514,6920,49.22,50.78,Bolsonaro,10,15,40.0,60.0,0,0,0,,,,0,0,,,,,,,N
PR,78778,SÃO JOÃO DO TRIUNFO,N,0,40,0,0,0,,,,0,0,,,5531,3777,9308,59.42,40.58,Lula,37,3,92.5,7.5,,,,,N
PR,74845,SÃO MANOEL DO PARANÁ,N,7,0,607,995,1602,37.89,62.11,Bolsonaro,0,7,0.0,100.0,0,0,0,,,,0,0,,,,,,,N
PR,78875,SÃO MATEUS DO SUL,N,0,101,0,0,0,,,,0,0,,,12605,14627,27232,46.29,53.71,Bolsonaro,30,71,29.7,70.3,,,,,N
PR,78891,SÃO MIGUEL DO IGUAÇU,N,76,0,6344,11195,17539,36.17,63.83,Bolsonaro,2,73,2.63,96.05,0,0,0,,,,0,0,,,,,,,N
PR,74861,SÃO PEDRO DO IGUAÇU,N,18,0,1674,2308,3982,42.04,57.96,Bolsonaro,5,13,27.78,72.22,0,0,0,,,,0,0,,,,,,,N
PR,78913,SÃO PEDRO DO IVAÍ,N,25,0,2281,3166,5447,41.88,58.12,Bolsonaro,2,23,8.0,92.0,0,0,0,,,,0,0,,,,,,,N
PR,78930,SÃO PEDRO DO PARANÁ,N,10,0,657,1323,1980,33.18,66.82,Bolsonaro,0,10,0.0,100.0,0,0,0,,,,0,0,,,,,,,N
PR,78956,SÃO SEBASTIÃO DA AMOREIRA,N,22,0,2644,2584,5228,50.57,49.43,Lula,11,11,50.0,50.0,0,0,0,,,,0,0,,,,,,,N
PR,78972,SÃO TOMÉ,N,16,0,1327,2317,3644,36.42,63.58,Bolsonaro,0,16,0.0,100.0,0,0,0,,,,0,0,,,,,,,N
PR,75663,TAMARANA,N,26,0,2514,3773,6287,39.99,60.01,Bolsonaro,1,25,3.85,96.15,0,0,0,,,,0,0,,,,,,,N
PR,79090,TAMBOARA,N,14,0,1284,1928,3212,39.98,60.02,Bolsonaro,0,14,0.0,100.0,0,0,0,,,,0,0,,,,,,,N
PR,79111,TAPEJARA,N,34,0,3658,5738,9396,38.93,61.07,Bolsonaro,0,34,0.0,100.0,0,0,0,,,,0,0,,,,,,,N
PR,79731,TAPIRA,N,17,0,1646,2026,3672,44.83,55.17,Bolsonaro,5,12,29.41,70.59,0,0,0,,,,0,0,,,,,,,N
PR,79138,TEIXEIRA SOARES,N,0,27,0,0,0,,,,0,0,,,2569,3720,6289,40.85,59.15,Bolsonaro,5,22,18.52,81.48,,,,,N
PR,79154,TELÊMACO BORBA,N,0,156,0,0,0,,,,0,0,,,16271,24430,40701,39.98,60.02,Bolsonaro,18,138,11.54,88.46,,,,,N
PR,79170,TERRA BOA,N,39,0,3429,7072,10501,32.65,67.35,Bolsonaro,0,39,0.0,100.0,0,0,0,,,,0,0,,,,,,,N
PR,79197,TERRA RICA,N,39,0,3287,5807,9094,36.14,63.86,Bolsonaro,0,39,0.0,100.0,0,0,0,,,,0,0,,,,,,,N
PR,79219,TERRA ROXA,N,45,0,3240,7636,10876,29.79,70.21,Bolsonaro,3,42,6.67,93.33,0,0,0,,,,0,0,,,,,,,N
PR,79235,TIBAGI,N,0,49,0,0,0,,,,0,0,,,5499,5660,11159,49.28,50.72,Bolsonaro,22,27,44.9,55.1,,,,,N
PR,79251,TIJUCAS DO SUL,N,0,37,0,0,0,,,,0,0,,,4136,5466,9602,43.07,56.93,Bolsonaro,8,28,21.62,75.68,,,,,N
PR,79278,TOLEDO,N,334,0,26548,58445,84993,31.24,68.76,Bolsonaro,16,317,4.79,94.91,0,0,0,,,,0,0,,,,,,,N
PR,79294,TOMAZINA,N,0,21,0,0,0,,,,0,0,,,2238,2837,5075,44.1,55.9,Bolsonaro,3,17,14.29,80.95,,,,,N
PR,79871,TRÊS BARRAS DO PARANÁ,N,35,0,3072,4217,7289,42.15,57.85,Bolsonaro,2,33,5.71,94.29,0,0,0,,,,0,0,,,,,,,N
PR,74888,TUNAS DO PARANÁ,N,0,16,0,0,0,,,,0,0,,,1942,2109,4051,47.94,52.06,Bolsonaro,5,11,31.25,68.75,,,,,N
PR,79316,TUNEIRAS DO OESTE,N,18,0,2024,3328,5352,37.82,62.18,Bolsonaro,0,18,0.0,100.0,0,0,0,,,,0,0,,,,,,,N
PR,79936,TUPÃSSI,N,20,0,1379,3696,5075,27.17,72.83,Bolsonaro,0,20,0.0,100.0,0,0,0,,,,0,0,,,,,,,N
PR,84530,TURVO,N,44,0,5418,3815,9233,58.68,41.32,Lula,40,3,90.91,6.82,0,0,0,,,,0,0,,,,,,,N
PR,79332,UBIRATÃ,N,63,0,5287,9854,15141,34.92,65.08,Bolsonaro,4,59,6.35,93.65,0,0,0,,,,0,0,,,,,,,N
PR,79359,UMUARAMA,N,246,0,18102,45768,63870,28.34,71.66,Bolsonaro,3,243,1.22,98.78,0,0,0,,,,0,0,,,,,,,N
PR,79391,UNIFLOR,N,8,0,929,832,1761,52.75,47.25,Lula,5,3,62.5,37.5,0,0,0,,,,0,0,,,,,,,N
PR,79375,UNIÃO DA VITÓRIA,N,134,0,11854,19295,31149,38.06,61.94,Bolsonaro,10,123,7.46,91.79,0,0,0,,,,0,0,,,,,,,N
PR,79413,URAÍ,N,31,0,2810,4029,6839,41.09,58.91,Bolsonaro,7,24,22.58,77.42,0,0,0,,,,0,0,,,,,,,N
PR,74900,VENTANIA,N,0,22,0,0,0,,,,0,0,,,3174,2747,5921,53.61,46.39,Lula,15,7,68.18,31.82,,,,,N
PR,79898,VERA CRUZ DO OESTE,N,26,0,2038,3308,5346,38.12,61.88,Bolsonaro,3,23,11.54,88.46,0,0,0,,,,0,0,,,,,,,N
PR,79456,VERÊ,N,24,0,3161,2721,5882,53.74,46.26,Lula,17,7,70.83,29.17,0,0,0,,,,0,0,,,,,,,N
PR,74969,VIRMOND,N,12,0,1308,1514,2822,46.35,53.65,Bolsonaro,4,6,33.33,50.0,0,0,0,,,,0,0,,,,,,,N
PR,79472,VITORINO,N,15,0,1770,2768,4538,39.0,61.0,Bolsonaro,1,14,6.67,93.33,0,0,0,,,,0,0,,,,,,,N
PR,79430,WENCESLAU BRAZ,N,0,48,0,0,0,,,,0,0,,,3992,7098,11090,36.0,64.0,Bolsonaro,3,45,6.25,93.75,,,,,N
PR,79499,XAMBRÊ,N,18,0,1703,2494,4197,40.58,59.42,Bolsonaro,0,18,0.0,100.0,0,0,0,,,,0,0,,,,,,,N
PR,74128,ÂNGULO,N,8,0,729,1437,2166,33.66,66.34,Bolsonaro,0,8,0.0,100.0,0,0,0,,,,0,0,,,,,,,N
RJ,58017,ANGRA DOS REIS,N,378,0,32899,65638,98537,33.39,66.61,Bolsonaro,6,371,1.59,98.15,0,0,0,,,,0,0,,,,,,,N
RJ,58181,APERIBÉ,N,31,0,3162,4567,7729,40.91,59.09,Bolsonaro,0,31,0.0,100.0,0,0,0,,,,0,0,,,,,,,N
RJ,58033,ARARUAMA,N,269,0,24357,51201,75558,32.24,67.76,Bolsonaro,1,268,0.37,99.63,0,0,0,,,,0,0,,,,,,,N
RJ,58220,AREAL,N,30,0,3107,4454,7561,41.09,58.91,Bolsonaro,1,29,3.33,96.67,0,0,0,,,,0,0,,,,,,,N
RJ,58408,ARMAÇÃO DOS BÚZIOS,N,91,0,8320,16125,24445,34.04,65.96,Bolsonaro,0,91,0.0,100.0,0,0,0,,,,0,0,,,,,,,N
RJ,59277,ARRAIAL DO CABO,N,89,0,8428,15062,23490,35.88,64.12,Bolsonaro,0,89,0.0,100.0,0,0,0,,,,0,0,,,,,,,N
RJ,58050,BARRA DO PIRAÍ,N,251,0,26016,25999,52015,50.02,49.98,Lula,121,123,48.21,49.0,0,0,0,,,,0,0,,,,,,,N
RJ,58076,BARRA MANSA,N,416,0,47486,56219,103705,45.79,54.21,Bolsonaro,106,305,25.48,73.32,0,0,0,,,,0,0,,,,,,,N
RJ,58041,BELFORD ROXO,N,902,0,102528,155071,257599,39.8,60.2,Bolsonaro,10,888,1.11,98.45,0,0,0,,,,0,0,,,,,,,N
RJ,58092,BOM JARDIM,N,65,0,7249,9485,16734,43.32,56.68,Bolsonaro,7,58,10.77,89.23,0,0,0,,,,0,0,,,,,,,N
RJ,58114,BOM JESUS DO ITABAPOANA,N,86,0,9839,12649,22488,43.75,56.25,Bolsonaro,15,71,17.44,82.56,0,0,0,,,,0,0,,,,,,,N
RJ,58130,CABO FRIO,N,443,0,40668,81373,122041,33.32,66.68,Bolsonaro,0,443,0.0,100.0,0,0,0,,,,0,0,,,,,,,N
RJ,58157,CACHOEIRAS DE MACACU,N,129,0,13330,20933,34263,38.9,61.1,Bolsonaro,3,125,2.33,96.9,0,0,0,,,,0,0,,,,,,,N
RJ,58173,CAMBUCI,N,41,0,4793,4712,9505,50.43,49.57,Lula,21,19,51.22,46.34,0,0,0,,,,0,0,,,,,,,N
RJ,58190,CAMPOS DOS GOYTACAZES,N,1090,0,100427,171999,272426,36.86,63.14,Bolsonaro,40,1045,3.67,95.87,0,0,0,,,,0,0,,,,,,,N
RJ,58211,CANTAGALO,N,60,0,5613,6430,12043,46.61,53.39,Bolsonaro,16,44,26.67,73.33,0,0,0,,,,0,0,,,,,,,N
RJ,58300,CARAPEBUS,N,36,0,4225,5433,9658,43.75,56.25,Bolsonaro,1,34,2.78,94.44,0,0,0,,,,0,0,,,,,,,N
RJ,58068,CARDOSO MOREIRA,N,26,0,3465,5463,8928,38.81,61.19,Bolsonaro,0,26,0.0,100.0,0,0,0,,,,0,0,,,,,,,N
RJ,58238,CARMO,N,51,0,6208,5156,11364,54.63,45.37,Lula,41,10,80.39,19.61,0,0,0,,,,0,0,,,,,,,N
RJ,58254,CASIMIRO DE ABREU,N,104,0,8213,16803,25016,32.83,67.17,Bolsonaro,0,104,0.0,100.0,0,0,0,,,,0,0,,,,,,,N
RJ,58165,COMENDADOR LEVY GASPARIAN,N,26,0,3831,2675,6506,58.88,41.12,Lula,23,3,88.46,11.54,0,0,0,,,,0,0,,,,,,,N
RJ,58270,CONCEIÇÃO DE MACABU,N,70,0,6876,6336,13212,52.04,47.96,Lula,34,35,48.57,50.0,0,0,0,,,,0,0,,,,,,,N
RJ,58297,CORDEIRO,N,57,0,5982,7124,13106,45.64,54.36,Bolsonaro,13,44,22.81,77.19,0,0,0,,,,0,0,,,,,,,N
RJ,58319,DUAS BARRAS,N,30,0,3925,3780,7705,50.94,49.06,Lula,18,12,60.0,40.0,0,0,0,,,,0,0,,,,,,,N
RJ,58335,DUQUE DE CAXIAS,N,1816,0,213922,299197,513119,41.69,58.31,Bolsonaro,142,1660,7.82,91.41,0,0,0,,,,0,0,,,,,,,N
RJ,58351,ENGENHEIRO PAULO DE FRONTIN,N,36,0,4268,4344,8612,49.56,50.44,Bolsonaro,16,20,44.44,55.56,0,0,0,,,,0,0,,,,,,,N
RJ,58106,GUAPIMIRIM,N,117,0,12349,19328,31677,38.98,61.02,Bolsonaro,1,116,0.85,99.15,0,0,0,,,,0,0,,,,,,,N
RJ,58262,IGUABA GRANDE,N,79,0,6453,13766,20219,31.92,68.08,Bolsonaro,0,79,0.0,100.0,0,0,0,,,,0,0,,,,,,,N
RJ,58378,ITABORAÍ,N,490,0,55866,76938,132804,42.07,57.93,Bolsonaro,44,442,8.98,90.2,0,0,0,,,,0,0,,,,,,,N
RJ,58394,ITAGUAÍ,N,277,0,25434,45882,71316,35.66,64.34,Bolsonaro,0,277,0.0,100.0,0,0,0,,,,0,0,,,,,,,N
RJ,59293,ITALVA,N,32,0,3073,5676,8749,35.12,64.88,Bolsonaro,1,31,3.12,96.88,0,0,0,,,,0,0,,,,,,,N
RJ,58416,ITAOCARA,N,70,0,5337,10047,15384,34.69,65.31,Bolsonaro,2,66,2.86,94.29,0,0,0,,,,0,0,,,,,,,N
RJ,58432,ITAPERUNA,N,224,0,19567,36755,56322,34.74,65.26,Bolsonaro,16,208,7.14,92.86,0,0,0,,,,0,0,,,,,,,N
RJ,58440,ITATIAIA,N,67,0,8278,11288,19566,42.31,57.69,Bolsonaro,4,62,5.97,92.54,0,0,0,,,,0,0,,,,,,,N
RJ,58149,JAPERI,N,211,0,23369,32666,56035,41.7,58.3,Bolsonaro,11,199,5.21,94.31,0,0,0,,,,0,0,,,,,,,N
RJ,58459,LAJE DO MURIAÉ,N,23,0,3269,2225,5494,59.5,40.5,Lula,23,0,100.0,0.0,0,0,0,,,,0,0,,,,,,,N
RJ,58475,MACAÉ,N,471,0,58014,69114,127128,45.63,54.37,Bolsonaro,86,377,18.26,80.04,0,0,0,,,,0,0,,,,,,,N
RJ,58386,MACUCO,N,27,0,2848,2722,5570,51.13,48.87,Lula,17,10,62.96,37.04,0,0,0,,,,0,0,,,,,,,N
RJ,58491,MAGÉ,N,568,0,59832,89784,149616,39.99,60.01,Bolsonaro,44,520,7.75,91.55,0,0,0,,,,0,0,,,,,,,N
RJ,58513,MANGARATIBA,N,105,0,10142,17984,28126,36.06,63.94,Bolsonaro,2,103,1.9,98.1,0,0,0,,,,0,0,,,,,,,N
RJ,58530,MARICÁ,N,364,0,54061,57955,112016,48.26,51.74,Bolsonaro,149,211,40.93,57.97,0,0,0,,,,0,0,,,,,,,N
RJ,58556,MENDES,N,55,0,5723,5969,11692,48.95,51.05,Bolsonaro,22,31,40.0,56.36,0,0,0,,,,0,0,,,,,,,N
RJ,58467,MESQUITA,N,0,374,0,0,0,,,,0,0,,,39663,63809,103472,38.33,61.67,Bolsonaro,1,373,0.27,99.73,,,,,N
RJ,58572,MIGUEL PEREIRA,N,73,0,7537,10451,17988,41.9,58.1,Bolsonaro,4,68,5.48,93.15,0,0,0,,,,0,0,,,,,,,N
RJ,58599,MIRACEMA,N,76,0,8938,7734,16672,53.61,46.39,Lula,61,13,80.26,17.11,0,0,0,,,,0,0,,,,,,,N
RJ,58610,NATIVIDADE,N,41,0,4609,4912,9521,48.41,51.59,Bolsonaro,18,20,43.9,48.78,0,0,0,,,,0,0,,,,,,,N
RJ,58637,NILÓPOLIS,N,0,382,0,0,0,,,,0,0,,,39207,60276,99483,39.41,60.59,Bolsonaro,1,380,0.26,99.48,,,,,N
RJ,58653,NITERÓI,N,1170,0,162882,155186,318068,51.21,48.79,Lula,670,489,57.26,41.79,0,0,0,,,,0,0,,,,,,,N
RJ,58670,NOVA FRIBURGO,N,461,0,46661,68371,115032,40.56,59.44,Bolsonaro,25,436,5.42,94.58,0,0,0,,,,0,0,,,,,,,N
RJ,58696,NOVA IGUAÇU,N,0,1669,0,0,0,,,,0,0,,,171677,291907,463584,37.03,62.97,Bolsonaro,7,1661,0.42,99.52,,,,,N
RJ,58718,PARACAMBI,N,95,0,10260,15528,25788,39.79,60.21,Bolsonaro,1,94,1.05,98.95,0,0,0,,,,0,0,,,,,,,N
RJ,58750,PARATY,N,92,0,9086,15329,24415,37.21,62.79,Bolsonaro,8,84,8.7,91.3,0,0,0,,,,0,0,,,,,,,N
RJ,58734,PARAÍBA DO SUL,N,108,0,11138,14086,25224,44.16,55.84,Bolsonaro,9,99,8.33,91.67,0,0,0,,,,0,0,,,,,,,N
RJ,59315,PATY DO ALFERES,N,70,0,6589,11062,17651,37.33,62.67,Bolsonaro,4,66,5.71,94.29,0,0,0,,,,0,0,,,,,,,N
RJ,58777,PETRÓPOLIS,N,750,0,67181,110803,177984,37.75,62.25,Bolsonaro,7,741,0.93,98.8,0,0,0,,,,0,0,,,,,,,N
RJ,58246,PINHEIRAL,N,53,0,7542,6402,13944,54.09,45.91,Lula,42,11,79.25,20.75,0,0,0,,,,0,0,,,,,,,N
RJ,58793,PIRAÍ,N,72,0,8385,8935,17320,48.41,51.59,Bolsonaro,26,45,36.11,62.5,0,0,0,,,,0,0,,,,,,,N
RJ,58815,PORCIÚNCULA,N,47,0,5510,4711,10221,53.91,46.09,Lula,32,14,68.09,29.79,0,0,0,,,,0,0,,,,,,,N
RJ,58327,PORTO REAL,N,51,0,5970,7838,13808,43.24,56.76,Bolsonaro,8,43,15.69,84.31,0,0,0,,,,0,0,,,,,,,N
RJ,58025,QUATIS,N,33,0,4289,4239,8528,50.29,49.71,Lula,15,17,45.45,51.52,0,0,0,,,,0,0,,,,,,,N
RJ,58122,QUEIMADOS,N,303,0,31766,45518,77284,41.1,58.9,Bolsonaro,13,290,4.29,95.71,0,0,0,,,,0,0,,,,,,,N
RJ,58009,QUISSAMÃ,N,55,0,7545,6928,14473,52.13,47.87,Lula,39,14,70.91,25.45,0,0,0,,,,0,0,,,,,,,N
RJ,58831,RESENDE,N,272,0,27584,44732,72316,38.14,61.86,Bolsonaro,11,261,4.04,95.96,0,0,0,,,,0,0,,,,,,,N
RJ,58858,RIO BONITO,N,128,0,12124,22691,34815,34.82,65.18,Bolsonaro,0,128,0.0,100.0,0,0,0,,,,0,0,,,,,,,N
RJ,58874,RIO CLARO,N,50,0,5989,5673,11662,51.35,48.65,Lula,28,21,56.0,42.0,0,0,0,,,,0,0,,,,,,,N
RJ,58890,RIO DAS FLORES,N,22,0,4231,2309,6540,64.69,35.31,Lula,22,0,100.0,0.0,0,0,0,,,,0,0,,,,,,,N
RJ,58203,RIO DAS OSTRAS,N,258,0,25467,45528,70995,35.87,64.13,Bolsonaro,4,254,1.55,98.45,0,0,0,,,,0,0,,,,,,,N
RJ,60011,RIO DE JANEIRO,N,0,11813,0,0,0,,,,0,0,,,1734159,1929209,3663368,47.34,52.66,Bolsonaro,4437,7320,37.56,61.97,,,,,N
RJ,58912,SANTA MARIA MADALENA,N,33,0,3424,3226,6650,51.49,48.51,Lula,20,13,60.61,39.39,0,0,0,,,,0,0,,,,,,,N
RJ,58939,SANTO ANTÔNIO DE PÁDUA,N,105,0,9690,14919,24609,39.38,60.62,Bolsonaro,9,96,8.57,91.43,0,0,0,,,,0,0,,,,,,,N
RJ,59072,SAPUCAIA,N,53,0,5432,7144,12576,43.19,56.81,Bolsonaro,15,38,28.3,71.7,0,0,0,,,,0,0,,,,,,,N
RJ,59099,SAQUAREMA,N,204,0,19094,35630,54724,34.89,65.11,Bolsonaro,0,204,0.0,100.0,0,0,0,,,,0,0,,,,,,,N
RJ,58424,SEROPÉDICA,N,153,0,16840,27546,44386,37.94,62.06,Bolsonaro,3,150,1.96,98.04,0,0,0,,,,0,0,,,,,,,N
RJ,59110,SILVA JARDIM,N,54,0,5452,8843,14295,38.14,61.86,Bolsonaro,0,54,0.0,100.0,0,0,0,,,,0,0,,,,,,,N
RJ,59137,SUMIDOURO,N,38,0,4079,7347,11426,35.7,64.3,Bolsonaro,5,33,13.16,86.84,0,0,0,,,,0,0,,,,,,,N
RJ,58955,SÃO FIDÉLIS,N,94,0,8523,14649,23172,36.78,63.22,Bolsonaro,4,90,4.26,95.74,0,0,0,,,,0,0,,,,,,,N
RJ,58289,SÃO FRANCISCO DE ITABAPOANA,N,110,0,8976,18184,27160,33.05,66.95,Bolsonaro,1,109,0.91,99.09,0,0,0,,,,0,0,,,,,,,N
RJ,58971,SÃO GONÇALO,N,1892,0,222694,276870,499564,44.58,55.42,Bolsonaro,308,1568,16.28,82.88,0,0,0,,,,0,0,,,,,,,N
RJ,58343,SÃO JOSÉ DE UBÁ,N,23,0,2277,3523,5800,39.26,60.74,Bolsonaro,0,23,0.0,100.0,0,0,0,,,,0,0,,,,,,,N
RJ,59331,SÃO JOSÉ DO VALE DO RIO PRETO,N,47,0,2830,10120,12950,21.85,78.15,Bolsonaro,0,47,0.0,100.0,0,0,0,,,,0,0,,,,,,,N
RJ,58998,SÃO JOÃO DA BARRA,N,121,0,11393,17577,28970,39.33,60.67,Bolsonaro,2,119,1.65,98.35,0,0,0,,,,0,0,,,,,,,N
RJ,59013,SÃO JOÃO DE MERITI,N,993,0,112389,168876,281265,39.96,60.04,Bolsonaro,15,976,1.51,98.29,0,0,0,,,,0,0,,,,,,,N
RJ,59030,SÃO PEDRO DA ALDEIA,N,204,0,14548,37646,52194,27.87,72.13,Bolsonaro,0,204,0.0,100.0,0,0,0,,,,0,0,,,,,,,N
RJ,59056,SÃO SEBASTIÃO DO ALTO,N,28,0,2677,3251,5928,45.16,54.84,Bolsonaro,11,16,39.29,57.14,0,0,0,,,,0,0,,,,,,,N
RJ,58360,TANGUÁ,N,70,0,8310,11461,19771,42.03,57.97,Bolsonaro,1,69,1.43,98.57,0,0,0,,,,0,0,,,,,,,N
RJ,59153,TERESÓPOLIS,N,374,0,31265,66230,97495,32.07,67.93,Bolsonaro,2,372,0.53,99.47,0,0,0,,,,0,0,,,,,,,N
RJ,59170,TRAJANO DE MORAES,N,27,0,3671,3184,6855,53.55,46.45,Lula,17,10,62.96,37.04,0,0,0,,,,0,0,,,,,,,N
RJ,59196,TRÊS RIOS,N,184,0,25440,22574,48014,52.98,47.02,Lula,119,64,64.67,34.78,0,0,0,,,,0,0,,,,,,,N
RJ,59218,VALENÇA,N,160,0,23661,17591,41252,57.36,42.64,Lula,141,16,88.12,10.0,0,0,0,,,,0,0,,,,,,,N
RJ,58084,VARRE-SAI,N,24,0,2439,4236,6675,36.54,63.46,Bolsonaro,0,24,0.0,100.0,0,0,0,,,,0,0,,,,,,,N
RJ,59234,VASSOURAS,N,94,0,10953,11398,22351,49.0,51.0,Bolsonaro,34,56,36.17,59.57,0,0,0,,,,0,0,,,,,,,N
RJ,59250,VOLTA REDONDA,N,662,0,81419,91375,172794,47.12,52.88,Bolsonaro,169,482,25.53,72.81,0,0,0,,,,0,0,,,,,,,N
RN,16012,ACARI,N,29,0,4932,2305,7237,68.15,31.85,Lula,29,0,100.0,0.0,0,0,0,,,,0,0,,,,,,,N
RN,16055,AFONSO BEZERRA,N,33,0,5344,1942,7286,73.35,26.65,Lula,33,0,100.0,0.0,0,0,0,,,,0,0,,,,,,,N
RN,16098,ALEXANDRIA,N,43,0,7312,1292,8604,84.98,15.02,Lula,43,0,100.0,0.0,0,0,0,,,,0,0,,,,,,,N
RN,16110,ALMINO AFONSO,N,21,0,3289,676,3965,82.95,17.05,Lula,21,0,100.0,0.0,0,0,0,,,,0,0,,,,,,,N
RN,16136,ALTO DO RODRIGUES,N,36,0,7198,1723,8921,80.69,19.31,Lula,36,0,100.0,0.0,0,0,0,,,,0,0,,,,,,,N
RN,16152,ANGICOS,N,31,0,5347,2368,7715,69.31,30.69,Lula,31,0,100.0,0.0,0,0,0,,,,0,0,,,,,,,N
RN,16179,ANTÔNIO MARTINS,N,23,0,3892,621,4513,86.24,13.76,Lula,23,0,100.0,0.0,0,0,0,,,,0,0,,,,,,,N
RN,16195,APODI,N,89,0,18793,5311,24104,77.97,22.03,Lula,89,0,100.0,0.0,0,0,0,,,,0,0,,,,,,,N
RN,16217,AREIA BRANCA,N,69,0,11265,5198,16463,68.43,31.57,Lula,69,0,100.0,0.0,0,0,0,,,,0,0,,,,,,,N
RN,16233,AREZ,N,34,0,6193,2829,9022,68.64,31.36,Lula,34,0,100.0,0.0,0,0,0,,,,0,0,,,,,,,N
RN,16039,ASSÚ,N,127,0,26008,8733,34741,74.86,25.14,Lula,127,0,100.0,0.0,0,0,0,,,,0,0,,,,,,,N
RN,30031,BARAÚNA,N,61,0,11596,5181,16777,69.12,30.88,Lula,61,0,100.0,0.0,0,0,0,,,,0,0,,,,,,,N
RN,16292,BARCELONA,N,0,13,0,0,0,,,,0,0,,,2211,1376,3587,61.64,38.36,Lula,13,0,100.0,0.0,,,,,N
RN,16276,BAÍA FORMOSA,N,23,0,3471,1961,5432,63.9,36.1,Lula,23,0,100.0,0.0,0,0,0,,,,0,0,,,,,,,N
RN,16314,BENTO FERNANDES,N,0,19,0,0,0,,,,0,0,,,3044,807,3851,79.04,20.96,Lula,19,0,100.0,0.0,,,,,N
RN,17035,BOA SAÚDE,N,0,25,0,0,0,,,,0,0,,,3680,2193,5873,62.66,37.34,Lula,25,0,100.0,0.0,,,,,N
RN,16101,BODÓ,N,10,0,2152,541,2693,79.91,20.09,Lula,10,0,100.0,0.0,0,0,0,,,,0,0,,,,,,,N
RN,16330,BOM JESUS,N,0,29,0,0,0,,,,0,0,,,4458,2463,6921,64.41,35.59,Lula,29,0,100.0,0.0,,,,,N
RN,16357,BREJINHO,N,29,0,5517,2304,7821,70.54,29.46,Lula,29,0,100.0,0.0,0,0,0,,,,0,0,,,,,,,N
RN,16390,CAICÓ,N,132,0,24164,12443,36607,66.01,33.99,Lula,132,0,100.0,0.0,0,0,0,,,,0,0,,,,,,,N
RN,16047,CAIÇARA DO NORTE,N,0,18,0,0,0,,,,0,0,,,2695,1308,4003,67.32,32.68,Lula,18,0,100.0,0.0,,,,,N
RN,16373,CAIÇARA DO RIO DO VENTO,N,13,0,2169,731,2900,74.79,25.21,Lula,13,0,100.0,0.0,0,0,0,,,,0,0,,,,,,,N
RN,16250,CAMPO GRANDE,N,31,0,4784,1871,6655,71.89,28.11,Lula,31,0,100.0,0.0,0,0,0,,,,0,0,,,,,,,N
RN,16411,CAMPO REDONDO,N,0,26,0,0,0,,,,0,0,,,5332,1084,6416,83.1,16.9,Lula,26,0,100.0,0.0,,,,,N
RN,16438,CANGUARETAMA,N,79,0,14049,4469,18518,75.87,24.13,Lula,79,0,100.0,0.0,0,0,0,,,,0,0,,,,,,,N
RN,16454,CARAÚBAS,N,59,0,11823,3129,14952,79.07,20.93,Lula,59,0,100.0,0.0,0,0,0,,,,0,0,,,,,,,N
RN,16497,CARNAUBAIS,N,27,0,5418,1524,6942,78.05,21.95,Lula,27,0,100.0,0.0,0,0,0,,,,0,0,,,,,,,N
RN,16470,CARNAÚBA DOS DANTAS,N,16,0,2793,2072,4865,57.41,42.59,Lula,16,0,100.0,0.0,0,0,0,,,,0,0,,,,,,,N
RN,16519,CEARÁ-MIRIM,N,0,178,0,0,0,,,,0,0,,,32726,12481,45207,72.39,27.61,Lula,174,4,97.75,2.25,,,,,N
RN,16535,CERRO CORÁ,N,27,0,5402,1481,6883,78.48,21.52,Lula,27,0,100.0,0.0,0,0,0,,,,0,0,,,,,,,N
RN,16551,CORONEL EZEQUIEL,N,0,15,0,0,0,,,,0,0,,,2688,747,3435,78.25,21.75,Lula,15,0,100.0,0.0,,,,,N
RN,16578,CORONEL JOÃO PESSOA,N,13,0,2624,466,3090,84.92,15.08,Lula,13,0,100.0,0.0,0,0,0,,,,0,0,,,,,,,N
RN,16594,CRUZETA,N,20,0,4065,1257,5322,76.38,23.62,Lula,20,0,100.0,0.0,0,0,0,,,,0,0,,,,,,,N
RN,16616,CURRAIS NOVOS,N,102,0,15618,9038,24656,63.34,36.66,Lula,102,0,100.0,0.0,0,0,0,,,,0,0,,,,,,,N
RN,16632,DOUTOR SEVERIANO,N,23,0,4117,662,4779,86.15,13.85,Lula,23,0,100.0,0.0,0,0,0,,,,0,0,,,,,,,N
RN,16659,ENCANTO,N,15,0,3337,539,3876,86.09,13.91,Lula,15,0,100.0,0.0,0,0,0,,,,0,0,,,,,,,N
RN,16675,EQUADOR,N,16,0,2595,1061,3656,70.98,29.02,Lula,16,0,100.0,0.0,0,0,0,,,,0,0,,,,,,,N
RN,16691,ESPÍRITO SANTO,N,25,0,3482,2448,5930,58.72,41.28,Lula,25,0,100.0,0.0,0,0,0,,,,0,0,,,,,,,N
RN,16713,EXTREMOZ,N,0,91,0,0,0,,,,0,0,,,13323,9793,23116,57.64,42.36,Lula,72,15,79.12,16.48,,,,,N
RN,16730,FELIPE GUERRA,N,19,0,4769,910,5679,83.98,16.02,Lula,19,0,100.0,0.0,0,0,0,,,,0,0,,,,,,,N
RN,16144,FERNANDO PEDROZA,N,11,0,1778,669,2447,72.66,27.34,Lula,11,0,100.0,0.0,0,0,0,,,,0,0,,,,,,,N
RN,16756,FLORÂNIA,N,28,0,4871,1573,6444,75.59,24.41,Lula,28,0,100.0,0.0,0,0,0,,,,0,0,,,,,,,N
RN,16772,FRANCISCO DANTAS,N,13,0,1859,389,2248,82.7,17.3,Lula,13,0,100.0,0.0,0,0,0,,,,0,0,,,,,,,N
RN,17515,FRUTUOSO GOMES,N,13,0,2634,529,3163,83.28,16.72,Lula,13,0,100.0,0.0,0,0,0,,,,0,0,,,,,,,N
RN,16799,GALINHOS,N,0,10,0,0,0,,,,0,0,,,1074,776,1850,58.05,41.95,Lula,8,2,80.0,20.0,,,,,N
RN,16810,GOIANINHA,N,67,0,10925,5885,16810,64.99,35.01,Lula,64,3,95.52,4.48,0,0,0,,,,0,0,,,,,,,N
RN,16837,GOVERNADOR DIX-SEPT ROSADO,N,39,0,7550,1930,9480,79.64,20.36,Lula,39,0,100.0,0.0,0,0,0,,,,0,0,,,,,,,N
RN,16853,GROSSOS,N,28,0,4994,2223,7217,69.2,30.8,Lula,28,0,100.0,0.0,0,0,0,,,,0,0,,,,,,,N
RN,16870,GUAMARÉ,N,41,0,8103,3422,11525,70.31,29.69,Lula,41,0,100.0,0.0,0,0,0,,,,0,0,,,,,,,N
RN,16896,IELMO MARINHO,N,0,34,0,0,0,,,,0,0,,,6033,2668,8701,69.34,30.66,Lula,34,0,100.0,0.0,,,,,N
RN,16918,IPANGUAÇU,N,37,0,8258,1840,10098,81.78,18.22,Lula,37,0,100.0,0.0,0,0,0,,,,0,0,,,,,,,N
RN,16934,IPUEIRA,N,6,0,1316,341,1657,79.42,20.58,Lula,6,0,100.0,0.0,0,0,0,,,,0,0,,,,,,,N
RN,16080,ITAJÁ,N,20,0,3694,1379,5073,72.82,27.18,Lula,20,0,100.0,0.0,0,0,0,,,,0,0,,,,,,,N
RN,16950,ITAÚ,N,15,0,3053,826,3879,78.71,21.29,Lula,15,0,100.0,0.0,0,0,0,,,,0,0,,,,,,,N
RN,16993,JANDAÍRA,N,0,19,0,0,0,,,,0,0,,,3269,1236,4505,72.56,27.44,Lula,19,0,100.0,0.0,,,,,N
RN,17019,JANDUÍS,N,15,0,2795,628,3423,81.65,18.35,Lula,15,0,100.0,0.0,0,0,0,,,,0,0,,,,,,,N
RN,17051,JAPI,N,0,18,0,0,0,,,,0,0,,,3559,740,4299,82.79,17.21,Lula,18,0,100.0,0.0,,,,,N
RN,17078,JARDIM DE ANGICOS,N,0,10,0,0,0,,,,0,0,,,1736,464,2200,78.91,21.09,Lula,10,0,100.0,0.0,,,,,N
RN,17094,JARDIM DE PIRANHAS,N,34,0,7185,1481,8666,82.91,17.09,Lula,34,0,100.0,0.0,0,0,0,,,,0,0,,,,,,,N
RN,17116,JARDIM DO SERIDÓ,N,32,0,5578,2574,8152,68.42,31.58,Lula,32,0,100.0,0.0,0,0,0,,,,0,0,,,,,,,N
RN,16977,JAÇANÃ,N,0,19,0,0,0,,,,0,0,,,3632,1098,4730,76.79,23.21,Lula,19,0,100.0,0.0,,,,,N
RN,17175,JOSÉ DA PENHA,N,16,0,3603,526,4129,87.26,12.74,Lula,16,0,100.0,0.0,0,0,0,,,,0,0,,,,,,,N
RN,17132,JOÃO CÂMARA,N,0,88,0,0,0,,,,0,0,,,14663,5631,20294,72.25,27.75,Lula,87,1,98.86,1.14,,,,,N
RN,17159,JOÃO DIAS,N,10,0,1672,376,2048,81.64,18.36,Lula,10,0,100.0,0.0,0,0,0,,,,0,0,,,,,,,N
RN,17191,JUCURUTU,N,59,0,8976,3123,12099,74.19,25.81,Lula,59,0,100.0,0.0,0,0,0,,,,0,0,,,,,,,N
RN,16306,JUNDIÁ,N,14,0,2176,1016,3192,68.17,31.83,Lula,14,0,100.0,0.0,0,0,0,,,,0,0,,,,,,,N
RN,17230,LAGOA D'ANTA,N,0,18,0,0,0,,,,0,0,,,3466,992,4458,77.75,22.25,Lula,18,0,100.0,0.0,,,,,N
RN,17256,LAGOA DE PEDRAS,N,22,0,4458,1299,5757,77.44,22.56,Lula,22,0,100.0,0.0,0,0,0,,,,0,0,,,,,,,N
RN,17272,LAGOA DE VELHOS,N,0,11,0,0,0,,,,0,0,,,1678,784,2462,68.16,31.84,Lula,11,0,100.0,0.0,,,,,N
RN,17299,LAGOA NOVA,N,46,0,7050,2387,9437,74.71,25.29,Lula,46,0,100.0,0.0,0,0,0,,,,0,0,,,,,,,N
RN,17310,LAGOA SALGADA,N,27,0,5308,2069,7377,71.95,28.05,Lula,27,0,100.0,0.0,0,0,0,,,,0,0,,,,,,,N
RN,17337,LAJES,N,28,0,5145,1656,6801,75.65,24.35,Lula,28,0,100.0,0.0,0,0,0,,,,0,0,,,,,,,N
RN,17353,LAJES PINTADAS,N,0,17,0,0,0,,,,0,0,,,2909,1081,3990,72.91,27.09,Lula,17,0,100.0,0.0,,,,,N
RN,17370,LUCRÉCIA,N,12,0,2307,438,2745,84.04,15.96,Lula,12,0,100.0,0.0,0,0,0,,,,0,0,,,,,,,N
RN,17396,LUÍS GOMES,N,27,0,4907,671,5578,87.97,12.03,Lula,27,0,100.0,0.0,0,0,0,,,,0,0,,,,,,,N
RN,17434,MACAU,N,78,0,13159,3697,16856,78.07,21.93,Lula,78,0,100.0,0.0,0,0,0,,,,0,0,,,,,,,N
RN,17418,MACAÍBA,N,0,167,0,0,0,,,,0,0,,,27003,15201,42204,63.98,36.02,Lula,162,4,97.01,2.4,,,,,N
RN,16160,MAJOR SALES,N,8,0,2066,394,2460,83.98,16.02,Lula,8,0,100.0,0.0,0,0,0,,,,0,0,,,,,,,N
RN,17450,MARCELINO VIEIRA,N,21,0,4754,705,5459,87.09,12.91,Lula,21,0,100.0,0.0,0,0,0,,,,0,0,,,,,,,N
RN,17477,MARTINS,N,21,0,4264,1258,5522,77.22,22.78,Lula,21,0,100.0,0.0,0,0,0,,,,0,0,,,,,,,N
RN,17493,MAXARANGUAPE,N,0,30,0,0,0,,,,0,0,,,4883,2449,7332,66.6,33.4,Lula,30,0,100.0,0.0,,,,,N
RN,17213,MESSIAS TARGINO,N,14,0,2528,1063,3591,70.4,29.6,Lula,14,0,100.0,0.0,0,0,0,,,,0,0,,,,,,,N
RN,17531,MONTANHAS,N,34,0,5597,1525,7122,78.59,21.41,Lula,34,0,100.0,0.0,0,0,0,,,,0,0,,,,,,,N
RN,17558,MONTE ALEGRE,N,51,0,8697,4977,13674,63.6,36.4,Lula,50,0,98.04,0.0,0,0,0,,,,0,0,,,,,,,N
RN,17574,MONTE DAS GAMELEIRAS,N,0,9,0,0,0,,,,0,0,,,1516,605,2121,71.48,28.52,Lula,9,0,100.0,0.0,,,,,N
RN,17590,MOSSORÓ,N,540,0,95281,55207,150488,63.31,36.69,Lula,536,4,99.26,0.74,0,0,0,,,,0,0,,,,,,,N
RN,17612,NATAL,N,0,1414,0,0,0,,,,0,0,,,246881,219306,466187,52.96,47.04,Lula,997,404,70.51,28.57,,,,,N
RN,17655,NOVA CRUZ,N,90,0,14344,6526,20870,68.73,31.27,Lula,90,0,100.0,0.0,0,0,0,,,,0,0,,,,,,,N
RN,17639,NÍSIA FLORESTA,N,64,0,10013,6714,16727,59.86,40.14,Lula,60,4,93.75,6.25,0,0,0,,,,0,0,,,,,,,N
RN,17671,OLHO D'ÁGUA DO BORGES,N,18,0,2801,591,3392,82.58,17.42,Lula,18,0,100.0,0.0,0,0,0,,,,0,0,,,,,,,N
RN,17698,OURO BRANCO,N,13,0,2603,895,3498,74.41,25.59,Lula,13,0,100.0,0.0,0,0,0,,,,0,0,,,,,,,N
RN,17710,PARANÁ,N,13,0,2768,318,3086,89.7,10.3,Lula,13,0,100.0,0.0,0,0,0,,,,0,0,,,,,,,N
RN,17752,PARAZINHO,N,0,16,0,0,0,,,,0,0,,,2858,1146,4004,71.38,28.62,Lula,16,0,100.0,0.0,,,,,N
RN,17736,PARAÚ,N,19,0,2431,851,3282,74.07,25.93,Lula,19,0,100.0,0.0,0,0,0,,,,0,0,,,,,,,N
RN,17779,PARELHAS,N,57,0,8320,5380,13700,60.73,39.27,Lula,56,1,98.25,1.75,0,0,0,,,,0,0,,,,,,,N
RN,17795,PARNAMIRIM,N,0,396,0,0,0,,,,0,0,,,52136,60389,112525,46.33,53.67,Bolsonaro,104,291,26.26,73.48,,,,,N
RN,17817,PASSA E FICA,N,30,0,4843,2515,7358,65.82,34.18,Lula,30,0,100.0,0.0,0,0,0,,,,0,0,,,,,,,N
RN,17833,PASSAGEM,N,0,12,0,0,0,,,,0,0,,,1910,965,2875,66.43,33.57,Lula,12,0,100.0,0.0,,,,,N
RN,17850,PATU,N,28,0,5793,1786,7579,76.43,23.57,Lula,28,0,100.0,0.0,0,0,0,,,,0,0,,,,,,,N
RN,17876,PAU DOS FERROS,N,63,0,12715,3920,16635,76.44,23.56,Lula,63,0,100.0,0.0,0,0,0,,,,0,0,,,,,,,N
RN,17892,PEDRA GRANDE,N,0,13,0,0,0,,,,0,0,,,2290,743,3033,75.5,24.5,Lula,13,0,100.0,0.0,,,,,N
RN,17914,PEDRA PRETA,N,10,0,1733,704,2437,71.11,28.89,Lula,10,0,100.0,0.0,0,0,0,,,,0,0,,,,,,,N
RN,17930,PEDRO AVELINO,N,22,0,3319,1149,4468,74.28,25.72,Lula,22,0,100.0,0.0,0,0,0,,,,0,0,,,,,,,N
RN,17957,PEDRO VELHO,N,42,0,6797,2300,9097,74.72,25.28,Lula,42,0,100.0,0.0,0,0,0,,,,0,0,,,,,,,N
RN,17973,PENDÊNCIAS,N,38,0,6685,1742,8427,79.33,20.67,Lula,38,0,100.0,0.0,0,0,0,,,,0,0,,,,,,,N
RN,17990,PILÕES,N,12,0,2339,318,2657,88.03,11.97,Lula,12,0,100.0,0.0,0,0,0,,,,0,0,,,,,,,N
RN,18031,PORTALEGRE,N,20,0,3603,1568,5171,69.68,30.32,Lula,20,0,100.0,0.0,0,0,0,,,,0,0,,,,,,,N
RN,16284,PORTO DO MANGUE,N,16,0,3027,739,3766,80.38,19.62,Lula,16,0,100.0,0.0,0,0,0,,,,0,0,,,,,,,N
RN,18015,POÇO BRANCO,N,0,41,0,0,0,,,,0,0,,,7098,1658,8756,81.06,18.94,Lula,41,0,100.0,0.0,,,,,N
RN,18074,PUREZA,N,0,28,0,0,0,,,,0,0,,,4585,1467,6052,75.76,24.24,Lula,28,0,100.0,0.0,,,,,N
RN,18090,RAFAEL FERNANDES,N,14,0,3352,666,4018,83.42,16.58,Lula,14,0,100.0,0.0,0,0,0,,,,0,0,,,,,,,N
RN,18937,RAFAEL GODEIRO,N,11,0,1714,1103,2817,60.84,39.16,Lula,11,0,100.0,0.0,0,0,0,,,,0,0,,,,,,,N
RN,18112,RIACHO DA CRUZ,N,8,0,1665,563,2228,74.73,25.27,Lula,8,0,100.0,0.0,0,0,0,,,,0,0,,,,,,,N
RN,18139,RIACHO DE SANTANA,N,11,0,2616,429,3045,85.91,14.09,Lula,11,0,100.0,0.0,0,0,0,,,,0,0,,,,,,,N
RN,18155,RIACHUELO,N,0,20,0,0,0,,,,0,0,,,3750,1441,5191,72.24,27.76,Lula,20,0,100.0,0.0,,,,,N
RN,16268,RIO DO FOGO,N,0,34,0,0,0,,,,0,0,,,4680,2993,7673,60.99,39.01,Lula,31,3,91.18,8.82,,,,,N
RN,18171,RODOLFO FERNANDES,N,15,0,2701,641,3342,80.82,19.18,Lula,15,0,100.0,0.0,0,0,0,,,,0,0,,,,,,,N
RN,18198,RUY BARBOSA,N,0,12,0,0,0,,,,0,0,,,1613,1391,3004,53.7,46.3,Lula,11,0,91.67,0.0,,,,,N
RN,18236,SANTA CRUZ,N,0,87,0,0,0,,,,0,0,,,14462,6495,20957,69.01,30.99,Lula,87,0,100.0,0.0,,,,,N
RN,16241,SANTA MARIA,N,0,15,0,0,0,,,,0,0,,,2566,1002,3568,71.92,28.08,Lula,15,0,100.0,0.0,,,,,N
RN,18279,SANTANA DO MATOS,N,40,0,6843,1729,8572,79.83,20.17,Lula,40,0,100.0,0.0,0,0,0,,,,0,0,,,,,,,N
RN,18252,SANTANA DO SERIDÓ,N,10,0,1414,682,2096,67.46,32.54,Lula,10,0,100.0,0.0,0,0,0,,,,0,0,,,,,,,N
RN,18295,SANTO ANTÔNIO,N,0,57,0,0,0,,,,0,0,,,10692,3948,14640,73.03,26.97,Lula,57,0,100.0,0.0,,,,,N
RN,18597,SENADOR ELÓI DE SOUZA,N,0,15,0,0,0,,,,0,0,,,3210,1220,4430,72.46,27.54,Lula,15,0,100.0,0.0,,,,,N
RN,18619,SENADOR GEORGINO AVELINO,N,13,0,2057,1053,3110,66.14,33.86,Lula,13,0,100.0,0.0,0,0,0,,,,0,0,,,,,,,N
RN,18058,SERRA CAIADA,N,0,23,0,0,0,,,,0,0,,,4736,1942,6678,70.92,29.08,Lula,23,0,100.0,0.0,,,,,N
RN,18635,SERRA DE SÃO BENTO,N,0,16,0,0,0,,,,0,0,,,3079,1184,4263,72.23,27.77,Lula,16,0,100.0,0.0,,,,,N
RN,16020,SERRA DO MEL,N,42,0,5930,3307,9237,64.2,35.8,Lula,39,3,92.86,7.14,0,0,0,,,,0,0,,,,,,,N
RN,18651,SERRA NEGRA DO NORTE,N,22,0,3373,1580,4953,68.1,31.9,Lula,22,0,100.0,0.0,0,0,0,,,,0,0,,,,,,,N
RN,18678,SERRINHA,N,0,21,0,0,0,,,,0,0,,,3798,1552,5350,70.99,29.01,Lula,21,0,100.0,0.0,,,,,N
RN,16209,SERRINHA DOS PINTOS,N,15,0,2811,522,3333,84.34,15.66,Lula,15,0,100.0,0.0,0,0,0,,,,0,0,,,,,,,N
RN,18694,SEVERIANO MELO,N,27,0,4352,1002,5354,81.29,18.71,Lula,27,0,100.0,0.0,0,0,0,,,,0,0,,,,,,,N
RN,18317,SÃO BENTO DO NORTE,N,0,12,0,0,0,,,,0,0,,,2188,677,2865,76.37,23.63,Lula,12,0,100.0,0.0,,,,,N
RN,18333,SÃO BENTO DO TRAIRÍ,N,0,12,0,0,0,,,,0,0,,,2423,790,3213,75.41,24.59,Lula,12,0,100.0,0.0,,,,,N
RN,18350,SÃO FERNANDO,N,11,0,2154,778,2932,73.47,26.53,Lula,11,0,100.0,0.0,0,0,0,,,,0,0,,,,,,,N
RN,18210,SÃO FRANCISCO DO OESTE,N,11,0,2569,610,3179,80.81,19.19,Lula,11,0,100.0,0.0,0,0,0,,,,0,0,,,,,,,N
RN,18376,SÃO GONÇALO DO AMARANTE,N,0,217,0,0,0,,,,0,0,,,35473,24301,59774,59.35,40.65,Lula,198,19,91.24,8.76,,,,,N
RN,18414,SÃO JOSÉ DE MIPIBU,N,102,0,16259,9504,25763,63.11,36.89,Lula,99,3,97.06,2.94,0,0,0,,,,0,0,,,,,,,N
RN,18430,SÃO JOSÉ DO CAMPESTRE,N,0,31,0,0,0,,,,0,0,,,5333,2621,7954,67.05,32.95,Lula,31,0,100.0,0.0,,,,,N
RN,18457,SÃO JOSÉ DO SERIDÓ,N,12,0,2791,859,3650,76.47,23.53,Lula,12,0,100.0,0.0,0,0,0,,,,0,0,,,,,,,N
RN,18392,SÃO JOÃO DO SABUGI,N,17,0,3276,1010,4286,76.43,23.57,Lula,17,0,100.0,0.0,0,0,0,,,,0,0,,,,,,,N
RN,18473,SÃO MIGUEL,N,59,0,10989,2338,13327,82.46,17.54,Lula,59,0,100.0,0.0,0,0,0,,,,0,0,,,,,,,N
RN,16063,SÃO MIGUEL DO GOSTOSO,N,0,29,0,0,0,,,,0,0,,,4754,2280,7034,67.59,32.41,Lula,29,0,100.0,0.0,,,,,N
RN,18490,SÃO PAULO DO POTENGI,N,0,43,0,0,0,,,,0,0,,,6357,4791,11148,57.02,42.98,Lula,42,1,97.67,2.33,,,,,N
RN,18511,SÃO PEDRO,N,0,21,0,0,0,,,,0,0,,,3493,1283,4776,73.14,26.86,Lula,21,0,100.0,0.0,,,,,N
RN,18538,SÃO RAFAEL,N,23,0,4159,1480,5639,73.75,26.25,Lula,23,0,100.0,0.0,0,0,0,,,,0,0,,,,,,,N
RN,18554,SÃO TOMÉ,N,0,27,0,0,0,,,,0,0,,,4113,3085,7198,57.14,42.86,Lula,26,1,96.3,3.7,,,,,N
RN,18570,SÃO VICENTE,N,20,0,2913,1160,4073,71.52,28.48,Lula,20,0,100.0,0.0,0,0,0,,,,0,0,,,,,,,N
RN,18716,SÍTIO NOVO,N,0,16,0,0,0,,,,0,0,,,3067,704,3771,81.33,18.67,Lula,16,0,100.0,0.0,,,,,N
RN,18732,TABOLEIRO GRANDE,N,10,0,1714,536,2250,76.18,23.82,Lula,10,0,100.0,0.0,0,0,0,,,,0,0,,,,,,,N
RN,18759,TAIPU,N,0,34,0,0,0,,,,0,0,,,6386,1712,8098,78.86,21.14,Lula,34,0,100.0,0.0,,,,,N
RN,18775,TANGARÁ,N,0,36,0,0,0,,,,0,0,,,6035,2999,9034,66.8,33.2,Lula,36,0,100.0,0.0,,,,,N
RN,18791,TENENTE ANANIAS,N,27,0,4674,1351,6025,77.58,22.42,Lula,27,0,100.0,0.0,0,0,0,,,,0,0,,,,,,,N
RN,16004,TENENTE LAURENTINO CRUZ,N,15,0,3045,1100,4145,73.46,26.54,Lula,15,0,100.0,0.0,0,0,0,,,,0,0,,,,,,,N
RN,16225,TIBAU,N,17,0,3581,1647,5228,68.5,31.5,Lula,17,0,100.0,0.0,0,0,0,,,,0,0,,,,,,,N
RN,18813,TIBAU DO SUL,N,38,0,6560,3440,10000,65.6,34.4,Lula,37,1,97.37,2.63,0,0,0,,,,0,0,,,,,,,N
RN,18830,TIMBAÚBA DOS BATISTAS,N,7,0,1404,686,2090,67.18,32.82,Lula,7,0,100.0,0.0,0,0,0,,,,0,0,,,,,,,N
RN,18856,TOUROS,N,0,83,0,0,0,,,,0,0,,,13053,7338,20391,64.01,35.99,Lula,75,8,90.36,9.64,,,,,N
RN,16128,TRIUNFO POTIGUAR,N,17,0,2240,898,3138,71.38,28.62,Lula,17,0,100.0,0.0,0,0,0,,,,0,0,,,,,,,N
RN,18872,UMARIZAL,N,31,0,5458,1298,6756,80.79,19.21,Lula,31,0,100.0,0.0,0,0,0,,,,0,0,,,,,,,N
RN,18899,UPANEMA,N,38,0,5863,3503,9366,62.6,37.4,Lula,38,0,100.0,0.0,0,0,0,,,,0,0,,,,,,,N
RN,16187,VENHA-VER,N,12,0,2440,296,2736,89.18,10.82,Lula,12,0,100.0,0.0,0,0,0,,,,0,0,,,,,,,N
RN,18953,VERA CRUZ,N,31,0,5568,2582,8150,68.32,31.68,Lula,31,0,100.0,0.0,0,0,0,,,,0,0,,,,,,,N
RN,18996,VILA FLOR,N,9,0,1824,581,2405,75.84,24.16,Lula,9,0,100.0,0.0,0,0,0,,,,0,0,,,,,,,N
RN,18970,VIÇOSA,N,6,0,1127,273,1400,80.5,19.5,Lula,6,0,100.0,0.0,0,0,0,,,,0,0,,,,,,,N
RN,18910,VÁRZEA,N,0,20,0,0,0,,,,0,0,,,2523,1338,3861,65.35,34.65,Lula,20,0,100.0,0.0,,,,,N
RN,16071,ÁGUA NOVA,N,11,0,2036,258,2294,88.75,11.25,Lula,11,0,100.0,0.0,0,0,0,,,,0,0,,,,,,,N
RO,310,ALTA FLORESTA D'OESTE,N,72,0,3959,9768,13727,28.84,71.16,Bolsonaro,4,68,5.56,94.44,0,0,0,,,,0,0,,,,,,,N
RO,736,ALTO ALEGRE DOS PARECIS,N,30,0,1989,4237,6226,31.95,68.05,Bolsonaro,0,30,0.0,100.0,0,0,0,,,,0,0,,,,,,,N
RO,639,ALTO PARAÍSO,N,43,0,1995,6410,8405,23.74,76.26,Bolsonaro,0,43,0.0,100.0,0,0,0,,,,0,0,,,,,,,N
RO,337,ALVORADA DO OESTE,N,34,0,2933,5306,8239,35.6,64.4,Bolsonaro,0,34,0.0,100.0,0,0,0,,,,0,0,,,,,,,N
RO,78,ARIQUEMES,N,0,261,0,0,0,,,,0,0,,,10513,39901,50414,20.85,79.15,Bolsonaro,0,260,0.0,99.62,,,,,N
RO,779,BURITIS,N,76,0,3260,12479,15739,20.71,79.29,Bolsonaro,0,76,0.0,100.0,0,0,0,,,,0,0,,,,,,,N
RO,450,CABIXI,N,14,0,1106,2405,3511,31.5,68.5,Bolsonaro,1,13,7.14,92.86,0,0,0,,,,0,0,,,,,,,N
RO,620,CACAULÂNDIA,N,16,0,692,2210,2902,23.85,76.15,Bolsonaro,0,16,0.0,100.0,0,0,0,,,,0,0,,,,,,,N
RO,94,CACOAL,N,235,0,12437,37980,50417,24.67,75.33,Bolsonaro,7,228,2.98,97.02,0,0,0,,,,0,0,,,,,,,N
RO,671,CAMPO NOVO DE RONDÔNIA,N,28,0,1499,3904,5403,27.74,72.26,Bolsonaro,0,28,0.0,100.0,0,0,0,,,,0,0,,,,,,,N
RO,477,CANDEIAS DO JAMARI,N,60,0,4887,8101,12988,37.63,62.37,Bolsonaro,2,57,3.33,95.0,0,0,0,,,,0,0,,,,,,,N
RO,531,CASTANHEIRAS,N,12,0,862,1356,2218,38.86,61.14,Bolsonaro,0,12,0.0,100.0,0,0,0,,,,0,0,,,,,,,N
RO,272,CEREJEIRAS,N,49,0,1990,7854,9844,20.22,79.78,Bolsonaro,0,49,0.0,100.0,0,0,0,,,,0,0,,,,,,,N
RO,809,CHUPINGUAIA,N,26,0,1586,3352,4938,32.12,67.88,Bolsonaro,0,26,0.0,100.0,0,0,0,,,,0,0,,,,,,,N
RO,230,COLORADO DO OESTE,N,40,0,2606,7253,9859,26.43,73.57,Bolsonaro,0,40,0.0,100.0,0,0,0,,,,0,0,,,,,,,N
RO,655,CORUMBIARA,N,24,0,1524,2683,4207,36.23,63.77,Bolsonaro,1,23,4.17,95.83,0,0,0,,,,0,0,,,,,,,N
RO,213,COSTA MARQUES,N,36,0,2425,4220,6645,36.49,63.51,Bolsonaro,8,28,22.22,77.78,0,0,0,,,,0,0,,,,,,,N
RO,680,CUJUBIM,N,36,0,1729,5818,7547,22.91,77.09,Bolsonaro,0,36,0.0,100.0,0,0,0,,,,0,0,,,,,,,N
RO,256,ESPIGÃO DO OESTE,N,86,0,4212,13595,17807,23.65,76.35,Bolsonaro,1,85,1.16,98.84,0,0,0,,,,0,0,,,,,,,N
RO,612,GOVERNADOR JORGE TEIXEIRA,N,29,0,1540,3625,5165,29.82,70.18,Bolsonaro,2,27,6.9,93.1,0,0,0,,,,0,0,,,,,,,N
RO,19,GUAJARÁ-MIRIM,N,104,0,6838,13001,19839,34.47,65.53,Bolsonaro,8,96,7.69,92.31,0,0,0,,,,0,0,,,,,,,N
RO,493,ITAPUÃ DO OESTE,N,24,0,1642,2736,4378,37.51,62.49,Bolsonaro,0,24,0.0,100.0,0,0,0,,,,0,0,,,,,,,N
RO,159,JARU,N,133,0,6813,22611,29424,23.15,76.85,Bolsonaro,0,133,0.0,100.0,0,0,0,,,,0,0,,,,,,,N
RO,51,JI-PARANÁ,N,0,301,0,0,0,,,,0,0,,,16711,51415,68126,24.53,75.47,Bolsonaro,3,298,1.0,99.0,,,,,N
RO,396,MACHADINHO D'OESTE,N,79,0,4750,11490,16240,29.25,70.75,Bolsonaro,1,78,1.27,98.73,0,0,0,,,,0,0,,,,,,,N
RO,604,MINISTRO ANDREAZZA,N,19,0,1569,2973,4542,34.54,65.46,Bolsonaro,0,19,0.0,100.0,0,0,0,,,,0,0,,,,,,,N
RO,574,MIRANTE DA SERRA,N,35,0,2353,3986,6339,37.12,62.88,Bolsonaro,1,34,2.86,97.14,0,0,0,,,,0,0,,,,,,,N
RO,663,MONTE NEGRO,N,38,0,1763,5308,7071,24.93,75.07,Bolsonaro,0,38,0.0,100.0,0,0,0,,,,0,0,,,,,,,N
RO,370,NOVA BRASILÂNDIA D'OESTE,N,47,0,2854,7457,10311,27.68,72.32,Bolsonaro,1,46,2.13,97.87,0,0,0,,,,0,0,,,,,,,N
RO,434,NOVA MAMORÉ,N,60,0,2897,10226,13123,22.08,77.92,Bolsonaro,1,59,1.67,98.33,0,0,0,,,,0,0,,,,,,,N
RO,744,NOVA UNIÃO,N,19,0,1754,2285,4039,43.43,56.57,Bolsonaro,0,19,0.0,100.0,0,0,0,,,,0,0,,,,,,,N
RO,515,NOVO HORIZONTE DO OESTE,N,21,0,1849,3422,5271,35.08,64.92,Bolsonaro,0,21,0.0,100.0,0,0,0,,,,0,0,,,,,,,N
RO,175,OURO PRETO DO OESTE,N,96,0,5872,14631,20503,28.64,71.36,Bolsonaro,0,96,0.0,100.0,0,0,0,,,,0,0,,,,,,,N
RO,701,PARECIS,N,15,0,904,1405,2309,39.15,60.85,Bolsonaro,2,13,13.33,86.67,0,0,0,,,,0,0,,,,,,,N
RO,116,PIMENTA BUENO,N,113,0,4927,14932,19859,24.81,75.19,Bolsonaro,3,110,2.65,97.35,0,0,0,,,,0,0,,,,,,,N
RO,787,PIMENTEIRAS DO OESTE,N,8,0,495,943,1438,34.42,65.58,Bolsonaro,0,8,0.0,100.0,0,0,0,,,,0,0,,,,,,,N
RO,35,PORTO VELHO,S,124,1035,7395,17312,24707,29.93,70.07,Bolsonaro,24,100,19.35,80.65,85241,151987,237228,35.93,64.07,Bolsonaro,9,1026,0.87,99.13,6.0,-6.0,-18.48,18.48,N
RO,191,PRESIDENTE MÉDICI,N,0,56,0,0,0,,,,0,0,,,3009,8252,11261,26.72,73.28,Bolsonaro,1,55,1.79,98.21,,,,,N
RO,728,PRIMAVERA DE RONDÔNIA,N,13,0,559,1630,2189,25.54,74.46,Bolsonaro,0,13,0.0,100.0,0,0,0,,,,0,0,,,,,,,N
RO,647,RIO CRESPO,N,11,0,590,1752,2342,25.19,74.81,Bolsonaro,0,11,0.0,100.0,0,0,0,,,,0,0,,,,,,,N
RO,299,ROLIM DE MOURA,N,136,0,7669,21868,29537,25.96,74.04,Bolsonaro,0,136,0.0,100.0,0,0,0,,,,0,0,,,,,,,N
RO,353,SANTA LUZIA D'OESTE,N,21,0,1652,3184,4836,34.16,65.84,Bolsonaro,0,21,0.0,100.0,0,0,0,,,,0,0,,,,,,,N
RO,582,SERINGUEIRAS,N,36,0,2468,4723,7191,34.32,65.68,Bolsonaro,1,35,2.78,97.22,0,0,0,,,,0,0,,,,,,,N
RO,710,SÃO FELIPE D'OESTE,N,13,0,1075,2293,3368,31.92,68.08,Bolsonaro,0,13,0.0,100.0,0,0,0,,,,0,0,,,,,,,N
RO,795,SÃO FRANCISCO DO GUAPORÉ,N,45,0,2574,6530,9104,28.27,71.73,Bolsonaro,3,42,6.67,93.33,0,0,0,,,,0,0,,,,,,,N
RO,418,SÃO MIGUEL DO GUAPORÉ,N,57,0,3998,8564,12562,31.83,68.17,Bolsonaro,0,57,0.0,100.0,0,0,0,,,,0,0,,,,,,,N
RO,752,TEIXEIRÓPOLIS,N,16,0,1100,1888,2988,36.81,63.19,Bolsonaro,0,16,0.0,100.0,0,0,0,,,,0,0,,,,,,,N
RO,590,THEOBROMA,N,31,0,1784,3816,5600,31.86,68.14,Bolsonaro,1,30,3.23,96.77,0,0,0,,,,0,0,,,,,,,N
RO,566,URUPÁ,N,33,0,2222,4402,6624,33.54,66.46,Bolsonaro,0,33,0.0,100.0,0,0,0,,,,0,0,,,,,,,N
RO,698,VALE DO ANARI,N,21,0,1312,3231,4543,28.88,71.12,Bolsonaro,0,21,0.0,100.0,0,0,0,,,,0,0,,,,,,,N
RO,558,VALE DO PARAÍSO,N,23,0,1527,2808,4335,35.22,64.78,Bolsonaro,0,23,0.0,100.0,0,0,0,,,,0,0,,,,,,,N
RO,132,VILHENA,N,208,0,10994,37718,48712,22.57,77.43,Bolsonaro,0,208,0.0,100.0,0,0,0,,,,0,0,,,,,,,N
RR,3050,ALTO ALEGRE,S,20,23,1066,2560,3626,29.4,70.6,Bolsonaro,4,16,20.0,80.0,1057,3470,4527,23.35,76.65,Bolsonaro,0,23,0.0,100.0,-6.05,6.05,-20.0,20.0,N
RR,3042,AMAJARI,S,17,10,704,2075,2779,25.33,74.67,Bolsonaro,0,17,0.0,100.0,362,1535,1897,19.08,80.92,Bolsonaro,0,10,0.0,100.0,-6.25,6.25,0.0,0.0,N
RR,3018,BOA VISTA,N,0,741,0,0,0,,,,0,0,,,37412,144799,182211,20.53,79.47,Bolsonaro,2,739,0.27,99.73,,,,,N
RR,3077,BONFIM,S,25,16,1854,2573,4427,41.88,58.12,Bolsonaro,8,17,32.0,68.0,528,2626,3154,16.74,83.26,Bolsonaro,0,16,0.0,100.0,-25.14,25.14,-32.0,32.0,N
RR,3069,CANTÁ,S,39,14,2128,5158,7286,29.21,70.79,Bolsonaro,8,31,20.51,79.49,532,1949,2481,21.44,78.56,Bolsonaro,0,14,0.0,100.0,-7.77,7.77,-20.51,20.51,N
RR,3034,CARACARAÍ,S,17,38,1087,1814,2901,37.47,62.53,Bolsonaro,2,15,11.76,88.24,1642,5263,6905,23.78,76.22,Bolsonaro,0,38,0.0,100.0,-13.69,13.69,-11.76,11.76,N
RR,3000,CAROEBE,S,9,17,398,1134,1532,25.98,74.02,Bolsonaro,1,8,11.11,88.89,621,3001,3622,17.15,82.85,Bolsonaro,0,17,0.0,100.0,-8.83,8.83,-11.11,11.11,N
RR,3026,IRACEMA,S,7,16,291,939,1230,23.66,76.34,Bolsonaro,0,7,0.0,100.0,967,2041,3008,32.15,67.85,Bolsonaro,0,16,0.0,100.0,8.49,-8.49,0.0,0.0,N
RR,3093,MUCAJAÍ,S,12,32,523,1993,2516,20.79,79.21,Bolsonaro,0,12,0.0,100.0,1468,5419,6887,21.32,78.68,Bolsonaro,0,32,0.0,100.0,0.53,-0.53,0.0,0.0,N
RR,3115,NORMANDIA,S,17,13,1721,1564,3285,52.39,47.61,Lula,7,10,41.18,58.82,805,1953,2758,29.19,70.81,Bolsonaro,0,13,0.0,100.0,-23.2,23.2,-41.18,41.18,S
RR,3123,PACARAIMA,S,15,21,1376,1308,2684,51.27,48.73,Lula,9,6,60.0,40.0,789,2530,3319,23.77,76.23,Bolsonaro,0,21,0.0,100.0,-27.5,27.5,-60.0,60.0,S
RR,3085,RORAINÓPOLIS,S,26,54,1371,2894,4265,32.15,67.85,Bolsonaro,1,25,3.85,96.15,2575,7949,10524,24.47,75.53,Bolsonaro,0,54,0.0,100.0,-7.68,7.68,-3.85,3.85,N
RR,3131,SÃO JOÃO DA BALIZA,N,0,21,0,0,0,,,,0,0,,,1223,2471,3694,33.11,66.89,Bolsonaro,1,20,4.76,95.24,,,,,N
RR,3158,SÃO LUIZ,S,7,15,448,602,1050,42.67,57.33,Bolsonaro,1,6,14.29,85.71,650,2252,2902,22.4,77.6,Bolsonaro,0,15,0.0,100.0,-20.27,20.27,-14.29,14.29,N
RR,3107,UIRAMUTÃ,N,26,0,3530,1646,5176,68.2,31.8,Lula,21,5,80.77,19.23,0,0,0,,,,0,0,,,,,,,N
RS,88986,ACEGUÁ,N,12,0,1208,1753,2961,40.8,59.2,Bolsonaro,1,11,8.33,91.67,0,0,0,,,,0,0,,,,,,,N
RS,85014,AGUDO,N,48,0,4418,6146,10564,41.82,58.18,Bolsonaro,11,37,22.92,77.08,0,0,0,,,,0,0,,,,,,,N
RS,85030,AJURICABA,N,21,0,1660,3269,4929,33.68,66.32,Bolsonaro,1,20,4.76,95.24,0,0,0,,,,0,0,,,,,,,N
RS,85057,ALECRIM,N,28,0,2131,2411,4542,46.92,53.08,Bolsonaro,14,14,50.0,50.0,0,0,0,,,,0,0,,,,,,,N
RS,85073,ALEGRETE,N,193,0,21787,19414,41201,52.88,47.12,Lula,129,62,66.84,32.12,0,0,0,,,,0,0,,,,,,,N
RS,85545,ALEGRIA,N,14,0,1306,1374,2680,48.73,51.27,Bolsonaro,6,8,42.86,57.14,0,0,0,,,,0,0,,,,,,,N
RS,89001,ALMIRANTE TAMANDARÉ DO SUL,N,8,0,622,994,1616,38.49,61.51,Bolsonaro,0,8,0.0,100.0,0,0,0,,,,0,0,,,,,,,N
RS,85090,ALPESTRE,N,22,0,2501,2446,4947,50.56,49.44,Lula,10,11,45.45,50.0,0,0,0,,,,0,0,,,,,,,N
RS,84808,ALTO ALEGRE,N,7,0,648,816,1464,44.26,55.74,Bolsonaro,3,4,42.86,57.14,0,0,0,,,,0,0,,,,,,,N
RS,86282,ALTO FELIZ,N,8,0,553,1700,2253,24.55,75.45,Bolsonaro,0,8,0.0,100.0,0,0,0,,,,0,0,,,,,,,N
RS,85111,ALVORADA,N,419,0,51231,51956,103187,49.65,50.35,Bolsonaro,189,223,45.11,53.22,0,0,0,,,,0,0,,,,,,,N
RS,86045,AMARAL FERRADOR,N,15,0,1746,1757,3503,49.84,50.16,Bolsonaro,8,7,53.33,46.67,0,0,0,,,,0,0,,,,,,,N
RS,86304,AMETISTA DO SUL,N,19,0,2121,2797,4918,43.13,56.87,Bolsonaro,5,14,26.32,73.68,0,0,0,,,,0,0,,,,,,,N
RS,86100,ANDRÉ DA ROCHA,N,4,0,320,733,1053,30.39,69.61,Bolsonaro,0,4,0.0,100.0,0,0,0,,,,0,0,,,,,,,N
RS,85138,ANTA GORDA,N,16,0,718,3325,4043,17.76,82.24,Bolsonaro,0,16,0.0,100.0,0,0,0,,,,0,0,,,,,,,N
RS,85154,ANTÔNIO PRADO,N,40,0,1774,7241,9015,19.68,80.32,Bolsonaro,0,40,0.0,100.0,0,0,0,,,,0,0,,,,,,,N
RS,86320,ARAMBARÉ,N,13,0,1216,1389,2605,46.68,53.32,Bolsonaro,3,10,23.08,76.92,0,0,0,,,,0,0,,,,,,,N
RS,88862,ARARICÁ,N,16,0,1558,3117,4675,33.33,66.67,Bolsonaro,0,16,0.0,100.0,0,0,0,,,,0,0,,,,,,,N
RS,85170,ARATIBA,N,20,0,2235,3018,5253,42.55,57.45,Bolsonaro,3,17,15.0,85.0,0,0,0,,,,0,0,,,,,,,N
RS,85197,ARROIO DO MEIO,N,53,0,4371,9260,13631,32.07,67.93,Bolsonaro,0,53,0.0,100.0,0,0,0,,,,0,0,,,,,,,N
RS,89028,ARROIO DO PADRE,N,0,10,0,0,0,,,,0,0,,,389,1922,2311,16.83,83.17,Bolsonaro,0,10,0.0,100.0,,,,,N
RS,85308,ARROIO DO SAL,N,25,0,2191,3816,6007,36.47,63.53,Bolsonaro,0,25,0.0,100.0,0,0,0,,,,0,0,,,,,,,N
RS,85235,ARROIO DO TIGRE,N,39,0,3508,4783,8291,42.31,57.69,Bolsonaro,10,29,25.64,74.36,0,0,0,,,,0,0,,,,,,,N
RS,85219,ARROIO DOS RATOS,N,36,0,4153,3574,7727,53.75,46.25,Lula,25,10,69.44,27.78,0,0,0,,,,0,0,,,,,,,N
RS,85251,ARROIO GRANDE,N,52,0,7082,4230,11312,62.61,37.39,Lula,49,3,94.23,5.77,0,0,0,,,,0,0,,,,,,,N
RS,85278,ARVOREZINHA,N,29,0,2394,4714,7108,33.68,66.32,Bolsonaro,1,28,3.45,96.55,0,0,0,,,,0,0,,,,,,,N
RS,85294,AUGUSTO PESTANA,N,26,0,1582,3432,5014,31.55,68.45,Bolsonaro,1,25,3.85,96.15,0,0,0,,,,0,0,,,,,,,N
RS,85316,BAGÉ,N,273,0,35303,30449,65752,53.69,46.31,Lula,180,90,65.93,32.97,0,0,0,,,,0,0,,,,,,,N
RS,88927,BALNEÁRIO PINHAL,N,28,0,3198,3623,6821,46.88,53.12,Bolsonaro,7,20,25.0,71.43,0,0,0,,,,0,0,,,,,,,N
RS,86363,BARRA DO GUARITA,N,10,0,1091,948,2039,53.51,46.49,Lula,8,2,80.0,20.0,0,0,0,,,,0,0,,,,,,,N
RS,88625,BARRA DO QUARAÍ,N,11,0,1220,1000,2220,54.95,45.05,Lula,9,2,81.82,18.18,0,0,0,,,,0,0,,,,,,,N
RS,85375,BARRA DO RIBEIRO,N,33,0,3597,4089,7686,46.8,53.2,Bolsonaro,11,21,33.33,63.64,0,0,0,,,,0,0,,,,,,,N
RS,86380,BARRA DO RIO AZUL,N,6,0,668,782,1450,46.07,53.93,Bolsonaro,2,4,33.33,66.67,0,0,0,,,,0,0,,,,,,,N
RS,86401,BARRA FUNDA,N,11,0,944,1322,2266,41.66,58.34,Bolsonaro,0,11,0.0,100.0,0,0,0,,,,0,0,,,,,,,N
RS,85359,BARRACÃO,N,16,0,1662,1745,3407,48.78,51.22,Bolsonaro,7,9,43.75,56.25,0,0,0,,,,0,0,,,,,,,N
RS,85391,BARROS CASSAL,N,29,0,3471,2966,6437,53.92,46.08,Lula,20,9,68.97,31.03,0,0,0,,,,0,0,,,,,,,N
RS,86223,BARÃO,N,17,0,1170,3048,4218,27.74,72.26,Bolsonaro,0,17,0.0,100.0,0,0,0,,,,0,0,,,,,,,N
RS,85332,BARÃO DE COTEGIPE,N,20,0,1776,2751,4527,39.23,60.77,Bolsonaro,1,19,5.0,95.0,0,0,0,,,,0,0,,,,,,,N
RS,86347,BARÃO DO TRIUNFO,N,15,0,1377,2245,3622,38.02,61.98,Bolsonaro,0,15,0.0,100.0,0,0,0,,,,0,0,,,,,,,N
RS,88420,BENJAMIN CONSTANT DO SUL,N,8,0,1010,646,1656,60.99,39.01,Lula,4,4,50.0,50.0,0,0,0,,,,0,0,,,,,,,N
RS,85413,BENTO GONÇALVES,N,0,265,0,0,0,,,,0,0,,,17873,55971,73844,24.2,75.8,Bolsonaro,3,262,1.13,98.87,,,,,N
RS,86428,BOA VISTA DAS MISSÕES,N,6,0,816,757,1573,51.88,48.12,Lula,2,4,33.33,66.67,0,0,0,,,,0,0,,,,,,,N
RS,85430,BOA VISTA DO BURICÁ,N,19,0,1663,3057,4720,35.23,64.77,Bolsonaro,0,19,0.0,100.0,0,0,0,,,,0,0,,,,,,,N
RS,89044,BOA VISTA DO CADEADO,N,10,0,558,1138,1696,32.9,67.1,Bolsonaro,0,10,0.0,100.0,0,0,0,,,,0,0,,,,,,,N
RS,89060,BOA VISTA DO INCRA,N,9,0,718,1083,1801,39.87,60.13,Bolsonaro,0,9,0.0,100.0,0,0,0,,,,0,0,,,,,,,N
RS,88161,BOA VISTA DO SUL,N,10,0,508,1531,2039,24.91,75.09,Bolsonaro,0,10,0.0,100.0,0,0,0,,,,0,0,,,,,,,N
RS,85456,BOM JESUS,N,34,0,3048,3260,6308,48.32,51.68,Bolsonaro,12,22,35.29,64.71,0,0,0,,,,0,0,,,,,,,N
RS,98230,BOM PRINCÍPIO,N,29,0,1943,6757,8700,22.33,77.67,Bolsonaro,0,29,0.0,100.0,0,0,0,,,,0,0,,,,,,,N
RS,86444,BOM PROGRESSO,N,7,0,921,860,1781,51.71,48.29,Lula,4,3,57.14,42.86,0,0,0,,,,0,0,,,,,,,N
RS,85472,BOM RETIRO DO SUL,N,34,0,2830,4991,7821,36.18,63.82,Bolsonaro,3,31,8.82,91.18,0,0,0,,,,0,0,,,,,,,N
RS,84921,BOQUEIRÃO DO LEÃO,N,23,0,2032,2455,4487,45.29,54.71,Bolsonaro,5,17,21.74,73.91,0,0,0,,,,0,0,,,,,,,N
RS,85499,BOSSOROCA,N,23,0,2229,1633,3862,57.72,42.28,Lula,20,3,86.96,13.04,0,0,0,,,,0,0,,,,,,,N
RS,89087,BOZANO,N,10,0,702,1323,2025,34.67,65.33,Bolsonaro,1,9,10.0,90.0,0,0,0,,,,0,0,,,,,,,N
RS,85510,BRAGA,N,12,0,1304,877,2181,59.79,40.21,Lula,11,1,91.67,8.33,0,0,0,,,,0,0,,,,,,,N
RS,85065,BROCHIER,N,15,0,1236,1986,3222,38.36,61.64,Bolsonaro,1,14,6.67,93.33,0,0,0,,,,0,0,,,,,,,N
RS,85537,BUTIÁ,N,46,0,6346,4955,11301,56.15,43.85,Lula,41,4,89.13,8.7,0,0,0,,,,0,0,,,,,,,N
RS,85570,CACEQUI,N,32,0,3528,2897,6425,54.91,45.09,Lula,22,10,68.75,31.25,0,0,0,,,,0,0,,,,,,,N
RS,85596,CACHOEIRA DO SUL,N,216,0,18957,28555,47512,39.9,60.1,Bolsonaro,28,188,12.96,87.04,0,0,0,,,,0,0,,,,,,,N
RS,85618,CACHOEIRINHA,N,0,276,0,0,0,,,,0,0,,,32734,46256,78990,41.44,58.56,Bolsonaro,13,263,4.71,95.29,,,,,N
RS,85634,CACIQUE DOBLE,N,14,0,1290,1998,3288,39.23,60.77,Bolsonaro,2,12,14.29,85.71,0,0,0,,,,0,0,,,,,,,N
RS,85650,CAIBATÉ,N,16,0,1724,1520,3244,53.14,46.86,Lula,8,7,50.0,43.75,0,0,0,,,,0,0,,,,,,,N
RS,85677,CAIÇARA,N,16,0,1436,2098,3534,40.63,59.37,Bolsonaro,2,14,12.5,87.5,0,0,0,,,,0,0,,,,,,,N
RS,85693,CAMAQUÃ,N,165,0,15626,22770,38396,40.7,59.3,Bolsonaro,14,149,8.48,90.3,0,0,0,,,,0,0,,,,,,,N
RS,85960,CAMARGO,N,11,0,747,1358,2105,35.49,64.51,Bolsonaro,1,10,9.09,90.91,0,0,0,,,,0,0,,,,,,,N
RS,85715,CAMBARÁ DO SUL,N,19,0,1340,2580,3920,34.18,65.82,Bolsonaro,1,18,5.26,94.74,0,0,0,,,,0,0,,,,,,,N
RS,86460,CAMPESTRE DA SERRA,N,11,0,432,1777,2209,19.56,80.44,Bolsonaro,0,11,0.0,100.0,0,0,0,,,,0,0,,,,,,,N
RS,85731,CAMPINA DAS MISSÕES,N,27,0,1869,2374,4243,44.05,55.95,Bolsonaro,4,22,14.81,81.48,0,0,0,,,,0,0,,,,,,,N
RS,85758,CAMPINAS DO SUL,N,18,0,1016,2869,3885,26.15,73.85,Bolsonaro,0,18,0.0,100.0,0,0,0,,,,0,0,,,,,,,N
RS,85774,CAMPO BOM,N,162,0,13361,28341,41702,32.04,67.96,Bolsonaro,1,161,0.62,99.38,0,0,0,,,,0,0,,,,,,,N
RS,85790,CAMPO NOVO,N,16,0,1622,1535,3157,51.38,48.62,Lula,9,7,56.25,43.75,0,0,0,,,,0,0,,,,,,,N
RS,85200,CAMPOS BORGES,N,11,0,1163,1361,2524,46.08,53.92,Bolsonaro,3,8,27.27,72.73,0,0,0,,,,0,0,,,,,,,N
RS,85812,CANDELÁRIA,N,85,0,7249,10324,17573,41.25,58.75,Bolsonaro,20,65,23.53,76.47,0,0,0,,,,0,0,,,,,,,N
RS,86487,CANDIOTA,N,26,0,4090,1974,6064,67.45,32.55,Lula,26,0,100.0,0.0,0,0,0,,,,0,0,,,,,,,N
RS,85855,CANELA,N,0,97,0,0,0,,,,0,0,,,8480,16937,25417,33.36,66.64,Bolsonaro,1,96,1.03,98.97,,,,,N
RS,85871,CANGUÇU,N,156,0,13636,19270,32906,41.44,58.56,Bolsonaro,51,104,32.69,66.67,0,0,0,,,,0,0,,,,,,,N
RS,85898,CANOAS,N,0,753,0,0,0,,,,0,0,,,88851,108143,196994,45.1,54.9,Bolsonaro,182,567,24.17,75.3,,,,,N
RS,89109,CANUDOS DO VALE,N,10,0,881,654,1535,57.39,42.61,Lula,9,1,90.0,10.0,0,0,0,,,,0,0,,,,,,,N
RS,84891,CAPELA DE SANTANA,N,25,0,2866,3472,6338,45.22,54.78,Bolsonaro,8,17,32.0,68.0,0,0,0,,,,0,0,,,,,,,N
RS,86509,CAPITÃO,N,12,0,876,1396,2272,38.56,61.44,Bolsonaro,2,10,16.67,83.33,0,0,0,,,,0,0,,,,,,,N
RS,88200,CAPIVARI DO SUL,N,11,0,1183,1680,2863,41.32,58.68,Bolsonaro,2,9,18.18,81.82,0,0,0,,,,0,0,,,,,,,N
RS,89125,CAPÃO BONITO DO SUL,N,8,0,860,802,1662,51.74,48.26,Lula,5,3,62.5,37.5,0,0,0,,,,0,0,,,,,,,N
RS,89150,CAPÃO DA CANOA,N,111,0,11303,20498,31801,35.54,64.46,Bolsonaro,2,109,1.8,98.2,0,0,0,,,,0,0,,,,,,,N
RS,89141,CAPÃO DO CIPÓ,N,13,0,1285,989,2274,56.51,43.49,Lula,8,5,61.54,38.46,0,0,0,,,,0,0,,,,,,,N
RS,89737,CAPÃO DO LEÃO,N,0,57,0,0,0,,,,0,0,,,7943,5956,13899,57.15,42.85,Lula,54,3,94.74,5.26,,,,,N
RS,85910,CARAZINHO,N,149,0,14582,22264,36846,39.58,60.42,Bolsonaro,16,133,10.74,89.26,0,0,0,,,,0,0,,,,,,,N
RS,88340,CARAÁ,N,20,0,2156,2577,4733,45.55,54.45,Bolsonaro,5,14,25.0,70.0,0,0,0,,,,0,0,,,,,,,N
RS,85936,CARLOS BARBOSA,N,72,0,4931,14478,19409,25.41,74.59,Bolsonaro,0,72,0.0,100.0,0,0,0,,,,0,0,,,,,,,N
RS,86525,CARLOS GOMES,N,5,0,591,586,1177,50.21,49.79,Lula,3,2,60.0,40.0,0,0,0,,,,0,0,,,,,,,N
RS,85952,CASCA,N,22,0,1748,4557,6305,27.72,72.28,Bolsonaro,0,22,0.0,100.0,0,0,0,,,,0,0,,,,,,,N
RS,85880,CASEIROS,N,10,0,1009,1502,2511,40.18,59.82,Bolsonaro,1,9,10.0,90.0,0,0,0,,,,0,0,,,,,,,N
RS,85979,CATUÍPE,N,33,0,2681,3579,6260,42.83,57.17,Bolsonaro,6,27,18.18,81.82,0,0,0,,,,0,0,,,,,,,N
RS,85995,CAXIAS DO SUL,N,0,1094,0,0,0,,,,0,0,,,91262,180592,271854,33.57,66.43,Bolsonaro,26,1067,2.38,97.53,,,,,N
RS,85553,CAÇAPAVA DO SUL,N,92,0,11965,7096,19061,62.77,37.23,Lula,85,7,92.39,7.61,0,0,0,,,,0,0,,,,,,,N
RS,86541,CENTENÁRIO,N,9,0,1081,1210,2291,47.18,52.82,Bolsonaro,2,7,22.22,77.78,0,0,0,,,,0,0,,,,,,,N
RS,88641,CERRITO,N,22,0,2498,1636,4134,60.43,39.57,Lula,18,4,81.82,18.18,0,0,0,,,,0,0,,,,,,,N
RS,86088,CERRO BRANCO,N,19,0,1116,1722,2838,39.32,60.68,Bolsonaro,7,12,36.84,63.16,0,0,0,,,,0,0,,,,,,,N
RS,85227,CERRO GRANDE,N,8,0,1287,958,2245,57.33,42.67,Lula,8,0,100.0,0.0,0,0,0,,,,0,0,,,,,,,N
RS,85944,CERRO GRANDE DO SUL,N,23,0,2637,2915,5552,47.5,52.5,Bolsonaro,11,12,47.83,52.17,0,0,0,,,,0,0,,,,,,,N
RS,86010,CERRO LARGO,N,39,0,4099,4097,8196,50.01,49.99,Lula,19,20,48.72,51.28,0,0,0,,,,0,0,,,,,,,N
RS,86037,CHAPADA,N,29,0,2451,4072,6523,37.57,62.43,Bolsonaro,2,27,6.9,93.1,0,0,0,,,,0,0,,,,,,,N
RS,86932,CHARQUEADAS,N,81,0,10700,8870,19570,54.68,45.32,Lula,70,11,86.42,13.58,0,0,0,,,,0,0,,,,,,,N
RS,86568,CHARRUA,N,16,0,980,1039,2019,48.54,51.46,Bolsonaro,4,12,25.0,75.0,0,0,0,,,,0,0,,,,,,,N
RS,86053,CHIAPETTA,N,13,0,1259,1577,2836,44.39,55.61,Bolsonaro,2,11,15.38,84.62,0,0,0,,,,0,0,,,,,,,N
RS,88269,CHUVISCA,N,14,0,1155,2356,3511,32.9,67.1,Bolsonaro,0,14,0.0,100.0,0,0,0,,,,0,0,,,,,,,N
RS,88846,CHUÍ,N,12,0,1973,1068,3041,64.88,35.12,Lula,12,0,100.0,0.0,0,0,0,,,,0,0,,,,,,,N
RS,85804,CIDREIRA,N,38,0,3884,3923,7807,49.75,50.25,Bolsonaro,16,21,42.11,55.26,0,0,0,,,,0,0,,,,,,,N
RS,86070,CIRÍACO,N,14,0,1248,1800,3048,40.94,59.06,Bolsonaro,3,11,21.43,78.57,0,0,0,,,,0,0,,,,,,,N
RS,86584,COLINAS,N,9,0,606,1233,1839,32.95,67.05,Bolsonaro,0,9,0.0,100.0,0,0,0,,,,0,0,,,,,,,N
RS,86096,COLORADO,N,11,0,740,1782,2522,29.34,70.66,Bolsonaro,1,10,9.09,90.91,0,0,0,,,,0,0,,,,,,,N
RS,86118,CONDOR,N,19,0,1736,2871,4607,37.68,62.32,Bolsonaro,1,18,5.26,94.74,0,0,0,,,,0,0,,,,,,,N
RS,86134,CONSTANTINA,N,25,0,2976,3776,6752,44.08,55.92,Bolsonaro,9,16,36.0,64.0,0,0,0,,,,0,0,,,,,,,N
RS,89168,COQUEIRO BAIXO,N,9,0,232,870,1102,21.05,78.95,Bolsonaro,0,9,0.0,100.0,0,0,0,,,,0,0,,,,,,,N
RS,86606,COQUEIROS DO SUL,N,10,0,670,1305,1975,33.92,66.08,Bolsonaro,0,10,0.0,100.0,0,0,0,,,,0,0,,,,,,,N
RS,86622,CORONEL BARROS,N,10,0,739,1396,2135,34.61,65.39,Bolsonaro,1,9,10.0,90.0,0,0,0,,,,0,0,,,,,,,N
RS,86150,CORONEL BICACO,N,24,0,2430,2255,4685,51.87,48.13,Lula,15,9,62.5,37.5,0,0,0,,,,0,0,,,,,,,N
RS,89184,CORONEL PILAR,N,6,0,275,975,1250,22.0,78.0,Bolsonaro,0,6,0.0,100.0,0,0,0,,,,0,0,,,,,,,N
RS,89770,COTIPORÃ,N,12,0,668,2261,2929,22.81,77.19,Bolsonaro,0,12,0.0,100.0,0,0,0,,,,0,0,,,,,,,N
RS,86649,COXILHA,N,0,10,0,0,0,,,,0,0,,,983,1269,2252,43.65,56.35,Bolsonaro,2,8,20.0,80.0,,,,,N
RS,86177,CRISSIUMAL,N,45,0,3790,4644,8434,44.94,55.06,Bolsonaro,14,29,31.11,64.44,0,0,0,,,,0,0,,,,,,,N
RS,85464,CRISTAL,N,19,0,2275,2491,4766,47.73,52.27,Bolsonaro,7,12,36.84,63.16,0,0,0,,,,0,0,,,,,,,N
RS,88528,CRISTAL DO SUL,N,11,0,1137,925,2062,55.14,44.86,Lula,7,3,63.64,27.27,0,0,0,,,,0,0,,,,,,,N
RS,86193,CRUZ ALTA,N,156,0,16354,19195,35549,46.0,54.0,Bolsonaro,51,104,32.69,66.67,0,0,0,,,,0,0,,,,,,,N
RS,89206,CRUZALTENSE,N,11,0,541,1142,1683,32.14,67.86,Bolsonaro,0,11,0.0,100.0,0,0,0,,,,0,0,,,,,,,N
RS,86215,CRUZEIRO DO SUL,N,39,0,2735,5021,7756,35.26,64.74,Bolsonaro,2,37,5.13,94.87,0,0,0,,,,0,0,,,,,,,N
RS,85839,CÂNDIDO GODÓI,N,26,0,1484,3378,4862,30.52,69.48,Bolsonaro,3,22,11.54,84.62,0,0,0,,,,0,0,,,,,,,N
RS,86231,DAVID CANABARRO,N,12,0,1304,2021,3325,39.22,60.78,Bolsonaro,2,10,16.67,83.33,0,0,0,,,,0,0,,,,,,,N
RS,86665,DERRUBADAS,N,15,0,1034,1130,2164,47.78,52.22,Bolsonaro,7,8,46.67,53.33,0,0,0,,,,0,0,,,,,,,N
RS,85049,DEZESSEIS DE NOVEMBRO,N,12,0,1105,886,1991,55.5,44.5,Lula,9,3,75.0,25.0,0,0,0,,,,0,0,,,,,,,N
RS,88188,DILERMANDO DE AGUIAR,N,13,0,1091,1267,2358,46.27,53.73,Bolsonaro,3,10,23.08,76.92,0,0,0,,,,0,0,,,,,,,N
RS,86258,DOIS IRMÃOS,N,83,0,6706,13698,20404,32.87,67.13,Bolsonaro,8,75,9.64,90.36,0,0,0,,,,0,0,,,,,,,N
RS,86681,DOIS IRMÃOS DAS MISSÕES,N,8,0,835,749,1584,52.71,47.29,Lula,6,2,75.0,25.0,0,0,0,,,,0,0,,,,,,,N
RS,84824,DOIS LAJEADOS,N,9,0,581,1907,2488,23.35,76.65,Bolsonaro,0,9,0.0,100.0,0,0,0,,,,0,0,,,,,,,N
RS,86274,DOM FELICIANO,N,36,0,4272,3746,8018,53.28,46.72,Lula,20,15,55.56,41.67,0,0,0,,,,0,0,,,,,,,N
RS,86290,DOM PEDRITO,N,110,0,11319,9878,21197,53.4,46.6,Lula,69,40,62.73,36.36,0,0,0,,,,0,0,,,,,,,N
RS,88463,DOM PEDRO DE ALCÂNTARA,N,11,0,759,1273,2032,37.35,62.65,Bolsonaro,0,11,0.0,100.0,0,0,0,,,,0,0,,,,,,,N
RS,86312,DONA FRANCISCA,N,11,0,1092,1316,2408,45.35,54.65,Bolsonaro,4,7,36.36,63.64,0,0,0,,,,0,0,,,,,,,N
RS,84883,DOUTOR MAURÍCIO CARDOSO,N,17,0,1141,2103,3244,35.17,64.83,Bolsonaro,2,15,11.76,88.24,0,0,0,,,,0,0,,,,,,,N
RS,88307,DOUTOR RICARDO,N,8,0,502,1201,1703,29.48,70.52,Bolsonaro,0,8,0.0,100.0,0,0,0,,,,0,0,,,,,,,N
RS,86240,ELDORADO DO SUL,N,0,75,0,0,0,,,,0,0,,,9910,10436,20346,48.71,51.29,Bolsonaro,29,45,38.67,60.0,,,,,N
RS,86339,ENCANTADO,N,58,0,4218,9544,13762,30.65,69.35,Bolsonaro,2,56,3.45,96.55,0,0,0,,,,0,0,,,,,,,N
RS,86355,ENCRUZILHADA DO SUL,N,72,0,8413,5840,14253,59.03,40.97,Lula,60,10,83.33,13.89,0,0,0,,,,0,0,,,,,,,N
RS,86703,ENGENHO VELHO,N,4,0,534,419,953,56.03,43.97,Lula,1,3,25.0,75.0,0,0,0,,,,0,0,,,,,,,N
RS,85928,ENTRE RIOS DO SUL,N,9,0,1029,1052,2081,49.45,50.55,Bolsonaro,4,4,44.44,44.44,0,0,0,,,,0,0,,,,,,,N
RS,85103,ENTRE-IJUÍS,N,26,0,2684,3187,5871,45.72,54.28,Bolsonaro,6,20,23.08,76.92,0,0,0,,,,0,0,,,,,,,N
RS,85081,EREBANGO,N,8,0,803,1249,2052,39.13,60.87,Bolsonaro,1,7,12.5,87.5,0,0,0,,,,0,0,,,,,,,N
RS,86371,ERECHIM,N,244,0,21164,42893,64057,33.04,66.96,Bolsonaro,14,230,5.74,94.26,0,0,0,,,,0,0,,,,,,,N
RS,85022,ERNESTINA,N,0,10,0,0,0,,,,0,0,,,1042,1298,2340,44.53,55.47,Bolsonaro,0,10,0.0,100.0,,,,,N
RS,86410,ERVAL GRANDE,N,16,0,1817,1600,3417,53.18,46.82,Lula,10,6,62.5,37.5,0,0,0,,,,0,0,,,,,,,N
RS,86436,ERVAL SECO,N,25,0,2375,2061,4436,53.54,46.46,Lula,16,9,64.0,36.0,0,0,0,,,,0,0,,,,,,,N
RS,86452,ESMERALDA,N,11,0,950,1153,2103,45.17,54.83,Bolsonaro,2,9,18.18,81.82,0,0,0,,,,0,0,,,,,,,N
RS,88285,ESPERANÇA DO SUL,N,12,0,1340,1077,2417,55.44,44.56,Lula,9,3,75.0,25.0,0,0,0,,,,0,0,,,,,,,N
RS,86479,ESPUMOSO,N,42,0,4335,5978,10313,42.03,57.97,Bolsonaro,12,30,28.57,71.43,0,0,0,,,,0,0,,,,,,,N
RS,85286,ESTAÇÃO,N,16,0,1257,2768,4025,31.23,68.77,Bolsonaro,0,16,0.0,100.0,0,0,0,,,,0,0,,,,,,,N
RS,86517,ESTEIO,N,0,215,0,0,0,,,,0,0,,,25148,26136,51284,49.04,50.96,Bolsonaro,94,119,43.72,55.35,,,,,N
RS,86533,ESTRELA,N,81,0,5562,14439,20001,27.81,72.19,Bolsonaro,0,81,0.0,100.0,0,0,0,,,,0,0,,,,,,,N
RS,88404,ESTRELA VELHA,N,15,0,1048,1330,2378,44.07,55.93,Bolsonaro,3,12,20.0,80.0,0,0,0,,,,0,0,,,,,,,N
RS,86495,ESTÂNCIA VELHA,N,107,0,8427,20924,29351,28.71,71.29,Bolsonaro,0,107,0.0,100.0,0,0,0,,,,0,0,,,,,,,N
RS,85448,EUGÊNIO DE CASTRO,N,8,0,790,1181,1971,40.08,59.92,Bolsonaro,1,7,12.5,87.5,0,0,0,,,,0,0,,,,,,,N
RS,84930,FAGUNDES VARELA,N,8,0,430,1633,2063,20.84,79.16,Bolsonaro,0,8,0.0,100.0,0,0,0,,,,0,0,,,,,,,N
RS,86550,FARROUPILHA,N,176,0,11728,34359,46087,25.45,74.55,Bolsonaro,0,176,0.0,100.0,0,0,0,,,,0,0,,,,,,,N
RS,86576,FAXINAL DO SOTURNO,N,21,0,1834,2743,4577,40.07,59.93,Bolsonaro,6,15,28.57,71.43,0,0,0,,,,0,0,,,,,,,N
RS,86029,FAXINALZINHO,N,8,0,747,1126,1873,39.88,60.12,Bolsonaro,2,6,25.0,75.0,0,0,0,,,,0,0,,,,,,,N
RS,88366,FAZENDA VILANOVA,N,13,0,1132,1593,2725,41.54,58.46,Bolsonaro,1,12,7.69,92.31,0,0,0,,,,0,0,,,,,,,N
RS,86592,FELIZ,N,35,0,2822,6148,8970,31.46,68.54,Bolsonaro,0,35,0.0,100.0,0,0,0,,,,0,0,,,,,,,N
RS,86614,FLORES DA CUNHA,N,78,0,3691,16910,20601,17.92,82.08,Bolsonaro,0,78,0.0,100.0,0,0,0,,,,0,0,,,,,,,N
RS,88242,FLORIANO PEIXOTO,N,7,0,687,833,1520,45.2,54.8,Bolsonaro,3,4,42.86,57.14,0,0,0,,,,0,0,,,,,,,N
RS,86630,FONTOURA XAVIER,N,32,0,3684,2720,6404,57.53,42.47,Lula,27,5,84.38,15.62,0,0,0,,,,0,0,,,,,,,N
RS,86657,FORMIGUEIRO,N,20,0,2258,2062,4320,52.27,47.73,Lula,12,8,60.0,40.0,0,0,0,,,,0,0,,,,,,,N
RS,89222,FORQUETINHA,N,12,0,636,1369,2005,31.72,68.28,Bolsonaro,2,10,16.67,83.33,0,0,0,,,,0,0,,,,,,,N
RS,98272,FORTALEZA DOS VALOS,N,13,0,1357,1791,3148,43.11,56.89,Bolsonaro,1,12,7.69,92.31,0,0,0,,,,0,0,,,,,,,N
RS,86673,FREDERICO WESTPHALEN,N,81,0,7918,12234,20152,39.29,60.71,Bolsonaro,9,72,11.11,88.89,0,0,0,,,,0,0,,,,,,,N
RS,86690,GARIBALDI,N,79,0,5250,16455,21705,24.19,75.81,Bolsonaro,1,78,1.27,98.73,0,0,0,,,,0,0,,,,,,,N
RS,86720,GARRUCHOS,N,12,0,1219,732,1951,62.48,37.52,Lula,11,1,91.67,8.33,0,0,0,,,,0,0,,,,,,,N
RS,86711,GAURAMA,N,19,0,1375,2964,4339,31.69,68.31,Bolsonaro,0,19,0.0,100.0,0,0,0,,,,0,0,,,,,,,N
RS,86738,GENERAL CÂMARA,N,23,0,2521,2311,4832,52.17,47.83,Lula,14,9,60.87,39.13,0,0,0,,,,0,0,,,,,,,N
RS,86746,GENTIL,N,7,0,341,996,1337,25.5,74.5,Bolsonaro,0,7,0.0,100.0,0,0,0,,,,0,0,,,,,,,N
RS,86770,GETÚLIO VARGAS,N,42,0,2896,7346,10242,28.28,71.72,Bolsonaro,0,42,0.0,100.0,0,0,0,,,,0,0,,,,,,,N
RS,86797,GIRUÁ,N,48,0,3695,6709,10404,35.52,64.48,Bolsonaro,3,43,6.25,89.58,0,0,0,,,,0,0,,,,,,,N
RS,85502,GLORINHA,N,0,19,0,0,0,,,,0,0,,,1650,3446,5096,32.38,67.62,Bolsonaro,0,19,0.0,100.0,,,,,N
RS,86819,GRAMADO,N,0,98,0,0,0,,,,0,0,,,6444,19160,25604,25.17,74.83,Bolsonaro,0,98,0.0,100.0,,,,,N
RS,86762,GRAMADO DOS LOUREIROS,N,6,0,1044,741,1785,58.49,41.51,Lula,4,2,66.67,33.33,0,0,0,,,,0,0,,,,,,,N
RS,86789,GRAMADO XAVIER,N,0,15,0,0,0,,,,0,0,,,1295,1093,2388,54.23,45.77,Lula,10,5,66.67,33.33,,,,,N
RS,86835,GRAVATAÍ,N,0,536,0,0,0,,,,0,0,,,57730,87219,144949,39.83,60.17,Bolsonaro,23,512,4.29,95.52,,,,,N
RS,84867,GUABIJU,N,4,0,290,878,1168,24.83,75.17,Bolsonaro,0,4,0.0,100.0,0,0,0,,,,0,0,,,,,,,N
RS,86878,GUAPORÉ,N,56,0,3868,11775,15643,24.73,75.27,Bolsonaro,0,56,0.0,100.0,0,0,0,,,,0,0,,,,,,,N
RS,86894,GUARANI DAS MISSÕES,N,26,0,2245,2692,4937,45.47,54.53,Bolsonaro,9,17,34.62,65.38,0,0,0,,,,0,0,,,,,,,N
RS,86851,GUAÍBA,N,0,228,0,0,0,,,,0,0,,,28475,28599,57074,49.89,50.11,Bolsonaro,113,110,49.56,48.25,,,,,N
RS,85189,HARMONIA,N,12,0,964,2418,3382,28.5,71.5,Bolsonaro,0,12,0.0,100.0,0,0,0,,,,0,0,,,,,,,N
RS,86398,HERVAL,N,19,0,2585,1203,3788,68.24,31.76,Lula,19,0,100.0,0.0,0,0,0,,,,0,0,,,,,,,N
RS,88323,HERVEIRAS,N,0,10,0,0,0,,,,0,0,,,1298,764,2062,62.95,37.05,Lula,10,0,100.0,0.0,,,,,N
RS,86916,HORIZONTINA,N,57,0,3577,8192,11769,30.39,69.61,Bolsonaro,3,54,5.26,94.74,0,0,0,,,,0,0,,,,,,,N
RS,86800,HULHA NEGRA,N,17,0,2292,1439,3731,61.43,38.57,Lula,15,2,88.24,11.76,0,0,0,,,,0,0,,,,,,,N
RS,86959,HUMAITÁ,N,19,0,1421,1999,3420,41.55,58.45,Bolsonaro,4,14,21.05,73.68,0,0,0,,,,0,0,,,,,,,N
RS,84972,IBARAMA,N,16,0,1378,1529,2907,47.4,52.6,Bolsonaro,5,11,31.25,68.75,0,0,0,,,,0,0,,,,,,,N
RS,86975,IBIAÇÁ,N,16,0,1102,2180,3282,33.58,66.42,Bolsonaro,1,15,6.25,93.75,0,0,0,,,,0,0,,,,,,,N
RS,86991,IBIRAIARAS,N,19,0,1278,3270,4548,28.1,71.9,Bolsonaro,0,19,0.0,100.0,0,0,0,,,,0,0,,,,,,,N
RS,84964,IBIRAPUITÃ,N,14,0,1299,1580,2879,45.12,54.88,Bolsonaro,2,12,14.29,85.71,0,0,0,,,,0,0,,,,,,,N
RS,87017,IBIRUBÁ,N,55,0,4279,9271,13550,31.58,68.42,Bolsonaro,0,54,0.0,98.18,0,0,0,,,,0,0,,,,,,,N
RS,87033,IGREJINHA,N,80,0,7210,14939,22149,32.55,67.45,Bolsonaro,0,80,0.0,100.0,0,0,0,,,,0,0,,,,,,,N
RS,87050,IJUÍ,N,230,0,21301,30188,51489,41.37,58.63,Bolsonaro,37,190,16.09,82.61,0,0,0,,,,0,0,,,,,,,N
RS,87076,ILÓPOLIS,N,14,0,659,2231,2890,22.8,77.2,Bolsonaro,0,14,0.0,100.0,0,0,0,,,,0,0,,,,,,,N
RS,85685,IMBÉ,N,56,0,6292,8625,14917,42.18,57.82,Bolsonaro,1,55,1.79,98.21,0,0,0,,,,0,0,,,,,,,N
RS,85782,IMIGRANTE,N,8,0,697,1384,2081,33.49,66.51,Bolsonaro,0,8,0.0,100.0,0,0,0,,,,0,0,,,,,,,N
RS,87092,INDEPENDÊNCIA,N,22,0,1753,2796,4549,38.54,61.46,Bolsonaro,1,21,4.55,95.45,0,0,0,,,,0,0,,,,,,,N
RS,86827,INHACORÁ,N,9,0,775,762,1537,50.42,49.58,Lula,4,5,44.44,55.56,0,0,0,,,,0,0,,,,,,,N
RS,85243,IPIRANGA DO SUL,N,7,0,358,1320,1678,21.33,78.67,Bolsonaro,0,7,0.0,100.0,0,0,0,,,,0,0,,,,,,,N
RS,84999,IPÊ,N,19,0,1017,3509,4526,22.47,77.53,Bolsonaro,0,19,0.0,100.0,0,0,0,,,,0,0,,,,,,,N
RS,87114,IRAÍ,N,23,0,2365,2342,4707,50.24,49.76,Lula,14,9,60.87,39.13,0,0,0,,,,0,0,,,,,,,N
RS,88382,ITAARA,N,0,14,0,0,0,,,,0,0,,,1512,1966,3478,43.47,56.53,Bolsonaro,2,12,14.29,85.71,,,,,N
RS,85901,ITACURUBI,N,12,0,1035,1008,2043,50.66,49.34,Lula,7,5,58.33,41.67,0,0,0,,,,0,0,,,,,,,N
RS,86843,ITAPUCA,N,6,0,553,874,1427,38.75,61.25,Bolsonaro,0,6,0.0,100.0,0,0,0,,,,0,0,,,,,,,N
RS,87130,ITAQUI,N,80,0,8901,10523,19424,45.82,54.18,Bolsonaro,26,54,32.5,67.5,0,0,0,,,,0,0,,,,,,,N
RS,89249,ITATI,N,11,0,1127,1494,2621,43.0,57.0,Bolsonaro,1,10,9.09,90.91,0,0,0,,,,0,0,,,,,,,N
RS,87157,ITATIBA DO SUL,N,13,0,1683,1186,2869,58.66,41.34,Lula,12,0,92.31,0.0,0,0,0,,,,0,0,,,,,,,N
RS,85626,IVORÁ,N,8,0,704,730,1434,49.09,50.91,Bolsonaro,3,5,37.5,62.5,0,0,0,,,,0,0,,,,,,,N
RS,87173,IVOTI,N,52,0,4009,10110,14119,28.39,71.61,Bolsonaro,0,52,0.0,100.0,0,0,0,,,,0,0,,,,,,,N
RS,84786,JABOTICABA,N,13,0,1309,1302,2611,50.13,49.87,Lula,8,5,61.54,38.46,0,0,0,,,,0,0,,,,,,,N
RS,89265,JACUIZINHO,N,10,0,898,729,1627,55.19,44.81,Lula,8,2,80.0,20.0,0,0,0,,,,0,0,,,,,,,N
RS,87190,JACUTINGA,N,11,0,881,1570,2451,35.94,64.06,Bolsonaro,0,11,0.0,100.0,0,0,0,,,,0,0,,,,,,,N
RS,87238,JAGUARI,N,36,0,3044,3929,6973,43.65,56.35,Bolsonaro,9,27,25.0,75.0,0,0,0,,,,0,0,,,,,,,N
RS,87211,JAGUARÃO,N,65,0,8715,6414,15129,57.6,42.4,Lula,51,14,78.46,21.54,0,0,0,,,,0,0,,,,,,,N
RS,84905,JAQUIRANA,N,14,0,1239,1400,2639,46.95,53.05,Bolsonaro,5,9,35.71,64.29,0,0,0,,,,0,0,,,,,,,N
RS,88587,JARI,N,12,0,1290,977,2267,56.9,43.1,Lula,8,4,66.67,33.33,0,0,0,,,,0,0,,,,,,,N
RS,98299,JÓIA,N,27,0,2807,2321,5128,54.74,45.26,Lula,13,14,48.15,51.85,0,0,0,,,,0,0,,,,,,,N
RS,87254,JÚLIO DE CASTILHOS,N,55,0,6676,5278,11954,55.85,44.15,Lula,36,18,65.45,32.73,0,0,0,,,,0,0,,,,,,,N
RS,89281,LAGOA BONITA DO SUL,N,14,0,985,894,1879,52.42,47.58,Lula,9,5,64.29,35.71,0,0,0,,,,0,0,,,,,,,N
RS,86886,LAGOA DOS TRÊS CANTOS,N,5,0,342,1012,1354,25.26,74.74,Bolsonaro,0,5,0.0,100.0,0,0,0,,,,0,0,,,,,,,N
RS,87270,LAGOA VERMELHA,N,74,0,6540,9574,16114,40.59,59.41,Bolsonaro,15,57,20.27,77.03,0,0,0,,,,0,0,,,,,,,N
RS,85260,LAGOÃO,N,20,0,2374,1241,3615,65.67,34.33,Lula,19,1,95.0,5.0,0,0,0,,,,0,0,,,,,,,N
RS,87297,LAJEADO,N,177,0,16271,31987,48258,33.72,66.28,Bolsonaro,16,161,9.04,90.96,0,0,0,,,,0,0,,,,,,,N
RS,86860,LAJEADO DO BUGRE,N,6,0,924,662,1586,58.26,41.74,Lula,6,0,100.0,0.0,0,0,0,,,,0,0,,,,,,,N
RS,87319,LAVRAS DO SUL,N,20,0,2584,1669,4253,60.76,39.24,Lula,17,3,85.0,15.0,0,0,0,,,,0,0,,,,,,,N
RS,87335,LIBERATO SALZANO,N,16,0,1970,1436,3406,57.84,42.16,Lula,13,3,81.25,18.75,0,0,0,,,,0,0,,,,,,,N
RS,86908,LINDOLFO COLLOR,N,15,0,1613,2156,3769,42.8,57.2,Bolsonaro,6,9,40.0,60.0,0,0,0,,,,0,0,,,,,,,N
RS,86924,LINHA NOVA,N,4,0,372,784,1156,32.18,67.82,Bolsonaro,0,4,0.0,100.0,0,0,0,,,,0,0,,,,,,,N
RS,87351,MACHADINHO,N,16,0,1563,2344,3907,40.01,59.99,Bolsonaro,2,14,12.5,87.5,0,0,0,,,,0,0,,,,,,,N
RS,88943,MAMPITUBA,N,11,0,1246,1091,2337,53.32,46.68,Lula,6,5,54.55,45.45,0,0,0,,,,0,0,,,,,,,N
RS,86940,MANOEL VIANA,N,18,0,2271,1986,4257,53.35,46.65,Lula,10,8,55.56,44.44,0,0,0,,,,0,0,,,,,,,N
RS,86967,MAQUINÉ,N,20,0,2469,2255,4724,52.27,47.73,Lula,15,4,75.0,20.0,0,0,0,,,,0,0,,,,,,,N
RS,86983,MARATÁ,N,9,0,559,1381,1940,28.81,71.19,Bolsonaro,0,9,0.0,100.0,0,0,0,,,,0,0,,,,,,,N
RS,87378,MARAU,N,107,0,7845,18107,25952,30.23,69.77,Bolsonaro,3,104,2.8,97.2,0,0,0,,,,0,0,,,,,,,N
RS,87394,MARCELINO RAMOS,N,17,0,1337,1827,3164,42.26,57.74,Bolsonaro,1,16,5.88,94.12,0,0,0,,,,0,0,,,,,,,N
RS,87009,MARIANA PIMENTEL,N,13,0,1130,1659,2789,40.52,59.48,Bolsonaro,2,11,15.38,84.62,0,0,0,,,,0,0,,,,,,,N
RS,87416,MARIANO MORO,N,8,0,866,907,1773,48.84,51.16,Bolsonaro,3,5,37.5,62.5,0,0,0,,,,0,0,,,,,,,N
RS,88820,MARQUES DE SOUZA,N,16,0,978,1825,2803,34.89,65.11,Bolsonaro,0,16,0.0,100.0,0,0,0,,,,0,0,,,,,,,N
RS,87432,MATA,N,15,0,1521,1621,3142,48.41,51.59,Bolsonaro,5,9,33.33,60.0,0,0,0,,,,0,0,,,,,,,N
RS,87025,MATO CASTELHANO,N,0,8,0,0,0,,,,0,0,,,552,1764,2316,23.83,76.17,Bolsonaro,0,8,0.0,100.0,,,,,N
RS,87041,MATO LEITÃO,N,14,0,1115,2093,3208,34.76,65.24,Bolsonaro,1,13,7.14,92.86,0,0,0,,,,0,0,,,,,,,N
RS,89303,MATO QUEIMADO,N,7,0,611,702,1313,46.53,53.47,Bolsonaro,3,4,42.86,57.14,0,0,0,,,,0,0,,,,,,,N
RS,87459,MAXIMILIANO DE ALMEIDA,N,18,0,1080,2163,3243,33.3,66.7,Bolsonaro,1,17,5.56,94.44,0,0,0,,,,0,0,,,,,,,N
RS,88447,MAÇAMBARÁ,N,14,0,1404,1535,2939,47.77,52.23,Bolsonaro,5,9,35.71,64.29,0,0,0,,,,0,0,,,,,,,N
RS,87068,MINAS DO LEÃO,N,20,0,2557,2319,4876,52.44,47.56,Lula,14,6,70.0,30.0,0,0,0,,,,0,0,,,,,,,N
RS,87475,MIRAGUAÍ,N,17,0,1935,1477,3412,56.71,43.29,Lula,14,3,82.35,17.65,0,0,0,,,,0,0,,,,,,,N
RS,85820,MONTAURI,N,5,0,290,948,1238,23.42,76.58,Bolsonaro,0,5,0.0,100.0,0,0,0,,,,0,0,,,,,,,N
RS,88803,MONTE ALEGRE DOS CAMPOS,N,12,0,909,1601,2510,36.22,63.78,Bolsonaro,0,12,0.0,100.0,0,0,0,,,,0,0,,,,,,,N
RS,87084,MONTE BELO DO SUL,N,0,13,0,0,0,,,,0,0,,,450,2131,2581,17.44,82.56,Bolsonaro,0,13,0.0,100.0,,,,,N
RS,87491,MONTENEGRO,N,147,0,14445,21452,35897,40.24,59.76,Bolsonaro,10,137,6.8,93.2,0,0,0,,,,0,0,,,,,,,N
RS,87106,MORMAÇO,N,8,0,897,1279,2176,41.22,58.78,Bolsonaro,3,5,37.5,62.5,0,0,0,,,,0,0,,,,,,,N
RS,87122,MORRINHOS DO SUL,N,11,0,868,1749,2617,33.17,66.83,Bolsonaro,1,10,9.09,90.91,0,0,0,,,,0,0,,,,,,,N
RS,86185,MORRO REDONDO,N,0,22,0,0,0,,,,0,0,,,1667,2380,4047,41.19,58.81,Bolsonaro,4,18,18.18,81.82,,,,,N
RS,87149,MORRO REUTER,N,19,0,1118,3431,4549,24.58,75.42,Bolsonaro,0,19,0.0,100.0,0,0,0,,,,0,0,,,,,,,N
RS,87513,MOSTARDAS,N,31,0,2987,3800,6787,44.01,55.99,Bolsonaro,4,27,12.9,87.1,0,0,0,,,,0,0,,,,,,,N
RS,88544,MUITOS CAPÕES,N,9,0,641,1462,2103,30.48,69.52,Bolsonaro,0,9,0.0,100.0,0,0,0,,,,0,0,,,,,,,N
RS,87165,MULITERNO,N,7,0,809,871,1680,48.15,51.85,Bolsonaro,2,5,28.57,71.43,0,0,0,,,,0,0,,,,,,,N
RS,87530,MUÇUM,N,17,0,939,2422,3361,27.94,72.06,Bolsonaro,0,17,0.0,100.0,0,0,0,,,,0,0,,,,,,,N
RS,87181,NICOLAU VERGUEIRO,N,8,0,617,1126,1743,35.4,64.6,Bolsonaro,1,7,12.5,87.5,0,0,0,,,,0,0,,,,,,,N
RS,87572,NONOAI,N,27,0,3702,3811,7513,49.27,50.73,Bolsonaro,8,19,29.63,70.37,0,0,0,,,,0,0,,,,,,,N
RS,86169,NOVA ALVORADA,N,10,0,629,1710,2339,26.89,73.11,Bolsonaro,0,10,0.0,100.0,0,0,0,,,,0,0,,,,,,,N
RS,87599,NOVA ARAÇÁ,N,13,0,711,2552,3263,21.79,78.21,Bolsonaro,0,13,0.0,100.0,0,0,0,,,,0,0,,,,,,,N
RS,87610,NOVA BASSANO,N,20,0,993,5151,6144,16.16,83.84,Bolsonaro,0,20,0.0,100.0,0,0,0,,,,0,0,,,,,,,N
RS,87203,NOVA BOA VISTA,N,11,0,562,1150,1712,32.83,67.17,Bolsonaro,0,11,0.0,100.0,0,0,0,,,,0,0,,,,,,,N
RS,87637,NOVA BRÉSCIA,N,11,0,515,1781,2296,22.43,77.57,Bolsonaro,0,11,0.0,100.0,0,0,0,,,,0,0,,,,,,,N
RS,88226,NOVA CANDELÁRIA,N,11,0,756,1480,2236,33.81,66.19,Bolsonaro,2,9,18.18,81.82,0,0,0,,,,0,0,,,,,,,N
RS,85120,NOVA ESPERANÇA DO SUL,N,13,0,1558,1784,3342,46.62,53.38,Bolsonaro,3,10,23.08,76.92,0,0,0,,,,0,0,,,,,,,N
RS,84816,NOVA HARTZ,N,44,0,4602,7367,11969,38.45,61.55,Bolsonaro,0,44,0.0,100.0,0,0,0,,,,0,0,,,,,,,N
RS,87653,NOVA PALMA,N,19,0,1888,2340,4228,44.65,55.35,Bolsonaro,3,16,15.79,84.21,0,0,0,,,,0,0,,,,,,,N
RS,87670,NOVA PETRÓPOLIS,N,56,0,3311,10456,13767,24.05,75.95,Bolsonaro,0,56,0.0,100.0,0,0,0,,,,0,0,,,,,,,N
RS,87696,NOVA PRATA,N,53,0,3572,11957,15529,23.0,77.0,Bolsonaro,0,53,0.0,100.0,0,0,0,,,,0,0,,,,,,,N
RS,87220,NOVA PÁDUA,N,7,0,225,1819,2044,11.01,88.99,Bolsonaro,0,7,0.0,100.0,0,0,0,,,,0,0,,,,,,,N
RS,88560,NOVA RAMADA,N,9,0,658,1053,1711,38.46,61.54,Bolsonaro,1,8,11.11,88.89,0,0,0,,,,0,0,,,,,,,N
RS,84751,NOVA ROMA DO SUL,N,11,0,588,2041,2629,22.37,77.63,Bolsonaro,0,11,0.0,100.0,0,0,0,,,,0,0,,,,,,,N
RS,87246,NOVA SANTA RITA,N,0,56,0,0,0,,,,0,0,,,6473,8152,14625,44.26,55.74,Bolsonaro,2,54,3.57,96.43,,,,,N
RS,87262,NOVO BARREIRO,N,12,0,1595,1471,3066,52.02,47.98,Lula,7,5,58.33,41.67,0,0,0,,,,0,0,,,,,,,N
RS,88684,NOVO CABRAIS,N,15,0,1197,1741,2938,40.74,59.26,Bolsonaro,2,13,13.33,86.67,0,0,0,,,,0,0,,,,,,,N
RS,87718,NOVO HAMBURGO,N,0,549,0,0,0,,,,0,0,,,44134,95799,139933,31.54,68.46,Bolsonaro,2,547,0.36,99.64,,,,,N
RS,87289,NOVO MACHADO,N,13,0,938,1693,2631,35.65,64.35,Bolsonaro,2,11,15.38,84.62,0,0,0,,,,0,0,,,,,,,N
RS,87300,NOVO TIRADENTES,N,8,0,815,686,1501,54.3,45.7,Lula,7,1,87.5,12.5,0,0,0,,,,0,0,,,,,,,N
RS,89320,NOVO XINGU,N,6,0,649,665,1314,49.39,50.61,Bolsonaro,2,4,33.33,66.67,0,0,0,,,,0,0,,,,,,,N
RS,87556,NÃO-ME-TOQUE,N,40,0,3315,7522,10837,30.59,69.41,Bolsonaro,4,36,10.0,90.0,0,0,0,,,,0,0,,,,,,,N
RS,87734,OSÓRIO,N,111,0,13612,14629,28241,48.2,51.8,Bolsonaro,40,68,36.04,61.26,0,0,0,,,,0,0,,,,,,,N
RS,87750,PAIM FILHO,N,17,0,1484,1720,3204,46.32,53.68,Bolsonaro,4,12,23.53,70.59,0,0,0,,,,0,0,,,,,,,N
RS,89672,PALMARES DO SUL,N,34,0,3498,4318,7816,44.75,55.25,Bolsonaro,6,28,17.65,82.35,0,0,0,,,,0,0,,,,,,,N
RS,87777,PALMEIRA DAS MISSÕES,N,76,0,8979,10337,19316,46.48,53.52,Bolsonaro,22,53,28.95,69.74,0,0,0,,,,0,0,,,,,,,N
RS,87793,PALMITINHO,N,20,0,2692,2215,4907,54.86,45.14,Lula,10,10,50.0,50.0,0,0,0,,,,0,0,,,,,,,N
RS,87815,PANAMBI,N,99,0,7749,18425,26174,29.61,70.39,Bolsonaro,1,98,1.01,98.99,0,0,0,,,,0,0,,,,,,,N
RS,84980,PANTANO GRANDE,N,29,0,3725,2643,6368,58.5,41.5,Lula,23,6,79.31,20.69,0,0,0,,,,0,0,,,,,,,N
RS,87831,PARAÍ,N,19,0,1233,3888,5121,24.08,75.92,Bolsonaro,0,19,0.0,100.0,0,0,0,,,,0,0,,,,,,,N
RS,85987,PARAÍSO DO SUL,N,21,0,1662,2758,4420,37.6,62.4,Bolsonaro,5,16,23.81,76.19,0,0,0,,,,0,0,,,,,,,N
RS,87327,PARECI NOVO,N,10,0,680,2107,2787,24.4,75.6,Bolsonaro,0,10,0.0,100.0,0,0,0,,,,0,0,,,,,,,N
RS,98256,PAROBÉ,N,120,0,11312,20009,31321,36.12,63.88,Bolsonaro,1,118,0.83,98.33,0,0,0,,,,0,0,,,,,,,N
RS,88889,PASSA SETE,N,19,0,1523,1507,3030,50.26,49.74,Lula,12,7,63.16,36.84,0,0,0,,,,0,0,,,,,,,N
RS,87343,PASSO DO SOBRADO,N,0,18,0,0,0,,,,0,0,,,1876,2324,4200,44.67,55.33,Bolsonaro,3,15,16.67,83.33,,,,,N
RS,87858,PASSO FUNDO,N,0,436,0,0,0,,,,0,0,,,51070,66922,117992,43.28,56.72,Bolsonaro,94,341,21.56,78.21,,,,,N
RS,89346,PAULO BENTO,N,8,0,610,1181,1791,34.06,65.94,Bolsonaro,0,8,0.0,100.0,0,0,0,,,,0,0,,,,,,,N
RS,85146,PAVERAMA,N,21,0,1858,2788,4646,39.99,60.01,Bolsonaro,3,17,14.29,80.95,0,0,0,,,,0,0,,,,,,,N
RS,89567,PEDRAS ALTAS,N,8,0,997,508,1505,66.25,33.75,Lula,8,0,100.0,0.0,0,0,0,,,,0,0,,,,,,,N
RS,87874,PEDRO OSÓRIO,N,27,0,3373,1706,5079,66.41,33.59,Lula,27,0,100.0,0.0,0,0,0,,,,0,0,,,,,,,N
RS,87890,PEJUÇARA,N,13,0,983,1567,2550,38.55,61.45,Bolsonaro,1,12,7.69,92.31,0,0,0,,,,0,0,,,,,,,N
RS,87912,PELOTAS,N,0,755,0,0,0,,,,0,0,,,107854,83962,191816,56.23,43.77,Lula,594,158,78.68,20.93,,,,,N
RS,87360,PICADA CAFÉ,N,14,0,1006,2628,3634,27.68,72.32,Bolsonaro,0,14,0.0,100.0,0,0,0,,,,0,0,,,,,,,N
RS,85340,PINHAL,N,6,0,813,1106,1919,42.37,57.63,Bolsonaro,0,6,0.0,100.0,0,0,0,,,,0,0,,,,,,,N
RS,89362,PINHAL DA SERRA,N,12,0,822,1048,1870,43.96,56.04,Bolsonaro,4,8,33.33,66.67,0,0,0,,,,0,0,,,,,,,N
RS,87386,PINHAL GRANDE,N,14,0,1540,1319,2859,53.86,46.14,Lula,9,3,64.29,21.43,0,0,0,,,,0,0,,,,,,,N
RS,87408,PINHEIRINHO DO VALE,N,14,0,1421,1569,2990,47.53,52.47,Bolsonaro,5,8,35.71,57.14,0,0,0,,,,0,0,,,,,,,N
RS,87939,PINHEIRO MACHADO,N,37,0,4774,2335,7109,67.15,32.85,Lula,36,1,97.3,2.7,0,0,0,,,,0,0,,,,,,,N
RS,89540,PINTO BANDEIRA,N,0,8,0,0,0,,,,0,0,,,332,1677,2009,16.53,83.47,Bolsonaro,0,8,0.0,100.0,,,,,N
RS,84778,PIRAPÓ,N,11,0,976,708,1684,57.96,42.04,Lula,8,3,72.73,27.27,0,0,0,,,,0,0,,,,,,,N
RS,87955,PIRATINI,N,56,0,7105,4180,11285,62.96,37.04,Lula,50,6,89.29,10.71,0,0,0,,,,0,0,,,,,,,N
RS,87971,PLANALTO,N,27,0,2779,3448,6227,44.63,55.37,Bolsonaro,6,21,22.22,77.78,0,0,0,,,,0,0,,,,,,,N
RS,87440,PONTE PRETA,N,8,0,505,1020,1525,33.11,66.89,Bolsonaro,1,7,12.5,87.5,0,0,0,,,,0,0,,,,,,,N
RS,87424,PONTÃO,N,0,11,0,0,0,,,,0,0,,,1370,1428,2798,48.96,51.04,Bolsonaro,3,8,27.27,72.73,,,,,N
RS,88013,PORTO ALEGRE,N,0,3045,0,0,0,,,,0,0,,,437798,380499,818297,53.5,46.5,Lula,2075,943,68.14,30.97,,,,,N
RS,88030,PORTO LUCENA,N,23,0,1472,1681,3153,46.69,53.31,Bolsonaro,7,15,30.43,65.22,0,0,0,,,,0,0,,,,,,,N
RS,87467,PORTO MAUÁ,N,9,0,656,1189,1845,35.56,64.44,Bolsonaro,0,9,0.0,100.0,0,0,0,,,,0,0,,,,,,,N
RS,87483,PORTO VERA CRUZ,N,9,0,655,727,1382,47.4,52.6,Bolsonaro,2,5,22.22,55.56,0,0,0,,,,0,0,,,,,,,N
RS,88056,PORTO XAVIER,N,30,0,3010,3319,6329,47.56,52.44,Bolsonaro,13,17,43.33,56.67,0,0,0,,,,0,0,,,,,,,N
RS,87998,PORTÃO,N,75,0,7692,12331,20023,38.42,61.58,Bolsonaro,5,70,6.67,93.33,0,0,0,,,,0,0,,,,,,,N
RS,85421,POUSO NOVO,N,6,0,606,772,1378,43.98,56.02,Bolsonaro,2,4,33.33,66.67,0,0,0,,,,0,0,,,,,,,N
RS,86126,POÇO DAS ANTAS,N,7,0,458,1169,1627,28.15,71.85,Bolsonaro,0,7,0.0,100.0,0,0,0,,,,0,0,,,,,,,N
RS,87505,PRESIDENTE LUCENA,N,8,0,528,1672,2200,24.0,76.0,Bolsonaro,0,8,0.0,100.0,0,0,0,,,,0,0,,,,,,,N
RS,84760,PROGRESSO,N,24,0,1987,2235,4222,47.06,52.94,Bolsonaro,9,15,37.5,62.5,0,0,0,,,,0,0,,,,,,,N
RS,85405,PROTÁSIO ALVES,N,6,0,310,1305,1615,19.2,80.8,Bolsonaro,0,6,0.0,100.0,0,0,0,,,,0,0,,,,,,,N
RS,88072,PUTINGA,N,18,0,647,2306,2953,21.91,78.09,Bolsonaro,0,18,0.0,100.0,0,0,0,,,,0,0,,,,,,,N
RS,88099,QUARAÍ,N,59,0,6834,6491,13325,51.29,48.71,Lula,34,24,57.63,40.68,0,0,0,,,,0,0,,,,,,,N
RS,89389,QUATRO IRMÃOS,N,7,0,514,857,1371,37.49,62.51,Bolsonaro,0,7,0.0,100.0,0,0,0,,,,0,0,,,,,,,N
RS,87521,QUEVEDOS,N,11,0,1018,809,1827,55.72,44.28,Lula,7,4,63.64,36.36,0,0,0,,,,0,0,,,,,,,N
RS,84875,QUINZE DE NOVEMBRO,N,11,0,881,2113,2994,29.43,70.57,Bolsonaro,0,11,0.0,100.0,0,0,0,,,,0,0,,,,,,,N
RS,88110,REDENTORA,N,24,0,3061,1848,4909,62.35,37.65,Lula,13,11,54.17,45.83,0,0,0,,,,0,0,,,,,,,N
RS,85766,RELVADO,N,8,0,471,1170,1641,28.7,71.3,Bolsonaro,0,8,0.0,100.0,0,0,0,,,,0,0,,,,,,,N
RS,88137,RESTINGA SÊCA,N,51,0,4309,5495,9804,43.95,56.05,Bolsonaro,12,39,23.53,76.47,0,0,0,,,,0,0,,,,,,,N
RS,87548,RIO DOS ÍNDIOS,N,9,0,1320,951,2271,58.12,41.88,Lula,7,1,77.78,11.11,0,0,0,,,,0,0,,,,,,,N
RS,88153,RIO GRANDE,N,474,0,72258,39996,112254,64.37,35.63,Lula,467,7,98.52,1.48,0,0,0,,,,0,0,,,,,,,N
RS,88170,RIO PARDO,N,101,0,12819,9190,22009,58.24,41.76,Lula,78,23,77.23,22.77,0,0,0,,,,0,0,,,,,,,N
RS,85740,RIOZINHO,N,14,0,1474,1815,3289,44.82,55.18,Bolsonaro,3,11,21.43,78.57,0,0,0,,,,0,0,,,,,,,N
RS,88196,ROCA SALES,N,31,0,2174,4204,6378,34.09,65.91,Bolsonaro,0,31,0.0,100.0,0,0,0,,,,0,0,,,,,,,N
RS,88218,RODEIO BONITO,N,17,0,1977,2251,4228,46.76,53.24,Bolsonaro,7,10,41.18,58.82,0,0,0,,,,0,0,,,,,,,N
RS,89400,ROLADOR,N,12,0,1036,844,1880,55.11,44.89,Lula,9,3,75.0,25.0,0,0,0,,,,0,0,,,,,,,N
RS,88234,ROLANTE,N,52,0,4709,8717,13426,35.07,64.93,Bolsonaro,1,51,1.92,98.08,0,0,0,,,,0,0,,,,,,,N
RS,88250,RONDA ALTA,N,25,0,3244,2890,6134,52.89,47.11,Lula,16,8,64.0,32.0,0,0,0,,,,0,0,,,,,,,N
RS,88277,RONDINHA,N,19,0,1656,2224,3880,42.68,57.32,Bolsonaro,3,16,15.79,84.21,0,0,0,,,,0,0,,,,,,,N
RS,88293,ROQUE GONZALES,N,25,0,2119,2348,4467,47.44,52.56,Bolsonaro,10,15,40.0,60.0,0,0,0,,,,0,0,,,,,,,N
RS,88315,ROSÁRIO DO SUL,N,104,0,12084,10673,22757,53.1,46.9,Lula,65,39,62.5,37.5,0,0,0,,,,0,0,,,,,,,N
RS,87564,SAGRADA FAMÍLIA,N,7,0,937,867,1804,51.94,48.06,Lula,4,3,57.14,42.86,0,0,0,,,,0,0,,,,,,,N
RS,85561,SALDANHA MARINHO,N,9,0,837,1426,2263,36.99,63.01,Bolsonaro,0,9,0.0,100.0,0,0,0,,,,0,0,,,,,,,N
RS,89753,SALTO DO JACUÍ,N,28,0,3290,2926,6216,52.93,47.07,Lula,18,9,64.29,32.14,0,0,0,,,,0,0,,,,,,,N
RS,87580,SALVADOR DAS MISSÕES,N,10,0,856,1366,2222,38.52,61.48,Bolsonaro,0,10,0.0,100.0,0,0,0,,,,0,0,,,,,,,N
RS,88331,SALVADOR DO SUL,N,17,0,1315,3317,4632,28.39,71.61,Bolsonaro,0,17,0.0,100.0,0,0,0,,,,0,0,,,,,,,N
RS,88358,SANANDUVA,N,49,0,3273,7685,10958,29.87,70.13,Bolsonaro,3,46,6.12,93.88,0,0,0,,,,0,0,,,,,,,N
RS,88455,SANT'ANA DO LIVRAMENTO,N,208,0,28753,21249,50002,57.5,42.5,Lula,146,62,70.19,29.81,0,0,0,,,,0,0,,,,,,,N
RS,88374,SANTA BÁRBARA DO SUL,N,23,0,2086,3543,5629,37.06,62.94,Bolsonaro,2,21,8.7,91.3,0,0,0,,,,0,0,,,,,,,N
RS,89247,SANTA CECÍLIA DO SUL,N,10,0,478,1086,1564,30.56,69.44,Bolsonaro,1,9,10.0,90.0,0,0,0,,,,0,0,,,,,,,N
RS,87602,SANTA CLARA DO SUL,N,18,0,1265,3084,4349,29.09,70.91,Bolsonaro,0,18,0.0,100.0,0,0,0,,,,0,0,,,,,,,N
RS,88390,SANTA CRUZ DO SUL,N,0,325,0,0,0,,,,0,0,,,33040,49867,82907,39.85,60.15,Bolsonaro,53,270,16.31,83.08,,,,,N
RS,89443,SANTA MARGARIDA DO SUL,N,11,0,1031,1033,2064,49.95,50.05,Bolsonaro,7,4,63.64,36.36,0,0,0,,,,0,0,,,,,,,N
RS,88412,SANTA MARIA,N,0,630,0,0,0,,,,0,0,,,76044,83340,159384,47.71,52.29,Bolsonaro,215,406,34.13,64.44,,,,,N
RS,86207,SANTA MARIA DO HERVAL,N,19,0,1543,2911,4454,34.64,65.36,Bolsonaro,0,19,0.0,100.0,0,0,0,,,,0,0,,,,,,,N
RS,88471,SANTA ROSA,N,184,0,14897,30871,45768,32.55,67.45,Bolsonaro,3,181,1.63,98.37,0,0,0,,,,0,0,,,,,,,N
RS,87629,SANTA TEREZA,N,0,6,0,0,0,,,,0,0,,,389,1051,1440,27.01,72.99,Bolsonaro,0,6,0.0,100.0,,,,,N
RS,88498,SANTA VITÓRIA DO PALMAR,N,78,0,10372,6213,16585,62.54,37.46,Lula,72,6,92.31,7.69,0,0,0,,,,0,0,,,,,,,N
RS,88439,SANTANA DA BOA VISTA,N,22,0,2485,2207,4692,52.96,47.04,Lula,14,7,63.64,31.82,0,0,0,,,,0,0,,,,,,,N
RS,88510,SANTIAGO,N,136,0,13480,16482,29962,44.99,55.01,Bolsonaro,33,101,24.26,74.26,0,0,0,,,,0,0,,,,,,,N
RS,88552,SANTO ANTÔNIO DA PATRULHA,N,108,0,10963,14651,25614,42.8,57.2,Bolsonaro,20,88,18.52,81.48,0,0,0,,,,0,0,,,,,,,N
RS,88579,SANTO ANTÔNIO DAS MISSÕES,N,34,0,3992,2545,6537,61.07,38.93,Lula,33,1,97.06,2.94,0,0,0,,,,0,0,,,,,,,N
RS,87645,SANTO ANTÔNIO DO PALMA,N,7,0,730,872,1602,45.57,54.43,Bolsonaro,1,4,14.29,57.14,0,0,0,,,,0,0,,,,,,,N
RS,87661,SANTO ANTÔNIO DO PLANALTO,N,8,0,504,1238,1742,28.93,71.07,Bolsonaro,1,7,12.5,87.5,0,0,0,,,,0,0,,,,,,,N
RS,88595,SANTO AUGUSTO,N,43,0,4222,4761,8983,47.0,53.0,Bolsonaro,16,27,37.21,62.79,0,0,0,,,,0,0,,,,,,,N
RS,88617,SANTO CRISTO,N,53,0,4545,6187,10732,42.35,57.65,Bolsonaro,15,37,28.3,69.81,0,0,0,,,,0,0,,,,,,,N
RS,87688,SANTO EXPEDITO DO SUL,N,9,0,705,1144,1849,38.13,61.87,Bolsonaro,0,9,0.0,100.0,0,0,0,,,,0,0,,,,,,,N
RS,88536,SANTO ÂNGELO,N,197,0,20776,25061,45837,45.33,54.67,Bolsonaro,53,141,26.9,71.57,0,0,0,,,,0,0,,,,,,,N
RS,88994,SAPIRANGA,N,175,0,18034,31721,49755,36.25,63.75,Bolsonaro,9,165,5.14,94.29,0,0,0,,,,0,0,,,,,,,N
RS,89010,SAPUCAIA DO SUL,N,300,0,40310,38501,78811,51.15,48.85,Lula,179,117,59.67,39.0,0,0,0,,,,0,0,,,,,,,N
RS,89036,SARANDI,N,57,0,4968,8975,13943,35.63,64.37,Bolsonaro,7,49,12.28,85.96,0,0,0,,,,0,0,,,,,,,N
RS,89052,SEBERI,N,36,0,3257,4230,7487,43.5,56.5,Bolsonaro,11,25,30.56,69.44,0,0,0,,,,0,0,,,,,,,N
RS,85707,SEDE NOVA,N,11,0,972,1038,2010,48.36,51.64,Bolsonaro,6,5,54.55,45.45,0,0,0,,,,0,0,,,,,,,N
RS,85529,SEGREDO,N,28,0,2135,2337,4472,47.74,52.26,Bolsonaro,14,13,50.0,46.43,0,0,0,,,,0,0,,,,,,,N
RS,89079,SELBACH,N,13,0,1090,2585,3675,29.66,70.34,Bolsonaro,1,12,7.69,92.31,0,0,0,,,,0,0,,,,,,,N
RS,88765,SENADOR SALGADO FILHO,N,9,0,633,1605,2238,28.28,71.72,Bolsonaro,0,9,0.0,100.0,0,0,0,,,,0,0,,,,,,,N
RS,87882,SENTINELA DO SUL,N,14,0,1613,1595,3208,50.28,49.72,Lula,8,6,57.14,42.86,0,0,0,,,,0,0,,,,,,,N
RS,89095,SERAFINA CORRÊA,N,40,0,2713,7702,10415,26.05,73.95,Bolsonaro,0,40,0.0,100.0,0,0,0,,,,0,0,,,,,,,N
RS,89117,SERTÃO,N,20,0,1393,2730,4123,33.79,66.21,Bolsonaro,1,19,5.0,95.0,0,0,0,,,,0,0,,,,,,,N
RS,87920,SERTÃO SANTANA,N,18,0,1447,2778,4225,34.25,65.75,Bolsonaro,1,17,5.56,94.44,0,0,0,,,,0,0,,,,,,,N
RS,88706,SETE DE SETEMBRO,N,7,0,755,735,1490,50.67,49.33,Lula,3,4,42.86,57.14,0,0,0,,,,0,0,,,,,,,N
RS,89133,SEVERIANO DE ALMEIDA,N,11,0,1114,1694,2808,39.67,60.33,Bolsonaro,1,10,9.09,90.91,0,0,0,,,,0,0,,,,,,,N
RS,84956,SILVEIRA MARTINS,N,0,9,0,0,0,,,,0,0,,,719,1069,1788,40.21,59.79,Bolsonaro,0,9,0.0,100.0,,,,,N
RS,87947,SINIMBU,N,0,32,0,0,0,,,,0,0,,,2649,3072,5721,46.3,53.7,Bolsonaro,12,20,37.5,62.5,,,,,N
RS,89176,SOBRADINHO,N,44,0,3717,4985,8702,42.71,57.29,Bolsonaro,9,33,20.45,75.0,0,0,0,,,,0,0,,,,,,,N
RS,89192,SOLEDADE,N,72,0,8329,9030,17359,47.98,52.02,Bolsonaro,28,44,38.89,61.11,0,0,0,,,,0,0,,,,,,,N
RS,88633,SÃO BORJA,N,146,0,19523,15784,35307,55.29,44.71,Lula,106,40,72.6,27.4,0,0,0,,,,0,0,,,,,,,N
RS,84832,SÃO DOMINGOS DO SUL,N,9,0,790,1410,2200,35.91,64.09,Bolsonaro,0,9,0.0,100.0,0,0,0,,,,0,0,,,,,,,N
RS,88650,SÃO FRANCISCO DE ASSIS,N,61,0,6334,4950,11284,56.13,43.87,Lula,38,22,62.3,36.07,0,0,0,,,,0,0,,,,,,,N
RS,88676,SÃO FRANCISCO DE PAULA,N,61,0,5874,6289,12163,48.29,51.71,Bolsonaro,25,36,40.98,59.02,0,0,0,,,,0,0,,,,,,,N
RS,88692,SÃO GABRIEL,N,162,0,16921,15954,32875,51.47,48.53,Lula,90,72,55.56,44.44,0,0,0,,,,0,0,,,,,,,N
RS,88714,SÃO JERÔNIMO,N,52,0,6458,5593,12051,53.59,46.41,Lula,38,12,73.08,23.08,0,0,0,,,,0,0,,,,,,,N
RS,84794,SÃO JORGE,N,7,0,434,1707,2141,20.27,79.73,Bolsonaro,0,7,0.0,100.0,0,0,0,,,,0,0,,,,,,,N
RS,87769,SÃO JOSÉ DAS MISSÕES,N,8,0,1091,716,1807,60.38,39.62,Lula,8,0,100.0,0.0,0,0,0,,,,0,0,,,,,,,N
RS,85588,SÃO JOSÉ DO HERVAL,N,7,0,785,729,1514,51.85,48.15,Lula,4,3,57.14,42.86,0,0,0,,,,0,0,,,,,,,N
RS,85324,SÃO JOSÉ DO HORTÊNCIO,N,11,0,637,2483,3120,20.42,79.58,Bolsonaro,0,11,0.0,100.0,0,0,0,,,,0,0,,,,,,,N
RS,87742,SÃO JOSÉ DO INHACORÁ,N,9,0,707,1205,1912,36.98,63.02,Bolsonaro,1,8,11.11,88.89,0,0,0,,,,0,0,,,,,,,N
RS,88730,SÃO JOSÉ DO NORTE,N,78,0,8748,6896,15644,55.92,44.08,Lula,62,16,79.49,20.51,0,0,0,,,,0,0,,,,,,,N
RS,88757,SÃO JOSÉ DO OURO,N,19,0,1537,3324,4861,31.62,68.38,Bolsonaro,1,18,5.26,94.74,0,0,0,,,,0,0,,,,,,,N
RS,89460,SÃO JOSÉ DO SUL,N,8,0,439,1209,1648,26.64,73.36,Bolsonaro,0,8,0.0,100.0,0,0,0,,,,0,0,,,,,,,N
RS,87726,SÃO JOSÉ DOS AUSENTES,N,11,0,832,1525,2357,35.3,64.7,Bolsonaro,0,11,0.0,100.0,0,0,0,,,,0,0,,,,,,,N
RS,84859,SÃO JOÃO DA URTIGA,N,14,0,1258,2205,3463,36.33,63.67,Bolsonaro,3,11,21.43,78.57,0,0,0,,,,0,0,,,,,,,N
RS,87700,SÃO JOÃO DO POLÊSINE,N,10,0,703,1330,2033,34.58,65.42,Bolsonaro,1,9,10.0,90.0,0,0,0,,,,0,0,,,,,,,N
RS,88773,SÃO LEOPOLDO,N,0,477,0,0,0,,,,0,0,,,55941,71028,126969,44.06,55.94,Bolsonaro,70,402,14.68,84.28,,,,,N
RS,88790,SÃO LOURENÇO DO SUL,N,114,0,12150,15058,27208,44.66,55.34,Bolsonaro,39,74,34.21,64.91,0,0,0,,,,0,0,,,,,,,N
RS,88811,SÃO LUIZ GONZAGA,N,97,0,9629,9966,19595,49.14,50.86,Bolsonaro,44,52,45.36,53.61,0,0,0,,,,0,0,,,,,,,N
RS,88838,SÃO MARCOS,N,54,0,3147,10333,13480,23.35,76.65,Bolsonaro,0,54,0.0,100.0,0,0,0,,,,0,0,,,,,,,N
RS,88854,SÃO MARTINHO,N,22,0,1427,2649,4076,35.01,64.99,Bolsonaro,0,22,0.0,100.0,0,0,0,,,,0,0,,,,,,,N
RS,87785,SÃO MARTINHO DA SERRA,N,0,13,0,0,0,,,,0,0,,,986,1404,2390,41.26,58.74,Bolsonaro,3,10,23.08,76.92,,,,,N
RS,85480,SÃO MIGUEL DAS MISSÕES,N,20,0,2458,2226,4684,52.48,47.52,Lula,12,8,60.0,40.0,0,0,0,,,,0,0,,,,,,,N
RS,88870,SÃO NICOLAU,N,19,0,1870,1298,3168,59.03,40.97,Lula,16,3,84.21,15.79,0,0,0,,,,0,0,,,,,,,N
RS,88897,SÃO PAULO DAS MISSÕES,N,21,0,1915,2328,4243,45.13,54.87,Bolsonaro,5,16,23.81,76.19,0,0,0,,,,0,0,,,,,,,N
RS,87807,SÃO PEDRO DA SERRA,N,10,0,687,2004,2691,25.53,74.47,Bolsonaro,0,10,0.0,100.0,0,0,0,,,,0,0,,,,,,,N
RS,89486,SÃO PEDRO DAS MISSÕES,N,5,0,679,596,1275,53.25,46.75,Lula,3,2,60.0,40.0,0,0,0,,,,0,0,,,,,,,N
RS,87823,SÃO PEDRO DO BUTIÁ,N,9,0,825,1334,2159,38.21,61.79,Bolsonaro,1,8,11.11,88.89,0,0,0,,,,0,0,,,,,,,N
RS,88919,SÃO PEDRO DO SUL,N,56,0,4511,5562,10073,44.78,55.22,Bolsonaro,20,36,35.71,64.29,0,0,0,,,,0,0,,,,,,,N
RS,88935,SÃO SEBASTIÃO DO CAÍ,N,57,0,5087,8885,13972,36.41,63.59,Bolsonaro,4,53,7.02,92.98,0,0,0,,,,0,0,,,,,,,N
RS,88951,SÃO SEPÉ,N,63,0,7613,5709,13322,57.15,42.85,Lula,40,23,63.49,36.51,0,0,0,,,,0,0,,,,,,,N
RS,88978,SÃO VALENTIM,N,10,0,995,1569,2564,38.81,61.19,Bolsonaro,2,8,20.0,80.0,0,0,0,,,,0,0,,,,,,,N
RS,87840,SÃO VALENTIM DO SUL,N,8,0,436,1387,1823,23.92,76.08,Bolsonaro,0,8,0.0,100.0,0,0,0,,,,0,0,,,,,,,N
RS,87866,SÃO VALÉRIO DO SUL,N,9,0,1049,684,1733,60.53,39.47,Lula,2,6,22.22,66.67,0,0,0,,,,0,0,,,,,,,N
RS,85383,SÃO VENDELINO,N,7,0,550,1372,1922,28.62,71.38,Bolsonaro,0,7,0.0,100.0,0,0,0,,,,0,0,,,,,,,N
RS,86754,SÃO VICENTE DO SUL,N,22,0,2772,2593,5365,51.67,48.33,Lula,14,7,63.64,31.82,0,0,0,,,,0,0,,,,,,,N
RS,87904,SÉRIO,N,12,0,741,885,1626,45.57,54.43,Bolsonaro,5,7,41.67,58.33,0,0,0,,,,0,0,,,,,,,N
RS,88722,TABAÍ,N,11,0,1372,1758,3130,43.83,56.17,Bolsonaro,1,10,9.09,90.91,0,0,0,,,,0,0,,,,,,,N
RS,89214,TAPEJARA,N,63,0,3239,11109,14348,22.57,77.43,Bolsonaro,0,63,0.0,100.0,0,0,0,,,,0,0,,,,,,,N
RS,89230,TAPERA,N,27,0,2772,3842,6614,41.91,58.09,Bolsonaro,7,20,25.93,74.07,0,0,0,,,,0,0,,,,,,,N
RS,89257,TAPES,N,38,0,4303,4437,8740,49.23,50.77,Bolsonaro,20,18,52.63,47.37,0,0,0,,,,0,0,,,,,,,N
RS,89273,TAQUARA,N,133,0,10648,21697,32345,32.92,67.08,Bolsonaro,0,133,0.0,100.0,0,0,0,,,,0,0,,,,,,,N
RS,89290,TAQUARI,N,68,0,6763,8695,15458,43.75,56.25,Bolsonaro,12,56,17.65,82.35,0,0,0,,,,0,0,,,,,,,N
RS,85669,TAQUARUÇU DO SUL,N,10,0,1084,1243,2327,46.58,53.42,Bolsonaro,2,8,20.0,80.0,0,0,0,,,,0,0,,,,,,,N
RS,89710,TAVARES,N,16,0,1685,1712,3397,49.6,50.4,Bolsonaro,6,9,37.5,56.25,0,0,0,,,,0,0,,,,,,,N
RS,89311,TENENTE PORTELA,N,41,0,4430,3836,8266,53.59,46.41,Lula,26,15,63.41,36.59,0,0,0,,,,0,0,,,,,,,N
RS,85162,TERRA DE AREIA,N,25,0,2390,3588,5978,39.98,60.02,Bolsonaro,2,23,8.0,92.0,0,0,0,,,,0,0,,,,,,,N
RS,98213,TEUTÔNIA,N,76,0,7126,12726,19852,35.9,64.1,Bolsonaro,1,75,1.32,98.68,0,0,0,,,,0,0,,,,,,,N
RS,89508,TIO HUGO,N,8,0,879,1241,2120,41.46,58.54,Bolsonaro,3,5,37.5,62.5,0,0,0,,,,0,0,,,,,,,N
RS,87963,TIRADENTES DO SUL,N,16,0,1934,1604,3538,54.66,45.34,Lula,12,3,75.0,18.75,0,0,0,,,,0,0,,,,,,,N
RS,88900,TOROPI,N,15,0,862,1298,2160,39.91,60.09,Bolsonaro,3,12,20.0,80.0,0,0,0,,,,0,0,,,,,,,N
RS,89338,TORRES,N,87,0,9196,14267,23463,39.19,60.81,Bolsonaro,0,86,0.0,98.85,0,0,0,,,,0,0,,,,,,,N
RS,89354,TRAMANDAÍ,N,105,0,11456,14928,26384,43.42,56.58,Bolsonaro,18,87,17.14,82.86,0,0,0,,,,0,0,,,,,,,N
RS,87980,TRAVESSEIRO,N,9,0,701,952,1653,42.41,57.59,Bolsonaro,1,8,11.11,88.89,0,0,0,,,,0,0,,,,,,,N
RS,85006,TRINDADE DO SUL,N,15,0,2204,2029,4233,52.07,47.93,Lula,7,8,46.67,53.33,0,0,0,,,,0,0,,,,,,,N
RS,89435,TRIUNFO,N,70,0,6826,10071,16897,40.4,59.6,Bolsonaro,5,65,7.14,92.86,0,0,0,,,,0,0,,,,,,,N
RS,84743,TRÊS ARROIOS,N,8,0,653,1401,2054,31.79,68.21,Bolsonaro,1,7,12.5,87.5,0,0,0,,,,0,0,,,,,,,N
RS,85367,TRÊS CACHOEIRAS,N,27,0,1884,4858,6742,27.94,72.06,Bolsonaro,0,27,0.0,100.0,0,0,0,,,,0,0,,,,,,,N
RS,89370,TRÊS COROAS,N,59,0,4611,9808,14419,31.98,68.02,Bolsonaro,0,59,0.0,100.0,0,0,0,,,,0,0,,,,,,,N
RS,89397,TRÊS DE MAIO,N,67,0,4957,9889,14846,33.39,66.61,Bolsonaro,2,65,2.99,97.01,0,0,0,,,,0,0,,,,,,,N
RS,88005,TRÊS FORQUILHAS,N,10,0,1069,1250,2319,46.1,53.9,Bolsonaro,3,7,30.0,70.0,0,0,0,,,,0,0,,,,,,,N
RS,86142,TRÊS PALMEIRAS,N,12,0,1765,1453,3218,54.85,45.15,Lula,7,5,58.33,41.67,0,0,0,,,,0,0,,,,,,,N
RS,89419,TRÊS PASSOS,N,65,0,6966,8158,15124,46.06,53.94,Bolsonaro,20,44,30.77,67.69,0,0,0,,,,0,0,,,,,,,N
RS,89451,TUCUNDUVA,N,22,0,1240,2701,3941,31.46,68.54,Bolsonaro,1,21,4.55,95.45,0,0,0,,,,0,0,,,,,,,N
RS,84840,TUNAS,N,14,0,1690,996,2686,62.92,37.08,Lula,13,1,92.86,7.14,0,0,0,,,,0,0,,,,,,,N
RS,88021,TUPANCI DO SUL,N,5,0,436,745,1181,36.92,63.08,Bolsonaro,0,5,0.0,100.0,0,0,0,,,,0,0,,,,,,,N
RS,89478,TUPANCIRETÃ,N,51,0,6107,6510,12617,48.4,51.6,Bolsonaro,22,28,43.14,54.9,0,0,0,,,,0,0,,,,,,,N
RS,85723,TUPANDI,N,13,0,768,2862,3630,21.16,78.84,Bolsonaro,0,13,0.0,100.0,0,0,0,,,,0,0,,,,,,,N
RS,89494,TUPARENDI,N,25,0,1574,4291,5865,26.84,73.16,Bolsonaro,0,25,0.0,100.0,0,0,0,,,,0,0,,,,,,,N
RS,88501,TURUÇU,N,0,10,0,0,0,,,,0,0,,,879,1769,2648,33.19,66.81,Bolsonaro,0,10,0.0,100.0,,,,,N
RS,88609,UBIRETAMA,N,8,0,518,1085,1603,32.31,67.69,Bolsonaro,0,8,0.0,100.0,0,0,0,,,,0,0,,,,,,,N
RS,88480,UNISTALDA,N,10,0,923,1102,2025,45.58,54.42,Bolsonaro,2,8,20.0,80.0,0,0,0,,,,0,0,,,,,,,N
RS,88048,UNIÃO DA SERRA,N,6,0,267,1000,1267,21.07,78.93,Bolsonaro,0,6,0.0,100.0,0,0,0,,,,0,0,,,,,,,N
RS,89516,URUGUAIANA,N,261,0,22803,38880,61683,36.97,63.03,Bolsonaro,3,256,1.15,98.08,0,0,0,,,,0,0,,,,,,,N
RS,89532,VACARIA,N,147,0,11338,24745,36083,31.42,68.58,Bolsonaro,1,145,0.68,98.64,0,0,0,,,,0,0,,,,,,,N
RS,88064,VALE DO SOL,N,0,29,0,0,0,,,,0,0,,,3091,3683,6774,45.63,54.37,Bolsonaro,8,21,27.59,72.41,,,,,N
RS,88080,VALE REAL,N,16,0,1348,2651,3999,33.71,66.29,Bolsonaro,0,16,0.0,100.0,0,0,0,,,,0,0,,,,,,,N
RS,88668,VALE VERDE,N,0,11,0,0,0,,,,0,0,,,1181,1200,2381,49.6,50.4,Bolsonaro,3,8,27.27,72.73,,,,,N
RS,84913,VANINI,N,6,0,560,1108,1668,33.57,66.43,Bolsonaro,0,6,0.0,100.0,0,0,0,,,,0,0,,,,,,,N
RS,89559,VENÂNCIO AIRES,N,176,0,15514,27288,42802,36.25,63.75,Bolsonaro,19,156,10.8,88.64,0,0,0,,,,0,0,,,,,,,N
RS,89575,VERA CRUZ,N,0,66,0,0,0,,,,0,0,,,6896,9009,15905,43.36,56.64,Bolsonaro,18,46,27.27,69.7,,,,,N
RS,89591,VERANÓPOLIS,N,58,0,3180,12076,15256,20.84,79.16,Bolsonaro,0,58,0.0,100.0,0,0,0,,,,0,0,,,,,,,N
RS,88781,VESPASIANO CORRÊA,N,10,0,308,1563,1871,16.46,83.54,Bolsonaro,0,10,0.0,100.0,0,0,0,,,,0,0,,,,,,,N
RS,89613,VIADUTOS,N,15,0,1135,2375,3510,32.34,67.66,Bolsonaro,0,15,0.0,100.0,0,0,0,,,,0,0,,,,,,,N
RS,89630,VIAMÃO,N,0,481,0,0,0,,,,0,0,,,65948,57395,123343,53.47,46.53,Lula,354,122,73.6,25.36,,,,,N
RS,89656,VICENTE DUTRA,N,15,0,1279,1767,3046,41.99,58.01,Bolsonaro,2,13,13.33,86.67,0,0,0,,,,0,0,,,,,,,N
RS,89699,VICTOR GRAEFF,N,7,0,693,1383,2076,33.38,66.62,Bolsonaro,0,7,0.0,100.0,0,0,0,,,,0,0,,,,,,,N
RS,86061,VILA FLORES,N,12,0,625,2232,2857,21.88,78.12,Bolsonaro,0,12,0.0,100.0,0,0,0,,,,0,0,,,,,,,N
RS,88749,VILA LÂNGARO,N,10,0,506,1353,1859,27.22,72.78,Bolsonaro,0,10,0.0,100.0,0,0,0,,,,0,0,,,,,,,N
RS,85642,VILA MARIA,N,14,0,964,2056,3020,31.92,68.08,Bolsonaro,1,13,7.14,92.86,0,0,0,,,,0,0,,,,,,,N
RS,88102,VILA NOVA DO SUL,N,14,0,1655,1216,2871,57.65,42.35,Lula,13,0,92.86,0.0,0,0,0,,,,0,0,,,,,,,N
RS,85600,VISTA ALEGRE,N,9,0,1155,947,2102,54.95,45.05,Lula,7,1,77.78,11.11,0,0,0,,,,0,0,,,,,,,N
RS,85863,VISTA ALEGRE DO PRATA,N,5,0,342,1013,1355,25.24,74.76,Bolsonaro,0,5,0.0,100.0,0,0,0,,,,0,0,,,,,,,N
RS,85847,VISTA GAÚCHA,N,13,0,991,1099,2090,47.42,52.58,Bolsonaro,5,8,38.46,61.54,0,0,0,,,,0,0,,,,,,,N
RS,88129,VITÓRIA DAS MISSÕES,N,14,0,1430,1306,2736,52.27,47.73,Lula,10,4,71.43,28.57,0,0,0,,,,0,0,,,,,,,N
RS,89524,WESTFALIA,N,8,0,644,1525,2169,29.69,70.31,Bolsonaro,0,8,0.0,100.0,0,0,0,,,,0,0,,,,,,,N
RS,88145,XANGRI-LÁ,N,33,0,3186,6572,9758,32.65,67.35,Bolsonaro,0,33,0.0,100.0,0,0,0,,,,0,0,,,,,,,N
RS,84948,ÁGUA SANTA,N,13,0,815,1868,2683,30.38,69.62,Bolsonaro,0,13,0.0,100.0,0,0,0,,,,0,0,,,,,,,N
RS,84735,ÁUREA,N,11,0,1084,1634,2718,39.88,60.12,Bolsonaro,0,11,0.0,100.0,0,0,0,,,,0,0,,,,,,,N
SC,80225,ABDON BATISTA,N,10,0,774,1357,2131,36.32,63.68,Bolsonaro,1,9,10.0,90.0,0,0,0,,,,0,0,,,,,,,N
SC,80012,ABELARDO LUZ,N,40,0,3944,5685,9629,40.96,59.04,Bolsonaro,12,28,30.0,70.0,0,0,0,,,,0,0,,,,,,,N
SC,80039,AGROLÂNDIA,N,25,0,1325,5460,6785,19.53,80.47,Bolsonaro,0,25,0.0,100.0,0,0,0,,,,0,0,,,,,,,N
SC,80055,AGRONÔMICA,N,16,0,658,3073,3731,17.64,82.36,Bolsonaro,0,16,0.0,100.0,0,0,0,,,,0,0,,,,,,,N
SC,80136,ALFREDO WAGNER,N,26,0,1823,4733,6556,27.81,72.19,Bolsonaro,0,26,0.0,100.0,0,0,0,,,,0,0,,,,,,,N
SC,81302,ALTO BELA VISTA,N,7,0,502,987,1489,33.71,66.29,Bolsonaro,1,6,14.29,85.71,0,0,0,,,,0,0,,,,,,,N
SC,80152,ANCHIETA,N,15,0,1861,2282,4143,44.92,55.08,Bolsonaro,2,13,13.33,86.67,0,0,0,,,,0,0,,,,,,,N
SC,80179,ANGELINA,N,0,18,0,0,0,,,,0,0,,,1766,2462,4228,41.77,58.23,Bolsonaro,4,14,22.22,77.78,,,,,N
SC,80195,ANITA GARIBALDI,N,26,0,2695,2920,5615,48.0,52.0,Bolsonaro,11,15,42.31,57.69,0,0,0,,,,0,0,,,,,,,N
SC,80217,ANITÁPOLIS,N,0,13,0,0,0,,,,0,0,,,910,1653,2563,35.51,64.49,Bolsonaro,0,13,0.0,100.0,,,,,N
SC,80233,ANTÔNIO CARLOS,N,23,0,1271,5901,7172,17.72,82.28,Bolsonaro,0,23,0.0,100.0,0,0,0,,,,0,0,,,,,,,N
SC,80063,APIÚNA,N,32,0,1701,4886,6587,25.82,74.18,Bolsonaro,0,32,0.0,100.0,0,0,0,,,,0,0,,,,,,,N
SC,80489,ARABUTÃ,N,13,0,1023,2129,3152,32.46,67.54,Bolsonaro,0,13,0.0,100.0,0,0,0,,,,0,0,,,,,,,N
SC,80250,ARAQUARI,N,65,0,5399,12930,18329,29.46,70.54,Bolsonaro,0,65,0.0,100.0,0,0,0,,,,0,0,,,,,,,N
SC,80276,ARARANGUÁ,N,148,0,12522,28631,41153,30.43,69.57,Bolsonaro,1,147,0.68,99.32,0,0,0,,,,0,0,,,,,,,N
SC,80292,ARMAZÉM,N,19,0,1406,4165,5571,25.24,74.76,Bolsonaro,1,18,5.26,94.74,0,0,0,,,,0,0,,,,,,,N
SC,80314,ARROIO TRINTA,N,11,0,637,1990,2627,24.25,75.75,Bolsonaro,0,11,0.0,100.0,0,0,0,,,,0,0,,,,,,,N
SC,80802,ARVOREDO,N,9,0,852,1233,2085,40.86,59.14,Bolsonaro,1,8,11.11,88.89,0,0,0,,,,0,0,,,,,,,N
SC,80330,ASCURRA,N,20,0,886,4176,5062,17.5,82.5,Bolsonaro,0,20,0.0,100.0,0,0,0,,,,0,0,,,,,,,N
SC,80357,ATALANTA,N,12,0,493,1978,2471,19.95,80.05,Bolsonaro,0,12,0.0,100.0,0,0,0,,,,0,0,,,,,,,N
SC,80373,AURORA,N,20,0,874,3581,4455,19.62,80.38,Bolsonaro,0,20,0.0,100.0,0,0,0,,,,0,0,,,,,,,N
SC,81728,BALNEÁRIO ARROIO DO SILVA,N,32,0,3230,5300,8530,37.87,62.13,Bolsonaro,0,32,0.0,100.0,0,0,0,,,,0,0,,,,,,,N
SC,80683,BALNEÁRIO BARRA DO SUL,N,30,0,2303,5809,8112,28.39,71.61,Bolsonaro,0,30,0.0,100.0,0,0,0,,,,0,0,,,,,,,N
SC,80390,BALNEÁRIO CAMBORIÚ,N,290,0,20811,61035,81846,25.43,74.57,Bolsonaro,0,290,0.0,100.0,0,0,0,,,,0,0,,,,,,,N
SC,81744,BALNEÁRIO GAIVOTA,N,32,0,2810,5143,7953,35.33,64.67,Bolsonaro,0,32,0.0,100.0,0,0,0,,,,0,0,,,,,,,N
SC,82511,BALNEÁRIO PIÇARRAS,N,51,0,3833,10532,14365,26.68,73.32,Bolsonaro,0,51,0.0,100.0,0,0,0,,,,0,0,,,,,,,N
SC,83909,BALNEÁRIO RINCÃO,N,38,0,3241,6130,9371,34.59,65.41,Bolsonaro,0,38,0.0,100.0,0,0,0,,,,0,0,,,,,,,N
SC,81582,BANDEIRANTE,N,9,0,1122,1249,2371,47.32,52.68,Bolsonaro,4,5,44.44,55.56,0,0,0,,,,0,0,,,,,,,N
SC,81760,BARRA BONITA,N,6,0,661,812,1473,44.87,55.13,Bolsonaro,2,4,33.33,66.67,0,0,0,,,,0,0,,,,,,,N
SC,80411,BARRA VELHA,N,73,0,5028,14869,19897,25.27,74.73,Bolsonaro,0,73,0.0,100.0,0,0,0,,,,0,0,,,,,,,N
SC,81221,BELA VISTA DO TOLDO,N,19,0,1477,2706,4183,35.31,64.69,Bolsonaro,3,16,15.79,84.21,0,0,0,,,,0,0,,,,,,,N
SC,80748,BELMONTE,N,8,0,766,1165,1931,39.67,60.33,Bolsonaro,1,7,12.5,87.5,0,0,0,,,,0,0,,,,,,,N
SC,80438,BENEDITO NOVO,N,26,0,1089,5600,6689,16.28,83.72,Bolsonaro,0,26,0.0,100.0,0,0,0,,,,0,0,,,,,,,N
SC,80454,BIGUAÇU,N,149,0,14197,27499,41696,34.05,65.95,Bolsonaro,1,148,0.67,99.33,0,0,0,,,,0,0,,,,,,,N
SC,80470,BLUMENAU,N,0,716,0,0,0,,,,0,0,,,52292,159256,211548,24.72,75.28,Bolsonaro,0,716,0.0,100.0,,,,,N
SC,81280,BOCAINA DO SUL,N,0,10,0,0,0,,,,0,0,,,1006,1575,2581,38.98,61.02,Bolsonaro,2,8,20.0,80.0,,,,,N
SC,83895,BOM JARDIM DA SERRA,N,14,0,1263,1597,2860,44.16,55.84,Bolsonaro,1,13,7.14,92.86,0,0,0,,,,0,0,,,,,,,N
SC,81388,BOM JESUS,N,7,0,984,1091,2075,47.42,52.58,Bolsonaro,2,5,28.57,71.43,0,0,0,,,,0,0,,,,,,,N
SC,81469,BOM JESUS DO OESTE,N,7,0,563,1060,1623,34.69,65.31,Bolsonaro,0,7,0.0,100.0,0,0,0,,,,0,0,,,,,,,N
SC,80497,BOM RETIRO,N,25,0,1892,3236,5128,36.9,63.1,Bolsonaro,5,20,20.0,80.0,0,0,0,,,,0,0,,,,,,,N
SC,80985,BOMBINHAS,N,49,0,3666,9324,12990,28.22,71.78,Bolsonaro,0,49,0.0,100.0,0,0,0,,,,0,0,,,,,,,N
SC,80519,BOTUVERÁ,N,17,0,779,2956,3735,20.86,79.14,Bolsonaro,0,17,0.0,100.0,0,0,0,,,,0,0,,,,,,,N
SC,80535,BRAÇO DO NORTE,N,73,0,3918,16518,20436,19.17,80.83,Bolsonaro,0,73,0.0,100.0,0,0,0,,,,0,0,,,,,,,N
SC,80420,BRAÇO DO TROMBUDO,N,10,0,510,2210,2720,18.75,81.25,Bolsonaro,0,10,0.0,100.0,0,0,0,,,,0,0,,,,,,,N
SC,81787,BRUNÓPOLIS,N,12,0,1022,1236,2258,45.26,54.74,Bolsonaro,5,7,41.67,58.33,0,0,0,,,,0,0,,,,,,,N
SC,80551,BRUSQUE,N,271,0,16877,61992,78869,21.4,78.6,Bolsonaro,1,270,0.37,99.63,0,0,0,,,,0,0,,,,,,,N
SC,80594,CAIBI,N,19,0,1176,2957,4133,28.45,71.55,Bolsonaro,0,19,0.0,100.0,0,0,0,,,,0,0,,,,,,,N
SC,80667,CALMON,N,12,0,1518,792,2310,65.71,34.29,Lula,11,1,91.67,8.33,0,0,0,,,,0,0,,,,,,,N
SC,80616,CAMBORIÚ,N,157,0,12185,32194,44379,27.46,72.54,Bolsonaro,0,157,0.0,100.0,0,0,0,,,,0,0,,,,,,,N
SC,80632,CAMPO ALEGRE,N,28,0,1598,6355,7953,20.09,79.91,Bolsonaro,0,28,0.0,100.0,0,0,0,,,,0,0,,,,,,,N
SC,80659,CAMPO BELO DO SUL,N,22,0,2307,2496,4803,48.03,51.97,Bolsonaro,8,14,36.36,63.64,0,0,0,,,,0,0,,,,,,,N
SC,80675,CAMPO ERÊ,N,25,0,3099,2619,5718,54.2,45.8,Lula,14,11,56.0,44.0,0,0,0,,,,0,0,,,,,,,N
SC,80691,CAMPOS NOVOS,N,81,0,6977,13785,20762,33.6,66.4,Bolsonaro,8,73,9.88,90.12,0,0,0,,,,0,0,,,,,,,N
SC,80713,CANELINHA,N,29,0,1881,5579,7460,25.21,74.79,Bolsonaro,0,29,0.0,100.0,0,0,0,,,,0,0,,,,,,,N
SC,80730,CANOINHAS,N,127,0,9995,23038,33033,30.26,69.74,Bolsonaro,0,127,0.0,100.0,0,0,0,,,,0,0,,,,,,,N
SC,80756,CAPINZAL,N,52,0,5061,8873,13934,36.32,63.68,Bolsonaro,3,49,5.77,94.23,0,0,0,,,,0,0,,,,,,,N
SC,81027,CAPIVARI DE BAIXO,N,57,0,4806,9344,14150,33.96,66.04,Bolsonaro,1,56,1.75,98.25,0,0,0,,,,0,0,,,,,,,N
SC,81248,CAPÃO ALTO,N,0,11,0,0,0,,,,0,0,,,831,1472,2303,36.08,63.92,Bolsonaro,0,11,0.0,100.0,,,,,N
SC,80772,CATANDUVAS,N,25,0,2539,4293,6832,37.16,62.84,Bolsonaro,3,22,12.0,88.0,0,0,0,,,,0,0,,,,,,,N
SC,80799,CAXAMBU DO SUL,N,16,0,1879,1805,3684,51.0,49.0,Lula,7,9,43.75,56.25,0,0,0,,,,0,0,,,,,,,N
SC,80578,CAÇADOR,N,171,0,16465,24290,40755,40.4,59.6,Bolsonaro,28,143,16.37,83.63,0,0,0,,,,0,0,,,,,,,N
SC,80268,CELSO RAMOS,N,9,0,892,1233,2125,41.98,58.02,Bolsonaro,3,6,33.33,66.67,0,0,0,,,,0,0,,,,,,,N
SC,80381,CERRO NEGRO,N,13,0,1569,1012,2581,60.79,39.21,Lula,11,2,84.62,15.38,0,0,0,,,,0,0,,,,,,,N
SC,81701,CHAPADÃO DO LAGEADO,N,8,0,723,1541,2264,31.93,68.07,Bolsonaro,0,8,0.0,100.0,0,0,0,,,,0,0,,,,,,,N
SC,80810,CHAPECÓ,N,0,439,0,0,0,,,,0,0,,,48271,81666,129937,37.15,62.85,Bolsonaro,61,376,13.9,85.65,,,,,N
SC,80306,COCAL DO SUL,N,46,0,2782,8477,11259,24.71,75.29,Bolsonaro,0,46,0.0,100.0,0,0,0,,,,0,0,,,,,,,N
SC,80837,CONCÓRDIA,N,184,0,14216,34006,48222,29.48,70.52,Bolsonaro,5,179,2.72,97.28,0,0,0,,,,0,0,,,,,,,N
SC,81043,CORDILHEIRA ALTA,N,0,11,0,0,0,,,,0,0,,,1166,2232,3398,34.31,65.69,Bolsonaro,0,11,0.0,100.0,,,,,N
SC,80853,CORONEL FREITAS,N,0,26,0,0,0,,,,0,0,,,2638,4185,6823,38.66,61.34,Bolsonaro,4,22,15.38,84.62,,,,,N
SC,81108,CORONEL MARTINS,N,7,0,771,885,1656,46.56,53.44,Bolsonaro,3,4,42.86,57.14,0,0,0,,,,0,0,,,,,,,N
SC,83950,CORREIA PINTO,N,0,44,0,0,0,,,,0,0,,,4202,5524,9726,43.2,56.8,Bolsonaro,7,37,15.91,84.09,,,,,N
SC,80870,CORUPÁ,N,0,39,0,0,0,,,,0,0,,,2108,7653,9761,21.6,78.4,Bolsonaro,0,39,0.0,100.0,,,,,N
SC,80896,CRICIÚMA,N,0,437,0,0,0,,,,0,0,,,33200,85502,118702,27.97,72.03,Bolsonaro,4,433,0.92,99.08,,,,,N
SC,80918,CUNHA PORÃ,N,27,0,1208,6192,7400,16.32,83.68,Bolsonaro,0,27,0.0,100.0,0,0,0,,,,0,0,,,,,,,N
SC,81620,CUNHATAÍ,N,5,0,481,1028,1509,31.88,68.12,Bolsonaro,0,5,0.0,100.0,0,0,0,,,,0,0,,,,,,,N
SC,80934,CURITIBANOS,N,103,0,9085,14559,23644,38.42,61.58,Bolsonaro,19,83,18.45,80.58,0,0,0,,,,0,0,,,,,,,N
SC,80950,DESCANSO,N,21,0,2123,3753,5876,36.13,63.87,Bolsonaro,1,20,4.76,95.24,0,0,0,,,,0,0,,,,,,,N
SC,80977,DIONÍSIO CERQUEIRA,N,41,0,3804,4749,8553,44.48,55.52,Bolsonaro,16,23,39.02,56.1,0,0,0,,,,0,0,,,,,,,N
SC,80993,DONA EMMA,N,11,0,744,1931,2675,27.81,72.19,Bolsonaro,0,11,0.0,100.0,0,0,0,,,,0,0,,,,,,,N
SC,80080,DOUTOR PEDRINHO,N,9,0,473,1987,2460,19.23,80.77,Bolsonaro,0,9,0.0,100.0,0,0,0,,,,0,0,,,,,,,N
SC,81426,ENTRE RIOS,N,9,0,1647,731,2378,69.26,30.74,Lula,9,0,100.0,0.0,0,0,0,,,,0,0,,,,,,,N
SC,81167,ERMO,N,8,0,498,1435,1933,25.76,74.24,Bolsonaro,0,8,0.0,100.0,0,0,0,,,,0,0,,,,,,,N
SC,81019,ERVAL VELHO,N,12,0,936,2311,3247,28.83,71.17,Bolsonaro,0,12,0.0,100.0,0,0,0,,,,0,0,,,,,,,N
SC,81035,FAXINAL DOS GUEDES,N,27,0,3616,3657,7273,49.72,50.28,Bolsonaro,13,14,48.15,51.85,0,0,0,,,,0,0,,,,,,,N
SC,81604,FLOR DO SERTÃO,N,6,0,695,699,1394,49.86,50.14,Bolsonaro,2,4,33.33,66.67,0,0,0,,,,0,0,,,,,,,N
SC,81051,FLORIANÓPOLIS,N,0,1102,0,0,0,,,,0,0,,,148344,169495,317839,46.67,53.33,Bolsonaro,331,767,30.04,69.6,,,,,N
SC,80888,FORMOSA DO SUL,N,8,0,1009,1010,2019,49.98,50.02,Bolsonaro,3,5,37.5,62.5,0,0,0,,,,0,0,,,,,,,N
SC,81060,FORQUILHINHA,N,0,60,0,0,0,,,,0,0,,,4531,12462,16993,26.66,73.34,Bolsonaro,0,60,0.0,100.0,,,,,N
SC,81078,FRAIBURGO,N,86,0,7517,13748,21265,35.35,64.65,Bolsonaro,15,71,17.44,82.56,0,0,0,,,,0,0,,,,,,,N
SC,81329,FREI ROGÉRIO,N,9,0,716,1103,1819,39.36,60.64,Bolsonaro,2,7,22.22,77.78,0,0,0,,,,0,0,,,,,,,N
SC,81094,GALVÃO,N,10,0,949,1295,2244,42.29,57.71,Bolsonaro,0,10,0.0,100.0,0,0,0,,,,0,0,,,,,,,N
SC,81132,GAROPABA,N,62,0,6620,10197,16817,39.36,60.64,Bolsonaro,4,58,6.45,93.55,0,0,0,,,,0,0,,,,,,,N
SC,81159,GARUVA,N,0,34,0,0,0,,,,0,0,,,2533,7045,9578,26.45,73.55,Bolsonaro,0,34,0.0,100.0,,,,,N
SC,81175,GASPAR,N,142,0,9881,29558,39439,25.05,74.95,Bolsonaro,0,142,0.0,100.0,0,0,0,,,,0,0,,,,,,,N
SC,81116,GOVERNADOR CELSO RAMOS,N,43,0,2785,9277,12062,23.09,76.91,Bolsonaro,0,43,0.0,100.0,0,0,0,,,,0,0,,,,,,,N
SC,81213,GRAVATAL,N,27,0,1733,5692,7425,23.34,76.66,Bolsonaro,0,27,0.0,100.0,0,0,0,,,,0,0,,,,,,,N
SC,81191,GRÃO-PARÁ,N,21,0,1028,3740,4768,21.56,78.44,Bolsonaro,0,21,0.0,100.0,0,0,0,,,,0,0,,,,,,,N
SC,81230,GUABIRUBA,N,46,0,2805,11006,13811,20.31,79.69,Bolsonaro,0,46,0.0,100.0,0,0,0,,,,0,0,,,,,,,N
SC,81256,GUARACIABA,N,30,0,3011,4476,7487,40.22,59.78,Bolsonaro,3,27,10.0,90.0,0,0,0,,,,0,0,,,,,,,N
SC,81272,GUARAMIRIM,N,86,0,6362,19548,25910,24.55,75.45,Bolsonaro,0,86,0.0,100.0,0,0,0,,,,0,0,,,,,,,N
SC,81299,GUARUJÁ DO SUL,N,13,0,1219,2045,3264,37.35,62.65,Bolsonaro,1,12,7.69,92.31,0,0,0,,,,0,0,,,,,,,N
SC,80527,GUATAMBÚ,N,0,17,0,0,0,,,,0,0,,,2663,2241,4904,54.3,45.7,Lula,12,5,70.59,29.41,,,,,N
SC,81310,HERVAL D'OESTE,N,50,0,4429,9037,13466,32.89,67.11,Bolsonaro,0,50,0.0,100.0,0,0,0,,,,0,0,,,,,,,N
SC,81400,IBIAM,N,6,0,550,1022,1572,34.99,65.01,Bolsonaro,0,6,0.0,100.0,0,0,0,,,,0,0,,,,,,,N
SC,81337,IBICARÉ,N,14,0,649,1802,2451,26.48,73.52,Bolsonaro,0,14,0.0,100.0,0,0,0,,,,0,0,,,,,,,N
SC,81353,IBIRAMA,N,43,0,2728,9134,11862,23.0,77.0,Bolsonaro,0,43,0.0,100.0,0,0,0,,,,0,0,,,,,,,N
SC,81396,ILHOTA,N,33,0,2049,6928,8977,22.82,77.18,Bolsonaro,0,33,0.0,100.0,0,0,0,,,,0,0,,,,,,,N
SC,81418,IMARUÍ,N,31,0,3460,4072,7532,45.94,54.06,Bolsonaro,10,21,32.26,67.74,0,0,0,,,,0,0,,,,,,,N
SC,81434,IMBITUBA,N,117,0,12178,17277,29455,41.34,58.66,Bolsonaro,9,107,7.69,91.45,0,0,0,,,,0,0,,,,,,,N
SC,81450,IMBUIA,N,17,0,1079,3140,4219,25.57,74.43,Bolsonaro,1,16,5.88,94.12,0,0,0,,,,0,0,,,,,,,N
SC,81477,INDAIAL,N,130,0,8038,30063,38101,21.1,78.9,Bolsonaro,0,130,0.0,100.0,0,0,0,,,,0,0,,,,,,,N
SC,81361,IOMERÊ,N,9,0,544,1779,2323,23.42,76.58,Bolsonaro,0,9,0.0,100.0,0,0,0,,,,0,0,,,,,,,N
SC,81493,IPIRA,N,12,0,1294,1869,3163,40.91,59.09,Bolsonaro,0,12,0.0,100.0,0,0,0,,,,0,0,,,,,,,N
SC,80020,IPORÃ DO OESTE,N,29,0,1891,4201,6092,31.04,68.96,Bolsonaro,2,27,6.9,93.1,0,0,0,,,,0,0,,,,,,,N
SC,80829,IPUAÇU,N,19,0,3010,1499,4509,66.76,33.24,Lula,13,6,68.42,31.58,0,0,0,,,,0,0,,,,,,,N
SC,81515,IPUMIRIM,N,17,0,2219,2788,5007,44.32,55.68,Bolsonaro,3,14,17.65,82.35,0,0,0,,,,0,0,,,,,,,N
SC,80187,IRACEMINHA,N,13,0,874,2183,3057,28.59,71.41,Bolsonaro,0,13,0.0,100.0,0,0,0,,,,0,0,,,,,,,N
SC,81531,IRANI,N,24,0,2316,3936,6252,37.04,62.96,Bolsonaro,1,23,4.17,95.83,0,0,0,,,,0,0,,,,,,,N
SC,80861,IRATI,N,6,0,846,846,1692,50.0,50.0,Empate,2,4,33.33,66.67,0,0,0,,,,0,0,,,,,,,N
SC,81558,IRINEÓPOLIS,N,29,0,2285,4194,6479,35.27,64.73,Bolsonaro,3,26,10.34,89.66,0,0,0,,,,0,0,,,,,,,N
SC,81590,ITAIÓPOLIS,N,52,0,3402,9974,13376,25.43,74.57,Bolsonaro,0,52,0.0,100.0,0,0,0,,,,0,0,,,,,,,N
SC,81612,ITAJAÍ,N,0,473,0,0,0,,,,0,0,,,36138,97531,133669,27.04,72.96,Bolsonaro,1,472,0.21,99.79,,,,,N
SC,81639,ITAPEMA,N,134,0,9269,29868,39137,23.68,76.32,Bolsonaro,1,133,0.75,99.25,0,0,0,,,,0,0,,,,,,,N
SC,81655,ITAPIRANGA,N,41,0,2880,7199,10079,28.57,71.43,Bolsonaro,0,41,0.0,100.0,0,0,0,,,,0,0,,,,,,,N
SC,81663,ITAPOÁ,N,0,52,0,0,0,,,,0,0,,,4073,9373,13446,30.29,69.71,Bolsonaro,0,52,0.0,100.0,,,,,N
SC,81671,ITUPORANGA,N,55,0,3374,12643,16017,21.07,78.93,Bolsonaro,0,55,0.0,100.0,0,0,0,,,,0,0,,,,,,,N
SC,81574,ITÁ,N,22,0,2162,2658,4820,44.85,55.15,Bolsonaro,4,18,18.18,81.82,0,0,0,,,,0,0,,,,,,,N
SC,81370,IÇARA,N,124,0,8689,24810,33499,25.94,74.06,Bolsonaro,0,124,0.0,100.0,0,0,0,,,,0,0,,,,,,,N
SC,81698,JABORÁ,N,13,0,920,2317,3237,28.42,71.58,Bolsonaro,0,13,0.0,100.0,0,0,0,,,,0,0,,,,,,,N
SC,81710,JACINTO MACHADO,N,27,0,1845,5573,7418,24.87,75.13,Bolsonaro,0,27,0.0,100.0,0,0,0,,,,0,0,,,,,,,N
SC,81736,JAGUARUNA,N,46,0,3275,8893,12168,26.91,73.09,Bolsonaro,0,46,0.0,100.0,0,0,0,,,,0,0,,,,,,,N
SC,81752,JARAGUÁ DO SUL,N,0,355,0,0,0,,,,0,0,,,23843,80164,104007,22.92,77.08,Bolsonaro,1,354,0.28,99.72,,,,,N
SC,81140,JARDINÓPOLIS,N,7,0,553,852,1405,39.36,60.64,Bolsonaro,1,6,14.29,85.71,0,0,0,,,,0,0,,,,,,,N
SC,81779,JOAÇABA,N,76,0,4959,13104,18063,27.45,72.55,Bolsonaro,1,75,1.32,98.68,0,0,0,,,,0,0,,,,,,,N
SC,81795,JOINVILLE,N,0,1191,0,0,0,,,,0,0,,,81886,268079,349965,23.4,76.6,Bolsonaro,3,1188,0.25,99.75,,,,,N
SC,80101,JOSÉ BOITEUX,N,14,0,1331,2191,3522,37.79,62.21,Bolsonaro,5,9,35.71,64.29,0,0,0,,,,0,0,,,,,,,N
SC,81540,JUPIÁ,N,8,0,827,1027,1854,44.61,55.39,Bolsonaro,1,7,12.5,87.5,0,0,0,,,,0,0,,,,,,,N
SC,81817,LACERDÓPOLIS,N,7,0,438,1284,1722,25.44,74.56,Bolsonaro,0,7,0.0,100.0,0,0,0,,,,0,0,,,,,,,N
SC,81833,LAGES,N,0,380,0,0,0,,,,0,0,,,32531,65883,98414,33.06,66.94,Bolsonaro,2,378,0.53,99.47,,,,,N
SC,81850,LAGUNA,N,109,0,10609,16836,27445,38.66,61.34,Bolsonaro,5,104,4.59,95.41,0,0,0,,,,0,0,,,,,,,N
SC,80586,LAJEADO GRANDE,N,6,0,485,797,1282,37.83,62.17,Bolsonaro,0,6,0.0,100.0,0,0,0,,,,0,0,,,,,,,N
SC,81876,LAURENTINO,N,19,0,1136,3941,5077,22.38,77.62,Bolsonaro,0,19,0.0,100.0,0,0,0,,,,0,0,,,,,,,N
SC,81892,LAURO MÜLLER,N,44,0,3411,6405,9816,34.75,65.25,Bolsonaro,0,44,0.0,100.0,0,0,0,,,,0,0,,,,,,,N
SC,81914,LEBON RÉGIS,N,30,0,3624,3030,6654,54.46,45.54,Lula,14,16,46.67,53.33,0,0,0,,,,0,0,,,,,,,N
SC,81930,LEOBERTO LEAL,N,9,0,829,1827,2656,31.21,68.79,Bolsonaro,0,9,0.0,100.0,0,0,0,,,,0,0,,,,,,,N
SC,80047,LINDÓIA DO SUL,N,13,0,999,1954,2953,33.83,66.17,Bolsonaro,0,13,0.0,100.0,0,0,0,,,,0,0,,,,,,,N
SC,81957,LONTRAS,N,30,0,1735,5584,7319,23.71,76.29,Bolsonaro,0,30,0.0,100.0,0,0,0,,,,0,0,,,,,,,N
SC,81973,LUIZ ALVES,N,30,0,1617,6747,8364,19.33,80.67,Bolsonaro,0,30,0.0,100.0,0,0,0,,,,0,0,,,,,,,N
SC,81809,LUZERNA,N,19,0,888,3364,4252,20.88,79.12,Bolsonaro,0,19,0.0,100.0,0,0,0,,,,0,0,,,,,,,N
SC,80900,MACIEIRA,N,5,0,682,757,1439,47.39,52.61,Bolsonaro,3,2,60.0,40.0,0,0,0,,,,0,0,,,,,,,N
SC,81990,MAFRA,N,130,0,8603,25493,34096,25.23,74.77,Bolsonaro,1,129,0.77,99.23,0,0,0,,,,0,0,,,,,,,N
SC,82015,MAJOR GERCINO,N,11,0,696,1835,2531,27.5,72.5,Bolsonaro,0,11,0.0,100.0,0,0,0,,,,0,0,,,,,,,N
SC,82031,MAJOR VIEIRA,N,20,0,1971,2820,4791,41.14,58.86,Bolsonaro,3,17,15.0,85.0,0,0,0,,,,0,0,,,,,,,N
SC,83917,MARACAJÁ,N,19,0,1717,3427,5144,33.38,66.62,Bolsonaro,0,19,0.0,100.0,0,0,0,,,,0,0,,,,,,,N
SC,82058,MARAVILHA,N,56,0,4735,11285,16020,29.56,70.44,Bolsonaro,1,55,1.79,98.21,0,0,0,,,,0,0,,,,,,,N
SC,82066,MAREMA,N,9,0,586,1131,1717,34.13,65.87,Bolsonaro,0,9,0.0,100.0,0,0,0,,,,0,0,,,,,,,N
SC,82074,MASSARANDUBA,N,42,0,2027,8899,10926,18.55,81.45,Bolsonaro,0,42,0.0,100.0,0,0,0,,,,0,0,,,,,,,N
SC,82090,MATOS COSTA,N,10,0,959,838,1797,53.37,46.63,Lula,6,3,60.0,30.0,0,0,0,,,,0,0,,,,,,,N
SC,82112,MELEIRO,N,18,0,1022,4072,5094,20.06,79.94,Bolsonaro,0,18,0.0,100.0,0,0,0,,,,0,0,,,,,,,N
SC,80365,MIRIM DOCE,N,9,0,589,1350,1939,30.38,69.62,Bolsonaro,1,8,11.11,88.89,0,0,0,,,,0,0,,,,,,,N
SC,82139,MODELO,N,11,0,1060,1823,2883,36.77,63.23,Bolsonaro,0,11,0.0,100.0,0,0,0,,,,0,0,,,,,,,N
SC,82155,MONDAÍ,N,29,0,2420,3807,6227,38.86,61.14,Bolsonaro,3,26,10.34,89.66,0,0,0,,,,0,0,,,,,,,N
SC,80004,MONTE CARLO,N,22,0,2796,2772,5568,50.22,49.78,Lula,10,12,45.45,54.55,0,0,0,,,,0,0,,,,,,,N
SC,82171,MONTE CASTELO,N,22,0,2261,3216,5477,41.28,58.72,Bolsonaro,2,19,9.09,86.36,0,0,0,,,,0,0,,,,,,,N
SC,82198,MORRO DA FUMAÇA,N,40,0,2221,8841,11062,20.08,79.92,Bolsonaro,0,40,0.0,100.0,0,0,0,,,,0,0,,,,,,,N
SC,81086,MORRO GRANDE,N,8,0,492,1789,2281,21.57,78.43,Bolsonaro,0,8,0.0,100.0,0,0,0,,,,0,0,,,,,,,N
SC,82210,NAVEGANTES,N,157,0,13590,31871,45461,29.89,70.11,Bolsonaro,1,156,0.64,99.36,0,0,0,,,,0,0,,,,,,,N
SC,82236,NOVA ERECHIM,N,13,0,1314,1983,3297,39.85,60.15,Bolsonaro,1,12,7.69,92.31,0,0,0,,,,0,0,,,,,,,N
SC,80322,NOVA ITABERABA,N,16,0,1652,1734,3386,48.79,51.21,Bolsonaro,8,8,50.0,50.0,0,0,0,,,,0,0,,,,,,,N
SC,82252,NOVA TRENTO,N,33,0,1938,7066,9004,21.52,78.48,Bolsonaro,1,32,3.03,96.97,0,0,0,,,,0,0,,,,,,,N
SC,82279,NOVA VENEZA,N,0,36,0,0,0,,,,0,0,,,2326,7889,10215,22.77,77.23,Bolsonaro,0,36,0.0,100.0,,,,,N
SC,80764,NOVO HORIZONTE,N,10,0,895,1221,2116,42.3,57.7,Bolsonaro,1,9,10.0,90.0,0,0,0,,,,0,0,,,,,,,N
SC,82295,ORLEANS,N,58,0,3186,12264,15450,20.62,79.38,Bolsonaro,0,58,0.0,100.0,0,0,0,,,,0,0,,,,,,,N
SC,83976,OTACÍLIO COSTA,N,0,46,0,0,0,,,,0,0,,,3681,7068,10749,34.25,65.75,Bolsonaro,0,46,0.0,100.0,,,,,N
SC,82317,OURO,N,19,0,1395,3436,4831,28.88,71.12,Bolsonaro,0,19,0.0,100.0,0,0,0,,,,0,0,,,,,,,N
SC,80845,OURO VERDE,N,6,0,601,1048,1649,36.45,63.55,Bolsonaro,0,6,0.0,100.0,0,0,0,,,,0,0,,,,,,,N
SC,81442,PAIAL,N,0,7,0,0,0,,,,0,0,,,804,765,1569,51.24,48.76,Lula,3,4,42.86,57.14,,,,,N
SC,81264,PAINEL,N,0,8,0,0,0,,,,0,0,,,870,1087,1957,44.46,55.54,Bolsonaro,1,6,12.5,75.0,,,,,N
SC,82333,PALHOÇA,N,0,373,0,0,0,,,,0,0,,,38048,72870,110918,34.3,65.7,Bolsonaro,5,368,1.34,98.66,,,,,N
SC,82350,PALMA SOLA,N,18,0,2308,2134,4442,51.96,48.04,Lula,7,11,38.89,61.11,0,0,0,,,,0,0,,,,,,,N
SC,81566,PALMEIRA,N,0,10,0,0,0,,,,0,0,,,854,1442,2296,37.2,62.8,Bolsonaro,0,10,0.0,100.0,,,,,N
SC,82376,PALMITOS,N,42,0,2962,7062,10024,29.55,70.45,Bolsonaro,4,38,9.52,90.48,0,0,0,,,,0,0,,,,,,,N
SC,82392,PAPANDUVA,N,52,0,5127,6883,12010,42.69,57.31,Bolsonaro,17,35,32.69,67.31,0,0,0,,,,0,0,,,,,,,N
SC,80705,PARAÍSO,N,11,0,1477,1486,2963,49.85,50.15,Bolsonaro,3,7,27.27,63.64,0,0,0,,,,0,0,,,,,,,N
SC,80403,PASSO DE TORRES,N,21,0,2049,3632,5681,36.07,63.93,Bolsonaro,0,21,0.0,100.0,0,0,0,,,,0,0,,,,,,,N
SC,80624,PASSOS MAIA,N,11,0,1494,1228,2722,54.89,45.11,Lula,5,6,45.45,54.55,0,0,0,,,,0,0,,,,,,,N
SC,82414,PAULO LOPES,N,0,21,0,0,0,,,,0,0,,,1894,3588,5482,34.55,65.45,Bolsonaro,0,21,0.0,100.0,,,,,N
SC,82430,PEDRAS GRANDES,N,13,0,754,2578,3332,22.63,77.37,Bolsonaro,0,13,0.0,100.0,0,0,0,,,,0,0,,,,,,,N
SC,82457,PENHA,N,61,0,4345,13120,17465,24.88,75.12,Bolsonaro,0,61,0.0,100.0,0,0,0,,,,0,0,,,,,,,N
SC,82473,PERITIBA,N,9,0,624,1710,2334,26.74,73.26,Bolsonaro,0,9,0.0,100.0,0,0,0,,,,0,0,,,,,,,N
SC,83925,PESCARIA BRAVA,N,26,0,2615,3898,6513,40.15,59.85,Bolsonaro,2,24,7.69,92.31,0,0,0,,,,0,0,,,,,,,N
SC,82490,PETROLÂNDIA,N,20,0,1016,3579,4595,22.11,77.89,Bolsonaro,1,19,5.0,95.0,0,0,0,,,,0,0,,,,,,,N
SC,82538,PINHALZINHO,N,41,0,4943,7754,12697,38.93,61.07,Bolsonaro,1,40,2.44,97.56,0,0,0,,,,0,0,,,,,,,N
SC,82554,PINHEIRO PRETO,N,8,0,850,1521,2371,35.85,64.15,Bolsonaro,0,8,0.0,100.0,0,0,0,,,,0,0,,,,,,,N
SC,82570,PIRATUBA,N,16,0,1417,2856,4273,33.16,66.84,Bolsonaro,1,15,6.25,93.75,0,0,0,,,,0,0,,,,,,,N
SC,80543,PLANALTO ALEGRE,N,11,0,1218,1131,2349,51.85,48.15,Lula,4,6,36.36,54.55,0,0,0,,,,0,0,,,,,,,N
SC,82597,POMERODE,N,74,0,4007,16570,20577,19.47,80.53,Bolsonaro,0,74,0.0,100.0,0,0,0,,,,0,0,,,,,,,N
SC,82619,PONTE ALTA,N,17,0,1285,1942,3227,39.82,60.18,Bolsonaro,2,15,11.76,88.24,0,0,0,,,,0,0,,,,,,,N
SC,80926,PONTE ALTA DO NORTE,N,8,0,887,1124,2011,44.11,55.89,Bolsonaro,1,7,12.5,87.5,0,0,0,,,,0,0,,,,,,,N
SC,82635,PONTE SERRADA,N,28,0,3163,3320,6483,48.79,51.21,Bolsonaro,9,19,32.14,67.86,0,0,0,,,,0,0,,,,,,,N
SC,82651,PORTO BELO,N,45,0,3273,9455,12728,25.71,74.29,Bolsonaro,0,45,0.0,100.0,0,0,0,,,,0,0,,,,,,,N
SC,82678,PORTO UNIÃO,N,84,0,6311,13254,19565,32.26,67.74,Bolsonaro,1,83,1.19,98.81,0,0,0,,,,0,0,,,,,,,N
SC,82694,POUSO REDONDO,N,34,0,2201,7517,9718,22.65,77.35,Bolsonaro,0,34,0.0,100.0,0,0,0,,,,0,0,,,,,,,N
SC,82716,PRAIA GRANDE,N,19,0,2106,3031,5137,41.0,59.0,Bolsonaro,2,17,10.53,89.47,0,0,0,,,,0,0,,,,,,,N
SC,82732,PRESIDENTE CASTELLO BRANCO,N,6,0,298,1102,1400,21.29,78.71,Bolsonaro,0,6,0.0,100.0,0,0,0,,,,0,0,,,,,,,N
SC,82759,PRESIDENTE GETÚLIO,N,39,0,2392,8798,11190,21.38,78.62,Bolsonaro,0,39,0.0,100.0,0,0,0,,,,0,0,,,,,,,N
SC,82775,PRESIDENTE NEREU,N,10,0,509,1257,1766,28.82,71.18,Bolsonaro,0,10,0.0,100.0,0,0,0,,,,0,0,,,,,,,N
SC,81647,PRINCESA,N,9,0,790,1325,2115,37.35,62.65,Bolsonaro,1,8,11.11,88.89,0,0,0,,,,0,0,,,,,,,N
SC,82791,QUILOMBO,N,29,0,3103,3811,6914,44.88,55.12,Bolsonaro,8,21,27.59,72.41,0,0,0,,,,0,0,,,,,,,N
SC,82813,RANCHO QUEIMADO,N,0,10,0,0,0,,,,0,0,,,743,1876,2619,28.37,71.63,Bolsonaro,0,10,0.0,100.0,,,,,N
SC,82830,RIO DAS ANTAS,N,20,0,1221,2925,4146,29.45,70.55,Bolsonaro,0,20,0.0,100.0,0,0,0,,,,0,0,,,,,,,N
SC,82856,RIO DO CAMPO,N,17,0,1098,3436,4534,24.22,75.78,Bolsonaro,0,17,0.0,100.0,0,0,0,,,,0,0,,,,,,,N
SC,82872,RIO DO OESTE,N,25,0,1412,3662,5074,27.83,72.17,Bolsonaro,1,24,4.0,96.0,0,0,0,,,,0,0,,,,,,,N
SC,82910,RIO DO SUL,N,147,0,9602,31258,40860,23.5,76.5,Bolsonaro,0,147,0.0,100.0,0,0,0,,,,0,0,,,,,,,N
SC,82899,RIO DOS CEDROS,N,30,0,1504,5678,7182,20.94,79.06,Bolsonaro,0,30,0.0,100.0,0,0,0,,,,0,0,,,,,,,N
SC,82937,RIO FORTUNA,N,16,0,584,3280,3864,15.11,84.89,Bolsonaro,0,16,0.0,100.0,0,0,0,,,,0,0,,,,,,,N
SC,82953,RIO NEGRINHO,N,99,0,6003,18782,24785,24.22,75.78,Bolsonaro,1,98,1.01,98.99,0,0,0,,,,0,0,,,,,,,N
SC,80608,RIO RUFINO,N,10,0,696,1174,1870,37.22,62.78,Bolsonaro,1,9,10.0,90.0,0,0,0,,,,0,0,,,,,,,N
SC,80560,RIQUEZA,N,19,0,1373,1977,3350,40.99,59.01,Bolsonaro,5,14,26.32,73.68,0,0,0,,,,0,0,,,,,,,N
SC,82970,RODEIO,N,29,0,1598,6303,7901,20.23,79.77,Bolsonaro,0,29,0.0,100.0,0,0,0,,,,0,0,,,,,,,N
SC,82996,ROMELÂNDIA,N,14,0,1474,1821,3295,44.73,55.27,Bolsonaro,4,10,28.57,71.43,0,0,0,,,,0,0,,,,,,,N
SC,83011,SALETE,N,19,0,1243,3776,5019,24.77,75.23,Bolsonaro,0,19,0.0,100.0,0,0,0,,,,0,0,,,,,,,N
SC,81523,SALTINHO,N,11,0,1582,1011,2593,61.01,38.99,Lula,11,0,100.0,0.0,0,0,0,,,,0,0,,,,,,,N
SC,83038,SALTO VELOSO,N,11,0,874,1983,2857,30.59,69.41,Bolsonaro,0,11,0.0,100.0,0,0,0,,,,0,0,,,,,,,N
SC,81000,SANGÃO,N,23,0,1404,5565,6969,20.15,79.85,Bolsonaro,0,23,0.0,100.0,0,0,0,,,,0,0,,,,,,,N
SC,83054,SANTA CECÍLIA,N,37,0,3865,5514,9379,41.21,58.79,Bolsonaro,4,32,10.81,86.49,0,0,0,,,,0,0,,,,,,,N
SC,80721,SANTA HELENA,N,7,0,830,1068,1898,43.73,56.27,Bolsonaro,1,6,14.29,85.71,0,0,0,,,,0,0,,,,,,,N
SC,83070,SANTA ROSA DE LIMA,N,8,0,519,1149,1668,31.12,68.88,Bolsonaro,0,8,0.0,100.0,0,0,0,,,,0,0,,,,,,,N
SC,80241,SANTA ROSA DO SUL,N,23,0,1723,4296,6019,28.63,71.37,Bolsonaro,0,23,0.0,100.0,0,0,0,,,,0,0,,,,,,,N
SC,80349,SANTA TEREZINHA,N,22,0,1626,3800,5426,29.97,70.03,Bolsonaro,1,21,4.55,95.45,0,0,0,,,,0,0,,,,,,,N
SC,81507,SANTA TEREZINHA DO PROGRESSO,N,6,0,1103,823,1926,57.27,42.73,Lula,6,0,100.0,0.0,0,0,0,,,,0,0,,,,,,,N
SC,81205,SANTIAGO DO SUL,N,6,0,591,651,1242,47.58,52.42,Bolsonaro,2,4,33.33,66.67,0,0,0,,,,0,0,,,,,,,N
SC,83097,SANTO AMARO DA IMPERATRIZ,N,0,60,0,0,0,,,,0,0,,,4902,10896,15798,31.03,68.97,Bolsonaro,0,60,0.0,100.0,,,,,N
SC,83410,SAUDADES,N,25,0,2313,4238,6551,35.31,64.69,Bolsonaro,3,22,12.0,88.0,0,0,0,,,,0,0,,,,,,,N
SC,83437,SCHROEDER,N,0,38,0,0,0,,,,0,0,,,2596,8845,11441,22.69,77.31,Bolsonaro,0,38,0.0,100.0,,,,,N
SC,83453,SEARA,N,49,0,5018,6610,11628,43.15,56.85,Bolsonaro,9,40,18.37,81.63,0,0,0,,,,0,0,,,,,,,N
SC,80284,SERRA ALTA,N,10,0,819,1612,2431,33.69,66.31,Bolsonaro,1,9,10.0,90.0,0,0,0,,,,0,0,,,,,,,N
SC,83470,SIDERÓPOLIS,N,0,33,0,0,0,,,,0,0,,,2798,5828,8626,32.44,67.56,Bolsonaro,0,33,0.0,100.0,,,,,N
SC,83496,SOMBRIO,N,69,0,5245,12668,17913,29.28,70.72,Bolsonaro,0,69,0.0,100.0,0,0,0,,,,0,0,,,,,,,N
SC,80446,SUL BRASIL,N,11,0,971,1122,2093,46.39,53.61,Bolsonaro,2,8,18.18,72.73,0,0,0,,,,0,0,,,,,,,N
SC,83119,SÃO BENTO DO SUL,N,181,0,11312,39161,50473,22.41,77.59,Bolsonaro,0,181,0.0,100.0,0,0,0,,,,0,0,,,,,,,N
SC,81485,SÃO BERNARDINO,N,9,0,1075,954,2029,52.98,47.02,Lula,7,2,77.78,22.22,0,0,0,,,,0,0,,,,,,,N
SC,83135,SÃO BONIFÁCIO,N,0,8,0,0,0,,,,0,0,,,436,1906,2342,18.62,81.38,Bolsonaro,0,8,0.0,100.0,,,,,N
SC,83151,SÃO CARLOS,N,29,0,2538,4360,6898,36.79,63.21,Bolsonaro,2,27,6.9,93.1,0,0,0,,,,0,0,,,,,,,N
SC,80942,SÃO CRISTÓVÃO DO SUL,N,13,0,1082,1507,2589,41.79,58.21,Bolsonaro,1,12,7.69,92.31,0,0,0,,,,0,0,,,,,,,N
SC,83178,SÃO DOMINGOS,N,24,0,2627,3507,6134,42.83,57.17,Bolsonaro,3,21,12.5,87.5,0,0,0,,,,0,0,,,,,,,N
SC,83194,SÃO FRANCISCO DO SUL,N,115,0,8921,20615,29536,30.2,69.8,Bolsonaro,0,115,0.0,100.0,0,0,0,,,,0,0,,,,,,,N
SC,83259,SÃO JOAQUIM,N,64,0,5871,8950,14821,39.61,60.39,Bolsonaro,19,45,29.69,70.31,0,0,0,,,,0,0,,,,,,,N
SC,83275,SÃO JOSÉ,N,0,524,0,0,0,,,,0,0,,,54634,93707,148341,36.83,63.17,Bolsonaro,21,503,4.01,95.99,,,,,N
SC,83291,SÃO JOSÉ DO CEDRO,N,35,0,2708,6519,9227,29.35,70.65,Bolsonaro,2,33,5.71,94.29,0,0,0,,,,0,0,,,,,,,N
SC,83313,SÃO JOSÉ DO CERRITO,N,0,33,0,0,0,,,,0,0,,,3303,2862,6165,53.58,46.42,Lula,20,13,60.61,39.39,,,,,N
SC,83216,SÃO JOÃO BATISTA,N,64,0,3846,14256,18102,21.25,78.75,Bolsonaro,0,64,0.0,100.0,0,0,0,,,,0,0,,,,,,,N
SC,81124,SÃO JOÃO DO ITAPERIÚ,N,14,0,571,2504,3075,18.57,81.43,Bolsonaro,0,14,0.0,100.0,0,0,0,,,,0,0,,,,,,,N
SC,80640,SÃO JOÃO DO OESTE,N,19,0,1015,3304,4319,23.5,76.5,Bolsonaro,0,19,0.0,100.0,0,0,0,,,,0,0,,,,,,,N
SC,83232,SÃO JOÃO DO SUL,N,20,0,1572,3985,5557,28.29,71.71,Bolsonaro,0,20,0.0,100.0,0,0,0,,,,0,0,,,,,,,N
SC,83330,SÃO LOURENÇO DO OESTE,N,56,0,5486,9604,15090,36.36,63.64,Bolsonaro,2,54,3.57,96.43,0,0,0,,,,0,0,,,,,,,N
SC,83356,SÃO LUDGERO,N,30,0,1585,6204,7789,20.35,79.65,Bolsonaro,0,30,0.0,100.0,0,0,0,,,,0,0,,,,,,,N
SC,83372,SÃO MARTINHO,N,11,0,532,2263,2795,19.03,80.97,Bolsonaro,0,11,0.0,100.0,0,0,0,,,,0,0,,,,,,,N
SC,80780,SÃO MIGUEL DA BOA VISTA,N,5,0,717,690,1407,50.96,49.04,Lula,2,3,40.0,60.0,0,0,0,,,,0,0,,,,,,,N
SC,83399,SÃO MIGUEL DO OESTE,N,90,0,8598,16594,25192,34.13,65.87,Bolsonaro,5,85,5.56,94.44,0,0,0,,,,0,0,,,,,,,N
SC,81183,SÃO PEDRO DE ALCÂNTARA,N,0,12,0,0,0,,,,0,0,,,967,2528,3495,27.67,72.33,Bolsonaro,0,12,0.0,100.0,,,,,N
SC,83518,TAIÓ,N,45,0,2350,9545,11895,19.76,80.24,Bolsonaro,0,45,0.0,100.0,0,0,0,,,,0,0,,,,,,,N
SC,83534,TANGARÁ,N,26,0,1506,3944,5450,27.63,72.37,Bolsonaro,0,26,0.0,100.0,0,0,0,,,,0,0,,,,,,,N
SC,81680,TIGRINHOS,N,6,0,770,875,1645,46.81,53.19,Bolsonaro,3,3,50.0,50.0,0,0,0,,,,0,0,,,,,,,N
SC,83550,TIJUCAS,N,90,0,6940,17585,24525,28.3,71.7,Bolsonaro,0,90,0.0,100.0,0,0,0,,,,0,0,,,,,,,N
SC,83933,TIMBÉ DO SUL,N,14,0,998,2658,3656,27.3,72.7,Bolsonaro,0,14,0.0,100.0,0,0,0,,,,0,0,,,,,,,N
SC,83577,TIMBÓ,N,96,0,4883,22756,27639,17.67,82.33,Bolsonaro,0,96,0.0,100.0,0,0,0,,,,0,0,,,,,,,N
SC,80209,TIMBÓ GRANDE,N,18,0,2070,2172,4242,48.8,51.2,Bolsonaro,4,14,22.22,77.78,0,0,0,,,,0,0,,,,,,,N
SC,81345,TREVISO,N,0,12,0,0,0,,,,0,0,,,1123,2008,3131,35.87,64.13,Bolsonaro,0,12,0.0,100.0,,,,,N
SC,83615,TREZE DE MAIO,N,20,0,940,4594,5534,16.99,83.01,Bolsonaro,0,20,0.0,100.0,0,0,0,,,,0,0,,,,,,,N
SC,83631,TREZE TÍLIAS,N,20,0,1127,4008,5135,21.95,78.05,Bolsonaro,0,20,0.0,100.0,0,0,0,,,,0,0,,,,,,,N
SC,83658,TROMBUDO CENTRAL,N,16,0,891,3548,4439,20.07,79.93,Bolsonaro,0,16,0.0,100.0,0,0,0,,,,0,0,,,,,,,N
SC,83593,TRÊS BARRAS,N,45,0,4300,7106,11406,37.7,62.3,Bolsonaro,1,44,2.22,97.78,0,0,0,,,,0,0,,,,,,,N
SC,83674,TUBARÃO,N,238,0,15985,47779,63764,25.07,74.93,Bolsonaro,1,237,0.42,99.58,0,0,0,,,,0,0,,,,,,,N
SC,83682,TUNÁPOLIS,N,15,0,832,2571,3403,24.45,75.55,Bolsonaro,0,15,0.0,100.0,0,0,0,,,,0,0,,,,,,,N
SC,83690,TURVO,N,29,0,1509,7034,8543,17.66,82.34,Bolsonaro,0,29,0.0,100.0,0,0,0,,,,0,0,,,,,,,N
SC,80144,UNIÃO DO OESTE,N,10,0,801,1282,2083,38.45,61.55,Bolsonaro,1,9,10.0,90.0,0,0,0,,,,0,0,,,,,,,N
SC,83712,URUBICI,N,28,0,1812,4675,6487,27.93,72.07,Bolsonaro,2,26,7.14,92.86,0,0,0,,,,0,0,,,,,,,N
SC,80160,URUPEMA,N,8,0,767,1166,1933,39.68,60.32,Bolsonaro,0,8,0.0,100.0,0,0,0,,,,0,0,,,,,,,N
SC,83739,URUSSANGA,N,53,0,2964,10265,13229,22.41,77.59,Bolsonaro,0,53,0.0,100.0,0,0,0,,,,0,0,,,,,,,N
SC,80462,VARGEM,N,11,0,970,1054,2024,47.92,52.08,Bolsonaro,4,7,36.36,63.64,0,0,0,,,,0,0,,,,,,,N
SC,80969,VARGEM BONITA,N,13,0,1373,1941,3314,41.43,58.57,Bolsonaro,0,12,0.0,92.31,0,0,0,,,,0,0,,,,,,,N
SC,83755,VARGEÃO,N,10,0,1130,1338,2468,45.79,54.21,Bolsonaro,1,9,10.0,90.0,0,0,0,,,,0,0,,,,,,,N
SC,83771,VIDAL RAMOS,N,17,0,1229,3285,4514,27.23,72.77,Bolsonaro,0,17,0.0,100.0,0,0,0,,,,0,0,,,,,,,N
SC,83798,VIDEIRA,N,113,0,8501,21928,30429,27.94,72.06,Bolsonaro,0,113,0.0,100.0,0,0,0,,,,0,0,,,,,,,N
SC,80128,VITOR MEIRELES,N,16,0,1090,2525,3615,30.15,69.85,Bolsonaro,1,15,6.25,93.75,0,0,0,,,,0,0,,,,,,,N
SC,83810,WITMARSUM,N,11,0,788,2021,2809,28.05,71.95,Bolsonaro,0,11,0.0,100.0,0,0,0,,,,0,0,,,,,,,N
SC,83836,XANXERÊ,N,114,0,11189,17718,28907,38.71,61.29,Bolsonaro,28,86,24.56,75.44,0,0,0,,,,0,0,,,,,,,N
SC,83852,XAVANTINA,N,15,0,1315,1752,3067,42.88,57.12,Bolsonaro,5,10,33.33,66.67,0,0,0,,,,0,0,,,,,,,N
SC,83879,XAXIM,N,70,0,6189,12416,18605,33.27,66.73,Bolsonaro,8,62,11.43,88.57,0,0,0,,,,0,0,,,,,,,N
SC,81825,ZORTÉA,N,8,0,1053,1473,2526,41.69,58.31,Bolsonaro,0,8,0.0,100.0,0,0,0,,,,0,0,,,,,,,N
SC,80071,ÁGUA DOCE,N,18,0,1306,3122,4428,29.49,70.51,Bolsonaro,2,16,11.11,88.89,0,0,0,,,,0,0,,,,,,,N
SC,80098,ÁGUAS DE CHAPECÓ,N,13,0,2068,1819,3887,53.2,46.8,Lula,11,2,84.62,15.38,0,0,0,,,,0,0,,,,,,,N
SC,80500,ÁGUAS FRIAS,N,10,0,925,1234,2159,42.84,57.16,Bolsonaro,2,8,20.0,80.0,0,0,0,,,,0,0,,,,,,,N
SC,80110,ÁGUAS MORNAS,N,0,21,0,0,0,,,,0,0,,,1389,3693,5082,27.33,72.67,Bolsonaro,0,21,0.0,100.0,,,,,N
SE,31011,AMPARO DE SÃO FRANCISCO,N,9,0,1445,559,2004,72.11,27.89,Lula,9,0,100.0,0.0,0,0,0,,,,0,0,,,,,,,N
SE,31038,AQUIDABÃ,N,63,0,9493,2861,12354,76.84,23.16,Lula,63,0,100.0,0.0,0,0,0,,,,0,0,,,,,,,N
SE,31054,ARACAJU,N,0,1297,0,0,0,,,,0,0,,,190875,142489,333364,57.26,42.74,Lula,1186,106,91.44,8.17,,,,,N
SE,31070,ARAUÁ,N,28,0,5581,1481,7062,79.03,20.97,Lula,28,0,100.0,0.0,0,0,0,,,,0,0,,,,,,,N
SE,31097,AREIA BRANCA,N,0,45,0,0,0,,,,0,0,,,7866,3106,10972,71.69,28.31,Lula,45,0,100.0,0.0,,,,,N
SE,31119,BARRA DOS COQUEIROS,N,0,85,0,0,0,,,,0,0,,,11635,7148,18783,61.94,38.06,Lula,82,1,96.47,1.18,,,,,N
SE,31151,BOQUIM,N,73,0,11486,4517,16003,71.77,28.23,Lula,73,0,100.0,0.0,0,0,0,,,,0,0,,,,,,,N
SE,31135,BREJO GRANDE,N,22,0,4077,1070,5147,79.21,20.79,Lula,22,0,100.0,0.0,0,0,0,,,,0,0,,,,,,,N
SE,31194,CAMPO DO BRITO,N,41,0,8521,2777,11298,75.42,24.58,Lula,41,0,100.0,0.0,0,0,0,,,,0,0,,,,,,,N
SE,31216,CANHOBA,N,14,0,2657,671,3328,79.84,20.16,Lula,14,0,100.0,0.0,0,0,0,,,,0,0,,,,,,,N
SE,31232,CANINDÉ DE SÃO FRANCISCO,N,72,0,13095,3652,16747,78.19,21.81,Lula,72,0,100.0,0.0,0,0,0,,,,0,0,,,,,,,N
SE,31259,CAPELA,N,83,0,13184,5492,18676,70.59,29.41,Lula,83,0,100.0,0.0,0,0,0,,,,0,0,,,,,,,N
SE,31275,CARIRA,N,58,0,9276,3278,12554,73.89,26.11,Lula,58,0,100.0,0.0,0,0,0,,,,0,0,,,,,,,N
SE,31291,CARMÓPOLIS,N,0,42,0,0,0,,,,0,0,,,6239,3012,9251,67.44,32.56,Lula,42,0,100.0,0.0,,,,,N
SE,31313,CEDRO DE SÃO JOÃO,N,17,0,2910,1353,4263,68.26,31.74,Lula,17,0,100.0,0.0,0,0,0,,,,0,0,,,,,,,N
SE,31330,CRISTINÁPOLIS,N,48,0,8256,2024,10280,80.31,19.69,Lula,48,0,100.0,0.0,0,0,0,,,,0,0,,,,,,,N
SE,31372,CUMBE,N,15,0,2145,1197,3342,64.18,35.82,Lula,15,0,100.0,0.0,0,0,0,,,,0,0,,,,,,,N
SE,31399,DIVINA PASTORA,N,0,13,0,0,0,,,,0,0,,,2396,632,3028,79.13,20.87,Lula,13,0,100.0,0.0,,,,,N
SE,31410,ESTÂNCIA,N,160,0,26903,9847,36750,73.21,26.79,Lula,160,0,100.0,0.0,0,0,0,,,,0,0,,,,,,,N
SE,31437,FEIRA NOVA,N,21,0,3505,1008,4513,77.66,22.34,Lula,21,0,100.0,0.0,0,0,0,,,,0,0,,,,,,,N
SE,31453,FREI PAULO,N,36,0,6322,3845,10167,62.18,37.82,Lula,36,0,100.0,0.0,0,0,0,,,,0,0,,,,,,,N
SE,31496,GARARU,N,28,0,6050,1140,7190,84.14,15.86,Lula,28,0,100.0,0.0,0,0,0,,,,0,0,,,,,,,N
SE,31470,GENERAL MAYNARD,N,0,10,0,0,0,,,,0,0,,,1646,539,2185,75.33,24.67,Lula,10,0,100.0,0.0,,,,,N
SE,31518,GRACCHO CARDOSO,N,27,0,3960,900,4860,81.48,18.52,Lula,27,0,100.0,0.0,0,0,0,,,,0,0,,,,,,,N
SE,31534,ILHA DAS FLORES,N,27,0,3910,1111,5021,77.87,22.13,Lula,27,0,100.0,0.0,0,0,0,,,,0,0,,,,,,,N
SE,31550,INDIAROBA,N,46,0,7646,1756,9402,81.32,18.68,Lula,46,0,100.0,0.0,0,0,0,,,,0,0,,,,,,,N
SE,31577,ITABAIANA,N,247,0,35632,21361,56993,62.52,37.48,Lula,247,0,100.0,0.0,0,0,0,,,,0,0,,,,,,,N
SE,31593,ITABAIANINHA,N,95,0,15753,8720,24473,64.37,35.63,Lula,91,4,95.79,4.21,0,0,0,,,,0,0,,,,,,,N
SE,31615,ITABI,N,16,0,2565,893,3458,74.18,25.82,Lula,16,0,100.0,0.0,0,0,0,,,,0,0,,,,,,,N
SE,31631,ITAPORANGA D'AJUDA,N,0,94,0,0,0,,,,0,0,,,14777,6130,20907,70.68,29.32,Lula,94,0,100.0,0.0,,,,,N
SE,31658,JAPARATUBA,N,45,0,7923,2559,10482,75.59,24.41,Lula,45,0,100.0,0.0,0,0,0,,,,0,0,,,,,,,N
SE,31674,JAPOATÃ,N,45,0,6340,1949,8289,76.49,23.51,Lula,45,0,100.0,0.0,0,0,0,,,,0,0,,,,,,,N
SE,31690,LAGARTO,N,287,0,43336,17841,61177,70.84,29.16,Lula,287,0,100.0,0.0,0,0,0,,,,0,0,,,,,,,N
SE,31712,LARANJEIRAS,N,0,76,0,0,0,,,,0,0,,,10985,5418,16403,66.97,33.03,Lula,76,0,100.0,0.0,,,,,N
SE,31739,MACAMBIRA,N,17,0,3669,1430,5099,71.96,28.04,Lula,17,0,100.0,0.0,0,0,0,,,,0,0,,,,,,,N
SE,31755,MALHADA DOS BOIS,N,14,0,2269,676,2945,77.05,22.95,Lula,14,0,100.0,0.0,0,0,0,,,,0,0,,,,,,,N
SE,31771,MALHADOR,N,39,0,5833,1995,7828,74.51,25.49,Lula,39,0,100.0,0.0,0,0,0,,,,0,0,,,,,,,N
SE,31798,MARUIM,N,0,46,0,0,0,,,,0,0,,,7492,2120,9612,77.94,22.06,Lula,46,0,100.0,0.0,,,,,N
SE,31810,MOITA BONITA,N,42,0,4751,2357,7108,66.84,33.16,Lula,42,0,100.0,0.0,0,0,0,,,,0,0,,,,,,,N
SE,31836,MONTE ALEGRE DE SERGIPE,N,36,0,6670,2296,8966,74.39,25.61,Lula,36,0,100.0,0.0,0,0,0,,,,0,0,,,,,,,N
SE,31852,MURIBECA,N,27,0,3899,1448,5347,72.92,27.08,Lula,27,0,100.0,0.0,0,0,0,,,,0,0,,,,,,,N
SE,31879,NEÓPOLIS,N,48,0,7507,2471,9978,75.24,24.76,Lula,48,0,100.0,0.0,0,0,0,,,,0,0,,,,,,,N
SE,31356,NOSSA SENHORA APARECIDA,N,33,0,3846,1951,5797,66.34,33.66,Lula,32,1,96.97,3.03,0,0,0,,,,0,0,,,,,,,N
SE,31895,NOSSA SENHORA DA GLÓRIA,N,93,0,17457,5011,22468,77.7,22.3,Lula,93,0,100.0,0.0,0,0,0,,,,0,0,,,,,,,N
SE,31917,NOSSA SENHORA DAS DORES,N,75,0,10302,5674,15976,64.48,35.52,Lula,71,3,94.67,4.0,0,0,0,,,,0,0,,,,,,,N
SE,31933,NOSSA SENHORA DE LOURDES,N,16,0,3635,889,4524,80.35,19.65,Lula,16,0,100.0,0.0,0,0,0,,,,0,0,,,,,,,N
SE,31950,NOSSA SENHORA DO SOCORRO,N,0,349,0,0,0,,,,0,0,,,52191,37770,89961,58.02,41.98,Lula,318,30,91.12,8.6,,,,,N
SE,31976,PACATUBA,N,37,0,6566,1438,8004,82.03,17.97,Lula,37,0,100.0,0.0,0,0,0,,,,0,0,,,,,,,N
SE,31992,PEDRA MOLE,N,12,0,1835,668,2503,73.31,26.69,Lula,12,0,100.0,0.0,0,0,0,,,,0,0,,,,,,,N
SE,32018,PEDRINHAS,N,22,0,4024,1420,5444,73.92,26.08,Lula,22,0,100.0,0.0,0,0,0,,,,0,0,,,,,,,N
SE,32034,PINHÃO,N,19,0,3275,874,4149,78.93,21.07,Lula,19,0,100.0,0.0,0,0,0,,,,0,0,,,,,,,N
SE,32050,PIRAMBU,N,27,0,4250,1638,5888,72.18,27.82,Lula,27,0,100.0,0.0,0,0,0,,,,0,0,,,,,,,N
SE,32115,PORTO DA FOLHA,N,79,0,13818,3695,17513,78.9,21.1,Lula,79,0,100.0,0.0,0,0,0,,,,0,0,,,,,,,N
SE,32077,POÇO REDONDO,N,67,0,12133,3457,15590,77.83,22.17,Lula,67,0,100.0,0.0,0,0,0,,,,0,0,,,,,,,N
SE,32093,POÇO VERDE,N,66,0,11247,3174,14421,77.99,22.01,Lula,66,0,100.0,0.0,0,0,0,,,,0,0,,,,,,,N
SE,32131,PROPRIÁ,N,74,0,9739,5377,15116,64.43,35.57,Lula,74,0,100.0,0.0,0,0,0,,,,0,0,,,,,,,N
SE,32174,RIACHUELO,N,0,26,0,0,0,,,,0,0,,,4568,1527,6095,74.95,25.05,Lula,26,0,100.0,0.0,,,,,N
SE,32158,RIACHÃO DO DANTAS,N,59,0,10937,2458,13395,81.65,18.35,Lula,59,0,100.0,0.0,0,0,0,,,,0,0,,,,,,,N
SE,32190,RIBEIRÓPOLIS,N,57,0,7768,3367,11135,69.76,30.24,Lula,57,0,100.0,0.0,0,0,0,,,,0,0,,,,,,,N
SE,32212,ROSÁRIO DO CATETE,N,0,31,0,0,0,,,,0,0,,,4808,1544,6352,75.69,24.31,Lula,31,0,100.0,0.0,,,,,N
SE,32239,SALGADO,N,0,55,0,0,0,,,,0,0,,,10339,2847,13186,78.41,21.59,Lula,55,0,100.0,0.0,,,,,N
SE,32255,SANTA LUZIA DO ITANHY,N,42,0,6426,1534,7960,80.73,19.27,Lula,42,0,100.0,0.0,0,0,0,,,,0,0,,,,,,,N
SE,32298,SANTA ROSA DE LIMA,N,17,0,2310,840,3150,73.33,26.67,Lula,17,0,100.0,0.0,0,0,0,,,,0,0,,,,,,,N
SE,31003,SANTANA DO SÃO FRANCISCO,N,20,0,3188,1138,4326,73.69,26.31,Lula,20,0,100.0,0.0,0,0,0,,,,0,0,,,,,,,N
SE,32310,SANTO AMARO DAS BROTAS,N,31,0,5718,1180,6898,82.89,17.11,Lula,31,0,100.0,0.0,0,0,0,,,,0,0,,,,,,,N
SE,32417,SIMÃO DIAS,N,129,0,20790,6696,27486,75.64,24.36,Lula,129,0,100.0,0.0,0,0,0,,,,0,0,,,,,,,N
SE,32433,SIRIRI,N,25,0,3855,1243,5098,75.62,24.38,Lula,25,0,100.0,0.0,0,0,0,,,,0,0,,,,,,,N
SE,32336,SÃO CRISTÓVÃO,N,0,188,0,0,0,,,,0,0,,,29768,16454,46222,64.4,35.6,Lula,185,3,98.4,1.6,,,,,N
SE,32352,SÃO DOMINGOS,N,21,0,4130,1885,6015,68.66,31.34,Lula,21,0,100.0,0.0,0,0,0,,,,0,0,,,,,,,N
SE,32379,SÃO FRANCISCO,N,13,0,2037,680,2717,74.97,25.03,Lula,13,0,100.0,0.0,0,0,0,,,,0,0,,,,,,,N
SE,32395,SÃO MIGUEL DO ALEIXO,N,16,0,2273,701,2974,76.43,23.57,Lula,16,0,100.0,0.0,0,0,0,,,,0,0,,,,,,,N
SE,32450,TELHA,N,13,0,1925,900,2825,68.14,31.86,Lula,13,0,100.0,0.0,0,0,0,,,,0,0,,,,,,,N
SE,32476,TOBIAS BARRETO,N,132,0,22390,9726,32116,69.72,30.28,Lula,132,0,100.0,0.0,0,0,0,,,,0,0,,,,,,,N
SE,32492,TOMAR DO GERU,N,38,0,4993,2086,7079,70.53,29.47,Lula,38,0,100.0,0.0,0,0,0,,,,0,0,,,,,,,N
SE,32514,UMBAÚBA,N,62,0,9930,4115,14045,70.7,29.3,Lula,62,0,100.0,0.0,0,0,0,,,,0,0,,,,,,,N
SP,61018,ADAMANTINA,S,37,46,2447,6617,9064,27.0,73.0,Bolsonaro,0,37,0.0,100.0,2675,8320,10995,24.33,75.67,Bolsonaro,0,46,0.0,100.0,-2.67,2.67,0.0,0.0,N
SP,61034,ADOLFO,N,14,0,1113,2005,3118,35.7,64.3,Bolsonaro,0,14,0.0,100.0,0,0,0,,,,0,0,,,,,,,N
SP,61050,AGUAÍ,S,43,25,4213,6522,10735,39.25,60.75,Bolsonaro,0,43,0.0,100.0,2691,3907,6598,40.79,59.21,Bolsonaro,0,24,0.0,96.0,1.54,-1.54,0.0,-4.0,N
SP,61131,AGUDOS,S,52,40,3981,8494,12475,31.91,68.09,Bolsonaro,0,52,0.0,100.0,3318,6154,9472,35.03,64.97,Bolsonaro,0,40,0.0,100.0,3.12,-3.12,0.0,0.0,N
SP,61581,ALAMBARI,N,20,0,1307,2512,3819,34.22,65.78,Bolsonaro,0,20,0.0,100.0,0,0,0,,,,0,0,,,,,,,N
SP,61158,ALFREDO MARCONDES,N,0,11,0,0,0,,,,0,0,,,1190,1914,3104,38.34,61.66,Bolsonaro,0,11,0.0,100.0,,,,,N
SP,61174,ALTAIR,N,10,0,1037,1327,2364,43.87,56.13,Bolsonaro,2,8,20.0,80.0,0,0,0,,,,0,0,,,,,,,N
SP,61190,ALTINÓPOLIS,S,30,18,2943,3069,6012,48.95,51.05,Bolsonaro,11,19,36.67,63.33,1454,2067,3521,41.3,58.7,Bolsonaro,2,16,11.11,88.89,-7.65,7.65,-25.56,25.56,N
SP,61212,ALTO ALEGRE,N,0,14,0,0,0,,,,0,0,,,898,1874,2772,32.4,67.6,Bolsonaro,0,14,0.0,100.0,,,,,N
SP,61220,ALUMÍNIO,N,0,44,0,0,0,,,,0,0,,,5127,5756,10883,47.11,52.89,Bolsonaro,9,34,20.45,77.27,,,,,N
SP,61298,ALVINLÂNDIA,N,10,0,957,1074,2031,47.12,52.88,Bolsonaro,2,8,20.0,80.0,0,0,0,,,,0,0,,,,,,,N
SP,61310,AMERICANA,S,312,200,27805,55982,83787,33.19,66.81,Bolsonaro,2,310,0.64,99.36,17360,36789,54149,32.06,67.94,Bolsonaro,0,200,0.0,100.0,-1.13,1.13,-0.64,0.64,N
SP,61379,AMPARO,S,92,74,7816,15668,23484,33.28,66.72,Bolsonaro,0,92,0.0,100.0,5538,12454,17992,30.78,69.22,Bolsonaro,0,74,0.0,100.0,-2.5,2.5,0.0,0.0,N
SP,61336,AMÉRICO BRASILIENSE,S,35,63,3837,2842,6679,57.45,42.55,Lula,30,4,85.71,11.43,7841,6758,14599,53.71,46.29,Lula,46,16,73.02,25.4,-3.74,3.74,-12.69,13.97,N
SP,61352,AMÉRICO DE CAMPOS,N,15,0,1411,2481,3892,36.25,63.75,Bolsonaro,0,15,0.0,100.0,0,0,0,,,,0,0,,,,,,,N
SP,61395,ANALÂNDIA,N,16,0,992,1984,2976,33.33,66.67,Bolsonaro,0,16,0.0,100.0,0,0,0,,,,0,0,,,,,,,N
SP,61417,ANDRADINA,S,130,12,11237,19090,30327,37.05,62.95,Bolsonaro,4,126,3.08,96.92,1044,2158,3202,32.6,67.4,Bolsonaro,0,12,0.0,100.0,-4.45,4.45,-3.08,3.08,N
SP,61433,ANGATUBA,S,27,29,2752,3518,6270,43.89,56.11,Bolsonaro,4,23,14.81,85.19,3047,3792,6839,44.55,55.45,Bolsonaro,1,27,3.45,93.1,0.66,-0.66,-11.36,7.91,N
SP,61450,ANHEMBI,N,0,19,0,0,0,,,,0,0,,,1498,2315,3813,39.29,60.71,Bolsonaro,0,19,0.0,100.0,,,,,N
SP,61476,ANHUMAS,N,0,10,0,0,0,,,,0,0,,,1051,1547,2598,40.45,59.55,Bolsonaro,0,10,0.0,100.0,,,,,N
SP,61492,APARECIDA,S,22,63,2246,3925,6171,36.4,63.6,Bolsonaro,0,22,0.0,100.0,5873,9836,15709,37.39,62.61,Bolsonaro,0,62,0.0,98.41,0.99,-0.99,0.0,-1.59,N
SP,61514,APARECIDA D'OESTE,N,0,12,0,0,0,,,,0,0,,,1409,1544,2953,47.71,52.29,Bolsonaro,2,10,16.67,83.33,,,,,N
SP,61530,APIAÍ,S,23,48,2395,2559,4954,48.34,51.66,Bolsonaro,8,15,34.78,65.22,4066,4817,8883,45.77,54.23,Bolsonaro,9,39,18.75,81.25,-2.57,2.57,-16.03,16.03,N
SP,61590,ARAMINA,N,14,0,1760,1682,3442,51.13,48.87,Lula,8,6,57.14,42.86,0,0,0,,,,0,0,,,,,,,N
SP,61611,ARANDU,N,0,16,0,0,0,,,,0,0,,,1742,2523,4265,40.84,59.16,Bolsonaro,0,16,0.0,100.0,,,,,N
SP,61646,ARAPEÍ,N,8,0,922,872,1794,51.39,48.61,Lula,6,2,75.0,25.0,0,0,0,,,,0,0,,,,,,,N
SP,61638,ARARAQUARA,S,335,243,40181,40699,80880,49.68,50.32,Bolsonaro,149,182,44.48,54.33,26200,24377,50577,51.8,48.2,Lula,124,119,51.03,48.97,2.12,-2.12,6.55,-5.36,S
SP,61654,ARARAS,S,170,112,16359,32407,48766,33.55,66.45,Bolsonaro,0,170,0.0,100.0,7779,19667,27446,28.34,71.66,Bolsonaro,0,112,0.0,100.0,-5.21,5.21,0.0,0.0,N
SP,61263,ARAÇARIGUAMA,N,49,0,5353,7198,12551,42.65,57.35,Bolsonaro,3,46,6.12,93.88,0,0,0,,,,0,0,,,,,,,N
SP,61557,ARAÇATUBA,S,282,206,22106,48097,70203,31.49,68.51,Bolsonaro,6,276,2.13,97.87,13287,31603,44890,29.6,70.4,Bolsonaro,8,197,3.88,95.63,-1.89,1.89,1.75,-2.24,N
SP,61573,ARAÇOIABA DA SERRA,N,72,0,6517,12602,19119,34.09,65.91,Bolsonaro,0,72,0.0,100.0,0,0,0,,,,0,0,,,,,,,N
SP,62065,ARCO-ÍRIS,N,6,0,632,1065,1697,37.24,62.76,Bolsonaro,0,6,0.0,100.0,0,0,0,,,,0,0,,,,,,,N
SP,61670,AREALVA,N,21,0,1646,3129,4775,34.47,65.53,Bolsonaro,0,21,0.0,100.0,0,0,0,,,,0,0,,,,,,,N
SP,61697,AREIAS,N,11,0,1587,946,2533,62.65,37.35,Lula,11,0,100.0,0.0,0,0,0,,,,0,0,,,,,,,N
SP,61719,AREIÓPOLIS,N,0,32,0,0,0,,,,0,0,,,2868,3515,6383,44.93,55.07,Bolsonaro,4,28,12.5,87.5,,,,,N
SP,61735,ARIRANHA,S,14,9,1136,1925,3061,37.11,62.89,Bolsonaro,0,14,0.0,100.0,765,1382,2147,35.63,64.37,Bolsonaro,0,9,0.0,100.0,-1.48,1.48,0.0,0.0,N
SP,61751,ARTUR NOGUEIRA,N,113,0,10932,18979,29911,36.55,63.45,Bolsonaro,4,109,3.54,96.46,0,0,0,,,,0,0,,,,,,,N
SP,61778,ARUJÁ,S,123,80,14244,18453,32697,43.56,56.44,Bolsonaro,31,90,25.2,73.17,8603,12212,20815,41.33,58.67,Bolsonaro,5,75,6.25,93.75,-2.23,2.23,-18.95,20.58,N
SP,61522,ASPÁSIA,N,7,0,615,858,1473,41.75,58.25,Bolsonaro,0,7,0.0,100.0,0,0,0,,,,0,0,,,,,,,N
SP,61794,ASSIS,S,127,91,12401,19712,32113,38.62,61.38,Bolsonaro,12,115,9.45,90.55,7986,14132,22118,36.11,63.89,Bolsonaro,0,91,0.0,100.0,-2.51,2.51,-9.45,9.45,N
SP,61816,ATIBAIA,S,151,200,15628,24741,40369,38.71,61.29,Bolsonaro,5,146,3.31,96.69,16386,31514,47900,34.21,65.79,Bolsonaro,0,200,0.0,100.0,-4.5,4.5,-3.31,3.31,N
SP,61832,AURIFLAMA,S,15,18,1263,2773,4036,31.29,68.71,Bolsonaro,0,15,0.0,100.0,1594,2987,4581,34.8,65.2,Bolsonaro,0,18,0.0,100.0,3.51,-3.51,0.0,0.0,N
SP,61875,AVANHANDAVA,N,0,27,0,0,0,,,,0,0,,,2851,2942,5793,49.21,50.79,Bolsonaro,13,13,48.15,48.15,,,,,N
SP,61891,AVARÉ,S,130,84,11463,18274,29737,38.55,61.45,Bolsonaro,6,122,4.62,93.85,6181,12501,18682,33.09,66.91,Bolsonaro,0,84,0.0,100.0,-5.46,5.46,-4.62,6.15,N
SP,61859,AVAÍ,N,17,0,1527,1500,3027,50.45,49.55,Lula,8,7,47.06,41.18,0,0,0,,,,0,0,,,,,,,N
SP,61913,BADY BASSITT,S,36,1,3317,7439,10756,30.84,69.16,Bolsonaro,0,36,0.0,100.0,93,199,292,31.85,68.15,Bolsonaro,0,1,0.0,100.0,1.01,-1.01,0.0,0.0,N
SP,61930,BALBINOS,N,7,0,442,639,1081,40.89,59.11,Bolsonaro,1,6,14.29,85.71,0,0,0,,,,0,0,,,,,,,N
SP,61972,BANANAL,S,8,19,1043,766,1809,57.66,42.34,Lula,7,1,87.5,12.5,2468,2071,4539,54.37,45.63,Lula,17,1,89.47,5.26,-3.29,3.29,1.97,-7.24,N
SP,61999,BARBOSA,N,21,0,1644,2237,3881,42.36,57.64,Bolsonaro,2,19,9.52,90.48,0,0,0,,,,0,0,,,,,,,N
SP,62030,BARIRI,S,35,32,2440,6686,9126,26.74,73.26,Bolsonaro,0,35,0.0,100.0,2607,6074,8681,30.03,69.97,Bolsonaro,0,32,0.0,100.0,3.29,-3.29,0.0,0.0,N
SP,62057,BARRA BONITA,S,41,52,4215,6594,10809,39.0,61.0,Bolsonaro,1,39,2.44,95.12,3443,8090,11533,29.85,70.15,Bolsonaro,0,52,0.0,100.0,-9.15,9.15,-2.44,4.88,N
SP,61360,BARRA DO CHAPÉU,N,16,0,1738,1727,3465,50.16,49.84,Lula,9,7,56.25,43.75,0,0,0,,,,0,0,,,,,,,N
SP,62073,BARRA DO TURVO,N,24,0,2239,2162,4401,50.87,49.13,Lula,12,12,50.0,50.0,0,0,0,,,,0,0,,,,,,,N
SP,62090,BARRETOS,S,145,111,13522,22129,35651,37.93,62.07,Bolsonaro,5,140,3.45,96.55,10399,18255,28654,36.29,63.71,Bolsonaro,1,110,0.9,99.1,-1.64,1.64,-2.55,2.55,N
SP,62111,BARRINHA,N,83,0,9606,9041,18647,51.51,48.49,Lula,48,34,57.83,40.96,0,0,0,,,,0,0,,,,,,,N
SP,62138,BARUERI,S,457,292,65608,63240,128848,50.92,49.08,Lula,241,211,52.74,46.17,37105,46731,83836,44.26,55.74,Bolsonaro,78,211,26.71,72.26,-6.66,6.66,-26.03,26.09,S
SP,62014,BARÃO DE ANTONINA,N,0,10,0,0,0,,,,0,0,,,1031,993,2024,50.94,49.06,Lula,5,5,50.0,50.0,,,,,N
SP,62154,BASTOS,N,49,0,3785,9478,13263,28.54,71.46,Bolsonaro,0,49,0.0,100.0,0,0,0,,,,0,0,,,,,,,N
SP,62170,BATATAIS,S,87,56,9279,11905,21184,43.8,56.2,Bolsonaro,18,68,20.69,78.16,4938,6626,11564,42.7,57.3,Bolsonaro,12,43,21.43,76.79,-1.1,1.1,0.74,-1.37,N
SP,62197,BAURU,S,483,351,49127,74632,123759,39.7,60.3,Bolsonaro,22,460,4.55,95.24,31018,50937,81955,37.85,62.15,Bolsonaro,11,340,3.13,96.87,-1.85,1.85,-1.42,1.63,N
SP,62219,BEBEDOURO,S,110,69,9089,18790,27879,32.6,67.4,Bolsonaro,2,107,1.82,97.27,4436,11121,15557,28.51,71.49,Bolsonaro,0,69,0.0,100.0,-4.09,4.09,-1.82,2.73,N
SP,62235,BENTO DE ABREU,N,7,0,689,983,1672,41.21,58.79,Bolsonaro,0,7,0.0,100.0,0,0,0,,,,0,0,,,,,,,N
SP,62251,BERNARDINO DE CAMPOS,N,0,23,0,0,0,,,,0,0,,,2300,3835,6135,37.49,62.51,Bolsonaro,0,23,0.0,100.0,,,,,N
SP,61280,BERTIOGA,N,131,0,15004,19594,34598,43.37,56.63,Bolsonaro,15,113,11.45,86.26,0,0,0,,,,0,0,,,,,,,N
SP,62278,BILAC,N,0,20,0,0,0,,,,0,0,,,1485,3416,4901,30.3,69.7,Bolsonaro,0,20,0.0,100.0,,,,,N
SP,62294,BIRIGUI,S,135,128,10584,26273,36857,28.72,71.28,Bolsonaro,0,135,0.0,100.0,7396,22893,30289,24.42,75.58,Bolsonaro,0,128,0.0,100.0,-4.3,4.3,0.0,0.0,N
SP,62316,BIRITIBA MIRIM,N,68,0,6910,10445,17355,39.82,60.18,Bolsonaro,1,67,1.47,98.53,0,0,0,,,,0,0,,,,,,,N
SP,62332,BOA ESPERANÇA DO SUL,N,0,32,0,0,0,,,,0,0,,,4431,3242,7673,57.75,42.25,Lula,30,2,93.75,6.25,,,,,N
SP,62359,BOCAINA,N,31,0,2205,4517,6722,32.8,67.2,Bolsonaro,0,31,0.0,100.0,0,0,0,,,,0,0,,,,,,,N
SP,62375,BOFETE,N,24,0,2286,3523,5809,39.35,60.65,Bolsonaro,0,24,0.0,100.0,0,0,0,,,,0,0,,,,,,,N
SP,62391,BOITUVA,S,105,13,9691,20430,30121,32.17,67.83,Bolsonaro,1,104,0.95,99.05,1733,2002,3735,46.4,53.6,Bolsonaro,2,11,15.38,84.62,14.23,-14.23,14.43,-14.43,N
SP,62413,BOM JESUS DOS PERDÕES,S,51,5,4755,7857,12612,37.7,62.3,Bolsonaro,0,51,0.0,100.0,410,694,1104,37.14,62.86,Bolsonaro,0,5,0.0,100.0,-0.56,0.56,0.0,0.0,N
SP,61786,BOM SUCESSO DE ITARARÉ,N,11,0,1384,1121,2505,55.25,44.75,Lula,8,3,72.73,27.27,0,0,0,,,,0,0,,,,,,,N
SP,62456,BORACÉIA,N,11,0,1226,1724,2950,41.56,58.44,Bolsonaro,0,11,0.0,100.0,0,0,0,,,,0,0,,,,,,,N
SP,62472,BORBOREMA,N,32,0,2702,5749,8451,31.97,68.03,Bolsonaro,0,32,0.0,100.0,0,0,0,,,,0,0,,,,,,,N
SP,61026,BOREBI,N,8,0,701,977,1678,41.78,58.22,Bolsonaro,0,8,0.0,100.0,0,0,0,,,,0,0,,,,,,,N
SP,62430,BORÁ,N,4,0,330,460,790,41.77,58.23,Bolsonaro,0,4,0.0,100.0,0,0,0,,,,0,0,,,,,,,N
SP,62499,BOTUCATU,S,165,152,18592,24276,42868,43.37,56.63,Bolsonaro,16,149,9.7,90.3,15224,23284,38508,39.53,60.47,Bolsonaro,3,148,1.97,97.37,-3.84,3.84,-7.73,7.07,N
SP,62510,BRAGANÇA PAULISTA,S,198,166,18633,37769,56402,33.04,66.96,Bolsonaro,0,198,0.0,100.0,14370,29063,43433,33.09,66.91,Bolsonaro,0,166,0.0,100.0,0.05,-0.05,0.0,0.0,N
SP,62553,BRAÚNA,N,15,0,1030,2275,3305,31.16,68.84,Bolsonaro,0,15,0.0,100.0,0,0,0,,,,0,0,,,,,,,N
SP,62081,BREJO ALEGRE,N,9,0,1044,898,1942,53.76,46.24,Lula,7,2,77.78,22.22,0,0,0,,,,0,0,,,,,,,N
SP,62570,BRODOWSKI,N,51,0,4390,9320,13710,32.02,67.98,Bolsonaro,0,51,0.0,100.0,0,0,0,,,,0,0,,,,,,,N
SP,62596,BROTAS,S,25,32,1821,4008,5829,31.24,68.76,Bolsonaro,1,24,4.0,96.0,2250,5180,7430,30.28,69.72,Bolsonaro,0,32,0.0,100.0,-0.96,0.96,-4.0,4.0,N
SP,62618,BURI,N,47,0,4551,6963,11514,39.53,60.47,Bolsonaro,1,46,2.13,97.87,0,0,0,,,,0,0,,,,,,,N
SP,62634,BURITAMA,S,10,28,1019,1397,2416,42.18,57.82,Bolsonaro,0,10,0.0,100.0,2525,4930,7455,33.87,66.13,Bolsonaro,0,28,0.0,100.0,-8.31,8.31,0.0,0.0,N
SP,62650,BURITIZAL,N,13,0,917,2024,2941,31.18,68.82,Bolsonaro,0,13,0.0,100.0,0,0,0,,,,0,0,,,,,,,N
SP,61956,BÁLSAMO,N,20,0,1919,3883,5802,33.07,66.93,Bolsonaro,0,20,0.0,100.0,0,0,0,,,,0,0,,,,,,,N
SP,62693,CABREÚVA,N,102,0,9973,16677,26650,37.42,62.58,Bolsonaro,2,100,1.96,98.04,0,0,0,,,,0,0,,,,,,,N
SP,62677,CABRÁLIA PAULISTA,N,11,0,1228,1329,2557,48.03,51.97,Bolsonaro,1,10,9.09,90.91,0,0,0,,,,0,0,,,,,,,N
SP,62731,CACHOEIRA PAULISTA,S,37,39,3795,5311,9106,41.68,58.32,Bolsonaro,4,33,10.81,89.19,3841,5641,9482,40.51,59.49,Bolsonaro,1,38,2.56,97.44,-1.17,1.17,-8.25,8.25,N
SP,62758,CACONDE,S,21,20,2292,2767,5059,45.31,54.69,Bolsonaro,4,17,19.05,80.95,2254,3007,5261,42.84,57.16,Bolsonaro,0,20,0.0,100.0,-2.47,2.47,-19.05,19.05,N
SP,62774,CAFELÂNDIA,S,13,27,1314,1865,3179,41.33,58.67,Bolsonaro,4,9,30.77,69.23,2231,4047,6278,35.54,64.46,Bolsonaro,2,25,7.41,92.59,-5.79,5.79,-23.36,23.36,N
SP,62790,CAIABU,N,12,0,1338,1367,2705,49.46,50.54,Bolsonaro,7,5,58.33,41.67,0,0,0,,,,0,0,,,,,,,N
SP,62812,CAIEIRAS,N,187,0,26161,27747,53908,48.53,51.47,Bolsonaro,72,114,38.5,60.96,0,0,0,,,,0,0,,,,,,,N
SP,62839,CAIUÁ,N,15,0,1639,1264,2903,56.46,43.54,Lula,5,10,33.33,66.67,0,0,0,,,,0,0,,,,,,,N
SP,62855,CAJAMAR,S,114,74,15925,16705,32630,48.8,51.2,Bolsonaro,47,67,41.23,58.77,9227,9355,18582,49.66,50.34,Bolsonaro,34,40,45.95,54.05,0.86,-0.86,4.72,-4.72,N
SP,61484,CAJATI,S,4,75,205,495,700,29.29,70.71,Bolsonaro,0,4,0.0,100.0,5288,10443,15731,33.62,66.38,Bolsonaro,0,75,0.0,100.0,4.33,-4.33,0.0,0.0,N
SP,62871,CAJOBI,N,24,0,2275,3621,5896,38.59,61.41,Bolsonaro,0,24,0.0,100.0,0,0,0,,,,0,0,,,,,,,N
SP,62898,CAJURU,S,30,30,3261,3301,6562,49.7,50.3,Bolsonaro,14,16,46.67,53.33,3360,3967,7327,45.86,54.14,Bolsonaro,4,25,13.33,83.33,-3.84,3.84,-33.34,30.0,N
SP,61506,CAMPINA DO MONTE ALEGRE,N,16,0,1460,2212,3672,39.76,60.24,Bolsonaro,0,16,0.0,100.0,0,0,0,,,,0,0,,,,,,,N
SP,62910,CAMPINAS,S,1510,977,187353,218914,406267,46.12,53.88,Bolsonaro,416,1082,27.55,71.66,99426,149337,248763,39.97,60.03,Bolsonaro,66,908,6.76,92.94,-6.15,6.15,-20.79,21.28,N
SP,62936,CAMPO LIMPO PAULISTA,S,130,80,13215,18161,31376,42.12,57.88,Bolsonaro,24,106,18.46,81.54,5762,8221,13983,41.21,58.79,Bolsonaro,6,74,7.5,92.5,-0.91,0.91,-10.96,10.96,N
SP,62952,CAMPOS DO JORDÃO,S,81,49,6748,11133,17881,37.74,62.26,Bolsonaro,0,81,0.0,100.0,3745,6425,10170,36.82,63.18,Bolsonaro,0,49,0.0,100.0,-0.92,0.92,0.0,0.0,N
SP,62979,CAMPOS NOVOS PAULISTA,N,11,0,1071,1757,2828,37.87,62.13,Bolsonaro,0,11,0.0,100.0,0,0,0,,,,0,0,,,,,,,N
SP,62995,CANANÉIA,S,20,17,1811,2553,4364,41.5,58.5,Bolsonaro,2,18,10.0,90.0,1286,1597,2883,44.61,55.39,Bolsonaro,1,16,5.88,94.12,3.11,-3.11,-4.12,4.12,N
SP,62103,CANAS,N,12,0,1187,1774,2961,40.09,59.91,Bolsonaro,0,12,0.0,100.0,0,0,0,,,,0,0,,,,,,,N
SP,61344,CANITAR,N,0,12,0,0,0,,,,0,0,,,1387,1578,2965,46.78,53.22,Bolsonaro,3,9,25.0,75.0,,,,,N
SP,63070,CAPELA DO ALTO,N,39,0,3639,7544,11183,32.54,67.46,Bolsonaro,0,39,0.0,100.0,0,0,0,,,,0,0,,,,,,,N
SP,63096,CAPIVARI,S,58,60,5286,11163,16449,32.14,67.86,Bolsonaro,0,58,0.0,100.0,4037,8972,13009,31.03,68.97,Bolsonaro,0,60,0.0,100.0,-1.11,1.11,0.0,0.0,N
SP,63053,CAPÃO BONITO,S,44,78,4273,6636,10909,39.17,60.83,Bolsonaro,5,39,11.36,88.64,5854,9306,15160,38.61,61.39,Bolsonaro,4,73,5.13,93.59,-0.56,0.56,-6.23,4.95,N
SP,63118,CARAGUATATUBA,S,214,143,18225,26673,44898,40.59,59.41,Bolsonaro,20,192,9.35,89.72,12594,18419,31013,40.61,59.39,Bolsonaro,8,132,5.59,92.31,0.02,-0.02,-3.76,2.59,N
SP,63134,CARAPICUÍBA,S,506,317,74220,64639,138859,53.45,46.55,Lula,387,111,76.48,21.94,44657,38764,83421,53.53,46.47,Lula,230,81,72.56,25.55,0.08,-0.08,-3.92,3.61,N
SP,63150,CARDOSO,S,15,20,1361,1766,3127,43.52,56.48,Bolsonaro,1,14,6.67,93.33,1786,2065,3851,46.38,53.62,Bolsonaro,6,14,30.0,70.0,2.86,-2.86,23.33,-23.33,N
SP,63177,CASA BRANCA,S,31,34,2691,5008,7699,34.95,65.05,Bolsonaro,0,31,0.0,100.0,2210,4781,6991,31.61,68.39,Bolsonaro,0,34,0.0,100.0,-3.34,3.34,0.0,0.0,N
SP,63215,CASTILHO,N,0,47,0,0,0,,,,0,0,,,6520,5158,11678,55.83,44.17,Lula,44,2,93.62,4.26,,,,,N
SP,63231,CATANDUVA,S,158,101,11812,28946,40758,28.98,71.02,Bolsonaro,0,158,0.0,100.0,8489,17264,25753,32.96,67.04,Bolsonaro,2,98,1.98,97.03,3.98,-3.98,1.98,-2.97,N
SP,63258,CATIGUÁ,N,0,18,0,0,0,,,,0,0,,,1497,2945,4442,33.7,66.3,Bolsonaro,0,18,0.0,100.0,,,,,N
SP,62715,CAÇAPAVA,S,154,78,12841,24963,37804,33.97,66.03,Bolsonaro,0,154,0.0,100.0,5900,11915,17815,33.12,66.88,Bolsonaro,0,78,0.0,100.0,-0.85,0.85,0.0,0.0,N
SP,63274,CEDRAL,N,21,0,1697,4274,5971,28.42,71.58,Bolsonaro,0,21,0.0,100.0,0,0,0,,,,0,0,,,,,,,N
SP,63290,CERQUEIRA CÉSAR,S,12,32,908,1445,2353,38.59,61.41,Bolsonaro,2,10,16.67,83.33,3465,5100,8565,40.46,59.54,Bolsonaro,0,32,0.0,100.0,1.87,-1.87,-16.67,16.67,N
SP,63312,CERQUILHO,S,52,71,3076,7084,10160,30.28,69.72,Bolsonaro,0,52,0.0,100.0,4432,12363,16795,26.39,73.61,Bolsonaro,0,71,0.0,100.0,-3.89,3.89,0.0,0.0,N
SP,63339,CESÁRIO LANGE,N,48,0,2932,6841,9773,30.0,70.0,Bolsonaro,0,48,0.0,100.0,0,0,0,,,,0,0,,,,,,,N
SP,63355,CHARQUEADA,N,44,0,3034,7009,10043,30.21,69.79,Bolsonaro,1,43,2.27,97.73,0,0,0,,,,0,0,,,,,,,N
SP,63371,CHAVANTES,S,26,5,2183,3757,5940,36.75,63.25,Bolsonaro,0,26,0.0,100.0,571,449,1020,55.98,44.02,Lula,5,0,100.0,0.0,19.23,-19.23,100.0,-100.0,S
SP,63398,CLEMENTINA,N,17,0,1528,2743,4271,35.78,64.22,Bolsonaro,0,17,0.0,100.0,0,0,0,,,,0,0,,,,,,,N
SP,63410,COLINA,S,9,30,1166,1385,2551,45.71,54.29,Bolsonaro,0,9,0.0,100.0,3859,4409,8268,46.67,53.33,Bolsonaro,4,25,13.33,83.33,0.96,-0.96,13.33,-16.67,N
SP,63436,COLÔMBIA,N,17,0,1981,2172,4153,47.7,52.3,Bolsonaro,7,10,41.18,58.82,0,0,0,,,,0,0,,,,,,,N
SP,63452,CONCHAL,N,70,0,4674,12369,17043,27.42,72.58,Bolsonaro,1,69,1.43,98.57,0,0,0,,,,0,0,,,,,,,N
SP,63479,CONCHAS,N,38,0,2880,6706,9586,30.04,69.96,Bolsonaro,0,38,0.0,100.0,0,0,0,,,,0,0,,,,,,,N
SP,63495,CORDEIRÓPOLIS,S,36,30,2818,5495,8313,33.9,66.1,Bolsonaro,3,33,8.33,91.67,2282,4509,6791,33.6,66.4,Bolsonaro,3,27,10.0,90.0,-0.3,0.3,1.67,-1.67,N
SP,63517,COROADOS,N,13,0,1013,2239,3252,31.15,68.85,Bolsonaro,0,13,0.0,100.0,0,0,0,,,,0,0,,,,,,,N
SP,63533,CORONEL MACEDO,N,14,0,1840,1144,2984,61.66,38.34,Lula,14,0,100.0,0.0,0,0,0,,,,0,0,,,,,,,N
SP,63550,CORUMBATAÍ,N,0,15,0,0,0,,,,0,0,,,763,1826,2589,29.47,70.53,Bolsonaro,0,15,0.0,100.0,,,,,N
SP,63592,COSMORAMA,N,20,0,2060,3443,5503,37.43,62.57,Bolsonaro,0,20,0.0,100.0,0,0,0,,,,0,0,,,,,,,N
SP,63576,COSMÓPOLIS,S,83,53,9330,11647,20977,44.48,55.52,Bolsonaro,17,65,20.48,78.31,4942,8110,13052,37.86,62.14,Bolsonaro,2,50,3.77,94.34,-6.62,6.62,-16.71,16.03,N
SP,63614,COTIA,S,320,210,42688,41969,84657,50.42,49.58,Lula,165,153,51.56,47.81,28859,27152,56011,51.52,48.48,Lula,123,86,58.57,40.95,1.1,-1.1,7.01,-6.86,N
SP,63630,CRAVINHOS,S,49,30,4140,7928,12068,34.31,65.69,Bolsonaro,2,47,4.08,95.92,2355,5234,7589,31.03,68.97,Bolsonaro,0,30,0.0,100.0,-3.28,3.28,-4.08,4.08,N
SP,63657,CRISTAIS PAULISTA,S,13,9,1554,2099,3653,42.54,57.46,Bolsonaro,0,13,0.0,100.0,772,1188,1960,39.39,60.61,Bolsonaro,0,9,0.0,100.0,-3.15,3.15,0.0,0.0,N
SP,63690,CRUZEIRO,S,79,93,7990,11430,19420,41.14,58.86,Bolsonaro,1,78,1.27,98.73,9788,14685,24473,40.0,60.0,Bolsonaro,0,93,0.0,100.0,-1.14,1.14,-1.27,1.27,N
SP,63673,CRUZÁLIA,N,8,0,569,1033,1602,35.52,64.48,Bolsonaro,0,8,0.0,100.0,0,0,0,,,,0,0,,,,,,,N
SP,63711,CUBATÃO,S,171,119,24359,20758,45117,53.99,46.01,Lula,117,53,68.42,30.99,12222,12852,25074,48.74,51.26,Bolsonaro,44,72,36.97,60.5,-5.25,5.25,-31.45,29.51,S
SP,63738,CUNHA,S,35,22,3681,4279,7960,46.24,53.76,Bolsonaro,11,24,31.43,68.57,2513,3214,5727,43.88,56.12,Bolsonaro,1,21,4.55,95.45,-2.36,2.36,-26.88,26.88,N
SP,63193,CÁSSIA DOS COQUEIROS,N,10,0,944,1058,2002,47.15,52.85,Bolsonaro,1,9,10.0,90.0,0,0,0,,,,0,0,,,,,,,N
SP,63010,CÂNDIDO MOTA,S,46,29,3574,7380,10954,32.63,67.37,Bolsonaro,0,46,0.0,100.0,1974,5079,7053,27.99,72.01,Bolsonaro,0,29,0.0,100.0,-4.64,4.64,0.0,0.0,N
SP,63037,CÂNDIDO RODRIGUES,N,8,0,636,1292,1928,32.99,67.01,Bolsonaro,0,8,0.0,100.0,0,0,0,,,,0,0,,,,,,,N
SP,63754,DESCALVADO,S,44,27,3754,8094,11848,31.68,68.32,Bolsonaro,0,44,0.0,100.0,1946,4403,6349,30.65,69.35,Bolsonaro,0,27,0.0,100.0,-1.03,1.03,0.0,0.0,N
SP,63770,DIADEMA,S,563,364,94031,61649,155680,60.4,39.6,Lula,543,20,96.45,3.55,60356,41192,101548,59.44,40.56,Lula,347,16,95.33,4.4,-0.96,0.96,-1.12,0.85,N
SP,61123,DIRCE REIS,N,6,0,590,642,1232,47.89,52.11,Bolsonaro,1,4,16.67,66.67,0,0,0,,,,0,0,,,,,,,N
SP,63797,DIVINOLÂNDIA,N,35,0,2380,4948,7328,32.48,67.52,Bolsonaro,0,35,0.0,100.0,0,0,0,,,,0,0,,,,,,,N
SP,63819,DOBRADA,N,19,0,2774,2202,4976,55.75,44.25,Lula,18,1,94.74,5.26,0,0,0,,,,0,0,,,,,,,N
SP,63835,DOIS CÓRREGOS,S,8,60,543,1024,1567,34.65,65.35,Bolsonaro,0,8,0.0,100.0,4149,8137,12286,33.77,66.23,Bolsonaro,5,55,8.33,91.67,-0.88,0.88,8.33,-8.33,N
SP,63851,DOLCINÓPOLIS,N,7,0,1021,659,1680,60.77,39.23,Lula,7,0,100.0,0.0,0,0,0,,,,0,0,,,,,,,N
SP,63878,DOURADO,N,22,0,2241,2961,5202,43.08,56.92,Bolsonaro,0,21,0.0,95.45,0,0,0,,,,0,0,,,,,,,N
SP,63894,DRACENA,S,53,44,3777,10109,13886,27.2,72.8,Bolsonaro,0,53,0.0,100.0,3792,8265,12057,31.45,68.55,Bolsonaro,0,44,0.0,100.0,4.25,-4.25,0.0,0.0,N
SP,63916,DUARTINA,S,5,23,626,783,1409,44.43,55.57,Bolsonaro,0,5,0.0,100.0,2520,3705,6225,40.48,59.52,Bolsonaro,0,23,0.0,100.0,-3.95,3.95,0.0,0.0,N
SP,63932,DUMONT,S,6,16,526,899,1425,36.91,63.09,Bolsonaro,0,6,0.0,100.0,1470,2652,4122,35.66,64.34,Bolsonaro,2,14,12.5,87.5,-1.25,1.25,12.5,-12.5,N
SP,63959,ECHAPORÃ,N,17,0,1437,2460,3897,36.87,63.13,Bolsonaro,0,17,0.0,100.0,0,0,0,,,,0,0,,,,,,,N
SP,63975,ELDORADO,S,23,24,1975,1534,3509,56.28,43.72,Lula,14,8,60.87,34.78,1708,2818,4526,37.74,62.26,Bolsonaro,0,24,0.0,100.0,-18.54,18.54,-60.87,65.22,S
SP,63991,ELIAS FAUSTO,N,42,0,3422,7196,10618,32.23,67.77,Bolsonaro,0,42,0.0,100.0,0,0,0,,,,0,0,,,,,,,N
SP,61760,ELISIÁRIO,N,0,8,0,0,0,,,,0,0,,,697,1440,2137,32.62,67.38,Bolsonaro,0,8,0.0,100.0,,,,,N
SP,61182,EMBAÚBA,N,8,0,761,1090,1851,41.11,58.89,Bolsonaro,0,8,0.0,100.0,0,0,0,,,,0,0,,,,,,,N
SP,64017,EMBU DAS ARTES,S,380,243,55315,37333,92648,59.7,40.3,Lula,366,14,96.32,3.68,32983,28676,61659,53.49,46.51,Lula,162,79,66.67,32.51,-6.21,6.21,-29.65,28.83,N
SP,64033,EMBU-GUAÇU,S,88,58,12254,11508,23762,51.57,48.43,Lula,55,32,62.5,36.36,7825,7902,15727,49.76,50.24,Bolsonaro,28,30,48.28,51.72,-1.81,1.81,-14.22,15.36,S
SP,61387,EMILIANÓPOLIS,N,8,0,1043,1109,2152,48.47,51.53,Bolsonaro,3,5,37.5,62.5,0,0,0,,,,0,0,,,,,,,N
SP,61689,ENGENHEIRO COELHO,N,49,0,4067,7101,11168,36.42,63.58,Bolsonaro,4,45,8.16,91.84,0,0,0,,,,0,0,,,,,,,N
SP,68659,ESPÍRITO SANTO DO PINHAL,S,62,49,4237,7144,11381,37.23,62.77,Bolsonaro,1,61,1.61,98.39,4509,7862,12371,36.45,63.55,Bolsonaro,0,49,0.0,100.0,-0.78,0.78,-1.61,1.61,N
SP,61140,ESPÍRITO SANTO DO TURVO,N,10,0,1198,1344,2542,47.13,52.87,Bolsonaro,3,7,30.0,70.0,0,0,0,,,,0,0,,,,,,,N
SP,61662,ESTIVA GERBI,N,27,0,2452,4750,7202,34.05,65.95,Bolsonaro,0,27,0.0,100.0,0,0,0,,,,0,0,,,,,,,N
SP,64050,ESTRELA D'OESTE,N,23,0,1807,3570,5377,33.61,66.39,Bolsonaro,0,23,0.0,100.0,0,0,0,,,,0,0,,,,,,,N
SP,64076,ESTRELA DO NORTE,S,6,2,808,661,1469,55.0,45.0,Lula,4,2,66.67,33.33,254,202,456,55.7,44.3,Lula,1,1,50.0,50.0,0.7,-0.7,-16.67,16.67,N
SP,61000,EUCLIDES DA CUNHA PAULISTA,S,11,10,1548,823,2371,65.29,34.71,Lula,11,0,100.0,0.0,1469,886,2355,62.38,37.62,Lula,10,0,100.0,0.0,-2.91,2.91,0.0,0.0,N
SP,64092,FARTURA,S,8,31,1196,1040,2236,53.49,46.51,Lula,6,2,75.0,25.0,3280,4105,7385,44.41,55.59,Bolsonaro,4,26,12.9,83.87,-9.08,9.08,-62.1,58.87,S
SP,64130,FERNANDO PRESTES,N,16,0,1265,2474,3739,33.83,66.17,Bolsonaro,0,16,0.0,100.0,0,0,0,,,,0,0,,,,,,,N
SP,64114,FERNANDÓPOLIS,S,92,61,8746,13720,22466,38.93,61.07,Bolsonaro,2,90,2.17,97.83,5885,10846,16731,35.17,64.83,Bolsonaro,0,61,0.0,100.0,-3.76,3.76,-2.17,2.17,N
SP,62286,FERNÃO,N,6,0,406,772,1178,34.47,65.53,Bolsonaro,0,6,0.0,100.0,0,0,0,,,,0,0,,,,,,,N
SP,64157,FERRAZ DE VASCONCELOS,S,261,169,35577,27928,63505,56.02,43.98,Lula,245,14,93.87,5.36,19694,16470,36164,54.46,45.54,Lula,129,38,76.33,22.49,-1.56,1.56,-17.54,17.13,N
SP,64173,FLORA RICA,N,6,0,555,576,1131,49.07,50.93,Bolsonaro,2,4,33.33,66.67,0,0,0,,,,0,0,,,,,,,N
SP,64190,FLOREAL,N,8,0,908,1145,2053,44.23,55.77,Bolsonaro,0,8,0.0,100.0,0,0,0,,,,0,0,,,,,,,N
SP,64238,FLORÍNEA,N,8,0,1016,1002,2018,50.35,49.65,Lula,5,2,62.5,25.0,0,0,0,,,,0,0,,,,,,,N
SP,64211,FLÓRIDA PAULISTA,N,24,0,2246,3740,5986,37.52,62.48,Bolsonaro,0,24,0.0,100.0,0,0,0,,,,0,0,,,,,,,N
SP,64254,FRANCA,S,418,304,41519,70475,111994,37.07,62.93,Bolsonaro,17,400,4.07,95.69,26167,49238,75405,34.7,65.3,Bolsonaro,0,304,0.0,100.0,-2.37,2.37,-4.07,4.31,N
SP,64270,FRANCISCO MORATO,S,208,136,33174,23636,56810,58.39,41.61,Lula,199,8,95.67,3.85,24401,15153,39554,61.69,38.31,Lula,136,0,100.0,0.0,3.3,-3.3,4.33,-3.85,N
SP,64297,FRANCO DA ROCHA,S,104,185,16062,12157,28219,56.92,43.08,Lula,89,12,85.58,11.54,26112,23128,49240,53.03,46.97,Lula,137,45,74.05,24.32,-3.89,3.89,-11.53,12.78,N
SP,64319,GABRIEL MONTEIRO,N,8,0,615,1413,2028,30.33,69.67,Bolsonaro,0,8,0.0,100.0,0,0,0,,,,0,0,,,,,,,N
SP,64351,GARÇA,S,57,64,3878,7988,11866,32.68,67.32,Bolsonaro,0,57,0.0,100.0,4235,8952,13187,32.11,67.89,Bolsonaro,0,63,0.0,98.44,-0.57,0.57,0.0,-1.56,N
SP,64378,GASTÃO VIDIGAL,N,10,0,1267,983,2250,56.31,43.69,Lula,10,0,100.0,0.0,0,0,0,,,,0,0,,,,,,,N
SP,62308,GAVIÃO PEIXOTO,N,14,0,1765,1292,3057,57.74,42.26,Lula,13,0,92.86,0.0,0,0,0,,,,0,0,,,,,,,N
SP,64394,GENERAL SALGADO,S,13,13,1140,1933,3073,37.1,62.9,Bolsonaro,1,11,7.69,84.62,1116,2116,3232,34.53,65.47,Bolsonaro,1,12,7.69,92.31,-2.57,2.57,0.0,7.69,N
SP,64416,GETULINA,S,11,15,978,1253,2231,43.84,56.16,Bolsonaro,1,10,9.09,90.91,1372,1799,3171,43.27,56.73,Bolsonaro,0,15,0.0,100.0,-0.57,0.57,-9.09,9.09,N
SP,64432,GLICÉRIO,N,15,0,1216,1678,2894,42.02,57.98,Bolsonaro,2,13,13.33,86.67,0,0,0,,,,0,0,,,,,,,N
SP,64475,GUAIMBÊ,N,14,0,1601,1760,3361,47.63,52.37,Bolsonaro,4,10,28.57,71.43,0,0,0,,,,0,0,,,,,,,N
SP,64459,GUAIÇARA,S,12,17,1077,1478,2555,42.15,57.85,Bolsonaro,0,12,0.0,100.0,1378,2226,3604,38.24,61.76,Bolsonaro,0,17,0.0,100.0,-3.91,3.91,0.0,0.0,N
SP,64530,GUAPIARA,N,51,0,6174,4398,10572,58.4,41.6,Lula,43,7,84.31,13.73,0,0,0,,,,0,0,,,,,,,N
SP,64513,GUAPIAÇU,N,44,0,4295,7508,11803,36.39,63.61,Bolsonaro,0,44,0.0,100.0,0,0,0,,,,0,0,,,,,,,N
SP,64599,GUARACI,N,27,0,3154,3042,6196,50.9,49.1,Lula,17,9,62.96,33.33,0,0,0,,,,0,0,,,,,,,N
SP,64610,GUARANI D'OESTE,N,0,5,0,0,0,,,,0,0,,,687,635,1322,51.97,48.03,Lula,4,1,80.0,20.0,,,,,N
SP,64637,GUARANTÃ,N,16,0,1490,2272,3762,39.61,60.39,Bolsonaro,0,16,0.0,100.0,0,0,0,,,,0,0,,,,,,,N
SP,64653,GUARARAPES,S,44,34,3430,7264,10694,32.07,67.93,Bolsonaro,1,43,2.27,97.73,2548,4862,7410,34.39,65.61,Bolsonaro,0,34,0.0,100.0,2.32,-2.32,-2.27,2.27,N
SP,64670,GUARAREMA,N,73,0,6975,12212,19187,36.35,63.65,Bolsonaro,1,72,1.37,98.63,0,0,0,,,,0,0,,,,,,,N
SP,64696,GUARATINGUETÁ,S,183,115,15577,28880,44457,35.04,64.96,Bolsonaro,3,180,1.64,98.36,9498,18395,27893,34.05,65.95,Bolsonaro,2,112,1.74,97.39,-0.99,0.99,0.1,-0.97,N
SP,64572,GUARAÇAÍ,N,21,0,1719,3149,4868,35.31,64.69,Bolsonaro,0,21,0.0,100.0,0,0,0,,,,0,0,,,,,,,N
SP,64718,GUAREÍ,N,28,0,2466,4482,6948,35.49,64.51,Bolsonaro,0,28,0.0,100.0,0,0,0,,,,0,0,,,,,,,N
SP,64734,GUARIBA,S,42,54,5149,4987,10136,50.8,49.2,Lula,24,18,57.14,42.86,4976,6849,11825,42.08,57.92,Bolsonaro,1,51,1.85,94.44,-8.72,8.72,-55.29,51.58,S
SP,64750,GUARUJÁ,S,417,261,47505,61309,108814,43.66,56.34,Bolsonaro,47,366,11.27,87.77,28926,38301,67227,43.03,56.97,Bolsonaro,38,221,14.56,84.67,-0.63,0.63,3.29,-3.1,N
SP,64777,GUARULHOS,S,1687,1086,209152,244084,453236,46.15,53.85,Bolsonaro,511,1165,30.29,69.06,128537,147150,275687,46.62,53.38,Bolsonaro,365,714,33.61,65.75,0.47,-0.47,3.32,-3.31,N
SP,64556,GUARÁ,S,27,20,3260,3093,6353,51.31,48.69,Lula,15,12,55.56,44.44,2269,2436,4705,48.23,51.77,Bolsonaro,6,14,30.0,70.0,-3.08,3.08,-25.56,25.56,S
SP,61107,GUATAPARÁ,N,18,0,2342,1989,4331,54.08,45.92,Lula,13,5,72.22,27.78,0,0,0,,,,0,0,,,,,,,N
SP,64491,GUAÍRA,S,50,33,4599,7731,12330,37.3,62.7,Bolsonaro,0,50,0.0,100.0,3166,5315,8481,37.33,62.67,Bolsonaro,0,33,0.0,100.0,0.03,-0.03,0.0,0.0,N
SP,64793,GUZOLÂNDIA,N,12,0,1409,1270,2679,52.59,47.41,Lula,8,4,66.67,33.33,0,0,0,,,,0,0,,,,,,,N
SP,64335,GÁLIA,N,19,0,1892,1844,3736,50.64,49.36,Lula,11,8,57.89,42.11,0,0,0,,,,0,0,,,,,,,N
SP,64815,HERCULÂNDIA,S,2,18,114,158,272,41.91,58.09,Bolsonaro,0,2,0.0,100.0,1980,3072,5052,39.19,60.81,Bolsonaro,0,18,0.0,100.0,-2.72,2.72,0.0,0.0,N
SP,61743,HOLAMBRA,N,35,0,3154,6492,9646,32.7,67.3,Bolsonaro,0,35,0.0,100.0,0,0,0,,,,0,0,,,,,,,N
SP,61727,HORTOLÂNDIA,S,273,178,35663,39826,75489,47.24,52.76,Bolsonaro,93,178,34.07,65.2,22029,29687,51716,42.6,57.4,Bolsonaro,22,155,12.36,87.08,-4.64,4.64,-21.71,21.88,N
SP,64831,IACANGA,N,31,0,2274,4254,6528,34.83,65.17,Bolsonaro,1,30,3.23,96.77,0,0,0,,,,0,0,,,,,,,N
SP,64858,IACRI,N,0,16,0,0,0,,,,0,0,,,1277,2505,3782,33.77,66.23,Bolsonaro,0,16,0.0,100.0,,,,,N
SP,61085,IARAS,N,18,0,1596,1379,2975,53.65,46.35,Lula,14,4,77.78,22.22,0,0,0,,,,0,0,,,,,,,N
SP,64874,IBATÉ,S,54,44,4601,5751,10352,44.45,55.55,Bolsonaro,11,43,20.37,79.63,4256,4453,8709,48.87,51.13,Bolsonaro,14,30,31.82,68.18,4.42,-4.42,11.45,-11.45,N
SP,64912,IBIRAREMA,N,14,0,1229,2690,3919,31.36,68.64,Bolsonaro,0,14,0.0,100.0,0,0,0,,,,0,0,,,,,,,N
SP,64890,IBIRÁ,S,28,3,2034,4370,6404,31.76,68.24,Bolsonaro,1,27,3.57,96.43,205,456,661,31.01,68.99,Bolsonaro,0,3,0.0,100.0,-0.75,0.75,-3.57,3.57,N
SP,64939,IBITINGA,S,58,86,5334,7633,12967,41.14,58.86,Bolsonaro,11,47,18.97,81.03,6124,13396,19520,31.37,68.63,Bolsonaro,0,86,0.0,100.0,-9.77,9.77,-18.97,18.97,N
SP,64955,IBIÚNA,S,111,73,9485,18629,28114,33.74,66.26,Bolsonaro,3,108,2.7,97.3,5697,11469,17166,33.19,66.81,Bolsonaro,0,73,0.0,100.0,-0.55,0.55,-2.7,2.7,N
SP,64971,ICÉM,N,22,0,2222,2482,4704,47.24,52.76,Bolsonaro,6,16,27.27,72.73,0,0,0,,,,0,0,,,,,,,N
SP,64998,IEPÊ,N,18,0,1899,2966,4865,39.03,60.97,Bolsonaro,0,18,0.0,100.0,0,0,0,,,,0,0,,,,,,,N
SP,65030,IGARAPAVA,S,25,37,3071,3033,6104,50.31,49.69,Lula,13,12,52.0,48.0,4355,4413,8768,49.67,50.33,Bolsonaro,19,18,51.35,48.65,-0.64,0.64,-0.65,0.65,S
SP,65056,IGARATÁ,N,27,0,2550,4102,6652,38.33,61.67,Bolsonaro,1,26,3.7,96.3,0,0,0,,,,0,0,,,,,,,N
SP,65013,IGARAÇU DO TIETÊ,S,47,12,4264,6307,10571,40.34,59.66,Bolsonaro,4,43,8.51,91.49,1239,1691,2930,42.29,57.71,Bolsonaro,0,12,0.0,100.0,1.95,-1.95,-8.51,8.51,N
SP,65072,IGUAPE,S,28,43,2593,3618,6211,41.75,58.25,Bolsonaro,2,25,7.14,89.29,3978,5836,9814,40.53,59.47,Bolsonaro,1,42,2.33,97.67,-1.22,1.22,-4.81,8.38,N
SP,62006,ILHA COMPRIDA,N,34,0,3593,4709,8302,43.28,56.72,Bolsonaro,0,33,0.0,97.06,0,0,0,,,,0,0,,,,,,,N
SP,61204,ILHA SOLTEIRA,S,55,6,6003,7676,13679,43.88,56.12,Bolsonaro,4,51,7.27,92.73,439,529,968,45.35,54.65,Bolsonaro,1,5,16.67,83.33,1.47,-1.47,9.4,-9.4,N
SP,65099,ILHABELA,N,86,0,9596,12076,21672,44.28,55.72,Bolsonaro,11,75,12.79,87.21,0,0,0,,,,0,0,,,,,,,N
SP,65110,INDAIATUBA,S,332,222,33418,58310,91728,36.43,63.57,Bolsonaro,0,332,0.0,100.0,17927,33627,51554,34.77,65.23,Bolsonaro,0,222,0.0,100.0,-1.66,1.66,0.0,0.0,N
SP,65137,INDIANA,N,14,0,1191,2024,3215,37.05,62.95,Bolsonaro,0,14,0.0,100.0,0,0,0,,,,0,0,,,,,,,N
SP,65153,INDIAPORÃ,N,0,10,0,0,0,,,,0,0,,,1189,1214,2403,49.48,50.52,Bolsonaro,4,6,40.0,60.0,,,,,N
SP,65170,INÚBIA PAULISTA,N,10,0,668,1753,2421,27.59,72.41,Bolsonaro,0,10,0.0,100.0,0,0,0,,,,0,0,,,,,,,N
SP,65196,IPAUSSU,N,0,28,0,0,0,,,,0,0,,,3009,4888,7897,38.1,61.9,Bolsonaro,0,28,0.0,100.0,,,,,N
SP,65218,IPERÓ,N,0,56,0,0,0,,,,0,0,,,7427,8039,15466,48.02,51.98,Bolsonaro,20,35,35.71,62.5,,,,,N
SP,65234,IPEÚNA,N,0,21,0,0,0,,,,0,0,,,1261,2972,4233,29.79,70.21,Bolsonaro,0,21,0.0,100.0,,,,,N
SP,62243,IPIGUÁ,N,0,14,0,0,0,,,,0,0,,,1010,2311,3321,30.41,69.59,Bolsonaro,0,14,0.0,100.0,,,,,N
SP,65250,IPORANGA,N,12,0,1345,1008,2353,57.16,42.84,Lula,11,1,91.67,8.33,0,0,0,,,,0,0,,,,,,,N
SP,65277,IPUÃ,N,32,0,4819,4066,8885,54.24,45.76,Lula,19,13,59.38,40.62,0,0,0,,,,0,0,,,,,,,N
SP,65293,IRACEMÁPOLIS,S,36,23,2707,6121,8828,30.66,69.34,Bolsonaro,0,36,0.0,100.0,1747,3669,5416,32.26,67.74,Bolsonaro,0,23,0.0,100.0,1.6,-1.6,0.0,0.0,N
SP,65331,IRAPURU,N,17,0,1407,2171,3578,39.32,60.68,Bolsonaro,0,17,0.0,100.0,0,0,0,,,,0,0,,,,,,,N
SP,65315,IRAPUÃ,N,17,0,1176,3017,4193,28.05,71.95,Bolsonaro,0,17,0.0,100.0,0,0,0,,,,0,0,,,,,,,N
SP,65358,ITABERÁ,N,45,0,5023,5754,10777,46.61,53.39,Bolsonaro,11,34,24.44,75.56,0,0,0,,,,0,0,,,,,,,N
SP,65390,ITAJOBI,N,39,0,2497,7145,9642,25.9,74.1,Bolsonaro,0,39,0.0,100.0,0,0,0,,,,0,0,,,,,,,N
SP,65412,ITAJU,N,9,0,849,1442,2291,37.06,62.94,Bolsonaro,1,8,11.11,88.89,0,0,0,,,,0,0,,,,,,,N
SP,65439,ITANHAÉM,S,143,91,15649,19219,34868,44.88,55.12,Bolsonaro,25,117,17.48,81.82,10299,12481,22780,45.21,54.79,Bolsonaro,9,81,9.89,89.01,0.33,-0.33,-7.59,7.19,N
SP,61603,ITAOCA,N,12,0,1179,924,2103,56.06,43.94,Lula,8,4,66.67,33.33,0,0,0,,,,0,0,,,,,,,N
SP,65455,ITAPECERICA DA SERRA,S,168,172,28008,18126,46134,60.71,39.29,Lula,149,18,88.69,10.71,25180,21100,46280,54.41,45.59,Lula,125,46,72.67,26.74,-6.3,6.3,-16.02,16.03,N
SP,65471,ITAPETININGA,S,207,161,16174,32095,48269,33.51,66.49,Bolsonaro,3,204,1.45,98.55,12197,26202,38399,31.76,68.24,Bolsonaro,0,161,0.0,100.0,-1.75,1.75,-1.45,1.45,N
SP,65498,ITAPEVA,S,53,170,5372,8259,13631,39.41,60.59,Bolsonaro,14,39,26.42,73.58,13901,24693,38594,36.02,63.98,Bolsonaro,5,165,2.94,97.06,-3.39,3.39,-23.48,23.48,N
SP,65510,ITAPEVI,S,282,183,42996,32597,75593,56.88,43.12,Lula,261,19,92.55,6.74,25690,20929,46619,55.11,44.89,Lula,156,27,85.25,14.75,-1.77,1.77,-7.3,8.01,N
SP,65536,ITAPIRA,S,95,65,8106,16417,24523,33.05,66.95,Bolsonaro,0,95,0.0,100.0,5527,11707,17234,32.07,67.93,Bolsonaro,0,65,0.0,100.0,-0.98,0.98,0.0,0.0,N
SP,61948,ITAPIRAPUÃ PAULISTA,N,10,0,1416,1088,2504,56.55,43.45,Lula,10,0,100.0,0.0,0,0,0,,,,0,0,,,,,,,N
SP,65579,ITAPORANGA,N,36,0,3487,4860,8347,41.78,58.22,Bolsonaro,2,34,5.56,94.44,0,0,0,,,,0,0,,,,,,,N
SP,65617,ITAPURA,N,11,0,1807,692,2499,72.31,27.69,Lula,11,0,100.0,0.0,0,0,0,,,,0,0,,,,,,,N
SP,65595,ITAPUÍ,N,34,0,3092,4360,7452,41.49,58.51,Bolsonaro,1,33,2.94,97.06,0,0,0,,,,0,0,,,,,,,N
SP,65633,ITAQUAQUECETUBA,S,428,272,63155,54617,117772,53.62,46.38,Lula,345,80,80.61,18.69,36209,32547,68756,52.66,47.34,Lula,202,66,74.26,24.26,-0.96,0.96,-6.35,5.57,N
SP,65650,ITARARÉ,S,66,47,5632,9203,14835,37.96,62.04,Bolsonaro,7,59,10.61,89.39,3632,6909,10541,34.46,65.54,Bolsonaro,0,47,0.0,100.0,-3.5,3.5,-10.61,10.61,N
SP,65676,ITARIRI,N,29,0,2573,4042,6615,38.9,61.1,Bolsonaro,2,27,6.9,93.1,0,0,0,,,,0,0,,,,,,,N
SP,65692,ITATIBA,S,129,105,12004,23534,35538,33.78,66.22,Bolsonaro,0,129,0.0,100.0,9589,19510,29099,32.95,67.05,Bolsonaro,0,105,0.0,100.0,-0.83,0.83,0.0,0.0,N
SP,65714,ITATINGA,N,43,0,4215,6165,10380,40.61,59.39,Bolsonaro,3,38,6.98,88.37,0,0,0,,,,0,0,,,,,,,N
SP,65374,ITAÍ,S,21,24,2946,2883,5829,50.54,49.46,Lula,12,9,57.14,42.86,3683,3450,7133,51.63,48.37,Lula,12,12,50.0,50.0,1.09,-1.09,-7.14,7.14,N
SP,65730,ITIRAPINA,N,35,0,3090,4461,7551,40.92,59.08,Bolsonaro,3,32,8.57,91.43,0,0,0,,,,0,0,,,,,,,N
SP,65757,ITIRAPUÃ,N,15,0,2042,1714,3756,54.37,45.63,Lula,12,3,80.0,20.0,0,0,0,,,,0,0,,,,,,,N
SP,65773,ITOBI,N,18,0,2034,2589,4623,44.0,56.0,Bolsonaro,2,16,11.11,88.89,0,0,0,,,,0,0,,,,,,,N
SP,65790,ITU,S,183,181,17061,28765,45826,37.23,62.77,Bolsonaro,10,171,5.46,93.44,16563,31266,47829,34.63,65.37,Bolsonaro,0,181,0.0,100.0,-2.6,2.6,-5.46,6.56,N
SP,65811,ITUPEVA,N,0,128,0,0,0,,,,0,0,,,12525,21512,34037,36.8,63.2,Bolsonaro,8,120,6.25,93.75,,,,,N
SP,65838,ITUVERAVA,S,62,43,5746,7024,12770,45.0,55.0,Bolsonaro,22,40,35.48,64.52,2653,5735,8388,31.63,68.37,Bolsonaro,1,42,2.33,97.67,-13.37,13.37,-33.15,33.15,N
SP,65552,ITÁPOLIS,S,40,48,3083,6541,9624,32.03,67.97,Bolsonaro,0,40,0.0,100.0,3771,9266,13037,28.93,71.07,Bolsonaro,0,48,0.0,100.0,-3.1,3.1,0.0,0.0,N
SP,65854,JABORANDI,N,14,0,1958,2102,4060,48.23,51.77,Bolsonaro,6,8,42.86,57.14,0,0,0,,,,0,0,,,,,,,N
SP,65870,JABOTICABAL,S,80,75,8254,13216,21470,38.44,61.56,Bolsonaro,0,80,0.0,100.0,5831,12016,17847,32.67,67.33,Bolsonaro,0,75,0.0,100.0,-5.77,5.77,0.0,0.0,N
SP,65897,JACAREÍ,S,328,218,31884,51466,83350,38.25,61.75,Bolsonaro,4,324,1.22,98.78,17689,31540,49229,35.93,64.07,Bolsonaro,1,217,0.46,99.54,-2.32,2.32,-0.76,0.76,N
SP,65919,JACI,N,15,0,1777,2637,4414,40.26,59.74,Bolsonaro,0,15,0.0,100.0,0,0,0,,,,0,0,,,,,,,N
SP,65935,JACUPIRANGA,S,41,3,2825,5801,8626,32.75,67.25,Bolsonaro,0,41,0.0,100.0,156,473,629,24.8,75.2,Bolsonaro,0,3,0.0,100.0,-7.95,7.95,0.0,0.0,N
SP,65951,JAGUARIÚNA,S,126,9,10905,20105,31010,35.17,64.83,Bolsonaro,3,123,2.38,97.62,906,1463,2369,38.24,61.76,Bolsonaro,0,9,0.0,100.0,3.07,-3.07,-2.38,2.38,N
SP,65978,JALES,S,64,54,5315,10824,16139,32.93,67.07,Bolsonaro,0,64,0.0,100.0,3722,8561,12283,30.3,69.7,Bolsonaro,0,54,0.0,100.0,-2.63,2.63,0.0,0.0,N
SP,65994,JAMBEIRO,N,0,15,0,0,0,,,,0,0,,,1459,2311,3770,38.7,61.3,Bolsonaro,0,15,0.0,100.0,,,,,N
SP,66010,JANDIRA,S,135,89,19402,18470,37872,51.23,48.77,Lula,83,51,61.48,37.78,11540,11478,23018,50.13,49.87,Lula,43,45,48.31,50.56,-1.1,1.1,-13.17,12.78,N
SP,66036,JARDINÓPOLIS,S,28,49,2598,5455,8053,32.26,67.74,Bolsonaro,1,27,3.57,96.43,4903,8716,13619,36.0,64.0,Bolsonaro,0,49,0.0,100.0,3.74,-3.74,-3.57,3.57,N
SP,66052,JARINU,N,70,0,6936,12076,19012,36.48,63.52,Bolsonaro,1,69,1.43,98.57,0,0,0,,,,0,0,,,,,,,N
SP,66079,JAÚ,S,197,126,14043,34494,48537,28.93,71.07,Bolsonaro,2,195,1.02,98.98,8120,22150,30270,26.83,73.17,Bolsonaro,0,126,0.0,100.0,-2.1,2.1,-1.02,1.02,N
SP,66095,JERIQUARA,N,10,0,1257,1140,2397,52.44,47.56,Lula,7,3,70.0,30.0,0,0,0,,,,0,0,,,,,,,N
SP,66117,JOANÓPOLIS,N,30,0,2446,4924,7370,33.19,66.81,Bolsonaro,0,30,0.0,100.0,0,0,0,,,,0,0,,,,,,,N
SP,66150,JOSÉ BONIFÁCIO,S,30,50,3159,4388,7547,41.86,58.14,Bolsonaro,4,26,13.33,86.67,4159,9527,13686,30.39,69.61,Bolsonaro,0,50,0.0,100.0,-11.47,11.47,-13.33,13.33,N
SP,66133,JOÃO RAMALHO,N,13,0,1193,1405,2598,45.92,54.08,Bolsonaro,2,11,15.38,84.62,0,0,0,,,,0,0,,,,,,,N
SP,62324,JUMIRIM,N,0,7,0,0,0,,,,0,0,,,613,1185,1798,34.09,65.91,Bolsonaro,0,7,0.0,100.0,,,,,N
SP,66192,JUNDIAÍ,S,662,291,62123,107078,169201,36.72,63.28,Bolsonaro,9,653,1.36,98.64,29234,53000,82234,35.55,64.45,Bolsonaro,7,283,2.41,97.25,-1.17,1.17,1.05,-1.39,N
SP,66214,JUNQUEIRÓPOLIS,S,5,36,418,777,1195,34.98,65.02,Bolsonaro,0,5,0.0,100.0,3063,6206,9269,33.05,66.95,Bolsonaro,0,36,0.0,100.0,-1.93,1.93,0.0,0.0,N
SP,66257,JUQUITIBA,N,74,0,8467,8620,17087,49.55,50.45,Bolsonaro,36,37,48.65,50.0,0,0,0,,,,0,0,,,,,,,N
SP,66230,JUQUIÁ,S,35,29,2107,3132,5239,40.22,59.78,Bolsonaro,3,32,8.57,91.43,2054,3486,5540,37.08,62.92,Bolsonaro,0,29,0.0,100.0,-3.14,3.14,-8.57,8.57,N
SP,66176,JÚLIO MESQUITA,N,12,0,1567,1286,2853,54.92,45.08,Lula,12,0,100.0,0.0,0,0,0,,,,0,0,,,,,,,N
SP,66273,LAGOINHA,N,16,0,1776,2197,3973,44.7,55.3,Bolsonaro,2,14,12.5,87.5,0,0,0,,,,0,0,,,,,,,N
SP,66290,LARANJAL PAULISTA,S,38,23,2877,7640,10517,27.36,72.64,Bolsonaro,0,38,0.0,100.0,1596,3798,5394,29.59,70.41,Bolsonaro,0,23,0.0,100.0,2.23,-2.23,0.0,0.0,N
SP,66338,LAVRINHAS,N,22,0,2327,2459,4786,48.62,51.38,Bolsonaro,10,12,45.45,54.55,0,0,0,,,,0,0,,,,,,,N
SP,66311,LAVÍNIA,N,13,0,1355,1572,2927,46.29,53.71,Bolsonaro,2,11,15.38,84.62,0,0,0,,,,0,0,,,,,,,N
SP,66354,LEME,S,125,84,13028,21647,34675,37.57,62.43,Bolsonaro,5,120,4.0,96.0,6488,14841,21329,30.42,69.58,Bolsonaro,1,83,1.19,98.81,-7.15,7.15,-2.81,2.81,N
SP,66370,LENÇÓIS PAULISTA,S,111,80,7141,20104,27245,26.21,73.79,Bolsonaro,0,111,0.0,100.0,2833,8866,11699,24.22,75.78,Bolsonaro,0,80,0.0,100.0,-1.99,1.99,0.0,0.0,N
SP,66397,LIMEIRA,S,453,262,30645,81641,112286,27.29,72.71,Bolsonaro,1,452,0.22,99.78,16108,47732,63840,25.23,74.77,Bolsonaro,0,262,0.0,100.0,-2.06,2.06,-0.22,0.22,N
SP,66419,LINDÓIA,N,0,20,0,0,0,,,,0,0,,,1310,3162,4472,29.29,70.71,Bolsonaro,0,20,0.0,100.0,,,,,N
SP,66435,LINS,S,117,68,8093,18898,26991,29.98,70.02,Bolsonaro,1,116,0.85,99.15,3567,10829,14396,24.78,75.22,Bolsonaro,0,68,0.0,100.0,-5.2,5.2,-0.85,0.85,N
SP,66451,LORENA,S,115,81,10719,20239,30958,34.62,65.38,Bolsonaro,2,113,1.74,98.26,6069,11432,17501,34.68,65.32,Bolsonaro,1,80,1.23,98.77,0.06,-0.06,-0.51,0.51,N
SP,62022,LOURDES,N,7,0,553,888,1441,38.38,61.62,Bolsonaro,0,7,0.0,100.0,0,0,0,,,,0,0,,,,,,,N
SP,66478,LOUVEIRA,N,99,0,10656,18720,29376,36.27,63.73,Bolsonaro,2,96,2.02,96.97,0,0,0,,,,0,0,,,,,,,N
SP,66516,LUCIANÓPOLIS,N,7,0,777,817,1594,48.75,51.25,Bolsonaro,2,5,28.57,71.43,0,0,0,,,,0,0,,,,,,,N
SP,66494,LUCÉLIA,S,19,29,1437,2703,4140,34.71,65.29,Bolsonaro,0,19,0.0,100.0,2236,3727,5963,37.5,62.5,Bolsonaro,1,28,3.45,96.55,2.79,-2.79,3.45,-3.45,N
SP,66559,LUIZIÂNIA,N,15,0,1293,1674,2967,43.58,56.42,Bolsonaro,2,13,13.33,86.67,0,0,0,,,,0,0,,,,,,,N
SP,66575,LUPÉRCIO,N,15,0,1205,1362,2567,46.94,53.06,Bolsonaro,6,9,40.0,60.0,0,0,0,,,,0,0,,,,,,,N
SP,66591,LUTÉCIA,N,8,0,888,991,1879,47.26,52.74,Bolsonaro,1,7,12.5,87.5,0,0,0,,,,0,0,,,,,,,N
SP,66532,LUÍS ANTÔNIO,N,27,0,3416,3896,7312,46.72,53.28,Bolsonaro,5,21,18.52,77.78,0,0,0,,,,0,0,,,,,,,N
SP,66613,MACATUBA,N,43,0,3135,6871,10006,31.33,68.67,Bolsonaro,0,43,0.0,100.0,0,0,0,,,,0,0,,,,,,,N
SP,66630,MACAUBAL,N,18,0,1432,3258,4690,30.53,69.47,Bolsonaro,0,18,0.0,100.0,0,0,0,,,,0,0,,,,,,,N
SP,66656,MACEDÔNIA,N,10,0,1082,1669,2751,39.33,60.67,Bolsonaro,0,10,0.0,100.0,0,0,0,,,,0,0,,,,,,,N
SP,66672,MAGDA,N,9,0,912,1259,2171,42.01,57.99,Bolsonaro,0,9,0.0,100.0,0,0,0,,,,0,0,,,,,,,N
SP,66699,MAIRINQUE,S,13,103,1521,1980,3501,43.44,56.56,Bolsonaro,0,13,0.0,100.0,11537,14258,25795,44.73,55.27,Bolsonaro,8,94,7.77,91.26,1.29,-1.29,7.77,-8.74,N
SP,66710,MAIRIPORÃ,S,124,81,12396,18201,30597,40.51,59.49,Bolsonaro,2,122,1.61,98.39,6768,11337,18105,37.38,62.62,Bolsonaro,0,81,0.0,100.0,-3.13,3.13,-1.61,1.61,N
SP,66737,MANDURI,N,22,0,2214,3208,5422,40.83,59.17,Bolsonaro,0,22,0.0,100.0,0,0,0,,,,0,0,,,,,,,N
SP,66753,MARABÁ PAULISTA,N,10,0,1328,900,2228,59.61,40.39,Lula,10,0,100.0,0.0,0,0,0,,,,0,0,,,,,,,N
SP,66770,MARACAÍ,N,0,41,0,0,0,,,,0,0,,,3096,5238,8334,37.15,62.85,Bolsonaro,0,41,0.0,100.0,,,,,N
SP,61867,MARAPOAMA,N,9,0,504,1611,2115,23.83,76.17,Bolsonaro,0,9,0.0,100.0,0,0,0,,,,0,0,,,,,,,N
SP,66834,MARINÓPOLIS,N,0,7,0,0,0,,,,0,0,,,638,731,1369,46.6,53.4,Bolsonaro,2,5,28.57,71.43,,,,,N
SP,66796,MARIÁPOLIS,N,10,0,971,1314,2285,42.49,57.51,Bolsonaro,0,10,0.0,100.0,0,0,0,,,,0,0,,,,,,,N
SP,66850,MARTINÓPOLIS,S,30,29,2986,3871,6857,43.55,56.45,Bolsonaro,3,27,10.0,90.0,2362,4845,7207,32.77,67.23,Bolsonaro,0,29,0.0,100.0,-10.78,10.78,-10.0,10.0,N
SP,66818,MARÍLIA,S,370,238,27003,58291,85294,31.66,68.34,Bolsonaro,2,368,0.54,99.46,14028,34881,48909,28.68,71.32,Bolsonaro,1,237,0.42,99.58,-2.98,2.98,-0.12,0.12,N
SP,66877,MATÃO,S,119,94,11539,16428,27967,41.26,58.74,Bolsonaro,9,106,7.56,89.08,7922,14053,21975,36.05,63.95,Bolsonaro,2,92,2.13,97.87,-5.21,5.21,-5.43,8.79,N
SP,66893,MAUÁ,S,560,361,77100,68180,145280,53.07,46.93,Lula,394,157,70.36,28.04,49318,42992,92310,53.43,46.57,Lula,247,113,68.42,31.3,0.36,-0.36,-1.94,3.26,N
SP,66915,MENDONÇA,N,13,0,1552,2286,3838,40.44,59.56,Bolsonaro,0,13,0.0,100.0,0,0,0,,,,0,0,,,,,,,N
SP,66931,MERIDIANO,N,0,11,0,0,0,,,,0,0,,,1176,1643,2819,41.72,58.28,Bolsonaro,1,10,9.09,90.91,,,,,N
SP,61964,MESÓPOLIS,N,7,0,580,759,1339,43.32,56.68,Bolsonaro,0,7,0.0,100.0,0,0,0,,,,0,0,,,,,,,N
SP,66958,MIGUELÓPOLIS,S,33,19,3727,3601,7328,50.86,49.14,Lula,17,16,51.52,48.48,1743,2406,4149,42.01,57.99,Bolsonaro,1,18,5.26,94.74,-8.85,8.85,-46.26,46.26,S
SP,66974,MINEIROS DO TIETÊ,N,30,0,2067,4667,6734,30.69,69.31,Bolsonaro,0,30,0.0,100.0,0,0,0,,,,0,0,,,,,,,N
SP,67016,MIRA ESTRELA,N,8,0,895,1099,1994,44.88,55.12,Bolsonaro,1,7,12.5,87.5,0,0,0,,,,0,0,,,,,,,N
SP,66990,MIRACATU,S,31,23,2520,4267,6787,37.13,62.87,Bolsonaro,0,31,0.0,100.0,1674,2533,4207,39.79,60.21,Bolsonaro,0,23,0.0,100.0,2.66,-2.66,0.0,0.0,N
SP,67032,MIRANDÓPOLIS,S,28,34,2228,4241,6469,34.44,65.56,Bolsonaro,2,26,7.14,92.86,2112,5246,7358,28.7,71.3,Bolsonaro,0,34,0.0,100.0,-5.74,5.74,-7.14,7.14,N
SP,67059,MIRANTE DO PARANAPANEMA,S,27,15,3413,2161,5574,61.23,38.77,Lula,25,0,92.59,0.0,2314,1854,4168,55.52,44.48,Lula,14,1,93.33,6.67,-5.71,5.71,0.74,6.67,N
SP,67075,MIRASSOL,S,47,80,3355,8384,11739,28.58,71.42,Bolsonaro,0,47,0.0,100.0,7520,14711,22231,33.83,66.17,Bolsonaro,0,80,0.0,100.0,5.25,-5.25,0.0,0.0,N
SP,67091,MIRASSOLÂNDIA,N,11,0,1130,2006,3136,36.03,63.97,Bolsonaro,2,9,18.18,81.82,0,0,0,,,,0,0,,,,,,,N
SP,67113,MOCOCA,S,91,62,8636,15534,24170,35.73,64.27,Bolsonaro,0,91,0.0,100.0,4369,8429,12798,34.14,65.86,Bolsonaro,0,62,0.0,100.0,-1.59,1.59,0.0,0.0,N
SP,67130,MOGI DAS CRUZES,S,530,422,60228,77116,137344,43.85,56.15,Bolsonaro,80,450,15.09,84.91,45627,62182,107809,42.32,57.68,Bolsonaro,36,381,8.53,90.28,-1.53,1.53,-6.56,5.37,N
SP,67156,MOGI GUAÇU,S,196,147,15107,36207,51314,29.44,70.56,Bolsonaro,1,195,0.51,99.49,11399,26738,38137,29.89,70.11,Bolsonaro,0,147,0.0,100.0,0.45,-0.45,-0.51,0.51,N
SP,67172,MOGI MIRIM,S,23,189,1359,3923,5282,25.73,74.27,Bolsonaro,0,23,0.0,100.0,14252,33029,47281,30.14,69.86,Bolsonaro,1,188,0.53,99.47,4.41,-4.41,0.53,-0.53,N
SP,67199,MOMBUCA,N,11,0,776,1631,2407,32.24,67.76,Bolsonaro,0,11,0.0,100.0,0,0,0,,,,0,0,,,,,,,N
SP,67237,MONGAGUÁ,S,83,54,8869,10589,19458,45.58,54.42,Bolsonaro,20,62,24.1,74.7,7302,6654,13956,52.32,47.68,Lula,40,13,74.07,24.07,6.74,-6.74,49.97,-50.63,S
SP,67253,MONTE ALEGRE DO SUL,N,22,0,1566,3274,4840,32.36,67.64,Bolsonaro,0,22,0.0,100.0,0,0,0,,,,0,0,,,,,,,N
SP,67270,MONTE ALTO,S,47,67,3251,7886,11137,29.19,70.81,Bolsonaro,0,47,0.0,100.0,5136,11388,16524,31.08,68.92,Bolsonaro,0,67,0.0,100.0,1.89,-1.89,0.0,0.0,N
SP,67296,MONTE APRAZÍVEL,S,5,46,266,649,915,29.07,70.93,Bolsonaro,0,5,0.0,100.0,4451,7805,12256,36.32,63.68,Bolsonaro,0,46,0.0,100.0,7.25,-7.25,0.0,0.0,N
SP,67318,MONTE AZUL PAULISTA,S,24,20,1954,4053,6007,32.53,67.47,Bolsonaro,0,24,0.0,100.0,1729,3124,4853,35.63,64.37,Bolsonaro,0,20,0.0,100.0,3.1,-3.1,0.0,0.0,N
SP,67334,MONTE CASTELO,N,0,11,0,0,0,,,,0,0,,,1315,1420,2735,48.08,51.92,Bolsonaro,3,8,27.27,72.73,,,,,N
SP,67377,MONTE MOR,S,68,74,8500,8731,17231,49.33,50.67,Bolsonaro,26,41,38.24,60.29,7098,10240,17338,40.94,59.06,Bolsonaro,14,60,18.92,81.08,-8.39,8.39,-19.32,20.79,N
SP,67350,MONTEIRO LOBATO,N,13,0,1376,1588,2964,46.42,53.58,Bolsonaro,4,9,30.77,69.23,0,0,0,,,,0,0,,,,,,,N
SP,67210,MONÇÕES,N,7,0,610,940,1550,39.35,60.65,Bolsonaro,0,7,0.0,100.0,0,0,0,,,,0,0,,,,,,,N
SP,67393,MORRO AGUDO,S,38,23,4517,5410,9927,45.5,54.5,Bolsonaro,7,31,18.42,81.58,2153,3370,5523,38.98,61.02,Bolsonaro,0,23,0.0,100.0,-6.52,6.52,-18.42,18.42,N
SP,67415,MORUNGABA,N,31,0,2696,5558,8254,32.66,67.34,Bolsonaro,0,31,0.0,100.0,0,0,0,,,,0,0,,,,,,,N
SP,61069,MOTUCA,N,11,0,1367,1308,2675,51.1,48.9,Lula,6,5,54.55,45.45,0,0,0,,,,0,0,,,,,,,N
SP,67431,MURUTINGA DO SUL,N,0,13,0,0,0,,,,0,0,,,1014,1652,2666,38.03,61.97,Bolsonaro,0,13,0.0,100.0,,,,,N
SP,62340,NANTES,N,7,0,861,878,1739,49.51,50.49,Bolsonaro,3,4,42.86,57.14,0,0,0,,,,0,0,,,,,,,N
SP,67458,NARANDIBA,S,9,4,1206,1108,2314,52.12,47.88,Lula,6,3,66.67,33.33,600,539,1139,52.68,47.32,Lula,3,0,75.0,0.0,0.56,-0.56,8.33,-33.33,N
SP,67474,NATIVIDADE DA SERRA,N,21,0,1673,2445,4118,40.63,59.37,Bolsonaro,0,21,0.0,100.0,0,0,0,,,,0,0,,,,,,,N
SP,67490,NAZARÉ PAULISTA,N,46,0,4061,6589,10650,38.13,61.87,Bolsonaro,0,46,0.0,100.0,0,0,0,,,,0,0,,,,,,,N
SP,67512,NEVES PAULISTA,N,22,0,2242,3500,5742,39.05,60.95,Bolsonaro,0,22,0.0,100.0,0,0,0,,,,0,0,,,,,,,N
SP,67539,NHANDEARA,N,0,25,0,0,0,,,,0,0,,,1878,4090,5968,31.47,68.53,Bolsonaro,0,25,0.0,100.0,,,,,N
SP,67555,NIPOÃ,N,12,0,1207,1708,2915,41.41,58.59,Bolsonaro,0,12,0.0,100.0,0,0,0,,,,0,0,,,,,,,N
SP,67571,NOVA ALIANÇA,N,16,0,1409,2572,3981,35.39,64.61,Bolsonaro,0,16,0.0,100.0,0,0,0,,,,0,0,,,,,,,N
SP,61980,NOVA CAMPINA,N,23,0,2500,2848,5348,46.75,53.25,Bolsonaro,8,15,34.78,65.22,0,0,0,,,,0,0,,,,,,,N
SP,61425,NOVA CANAÃ PAULISTA,N,7,0,702,747,1449,48.45,51.55,Bolsonaro,4,3,57.14,42.86,0,0,0,,,,0,0,,,,,,,N
SP,62367,NOVA CASTILHO,N,4,0,367,617,984,37.3,62.7,Bolsonaro,0,4,0.0,100.0,0,0,0,,,,0,0,,,,,,,N
SP,67598,NOVA EUROPA,N,26,0,3195,2557,5752,55.55,44.45,Lula,22,4,84.62,15.38,0,0,0,,,,0,0,,,,,,,N
SP,67610,NOVA GRANADA,S,17,34,1742,1796,3538,49.24,50.76,Bolsonaro,8,8,47.06,47.06,3571,4474,8045,44.39,55.61,Bolsonaro,5,29,14.71,85.29,-4.85,4.85,-32.35,38.23,N
SP,67636,NOVA GUATAPORANGA,N,6,0,773,727,1500,51.53,48.47,Lula,4,2,66.67,33.33,0,0,0,,,,0,0,,,,,,,N
SP,67652,NOVA INDEPENDÊNCIA,S,1,12,8,13,21,38.1,61.9,Bolsonaro,0,1,0.0,100.0,1142,1359,2501,45.66,54.34,Bolsonaro,2,9,16.67,75.0,7.56,-7.56,16.67,-25.0,N
SP,67679,NOVA LUZITÂNIA,N,8,0,1065,1005,2070,51.45,48.55,Lula,5,3,62.5,37.5,0,0,0,,,,0,0,,,,,,,N
SP,67695,NOVA ODESSA,S,83,54,9044,14023,23067,39.21,60.79,Bolsonaro,0,83,0.0,100.0,4684,8834,13518,34.65,65.35,Bolsonaro,0,54,0.0,100.0,-4.56,4.56,0.0,0.0,N
SP,61409,NOVAIS,N,0,12,0,0,0,,,,0,0,,,1080,1709,2789,38.72,61.28,Bolsonaro,0,12,0.0,100.0,,,,,N
SP,67717,NOVO HORIZONTE,S,33,56,2905,5922,8827,32.91,67.09,Bolsonaro,0,33,0.0,100.0,3800,9171,12971,29.3,70.7,Bolsonaro,0,56,0.0,100.0,-3.61,3.61,0.0,0.0,N
SP,67733,NUPORANGA,S,2,21,140,242,382,36.65,63.35,Bolsonaro,0,2,0.0,100.0,1550,2586,4136,37.48,62.52,Bolsonaro,0,21,0.0,100.0,0.83,-0.83,0.0,0.0,N
SP,67750,OCAUÇU,N,13,0,1148,1442,2590,44.32,55.68,Bolsonaro,1,12,7.69,92.31,0,0,0,,,,0,0,,,,,,,N
SP,67792,OLÍMPIA,S,55,83,4761,7613,12374,38.48,61.52,Bolsonaro,5,50,9.09,90.91,6259,13077,19336,32.37,67.63,Bolsonaro,0,83,0.0,100.0,-6.11,6.11,-9.09,9.09,N
SP,67814,ONDA VERDE,N,13,0,1339,1803,3142,42.62,57.38,Bolsonaro,0,13,0.0,100.0,0,0,0,,,,0,0,,,,,,,N
SP,67830,ORIENTE,N,16,0,1456,2503,3959,36.78,63.22,Bolsonaro,0,16,0.0,100.0,0,0,0,,,,0,0,,,,,,,N
SP,67857,ORINDIÚVA,N,17,0,1833,1976,3809,48.12,51.88,Bolsonaro,5,12,29.41,70.59,0,0,0,,,,0,0,,,,,,,N
SP,67873,ORLÂNDIA,S,59,35,5896,9538,15434,38.2,61.8,Bolsonaro,0,59,0.0,100.0,2983,4597,7580,39.35,60.65,Bolsonaro,7,28,20.0,80.0,1.15,-1.15,20.0,-20.0,N
SP,67890,OSASCO,S,986,637,135880,132854,268734,50.56,49.44,Lula,507,467,51.42,47.36,86405,85902,172307,50.15,49.85,Lula,271,361,42.54,56.67,-0.41,0.41,-8.88,9.31,N
SP,67911,OSCAR BRESSANE,N,8,0,594,1280,1874,31.7,68.3,Bolsonaro,0,8,0.0,100.0,0,0,0,,,,0,0,,,,,,,N
SP,67938,OSVALDO CRUZ,S,34,46,2383,5392,7775,30.65,69.35,Bolsonaro,0,34,0.0,100.0,2923,7053,9976,29.3,70.7,Bolsonaro,0,46,0.0,100.0,-1.35,1.35,0.0,0.0,N
SP,67954,OURINHOS,S,146,99,14078,21705,35783,39.34,60.66,Bolsonaro,6,140,4.11,95.89,7962,15085,23047,34.55,65.45,Bolsonaro,0,99,0.0,100.0,-4.79,4.79,-4.11,4.11,N
SP,67970,OURO VERDE,N,16,0,2276,2325,4601,49.47,50.53,Bolsonaro,6,10,37.5,62.5,0,0,0,,,,0,0,,,,,,,N
SP,62383,OUROESTE,N,22,0,2403,3359,5762,41.7,58.3,Bolsonaro,1,21,4.55,95.45,0,0,0,,,,0,0,,,,,,,N
SP,67997,PACAEMBU,N,26,0,2074,4007,6081,34.11,65.89,Bolsonaro,0,26,0.0,100.0,0,0,0,,,,0,0,,,,,,,N
SP,68012,PALESTINA,S,18,11,1678,2481,4159,40.35,59.65,Bolsonaro,0,18,0.0,100.0,969,1606,2575,37.63,62.37,Bolsonaro,0,11,0.0,100.0,-2.72,2.72,0.0,0.0,N
SP,68039,PALMARES PAULISTA,N,24,0,2835,3250,6085,46.59,53.41,Bolsonaro,6,18,25.0,75.0,0,0,0,,,,0,0,,,,,,,N
SP,68055,PALMEIRA D'OESTE,N,21,0,2289,3453,5742,39.86,60.14,Bolsonaro,1,20,4.76,95.24,0,0,0,,,,0,0,,,,,,,N
SP,68071,PALMITAL,S,14,34,1271,2619,3890,32.67,67.33,Bolsonaro,0,14,0.0,100.0,3154,5641,8795,35.86,64.14,Bolsonaro,0,34,0.0,100.0,3.19,-3.19,0.0,0.0,N
SP,68098,PANORAMA,N,38,0,3172,4785,7957,39.86,60.14,Bolsonaro,1,37,2.63,97.37,0,0,0,,,,0,0,,,,,,,N
SP,68110,PARAGUAÇU PAULISTA,S,50,43,5544,7201,12745,43.5,56.5,Bolsonaro,7,42,14.0,84.0,4020,6538,10558,38.08,61.92,Bolsonaro,1,42,2.33,97.67,-5.42,5.42,-11.67,13.67,N
SP,68136,PARAIBUNA,S,18,24,2054,2291,4345,47.27,52.73,Bolsonaro,7,11,38.89,61.11,3074,3155,6229,49.35,50.65,Bolsonaro,11,12,45.83,50.0,2.08,-2.08,6.94,-11.11,N
SP,68179,PARANAPANEMA,N,41,0,4599,6046,10645,43.2,56.8,Bolsonaro,13,28,31.71,68.29,0,0,0,,,,0,0,,,,,,,N
SP,68195,PARANAPUÃ,N,0,11,0,0,0,,,,0,0,,,1182,1574,2756,42.89,57.11,Bolsonaro,0,10,0.0,90.91,,,,,N
SP,68217,PARAPUÃ,N,28,0,2090,3860,5950,35.13,64.87,Bolsonaro,0,28,0.0,100.0,0,0,0,,,,0,0,,,,,,,N
SP,68152,PARAÍSO,N,0,15,0,0,0,,,,0,0,,,1293,2285,3578,36.14,63.86,Bolsonaro,0,15,0.0,100.0,,,,,N
SP,68233,PARDINHO,N,18,0,1629,2529,4158,39.18,60.82,Bolsonaro,0,18,0.0,100.0,0,0,0,,,,0,0,,,,,,,N
SP,68250,PARIQUERA-AÇU,N,48,0,3595,7365,10960,32.8,67.2,Bolsonaro,0,48,0.0,100.0,0,0,0,,,,0,0,,,,,,,N
SP,61824,PARISI,N,8,0,814,1274,2088,38.98,61.02,Bolsonaro,0,8,0.0,100.0,0,0,0,,,,0,0,,,,,,,N
SP,68276,PATROCÍNIO PAULISTA,N,32,0,3136,4887,8023,39.09,60.91,Bolsonaro,0,32,0.0,100.0,0,0,0,,,,0,0,,,,,,,N
SP,68292,PAULICÉIA,N,18,0,1670,2754,4424,37.75,62.25,Bolsonaro,0,18,0.0,100.0,0,0,0,,,,0,0,,,,,,,N
SP,62405,PAULISTÂNIA,N,6,0,515,888,1403,36.71,63.29,Bolsonaro,0,6,0.0,100.0,0,0,0,,,,0,0,,,,,,,N
SP,68330,PAULO DE FARIA,N,20,0,2368,2221,4589,51.6,48.4,Lula,9,10,45.0,50.0,0,0,0,,,,0,0,,,,,,,N
SP,68314,PAULÍNIA,S,138,89,17131,22910,40041,42.78,57.22,Bolsonaro,9,128,6.52,92.75,9231,15344,24575,37.56,62.44,Bolsonaro,0,89,0.0,100.0,-5.22,5.22,-6.52,7.25,N
SP,68357,PEDERNEIRAS,S,40,63,3468,6650,10118,34.28,65.72,Bolsonaro,0,40,0.0,100.0,4592,11093,15685,29.28,70.72,Bolsonaro,0,63,0.0,100.0,-5.0,5.0,0.0,0.0,N
SP,68373,PEDRA BELA,N,14,0,1588,2265,3853,41.21,58.79,Bolsonaro,0,14,0.0,100.0,0,0,0,,,,0,0,,,,,,,N
SP,68390,PEDRANÓPOLIS,N,8,0,826,1043,1869,44.19,55.81,Bolsonaro,1,7,12.5,87.5,0,0,0,,,,0,0,,,,,,,N
SP,68411,PEDREGULHO,S,14,26,1632,1485,3117,52.36,47.64,Lula,10,4,71.43,28.57,3282,2660,5942,55.23,44.77,Lula,23,3,88.46,11.54,2.87,-2.87,17.03,-17.03,N
SP,68438,PEDREIRA,N,0,107,0,0,0,,,,0,0,,,7263,18555,25818,28.13,71.87,Bolsonaro,0,107,0.0,100.0,,,,,N
SP,61247,PEDRINHAS PAULISTA,N,9,0,719,1427,2146,33.5,66.5,Bolsonaro,0,9,0.0,100.0,0,0,0,,,,0,0,,,,,,,N
SP,68454,PEDRO DE TOLEDO,N,27,0,2439,2944,5383,45.31,54.69,Bolsonaro,3,24,11.11,88.89,0,0,0,,,,0,0,,,,,,,N
SP,68470,PENÁPOLIS,S,90,58,7527,13559,21086,35.7,64.3,Bolsonaro,4,86,4.44,95.56,4277,8940,13217,32.36,67.64,Bolsonaro,0,58,0.0,100.0,-3.34,3.34,-4.44,4.44,N
SP,68497,PEREIRA BARRETO,S,32,43,2892,3362,6254,46.24,53.76,Bolsonaro,9,23,28.12,71.88,3174,4747,7921,40.07,59.93,Bolsonaro,1,42,2.33,97.67,-6.17,6.17,-25.79,25.79,N
SP,68519,PEREIRAS,N,0,19,0,0,0,,,,0,0,,,1963,2807,4770,41.15,58.85,Bolsonaro,0,19,0.0,100.0,,,,,N
SP,68535,PERUÍBE,S,82,91,7696,11901,19597,39.27,60.73,Bolsonaro,2,80,2.44,97.56,9770,12088,21858,44.7,55.3,Bolsonaro,13,76,14.29,83.52,5.43,-5.43,11.85,-14.04,N
SP,68551,PIACATU,S,10,4,976,1639,2615,37.32,62.68,Bolsonaro,0,10,0.0,100.0,376,601,977,38.49,61.51,Bolsonaro,0,4,0.0,100.0,1.17,-1.17,0.0,0.0,N
SP,68578,PIEDADE,S,59,56,5797,10174,15971,36.3,63.7,Bolsonaro,0,59,0.0,100.0,5468,9300,14768,37.03,62.97,Bolsonaro,0,56,0.0,100.0,0.73,-0.73,0.0,0.0,N
SP,68594,PILAR DO SUL,N,62,0,6183,11070,17253,35.84,64.16,Bolsonaro,0,62,0.0,100.0,0,0,0,,,,0,0,,,,,,,N
SP,68616,PINDAMONHANGABA,S,232,154,19235,33716,52951,36.33,63.67,Bolsonaro,1,231,0.43,99.57,13424,24253,37677,35.63,64.37,Bolsonaro,0,153,0.0,99.35,-0.7,0.7,-0.43,-0.22,N
SP,68632,PINDORAMA,S,37,1,2790,5451,8241,33.86,66.14,Bolsonaro,0,37,0.0,100.0,76,164,240,31.67,68.33,Bolsonaro,0,1,0.0,100.0,-2.19,2.19,0.0,0.0,N
SP,68675,PINHALZINHO,N,35,0,2738,5480,8218,33.32,66.68,Bolsonaro,0,35,0.0,100.0,0,0,0,,,,0,0,,,,,,,N
SP,68691,PIQUEROBI,N,9,0,1171,1150,2321,50.45,49.55,Lula,4,5,44.44,55.56,0,0,0,,,,0,0,,,,,,,N
SP,68713,PIQUETE,S,17,14,1428,2817,4245,33.64,66.36,Bolsonaro,0,17,0.0,100.0,1217,2164,3381,36.0,64.0,Bolsonaro,0,14,0.0,100.0,2.36,-2.36,0.0,0.0,N
SP,68730,PIRACAIA,S,25,37,2103,4165,6268,33.55,66.45,Bolsonaro,0,25,0.0,100.0,3368,6813,10181,33.08,66.92,Bolsonaro,0,37,0.0,100.0,-0.47,0.47,0.0,0.0,N
SP,68756,PIRACICABA,S,501,368,42828,90799,133627,32.05,67.95,Bolsonaro,1,499,0.2,99.6,30784,64917,95701,32.17,67.83,Bolsonaro,6,361,1.63,98.1,0.12,-0.12,1.43,-1.5,N
SP,68772,PIRAJU,S,21,47,2068,3002,5070,40.79,59.21,Bolsonaro,0,20,0.0,95.24,4828,6891,11719,41.2,58.8,Bolsonaro,1,45,2.13,95.74,0.41,-0.41,2.13,0.5,N
SP,68799,PIRAJUÍ,S,15,41,1089,1837,2926,37.22,62.78,Bolsonaro,1,14,6.67,93.33,2888,5616,8504,33.96,66.04,Bolsonaro,1,40,2.44,97.56,-3.26,3.26,-4.23,4.23,N
SP,68810,PIRANGI,N,28,0,1989,4321,6310,31.52,68.48,Bolsonaro,1,27,3.57,96.43,0,0,0,,,,0,0,,,,,,,N
SP,68837,PIRAPORA DO BOM JESUS,N,38,0,5518,4613,10131,54.47,45.53,Lula,33,5,86.84,13.16,0,0,0,,,,0,0,,,,,,,N
SP,68853,PIRAPOZINHO,S,42,24,3818,5752,9570,39.9,60.1,Bolsonaro,5,37,11.9,88.1,2406,3464,5870,40.99,59.01,Bolsonaro,3,21,12.5,87.5,1.09,-1.09,0.6,-0.6,N
SP,68870,PIRASSUNUNGA,S,112,74,8478,18340,26818,31.61,68.39,Bolsonaro,0,112,0.0,100.0,4583,11639,16222,28.25,71.75,Bolsonaro,0,74,0.0,100.0,-3.36,3.36,0.0,0.0,N
SP,68896,PIRATININGA,N,29,0,2355,5147,7502,31.39,68.61,Bolsonaro,0,29,0.0,100.0,0,0,0,,,,0,0,,,,,,,N
SP,68918,PITANGUEIRAS,S,49,34,6254,6525,12779,48.94,51.06,Bolsonaro,24,25,48.98,51.02,2588,4029,6617,39.11,60.89,Bolsonaro,1,33,2.94,97.06,-9.83,9.83,-46.04,46.04,N
SP,68934,PLANALTO,N,12,0,1472,1606,3078,47.82,52.18,Bolsonaro,2,10,16.67,83.33,0,0,0,,,,0,0,,,,,,,N
SP,68950,PLATINA,N,8,0,737,1306,2043,36.07,63.93,Bolsonaro,0,8,0.0,100.0,0,0,0,,,,0,0,,,,,,,N
SP,68993,POLONI,N,15,0,1235,2149,3384,36.5,63.5,Bolsonaro,0,15,0.0,100.0,0,0,0,,,,0,0,,,,,,,N
SP,69019,POMPÉIA,S,19,29,1723,3539,5262,32.74,67.26,Bolsonaro,0,19,0.0,100.0,1938,5462,7400,26.19,73.81,Bolsonaro,0,29,0.0,100.0,-6.55,6.55,0.0,0.0,N
SP,69035,PONGAÍ,N,10,0,755,1575,2330,32.4,67.6,Bolsonaro,0,10,0.0,100.0,0,0,0,,,,0,0,,,,,,,N
SP,69051,PONTAL,N,100,0,10562,11760,22322,47.32,52.68,Bolsonaro,28,72,28.0,72.0,0,0,0,,,,0,0,,,,,,,N
SP,61808,PONTALINDA,N,12,0,1247,1192,2439,51.13,48.87,Lula,7,5,58.33,41.67,0,0,0,,,,0,0,,,,,,,N
SP,69078,PONTES GESTAL,N,8,0,748,1002,1750,42.74,57.26,Bolsonaro,0,8,0.0,100.0,0,0,0,,,,0,0,,,,,,,N
SP,69094,POPULINA,N,0,12,0,0,0,,,,0,0,,,1594,1218,2812,56.69,43.31,Lula,12,0,100.0,0.0,,,,,N
SP,69116,PORANGABA,N,19,0,2216,3152,5368,41.28,58.72,Bolsonaro,0,19,0.0,100.0,0,0,0,,,,0,0,,,,,,,N
SP,69132,PORTO FELIZ,S,73,43,6652,14028,20680,32.17,67.83,Bolsonaro,0,73,0.0,100.0,3353,7260,10613,31.59,68.41,Bolsonaro,0,43,0.0,100.0,-0.58,0.58,0.0,0.0,N
SP,69159,PORTO FERREIRA,S,75,48,6443,12838,19281,33.42,66.58,Bolsonaro,1,74,1.33,98.67,3354,8052,11406,29.41,70.59,Bolsonaro,0,48,0.0,100.0,-4.01,4.01,-1.33,1.33,N
SP,61565,POTIM,N,42,0,4071,5933,10004,40.69,59.31,Bolsonaro,3,39,7.14,92.86,0,0,0,,,,0,0,,,,,,,N
SP,69175,POTIRENDABA,S,3,36,380,488,868,43.78,56.22,Bolsonaro,0,3,0.0,100.0,3317,6412,9729,34.09,65.91,Bolsonaro,0,36,0.0,100.0,-9.69,9.69,0.0,0.0,N
SP,68977,POÁ,S,171,101,23235,23975,47210,49.22,50.78,Bolsonaro,72,96,42.11,56.14,11386,12476,23862,47.72,52.28,Bolsonaro,30,68,29.7,67.33,-1.5,1.5,-12.41,11.19,N
SP,62120,PRACINHA,N,5,0,476,585,1061,44.86,55.14,Bolsonaro,0,5,0.0,100.0,0,0,0,,,,0,0,,,,,,,N
SP,69191,PRADÓPOLIS,N,42,0,4360,6033,10393,41.95,58.05,Bolsonaro,4,38,9.52,90.48,0,0,0,,,,0,0,,,,,,,N
SP,69213,PRAIA GRANDE,S,414,262,46337,63727,110064,42.1,57.9,Bolsonaro,54,358,13.04,86.47,28843,41301,70144,41.12,58.88,Bolsonaro,23,237,8.78,90.46,-0.98,0.98,-4.26,3.99,N
SP,62146,PRATÂNIA,N,0,16,0,0,0,,,,0,0,,,1524,1930,3454,44.12,55.88,Bolsonaro,2,14,12.5,87.5,,,,,N
SP,69230,PRESIDENTE ALVES,N,11,0,1040,1513,2553,40.74,59.26,Bolsonaro,0,11,0.0,100.0,0,0,0,,,,0,0,,,,,,,N
SP,69256,PRESIDENTE BERNARDES,S,16,18,1685,2183,3868,43.56,56.44,Bolsonaro,4,12,25.0,75.0,1530,2745,4275,35.79,64.21,Bolsonaro,0,18,0.0,100.0,-7.77,7.77,-25.0,25.0,N
SP,69272,PRESIDENTE EPITÁCIO,S,57,34,5783,8037,13820,41.85,58.15,Bolsonaro,8,49,14.04,85.96,3247,4855,8102,40.08,59.92,Bolsonaro,0,34,0.0,100.0,-1.77,1.77,-14.04,14.04,N
SP,69299,PRESIDENTE PRUDENTE,S,339,223,28465,60225,88690,32.09,67.91,Bolsonaro,5,333,1.47,98.23,13665,29319,42984,31.79,68.21,Bolsonaro,2,220,0.9,98.65,-0.3,0.3,-0.57,0.42,N
SP,69310,PRESIDENTE VENCESLAU,S,43,47,3553,6448,10001,35.53,64.47,Bolsonaro,1,42,2.33,97.67,3050,7622,10672,28.58,71.42,Bolsonaro,0,47,0.0,100.0,-6.95,6.95,-2.33,2.33,N
SP,69337,PROMISSÃO,S,49,32,4958,7133,12091,41.01,58.99,Bolsonaro,1,48,2.04,97.96,3072,4796,7868,39.04,60.96,Bolsonaro,1,31,3.12,96.88,-1.97,1.97,1.08,-1.08,N
SP,62162,QUADRA,N,11,0,1118,1617,2735,40.88,59.12,Bolsonaro,0,11,0.0,100.0,0,0,0,,,,0,0,,,,,,,N
SP,69353,QUATÁ,S,23,10,2073,3406,5479,37.84,62.16,Bolsonaro,1,22,4.35,95.65,797,1449,2246,35.49,64.51,Bolsonaro,0,10,0.0,100.0,-2.35,2.35,-4.35,4.35,N
SP,69370,QUEIROZ,N,11,0,1037,1292,2329,44.53,55.47,Bolsonaro,1,10,9.09,90.91,0,0,0,,,,0,0,,,,,,,N
SP,69396,QUELUZ,N,25,0,2908,2528,5436,53.5,46.5,Lula,22,3,88.0,12.0,0,0,0,,,,0,0,,,,,,,N
SP,69418,QUINTANA,N,15,0,1618,2501,4119,39.28,60.72,Bolsonaro,0,15,0.0,100.0,0,0,0,,,,0,0,,,,,,,N
SP,69434,RAFARD,N,24,0,1765,3980,5745,30.72,69.28,Bolsonaro,0,24,0.0,100.0,0,0,0,,,,0,0,,,,,,,N
SP,69450,RANCHARIA,S,29,50,2920,3776,6696,43.61,56.39,Bolsonaro,4,24,13.79,82.76,4478,6267,10745,41.68,58.32,Bolsonaro,9,41,18.0,82.0,-1.93,1.93,4.21,-0.76,N
SP,69477,REDENÇÃO DA SERRA,N,13,0,1414,1643,3057,46.25,53.75,Bolsonaro,0,13,0.0,100.0,0,0,0,,,,0,0,,,,,,,N
SP,69493,REGENTE FEIJÓ,S,27,39,1873,2945,4818,38.88,61.12,Bolsonaro,2,25,7.41,92.59,2642,4643,7285,36.27,63.73,Bolsonaro,2,37,5.13,94.87,-2.61,2.61,-2.28,2.28,N
SP,69515,REGINÓPOLIS,N,14,0,1118,2516,3634,30.76,69.24,Bolsonaro,1,13,7.14,92.86,0,0,0,,,,0,0,,,,,,,N
SP,69531,REGISTRO,S,80,74,7224,11272,18496,39.06,60.94,Bolsonaro,9,71,11.25,88.75,5353,9623,14976,35.74,64.26,Bolsonaro,0,74,0.0,100.0,-3.32,3.32,-11.25,11.25,N
SP,69558,RESTINGA,N,0,20,0,0,0,,,,0,0,,,2474,2565,5039,49.1,50.9,Bolsonaro,9,10,45.0,50.0,,,,,N
SP,69574,RIBEIRA,N,12,0,1329,923,2252,59.01,40.99,Lula,11,1,91.67,8.33,0,0,0,,,,0,0,,,,,,,N
SP,69590,RIBEIRÃO BONITO,N,25,0,2865,3438,6303,45.45,54.55,Bolsonaro,2,23,8.0,92.0,0,0,0,,,,0,0,,,,,,,N
SP,69612,RIBEIRÃO BRANCO,N,50,0,5583,5287,10870,51.36,48.64,Lula,27,22,54.0,44.0,0,0,0,,,,0,0,,,,,,,N
SP,69639,RIBEIRÃO CORRENTE,N,11,0,1489,1770,3259,45.69,54.31,Bolsonaro,0,11,0.0,100.0,0,0,0,,,,0,0,,,,,,,N
SP,69655,RIBEIRÃO DO SUL,N,0,11,0,0,0,,,,0,0,,,1509,1596,3105,48.6,51.4,Bolsonaro,3,8,27.27,72.73,,,,,N
SP,62421,RIBEIRÃO DOS ÍNDIOS,N,7,0,765,700,1465,52.22,47.78,Lula,4,3,57.14,42.86,0,0,0,,,,0,0,,,,,,,N
SP,61700,RIBEIRÃO GRANDE,S,20,2,2472,1886,4358,56.72,43.28,Lula,15,4,75.0,20.0,281,311,592,47.47,52.53,Bolsonaro,0,2,0.0,100.0,-9.25,9.25,-75.0,80.0,S
SP,69671,RIBEIRÃO PIRES,S,122,139,15222,16355,31577,48.21,51.79,Bolsonaro,41,79,33.61,64.75,17644,18297,35941,49.09,50.91,Bolsonaro,51,88,36.69,63.31,0.88,-0.88,3.08,-1.44,N
SP,69698,RIBEIRÃO PRETO,S,861,530,89750,127573,217323,41.3,58.7,Bolsonaro,113,744,13.12,86.41,50034,78790,128824,38.84,61.16,Bolsonaro,42,486,7.92,91.7,-2.46,2.46,-5.2,5.29,N
SP,69736,RIFAINA,N,14,0,1544,1805,3349,46.1,53.9,Bolsonaro,3,11,21.43,78.57,0,0,0,,,,0,0,,,,,,,N
SP,69752,RINCÃO,N,27,0,2949,2559,5508,53.54,46.46,Lula,19,7,70.37,25.93,0,0,0,,,,0,0,,,,,,,N
SP,69779,RINÓPOLIS,N,22,0,1799,3881,5680,31.67,68.33,Bolsonaro,0,22,0.0,100.0,0,0,0,,,,0,0,,,,,,,N
SP,69795,RIO CLARO,S,267,176,23167,47186,70353,32.93,67.07,Bolsonaro,0,267,0.0,100.0,14503,31534,46037,31.5,68.5,Bolsonaro,1,175,0.57,99.43,-1.43,1.43,0.57,-0.57,N
SP,69817,RIO DAS PEDRAS,N,76,0,6410,12972,19382,33.07,66.93,Bolsonaro,1,75,1.32,98.68,0,0,0,,,,0,0,,,,,,,N
SP,69833,RIO GRANDE DA SERRA,S,93,20,11518,9362,20880,55.16,44.84,Lula,82,8,88.17,8.6,3081,2322,5403,57.02,42.98,Lula,19,1,95.0,5.0,1.86,-1.86,6.83,-3.6,N
SP,69850,RIOLÂNDIA,N,0,22,0,0,0,,,,0,0,,,2761,2644,5405,51.08,48.92,Lula,12,10,54.55,45.45,,,,,N
SP,69710,RIVERSUL,N,0,16,0,0,0,,,,0,0,,,1637,1766,3403,48.1,51.9,Bolsonaro,4,11,25.0,68.75,,,,,N
SP,61166,ROSANA,N,51,0,5512,4526,10038,54.91,45.09,Lula,31,19,60.78,37.25,0,0,0,,,,0,0,,,,,,,N
SP,69876,ROSEIRA,N,30,0,2489,4127,6616,37.62,62.38,Bolsonaro,0,30,0.0,100.0,0,0,0,,,,0,0,,,,,,,N
SP,69914,RUBINÉIA,N,11,0,912,1435,2347,38.86,61.14,Bolsonaro,2,9,18.18,81.82,0,0,0,,,,0,0,,,,,,,N
SP,69892,RUBIÁCEA,N,8,0,713,1058,1771,40.26,59.74,Bolsonaro,0,7,0.0,87.5,0,0,0,,,,0,0,,,,,,,N
SP,69930,SABINO,N,14,0,1340,1882,3222,41.59,58.41,Bolsonaro,0,14,0.0,100.0,0,0,0,,,,0,0,,,,,,,N
SP,69957,SAGRES,N,7,0,744,808,1552,47.94,52.06,Bolsonaro,4,3,57.14,42.86,0,0,0,,,,0,0,,,,,,,N
SP,69973,SALES,N,15,0,1069,2770,3839,27.85,72.15,Bolsonaro,0,15,0.0,100.0,0,0,0,,,,0,0,,,,,,,N
SP,69990,SALES OLIVEIRA,N,30,0,2324,4105,6429,36.15,63.85,Bolsonaro,0,30,0.0,100.0,0,0,0,,,,0,0,,,,,,,N
SP,70017,SALESÓPOLIS,N,49,0,4506,6834,11340,39.74,60.26,Bolsonaro,0,49,0.0,100.0,0,0,0,,,,0,0,,,,,,,N
SP,70033,SALMOURÃO,N,12,0,1248,1746,2994,41.68,58.32,Bolsonaro,0,12,0.0,100.0,0,0,0,,,,0,0,,,,,,,N
SP,61441,SALTINHO,N,0,19,0,0,0,,,,0,0,,,1048,4530,5578,18.79,81.21,Bolsonaro,0,19,0.0,100.0,,,,,N
SP,70050,SALTO,S,162,102,17394,27081,44475,39.11,60.89,Bolsonaro,6,156,3.7,96.3,10931,17665,28596,38.23,61.77,Bolsonaro,3,99,2.94,97.06,-0.88,0.88,-0.76,0.76,N
SP,70076,SALTO DE PIRAPORA,S,23,62,2254,3396,5650,39.89,60.11,Bolsonaro,1,22,4.35,95.65,7201,10098,17299,41.63,58.37,Bolsonaro,1,61,1.61,98.39,1.74,-1.74,-2.74,2.74,N
SP,70092,SALTO GRANDE,N,19,0,2045,2861,4906,41.68,58.32,Bolsonaro,0,19,0.0,100.0,0,0,0,,,,0,0,,,,,,,N
SP,70114,SANDOVALINA,S,9,3,1238,682,1920,64.48,35.52,Lula,9,0,100.0,0.0,372,266,638,58.31,41.69,Lula,3,0,100.0,0.0,-6.17,6.17,0.0,0.0,N
SP,70130,SANTA ADÉLIA,N,0,38,0,0,0,,,,0,0,,,3176,5173,8349,38.04,61.96,Bolsonaro,0,38,0.0,100.0,,,,,N
SP,70157,SANTA ALBERTINA,N,0,17,0,0,0,,,,0,0,,,1523,2402,3925,38.8,61.2,Bolsonaro,0,17,0.0,100.0,,,,,N
SP,70211,SANTA BRANCA,S,8,33,729,1031,1760,41.42,58.58,Bolsonaro,1,7,12.5,87.5,2756,4300,7056,39.06,60.94,Bolsonaro,0,33,0.0,100.0,-2.36,2.36,-12.5,12.5,N
SP,70173,SANTA BÁRBARA D'OESTE,S,237,155,23270,43899,67169,34.64,65.36,Bolsonaro,0,237,0.0,100.0,14052,29668,43720,32.14,67.86,Bolsonaro,0,155,0.0,100.0,-2.5,2.5,0.0,0.0,N
SP,70238,SANTA CLARA D'OESTE,N,7,0,754,1008,1762,42.79,57.21,Bolsonaro,0,7,0.0,100.0,0,0,0,,,,0,0,,,,,,,N
SP,70254,SANTA CRUZ DA CONCEIÇÃO,N,11,0,921,2164,3085,29.85,70.15,Bolsonaro,0,11,0.0,100.0,0,0,0,,,,0,0,,,,,,,N
SP,62189,SANTA CRUZ DA ESPERANÇA,N,7,0,661,906,1567,42.18,57.82,Bolsonaro,0,7,0.0,100.0,0,0,0,,,,0,0,,,,,,,N
SP,70270,SANTA CRUZ DAS PALMEIRAS,S,39,26,3910,6155,10065,38.85,61.15,Bolsonaro,6,33,15.38,84.62,2192,3868,6060,36.17,63.83,Bolsonaro,1,25,3.85,96.15,-2.68,2.68,-11.53,11.53,N
SP,70297,SANTA CRUZ DO RIO PARDO,N,96,0,7147,18666,25813,27.69,72.31,Bolsonaro,0,96,0.0,100.0,0,0,0,,,,0,0,,,,,,,N
SP,70319,SANTA ERNESTINA,N,15,0,1835,2100,3935,46.63,53.37,Bolsonaro,4,10,26.67,66.67,0,0,0,,,,0,0,,,,,,,N
SP,70335,SANTA FÉ DO SUL,S,26,50,2110,4467,6577,32.08,67.92,Bolsonaro,0,26,0.0,100.0,4041,8791,12832,31.49,68.51,Bolsonaro,0,50,0.0,100.0,-0.59,0.59,0.0,0.0,N
SP,70351,SANTA GERTRUDES,S,40,18,3412,6701,10113,33.74,66.26,Bolsonaro,0,40,0.0,100.0,1487,3046,4533,32.8,67.2,Bolsonaro,0,18,0.0,100.0,-0.94,0.94,0.0,0.0,N
SP,70378,SANTA ISABEL,S,69,60,6365,10592,16957,37.54,62.46,Bolsonaro,0,69,0.0,100.0,5830,8869,14699,39.66,60.34,Bolsonaro,0,59,0.0,98.33,2.12,-2.12,0.0,-1.67,N
SP,70394,SANTA LÚCIA,N,29,0,2872,2103,4975,57.73,42.27,Lula,25,4,86.21,13.79,0,0,0,,,,0,0,,,,,,,N
SP,70416,SANTA MARIA DA SERRA,N,13,0,1164,2045,3209,36.27,63.73,Bolsonaro,0,13,0.0,100.0,0,0,0,,,,0,0,,,,,,,N
SP,70432,SANTA MERCEDES,N,9,0,900,975,1875,48.0,52.0,Bolsonaro,2,7,22.22,77.78,0,0,0,,,,0,0,,,,,,,N
SP,70491,SANTA RITA D'OESTE,N,7,0,802,1062,1864,43.03,56.97,Bolsonaro,0,7,0.0,100.0,0,0,0,,,,0,0,,,,,,,N
SP,70513,SANTA RITA DO PASSA QUATRO,S,36,24,2724,6191,8915,30.56,69.44,Bolsonaro,0,36,0.0,100.0,1829,4178,6007,30.45,69.55,Bolsonaro,0,24,0.0,100.0,-0.11,0.11,0.0,0.0,N
SP,70530,SANTA ROSA DE VITERBO,S,34,24,3792,4707,8499,44.62,55.38,Bolsonaro,3,31,8.82,91.18,2187,3073,5260,41.58,58.42,Bolsonaro,1,23,4.17,95.83,-3.04,3.04,-4.65,4.65,N
SP,62200,SANTA SALETE,N,6,0,427,929,1356,31.49,68.51,Bolsonaro,0,6,0.0,100.0,0,0,0,,,,0,0,,,,,,,N
SP,70459,SANTANA DA PONTE PENSA,N,6,0,491,707,1198,40.98,59.02,Bolsonaro,1,5,16.67,83.33,0,0,0,,,,0,0,,,,,,,N
SP,70475,SANTANA DE PARNAÍBA,S,144,116,22378,20095,42473,52.69,47.31,Lula,102,41,70.83,28.47,12669,22435,35104,36.09,63.91,Bolsonaro,22,94,18.97,81.03,-16.6,16.6,-51.86,52.56,S
SP,70556,SANTO ANASTÁCIO,S,21,26,2081,3179,5260,39.56,60.44,Bolsonaro,0,21,0.0,100.0,2581,3771,6352,40.63,59.37,Bolsonaro,0,26,0.0,100.0,1.07,-1.07,0.0,0.0,N
SP,70572,SANTO ANDRÉ,S,1034,666,127237,135999,263236,48.34,51.66,Bolsonaro,442,586,42.75,56.67,80093,89768,169861,47.15,52.85,Bolsonaro,208,448,31.23,67.27,-1.19,1.19,-11.52,10.6,N
SP,70599,SANTO ANTÔNIO DA ALEGRIA,S,10,8,953,1285,2238,42.58,57.42,Bolsonaro,0,10,0.0,100.0,943,1034,1977,47.7,52.3,Bolsonaro,2,6,25.0,75.0,5.12,-5.12,25.0,-25.0,N
SP,70610,SANTO ANTÔNIO DE POSSE,N,53,0,4245,8598,12843,33.05,66.95,Bolsonaro,1,52,1.89,98.11,0,0,0,,,,0,0,,,,,,,N
SP,61328,SANTO ANTÔNIO DO ARACANGUÁ,N,24,0,2261,3292,5553,40.72,59.28,Bolsonaro,5,19,20.83,79.17,0,0,0,,,,0,0,,,,,,,N
SP,70637,SANTO ANTÔNIO DO JARDIM,N,18,0,1444,2563,4007,36.04,63.96,Bolsonaro,0,18,0.0,100.0,0,0,0,,,,0,0,,,,,,,N
SP,70653,SANTO ANTÔNIO DO PINHAL,N,20,0,2028,2714,4742,42.77,57.23,Bolsonaro,1,19,5.0,95.0,0,0,0,,,,0,0,,,,,,,N
SP,70670,SANTO EXPEDITO,N,0,9,0,0,0,,,,0,0,,,997,1091,2088,47.75,52.25,Bolsonaro,3,6,33.33,66.67,,,,,N
SP,70718,SANTOS,S,566,458,65530,80302,145832,44.94,55.06,Bolsonaro,147,415,25.97,73.32,48163,65572,113735,42.35,57.65,Bolsonaro,66,387,14.41,84.5,-2.59,2.59,-11.56,11.18,N
SP,70696,SANTÓPOLIS DO AGUAPEÍ,N,11,0,975,1486,2461,39.62,60.38,Bolsonaro,0,11,0.0,100.0,0,0,0,,,,0,0,,,,,,,N
SP,71234,SARAPUÍ,N,25,0,2506,3120,5626,44.54,55.46,Bolsonaro,4,21,16.0,84.0,0,0,0,,,,0,0,,,,,,,N
SP,71250,SARUTAIÁ,N,10,0,1306,1030,2336,55.91,44.09,Lula,9,0,90.0,0.0,0,0,0,,,,0,0,,,,,,,N
SP,71277,SEBASTIANÓPOLIS DO SUL,N,9,0,789,1515,2304,34.24,65.76,Bolsonaro,0,9,0.0,100.0,0,0,0,,,,0,0,,,,,,,N
SP,71293,SERRA AZUL,N,26,0,3027,2710,5737,52.76,47.24,Lula,18,8,69.23,30.77,0,0,0,,,,0,0,,,,,,,N
SP,71331,SERRA NEGRA,S,40,42,2484,5350,7834,31.71,68.29,Bolsonaro,0,40,0.0,100.0,2994,5901,8895,33.66,66.34,Bolsonaro,0,42,0.0,100.0,1.95,-1.95,0.0,0.0,N
SP,71315,SERRANA,S,47,50,5989,6631,12620,47.46,52.54,Bolsonaro,18,29,38.3,61.7,5752,7527,13279,43.32,56.68,Bolsonaro,8,41,16.0,82.0,-4.14,4.14,-22.3,20.3,N
SP,71358,SERTÃOZINHO,S,114,192,12879,13635,26514,48.57,51.43,Bolsonaro,41,71,35.96,62.28,18111,27012,45123,40.14,59.86,Bolsonaro,24,167,12.5,86.98,-8.43,8.43,-23.46,24.7,N
SP,71374,SETE BARRAS,N,37,0,2984,4441,7425,40.19,59.81,Bolsonaro,3,34,8.11,91.89,0,0,0,,,,0,0,,,,,,,N
SP,71390,SEVERÍNIA,N,38,0,3850,5451,9301,41.39,58.61,Bolsonaro,3,35,7.89,92.11,0,0,0,,,,0,0,,,,,,,N
SP,71412,SILVEIRAS,N,17,0,1886,2168,4054,46.52,53.48,Bolsonaro,5,12,29.41,70.59,0,0,0,,,,0,0,,,,,,,N
SP,71439,SOCORRO,S,41,52,2552,7788,10340,24.68,75.32,Bolsonaro,0,41,0.0,100.0,3427,9504,12931,26.5,73.5,Bolsonaro,0,52,0.0,100.0,1.82,-1.82,0.0,0.0,N
SP,71455,SOROCABA,S,958,642,89048,146036,235084,37.88,62.12,Bolsonaro,34,923,3.55,96.35,65287,96038,161325,40.47,59.53,Bolsonaro,28,613,4.36,95.48,2.59,-2.59,0.81,-0.87,N
SP,71471,SUD MENNUCCI,N,19,0,2362,2325,4687,50.39,49.61,Lula,11,7,57.89,36.84,0,0,0,,,,0,0,,,,,,,N
SP,71498,SUMARÉ,S,351,212,41169,53099,94268,43.67,56.33,Bolsonaro,60,284,17.09,80.91,22730,32677,55407,41.02,58.98,Bolsonaro,27,184,12.74,86.79,-2.65,2.65,-4.35,5.88,N
SP,71510,SUZANO,S,425,265,52157,58860,111017,46.98,53.02,Bolsonaro,129,294,30.35,69.18,27804,32022,59826,46.47,53.53,Bolsonaro,67,198,25.28,74.72,-0.51,0.51,-5.07,5.54,N
SP,61301,SUZANÁPOLIS,N,9,0,1184,986,2170,54.56,45.44,Lula,8,1,88.89,11.11,0,0,0,,,,0,0,,,,,,,N
SP,70734,SÃO BENTO DO SAPUCAÍ,N,32,0,2556,4425,6981,36.61,63.39,Bolsonaro,0,32,0.0,100.0,0,0,0,,,,0,0,,,,,,,N
SP,70750,SÃO BERNARDO DO CAMPO,S,1194,767,153567,138539,292106,52.57,47.43,Lula,679,511,56.87,42.8,108656,86390,195046,55.71,44.29,Lula,517,247,67.41,32.2,3.14,-3.14,10.54,-10.6,N
SP,70777,SÃO CAETANO DO SUL,S,230,147,27763,42339,70102,39.6,60.4,Bolsonaro,6,224,2.61,97.39,17534,25813,43347,40.45,59.55,Bolsonaro,3,144,2.04,97.96,0.85,-0.85,-0.57,0.57,N
SP,70793,SÃO CARLOS,S,345,213,42045,47467,89512,46.97,53.03,Bolsonaro,78,264,22.61,76.52,25997,26180,52177,49.82,50.18,Bolsonaro,82,130,38.5,61.03,2.85,-2.85,15.89,-15.49,N
SP,70815,SÃO FRANCISCO,N,9,0,831,1039,1870,44.44,55.56,Bolsonaro,1,8,11.11,88.89,0,0,0,,,,0,0,,,,,,,N
SP,70890,SÃO JOAQUIM DA BARRA,S,49,53,7011,6690,13701,51.17,48.83,Lula,27,22,55.1,44.9,5948,8194,14142,42.06,57.94,Bolsonaro,0,53,0.0,100.0,-9.11,9.11,-55.1,55.1,S
SP,70912,SÃO JOSÉ DA BELA VISTA,N,22,0,2605,2306,4911,53.04,46.96,Lula,16,6,72.73,27.27,0,0,0,,,,0,0,,,,,,,N
SP,70939,SÃO JOSÉ DO BARREIRO,N,12,0,1643,1208,2851,57.63,42.37,Lula,11,1,91.67,8.33,0,0,0,,,,0,0,,,,,,,N
SP,70955,SÃO JOSÉ DO RIO PARDO,S,70,48,6232,11144,17376,35.87,64.13,Bolsonaro,0,70,0.0,100.0,4665,8078,12743,36.61,63.39,Bolsonaro,0,48,0.0,100.0,0.74,-0.74,0.0,0.0,N
SP,70971,SÃO JOSÉ DO RIO PRETO,S,615,400,53907,107841,161748,33.33,66.67,Bolsonaro,14,601,2.28,97.72,29501,68441,97942,30.12,69.88,Bolsonaro,1,399,0.25,99.75,-3.21,3.21,-2.03,2.03,N
SP,70998,SÃO JOSÉ DOS CAMPOS,S,920,614,93692,162683,256375,36.54,63.46,Bolsonaro,16,904,1.74,98.26,66304,104932,171236,38.72,61.28,Bolsonaro,24,589,3.91,95.93,2.18,-2.18,2.17,-2.33,N
SP,70831,SÃO JOÃO DA BOA VISTA,S,109,88,10579,18665,29244,36.17,63.83,Bolsonaro,1,108,0.92,99.08,7643,15575,23218,32.92,67.08,Bolsonaro,0,88,0.0,100.0,-3.25,3.25,-0.92,0.92,N
SP,70858,SÃO JOÃO DAS DUAS PONTES,N,8,0,981,757,1738,56.44,43.56,Lula,8,0,100.0,0.0,0,0,0,,,,0,0,,,,,,,N
SP,61883,SÃO JOÃO DE IRACEMA,N,5,0,754,580,1334,56.52,43.48,Lula,4,1,80.0,20.0,0,0,0,,,,0,0,,,,,,,N
SP,70874,SÃO JOÃO DO PAU D'ALHO,N,8,0,853,736,1589,53.68,46.32,Lula,7,1,87.5,12.5,0,0,0,,,,0,0,,,,,,,N
SP,61905,SÃO LOURENÇO DA SERRA,N,38,0,4248,4547,8795,48.3,51.7,Bolsonaro,11,27,28.95,71.05,0,0,0,,,,0,0,,,,,,,N
SP,71013,SÃO LUÍS DO PARAITINGA,S,6,24,666,686,1352,49.26,50.74,Bolsonaro,2,4,33.33,66.67,2958,3250,6208,47.65,52.35,Bolsonaro,11,13,45.83,54.17,-1.61,1.61,12.5,-12.5,N
SP,71030,SÃO MANUEL,S,95,12,7814,12534,20348,38.4,61.6,Bolsonaro,5,90,5.26,94.74,776,1465,2241,34.63,65.37,Bolsonaro,0,12,0.0,100.0,-3.77,3.77,-5.26,5.26,N
SP,71056,SÃO MIGUEL ARCANJO,S,47,32,4156,7252,11408,36.43,63.57,Bolsonaro,1,46,2.13,97.87,3122,4181,7303,42.75,57.25,Bolsonaro,4,28,12.5,87.5,6.32,-6.32,10.37,-10.37,N
SP,71072,SÃO PAULO,S,15961,10327,2260503,1932327,4192830,53.91,46.09,Lula,10200,5641,63.91,35.34,1417418,1259157,2676575,52.96,47.04,Lula,5993,4264,58.03,41.29,-0.95,0.95,-5.88,5.95,N
SP,71099,SÃO PEDRO,S,39,43,2828,6959,9787,28.9,71.1,Bolsonaro,0,39,0.0,100.0,2813,7238,10051,27.99,72.01,Bolsonaro,0,43,0.0,100.0,-0.91,0.91,0.0,0.0,N
SP,71110,SÃO PEDRO DO TURVO,N,0,15,0,0,0,,,,0,0,,,1835,2540,4375,41.94,58.06,Bolsonaro,0,15,0.0,100.0,,,,,N
SP,71137,SÃO ROQUE,N,179,0,19790,25488,45278,43.71,56.29,Bolsonaro,17,160,9.5,89.39,0,0,0,,,,0,0,,,,,,,N
SP,71153,SÃO SEBASTIÃO,S,82,118,10456,9915,20371,51.33,48.67,Lula,45,36,54.88,43.9,13478,14808,28286,47.65,52.35,Bolsonaro,43,74,36.44,62.71,-3.68,3.68,-18.44,18.81,S
SP,71170,SÃO SEBASTIÃO DA GRAMA,S,3,27,346,430,776,44.59,55.41,Bolsonaro,1,2,33.33,66.67,2186,3381,5567,39.27,60.73,Bolsonaro,0,27,0.0,100.0,-5.32,5.32,-33.33,33.33,N
SP,71196,SÃO SIMÃO,S,9,25,837,1427,2264,36.97,63.03,Bolsonaro,0,9,0.0,100.0,2615,3662,6277,41.66,58.34,Bolsonaro,3,22,12.0,88.0,4.69,-4.69,12.0,-12.0,N
SP,71218,SÃO VICENTE,S,450,299,50160,60748,110908,45.23,54.77,Bolsonaro,89,357,19.78,79.33,36542,41407,77949,46.88,53.12,Bolsonaro,80,217,26.76,72.58,1.65,-1.65,6.98,-6.75,N
SP,71536,TABAPUÃ,N,27,0,2284,4729,7013,32.57,67.43,Bolsonaro,0,27,0.0,100.0,0,0,0,,,,0,0,,,,,,,N
SP,71552,TABATINGA,N,41,0,3609,4902,8511,42.4,57.6,Bolsonaro,10,31,24.39,75.61,0,0,0,,,,0,0,,,,,,,N
SP,71579,TABOÃO DA SERRA,S,356,234,61169,43441,104610,58.47,41.53,Lula,309,45,86.8,12.64,37867,27015,64882,58.36,41.64,Lula,179,53,76.5,22.65,-0.11,0.11,-10.3,10.01,N
SP,71595,TACIBA,N,19,0,2104,2009,4113,51.15,48.85,Lula,12,7,63.16,36.84,0,0,0,,,,0,0,,,,,,,N
SP,71617,TAGUAÍ,N,28,0,2896,4152,7048,41.09,58.91,Bolsonaro,0,28,0.0,100.0,0,0,0,,,,0,0,,,,,,,N
SP,71633,TAIAÇU,N,15,0,1660,1858,3518,47.19,52.81,Bolsonaro,5,10,33.33,66.67,0,0,0,,,,0,0,,,,,,,N
SP,71650,TAIÚVA,N,15,0,1154,2295,3449,33.46,66.54,Bolsonaro,0,15,0.0,100.0,0,0,0,,,,0,0,,,,,,,N
SP,71676,TAMBAÚ,S,32,18,3317,4405,7722,42.96,57.04,Bolsonaro,1,30,3.12,93.75,1850,2489,4339,42.64,57.36,Bolsonaro,0,18,0.0,100.0,-0.32,0.32,-3.12,6.25,N
SP,71692,TANABI,S,24,39,1952,3437,5389,36.22,63.78,Bolsonaro,0,24,0.0,100.0,3302,6824,10126,32.61,67.39,Bolsonaro,0,39,0.0,100.0,-3.61,3.61,0.0,0.0,N
SP,71730,TAPIRATIBA,S,20,9,2444,2725,5169,47.28,52.72,Bolsonaro,4,16,20.0,80.0,1223,1177,2400,50.96,49.04,Lula,5,4,55.56,44.44,3.68,-3.68,35.56,-35.56,S
SP,71714,TAPIRAÍ,N,0,20,0,0,0,,,,0,0,,,1792,2645,4437,40.39,59.61,Bolsonaro,0,20,0.0,100.0,,,,,N
SP,62260,TAQUARAL,N,7,0,730,1042,1772,41.2,58.8,Bolsonaro,0,7,0.0,100.0,0,0,0,,,,0,0,,,,,,,N
SP,71757,TAQUARITINGA,S,58,66,6143,8184,14327,42.88,57.12,Bolsonaro,16,42,27.59,72.41,5329,9334,14663,36.34,63.66,Bolsonaro,1,64,1.52,96.97,-6.54,6.54,-26.07,24.56,N
SP,71773,TAQUARITUBA,S,33,31,3243,3326,6569,49.37,50.63,Bolsonaro,14,19,42.42,57.58,2778,3965,6743,41.2,58.8,Bolsonaro,1,30,3.23,96.77,-8.17,8.17,-39.19,39.19,N
SP,61840,TAQUARIVAÍ,N,16,0,1708,2025,3733,45.75,54.25,Bolsonaro,5,11,31.25,68.75,0,0,0,,,,0,0,,,,,,,N
SP,71790,TARABAI,S,8,9,1119,865,1984,56.4,43.6,Lula,8,0,100.0,0.0,1104,1037,2141,51.56,48.44,Lula,7,2,77.78,22.22,-4.84,4.84,-22.22,22.22,N
SP,61042,TARUMÃ,N,35,0,3523,5515,9038,38.98,61.02,Bolsonaro,1,34,2.86,97.14,0,0,0,,,,0,0,,,,,,,N
SP,71811,TATUÍ,S,107,135,9928,18883,28811,34.46,65.54,Bolsonaro,0,107,0.0,100.0,11495,24786,36281,31.68,68.32,Bolsonaro,0,135,0.0,100.0,-2.78,2.78,0.0,0.0,N
SP,71838,TAUBATÉ,S,428,286,39161,75443,114604,34.17,65.83,Bolsonaro,3,424,0.7,99.07,20755,42135,62890,33.0,67.0,Bolsonaro,0,286,0.0,100.0,-1.17,1.17,-0.7,0.93,N
SP,71854,TEJUPÁ,N,14,0,1487,1233,2720,54.67,45.33,Lula,11,3,78.57,21.43,0,0,0,,,,0,0,,,,,,,N
SP,71870,TEODORO SAMPAIO,S,16,39,1393,1613,3006,46.34,53.66,Bolsonaro,2,14,12.5,87.5,5544,4405,9949,55.72,44.28,Lula,33,6,84.62,15.38,9.38,-9.38,72.12,-72.12,S
SP,71897,TERRA ROXA,N,22,0,2006,2837,4843,41.42,58.58,Bolsonaro,2,20,9.09,90.91,0,0,0,,,,0,0,,,,,,,N
SP,71919,TIETÊ,S,62,35,4586,10230,14816,30.95,69.05,Bolsonaro,1,60,1.61,96.77,2149,5530,7679,27.99,72.01,Bolsonaro,0,35,0.0,100.0,-2.96,2.96,-1.61,3.23,N
SP,71935,TIMBURI,N,8,0,796,921,1717,46.36,53.64,Bolsonaro,1,7,12.5,87.5,0,0,0,,,,0,0,,,,,,,N
SP,62049,TORRE DE PEDRA,N,9,0,589,1247,1836,32.08,67.92,Bolsonaro,0,9,0.0,100.0,0,0,0,,,,0,0,,,,,,,N
SP,71951,TORRINHA,N,21,0,1548,3877,5425,28.53,71.47,Bolsonaro,0,21,0.0,100.0,0,0,0,,,,0,0,,,,,,,N
SP,62448,TRABIJU,N,0,5,0,0,0,,,,0,0,,,659,543,1202,54.83,45.17,Lula,5,0,100.0,0.0,,,,,N
SP,71978,TREMEMBÉ,S,38,59,3449,5818,9267,37.22,62.78,Bolsonaro,4,34,10.53,89.47,4469,8799,13268,33.68,66.32,Bolsonaro,0,59,0.0,100.0,-3.54,3.54,-10.53,10.53,N
SP,71994,TRÊS FRONTEIRAS,N,16,0,1477,2220,3697,39.95,60.05,Bolsonaro,0,16,0.0,100.0,0,0,0,,,,0,0,,,,,,,N
SP,61620,TUIUTI,N,16,0,1350,2702,4052,33.32,66.68,Bolsonaro,0,16,0.0,100.0,0,0,0,,,,0,0,,,,,,,N
SP,72036,TUPI PAULISTA,N,0,41,0,0,0,,,,0,0,,,2913,5567,8480,34.35,65.65,Bolsonaro,0,41,0.0,100.0,,,,,N
SP,72010,TUPÃ,S,86,66,6810,14868,21678,31.41,68.59,Bolsonaro,1,85,1.16,98.84,3898,10736,14634,26.64,73.36,Bolsonaro,0,66,0.0,100.0,-4.77,4.77,-1.16,1.16,N
SP,72052,TURIÚBA,N,6,0,437,841,1278,34.19,65.81,Bolsonaro,0,6,0.0,100.0,0,0,0,,,,0,0,,,,,,,N
SP,72079,TURMALINA,S,1,6,127,137,264,48.11,51.89,Bolsonaro,0,1,0.0,100.0,608,488,1096,55.47,44.53,Lula,6,0,100.0,0.0,7.36,-7.36,100.0,-100.0,S
SP,61468,UBARANA,N,14,0,1553,1864,3417,45.45,54.55,Bolsonaro,2,12,14.29,85.71,0,0,0,,,,0,0,,,,,,,N
SP,72095,UBATUBA,S,140,91,12076,21397,33473,36.08,63.92,Bolsonaro,1,139,0.71,99.29,7687,12570,20257,37.95,62.05,Bolsonaro,1,90,1.1,98.9,1.87,-1.87,0.39,-0.39,N
SP,72117,UBIRAJARA,N,12,0,1340,1769,3109,43.1,56.9,Bolsonaro,0,12,0.0,100.0,0,0,0,,,,0,0,,,,,,,N
SP,72133,UCHOA,N,0,25,0,0,0,,,,0,0,,,2364,3750,6114,38.67,61.33,Bolsonaro,1,24,4.0,96.0,,,,,N
SP,72150,UNIÃO PAULISTA,N,6,0,503,679,1182,42.55,57.45,Bolsonaro,0,6,0.0,100.0,0,0,0,,,,0,0,,,,,,,N
SP,72192,URU,N,5,0,388,737,1125,34.49,65.51,Bolsonaro,0,5,0.0,100.0,0,0,0,,,,0,0,,,,,,,N
SP,72214,URUPÊS,S,7,26,590,1392,1982,29.77,70.23,Bolsonaro,0,7,0.0,100.0,1823,4403,6226,29.28,70.72,Bolsonaro,0,26,0.0,100.0,-0.49,0.49,0.0,0.0,N
SP,72176,URÂNIA,N,27,0,1943,3321,5264,36.91,63.09,Bolsonaro,1,26,3.7,96.3,0,0,0,,,,0,0,,,,,,,N
SP,72230,VALENTIM GENTIL,N,28,0,2827,4955,7782,36.33,63.67,Bolsonaro,0,28,0.0,100.0,0,0,0,,,,0,0,,,,,,,N
SP,72257,VALINHOS,S,167,104,16876,28761,45637,36.98,63.02,Bolsonaro,0,167,0.0,100.0,8823,17833,26656,33.1,66.9,Bolsonaro,0,104,0.0,100.0,-3.88,3.88,0.0,0.0,N
SP,72273,VALPARAÍSO,S,16,28,1909,2580,4489,42.53,57.47,Bolsonaro,1,15,6.25,93.75,2929,4830,7759,37.75,62.25,Bolsonaro,2,26,7.14,92.86,-4.78,4.78,0.89,-0.89,N
SP,61549,VARGEM,N,20,0,1693,3039,4732,35.78,64.22,Bolsonaro,0,20,0.0,100.0,0,0,0,,,,0,0,,,,,,,N
SP,72311,VARGEM GRANDE DO SUL,S,56,36,4882,9389,14271,34.21,65.79,Bolsonaro,1,55,1.79,98.21,3049,5847,8896,34.27,65.73,Bolsonaro,0,36,0.0,100.0,0.06,-0.06,-1.79,1.79,N
SP,72737,VARGEM GRANDE PAULISTA,S,78,48,8406,9378,17784,47.27,52.73,Bolsonaro,24,52,30.77,66.67,5797,7281,13078,44.33,55.67,Bolsonaro,8,39,16.67,81.25,-2.94,2.94,-14.1,14.58,N
SP,72354,VERA CRUZ,N,0,25,0,0,0,,,,0,0,,,2298,3779,6077,37.81,62.19,Bolsonaro,0,25,0.0,100.0,,,,,N
SP,72370,VINHEDO,S,65,104,6884,12208,19092,36.06,63.94,Bolsonaro,1,64,1.54,98.46,9131,20440,29571,30.88,69.12,Bolsonaro,0,104,0.0,100.0,-5.18,5.18,-1.54,1.54,N
SP,72397,VIRADOURO,S,27,18,2345,4159,6504,36.05,63.95,Bolsonaro,0,27,0.0,100.0,1243,2669,3912,31.77,68.23,Bolsonaro,0,18,0.0,100.0,-4.28,4.28,0.0,0.0,N
SP,72419,VISTA ALEGRE DO ALTO,N,19,0,1879,2777,4656,40.36,59.64,Bolsonaro,2,17,10.53,89.47,0,0,0,,,,0,0,,,,,,,N
SP,62227,VITÓRIA BRASIL,N,0,7,0,0,0,,,,0,0,,,567,746,1313,43.18,56.82,Bolsonaro,1,6,14.29,85.71,,,,,N
SP,72435,VOTORANTIM,S,168,106,17051,25139,42190,40.41,59.59,Bolsonaro,14,152,8.33,90.48,10119,16957,27076,37.37,62.63,Bolsonaro,0,106,0.0,100.0,-3.04,3.04,-8.33,9.52,N
SP,72451,VOTUPORANGA,S,125,111,9661,19107,28768,33.58,66.42,Bolsonaro,0,125,0.0,100.0,7351,17442,24793,29.65,70.35,Bolsonaro,0,109,0.0,98.2,-3.93,3.93,0.0,-1.8,N
SP,72338,VÁRZEA PAULISTA,S,148,101,16479,22611,39090,42.16,57.84,Bolsonaro,18,130,12.16,87.84,9891,14895,24786,39.91,60.09,Bolsonaro,4,97,3.96,96.04,-2.25,2.25,-8.2,8.2,N
SP,61921,ZACARIAS,N,8,0,720,1116,1836,39.22,60.78,Bolsonaro,0,8,0.0,100.0,0,0,0,,,,0,0,,,,,,,N
SP,61077,ÁGUAS DA PRATA,N,19,0,1750,2902,4652,37.62,62.38,Bolsonaro,0,19,0.0,100.0,0,0,0,,,,0,0,,,,,,,N
SP,61093,ÁGUAS DE LINDÓIA,N,48,0,3142,7991,11133,28.22,71.78,Bolsonaro,0,48,0.0,100.0,0,0,0,,,,0,0,,,,,,,N
SP,70190,ÁGUAS DE SANTA BÁRBARA,N,15,0,1283,2464,3747,34.24,65.76,Bolsonaro,0,15,0.0,100.0,0,0,0,,,,0,0,,,,,,,N
SP,61115,ÁGUAS DE SÃO PEDRO,N,13,0,961,2024,2985,32.19,67.81,Bolsonaro,0,13,0.0,100.0,0,0,0,,,,0,0,,,,,,,N
SP,61239,ÁLVARES FLORENCE,N,13,0,984,1872,2856,34.45,65.55,Bolsonaro,0,13,0.0,100.0,0,0,0,,,,0,0,,,,,,,N
SP,61255,ÁLVARES MACHADO,S,54,3,5534,8370,13904,39.8,60.2,Bolsonaro,3,51,5.56,94.44,190,295,485,39.18,60.82,Bolsonaro,0,3,0.0,100.0,-0.62,0.62,-5.56,5.56,N
SP,61271,ÁLVARO DE CARVALHO,N,11,0,1017,1094,2111,48.18,51.82,Bolsonaro,4,7,36.36,63.64,0,0,0,,,,0,0,,,,,,,N
SP,67776,ÓLEO,N,10,0,671,1163,1834,36.59,63.41,Bolsonaro,0,10,0.0,100.0,0,0,0,,,,0,0,,,,,,,N
TO,73008,ABREULÂNDIA,N,8,0,1032,749,1781,57.94,42.06,Lula,7,1,87.5,12.5,0,0,0,,,,0,0,,,,,,,N
TO,73512,AGUIARNÓPOLIS,N,14,0,1860,1039,2899,64.16,35.84,Lula,14,0,100.0,0.0,0,0,0,,,,0,0,,,,,,,N
TO,96954,ALIANÇA DO TOCANTINS,N,18,0,1685,1446,3131,53.82,46.18,Lula,15,3,83.33,16.67,0,0,0,,,,0,0,,,,,,,N
TO,92070,ALMAS,N,22,0,2534,1248,3782,67.0,33.0,Lula,22,0,100.0,0.0,0,0,0,,,,0,0,,,,,,,N
TO,92134,ALVORADA,N,0,29,0,0,0,,,,0,0,,,2438,2965,5403,45.12,54.88,Bolsonaro,7,21,24.14,72.41,,,,,N
TO,92193,ANANÁS,N,30,0,3224,2145,5369,60.05,39.95,Lula,27,3,90.0,10.0,0,0,0,,,,0,0,,,,,,,N
TO,73075,ANGICO,N,10,0,1124,785,1909,58.88,41.12,Lula,9,1,90.0,10.0,0,0,0,,,,0,0,,,,,,,N
TO,96970,APARECIDA DO RIO NEGRO,N,15,0,1775,1437,3212,55.26,44.74,Lula,15,0,100.0,0.0,0,0,0,,,,0,0,,,,,,,N
TO,73334,ARAGOMINAS,N,19,0,2120,1277,3397,62.41,37.59,Lula,19,0,100.0,0.0,0,0,0,,,,0,0,,,,,,,N
TO,92371,ARAGUACEMA,N,19,0,2130,1359,3489,61.05,38.95,Lula,16,2,84.21,10.53,0,0,0,,,,0,0,,,,,,,N
TO,73318,ARAGUANÃ,N,14,0,1341,1328,2669,50.24,49.76,Lula,6,8,42.86,57.14,0,0,0,,,,0,0,,,,,,,N
TO,92436,ARAGUATINS,N,0,76,0,0,0,,,,0,0,,,9462,6541,16003,59.13,40.87,Lula,63,11,82.89,14.47,,,,,N
TO,92398,ARAGUAÇU,N,24,0,1446,3441,4887,29.59,70.41,Bolsonaro,0,24,0.0,100.0,0,0,0,,,,0,0,,,,,,,N
TO,92410,ARAGUAÍNA,S,203,163,21279,26466,47745,44.57,55.43,Bolsonaro,66,137,32.51,67.49,16312,25938,42250,38.61,61.39,Bolsonaro,24,138,14.72,84.66,-5.96,5.96,-17.79,17.17,N
TO,92452,ARAPOEMA,N,0,19,0,0,0,,,,0,0,,,1955,1503,3458,56.54,43.46,Lula,15,3,78.95,15.79,,,,,N
TO,92479,ARRAIAS,N,0,30,0,0,0,,,,0,0,,,4241,1461,5702,74.38,25.62,Lula,30,0,100.0,0.0,,,,,N
TO,96857,AUGUSTINÓPOLIS,N,0,39,0,0,0,,,,0,0,,,5801,3877,9678,59.94,40.06,Lula,37,2,94.87,5.13,,,,,N
TO,92533,AURORA DO TOCANTINS,N,11,0,1439,773,2212,65.05,34.95,Lula,11,0,100.0,0.0,0,0,0,,,,0,0,,,,,,,N
TO,92576,AXIXÁ DO TOCANTINS,N,34,0,4035,2712,6747,59.8,40.2,Lula,34,0,100.0,0.0,0,0,0,,,,0,0,,,,,,,N
TO,92592,BABAÇULÂNDIA,N,27,0,3404,1600,5004,68.03,31.97,Lula,27,0,100.0,0.0,0,0,0,,,,0,0,,,,,,,N
TO,73580,BANDEIRANTES DO TOCANTINS,N,11,0,985,1101,2086,47.22,52.78,Bolsonaro,3,8,27.27,72.73,0,0,0,,,,0,0,,,,,,,N
TO,73610,BARRA DO OURO,N,14,0,1710,951,2661,64.26,35.74,Lula,14,0,100.0,0.0,0,0,0,,,,0,0,,,,,,,N
TO,96997,BARROLÂNDIA,N,18,0,1830,1737,3567,51.3,48.7,Lula,9,9,50.0,50.0,0,0,0,,,,0,0,,,,,,,N
TO,92002,BERNARDO SAYÃO,N,15,0,1227,1401,2628,46.69,53.31,Bolsonaro,2,12,13.33,80.0,0,0,0,,,,0,0,,,,,,,N
TO,73121,BOM JESUS DO TOCANTINS,N,14,0,1393,1137,2530,55.06,44.94,Lula,11,3,78.57,21.43,0,0,0,,,,0,0,,,,,,,N
TO,73245,BRASILÂNDIA DO TOCANTINS,N,8,0,793,602,1395,56.85,43.15,Lula,8,0,100.0,0.0,0,0,0,,,,0,0,,,,,,,N
TO,92738,BREJINHO DE NAZARÉ,N,16,0,1682,1331,3013,55.82,44.18,Lula,12,4,75.0,25.0,0,0,0,,,,0,0,,,,,,,N
TO,92045,BURITI DO TOCANTINS,N,22,0,2998,1980,4978,60.22,39.78,Lula,22,0,100.0,0.0,0,0,0,,,,0,0,,,,,,,N
TO,73067,CACHOEIRINHA,N,7,0,849,460,1309,64.86,35.14,Lula,7,0,100.0,0.0,0,0,0,,,,0,0,,,,,,,N
TO,73091,CAMPOS LINDOS,N,25,0,3001,1739,4740,63.31,36.69,Lula,22,3,88.0,12.0,0,0,0,,,,0,0,,,,,,,N
TO,73300,CARIRI DO TOCANTINS,N,12,0,1360,1338,2698,50.41,49.59,Lula,7,5,58.33,41.67,0,0,0,,,,0,0,,,,,,,N
TO,73326,CARMOLÂNDIA,N,8,0,1098,693,1791,61.31,38.69,Lula,8,0,100.0,0.0,0,0,0,,,,0,0,,,,,,,N
TO,73423,CARRASCO BONITO,N,12,0,1476,715,2191,67.37,32.63,Lula,12,0,100.0,0.0,0,0,0,,,,0,0,,,,,,,N
TO,92088,CASEARA,N,13,0,1757,1140,2897,60.65,39.35,Lula,13,0,100.0,0.0,0,0,0,,,,0,0,,,,,,,N
TO,73210,CENTENÁRIO,N,8,0,958,429,1387,69.07,30.93,Lula,8,0,100.0,0.0,0,0,0,,,,0,0,,,,,,,N
TO,73482,CHAPADA DA NATIVIDADE,N,12,0,1570,489,2059,76.25,23.75,Lula,12,0,100.0,0.0,0,0,0,,,,0,0,,,,,,,N
TO,73474,CHAPADA DE AREIA,N,7,0,812,849,1661,48.89,51.11,Bolsonaro,2,5,28.57,71.43,0,0,0,,,,0,0,,,,,,,N
TO,93114,COLINAS DO TOCANTINS,N,0,81,0,0,0,,,,0,0,,,7490,10361,17851,41.96,58.04,Bolsonaro,17,64,20.99,79.01,,,,,N
TO,95290,COLMÉIA,N,0,29,0,0,0,,,,0,0,,,1878,2992,4870,38.56,61.44,Bolsonaro,3,25,10.34,86.21,,,,,N
TO,92142,COMBINADO,N,12,0,1480,1389,2869,51.59,48.41,Lula,7,4,58.33,33.33,0,0,0,,,,0,0,,,,,,,N
TO,93130,CONCEIÇÃO DO TOCANTINS,N,15,0,1724,551,2275,75.78,24.22,Lula,15,0,100.0,0.0,0,0,0,,,,0,0,,,,,,,N
TO,93211,COUTO MAGALHÃES,N,17,0,2054,1235,3289,62.45,37.55,Lula,17,0,100.0,0.0,0,0,0,,,,0,0,,,,,,,N
TO,93238,CRISTALÂNDIA,N,0,20,0,0,0,,,,0,0,,,2213,1865,4078,54.27,45.73,Lula,13,7,65.0,35.0,,,,,N
TO,73555,CRIXÁS DO TOCANTINS,N,7,0,670,601,1271,52.71,47.29,Lula,5,2,71.43,28.57,0,0,0,,,,0,0,,,,,,,N
TO,73032,DARCINÓPOLIS,N,15,0,1960,1130,3090,63.43,36.57,Lula,15,0,100.0,0.0,0,0,0,,,,0,0,,,,,,,N
TO,93416,DIANÓPOLIS,N,0,50,0,0,0,,,,0,0,,,6140,3431,9571,64.15,35.85,Lula,48,2,96.0,4.0,,,,,N
TO,92185,DIVINÓPOLIS DO TOCANTINS,N,20,0,2518,1629,4147,60.72,39.28,Lula,20,0,100.0,0.0,0,0,0,,,,0,0,,,,,,,N
TO,93459,DOIS IRMÃOS DO TOCANTINS,N,18,0,2419,1267,3686,65.63,34.37,Lula,18,0,100.0,0.0,0,0,0,,,,0,0,,,,,,,N
TO,93475,DUERÉ,N,16,0,1573,1003,2576,61.06,38.94,Lula,16,0,100.0,0.0,0,0,0,,,,0,0,,,,,,,N
TO,73296,ESPERANTINA,N,21,0,3212,1257,4469,71.87,28.13,Lula,21,0,100.0,0.0,0,0,0,,,,0,0,,,,,,,N
TO,96679,FIGUEIRÓPOLIS,N,17,0,1682,1759,3441,48.88,51.12,Bolsonaro,8,9,47.06,52.94,0,0,0,,,,0,0,,,,,,,N
TO,93556,FILADÉLFIA,N,0,28,0,0,0,,,,0,0,,,2909,1732,4641,62.68,37.32,Lula,28,0,100.0,0.0,,,,,N
TO,93653,FORMOSO DO ARAGUAIA,N,0,58,0,0,0,,,,0,0,,,4698,5747,10445,44.98,55.02,Bolsonaro,18,40,31.03,68.97,,,,,N
TO,96830,FÁTIMA,N,11,0,1185,1288,2473,47.92,52.08,Bolsonaro,2,9,18.18,81.82,0,0,0,,,,0,0,,,,,,,N
TO,92240,GOIANORTE,N,16,0,1748,1589,3337,52.38,47.62,Lula,8,8,50.0,50.0,0,0,0,,,,0,0,,,,,,,N
TO,95338,GOIATINS,N,0,32,0,0,0,,,,0,0,,,4392,1715,6107,71.92,28.08,Lula,32,0,100.0,0.0,,,,,N
TO,96270,GUARAÍ,N,0,61,0,0,0,,,,0,0,,,6050,7124,13174,45.92,54.08,Bolsonaro,15,44,24.59,72.13,,,,,N
TO,93858,GURUPI,S,110,91,11646,12937,24583,47.37,52.63,Bolsonaro,52,58,47.27,52.73,6688,13733,20421,32.75,67.25,Bolsonaro,0,91,0.0,100.0,-14.62,14.62,-47.27,47.27,N
TO,73598,IPUEIRAS,N,7,0,950,353,1303,72.91,27.09,Lula,7,0,100.0,0.0,0,0,0,,,,0,0,,,,,,,N
TO,94056,ITACAJÁ,N,0,21,0,0,0,,,,0,0,,,2655,1503,4158,63.85,36.15,Lula,18,3,85.71,14.29,,,,,N
TO,94099,ITAGUATINS,N,0,16,0,0,0,,,,0,0,,,2249,1080,3329,67.56,32.44,Lula,15,1,93.75,6.25,,,,,N
TO,73202,ITAPIRATINS,N,11,0,1608,890,2498,64.37,35.63,Lula,11,0,100.0,0.0,0,0,0,,,,0,0,,,,,,,N
TO,94170,ITAPORÃ DO TOCANTINS,N,10,0,979,816,1795,54.54,45.46,Lula,7,3,70.0,30.0,0,0,0,,,,0,0,,,,,,,N
TO,73369,JAÚ DO TOCANTINS,N,9,0,1143,968,2111,54.14,45.86,Lula,7,2,77.78,22.22,0,0,0,,,,0,0,,,,,,,N
TO,73253,JUARINA,N,10,0,877,703,1580,55.51,44.49,Lula,9,1,90.0,10.0,0,0,0,,,,0,0,,,,,,,N
TO,73385,LAGOA DA CONFUSÃO,N,27,0,3267,3308,6575,49.69,50.31,Bolsonaro,6,20,22.22,74.07,0,0,0,,,,0,0,,,,,,,N
TO,73113,LAGOA DO TOCANTINS,N,14,0,1537,749,2286,67.24,32.76,Lula,14,0,100.0,0.0,0,0,0,,,,0,0,,,,,,,N
TO,73407,LAJEADO,N,14,0,1258,1165,2423,51.92,48.08,Lula,10,4,71.43,28.57,0,0,0,,,,0,0,,,,,,,N
TO,73601,LAVANDEIRA,N,6,0,833,459,1292,64.47,35.53,Lula,6,0,100.0,0.0,0,0,0,,,,0,0,,,,,,,N
TO,95699,LIZARDA,N,15,0,1441,474,1915,75.25,24.75,Lula,15,0,100.0,0.0,0,0,0,,,,0,0,,,,,,,N
TO,73520,LUZINÓPOLIS,N,9,0,1191,680,1871,63.66,36.34,Lula,9,0,100.0,0.0,0,0,0,,,,0,0,,,,,,,N
TO,92304,MARIANÓPOLIS DO TOCANTINS,N,13,0,1414,1209,2623,53.91,46.09,Lula,5,8,38.46,61.54,0,0,0,,,,0,0,,,,,,,N
TO,73270,MATEIROS,N,8,0,1026,478,1504,68.22,31.78,Lula,7,1,87.5,12.5,0,0,0,,,,0,0,,,,,,,N
TO,73059,MAURILÂNDIA DO TOCANTINS,N,11,0,1830,604,2434,75.18,24.82,Lula,11,0,100.0,0.0,0,0,0,,,,0,0,,,,,,,N
TO,94617,MIRACEMA DO TOCANTINS,N,0,55,0,0,0,,,,0,0,,,6462,4195,10657,60.64,39.36,Lula,49,4,89.09,7.27,,,,,N
TO,94633,MIRANORTE,N,0,38,0,0,0,,,,0,0,,,3781,3754,7535,50.18,49.82,Lula,19,18,50.0,47.37,,,,,N
TO,94692,MONTE DO CARMO,N,19,0,2193,1287,3480,63.02,36.98,Lula,19,0,100.0,0.0,0,0,0,,,,0,0,,,,,,,N
TO,73563,MONTE SANTO DO TOCANTINS,N,8,0,801,1055,1856,43.16,56.84,Bolsonaro,0,8,0.0,100.0,0,0,0,,,,0,0,,,,,,,N
TO,73342,MURICILÂNDIA,N,10,0,1295,752,2047,63.26,36.74,Lula,10,0,100.0,0.0,0,0,0,,,,0,0,,,,,,,N
TO,94811,NATIVIDADE,N,0,29,0,0,0,,,,0,0,,,2928,1865,4793,61.09,38.91,Lula,26,3,89.66,10.34,,,,,N
TO,94838,NAZARÉ,N,15,0,2248,827,3075,73.11,26.89,Lula,15,0,100.0,0.0,0,0,0,,,,0,0,,,,,,,N
TO,96636,NOVA OLINDA,N,28,0,3356,2832,6188,54.23,45.77,Lula,17,10,60.71,35.71,0,0,0,,,,0,0,,,,,,,N
TO,92401,NOVA ROSALÂNDIA,N,9,0,952,1174,2126,44.78,55.22,Bolsonaro,0,9,0.0,100.0,0,0,0,,,,0,0,,,,,,,N
TO,94994,NOVO ACORDO,N,0,16,0,0,0,,,,0,0,,,1626,1222,2848,57.09,42.91,Lula,15,1,93.75,6.25,,,,,N
TO,73148,NOVO ALEGRE,N,7,0,937,529,1466,63.92,36.08,Lula,7,0,100.0,0.0,0,0,0,,,,0,0,,,,,,,N
TO,73172,NOVO JARDIM,N,9,0,1113,465,1578,70.53,29.47,Lula,9,0,100.0,0.0,0,0,0,,,,0,0,,,,,,,N
TO,73466,OLIVEIRA DE FÁTIMA,N,5,0,652,499,1151,56.65,43.35,Lula,4,0,80.0,0.0,0,0,0,,,,0,0,,,,,,,N
TO,73440,PALMAS,S,367,242,34948,61302,96250,36.31,63.69,Bolsonaro,6,361,1.63,98.37,28013,34413,62426,44.87,55.13,Bolsonaro,40,201,16.53,83.06,8.56,-8.56,14.9,-15.31,N
TO,73083,PALMEIRANTE,N,17,0,1902,945,2847,66.81,33.19,Lula,17,0,100.0,0.0,0,0,0,,,,0,0,,,,,,,N
TO,73040,PALMEIRAS DO TOCANTINS,N,15,0,1920,1156,3076,62.42,37.58,Lula,15,0,100.0,0.0,0,0,0,,,,0,0,,,,,,,N
TO,96490,PALMEIRÓPOLIS,N,21,0,1958,2394,4352,44.99,55.01,Bolsonaro,2,18,9.52,85.71,0,0,0,,,,0,0,,,,,,,N
TO,95214,PARANÃ,N,0,28,0,0,0,,,,0,0,,,4449,1136,5585,79.66,20.34,Lula,28,0,100.0,0.0,,,,,N
TO,95192,PARAÍSO DO TOCANTINS,S,62,62,4767,8587,13354,35.7,64.3,Bolsonaro,4,58,6.45,93.55,3582,9120,12702,28.2,71.8,Bolsonaro,0,62,0.0,100.0,-7.5,7.5,-6.45,6.45,N
TO,73261,PAU D'ARCO,N,13,0,1307,1186,2493,52.43,47.57,Lula,9,3,69.23,23.08,0,0,0,,,,0,0,,,,,,,N
TO,95257,PEDRO AFONSO,N,0,44,0,0,0,,,,0,0,,,3833,3732,7565,50.67,49.33,Lula,20,24,45.45,54.55,,,,,N
TO,95273,PEIXE,N,0,29,0,0,0,,,,0,0,,,3454,1764,5218,66.19,33.81,Lula,28,1,96.55,3.45,,,,,N
TO,92487,PEQUIZEIRO,N,15,0,1851,1397,3248,56.99,43.01,Lula,13,1,86.67,6.67,0,0,0,,,,0,0,,,,,,,N
TO,95370,PINDORAMA DO TOCANTINS,N,15,0,1633,1074,2707,60.33,39.67,Lula,14,1,93.33,6.67,0,0,0,,,,0,0,,,,,,,N
TO,73016,PIRAQUÊ,N,9,0,974,653,1627,59.86,40.14,Lula,8,1,88.89,11.11,0,0,0,,,,0,0,,,,,,,N
TO,95478,PIUM,N,20,0,2093,2157,4250,49.25,50.75,Bolsonaro,4,16,20.0,80.0,0,0,0,,,,0,0,,,,,,,N
TO,95516,PONTE ALTA DO BOM JESUS,N,13,0,1772,769,2541,69.74,30.26,Lula,13,0,100.0,0.0,0,0,0,,,,0,0,,,,,,,N
TO,95532,PONTE ALTA DO TOCANTINS,N,0,23,0,0,0,,,,0,0,,,2091,1916,4007,52.18,47.82,Lula,12,11,52.17,47.83,,,,,N
TO,92509,PORTO ALEGRE DO TOCANTINS,N,11,0,1150,483,1633,70.42,29.58,Lula,11,0,100.0,0.0,0,0,0,,,,0,0,,,,,,,N
TO,95591,PORTO NACIONAL,S,83,67,10318,8109,18427,55.99,44.01,Lula,55,28,66.27,33.73,7583,8043,15626,48.53,51.47,Bolsonaro,34,33,50.75,49.25,-7.46,7.46,-15.52,15.52,S
TO,92525,PRAIA NORTE,N,21,0,2794,1281,4075,68.56,31.44,Lula,21,0,100.0,0.0,0,0,0,,,,0,0,,,,,,,N
TO,96296,PRESIDENTE KENNEDY,N,12,0,1133,926,2059,55.03,44.97,Lula,9,3,75.0,25.0,0,0,0,,,,0,0,,,,,,,N
TO,73571,PUGMIL,N,7,0,737,834,1571,46.91,53.09,Bolsonaro,1,6,14.29,85.71,0,0,0,,,,0,0,,,,,,,N
TO,73229,RECURSOLÂNDIA,N,11,0,1577,587,2164,72.87,27.13,Lula,11,0,100.0,0.0,0,0,0,,,,0,0,,,,,,,N
TO,73024,RIACHINHO,N,16,0,1674,1010,2684,62.37,37.63,Lula,14,2,87.5,12.5,0,0,0,,,,0,0,,,,,,,N
TO,73431,RIO DA CONCEIÇÃO,N,8,0,965,459,1424,67.77,32.23,Lula,8,0,100.0,0.0,0,0,0,,,,0,0,,,,,,,N
TO,73415,RIO DOS BOIS,N,9,0,1198,699,1897,63.15,36.85,Lula,9,0,100.0,0.0,0,0,0,,,,0,0,,,,,,,N
TO,96792,RIO SONO,N,19,0,1828,1345,3173,57.61,42.39,Lula,15,4,78.95,21.05,0,0,0,,,,0,0,,,,,,,N
TO,92541,SAMPAIO,N,10,0,1833,788,2621,69.94,30.06,Lula,10,0,100.0,0.0,0,0,0,,,,0,0,,,,,,,N
TO,73156,SANDOLÂNDIA,N,15,0,1222,1322,2544,48.03,51.97,Bolsonaro,5,9,33.33,60.0,0,0,0,,,,0,0,,,,,,,N
TO,73350,SANTA FÉ DO ARAGUAIA,N,19,0,2264,1689,3953,57.27,42.73,Lula,16,3,84.21,15.79,0,0,0,,,,0,0,,,,,,,N
TO,73130,SANTA MARIA DO TOCANTINS,N,11,0,1035,838,1873,55.26,44.74,Lula,10,1,90.91,9.09,0,0,0,,,,0,0,,,,,,,N
TO,73547,SANTA RITA DO TOCANTINS,N,7,0,774,741,1515,51.09,48.91,Lula,3,4,42.86,57.14,0,0,0,,,,0,0,,,,,,,N
TO,92584,SANTA ROSA DO TOCANTINS,N,16,0,2150,924,3074,69.94,30.06,Lula,16,0,100.0,0.0,0,0,0,,,,0,0,,,,,,,N
TO,92606,SANTA TEREZA DO TOCANTINS,N,13,0,1170,1110,2280,51.32,48.68,Lula,6,7,46.15,53.85,0,0,0,,,,0,0,,,,,,,N
TO,73539,SANTA TEREZINHA DO TOCANTINS,N,8,0,1020,558,1578,64.64,35.36,Lula,8,0,100.0,0.0,0,0,0,,,,0,0,,,,,,,N
TO,96598,SILVANÓPOLIS,N,16,0,2049,1372,3421,59.89,40.11,Lula,15,1,93.75,6.25,0,0,0,,,,0,0,,,,,,,N
TO,73377,SUCUPIRA,N,5,0,661,612,1273,51.92,48.08,Lula,3,2,60.0,40.0,0,0,0,,,,0,0,,,,,,,N
TO,73288,SÃO BENTO DO TOCANTINS,N,15,0,2317,975,3292,70.38,29.62,Lula,15,0,100.0,0.0,0,0,0,,,,0,0,,,,,,,N
TO,73105,SÃO FÉLIX DO TOCANTINS,N,7,0,816,285,1101,74.11,25.89,Lula,7,0,100.0,0.0,0,0,0,,,,0,0,,,,,,,N
TO,73180,SÃO MIGUEL DO TOCANTINS,N,27,0,4074,2227,6301,64.66,35.34,Lula,27,0,100.0,0.0,0,0,0,,,,0,0,,,,,,,N
TO,73393,SÃO SALVADOR DO TOCANTINS,N,11,0,1120,484,1604,69.83,30.17,Lula,11,0,100.0,0.0,0,0,0,,,,0,0,,,,,,,N
TO,96032,SÃO SEBASTIÃO DO TOCANTINS,N,12,0,1768,673,2441,72.43,27.57,Lula,12,0,100.0,0.0,0,0,0,,,,0,0,,,,,,,N
TO,92681,SÃO VALÉRIO,N,14,0,2013,751,2764,72.83,27.17,Lula,14,0,100.0,0.0,0,0,0,,,,0,0,,,,,,,N
TO,96130,SÍTIO NOVO DO TOCANTINS,N,29,0,4138,1896,6034,68.58,31.42,Lula,29,0,100.0,0.0,0,0,0,,,,0,0,,,,,,,N
TO,73199,TABOCÃO,N,9,0,1258,1066,2324,54.13,45.87,Lula,8,1,88.89,11.11,0,0,0,,,,0,0,,,,,,,N
TO,96156,TAGUATINGA,N,0,39,0,0,0,,,,0,0,,,5025,2768,7793,64.48,35.52,Lula,38,0,97.44,0.0,,,,,N
TO,73164,TAIPAS DO TOCANTINS,N,7,0,984,316,1300,75.69,24.31,Lula,7,0,100.0,0.0,0,0,0,,,,0,0,,,,,,,N
TO,73504,TALISMÃ,N,11,0,982,872,1854,52.97,47.03,Lula,7,4,63.64,36.36,0,0,0,,,,0,0,,,,,,,N
TO,96210,TOCANTINÓPOLIS,N,0,61,0,0,0,,,,0,0,,,8470,4092,12562,67.43,32.57,Lula,59,2,96.72,3.28,,,,,N
TO,96199,TOCANTÍNIA,N,19,0,2845,1109,3954,71.95,28.05,Lula,19,0,100.0,0.0,0,0,0,,,,0,0,,,,,,,N
TO,73458,TUPIRAMA,N,8,0,815,568,1383,58.93,41.07,Lula,8,0,100.0,0.0,0,0,0,,,,0,0,,,,,,,N
TO,73237,TUPIRATINS,N,6,0,891,423,1314,67.81,32.19,Lula,6,0,100.0,0.0,0,0,0,,,,0,0,,,,,,,N
TO,96652,WANDERLÂNDIA,N,0,29,0,0,0,,,,0,0,,,3129,2055,5184,60.36,39.64,Lula,29,0,100.0,0.0,,,,,N
TO,96431,XAMBIOÁ,N,0,34,0,0,0,,,,0,0,,,3199,3251,6450,49.6,50.4,Bolsonaro,17,16,50.0,47.06,,,,,N
ZZ,29254,ABIDJÃ,N,1,0,26,15,41,63.41,36.59,Lula,1,0,100.0,0.0,0,0,0,,,,0,0,,,,,,,N
ZZ,29262,ABU DHABI,N,4,0,404,593,997,40.52,59.48,Bolsonaro,0,4,0.0,100.0,0,0,0,,,,0,0,,,,,,,N
ZZ,29270,ACCRA,N,1,0,14,4,18,77.78,22.22,Lula,1,0,100.0,0.0,0,0,0,,,,0,0,,,,,,,N
ZZ,30457,AMSTERDÃ,N,13,0,4511,1242,5753,78.41,21.59,Lula,13,0,100.0,0.0,0,0,0,,,,0,0,,,,,,,N
ZZ,29289,AMÃ,N,2,0,407,125,532,76.5,23.5,Lula,2,0,100.0,0.0,0,0,0,,,,0,0,,,,,,,N
ZZ,29297,ANCARA,N,1,0,20,8,28,71.43,28.57,Lula,1,0,100.0,0.0,0,0,0,,,,0,0,,,,,,,N
ZZ,29319,ARTIGAS,N,1,0,125,292,417,29.98,70.02,Bolsonaro,0,1,0.0,100.0,0,0,0,,,,0,0,,,,,,,N
ZZ,29327,ASSUNÇÃO,N,3,0,317,920,1237,25.63,74.37,Bolsonaro,0,3,0.0,100.0,0,0,0,,,,0,0,,,,,,,N
ZZ,29335,ATENAS,N,2,0,193,242,435,44.37,55.63,Bolsonaro,0,1,0.0,50.0,0,0,0,,,,0,0,,,,,,,N
ZZ,39080,ATLANTA,N,18,0,1180,3373,4553,25.92,74.08,Bolsonaro,0,18,0.0,100.0,0,0,0,,,,0,0,,,,,,,N
ZZ,29343,BANGKOK,N,1,0,47,50,97,48.45,51.55,Bolsonaro,0,1,0.0,100.0,0,0,0,,,,0,0,,,,,,,N
ZZ,29351,BARCELONA,N,14,0,3246,1053,4299,75.51,24.49,Lula,14,0,100.0,0.0,0,0,0,,,,0,0,,,,,,,N
ZZ,99473,BAREIN,N,1,0,11,25,36,30.56,69.44,Bolsonaro,0,1,0.0,100.0,0,0,0,,,,0,0,,,,,,,N
ZZ,29360,BEIRUTE,N,9,0,1591,1099,2690,59.14,40.86,Lula,9,0,100.0,0.0,0,0,0,,,,0,0,,,,,,,N
ZZ,29378,BELGRADO,N,1,0,36,12,48,75.0,25.0,Lula,1,0,100.0,0.0,0,0,0,,,,0,0,,,,,,,N
ZZ,29386,BERLIM,N,17,0,6206,1011,7217,85.99,14.01,Lula,17,0,100.0,0.0,0,0,0,,,,0,0,,,,,,,N
ZZ,29394,BISSAU,N,1,0,20,25,45,44.44,55.56,Bolsonaro,0,1,0.0,100.0,0,0,0,,,,0,0,,,,,,,N
ZZ,29408,BOGOTÁ,N,2,0,380,293,673,56.46,43.54,Lula,2,0,100.0,0.0,0,0,0,,,,0,0,,,,,,,N
ZZ,29416,BOSTON,N,51,0,3508,10960,14468,24.25,75.75,Bolsonaro,0,51,0.0,100.0,0,0,0,,,,0,0,,,,,,,N
ZZ,39209,BRATISLAVA,N,1,0,43,19,62,69.35,30.65,Lula,1,0,100.0,0.0,0,0,0,,,,0,0,,,,,,,N
ZZ,29432,BRUXELAS,N,9,0,2115,1444,3559,59.43,40.57,Lula,8,1,88.89,11.11,0,0,0,,,,0,0,,,,,,,N
ZZ,29440,BUCARESTE,N,1,0,38,19,57,66.67,33.33,Lula,1,0,100.0,0.0,0,0,0,,,,0,0,,,,,,,N
ZZ,29459,BUDAPESTE,N,2,0,481,83,564,85.28,14.72,Lula,2,0,100.0,0.0,0,0,0,,,,0,0,,,,,,,N
ZZ,29467,BUENOS AIRES,N,15,0,4373,2240,6613,66.13,33.87,Lula,15,0,100.0,0.0,0,0,0,,,,0,0,,,,,,,N
ZZ,29475,CAIENA,N,5,0,598,722,1320,45.3,54.7,Bolsonaro,1,4,20.0,80.0,0,0,0,,,,0,0,,,,,,,N
ZZ,29483,CAIRO,N,1,0,46,23,69,66.67,33.33,Lula,1,0,100.0,0.0,0,0,0,,,,0,0,,,,,,,N
ZZ,29491,CAMBERRA,N,7,0,1264,709,1973,64.06,35.94,Lula,7,0,100.0,0.0,0,0,0,,,,0,0,,,,,,,N
ZZ,30651,CANTÃO,N,1,0,27,61,88,30.68,69.32,Bolsonaro,0,1,0.0,100.0,0,0,0,,,,0,0,,,,,,,N
ZZ,29505,CARACAS,N,2,0,0,6,6,0.0,100.0,Bolsonaro,0,2,0.0,100.0,0,0,0,,,,0,0,,,,,,,N
ZZ,29513,CHICAGO,N,14,0,1586,1251,2837,55.9,44.1,Lula,11,3,78.57,21.43,0,0,0,,,,0,0,,,,,,,N
ZZ,29530,CIDADE DO CABO,N,1,0,100,62,162,61.73,38.27,Lula,1,0,100.0,0.0,0,0,0,,,,0,0,,,,,,,N
ZZ,29556,CIUDAD DEL ESTE,N,7,0,238,2719,2957,8.05,91.95,Bolsonaro,0,7,0.0,100.0,0,0,0,,,,0,0,,,,,,,N
ZZ,29564,CIUDAD GUAYANA,N,0,0,0,0,0,,,,0,0,,,0,0,0,,,,0,0,,,,,,,N
ZZ,29572,COCHABAMBA,N,1,0,101,169,270,37.41,62.59,Bolsonaro,0,1,0.0,100.0,0,0,0,,,,0,0,,,,,,,N
ZZ,29580,CONCEPCIÓN,N,1,0,3,32,35,8.57,91.43,Bolsonaro,0,1,0.0,100.0,0,0,0,,,,0,0,,,,,,,N
ZZ,29599,COPENHAGUE,N,4,0,1047,198,1245,84.1,15.9,Lula,4,0,100.0,0.0,0,0,0,,,,0,0,,,,,,,N
ZZ,29602,CÓRDOBA,N,2,0,180,161,341,52.79,47.21,Lula,1,1,50.0,50.0,0,0,0,,,,0,0,,,,,,,N
ZZ,29610,DACAR,N,1,0,39,28,67,58.21,41.79,Lula,1,0,100.0,0.0,0,0,0,,,,0,0,,,,,,,N
ZZ,38962,DAR ES SALAAM,N,1,0,6,2,8,75.0,25.0,Lula,1,0,100.0,0.0,0,0,0,,,,0,0,,,,,,,N
ZZ,29653,DOHA,N,1,0,151,221,372,40.59,59.41,Bolsonaro,0,1,0.0,100.0,0,0,0,,,,0,0,,,,,,,N
ZZ,29661,DUBLIN,N,16,0,6023,1339,7362,81.81,18.19,Lula,16,0,100.0,0.0,0,0,0,,,,0,0,,,,,,,N
ZZ,29645,DÍLI,N,1,0,22,37,59,37.29,62.71,Bolsonaro,0,1,0.0,100.0,0,0,0,,,,0,0,,,,,,,N
ZZ,29670,ENCARNACIÓN,N,1,0,16,121,137,11.68,88.32,Bolsonaro,0,1,0.0,100.0,0,0,0,,,,0,0,,,,,,,N
ZZ,29688,ESTOCOLMO,N,6,0,1785,542,2327,76.71,23.29,Lula,6,0,100.0,0.0,0,0,0,,,,0,0,,,,,,,N
ZZ,30961,FARO,N,7,0,934,862,1796,52.0,48.0,Lula,3,4,42.86,57.14,0,0,0,,,,0,0,,,,,,,N
ZZ,29696,FRANKFURT,N,18,0,3647,1453,5100,71.51,28.49,Lula,18,0,100.0,0.0,0,0,0,,,,0,0,,,,,,,N
ZZ,29700,GENEBRA,N,14,0,2320,2279,4599,50.45,49.55,Lula,7,7,50.0,50.0,0,0,0,,,,0,0,,,,,,,N
ZZ,29718,GEORGETOWN,N,1,0,8,58,66,12.12,87.88,Bolsonaro,0,1,0.0,100.0,0,0,0,,,,0,0,,,,,,,N
ZZ,98000,GUATEMALA,N,1,0,35,108,143,24.48,75.52,Bolsonaro,0,1,0.0,100.0,0,0,0,,,,0,0,,,,,,,N
ZZ,29742,HAMAMATSU,N,16,0,841,4916,5757,14.61,85.39,Bolsonaro,0,16,0.0,100.0,0,0,0,,,,0,0,,,,,,,N
ZZ,29750,HANÓI,N,1,0,13,6,19,68.42,31.58,Lula,1,0,100.0,0.0,0,0,0,,,,0,0,,,,,,,N
ZZ,30902,HARTFORD,N,6,0,525,933,1458,36.01,63.99,Bolsonaro,1,5,16.67,83.33,0,0,0,,,,0,0,,,,,,,N
ZZ,29777,HAVANA,N,1,0,32,0,32,100.0,0.0,Lula,1,0,100.0,0.0,0,0,0,,,,0,0,,,,,,,N
ZZ,29785,HELSINQUE,N,2,0,444,163,607,73.15,26.85,Lula,2,0,100.0,0.0,0,0,0,,,,0,0,,,,,,,N
ZZ,29793,HONG KONG,N,1,0,80,95,175,45.71,54.29,Bolsonaro,0,1,0.0,100.0,0,0,0,,,,0,0,,,,,,,N
ZZ,29807,HOUSTON,N,21,0,1458,2748,4206,34.66,65.34,Bolsonaro,0,21,0.0,100.0,0,0,0,,,,0,0,,,,,,,N
ZZ,39306,ISTAMBUL,N,1,0,76,44,120,63.33,36.67,Lula,1,0,100.0,0.0,0,0,0,,,,0,0,,,,,,,N
ZZ,29840,JACARTA,N,1,0,15,32,47,31.91,68.09,Bolsonaro,0,1,0.0,100.0,0,0,0,,,,0,0,,,,,,,N
ZZ,29173,KATMANDU,N,1,0,2,13,15,13.33,86.67,Bolsonaro,0,1,0.0,100.0,0,0,0,,,,0,0,,,,,,,N
ZZ,99430,KINGSTON-JAMAICA,N,1,0,11,10,21,52.38,47.62,Lula,1,0,100.0,0.0,0,0,0,,,,0,0,,,,,,,N
ZZ,29874,KINSHASA,N,1,0,1,9,10,10.0,90.0,Bolsonaro,0,1,0.0,100.0,0,0,0,,,,0,0,,,,,,,N
ZZ,29882,KUAITE,N,1,0,10,29,39,25.64,74.36,Bolsonaro,0,1,0.0,100.0,0,0,0,,,,0,0,,,,,,,N
ZZ,29890,KUALA LUMPUR,N,1,0,32,26,58,55.17,44.83,Lula,1,0,100.0,0.0,0,0,0,,,,0,0,,,,,,,N
ZZ,29904,LA PAZ,N,1,0,74,126,200,37.0,63.0,Bolsonaro,0,1,0.0,100.0,0,0,0,,,,0,0,,,,,,,N
ZZ,29912,LAGOS,N,1,0,21,4,25,84.0,16.0,Lula,1,0,100.0,0.0,0,0,0,,,,0,0,,,,,,,N
ZZ,29947,LIMA,N,2,0,314,430,744,42.2,57.8,Bolsonaro,0,2,0.0,100.0,0,0,0,,,,0,0,,,,,,,N
ZZ,29955,LISBOA,N,58,0,12872,7085,19957,64.5,35.5,Lula,51,7,87.93,12.07,0,0,0,,,,0,0,,,,,,,N
ZZ,39160,LIUBLIANA,N,1,0,52,21,73,71.23,28.77,Lula,1,0,100.0,0.0,0,0,0,,,,0,0,,,,,,,N
ZZ,29971,LONDRES,N,44,0,9064,6004,15068,60.15,39.85,Lula,40,3,90.91,6.82,0,0,0,,,,0,0,,,,,,,N
ZZ,29980,LOS ANGELES,N,18,0,1955,2014,3969,49.26,50.74,Bolsonaro,8,10,44.44,55.56,0,0,0,,,,0,0,,,,,,,N
ZZ,29998,LUANDA,N,1,0,124,99,223,55.61,44.39,Lula,1,0,100.0,0.0,0,0,0,,,,0,0,,,,,,,N
ZZ,99287,LUSACA,N,1,0,13,1,14,92.86,7.14,Lula,1,0,100.0,0.0,0,0,0,,,,0,0,,,,,,,N
ZZ,30066,MADRI,N,26,0,3078,2410,5488,56.09,43.91,Lula,21,5,80.77,19.23,0,0,0,,,,0,0,,,,,,,N
ZZ,30082,MANILA,N,1,0,22,34,56,39.29,60.71,Bolsonaro,0,1,0.0,100.0,0,0,0,,,,0,0,,,,,,,N
ZZ,30074,MANÁGUA,N,1,0,34,38,72,47.22,52.78,Bolsonaro,0,1,0.0,100.0,0,0,0,,,,0,0,,,,,,,N
ZZ,30090,MAPUTO,N,1,0,140,166,306,45.75,54.25,Bolsonaro,0,1,0.0,100.0,0,0,0,,,,0,0,,,,,,,N
ZZ,39102,MASCATE,N,1,0,14,32,46,30.43,69.57,Bolsonaro,0,1,0.0,100.0,0,0,0,,,,0,0,,,,,,,N
ZZ,39004,MENDOZA,N,1,0,56,88,144,38.89,61.11,Bolsonaro,0,1,0.0,100.0,0,0,0,,,,0,0,,,,,,,N
ZZ,30104,MEXICO,N,6,0,633,696,1329,47.63,52.37,Bolsonaro,0,6,0.0,100.0,0,0,0,,,,0,0,,,,,,,N
ZZ,30112,MIAMI,N,56,0,3058,13187,16245,18.82,81.18,Bolsonaro,0,56,0.0,100.0,0,0,0,,,,0,0,,,,,,,N
ZZ,30120,MILÃO,N,31,0,3371,3044,6415,52.55,47.45,Lula,17,14,54.84,45.16,0,0,0,,,,0,0,,,,,,,N
ZZ,30147,MONTEVIDÉU,N,4,0,745,540,1285,57.98,42.02,Lula,4,0,100.0,0.0,0,0,0,,,,0,0,,,,,,,N
ZZ,30155,MONTREAL,N,13,0,3871,1741,5612,68.98,31.02,Lula,13,0,100.0,0.0,0,0,0,,,,0,0,,,,,,,N
ZZ,30163,MOSCOU,N,1,0,46,23,69,66.67,33.33,Lula,1,0,100.0,0.0,0,0,0,,,,0,0,,,,,,,N
ZZ,30171,MUMBAI,N,1,0,11,4,15,73.33,26.67,Lula,1,0,100.0,0.0,0,0,0,,,,0,0,,,,,,,N
ZZ,30180,MUNIQUE,N,17,0,3534,1559,5093,69.39,30.61,Lula,17,0,100.0,0.0,0,0,0,,,,0,0,,,,,,,N
ZZ,30198,NAGÓIA,N,48,0,2117,12704,14821,14.28,85.72,Bolsonaro,0,48,0.0,100.0,0,0,0,,,,0,0,,,,,,,N
ZZ,30201,NAIRÓBI,N,1,0,35,25,60,58.33,41.67,Lula,1,0,100.0,0.0,0,0,0,,,,0,0,,,,,,,N
ZZ,99180,NASSAU,N,1,0,9,14,23,39.13,60.87,Bolsonaro,0,1,0.0,100.0,0,0,0,,,,0,0,,,,,,,N
ZZ,39322,NICOSIA,N,1,0,15,9,24,62.5,37.5,Lula,1,0,100.0,0.0,0,0,0,,,,0,0,,,,,,,N
ZZ,30210,NOVA DELHI,N,1,0,23,14,37,62.16,37.84,Lula,1,0,100.0,0.0,0,0,0,,,,0,0,,,,,,,N
ZZ,30228,NOVA YORK,N,39,0,5331,6068,11399,46.77,53.23,Bolsonaro,8,30,20.51,76.92,0,0,0,,,,0,0,,,,,,,N
ZZ,30244,OSLO,N,3,0,628,197,825,76.12,23.88,Lula,3,0,100.0,0.0,0,0,0,,,,0,0,,,,,,,N
ZZ,30252,OTTAWA,N,3,0,680,381,1061,64.09,35.91,Lula,3,0,100.0,0.0,0,0,0,,,,0,0,,,,,,,N
ZZ,30260,PANAMA,N,2,0,252,392,644,39.13,60.87,Bolsonaro,0,2,0.0,100.0,0,0,0,,,,0,0,,,,,,,N
ZZ,30279,PARAMARIBO,N,2,0,131,354,485,27.01,72.99,Bolsonaro,0,2,0.0,100.0,0,0,0,,,,0,0,,,,,,,N
ZZ,30287,PARIS,N,29,0,7885,1622,9507,82.94,17.06,Lula,29,0,100.0,0.0,0,0,0,,,,0,0,,,,,,,N
ZZ,30309,PEDRO JUAN CABALLERO,N,1,0,98,260,358,27.37,72.63,Bolsonaro,0,1,0.0,100.0,0,0,0,,,,0,0,,,,,,,N
ZZ,30317,PEQUIM,N,1,0,47,23,70,67.14,32.86,Lula,1,0,100.0,0.0,0,0,0,,,,0,0,,,,,,,N
ZZ,30325,PORT OF SPAIN,N,1,0,16,15,31,51.61,48.39,Lula,1,0,100.0,0.0,0,0,0,,,,0,0,,,,,,,N
ZZ,30341,PORTO,N,39,0,9450,5134,14584,64.8,35.2,Lula,36,3,92.31,7.69,0,0,0,,,,0,0,,,,,,,N
ZZ,30333,PORTO PRÍNCIPE,N,1,0,2,3,5,40.0,60.0,Bolsonaro,0,1,0.0,100.0,0,0,0,,,,0,0,,,,,,,N
ZZ,30350,PRAGA,N,1,0,286,73,359,79.67,20.33,Lula,1,0,100.0,0.0,0,0,0,,,,0,0,,,,,,,N
ZZ,30368,PRAIA,N,1,0,40,22,62,64.52,35.48,Lula,1,0,100.0,0.0,0,0,0,,,,0,0,,,,,,,N
ZZ,30376,PRETÓRIA,N,1,0,83,207,290,28.62,71.38,Bolsonaro,0,1,0.0,100.0,0,0,0,,,,0,0,,,,,,,N
ZZ,99155,PUERTO IGUAZÚ,N,1,0,5,0,5,100.0,0.0,Lula,1,0,100.0,0.0,0,0,0,,,,0,0,,,,,,,N
ZZ,30392,QUITO,N,2,0,115,255,370,31.08,68.92,Bolsonaro,0,2,0.0,100.0,0,0,0,,,,0,0,,,,,,,N
ZZ,30406,RABAT,N,1,0,38,8,46,82.61,17.39,Lula,1,0,100.0,0.0,0,0,0,,,,0,0,,,,,,,N
ZZ,30414,RAMALLAH,N,2,0,584,61,645,90.54,9.46,Lula,2,0,100.0,0.0,0,0,0,,,,0,0,,,,,,,N
ZZ,30422,RIADE,N,1,0,38,18,56,67.86,32.14,Lula,1,0,100.0,0.0,0,0,0,,,,0,0,,,,,,,N
ZZ,30430,RIO BRANCO,N,1,0,13,9,22,59.09,40.91,Lula,1,0,100.0,0.0,0,0,0,,,,0,0,,,,,,,N
ZZ,30449,ROMA,N,20,0,2449,1648,4097,59.78,40.22,Lula,20,0,100.0,0.0,0,0,0,,,,0,0,,,,,,,N
ZZ,30465,SALTO DEL GUAIRÁ,N,1,0,29,549,578,5.02,94.98,Bolsonaro,0,1,0.0,100.0,0,0,0,,,,0,0,,,,,,,N
ZZ,30473,SANTA CRUZ DE LA SIERRA,N,4,0,138,870,1008,13.69,86.31,Bolsonaro,0,4,0.0,100.0,0,0,0,,,,0,0,,,,,,,N
ZZ,30481,SANTIAGO,N,5,0,905,922,1827,49.53,50.47,Bolsonaro,2,3,40.0,60.0,0,0,0,,,,0,0,,,,,,,N
ZZ,30538,SEUL,N,1,0,126,70,196,64.29,35.71,Lula,1,0,100.0,0.0,0,0,0,,,,0,0,,,,,,,N
ZZ,29548,SINGAPURA,N,2,0,230,131,361,63.71,36.29,Lula,2,0,100.0,0.0,0,0,0,,,,0,0,,,,,,,N
ZZ,30562,SYDNEY,N,15,0,3057,1863,4920,62.13,37.87,Lula,13,2,86.67,13.33,0,0,0,,,,0,0,,,,,,,N
ZZ,30490,SÃO DOMINGOS,N,1,0,80,138,218,36.7,63.3,Bolsonaro,0,1,0.0,100.0,0,0,0,,,,0,0,,,,,,,N
ZZ,30503,SÃO FRANCISCO,N,17,0,2447,1568,4015,60.95,39.05,Lula,16,1,94.12,5.88,0,0,0,,,,0,0,,,,,,,N
ZZ,30511,SÃO JOSÉ,N,1,0,166,200,366,45.36,54.64,Bolsonaro,0,1,0.0,100.0,0,0,0,,,,0,0,,,,,,,N
ZZ,30520,SÃO SALVADOR,N,1,0,27,44,71,38.03,61.97,Bolsonaro,0,1,0.0,100.0,0,0,0,,,,0,0,,,,,,,N
ZZ,30546,SÓFIA,N,1,0,24,7,31,77.42,22.58,Lula,1,0,100.0,0.0,0,0,0,,,,0,0,,,,,,,N
ZZ,30570,TAIPÉ,N,1,0,101,132,233,43.35,56.65,Bolsonaro,0,1,0.0,100.0,0,0,0,,,,0,0,,,,,,,N
ZZ,99317,TALIN,N,1,0,156,23,179,87.15,12.85,Lula,1,0,100.0,0.0,0,0,0,,,,0,0,,,,,,,N
ZZ,30597,TEERÃ,N,1,0,8,9,17,47.06,52.94,Bolsonaro,0,1,0.0,100.0,0,0,0,,,,0,0,,,,,,,N
ZZ,30600,TEGUCIGALPA,N,1,0,29,47,76,38.16,61.84,Bolsonaro,0,1,0.0,100.0,0,0,0,,,,0,0,,,,,,,N
ZZ,30619,TEL AVIV,N,4,0,353,405,758,46.57,53.43,Bolsonaro,1,3,25.0,75.0,0,0,0,,,,0,0,,,,,,,N
ZZ,30635,TORONTO,N,23,0,5188,4111,9299,55.79,44.21,Lula,14,9,60.87,39.13,0,0,0,,,,0,0,,,,,,,N
ZZ,30708,TUNIS,N,1,0,8,4,12,66.67,33.33,Lula,1,0,100.0,0.0,0,0,0,,,,0,0,,,,,,,N
ZZ,30627,TÓQUIO,N,40,0,2454,10020,12474,19.67,80.33,Bolsonaro,0,40,0.0,100.0,0,0,0,,,,0,0,,,,,,,N
ZZ,39063,VANCOUVER,N,14,0,3442,1980,5422,63.48,36.52,Lula,13,1,92.86,7.14,0,0,0,,,,0,0,,,,,,,N
ZZ,30740,VARSÓVIA,N,1,0,212,68,280,75.71,24.29,Lula,1,0,100.0,0.0,0,0,0,,,,0,0,,,,,,,N
ZZ,30767,VIENA,N,4,0,960,379,1339,71.7,28.3,Lula,4,0,100.0,0.0,0,0,0,,,,0,0,,,,,,,N
ZZ,30783,WASHINGTON,N,20,0,2552,2494,5046,50.57,49.43,Lula,9,11,45.0,55.0,0,0,0,,,,0,0,,,,,,,N
ZZ,30805,WELLINGTON,N,4,0,389,164,553,70.34,29.66,Lula,4,0,100.0,0.0,0,0,0,,,,0,0,,,,,,,N
ZZ,30821,WINDHOEK,N,1,0,4,31,35,11.43,88.57,Bolsonaro,0,1,0.0,100.0,0,0,0,,,,0,0,,,,,,,N
ZZ,30848,XANGAI,N,1,0,125,62,187,66.84,33.16,Lula,1,0,100.0,0.0,0,0,0,,,,0,0,,,,,,,N
ZZ,39020,ZAGREB,N,1,0,26,15,41,63.41,36.59,Lula,1,0,100.0,0.0,0,0,0,,,,0,0,,,,,,,N
ZZ,30864,ZURIQUE,N,19,0,3189,2762,5951,53.59,46.41,Lula,16,3,84.21,15.79,0,0,0,,,,0,0,,,,,,,N
