Colegiado;AreaAtuacao;Membro;Posse;Exoneracao;StatusMembroColegiado
Comissão Técnica da Moeda e do Crédito - Comoc;Presidente da Comissão de Valores Mobliários (CVM);Otto Eduardo Fonseca de Albuquerque Lobo;2026-06-03T03:00:00Z;null;Em exercício
Comissão Técnica da Moeda e do Crédito - Comoc;Secretaria-Executiva de Planejamento, Orçamento e Coordenação/Ministério do Planejamento/Ministério do Planejamento e Orçamento;Guilherme Santos Mello;2026-04-17T03:00:00Z;null;Em exercício
Comissão Técnica da Moeda e do Crédito - Comoc;Secretaria de Política Econômica do Ministério da Fazenda;Débora Freire Cardoso;2026-04-17T03:00:00Z;null;Em exercício
Conselho Monetário Nacional - CMN;Ministro do Planejamento e Orçamento;Bruno Moretti;2026-03-31T03:00:00Z;null;Em exercício
Comissão Técnica da Moeda e do Crédito - Comoc;Secretaria do Tesouro Nacional;Daniel Cardoso Leal;2026-03-24T03:00:00Z;null;Em exercício
Comissão Técnica da Moeda e do Crédito - Comoc;Secretaria-Executiva do Ministério da Fazenda;Rogério Ceron de Oliveira;2026-03-24T03:00:00Z;null;Em exercício
Conselho Monetário Nacional - CMN;Ministro da Fazenda;Dario Carnevali Durigan;2026-03-20T03:00:00Z;null;Em exercício
Comissão Técnica da Moeda e do Crédito - Comoc;Secretaria de Reformas Econômicas do Ministério da Fazenda;Regis Anderson Dudena;2026-01-29T03:00:00Z;null;Em exercício
Diretoria Colegiada;Diretor de Política Econômica - Dipec;Paulo Picchetti;2026-01-01T03:00:00Z;null;Em exercício
Comissão Técnica da Moeda e do Crédito - Comoc;Presidente da Comissão de Valores Mobliários (CVM), interino;João Carlos de Andrade Uzêda Accioly;2026-01-01T03:00:00Z;null;Em exercício
Diretoria Colegiada;Diretor de Organização do Sistema Financeiro e de Resolução - Diorf;Gilneu Francisco Astolfi Vivan;2026-01-01T03:00:00Z;null;Em exercício
Comissão Técnica da Moeda e do Crédito - Comoc;Presidente da Comissão de Valores Mobliários (CVM), interino;Otto Eduardo Fonseca de Albuquerque Lobo;2025-07-21T03:00:00Z;2025-12-31T03:00:00Z;Exonerado
Comissão Técnica da Moeda e do Crédito - Comoc;Diretor do Banco Central do Brasil;Nilton José Schneider David ;2025-01-01T03:00:00Z;null;Em exercício
Diretoria Colegiada;Presidente do Banco Central do Brasil;Gabriel Muricca Galípolo;2025-01-01T03:00:00Z;null;Em exercício
Diretoria Colegiada;Diretor de Cidadania e Supervisão de Conduta - Direc;Izabela Moreira Correa ;2025-01-01T03:00:00Z;null;Em exercício
Conselho Monetário Nacional - CMN;Presidente do Banco Central do Brasil;Gabriel Muricca Galípolo;2025-01-01T03:00:00Z;null;Em exercício
Comissão Técnica da Moeda e do Crédito - Comoc;Diretor do Banco Central do Brasil;Izabela Moreira Correa;2025-01-01T03:00:00Z;null;Em exercício
Diretoria Colegiada;Diretor de Política Monetária - Dipom;Nilton José Schneider David ;2025-01-01T03:00:00Z;null;Em exercício
Comissão Técnica da Moeda e do Crédito - Comoc;Presidente do Banco Central do Brasil;Gabriel Muricca Galípolo;2025-01-01T03:00:00Z;null;Em exercício
Comissão Técnica da Moeda e do Crédito - Comoc;Diretor do Banco Central do Brasil ;Gilneu Francisco Astolfi Vivan;2025-01-01T03:00:00Z;null;Em exercício
Diretoria Colegiada;Diretor de Regulação - Dinor;Gilneu Francisco Astolfi Vivan;2025-01-01T03:00:00Z;null;Em exercício
Diretoria Colegiada;Diretor de Assuntos Internacionais e de Gestão de Riscos Corporativos - Direx;Paulo Picchetti;2024-01-02T03:00:00Z;null;Em exercício
Diretoria Colegiada;Diretor de Relacionamento Institucional, Cidadania e Supervisão de Conduta - Direc;Carolina de Assis Barros;2024-01-02T03:00:00Z;2024-12-31T03:00:00Z;Exonerado
Comissão Técnica da Moeda e do Crédito - Comoc;Diretor do Banco Central do Brasil;Paulo Picchetti;2024-01-02T03:00:00Z;null;Em exercício
Diretoria Colegiada;Diretor de Administração - Dirad;Rodrigo Alves Teixeira;2024-01-02T03:00:00Z;null;Em exercício
Comissão Técnica da Moeda e do Crédito - Comoc;Diretor do Banco Central do Brasil;Rodrigo Alves Teixeira;2024-01-01T03:00:00Z;null;Em exercício
Comissão Técnica da Moeda e do Crédito - Comoc;Diretor do Banco Central do Brasil;Gabriel Muricca Galípolo;2023-07-12T03:00:00Z;2024-12-31T03:00:00Z;Dispensado do encargo
Diretoria Colegiada;Diretor de Política Monetária - Dipom;Gabriel Muricca Galípolo;2023-07-12T03:00:00Z;2024-12-31T03:00:00Z;Dispensado do encargo
Comissão Técnica da Moeda e do Crédito - Comoc;Diretor do Banco Central do Brasil;Ailton de Aquino Santos;2023-07-12T03:00:00Z;null;Em exercício
Diretoria Colegiada;Diretor de Fiscalização - Difis;Ailton de Aquino Santos;2023-07-12T03:00:00Z;null;Em exercício
Comissão Técnica da Moeda e do Crédito - Comoc;Secretaria-Executiva do Ministério da Fazenda;Dario Carnevali Durigan;2023-06-20T03:00:00Z;2026-03-19T03:00:00Z;Exonerado
Diretoria Colegiada;Diretor de Política Monetária - Dipom;Diogo Abry Guillen;2023-03-23T03:00:00Z;2023-07-12T03:00:00Z;Dispensado do encargo
Comissão Técnica da Moeda e do Crédito - Comoc;Secretaria-Executiva de Planejamento, Orçamento e Coordenação/Ministério do Planejamento/Ministério do Planejamento e Orçamento;Gustavo José de Guimarães e Souza;2023-01-24T03:00:00Z;2026-04-01T03:00:00Z;Exonerado
Comissão Técnica da Moeda e do Crédito - Comoc;Secretaria de Reformas Econômicas do Ministério da Fazenda;Marcos Barbosa Pinto;2023-01-24T03:00:00Z;2025-01-04T03:00:00Z;Exonerado
Comissão Técnica da Moeda e do Crédito - Comoc;Secretaria de Política Econômica do Ministério da Fazenda;Guilherme Santos Mello;2023-01-12T03:00:00Z;2026-04-16T03:00:00Z;Exonerado
Comissão Técnica da Moeda e do Crédito - Comoc;Secretaria do Tesouro Nacional;Rogério Ceron de Oliveira;2023-01-04T03:00:00Z;2026-03-23T03:00:00Z;Exonerado
Comissão Técnica da Moeda e do Crédito - Comoc;Secretaria-Executiva do Ministério da Fazenda;Gabriel Muricca Galípolo;2023-01-01T03:00:00Z;2023-06-20T03:00:00Z;Exonerado
Conselho Monetário Nacional - CMN;Ministro da Fazenda;Fernando Haddad;2023-01-01T03:00:00Z;2026-03-19T03:00:00Z;Exonerado
Conselho Monetário Nacional - CMN;Ministro do Planejamento e Orçamento;Simone Nassar Tebet;2023-01-01T03:00:00Z;2026-03-30T03:00:00Z;Exonerado
Conselho Monetário Nacional - CMN;Secretario Especial do Tesouro e Orçamento do Ministério da Economia;Julio Alexandre Menezes da Silva;2022-12-02T03:00:00Z;2023-01-01T03:00:00Z;Exonerado
Comissão Técnica da Moeda e do Crédito - Comoc;Presidente da Comissão de Valores Mobiliários (CVM);João Pedro Barroso do Nascimento;2022-07-15T03:00:00Z;2025-07-20T03:00:00Z;Exonerado
Comissão Técnica da Moeda e do Crédito - Comoc;Diretor do Banco Central do Brasil;Diogo Abry Guillen;2022-04-25T03:00:00Z;2025-12-31T03:00:00Z;Exonerado
Comissão Técnica da Moeda e do Crédito - Comoc;Diretor do Banco Central do Brasil;Renato Dias de Brito Gomes;2022-04-25T03:00:00Z;2025-12-31T03:00:00Z;Exonerado
Diretoria Colegiada;Diretor de Organização do Sistema Financeiro e de Resolução - Diorf;Renato Dias de Brito Gomes;2022-04-25T03:00:00Z;2025-12-31T03:00:00Z;Exonerado
Diretoria Colegiada;Diretor de Política Econômica - Dipec;Diogo Abry Guillen;2022-04-25T03:00:00Z;2025-12-31T03:00:00Z;Exonerado
Comissão Técnica da Moeda e do Crédito - Comoc;Secretaria de Política Econômica do Ministério da Fazenda (SPE) / Ministério da Economia;Pedro Calhman de Miranda;2022-02-24T03:00:00Z;2023-01-02T03:00:00Z;Exonerado
Diretoria Colegiada;Diretor de Organização do Sistema Financeiro e de Resolução - Diorf;Otávio Ribeiro Damaso;2022-02-09T03:00:00Z;2022-04-24T03:00:00Z;Dispensado do encargo
Diretoria Colegiada;Diretor de Política Econômica - Dipec;Fernanda Magalhães Rumenos Guardado;2021-12-31T03:00:00Z;2022-04-25T03:00:00Z;Dispensado do encargo
Conselho Monetário Nacional - CMN;Secretario Especial do Tesouro e Orçamento do Ministério da Economia;Esteves Pedro Colnago Júnior;2021-10-29T03:00:00Z;2022-12-01T03:00:00Z;Exonerado
Comissão Técnica da Moeda e do Crédito - Comoc;Secretaria do Tesouro Nacional;Paulo Fontoura Valle;2021-10-29T03:00:00Z;2023-01-02T03:00:00Z;Exonerado
Diretoria Colegiada;Diretor de Assuntos Internacionais e de Gestão de Riscos Corporativos - Direx;Fernanda Magalhães Rumenos Guardado;2021-07-26T03:00:00Z;2024-01-02T03:00:00Z;Exonerado
Comissão Técnica da Moeda e do Crédito - Comoc;Diretor do Banco Central do Brasil;Fernanda Magalhães Rumenos Guardado;2021-07-26T03:00:00Z;2024-01-02T03:00:00Z;Exonerado
Conselho Monetário Nacional - CMN;Secretario Especial do Tesouro e Orçamento do Ministério da Economia;Bruno Funchal;2021-05-11T03:00:00Z;2021-10-29T03:00:00Z;Exonerado
Comissão Técnica da Moeda e do Crédito - Comoc;Secretaria do Tesouro Nacional;Jeferson Luis Bittencourt;2021-05-11T03:00:00Z;2021-10-29T03:00:00Z;Exonerado
Diretoria Colegiada;Diretor de Assuntos Internacionais e de Gestão de Riscos Corporativos - Direx;João Manoel Pinho de Mello;2021-05-07T03:00:00Z;2021-07-26T03:00:00Z;Dispensado do encargo
Comissão Técnica da Moeda e do Crédito - Comoc;Secretaria do Tesouro Nacional;Bruno Funchal;2020-07-15T03:00:00Z;2021-05-11T03:00:00Z;Exonerado
Comissão Técnica da Moeda e do Crédito - Comoc;Diretor do Banco Central do Brasil;Fábio Kanczuk;2019-12-09T03:00:00Z;2021-12-30T03:00:00Z;Exonerado
Diretoria Colegiada;Diretor de Política Econômica - Dipec;Fábio Kanczuk;2019-12-06T03:00:00Z;2021-12-30T03:00:00Z;Exonerado
Diretoria Colegiada;Diretor de Política Econômica - Dipec;Bruno Serra Fernandes;2019-10-03T03:00:00Z;2019-12-09T03:00:00Z;Dispensado do encargo
Diretoria Colegiada;Diretor de Política Econômica - Dipec;Otávio Ribeiro Damaso;2019-10-02T03:00:00Z;2019-10-02T03:00:00Z;Dispensado do encargo
Diretoria Colegiada;Diretor de Política Econômica - Dipec;Mauricio Costa de Moura;2019-10-01T03:00:00Z;2019-10-01T03:00:00Z;Dispensado do encargo
Diretoria Colegiada;Diretor de Assuntos Internacionais e de Gestão de Riscos Corporativos - Direx;Fernanda Feitosa Nechio;2019-07-05T03:00:00Z;2021-05-07T03:00:00Z;Exonerado
Comissão Técnica da Moeda e do Crédito - Comoc;Diretor do Banco Central do Brasil;Fernanda Feitosa Nechio;2019-07-05T03:00:00Z;2021-05-07T03:00:00Z;Exonerado
Diretoria Colegiada;Diretor de Assuntos Internacionais e de Gestão de Riscos Corporativos - Direx;João Manoel Pinho de Mello;2019-06-21T03:00:00Z;2019-07-05T03:00:00Z;Dispensado do encargo
Diretoria Colegiada;Diretor de Relacionamento Institucional, Cidadania e Supervisão de Conduta - Direc;Mauricio Costa de Moura;2019-06-06T03:00:00Z;2024-01-02T03:00:00Z;Exonerado
Diretoria Colegiada;Diretor de Política Monetária - Dipom;Bruno Serra Fernandes;2019-02-28T03:00:00Z;2023-03-23T03:00:00Z;Exonerado
Diretoria Colegiada;Diretor de Política Econômica - Dipec;Carlos Viana de Carvalho;2019-02-28T03:00:00Z;2019-10-02T03:00:00Z;Exonerado
Diretoria Colegiada;Diretor de Organização do Sistema Financeiro e de Resolução - Diorf;João Manoel Pinho de Mello;2019-02-28T03:00:00Z;2022-02-08T03:00:00Z;Exonerado
Diretoria Colegiada;Presidente do Banco Central do Brasil;Roberto de Oliveira Campos Neto;2019-02-28T03:00:00Z;2024-12-31T03:00:00Z;Exonerado
Comissão Técnica da Moeda e do Crédito - Comoc;Diretor do Banco Central do Brasil;João Manoel Pinho de Mello;2019-02-28T03:00:00Z;2022-02-09T03:00:00Z;Exonerado
Conselho Monetário Nacional - CMN;Presidente do Banco Central do Brasil;Roberto de Oliveira Campos Neto;2019-02-28T03:00:00Z;2024-12-31T03:00:00Z;Exonerado
Comissão Técnica da Moeda e do Crédito - Comoc;Diretor do Banco Central do Brasil;Bruno Serra Fernandes;2019-02-28T03:00:00Z;2023-03-23T03:00:00Z;Exonerado
Comissão Técnica da Moeda e do Crédito - Comoc;Presidente do Banco Central do Brasil;Roberto de Oliveira Campos Neto;2019-02-28T03:00:00Z;2024-12-31T03:00:00Z;Exonerado
Comissão Técnica da Moeda e do Crédito - Comoc;Secretaria de Política Econômica do Ministério da Fazenda (SPE) / Ministério da Economia;Adolfo Sachsida;2019-01-04T02:00:00Z;2022-02-02T03:00:00Z;Exonerado
Conselho Monetário Nacional - CMN;Secretario Especial do Tesouro e Orçamento do Ministério da Economia;Waldery Rodrigues Júnior;2019-01-03T02:00:00Z;2021-05-11T03:00:00Z;Exonerado
Comissão Técnica da Moeda e do Crédito - Comoc;Secretaria-Executiva do Ministério da Economia;Marcelo Pacheco dos Guaranys;2019-01-02T02:00:00Z;2023-01-01T03:00:00Z;Exonerado
Conselho Monetário Nacional - CMN;Ministro da Economia;Paulo Roberto Nunes Guedes;2019-01-01T02:00:00Z;2023-01-01T03:00:00Z;Exonerado
Diretoria Colegiada;Diretor de Política Monetária - Dipom;Carlos Viana de Carvalho;2018-12-21T02:00:00Z;2019-02-28T03:00:00Z;Dispensado do encargo
Diretoria Colegiada;Diretor de Política Econômica - Dipec;Tiago Couto Berriel;2018-12-21T02:00:00Z;2019-02-28T03:00:00Z;Dispensado do encargo
Comissão Técnica da Moeda e do Crédito - Comoc;Secretaria de Política Econômica do Ministério da Fazenda (SPE) / Ministério da Economia;João Manoel Pinho de Mello;2018-11-23T02:00:00Z;2018-12-28T02:00:00Z;Exonerado
Diretoria Colegiada;Diretor de Relacionamento Institucional e Cidadania - Direc;Mauricio Costa de Moura;2018-04-27T03:00:00Z;2019-06-06T03:00:00Z;Dispensado do encargo
Diretoria Colegiada;Diretor de Administração - Dirad;Carolina de Assis Barros;2018-04-26T03:00:00Z;2024-01-02T03:00:00Z;Dispensado do encargo
Comissão Técnica da Moeda e do Crédito - Comoc;Diretor do Banco Central do Brasil;Carolina de Assis Barros;2018-04-26T03:00:00Z;2024-12-31T03:00:00Z;Exonerado
Comissão Técnica da Moeda e do Crédito - Comoc;Secretaria do Tesouro Nacional;Mansueto Facundo de Almeida Júnior;2018-04-20T03:00:00Z;2020-07-15T03:00:00Z;Exonerado
Comissão Técnica da Moeda e do Crédito - Comoc;Secretaria-Executiva do Ministério da Fazenda;Ana Paula Vitali Janes Vescovi;2018-04-17T03:00:00Z;2019-01-02T02:00:00Z;Exonerado
Comissão Técnica da Moeda e do Crédito - Comoc;Secretaria-Executiva de Planejamento, Orçamento e Coordenação/Ministério do Planejamento/Ministério do Planejamento e Orçamento;Gleisson Cardoso Rubin;2018-04-12T03:00:00Z;2019-01-04T02:00:00Z;Exonerado
Conselho Monetário Nacional - CMN;Ministro do Planejamento;Esteves Pedro Colnago Júnior;2018-04-10T03:00:00Z;2019-01-01T02:00:00Z;Exonerado
Conselho Monetário Nacional - CMN;Ministro da Fazenda;Eduardo Refinetti Guardia;2018-04-10T03:00:00Z;2019-01-01T02:00:00Z;Exonerado
Diretoria Colegiada;Diretor de Fiscalização - Difis;Paulo Sérgio Neves de Souza;2017-09-19T03:00:00Z;2023-07-12T03:00:00Z;Exonerado
Diretoria Colegiada;Diretor de Administração - Dirad;Mauricio Costa de Moura;2017-09-19T03:00:00Z;2018-04-27T03:00:00Z;Dispensado do encargo
Comissão Técnica da Moeda e do Crédito - Comoc;Diretor do Banco Central do Brasil;Mauricio Costa de Moura;2017-09-19T03:00:00Z;2024-01-02T03:00:00Z;Exonerado
Comissão Técnica da Moeda e do Crédito - Comoc;Diretor do Banco Central do Brasil;Paulo Sérgio Neves de Souza;2017-09-19T03:00:00Z;2023-07-12T03:00:00Z;Exonerado
Comissão Técnica da Moeda e do Crédito - Comoc;Presidente da Comissão de Valores Mobiliários (CVM);Marcelo Santos Barbosa;2017-08-25T03:00:00Z;2022-07-14T03:00:00Z;Exonerado
Comissão Técnica da Moeda e do Crédito - Comoc;Secretaria-Executiva de Planejamento, Orçamento e Coordenação/Ministério do Planejamento/Ministério do Planejamento e Orçamento;Esteves Pedro Colnago Júnior;2017-04-07T03:00:00Z;2018-04-10T03:00:00Z;Exonerado
Conselho Monetário Nacional - CMN;Ministro do Planejamento;Dyogo Henrique de Oliveira;2017-03-31T03:00:00Z;2018-04-06T03:00:00Z;Exonerado
Comissão Técnica da Moeda e do Crédito - Comoc;Presidente da Comissão de Valores Mobiliários (CVM);Pablo Waldemar Rentería;2017-01-05T02:00:00Z;2017-08-23T03:00:00Z;Exonerado
Diretoria Colegiada;Diretor de Organização do Sistema Financeiro e de Resolução - Diorf;Sidnei Corrêa Marques;2016-12-22T02:00:00Z;2019-02-28T03:00:00Z;Exonerado
Comissão Técnica da Moeda e do Crédito - Comoc;Secretaria de Política Econômica do Ministério da Fazenda (SPE) / Ministério da Economia;Fábio Kanczuk;2016-11-21T02:00:00Z;2018-11-23T02:00:00Z;Exonerado
Diretoria Colegiada;Diretor de Política Monetária - Dipom;Reinaldo Le Grazie;2016-07-07T03:00:00Z;2018-12-21T02:00:00Z;Exonerado
Diretoria Colegiada;Diretor de Política Econômica - Dipec;Carlos Viana de Carvalho;2016-07-07T03:00:00Z;2018-12-21T02:00:00Z;Dispensado do encargo
Diretoria Colegiada;Diretor de Relacionamento Institucional e Cidadania - Direc;Isaac Sidney Menezes Ferreira;2016-07-07T03:00:00Z;2018-04-26T03:00:00Z;Exonerado
Diretoria Colegiada;Diretor de Assuntos Internacionais e de Gestão de Riscos Corporativos - Direx;Tiago Couto Berriel;2016-07-07T03:00:00Z;2019-06-21T03:00:00Z;Exonerado
Comissão Técnica da Moeda e do Crédito - Comoc;Diretor do Banco Central do Brasil;Carlos Viana de Carvalho;2016-07-06T03:00:00Z;2019-10-02T03:00:00Z;Exonerado
Comissão Técnica da Moeda e do Crédito - Comoc;Diretor do Banco Central do Brasil;Reinaldo Le Grazie;2016-07-06T03:00:00Z;2018-12-21T02:00:00Z;Exonerado
Comissão Técnica da Moeda e do Crédito - Comoc;Diretor do Banco Central do Brasil;Tiago Couto Berriel;2016-07-06T03:00:00Z;2016-06-21T03:00:00Z;Exonerado
Comissão Técnica da Moeda e do Crédito - Comoc;Diretor do Banco Central do Brasil;Isaac Sidney Menezes Ferreira;2016-07-06T03:00:00Z;2018-04-26T03:00:00Z;Exonerado
Diretoria Colegiada;Diretor de Política Econômica - Dipec;Aldo Luiz Mendes;2016-06-29T03:00:00Z;2016-07-07T03:00:00Z;Exonerado
Comissão Técnica da Moeda e do Crédito - Comoc;Secretaria-Executiva do Ministério da Fazenda;Eduardo Refinetti Guardia;2016-06-15T03:00:00Z;2018-04-10T03:00:00Z;Exonerado
Comissão Técnica da Moeda e do Crédito - Comoc;Presidente do Banco Central do Brasil;Ilan Goldfajn;2016-06-09T03:00:00Z;2019-02-28T03:00:00Z;Exonerado
Diretoria Colegiada;Presidente do Banco Central do Brasil;Ilan Goldfajn;2016-06-09T03:00:00Z;2019-02-28T03:00:00Z;Exonerado
Conselho Monetário Nacional - CMN;Presidente do Banco Central do Brasil;Ilan Goldfajn;2016-06-09T03:00:00Z;2019-02-28T03:00:00Z;Exonerado
Comissão Técnica da Moeda e do Crédito - Comoc;Secretaria do Tesouro Nacional;Ana Paula Vitali Janes Vescovi;2016-06-03T03:00:00Z;2018-04-17T03:00:00Z;Exonerado
Conselho Monetário Nacional - CMN;Ministro do Planejamento;Dyogo Henrique de Oliveira - [interino];2016-05-24T03:00:00Z;2017-03-31T03:00:00Z;Exonerado
Comissão Técnica da Moeda e do Crédito - Comoc;Secretaria de Política Econômica do Ministério da Fazenda (SPE) / Ministério da Economia;Carlos Hamilton Vasconcelos Araújo;2016-05-23T03:00:00Z;2016-11-21T02:00:00Z;Exonerado
Comissão Técnica da Moeda e do Crédito - Comoc;Secretaria-Executiva do Ministério da Fazenda;Tarcísio José Massote de Godoy;2016-05-18T03:00:00Z;2016-06-15T03:00:00Z;Exonerado
Comissão Técnica da Moeda e do Crédito - Comoc;Secretaria-Executiva de Planejamento, Orçamento e Coordenação/Ministério do Planejamento/Ministério do Planejamento e Orçamento;Dyogo Henrique de Oliveira;2016-05-17T03:00:00Z;2017-03-31T03:00:00Z;Exonerado
Conselho Monetário Nacional - CMN;Ministro do Planejamento;Romero Jucá;2016-05-13T03:00:00Z;2016-05-24T03:00:00Z;Exonerado
Conselho Monetário Nacional - CMN;Ministro da Fazenda;Henrique de Campos Meirelles;2016-05-13T03:00:00Z;2018-04-06T03:00:00Z;Exonerado
Comissão Técnica da Moeda e do Crédito - Comoc;Secretaria-Executiva de Planejamento, Orçamento e Coordenação/Ministério do Planejamento/Ministério do Planejamento e Orçamento;Francisco Gaetani;2016-01-04T02:00:00Z;2016-05-17T03:00:00Z;Exonerado
Comissão Técnica da Moeda e do Crédito - Comoc;Secretaria do Tesouro Nacional;Otávio Ladeira de Medeiros;2015-12-24T02:00:00Z;2016-06-03T03:00:00Z;Exonerado
Comissão Técnica da Moeda e do Crédito - Comoc;Secretaria de Política Econômica do Ministério da Fazenda (SPE) / Ministério da Economia;Manoel Carlos de Castro Pires;2015-12-24T02:00:00Z;2016-05-19T03:00:00Z;Exonerado
Comissão Técnica da Moeda e do Crédito - Comoc;Secretaria-Executiva do Ministério da Fazenda;Dyogo Henrique de Oliveira;2015-12-22T02:00:00Z;2016-05-17T03:00:00Z;Exonerado
Comissão Técnica da Moeda e do Crédito - Comoc;Secretaria-Executiva de Planejamento, Orçamento e Coordenação/Ministério do Planejamento/Ministério do Planejamento e Orçamento;Esteves Pedro Colnago Júnior;2015-12-22T02:00:00Z;2016-01-04T02:00:00Z;Exonerado
Conselho Monetário Nacional - CMN;Ministro da Fazenda;Nelson Henrique Barbosa Filho;2015-12-21T02:00:00Z;2016-05-12T03:00:00Z;Exonerado
Conselho Monetário Nacional - CMN;Ministro do Planejamento;Valdir Moysés Simão;2015-12-21T02:00:00Z;2016-05-12T03:00:00Z;Exonerado
Diretoria Colegiada;Diretor de Administração - Dirad;Luiz Edson Feltrim;2015-09-29T03:00:00Z;2017-09-19T03:00:00Z;Exonerado
Diretoria Colegiada;Diretor de Política Econômica - Dipec;Altamir Lopes;2015-09-29T03:00:00Z;2016-06-29T03:00:00Z;Exonerado
Diretoria Colegiada;Diretor de Assuntos Internacionais e de Gestão de Riscos Corporativos - Direx;Tony Volpon;2015-04-27T03:00:00Z;2016-07-07T03:00:00Z;Exonerado
Diretoria Colegiada;Diretor de Regulação - Dinor;Otávio Ribeiro Damaso;2015-04-24T03:00:00Z;2024-12-31T03:00:00Z;Exonerado
Comissão Técnica da Moeda e do Crédito - Comoc;Diretor do Banco Central do Brasil;Tony Volpon;2015-04-24T03:00:00Z;2016-07-07T03:00:00Z;Exonerado
Comissão Técnica da Moeda e do Crédito - Comoc;Diretor do Banco Central do Brasil;Otávio Ribeiro Damaso;2015-04-24T03:00:00Z;2024-12-31T03:00:00Z;Exonerado
Diretoria Colegiada;Diretor de Regulação - Dinor;Anthero de Moraes Meirelles;2015-02-05T02:00:00Z;2015-04-27T03:00:00Z;Dispensado do encargo
Diretoria Colegiada;Diretor de Política Econômica - Dipec;Luiz Awazu Pereira da Silva;2015-02-05T02:00:00Z;2015-09-29T03:00:00Z;Exonerado
Comissão Técnica da Moeda e do Crédito - Comoc;Secretaria de Política Econômica do Ministério da Fazenda (SPE) / Ministério da Economia;Afonso Arinos de Mello Franco Neto;2015-01-30T02:00:00Z;2015-12-24T02:00:00Z;Exonerado
Comissão Técnica da Moeda e do Crédito - Comoc;Secretaria-Executiva do Ministério da Fazenda;Tarcísio José Massote de Godoy;2015-01-12T02:00:00Z;2015-12-22T02:00:00Z;Exonerado
Comissão Técnica da Moeda e do Crédito - Comoc;Secretaria do Tesouro Nacional;Marcelo Barbosa Saintive;2015-01-09T02:00:00Z;2015-12-24T02:00:00Z;Exonerado
Comissão Técnica da Moeda e do Crédito - Comoc;Secretaria-Executiva de Planejamento, Orçamento e Coordenação/Ministério do Planejamento/Ministério do Planejamento e Orçamento;Dyogo Henrique de Oliveira;2015-01-05T02:00:00Z;2015-12-22T02:00:00Z;Exonerado
Conselho Monetário Nacional - CMN;Ministro da Fazenda;Joaquim Vieira Ferreira Levy;2015-01-01T02:00:00Z;2015-12-21T02:00:00Z;Exonerado
Conselho Monetário Nacional - CMN;Ministro do Planejamento;Nelson Henrique Barbosa Filho;2015-01-01T02:00:00Z;2015-12-21T02:00:00Z;Exonerado
Comissão Técnica da Moeda e do Crédito - Comoc;Secretaria-Executiva do Ministério da Fazenda;Paulo Rogério Caffarelli;2014-02-13T02:00:00Z;2015-01-12T02:00:00Z;Exonerado
Diretoria Colegiada;Diretor de Regulação - Dinor;Luiz Awazu Pereira da Silva;2013-06-25T03:00:00Z;2015-02-05T02:00:00Z;Dispensado do encargo
Comissão Técnica da Moeda e do Crédito - Comoc;Secretaria-Executiva do Ministério da Fazenda;Dyogo Henrique de Oliveira;2013-06-03T03:00:00Z;2014-02-13T02:00:00Z;Exonerado
Comissão Técnica da Moeda e do Crédito - Comoc;Presidente da Comissão de Valores Mobiliários (CVM);Leonardo Porciúncula Gomes Pereira;2012-10-24T02:00:00Z;2017-07-14T03:00:00Z;Exonerado
Diretoria Colegiada;Diretor de Relacionamento Institucional e Cidadania - Direc;Luiz Edson Feltrim;2012-09-13T03:00:00Z;2016-07-07T03:00:00Z;Dispensado do encargo
Comissão Técnica da Moeda e do Crédito - Comoc;Presidente da Comissão de Valores Mobiliários (CVM);Otavio Yazbek;2012-07-15T03:00:00Z;2012-10-23T02:00:00Z;Exonerado
Diretoria Colegiada;Diretor de Assuntos Especiais - Diasp;Luiz Edson Feltrim;2012-06-28T03:00:00Z;2012-09-13T03:00:00Z;Dispensado do encargo
Comissão Técnica da Moeda e do Crédito - Comoc;Diretor do Banco Central do Brasil;Luiz Edson Feltrim;2012-06-28T03:00:00Z;2017-09-19T03:00:00Z;Exonerado
Comissão Técnica da Moeda e do Crédito - Comoc;Secretaria-Executiva de Planejamento, Orçamento e Coordenação/Ministério do Planejamento/Ministério do Planejamento e Orçamento;Eva Maria Cella Dal Chiavon;2011-11-01T02:00:00Z;2015-01-05T02:00:00Z;Exonerado
Comissão Técnica da Moeda e do Crédito - Comoc;Secretaria-Executiva de Planejamento, Orçamento e Coordenação/Ministério do Planejamento/Ministério do Planejamento e Orçamento;Valter Correia da Silva;2011-09-15T03:00:00Z;2011-11-01T02:00:00Z;Exonerado
Diretoria Colegiada;Diretor de Organização do Sistema Financeiro e Controle de Operações do Crédito Rural - Diorf;Sidnei Corrêa Marques;2011-05-04T03:00:00Z;2016-12-22T02:00:00Z;Dispensado do encargo
Diretoria Colegiada;Diretor de Assuntos Internacionais e de Gestão de Riscos Corporativos - Direx;Luiz Awazu Pereira da Silva;2011-05-04T03:00:00Z;2015-04-27T03:00:00Z;Dispensado do encargo
Diretoria Colegiada;Diretor de Regulação do Sistema Financeiro - Dinor;Luiz Awazu Pereira da Silva;2011-05-04T03:00:00Z;2013-06-25T03:00:00Z;Dispensado do encargo
Diretoria Colegiada;Diretor de Administração - Dirad;Altamir Lopes;2011-03-03T03:00:00Z;2015-09-29T03:00:00Z;Dispensado do encargo
Diretoria Colegiada;Diretor de Fiscalização - Difis;Anthero de Moraes Meirelles;2011-03-02T03:00:00Z;2017-09-19T03:00:00Z;Exonerado
Diretoria Colegiada;Diretor de Liquidações e Controle de Operações do Crédito Rural - Dilid;Sidnei Corrêa Marques;2011-03-02T03:00:00Z;2011-05-04T03:00:00Z;Dispensado do encargo
Comissão Técnica da Moeda e do Crédito - Comoc;Diretor do Banco Central do Brasil;Sidnei Corrêa Marques;2011-03-02T03:00:00Z;2019-02-28T03:00:00Z;Exonerado
Comissão Técnica da Moeda e do Crédito - Comoc;Diretor do Banco Central do Brasil;Altamir Lopes;2011-03-02T03:00:00Z;2016-06-29T03:00:00Z;Exonerado
Comissão Técnica da Moeda e do Crédito - Comoc;Secretaria de Política Econômica do Ministério da Fazenda (SPE) / Ministério da Economia;Márcio Holland de Brito;2011-01-12T02:00:00Z;2015-01-13T02:00:00Z;Exonerado
Diretoria Colegiada;Diretor de Normas e Organização do Sistema Financeiro - Dinor;Luiz Awazu Pereira da Silva;2011-01-04T02:00:00Z;2011-05-04T03:00:00Z;Dispensado do encargo
Diretoria Colegiada;Presidente do Banco Central do Brasil;Alexandre Antonio Tombini;2011-01-01T02:00:00Z;2016-06-09T03:00:00Z;Exonerado
Conselho Monetário Nacional - CMN;Ministro do Planejamento;Miriam Aparecida Belchior;2011-01-01T02:00:00Z;2015-01-01T02:00:00Z;Exonerado
Conselho Monetário Nacional - CMN;Presidente do Banco Central do Brasil;Alexandre Antonio Tombini;2011-01-01T02:00:00Z;2016-06-09T03:00:00Z;Exonerado
Comissão Técnica da Moeda e do Crédito - Comoc;Secretaria-Executiva de Planejamento, Orçamento e Coordenação/Ministério do Planejamento/Ministério do Planejamento e Orçamento;Iraneth Rodrigues Monteiro;2011-01-01T02:00:00Z;2011-09-15T03:00:00Z;Exonerado
Comissão Técnica da Moeda e do Crédito - Comoc;Presidente do Banco Central do Brasil;Alexandre Antonio Tombini;2011-01-01T02:00:00Z;2016-06-09T03:00:00Z;Exonerado
Comissão Técnica da Moeda e do Crédito - Comoc;Secretaria-Executiva do Ministério da Fazenda;Nelson Henrique Barbosa Filho;2011-01-01T02:00:00Z;2013-06-03T03:00:00Z;Exonerado
Diretoria Colegiada;Diretor de Assuntos Internacionais - Direx;Luiz Awazu Pereira da Silva;2010-04-27T03:00:00Z;2011-05-04T03:00:00Z;Dispensado do encargo
Comissão Técnica da Moeda e do Crédito - Comoc;Diretor do Banco Central do Brasil;Luiz Awazu Pereira da Silva;2010-04-22T03:00:00Z;2015-09-29T03:00:00Z;Exonerado
Diretoria Colegiada;Diretor de Política Econômica - Dipec;Carlos Hamilton Vasconcelos Araújo;2010-03-31T03:00:00Z;2015-02-05T02:00:00Z;Exonerado
Diretoria Colegiada;Diretor para Estudos Especiais;Mário Magalhães Carvalho Mesquita;2010-03-31T03:00:00Z;2010-04-08T03:00:00Z;Exonerado
Diretoria Colegiada;Diretor de Assuntos Internacionais - Direx;Carlos Hamilton Vasconcelos Araújo;2010-02-26T03:00:00Z;2010-04-27T03:00:00Z;Dispensado do encargo
Comissão Técnica da Moeda e do Crédito - Comoc;Diretor do Banco Central do Brasil;Carlos Hamilton Vasconcelos Araújo;2010-02-26T03:00:00Z;2015-02-19T02:00:00Z;Exonerado
Diretoria Colegiada;Diretor de Assuntos Internacionais - Direx;Aldo Luiz Mendes;2010-01-18T02:00:00Z;2010-02-26T03:00:00Z;Dispensado do encargo
Diretoria Colegiada;Diretor de Política Monetária - Dipom;Aldo Luiz Mendes;2009-12-07T02:00:00Z;2016-07-07T03:00:00Z;Exonerado
Comissão Técnica da Moeda e do Crédito - Comoc;Diretor do Banco Central do Brasil;Aldo Luiz Mendes;2009-11-27T02:00:00Z;2016-07-07T03:00:00Z;Exonerado
Diretoria Colegiada;Diretor de Liquidações e Controle de Operações do Crédito Rural - Dilid;Antonio Gustavo Matos do Vale;2009-03-25T03:00:00Z;2011-03-02T03:00:00Z;Exonerado
Comissão Técnica da Moeda e do Crédito - Comoc;Secretaria de Política Econômica do Ministério da Fazenda (SPE) / Ministério da Economia;Nelson Henrique Barbosa Filho;2008-08-05T03:00:00Z;2011-01-01T02:00:00Z;Exonerado
Diretoria Colegiada;Diretor de Assuntos Internacionais - Direx;Maria Celina Berardinelli Arraes;2008-01-21T02:00:00Z;2010-01-19T02:00:00Z;Exonerado
Diretoria Colegiada;Diretor de Assuntos Internacionais - Direx;Alexandre Antonio Tombini;2008-01-14T02:00:00Z;2008-01-20T02:00:00Z;Dispensado do encargo
Comissão Técnica da Moeda e do Crédito - Comoc;Diretor do Banco Central do Brasil;Maria Celina Berardinelli Arraes;2008-01-14T02:00:00Z;2010-01-19T02:00:00Z;Exonerado
Diretoria Colegiada;Diretor de Fiscalização - Difis;Alvir Alberto Hoffmann;2007-12-19T02:00:00Z;2011-03-02T03:00:00Z;Exonerado
Comissão Técnica da Moeda e do Crédito - Comoc;Diretor do Banco Central do Brasil;Alvir Alberto Hoffmann;2007-12-18T02:00:00Z;2011-03-02T03:00:00Z;Exonerado
Comissão Técnica da Moeda e do Crédito - Comoc;Diretor do Banco Central do Brasil;Anthero de Moraes Meirelles;2007-12-06T02:00:00Z;2017-09-19T03:00:00Z;Exonerado
Comissão Técnica da Moeda e do Crédito - Comoc;Presidente da Comissão de Valores Mobiliários (CVM);Maria Helena dos Santos Fernandes de Santana;2007-07-18T03:00:00Z;2012-07-14T03:00:00Z;Exonerado
Comissão Técnica da Moeda e do Crédito - Comoc;Secretaria do Tesouro Nacional;Arno Hugo Augustin Filho;2007-06-05T03:00:00Z;2015-01-07T02:00:00Z;Exonerado
Diretoria Colegiada;Diretor de Política Monetária - Dipom;Mario Gomes Torós;2007-04-26T03:00:00Z;2009-12-07T02:00:00Z;Exonerado
Diretoria Colegiada;Diretor de Administração - Dirad;Anthero de Moraes Meirelles;2007-04-26T03:00:00Z;2011-03-03T03:00:00Z;Dispensado do encargo
Diretoria Colegiada;Diretor de Estudos Especiais - Diesp;Mario Gomes Torós;2007-04-25T03:00:00Z;2007-05-23T03:00:00Z;Dispensado do encargo
Comissão Técnica da Moeda e do Crédito - Comoc;Diretor do Banco Central do Brasil;Mario Gomes Torós;2007-04-25T03:00:00Z;2009-12-07T02:00:00Z;Exonerado
Comissão Técnica da Moeda e do Crédito - Comoc;Secretaria de Política Econômica do Ministério da Fazenda (SPE) / Ministério da Economia;Bernard Appy;2007-04-19T03:00:00Z;2008-08-05T03:00:00Z;Exonerado
Comissão Técnica da Moeda e do Crédito - Comoc;Secretaria-Executiva do Ministério da Fazenda;Nelson Machado;2007-04-19T03:00:00Z;2011-01-01T02:00:00Z;Exonerado
Diretoria Colegiada;Diretor de Política Econômica - Dipec;Mário Magalhães Carvalho Mesquita;2007-03-07T03:00:00Z;2010-03-31T03:00:00Z;Dispensado do encargo
Comissão Técnica da Moeda e do Crédito - Comoc;Secretaria do Tesouro Nacional;Tarcísio José Massote de Godoy;2006-12-29T02:00:00Z;2007-06-05T03:00:00Z;Exonerado
Diretoria Colegiada;Diretor de Administração - Dirad;Antonio Gustavo Matos do Vale;2006-11-03T02:00:00Z;2007-12-07T02:00:00Z;Dispensado do encargo
Diretoria Colegiada;Diretor de Assuntos Internacionais - Direx;Paulo Vieira da Cunha;2006-06-14T03:00:00Z;2008-01-14T02:00:00Z;Exonerado
Diretoria Colegiada;Diretor de Estudos Especiais - Diesp;Mário Magalhães Carvalho Mesquita;2006-06-01T03:00:00Z;2007-04-25T03:00:00Z;Dispensado do encargo
Comissão Técnica da Moeda e do Crédito - Comoc;Diretor do Banco Central do Brasil;Mário Magalhães Carvalho Mesquita;2006-05-30T03:00:00Z;2010-04-08T03:00:00Z;Exonerado
Comissão Técnica da Moeda e do Crédito - Comoc;Diretor do Banco Central do Brasil;Paulo Vieira da Cunha;2006-05-30T03:00:00Z;2008-01-14T02:00:00Z;Exonerado
Comissão Técnica da Moeda e do Crédito - Comoc;Secretaria de Política Econômica do Ministério da Fazenda (SPE) / Ministério da Economia;Júlio Sérgio Gomes de Almeida;2006-05-23T03:00:00Z;2007-04-19T03:00:00Z;Exonerado
Diretoria Colegiada;Diretor de Assuntos Internacionais - Direx;Alexandre Antonio Tombini;2006-04-28T03:00:00Z;2006-06-14T03:00:00Z;Dispensado do encargo
Diretoria Colegiada;Diretor de Estudos Especiais - Diesp;Afonso Sant'Anna Bevilaqua;2006-04-20T03:00:00Z;2006-06-01T03:00:00Z;Dispensado do encargo
Diretoria Colegiada;Diretor de Normas e Organização do Sistema Financeiro - Dinor;Alexandre Antonio Tombini;2006-04-12T03:00:00Z;2011-01-01T02:00:00Z;Dispensado do encargo
Diretoria Colegiada;Diretor de Estudos Especiais - Diesp;Sérgio Darcy da Silva Alves;2006-04-12T03:00:00Z;2006-04-20T03:00:00Z;Exonerado
Comissão Técnica da Moeda e do Crédito - Comoc;Secretaria do Tesouro Nacional;Carlos Kawall Leal Ferreira;2006-04-05T03:00:00Z;2006-12-29T02:00:00Z;Exonerado
Comissão Técnica da Moeda e do Crédito - Comoc;Secretaria-Executiva do Ministério da Fazenda;Bernard Appy;2006-03-31T03:00:00Z;2007-04-19T03:00:00Z;Exonerado
Comissão Técnica da Moeda e do Crédito - Comoc;Secretaria de Política Econômica do Ministério da Fazenda (SPE) / Ministério da Economia;Otávio Ribeiro Damaso;2006-03-31T03:00:00Z;2006-05-23T03:00:00Z;Exonerado
Conselho Monetário Nacional - CMN;Ministro da Fazenda;Guido Mantega;2006-03-28T03:00:00Z;2015-01-01T02:00:00Z;Exonerado
Comissão Técnica da Moeda e do Crédito - Comoc;Secretaria-Executiva de Planejamento, Orçamento e Coordenação/Ministério do Planejamento/Ministério do Planejamento e Orçamento;João Bernardo de Azevedo Bringel;2005-07-22T03:00:00Z;2011-01-01T02:00:00Z;Exonerado
Comissão Técnica da Moeda e do Crédito - Comoc;Diretor do Banco Central do Brasil;Alexandre Antonio Tombini;2005-06-03T03:00:00Z;2011-01-01T02:00:00Z;Exonerado
Diretoria Colegiada;Diretor de Estudos Especiais - Diesp;Alexandre Antonio Tombini;2005-06-03T03:00:00Z;2006-04-12T03:00:00Z;Dispensado do encargo
Comissão Técnica da Moeda e do Crédito - Comoc;Secretaria de Política Econômica do Ministério da Fazenda (SPE) / Ministério da Economia;Bernard Appy;2005-05-16T03:00:00Z;2006-03-31T03:00:00Z;Exonerado
Comissão Técnica da Moeda e do Crédito - Comoc;Secretaria-Executiva do Ministério da Fazenda;Murilo Portugal Filho;2005-05-16T03:00:00Z;2006-03-31T03:00:00Z;Exonerado
Conselho Monetário Nacional - CMN;Ministro do Planejamento;Paulo Bernardo Silva;2005-03-22T03:00:00Z;2011-01-01T02:00:00Z;Exonerado
Conselho Monetário Nacional - CMN;Ministro do Planejamento;Nelson Machado - [interino];2004-11-19T02:00:00Z;2005-03-22T03:00:00Z;Exonerado
Diretoria Colegiada;Diretor de Política Econômica - Dipec;Afonso Sant'Anna Bevilaqua;2004-10-20T02:00:00Z;2007-03-07T03:00:00Z;Exonerado
Diretoria Colegiada;Diretor de Política Monetária - Dipom;Rodrigo Telles da Rocha Azevedo;2004-10-20T02:00:00Z;2007-04-27T03:00:00Z;Exonerado
Comissão Técnica da Moeda e do Crédito - Comoc;Diretor do Banco Central do Brasil;Rodrigo Telles da Rocha Azevedo;2004-10-19T02:00:00Z;2007-04-27T03:00:00Z;Exonerado
Diretoria Colegiada;Diretor de Política Monetária - Dipom;Afonso Sant'Anna Bevilaqua;2004-07-29T03:00:00Z;2004-10-20T02:00:00Z;Dispensado do encargo
Diretoria Colegiada;Diretor de Política Econômica - Dipec;Eduardo Henrique de Mello Motta Loyo;2004-07-29T03:00:00Z;2004-10-20T02:00:00Z;Dispensado do encargo
Comissão Técnica da Moeda e do Crédito - Comoc;Presidente da Comissão de Valores Mobiliários (CVM);Marcelo Fernandez Trindade;2004-05-28T03:00:00Z;2007-07-15T03:00:00Z;Exonerado
Comissão Técnica da Moeda e do Crédito - Comoc;Diretor do Banco Central do Brasil;Alexandre Schwartsman;2003-11-03T02:00:00Z;2006-04-28T03:00:00Z;Exonerado
Diretoria Colegiada;Diretor de Assuntos Internacionais - Direx;Alexandre Schwartsman;2003-11-03T02:00:00Z;2006-04-28T03:00:00Z;Exonerado
Diretoria Colegiada;Diretor de Estudos Especiais - Diesp;Eduardo Henrique de Mello Motta Loyo;2003-08-21T03:00:00Z;2005-06-02T03:00:00Z;Exonerado
Comissão Técnica da Moeda e do Crédito - Comoc;Diretor do Banco Central do Brasil;Eduardo Henrique de Mello Motta Loyo;2003-08-20T03:00:00Z;2005-06-02T03:00:00Z;Exonerado
Diretoria Colegiada;Diretor de Política Econômica - Dipec;Afonso Sant'Anna Bevilaqua;2003-07-02T03:00:00Z;2004-07-29T03:00:00Z;Dispensado do encargo
Diretoria Colegiada;Diretor para Estudos Especiais;Afonso Sant'Anna Bevilaqua;2003-06-26T03:00:00Z;2003-07-02T03:00:00Z;Dispensado do encargo
Comissão Técnica da Moeda e do Crédito - Comoc;Diretor do Banco Central do Brasil;Afonso Sant'Anna Bevilaqua;2003-06-26T03:00:00Z;2007-03-07T03:00:00Z;Exonerado
Diretoria Colegiada;Diretor de Liquidações e Desestatização - Dilid;Antonio Gustavo Matos do Vale;2003-05-08T03:00:00Z;2009-03-25T03:00:00Z;Dispensado do encargo
Comissão Técnica da Moeda e do Crédito - Comoc;Diretor do Banco Central do Brasil;Antonio Gustavo Matos do Vale;2003-05-08T03:00:00Z;2011-03-02T03:00:00Z;Exonerado
Diretoria Colegiada;Diretor de Política Monetária - Dipom;Luiz Augusto de Oliveira Candiota;2003-03-17T03:00:00Z;2004-07-29T03:00:00Z;Exonerado
Diretoria Colegiada;Diretor de Fiscalização - Difis;Paulo Sérgio Cavalheiro;2003-03-17T03:00:00Z;2007-12-18T02:00:00Z;Exonerado
Diretoria Colegiada;Diretor de Administração - Dirad;João Antônio Fleury Teixeira;2003-03-17T03:00:00Z;2006-10-31T02:00:00Z;Exonerado
Diretoria Colegiada;Diretor para Estudos Especiais;Luiz Fernando Figueiredo;2003-03-17T03:00:00Z;2003-03-21T03:00:00Z;Exonerado
Comissão Técnica da Moeda e do Crédito - Comoc;Diretor do Banco Central do Brasil;João Antônio Fleury Teixeira;2003-03-14T03:00:00Z;2006-11-01T02:00:00Z;Exonerado
Comissão Técnica da Moeda e do Crédito - Comoc;Diretor do Banco Central do Brasil;Luiz Augusto de Oliveira Candiota;2003-03-14T03:00:00Z;2004-07-29T03:00:00Z;Exonerado
Comissão Técnica da Moeda e do Crédito - Comoc;Diretor do Banco Central do Brasil;Paulo Sérgio Cavalheiro;2003-03-14T03:00:00Z;2007-12-18T02:00:00Z;Exonerado
Comissão Técnica da Moeda e do Crédito - Comoc;Secretaria-Executiva de Planejamento, Orçamento e Coordenação/Ministério do Planejamento/Ministério do Planejamento e Orçamento;Nelson Machado;2003-01-29T02:00:00Z;2005-07-22T03:00:00Z;Exonerado
Comissão Técnica da Moeda e do Crédito - Comoc;Secretaria do Tesouro Nacional;Joaquim Vieira Ferreira Levy;2003-01-01T02:00:00Z;2006-03-29T03:00:00Z;Exonerado
Comissão Técnica da Moeda e do Crédito - Comoc;Secretaria-Executiva do Ministério da Fazenda;Bernard Appy;2003-01-01T02:00:00Z;2005-05-16T03:00:00Z;Exonerado
Comissão Técnica da Moeda e do Crédito - Comoc;Secretaria de Política Econômica do Ministério da Fazenda (SPE) / Ministério da Economia;Marcos de Barros Lisboa;2003-01-01T02:00:00Z;2005-05-16T03:00:00Z;Exonerado
Comissão Técnica da Moeda e do Crédito - Comoc;Presidente do Banco Central do Brasil;Henrique de Campos Meirelles;2003-01-01T02:00:00Z;2011-01-01T02:00:00Z;Exonerado
Conselho Monetário Nacional - CMN;Presidente do Banco Central do Brasil;Henrique de Campos Meirelles;2003-01-01T02:00:00Z;2011-01-01T02:00:00Z;Exonerado
Conselho Monetário Nacional - CMN;Ministro do Planejamento;Guido Mantega;2003-01-01T02:00:00Z;2004-11-19T02:00:00Z;Exonerado
Diretoria Colegiada;Presidente do Banco Central do Brasil;Henrique de Campos Meirelles;2003-01-01T02:00:00Z;2011-01-01T02:00:00Z;Exonerado
Conselho Monetário Nacional - CMN;Ministro da Fazenda;Antônio Palocci Filho;2003-01-01T02:00:00Z;2006-03-28T03:00:00Z;Exonerado
Comissão Técnica da Moeda e do Crédito - Comoc;Secretaria-Executiva do Ministério da Fazenda;Everardo de Almeida Maciel;2002-11-08T02:00:00Z;2003-01-01T02:00:00Z;Exonerado
Comissão Técnica da Moeda e do Crédito - Comoc;Secretaria de Política Econômica do Ministério da Fazenda (SPE) / Ministério da Economia;Arno Meyer;2002-10-31T02:00:00Z;2003-01-01T02:00:00Z;Exonerado
Comissão Técnica da Moeda e do Crédito - Comoc;Presidente da Comissão de Valores Mobiliários (CVM);Luiz Leonardo Cantidiano Varnieri Ribeiro;2002-07-15T03:00:00Z;2004-05-28T03:00:00Z;Exonerado
Comissão Técnica da Moeda e do Crédito - Comoc;Secretaria do Tesouro Nacional;Eduardo Refinetti Guardia;2002-04-30T03:00:00Z;2003-01-01T02:00:00Z;Exonerado
Diretoria Colegiada;Diretor de Liquidações e Desestatização - Dilid;Carlos Eduardo de Freitas;2002-04-24T03:00:00Z;2003-05-08T03:00:00Z;Exonerado
Comissão Técnica da Moeda e do Crédito - Comoc;Secretaria-Executiva de Planejamento, Orçamento e Coordenação/Ministério do Planejamento/Ministério do Planejamento e Orçamento;Simão Cirineu Dias;2002-04-03T03:00:00Z;2003-01-29T02:00:00Z;Exonerado
Conselho Monetário Nacional - CMN;Ministro do Planejamento;Guilherme Gomes Dias;2002-04-03T03:00:00Z;2003-01-01T02:00:00Z;Exonerado
Diretoria Colegiada;Diretor para Estudos Especiais;Daniel Luiz Gleizer;2002-01-11T02:00:00Z;2002-02-14T02:00:00Z;Exonerado
Diretoria Colegiada;Diretor de Assuntos Internacionais - Direx;Beny Parnes;2002-01-11T02:00:00Z;2003-11-03T02:00:00Z;Exonerado
Comissão Técnica da Moeda e do Crédito - Comoc;Diretor do Banco Central do Brasil;Beny Parnes;2002-01-02T02:00:00Z;2003-11-03T02:00:00Z;Exonerado
Comissão Técnica da Moeda e do Crédito - Comoc;Secretaria de Política Econômica do Ministério da Fazenda (SPE) / Ministério da Economia;José Guilherme Almeida dos Reis;2001-07-10T03:00:00Z;2002-10-28T02:00:00Z;Exonerado
Comissão Técnica da Moeda e do Crédito - Comoc;Diretor do Banco Central do Brasil;Ilan Goldfajn;2000-09-14T03:00:00Z;2003-07-02T03:00:00Z;Exonerado
Diretoria Colegiada;Diretor de Política Econômica - Dipec;Ilan Goldfajn;2000-09-14T03:00:00Z;2003-07-02T03:00:00Z;Exonerado
Diretoria Colegiada;Diretor para Estudos Especiais;Sérgio Ribeiro da Costa Werlang;2000-09-14T03:00:00Z;2000-09-25T03:00:00Z;Exonerado
Diretoria Colegiada;Diretor de Fiscalização - Difis;Tereza Cristina Grossi Togni;2000-03-30T03:00:00Z;2003-03-14T03:00:00Z;Exonerado
Comissão Técnica da Moeda e do Crédito - Comoc;Diretor do Banco Central do Brasil;Tereza Cristina Grossi Togni;2000-03-30T03:00:00Z;2003-03-14T03:00:00Z;Exonerado
Comissão Técnica da Moeda e do Crédito - Comoc;Presidente da Comissão de Valores Mobiliários (CVM);José Luiz Osório de Almeida Filho;2000-01-12T02:00:00Z;2002-07-15T03:00:00Z;Exonerado
Diretoria Colegiada;Diretor de Finanças Públicas e Regimes Especiais - Difip;Carlos Eduardo de Freitas;1999-12-01T02:00:00Z;2002-04-24T03:00:00Z;Dispensado do encargo
Diretoria Colegiada;Diretor de Fiscalização - Difis;Carlos Eduardo de Freitas;1999-11-29T02:00:00Z;2000-03-30T03:00:00Z;Dispensado do encargo
Diretoria Colegiada;Diretor de Reestruturação do Sistema Financeiro Estadual e das Dívidas dos Estados, do Distrito Federal e dos Municípios - Direm;Carlos Eduardo de Freitas;1999-08-12T03:00:00Z;1999-12-01T02:00:00Z;Dispensado do encargo
Comissão Técnica da Moeda e do Crédito - Comoc;Diretor do Banco Central do Brasil;Carlos Eduardo de Freitas;1999-08-12T03:00:00Z;2003-05-08T03:00:00Z;Exonerado
Comissão Técnica da Moeda e do Crédito - Comoc;Secretaria-Executiva de Planejamento, Orçamento e Coordenação/Ministério do Planejamento/Ministério do Planejamento e Orçamento;Guilherme Gomes Dias;1999-08-05T03:00:00Z;2002-04-03T03:00:00Z;Exonerado
Diretoria Colegiada;Diretor de Reestruturação do Sistema Financeiro Estadual e das Dívidas dos Estados, do Distrito Federal e dos Municípios - Direm;Luiz Carlos Alvarez;1999-07-29T03:00:00Z;1999-08-12T03:00:00Z;Dispensado do encargo
Conselho Monetário Nacional - CMN;Ministro do Planejamento;Martus Antônio Rodrigues Tavares;1999-07-19T03:00:00Z;2002-04-03T03:00:00Z;Exonerado
Comissão Técnica da Moeda e do Crédito - Comoc;Secretaria do Tesouro Nacional;Fábio de Oliveira Barbosa;1999-07-01T03:00:00Z;2002-04-30T03:00:00Z;Exonerado
Comissão Técnica da Moeda e do Crédito - Comoc;Secretaria-Executiva do Ministério da Fazenda;Amaury Guilherme Bier;1999-03-31T03:00:00Z;2002-10-31T02:00:00Z;Exonerado
Comissão Técnica da Moeda e do Crédito - Comoc;Secretaria de Política Econômica do Ministério da Fazenda (SPE) / Ministério da Economia;Edward Joaquim Amadeo Swaelen;1999-03-31T03:00:00Z;2001-06-29T03:00:00Z;Exonerado
Conselho Monetário Nacional - CMN;Ministro do Planejamento;Pedro Pullen Parente;1999-03-31T03:00:00Z;1999-07-19T03:00:00Z;Exonerado
Diretoria Colegiada;Presidente do Banco Central do Brasil;Armínio Fraga Neto;1999-03-04T03:00:00Z;2003-01-01T02:00:00Z;Exonerado
Conselho Monetário Nacional - CMN;Presidente do Banco Central do Brasil;Armínio Fraga Neto;1999-03-04T03:00:00Z;2003-01-01T02:00:00Z;Exonerado
Diretoria Colegiada;Diretor de Política Econômica - Dipec;Sérgio Ribeiro da Costa Werlang;1999-03-04T03:00:00Z;2000-09-14T03:00:00Z;Dispensado do encargo
Diretoria Colegiada;Diretor de Assuntos Internacionais - Direx;Daniel Luiz Gleizer;1999-03-04T03:00:00Z;2002-01-11T02:00:00Z;Dispensado do encargo
Diretoria Colegiada;Diretor de Política Monetária - Dipom;Luiz Fernando Figueiredo;1999-03-04T03:00:00Z;2003-03-17T03:00:00Z;Dispensado do encargo
Diretoria Colegiada;Diretor de Administração - Dirad;Edison Bernardes dos Santos;1999-03-04T03:00:00Z;2003-03-14T03:00:00Z;Exonerado
Diretoria Colegiada;Diretor de Fiscalização - Difis;Luiz Carlos Alvarez;1999-03-04T03:00:00Z;1999-12-02T02:00:00Z;Exonerado
Comissão Técnica da Moeda e do Crédito - Comoc;Presidente do Banco Central do Brasil;Armínio Fraga Neto;1999-03-04T03:00:00Z;2003-01-01T02:00:00Z;Exonerado
Comissão Técnica da Moeda e do Crédito - Comoc;Diretor do Banco Central do Brasil;Daniel Luiz Gleizer;1999-03-04T03:00:00Z;2002-02-14T02:00:00Z;Exonerado
Comissão Técnica da Moeda e do Crédito - Comoc;Diretor do Banco Central do Brasil;Luiz Fernando Figueiredo;1999-03-04T03:00:00Z;2003-03-21T03:00:00Z;Exonerado
Comissão Técnica da Moeda e do Crédito - Comoc;Diretor do Banco Central do Brasil;Sérgio Ribeiro da Costa Werlang;1999-03-04T03:00:00Z;2000-09-25T03:00:00Z;Exonerado
Comissão Técnica da Moeda e do Crédito - Comoc;Diretor do Banco Central do Brasil;Edison Bernardes dos Santos;1999-03-04T03:00:00Z;2003-03-14T03:00:00Z;Exonerado
Comissão Técnica da Moeda e do Crédito - Comoc;Diretor do Banco Central do Brasil;Luiz Carlos Alvarez;1999-03-04T03:00:00Z;1999-12-02T02:00:00Z;Exonerado
Comissão Técnica da Moeda e do Crédito - Comoc;Secretaria de Política Econômica do Ministério da Fazenda (SPE) / Ministério da Economia;Amaury Guilherme Bier;1998-04-01T03:00:00Z;1999-03-31T03:00:00Z;Exonerado
Conselho Monetário Nacional - CMN;Ministro do Planejamento;Paulo de Tarso Almeida Paiva;1998-03-31T03:00:00Z;1999-03-31T03:00:00Z;Exonerado
Comissão Técnica da Moeda e do Crédito - Comoc;Diretor do Banco Central do Brasil;Demosthenes Madureira de Pinho Neto;1997-09-03T03:00:00Z;1999-03-04T03:00:00Z;Exonerado
Comissão Técnica da Moeda e do Crédito - Comoc;Diretor do Banco Central do Brasil;Sérgio Darcy da Silva Alves;1997-09-03T03:00:00Z;2006-04-20T03:00:00Z;Exonerado
Diretoria Colegiada;Diretor de Normas e Organização do Sistema Financeiro - Dinor;Sérgio Darcy da Silva Alves;1997-09-03T03:00:00Z;2006-04-12T03:00:00Z;Dispensado do encargo
Diretoria Colegiada;Diretor de Assuntos Internacionais - Direx;Demosthenes Madureira de Pinho Neto;1997-09-03T03:00:00Z;1999-03-04T03:00:00Z;Exonerado
Conselho Monetário Nacional - CMN;Presidente do Banco Central do Brasil;Gustavo Henrique de Barroso Franco;1997-08-20T03:00:00Z;1999-03-04T03:00:00Z;Exonerado
Diretoria Colegiada;Presidente do Banco Central do Brasil;Gustavo Henrique de Barroso Franco;1997-08-20T03:00:00Z;1999-03-04T03:00:00Z;Exonerado
Comissão Técnica da Moeda e do Crédito - Comoc;Presidente do Banco Central do Brasil;Gustavo Henrique de Barroso Franco;1997-08-20T03:00:00Z;1999-03-04T03:00:00Z;Exonerado
Comissão Técnica da Moeda e do Crédito - Comoc;Secretaria do Tesouro Nacional;Eduardo Augusto de Almeida Guimarães;1996-12-02T02:00:00Z;1999-07-01T03:00:00Z;Exonerado
Diretoria Colegiada;Diretor de Reestruturação do Sistema Financeiro Estadual e das Dívidas dos Estados, do Distrito Federal e dos Municípios - Direm;Paolo Enrico Maria Zaghen;1996-12-02T02:00:00Z;1999-07-29T03:00:00Z;Exonerado
Comissão Técnica da Moeda e do Crédito - Comoc;Diretor do Banco Central do Brasil;Paolo Enrico Maria Zaghen;1996-12-02T02:00:00Z;1999-07-29T03:00:00Z;Exonerado
Comissão Técnica da Moeda e do Crédito - Comoc;Secretaria-Executiva de Planejamento, Orçamento e Coordenação/Ministério do Planejamento/Ministério do Planejamento e Orçamento;Martus Antônio Rodrigues Tavares;1996-09-02T03:00:00Z;1999-07-19T03:00:00Z;Exonerado
Conselho Monetário Nacional - CMN;Ministro do Planejamento;Andrea Sandro Calabi - [interino];1996-06-01T03:00:00Z;1996-06-01T03:00:00Z;Exonerado
Conselho Monetário Nacional - CMN;Ministro do Planejamento;Antonio Kandir;1996-06-01T03:00:00Z;1998-03-31T03:00:00Z;Exonerado
Diretoria Colegiada;Diretor de Política Monetária - Dipom;Francisco Lafaiete de Pádua Lopes;1996-03-22T03:00:00Z;1999-03-04T03:00:00Z;Exonerado
Diretoria Colegiada;Diretor de Normas e Organização do Sistema Financeiro - Dinor;Alkimar Ribeiro Moura;1996-03-22T03:00:00Z;1997-09-03T03:00:00Z;Exonerado
Comissão Técnica da Moeda e do Crédito - Comoc;Presidente da Comissão de Valores Mobiliários (CVM);Francisco Augusto da Costa e Silva;1995-08-08T03:00:00Z;2000-01-12T02:00:00Z;Exonerado
Diretoria Colegiada;Diretor de Fiscalização - Difis;Cláudio Ness Mauch;1995-06-30T03:00:00Z;1999-03-04T03:00:00Z;Exonerado
Diretoria Colegiada;Presidente do Banco Central do Brasil;Gustavo Jorge Laboissière Loyola;1995-06-13T03:00:00Z;1997-08-20T03:00:00Z;Exonerado
Conselho Monetário Nacional - CMN;Presidente do Banco Central do Brasil;Gustavo Jorge Laboissière Loyola;1995-06-13T03:00:00Z;1997-08-20T03:00:00Z;Exonerado
Comissão Técnica da Moeda e do Crédito - Comoc;Presidente do Banco Central do Brasil;Gustavo Jorge Laboissière Loyola;1995-06-13T03:00:00Z;1997-08-20T03:00:00Z;Exonerado
Comissão Técnica da Moeda e do Crédito - Comoc;Diretor do Banco Central do Brasil;Francisco Lafaiete de Pádua Lopes;1995-02-21T03:00:00Z;1999-03-04T03:00:00Z;Exonerado
Comissão Técnica da Moeda e do Crédito - Comoc;Diretor do Banco Central do Brasil;Carlos Eduardo Tavares de Andrade;1995-02-21T03:00:00Z;1999-03-04T03:00:00Z;Exonerado
Comissão Técnica da Moeda e do Crédito - Comoc;Diretor do Banco Central do Brasil;Cláudio Ness Mauch;1995-02-21T03:00:00Z;1999-03-04T03:00:00Z;Exonerado
Comissão Técnica da Moeda e do Crédito - Comoc;Diretor do Banco Central do Brasil;Alkimar Ribeiro Moura;1995-02-21T03:00:00Z;1997-09-03T03:00:00Z;Exonerado
Comissão Técnica da Moeda e do Crédito - Comoc;Diretor do Banco Central do Brasil;Gustavo Henrique de Barroso Franco;1995-02-21T03:00:00Z;1997-08-20T03:00:00Z;Exonerado
Comissão Técnica da Moeda e do Crédito - Comoc;Diretor do Banco Central do Brasil;Edson Bastos Sabino;1995-02-21T03:00:00Z;1995-06-30T03:00:00Z;Exonerado
Comissão Técnica da Moeda e do Crédito - Comoc;Secretaria-Executiva do Ministério da Fazenda;Pedro Pullen Parente;1995-02-21T03:00:00Z;1999-03-31T03:00:00Z;Exonerado
Conselho Monetário Nacional - CMN;Ministro do Planejamento;José Serra;1995-02-03T02:00:00Z;1996-06-01T03:00:00Z;Exonerado
Conselho Monetário Nacional - CMN;Ministro do Planejamento;Andrea Sandro Calabi - [interino];1995-02-01T02:00:00Z;1995-02-03T02:00:00Z;Exonerado
Diretoria Colegiada;Diretor de Política Econômica - Dipec;Francisco Lafaiete de Pádua Lopes;1995-01-12T02:00:00Z;1999-03-04T03:00:00Z;Exonerado
Diretoria Colegiada;Presidente do Banco Central do Brasil;Pérsio Arida;1995-01-11T02:00:00Z;1995-06-13T03:00:00Z;Exonerado
Conselho Monetário Nacional - CMN;Presidente do Banco Central do Brasil;Pérsio Arida;1995-01-11T02:00:00Z;1995-06-13T03:00:00Z;Exonerado
Comissão Técnica da Moeda e do Crédito - Comoc;Presidente do Banco Central do Brasil;Pérsio Arida;1995-01-11T02:00:00Z;1995-06-13T03:00:00Z;Exonerado
Comissão Técnica da Moeda e do Crédito - Comoc;Secretaria-Executiva de Planejamento, Orçamento e Coordenação/Ministério do Planejamento/Ministério do Planejamento e Orçamento;Andrea Sandro Calabi;1995-01-11T02:00:00Z;1996-09-02T03:00:00Z;Exonerado
Comissão Técnica da Moeda e do Crédito - Comoc;Secretaria de Política Econômica do Ministério da Fazenda (SPE) / Ministério da Economia;José Roberto Mendonça de Barros;1995-01-03T02:00:00Z;1998-04-01T03:00:00Z;Exonerado
Conselho Monetário Nacional - CMN;Ministro da Fazenda;Pedro Sampaio Malan;1995-01-01T02:00:00Z;2003-01-01T02:00:00Z;Exonerado
Conselho Monetário Nacional - CMN;Ministro do Planejamento;José Serra;1995-01-01T02:00:00Z;1995-02-01T02:00:00Z;Exonerado
Conselho Monetário Nacional - CMN;Presidente do Banco Central do Brasil;Gustavo Henrique de Barros Franco - [interino];1994-12-31T02:00:00Z;1995-01-11T02:00:00Z;Exonerado
Diretoria Colegiada;Presidente do Banco Central do Brasil;Gustavo Henrique de Barroso Franco;1994-12-31T02:00:00Z;1995-01-11T02:00:00Z;Dispensado do encargo
Comissão Técnica da Moeda e do Crédito - Comoc;Presidente do Banco Central do Brasil;Gustavo Henrique de Barroso Franco;1994-12-31T02:00:00Z;1995-01-11T02:00:00Z;Exonerado
Conselho Monetário Nacional - CMN;Ministro da Fazenda;Ciro Ferreira Gomes;1994-09-07T03:00:00Z;1994-12-31T02:00:00Z;Exonerado
Comissão Técnica da Moeda e do Crédito - Comoc;Secretaria-Executiva de Planejamento, Orçamento e Coordenação/Ministério do Planejamento/Ministério do Planejamento e Orçamento;Raul Belens Jungmann Pinto;1994-08-26T03:00:00Z;1995-01-01T02:00:00Z;Exonerado
Comissão Técnica da Moeda e do Crédito - Comoc;Diretor do Banco Central do Brasil;Cláudio Ness Mauch;1994-06-30T03:00:00Z;1995-02-21T03:00:00Z;Exonerado
Comissão Técnica da Moeda e do Crédito - Comoc;Secretaria de Política Econômica do Ministério da Fazenda (SPE) / Ministério da Economia;Winston Fritsch;1994-06-30T03:00:00Z;1995-01-01T02:00:00Z;Exonerado
Comissão Técnica da Moeda e do Crédito - Comoc;Presidente da Comissão de Valores Mobiliários (CVM);Thomás Tosta de Sá;1994-06-30T03:00:00Z;1995-08-08T03:00:00Z;Exonerado
Comissão Técnica da Moeda e do Crédito - Comoc;Diretor do Banco Central do Brasil;Gustavo Henrique de Barroso Franco;1994-06-30T03:00:00Z;1995-02-21T03:00:00Z;Exonerado
Comissão Técnica da Moeda e do Crédito - Comoc;Diretor do Banco Central do Brasil;Alkimar Ribeiro Moura;1994-06-30T03:00:00Z;1995-02-21T03:00:00Z;Exonerado
Comissão Técnica da Moeda e do Crédito - Comoc;Presidente do Banco Central do Brasil;Pedro Sampaio Malan;1994-06-30T03:00:00Z;2005-01-01T02:00:00Z;Exonerado
Comissão Técnica da Moeda e do Crédito - Comoc;Secretaria do Tesouro Nacional;Murilo Portugal Filho;1994-06-30T03:00:00Z;1996-12-02T02:00:00Z;Exonerado
Conselho Monetário Nacional - CMN;Ministro do Trabalho;Marcelo Pimentel;1994-05-05T03:00:00Z;1994-06-30T03:00:00Z;Exonerado
Conselho Monetário Nacional - CMN;Ministro da Fazenda;Rubens Ricupero;1994-03-30T03:00:00Z;1994-09-07T03:00:00Z;Exonerado
Conselho Monetário Nacional - CMN;Presidente da Caixa Econômica Federal;José Fernando de Almeida - [interino];1994-03-30T03:00:00Z;1994-06-30T03:00:00Z;Exonerado
Conselho Monetário Nacional - CMN;Ministro do Trabalho;Mozart de Abreu e Lima - [interino];1994-03-30T03:00:00Z;1994-05-05T03:00:00Z;Exonerado
Diretoria Colegiada;Diretor de Política Monetária - Dipom;Alkimar Ribeiro Moura;1994-03-07T03:00:00Z;1996-03-22T03:00:00Z;Dispensado do encargo
Conselho Monetário Nacional - CMN;Ministro do Planejamento;Benedito Clayton Veras Alcântara;1994-03-04T03:00:00Z;1994-12-31T02:00:00Z;Exonerado
Diretoria Colegiada;Diretor de Política Monetária - Dipom;Pedro Sampaio Malan;1994-02-22T03:00:00Z;1994-03-07T03:00:00Z;Dispensado do encargo
Conselho Monetário Nacional - CMN;Ministro da Indústria e Comércio;Élcio Álvares;1994-01-26T02:00:00Z;1994-06-30T03:00:00Z;Exonerado
Conselho Monetário Nacional - CMN;Ministro da Agricultura;Synval Sebastião Duarte Guazzelli;1994-01-26T02:00:00Z;1994-06-30T03:00:00Z;Exonerado
Conselho Monetário Nacional - CMN;Ministro da Indústria e Comércio;Ailton Barcelos Fernandes - [interino];1993-12-23T02:00:00Z;1994-01-26T02:00:00Z;Exonerado
Conselho Monetário Nacional - CMN;Presidente da Comissão de Valores Mobiliários (CVM);Thomás Tosta de Sá;1993-12-21T02:00:00Z;1994-06-30T03:00:00Z;Exonerado
Conselho Monetário Nacional - CMN;Ministro da Agricultura;Alberto Duque Portugal - [interino];1993-12-21T02:00:00Z;1994-01-26T02:00:00Z;Exonerado
Conselho Monetário Nacional - CMN;Ministro da Previdência Social;Sérgio Cutolo dos Santos;1993-12-14T02:00:00Z;1994-06-30T03:00:00Z;Exonerado
Diretoria Colegiada;Diretor de Fiscalização - Difis;Edson Bastos Sabino;1993-12-07T02:00:00Z;1995-06-30T03:00:00Z;Exonerado
Conselho Monetário Nacional - CMN;Membro Nomeado;Pedro de Camargo Neto;1993-10-19T02:00:00Z;1994-06-30T03:00:00Z;Exonerado
Conselho Monetário Nacional - CMN;Ministro da Agricultura;Dejandir Dalpasquale;1993-10-13T03:00:00Z;1993-12-21T02:00:00Z;Exonerado
Conselho Monetário Nacional - CMN;Presidente do Banco Central do Brasil;Pedro Sampaio Malan;1993-09-09T03:00:00Z;1995-01-01T02:00:00Z;Exonerado
Diretoria Colegiada;Diretor de Fiscalização - Difis;Cláudio Ness Mauch;1993-09-09T03:00:00Z;1993-12-07T02:00:00Z;Dispensado do encargo
Diretoria Colegiada;Diretor de Política Monetária - Dipom;Francisco Eduardo de Almeida Pinto;1993-09-09T03:00:00Z;1994-02-22T03:00:00Z;Exonerado
Diretoria Colegiada;Presidente do Banco Central do Brasil;Pedro Sampaio Malan;1993-09-09T03:00:00Z;1995-01-01T02:00:00Z;Exonerado
Diretoria Colegiada;Diretor de Assuntos Internacionais - Direx;Gustavo Henrique de Barroso Franco;1993-09-09T03:00:00Z;1997-09-03T03:00:00Z;Dispensado do encargo
Conselho Monetário Nacional - CMN;Presidente do Banco Nacional de Desenvolvimento Econômico e Social (BNDES);Pérsio Arida;1993-09-03T03:00:00Z;1994-06-30T03:00:00Z;Exonerado
Conselho Monetário Nacional - CMN;Ministro da Agricultura;José Eduardo de Andrade Vieira - [interino];1993-09-01T03:00:00Z;1993-10-13T03:00:00Z;Exonerado
Conselho Monetário Nacional - CMN;Ministro da Agricultura;José Antonio Barros Munhoz;1993-06-17T03:00:00Z;1993-09-01T03:00:00Z;Exonerado
Conselho Monetário Nacional - CMN;Ministro da Agricultura;Wilson Brandi Romão - [interino];1993-06-16T03:00:00Z;1993-06-17T03:00:00Z;Exonerado
Conselho Monetário Nacional - CMN;Ministro da Agricultura;Nuri Andraus Gassani;1993-06-07T03:00:00Z;1993-06-16T03:00:00Z;Exonerado
Conselho Monetário Nacional - CMN;Ministro da Agricultura;Wilson Brandi Romão - [interino];1993-05-25T03:00:00Z;1993-06-07T03:00:00Z;Exonerado
Conselho Monetário Nacional - CMN;Ministro do Planejamento;Aléxis Stepanenko;1993-05-20T03:00:00Z;1994-03-04T03:00:00Z;Exonerado
Conselho Monetário Nacional - CMN;Ministro da Fazenda;Fernando Henrique Cardoso;1993-05-20T03:00:00Z;1994-03-30T03:00:00Z;Exonerado
Conselho Monetário Nacional - CMN;Ministro do Planejamento;Aléxis Stepanenko - [interino];1993-05-10T03:00:00Z;1993-05-20T03:00:00Z;Exonerado
Conselho Monetário Nacional - CMN;Ministro da Previdência Social;Antonio Brito Filho;1993-04-07T03:00:00Z;1993-12-14T02:00:00Z;Exonerado
Conselho Monetário Nacional - CMN;Presidente do Banco da Amazônia S.A. (BASA);Anivaldo Juvenil Vale;1993-04-07T03:00:00Z;1994-03-30T03:00:00Z;Exonerado
Conselho Monetário Nacional - CMN;Ministro do Trabalho;Walter Barelli;1993-04-07T03:00:00Z;1994-03-30T03:00:00Z;Exonerado
Conselho Monetário Nacional - CMN;Ministro da Indústria e Comércio;José Eduardo de Andrade Vieira;1993-04-07T03:00:00Z;1993-12-23T02:00:00Z;Exonerado
Diretoria Colegiada;Diretor de Fiscalização - Difis;Sérgio de Iudícibus;1993-04-06T03:00:00Z;1993-09-09T03:00:00Z;Exonerado
Diretoria Colegiada;Diretor de Administração - Dirad;Carlos Eduardo Tavares de Andrade;1993-04-06T03:00:00Z;1999-03-04T03:00:00Z;Exonerado
Diretoria Colegiada;Diretor de Assuntos Internacionais - Direx;José Roberto Novaes de Almeida;1993-04-06T03:00:00Z;1993-09-09T03:00:00Z;Exonerado
Diretoria Colegiada;Diretor de Normas e Organização do Sistema Financeiro - Dinor;Cláudio Ness Mauch;1993-04-06T03:00:00Z;1996-03-20T03:00:00Z;Dispensado do encargo
Diretoria Colegiada;Diretor de Política Monetária - Dipom;Francisco Amadeu Pires Felix;1993-04-06T03:00:00Z;1993-09-09T03:00:00Z;Exonerado
Diretoria Colegiada;Diretor de Normas e Organização do Sistema Financeiro - Dinor;Paulo César Ximenes Alves Ferreira;1993-03-29T03:00:00Z;1993-04-06T03:00:00Z;Dispensado do encargo
Diretoria Colegiada;Presidente do Banco Central do Brasil;Paulo César Ximenes Alves Ferreira;1993-03-26T03:00:00Z;1993-09-09T03:00:00Z;Exonerado
Conselho Monetário Nacional - CMN;Presidente do Banco Central do Brasil;Paulo César Ximenes Alves Ferreira;1993-03-26T03:00:00Z;1993-09-09T03:00:00Z;Exonerado
Conselho Monetário Nacional - CMN;Presidente do Banco Nacional de Desenvolvimento Econômico e Social (BNDES);Luiz Carlos Delben Leite;1993-03-11T03:00:00Z;1993-08-30T03:00:00Z;Exonerado
Conselho Monetário Nacional - CMN;Ministro da Fazenda;Eliseu Resende;1993-03-01T03:00:00Z;1993-05-20T03:00:00Z;Exonerado
Conselho Monetário Nacional - CMN;Ministro do Planejamento;Yeda Rorato Crusius;1993-01-27T02:00:00Z;1993-05-10T03:00:00Z;Exonerado
Conselho Monetário Nacional - CMN;Ministro do Planejamento;Paulo Roberto Haddad - [interino];1993-01-19T02:00:00Z;1993-01-27T02:00:00Z;Exonerado
Conselho Monetário Nacional - CMN;Ministro da Fazenda;Paulo Roberto Haddad;1993-01-19T02:00:00Z;1993-03-01T03:00:00Z;Exonerado
Conselho Monetário Nacional - CMN;Ministro da Fazenda;Paulo Roberto Haddad - [interino];1992-12-17T02:00:00Z;1993-01-19T02:00:00Z;Exonerado
Diretoria Colegiada;Diretor de Administração - Dirad;Emílio Garófalo Filho;1992-12-02T02:00:00Z;1993-04-06T03:00:00Z;Exonerado
Diretoria Colegiada;Diretor de Assuntos Internacionais - Direx;Emílio Garófalo Filho;1992-12-01T02:00:00Z;1993-04-06T03:00:00Z;Exonerado
Diretoria Colegiada;Diretor de Política Monetária - Dipom;João Heraldo dos Santos Lima;1992-12-01T02:00:00Z;1993-04-06T03:00:00Z;Exonerado
Diretoria Colegiada;Presidente do Banco Central do Brasil;Gustavo Jorge Laboissière Loyola;1992-11-13T02:00:00Z;1993-03-29T03:00:00Z;Exonerado
Conselho Monetário Nacional - CMN;Presidente do Banco Central do Brasil;Gustavo Jorge Laboissière Loyola;1992-11-13T02:00:00Z;1993-03-29T03:00:00Z;Exonerado
Conselho Monetário Nacional - CMN;Presidente do Banco do Brasil;Alcir Augustinho Calliari;1992-10-26T02:00:00Z;1994-06-30T03:00:00Z;Exonerado
Conselho Monetário Nacional - CMN;Presidente do Banco do Nordeste do Brasil S.A. (BNB);João Alves de Melo;1992-10-21T02:00:00Z;1994-06-30T03:00:00Z;Exonerado
Conselho Monetário Nacional - CMN;Presidente da Comissão de Valores Mobiliários (CVM);Luiz Carlos Piva;1992-10-20T02:00:00Z;1993-12-21T02:00:00Z;Exonerado
Conselho Monetário Nacional - CMN;Ministro do Planejamento;Paulo Roberto Haddad;1992-10-20T02:00:00Z;1993-01-19T02:00:00Z;Exonerado
Conselho Monetário Nacional - CMN;Presidente da Caixa Econômica Federal;Danilo de Castro;1992-10-20T02:00:00Z;1994-03-30T03:00:00Z;Exonerado
Conselho Monetário Nacional - CMN;Ministro da Agricultura;Lázaro Ferreira Barboza;1992-10-14T03:00:00Z;1993-05-25T03:00:00Z;Exonerado
Conselho Monetário Nacional - CMN;Presidente do Banco Nacional de Desenvolvimento Econômico e Social (BNDES);Antônio Barros de Castro;1992-10-07T03:00:00Z;1993-03-11T03:00:00Z;Exonerado
Conselho Monetário Nacional - CMN;Ministro da Fazenda;Gustavo Krause Gonçalves Sobrinho;1992-10-03T03:00:00Z;1992-12-17T02:00:00Z;Exonerado
Conselho Monetário Nacional - CMN;Presidente do Banco do Brasil;Luiz Antonio de Camargo Fayet - [interino];1992-09-30T03:00:00Z;1992-10-26T02:00:00Z;Exonerado
Conselho Monetário Nacional - CMN;Presidente da Caixa Econômica Federal;Milton Luiz de Melo Santos - [interino];1992-09-30T03:00:00Z;1992-10-20T02:00:00Z;Exonerado
Conselho Monetário Nacional - CMN;Representantes das Classes Trabalhadoras;Lourenço Ferreira do Prado - [recondução];1992-07-24T03:00:00Z;1993-09-03T03:00:00Z;Exonerado
Conselho Monetário Nacional - CMN;Presidente da Comissão de Valores Mobiliários (CVM);Roberto Faldini;1992-02-27T03:00:00Z;1992-10-03T03:00:00Z;Exonerado
Conselho Monetário Nacional - CMN;Ministro do Trabalho;Reinhold Stephanes;1992-01-20T02:00:00Z;1992-04-10T03:00:00Z;Exonerado
Conselho Monetário Nacional - CMN;Membro Nomeado;Roberto Rodrigues;1991-09-23T03:00:00Z;1993-09-22T03:00:00Z;Exonerado
Conselho Monetário Nacional - CMN;Membro Nomeado;Alcides Lopes Tápias;1991-09-23T03:00:00Z;1994-06-30T03:00:00Z;Exonerado
Conselho Monetário Nacional - CMN;Membro Nomeado;Paulo Guilherme Aguiar Cunha;1991-09-23T03:00:00Z;1994-06-30T03:00:00Z;Exonerado
Conselho Monetário Nacional - CMN;Membro Nomeado;Carlos Antônio Rocca;1991-09-23T03:00:00Z;1994-06-30T03:00:00Z;Exonerado
Diretoria Colegiada;Diretor de Administração - Dirad;Cincinato Rodrigues de Campos;1991-06-24T03:00:00Z;1992-12-01T02:00:00Z;Exonerado
Diretoria Colegiada;Diretor de Fiscalização - Difis;Luiz Nelson Guedes de Carvalho;1991-06-07T03:00:00Z;1993-04-06T03:00:00Z;Exonerado
Diretoria Colegiada;Diretor de Assuntos Internacionais - Direx;Armínio Fraga Neto;1991-06-07T03:00:00Z;1992-12-01T02:00:00Z;Exonerado
Diretoria Colegiada;Diretor de Política Monetária - Dipom;Pedro Luiz Bodin de Moraes;1991-06-03T03:00:00Z;1992-12-01T02:00:00Z;Exonerado
Conselho Monetário Nacional - CMN;Presidente do Banco Central do Brasil;Francisco Roberto André Gros;1991-05-17T03:00:00Z;1992-11-16T02:00:00Z;Exonerado
Diretoria Colegiada;Presidente do Banco Central do Brasil;Francisco Roberto André Gros;1991-05-17T03:00:00Z;1992-11-16T02:00:00Z;Exonerado
Conselho Monetário Nacional - CMN;Presidente da Caixa Econômica Federal;Álvaro Figueiredo Maia de Mendonça Júnior;1991-05-15T03:00:00Z;1992-09-30T03:00:00Z;Exonerado
Diretoria Colegiada;Diretor de Assuntos Internacionais - Direx;Joubert Furtado;1991-05-13T03:00:00Z;1991-06-07T03:00:00Z;Dispensado do encargo
Conselho Monetário Nacional - CMN;Ministro da Infra-Estrutura;João Eduardo Cerdeira de Santana;1991-05-10T03:00:00Z;1992-04-13T03:00:00Z;Exonerado
Conselho Monetário Nacional - CMN;Ministro da Fazenda;Marcílio Marques Moreira;1991-05-10T03:00:00Z;1992-10-02T03:00:00Z;Exonerado
Conselho Monetário Nacional - CMN;Ministro da Infra-Estrutura;Eduardo de Freitas Teixeira;1991-03-28T03:00:00Z;1991-05-10T03:00:00Z;Exonerado
Diretoria Colegiada;Diretor de Assuntos Internacionais - Direx;Ibrahim Eris;1991-03-18T03:00:00Z;1991-05-17T03:00:00Z;Exonerado
Conselho Monetário Nacional - CMN;Presidente do Banco do Brasil;Lafaiete Coutinho Torres;1991-03-15T03:00:00Z;1992-09-30T03:00:00Z;Exonerado
Diretoria Colegiada;Diretor de Assuntos Internacionais - Direx;Antonio Cláudio Leonardo Pereira Sochaczewski;1990-07-20T03:00:00Z;1991-03-18T03:00:00Z;Exonerado
Conselho Monetário Nacional - CMN;Representantes das Classes Trabalhadoras;Lourenço Ferreira do Prado;1990-07-10T03:00:00Z;1992-07-24T03:00:00Z;Exonerado
Conselho Monetário Nacional - CMN;Presidente do Banco do Nordeste do Brasil S.A. (BNB);Jorge Lins Freire;1990-05-30T03:00:00Z;1992-10-03T03:00:00Z;Exonerado
Diretoria Colegiada;Diretor de Fiscalização - Difis;Eliseu Martins;1990-04-24T03:00:00Z;1991-06-07T03:00:00Z;Exonerado
Diretoria Colegiada;Diretor de Administração - Dirad;Joubert Furtado;1990-04-24T03:00:00Z;1991-06-24T03:00:00Z;Exonerado
Conselho Monetário Nacional - CMN;Ministro da Infra-Estrutura;Ozires Silva;1990-04-13T03:00:00Z;1991-03-28T03:00:00Z;Exonerado
Conselho Monetário Nacional - CMN;Ministro da Agricultura;Antônio Cabrera Mano Filho;1990-04-03T03:00:00Z;1992-10-02T03:00:00Z;Exonerado
Conselho Monetário Nacional - CMN;Presidente do Banco Nacional de Desenvolvimento Econômico e Social (BNDES);Eduardo Marco Modiano;1990-03-30T03:00:00Z;1992-10-03T03:00:00Z;Exonerado
Conselho Monetário Nacional - CMN;Ministro da Agricultura;José Bernardo Cabral - [interino];1990-03-30T03:00:00Z;1990-04-03T03:00:00Z;Exonerado
Conselho Monetário Nacional - CMN;Presidente da Comissão de Valores Mobiliários (CVM);Ary Oswaldo Mattos Filho;1990-03-28T03:00:00Z;1992-02-27T03:00:00Z;Exonerado
Conselho Monetário Nacional - CMN;Presidente da Caixa Econômica Federal;Lafaiete Coutinho Torres;1990-03-21T03:00:00Z;1991-05-15T03:00:00Z;Exonerado
Conselho Monetário Nacional - CMN;Presidente do Banco do Brasil;Alberto Policaro;1990-03-20T03:00:00Z;1991-05-13T03:00:00Z;Exonerado
Diretoria Colegiada;Diretor de Política Monetária - Dipom;Luis Eduardo Alves de Assis;1990-03-16T03:00:00Z;1991-06-03T03:00:00Z;Exonerado
Diretoria Colegiada;Diretor de Administração - Dirad;Gustavo Jorge Laboissière Loyola;1990-03-16T03:00:00Z;1990-04-24T03:00:00Z;Dispensado do encargo
Diretoria Colegiada;Diretor de Administração - Dirad;Ibrahim Eris;1990-03-15T03:00:00Z;1990-03-15T03:00:00Z;Dispensado do encargo
Diretoria Colegiada;Presidente do Banco Central do Brasil;Ibrahim Eris;1990-03-15T03:00:00Z;1991-05-17T03:00:00Z;Exonerado
Diretoria Colegiada;Diretor de Normas e Organização do Sistema Financeiro - Dinor;Gustavo Jorge Laboissière Loyola;1990-03-15T03:00:00Z;1993-03-25T03:00:00Z;Dispensado do encargo
Diretoria Colegiada;Diretor da Área Externa - Direx;Ibrahim Eris;1990-03-15T03:00:00Z;1990-03-15T03:00:00Z;Dispensado do encargo
Diretoria Colegiada;Diretor de Fiscalização - Difis;Ibrahim Eris;1990-03-15T03:00:00Z;1990-04-24T03:00:00Z;Dispensado do encargo
Diretoria Colegiada;Diretor de Câmbio e Assuntos Internacionais - Direx;Antonio Cláudio Leonardo Pereira Sochaczewski;1990-03-15T03:00:00Z;1990-07-20T03:00:00Z;Dispensado do encargo
Diretoria Colegiada;Diretor da Área Bancária - Diban;Ibrahim Eris;1990-03-15T03:00:00Z;1990-03-15T03:00:00Z;Dispensado do encargo
Diretoria Colegiada;Diretor de Mercado de Capitais - Dimec;Ibrahim Eris;1990-03-15T03:00:00Z;1990-03-15T03:00:00Z;Dispensado do encargo
Conselho Monetário Nacional - CMN;Ministro da Fazenda;Zélia Maria Cardoso de Mello;1990-03-15T03:00:00Z;1991-05-10T03:00:00Z;Exonerado
Conselho Monetário Nacional - CMN;Presidente do Banco Central do Brasil;Ibrahim Eris;1990-03-15T03:00:00Z;1991-05-17T03:00:00Z;Exonerado
Conselho Monetário Nacional - CMN;Ministro da Agricultura;Joaquim Domingos Roriz;1990-03-15T03:00:00Z;1990-03-30T03:00:00Z;Exonerado
Conselho Monetário Nacional - CMN;Ministro do Trabalho;Antônio Rogério Magri;1990-03-15T03:00:00Z;1992-01-20T02:00:00Z;Exonerado
Conselho Monetário Nacional - CMN;Presidente da Caixa Econômica Federal;José Marcolino Lincoln;1990-02-09T02:00:00Z;1990-03-15T03:00:00Z;Exonerado
Diretoria Colegiada;Diretor de Mercado de Capitais - Dimec;Francisco Amadeu Pires Felix;1990-01-10T02:00:00Z;1990-03-14T03:00:00Z;Exonerado
Diretoria Colegiada;Diretor da Dívida Pública e Mercado Aberto - Didip;Francisco Amadeu Pires Felix;1989-10-31T02:00:00Z;1990-03-14T03:00:00Z;Exonerado
Diretoria Colegiada;Presidente do Banco Central do Brasil;Wadico Waldir Bucchi;1989-10-25T02:00:00Z;1990-03-15T03:00:00Z;Exonerado
Conselho Monetário Nacional - CMN;Presidente do Banco Central do Brasil;Wadico Waldir Bucchi;1989-10-25T02:00:00Z;1990-03-15T03:00:00Z;Exonerado
Conselho Monetário Nacional - CMN;Presidente do Banco Nacional de Desenvolvimento Econômico e Social (BNDES);Ney Fontes de Melo Távora;1989-10-02T03:00:00Z;1990-03-15T03:00:00Z;Exonerado
Diretoria Colegiada;Diretor da Dívida Pública e Mercado Aberto - Didip;Wadico Waldir Bucchi;1989-06-30T03:00:00Z;1989-10-31T02:00:00Z;Dispensado do encargo
Conselho Monetário Nacional - CMN;Presidente do Banco Central do Brasil;Wadico Waldir Bucchi - [interino];1989-06-23T03:00:00Z;1989-10-31T02:00:00Z;Exonerado
Conselho Monetário Nacional - CMN;Membro Nomeado;Arthur Antônio Sendas;1989-04-14T03:00:00Z;1994-06-30T03:00:00Z;Exonerado
Conselho Monetário Nacional - CMN;Representantes das Classes Trabalhadoras;José Calixto Ramos - [recondução];1989-04-12T03:00:00Z;1989-12-21T02:00:00Z;Exonerado
Conselho Monetário Nacional - CMN;Presidente da Comissão de Valores Mobiliários (CVM);Martin Wimmer;1989-03-20T03:00:00Z;1990-03-28T03:00:00Z;Exonerado
Conselho Monetário Nacional - CMN;Presidente da Caixa Econômica Federal;Paulo Rubens Mandarino;1989-01-13T02:00:00Z;1990-02-09T02:00:00Z;Exonerado
Conselho Monetário Nacional - CMN;Ministro do Trabalho;Dorothea Fonseca Furquim Werneck;1989-01-13T02:00:00Z;1990-03-15T03:00:00Z;Exonerado
Diretoria Colegiada;Diretor da Dívida Pública e Mercado Aberto - Didip;Carlos Thadeu de Freitas Gomes;1988-12-19T02:00:00Z;1989-06-30T03:00:00Z;Exonerado
Diretoria Colegiada;Diretor para Assuntos da Dívida Externa - Divex;Arnim Lore;1988-11-17T02:00:00Z;1990-03-14T03:00:00Z;Dispensado do encargo
Conselho Monetário Nacional - CMN;Ministro do Trabalho;Ronaldo Costa Couto -  [interino];1988-10-17T02:00:00Z;1989-01-13T02:00:00Z;Exonerado
Diretoria Colegiada;Diretor da Dívida Pública e Mercado Aberto - Didip;Keyler Carvalho Rocha;1988-10-14T03:00:00Z;1988-12-19T02:00:00Z;Dispensado do encargo
Conselho Monetário Nacional - CMN;Ministro do Trabalho;Eros Antonio de Almeida - [interino];1988-09-28T03:00:00Z;1988-10-17T02:00:00Z;Exonerado
Conselho Monetário Nacional - CMN;Ministro da Indústria e Comércio;Roberto Cardoso Alves;1988-08-17T03:00:00Z;1990-03-14T03:00:00Z;Exonerado
Conselho Monetário Nacional - CMN;Ministro da Indústria e Comércio;Luiz André Rico Valente - [interino];1988-08-05T03:00:00Z;1988-08-17T03:00:00Z;Exonerado
Conselho Monetário Nacional - CMN;Presidente do Banco Central do Brasil;Elmo de Araújo Camões;1988-03-09T03:00:00Z;1989-06-22T03:00:00Z;Exonerado
Diretoria Colegiada;Presidente do Banco Central do Brasil;Elmo de Araújo Camões;1988-03-09T03:00:00Z;1989-06-22T03:00:00Z;Exonerado
Diretoria Colegiada;Diretor da Área Externa - Direx;Arnim Lore;1988-03-09T03:00:00Z;1990-03-15T03:00:00Z;Exonerado
Diretoria Colegiada;Diretor de Administração - Dirad;Antenor Araken Caldas Farias;1988-03-09T03:00:00Z;1990-03-15T03:00:00Z;Exonerado
Conselho Monetário Nacional - CMN;Presidente do Banco do Brasil;Mário Jorge Gusmão Bérard;1988-03-08T03:00:00Z;1990-03-16T03:00:00Z;Exonerado
Diretoria Colegiada;Diretor da Dívida Pública e Mercado Aberto - Didip;Juarez Soares;1988-01-27T02:00:00Z;1988-10-14T03:00:00Z;Exonerado
Diretoria Colegiada;Diretor de Administração - Dirad;Luis Álvaro de Oliveira Ribeiro;1988-01-27T02:00:00Z;1988-03-09T03:00:00Z;Exonerado
Diretoria Colegiada;Diretor de Mercado de Capitais - Dimec;Keyler Carvalho Rocha;1988-01-27T02:00:00Z;1990-01-10T02:00:00Z;Exonerado
Conselho Monetário Nacional - CMN;Ministro do Planejamento;João Batista de Abreu;1988-01-22T02:00:00Z;1990-03-15T03:00:00Z;Exonerado
Conselho Monetário Nacional - CMN;Presidente da Comissão de Valores Mobiliários (CVM);Arnoldo Wald;1988-01-13T02:00:00Z;1989-03-20T03:00:00Z;Exonerado
Conselho Monetário Nacional - CMN;Ministro da Fazenda;Mailson Ferreira da Nóbrega;1988-01-06T02:00:00Z;1990-03-15T03:00:00Z;Exonerado
Conselho Monetário Nacional - CMN;Ministro da Fazenda;Mailson Ferreira da Nóbrega - [interino];1987-12-21T02:00:00Z;1988-01-06T02:00:00Z;Exonerado
Conselho Monetário Nacional - CMN;Presidente do Banco da Amazônia S.A. (BASA);Waldemir Messias de Araújo;1987-11-20T02:00:00Z;1990-04-13T03:00:00Z;Exonerado
Conselho Monetário Nacional - CMN;Presidente da Caixa Econômica Federal;Maurício Viotti de Barros;1987-11-17T02:00:00Z;1989-01-11T02:00:00Z;Exonerado
Diretoria Colegiada;Diretor de Administração - Dirad;José Maria Arbex;1987-10-28T02:00:00Z;1988-01-27T02:00:00Z;Exonerado
Conselho Monetário Nacional - CMN;Ministro do Desenvolvimento Urbano;Luiz Humberto Prisco Viana;1987-10-23T02:00:00Z;1989-02-15T02:00:00Z;Exonerado
Diretoria Colegiada;Diretor de Administração - Dirad;Wadico Waldir Bucchi;1987-10-21T02:00:00Z;1987-10-28T02:00:00Z;Dispensado do encargo
Conselho Monetário Nacional - CMN;Membro Nomeado;Roberto Konder Bornhausen;1987-09-22T03:00:00Z;1989-09-21T03:00:00Z;Exonerado
Conselho Monetário Nacional - CMN;Membro Nomeado;Elmo de Araújo Camões;1987-09-22T03:00:00Z;1988-03-09T03:00:00Z;Exonerado
Conselho Monetário Nacional - CMN;Membro Nomeado;João Pereira dos Santos;1987-09-22T03:00:00Z;1991-09-12T03:00:00Z;Exonerado
Conselho Monetário Nacional - CMN;Membro Nomeado;Antônio Machado Guimarães;1987-09-22T03:00:00Z;1994-06-30T03:00:00Z;Exonerado
Conselho Monetário Nacional - CMN;Ministro do Interior;João Alves Filho;1987-08-10T03:00:00Z;1990-03-14T03:00:00Z;Exonerado
Conselho Monetário Nacional - CMN;Presidente do Banco da Amazônia S.A. (BASA);Delile Guerra de Macedo;1987-08-05T03:00:00Z;1987-09-28T03:00:00Z;Exonerado
Conselho Monetário Nacional - CMN;Presidente da Caixa Econômica Federal;Maurício Viotti de Barros - [interino];1987-06-04T03:00:00Z;1987-11-17T02:00:00Z;Exonerado
Diretoria Colegiada;Diretor de Mercado de Capitais - Dimec;Luiz Aranha Corrêa do Lago;1987-05-20T03:00:00Z;1988-01-27T02:00:00Z;Exonerado
Diretoria Colegiada;Diretor da Área Bancária - Diban;Wadico Waldir Bucchi;1987-05-20T03:00:00Z;1990-03-14T03:00:00Z;Dispensado do encargo
Conselho Monetário Nacional - CMN;Diretor da Carteira de Comércio Exterior do Banco do Brasil (Cacex);Namir Salek;1987-05-08T03:00:00Z;1990-03-30T03:00:00Z;Exonerado
Conselho Monetário Nacional - CMN;Representantes das Classes Trabalhadoras;José Calixto Ramos;1987-05-06T03:00:00Z;1989-04-12T03:00:00Z;Exonerado
Conselho Monetário Nacional - CMN;Presidente do Banco Central do Brasil;Fernando Milliet de Oliveira;1987-05-05T03:00:00Z;1988-03-09T03:00:00Z;Exonerado
Diretoria Colegiada;Presidente do Banco Central do Brasil;Fernando Milliet de Oliveira;1987-05-05T03:00:00Z;1988-03-09T03:00:00Z;Exonerado
Diretoria Colegiada;Presidente do Banco Central do Brasil;Lycio de Faria;1987-04-30T03:00:00Z;1987-05-04T03:00:00Z;Dispensado do encargo
Conselho Monetário Nacional - CMN;Presidente do Banco Central do Brasil;Lycio de Faria - [interino];1987-04-30T03:00:00Z;1987-05-04T03:00:00Z;Exonerado
Conselho Monetário Nacional - CMN;Ministro do Interior;Joaquim Francisco de Freitas Cavalcanti;1987-04-30T03:00:00Z;1987-08-07T03:00:00Z;Exonerado
Conselho Monetário Nacional - CMN;Ministro da Fazenda;Luiz Carlos Bresser Gonçalves Pereira;1987-04-29T03:00:00Z;1987-12-21T02:00:00Z;Exonerado
Conselho Monetário Nacional - CMN;Ministro do Planejamento;Aníbal Teixeira de Souza;1987-03-25T03:00:00Z;1988-01-22T02:00:00Z;Exonerado
Conselho Monetário Nacional - CMN;Presidente do Instituto de Resseguros do Brasil (IRB);Ronaldo do Valle Simões;1987-02-27T03:00:00Z;1990-04-13T03:00:00Z;Exonerado
Diretoria Colegiada;Diretor da Área Bancária - Diban;Ricardo Fernandez Silva;1987-02-25T03:00:00Z;1987-05-20T03:00:00Z;Exonerado
Diretoria Colegiada;Presidente do Banco Central do Brasil;Francisco Roberto André Gros;1987-02-11T02:00:00Z;1987-04-30T03:00:00Z;Exonerado
Conselho Monetário Nacional - CMN;Presidente do Banco Central do Brasil;Francisco Roberto André Gros;1987-02-11T02:00:00Z;1987-04-30T03:00:00Z;Exonerado
Conselho Monetário Nacional - CMN;Presidente do Banco Nacional de Desenvolvimento Econômico e Social (BNDES);Márcio João de Andrade Fortes;1987-01-26T02:00:00Z;1989-10-02T03:00:00Z;Exonerado
Diretoria Colegiada;Diretor da Dívida Pública e Mercado Aberto - Didip;Alkimar Ribeiro Moura;1987-01-07T02:00:00Z;1988-01-27T02:00:00Z;Dispensado do encargo
Conselho Monetário Nacional - CMN;Ministro do Trabalho;Almir Pazzianotto Pinto;1986-10-31T02:00:00Z;1988-09-28T03:00:00Z;Exonerado
Conselho Monetário Nacional - CMN;Presidente da Comissão de Valores Mobiliários (CVM);Luis Octávio da Motta Veiga;1986-09-01T03:00:00Z;1988-01-13T02:00:00Z;Exonerado
Conselho Monetário Nacional - CMN;Presidente do Banco da Amazônia S.A. (BASA);Carlos Thadeu de Freitas Gomes;1986-06-05T03:00:00Z;1987-04-15T03:00:00Z;Exonerado
Diretoria Colegiada;Diretor da Área Bancária - Diban;Pérsio Arida;1986-05-06T03:00:00Z;1987-02-19T02:00:00Z;Exonerado
Diretoria Colegiada;Diretor de Administração - Dirad;Lycio de Faria;1986-05-02T03:00:00Z;1987-10-23T02:00:00Z;Exonerado
Conselho Monetário Nacional - CMN;Presidente da Comissão de Valores Mobiliários (CVM);Victorio Fernando Bhering Cabral;1986-04-16T03:00:00Z;1986-09-01T03:00:00Z;Exonerado
Conselho Monetário Nacional - CMN;Presidente do Banco do Nordeste do Brasil S.A. (BNB);José Pereira e Silva;1986-04-16T03:00:00Z;1990-03-14T03:00:00Z;Exonerado
Conselho Monetário Nacional - CMN;Ministro da Indústria e Comércio;José Hugo Castelo Branco;1986-02-14T02:00:00Z;1988-08-04T03:00:00Z;Exonerado
Conselho Monetário Nacional - CMN;Ministro do Desenvolvimento Urbano;Deni Lineu Schwartz;1986-02-14T02:00:00Z;1987-10-23T02:00:00Z;Exonerado
Conselho Monetário Nacional - CMN;Ministro da Agricultura;Íris Rezende Machado;1986-02-14T02:00:00Z;1990-03-15T03:00:00Z;Exonerado
Diretoria Colegiada;Diretor para Assuntos da Dívida Externa - Divex;Antonio de Pádua Seixas;1985-11-26T02:00:00Z;1988-11-17T02:00:00Z;Exonerado
Conselho Monetário Nacional - CMN;Diretor da Carteira de Comércio Exterior do Banco do Brasil (Cacex);Roberto Fendt Júnior;1985-09-09T03:00:00Z;1987-05-08T03:00:00Z;Exonerado
Diretoria Colegiada;Diretor de Mercado de Capitais - Dimec;Luiz Carlos Mendonça de Barros;1985-09-04T03:00:00Z;1987-05-20T03:00:00Z;Exonerado
Diretoria Colegiada;Diretor de Fiscalização - Difis;José Tupy Caldas de Moura;1985-09-04T03:00:00Z;1990-03-14T03:00:00Z;Exonerado
Diretoria Colegiada;Diretor da Área Bancária - Diban;Carlos Thadeu de Freitas Gomes;1985-09-04T03:00:00Z;1986-05-02T03:00:00Z;Exonerado
Diretoria Colegiada;Diretor da Dívida Pública e Mercado Aberto - Didip;André Pinheiro de Lara Resende;1985-09-04T03:00:00Z;1987-01-06T02:00:00Z;Exonerado
Diretoria Colegiada;Presidente do Banco Central do Brasil;Fernão Carlos Botelho Bracher;1985-08-28T03:00:00Z;1987-02-11T02:00:00Z;Exonerado
Conselho Monetário Nacional - CMN;Presidente do Banco Central do Brasil;Fernão Carlos Botelho Bracher;1985-08-28T03:00:00Z;1987-02-11T02:00:00Z;Exonerado
Conselho Monetário Nacional - CMN;Ministro da Fazenda;Dilson Domingos Funaro;1985-08-27T03:00:00Z;1987-04-29T03:00:00Z;Exonerado
Conselho Monetário Nacional - CMN;Presidente do Banco Nacional de Desenvolvimento Econômico e Social (BNDES);André Franco Montoro Filho;1985-08-01T03:00:00Z;1987-01-01T02:00:00Z;Exonerado
Diretoria Colegiada;Diretor da Área Externa - Direx;Carlos Eduardo de Freitas;1985-04-29T03:00:00Z;1988-03-09T03:00:00Z;Exonerado
Conselho Monetário Nacional - CMN;Membro Nomeado;Roberto Costa de Abreu Sodré;1985-04-08T03:00:00Z;1986-02-14T02:00:00Z;Exonerado
Conselho Monetário Nacional - CMN;Membro Nomeado;Abílio dos Santos Diniz;1985-04-08T03:00:00Z;1989-04-03T03:00:00Z;Exonerado
Conselho Monetário Nacional - CMN;Ministro do Desenvolvimento Urbano;Flávio Rios Peixoto da Silveira;1985-04-08T03:00:00Z;1986-02-14T02:00:00Z;Exonerado
Conselho Monetário Nacional - CMN;Presidente do Banco da Amazônia S.A. (BASA);Delile Guerra de Macedo;1985-04-02T03:00:00Z;1986-06-04T03:00:00Z;Exonerado
Conselho Monetário Nacional - CMN;Membro Nomeado;Sérgio Franklin Quintella;1985-03-26T03:00:00Z;1990-04-03T03:00:00Z;Exonerado
Conselho Monetário Nacional - CMN;Presidente do Banco do Nordeste do Brasil S.A. (BNB);Carlos Mauro Cabral Benevides;1985-03-20T03:00:00Z;1986-02-14T02:00:00Z;Exonerado
Conselho Monetário Nacional - CMN;Presidente Banco Nacional da Habitação (BNH);José Maria de Aragão Melo;1985-03-18T03:00:00Z;1986-11-21T02:00:00Z;Exonerado
Diretoria Colegiada;Diretor de Fiscalização - Difis;Iran Siqueira Lima;1985-03-16T03:00:00Z;1985-09-02T03:00:00Z;Exonerado
Conselho Monetário Nacional - CMN;Presidente da Caixa Econômica Federal;Marcos de Barros Freire;1985-03-15T03:00:00Z;1987-06-04T03:00:00Z;Exonerado
Diretoria Colegiada;Diretor de Mercado de Capitais - Dimec;Roberto da Cunha Castello Branco;1985-03-15T03:00:00Z;1985-08-28T03:00:00Z;Exonerado
Conselho Monetário Nacional - CMN;Ministro da Fazenda;Francisco Oswaldo Neves Dornelles;1985-03-15T03:00:00Z;1985-08-27T03:00:00Z;Exonerado
Conselho Monetário Nacional - CMN;Presidente do Instituto de Resseguros do Brasil (IRB);Jorge Hilário Gouveia Vieira;1985-03-15T03:00:00Z;1987-02-27T03:00:00Z;Exonerado
Diretoria Colegiada;Diretor de Administração - Dirad;Paulo Roberto Franco Ferreira;1985-03-15T03:00:00Z;1986-05-02T03:00:00Z;Exonerado
Diretoria Colegiada;Presidente do Banco Central do Brasil;Antonio Carlos Braga Lemgruber;1985-03-15T03:00:00Z;1985-08-28T03:00:00Z;Exonerado
Conselho Monetário Nacional - CMN;Ministro da Indústria e Comércio;Roberto Herbster Gusmão;1985-03-15T03:00:00Z;1986-02-14T02:00:00Z;Exonerado
Diretoria Colegiada;Diretor de Crédito Rural e Industrial - Dicri;Hélio Ribeiro de Oliveira;1985-03-15T03:00:00Z;1989-06-01T03:00:00Z;Exonerado
Conselho Monetário Nacional - CMN;Ministro do Planejamento;João Sayad;1985-03-15T03:00:00Z;1987-03-25T03:00:00Z;Exonerado
Diretoria Colegiada;Diretor da Dívida Pública e Mercado Aberto - Didip;José Júlio de Almeida Senna;1985-03-15T03:00:00Z;1985-08-28T03:00:00Z;Exonerado
Conselho Monetário Nacional - CMN;Diretor da Carteira de Comércio Exterior do Banco do Brasil (Cacex);Marcos Pereira Vianna;1985-03-15T03:00:00Z;1985-09-09T03:00:00Z;Exonerado
Diretoria Colegiada;Diretor da Área Bancária - Diban;Alberto Sozin Furuguem;1985-03-15T03:00:00Z;1985-08-28T03:00:00Z;Exonerado
Diretoria Colegiada;Diretor da Área Externa - Direx;Sérgio Silva de Freitas;1985-03-15T03:00:00Z;1985-04-29T03:00:00Z;Exonerado
Conselho Monetário Nacional - CMN;Presidente da Comissão de Valores Mobiliários (CVM);Adroaldo Moura da Silva;1985-03-15T03:00:00Z;1986-04-09T03:00:00Z;Exonerado
Conselho Monetário Nacional - CMN;Presidente do Banco Nacional de Desenvolvimento Econômico e Social (BNDES);Dilson Domingos Funaro;1985-03-15T03:00:00Z;1985-08-28T03:00:00Z;Exonerado
Conselho Monetário Nacional - CMN;Presidente do Banco Central do Brasil;Antonio Carlos Braga Lemgruber;1985-03-15T03:00:00Z;1985-08-28T03:00:00Z;Exonerado
Conselho Monetário Nacional - CMN;Ministro da Agricultura;Pedro Jorge Simon;1985-03-15T03:00:00Z;1986-02-14T02:00:00Z;Exonerado
Conselho Monetário Nacional - CMN;Ministro do Interior;Ronaldo Costa Couto;1985-03-15T03:00:00Z;1987-04-30T03:00:00Z;Exonerado
Conselho Monetário Nacional - CMN;Presidente do Banco do Brasil;Camillo Calazans de Magalhães;1985-03-15T03:00:00Z;1988-03-08T03:00:00Z;Exonerado
Conselho Monetário Nacional - CMN;Presidente do Banco Nacional de Desenvolvimento Econômico e Social (BNDES);José Carlos Perdigão Medeiros da Fonseca;1984-10-17T03:00:00Z;1985-03-14T03:00:00Z;Exonerado
Conselho Monetário Nacional - CMN;Ministro da Indústria e Comércio;Murilo Paulino Badaró;1984-08-22T03:00:00Z;1985-03-15T03:00:00Z;Exonerado
Diretoria Colegiada;Diretor de Mercado de Capitais - Dimec;Iran Siqueira Lima;1984-07-25T03:00:00Z;1985-03-15T03:00:00Z;Dispensado do encargo
Conselho Monetário Nacional - CMN;Membro Nomeado;Pedro Conde;1984-07-19T03:00:00Z;1991-09-12T03:00:00Z;Exonerado
Conselho Monetário Nacional - CMN;Membro Nomeado;Amador Aguiar;1984-04-06T03:00:00Z;1986-04-05T03:00:00Z;Exonerado
Conselho Monetário Nacional - CMN;Membro Nomeado;João Carlos Paes Mendonça;1984-04-06T03:00:00Z;1986-04-05T03:00:00Z;Exonerado
Conselho Monetário Nacional - CMN;Ministro da Agricultura;Nestor Jost;1984-03-02T03:00:00Z;1985-03-15T03:00:00Z;Exonerado
Conselho Monetário Nacional - CMN;Presidente Banco Nacional da Habitação (BNH);Nelson da Matta;1983-11-30T02:00:00Z;1985-03-18T03:00:00Z;Exonerado
Conselho Monetário Nacional - CMN;Presidente do Banco Nacional de Desenvolvimento Econômico e Social (BNDES);Jorge Lins Freire;1983-09-08T03:00:00Z;1984-10-16T03:00:00Z;Exonerado
Diretoria Colegiada;Diretor da Área Bancária - Diban;José Luiz Silveira Miranda;1983-09-06T03:00:00Z;1985-03-15T03:00:00Z;Exonerado
Conselho Monetário Nacional - CMN;Presidente do Banco Central do Brasil;Affonso Celso Pastore;1983-09-05T03:00:00Z;1985-03-15T03:00:00Z;Exonerado
Diretoria Colegiada;Presidente do Banco Central do Brasil;Affonso Celso Pastore;1983-09-05T03:00:00Z;1985-03-15T03:00:00Z;Exonerado
Conselho Monetário Nacional - CMN;Diretor da Carteira de Comércio Exterior do Banco do Brasil (Cacex);Carlos Viacava;1983-03-01T03:00:00Z;1985-03-15T03:00:00Z;Exonerado
Conselho Monetário Nacional - CMN;Membro Nomeado;Antônio José Domingues de Oliveira Santos;1982-12-02T02:00:00Z;1991-09-13T03:00:00Z;Exonerado
Conselho Monetário Nacional - CMN;Presidente da Comissão de Valores Mobiliários (CVM);Herculano Marcos Borges da Fonseca;1981-06-30T03:00:00Z;1985-03-15T03:00:00Z;Exonerado
Conselho Monetário Nacional - CMN;Presidente do Banco da Amazônia S.A. (BASA);Ubaldo Campos Correa;1981-04-28T03:00:00Z;1985-04-02T03:00:00Z;Exonerado
Conselho Monetário Nacional - CMN;Membro Nomeado;Mário Stadler de Souza;1981-02-27T03:00:00Z;1985-04-08T03:00:00Z;Exonerado
Conselho Monetário Nacional - CMN;Presidente do Banco da Amazônia S.A. (BASA);Oziel Rodrigues Carneiro;1981-02-26T03:00:00Z;1981-04-28T03:00:00Z;Exonerado
Conselho Monetário Nacional - CMN;Presidente do Banco do Nordeste do Brasil S.A. (BNB);Camillo Calazans de Magalhães;1981-02-26T03:00:00Z;1985-03-20T03:00:00Z;Exonerado
Diretoria Colegiada;Diretor da Dívida Pública - Didip;Cláudio Luiz da Silva Haddad;1980-07-11T03:00:00Z;1982-12-30T02:00:00Z;Exonerado
Diretoria Colegiada;Diretor da Área Bancária - Diban;Antonio Chagas Meirelles;1980-01-21T02:00:00Z;1983-09-06T03:00:00Z;Exonerado
Conselho Monetário Nacional - CMN;Presidente do Banco Central do Brasil;Carlos Geraldo Langoni;1980-01-19T02:00:00Z;1983-09-05T03:00:00Z;Exonerado
Diretoria Colegiada;Presidente do Banco Central do Brasil;Carlos Geraldo Langoni;1980-01-19T02:00:00Z;1983-09-05T03:00:00Z;Exonerado
Conselho Monetário Nacional - CMN;Ministro da Fazenda;Ernane Galvêas;1980-01-17T02:00:00Z;1985-03-15T03:00:00Z;Exonerado
Conselho Monetário Nacional - CMN;Presidente da Comissão de Valores Mobiliários (CVM);Jorge Hilário Gouveia Vieira;1979-12-18T02:00:00Z;1981-06-30T03:00:00Z;Exonerado
Conselho Monetário Nacional - CMN;Membro Nomeado;Orlando Otto Kaesemodel;1979-12-18T02:00:00Z;1984-12-18T02:00:00Z;Exonerado
Diretoria Colegiada;Diretor de Mercado de Capitais - Dimec;Hermann Wagner Wey;1979-08-22T03:00:00Z;1984-07-24T03:00:00Z;Exonerado
Diretoria Colegiada;Diretor da Área Bancária - Diban;Carlos Geraldo Langoni;1979-08-22T03:00:00Z;1980-01-18T02:00:00Z;Dispensado do encargo
Diretoria Colegiada;Diretor de Crédito Rural e Industrial - Dicri;José Kleber Leite de Castro;1979-08-22T03:00:00Z;1985-03-14T03:00:00Z;Exonerado
Conselho Monetário Nacional - CMN;Presidente do Banco Central do Brasil;Ernane Galvêas;1979-08-17T03:00:00Z;1980-01-19T02:00:00Z;Exonerado
Diretoria Colegiada;Presidente do Banco Central do Brasil;Ernane Galvêas;1979-08-17T03:00:00Z;1980-01-19T02:00:00Z;Exonerado
Conselho Monetário Nacional - CMN;Ministro do Planejamento;Antônio Delfim Netto;1979-08-15T03:00:00Z;1985-03-15T03:00:00Z;Exonerado
Conselho Monetário Nacional - CMN;Ministro da Agricultura;Ângelo Amaury Stabile;1979-08-15T03:00:00Z;1984-03-02T03:00:00Z;Exonerado
Conselho Monetário Nacional - CMN;Membro Nomeado;Abílio dos Santos Diniz;1979-04-11T03:00:00Z;1984-04-11T03:00:00Z;Exonerado
Conselho Monetário Nacional - CMN;Membro Nomeado;Jayme Canet Junior;1979-04-11T03:00:00Z;1979-12-18T02:00:00Z;Exonerado
Conselho Monetário Nacional - CMN;Membro Nomeado;Ângelo Calmon de Sá;1979-04-11T03:00:00Z;1986-04-05T03:00:00Z;Exonerado
Conselho Monetário Nacional - CMN;Ministro do Interior;Mário David Andreazza;1979-04-11T03:00:00Z;1985-03-15T03:00:00Z;Exonerado
Conselho Monetário Nacional - CMN;Membro Nomeado;Nestor Jost;1979-04-11T03:00:00Z;1984-03-01T03:00:00Z;Exonerado
Conselho Monetário Nacional - CMN;Presidente da Caixa Econômica Federal;Gil Gouvea Macieira;1979-04-11T03:00:00Z;1985-03-15T03:00:00Z;Exonerado
Conselho Monetário Nacional - CMN;Diretor da Carteira de Comércio Exterior do Banco do Brasil (Cacex);Benedicto Fonseca Moreira;1979-04-11T03:00:00Z;1983-03-01T03:00:00Z;Exonerado
Conselho Monetário Nacional - CMN;Presidente do Instituto de Resseguros do Brasil (IRB);Ernesto Albrecht;1979-04-11T03:00:00Z;1985-03-15T03:00:00Z;Exonerado
Conselho Monetário Nacional - CMN;Membro Nomeado;Luiz Eulálio de Bueno Vidigal Filho;1979-04-11T03:00:00Z;1986-04-05T03:00:00Z;Exonerado
Conselho Monetário Nacional - CMN;Ministro da Agricultura;Antônio Delfim Netto;1979-04-11T03:00:00Z;1979-08-15T03:00:00Z;Exonerado
Diretoria Colegiada;Diretor de Administração - Dirad;Antônio Augusto dos Reis Veloso;1979-03-16T03:00:00Z;1985-03-15T03:00:00Z;Exonerado
Diretoria Colegiada;Diretor da Área Bancária - Diban;João Ary de Lima Barros;1979-03-16T03:00:00Z;1979-08-21T03:00:00Z;Exonerado
Diretoria Colegiada;Diretor de Crédito Rural e Industrial - Dicri;Celso da Costa Sabóia;1979-03-16T03:00:00Z;1979-08-21T03:00:00Z;Exonerado
Diretoria Colegiada;Diretor da Área Externa - Direx;José Carlos Madeira Serrano;1979-03-16T03:00:00Z;1985-03-14T03:00:00Z;Exonerado
Diretoria Colegiada;Diretor de Mercado de Capitais - Dimec;Luiz Lemos Leite;1979-03-16T03:00:00Z;1979-08-21T03:00:00Z;Exonerado
Conselho Monetário Nacional - CMN;Ministro da Fazenda;Karlos Heinz Rischbieter;1979-03-15T03:00:00Z;1980-01-17T02:00:00Z;Exonerado
Diretoria Colegiada;Presidente do Banco Central do Brasil;Carlos Brandão;1979-03-15T03:00:00Z;1979-08-17T03:00:00Z;Exonerado
Conselho Monetário Nacional - CMN;Ministro da Indústria e Comércio;João Camilo Penna;1979-03-15T03:00:00Z;1984-08-22T03:00:00Z;Exonerado
Conselho Monetário Nacional - CMN;Presidente do Banco do Brasil;Oswaldo Roberto Colin;1979-03-15T03:00:00Z;1985-03-15T03:00:00Z;Exonerado
Conselho Monetário Nacional - CMN;Presidente do Banco Nacional de Desenvolvimento Econômico e Social (BNDES);Luiz Antônio Sande de Oliveira;1979-03-15T03:00:00Z;1983-09-08T03:00:00Z;Exonerado
Conselho Monetário Nacional - CMN;Ministro do Planejamento;Mário Henrique Simonsen;1979-03-15T03:00:00Z;1979-08-10T03:00:00Z;Exonerado
Conselho Monetário Nacional - CMN;Presidente do Banco Central do Brasil;Carlos Brandão;1979-03-15T03:00:00Z;1979-08-17T03:00:00Z;Exonerado
Conselho Monetário Nacional - CMN;Presidente Banco Nacional da Habitação (BNH);José Lopes de Oliveira;1979-03-15T03:00:00Z;1983-11-30T02:00:00Z;Exonerado
Conselho Monetário Nacional - CMN;Presidente da Comissão de Valores Mobiliários (CVM);Roberto Teixeira da Costa;1977-04-20T03:00:00Z;1979-12-18T02:00:00Z;Exonerado
Conselho Monetário Nacional - CMN;Ministro da Indústria e Comércio;Ângelo Calmon de Sá;1977-02-08T02:00:00Z;1979-03-15T03:00:00Z;Exonerado
Conselho Monetário Nacional - CMN;Presidente do Banco do Brasil;Karlos Heinz Rischbieter;1977-02-08T02:00:00Z;1979-03-15T03:00:00Z;Exonerado
Conselho Monetário Nacional - CMN;Membro Nomeado;José Carlos Moraes Abreu;1975-05-15T03:00:00Z;1984-05-10T03:00:00Z;Exonerado
Diretoria Colegiada;Diretor de Administração - Dirad;José Antônio Berardinelli Vieira;1975-02-18T03:00:00Z;1979-03-15T03:00:00Z;Exonerado
Diretoria Colegiada;Diretor de Mercado de Capitais - Dimec;Sérgio Augusto Ribeiro;1975-02-18T03:00:00Z;1979-03-14T03:00:00Z;Exonerado
Diretoria Colegiada;Diretor de Crédito Rural e Industrial - Dicri;José de Ribamar Melo;1975-02-18T03:00:00Z;1979-03-14T03:00:00Z;Exonerado
Diretoria Colegiada;Diretor da Área Externa - Direx;Fernão Carlos Botelho Bracher;1975-02-18T03:00:00Z;1979-03-14T03:00:00Z;Dispensado do encargo
Diretoria Colegiada;Diretor da Área Bancária - Diban;Ernesto Albrecht;1975-02-18T03:00:00Z;1979-03-15T03:00:00Z;Exonerado
Conselho Monetário Nacional - CMN;Membro Nomeado;Octávio Gouvêa de Bulhões;1974-09-26T03:00:00Z;1990-10-13T03:00:00Z;Exonerado
Diretoria Colegiada;Área de Administração;José Antônio Berardinelli Vieira;1974-05-31T03:00:00Z;1975-02-18T03:00:00Z;Dispensado do encargo
Conselho Monetário Nacional - CMN;Membro Nomeado;Olavo Egydio Setúbal;1974-05-30T03:00:00Z;1975-05-15T03:00:00Z;Exonerado
Diretoria Colegiada;Área de Mercado de Capitais;Sérgio Augusto Ribeiro;1974-03-19T03:00:00Z;1975-02-18T03:00:00Z;Dispensado do encargo
Diretoria Colegiada;Área Bancária;Ernesto Albrecht;1974-03-19T03:00:00Z;1975-02-18T03:00:00Z;Dispensado do encargo
Diretoria Colegiada;Área de Crédito Rural e Industrial;José de Ribamar Melo;1974-03-19T03:00:00Z;1975-02-18T03:00:00Z;Dispensado do encargo
Diretoria Colegiada;Área Cambial/Externa;Fernão Carlos Botelho Bracher;1974-03-19T03:00:00Z;1975-02-18T03:00:00Z;Dispensado do encargo
Conselho Monetário Nacional - CMN;Presidente Banco Nacional da Habitação (BNH);Maurício Schulman;1974-03-15T03:00:00Z;1979-03-14T03:00:00Z;Exonerado
Conselho Monetário Nacional - CMN;Presidente da Caixa Econômica Federal;Karlos Heinz Rischbieter;1974-03-15T03:00:00Z;1974-05-15T03:00:00Z;Exonerado
Diretoria Colegiada;Presidente do Banco Central do Brasil;Paulo Hortênsio Pereira Lira;1974-03-15T03:00:00Z;1979-03-15T03:00:00Z;Exonerado
Conselho Monetário Nacional - CMN;Ministro da Indústria e Comércio;Severo Fagundes Gomes;1974-03-15T03:00:00Z;1977-02-08T02:00:00Z;Exonerado
Conselho Monetário Nacional - CMN;Ministro do Interior;Maurício Rangel Reis;1974-03-15T03:00:00Z;1974-05-15T03:00:00Z;Exonerado
Conselho Monetário Nacional - CMN;Membro Nomeado;Fernão Carlos Botelho Bracher;1974-03-15T03:00:00Z;1974-05-30T03:00:00Z;Exonerado
Conselho Monetário Nacional - CMN;Membro Nomeado;Sérgio Augusto Ribeiro;1974-03-15T03:00:00Z;1974-05-30T03:00:00Z;Exonerado
Conselho Monetário Nacional - CMN;Ministro da Fazenda;Mário Henrique Simonsen;1974-03-15T03:00:00Z;1979-03-15T03:00:00Z;Exonerado
Conselho Monetário Nacional - CMN;Presidente do Banco Central do Brasil;Paulo Hortênsio Pereira Lira;1974-03-15T03:00:00Z;1979-03-15T03:00:00Z;Exonerado
Conselho Monetário Nacional - CMN;Presidente do Banco do Brasil;Ângelo Calmon de Sá;1974-03-15T03:00:00Z;1977-02-08T02:00:00Z;Exonerado
Conselho Monetário Nacional - CMN;Ministro da Agricultura;Alysson Paulinelli;1974-03-15T03:00:00Z;1974-05-15T03:00:00Z;Exonerado
Conselho Monetário Nacional - CMN;Membro Nomeado;José de Ribamar Melo;1974-03-15T03:00:00Z;1974-05-30T03:00:00Z;Exonerado
Conselho Monetário Nacional - CMN;Membro Nomeado;Ernesto Albrecht;1974-03-15T03:00:00Z;1974-05-30T03:00:00Z;Exonerado
Diretoria Colegiada;Área de Crédito Rural e Industrial;Paulo Yokota;1973-08-23T03:00:00Z;1974-03-15T03:00:00Z;Exonerado
Conselho Monetário Nacional - CMN;Membro Nomeado;Jorge Amorim Baptista da Silva;1973-08-14T03:00:00Z;1982-08-09T03:00:00Z;Exonerado
Conselho Monetário Nacional - CMN;Membro Nomeado;Avelino Antônio Vieira;1973-08-14T03:00:00Z;1974-09-02T03:00:00Z;Exonerado
Conselho Monetário Nacional - CMN;Ministro da Agricultura;José Francisco de Moura Cavalcanti;1973-05-09T03:00:00Z;1974-03-15T03:00:00Z;Exonerado
Conselho Monetário Nacional - CMN;Presidente Banco Nacional da Habitação (BNH);Rubens Vaz da Costa;1972-09-14T03:00:00Z;1974-03-15T03:00:00Z;Exonerado
Conselho Monetário Nacional - CMN;Presidente da Caixa Econômica Federal;Giampaolo Marcello Falco;1972-09-14T03:00:00Z;1974-03-15T03:00:00Z;Exonerado
Diretoria Colegiada;Área Administrativa e do Crédito Rural e Industrial;Paulo Yokota;1971-03-09T03:00:00Z;1973-08-23T03:00:00Z;Dispensado do encargo
Conselho Monetário Nacional - CMN;Membro Nomeado;Paulo Yokota;1971-03-01T03:00:00Z;1974-03-15T03:00:00Z;Exonerado
Conselho Monetário Nacional - CMN;Presidente do Banco Nacional de Desenvolvimento Econômico e Social (BNDES);Marcos Pereira Vianna;1970-10-23T02:00:00Z;1979-03-14T03:00:00Z;Exonerado
Conselho Monetário Nacional - CMN;Ministro da Indústria e Comércio;Marcus Vinicius Pratini de Moraes;1970-02-23T03:00:00Z;1974-03-15T03:00:00Z;Exonerado
Diretoria Colegiada;Área Bancária;Luiz de Carvalho e Mello Filho;1969-12-03T02:00:00Z;1974-03-15T03:00:00Z;Exonerado
Diretoria Colegiada;Área Cambial/Externa;Paulo Hortênsio Pereira Lira;1969-12-03T02:00:00Z;1974-03-15T03:00:00Z;Dispensado do encargo
Conselho Monetário Nacional - CMN;Membro Nomeado;Fernando Roquette Reis;1969-12-03T02:00:00Z;1971-03-01T03:00:00Z;Exonerado
Diretoria Colegiada;Área de Mercado de Capitais;Francisco de Boni Neto;1969-12-03T02:00:00Z;1974-01-15T02:00:00Z;Exonerado
Diretoria Colegiada;Área Administrativa e do Crédito Rural e Industrial;Fernando Roquette Reis;1969-12-03T02:00:00Z;1971-03-01T03:00:00Z;Exonerado
Conselho Monetário Nacional - CMN;Ministro do Interior;José Costa Cavalcanti;1969-12-02T02:00:00Z;1974-03-15T03:00:00Z;Exonerado
Conselho Monetário Nacional - CMN;Ministro da Agricultura;Luiz Fernando Cirne Lima;1969-12-02T02:00:00Z;1973-05-09T03:00:00Z;Exonerado
Conselho Monetário Nacional - CMN;Membro Nomeado;Luiz de Carvalho e Mello Filho;1969-11-28T02:00:00Z;1974-03-15T03:00:00Z;Exonerado
Conselho Monetário Nacional - CMN;Membro Nomeado;Francisco de Boni Neto;1969-11-28T02:00:00Z;1974-01-15T02:00:00Z;Exonerado
Conselho Monetário Nacional - CMN;Ministro do Planejamento;João Paulo dos Reis Velloso;1969-10-30T02:00:00Z;1979-03-15T03:00:00Z;Exonerado
Conselho Monetário Nacional - CMN;Ministro da Indústria e Comércio;Fabio Riodi Yassuda;1969-10-30T02:00:00Z;1970-02-23T03:00:00Z;Exonerado
Diretoria Colegiada;Diretor;Paulo Hortênsio Pereira Lira;1968-03-25T03:00:00Z;1974-03-15T03:00:00Z;Dispensado do encargo
Conselho Monetário Nacional - CMN;Presidente do Banco Central do Brasil;Ernane Galvêas;1968-02-21T03:00:00Z;1974-03-15T03:00:00Z;Exonerado
Diretoria Colegiada;Presidente do Banco Central do Brasil;Ernane Galvêas;1968-02-21T03:00:00Z;1974-03-15T03:00:00Z;Exonerado
Conselho Monetário Nacional - CMN;Membro Nomeado;Ernane Galvêas;1968-02-21T03:00:00Z;1974-03-15T03:00:00Z;Exonerado
Conselho Monetário Nacional - CMN;Membro Nomeado;Paulo Hortênsio Pereira Lira;1968-02-16T02:00:00Z;1974-03-15T03:00:00Z;Exonerado
Diretoria Colegiada;Presidente do Banco Central do Brasil;Ary Burger;1968-02-07T02:00:00Z;1968-02-21T03:00:00Z;Exonerado
Diretoria Colegiada;Diretor;Germano de Brito Lyra;1967-04-24T03:00:00Z;1969-11-28T02:00:00Z;Exonerado
Diretoria Colegiada;Diretor;Hélio Marques Vianna;1967-04-24T03:00:00Z;1969-11-28T02:00:00Z;Exonerado
Conselho Monetário Nacional - CMN;Membro Nomeado;Hélio Marques Vianna;1967-04-17T03:00:00Z;1969-11-28T02:00:00Z;Exonerado
Conselho Monetário Nacional - CMN;Membro Nomeado;Germano de Brito Lyra;1967-04-17T03:00:00Z;1969-11-28T02:00:00Z;Exonerado
Conselho Monetário Nacional - CMN;Membro Nomeado;Ary Burger;1967-03-31T03:00:00Z;1969-11-28T02:00:00Z;Exonerado
Diretoria Colegiada;Presidente do Banco Central do Brasil;Ruy Aguiar da Silva Leme;1967-03-31T03:00:00Z;1968-02-12T03:00:00Z;Exonerado
Conselho Monetário Nacional - CMN;Presidente do Banco Central do Brasil;Ruy Aguiar da Silva Leme;1967-03-31T03:00:00Z;1968-02-12T02:00:00Z;Exonerado
Diretoria Colegiada;Diretor;Ary Burger;1967-03-31T03:00:00Z;1969-11-28T02:00:00Z;Exonerado
Conselho Monetário Nacional - CMN;Membro Nomeado;Ruy Aguiar da Silva Leme;1967-03-31T03:00:00Z;1968-02-12T02:00:00Z;Exonerado
Conselho Monetário Nacional - CMN;Presidente do Banco Nacional de Desenvolvimento Econômico e Social (BNDES);Jayme Magrassi de Sá;1967-03-17T03:00:00Z;1970-10-23T02:00:00Z;Exonerado
Conselho Monetário Nacional - CMN;Presidente do Banco do Brasil;Nestor Jost;1967-03-17T03:00:00Z;1974-03-15T03:00:00Z;Exonerado
Conselho Monetário Nacional - CMN;Ministro da Indústria e Comércio;Edmundo Macedo Soares e Silva;1967-03-15T03:00:00Z;1969-10-30T02:00:00Z;Exonerado
Conselho Monetário Nacional - CMN;Ministro do Planejamento;Hélio Marcos Penna Beltrão;1967-03-15T03:00:00Z;1969-10-30T02:00:00Z;Exonerado
Conselho Monetário Nacional - CMN;Ministro da Fazenda;Antônio Delfim Netto;1967-03-15T03:00:00Z;1974-03-15T03:00:00Z;Exonerado
Diretoria Colegiada;Diretor;Antônio de Abreu Coutinho;1966-06-28T03:00:00Z;1967-03-21T03:00:00Z;Exonerado
Conselho Monetário Nacional - CMN;Membro Nomeado;Antônio de Abreu Coutinho;1966-06-22T03:00:00Z;1967-03-21T03:00:00Z;Exonerado
Conselho Monetário Nacional - CMN;Ministro da Indústria e Comércio;Paulo Egydio Martins;1966-01-13T02:00:00Z;1967-03-15T03:00:00Z;Exonerado
Diretoria Colegiada;Diretor;Aldo Baptista Franco da Silva Santos;1965-04-13T03:00:00Z;1967-04-17T03:00:00Z;Exonerado
Diretoria Colegiada;Diretor;Casimiro Antônio Ribeiro;1965-04-13T03:00:00Z;1967-04-17T03:00:00Z;Exonerado
Diretoria Colegiada;Diretor;Luiz Biolchini;1965-04-13T03:00:00Z;1966-06-22T03:00:00Z;Exonerado
Conselho Monetário Nacional - CMN;Presidente do Banco Central do Brasil;Dênio Chagas Nogueira;1965-04-12T03:00:00Z;1967-03-21T03:00:00Z;Exonerado
Diretoria Colegiada;Presidente do Banco Central do Brasil;Dênio Chagas Nogueira;1965-04-12T03:00:00Z;1967-03-21T03:00:00Z;Exonerado
Conselho Monetário Nacional - CMN;Membro Nomeado;Luiz Biolchini;1965-04-12T03:00:00Z;1966-06-22T03:00:00Z;Exonerado
Conselho Monetário Nacional - CMN;Membro Nomeado;Gastão Eduardo de Bueno Vidigal;1965-04-12T03:00:00Z;1973-04-12T03:00:00Z;Exonerado
Conselho Monetário Nacional - CMN;Membro Nomeado;Casimiro Antônio Ribeiro;1965-04-12T03:00:00Z;1967-04-17T03:00:00Z;Exonerado
Conselho Monetário Nacional - CMN;Membro Nomeado;Ruy de Castro Magalhães;1965-04-12T03:00:00Z;1972-04-13T03:00:00Z;Exonerado
Conselho Monetário Nacional - CMN;Membro Nomeado;Aldo Baptista Franco da Silva Santos;1965-04-12T03:00:00Z;1967-04-17T03:00:00Z;Exonerado
Conselho Monetário Nacional - CMN;Membro Nomeado;Dênio Chagas Nogueira;1965-04-12T03:00:00Z;1967-03-21T03:00:00Z;Exonerado
Conselho Monetário Nacional - CMN;Presidente do Banco do Brasil;Luiz de Moraes Barros;1964-12-31T02:00:00Z;1967-03-15T03:00:00Z;Exonerado
Conselho Monetário Nacional - CMN;Presidente do Banco Nacional de Desenvolvimento Econômico e Social (BNDES);José Garrido Torres;1964-12-31T02:00:00Z;1967-03-17T03:00:00Z;Exonerado
Conselho Monetário Nacional - CMN;Ministro da Fazenda;Octávio Gouvêa de Bulhões;1964-12-31T02:00:00Z;1967-03-15T03:00:00Z;Exonerado
Conselho Monetário Nacional - CMN;Ministro da Indústria e Comércio;Daniel Agostinho Faraco;1964-12-31T02:00:00Z;1966-01-13T02:00:00Z;Exonerado
Conselho Monetário Nacional - CMN;Ministro do Planejamento;Roberto de Oliveira Campos;1964-12-31T02:00:00Z;1967-03-15T03:00:00Z;Exonerado
