reuniao,data,titulo,url_pdf,link,ident,n_caracteres,selic_antes,selic,delta_selic,decisao,voto,trecho,inflacao,cambio,fiscal,atividade,credito,externo,expectativas,guidance,credibilidade,pandemia,ano
55,2001-01-17,55ª Reunião,,/publicacoes/atascopom/17012001,17012001,22756,15.75,15.25,-0.5,corte,—,Sumário Demanda e oferta agregadas Ambiente externo Preços Avaliação prospectiva das tendências da inflação Mercado monetário e operações de mercado aberto Diretrizes de política monetária Data: 16 e 17.01.2001 Local: Sala de reuniões do 8 o andar (no dia 16) e 20 o andar (no dia 17) do Edifício-Sede do Banco Central - Brasília - DF Horário de início: 16:00 h dia 16 e 17:20 h dia 17 Horário de término: 19:30 h dia…,27,4,3,11,1,8,9,1,0,0,2001
56,2001-02-14,56ª Reunião,,/publicacoes/atascopom/14022001,14022001,23511,15.25,15.25,0.0,manutenção,—,"o Copom decidiu manter a meta para a taxa Selic em 15,25% ao ano. Ao final da reunião, foi registrado que o Comitê voltaria a reunir-se em 20 de março de 2001, às 15:00 h, para as apresentações técnicas e no dia seguinte, às 16:30 h, para deliberar sobre as diretrizes de política monetária, conforme estabelecido no Calendário das Reuniões Ordinárias do Copom, divulgado pelo Comunicado nº 8.018, de 22.11.2000, do…",24,6,5,15,13,4,8,2,0,0,2001
57,2001-03-21,57ª Reunião,,/publicacoes/atascopom/21032001,21032001,18891,15.25,15.75,0.5,alta,—,"o Copom decidiu elevar a meta para a taxa Selic para 15,75% ao ano. Ao final da reunião, foi registrado que o Comitê voltaria a reunir-se em 17 de abril de 2001, às 15:00 h, para as apresentações técnicas e no dia seguinte, às 16:30 h, para deliberar sobre as diretrizes de política monetária, conforme estabelecido no Calendário das Reuniões Ordinárias do Copom, divulgado pelo Comunicado nº 8.018, de 22.11.2000, do…",22,12,3,5,7,7,4,1,0,0,2001
58,2001-04-18,58ª Reunião,,/publicacoes/atascopom/18042001,18042001,27868,15.75,16.25,0.5,alta,unânime,"o Copom decidiu por unanimidade elevar a meta para a taxa Selic para 16,25% ao ano. Ao final da reunião, foi registrado que o Comitê voltaria a reunir-se em 22 de maio de 2001, às 15:00 h, para as apresentações técnicas e no dia seguinte, às 16:30 h, para deliberar sobre as diretrizes de política monetária, conforme estabelecido no Calendário das Reuniões Ordinárias do Copom, divulgado pelo Comunicado nº 8.018, de…",38,13,3,13,10,5,8,1,0,0,2001
59,2001-05-23,59ª Reunião,,/publicacoes/atascopom/23052001,23052001,33550,16.25,16.75,0.5,alta,unânime,"o Copom decidiu por unanimidade elevar a meta da taxa Selic para 16,75% ao ano. Ao final da reunião, foi registrado que o Comitê voltaria a reunir-se em 19 de junho de 2001, às 15:00 h, para as apresentações técnicas e no dia seguinte, às 16:30 h, para deliberar sobre as diretrizes de política monetária, conforme estabelecido no Calendário das Reuniões Ordinárias do Copom, divulgado pelo Comunicado nº 8.018, de…",29,11,4,18,19,8,10,1,0,0,2001
60,2001-06-20,60ª Reunião,,/publicacoes/atascopom/20062001,20062001,37267,16.75,18.25,1.5,alta,unânime,"o Copom decidiu por unanimidade elevar a meta da taxa Selic para 18,25% ao ano, com viés de redução. Ao final da reunião, foi registrado que o Comitê voltaria a reunir-se em 17 de julho, às 15:00 h, para as apresentações técnicas e no dia seguinte, às 16:30 h, para deliberar sobre as diretrizes de política monetária, conforme estabelecido no Calendário das Reuniões Ordinárias do Copom, divulgado pelo Comunicado nº…",35,12,4,17,10,7,11,1,0,0,2001
61,2001-07-18,61ª Reunião,,/publicacoes/atascopom/18072001,18072001,30255,18.25,19.0,0.75,alta,unânime,"o Copom decidiu por unanimidade elevar a meta da taxa Selic para 19,0 % ao ano. Ao final da reunião, foi registrado que o Comitê voltaria a reunir-se em 21 de agosto, às 15:00 h, para as apresentações técnicas e no dia seguinte, às 16:30 h, para deliberar sobre as diretrizes de política monetária, conforme estabelecido no Calendário das Reuniões Ordinárias do Copom, divulgado pelo Comunicado nº 8.018, de…",29,10,5,15,23,10,12,1,0,0,2001
62,2001-08-22,62ª Reunião,,/publicacoes/atascopom/22082001,22082001,31113,19.0,19.0,0.0,manutenção,unânime,"o Copom decidiu por unanimidade manter a meta para a taxa de juros Selic em 19% ao ano. Ao final da reunião, foi registrado que o Comitê voltaria a reunir-se em 18 de setembro, às 15:00 h, para as apresentações técnicas e no dia seguinte, às 16:30 h, para deliberar sobre as diretrizes de política monetária, conforme estabelecido no Calendário das Reuniões Ordinárias do Copom, divulgado pelo Comunicado nº 8.018, de…",35,8,4,22,10,5,19,1,1,0,2001
63,2001-09-19,63ª Reunião,,/publicacoes/atascopom/19092001,19092001,30145,19.0,19.0,0.0,manutenção,unânime,"o Copom decidiu por unanimidade manter a meta para a taxa de juros Selic em 19% ao ano. Ao final da reunião, foi registrado que o Comitê voltaria a reunir-se em 16 de outubro, às 15:00 h, para as apresentações técnicas e no dia seguinte, às 16:30 h, para deliberar sobre as diretrizes de política monetária, conforme estabelecido no Calendário das Reuniões Ordinárias do Copom, divulgado pelo Comunicado nº 8.018, de…",36,9,8,17,3,10,10,1,0,0,2001
64,2001-10-17,64ª Reunião,,/publicacoes/atascopom/17102001,17102001,35157,19.0,19.0,0.0,manutenção,unânime,"o Copom avalia que o arrefecimento da demanda pela menor expansão do crédito e pela queda na confiança dos consumidores tem superado o efeito da crise de energia sobre a oferta agregada, gerando um hiato de produção que tem o efeito de conter as pressões inflacionárias. Além disso, o Copom tem como referência metodológica a taxa Selic constante no período da sua projeção enquanto a mediana da projeção dos analistas…",32,12,5,21,7,10,12,1,0,0,2001
65,2001-11-21,65ª Reunião,,/publicacoes/atascopom/21112001,21112001,31451,19.0,19.0,0.0,manutenção,unânime,"o Copom decidiu por unanimidade manter a meta para a taxa de juros Selic em 19% ao ano. Ao final da reunião, foi registrado que o Comitê voltaria a reunir-se em 18 de dezembro de 2001, às 15:00 h, para as apresentações técnicas e no dia seguinte, às 16:30 h, para deliberar sobre as diretrizes de política monetária, conforme estabelecido no Calendário das Reuniões Ordinárias do Copom, divulgado pelo Comunicado nº…",35,13,9,23,5,8,15,1,0,0,2001
66,2001-12-19,66ª Reunião,,/publicacoes/atascopom/19122001,19122001,35061,19.0,19.0,0.0,manutenção,unânime,"o Copom decidiu por unanimidade manter a meta para a taxa de juros Selic em 19% ao ano. Ao final da reunião, foi registrado que o Comitê voltaria a reunir-se em 22 de janeiro de 2002, às 15:00 h, para as apresentações técnicas e no dia seguinte, às 16:30 h, para deliberar sobre as diretrizes de política monetária, conforme estabelecido no Calendário das Reuniões Ordinárias do Copom, divulgado pelo Comunicado nº…",34,18,6,26,7,10,14,1,0,0,2001
67,2002-01-23,67ª Reunião,,/publicacoes/atascopom/23012002,23012002,32157,19.0,19.0,0.0,manutenção,unânime,"o Copom decidiu por unanimidade manter a meta para a taxa de juros Selic em 19% ao ano. Ao final da reunião, foi registrado que o Comitê voltaria a reunir-se em 19 de fevereiro de 2002, às 15:00 h, para as apresentações técnicas e no dia seguinte, às 16:30 h, para deliberar sobre as diretrizes de política monetária, conforme estabelecido no Calendário das Reuniões Ordinárias do Copom, divulgado pelo Comunicado nº…",39,9,5,11,9,10,6,1,0,0,2002
68,2002-02-20,68ª Reunião,,/publicacoes/atascopom/20022002,20022002,32338,19.0,18.75,-0.25,corte,—,"o Copom decidiu, por maioria de cinco a três, reduzir a meta para a taxa de juros Selic para 18,75% ao ano. Ao final da reunião, foi registrado que o Comitê voltaria a reunir-se em 19 de março de 2002, às 15:00 h, para as apresentações técnicas e no dia seguinte, às 16:30 h, para deliberar sobre as diretrizes de política monetária, conforme estabelecido no Calendário das Reuniões Ordinárias do Copom, divulgado pelo…",49,10,5,20,8,8,9,1,0,0,2002
69,2002-03-20,69ª Reunião,,/publicacoes/atascopom/20032002,20032002,34862,18.75,18.5,-0.25,corte,unânime,"o Copom decidiu, por unanimidade, reduzir a meta para a taxa de juros Selic em 0,25 p.p. para 18,50% a.a.. Ao final da reunião, foi registrado que o Comitê voltaria a reunir-se em 16 de abril de 2002, às 15:00 h, para as apresentações técnicas e no dia seguinte, às 16:30 h, para deliberar sobre as diretrizes de política monetária, conforme estabelecido no Calendário das Reuniões Ordinárias do Copom, divulgado pelo…",38,12,5,24,16,6,7,1,0,0,2002
70,2002-04-17,70ª Reunião,,/publicacoes/atascopom/17042002,17042002,36115,18.5,18.5,0.0,manutenção,unânime,"o Copom decidiu, por unanimidade, manter a meta para a taxa de juros Selic em 18,5% a.a.. Ao final da reunião, foi registrado que o Comitê voltaria a reunir-se em 21 de maio de 2002, às 15:30h, para as apresentações técnicas e, no dia seguinte, às 16:30 h, para deliberar sobre as diretrizes de política monetária, conforme estabelecido no Calendário das Reuniões Ordinárias do Copom, divulgado pelo Comunicado nº…",41,13,7,17,11,9,10,1,0,0,2002
71,2002-05-22,71ª Reunião,,/publicacoes/atascopom/22052002,22052002,38638,18.5,18.5,0.0,manutenção,—,"o Copom decidiu, por maioria de cinco a três, manter a meta para a taxa de juros Selic em 18,5% ao ano. Ao final da reunião, foi registrado que o Comitê voltaria a reunir-se em 18 de junho de 2002, às 15:30h, para as apresentações técnicas e no dia seguinte, às 16:30 h, para deliberar sobre as diretrizes de política monetária, conforme estabelecido no Calendário das Reuniões Ordinárias do Copom, divulgado pelo…",49,19,4,20,9,7,12,2,0,0,2002
72,2002-06-19,72ª Reunião,,/publicacoes/atascopom/19062002,19062002,40424,18.5,18.5,0.0,manutenção,unânime,"o Copom decidiu, por unanimidade, manter a meta para a taxa de juros Selic em 18,5% ao ano, com indicação de viés de baixa. Ao final da reunião, foi registrado que o Comitê voltaria a reunir-se em 16 de julho de 2002, às 15:00 h, para as apresentações técnicas e no dia seguinte, às 11:00 h, para deliberar sobre as diretrizes de política monetária, conforme estabelecido no Calendário das Reuniões Ordinárias do…",50,17,6,18,10,7,9,3,0,0,2002
73,2002-07-17,73ª Reunião,,/publicacoes/atascopom/17072002,17072002,36600,18.5,18.0,-0.5,corte,—,"o Copom decidiu, por cinco votos contra dois, reduzir a meta para a taxa de juros Selic para 18,0% ao ano. Ao final da reunião, foi registrado que o Comitê voltaria a reunir-se em 20 de agosto de 2002, às 15h, para as apresentações técnicas e no dia seguinte, às 11h, para deliberar sobre as diretrizes de política monetária, conforme estabelecido pelo Comunicado 8.911, de 3/10/2001, e pelo Comunicado 9.586, de…",46,8,4,17,10,9,13,2,0,0,2002
74,2002-08-21,74ª Reunião,,/publicacoes/atascopom/21082002,21082002,37165,18.0,18.0,0.0,manutenção,unânime,"o Copom decidiu, por unanimidade, manter a meta para a taxa Selic em 18% ao ano e adotar um viés de baixa. Ao final da reunião, foi registrado que o Comitê voltaria a reunir-se em 17 de setembro de 2002, às 15h, para as apresentações técnicas e no dia seguinte, às 11h, para deliberar sobre as diretrizes de política monetária, conforme estabelecido pelo Comunicado 8.911, de 3/10/2001, e pelo Comunicado 9.586, de…",49,17,2,15,10,8,17,2,0,0,2002
75,2002-09-18,75ª Reunião,,/publicacoes/atascopom/18092002,18092002,31056,18.0,18.0,0.0,manutenção,unânime,"o Copom decidiu, por unanimidade, manter a meta para a taxa Selic em 18% ao ano. Ao final da reunião, foi registrado que o Comitê voltaria a reunir-se em 22 de outubro de 2002 para as apresentações técnicas e no dia seguinte para deliberar sobre as diretrizes de política monetária, conforme estabelecido pelo Comunicado 8.911, de 3.10.2001. Glossário a.a. ao ano a.m. ao mês ac.12m. acumulado em 12 meses ac.a.…",28,11,3,19,17,8,12,1,0,0,2002
76,2002-10-14,76ª Reunião,,/publicacoes/atascopom/01102002,1102002,6065,18.0,21.0,3.0,alta,unânime,"o Copom decidiu, por unanimidade, elevar a meta para a taxa Selic de 18,0% a.a. para 21,0% a.a. Ao final da reunião, foi registrado que o Comitê voltaria a reunir-se em 22 de outubro de 2002 para as apresentações técnicas e no dia seguinte para deliberar sobre as diretrizes de política monetária, conforme estabelecido pelo Comunicado 8.911, de 3.10.2001. Glossário a.a. ao ano a.m. ao mês Gerin Gerência Executiva de…",29,6,1,0,0,0,6,1,0,0,2002
77,2002-10-22,77ª Reunião,,/publicacoes/atascopom/23102002,23102002,33694,21.0,21.0,0.0,manutenção,unânime,"o Copom avalia o prazo necessário para eliminar a inércia inflacionária. Dado esse prazo, estima-se o montante da inércia a ser tolerado no ano em questão que, acrescido da estimativa do choque primário, é incorporado à meta para efeito de comparação com a projeção de inflação do Copom. Por exemplo, para o ano que vem, a soma de metade do impacto da inércia inflacionária e do choque primário de administrados…",40,10,5,13,9,5,9,1,1,0,2002
78,2002-11-20,78ª Reunião,,/publicacoes/atascopom/20112002,20112002,31556,21.0,22.0,1.0,alta,unânime,"o Copom decidiu, por unanimidade, elevar a meta para a taxa Selic para 22% a.a., sem adoção de viés. Ao final da reunião, foi registrado que o Comitê voltaria a reunir-se em 17 de dezembro de 2002 para as apresentações técnicas, e no dia seguinte para deliberar sobre as diretrizes de política monetária, conforme estabelecido pelo Comunicado 8.911, de 3.10.2001. Glossário a.a. ao ano a.m. ao mês ac.12m. acumulado em…",33,13,3,14,11,7,10,1,0,0,2002
79,2002-12-18,79ª Reunião,,/publicacoes/atascopom/18122002,18122002,29057,22.0,25.0,3.0,alta,unânime,"o Copom decidiu, por unanimidade, aumentar a meta para a taxa Selic para 25% a.a. Ao final da reunião, foi registrado que o Comitê voltaria a reunir-se em 21 de janeiro de 2003 para as apresentações técnicas e, no dia seguinte, para deliberar sobre as diretrizes de política monetária, conforme estabelecido pelo Comunicado 10.187, de 2.10.2002. Glossário a.a. ao ano a.m. ao mês ACSP Associação Comercial de São Paulo…",42,6,3,19,10,9,19,1,0,0,2002
80,2003-01-22,80ª Reunião,,/publicacoes/atascopom/22012003,22012003,25726,25.0,25.5,0.5,alta,unânime,"o Copom decidiu, por unanimidade, elevar a meta para a taxa Selic em 0,5 p.p., para 25,5% a.a. Ao final da reunião, foi registrado que o Comitê voltaria a reunir-se em 18 de fevereiro de 2003 para as apresentações técnicas e, no dia seguinte, para deliberar sobre as diretrizes de política monetária, conforme estabelecido pelo Comunicado 10.187, de 2.10.2002. Glossário a.a. ao ano a.m. ao mês ACSP Associação…",38,12,3,11,7,5,8,1,0,0,2003
81,2003-02-19,81ª Reunião,,/publicacoes/atascopom/19022003,19022003,28116,25.5,26.5,1.0,alta,unânime,"o Copom avalia ser apropriado um reforço adicional na política monetária. O Copom avalia que, além dos efeitos diretos da política monetária, também são importantes outras ações da política econômica do governo e a reação da sociedade contra a inflação, para propiciar um recuo mais significativo da variação dos preços com menores custos. Nesse sentido, as medidas recentemente adotadas pelo governo com vistas a…",53,5,3,15,8,10,5,1,0,0,2003
82,2003-03-19,82ª Reunião,,/publicacoes/atascopom/19032003,19032003,25617,26.5,26.5,0.0,manutenção,—,Implementação da Política Monetária Ambiente Externo Mercado de Trabalho Comércio Exterior Crédito e Inadimplência Mercado Monetário e Operações de Mercado Aberto Glossário Data: 18 e 19/3/2003 Local: Sala de reuniões do 8º andar (18/3) e 20º andar (19/3) do Edifício-Sede do Banco Central - Brasília - DF Horário de início: 16h (18/3) e 11h15 (19/3) Horário de término: 19h (18/3) e 15h (19/3) Presentes: Membros do…,56,6,5,13,11,6,9,2,0,0,2003
83,2003-04-23,83ª Reunião,,/publicacoes/atascopom/23042003,23042003,25478,26.5,26.5,0.0,manutenção,—,Implementação da política monetária Atividade econômica Mercado de trabalho Crédito e inadimplência Ambiente externo Comércio exterior Mercado monetário e operações de mercado aberto Glossário Data: 22 e 23/4/2003 Local: Sala de reuniões do 8º andar (22/4) e 20º andar (23/4) do Edifício-Sede do Banco Central - Brasília - DF Horário de início: 15h30 (22/4) e 11h30 (23/4) Horário de término: 18h30 (22/4) e 13h30…,33,10,2,12,14,11,4,1,0,0,2003
84,2003-05-21,84ª Reunião,,/publicacoes/atascopom/21052003,21052003,29004,26.5,26.5,0.0,manutenção,unânime,Implementação da Política Monetária Atividade Econômica Mercado de Trabalho Crédito e Inadimplência Ambiente Externo Setor Externo Mercado Monetário e Operações de Mercado Aberto Glossário Data: 20 e 21/5/2003 Local: Sala de reuniões do 8º andar (20/5) e do 20º andar (21/5) do Edifício-Sede do Banco Central - Brasília - DF Horário de Início: 15h30 (20/5) e 10h30 (21/5) Horário de Término: 18h30 (20/5) e 13h30…,38,10,2,13,13,4,3,1,0,0,2003
85,2003-06-18,85ª Reunião,,/publicacoes/atascopom/18062003,18062003,33449,26.5,26.5,0.0,manutenção,unânime,Implementação da política monetária Atividade econômica Mercado de trabalho Crédito e inadimplência Ambiente externo Setor externo Mercado monetário e operações de mercado aberto Glossário Data: 17 e 18/6/2003 Local: Sala de reuniões do 8º andar (17/6) e do 20º andar (18/6) do Edifício-Sede do Banco Central - Brasília - DF Horário de início: 15h30 (17/6) e 11h30 (18/6) Horário de término: 18h30 (17/6) e 13h30…,60,9,3,14,12,4,5,1,0,0,2003
86,2003-07-23,86ª Reunião,,/publicacoes/atascopom/23072003,23072003,36324,26.0,24.5,-1.5,corte,unânime,Implementação da política monetária Atividade econômica Mercado de trabalho Crédito e inadimplência Ambiente externo Setor externo Mercado monetário e operações de mercado aberto Glossário Data: 22 e 23/7/2003 Local: Sala de reuniões do 8º andar (22/7) e do 20º andar (23/7) do Edifício-Sede do Banco Central - Brasília - DF Horário de início: 16h10 (22/7) e 11h30 (23/7) Horário de término: 18h30 (22/7) e 13h45…,64,12,3,19,12,9,7,1,0,0,2003
87,2003-08-20,87ª Reunião,,/publicacoes/atascopom/20082003,20082003,36424,24.5,22.0,-2.5,corte,unânime,"o Copom decidiu por unanimidade fixar a meta para a taxa Selic em 22% a.a. Ao final da reunião, foi registrado que o Comitê voltaria a se reunir em 16 de setembro de 2003 para as apresentações técnicas e, no dia seguinte, para deliberar sobre a política monetária, conforme estabelecido pelo comunicado 10.187, de 2.10.2002. SUMÁRIO DOS DADOS ANALISADOS PELO COPOM Atividade econômica O Índice do Volume de Vendas do…",59,12,3,23,10,7,10,1,0,0,2003
88,2003-09-17,88ª Reunião,,/publicacoes/atascopom/17092003,17092003,38115,22.0,20.0,-2.0,corte,unânime,Implementação da política monetária Atividade econômica Mercado de trabalho Crédito e inadimplência Ambiente externo Setor externo Mercado monetário e operações de mercado aberto Data: 16 e 17/9/2003 Local: Sala de reuniões do 8º andar (16/9) e do 20º andar (17/9) do Edifício-Sede do Banco Central - Brasília - DF Horário de início: 16h10 (16/9) e 15h (17/9) Horário de término: 18h30 (16/9) e 18h (17/9) Presentes:…,50,15,3,21,13,9,11,1,0,0,2003
89,2003-10-22,89ª Reunião,,/publicacoes/atascopom/22102003,22102003,36324,20.0,19.0,-1.0,corte,—,Implementação da política monetária Atividade econômica Mercado de trabalho Crédito e inadimplência Setor externo Mercado monetário e operações de mercado aberto Data: 21 e 22/10/2003 Local: Sala de reuniões do 8º andar (21/10) e do 20º andar (22/10) do Edifício-Sede do Banco Central - Brasília - DF Horário de início: 15h30 (21/10) e 16h (22/10) Horário de término: 18h40 (21/10) e 19h (22/10) Presentes: Membros do…,51,12,2,15,21,7,7,1,0,0,2003
90,2003-11-19,90ª Reunião,,/publicacoes/atascopom/19112003,19112003,40216,19.0,17.5,-1.5,corte,7 a 2,Implementação da política monetária Atividade econômica Mercado de trabalho Crédito e inadimplência Ambiente externo Comércio exterior e alguns resultados do balanço de pagamentos Mercado monetário e operações de mercado aberto Data: 18 e 19/11/2003 Local: Sala de reuniões do 8º andar (18/11) e do 20º andar (19/11) do Edifício-Sede do Banco Central - Brasília - DF Horário de início: 15h30 (18/11) e 15h30 (19/11)…,53,13,2,27,20,9,11,2,0,0,2003
91,2003-12-17,91ª Reunião,,/publicacoes/atascopom/17122003,17122003,36241,17.5,16.5,-1.0,corte,unânime,Implementação da política monetária Atividade econômica Mercado de trabalho Crédito e inadimplência Ambiente externo Setor externo Mercado monetário e operações de mercado aberto Data: 16 e 17/12/2003 Local: Sala de reuniões do 8º andar (16/12) e do 20º andar (17/12) do Edifício-Sede do Banco Central - Brasília - DF Horário de início: 15h30 (16/12) e 15h30 (17/12) Horário de término: 18h (16/12) e 18h (17/12)…,47,9,3,21,16,8,8,2,0,0,2003
92,2004-01-21,92ª Reunião,,/publicacoes/atascopom/21012004,21012004,44499,16.5,16.5,0.0,manutenção,—,Implementação da política monetária Atividade econômica Mercado de trabalho Crédito e inadimplência Ambiente externo Setor externo Mercado monetário e operações de mercado aberto Data: 20 e 21/1/2004 Local: Sala de reuniões do 8º andar (20/1) e do 20º andar (21/1) do Edifício-Sede do Banco Central - Brasília - DF Horário de início: 15h30 (20/1) e 16h (21/1) Horário de término: 18h15 (20/1) e 18h45 (21/1) Presentes:…,75,20,4,20,16,11,13,1,0,0,2004
93,2004-02-17,93ª Reunião,,/publicacoes/atascopom/18022004,18022004,39118,16.5,16.5,0.0,manutenção,unânime,Implementação da política monetária Atividade econômica Mercado de trabalho Crédito e inadimplência Ambiente externo Setor externo Mercado monetário e operações de mercado aberto Data: 17 e 18/2/2004 Local: Sala de reuniões do 8º andar (17/2) e do 20º andar (18/2) do Edifício-Sede do Banco Central - Brasília - DF Horário de início: 16h10 (17/2) e 15h30 (18/2) Horário de término: 18h15 (17/2) e 18h45 (18/2)…,68,13,2,16,13,10,12,2,0,0,2004
94,2004-03-17,94ª Reunião,,/publicacoes/atascopom/17032004,17032004,43082,16.5,16.25,-0.25,corte,—,Implementação da política monetária Atividade econômica Mercado de trabalho Crédito e inadimplência Setor externo Mercado monetário e operações de mercado aberto Data: 16 e 17/3/2004 Local: Sala de reuniões do 8º andar (16/3) e do 20º andar (17/3) do Edifício-Sede do Banco Central - Brasília - DF Horário de início: 15h45 (16/3) e 15h45 (17/3) Horário de término: 19h15 (16/3) e 19h15 (17/3) Presentes: Membros do…,82,17,2,16,15,8,25,1,0,0,2004
95,2004-04-14,95ª Reunião,,/publicacoes/atascopom/14042004,14042004,35243,16.25,16.0,-0.25,corte,unânime,Implementação da política monetária Atividade econômica Mercado de trabalho Ambiente externo Comércio exterior Mercado monetário e operações de mercado aberto Data: 13 e 14/4/2004 Local: Sala de reuniões do 8º andar (13/4) e do 20º andar (14/4) do Edifício-Sede do Banco Central – Brasília – DF Horário de início: 16h45 (13/4) e 15h30 (14/4) Horário de término: 19h30 (13/4) e 16h15 (14/4) Presentes: Membros do Copom…,62,17,3,11,2,7,16,1,0,0,2004
96,2004-05-19,96ª Reunião,,/publicacoes/atascopom/19052004,19052004,49402,16.0,16.0,0.0,manutenção,—,Implementação da política monetária Atividade econômica Mercado de trabalho Crédito e inadimplência Ambiente externo Comércio exterior e alguns resultados do balanço de pagamentos Mercado monetário e operações de mercado aberto Data: 18 e 19/5/2004 Local: Sala de reuniões do 8º andar (18/5) e do 20º andar (19/5) do Edifício-Sede do Banco Central – Brasília – DF Horário de início: 16h45 (18/5) e 15h30 (19/5) Horário…,60,22,7,16,16,13,16,1,1,0,2004
97,2004-06-16,97ª Reunião,,/publicacoes/atascopom/16062004,16062004,40239,16.0,16.0,0.0,manutenção,unânime,"Implementação da política monetária 13. A inflação medida pelo IPCA, de 0,51% em maio, foi superior à de abril, embora tenha se situado dentro do esperado pelos analistas. Como nos meses anteriores, a pressão maior foi dos preços livres, que aumentaram 0,57%, enquanto os monitorados aumentaram 0,35%. Entre os preços livres, maio foi o segundo mês em que os itens comercializáveis tiveram aumento maior do que os não…",45,15,4,21,14,9,12,1,0,0,2004
98,2004-07-21,98ª Reunião,,/publicacoes/atascopom/21072004,21072004,41002,16.0,16.0,0.0,manutenção,unânime,"o Copom avaliam que a manutenção da taxa de juros básica nos níveis atuais por um período prolongado de tempo deverá permitir a concretização de um cenário benigno para a inflação, com convergência das expectativas de inflação dos agentes privados e da inflação efetivamente ocorrida para a trajetória das metas estabelecidas pelo CMN. No entanto, a autoridade monetária reitera que estará pronta para adotar uma…",54,19,4,18,12,11,12,1,0,0,2004
99,2004-08-18,99ª Reunião,,/publicacoes/atascopom/18082004,18082004,44667,16.0,16.0,0.0,manutenção,unânime,"Implementação da política monetária 12. A aceleração observada em julho na inflação medida pelo IPCA foi fortemente influenciada pela variação de 1,89% nos preços monitorados, enquanto a inflação dos preços livres permaneceu elevada a despeito de haver recuado em relação ao mês anterior – 0,52%, contra 0,58% em junho. Os preços monitorados acumulam aumento de 4,69% no período janeiro-julho, superando, portanto, a…",48,12,2,19,14,7,12,1,0,0,2004
100,2004-09-15,100ª Reunião,,/publicacoes/atascopom/15092004,15092004,53196,16.0,16.25,0.25,alta,5 a 3,Implementação da política monetária Atividade econômica Mercado de trabalho Crédito e inadimplência Ambiente externo Comércio exterior e alguns resultados do balanço de pagamentos Mercado monetário e operações de mercado aberto Data: 14 e 15/9/2004 Local: Sala de reuniões do 8º andar (14/9) e do 20º andar (15/9) do Edifício-Sede do Banco Central – Brasília – DF Horário de início: 16h30 (14/9) e 15h55 (15/9) Horário…,79,21,3,22,10,6,12,2,0,0,2004
101,2004-10-19,101ª Reunião,,/publicacoes/atascopom/20102004,20102004,45371,16.25,16.25,0.0,manutenção,unânime,"o Copom decidiu, por unanimidade, aumentar a meta para a taxa Selic para 16,75% a.a., sem viés. 31. Embora trabalhe mantendo a hipótese de que o ajuste gradual do instrumento de política monetária terá prosseguimento na magnitude e no ritmo originalmente previstos, o Copom ressalva que o quadro atual contém dois potenciais agravantes em relação ao avaliado em sua reunião de setembro. Em primeiro lugar, a escalada…",57,15,6,16,12,9,17,2,0,0,2004
102,2004-11-17,102ª Reunião,,/publicacoes/atascopom/17112004,17112004,45885,16.75,17.25,0.5,alta,unânime,Implementação da política monetária Atividade econômica Mercado de trabalho Crédito e inadimplência Ambiente externo Comércio exterior e reservas internacionais Mercado monetário e operações de mercado aberto Data: 16 e 17/11/2004 Local: Sala de reuniões do 8º andar (16/11) e do 20º andar (17/11) do Edifício-Sede do Banco Central – Brasília – DF Horário de início: 16h20 (16/11) e 16h30 (17/11) Horário de término:…,50,20,2,18,13,11,10,2,0,0,2004
103,2004-12-15,103ª Reunião,,/publicacoes/atascopom/15122004,15122004,48219,17.25,17.75,0.5,alta,unânime,"Implementação da política monetária 14. A inflação do IPCA acelerou-se pelo segundo mês consecutivo em novembro, passando para 0,69%, ante 0,44% em outubro e 0,33% em setembro. A aceleração na inflação do IPCA deveu-se em grande medida ao aumento dos preços monitorados, principalmente dos preços dos combustíveis. Essa aceleração ocorreu apesar de ter havido queda nos preços dos alimentos, especialmente in natura ,…",55,23,3,30,12,9,10,3,0,0,2004
104,2005-01-19,104ª Reunião,,/publicacoes/atascopom/19012005,19012005,43765,17.75,18.25,0.5,alta,unânime,"Implementação da política monetária 13. O IPCA registrou aumento de 0,86% em dezembro, valor bem acima das expectativas dos analistas, o que representa uma aceleração da inflação mensal pelo terceiro mês consecutivo. Essa aceleração da inflação do IPCA foi observada nos seus três componentes: comercializáveis, não-comercializáveis e monitorados. A elevação dos preços monitorados, notadamente os dos combustíveis,…",62,14,2,19,16,10,11,2,0,0,2005
105,2005-02-16,105ª Reunião,,/publicacoes/atascopom/16022005,16022005,44421,18.25,18.75,0.5,alta,unânime,Implementação da política monetária Atividade econômica Mercado de trabalho Crédito e inadimplência Ambiente externo Comércio exterior e itens do balanço de pagamentos Mercado monetário e operações de mercado aberto Data: 15 e 16/2/2005 Local: Sala de reuniões do 8º andar (15/02) e do 20º andar (16/02) do Edifício-Sede do Banco Central – Brasília – DF Horário de início: 16h44 (15/02) e 16h (16/02) Horário de…,55,18,5,17,15,7,12,2,0,0,2005
106,2005-03-16,106ª Reunião,,/publicacoes/atascopom/16032005,16032005,43291,18.75,19.25,0.5,alta,unânime,"o Copom decidiu, por unanimidade, aumentar a meta para a taxa Selic para 19,25% a.a., sem viés, e acompanhar atentamente a evolução do cenário prospectivo para a inflação até a sua próxima reunião, para então definir os próximos passos na estratégia de política monetária implementada desde setembro de 2004. Como ressaltado também nas Notas da reunião de fevereiro, é necessário que a Autoridade Monetária esteja…",52,11,3,21,14,12,15,1,0,0,2005
107,2005-04-20,107ª Reunião,,/publicacoes/atascopom/20042005,20042005,47484,19.25,19.5,0.25,alta,unânime,"Implementação da política monetária 12. A variação do IPCA em março, de 0,61%, ficou em patamar próximo aos registrados nos dois meses anteriores. A inflação do mês teve, novamente, contribuição significativa de um item específico – no caso, a tarifa de ônibus urbano. Além desse item, outro componente do grupo de preços monitorados – a taxa de água e esgoto – também apresentou forte aceleração em relação a…",59,11,2,21,15,11,22,1,0,0,2005
108,2005-05-18,108ª Reunião,,/publicacoes/atascopom/18052005,18052005,46343,19.5,19.75,0.25,alta,unânime,"o Copom decidiu, por unanimidade, aumentar a meta para a taxa Selic para 19,75% a.a., sem viés, e acompanhar atentamente a evolução do cenário prospectivo para a inflação até a sua próxima reunião, para então definir os próximos passos na estratégia de política monetária implementada desde setembro de 2004. Como ressaltado também nas Notas de reuniões anteriores, é necessário que a Autoridade Monetária esteja…",58,13,2,22,15,8,17,2,0,0,2005
109,2005-06-15,109ª Reunião,,/publicacoes/atascopom/15062005,15062005,43799,19.75,19.75,0.0,manutenção,unânime,Implementação da política monetária Atividade econômica Mercado de trabalho Crédito Ambiente externo Comércio exterior e reservas internacionais Mercado monetário e operações de mercado aberto Data: 14 e 15/6/2005 Local: Sala de reuniões do 8º andar (14/6) e do 20º andar (15/6) do Edifício-Sede do Banco Central – Brasília – DF Horário de início: 16h30 (14/6) e 16h36 (15/6) Horário de término: 19h20 (14/6) e 19h30…,48,14,2,17,12,10,12,1,0,0,2005
110,2005-07-20,110ª Reunião,,/publicacoes/atascopom/20072005,20072005,42797,19.75,19.75,0.0,manutenção,unânime,"o Copom avalia que houve uma melhora do cenário externo, não obstante a permanência de níveis elevados para os preços internacionais do petróleo. Dessa forma, vai-se configurando, de maneira mais definida, um cenário benigno para a evolução da inflação. Nesse contexto, a política monetária passa a se defrontar com o desafio de garantir a consolidação dos desenvolvimentos favoráveis que se antecipam para o futuro.…",52,13,2,13,16,8,11,1,0,0,2005
111,2005-08-17,111ª Reunião,,/publicacoes/atascopom/17082005,17082005,46096,19.75,19.75,0.0,manutenção,unânime,Implementação da política monetária Atividade econômica Mercado de trabalho Crédito e inadimplência Ambiente externo Comércio exterior e reservas internacionais Mercado monetário e operações de mercado aberto Data: 16 e 17/8/2005 Local: Sala de reuniões do 8º andar (16/8) e do 20º andar (17/8) do Edifício-Sede do Banco Central – Brasília – DF Horário de início: 16h55 (16/8) e 16h30 (17/8) Horário de término: 19h15…,60,13,2,15,13,11,14,1,0,0,2005
112,2005-09-14,112ª Reunião,,/publicacoes/atascopom/14092005,14092005,49439,19.75,19.5,-0.25,corte,unânime,Implementação da política monetária Inflação Atividade econômica Mercado de trabalho Crédito e inadimplência Ambiente externo Comércio exterior e reservas internacionais Mercado monetário e operações de mercado aberto Data: 13 e 14/9/2005 Local: Sala de reuniões do 8º andar (13/9) e do 20º andar (14/9) do Edifício-Sede do Banco Central – Brasília – DF Horário de início: 16h55 (13/9) e 16h30 (14/9) Horário de…,58,13,2,22,13,5,14,1,0,0,2005
113,2005-10-19,113ª Reunião,,/publicacoes/atascopom/19102005,19102005,47025,19.5,19.0,-0.5,corte,unânime,Implementação da política monetária Inflação Atividade econômica Sondagens e expectativas Mercado de trabalho Ambiente externo Comércio exterior e reservas internacionais Mercado monetário e operações de mercado aberto Data: 18 e 19/10/2005 Local: Sala de reuniões do 8º andar (18/10) e do 20º andar (19/10) do Edifício-Sede do Banco Central – Brasília – DF Horário de início: 16h55 (18/10) e 16h30 (19/10) Horário de…,60,13,2,15,3,6,14,1,0,0,2005
114,2005-11-23,114ª Reunião,,/publicacoes/atascopom/23112005,23112005,45482,19.0,18.5,-0.5,corte,unânime,"Implementação da política monetária 19. O Copom reafirma o diagnóstico, expresso nas Notas das últimas reuniões, de que tanto os resultados recentes da inflação como as projeções de inflação realizadas pelo Banco Central e pelos analistas do setor privado sugerem que, além de conter as pressões inflacionárias de curto prazo, a postura de política monetária adotada desde setembro de 2004 vem contribuindo de maneira…",58,11,2,16,12,7,15,1,0,0,2005
115,2005-12-14,115ª Reunião,,/publicacoes/atascopom/14122005,14122005,47348,18.5,18.0,-0.5,corte,—,Implementação da política monetária Inflação Atividade econômica Expectativas e sondagens Mercado de trabalho Crédito e inadimplência Ambiente externo Comércio exterior e reservas internacionais Mercado monetário e operações de mercado aberto Data: 13 e 14/12/2005 Local: Sala de reuniões do 8º andar (13/12) e do 20º andar (14/12) do Edifício-Sede do Banco Central – Brasília – DF Horário de início: 16h55 (13/12) e…,56,12,3,23,11,6,15,2,0,0,2005
116,2006-01-18,116ª Reunião,,/publicacoes/atascopom/18012006,18012006,47452,18.0,17.25,-0.75,corte,unânime,Implementação da política monetária Inflação Atividade econômica Expectativas e sondagens Mercado de trabalho Crédito e inadimplência Ambiente externo Comércio exterior e reservas internacionais Mercado monetário e operações de mercado aberto Data: 17 e 18/01/2006 Local: Sala de reuniões do 8º andar (17/01) e do 20º andar (18/01) do Edifício-Sede do Banco Central – Brasília – DF Horário de início: 16h55 (17/01) e…,58,12,3,14,14,6,14,1,0,0,2006
117,2006-03-08,117ª Reunião,,/publicacoes/atascopom/08032006,8032006,51147,17.25,16.5,-0.75,corte,—,"Implementação da política monetária 18. O Copom reafirma o diagnóstico, expresso nas Notas das últimas reuniões, de que tanto os resultados recentes da inflação como as projeções de inflação realizadas pelo Banco Central e pelos analistas do setor privado sugerem que, além de conter as pressões inflacionárias de curto prazo, a postura de política monetária, adotada desde setembro de 2004, vem contribuindo de…",55,10,3,25,15,7,18,3,0,0,2006
118,2006-04-19,118ª Reunião,,/publicacoes/atascopom/19042006,19042006,51219,16.5,15.75,-0.75,corte,unânime,"Implementação da política monetária 16. O Copom reafirma o diagnóstico, expresso nas Notas das últimas reuniões, de que tanto os resultados recentes da inflação como as projeções de inflação realizadas pelo Banco Central e pelos analistas do setor privado sugerem que, além de conter as pressões inflacionárias de curto prazo, a postura de política monetária adotada desde setembro de 2004 vem contribuindo de maneira…",52,7,3,23,14,11,19,2,0,0,2006
119,2006-05-31,119ª Reunião,,/publicacoes/atascopom/31052006,31052006,51937,15.75,15.25,-0.5,corte,unânime,"Implementação da política monetária 18. O Copom reafirma o diagnóstico, expresso nas Notas das últimas reuniões, de que tanto os resultados recentes da inflação como as projeções de inflação realizadas pelo Banco Central e pelos analistas do setor privado sugerem que, além de conter as pressões inflacionárias de curto prazo, a postura de política monetária adotada desde setembro de 2004 vem contribuindo de maneira…",52,12,3,26,15,11,16,1,0,0,2006
120,2006-07-19,120ª Reunião,,/publicacoes/atascopom/19072006,19072006,50949,15.25,14.75,-0.5,corte,unânime,Implementação da política monetária Inflação Atividade econômica Expectativas e sondagens Mercado de trabalho Crédito e inadimplência Ambiente externo Comércio exterior e reservas internacionais Mercado monetário e operações de mercado aberto Data: 18 e 19/07/2006 Local: Sala de reuniões do 8º andar (18/07) e do 20º andar (19/07) do Edifício-Sede do Banco Central – Brasília – DF Horário de início: 16h30 (18/07) e…,54,14,3,27,16,10,15,3,0,0,2006
121,2006-08-30,121ª Reunião,,/publicacoes/atascopom/30082006,30082006,52967,14.75,14.25,-0.5,corte,unânime,Implementação da política monetária Inflação Atividade econômica Expectativas e sondagens Mercado de trabalho Crédito e inadimplência Ambiente externo Comércio exterior e reservas internacionais Mercado monetário e operações de mercado aberto Data: 29 e 30/08/2006 Local: Sala de reuniões do 8º andar (29/08) e do 20º andar (30/08) do Edifício-Sede do Banco Central – Brasília – DF Horário de início: 17h30 (29/08) e…,52,10,3,23,15,16,15,1,0,0,2006
122,2006-10-17,122ª Reunião,,/publicacoes/atascopom/18102006,18102006,51113,14.25,14.25,0.0,manutenção,unânime,Implementação da política monetária Inflação Atividade econômica Expectativas e sondagens Mercado de trabalho Crédito e inadimplência Ambiente externo Comércio exterior e reservas internacionais Mercado monetário e operações de mercado aberto Data: 17 e 18/10/2006 Local: Sala de reuniões do 8º andar (17/10) e do 20º andar (18/10) do Edifício-Sede do Banco Central – Brasília – DF Horário de início: 16h (17/10) e 16h…,56,10,3,28,14,12,16,1,0,0,2006
123,2006-11-29,123ª Reunião,,/publicacoes/atascopom/29112006,29112006,55883,13.75,13.25,-0.5,corte,—,Implementação da política monetária Inflação Atividade econômica Expectativas e sondagens Mercado de trabalho Crédito e inadimplência Ambiente externo Comércio exterior e reservas internacionais Mercado monetário e operações de mercado aberto Data: 28 e 29/11/2006 Local: Sala de reuniões do 8º andar (28/11) e do 20º andar (29/11) do Edifício-Sede do Banco Central – Brasília – DF Horário de início: 16h30 (28/11) e…,66,9,3,30,15,11,21,1,0,0,2006
124,2007-01-24,124ª Reunião,,/publicacoes/atascopom/24012007,24012007,55884,13.25,13.0,-0.25,corte,—,Implementação da política monetária Inflação Atividade econômica Expectativas e sondagens Mercado de trabalho Crédito e inadimplência Ambiente externo Comércio exterior e reservas internacionais Mercado monetário e operações de mercado aberto Data: 23 e 24/01/2007 Local: Sala de reuniões do 8º andar (23/01) e do 20º andar (24/01) do Edifício-Sede do Banco Central – Brasília – DF Horário de início: 16h30 (23/01) e…,75,8,3,28,17,14,15,1,0,0,2007
125,2007-03-07,125ª Reunião,,/publicacoes/atascopom/07032007,7032007,59174,13.0,12.75,-0.25,corte,unânime,Implementação da política monetária Inflação Atividade econômica Expectativas e sondagens Mercado de trabalho Crédito e inadimplência Ambiente externo Comércio exterior e reservas internacionais Mercado monetário e operações de mercado aberto Data: 06 e 07/03/2007 Local: Sala de reuniões do 8º andar (06/03) e do 20º andar (07/03) do Edifício-Sede do Banco Central do Brasil – Brasília – DF Horário de início: 16h30…,65,12,3,33,19,8,18,2,0,0,2007
126,2007-04-18,126ª Reunião,,/publicacoes/atascopom/18042007,18042007,57313,12.75,12.5,-0.25,corte,—,Implementação da política monetária Inflação Atividade econômica Expectativas e sondagens Mercado de trabalho Crédito e inadimplência Ambiente externo Comércio exterior e reservas internacionais Mercado monetário e operações de mercado aberto Data: 17 e 18/04/2007 Local: Sala de reuniões do 8º andar (17/04) e do 20º andar (18/04) do Edifício-Sede do Banco Central do Brasil – Brasília – DF Horário de início: 16h30…,58,8,2,33,20,9,15,2,0,0,2007
127,2007-06-06,127ª Reunião,,/publicacoes/atascopom/06062007,6062007,57110,12.5,12.5,0.0,manutenção,—,Implementação da política monetária Inflação Atividade econômica Expectativas e sondagens Mercado de trabalho Ambiente externo Comércio exterior e reservas internacionais Mercado monetário e operações de mercado aberto Data: 05 e 06/06/2007 Local: Sala de reuniões do 8º andar (05/06) e do 20º andar (06/06) do Edifício-Sede do Banco Central do Brasil – Brasília – DF Horário de início: 17h (05/06) e 17h (06/06)…,60,12,2,31,5,13,16,1,0,0,2007
128,2007-07-18,128ª Reunião,,/publicacoes/atascopom/18072007,18072007,60387,12.0,11.5,-0.5,corte,—,Implementação da política monetária Inflação Atividade econômica Expectativas e sondagens Mercado de trabalho Crédito e inadimplência Ambiente externo Comércio exterior e reservas internacionais Mercado monetário e operações de mercado aberto Data: 17 e 18/7/2007 Local: Sala de reuniões do 8º andar (17/7) e do 20º andar (18/7) do Edifício-Sede do Banco Central do Brasil – Brasília – DF Horário de início: 16h30…,66,14,3,36,20,12,18,1,0,0,2007
129,2007-09-05,129ª Reunião,,/publicacoes/atascopom/05092007,5092007,57171,11.5,11.25,-0.25,corte,unânime,Implementação da política monetária Inflação Atividade econômica Expectativas e sondagens Mercado de trabalho Crédito e inadimplência Ambiente externo Comércio exterior e reservas internacionais Mercado monetário e operações de mercado aberto Data: 04 e 05/09/2007 Local: Sala de reuniões do 8º andar (04/09) e do 20º andar (05/09) do Edifício-Sede do Banco Central do Brasil – Brasília – DF Horário de início: 17h…,66,15,2,30,27,11,12,1,0,0,2007
130,2007-10-17,130ª Reunião,,/publicacoes/atascopom/17102007,17102007,58015,11.25,11.25,0.0,manutenção,unânime,Implementação da política monetária Inflação Atividade econômica Expectativas e sondagens Mercado de trabalho Crédito e inadimplência Ambiente externo Comércio exterior e reservas internacionais Mercado monetário e operações de mercado aberto Data: 16 e 17/10/2007 Local: Sala de reuniões do 8º andar (16/10) e do 20º andar (17/10) do Edifício-Sede do Banco Central do Brasil – Brasília – DF Horário de início: 15h30h…,58,15,3,26,27,12,14,1,0,0,2007
131,2007-12-05,131ª Reunião,,/publicacoes/atascopom/05122007,5122007,56835,11.25,11.25,0.0,manutenção,unânime,"implementação da política monetária e seus efeitos sobre o nível de atividade e sobre a inflação. Desde o início do ciclo de flexibilização da política monetária, em setembro de 2005, a taxa de juros básica foi reduzida em 850 p.b., sendo que parcela substancial da redução ocorreu nos últimos nove meses. Assim, parte importante dos efeitos dos cortes de juros ainda não se refletiu no nível de atividade, e tampouco…",57,12,2,28,25,13,15,1,0,0,2007
132,2008-01-23,132ª Reunião,,/publicacoes/atascopom/23012008,23012008,59086,11.25,11.25,0.0,manutenção,unânime,"implementação da política monetária e seus efeitos sobre o nível de atividade e sobre a inflação. No ciclo de flexibilização da política monetária iniciado em setembro de 2005, a taxa de juros básica foi reduzida em 850 p.b., sendo que parcela substancial da redução ocorreu nos últimos nove meses. Assim, parte relevante dos efeitos dos cortes de juros ainda não se refletiu no nível de atividade, e tampouco os…",68,12,3,32,30,12,19,1,0,0,2008
133,2008-03-05,133ª Reunião,,/publicacoes/atascopom/05032008,5032008,59629,11.25,11.25,0.0,manutenção,unânime,"implementação da política monetária e seus efeitos sobre o nível de atividade e sobre a inflação. Há algum efeito remanescente dos cortes de juros implementados em 2007 que ainda não se refletiu no nível de atividade, e tampouco os efeitos da atividade sobre a inflação tiveram tempo de se materializar por completo. Dessa forma, a avaliação de decisões alternativas de política monetária deve concentrar-se,…",63,13,2,32,28,15,19,1,0,0,2008
134,2008-04-16,134ª Reunião,,/publicacoes/atascopom/16042008,16042008,62703,11.25,11.75,0.5,alta,unânime,"implementação da política monetária e seus efeitos sobre o nível de atividade e sobre a inflação. Dessa forma, a avaliação de decisões alternativas de política monetária deve concentrar-se, necessariamente, na análise do cenário prospectivo para a inflação e nos riscos a ele associados, em vez de privilegiar os valores correntes observados para essa variável. 21. Ao longo dos próximos meses, o crescimento do…",69,15,2,32,23,12,19,1,0,0,2008
135,2008-06-04,135ª Reunião,,/publicacoes/atascopom/04062008,4062008,60213,11.75,12.25,0.5,alta,unânime,"implementação da política monetária e seus efeitos sobre o nível de atividade e sobre a inflação. Dessa forma, a avaliação de decisões alternativas de política monetária deve concentrar-se, necessariamente, na análise do cenário prospectivo para a inflação e nos riscos a ele associados, em vez de privilegiar os valores correntes observados para essa variável. 20. Ao longo dos próximos meses, o crescimento do…",71,14,3,27,24,13,21,1,0,0,2008
136,2008-07-23,136ª Reunião,,/publicacoes/atascopom/23072008,23072008,62153,12.25,13.0,0.75,alta,unânime,"implementação da política monetária e seus efeitos tanto sobre o nível de atividade como sobre a inflação. Dessa forma, a avaliação de decisões alternativas de política monetária deve concentrar-se, necessariamente, na análise do cenário prospectivo para a inflação e nos riscos a ele associados, em vez de privilegiar os valores correntes observados para essa variável. 21. Ao longo dos próximos meses, o crescimento…",74,14,2,27,21,14,22,2,0,0,2008
137,2008-09-10,137ª Reunião,,/publicacoes/atascopom/10092008,10092008,63824,13.0,13.75,0.75,alta,—,"implementação da política monetária. 24. O Copom avalia que, diante dos sinais de aquecimento da economia e do comportamento das expectativas de inflação, continuam sendo relevantes os riscos para a concretização de um cenário inflacionário benigno, no qual o IPCA voltaria a evoluir de forma consistente com a trajetória das metas. De fato, a deterioração do cenário prospectivo ainda se manifesta nas projeções de…",71,16,3,30,21,18,22,1,0,0,2008
138,2008-10-29,138ª Reunião,,/publicacoes/atascopom/29102008,29102008,65921,13.75,13.75,0.0,manutenção,unânime,"implementação da política monetária e seus efeitos tanto sobre o nível de atividade como sobre a inflação. Dessa forma, a avaliação de decisões alternativas de política monetária deve concentrar-se, necessariamente, na análise do cenário prospectivo para a inflação e nos riscos a ele associados, em vez de privilegiar os valores correntes observados para essa variável. Tais considerações ganham ainda mais relevância…",70,23,2,26,19,13,20,2,0,0,2008
139,2008-12-10,139ª Reunião,,/publicacoes/atascopom/10122008,10122008,68290,13.75,13.75,0.0,manutenção,unânime,"implementação da política monetária. 25. O Copom avalia que, diante dos sinais, evidenciados desde a sua última reunião, de arrefecimento do ritmo de atividade econômica, no que se refere, por exemplo, aos indicadores de produção industrial, alguns dados disponíveis sobre o mercado de trabalho e taxas de utilização da capacidade na indústria, bem como confiança dos empresários e consumidores, e do comportamento das…",70,18,3,38,21,12,20,1,0,0,2008
140,2009-01-21,140ª Reunião,,/publicacoes/atascopom/21012009,21012009,65385,13.75,12.75,-1.0,corte,—,"implementação da política monetária e seus efeitos tanto sobre o nível de atividade como sobre a inflação. Dessa forma, a avaliação de decisões alternativas de política monetária deve concentrar-se, necessariamente, na análise do cenário prospectivo para a inflação e nos riscos a ele associados, em vez de privilegiar os valores correntes observados para essa variável. Tais considerações ganham ainda mais relevância…",67,14,3,38,22,12,23,2,0,0,2009
141,2009-03-11,141ª Reunião,,/publicacoes/atascopom/11032009,11032009,64244,12.75,11.25,-1.5,corte,unânime,"implementação da política monetária e seus efeitos tanto sobre o nível de atividade como sobre a inflação. Dessa forma, a avaliação de decisões alternativas de política monetária deve concentrar-se, necessariamente, na análise do cenário prospectivo para a inflação e nos riscos a ele associados, em vez de privilegiar os valores correntes observados para essa variável. Tais considerações ganham ainda mais relevância…",64,14,5,40,19,11,20,1,0,0,2009
142,2009-04-29,142ª Reunião,,/publicacoes/atascopom/29042009,29042009,57831,11.25,10.25,-1.0,corte,unânime,"implementação da política monetária e seus efeitos tanto sobre o nível de atividade como sobre a inflação. Dessa forma, a avaliação de decisões alternativas de política monetária deve concentrar-se, necessariamente, na análise do cenário prospectivo para a inflação e nos riscos a ele associados, em vez de privilegiar valores correntes observados para essa variável. Tais considerações ganham ainda mais relevância em…",65,11,5,34,20,8,22,1,0,0,2009
143,2009-06-10,143ª Reunião,,/publicacoes/atascopom/10062009,10062009,61853,10.25,10.25,0.0,manutenção,—,Implementação da política monetária Inflação Atividade econômica Expectativas e sondagens Mercado de trabalho Crédito e inadimplência Ambiente externo Comércio exterior e reservas internacionais Mercado monetário e operações de mercado aberto Data: 09 e 10/06/2009 Local: Sala de reuniões do 8º andar (09/06) e do 20º andar (10/06) do Edifício-Sede do Banco Central do Brasil – Brasília – DF Horário de início: 16h40…,66,13,3,41,20,11,22,1,0,0,2009
144,2009-07-22,144ª Reunião,,/publicacoes/atascopom/22072009,22072009,61031,9.25,8.75,-0.5,corte,unânime,"implementação da política monetária e seus efeitos tanto sobre o nível de atividade como sobre a inflação. Dessa forma, a avaliação de decisões alternativas de política monetária deve concentrar-se, necessariamente, na análise do cenário prospectivo para a inflação e nos riscos a ele associados, em vez de privilegiar valores correntes observados para essa variável. Tais considerações ganham ainda mais relevância em…",63,10,5,37,19,7,26,1,0,0,2009
145,2009-09-02,145ª Reunião,,/publicacoes/atascopom/02092009,2092009,57824,8.75,8.75,0.0,manutenção,unânime,"implementação da política monetária e seus efeitos tanto sobre o nível de atividade como sobre a inflação. Dessa forma, a avaliação de decisões alternativas de política monetária deve concentrar-se, necessariamente, na análise do cenário prospectivo para a inflação e nos riscos a ele associados, em vez de privilegiar valores correntes observados para essa variável. Tais considerações ganham ainda mais relevância em…",58,10,6,29,18,8,20,1,1,0,2009
146,2009-10-21,146ª Reunião,,/publicacoes/atascopom/21102009,21102009,57561,8.75,8.75,0.0,manutenção,unânime,"implementação da política monetária e seus efeitos tanto sobre o nível de atividade como sobre a inflação. Dessa forma, a avaliação de decisões alternativas de política monetária deve concentrar-se, necessariamente, na análise do cenário prospectivo para a inflação e nos riscos a ele associados, em vez de privilegiar valores correntes observados para essa variável. Tais considerações ganham ainda mais relevância em…",56,9,7,30,17,9,17,1,1,0,2009
147,2009-12-09,147ª Reunião,,/publicacoes/atascopom/09122009,9122009,56946,8.75,8.75,0.0,manutenção,unânime,"implementação da política monetária e seus efeitos tanto sobre o nível de atividade como sobre a inflação. Dessa forma, a avaliação de decisões alternativas de política monetária deve concentrar-se, necessariamente, na análise do cenário prospectivo para a inflação e nos riscos a ele associados, em vez de privilegiar valores correntes observados para essa variável. Tais considerações ganham ainda mais relevância em…",59,8,6,31,17,9,18,1,1,0,2009
148,2010-01-27,148ª Reunião,,/publicacoes/atascopom/27012010,27012010,49837,8.75,8.75,0.0,manutenção,unânime,"implementação da política monetária e seus efeitos tanto sobre o nível de atividade como sobre a inflação. Dessa forma, a avaliação de decisões alternativas de política monetária deve se concentrar, necessariamente, na análise do cenário prospectivo para a inflação e nos riscos a ele associados, em vez de privilegiar valores correntes observados para essa variável. O Comitê reafirma que movimentos específicos de…",53,8,6,27,17,11,17,1,0,0,2010
149,2010-03-17,149ª Reunião,,/publicacoes/atascopom/17032010,17032010,56090,8.75,8.75,0.0,manutenção,—,Implementação da política monetária Inflação Atividade econômica Expectativas e sondagens Mercado de trabalho Crédito e inadimplência Ambiente externo Comércio exterior e reservas internacionais Mercado monetário e operações de mercado aberto Data: 16 e 17/03/2010 Local: Sala de reuniões do 8º andar (16/03) e do 20º andar (17/03) do Edifício-Sede do Banco Central do Brasil – Brasília – DF Horário de início: 16h20…,53,7,7,29,18,13,19,1,0,0,2010
150,2010-04-28,150ª Reunião,,/publicacoes/atascopom/28042010,28042010,58114,8.75,9.5,0.75,alta,unânime,"implementação da política monetária e seus efeitos tanto sobre o nível de atividade como sobre a inflação. Dessa forma, a análise de decisões alternativas de política monetária deve se concentrar, necessariamente, no cenário prospectivo para a inflação e nos riscos a ele associados, em vez de privilegiar valores observados para essa variável. O cenário prospectivo, a rigor, sofreu certa deterioração neste início de…",58,7,7,28,17,12,17,1,0,0,2010
151,2010-06-09,151ª Reunião,,/publicacoes/atascopom/09062010,9062010,57854,9.5,10.25,0.75,alta,unânime,"implementação da política monetária e seus efeitos tanto sobre o nível de atividade como sobre a inflação. Dessa forma, a análise de decisões alternativas de política monetária deve se concentrar, necessariamente, no cenário prospectivo para a inflação e nos riscos a ele associados, em vez de privilegiar valores correntes e passados para essa variável. O cenário prospectivo, a rigor, sofreu certa deterioração no…",53,9,6,29,15,10,15,1,0,0,2010
152,2010-07-21,152ª Reunião,,/publicacoes/atascopom/21072010,21072010,55850,10.25,10.75,0.5,alta,unânime,"implementação da política monetária e seus efeitos tanto sobre o nível de atividade como sobre a inflação. Dessa forma, a análise de decisões alternativas de política monetária deve se concentrar, necessariamente, no cenário prospectivo para a inflação e nos riscos a ele associados, em vez de privilegiar valores correntes e passados para essa variável. O cenário prospectivo, a rigor, sofreu deterioração substancial…",56,9,5,24,16,14,13,1,0,0,2010
153,2010-09-01,153ª Reunião,,/publicacoes/atascopom/01092010,1092010,58635,10.75,10.75,0.0,manutenção,unânime,"implementação da política monetária. 19. Como consequência da estabilização e da correção de desequilíbrios, as quais determinaram mudanças estruturais importantes, o processo de amadurecimento do regime de metas se encontra em estágio avançado, e isso se reflete favoravelmente na dinâmica da taxa de juros neutra e na potência da política monetária. Evidências a esse respeito são oferecidas, entre outros, pelo…",61,10,6,38,16,13,11,1,0,0,2010
154,2010-10-20,154ª Reunião,,/publicacoes/atascopom/20102010,20102010,62216,10.75,10.75,0.0,manutenção,unânime,"implementação da política monetária. 21. Como consequência da estabilização e da correção de desequilíbrios, as quais determinaram mudanças estruturais importantes, o processo de amadurecimento do regime de metas se encontra em estágio avançado, e isso se reflete favoravelmente na dinâmica da taxa de juros neutra e na potência da política monetária. Evidências a esse respeito são oferecidas, entre outros, pelo…",67,19,6,40,13,21,13,1,0,0,2010
155,2010-12-08,155ª Reunião,,/publicacoes/atascopom/08122010,8122010,61088,10.75,10.75,0.0,manutenção,unânime,"implementação da política monetária. 22. Como consequência da estabilização e da correção de desequilíbrios, as quais determinaram mudanças estruturais importantes, o processo de amadurecimento do regime de metas se encontra em estágio avançado, e isso se reflete favoravelmente na dinâmica da taxa de juros neutra e na potência da política monetária. Evidências a esse respeito são oferecidas, entre outros, pelo…",64,10,8,35,16,23,11,1,0,0,2010
156,2011-01-19,156ª Reunião,,/publicacoes/atascopom/19012011,19012011,56972,10.75,11.25,0.5,alta,unânime,Implementação da política monetária Inflação Atividade econômica Expectativas e sondagens Mercado de trabalho Crédito e inadimplência Ambiente externo Comércio exterior e reservas internacionais Mercado monetário e operações de mercado aberto Data: 18 e 19/1/2011 Local: Sala de reuniões do 8º andar (18/1) e do 20º andar (19/1) do Edifício-Sede do Banco Central do Brasil – Brasília – DF Horário de início: 16h15…,64,10,10,30,14,16,9,1,0,0,2011
157,2011-03-02,157ª Reunião,,/publicacoes/atascopom/02032011,2032011,59590,11.25,11.75,0.5,alta,unânime,Implementação da política monetária Inflação Atividade econômica Expectativas e sondagens Mercado de trabalho Crédito e inadimplência Ambiente externo Comércio exterior e reservas internacionais Mercado monetário e operações de mercado aberto Data: 1º e 2/3/2011 Local: Sala de reuniões do 8º andar (1º/3) e do 20º andar (2/3) do Edifício-Sede do Banco Central do Brasil – Brasília – DF Horário de início: 16h15 (1º/3)…,66,11,9,32,14,19,10,1,0,0,2011
158,2011-04-20,158ª Reunião,,/publicacoes/atascopom/20042011,20042011,65473,11.75,11.75,0.0,manutenção,—,Implementação da política monetária Inflação Atividade econômica Expectativas e sondagens Mercado de trabalho Crédito e inadimplência Ambiente externo Comércio exterior e reservas internacionais Mercado monetário e operações de mercado aberto Data: 19 e 20/4/2011 Local: Sala de reuniões do 8º andar (19/4) e do 20º andar (20/4) do Edifício-Sede do Banco Central do Brasil – Brasília – DF Horário de início: 16h45…,72,16,8,32,13,22,10,1,0,0,2011
159,2011-06-08,159ª Reunião,,/publicacoes/atascopom/08062011,8062011,63221,12.0,12.25,0.25,alta,unânime,Implementação da política monetária Inflação Atividade econômica Expectativas e sondagens Mercado de trabalho Crédito e inadimplência Ambiente externo Comércio exterior e reservas internacionais Mercado monetário e operações de mercado aberto Data: 7 e 8/6/2011 Local: Sala de reuniões do 8º andar (7/6) e do 20º andar (8/6) do Edifício-Sede do Banco Central do Brasil – Brasília – DF Horário de início: 16h15 (7/6) e…,67,14,10,41,13,23,11,1,0,0,2011
160,2011-07-20,160ª Reunião,,/publicacoes/atascopom/20072011,20072011,60435,12.25,12.5,0.25,alta,unânime,Implementação da política monetária Inflação Atividade econômica Expectativas e sondagens Mercado de trabalho Crédito e inadimplência Ambiente externo Comércio exterior e reservas internacionais Mercado monetário e operações de mercado aberto Data: 19 e 20/7/2011 Local: Sala de reuniões do 8º andar (19/7) e do 20º andar (20/7) do Edifício-Sede do Banco Central do Brasil – Brasília – DF Horário de início: 16h24…,72,16,9,33,14,18,11,1,0,0,2011
161,2011-08-31,161ª Reunião,,/publicacoes/atascopom/31082011,31082011,60676,12.5,12.0,-0.5,corte,—,Implementação da política monetária Inflação Atividade econômica Expectativas e sondagens Mercado de trabalho Crédito e inadimplência Ambiente externo Comércio exterior e reservas internacionais Mercado monetário e operações de mercado aberto Data: 30 e 31/8/2011 Local: Sala de reuniões do 8º andar (30/8) e do 20º andar (31/8) do Edifício-Sede do Banco Central do Brasil – Brasília – DF Horário de início: 16h15…,60,14,11,40,17,17,9,2,0,0,2011
162,2011-10-19,162ª Reunião,,/publicacoes/atascopom/19102011,19102011,64306,12.0,11.5,-0.5,corte,unânime,Implementação da política monetária Inflação Atividade econômica Expectativas e sondagens Mercado de trabalho Crédito e inadimplência Ambiente externo Comércio exterior e reservas internacionais Mercado monetário e operações de mercado aberto Data: 18 e 19/10/2011 Local: Sala de reuniões do 8º andar (18/10) e do 20º andar (19/10) do Edifício-Sede do Banco Central do Brasil – Brasília – DF Horário de início: 16h14…,59,18,9,43,17,21,10,1,0,0,2011
163,2011-11-30,163ª Reunião,,/publicacoes/atascopom/30112011,30112011,63912,11.5,11.0,-0.5,corte,unânime,Implementação da política monetária Inflação Atividade econômica Expectativas e sondagens Mercado de trabalho Crédito e inadimplência Ambiente externo Comércio exterior e reservas internacionais Mercado monetário e operações de mercado aberto Data: 29 e 30/11/2011 Local: Sala de reuniões do 8º andar (29/11) e do 20º andar (30/11) do Edifício-Sede do Banco Central do Brasil – Brasília – DF Horário de início: 16h23…,61,18,10,37,20,16,10,1,0,0,2011
164,2012-01-18,164ª Reunião,,/publicacoes/atascopom/18012012,18012012,65943,11.0,10.5,-0.5,corte,unânime,Implementação da política monetária Inflação Atividade econômica Expectativas e sondagens Mercado de trabalho Crédito e inadimplência Ambiente externo Comércio exterior e reservas internacionais Mercado monetário e operações de mercado aberto Data: 17 e 18/1/2012 Local: Sala de reuniões do 8º andar (17/1) e do 20º andar (18/1) do Edifício-Sede do Banco Central do Brasil – Brasília – DF Horário de início: 16h20…,59,14,8,43,23,19,14,1,0,0,2012
165,2012-03-07,165ª Reunião,,/publicacoes/atascopom/07032012,7032012,65204,10.5,9.75,-0.75,corte,—,Implementação da política monetária Inflação Atividade econômica Expectativas e sondagens Mercado de trabalho Crédito e inadimplência Ambiente externo Comércio exterior e reservas internacionais Mercado monetário e operações de mercado aberto Data: 6 e 7/3/2012 Local: Sala de reuniões do 8º andar (6/3) e do 20º andar (7/3) do Edifício-Sede do Banco Central do Brasil – Brasília – DF Horário de início: 16h20 (6/3) e…,60,17,9,40,16,19,12,1,0,0,2012
166,2012-04-18,166ª Reunião,,/publicacoes/atascopom/18042012,18042012,63101,9.75,9.0,-0.75,corte,unânime,Implementação da política monetária Inflação Atividade econômica Expectativas e sondagens Mercado de trabalho Crédito e inadimplência Ambiente externo Comércio exterior e reservas internacionais Mercado monetário e operações de mercado aberto Data: 17 e 18/4/2012 Local: Sala de reuniões do 8º andar (17/4) e do 20º andar (18/4) do Edifício-Sede do Banco Central do Brasil – Brasília – DF Horário de início: 16h15…,55,15,9,40,24,14,14,1,0,0,2012
167,2012-05-30,167ª Reunião,,/publicacoes/atascopom/30052012,30052012,61731,9.0,8.5,-0.5,corte,unânime,Implementação da política monetária Inflação Atividade econômica Expectativas e sondagens Mercado de trabalho Crédito e inadimplência Ambiente externo Comércio exterior e reservas internacionais Mercado monetário e operações de mercado aberto Data: 29 e 30/5/2012 Local: Sala de reuniões do 8º andar (29/5) e do 20º andar (30/5) do Edifício-Sede do Banco Central do Brasil – Brasília – DF Horário de início: 16h16…,58,15,10,38,15,16,14,1,0,0,2012
168,2012-07-11,168ª Reunião,,/publicacoes/atascopom/11072012,11072012,60511,8.5,8.0,-0.5,corte,unânime,Implementação da política monetária Inflação Atividade econômica Expectativas e sondagens Mercado de trabalho Crédito e inadimplência Ambiente externo Comércio exterior e reservas internacionais Mercado monetário e operações de mercado aberto Data: 10 e 11/7/2012 Local: Sala de reuniões do 8º andar (10/7) e do 20º andar (11/7) do Edifício-Sede do Banco Central do Brasil – Brasília – DF Horário de início: 16h20…,54,15,9,46,16,15,14,1,0,0,2012
169,2012-08-29,169ª Reunião,,/publicacoes/atascopom/29082012,29082012,60438,8.0,7.5,-0.5,corte,unânime,"implementação da política monetária. 22. O Copom considera que, desde sua última reunião, os riscos para a estabilidade financeira global permaneceram elevados, em particular, os derivados do processo de desalavancagem em curso nos principais blocos econômicos. O Comitê entende que, de modo geral, mantiveram-se inalteradas as perspectivas de atividade global moderada, e pouco se alteraram as restrições às quais…",52,13,9,42,17,20,13,1,0,0,2012
170,2012-10-10,170ª Reunião,,/publicacoes/atascopom/10102012,10102012,62813,7.5,7.25,-0.25,corte,—,"implementação da política monetária. 24. O Copom considera que, desde sua última reunião, os riscos para a estabilidade financeira global permaneceram elevados, em particular os derivados do processo de desalavancagem em curso nos principais blocos econômicos. O Comitê entende que, de modo geral, mantiveram-se inalteradas as perspectivas de atividade global moderada, e pouco se alteraram as restrições às quais…",52,13,9,39,23,22,15,1,0,0,2012
171,2012-11-28,171ª Reunião,,/publicacoes/atascopom/28112012,28112012,58140,7.25,7.25,0.0,manutenção,unânime,"implementação da política monetária. 21. O Copom considera que, desde sua última reunião, os riscos para a estabilidade financeira global permaneceram elevados, em particular os derivados do processo de desalavancagem em curso nos principais blocos econômicos. Nesse contexto, apesar de identificar recuo na probabilidade de ocorrência de eventos extremos nos mercados financeiros internacionais, o Comitê pondera que…",48,16,9,31,14,13,10,1,0,0,2012
172,2013-01-16,172ª Reunião,,/publicacoes/atascopom/16012013,16012013,60173,7.25,7.25,0.0,manutenção,unânime,Implementação da política monetária Inflação Atividade econômica Expectativas e sondagens Mercado de trabalho Crédito e inadimplência Ambiente externo Comércio exterior e reservas internacionais Mercado monetário e operações de mercado aberto Data: 15 e 16/1/2013 Local: Sala de reuniões do 8º andar (15/1) e do 20º andar (16/1) do Edifício-Sede do Banco Central do Brasil – Brasília – DF Horário de início: 16h25…,47,13,9,34,17,13,11,1,0,0,2013
173,2013-03-06,173ª Reunião,,/publicacoes/atascopom/06032013,6032013,59576,7.25,7.25,0.0,manutenção,unânime,Implementação da política monetária Inflação Atividade econômica Expectativas e sondagens Mercado de trabalho Crédito e inadimplência Ambiente externo Comércio exterior e reservas internacionais Mercado monetário e operações de mercado aberto Data: 5 e 6/3/2013 Local: Sala de reuniões do 8º andar (5/3) e do 20º andar (6/3) do Edifício-Sede do Banco Central do Brasil – Brasília – DF Horário de início: 16h17 (5/3) e…,43,16,8,37,15,14,11,1,0,0,2013
174,2013-04-17,174ª Reunião,,/publicacoes/atascopom/17042013,17042013,58026,7.25,7.5,0.25,alta,—,"O Copom avalia que a política monetária deve contribuir para a consolidação de um ambiente macroeconômico favorável em horizontes mais longos. Nesse sentido, reitera que, no regime de metas para a inflação, orienta suas decisões de acordo com os valores projetados para a inflação pelo Banco Central e com base na análise de cenários alternativos para a evolução das principais variáveis que determinam a dinâmica dos…",50,15,8,31,23,10,16,1,0,0,2013
175,2013-05-29,175ª Reunião,,/publicacoes/atascopom/29052013,29052013,55306,7.5,8.0,0.5,alta,unânime,Implementação da política monetária Inflação Atividade econômica Expectativas e sondagens Mercado de trabalho Crédito e inadimplência Ambiente externo Comércio exterior e reservas internacionais Mercado monetário e operações de mercado aberto Data: 28 e 29/5/2013 Local: Sala de reuniões do 8º andar (28/5) e do 20º andar (29/5) do Edifício-Sede do Banco Central do Brasil – Brasília – DF Horário de início: 16h12…,48,16,10,34,15,16,13,2,0,0,2013
176,2013-07-10,176ª Reunião,,/publicacoes/atascopom/10072013,10072013,53612,8.0,8.5,0.5,alta,unânime,Implementação da política monetária Inflação Atividade econômica Expectativas e sondagens Mercado de trabalho Crédito e inadimplência Ambiente externo Comércio exterior e reservas internacionais Mercado monetário e operações de mercado aberto Data: 9 e 10/7/2013 Local: Sala de reuniões do 8º andar (9/7) e do 20º andar (10/7) do Edifício-Sede do Banco Central do Brasil – Brasília – DF Horário de início: 16h12 (9/7)…,43,21,8,25,19,16,12,1,0,0,2013
177,2013-08-28,177ª Reunião,,/publicacoes/atascopom/28082013,28082013,55563,8.5,9.0,0.5,alta,unânime,"O Copom avalia que os efeitos do comportamento dos preços no atacado sobre a inflação para os consumidores dependerão das condições atuais e prospectivas da demanda e das expectativas dos formadores de preços em relação à trajetória futura da inflação. 4. O Índice de Atividade Econômica do Banco Central (IBC-Br) incorpora estimativa para a produção mensal dos três setores da economia, bem como para impostos sobre…",44,17,9,25,14,16,15,2,0,0,2013
178,2013-10-09,178ª Reunião,,/publicacoes/atascopom/09102013,9102013,57699,9.0,9.5,0.5,alta,unânime,Implementação da política monetária Inflação Atividade econômica Expectativas e sondagens Mercado de trabalho Crédito e inadimplência Ambiente externo Comércio exterior e reservas internacionais Mercado monetário e operações de mercado aberto Data: 8 e 9/10/2013 Local: Sala de reuniões do 8º andar (8/10) e do 20º andar (9/10) do Edifício-Sede do Banco Central do Brasil – Brasília – DF Horário de início: 16h11…,49,16,10,23,21,17,14,1,0,0,2013
179,2013-11-27,179ª Reunião,,/publicacoes/atascopom/27112013,27112013,55812,9.5,10.0,0.5,alta,unânime,Implementação da política monetária Inflação Atividade econômica Expectativas e sondagens Mercado de trabalho Crédito e inadimplência Ambiente externo Comércio exterior e reservas internacionais Mercado monetário e operações de mercado aberto Data: 26 e 27/11/2013 Local: Sala de reuniões do 8º andar (26/11) e do 20º andar (27/11) do Edifício-Sede do Banco Central do Brasil – Brasília – DF Horário de início: 16h11…,45,15,11,24,16,15,13,1,0,0,2013
180,2014-01-15,180ª Reunião,,/publicacoes/atascopom/15012014,15012014,57128,10.0,10.5,0.5,alta,unânime,"O Copom avalia que os efeitos do comportamento dos preços no atacado sobre a inflação para os consumidores dependerão das condições atuais e prospectivas da demanda e das expectativas dos formadores de preços em relação à trajetória futura da inflação. 4. O Índice de Atividade Econômica do Banco Central (IBC-Br) incorpora estimativa para a produção mensal dos três setores da economia, bem como para impostos sobre…",44,17,11,29,17,17,11,1,0,0,2014
181,2014-02-26,181ª Reunião,,/publicacoes/atascopom/26022014,26022014,27757,10.5,10.75,0.25,alta,unânime,Implementação da política monetária Data: 25 e 26/2/2014 Local: Sala de reuniões do 8º andar (25/2) e do 20º andar (26/2) do Edifício-Sede do Banco Central do Brasil – Brasília – DF Horário de início: 16h10 (25/2) e 17h10 (26/2) Horário de término: 19h50 (25/2) e 20h32 (26/2) Presentes: Membros do Copom Alexandre Antonio Tombini – Presidente (presente somente em 26/2) Aldo Luiz Mendes Altamir Lopes Anthero de…,38,9,10,16,11,6,4,1,0,0,2014
182,2014-04-02,182ª Reunião,,/publicacoes/atascopom/02042014,2042014,27854,10.75,11.0,0.25,alta,unânime,Implementação da política monetária Data: 1º e 2/4/2014 Local: Sala de reuniões do 8º andar (1º/4) e do 20º andar (2/4) do Edifício-Sede do Banco Central do Brasil – Brasília – DF Horário de início: 16h12 (1º/4) e 16h04 (2/4) Horário de término: 19h38 (1º/4) e 19h46 (2/4) Presentes: Membros do Copom Alexandre Antonio Tombini – Presidente Aldo Luiz Mendes Altamir Lopes Anthero de Moraes Meirelles Carlos Hamilton…,37,8,10,16,6,6,3,1,0,0,2014
183,2014-05-28,183ª Reunião,,/publicacoes/atascopom/28052014,28052014,25318,11.0,11.0,0.0,manutenção,unânime,Implementação da política monetária Data: 27 e 28/5/2014 Local: Sala de reuniões do 8º andar (27/5) e do 20º andar (28/5) do Edifício-Sede do Banco Central do Brasil – Brasília – DF Horário de início: 16h13 (27/5) e 16h50 (28/5) Horário de término: 20h27 (27/5) e 20h55 (28/5) Presentes: Membros do Copom Alexandre Antonio Tombini – Presidente Aldo Luiz Mendes Altamir Lopes Anthero de Moraes Meirelles Carlos Hamilton…,39,7,9,14,4,6,3,1,0,0,2014
184,2014-07-16,184ª Reunião,,/publicacoes/atascopom/16072014,16072014,27079,11.0,11.0,0.0,manutenção,unânime,Implementação da política monetária Data: 15 e 16/7/2014 Local: Sala de reuniões do 8º andar (15/7) e do 20º andar (16/7) do Edifício-Sede do Banco Central do Brasil – Brasília – DF Horário de início: 16h43 (15/7) e 17h10 (16/7) Horário de término: 19h22 (15/7) e 20h05 (16/7) Presentes: Membros do Copom Alexandre Antonio Tombini – Presidente Aldo Luiz Mendes Altamir Lopes Anthero de Moraes Meirelles Carlos Hamilton…,40,5,9,14,6,6,3,1,0,0,2014
185,2014-09-03,185ª Reunião,,/publicacoes/atascopom/03092014,3092014,26592,11.0,11.0,0.0,manutenção,unânime,Implementação da política monetária Data: 2 e 3/9/2014 Local: Sala de reuniões do 8º andar (2/9) e do 20º andar (3/9) do Edifício-Sede do Banco Central do Brasil – Brasília – DF Horário de início: 16h19 (2/9) e 16h43 (3/9) Horário de término: 19h28 (2/9) e 19h22 (3/9) Presentes: Membros do Copom Alexandre Antonio Tombini – Presidente Aldo Luiz Mendes Altamir Lopes Anthero de Moraes Meirelles Carlos Hamilton…,40,5,9,14,6,5,3,1,0,0,2014
186,2014-10-29,186ª Reunião,,/publicacoes/atascopom/29102014,29102014,25805,11.0,11.25,0.25,alta,—,Implementação da política monetária Data: 28 e 29/10/2014 Local: Sala de reuniões do 8º andar (28/10) e do 20º andar (29/10) do Edifício-Sede do Banco Central do Brasil – Brasília – DF Horário de início: 16h18 (28/10) e 16h44 (29/10) Horário de término: 19h28 (28/10) e 20h12 (29/10) Presentes: Membros do Copom Alexandre Antonio Tombini – Presidente Aldo Luiz Mendes Altamir Lopes Anthero de Moraes Meirelles Carlos…,38,6,9,15,6,5,4,1,0,0,2014
187,2014-12-03,187ª Reunião,,/publicacoes/atascopom/03122014,3122014,26557,11.25,11.75,0.5,alta,unânime,Implementação da política monetária Data: 2 e 3/12/2014 Local: Sala de reuniões do 8º andar (2/12) e do 20º andar (3/12) do Edifício-Sede do Banco Central do Brasil – Brasília – DF Horário de início: 16h12 (2/12) e 16h50 (3/12) Horário de término: 19h57 (2/12) e 20h14 (3/12) Presentes: Membros do Copom Alexandre Antonio Tombini – Presidente Aldo Luiz Mendes Altamir Lopes Anthero de Moraes Meirelles Carlos Hamilton…,39,6,10,15,6,5,3,1,0,0,2014
188,2015-01-21,188ª Reunião,,/publicacoes/atascopom/21012015,21012015,25285,11.75,12.25,0.5,alta,unânime,Implementação da política monetária Data: 20 e 21/1/2015 Local: Sala de reuniões do 8º andar (20/1) e do 20º andar (21/1) do Edifício-Sede do Banco Central do Brasil – Brasília – DF Horário de início: 16h12 (20/1) e 16h14 (21/1) Horário de término: 19h59 (20/1) e 19h19 (21/1) Presentes: Membros do Copom Alexandre Antonio Tombini – Presidente Aldo Luiz Mendes Altamir Lopes Anthero de Moraes Meirelles Carlos Hamilton…,41,6,10,16,6,5,4,1,0,0,2015
189,2015-03-04,189ª Reunião,,/publicacoes/atascopom/04032015,4032015,25365,12.25,12.75,0.5,alta,unânime,Implementação da política monetária Data: 3 e 4/3/2015 Local: Sala de reuniões do 8º andar (3/3) e do 20º andar (4/3) do Edifício-Sede do Banco Central do Brasil – Brasília – DF Horário de início: 16h10 (3/3) e 16h47 (4/3) Horário de término: 19h44 (3/3) e 19h56 (4/3) Presentes: Membros do Copom Alexandre Antonio Tombini – Presidente Aldo Luiz Mendes Altamir Lopes Anthero de Moraes Meirelles Luiz Awazu Pereira da…,40,6,10,15,6,5,4,1,0,0,2015
190,2015-04-29,190ª Reunião,,/publicacoes/atascopom/29042015,29042015,25560,12.75,13.25,0.5,alta,unânime,"O Copom avalia que os efeitos do comportamento dos preços no atacado sobre a inflação ao consumidor dependerão das condições atuais e prospectivas da demanda e das expectativas dos formadores de preços em relação à trajetória da inflação. 4. O Índice de Atividade Econômica do Banco Central (IBC-Br) incorpora estimativas para a produção mensal dos três setores da economia, bem como para impostos sobre produtos, e…",40,6,10,14,6,5,4,1,0,0,2015
191,2015-06-03,191ª Reunião,,/publicacoes/atascopom/03062015,3062015,26198,13.25,13.75,0.5,alta,unânime,Implementação da política monetária Data: 2 e 3/6/2015 L ocal: Sala de reuniões do 8º andar (2/6) e do 20º andar (3/6) do Edifício-Sede do Banco Central do Brasil – Brasília – DF Horário de início: 16h36 (2/6) e 16h58 (3/6) Horário de término: 20h05 (2/6) e 20h06 (3/6) Presentes: Membros do Copom Alexandre Antonio Tombini – Presidente Aldo Luiz Mendes Altamir Lopes Anthero de Moraes Meirelles Luiz Awazu Pereira da…,40,5,10,15,5,5,4,1,0,0,2015
192,2015-07-29,192ª Reunião,,/publicacoes/atascopom/29072015,29072015,26467,13.75,14.25,0.5,alta,unânime,Implementação da política monetária Data: 28 e 29/7/2015 Local: Sala de reuniões do 8º andar (28/7) e do 20º andar (29/7) do Edifício-Sede do Banco Central do Brasil – Brasília – DF Horário de início: 16h26 (28/7) e 17h15 (29/7) Horário de término: 19h31 (28/7) e 20h50 (29/7) Presentes: Membros do Copom Alexandre Antonio Tombini – Presidente Aldo Luiz Mendes Altamir Lopes Anthero de Moraes Meirelles Luiz Awazu…,43,5,11,16,6,5,5,2,0,0,2015
193,2015-09-02,193ª Reunião,,/publicacoes/atascopom/02092015,2092015,27987,14.25,14.25,0.0,manutenção,unânime,Implementação da política monetária Data: 1º e 2/9/2015 Local: Sala de reuniões do 8º andar (1º/9) e do 20º andar (2/9) do Edifício-Sede do Banco Central do Brasil – Brasília – DF Horário de início: 16h21 (1º/9) e 16h49 (2/9) Horário de término: 19h37 (1º/9) e 20h17 (2/9) Presentes: Membros do Copom Alexandre Antonio Tombini – Presidente Aldo Luiz Mendes Altamir Lopes Anthero de Moraes Meirelles Luiz Awazu Pereira…,43,5,11,16,6,6,5,2,0,0,2015
194,2015-10-21,194ª Reunião,,/publicacoes/atascopom/21102015,21102015,26515,14.25,14.25,0.0,manutenção,unânime,Implementação da política monetária Data: 20 e 21/10/2015 Local: Sala de reuniões do 8º andar (20/10) e do 20º andar (21/10) do Edifício-Sede do Banco Central do Brasil – Brasília – DF Horário de início: 16h12 (20/10) e 16h40 (21/10) Horário de término: 19h23 (20/10) e 20h19 (21/10) Presentes: Membros do Copom Alexandre Antonio Tombini – Presidente Aldo Luiz Mendes Altamir Lopes Anthero de Moraes Meirelles Luiz…,39,5,12,17,6,5,3,1,0,0,2015
195,2015-11-25,195ª Reunião,,/publicacoes/atascopom/25112015,25112015,27280,14.25,14.25,0.0,manutenção,—,Implementação da política monetária Data: 24 e 25/11/2015 Local: Sala de reuniões do 8º andar (24/11) e do 20º andar (25/11) do Edifício-Sede do Banco Central do Brasil – Brasília – DF Horário de início: 16h16 (24/11) e 16h48 (25/11) Horário de término: 20h08 (24/11) e 19h47 (25/11) Presentes: Membros do Copom Alexandre Antonio Tombini – Presidente Aldo Luiz Mendes Altamir Lopes Anthero de Moraes Meirelles Luiz…,41,5,13,17,6,5,4,1,0,0,2015
196,2016-01-20,196ª Reunião,,/publicacoes/atascopom/20012016,20012016,28133,14.25,14.25,0.0,manutenção,—,Implementação da política monetária Data: 19 e 20/1/2016 Local: Sala de reuniões do 8º andar (19/1) e do 20º andar (20/1) do Edifício-Sede do Banco Central do Brasil – Brasília – DF Horário de início: 16h10 (19/1) e 16h50 (20/1) Horário de término: 19h17 (19/1) e 20h16 (20/1) Presentes: Membros do Copom Alexandre Antonio Tombini – Presidente Aldo Luiz Mendes Altamir Lopes Anthero de Moraes Meirelles Luiz Edson…,41,5,11,16,6,7,5,1,0,0,2016
197,2016-03-02,197ª Reunião,,/publicacoes/atascopom/02032016,2032016,27789,14.25,14.25,0.0,manutenção,—,Implementação da política monetária Data: 1º e 2/3/2016 Local: Sala de reuniões do 8º andar (1º/3) e do 20º andar (2/3) do Edifício-Sede do Banco Central do Brasil – Brasília – DF Horário de início: 16h10 (1º/3) e 16h46 (2/3) Horário de término: 19h25 (1º/3) e 19h27 (2/3) Presentes: Membros do Copom Alexandre Antonio Tombini – Presidente Aldo Luiz Mendes Altamir Lopes Anthero de Moraes Meirelles Luiz Edson Feltrim…,42,5,12,17,6,7,6,1,0,0,2016
198,2016-04-27,198ª Reunião,,/publicacoes/atascopom/27042016,27042016,26942,14.25,14.25,0.0,manutenção,unânime,Implementação da política monetária Data: 26 e 27/4/2016 Local: Sala de reuniões do 8º andar (26/4) e do 20º andar (27/4) do Edifício-Sede do Banco Central do Brasil – Brasília – DF Horário de início: 16h15 (26/4) e 16h11 (27/4) Horário de término: 19h21 (26/4) e 19h33 (27/4) Presentes: Membros do Copom Alexandre Antonio Tombini – Presidente Aldo Luiz Mendes Altamir Lopes Anthero de Moraes Meirelles Luiz Edson…,39,5,12,18,6,5,4,1,0,0,2016
199,2016-06-08,199ª Reunião,,/publicacoes/atascopom/08062016,8062016,27580,14.25,14.25,0.0,manutenção,unânime,"O Copom avalia que os efeitos do comportamento dos preços no atacado sobre a inflação ao consumidor dependerão das condições atuais e prospectivas da demanda e das expectativas dos formadores de preços em relação à trajetória da inflação. 4. O Índice de Atividade Econômica do Banco Central (IBC-Br) incorpora estimativas para a produção mensal dos três setores da economia, bem como para impostos sobre produtos, e…",39,5,12,20,7,5,5,1,0,0,2016
200,2016-07-20,200ª Reunião,/content/copom/atascopom/COPOM200-not20160720200.PDF,/publicacoes/atascopom/20072016,20072016,14322,14.25,14.25,0.0,manutenção,unânime,"Decisão de política monetária 19. O Copom concluiu que, tomados em conjunto, o cenário básico e o atual balanço de riscos indicam não haver espaço para flexibilização da política monetária. 20. Diante disso, o Copom decidiu, por unanimidade, manter a taxa Selic em 14,25% a.a., sem viés. Votaram por essa decisão os seguintes membros do Comitê: Ilan Goldfajn (Presidente), Anthero de Moraes Meirelles, Carlos Vi ana de…",44,3,1,7,0,2,10,1,0,0,2016
201,2016-08-31,201ª Reunião,/content/copom/atascopom/COPOM201-not20160831201.pdf,/publicacoes/atascopom/31082016,31082016,15405,14.25,14.25,0.0,manutenção,unânime,"Decisão de política monetária 19. Considerando o cenário básico, o balanço de riscos e o amplo conjunto de informações disponíveis, o Copom decidiu por unanimidade pela manutenção da taxa básica de juros em 14,25% a.a., sem viés. 20. O Comitê avalia que uma flexibilização das condições monetár ias dependerá de fatores que permitam maior confiança no alcance das metas para a inflação nos horizontes relevantes para a…",40,4,2,10,0,2,11,0,0,0,2016
202,2016-10-19,202ª Reunião,/content/copom/atascopom/COPOM202-not20161019202.pdf,/publicacoes/atascopom/19102016,19102016,16318,14.25,14.0,-0.25,corte,unânime,"Decisão de política monetária 24. Considerando o cenário básico, o balanço de riscos e o amplo conjunto de informações disponíveis, o Copom decidiu, por unanimidade, pela redução da taxa básica de juros para 14,00% a.a., sem viés. 25. O Comitê entende que a convergência da inflação para a meta para 2017 e 2018 é compatível com uma flex ibilização moderada e gradual das condições monetárias. O Comitê avaliará o…",41,3,1,10,0,2,8,1,0,0,2016
203,2016-11-30,203ª Reunião,/content/copom/atascopom/COPOM203-not20161130203.pdf,/publicacoes/atascopom/30112016,30112016,15380,14.0,13.75,-0.25,corte,unânime,"Decisão de política monetária 22. Considerando o cenário básico, o balanço de riscos e o amplo conjunto de informações disponíveis, o Copom decidiu, por unanimidade, pela redução da taxa básica de juros para 13,75% a.a., sem viés. 23. O Comitê entende que a convergência da inflação para a meta de 4,5% no horizonte relevante para a condução da política monetária, que inclui os anos-calendário de 2017 e 2018, é…",36,3,0,17,0,7,10,1,0,0,2016
204,2017-01-11,204ª Reunião,/content/copom/atascopom/COPOM204-not20170111204.pdf,/publicacoes/atascopom/11012017,11012017,14670,13.75,13.0,-0.75,corte,unânime,"Decisão de política monetária 21. Considerando o cenário básico, o balanço de riscos e o amplo conjunto de informações disponíveis, o Copom decidiu, por unanimidade, pela redução da taxa básica de juros para 13,00% a.a., sem viés. O Comitê entende que a convergência da inflação para a meta de 4,5% no horizonte relevante para a condução da política monetária, que inclui os anos-calendário de 2017 e, com peso…",41,4,1,16,0,3,9,0,0,0,2017
205,2017-02-21,205ª Reunião,/content/copom/atascopom/COPOM205-not20170222205.pdf,/publicacoes/atascopom/22022017,22022017,14790,13.0,13.0,0.0,manutenção,unânime,"Decisão de política monetária 25. Considerando o cenário básico, o balanço de riscos e o amplo conjunto de informações disponíveis, o Copom decidiu, por unanimidade, pela redução da taxa básica de juros para 12,25% a.a., sem viés. O Comitê entende que a convergência da inflação para a meta de 4,5% no horizonte relevante para a condução da política monetária, que inclui os anos-calendário de 2017 e, com peso…",33,3,3,11,0,4,12,1,0,0,2017
206,2017-04-12,206ª Reunião,/content/copom/atascopom/COPOM206-not20170412206.pdf,/publicacoes/atascopom/12042017,12042017,14819,12.25,11.25,-1.0,corte,unânime,"Decisão de política monetária 26. Considerando o cenário básico, o balanço de riscos e o amplo conjunto de informações disponíveis, o Copom decidiu, por unanimidade, pela redução da taxa básica de juros em um ponto percentual, para 11,25% a.a., sem viés. Essa intensificação moderada em relação ao ritmo das reuniões de janeiro e fevereiro mostra -se, no momento, adequada. O Comitê entende que a convergência da…",36,4,4,11,0,5,12,0,0,0,2017
207,2017-05-31,207ª Reunião,/content/copom/atascopom/COPOM207-not20170531207.pdf,/publicacoes/atascopom/31052017,31052017,16215,11.25,10.25,-1.0,corte,unânime,"Decisão de política monetária 26. Considerando o cenário básico, o balanço de riscos e o amplo conjunto de informações disponíveis, o Copom decidiu, por unanimidade, pela redução da taxa básica de juros em um ponto percentual, para 10,25% a.a., sem viés. O Comitê entende que a convergência da inflação para a meta de 4,5% no horizonte relevante para a condução da política monetária, que inclui os anos -calendário de…",34,3,4,14,0,4,11,2,0,0,2017
208,2017-07-26,208ª Reunião,/content/copom/atascopom/COPOM208-not20170726208.pdf,/publicacoes/atascopom/26072017,26072017,15980,10.25,9.25,-1.0,corte,unânime,"Decisão de política monetária 28. Considerando o cenário básico, o balanço de riscos e o amplo conjunto de informações disponíveis, o Copom decidiu, por unanimidade, pela redução da taxa básica de juros em um ponto percentual, para 9,25% a.a., sem viés. O Comitê entende que a convergência da inflação para a meta de 4,5% no horizonte relevante para a condução da política monetária, que inclui o ano -calendário de…",32,3,3,12,0,3,10,3,0,0,2017
209,2017-09-06,209ª Reunião,/content/copom/atascopom/COPOM209-not20170906209.pdf,/publicacoes/atascopom/06092017,6092017,16865,9.25,9.25,0.0,manutenção,unânime,"Decisão de política monetária 28. Considerando o cenário básico, o balanço de riscos e o amplo conjunto de informações disponíveis, o Copom decidiu, por unanimidade, pela redução da taxa básica de juros em um ponto percentual, para 8,25% a.a. , sem viés. O Comitê entende que a convergência da inflação para a meta de 4,5% no horizonte relevante para a condução da política monetária, que inclui o ano -calendário de…",36,3,1,9,0,3,8,2,0,0,2017
210,2017-10-25,210ª Reunião,/content/copom/atascopom/COPOM210-not20171025210.pdf,/publicacoes/atascopom/25102017,25102017,14675,8.25,7.5,-0.75,corte,unânime,"Decisão de política monetária 28. Considerando o cenário básico, o balanço de riscos e o amplo conjunto de informações disponíveis, o Copom decidiu, por unanimidade, pela redução da taxa básica de juros em 0,75 ponto percentual, para 7,50% a.a., sem viés. O Comitê entende que a convergência da inflação para a me ta no horizonte relevante para a condução da política monetária, que inclui os anos -calendário de 2018…",29,2,1,9,0,3,8,2,0,0,2017
211,2017-12-06,211ª Reunião,/content/copom/atascopom/COPOM211-not20171206211.pdf,/publicacoes/atascopom/06122017,6122017,15889,7.5,7.0,-0.5,corte,unânime,"Decisão de política monetária 29. Considerando o cenário básico, o balanço de riscos e o amplo conjunto de informações disponíveis, o Copom decidiu, por unanimidade, pela redução da taxa básica de juros em 0,5 ponto percentual, para 7,0% a.a., sem viés. O Comitê entende que a convergência da inflação para a meta no horizonte relevante para a condução da política monetária, que inclui os anos-calendário de 2018 e…",34,2,1,8,0,4,10,1,0,0,2017
212,2018-02-07,212ª Reunião,/content/copom/atascopom/COPOM212-not20180207212.pdf,/publicacoes/atascopom/07022018,7022018,16015,7.0,6.75,-0.25,corte,unânime,"Decisão de política monetária 27. Considerando o cenário básico, o balanço de riscos e o amplo conjunto de informações disponíveis, o Copom decidiu, por unanimidade, pela redução da taxa básica de juros em 0,25 ponto percentual, para 6,75% a.a. O Comitê entende que esse movimento é compatível com a convergência da inflação para a meta no horizonte relevante par a a condução da política monetária, que inclui os anos…",38,2,1,9,0,2,10,0,0,0,2018
213,2018-03-21,213ª Reunião,/content/copom/atascopom/COPOM213-not20180321213.pdf,/publicacoes/atascopom/21032018,21032018,17863,6.75,6.5,-0.25,corte,unânime,"Decisão de política monetária 26. Considerando o cenário básico, o balanço de riscos e o amplo conjunto de informações disponíveis, o Copom decidiu, por unanimidade, pela redução da taxa básica de juros em 0,25 ponto percentual, para 6,50% a.a. O Comitê entende que esse movimento é compatível com a convergência da inflação para a meta no horizonte relevante para a condução da política monetária, que inclui os…",40,2,1,9,0,2,12,1,0,0,2018
214,2018-05-16,214ª Reunião,/content/copom/atascopom/COPOM214-not20180516214.pdf,/publicacoes/atascopom/16052018,16052018,18426,6.5,6.5,0.0,manutenção,unânime,"Decisão de política monetária 29. Considerando o cenário básico, o balanço de riscos e o amplo conjunto de informações disponíveis, o Copom decidiu, por unanimidade, pela manutenção da taxa básica de juros em 6,50% a.a. O Comitê entende que essa decisão reflete a mudança recente no balanço de riscos para a inflação prospectiva e é compatível com a convergência da inflação para a meta no horizo nte relevante para a…",53,7,1,10,0,9,16,0,1,0,2018
215,2018-06-20,215ª Reunião,/content/copom/atascopom/COPOM215-not20180620215.pdf,/publicacoes/atascopom/20062018,20062018,17541,6.5,6.5,0.0,manutenção,unânime,"Decisão de política monetária 28. Considerando o cenário básico, o balanço de riscos e o amplo conjunto de informações disponíveis, o Copom decidiu, por unanimidade, pela manutenção da taxa básica de juros em 6,50% a.a. O Comitê entende que essa decisão reflete seu cenário básico e balanço de riscos para a inflação prospectiva e é compatível com a convergência da inflação para a meta no horizonte relevante para a…",43,4,1,12,0,3,20,1,0,0,2018
216,2018-08-01,216ª Reunião,/content/copom/atascopom/COPOM216-not20180801216.pdf,/publicacoes/atascopom/01082018,1082018,17898,6.5,6.5,0.0,manutenção,unânime,"Decisão de política monetária 29. Considerando o cenário básico, o balanço de riscos e o amplo conjunto de informações disponíveis, o Copom decidiu, por unanimidade, pela manutenção da taxa básica de juros em 6,50% a.a. O Comitê entende que essa decisão reflete seu cenário básico e balanço de riscos para a inflação prospectiva e é compatível com a convergência da inflação para a meta no horizonte relevante para a…",48,4,1,8,0,3,22,1,0,0,2018
217,2018-09-19,217ª Reunião,/content/copom/atascopom/COPOM217-not20180919217.pdf,/publicacoes/atascopom/19092018,19092018,17400,6.5,6.5,0.0,manutenção,unânime,"Decisão de política monetária 28. Considerando o cenário básico, o balanço de riscos e o amplo conjunto de informações disponíveis, o Copom decidiu, por unanimidade, pela manutenção da taxa básica de juros em 6,50% a.a. O Comitê entende que essa decisão reflete seu cenário básico e balanço de riscos para a inflação prospectiva e é compatível com a convergência da inflação para a meta no horizonte relevante para a…",47,5,1,8,0,2,24,1,0,0,2018
218,2018-10-31,218ª Reunião,/content/copom/atascopom/COPOM218-not20181031218.pdf,/publicacoes/atascopom/31102018,31102018,17600,6.5,6.5,0.0,manutenção,unânime,"decisão de política monetária adequada, tendo em vista a evolução do cenário básico e do balanço de riscos desde sua reunião em setembro (217ª reunião). Todos concluíram pela manutenção da taxa Selic em 6,50% a.a. 22. O Copom debateu, então, a conveniência de sinalização sobre a evolução futura da política monetária. Não obstante a redução do grau de Banco Central do Brasil 218ª Reunião do Copom 5 assimetria do…",46,5,1,7,0,2,21,2,0,0,2018
219,2018-12-12,219ª Reunião,/content/copom/atascopom/COPOM219-not20181212219.pdf,/publicacoes/atascopom/12122018,12122018,13662,6.5,6.5,0.0,manutenção,unânime,"decisão de política monetária adequada, tendo em vista a evolução do cenário básico e do balanço de riscos desde sua reunião em outubro (218ª reunião). Todos concluíram pela manutenção da taxa Selic em 6,50% a.a. 20. O Copom debateu, então, a conveniência de sinalização sobre a evolução futura da política monetária. Todos concordaram que a atual conjuntura recomenda manutenção de maior flexibilidade para condução…",31,4,1,6,0,2,13,1,0,0,2018
220,2019-02-06,220ª Reunião,/content/copom/atascopom/COPOM220-not20190206220.pdf,/publicacoes/atascopom/06022019,6022019,14791,6.5,6.5,0.0,manutenção,unânime,"decisão de política monetária adequada, tendo em vista a evolução do cenário básico e do balanço de riscos desde sua reunião em dezembro (219ª reunião). Todos concluíram pela manutenção da taxa Selic em 6,50% a.a. 22. O Copom debateu, então, a conveniência de sinalização sobre a evolução futura da política monetária. Todos concordaram que a atual conjuntura recomenda manutenção de maior flexibilidade para condução…",31,4,2,9,0,5,11,1,0,0,2019
221,2019-03-20,221ª Reunião,/content/copom/atascopom/COPOM221-not20190320221.pdf,/publicacoes/atascopom/20032019,20032019,16059,6.5,6.5,0.0,manutenção,unânime,"decisão de política monetária adequada, tendo em vista a evolução do cenário básico e do balanço de riscos desde sua reunião em fevereiro (220ª reunião). Todos concluíram pela manutenção da taxa Selic em 6,50% a.a. 22. Os membros do Comitê reafirmaram sua preferência por explicitar condicionalidades sobre a evolução da política monetária, o que melhor transmite a racionalidade econômica que guia suas decisões. Isso…",33,4,2,11,0,4,12,0,0,0,2019
222,2019-05-08,222ª Reunião,/content/copom/atascopom/COPOM222-not20190508222.pdf,/publicacoes/atascopom/08052019,8052019,17000,6.5,6.5,0.0,manutenção,unânime,"decisão de política monetária adequada, tendo em vista a evolução do cenário básico e do balanço de riscos desde sua reunião em março (221ª reunião). Todos concluíram pela manutenção da taxa Selic em 6,50% a.a. 25. Os membros do Comitê reafirmaram sua preferência por explicitar condicionalidades sobre a evolução da política monetária, o que melhor transmite a racionalidade econômica que guia suas decisões. Isso…",33,4,5,14,0,3,12,0,0,0,2019
223,2019-06-19,223ª Reunião,/content/copom/atascopom/Copom223-not20190619223.pdf,/publicacoes/atascopom/19062019,19062019,16577,6.5,6.5,0.0,manutenção,unânime,"decisão de política monetária adequada, tendo em vista a evolução do cenário básico e do balanço de riscos desde sua reunião em maio (222ª reunião). Todos concluíram pela manutenção da taxa Selic em 6,50% a.a. 22. O Comitê julga importante observar o comportamento da economia brasileira ao longo do tempo, com redução do grau de incerteza a que continua exposta. 23. Os membros do Co pom reafirmaram sua preferência…",36,5,4,14,0,3,14,0,0,0,2019
224,2019-07-31,224ª Reunião,/content/copom/atascopom/Copom224-not20190731224.pdf,/publicacoes/atascopom/31072019,31072019,18256,6.5,6.0,-0.5,corte,unânime,"decisão de política monetária adequada, tendo em vista a evolução do cenário básico e do balanço de riscos desde sua reunião em junho (223ª reunião). Todos concluíram pela redução da taxa Selic para 6,00% a.a. 25. O Copom debateu, então, a conveniência de oferecer alguma perspectiva sobre possíveis cenários para a política monetária. Decidiu comunicar sua avaliação de que a consolidação do cenário benigno para a…",32,5,6,12,1,5,14,0,0,0,2019
225,2019-09-18,225ª Reunião,/content/copom/atascopom/Copom225-not20190918225.pdf,/publicacoes/atascopom/18092019,18092019,17786,6.0,5.5,-0.5,corte,unânime,"decisão de política monetária adequada, tendo em vista a evolução do cenário básico e do balanço de riscos desde sua reunião em julho (224ª reunião). Todos concluíram pela redução da taxa Selic para 5,50% a.a. 23. O Copom debateu, então, a conveniência de oferecer alguma perspectiva sobre possíveis cenários para a política monetária. Decidiu comunicar sua avaliação de que a consolidação do cenário benigno para a…",39,8,3,12,1,8,10,0,0,0,2019
226,2019-10-30,226ª Reunião,/content/copom/atascopom/Copom226-not20191030226.pdf,/publicacoes/atascopom/30102019,30102019,17566,5.5,5.0,-0.5,corte,unânime,"decisão de política monetária adequada, tendo em vista a evolução do cenário básico e do balanço de riscos desde sua reunião em setembro (225ª reunião). Todos concluíram pela redução da taxa Selic para 5,00% a.a. 22. O Copom debateu, então, a conveniência de oferecer alguma perspectiva sobre possíveis cenários para a política monetária. Decidiu comunicar sua avaliação de que a consolidação do cenário benigno para a…",32,6,3,9,3,5,9,1,0,0,2019
227,2019-12-11,227ª Reunião,/content/copom/atascopom/Copom227-not20191211227.pdf,/publicacoes/atascopom/11122019,11122019,12351,5.0,4.5,-0.5,corte,unânime,"Decisão de política monetária 18. Considerando o cenário básico, o balanço de riscos e o amplo conjunto de informações disponíveis, o Copom decidiu, por unanimidade, pela redução da taxa básica de juros em 0,5 ponto percentual, para 4,50% a.a. O Comitê entende que essa decisão reflete seu cenário básico e balanço de riscos para a inflação prospectiva e é compatível com a convergência da inflação para a meta no…",19,5,0,5,5,3,4,0,0,0,2019
228,2020-02-05,228ª Reunião,/content/copom/atascopom/Copom228-not20200205228.pdf,/publicacoes/atascopom/05022020,5022020,12781,4.5,4.25,-0.25,corte,unânime,"Decisão de política monetária 20. Considerando o cenário básico, o balanço de riscos e o amplo conjunto de informações disponíveis, o Copom decidiu, por unanimidade, pela redução da taxa básica de juros em 0,25 ponto percentual, para 4,25% a.a. O Comitê entende que essa decisão reflete seu cenário básico e balanço de riscos para a inflação prospectiva e é compatível com a convergência da inflação para a meta no…",21,4,0,4,4,4,6,0,0,1,2020
229,2020-03-18,229ª Reunião,/content/copom/atascopom/Copom229-not20200318229.pdf,/publicacoes/atascopom/18032020,18032020,11657,4.25,3.75,-0.5,corte,unânime,"Decisão de política monetária 20. Considerando o cenário básico, o balanço de riscos e o amplo conjunto de informações disponíveis, o Copom decidiu, por unanimidade, reduzir a taxa básica de juros em 0,5 ponto percentual, para 3,75% a.a. O Comitê entende que essa decisão reflete seu cenário básico e um balanço de riscos de variância maior do que a usual para a inflação prospectiva e é compatív el com a convergência…",14,3,0,5,0,7,1,0,0,13,2020
230,2020-05-06,230ª Reunião,/content/copom/atascopom/Copom230-not20200506230.pdf,/publicacoes/atascopom/06052020,6052020,12953,3.75,3.0,-0.75,corte,unânime,"Decisão de política monetária 20. Considerando o cenário básico, o balanço de riscos e o amplo conjunto de informações disponíveis, o Copom decidiu, por unanimidade, reduzir a taxa básica de juros em 0, 75 ponto percentual, para 3, 00% a.a. O Comitê entende que essa decisão reflete seu cenár io básico e um balanço de riscos de variância maior do que a usual para a inflação prospectiva e é compatível com a…",15,3,10,4,0,3,5,1,0,12,2020
231,2020-06-17,231ª Reunião,/content/copom/atascopom/Copom231-not20200617231.pdf,/publicacoes/atascopom/17062020,17062020,12043,3.0,2.25,-0.75,corte,unânime,"Decisão de política monetária 17. Considerando o cenário básico, o balanço de riscos e o amplo conjunto de informações disponíveis, o Copom decidiu, por unanimidade, reduzir a taxa básica de juros em 0, 75 ponto percentual, para 2,25% a.a. O Comitê entende que essa decisão reflete seu cenár io básico e um balanço de riscos de variância maior do que a usual para a inflação prospectiva e é compatível com a…",17,3,8,7,2,1,6,0,0,15,2020
232,2020-08-05,"232ª Reunião - 4-5 agosto, 2020",/content/copom/atascopom/Copom232-not20200805232.pdf,/publicacoes/atascopom/05082020,5082020,14751,2.25,2.0,-0.25,corte,unânime,"Decisão de política monetária 20. Considerando o cenário básico, o balanço de riscos e o amplo conjunto de informações disponíveis, o Copom decidiu, por unanimidade, reduzir a taxa básica de juros em 0,25 ponto percentual, para 2,00% a.a. O Comitê entende que essa decisão reflete seu cenário básico e um balanço de riscos de variância maior do que a usual para a inflação prospectiva e é compatível com a convergência…",30,4,7,9,2,2,10,1,0,10,2020
233,2020-09-16,"233ª Reunião - 15-16 setembro, 2020",/content/copom/atascopom/Copom233-not20200916233.pdf,/publicacoes/atascopom/16092020,16092020,14559,2.0,2.0,0.0,manutenção,unânime,"Decisão de política monetária 20. Considerando o cenário básico, o balanço de riscos e o amplo conjunto de informações disponíveis, o Copom decidiu, por unanimidade, manter a taxa básica de juros em 2,00% a.a. O Comitê entende que essa decisão reflete seu cenário básico e um balanço de riscos de variância maior do que a usual para a inflação prospectiva e é compatível com a convergência da inflação para a meta no…",31,3,7,10,2,1,11,3,0,11,2020
234,2020-10-28,"234ª Reunião - 27-28 outubro, 2020",/content/copom/atascopom/Copom234-not20201028234.pdf,/publicacoes/atascopom/28102020,28102020,13118,2.0,2.0,0.0,manutenção,unânime,"Decisão de política monetária 19. Considerando o cenário básico, o balanço de riscos e o amplo conjunto de informações disponíveis, o Copom decidiu, por unanimidade, manter a taxa básica de juros em 2,00% a.a. O Comitê entende que essa decisão reflete seu cenário básico e um balanço de riscos de variância maior do que a usual para a inflação prospectiva e é compatível com a convergência da inflação para a meta no…",25,4,8,7,0,2,5,6,0,8,2020
235,2020-12-09,"235ª Reunião - 8-9 dezembro, 2020",/content/copom/atascopom/Copom235-not20201209235.pdf,/publicacoes/atascopom/09122020,9122020,13034,2.0,2.0,0.0,manutenção,unânime,"Decisão de política monetária 18. Considerando o cenário básico, o balanço de riscos e o amplo conjunto de informações disponíveis, o Copom decidiu, por unanimidade, manter a taxa básica de juros em 2,00% a.a. O Comitê entende que essa decisão reflete seu cenário básico e um balanço de riscos de variância maior do que a usual para a inflação prospectiva e é compatível com a convergência da inflação para a meta no…",33,3,8,10,0,1,10,9,0,9,2020
236,2021-01-20,"236ª Reunião - 19-20 janeiro, 2021",/content/copom/atascopom/Copom236-not20210120236.pdf,/publicacoes/atascopom/20012021,20012021,12729,2.0,2.0,0.0,manutenção,unânime,"Decisão de política monetária 17. Considerando o cenário básico, o balanço de riscos e o amplo conjunto de informações disponíveis, o Copom decidiu, por unanimidade, manter a taxa básica de juros em 2,00% a.a. O Comitê entende que essa decisão reflete seu cenário básico e um balanço de riscos de variância maior do que a usual para a inflação prospectiva e é compatível com a convergência da inflação para a meta no…",27,2,4,10,0,2,5,5,0,11,2021
237,2021-03-17,"237ª Reunião - 16-17 março, 2021",/content/copom/atascopom/Copom237-not20210317237.pdf,/publicacoes/atascopom/17032021,17032021,13605,2.0,2.75,0.75,alta,unânime,"Decisão de política monetária 18. Considerando o cenário básico, o balanço de riscos e o amplo conjunto de informações disponíveis, o Copom decidiu, por unanimidade, elevar a taxa básica de juros em 0,75 ponto percentual, para 2,75% a.a. O Comitê entende que essa decisão reflete seu cenário básico e um balanço de riscos de variância maior do que a usual para a inflação prospectiva e é compatível com a convergência…",27,2,2,10,0,2,10,0,0,9,2021
238,2021-05-05,"238ª Reunião - 4-5 maio, 2021",/content/copom/atascopom/Copom238-not20210505238.pdf,/publicacoes/atascopom/05052021,5052021,10507,2.75,3.5,0.75,alta,unânime,"Decisão de política monetária 16. Considerando o cenário básico, o balanço de riscos e o amplo conjunto de informações disponíveis, o Copom decidiu, por unanimidade, elevar a taxa básica de juros em 0,75 ponto percentual, para 3,50% a.a. O Comitê entende que essa decisão reflete seu cenário básico e um balanço de riscos de variância maior do que a usual para a inflação prospectiva e é compatível com a convergência…",24,2,2,11,0,2,3,0,0,7,2021
239,2021-06-16,"239ª Reunião - 15-16 junho, 2021",/content/copom/atascopom/Copom239-not20210616239.pdf,/publicacoes/atascopom/16062021,16062021,12450,3.5,4.25,0.75,alta,unânime,"Decisão de política monetária 18. Considerando o cenário básico, o balanço de riscos e o amplo conjunto de informações disponíveis, o Copom decidiu, por unanimidade, elevar a taxa básica de juros em 0,75 ponto percentual, para 4,25% a.a. O Comitê entende que essa decisão reflete seu cenário básico e um balanço de riscos de variância maior do que a usual para a inflação prospectiva e é compatível com a convergência…",32,3,2,8,0,2,3,0,0,4,2021
240,2021-08-04,"240ª Reunião - 3-4 agosto, 2021",/content/copom/atascopom/Copom240-not20210804240.pdf,/publicacoes/atascopom/04082021,4082021,11957,4.25,5.25,1.0,alta,unânime,"Decisão de política monetária 18. Considerando o cenário básico, o balanço de riscos e o amplo conjunto de informações disponíveis, o Copom decidiu, por unanimidade, elevar a taxa básica de juros em 1,00 ponto percentual, para 5,25% a.a. O Comitê entende que essa decisão reflete seu cenário básico e um balanço de riscos de variância maior do que a usual para a inflação prospectiva e é compatível com a convergência…",32,4,2,5,0,3,9,0,0,4,2021
241,2021-09-22,"241ª Reunião - 21-22 setembro, 2021",/content/copom/atascopom/Copom241-not20210922241.pdf,/publicacoes/atascopom/22092021,22092021,11904,5.25,6.25,1.0,alta,unânime,"Decisão de política monetária 16. Considerando o cenário básico, o balanço de riscos e o amplo conjunto de informações disponíveis, o Copom decidiu, por unanimidade, elevar a taxa básica de juros em 1,00 ponto percentual, para 6,25% a.a. O Comitê entende que essa decisão reflete seu cenário básico e um balanço de riscos de variância maior do que a usual para a inflação prospectiva e é compatível com a convergência…",22,5,2,9,0,4,3,0,0,5,2021
242,2021-10-27,"242ª Reunião - 26-27 outubro, 2021",/content/copom/atascopom/Copom242-not20211027242.pdf,/publicacoes/atascopom/27102021,27102021,11304,6.25,7.75,1.5,alta,unânime,"Decisão de política monetária 16. Considerando o cenário básico, o balanço de riscos e o amplo conjunto de informações disponíveis, o Copom decidiu, por unanimidade, elevar a taxa básica de juros em 1,50 ponto percentual, para 7,75% a.a. O Comitê entende que essa decisão reflete seu cenário básico e um balanço de riscos de variância maior do que a usual para a inflação prospectiva e é compatível com a convergência…",27,4,6,6,0,4,9,0,0,2,2021
243,2021-12-08,"243ª Reunião - 7-8 dezembro, 2021",/content/copom/atascopom/Copom243-not20211208243.pdf,/publicacoes/atascopom/08122021,8122021,10963,7.75,9.25,1.5,alta,unânime,"Decisão de política monetária 16. Considerando o cenário básico, o balanço de riscos e o amplo conjunto de informações disponíveis, o Copom decidiu, por unanimidade, elevar a taxa básica de juros em 1,50 ponto percentual, para 9,25% a.a. O Comitê entende que essa decisão reflete seu cenário básico e um balanço de riscos de variância maior do que a usual para a inflação prospectiva e é compatível com a convergência…",25,3,6,9,0,4,15,0,0,3,2021
244,2022-02-02,"244ª Reunião - 1-2 fevereiro, 2022",/content/copom/atascopom/Copom244-not20220202244.pdf,/publicacoes/atascopom/02022022,2022022,11885,9.25,10.75,1.5,alta,unânime,"Decisão de política monetária 18. Considerando o cenário de referência, o balanço de riscos e o amplo conjunto de informações disponíveis, o Copom decidiu, por unanimidade, elevar a taxa básica de juros em 1,50 ponto percentual, para 10,75% a.a. O Comitê entende que essa decisão reflete seu cenário de referência e um balanço de riscos de variância maior do que a usual para a inflação prospectiva e é compatível com…",28,3,6,6,0,4,15,1,0,1,2022
245,2022-03-16,"245ª Reunião - 15-16 março, 2022",/content/copom/atascopom/Copom245-not20220316245.pdf,/publicacoes/atascopom/16032022,16032022,15103,10.75,11.75,1.0,alta,unânime,"Decisão de política monetária 21. Considerando os cenários avaliados, o balanço de riscos e o amplo conjunto de informações disponíveis, o Copom decidiu, por unanimidade, elevar a taxa básica de juros em 1,00 ponto percentual, para 11,75% a.a. O Comitê entende que essa decisão reflete a incerteza ao redor de seus cenários e um balanço de riscos com variância ainda maior do que a usual para a inflação prospectiva, e…",32,2,5,6,0,5,15,0,0,0,2022
246,2022-05-04,"246ª Reunião - 3-4 maio, 2022",/content/copom/atascopom/Copom246-not20220504246.pdf,/publicacoes/atascopom/04052022,4052022,13348,11.75,12.75,1.0,alta,unânime,"Decisão de política monetária 17. Considerando os cenários avaliados, o balanço de riscos e o amplo conjunto de informações disponíveis, o Copom decidiu, por unanimidade, elevar a taxa básica de juros em 1,00 ponto percentual, para 12,75% a.a. O Comitê entende que essa decisão reflete a incerteza ao redor de seus cenários e um balanço de riscos com variância ainda maior do que a usual para a inflação prospectiva, e…",27,2,7,4,0,8,14,1,0,4,2022
247,2022-06-15,"247ª Reunião - 14-15 junho, 2022",/content/copom/atascopom/Copom247-not20220615247.pdf,/publicacoes/atascopom/15062022,15062022,14654,12.75,13.25,0.5,alta,unânime,"Decisão de política monetária 19. Considerando os cenários avaliados, o balanço de riscos e o amplo conjunto de informações disponíveis, o Copom decidiu, por unanimidade, elevar a taxa básica de juros em 0,50 ponto percentual, para 13,25% a.a. O Comitê entende que essa decisão reflete a incerteza ao redor de seus cenários e um balanço de riscos com variância ainda maior do que a usual para a inflação prospectiva, e…",29,2,6,9,0,9,12,1,0,6,2022
248,2022-08-03,"248ª Reunião - 2-3 agosto, 2022",/content/copom/atascopom/Copom248-not20220803248.pdf,/publicacoes/atascopom/03082022,3082022,17269,13.25,13.75,0.5,alta,unânime,"decisão de política monetária. 15. A projeção da inflação de doze meses no primeiro trimestre de 2024, que incorpora os efeitos secundários das alterações tributárias, assim como efeitos acumulados da manutenção da taxa de juros em patamar significativamente contracionista, é compatível com a estratégia de convergência da inflação para o redor da meta ao longo do horizonte relevante. O Comitê notou que a projeção…",33,2,5,11,0,8,14,0,0,5,2022
249,2022-09-21,"249ª Reunião - 20-21 setembro, 2022",/content/copom/atascopom/Copom249-not20220921249.pdf,/publicacoes/atascopom/21092022,21092022,17737,13.75,13.75,0.0,manutenção,7 a 2,"Decisão de política monetária 22. Considerando os cenários avaliados, o balanço de riscos e o amplo conjunto de informações disponíveis, o Copom decidiu manter a taxa básica de juros em 13,75% a.a. O Comitê entende que essa decisão reflete a incerteza ao redor de seus cenários e um balanço de riscos com variância ainda maior do que a usual para a inflação prospectiva, e é compatível com a estratégia de convergência…",41,3,6,17,2,5,19,0,1,1,2022
250,2022-10-26,"250ª Reunião - 25-26 outubro, 2022",/content/copom/atascopom/Copom250-not20221026250.pdf,/publicacoes/atascopom/26102022,26102022,15800,13.75,13.75,0.0,manutenção,unânime,"Decisão de política monetária 19. Considerando os cenários avaliados, o balanço de riscos e o amplo conjunto de informações disponíveis, o Copom decidiu manter a taxa básica de juros em 13,75% a.a. O Comitê entende que essa decisão reflete a incerteza ao redor de seus cenários e um balanço de riscos com variância ainda maior do que a usual para a inflação prospectiva, e é compatível com a estratégia de convergência…",33,3,6,11,5,4,15,0,0,2,2022
251,2022-12-07,"251ª Reunião - 6-7 dezembro, 2022",/content/copom/atascopom/Copom251-not20221207251.pdf,/publicacoes/atascopom/07122022,7122022,18092,13.75,13.75,0.0,manutenção,unânime,"Decisão de política monetária 21. Considerando os cenários avaliados, o balanço de riscos e o amplo conjunto de informações disponíveis, o Copom decidiu manter a taxa básica de juros em 13,75% a.a. O Comitê entende que essa decisão reflete a incerteza ao redor de seus cenários e um balanço de riscos com variância ainda maior do que a usual para a inflação prospectiva, e é compatível com a estratégia de convergência…",46,2,13,14,2,5,17,0,0,1,2022
252,2023-02-01,"252ª Reunião - 31 janeiro - 1 fevereiro, 2023",/content/copom/atascopom/Copom252-not20230201252.pdf,/publicacoes/atascopom/01022023,1022023,21299,13.75,13.75,0.0,manutenção,unânime,"Decisão de política monetária 30. Considerando os cenários avaliados, o balanço de riscos e o amplo conjunto de informações disponíveis, o Copom decidiu manter a taxa básica de juros em 13,75% a.a. O Comitê entende que essa decisão reflete a incerteza ao redor de seus cenários e um balanço de riscos com variância ainda maior do que a usual para a inflação prospectiva, e é compatível com a estratégia de convergência…",51,2,15,18,2,4,24,0,0,3,2023
253,2023-03-22,"253ª Reunião - 21-22 março, 2023",/content/copom/atascopom/Copom253-not20230322253.pdf,/publicacoes/atascopom/22032023,22032023,22243,13.75,13.75,0.0,manutenção,unânime,"Decisão de política monetária 26. Considerando os cenários avaliados, o balanço de riscos e o amplo conjunto de informações disponíveis, o Copom decidiu manter a taxa básica de juros em 13,75% a.a. O Comitê entende que essa decisão é compatível com a estratégia de convergência da inflação para o redor da meta ao longo do horizonte relevante, que inclui os anos de 2023 e, em grau maior, de 2024. Sem prejuízo de seu…",60,3,13,12,9,3,31,1,1,2,2023
254,2023-05-03,"254ª Reunião - 2-3 maio, 2023",/content/copom/atascopom/Copom254-not20230503254.pdf,/publicacoes/atascopom/03052023,3052023,20460,13.75,13.75,0.0,manutenção,unânime,"Decisão de política monetária 21. Considerando os cenários avaliados, o balanço de riscos e o amplo conjunto de informações disponíveis, o Copom decidiu manter a taxa básica de juros em 13,75% a.a. O Comitê entende que essa decisão é compatível com a estratégia de convergência da inflação para o redor da meta ao longo do horizonte relevante, que inclui o ano de 2024. Sem prejuízo de seu objetivo fundamental de…",56,3,19,14,9,3,29,1,0,0,2023
255,2023-06-21,"255ª Reunião - 20-21 junho, 2023",/content/copom/atascopom/Copom255-not20230621255.pdf,/publicacoes/atascopom/21062023,21062023,19767,13.75,13.75,0.0,manutenção,unânime,"Decisão de política monetária 21. Considerando os cenários avaliados, o balanço de riscos e o amplo conjunto de informações disponíveis, o Copom decidiu manter a taxa básica de juros em 13,75% a.a. e entende que essa decisão é compatível com a estratégia de convergência da inflação para o redor da meta ao longo do horizonte relevante, que inclui o ano de 2024. Sem prejuízo de seu objetivo fundamental de assegurar a…",52,4,11,17,5,4,34,2,1,1,2023
256,2023-08-02,"256ª Reunião - 1-2 agosto, 2023",/content/copom/atascopom/Copom256-not20230802256.pdf,/publicacoes/atascopom/02082023,2082023,23580,13.75,13.25,-0.5,corte,5 a 4,"Decisão de política monetária 20. Considerando os cenários avaliados, o balanço de riscos e o amplo conjunto de informações disponíveis, o Copom decidiu reduzir a taxa básica de juros em 0,50 ponto percentual, para 13,25% a.a., e entende que essa decisão é compatível com a estratégia de convergência da inflação para o redor da meta ao longo do horizonte relevante, que inclui o ano de 2024 e, em grau menor, o de…",68,5,9,28,2,6,38,2,5,2,2023
257,2023-09-20,"257ª Reunião - 19-20 setembro, 2023",/content/copom/atascopom/Copom257-not20230920257.pdf,/publicacoes/atascopom/20092023,20092023,22910,13.25,12.75,-0.5,corte,unânime,"Decisão de política monetária 24. Considerando a evolução do processo de desinflação, os cenários avaliados, o balanço de riscos e o amplo conjunto de informações disponíveis, o Copom decidiu reduzir a taxa básica de juros em 0,50 ponto percentual, para 12,75% a.a., e entende que essa decisão é compatível com a estratégia de convergência da inflação para o redor da meta ao longo do horizonte relevante, que inclui o…",59,3,7,30,3,7,25,0,3,1,2023
258,2023-11-01,"258ª Reunião - 31 outubro - 1 novembro, 2023",/content/copom/atascopom/Copom258-not20231101258.pdf,/publicacoes/atascopom/01112023,1112023,21468,12.75,12.25,-0.5,corte,unânime,"Decisão de política monetária 25. Considerando a evolução do processo de desinflação, os cenários avaliados, o balanço de riscos e o amplo conjunto de informações disponíveis, o Copom decidiu reduzir a taxa básica de juros em 0,50 ponto percentual, para 12,25% a.a., e entende que essa decisão é compatível com a estratégia de convergência da inflação para o redor da meta ao longo do horizonte relevante, que inclui o…",51,8,6,19,6,8,22,0,2,0,2023
259,2023-12-13,"259ª Reunião - 12-13 dezembro, 2023",/content/copom/atascopom/Copom259-not20231213259.pdf,/publicacoes/atascopom/13122023,13122023,17787,12.25,11.75,-0.5,corte,unânime,"Decisão de política monetária 21. Considerando a evolução do processo de desinflação, os cenários avaliados, o balanço de riscos e o amplo conjunto de informações disponíveis, o Copom decidiu reduzir a taxa básica de juros em 0,50 ponto percentual, para 11,75% a.a., e entende que essa decisão é compatível com a estratégia de convergência da inflação para o redor da meta ao longo do horizonte relevante, que inclui o…",42,2,7,17,3,5,22,1,2,1,2023
260,2024-01-31,"260ª Reunião - 30-31 janeiro, 2024",/content/copom/atascopom/Copom260-not20240131260.pdf,/publicacoes/atascopom/31012024,31012024,18777,11.75,11.25,-0.5,corte,unânime,"Decisão de política monetária 21. Considerando a evolução do processo de desinflação, os cenários avaliados, o balanço de riscos e o amplo conjunto de informações disponíveis, o Copom decidiu reduzir a taxa básica de juros em 0,50 ponto percentual, para 11,25% a.a., e entende que essa decisão é compatível com a estratégia de convergência da inflação para o redor da meta ao longo do horizonte relevante, que inclui o…",47,2,6,15,4,6,22,0,2,0,2024
261,2024-03-20,"261ª Reunião - 19-20 março, 2024",/content/copom/atascopom/Copom261-not20240320261.pdf,/publicacoes/atascopom/20032024,20032024,23744,11.25,10.75,-0.5,corte,unânime,"Decisão de política monetária 25. Considerando a evolução do processo de desinflação, os cenários avaliados, o balanço de riscos e o amplo conjunto de informações disponíveis, o Copom decidiu reduzir a taxa básica de juros em 0,50 ponto percentual, para 10,75% a.a., e entende que essa decisão é compatível com a estratégia de convergência da inflação para o redor da meta ao longo do horizonte relevante, que inclui o…",56,3,7,23,8,6,17,4,3,1,2024
262,2024-05-08,"262ª Reunião - 7-8 maio, 2024",/content/copom/atascopom/Copom262-not20240508262.pdf,/publicacoes/atascopom/08052024,8052024,19965,10.75,10.5,-0.25,corte,5 a 4,"Decisão de política monetária 20. Considerando a evolução do processo de desinflação, os cenários avaliados, o balanço de riscos e o amplo conjunto de informações disponíveis, o Copom decidiu reduzir a taxa básica de juros em 0,25 ponto percentual, para 10,50% a.a., e entende que essa decisão é compatível com a estratégia de convergência da inflação para o redor da meta ao longo do horizonte relevante, que inclui o…",55,2,10,19,4,4,34,5,3,0,2024
263,2024-06-19,"263ª Reunião - 18-19 junho, 2024",/content/copom/atascopom/Copom263-not20240619263.pdf,/publicacoes/atascopom/19062024,19062024,17729,10.5,10.5,0.0,manutenção,unânime,"Decisão de política monetária 19. Considerando a evolução do processo de desinflação, os cenários avaliados, o balanço de riscos e o amplo conjunto de informações disponíveis, o Copom decidiu manter a taxa básica de juros em 10,50% a.a. e entende que essa decisão é compatível com a estratégia de convergência da inflação para o redor da meta ao longo do horizonte relevante, que inclui o ano de 2025. Sem prejuízo de…",43,3,7,17,6,3,21,0,2,0,2024
264,2024-07-31,"264ª Reunião - 30-31 julho, 2024",/content/copom/atascopom/Copom264-not20240731264.pdf,/publicacoes/atascopom/31072024,31072024,18558,10.5,10.5,0.0,manutenção,unânime,"Decisão de política monetária 26. Considerando a evolução do processo de desinflação, os cenários avaliados, o balanço de riscos e o amplo conjunto de informações disponíveis, o Copom decidiu manter a taxa básica de juros em 10,50% a.a. e entende que essa decisão é compatível com a estratégia de convergência da inflação para o redor da meta ao longo do horizonte relevante. Sem prejuízo de seu objetivo fundamental…",61,7,7,15,4,4,27,0,1,0,2024
265,2024-09-18,"265ª Reunião - 17-18 setembro, 2024",/content/copom/atascopom/Copom265-not20240918265.pdf,/publicacoes/atascopom/18092024,18092024,17654,10.5,10.75,0.25,alta,unânime,"Decisão de política monetária 23. O cenário, marcado por resiliência na atividade, pressões no mercado de trabalho, hiato do produto positivo, elevação das projeções de inflação e expectativas desancoradas, demanda uma política monetária mais contracionista. Considerando a evolução do processo de desinflação, os cenários avaliados, o balanço de riscos e o amplo conjunto de informações disponíveis, o Copom decidiu,…",50,7,12,24,5,6,20,0,1,1,2024
266,2024-11-06,"266ª Reunião - 5-6 novembro, 2024",/content/copom/atascopom/Copom266-not20241106266.pdf,/publicacoes/atascopom/06112024,6112024,16772,10.75,11.25,0.5,alta,unânime,"Decisão de política monetária 21. O cenário segue marcado por resiliência na atividade, pressões no mercado de trabalho, hiato do produto positivo, elevação das projeções de inflação e expectativas desancoradas, o que demanda uma política monetária mais contracionista. Considerando a evolução do processo de desinflação, os cenários avaliados, o balanço de riscos e o amplo conjunto de informações disponíveis, o…",46,5,11,23,2,5,23,0,2,2,2024
267,2024-12-11,"267ª Reunião - 10-11 dezembro, 2024",/content/copom/atascopom/Copom267-not20241211267.pdf,/publicacoes/atascopom/11122024,11122024,18031,11.25,12.25,1.0,alta,unânime,"Decisão de política monetária 24. O cenário mais recente é marcado por desancoragem adicional das expectativas de inflação, elevação das projeções de inflação, dinamismo acima do esperado na atividade e maior abertura do hiato do produto, o que exige uma política monetária ainda mais contracionista. 25. O Copom então decidiu realizar um ajuste de maior magnitude, elevando a taxa básica de juros em 1,00 ponto…",59,13,4,30,6,5,26,0,0,0,2024
268,2025-01-29,"268ª Reunião - 28-29 janeiro, 2025",/content/copom/atascopom/Copom268-not20250129268.pdf,/publicacoes/atascopom/29012025,29012025,19351,12.25,13.25,1.0,alta,unânime,"Decisão de política monetária 23. O cenário mais recente é marcado por desancoragem adicional das expectativas de inflação, elevação das projeções de inflação, resiliência na atividade econômica e pressões no mercado de trabalho, o que exige uma política monetária mais contracionista. 24. O Copom então decidiu elevar a taxa básica de juros em 1,00 ponto percentual, para 13,25% a.a., e entende que essa decisão é…",60,10,5,22,5,6,24,0,0,0,2025
269,2025-03-19,"269ª Reunião - 18-19 março, 2025",/content/copom/atascopom/Copom269-not20250319269.pdf,/publicacoes/atascopom/19032025,19032025,18758,13.25,14.25,1.0,alta,unânime,"Decisão de política monetária 21. O cenário mais recente é marcado por desancoragem adicional das expectativas de inflação, projeções de inflação elevadas, resiliência na atividade econômica e pressões no mercado de trabalho, o que exige uma política monetária mais contracionista. 22. O Copom então decidiu elevar a taxa básica de juros em 1,00 ponto percentual, para 14,25% a.a., e entende que essa decisão é…",58,7,4,23,7,5,27,1,0,0,2025
270,2025-05-07,"270ª Reunião - 6-7 maio, 2025",/content/copom/atascopom/Copom270-not20250507270.pdf,/publicacoes/atascopom/07052025,7052025,21022,14.25,14.75,0.5,alta,unânime,"Decisão de política monetária 23. A conjuntura externa, em particular os desenvolvimentos da política comercial norte-americana, e a conjuntura doméstica, em particular a política fiscal, têm impactado os preços de ativos e as expectativas dos agentes. O Comitê segue acompanhando com atenção como os desenvolvimentos da política fiscal impactam a política monetária e os ativos financeiros. O cenário segue sendo…",62,7,10,27,9,5,30,0,0,0,2025
271,2025-06-18,"271ª Reunião - 17-18 junho, 2025",/content/copom/atascopom/Copom271-not20250618271.pdf,/publicacoes/atascopom/18062025,18062025,19575,14.75,15.0,0.25,alta,unânime,"Decisão de política monetária 21. O Comitê segue acompanhando com atenção como os desenvolvimentos da política fiscal impactam a política monetária e os ativos financeiros. O cenário segue sendo marcado por expectativas desancoradas, projeções de inflação elevadas, resiliência na atividade econômica e pressões no mercado de trabalho. Para assegurar a convergência da inflação à meta em ambiente de expectativas…",50,5,10,20,10,7,28,0,0,0,2025
272,2025-07-30,"272ª Reunião - 29-30 julho, 2025",/content/copom/atascopom/Copom272-not20250730272.pdf,/publicacoes/atascopom/30072025,30072025,17512,15.0,15.0,0.0,manutenção,unânime,"Decisão de política monetária 23. O Comitê tem acompanhado, com particular atenção, os anúncios referentes à imposição pelos EUA de tarifas comerciais ao Brasil, reforçando a postura de cautela em cenário de maior incerteza. Além disso, segue acompanhando como os desenvolvimentos da política fiscal impactam a política monetária e os ativos financeiros. O cenário segue sendo marcado por expectativas desancoradas,…",55,6,8,16,10,5,29,0,0,0,2025
273,2025-09-17,"273ª Reunião - 16-17 setembro, 2025",/content/copom/atascopom/Copom273-not20250917273.pdf,/publicacoes/atascopom/17092025,17092025,17083,15.0,15.0,0.0,manutenção,unânime,"Decisão de política monetária 19. O Comitê segue acompanhando os anúncios referentes à imposição de tarifas comerciais pelos EUA ao Brasil, e como os desenvolvimentos da política fiscal doméstica impactam a política monetária e os ativos financeiros, reforçando a postura de cautela em cenário de maior incerteza. O cenário segue sendo marcado por expectativas desancoradas, projeções de inflação elevadas, resiliência…",59,7,7,14,6,6,30,0,0,0,2025
274,2025-11-05,"274ª Reunião - 4-5 novembro, 2025",/content/copom/atascopom/Copom274-not20251105274.pdf,/publicacoes/atascopom/05112025,5112025,15227,15.0,15.0,0.0,manutenção,unânime,"Decisão de política monetária 19. O Copom decidiu manter a taxa básica de juros em 15,00% a.a., e entende que essa decisão é compatível com a estratégia de convergência da inflação para o redor da meta ao longo do horizonte relevante. Sem prejuízo de seu objetivo fundamental de assegurar a estabilidade de preços, essa decisão também implica suavização das flutuações do nível de atividade econômica e fomento do…",49,7,5,12,2,6,22,0,0,0,2025
275,2025-12-10,"275ª Reunião - 9-10 dezembro, 2025",/content/copom/atascopom/Copom275-not20251210275.pdf,/publicacoes/atascopom/10122025,10122025,14846,15.0,15.0,0.0,manutenção,unânime,"Decisão de política monetária 17. O Copom decidiu manter a taxa básica de juros em 15,00% a.a., e entende que essa decisão é compatível com a estratégia de convergência da inflação para o redor da meta ao longo do horizonte relevante. Sem prejuízo de seu objetivo fundamental de assegurar a estabilidade de preços, essa decisão também implica suavização das flutuações do nível de atividade econômica e fomento do…",43,5,4,13,1,6,13,0,0,0,2025
276,2026-01-28,"276ª Reunião - 27-28 janeiro, 2026",/content/copom/atascopom/Copom276-not20260128276.pdf,/publicacoes/atascopom/28012026,28012026,14927,15.0,15.0,0.0,manutenção,unânime,"Decisão de política monetária 17. O Copom decidiu manter a taxa básica de juros em 15,00% a.a., e entende que essa decisão é compatível com a estratégia de convergência da inflação para o redor da meta ao longo do horizonte relevante. Sem prejuízo de seu objetivo fundamental de assegurar a estabilidade de preços, essa decisão também implica suavização das flutuações do nível de atividade econômica e fomento do…",41,4,5,10,1,7,13,0,0,0,2026
277,2026-03-18,"277ª Reunião - 17-18 março, 2026",/content/copom/atascopom/Copom277-not20260318277.pdf,/publicacoes/atascopom/18032026,18032026,13998,15.0,14.75,-0.25,corte,unânime,"Decisão de política monetária 16. O Copom decidiu reduzir a taxa básica de juros para 14,75% a.a., e entende que essa decisão é compatível com a estratégia de convergência da inflação para o redor da meta ao longo do horizonte relevante. Sem prejuízo de seu objetivo fundamental de assegurar a estabilidade de preços, essa decisão também implica suavização das flutuações do nível de atividade econômica e fomento do…",31,4,5,15,1,8,10,1,0,0,2026
278,2026-04-29,"278ª Reunião - 28-29 abril, 2026",/content/copom/atascopom/Copom278-not20260429278.pdf,/publicacoes/atascopom/29042026,29042026,15716,14.75,14.5,-0.25,corte,unânime,"Decisão de política monetária 16. O Copom decidiu reduzir a taxa básica de juros para 14,50% a.a., e entende que essa decisão é compatível com a estratégia de convergência da inflação para o redor da meta ao longo do horizonte relevante. Sem prejuízo de seu objetivo fundamental de assegurar a estabilidade de preços, essa decisão também implica suavização das flutuações do nível de atividade econômica e fomento do…",34,4,5,14,3,9,14,0,0,0,2026
279,2026-06-17,"279ª Reunião - 16-17 junho, 2026",/content/copom/atascopom/Copom279-not20260617279.pdf,/publicacoes/atascopom/17062026,17062026,16716,14.5,14.25,-0.25,corte,unânime,"Decisão de política monetária 23. O Copom decidiu reduzir a taxa básica de juros para 14,25% a.a., e entende que essa decisão é compatível com a estratégia de convergência da inflação para o redor da meta, considerando as observações do parágrafo 21 acima. Sem prejuízo de seu objetivo fundamental de assegurar a estabilidade de preços, essa decisão também implica suavização das flutuações do nível de atividade…",39,4,5,13,3,7,15,0,0,0,2026
280,2026-08-05,"280ª Reunião - 4-5 agosto, 2026",/content/copom/atascopom/Copom280-not20260805280.pdf,/publicacoes/atascopom/05082026,5082026,13798,14.25,14.0,-0.25,corte,unânime,"Decisão de política monetária 17. O Copom decidiu reduzir a taxa básica de juros para 14,00% a.a., e entende que essa decisão é compatível com a estratégia de convergência da inflação para o redor da meta ao longo do horizonte relevante. Sem prejuízo de seu objetivo fundamental de assegurar a estabilidade de preços, essa decisão também implica suavização das flutuações do nível de atividade econômica e fomento do…",31,3,6,10,1,5,16,0,0,0,2026
