produto,ano,mes,mes_nome,periodo,volume_produzido_brasil_barris,volume_importado_barris,dispendio_importacao_usd,custo_medio_importado_usd_bbl,custo_producao_brasil_usd_bbl,volume_total_proxy_consumo_barris,custo_medio_ponderado_usd_bbl,lucro_bruto_adicional_usd
ASFALTO,2000,1,Janeiro,2000-01,581071.5956989706,39.408078807692306,2250.0,57.094891912386466,25.0,581111.0037777782,25.002176517088106,1264.7980298076923
COQUE,2000,1,Janeiro,2000-01,963613.4260399449,1722607.483054875,7182477.0,4.169537791199295,25.0,2686220.90909482,11.64193627751065,-35882710.07637187
GASOLINA A,2000,1,Janeiro,2000-01,8382492.729128671,26.556975555555557,7418.0,279.32397589785785,25.0,8382519.2861042265,25.000805733381647,6754.075611111111
GASOLINA DE AVIAÇÃO,2000,1,Janeiro,2000-01,19542.43967,0.0,0.0,,25.0,19542.43967,25.0,0.0
GLP,2000,1,Janeiro,2000-01,3481652.6344922255,2800787.184824327,55735007.0,19.8997650739022,25.0,6282439.819316553,22.72625396638305,-14284672.620608171
LUBRIFICANTE,2000,1,Janeiro,2000-01,525450.7765731292,74307.57947212501,3670287.0,49.39317127638149,25.0,599758.3560452543,28.022213021172327,1812597.5131968744
NAFTA,2000,1,Janeiro,2000-01,5660675.428261071,1705601.444210764,44295327.0,25.970502751594967,25.0,7366276.872471835,25.22471201169709,1655290.8947308967
OUTROS ENERGÉTICOS,2000,1,Janeiro,2000-01,59853.831959999996,0.0,0.0,,25.0,59853.831959999996,25.0,0.0
OUTROS NÃO ENERGÉTICOS,2000,1,Janeiro,2000-01,460109.04020330764,1553.8283725899996,703723.0,452.8962222687432,25.0,461662.86857589765,26.440179264873983,664877.29068525
PARAFINA,2000,1,Janeiro,2000-01,71044.77704171027,5516.2324045000005,719978.0,130.5198815431816,25.0,76561.00944621027,32.6027235546894,582072.1898874999
QUEROSENE DE AVIAÇÃO,2000,1,Janeiro,2000-01,1739931.2708700001,265897.2909976456,8152130.0,30.658943419142183,25.0,2005828.5618676457,25.750162677740427,1504697.7250588606
QUEROSENE ILUMINANTE,2000,1,Janeiro,2000-01,155119.29421999998,0.0,0.0,,25.0,155119.29421999998,25.0,0.0
SOLVENTE,2000,1,Janeiro,2000-01,109845.50601202,73397.32656969863,3898136.0,53.11005430556523,25.0,183242.83258171863,36.259391740942625,2063202.8357575343
ÓLEO COMBUSTÍVEL,2000,1,Janeiro,2000-01,7800582.036333171,3.773886,4475.0,1185.7803865829546,25.0,7800585.8102191705,25.000561579983426,4380.65285
ÓLEO DIESEL,2000,1,Janeiro,2000-01,16101572.06960681,1604828.6604159158,43072325.0,26.839204746528612,25.0,17706400.73002273,25.166697260194574,2951608.489602106
ASFALTO,2000,2,Fevereiro,2000-02,760211.9820142929,316.1899582788461,40334.0,127.5625583416842,25.0,760528.1719725716,25.042640433633007,32429.251043028846
COQUE,2000,2,Fevereiro,2000-02,900010.6041377969,695955.1750831346,4224441.0,6.069990067241577,25.0,1595965.7792209315,16.7451623658814,-13174438.377078366
GASOLINA A,2000,2,Fevereiro,2000-02,9365057.159425471,0.0,0.0,,25.0,9365057.159425471,25.0,0.0
GASOLINA DE AVIAÇÃO,2000,2,Fevereiro,2000-02,20674.60547,0.0,0.0,,25.0,20674.60547,25.0,0.0
GLP,2000,2,Fevereiro,2000-02,3461736.0165041843,2135743.387649054,51210392.0,23.977783237512664,25.0,5597479.404153239,24.609968606654192,-2183192.691226351
LUBRIFICANTE,2000,2,Fevereiro,2000-02,496023.3041193499,65764.63802243181,3138331.0,47.72064584206393,25.0,561787.9421417818,27.65974923516977,1494215.0494392049
NAFTA,2000,2,Fevereiro,2000-02,5401436.724995304,2323982.306040389,63861511.0,27.479344758354685,25.0,7725419.031035693,25.74584347151171,5761953.348990272
OUTROS ENERGÉTICOS,2000,2,Fevereiro,2000-02,66967.60707,0.0,0.0,,25.0,66967.60707,25.0,0.0
OUTROS NÃO ENERGÉTICOS,2000,2,Fevereiro,2000-02,435178.1697965095,1075.4946119,540778.0,502.81795372702595,25.0,436253.6644084095,26.17796290696921,513890.6347025
PARAFINA,2000,2,Fevereiro,2000-02,103593.09421015761,4822.451020500001,580677.0,120.4111762942891,25.0,108415.5452306576,29.24400138844101,460115.7244875
QUEROSENE DE AVIAÇÃO,2000,2,Fevereiro,2000-02,2149353.8732000003,170581.39879265823,5822144.0,34.131177497710745,25.0,2319935.2719926583,25.67140193478143,1557609.0301835437
QUEROSENE ILUMINANTE,2000,2,Fevereiro,2000-02,86390.04345501,0.0,0.0,,25.0,86390.04345501,25.0,0.0
SOLVENTE,2000,2,Fevereiro,2000-02,188273.92054865003,98247.30608979453,5660559.0,57.61541181420742,25.0,286521.2266384446,36.18373108111349,3204376.347755137
ÓLEO COMBUSTÍVEL,2000,2,Fevereiro,2000-02,7665703.728648903,10.6413316122449,7703.0,723.875571280592,25.0,7665714.369980515,25.00097015964211,7436.966709693877
ÓLEO DIESEL,2000,2,Fevereiro,2000-02,14034859.26150942,1114405.1877221568,29749261.0,26.695192491707136,25.0,15149264.449231576,25.124701190165172,1889131.3069460816
ASFALTO,2000,3,Março,2000-03,740947.3638322732,938.1372572884615,22737.0,24.23632557320848,25.0,741885.5010895616,24.999034309969453,-716.4314322115356
COQUE,2000,3,Março,2000-03,943932.8384203026,1029099.0198701635,5152688.0,5.006989512680801,25.0,1973031.858290466,14.57199428367005,-20574787.496754088
GASOLINA A,2000,3,Março,2000-03,9822984.95872038,0.0,1293.0,,25.0,9822984.95872038,25.00013163004987,0.0
GASOLINA DE AVIAÇÃO,2000,3,Março,2000-03,103838.47329000001,0.0,0.0,,25.0,103838.47329000001,25.000000000000004,0.0
GLP,2000,3,Março,2000-03,3664763.7353670336,1953466.3635077088,54124002.0,27.706646508524035,25.0,5618230.098874742,25.941104728581028,5287342.912307282
LUBRIFICANTE,2000,3,Março,2000-03,429403.35477880645,37274.52192426135,2531937.0,67.92674645551939,25.0,466677.8767030678,28.428647535635253,1600073.9518934658
NAFTA,2000,3,Março,2000-03,5654775.733604142,2170186.405316083,66095536.0,30.456156133912064,25.0,7824962.138920225,26.51321829510243,11840875.86709792
OUTROS ENERGÉTICOS,2000,3,Março,2000-03,61061.47548000001,0.0,0.0,,25.0,61061.47548000001,25.0,0.0
OUTROS NÃO ENERGÉTICOS,2000,3,Março,2000-03,530813.6087003106,1743.54791162,866456.0,496.94992275545854,25.0,532557.1566119306,26.54512486029573,822867.3022095
PARAFINA,2000,3,Março,2000-03,90917.93774043546,4373.2205175,404257.0,92.43919861399947,25.0,95291.15825793546,28.095003696609382,294926.48706250003
QUEROSENE DE AVIAÇÃO,2000,3,Março,2000-03,2202760.64991,684296.7260832152,22852301.0,33.3953095622746,25.0,2887057.3759932155,26.989874844777983,5744882.847919618
QUEROSENE ILUMINANTE,2000,3,Março,2000-03,93075.77812508002,0.0,0.0,,25.0,93075.77812508002,25.0,0.0
SOLVENTE,2000,3,Março,2000-03,204762.07880113,33599.86345376712,1501295.0,44.681580389925045,25.0,238361.94225489712,27.7743456333673,661298.413655822
ÓLEO COMBUSTÍVEL,2000,3,Março,2000-03,9111722.425407864,116104.23177099999,2824179.0,24.32451390376807,25.0,9227826.657178864,24.9915010546699,-78426.79427499983
ÓLEO DIESEL,2000,3,Março,2000-03,16391075.18608544,1490503.952299434,43431152.0,29.138568826334062,25.0,17881579.138384875,25.344966915101622,6168553.1925141495
ASFALTO,2000,4,Abril,2000-04,837369.5530908443,3219.8807447788463,111153.0,34.5208437238673,25.0,840589.4338356232,25.03646962494002,30655.98138052885
COQUE,2000,4,Abril,2000-04,992223.8906747452,861889.7673586634,3830258.0,4.444023058468557,25.0,1854113.6580334087,15.444498314759002,-17716986.183966585
GASOLINA A,2000,4,Abril,2000-04,9144016.825911181,260539.4450646667,9291315.0,35.66183614804993,25.0,9404556.270975849,25.295370540974506,2777828.873383332
GASOLINA DE AVIAÇÃO,2000,4,Abril,2000-04,69338.86544,0.0,0.0,,25.0,69338.86544,25.0,0.0
GLP,2000,4,Abril,2000-04,3561937.63939499,1333708.557915418,33380757.0,25.028524261832743,25.0,4895646.197310409,25.00777079277817,38043.052114549515
LUBRIFICANTE,2000,4,Abril,2000-04,561960.8570490417,21537.06707620455,1726069.0,80.14410661826211,25.0,583497.9241252462,27.035383973088415,1187642.3230948863
NAFTA,2000,4,Abril,2000-04,6239372.129421473,1608088.4581208196,54749416.0,34.04627135000962,25.0,7847460.587542292,26.85374674835232,14547204.546979513
OUTROS ENERGÉTICOS,2000,4,Abril,2000-04,56589.42057,0.0,0.0,,25.0,56589.42057,25.0,0.0
OUTROS NÃO ENERGÉTICOS,2000,4,Abril,2000-04,436870.6147687507,2404.81450635,946940.0,393.7684164410895,25.0,439275.4292751007,27.018823676991662,886819.63734125
PARAFINA,2000,4,Abril,2000-04,108706.30545770416,4639.463572500001,511119.0,110.167693314721,25.0,113345.76903020416,28.486079931066556,395132.41068749997
QUEROSENE DE AVIAÇÃO,2000,4,Abril,2000-04,1897874.6897800001,203520.28981346835,6415084.0,31.520611561036944,25.0,2101394.9795934684,25.631521806966546,1327076.7546632912
QUEROSENE ILUMINANTE,2000,4,Abril,2000-04,106567.16269287001,0.0,0.0,,25.0,106567.16269287001,25.0,0.0
SOLVENTE,2000,4,Abril,2000-04,325063.76495715004,29904.48806845205,1823264.0,60.96957740344885,25.0,354968.2530256021,28.030276057422853,1075651.7982886988
ÓLEO COMBUSTÍVEL,2000,4,Abril,2000-04,8326142.768143128,1.5724525,1429.0,908.7714891228828,25.0,8326144.340595628,25.000166906629367,1389.6886875
ÓLEO DIESEL,2000,4,Abril,2000-04,16208756.07396638,2491602.4793330724,75336436.0,30.236137836949542,25.0,18700358.553299453,25.6976536829221,13046374.01667319
ASFALTO,2000,5,Maio,2000-05,950241.3496454537,1377.389767375,63576.0,46.156869686321095,25.0,951618.7394128287,25.030622826777883,29141.255815625
COQUE,2000,5,Maio,2000-05,989002.9106944687,1162209.4282428655,8518670.0,7.329720266406119,25.0,2151212.3389373343,15.453492045226746,-20536565.706071638
GASOLINA A,2000,5,Maio,2000-05,9719252.418410398,78426.6974185,2127249.0,27.124041557539886,25.0,9797679.115828898,25.017002145361996,166581.56453750012
GASOLINA DE AVIAÇÃO,2000,5,Maio,2000-05,39940.2935,0.0,0.0,,25.0,39940.2935,25.0,0.0
GLP,2000,5,Maio,2000-05,3779472.5865938216,2714475.999004491,65679133.0,24.195879066194436,25.0,6493948.585598312,24.663876769835685,-2182766.9751122817
LUBRIFICANTE,2000,5,Maio,2000-05,526784.0786195844,55019.03370078408,3509442.0,63.78596212877484,25.0,581803.1123203685,28.66784933303233,2133966.157480398
NAFTA,2000,5,Maio,2000-05,5565543.866542762,2413958.8155807913,67238240.0,27.85393005299582,25.0,7979502.682123553,25.86337079952542,6889269.610480217
OUTROS ENERGÉTICOS,2000,5,Maio,2000-05,1169.90466,0.0,0.0,,25.0,1169.90466,25.0,0.0
OUTROS NÃO ENERGÉTICOS,2000,5,Maio,2000-05,363645.08695194474,1531.33601203,785811.0,513.1538694491339,25.0,365176.42296397476,27.04703138727276,747527.59969925
PARAFINA,2000,5,Maio,2000-05,51344.287624263095,5950.758559,563615.0,94.71313520989384,25.0,57295.0461832631,32.24052188906663,414846.036025
QUEROSENE DE AVIAÇÃO,2000,5,Maio,2000-05,1813691.8727399998,320495.5965751899,10259539.0,32.01148193495713,25.0,2134187.46931519,26.05292956590234,2247149.085620253
QUEROSENE ILUMINANTE,2000,5,Maio,2000-05,95741.55055851999,0.0,0.0,,25.0,95741.55055851999,24.999999999999996,0.0
SOLVENTE,2000,5,Maio,2000-05,304279.72937277,87387.17366876712,4826992.0,55.236847667098836,25.0,391666.90304153715,31.74632611987794,2642312.658280822
ÓLEO COMBUSTÍVEL,2000,5,Maio,2000-05,8289431.297217376,9.736369153061224,6814.0,699.8502103689856,25.0,8289441.033586529,25.00079264581828,6570.590771173469
ÓLEO DIESEL,2000,5,Maio,2000-05,16576226.360634722,5051012.31599582,152385694.0,30.169337246994374,25.0,21627238.67663054,26.20729171627066,26110386.100104507
ASFALTO,2000,6,Junho,2000-06,995815.1553024481,729.1583200384615,17715.0,24.295135244518054,25.0,996544.3136224865,24.999484259762525,-513.9580009615368
COQUE,2000,6,Junho,2000-06,1178063.8772442974,1112659.1275764809,8140494.0,7.316251490005817,25.0,2290723.004820778,16.410579040763842,-19675984.18941202
GASOLINA A,2000,6,Junho,2000-06,9727239.709753582,0.0,0.0,,25.0,9727239.709753582,25.0,0.0
GASOLINA DE AVIAÇÃO,2000,6,Junho,2000-06,15196.18096,0.0,0.0,,25.0,15196.18096,25.0,0.0
GLP,2000,6,Junho,2000-06,3850700.9413832203,2801183.9574751453,66000276.0,23.561564324925495,25.0,6651884.898858366,24.39425846987067,-4029322.9368786337
LUBRIFICANTE,2000,6,Junho,2000-06,507314.01906790084,68132.64427476138,4202980.0,61.6881972619537,25.0,575446.6633426622,29.34386721196867,2499663.8931309655
NAFTA,2000,6,Junho,2000-06,6177479.987424341,2982837.020710806,88530161.0,29.67985189445697,25.0,9160317.008135147,26.52388126631784,13959235.48222985
OUTROS ENERGÉTICOS,2000,6,Junho,2000-06,28297.855190000002,0.0,0.0,,25.0,28297.855190000002,25.0,0.0
OUTROS NÃO ENERGÉTICOS,2000,6,Junho,2000-06,404495.6825745883,3420.34835952,724107.0,211.7056287511073,25.0,407916.0309341083,26.56551408276267,638598.291012
PARAFINA,2000,6,Junho,2000-06,82301.82997306898,7349.190425500001,848088.0,115.39883319084095,25.0,89651.02039856897,32.410492779768795,664358.2393625
QUEROSENE DE AVIAÇÃO,2000,6,Junho,2000-06,2059698.92146,210950.22739827845,6804482.0,32.25633877679115,25.0,2270649.1488582785,25.674135991380577,1530726.315043038
QUEROSENE ILUMINANTE,2000,6,Junho,2000-06,113354.63503969,0.0,0.0,,25.0,113354.63503969,25.0,0.0
SOLVENTE,2000,6,Junho,2000-06,257176.80780849996,9868.100141356166,804875.0,81.56331902499183,25.0,267044.90794985613,27.090182137346375,558172.4964660958
ÓLEO COMBUSTÍVEL,2000,6,Junho,2000-06,8712764.348407222,53233.73633509184,1248736.0,23.457605758490214,25.0,8765998.084742313,24.990633421592893,-82107.40837729593
ÓLEO DIESEL,2000,6,Junho,2000-06,16540186.460083252,1712889.8014384578,51109864.0,29.838384207249494,25.0,18253076.26152171,25.454039573675,8287618.9640385555
ASFALTO,2000,7,Julho,2000-07,1020785.0512450086,267.5951281346154,20955.0,78.3086005566531,25.0,1021052.6463731432,25.013970995371594,14265.121796634616
COQUE,2000,7,Julho,2000-07,1286183.0862411642,1029018.4679669037,6484577.0,6.301711001175699,25.0,2315201.554208068,16.68932628599842,-19240884.699172594
GASOLINA A,2000,7,Julho,2000-07,10292894.713979281,42946.027717902776,1174856.0,27.356569685960537,25.0,10335840.741697185,25.00979168599649,101205.30705243065
GASOLINA DE AVIAÇÃO,2000,7,Julho,2000-07,38298.65309,0.0,0.0,,25.0,38298.65309,25.0,0.0
GLP,2000,7,Julho,2000-07,3767377.190776115,3595888.4596584905,82398504.0,22.914644023142355,25.0,7363265.650434606,23.98160573752766,-7498707.491462265
LUBRIFICANTE,2000,7,Julho,2000-07,483401.83799210214,48652.645264034094,3556554.0,73.10093789759755,25.0,532054.4832561362,29.39849290260098,2340237.8683991474
NAFTA,2000,7,Julho,2000-07,5701306.352400761,897435.0003461388,27577971.0,30.72976983220315,25.0,6598741.3527469,25.779254060201342,5142095.99134653
OUTROS ENERGÉTICOS,2000,7,Julho,2000-07,3126.03557,0.0,0.0,,25.0,3126.03557,25.000000000000004,0.0
OUTROS NÃO ENERGÉTICOS,2000,7,Julho,2000-07,472341.16151161655,2459.1333055100004,1179267.0,479.5457803599758,25.0,474800.29481712653,27.35422909287109,1117788.66736225
PARAFINA,2000,7,Julho,2000-07,90198.98795139242,4371.632724000001,486333.0,111.24745162832666,25.0,94570.62067539242,28.98688492480316,377042.18189999997
QUEROSENE DE AVIAÇÃO,2000,7,Julho,2000-07,2047182.1995599999,846063.9991546836,28325266.0,33.47886924428913,25.0,2893246.1987146833,27.479452327396054,7173666.02113291
QUEROSENE ILUMINANTE,2000,7,Julho,2000-07,81887.87293473001,0.0,0.0,,25.0,81887.87293473001,25.0,0.0
SOLVENTE,2000,7,Julho,2000-07,318931.96127416,86405.79098520549,4932879.0,57.08968049195469,25.0,405337.7522593655,31.840552625346525,2772734.2253698627
ÓLEO COMBUSTÍVEL,2000,7,Julho,2000-07,7467474.864523349,97742.76169206123,2411292.0,24.669775625910596,25.0,7565217.62621541,24.995733494540897,-32277.042301530713
ÓLEO DIESEL,2000,7,Julho,2000-07,17225721.95962813,2802516.3053998677,83973613.0,29.963648324971476,25.0,20028238.265028,25.69455461738206,13910705.365003305
ASFALTO,2000,8,Agosto,2000-08,1120780.1558771431,230.0437528557692,30588.0,132.96601024926676,25.0,1121010.199629999,25.022155825332188,24836.90617860577
COQUE,2000,8,Agosto,2000-08,1166925.1115716342,1346054.0549128847,8539352.0,6.343988912505195,25.0,2512979.166484519,15.00708015898435,-25111999.372822117
GASOLINA A,2000,8,Agosto,2000-08,9585542.750567188,57.997289708333334,11071.0,190.8882303927603,25.0,9585600.747856896,25.001003700029905,9621.067757291667
GASOLINA DE AVIAÇÃO,2000,8,Agosto,2000-08,43670.15083,0.0,0.0,,25.0,43670.15083,25.0,0.0
GLP,2000,8,Agosto,2000-08,3616705.0429041423,4087735.602669054,98975790.0,24.21286492584661,25.0,7704440.645573197,24.582370711289062,-3217600.066726359
LUBRIFICANTE,2000,8,Agosto,2000-08,401582.6946329786,98294.97068903409,5594446.0,56.91487530627163,25.0,499877.6653220127,31.27567893187086,3137071.7327741478
NAFTA,2000,8,Agosto,2000-08,4706614.134747891,1894625.2254245975,56833588.0,29.9972718811781,25.0,6601239.360172488,26.434269664800897,9467957.364385061
OUTROS ENERGÉTICOS,2000,8,Agosto,2000-08,53048.25754,0.0,0.0,,25.0,53048.25754,25.0,0.0
OUTROS NÃO ENERGÉTICOS,2000,8,Agosto,2000-08,499675.4906687019,2023.02932916,926512.0,457.98248529827555,25.0,501698.5199978619,26.74594150043483,875936.266771
PARAFINA,2000,8,Agosto,2000-08,69487.19287624586,7786.140458000001,778961.0,100.04456048563104,25.0,77273.33333424585,32.561567015914505,584307.48855
QUEROSENE DE AVIAÇÃO,2000,8,Agosto,2000-08,1958514.74799,491067.2819903798,16843205.0,34.299179802269876,25.0,2449582.02998038,26.864204951845224,4566522.950240505
QUEROSENE ILUMINANTE,2000,8,Agosto,2000-08,116872.25531085998,0.0,0.0,,25.0,116872.25531085998,25.0,0.0
SOLVENTE,2000,8,Agosto,2000-08,278632.49446392,64479.27207221918,3978274.0,61.69849429354887,25.0,343111.7665361392,31.89656382840862,2366292.1981945205
ÓLEO COMBUSTÍVEL,2000,8,Agosto,2000-08,7606298.576359578,63839.54977535715,1415232.0,22.168577394107768,25.0,7670138.126134936,24.976433704137865,-180756.7443839286
ÓLEO DIESEL,2000,8,Agosto,2000-08,17034526.390885428,3117767.5920207473,97921208.0,31.407475095516478,25.0,20152293.982906174,25.99130244013046,19977018.199481316
ASFALTO,2000,9,Setembro,2000-09,1226282.606854443,823.5417574038463,36752.0,44.62675956572976,25.0,1227106.1486118468,25.013172011307407,16163.456064903841
COQUE,2000,9,Setembro,2000-09,1001298.4833177138,911037.592759779,9200665.0,10.09910575932295,25.0,1912336.076077493,17.901208637532196,-13575274.818994476
GASOLINA A,2000,9,Setembro,2000-09,10066577.192136131,0.0,0.0,,25.0,10066577.192136131,25.0,0.0
GASOLINA DE AVIAÇÃO,2000,9,Setembro,2000-09,40368.00058,0.0,0.0,,25.0,40368.00058,25.0,0.0
GLP,2000,9,Setembro,2000-09,3496889.372088448,2386966.610110109,62221632.0,26.067240210423286,25.0,5883855.982198557,25.43295871873047,2547466.7472472703
LUBRIFICANTE,2000,9,Setembro,2000-09,467173.62650660286,79164.70655684092,5346149.0,67.5319752011134,25.0,546338.3330634438,31.162905167571278,3367031.336078977
NAFTA,2000,9,Setembro,2000-09,4563022.424711051,900138.9023066668,27918504.0,31.015773152851125,25.0,5463161.327017718,25.991190103714057,5415031.442333328
OUTROS ENERGÉTICOS,2000,9,Setembro,2000-09,156157.11287,0.0,0.0,,25.0,156157.11287,25.0,0.0
OUTROS NÃO ENERGÉTICOS,2000,9,Setembro,2000-09,532803.8107404992,1429.0951504799998,674458.0,471.9475814983105,25.0,534232.9058909792,26.195603292486712,638730.621238
PARAFINA,2000,9,Setembro,2000-09,74154.51044267553,4933.182358499999,564835.0,114.49708503614809,25.0,79087.69280117552,30.582479718398588,441505.44103750004
QUEROSENE DE AVIAÇÃO,2000,9,Setembro,2000-09,2080354.6575000002,325418.15315510123,13153166.0,40.41927554585721,25.0,2405772.810655101,27.085696599819887,5017712.171122469
QUEROSENE ILUMINANTE,2000,9,Setembro,2000-09,96100.94401211002,0.0,0.0,,25.0,96100.94401211002,25.000000000000004,0.0
SOLVENTE,2000,9,Setembro,2000-09,298624.69328778004,63395.244859164384,2538534.0,40.04297176609187,25.0,362019.93814694445,27.634255128052647,953652.8785208904
ÓLEO COMBUSTÍVEL,2000,9,Setembro,2000-09,7066059.554851409,115171.25398462245,2951990.0,25.63130901044237,25.0,7181230.808836032,25.010124817363476,72708.6503844387
ÓLEO DIESEL,2000,9,Setembro,2000-09,15411613.927899286,3053316.1287151934,112863416.0,36.96420915560154,25.0,18464930.05661448,26.97837265942062,36530512.78212016
ASFALTO,2000,10,Outubro,2000-10,1202200.2528996058,509.5229931538462,55193.0,108.32288383761896,25.0,1202709.7758927597,25.03529939310557,42454.925171153845
COQUE,2000,10,Outubro,2000-10,912481.6855566651,1572362.7069143557,10402909.0,6.616100060281213,25.0,2484844.392471021,13.367014546084494,-28906158.672858894
GASOLINA A,2000,10,Outubro,2000-10,10927803.186894607,29.448540986111112,5206.0,176.7829517413212,25.0,10927832.635435592,25.00040902772073,4469.786475347222
GASOLINA DE AVIAÇÃO,2000,10,Outubro,2000-10,18416.56368,0.0,0.0,,25.0,18416.56368,25.0,0.0
GLP,2000,10,Outubro,2000-10,3662364.4523928515,3395132.1224053823,91370007.0,26.912062242592846,25.0,7057496.574798234,25.91983097279095,6491703.939865444
LUBRIFICANTE,2000,10,Outubro,2000-10,535635.7228989088,174632.25040562497,9639475.0,55.1987103047119,25.0,710267.9733045337,32.424900091332496,5273668.739859376
NAFTA,2000,10,Outubro,2000-10,5236738.453147973,2024182.9851441667,68014997.0,33.601209722230635,25.0,7260921.43829214,27.397825471513567,17410422.371395838
OUTROS ENERGÉTICOS,2000,10,Outubro,2000-10,65980.1069,0.0,0.0,,25.0,65980.1069,25.0,0.0
OUTROS NÃO ENERGÉTICOS,2000,10,Outubro,2000-10,518973.0681316576,1991.0896739799994,755239.0,379.30938514203075,25.0,520964.15780563763,26.35414643710229,705461.7581505
PARAFINA,2000,10,Outubro,2000-10,100109.21062751362,5844.8673065,729330.0,124.78127590491604,25.0,105954.07793401362,30.50434989109822,583208.3173375
QUEROSENE DE AVIAÇÃO,2000,10,Outubro,2000-10,1998090.2325099998,922803.8849770633,39507552.0,42.812511567375964,25.0,2920894.117487063,30.627542188935994,16437454.875573417
QUEROSENE ILUMINANTE,2000,10,Outubro,2000-10,109982.88175223001,0.0,0.0,,25.0,109982.88175223001,25.0,0.0
SOLVENTE,2000,10,Outubro,2000-10,337157.95629078004,73007.59098650685,4250565.0,58.22086364670741,25.0,410165.5472772869,30.91316175002306,2425375.225337329
ÓLEO COMBUSTÍVEL,2000,10,Outubro,2000-10,9727854.450239763,20302.396335989797,764898.0,37.67525701604372,25.0,9748156.846575752,25.026398640855955,257338.09160025505
ÓLEO DIESEL,2000,10,Outubro,2000-10,17458653.147498373,5297622.989445627,214378502.0,40.46692307608583,25.0,22756276.136944,28.600673799648444,81937927.26385935
ASFALTO,2000,11,Novembro,2000-11,873304.369272161,158.19476939423078,14551.0,91.98154942618895,25.0,873462.5640415553,25.012131179058336,10596.130765144231
COQUE,2000,11,Novembro,2000-11,929849.337075501,1081570.2538695,8286199.0,7.661267467697753,25.0,2011419.590945001,15.676705431745855,-18753057.346737497
GASOLINA A,2000,11,Novembro,2000-11,9049417.303574739,0.008735847222222223,0.0,0.0,25.0,9049417.312310586,24.99999997586627,-0.21839618055555557
GASOLINA DE AVIAÇÃO,2000,11,Novembro,2000-11,82201.52689000001,0.0,0.0,,25.0,82201.52689000001,25.0,0.0
GLP,2000,11,Novembro,2000-11,3203332.209901047,2891953.4749831636,81091813.0,28.040497090110378,25.0,6095285.684884211,26.442586382329335,8792976.125420906
LUBRIFICANTE,2000,11,Novembro,2000-11,387658.7512323442,211846.85474212497,11767768.0,55.548466907023766,25.0,599505.6059744691,35.79488926701126,6471596.631446876
NAFTA,2000,11,Novembro,2000-11,4702452.0293540945,1837022.4727843616,64909618.0,35.334144770486645,25.0,6539474.502138456,27.902994143364733,18984056.180390958
OUTROS ENERGÉTICOS,2000,11,Novembro,2000-11,16271.73847,0.0,0.0,,25.0,16271.73847,25.0,0.0
OUTROS NÃO ENERGÉTICOS,2000,11,Novembro,2000-11,513480.3163813317,1216.53731134,520874.0,428.16113829362456,25.0,514696.8536926717,25.952911531705915,490460.5672165
PARAFINA,2000,11,Novembro,2000-11,66823.81947450875,2999.2115230000004,349109.0,116.40025964250736,25.0,69823.03099750876,28.92605001542801,274128.711925
QUEROSENE DE AVIAÇÃO,2000,11,Novembro,2000-11,1824346.81088,660636.4035387088,28065044.0,42.4818309279797,25.0,2484983.214418709,29.64757019062355,11549133.911532277
QUEROSENE ILUMINANTE,2000,11,Novembro,2000-11,112384.41926757,0.0,0.0,,25.0,112384.41926757,25.0,0.0
SOLVENTE,2000,11,Novembro,2000-11,271587.82549639,146885.93293,8009733.0,54.53029327060965,25.0,418473.75842639,35.365248929970804,4337584.67675
ÓLEO COMBUSTÍVEL,2000,11,Novembro,2000-11,9004485.014621142,83054.3416897449,3120674.0,37.573881587762,25.0,9087539.356310887,25.114917296840222,1044315.4577563775
ÓLEO DIESEL,2000,11,Novembro,2000-11,15448159.982041081,5332549.834534398,212635153.0,39.87494905775519,25.0,20780709.81657548,28.817069187567903,79321407.13664003
ASFALTO,2000,12,Dezembro,2000-12,787518.7147605018,216.23036243269232,19653.0,90.88917846177841,25.0,787734.9451229344,25.01808633859319,14247.240939182691
COQUE,2000,12,Dezembro,2000-12,1049652.4377104149,1456652.5196440674,8648046.0,5.93693134318207,25.0,2506304.9573544823,13.920635172659779,-27768266.991101686
GASOLINA A,2000,12,Dezembro,2000-12,10758506.126300763,0.00873584722222223,621.0,71086.40801550438,25.0,10758506.13503661,25.00005770146859,620.7816038194444
GASOLINA DE AVIAÇÃO,2000,12,Dezembro,2000-12,46167.2054,0.0,0.0,,25.0,46167.2054,25.0,0.0
GLP,2000,12,Dezembro,2000-12,3896907.6430041087,1960723.6492098726,56549496.0,28.841135273085612,25.0,5857631.292213981,26.28574237503887,7531404.769753182
LUBRIFICANTE,2000,12,Dezembro,2000-12,436637.7994395109,20835.71037613637,2091679.0,100.38913779468011,25.0,457473.50981564727,28.433611360862376,1570786.2405965908
NAFTA,2000,12,Dezembro,2000-12,4590851.7892418485,3014295.225878694,97194583.0,32.244546640804536,25.0,7605147.015120543,27.871371494806866,21837202.353032645
OUTROS ENERGÉTICOS,2000,12,Dezembro,2000-12,23976.75572,0.0,0.0,,25.0,23976.75572,25.0,0.0
OUTROS NÃO ENERGÉTICOS,2000,12,Dezembro,2000-12,444733.99092502374,2441.144448910001,890329.0,364.7178684561424,25.0,447175.13537393376,26.854531531776196,829300.38877725
PARAFINA,2000,12,Dezembro,2000-12,44817.32594879971,3376.5771115000002,358946.0,106.30469500533424,25.0,48193.903060299715,30.69639632359738,274531.5722125
QUEROSENE DE AVIAÇÃO,2000,12,Dezembro,2000-12,1793124.1940400002,576673.8651990507,25860102.0,44.84354773225913,25.0,2369798.059239051,29.82878924025206,11443255.370023733
QUEROSENE ILUMINANTE,2000,12,Dezembro,2000-12,111196.52575097,0.0,0.0,,25.0,111196.52575097,25.0,0.0
SOLVENTE,2000,12,Dezembro,2000-12,348964.30075957003,106443.3679448767,5541939.0,52.06467163712798,25.0,455407.66870444675,31.325881181521595,2880854.801378082
ÓLEO COMBUSTÍVEL,2000,12,Dezembro,2000-12,10285708.902905677,0.06418173469387754,6498.0,101243.7577605683,25.0,10285708.96708741,25.00063159432932,6496.395456632654
ÓLEO DIESEL,2000,12,Dezembro,2000-12,16402495.29219156,3417372.9762666267,135215806.0,39.567178338174564,25.0,19819868.268458188,27.511695886120386,49781481.59333435
ASFALTO,2001,1,Janeiro,2001-01,745325.2811066818,941.2700665000001,38103.0,40.48041189887344,25.0,746266.5511731817,25.019525527862122,14571.248337499997
COQUE,2001,1,Janeiro,2001-01,1021922.7946859866,2100956.4705150384,11041427.0,5.255428732082799,25.0,3122879.2652010247,11.716590287327147,-41482484.76287596
GASOLINA A,2001,1,Janeiro,2001-01,9685839.60167106,96.92422493055557,4857.0,50.11131121739639,25.0,9685936.52589599,25.00025128126436,2433.894376736111
GASOLINA DE AVIAÇÃO,2001,1,Janeiro,2001-01,42437.34807,0.0,0.0,,25.0,42437.34807,25.0,0.0
GLP,2001,1,Janeiro,2001-01,3762691.0856620003,2729220.628786581,88534685.0,32.439548516589795,25.0,6491911.714448581,28.127610197647318,20304169.28033548
LUBRIFICANTE,2001,1,Janeiro,2001-01,427265.82379753725,73323.35286232953,4729236.0,64.49835987287051,25.0,500589.17665986676,30.785487009060123,2896152.1784417615
NAFTA,2001,1,Janeiro,2001-01,5078100.686615694,2760467.156593431,72805792.0,26.374446015813632,25.0,7838567.843209125,25.484031415056414,3794113.0851642266
OUTROS ENERGÉTICOS,2001,1,Janeiro,2001-01,11416.00515,0.0,0.0,,25.0,11416.00515,25.0,0.0
OUTROS NÃO ENERGÉTICOS,2001,1,Janeiro,2001-01,378529.71605000773,5303.49231428,804050.0,151.60764876288079,25.0,383833.20836428774,26.749360601195633,671462.692143
PARAFINA,2001,1,Janeiro,2001-01,28285.031677858973,43663.37777850002,3866678.0,88.55654776905428,25.0,71948.40945635899,63.57060324899552,2775093.5555374995
QUEROSENE DE AVIAÇÃO,2001,1,Janeiro,2001-01,1976063.3178899998,714077.8856686963,28955845.0,40.54998142518358,25.0,2690141.203558696,29.127626402507655,11103897.858282592
QUEROSENE ILUMINANTE,2001,1,Janeiro,2001-01,107857.27820159,0.0,0.0,,25.0,107857.27820159,25.0,0.0
SOLVENTE,2001,1,Janeiro,2001-01,276555.21552351007,114382.94341080822,6165351.0,53.90096474311769,25.0,390938.1589343183,33.45601110861424,3305777.4147297945
ÓLEO COMBUSTÍVEL,2001,1,Janeiro,2001-01,9719166.629540825,0.0,0.0,,25.0,9719166.629540825,25.0,0.0
ÓLEO DIESEL,2001,1,Janeiro,2001-01,15966777.71144948,3885242.9181036153,133568109.0,34.378316057826964,25.0,19852020.629553095,26.835432106753252,36437036.04740963
ASFALTO,2001,2,Fevereiro,2001-02,624792.7293356807,720.5340228653846,32034.0,44.458691725074615,25.0,625513.2633585461,25.022414631710742,14020.649428365383
COQUE,2001,2,Fevereiro,2001-02,852263.7075949615,1609067.6854435,9071346.0,5.637641027822708,25.0,2461331.3930384615,12.34207582765729,-31155346.1360875
GASOLINA A,2001,2,Fevereiro,2001-02,9812917.35045856,32.91667233333334,11482.0,348.82019311449835,25.0,9812950.267130895,25.00108622615029,10659.083191666667
GASOLINA DE AVIAÇÃO,2001,2,Fevereiro,2001-02,61803.67306,0.0,0.0,,25.0,61803.67306,25.0,0.0
GLP,2001,2,Fevereiro,2001-02,3557434.5353180887,1704216.8262445633,51139268.0,30.00748919531045,25.0,5261651.3615626525,26.62189524874781,8533847.343885915
LUBRIFICANTE,2001,2,Fevereiro,2001-02,401546.4168239827,88427.37381080682,5568326.0,62.97061373680067,25.0,489973.79063478956,31.8526964480688,3357641.6547298296
NAFTA,2001,2,Fevereiro,2001-02,4966150.570632836,854935.898572125,22842958.0,26.718913123371316,25.0,5821086.46920496,25.25245468238124,1469560.5356968737
OUTROS ENERGÉTICOS,2001,2,Fevereiro,2001-02,109876.69089,0.0,0.0,,25.0,109876.69089,25.0,0.0
OUTROS NÃO ENERGÉTICOS,2001,2,Fevereiro,2001-02,321571.4991600728,1554.8221625700005,698009.0,448.93172788728793,25.0,323126.32132264285,27.03987853183151,659138.44593575
PARAFINA,2001,2,Fevereiro,2001-02,7924.220508453531,26035.356839500007,1846136.0,70.90880341609537,25.0,33959.57734795354,60.196317868323746,1195252.0790125
QUEROSENE DE AVIAÇÃO,2001,2,Fevereiro,2001-02,1850506.13067,714358.1803029367,26462649.0,37.043950401433115,25.0,2564864.310972937,28.354444309439092,8603694.492426584
QUEROSENE ILUMINANTE,2001,2,Fevereiro,2001-02,110466.30396920998,0.0,0.0,,25.0,110466.30396920998,24.999999999999996,0.0
SOLVENTE,2001,2,Fevereiro,2001-02,316940.0665045,65507.81109842463,3053747.0,46.616532422550115,25.0,382447.8776029246,28.702600551517758,1416051.7225393844
ÓLEO COMBUSTÍVEL,2001,2,Fevereiro,2001-02,9217906.113317639,0.006418173469387756,809.0,126048.32260433938,25.0,9217906.119735813,25.000087746559267,808.8395456632653
ÓLEO DIESEL,2001,2,Fevereiro,2001-02,14774276.544215502,1371489.6224716266,39387706.0,28.718923828980596,25.0,16145766.166687129,25.315901109030857,5100465.438209334
ASFALTO,2001,3,Março,2001-03,871028.9191266741,920.0540535384616,61419.0,66.75586044514118,25.0,871948.9731802125,25.044059514768875,38417.64866153846
COQUE,2001,3,Março,2001-03,973143.584054119,1740084.004390904,11177638.0,6.42361976306575,25.0,2713227.5884450227,13.086343273437649,-32324462.109772597
GASOLINA A,2001,3,Março,2001-03,9755350.8959624,0.0,0.0,,25.0,9755350.8959624,25.0,0.0
GASOLINA DE AVIAÇÃO,2001,3,Março,2001-03,58771.98464,0.0,0.0,,25.0,58771.98464,25.0,0.0
GLP,2001,3,Março,2001-03,3619529.7820259416,1450996.8063928548,40558410.0,27.952101494163372,25.0,5070526.588418797,25.844782048862974,4283489.840178628
LUBRIFICANTE,2001,3,Março,2001-03,507187.2472026639,166882.43255439773,9900829.0,59.32816803094407,25.0,674069.6797570616,33.498777438268306,5728768.186140056
NAFTA,2001,3,Março,2001-03,5151237.399171642,4359979.694647126,124655813.0,28.590915951522337,25.0,9511217.093818769,26.64609013540409,15656320.633821853
OUTROS ENERGÉTICOS,2001,3,Março,2001-03,70829.55041,0.0,0.0,,25.0,70829.55041,25.0,0.0
OUTROS NÃO ENERGÉTICOS,2001,3,Março,2001-03,397586.2787791928,2804.63885862,936892.0,334.05085190219114,25.0,400390.91763781285,27.164824401233226,866776.0285345
PARAFINA,2001,3,Março,2001-03,75329.6157541843,9916.338024499999,1399474.0,141.12810561140228,25.0,85245.9537786843,38.50874145155554,1151565.5493875002
QUEROSENE DE AVIAÇÃO,2001,3,Março,2001-03,1900384.3239699998,819140.9690421266,24445332.0,29.842643603317114,25.0,2719525.2930121263,26.458639779574625,3966807.7739468366
QUEROSENE ILUMINANTE,2001,3,Março,2001-03,133992.71558302,0.0,0.0,,25.0,133992.71558302,25.0,0.0
SOLVENTE,2001,3,Março,2001-03,351368.69384865,73948.23638009588,5003274.0,67.65913894528924,25.0,425316.93022874586,32.416982175623716,3154568.090497603
ÓLEO COMBUSTÍVEL,2001,3,Março,2001-03,10354470.14921122,0.0,0.0,,25.0,10354470.14921122,25.0,0.0
ÓLEO DIESEL,2001,3,Março,2001-03,16398705.87036086,4375274.846335831,123089756.0,28.133033997414856,25.0,20773980.71669669,25.659858359769576,13707884.841604218
ASFALTO,2001,4,Abril,2001-04,669501.0263169019,94.75840680769231,12090.0,127.58762422563817,25.0,669595.7847237096,25.01451777333667,9721.039829807693
COQUE,2001,4,Abril,2001-04,728275.3050226711,1870497.009601423,12280219.0,6.565217125162229,25.0,2598772.3146240944,11.731347703685483,-34482206.24003558
GASOLINA A,2001,4,Abril,2001-04,10253797.42484415,0.0,0.0,,25.0,10253797.42484415,25.0,0.0
GASOLINA DE AVIAÇÃO,2001,4,Abril,2001-04,42280.10282,0.0,0.0,,25.0,42280.10282,24.999999999999996,0.0
GLP,2001,4,Abril,2001-04,3750660.761565136,1223184.5998323455,30106867.0,24.613510507021235,25.0,4973845.3613974815,24.90495321799152,-472747.99580863625
LUBRIFICANTE,2001,4,Abril,2001-04,481647.69656973693,257914.48816131815,13750187.0,53.31296856576607,25.0,739562.184731055,34.87384826689397,7302324.795967046
NAFTA,2001,4,Abril,2001-04,5443849.805536259,2273994.4254426667,61226023.0,26.924438474857496,25.0,7717844.230978926,25.56701874681115,4376162.363933333
OUTROS ENERGÉTICOS,2001,4,Abril,2001-04,72540.37873,0.0,0.0,,25.0,72540.37873,25.0,0.0
OUTROS NÃO ENERGÉTICOS,2001,4,Abril,2001-04,508409.1172563357,1354.68040837,737748.0,544.5919166186842,25.0,509763.79766470566,26.380798308972352,703880.9897907501
PARAFINA,2001,4,Abril,2001-04,71881.82803414381,3351.9854885,378118.0,112.80418763662557,25.0,75233.8135226438,28.912048971157322,294318.3627875
QUEROSENE DE AVIAÇÃO,2001,4,Abril,2001-04,1931827.0841599999,753262.8685291139,23443830.0,31.123039485244302,25.0,2685089.952689114,26.717729524164724,4612258.286772152
QUEROSENE ILUMINANTE,2001,4,Abril,2001-04,128423.68007015999,0.0,0.0,,25.0,128423.68007015999,25.0,0.0
SOLVENTE,2001,4,Abril,2001-04,331709.82979555003,155946.3611541096,7230136.0,46.362967025918756,25.0,487656.1909496596,31.831610124049806,3331476.9711472606
ÓLEO COMBUSTÍVEL,2001,4,Abril,2001-04,9845732.796972292,0.0,0.0,,25.0,9845732.796972292,25.0,0.0
ÓLEO DIESEL,2001,4,Abril,2001-04,15568955.619556021,2319949.69961006,66101957.0,28.49284060387624,25.0,17888905.31916608,25.45297430810743,8103214.509748502
ASFALTO,2001,5,Maio,2001-05,686982.4213163699,1079.3434917884615,32510.0,30.12016123442895,25.0,688061.7648081584,25.008031855551266,5526.4127052884605
COQUE,2001,5,Maio,2001-05,1021142.9835947279,2071190.8276825962,9847550.0,4.754535346710751,25.0,3092333.8112773243,11.439943663538603,-41932220.692064896
GASOLINA A,2001,5,Maio,2001-05,11382195.817348449,0.0,0.0,,25.0,11382195.817348449,25.0,0.0
GASOLINA DE AVIAÇÃO,2001,5,Maio,2001-05,60633.7684,0.0,0.0,,25.0,60633.7684,25.0,0.0
GLP,2001,5,Maio,2001-05,3943742.4601899246,3056390.7910736357,73950350.0,24.195318941535955,25.0,7000133.251263561,24.64866100564629,-2459419.776840892
LUBRIFICANTE,2001,5,Maio,2001-05,416559.98627323634,127146.08614364776,7482120.0,58.84664032478996,25.0,543706.0724168841,32.91506305471082,4303467.846408806
NAFTA,2001,5,Maio,2001-05,4747339.16015485,1252240.0986920693,36271348.0,28.96517052750861,25.0,5999579.25884692,25.827615624108375,4965345.532698268
OUTROS ENERGÉTICOS,2001,5,Maio,2001-05,116789.19208000001,0.0,0.0,,25.0,116789.19208000001,25.0,0.0
OUTROS NÃO ENERGÉTICOS,2001,5,Maio,2001-05,572597.689328133,2535.1519491700005,1058672.0,417.597059752811,25.0,575132.841277303,26.730544893003014,995293.2012707499
PARAFINA,2001,5,Maio,2001-05,64135.081761267895,5378.692669,626794.0,116.53277823671097,25.0,69513.77443026789,32.08243347897722,492326.683275
QUEROSENE DE AVIAÇÃO,2001,5,Maio,2001-05,2227882.1510499995,450144.3131619747,14620824.0,32.48030369926946,25.0,2678026.4642119743,26.257349849207504,3367216.170950631
QUEROSENE ILUMINANTE,2001,5,Maio,2001-05,120048.74144687002,0.0,0.0,,25.0,120048.74144687002,24.999999999999996,0.0
SOLVENTE,2001,5,Maio,2001-05,330204.47698863,119339.58079232875,5644623.0,47.29883381962442,25.0,449544.05778095877,30.919627752010957,2661133.480191781
ÓLEO COMBUSTÍVEL,2001,5,Maio,2001-05,9114074.108034445,0.0,0.0,,25.0,9114074.108034445,25.0,0.0
ÓLEO DIESEL,2001,5,Maio,2001-05,16805579.04287299,4611496.62545247,128958071.0,27.964472594045738,25.0,21417075.66832546,25.638306348420215,13670655.36368825
ASFALTO,2001,6,Junho,2001-06,821609.1050338311,370.3428032211539,36501.0,98.56003595188825,25.0,821979.4478370523,25.03314247088678,27242.429919471157
COQUE,2001,6,Junho,2001-06,976288.271198842,386441.523533,7898684.0,20.439532294012125,25.0,1362729.794731842,23.706747225210705,-1762354.0883250001
GASOLINA A,2001,6,Junho,2001-06,10574004.50671999,0.0,0.0,,25.0,10574004.50671999,25.0,0.0
GASOLINA DE AVIAÇÃO,2001,6,Junho,2001-06,86522.62636,0.0,0.0,,25.0,86522.62636,25.0,0.0
GLP,2001,6,Junho,2001-06,4078891.0285266438,2405939.696178909,51789063.0,21.525503354157593,25.0,6484830.724705553,23.71092558011955,-8359429.40447272
LUBRIFICANTE,2001,6,Junho,2001-06,511696.4320052913,87025.87548760227,5324223.0,61.1797694670534,25.0,598722.3074928935,30.258825457822642,3148576.1128099435
NAFTA,2001,6,Junho,2001-06,5043112.139960853,1888241.7321989862,56166729.0,29.745518300027197,25.0,6931353.87215984,26.292775677060213,8960685.695025342
OUTROS ENERGÉTICOS,2001,6,Junho,2001-06,62250.24957,0.0,0.0,,25.0,62250.24957,25.0,0.0
OUTROS NÃO ENERGÉTICOS,2001,6,Junho,2001-06,408841.3577874643,1290.7256202899998,620808.0,480.9759644040513,25.0,410132.08340775425,26.435000779755196,588539.85949275
PARAFINA,2001,6,Junho,2001-06,88986.26339579566,11266.092898000003,1058394.0,93.94508012515057,25.0,100252.35629379566,32.747864551669096,776741.6775499999
QUEROSENE DE AVIAÇÃO,2001,6,Junho,2001-06,2305234.2344299997,536676.613090519,18546779.0,34.558575029375824,25.0,2841910.8475205186,26.805075510096554,5129863.672737025
QUEROSENE ILUMINANTE,2001,6,Junho,2001-06,98501.93431397999,0.0,0.0,,25.0,98501.93431397999,25.0,0.0
SOLVENTE,2001,6,Junho,2001-06,376574.97533764003,134895.82321820545,7163862.0,53.106625758247866,25.0,511470.7985558455,32.4128697674436,3791466.419544864
ÓLEO COMBUSTÍVEL,2001,6,Junho,2001-06,8176903.46177184,0.006418173469387756,521.0,81175.74298746702,25.0,8176903.468190013,25.000063696428324,520.8395456632653
ÓLEO DIESEL,2001,6,Junho,2001-06,16917274.27507924,3054649.8109338917,87065061.0,28.502468822565877,25.0,19971924.08601313,25.5356927895668,10698815.726652706
ASFALTO,2001,7,Julho,2001-07,997458.9194091212,195.44374996153846,12314.0,63.00534042364252,25.0,997654.3631590827,25.007445370386034,7427.90625096154
COQUE,2001,7,Julho,2001-07,956616.3485622762,1636794.8431902023,10414119.0,6.362507215444493,25.0,2593411.1917524785,13.23720967320226,-30505752.079755053
GASOLINA A,2001,7,Julho,2001-07,9543342.69815906,0.03494338888888889,1153.0,32996.22723102923,25.0,9543342.733102448,25.000120725666832,1152.1264152777778
GASOLINA DE AVIAÇÃO,2001,7,Julho,2001-07,21391.64381,0.0,0.0,,25.0,21391.64381,25.0,0.0
GLP,2001,7,Julho,2001-07,3992311.491891752,2419369.584130727,48500246.0,20.04664616688814,25.0,6411681.07602248,23.1309123986088,-11983993.60326818
LUBRIFICANTE,2001,7,Julho,2001-07,622829.3795151406,105314.22710876136,5885598.0,55.886067453372235,25.0,728143.6066239019,29.46717143801149,3252742.322280966
NAFTA,2001,7,Julho,2001-07,6043933.40320734,1967856.5572547917,55397534.0,28.15120532834005,25.0,8011789.9604621325,25.77399933089016,6201120.068630208
OUTROS ENERGÉTICOS,2001,7,Julho,2001-07,80654.23363,0.0,0.0,,25.0,80654.23363,25.0,0.0
OUTROS NÃO ENERGÉTICOS,2001,7,Julho,2001-07,349772.748264701,1804.8358202600002,647543.0,358.7822187099082,25.0,351577.584084961,26.713482689920074,602422.1044935
PARAFINA,2001,7,Julho,2001-07,99907.04300063604,43880.023380499995,3943305.0,89.86560845253287,25.0,143787.06638113604,44.79527426995977,2846304.4154875004
QUEROSENE DE AVIAÇÃO,2001,7,Julho,2001-07,1874136.94684,683723.899551481,22624601.0,33.09025911605783,25.0,2557860.8463914813,27.16255060122468,5531503.511212977
QUEROSENE ILUMINANTE,2001,7,Julho,2001-07,88501.53896182,0.0,0.0,,25.0,88501.53896182,25.000000000000004,0.0
SOLVENTE,2001,7,Julho,2001-07,283349.38651797996,147450.07718993153,7806772.0,52.94518761047537,25.0,430799.4637079115,34.564821726531875,4120520.0702517116
ÓLEO COMBUSTÍVEL,2001,7,Julho,2001-07,9542609.976605922,1.553197979591837,1880.0,1210.405901051998,25.0,9542611.529803902,25.000192941947258,1841.1700505102042
ÓLEO DIESEL,2001,7,Julho,2001-07,18269105.38064981,4133611.790478615,130080125.0,31.468877967599013,25.0,22402717.171128422,26.193597635223274,26739830.23803462
ASFALTO,2001,8,Agosto,2001-08,970289.9043415181,211.5553401923077,20502.0,96.9108129407809,25.0,970501.4596817103,25.015675521498117,15213.116495192307
COQUE,2001,8,Agosto,2001-08,942817.8520432569,1337743.2624330483,6654527.0,4.974442545796823,25.0,2280561.1144763054,13.253305561171995,-26789054.56082621
GASOLINA A,2001,8,Agosto,2001-08,9912252.659438299,5.3113951111111115,1252.0,235.71961298471152,25.0,9912257.97083341,25.000112912227014,1119.2151222222221
GASOLINA DE AVIAÇÃO,2001,8,Agosto,2001-08,42883.92458,0.0,0.0,,25.0,42883.92458,25.0,0.0
GLP,2001,8,Agosto,2001-08,3916983.2799289264,2317750.5217613094,43165597.0,18.62391857739612,25.0,6234733.801690236,22.62970376697937,-14778166.04403273
LUBRIFICANTE,2001,8,Agosto,2001-08,441091.79568,57559.48795978409,3808837.0,66.17218350971389,25.0,498651.2836397841,29.75251920281294,2369849.801005398
NAFTA,2001,8,Agosto,2001-08,5462783.294695896,1136813.4104957778,26998962.0,23.749686404759625,25.0,6599596.705191674,24.78462725437809,-1421373.2623944478
OUTROS ENERGÉTICOS,2001,8,Agosto,2001-08,42619.75256,0.0,0.0,,25.0,42619.75256,25.0,0.0
OUTROS NÃO ENERGÉTICOS,2001,8,Agosto,2001-08,306613.29254513327,3880.1271807100006,1078807.0,278.0339276926989,25.0,310493.4197258433,28.162076096006004,981803.82048225
PARAFINA,2001,8,Agosto,2001-08,78373.5014682121,17390.757033,1538905.0,88.48982232802378,25.0,95764.2585012121,36.52973031333005,1104136.074175
QUEROSENE DE AVIAÇÃO,2001,8,Agosto,2001-08,2077561.98186,198746.96892803797,5856449.0,29.466859452435198,25.0,2276308.950788038,25.39000627594585,887774.776799051
QUEROSENE ILUMINANTE,2001,8,Agosto,2001-08,137222.06757208,0.0,0.0,,25.0,137222.06757208,25.0,0.0
SOLVENTE,2001,8,Agosto,2001-08,387362.08125517,241212.04222312328,8616672.0,35.722395617501974,25.0,628574.1234782933,29.11466340693427,2586370.944421918
ÓLEO COMBUSTÍVEL,2001,8,Agosto,2001-08,10712999.725236638,0.29523597959183673,1752.0,5934.236072521165,25.0,10713000.020472618,25.000162850657812,1744.619100510204
ÓLEO DIESEL,2001,8,Agosto,2001-08,20120777.64209381,1672881.1384615663,48505719.0,28.995317051997713,25.0,21793658.78055538,25.306680516831076,6683690.538460842
ASFALTO,2001,9,Setembro,2001-09,1022186.6954261669,259.1643635769231,15604.0,60.20889517616315,25.0,1022445.8597897438,25.00892457123593,9124.890910576922
COQUE,2001,9,Setembro,2001-09,868436.669582429,1157450.4491347692,12224257.0,10.5613652913937,25.0,2025887.1187171983,16.750772254798008,-16712004.228369229
GASOLINA A,2001,9,Setembro,2001-09,10705547.97028901,13.435733027777781,765.0,56.93771961815529,25.0,10705561.406022038,25.000040082594275,429.10667430555543
GASOLINA DE AVIAÇÃO,2001,9,Setembro,2001-09,42443.63788,0.0,0.0,,25.0,42443.63788,25.000000000000004,0.0
GLP,2001,9,Setembro,2001-09,4173745.158130945,1825029.7241417454,32695477.0,17.915038077188395,25.0,5998774.882272691,22.844515529036673,-12930266.103543634
LUBRIFICANTE,2001,9,Setembro,2001-09,401981.7571,114486.28536117043,6326918.0,55.2635451490145,25.0,516468.0424611704,31.70856777402879,3464760.865970739
NAFTA,2001,9,Setembro,2001-09,5611592.663706058,245069.8146149167,5601964.0,22.85864543865789,25.0,5856662.478320975,24.910395832555583,-524781.3653729168
OUTROS ENERGÉTICOS,2001,9,Setembro,2001-09,44305.42164,0.0,0.0,,25.0,44305.42164,25.0,0.0
OUTROS NÃO ENERGÉTICOS,2001,9,Setembro,2001-09,468247.21313013724,2492.09190991,931379.0,373.7338082501283,25.0,470739.3050400473,26.846195320737696,869076.7022522499
PARAFINA,2001,9,Setembro,2001-09,67672.15002129812,45648.09664200001,3740879.0,81.95038293355879,25.0,113320.24666329814,47.94097180775001,2599676.5839499994
QUEROSENE DE AVIAÇÃO,2001,9,Setembro,2001-09,1977421.9168500002,168721.14369534174,5507797.0,32.64437923646001,25.0,2146143.060545342,25.60097037859569,1289768.4076164563
QUEROSENE ILUMINANTE,2001,9,Setembro,2001-09,125305.67658753,0.0,0.0,,25.0,125305.67658753,25.0,0.0
SOLVENTE,2001,9,Setembro,2001-09,358676.59765449003,214316.07367180826,9370664.0,43.72357070309955,25.0,572992.6713262983,32.00316489025332,4012762.1582047935
ÓLEO COMBUSTÍVEL,2001,9,Setembro,2001-09,9625384.740408845,0.0,0.0,,25.0,9625384.740408845,25.0,0.0
ÓLEO DIESEL,2001,9,Setembro,2001-09,19270025.615062013,4445660.108817302,131338712.0,29.543129430769866,25.0,23715685.723879315,25.851639270089958,20197209.27956745
ASFALTO,2001,10,Outubro,2001-10,941038.5054765738,198.21973341346157,20740.0,104.63135855772218,25.0,941236.7252099873,25.016769964709084,15784.506664663462
COQUE,2001,10,Outubro,2001-10,1006644.0075929565,1008513.9534742499,8700356.0,8.626906915891416,25.0,2015157.9610672065,16.80585683312319,-16512492.836856246
GASOLINA A,2001,10,Outubro,2001-10,9821091.663012283,0.0,0.0,,25.0,9821091.663012283,25.0,0.0
GASOLINA DE AVIAÇÃO,2001,10,Outubro,2001-10,21341.32533,0.0,0.0,,25.0,21341.32533,25.0,0.0
GLP,2001,10,Outubro,2001-10,3960285.542039651,1762886.5385739638,33171343.0,18.816493446499965,25.0,5723172.080613615,23.095318415940348,-10900820.464349097
LUBRIFICANTE,2001,10,Outubro,2001-10,365098.31126,126702.55447348862,6649881.0,52.48419045404036,25.0,491800.8657334886,32.08074625482641,3482317.1381627847
NAFTA,2001,10,Outubro,2001-10,5227240.94765,652227.1768168056,13423962.0,20.581727467284697,25.0,5879468.124466806,24.509867668398755,-2881717.4204201396
OUTROS ENERGÉTICOS,2001,10,Outubro,2001-10,21561.46868,0.0,0.0,,25.0,21561.46868,25.0,0.0
OUTROS NÃO ENERGÉTICOS,2001,10,Outubro,2001-10,369560.85166511143,2126.1570539199997,932104.0,438.3984702736226,25.0,371687.0087190314,27.364758662620954,878950.073652
PARAFINA,2001,10,Outubro,2001-10,64861.33627248418,4263.309923000001,437757.0,102.68007907151157,25.0,69124.64619548418,29.790972108391568,331174.251925
QUEROSENE DE AVIAÇÃO,2001,10,Outubro,2001-10,1712495.11965,759985.3617246201,24415245.0,32.125941142596425,25.0,2472480.48137462,27.190355393169213,5415610.956884496
QUEROSENE ILUMINANTE,2001,10,Outubro,2001-10,145457.98881475002,0.0,0.0,,25.0,145457.98881475002,25.0,0.0
SOLVENTE,2001,10,Outubro,2001-10,320719.16046718,153167.84189469862,5741751.0,37.48666122714843,25.0,473887.00236187864,29.035888182415334,1912554.9526325343
ÓLEO COMBUSTÍVEL,2001,10,Outubro,2001-10,8679596.945201032,0.0,1911.0,,25.0,8679596.945201032,25.000220171513963,0.0
ÓLEO DIESEL,2001,10,Outubro,2001-10,19877000.840493426,3652455.2615757114,108354127.0,29.666106561221717,25.0,23529456.102069136,25.724315317220977,17042745.460607212
ASFALTO,2001,11,Novembro,2001-11,872503.1260729684,237.06535805769232,89811.0,378.8448921252491,25.0,872740.1914310261,25.096116079988263,83884.36604855768
COQUE,2001,11,Novembro,2001-11,890232.3964981225,1343594.0497429422,6084880.0,4.528808386107519,25.0,2233826.446241065,12.687059892295078,-27504971.243573554
GASOLINA A,2001,11,Novembro,2001-11,9720542.483600643,42.4562175,11235.0,264.6255521938571,25.0,9720584.939818142,25.001046603123733,10173.5945625
GASOLINA DE AVIAÇÃO,2001,11,Novembro,2001-11,42254.94358,0.0,0.0,,25.0,42254.94358,25.0,0.0
GLP,2001,11,Novembro,2001-11,3816113.9926255355,2602281.5016934727,45998179.0,17.676096521481636,25.0,6418395.494319009,22.030588320834074,-19058858.542336818
LUBRIFICANTE,2001,11,Novembro,2001-11,267172.25937,37586.44646768182,3481233.0,92.61937020285463,25.0,304758.7058376818,33.339620131021384,2541571.8383079544
NAFTA,2001,11,Novembro,2001-11,5133687.347958375,1608499.0778836529,30864527.0,19.18840204783289,25.0,6742186.425842028,23.613513576061656,-9347949.94709132
OUTROS ENERGÉTICOS,2001,11,Novembro,2001-11,49859.32387,0.0,0.0,,25.0,49859.32387,25.0,0.0
OUTROS NÃO ENERGÉTICOS,2001,11,Novembro,2001-11,555445.5971407866,4519.67506151,770286.0,170.4295086520338,25.0,559965.2722022965,26.173812298889835,657294.12346225
PARAFINA,2001,11,Novembro,2001-11,45985.119406155696,7105.245514000001,774769.0,109.04183373725992,25.0,53090.3649201557,36.24757501757719,597137.8621500001
QUEROSENE DE AVIAÇÃO,2001,11,Novembro,2001-11,1532644.2925100003,1145645.412193152,34313327.0,29.95108838633824,25.0,2678289.704703152,27.117840980835897,5672191.6951712025
QUEROSENE ILUMINANTE,2001,11,Novembro,2001-11,141417.64759372,0.0,0.0,,25.0,141417.64759372,25.0,0.0
SOLVENTE,2001,11,Novembro,2001-11,259221.29796938002,161196.62926849318,5393846.0,33.461282810175106,25.0,420417.9272378732,28.2442248056562,1363930.2682876708
ÓLEO COMBUSTÍVEL,2001,11,Novembro,2001-11,7256663.645524895,83808.9712717551,1846936.0,22.037449833517353,25.0,7340472.61679665,24.966175436548088,-248288.28179387742
ÓLEO DIESEL,2001,11,Novembro,2001-11,18527127.935180336,4928400.578596061,139325664.0,28.26995528835225,25.0,23455528.5137764,25.687072539236667,16115649.535098478
ASFALTO,2001,12,Dezembro,2001-12,1018499.1363321891,315.13157678846153,18983.0,60.23833026654363,25.0,1018814.2679089776,25.010899641799362,11104.710580288462
COQUE,2001,12,Dezembro,2001-12,1036714.2142491336,1515767.4682701058,7802389.0,5.147484138120871,25.0,2552481.6825192394,13.210768401263216,-30091797.706752647
GASOLINA A,2001,12,Dezembro,2001-12,10269038.7351909,19.61197701388889,4205.0,214.40979647396517,25.0,10269058.347167915,25.000361737215727,3714.700574652778
GASOLINA DE AVIAÇÃO,2001,12,Dezembro,2001-12,64432.81364,0.0,0.0,,25.0,64432.81364,25.0,0.0
GLP,2001,12,Dezembro,2001-12,3980371.570592312,725367.9811270726,10937482.0,15.078528808240755,25.0,4705739.551719384,23.470651116773503,-7196717.528176814
LUBRIFICANTE,2001,12,Dezembro,2001-12,423485.91702973074,102563.15713240909,5055600.0,49.29255437674581,25.0,526049.0741621398,29.736290194328586,2491521.071689773
NAFTA,2001,12,Dezembro,2001-12,4719904.8730500005,1800393.3187211526,28627664.0,15.900783291250312,25.0,6520298.191771153,22.487512306001022,-16382168.968028815
OUTROS ENERGÉTICOS,2001,12,Dezembro,2001-12,134482.42761,0.0,0.0,,25.0,134482.42761,25.0,0.0
OUTROS NÃO ENERGÉTICOS,2001,12,Dezembro,2001-12,480880.3316331236,2368.0631465199995,766503.0,323.68351372995215,25.0,483248.3947796436,26.46363946363344,707301.421337
PARAFINA,2001,12,Dezembro,2001-12,62395.34818004746,5581.9302370000005,633262.0,113.44856942181092,25.0,67977.27841704746,32.26292307623757,493713.744075
QUEROSENE DE AVIAÇÃO,2001,12,Dezembro,2001-12,2002725.82248,491871.0162051771,13589421.0,27.628017411644688,25.0,2494596.8386851773,25.518178158019264,1292645.594870572
QUEROSENE ILUMINANTE,2001,12,Dezembro,2001-12,125021.67908641,0.0,0.0,,25.0,125021.67908641,25.0,0.0
SOLVENTE,2001,12,Dezembro,2001-12,306113.12093043,25772.54817206849,1297093.0,50.32847320102209,25.0,331885.6691024985,26.966880032703926,652779.2956982877
ÓLEO COMBUSTÍVEL,2001,12,Dezembro,2001-12,7984883.714518354,0.3273268469387755,1310.0,4002.115965284777,25.0,7984884.0418452015,25.00016303515768,1301.8168288265306
ÓLEO DIESEL,2001,12,Dezembro,2001-12,16664980.020340582,2969173.551303024,78262224.0,26.35825176526127,25.0,19634153.571643606,25.205401531708954,4032885.2174244025
ASFALTO,2002,1,Janeiro,2002-01,587288.7754574501,359.93437725,23903.0,66.40932767418786,25.0,587648.7098347001,25.025363180960515,14904.640568750001
COQUE,2002,1,Janeiro,2002-01,1020880.9224813888,1636120.950527644,10596052.0,6.476325602078994,25.0,2657001.8730090326,13.593545201807215,-30306971.7631911
GASOLINA A,2002,1,Janeiro,2002-01,10569237.811950352,66.41864643055555,8534.0,128.4880144150902,25.0,10569304.230596783,25.00065032983149,6873.533839236112
GASOLINA DE AVIAÇÃO,2002,1,Janeiro,2002-01,64973.7373,0.0,0.0,,25.0,64973.7373,25.0,0.0
GLP,2002,1,Janeiro,2002-01,4158262.4429577547,2894504.290274636,38014261.0,13.133254328807071,25.0,7052766.73323239,20.129805428695423,-34348346.2568659
LUBRIFICANTE,2002,1,Janeiro,2002-01,417354.05274,160725.53052820452,7609346.0,47.343729244463084,25.0,578079.5832682045,31.212306818538377,3591207.7367948876
NAFTA,2002,1,Janeiro,2002-01,4858991.441579999,794811.0369520555,15288514.0,19.235407271932775,25.0,5653802.478532055,24.189614079869486,-4581761.9238013895
OUTROS ENERGÉTICOS,2002,1,Janeiro,2002-01,15994.98683,0.0,0.0,,25.0,15994.98683,25.0,0.0
OUTROS NÃO ENERGÉTICOS,2002,1,Janeiro,2002-01,507058.8829150078,1638.98611018,671093.0,409.4561850352093,25.0,508697.8690251878,26.238688788795184,630118.3472455
PARAFINA,2002,1,Janeiro,2002-01,79360.89373278196,9806.066916500004,944523.0,96.32026867068541,25.0,89166.96064928196,32.843390892713266,699371.3270874999
QUEROSENE DE AVIAÇÃO,2002,1,Janeiro,2002-01,1880791.5658200001,435112.40770796203,9435157.0,21.68441265488497,25.0,2315903.9735279623,24.37706692108595,-1442653.1926990505
QUEROSENE ILUMINANTE,2002,1,Janeiro,2002-01,134793.32662849003,0.0,0.0,,25.0,134793.32662849003,25.0,0.0
SOLVENTE,2002,1,Janeiro,2002-01,363034.72523596,140076.61047253423,6379080.0,45.539936885114656,25.0,503111.3357084942,30.718743613945705,2877164.738186644
ÓLEO COMBUSTÍVEL,2002,1,Janeiro,2002-01,9334230.719718648,161874.91599588774,3201509.0,19.7776720395724,25.0,9496105.635714537,24.910977833195343,-845363.8998971933
ÓLEO DIESEL,2002,1,Janeiro,2002-01,16634445.356863955,1878164.463744687,48355285.0,25.746033392405458,25.0,18512609.820608642,25.075687513535936,1401173.4063828269
ASFALTO,2002,2,Fevereiro,2002-02,757650.2855642124,82.34812784615384,5679.0,68.96331645340791,25.0,757732.6336920585,25.004777802410604,3620.2968038461536
COQUE,2002,2,Fevereiro,2002-02,894804.2245281506,1610751.8667415192,6749766.0,4.190444313222795,25.0,2505556.09126967,11.622119223221025,-33519030.668537978
GASOLINA A,2002,2,Fevereiro,2002-02,9652149.48607825,0.0,0.0,,25.0,9652149.48607825,25.0,0.0
GASOLINA DE AVIAÇÃO,2002,2,Fevereiro,2002-02,74383.29306,0.0,0.0,,25.0,74383.29306,25.0,0.0
GLP,2002,2,Fevereiro,2002-02,3847299.243008152,1401576.5455689093,18595644.0,13.267662090087205,25.0,5248875.788577061,21.867182554594127,-16443769.639222732
LUBRIFICANTE,2002,2,Fevereiro,2002-02,320767.73038,69448.7441321932,3279018.0,47.21493586346942,25.0,390216.47451219324,28.95370133622321,1542799.39669517
NAFTA,2002,2,Fevereiro,2002-02,4081357.07204,1894214.9550956532,35057230.0,18.507524663814987,25.0,5975572.027135653,22.941930275203067,-12298143.87739133
OUTROS ENERGÉTICOS,2002,2,Fevereiro,2002-02,597.53195,0.0,0.0,,25.0,597.53195,25.0,0.0
OUTROS NÃO ENERGÉTICOS,2002,2,Fevereiro,2002-02,472884.9855094361,1575.6603031,600375.0,381.03073284184717,25.0,474460.6458125361,26.182360428359214,560983.4924225
PARAFINA,2002,2,Fevereiro,2002-02,72029.38827501386,10261.2190455,940005.0,91.60753667101902,25.0,82290.60732051385,33.30562012017282,683474.5238625
QUEROSENE DE AVIAÇÃO,2002,2,Fevereiro,2002-02,1559860.30038,555080.3184880507,12254881.0,22.07767163026122,25.0,2114940.6188680506,24.23301536330157,-1622126.9622012672
QUEROSENE ILUMINANTE,2002,2,Fevereiro,2002-02,107795.93368465999,0.0,0.0,,25.0,107795.93368465999,25.0,0.0
SOLVENTE,2002,2,Fevereiro,2002-02,315421.69379088003,134842.98881420548,5822051.0,43.176519974812784,25.0,450264.68260508555,30.443412229145547,2450976.2796448627
ÓLEO COMBUSTÍVEL,2002,2,Fevereiro,2002-02,8178198.992342669,69891.05299443878,622707.0,8.909681186940318,25.0,8248090.045337107,24.86365700196293,-1124569.3248609696
ÓLEO DIESEL,2002,2,Fevereiro,2002-02,16011731.689351542,2094488.618378434,44383170.0,21.190456520294543,25.0,18106220.307729974,24.559320204667213,-7979045.459460855
ASFALTO,2002,3,Março,2002-03,898372.3344307626,696.6932238076923,44934.0,64.49610598251361,25.0,899069.0276545703,25.030605736109706,27516.669404807693
COQUE,2002,3,Março,2002-03,1033354.3210489743,591190.7389469326,6041956.0,10.219977415008776,25.0,1624545.059995907,19.621378816235893,-8737812.473673314
GASOLINA A,2002,3,Março,2002-03,9905035.31002703,377.51963770833333,8977.0,23.778895462215694,25.0,9905412.829664737,24.999953460703697,-460.9909427083332
GASOLINA DE AVIAÇÃO,2002,3,Março,2002-03,0.0,0.0,0.0,,25.0,0.0,,0.0
GLP,2002,3,Março,2002-03,4186530.492841901,1612433.1512081637,22665239.0,14.056544907314386,25.0,5798963.6440500645,21.95711322516928,-17645589.78020409
LUBRIFICANTE,2002,3,Março,2002-03,361494.25013,174897.3158645455,7393216.0,42.271752219032905,25.0,536391.5659945455,30.631675244157513,3020783.1033863625
NAFTA,2002,3,Março,2002-03,4643508.840790001,2309728.1988448333,43913504.0,19.01241194611665,25.0,6953237.039634834,23.011041347750865,-13829700.97112083
OUTROS ENERGÉTICOS,2002,3,Março,2002-03,0.0,0.0,0.0,,25.0,0.0,,0.0
OUTROS NÃO ENERGÉTICOS,2002,3,Março,2002-03,482149.59473607526,2645.33684075,1325444.0,501.04923485820166,25.0,484794.93157682527,27.59761498513457,1259310.57898125
PARAFINA,2002,3,Março,2002-03,75834.96630085947,9407.2009165,820742.0,87.24614338367523,25.0,85242.16721735947,31.869393355454847,585561.9770875
QUEROSENE DE AVIAÇÃO,2002,3,Março,2002-03,1988479.4028300003,750287.4301187975,17375495.0,23.158451418076982,25.0,2738766.832948798,24.49550624889002,-1381690.7529699367
QUEROSENE ILUMINANTE,2002,3,Março,2002-03,102521.69527669,0.0,0.0,,25.0,102521.69527669,25.0,0.0
SOLVENTE,2002,3,Março,2002-03,391836.39420696005,80271.40822163013,4030547.0,50.211489860394884,25.0,472107.8024285902,29.286651870714117,2023761.7944592466
ÓLEO COMBUSTÍVEL,2002,3,Março,2002-03,9645551.313722279,2.0666518571428574,2889.0,1397.9132431110277,25.0,9645553.380374135,25.000294159763747,2837.3337035714285
ÓLEO DIESEL,2002,3,Março,2002-03,18568844.066967417,3048505.8942135544,66251466.0,21.732438216948694,25.0,21617349.96118097,24.53920432554284,-9961181.355338858
ASFALTO,2002,4,Abril,2002-04,873922.521559607,520.9656090384615,46430.0,89.12296549803962,25.0,874443.4871686455,25.03820242275713,33405.859774038465
COQUE,2002,4,Abril,2002-04,1004812.4653326909,1217258.3957212404,9356049.0,7.686165100924547,25.0,2222070.8610539315,15.515419079374043,-21075410.89303101
GASOLINA A,2002,4,Abril,2002-04,10034743.2497928,109678.7890070278,2677185.0,24.40932311742115,25.0,10144422.038799828,24.99361375887873,-64784.72517569474
GASOLINA DE AVIAÇÃO,2002,4,Abril,2002-04,65741.09412,0.0,0.0,,25.0,65741.09412,25.0,0.0
GLP,2002,4,Abril,2002-04,4138524.019967573,1685111.059492818,29291587.0,17.382585459273013,25.0,5823635.079460392,22.795845839895957,-12836189.487320451
LUBRIFICANTE,2002,4,Abril,2002-04,452457.48235000006,69536.444096625,4511130.0,64.8743268167627,25.0,521993.92644662503,30.311783829476973,2772718.8975843745
NAFTA,2002,4,Abril,2002-04,4577862.09382,1722106.1939337223,40140121.0,23.308737371363783,25.0,6299968.287753723,24.53769071282396,-2912533.848343058
OUTROS ENERGÉTICOS,2002,4,Abril,2002-04,122902.8874,0.0,0.0,,25.0,122902.8874,25.0,0.0
OUTROS NÃO ENERGÉTICOS,2002,4,Abril,2002-04,412470.17141673836,4958.0056306,896481.0,180.81484104557404,25.0,417428.17704733834,26.85069169192043,772530.8592350001
PARAFINA,2002,4,Abril,2002-04,58575.23730866214,6419.410768000001,691658.0,107.74477985547098,25.0,64994.64807666214,33.172561072620525,531172.7307999999
QUEROSENE DE AVIAÇÃO,2002,4,Abril,2002-04,2005688.3229900002,885517.4295135441,24706013.0,27.90008663473983,25.0,2891205.752503544,25.888237462843197,2568077.2621613974
QUEROSENE ILUMINANTE,2002,4,Abril,2002-04,78419.42639814,0.0,0.0,,25.0,78419.42639814,25.0,0.0
SOLVENTE,2002,4,Abril,2002-04,337815.0967701499,48203.95788831507,1877246.0,38.94381462097858,25.0,386019.054658465,26.741227653611073,672147.0527921233
ÓLEO COMBUSTÍVEL,2002,4,Abril,2002-04,8569557.473290393,38715.54554770408,622739.0,16.084985790337903,25.0,8608273.018838096,24.959904891731796,-345149.638692602
ÓLEO DIESEL,2002,4,Abril,2002-04,17728035.540177986,3999952.6383729395,96086480.0,24.021904429119715,25.0,21727988.178550925,24.819940257368806,-3912335.9593234826
ASFALTO,2002,5,Maio,2002-05,876519.2769539495,353.5901362019231,34697.0,98.12773730821989,25.0,876872.8670901514,25.029488022226936,25857.246594951925
COQUE,2002,5,Maio,2002-05,951167.7198795988,1153489.622724096,7493668.0,6.496519649914887,25.0,2104657.3426036946,14.858884799889548,-21343572.5681024
GASOLINA A,2002,5,Maio,2002-05,10176341.163341122,116409.48848048612,3193471.0,27.433081630071126,25.0,10292750.651821608,25.027517793597546,283233.78798784706
GASOLINA DE AVIAÇÃO,2002,5,Maio,2002-05,42726.67933,0.0,0.0,,25.0,42726.67933,25.0,0.0
GLP,2002,5,Maio,2002-05,3997792.7826516246,2178830.4502200186,39170570.0,17.97779629711185,25.0,6176623.232871643,22.52288739677795,-15300191.255500467
LUBRIFICANTE,2002,5,Maio,2002-05,464276.03534,100007.96470497728,5368956.0,53.685284125503195,25.0,564284.0000449773,30.08388840042764,2868756.8823755686
NAFTA,2002,5,Maio,2002-05,4961678.87964,1589220.705403486,38108879.0,23.97960136715219,25.0,6550899.585043486,24.752455580484007,-1621638.635087152
OUTROS ENERGÉTICOS,2002,5,Maio,2002-05,16164.8117,0.0,0.0,,25.0,16164.8117,25.0,0.0
OUTROS NÃO ENERGÉTICOS,2002,5,Maio,2002-05,482041.89944905584,2477.1095824900003,721322.0,291.19503032842186,25.0,484519.00903154584,26.36092547071733,659394.26043775
PARAFINA,2002,5,Maio,2002-05,86849.53499576723,10037.4398785,860043.0,85.68350200953087,25.0,96886.97487426722,31.28677904153736,609107.0030375
QUEROSENE DE AVIAÇÃO,2002,5,Maio,2002-05,1978755.3565700003,187319.02110082278,5447969.0,29.083907058577246,25.0,2166074.377670823,25.353170454516906,764993.4724794303
QUEROSENE ILUMINANTE,2002,5,Maio,2002-05,79978.71432581,0.0,0.0,,25.0,79978.71432581,25.0,0.0
SOLVENTE,2002,5,Maio,2002-05,394787.25227865,121664.34626539725,6602734.0,54.27008160301021,25.0,516451.5985440473,31.895370937769197,3561125.343365068
ÓLEO COMBUSTÍVEL,2002,5,Maio,2002-05,7947461.624033926,0.0,0.0,,25.0,7947461.624033926,25.0,0.0
ÓLEO DIESEL,2002,5,Maio,2002-05,17485753.698843643,3180568.086294482,85878425.0,27.0009704775893,25.0,20666321.785138126,25.30795140561562,6364222.842637951
ASFALTO,2002,6,Junho,2002-06,1143078.8644495823,401.44712325,26148.0,65.13435639621314,25.0,1143480.3115728323,25.014090161199704,16111.82191875
COQUE,2002,6,Junho,2002-06,798016.2309335351,911862.452958125,4838464.0,5.306133599759255,25.0,1709878.68389166,14.497443594605937,-17958097.323953126
GASOLINA A,2002,6,Junho,2002-06,9191262.47584397,19001.175311958337,543516.0,28.60433584115924,25.0,9210263.651155928,25.00743590192366,68486.61720104155
GASOLINA DE AVIAÇÃO,2002,6,Junho,2002-06,64502.00155,0.0,0.0,,25.0,64502.00155,25.0,0.0
GLP,2002,6,Junho,2002-06,3743941.5754650882,981409.8270291272,18498168.0,18.848566104128682,25.0,4725351.402494215,23.722406618787847,-6037077.6757281795
LUBRIFICANTE,2002,6,Junho,2002-06,453891.55903,112198.00245059091,5495153.0,48.977280165214374,25.0,566089.561480591,29.752256748382848,2690202.938735227
NAFTA,2002,6,Junho,2002-06,4463810.981829201,1218188.3689933056,29531682.0,24.2422951586745,25.0,5681999.3508225065,24.83755238819254,-923027.2248326405
OUTROS ENERGÉTICOS,2002,6,Junho,2002-06,126808.85941,0.0,0.0,,25.0,126808.85941,25.0,0.0
OUTROS NÃO ENERGÉTICOS,2002,6,Junho,2002-06,536417.1783742819,1961.4395096400003,829355.0,422.82976147055314,25.0,538378.6178839218,26.449387078792274,780319.0122590001
PARAFINA,2002,6,Junho,2002-06,71486.97646993083,7295.3895385,659146.0,90.35103561248994,25.0,78782.36600843084,31.051624058694546,476761.2615375
QUEROSENE DE AVIAÇÃO,2002,6,Junho,2002-06,1747114.23389,627541.0793699494,17745015.0,28.277057205268502,25.0,2374655.3132599494,25.86601537674455,2056488.0157512655
QUEROSENE ILUMINANTE,2002,6,Junho,2002-06,94146.56795910001,0.0,0.0,,25.0,94146.56795910001,25.0,0.0
SOLVENTE,2002,6,Junho,2002-06,384311.91337339,111017.8261313836,5329540.0,48.006164286560406,25.0,495329.7395047736,30.15635170476332,2554094.34671541
ÓLEO COMBUSTÍVEL,2002,6,Junho,2002-06,8607418.517679445,0.0,0.0,,25.0,8607418.517679445,25.0,0.0
ÓLEO DIESEL,2002,6,Junho,2002-06,15643968.578401595,3021341.652237663,82376251.0,27.264791765271095,25.0,18665310.230639257,25.366600373072078,6842709.694058424
ASFALTO,2002,7,Julho,2002-07,975410.2815741274,1020.6849656442307,82595.0,80.92114881683214,25.0,976430.9665397716,25.058455618282125,57077.87585889423
COQUE,2002,7,Julho,2002-07,951805.9747535398,1787153.0112996541,11583129.0,6.481330320774555,25.0,2738958.986053194,12.916687890904914,-33095696.282491356
GASOLINA A,2002,7,Julho,2002-07,10131303.393963583,153170.05589345837,4295891.0,28.046545879621046,25.0,10284473.449857041,25.045373212827926,466639.6026635409
GASOLINA DE AVIAÇÃO,2002,7,Julho,2002-07,51909.80193,0.0,0.0,,25.0,51909.80193,25.0,0.0
GLP,2002,7,Julho,2002-07,4301107.366315656,2132808.459378891,38399034.0,18.003976789918784,25.0,6433915.825694548,22.680855968789185,-14921177.484472282
LUBRIFICANTE,2002,7,Julho,2002-07,463911.22636,138606.49878175,6665764.0,48.0912804131639,25.0,602517.72514175,30.312045433523586,3200601.53045625
NAFTA,2002,7,Julho,2002-07,4956363.1725147,1452673.6563968332,35469060.0,24.416399267524653,25.0,6409036.828911534,24.86772093333956,-847781.409920832
OUTROS ENERGÉTICOS,2002,7,Julho,2002-07,24417.04242,0.0,0.0,,25.0,24417.04242,25.0,0.0
OUTROS NÃO ENERGÉTICOS,2002,7,Julho,2002-07,656354.8612782125,6581.594285900001,1249218.0,189.80477156974675,25.0,662936.4555641125,26.63617211536438,1084678.1428525
PARAFINA,2002,7,Julho,2002-07,77495.21043653198,19355.793393500007,1417130.0,73.21477199048299,25.0,96851.00383003199,34.635782059629186,933235.1651624998
QUEROSENE DE AVIAÇÃO,2002,7,Julho,2002-07,2309674.84029,504209.7364821772,14833804.0,29.419907880982272,25.0,2813884.5767721776,25.79198720741487,2228560.58794557
QUEROSENE ILUMINANTE,2002,7,Julho,2002-07,149681.02385703998,0.0,0.0,,25.0,149681.02385703998,25.0,0.0
SOLVENTE,2002,7,Julho,2002-07,397255.79513992,138283.67859158904,6104335.0,44.143568222745344,25.0,535539.4737315091,29.9431333544191,2647243.0352102746
ÓLEO COMBUSTÍVEL,2002,7,Julho,2002-07,9486733.355442498,50900.39653394899,864093.0,16.97615458503701,25.0,9537633.751976447,24.95717838155988,-408416.9133487247
ÓLEO DIESEL,2002,7,Julho,2002-07,17639180.14231633,3743415.5004523983,102628881.0,27.415840156562133,25.0,21382595.64276873,25.422937123246236,9043493.48869004
ASFALTO,2002,8,Agosto,2002-08,1001062.2318291311,335.57950718269234,33398.0,99.52335969615046,25.0,1001397.8113363138,25.024973603933745,25008.51232043269
COQUE,2002,8,Agosto,2002-08,972960.5316357024,506862.1071770289,5036060.0,9.935759506758874,25.0,1479822.6388127313,19.840264989085643,-7635492.679425722
GASOLINA A,2002,8,Agosto,2002-08,9895328.78717769,114279.53168245834,3195356.0,27.96087762136393,25.0,10009608.318860147,25.033804290553608,338367.70793854125
GASOLINA DE AVIAÇÃO,2002,8,Agosto,2002-08,40217.04514,0.0,0.0,,25.0,40217.04514,25.0,0.0
GLP,2002,8,Agosto,2002-08,3833577.8794303625,2211453.727694891,40632243.0,18.37354428498625,25.0,6045031.607125253,22.5758439087234,-14654100.192372274
LUBRIFICANTE,2002,8,Agosto,2002-08,403258.58853,108601.76069802277,5649924.0,52.02423942011526,25.0,511860.3492280228,30.733751377647742,2934879.982549431
NAFTA,2002,8,Agosto,2002-08,4597839.05872404,864428.9428240277,22136264.0,25.60796255581448,25.0,5462268.001548068,25.09621286052797,525540.429399306
OUTROS ENERGÉTICOS,2002,8,Agosto,2002-08,130934.97477,0.0,0.0,,25.0,130934.97477,25.0,0.0
OUTROS NÃO ENERGÉTICOS,2002,8,Agosto,2002-08,518598.66881512525,1714.1493396800001,728612.0,425.05748077703566,25.0,520312.8181548052,26.317973039641647,685758.2665080001
PARAFINA,2002,8,Agosto,2002-08,75079.8324175694,9520.103005999998,877878.0,92.21307788862387,25.0,84599.9354235694,32.563545074193186,639875.4248500001
QUEROSENE DE AVIAÇÃO,2002,8,Agosto,2002-08,2070353.8596,272537.4195292911,8314263.0,30.506867696772993,25.0,2342891.279129291,25.64058777508681,1500827.5117677222
QUEROSENE ILUMINANTE,2002,8,Agosto,2002-08,177616.22118206,0.0,0.0,,25.0,177616.22118206,25.0,0.0
SOLVENTE,2002,8,Agosto,2002-08,326749.59757221,83512.36637489042,3998307.0,47.876825595522426,25.0,410261.96394710045,29.65677544719715,1910497.8406277397
ÓLEO COMBUSTÍVEL,2002,8,Agosto,2002-08,9050759.854274273,1.1103440102040816,1621.0,1459.9079070116834,25.0,9050760.964618282,25.000176033971726,1593.241399744898
ÓLEO DIESEL,2002,8,Agosto,2002-08,18304662.422721457,2890642.2952658804,79923951.0,27.649201400980893,25.0,21195304.717987336,25.361301416528075,7657893.618352993
ASFALTO,2002,9,Setembro,2002-09,949156.871008723,1256.280685403846,136670.0,108.7893824906381,25.0,950413.1516941269,25.11075497290549,105262.98286490385
COQUE,2002,9,Setembro,2002-09,937653.0213642103,811521.1261239134,6082570.0,7.495270060377005,25.0,1749174.1474881237,16.87876280157846,-14205458.153097836
GASOLINA A,2002,9,Setembro,2002-09,8986107.598408341,74004.66396969445,2189926.0,29.591729527976693,25.0,9060112.262378035,25.037506091637376,339809.40075763885
GASOLINA DE AVIAÇÃO,2002,9,Setembro,2002-09,0.0,0.0,0.0,,25.0,0.0,,0.0
GLP,2002,9,Setembro,2002-09,3420966.1404596777,1070614.4855532183,20228830.0,18.89459770343679,25.0,4491580.626012896,23.5447145040714,-6536532.138830458
LUBRIFICANTE,2002,9,Setembro,2002-09,434934.07169,209710.07048240912,9652829.0,46.029401343459554,25.0,644644.1421724091,31.841103407964116,4410077.237939772
NAFTA,2002,9,Setembro,2002-09,4363914.206669999,794549.4507428334,19900763.0,25.046600915014853,25.0,5158463.657412833,25.007177860287133,37026.73142916489
OUTROS ENERGÉTICOS,2002,9,Setembro,2002-09,22982.96574,0.0,0.0,,25.0,22982.96574,25.0,0.0
OUTROS NÃO ENERGÉTICOS,2002,9,Setembro,2002-09,533862.53210422,1249.4518870699999,611750.0,489.614691314422,25.0,535111.98399129,26.08484526639325,580513.70282325
PARAFINA,2002,9,Setembro,2002-09,63351.155282740605,16491.759092000008,1202267.0,72.9010770344813,25.0,79842.91437474062,34.89409052620852,789973.0226999999
QUEROSENE DE AVIAÇÃO,2002,9,Setembro,2002-09,2159549.65521,436674.99555658223,14437966.0,33.06341363007857,25.0,2596224.650766582,26.356235143228375,3521091.1110854447
QUEROSENE ILUMINANTE,2002,9,Setembro,2002-09,151222.78208424,0.0,0.0,,25.0,151222.78208424,25.0,0.0
SOLVENTE,2002,9,Setembro,2002-09,340109.48108233,58032.165125150685,3061575.0,52.75651862027697,25.0,398141.6462074807,29.04572314203931,1610770.8718712328
ÓLEO COMBUSTÍVEL,2002,9,Setembro,2002-09,7752836.633979829,50939.784864530615,1113059.0,21.850484900163433,25.0,7803776.41884436,24.979441284193403,-160435.62161326536
ÓLEO DIESEL,2002,9,Setembro,2002-09,17563931.64937381,5669299.88876547,160096327.0,28.239170645612486,25.0,23233231.53813928,25.790412205496143,18363829.78086324
ASFALTO,2002,10,Outubro,2002-10,971391.7122856386,159.60997664423076,32162.0,201.50369466996926,25.0,971551.3222622828,25.02899666743111,28171.75058389423
COQUE,2002,10,Outubro,2002-10,948230.6517803117,1241906.6854250482,7738014.0,6.230753156266028,25.0,2190137.3372053597,14.356990203468435,-23309653.135626208
GASOLINA A,2002,10,Outubro,2002-10,9800628.118406642,166627.39267141666,5151134.0,30.914088718640965,25.0,9967255.51107806,25.098868658691384,985449.1832145834
GASOLINA DE AVIAÇÃO,2002,10,Outubro,2002-10,21976.59614,0.0,0.0,,25.0,21976.59614,25.0,0.0
GLP,2002,10,Outubro,2002-10,4179844.73299041,1934427.0057135448,40369959.0,20.869207719269244,25.0,6114271.738703955,23.693104185694498,-7990716.14283862
LUBRIFICANTE,2002,10,Outubro,2002-10,456363.45436,109650.76520330684,5894695.0,53.75881316532963,25.0,566014.2195633068,30.571283831615165,3153425.8699173285
NAFTA,2002,10,Outubro,2002-10,4718596.59257,1550539.623129639,43229078.0,27.88002148100259,25.0,6269136.215699639,25.712313031351265,4465587.421759021
OUTROS ENERGÉTICOS,2002,10,Outubro,2002-10,104624.69954,0.0,0.0,,25.0,104624.69954,25.0,0.0
OUTROS NÃO ENERGÉTICOS,2002,10,Outubro,2002-10,665212.851212384,2720.9780958099996,812908.0,298.75580448508094,25.0,667933.829308194,26.115205601094132,744883.54760475
PARAFINA,2002,10,Outubro,2002-10,88368.30453103902,8349.170499000003,705384.0,84.4855186613431,25.0,96717.47503003902,30.135108597187287,496654.73752499995
QUEROSENE DE AVIAÇÃO,2002,10,Outubro,2002-10,2175217.5719200005,364211.44008821517,12762376.0,35.04111786524015,25.0,2539429.0120082158,26.44012294909655,3657089.997794621
QUEROSENE ILUMINANTE,2002,10,Outubro,2002-10,175630.36463,0.0,0.0,,25.0,175630.36463,25.0,0.0
SOLVENTE,2002,10,Outubro,2002-10,345876.20532348996,55113.21939535616,3034802.0,55.064865259090865,25.0,400989.4247188461,29.1322075171381,1656971.5151160962
ÓLEO COMBUSTÍVEL,2002,10,Outubro,2002-10,8646611.216314476,0.0,0.0,,25.0,8646611.216314476,25.0,0.0
ÓLEO DIESEL,2002,10,Outubro,2002-10,19011296.32478022,5666657.342554279,167550180.0,29.567727475202478,25.0,24677953.667334497,26.048861132696125,25883746.436143037
ASFALTO,2002,11,Novembro,2002-11,857673.7766192177,72.68359286538463,17955.0,247.0296155179613,25.0,857746.4602120831,25.01881431276834,16137.910178365384
COQUE,2002,11,Novembro,2002-11,931000.4869567858,1356273.5809556344,5674206.0,4.18367361841697,25.0,2287274.0679124203,12.656645996227903,-28232633.52389086
GASOLINA A,2002,11,Novembro,2002-11,9764447.61544243,124843.59953965279,3774068.0,30.230368348209005,25.0,9889291.214982083,25.0660287979506,652978.0115086803
GASOLINA DE AVIAÇÃO,2002,11,Novembro,2002-11,22681.05486,0.0,0.0,,25.0,22681.05486,25.0,0.0
GLP,2002,11,Novembro,2002-11,4080533.5349236014,1731849.0251242546,38355302.0,22.147024043997213,25.0,5812382.560047856,24.1499314477219,-4940923.628106365
LUBRIFICANTE,2002,11,Novembro,2002-11,401899.98957,175570.2969445,8481189.0,48.30651395822957,25.0,577470.2865144999,32.08596038955634,4091931.5763875004
NAFTA,2002,11,Novembro,2002-11,4960697.66928,3220272.1765892506,81951607.0,25.448658531341597,25.0,8180969.845869251,25.176605294053033,1444802.5852687394
OUTROS ENERGÉTICOS,2002,11,Novembro,2002-11,86176.68681,0.0,0.0,,25.0,86176.68681,25.0,0.0
OUTROS NÃO ENERGÉTICOS,2002,11,Novembro,2002-11,648338.937044396,2624.0080950399997,884071.0,336.9162624425987,25.0,650962.9451394359,26.25732317597384,818470.797624
PARAFINA,2002,11,Novembro,2002-11,59344.61147024036,7198.909989500002,572730.0,79.55787762805168,25.0,66543.52145974035,30.902261281740596,392757.25026249996
QUEROSENE DE AVIAÇÃO,2002,11,Novembro,2002-11,1816585.18534,308701.75696524046,10010786.0,32.4286654485326,25.0,2125286.942305241,26.07902703875909,2293242.0758689893
QUEROSENE ILUMINANTE,2002,11,Novembro,2002-11,124845.42603059,0.0,0.0,,25.0,124845.42603059,25.0,0.0
SOLVENTE,2002,11,Novembro,2002-11,343081.26535188995,150493.59562243838,6301039.0,41.869150470749496,25.0,493574.86097432836,30.143493541035678,2538699.1094390405
ÓLEO COMBUSTÍVEL,2002,11,Novembro,2002-11,8223031.28718076,0.0,0.0,,25.0,8223031.28718076,25.0,0.0
ÓLEO DIESEL,2002,11,Novembro,2002-11,18374356.530089594,2461860.665641097,74262585.0,30.165226666335794,25.0,20836217.19573069,25.610286802039006,12716068.358972583
ASFALTO,2002,12,Dezembro,2002-12,580040.8868138498,460.08145781730775,66910.0,145.43076853701214,25.0,580500.9682716671,25.095448529086063,55407.96355456731
COQUE,2002,12,Dezembro,2002-12,984663.1647641151,841609.2184851635,7906254.0,9.394210313226717,25.0,1826272.3832492786,17.808314585165384,-13133976.462129088
GASOLINA A,2002,12,Dezembro,2002-12,9946339.41044971,153623.813269875,4924279.0,32.054138581688434,25.0,10099963.223719586,25.10729580338551,1083683.668253125
GASOLINA DE AVIAÇÃO,2002,12,Dezembro,2002-12,0.0,0.0,0.0,,25.0,0.0,,0.0
GLP,2002,12,Dezembro,2002-12,4202261.70720114,1269787.7691174727,27396528.0,21.575674822447787,25.0,5472049.476318613,24.20538616349242,-4348166.227936817
LUBRIFICANTE,2002,12,Dezembro,2002-12,426304.45236999996,113144.27577504542,5998978.0,53.02060540762334,25.0,539448.7281450453,30.87705733689565,3170371.1056238646
NAFTA,2002,12,Dezembro,2002-12,4256251.5289,3049851.0762804863,79050331.0,25.919406889993983,25.0,7306102.605180487,25.38379615569587,2804054.0929878433
OUTROS ENERGÉTICOS,2002,12,Dezembro,2002-12,154980.9184,0.0,0.0,,25.0,154980.9184,25.0,0.0
OUTROS NÃO ENERGÉTICOS,2002,12,Dezembro,2002-12,598550.9829456144,3946.6041826000005,896156.0,227.0701490539691,25.0,602497.5871282144,26.323641641846592,797490.895435
PARAFINA,2002,12,Dezembro,2002-12,49591.17800948098,10849.745828500003,1002921.0,92.43728063799773,25.0,60440.92383798098,37.105661327229996,731677.3542874999
QUEROSENE DE AVIAÇÃO,2002,12,Dezembro,2002-12,1110094.8567100002,935115.4316825061,29963569.0,32.04264199350027,25.0,2045210.2883925063,28.220051867191398,6585683.207937349
QUEROSENE ILUMINANTE,2002,12,Dezembro,2002-12,76738.04067875001,0.0,0.0,,25.0,76738.04067875001,25.0,0.0
SOLVENTE,2002,12,Dezembro,2002-12,387320.78236271004,57595.87633178081,2044423.0,35.49599607136993,25.0,444916.65869449085,26.358740069385863,604526.0917054798
ÓLEO COMBUSTÍVEL,2002,12,Dezembro,2002-12,7456334.3914390765,1.0441084600000001,1533.0,1468.2382709551073,25.0,7456335.435547536,25.00020209623099,1506.8972885
ÓLEO DIESEL,2002,12,Dezembro,2002-12,15913027.635018349,2410576.6543375906,76382950.0,31.686588295193417,25.0,18323604.28935594,25.879659557531667,16118533.64156024
ASFALTO,2003,1,Janeiro,2003-01,453878.12390842545,217.33287880000006,119648.0,550.5287587438885,25.0,454095.45678722544,25.251521296509065,114214.67803
COQUE,2003,1,Janeiro,2003-01,883484.5454263927,1183302.1548805097,7812196.0,6.602029724849845,25.0,2066786.7003069024,14.466567658491316,-21770357.872012742
GASOLINA A,2003,1,Janeiro,2003-01,9786182.915601399,194941.4291464286,6432338.0,32.996259585069545,25.0,9981124.344747826,25.156175017713267,1558802.2713392852
GASOLINA DE AVIAÇÃO,2003,1,Janeiro,2003-01,66590.21847,0.0,0.0,,25.0,66590.21847,25.0,0.0
GLP,2003,1,Janeiro,2003-01,4300171.434976716,1643847.3698729165,37721894.0,22.94732144318011,25.0,5944018.804849632,24.43232174096255,-3374290.246822913
LUBRIFICANTE,2003,1,Janeiro,2003-01,439871.57254,104929.56483361144,6373319.0,60.739020600211944,25.0,544801.1373736114,31.883392162575465,3750079.879159714
NAFTA,2003,1,Janeiro,2003-01,4950023.86171,1548565.0470382196,42554152.0,27.47973169185817,25.0,6498588.90874822,25.59090148307045,3840025.824044511
OUTROS ENERGÉTICOS,2003,1,Janeiro,2003-01,71049.69376,0.0,0.0,,25.0,71049.69376,25.0,0.0
OUTROS NÃO ENERGÉTICOS,2003,1,Janeiro,2003-01,625809.02703841,2738.2949910416664,881702.0,321.9894141735966,25.0,628547.3220294516,26.293847888171978,813244.6252239584
PARAFINA,2003,1,Janeiro,2003-01,77047.9747860435,7369.847082000003,659635.0,89.50457080867824,25.0,84417.82186804351,30.6313798725238,475388.8229499999
QUEROSENE DE AVIAÇÃO,2003,1,Janeiro,2003-01,1916146.5878300003,316621.11606475594,11130467.0,35.153899835674814,25.0,2232767.7038947563,26.439889645829737,3214939.0983811016
QUEROSENE ILUMINANTE,2003,1,Janeiro,2003-01,155526.25750662,0.0,0.0,,25.0,155526.25750662,25.0,0.0
SOLVENTE,2003,1,Janeiro,2003-01,385631.8362917,183210.1204411741,8837067.0,48.23460067991955,25.0,568841.9567328742,32.48329819660196,4256813.988970647
ÓLEO COMBUSTÍVEL,2003,1,Janeiro,2003-01,7812246.542298697,48163.34769760119,1217639.0,25.281444463642327,25.0,7860409.889996298,25.001724503906246,13555.30755997026
ÓLEO DIESEL,2003,1,Janeiro,2003-01,16606805.121074071,1021471.2418674413,34029963.0,33.31465596406496,25.0,17628276.36294151,25.481793102085042,8493181.953313963
ASFALTO,2003,2,Fevereiro,2003-02,446323.7642008609,520.3544472,44160.0,84.86523030142752,25.0,446844.11864806095,25.06971365968573,31151.138820000004
COQUE,2003,2,Fevereiro,2003-02,840311.5396719516,1651363.1862022115,10013260.0,6.063632811767104,25.0,2491674.725874163,12.449878858451543,-31270819.65505529
GASOLINA A,2003,2,Fevereiro,2003-02,8254628.29493504,35487.11649683289,1249663.0,35.21455455845584,25.0,8290115.411431873,25.043724974815106,362485.08757917775
GASOLINA DE AVIAÇÃO,2003,2,Fevereiro,2003-02,43305.341850000004,5124.488410922866,254632.0,49.689252776384656,25.0,48429.83026092287,27.612435126146103,126519.78972692836
GLP,2003,2,Fevereiro,2003-02,3798084.523763578,1374159.7334429165,36436588.0,26.51554045228003,25.0,5172244.257206494,25.402648165934046,2082594.6639270857
LUBRIFICANTE,2003,2,Fevereiro,2003-02,392748.31602,163744.11171933715,9499417.0,58.01379298623157,25.0,556492.4277393372,34.71408403341055,5405814.207016571
NAFTA,2003,2,Fevereiro,2003-02,5003305.773111881,1754202.9662379632,51162900.0,29.165895272496986,25.0,6757508.739349844,26.081437867996605,7307825.844050921
OUTROS ENERGÉTICOS,2003,2,Fevereiro,2003-02,309087.55321,0.0,0.0,,25.0,309087.55321,25.0,0.0
OUTROS NÃO ENERGÉTICOS,2003,2,Fevereiro,2003-02,519734.5798722707,2426.854757696759,615846.0,253.7630231256515,25.0,522161.43462996744,26.06322411851616,555174.631057581
PARAFINA,2003,2,Fevereiro,2003-02,69054.39797120987,7111.727086500001,549674.0,77.29121116633276,25.0,76166.12505770987,29.882496287630907,371880.82283749996
QUEROSENE DE AVIAÇÃO,2003,2,Fevereiro,2003-02,2068529.8147,124956.39621951188,4222328.0,33.79041111735172,25.0,2193486.210919512,25.500763619595194,1098418.0945122032
QUEROSENE ILUMINANTE,2003,2,Fevereiro,2003-02,140564.73677810002,0.0,0.0,,25.0,140564.73677810002,25.0,0.0
SOLVENTE,2003,2,Fevereiro,2003-02,563177.62418138,156282.59670252047,6257476.0,40.03949340508419,25.0,719460.2208839005,28.266909016247435,2350411.082436988
ÓLEO COMBUSTÍVEL,2003,2,Fevereiro,2003-02,8363349.356077407,144933.2294386772,4089757.0,28.218214800287882,25.0,8508282.585516084,25.054820260063654,466426.2640330703
ÓLEO DIESEL,2003,2,Fevereiro,2003-02,14836038.01894021,2254479.535435763,71371037.0,31.657433956793426,25.0,17090517.554375973,25.878209133594257,15009048.614105918
ASFALTO,2003,3,Março,2003-03,516989.8834679566,182.3001712,29716.0,163.00588092920015,25.0,517172.18363915663,25.048646266206678,25158.495720000003
COQUE,2003,3,Março,2003-03,794903.5531057583,1705304.0222122597,10809598.0,6.3388098891462805,25.0,2500207.575318018,12.271855797309664,-31823002.555306494
GASOLINA A,2003,3,Março,2003-03,9295068.82078449,24778.308083854452,829717.0,33.48561964731739,25.0,9319847.128868345,25.022560380550914,210259.2979036387
GASOLINA DE AVIAÇÃO,2003,3,Março,2003-03,43538.06482,0.0,0.0,,25.0,43538.06482,25.0,0.0
GLP,2003,3,Março,2003-03,4414647.756894634,687181.0563187499,20608925.0,29.990531331586244,25.0,5101828.813213384,25.67219005528946,3429398.5920312526
LUBRIFICANTE,2003,3,Março,2003-03,447262.09929000004,104209.16234380573,6533822.0,62.69911256405349,25.0,551471.2616338058,32.123839834855374,3928592.9414048567
NAFTA,2003,3,Março,2003-03,5407896.98997639,1865571.7756728919,56143078.0,30.094300702930493,25.0,7273468.765649282,26.306637027584642,9503783.608177701
OUTROS ENERGÉTICOS,2003,3,Março,2003-03,158025.18644,0.0,0.0,,25.0,158025.18644,25.0,0.0
OUTROS NÃO ENERGÉTICOS,2003,3,Março,2003-03,663604.3288312258,3243.8675892824076,948003.0,292.244665945108,25.0,666848.1964205082,26.300005480889503,866906.3102679398
PARAFINA,2003,3,Março,2003-03,84021.85083200043,3475.672301000001,443173.0,127.50713002272762,25.0,87497.52313300043,29.071900320348902,356281.192475
QUEROSENE DE AVIAÇÃO,2003,3,Março,2003-03,2113772.4180300003,0.0,0.0,,25.0,2113772.4180300003,25.0,0.0
QUEROSENE ILUMINANTE,2003,3,Março,2003-03,139729.83997832,0.0,0.0,,25.0,139729.83997832,25.0,0.0
SOLVENTE,2003,3,Março,2003-03,527757.36426206,544397.0235257165,25729180.0,47.26179403658072,25.0,1072154.3877877765,36.303646704149834,12119254.411857087
ÓLEO COMBUSTÍVEL,2003,3,Março,2003-03,9957857.996564245,48093.1228692695,1701724.0,35.383936381626945,25.0,10005951.119433515,25.049909890854686,499395.9282682624
ÓLEO DIESEL,2003,3,Março,2003-03,19358743.863137573,1281264.8527788615,47054834.0,36.72529836274325,25.0,20640008.715916436,25.727868524054614,15023212.68052846
ASFALTO,2003,4,Abril,2003-04,504956.86058599636,573.2686244000001,45962.0,80.17532801154988,25.0,505530.1292103964,25.06256854450872,31630.284389999993
COQUE,2003,4,Abril,2003-04,967133.2138923593,1750058.1915562884,10654240.0,6.0879347049171075,25.0,2717191.4054486477,12.819328913473292,-33097214.78890721
GASOLINA A,2003,4,Abril,2003-04,8889852.36535693,35842.541622830184,1329932.0,37.10484635813018,25.0,8925694.90697976,25.04860892781468,433868.4594292454
GASOLINA DE AVIAÇÃO,2003,4,Abril,2003-04,46632.651340000004,0.0,0.0,,25.0,46632.651340000004,25.0,0.0
GLP,2003,4,Abril,2003-04,4306759.208308456,1451295.2285829165,37525757.0,25.856735597925965,25.0,5758054.436891373,25.215936875737203,1243376.2854270854
LUBRIFICANTE,2003,4,Abril,2003-04,339920.20183000003,169015.77040666295,9749458.0,57.68371777699897,25.0,508935.972236663,35.854142841498046,5524063.739833426
NAFTA,2003,4,Abril,2003-04,4829976.54805,1149035.6438499715,35889205.0,31.23419642557757,25.0,5979012.191899972,26.198076483847142,7163313.903750712
OUTROS ENERGÉTICOS,2003,4,Abril,2003-04,79610.12517,0.0,0.0,,25.0,79610.12517,25.0,0.0
OUTROS NÃO ENERGÉTICOS,2003,4,Abril,2003-04,722725.7226100627,3331.662853865741,1043913.0,313.3309238624622,25.0,726057.3854639285,26.32306543241007,960621.4286533565
PARAFINA,2003,4,Abril,2003-04,63235.99416077822,6630.211449000001,664989.0,100.29680125817053,25.0,69866.20560977822,32.14556786672166,499233.71377499995
QUEROSENE DE AVIAÇÃO,2003,4,Abril,2003-04,2051528.4582699998,98848.44977126407,3291773.0,33.301210161789925,25.0,2150376.908041264,25.381589735571442,820561.7557183983
QUEROSENE ILUMINANTE,2003,4,Abril,2003-04,80750.21613059999,0.0,0.0,,25.0,80750.21613059999,25.0,0.0
SOLVENTE,2003,4,Abril,2003-04,479807.94119855994,135969.3867699286,7647092.0,56.241277405623,25.0,615777.3279684886,31.898365915429032,4247857.330751785
ÓLEO COMBUSTÍVEL,2003,4,Abril,2003-04,9307572.777588505,47632.71871181639,983481.0,20.647173342134362,25.0,9355205.496300321,24.977837262059357,-207336.9677954098
ÓLEO DIESEL,2003,4,Abril,2003-04,18095228.048964906,2666272.0968322894,98221800.0,36.8386257789271,25.0,20761500.145797197,26.520362081618774,31564997.57919276
ASFALTO,2003,5,Maio,2003-05,584910.48284735,330.59241360000004,39818.0,120.44438517629672,25.0,585241.0752609499,25.053914858327282,31553.18966
COQUE,2003,5,Maio,2003-05,980582.9948389236,712854.4007232595,8456580.0,11.862983508862376,25.0,1693437.395562183,19.46995794316176,-9364780.018081488
GASOLINA A,2003,5,Maio,2003-05,9720355.018259624,97384.08557955525,3619204.0,37.164224302782934,25.0,9817739.10383918,25.120659333883488,1184601.860511119
GASOLINA DE AVIAÇÃO,2003,5,Maio,2003-05,64256.69896,0.0,0.0,,25.0,64256.69896,25.0,0.0
GLP,2003,5,Maio,2003-05,3994780.936441961,774531.4193958334,16920206.0,21.845732240531266,25.0,4769312.355837795,24.487750161319283,-2443079.484895834
LUBRIFICANTE,2003,5,Maio,2003-05,529407.01789,114228.07489660571,7444324.0,65.17070349595122,25.0,643635.0927866057,32.12922924652618,4588622.127584857
NAFTA,2003,5,Maio,2003-05,4261679.63493,1916324.091285712,61335157.0,32.006672190218424,25.0,6178003.726215712,27.17336461952603,13427054.717857191
OUTROS ENERGÉTICOS,2003,5,Maio,2003-05,77760.92103,0.0,0.0,,25.0,77760.92103,25.0,0.0
OUTROS NÃO ENERGÉTICOS,2003,5,Maio,2003-05,755438.1210440868,2974.7379759837963,941542.0,316.5125828229009,25.0,758412.8590200705,26.143405653381016,867173.5506004051
PARAFINA,2003,5,Maio,2003-05,73568.05897492358,9926.171605500002,823854.0,82.99816210546975,25.0,83494.23058042358,31.89508371848487,575699.7098625
QUEROSENE DE AVIAÇÃO,2003,5,Maio,2003-05,1932663.6288899998,245363.04774818523,8028267.0,32.719951409469644,25.0,2178026.676638185,25.869682096464988,1894190.8062953702
QUEROSENE ILUMINANTE,2003,5,Maio,2003-05,67065.25008044,0.0,0.0,,25.0,67065.25008044,25.0,0.0
SOLVENTE,2003,5,Maio,2003-05,541790.74804736,502914.10639409197,16750040.0,33.30596574452494,25.0,1044704.854441452,28.9984377620041,4177187.3401476988
ÓLEO COMBUSTÍVEL,2003,5,Maio,2003-05,7689186.343272759,0.012418183613030605,1329.0,107020.4823357144,25.0,7689186.355690942,25.000172799758513,1328.689545409674
ÓLEO DIESEL,2003,5,Maio,2003-05,18167041.81626409,2900589.8511107513,96553630.0,33.287584579745314,25.0,21067631.667374842,26.141033985298762,24038883.722231217
ASFALTO,2003,6,Junho,2003-06,522808.1826647398,217.85447280000002,33964.0,155.9022386066888,25.0,523026.03713753977,25.05452431839928,28517.638179999998
COQUE,2003,6,Junho,2003-06,947925.8261447537,1076829.3095820001,8452989.0,7.849887558578111,25.0,2024755.1357267539,15.879023634173276,-18467743.739550002
GASOLINA A,2003,6,Junho,2003-06,9865807.68344908,128971.36729339624,4183518.0,32.43757190293981,25.0,9994779.050742477,25.09597348903814,959233.817665094
GASOLINA DE AVIAÇÃO,2003,6,Junho,2003-06,26782.01098,0.0,0.0,,25.0,26782.01098,25.0,0.0
GLP,2003,6,Junho,2003-06,4064077.0696381354,1378399.2704854168,32205822.0,23.3646539791467,25.0,5442476.340123552,24.58582093494517,-2254159.76213542
LUBRIFICANTE,2003,6,Junho,2003-06,397201.5015,96225.35196118857,6440217.0,66.928484736513,25.0,493426.8534611886,33.17665915964915,4034583.200970286
NAFTA,2003,6,Junho,2003-06,3925734.59302,890430.9300055557,24860362.0,27.919472653364462,25.0,4816165.523025556,25.539763165828244,2599588.7498611053
OUTROS ENERGÉTICOS,2003,6,Junho,2003-06,245459.83525,0.0,0.0,,25.0,245459.83525,24.999999999999996,0.0
OUTROS NÃO ENERGÉTICOS,2003,6,Junho,2003-06,640893.3161829136,4810.088518263889,1187250.0,246.82497951794775,25.0,645703.4047011775,26.65245804695299,1066997.7870434027
PARAFINA,2003,6,Junho,2003-06,59079.24696386274,7190.740907,569304.0,79.17181377593472,25.0,66269.98787086274,30.878007373172753,389535.477325
QUEROSENE DE AVIAÇÃO,2003,6,Junho,2003-06,1677322.5021300002,99592.17453917395,3141279.0,31.541423957606206,25.0,1776914.676669174,25.366632481049592,651474.6365206513
QUEROSENE ILUMINANTE,2003,6,Junho,2003-06,44611.41460669,0.0,0.0,,25.0,44611.41460669,25.0,0.0
SOLVENTE,2003,6,Junho,2003-06,491755.18999097,322641.6946469215,11250787.0,34.87084027472687,25.0,814396.8846378915,28.91055601255524,3184744.633826962
ÓLEO COMBUSTÍVEL,2003,6,Junho,2003-06,7867912.774351134,0.0,260.0,,25.0,7867912.774351134,25.000033045612916,0.0
ÓLEO DIESEL,2003,6,Junho,2003-06,17369200.80311809,1937068.9394664203,57896575.0,29.888752960928706,25.0,19306269.74258451,25.490506536974955,9469851.51333949
ASFALTO,2003,7,Julho,2003-07,711661.938964947,1134.6387691999998,63225.0,55.72258036324466,25.0,712796.577734147,25.04890459895418,34859.030770000005
COQUE,2003,7,Julho,2003-07,975677.8759126966,1495705.629395673,6490389.0,4.3393491823804835,25.0,2471383.5053083696,12.495970710933443,-30902251.734891824
GASOLINA A,2003,7,Julho,2003-07,9391701.216002738,118194.75269417792,4216236.0,35.67193893039623,25.0,9509895.968696916,25.1326373271377,1261367.182645552
GASOLINA DE AVIAÇÃO,2003,7,Julho,2003-07,60118.00398,9901.165923415978,451195.0,45.56988575789207,25.0,70019.16990341598,27.90871560167788,203665.8519146006
GLP,2003,7,Julho,2003-07,4205716.4400420915,740891.6240150001,17573319.0,23.71914923908522,25.0,4946608.064057091,24.8081571072367,-948971.6003750006
LUBRIFICANTE,2003,7,Julho,2003-07,405504.0507,130278.28985258284,8184964.0,62.82676882895642,25.0,535782.3405525829,34.19777749412736,4928006.75368543
NAFTA,2003,7,Julho,2003-07,4741843.730330001,2175674.5328883906,55632063.0,25.570029964979994,25.0,6917518.263218392,25.17928390364859,1240199.677790235
OUTROS ENERGÉTICOS,2003,7,Julho,2003-07,151722.79682,0.0,0.0,,25.0,151722.79682,25.0,0.0
OUTROS NÃO ENERGÉTICOS,2003,7,Julho,2003-07,726725.0400231777,3098.6705285763896,929800.0,300.06416991585564,25.0,729823.7105517541,26.16786180616305,852333.2367855903
PARAFINA,2003,7,Julho,2003-07,42808.486924188226,8396.436119999998,716025.0,85.27725213015735,25.0,51204.923044188225,34.88409057002663,506114.097
QUEROSENE DE AVIAÇÃO,2003,7,Julho,2003-07,1863406.53098,253043.48829377975,7947735.0,31.408573496950837,25.0,2116450.01927378,25.76621123952265,1621647.7926555062
QUEROSENE ILUMINANTE,2003,7,Julho,2003-07,101735.56966365,0.0,0.0,,25.0,101735.56966365,25.0,0.0
SOLVENTE,2003,7,Julho,2003-07,578472.5174195201,438083.7405975987,16291000.0,37.186954206008934,25.0,1016556.2580171188,30.251953783132507,5338906.485060032
ÓLEO COMBUSTÍVEL,2003,7,Julho,2003-07,8317272.131755993,0.0,0.0,,25.0,8317272.131755993,25.000000000000004,0.0
ÓLEO DIESEL,2003,7,Julho,2003-07,18597561.409964833,982148.4349611384,29804328.0,30.346052530419495,25.0,19579709.844925974,25.26816623778172,5250617.125971541
ASFALTO,2003,8,Agosto,2003-08,666921.5699979322,361.69782519999995,38884.0,107.50410229450283,25.0,667283.2678231322,25.04472096905314,29841.554369999998
COQUE,2003,8,Agosto,2003-08,941469.3110678021,969526.4694229421,9533731.0,9.833389082893667,25.0,1910995.7804907444,17.30535677488652,-14704430.735573553
GASOLINA A,2003,8,Agosto,2003-08,9179888.85143375,73389.05380785716,2528198.0,34.449251881883875,25.0,9253277.905241607,25.074943351091918,693471.6548035712
GASOLINA DE AVIAÇÃO,2003,8,Agosto,2003-08,13479.06283,0.0,0.0,,25.0,13479.06283,25.0,0.0
GLP,2003,8,Agosto,2003-08,4298851.407807645,430896.2073779166,10154975.0,23.56710230009892,25.0,4729747.615185562,24.869458111788976,-617430.1844479154
LUBRIFICANTE,2003,8,Agosto,2003-08,423379.69072,120901.11762864002,7864408.0,65.04826551030176,25.0,544280.80834864,33.89592281229678,4841880.059284
NAFTA,2003,8,Agosto,2003-08,4556477.142367841,1406756.3705940885,37883650.0,26.929787411590908,25.0,5963233.51296193,25.45524642448546,2714740.7351477863
OUTROS ENERGÉTICOS,2003,8,Agosto,2003-08,37223.09558,0.0,0.0,,25.0,37223.09558,25.0,0.0
OUTROS NÃO ENERGÉTICOS,2003,8,Agosto,2003-08,682233.0724988101,6929.106579594906,1496077.0,215.91196250404113,25.0,689162.179078405,26.919503675142376,1322849.3355101275
PARAFINA,2003,8,Agosto,2003-08,81217.6105436954,12871.727981,1010418.0,78.49901749722193,25.0,94089.3385246954,32.31883985234159,688624.800475
QUEROSENE DE AVIAÇÃO,2003,8,Agosto,2003-08,2172984.68937,430669.0845675344,14606839.0,33.91661840474983,25.0,2603653.773937534,26.474893445607478,3840111.8858116395
QUEROSENE ILUMINANTE,2003,8,Agosto,2003-08,112893.52906858998,0.0,0.0,,25.0,112893.52906858998,25.0,0.0
SOLVENTE,2003,8,Agosto,2003-08,577747.0318080818,435103.1001288666,16725252.0,38.439744499743625,25.0,1012850.1319369484,30.773484459734824,5847674.4967783345
ÓLEO COMBUSTÍVEL,2003,8,Agosto,2003-08,8105032.561335659,0.0,0.0,,25.0,8105032.561335659,25.0,0.0
ÓLEO DIESEL,2003,8,Agosto,2003-08,18259310.48596997,1464125.324474237,48477436.0,33.11016836445207,25.0,19723435.810444206,25.60204028356237,11874302.888144081
ASFALTO,2003,9,Setembro,2003-09,795931.0916244515,1502.1539016,79327.0,52.808836641509146,25.0,797433.2455260515,25.05238451330486,41773.152460000005
COQUE,2003,9,Setembro,2003-09,972796.3564673408,1005111.5775210577,4290402.0,4.268582808071488,25.0,1977907.9339883984,14.46493561203913,-20837387.438026443
GASOLINA A,2003,9,Setembro,2003-09,9710299.4399583,68569.47418010782,2340523.0,34.133599943500684,25.0,9778868.914138408,25.064044845165252,626286.1454973044
GASOLINA DE AVIAÇÃO,2003,9,Setembro,2003-09,42405.899020000004,0.0,0.0,,25.0,42405.899020000004,25.0,0.0
GLP,2003,9,Setembro,2003-09,4367673.016797087,1121385.635389167,26176163.0,23.342695121037284,25.0,5489058.652186254,24.661421383429936,-1858477.8847291714
LUBRIFICANTE,2003,9,Setembro,2003-09,381565.03384,164154.36547513143,10510307.0,64.0269722317696,25.0,545719.3993151314,36.73945414284649,6406447.8631217135
NAFTA,2003,9,Setembro,2003-09,5371963.78347195,2075815.117050228,60362248.0,29.07881704117074,25.0,7447778.900522178,26.136831555666976,8466870.073744304
OUTROS ENERGÉTICOS,2003,9,Setembro,2003-09,106951.92924,0.0,0.0,,25.0,106951.92924,25.000000000000004,0.0
OUTROS NÃO ENERGÉTICOS,2003,9,Setembro,2003-09,715111.7824393555,4592.274727523147,1085645.0,236.4068058675455,25.0,719704.0571668786,26.34894075161065,970838.1318119213
PARAFINA,2003,9,Setembro,2003-09,70667.28890544375,17784.729254,1427889.0,80.28736224246148,25.0,88452.01815944376,36.11643113532531,983270.7686499999
QUEROSENE DE AVIAÇÃO,2003,9,Setembro,2003-09,1732553.32374,268928.67503632046,8744790.0,32.51713488276757,25.0,2001481.9987763204,26.010038124413786,2021573.1240919891
QUEROSENE ILUMINANTE,2003,9,Setembro,2003-09,122283.80656094,0.0,0.0,,25.0,122283.80656094,25.0,0.0
SOLVENTE,2003,9,Setembro,2003-09,524127.0494651201,345101.58259099297,13551763.0,39.26891003586402,25.0,869228.6320561131,30.66504973907405,4924223.435225175
ÓLEO COMBUSTÍVEL,2003,9,Setembro,2003-09,8781659.2248947,356.3584060513327,38012.0,106.6678920842531,25.0,8782015.583300753,25.00331393625673,29103.039848716682
ÓLEO DIESEL,2003,9,Setembro,2003-09,19057238.75136029,4082789.0521166665,133904675.0,32.79735330204703,25.0,23140027.803476956,26.375752396127197,31834948.697083347
ASFALTO,2003,10,Outubro,2003-10,758800.7424963688,874.8235932000001,39220.0,44.83189560141826,25.0,759675.5660895688,25.022837920481383,17349.41017
COQUE,2003,10,Outubro,2003-10,932754.0350546696,1578973.7205769517,12672797.0,8.02597081563169,25.0,2511727.7556316215,14.32943829030386,-26801546.014423795
GASOLINA A,2003,10,Outubro,2003-10,9416880.551945692,200967.24513991916,6107957.0,30.3927985664901,25.0,9617847.797085611,25.11268382431987,1083775.8715020206
GASOLINA DE AVIAÇÃO,2003,10,Outubro,2003-10,0.0,9255.49873325069,540884.0,58.43920631276801,25.0,9255.49873325069,58.43920631276801,309496.53166873276
GLP,2003,10,Outubro,2003-10,4300792.290977996,1427785.4342824996,33784856.0,23.66241816787954,25.0,5728577.725260495,24.66662233652845,-1909779.857062492
LUBRIFICANTE,2003,10,Outubro,2003-10,531633.61063,86220.50701772573,6316285.0,73.25734002818449,25.0,617854.1176477257,31.73423095470758,4160772.3245568573
NAFTA,2003,10,Outubro,2003-10,4827349.31957224,1671212.6953819941,48092221.0,28.776840394338564,25.0,6498562.0149542345,25.97127696880101,6311903.615450145
OUTROS ENERGÉTICOS,2003,10,Outubro,2003-10,117273.50745,0.0,0.0,,25.0,117273.50745,25.0,0.0
OUTROS NÃO ENERGÉTICOS,2003,10,Outubro,2003-10,732987.6375964727,8707.72507403935,1581146.0,181.5796877549484,25.0,741695.362670512,26.838292298659972,1363452.8731490164
PARAFINA,2003,10,Outubro,2003-10,78395.31989551353,14951.49201,1179016.0,78.85607665184446,25.0,93346.81190551353,33.626204616019024,805228.69975
QUEROSENE DE AVIAÇÃO,2003,10,Outubro,2003-10,1975950.1013100003,11026.713930826032,368531.0,33.42165238999654,25.0,1986976.8152408262,25.04673590100149,92863.15172934918
QUEROSENE ILUMINANTE,2003,10,Outubro,2003-10,84068.11606484,0.0,0.0,,25.0,84068.11606484,25.0,0.0
SOLVENTE,2003,10,Outubro,2003-10,459121.75618835003,408529.8743414135,16855808.0,41.25967048841425,25.0,867651.6305297635,32.65579284096879,6642561.141464664
ÓLEO COMBUSTÍVEL,2003,10,Outubro,2003-10,8094928.57764603,48141.39234897335,1152662.0,23.94326262199563,25.0,8143069.969995003,24.993752625372032,-50872.80872433378
ÓLEO DIESEL,2003,10,Outubro,2003-10,19945754.66554608,4540978.426507817,143662129.0,31.636822619851465,25.0,24486733.092053894,26.23077538453198,30137668.33730459
ASFALTO,2003,11,Novembro,2003-11,644037.3720617737,1011.9905424000001,65369.0,64.59447718253695,25.0,645049.3626041737,25.06211809322349,40069.23643999999
COQUE,2003,11,Novembro,2003-11,957124.2307230791,1795562.2514017785,9606457.0,5.350110803733109,25.0,2752686.4821248576,12.182485359608018,-35282599.28504446
GASOLINA A,2003,11,Novembro,2003-11,8791042.853044141,73477.28068451483,2449083.0,33.33116001550856,25.0,8864520.133728655,25.06905630238889,612150.9828871293
GASOLINA DE AVIAÇÃO,2003,11,Novembro,2003-11,0.0,0.0,0.0,,25.0,0.0,,0.0
GLP,2003,11,Novembro,2003-11,3869554.1632905095,720804.3751320834,18545671.0,25.72913211937928,25.0,4590358.538422593,25.114492499289288,525561.6216979134
LUBRIFICANTE,2003,11,Novembro,2003-11,393421.32568999997,91121.05972669716,6777493.0,74.3789966921806,25.0,484542.3854166971,34.28601220915507,4499466.506832571
NAFTA,2003,11,Novembro,2003-11,4580642.18984,2254706.8377636606,66350546.0,29.427571198484518,25.0,6835349.027603661,26.460477733557415,9982875.055908488
OUTROS ENERGÉTICOS,2003,11,Novembro,2003-11,144.66563,0.0,0.0,,25.0,144.66563,25.0,0.0
OUTROS NÃO ENERGÉTICOS,2003,11,Novembro,2003-11,563855.2613466938,3827.247466782408,828821.0,216.55798512992294,25.0,567682.5088134763,26.291460987344472,733139.8133304397
PARAFINA,2003,11,Novembro,2003-11,67782.32110854692,13100.262857999998,1146870.0,87.54557159894205,25.0,80882.58396654692,35.130282544990024,819363.4285500001
QUEROSENE DE AVIAÇÃO,2003,11,Novembro,2003-11,2070196.61435,364971.16105834796,12719802.0,34.85152624967671,25.0,2435167.775408348,26.476499077332925,3595522.9735413007
QUEROSENE ILUMINANTE,2003,11,Novembro,2003-11,69667.13691371001,0.0,0.0,,25.0,69667.13691371001,25.0,0.0
SOLVENTE,2003,11,Novembro,2003-11,496021.78196751,452534.03811395,18050597.0,39.88782164371641,25.0,948555.82008146,32.102635295171844,6737246.04715125
ÓLEO COMBUSTÍVEL,2003,11,Novembro,2003-11,6454147.106210375,49096.90327798619,1122270.0,22.858264474354282,25.0,6503244.009488361,24.983830749423483,-105152.58194965472
ÓLEO DIESEL,2003,11,Novembro,2003-11,18153019.58431192,825512.6394969955,28870180.0,34.97242636719807,25.0,18978532.22380892,25.433772428525714,8232364.012575111
ASFALTO,2003,12,Dezembro,2003-12,533771.1326007827,426.81116560000004,44833.0,105.04176931963562,25.0,534197.9437663826,25.06395142710422,34162.72086
COQUE,2003,12,Dezembro,2003-12,1009262.8676844847,729317.2768425288,9508058.0,13.036929607870706,25.0,1738580.1445270134,19.98160959186794,-8724873.92106322
GASOLINA A,2003,12,Dezembro,2003-12,8816152.62368849,90712.23319830188,2741527.0,30.22224129359568,25.0,8906864.856886791,25.053186073624566,473721.170042453
GASOLINA DE AVIAÇÃO,2003,12,Dezembro,2003-12,44066.40886,0.0,0.0,,25.0,44066.40886,24.999999999999996,0.0
GLP,2003,12,Dezembro,2003-12,3849655.814092728,1079662.442829583,29453390.0,27.28018390897108,25.0,4929318.256922311,25.499425843686037,2461828.929260423
LUBRIFICANTE,2003,12,Dezembro,2003-12,394503.17301,70196.67332197714,5446640.0,77.59114132114817,25.0,464699.84633197717,32.94431759788713,3691723.1669505714
NAFTA,2003,12,Dezembro,2003-12,3946585.31317,1394551.3168434475,44143724.0,31.654427819779958,25.0,5341136.630013447,26.737446862296505,9279941.078913812
OUTROS ENERGÉTICOS,2003,12,Dezembro,2003-12,91026.13032,0.0,0.0,,25.0,91026.13032,25.0,0.0
OUTROS NÃO ENERGÉTICOS,2003,12,Dezembro,2003-12,487064.6025852259,2655.2898826851856,816865.0,307.63684422054064,25.0,489719.89246791106,26.532473490408698,750482.7529328704
PARAFINA,2003,12,Dezembro,2003-12,67268.7321460291,9171.049232999998,779551.0,85.00128831442292,25.0,76439.7813790291,32.19880092862177,550274.769175
QUEROSENE DE AVIAÇÃO,2003,12,Dezembro,2003-12,2289321.0151299997,231.70746876095117,10175.0,43.91312914689592,25.0,2289552.722598761,25.00191404776912,4382.313280976221
QUEROSENE ILUMINANTE,2003,12,Dezembro,2003-12,110827.99949326001,0.0,0.0,,25.0,110827.99949326001,25.0,0.0
SOLVENTE,2003,12,Dezembro,2003-12,624475.4895906099,559395.6907585891,21448038.0,38.3414430148981,25.0,1183871.180349199,31.304018422708722,7463145.731035274
ÓLEO COMBUSTÍVEL,2003,12,Dezembro,2003-12,7915541.036152921,198263.10654665352,7012308.0,35.36869830267653,25.0,8113804.142699574,25.253362085179653,2055730.3363336618
ÓLEO DIESEL,2003,12,Dezembro,2003-12,17845157.418175932,60070.23243010564,1965504.0,32.72009979796483,25.0,17905227.650606036,25.025900155993362,463748.1892473588
ASFALTO,2004,1,Janeiro,2004-01,438106.7943092992,914.8636032000002,57712.0,63.08262761589332,25.0,439021.6579124992,25.079359205387867,34840.40992
COQUE,2004,1,Janeiro,2004-01,810375.8607068997,946546.8663121345,7526373.0,7.951400261165825,25.0,1756922.7270190343,15.815020826110278,-16137298.657803362
GASOLINA A,2004,1,Janeiro,2004-01,9651047.03334069,107333.67493210241,3813821.0,35.53238070356357,25.0,9758380.708272792,25.11584699967066,1130479.1266974402
GASOLINA DE AVIAÇÃO,2004,1,Janeiro,2004-01,69728.83366,0.0,0.0,,25.0,69728.83366,25.0,0.0
GLP,2004,1,Janeiro,2004-01,4550332.612230874,1269053.0772116666,39567904.0,31.1790773061578,25.0,5819385.6894425405,26.347492241996335,7841577.069708332
LUBRIFICANTE,2004,1,Janeiro,2004-01,388106.43624,165230.89341295997,11201867.0,67.7952334979106,25.0,553337.32965296,37.77899445011386,7071094.664676
NAFTA,2004,1,Janeiro,2004-01,4701513.46861,742146.2759372365,23973495.0,32.302924338904106,25.0,5443659.744547237,25.995623965476167,5419838.101569087
OUTROS ENERGÉTICOS,2004,1,Janeiro,2004-01,68867.12969,0.0,0.0,,25.0,68867.12969,25.0,0.0
OUTROS NÃO ENERGÉTICOS,2004,1,Janeiro,2004-01,612531.740318954,3608.851286226852,1098690.0,304.44313518629605,25.0,616140.5916051809,26.63675098116332,1008468.7178443286
PARAFINA,2004,1,Janeiro,2004-01,58979.69127446423,4910.232222500001,666971.0,135.83288320738885,25.0,63889.923496964235,33.51801292990058,544215.1944375
QUEROSENE DE AVIAÇÃO,2004,1,Janeiro,2004-01,2216780.6364,116281.81932140175,4400448.0,37.842957959207766,25.0,2333062.455721402,25.640103960055875,1493402.516964956
QUEROSENE ILUMINANTE,2004,1,Janeiro,2004-01,62098.06132724,0.0,0.0,,25.0,62098.06132724,25.0,0.0
SOLVENTE,2004,1,Janeiro,2004-01,613110.05451301,920981.524644602,33983154.0,36.89884442916895,25.0,1534091.5791576118,32.14339093752307,10958615.883884951
ÓLEO COMBUSTÍVEL,2004,1,Janeiro,2004-01,9379730.697270805,94456.49210671274,2550417.0,27.00097095622239,25.0,9474187.189377518,25.019949436669783,189004.69733218153
ÓLEO DIESEL,2004,1,Janeiro,2004-01,19676169.924391344,1215947.8335950586,42221711.0,34.72329143855434,25.0,20892117.757986404,25.565907932220224,11823015.160123533
ASFALTO,2004,2,Fevereiro,2004-02,500994.5512852825,361.2253224,56778.0,157.18167160254433,25.0,501355.77660768246,25.095236495055612,47747.36694
COQUE,2004,2,Fevereiro,2004-02,614958.5934044932,677199.7781288557,2312139.0,3.414264260966802,25.0,1292158.371533349,13.687257092274988,-14617855.453221394
GASOLINA A,2004,2,Fevereiro,2004-02,8357852.983405999,25471.755397938006,852771.0,33.47908248479151,25.0,8383324.738803937,25.025762704151475,215977.1150515498
GASOLINA DE AVIAÇÃO,2004,2,Fevereiro,2004-02,20536.22965,5222.214384476584,243935.0,46.711027552816425,25.0,25758.444034476586,29.401649425575997,113379.64038808539
GLP,2004,2,Fevereiro,2004-02,4169041.372190792,296619.47478625,9030187.0,30.443675374003465,25.0,4465660.846977042,25.361581451362746,1614700.1303437508
LUBRIFICANTE,2004,2,Fevereiro,2004-02,348411.44533,56734.28747392,5322794.0,93.81970298731288,25.0,405145.73280392,34.63711696068053,3904436.813152
NAFTA,2004,2,Fevereiro,2004-02,5103916.64298,1363364.9246499287,47571884.0,34.89299390052523,25.0,6467281.567629929,27.085537909971446,13487760.88375178
OUTROS ENERGÉTICOS,2004,2,Fevereiro,2004-02,0.0,0.0,0.0,,25.0,0.0,,0.0
OUTROS NÃO ENERGÉTICOS,2004,2,Fevereiro,2004-02,437866.94737224485,1831.0335777777777,648831.0,354.352322029752,25.0,439697.98095002264,26.371521332102954,603055.1605555556
PARAFINA,2004,2,Fevereiro,2004-02,56271.203730054694,12235.812849000002,994032.0,81.23955574240738,25.0,68507.0165790547,35.04476202785614,688136.678775
QUEROSENE DE AVIAÇÃO,2004,2,Fevereiro,2004-02,2207415.10931,16245.146507321651,525929.0,32.3745310491946,25.0,2223660.255817322,25.05387528827911,119800.33731695876
QUEROSENE ILUMINANTE,2004,2,Fevereiro,2004-02,98117.19292608999,0.0,0.0,,25.0,98117.19292608999,25.0,0.0
SOLVENTE,2004,2,Fevereiro,2004-02,496158.05070116,588499.4178442777,24792217.0,42.127853058573876,25.0,1084657.4685454378,34.29300894171716,10079731.553893058
ÓLEO COMBUSTÍVEL,2004,2,Fevereiro,2004-02,9312291.826544767,88709.44986697928,2930518.0,33.03501492111992,25.0,9401001.276411746,25.075819769870048,712781.7533255178
ÓLEO DIESEL,2004,2,Fevereiro,2004-02,19414867.93211472,750768.7158988498,26267599.0,34.9876046294116,25.0,20165636.64801357,25.371839542356696,7498381.102528754
ASFALTO,2004,3,Março,2004-03,627526.3183121243,1409.7213084000005,77879.0,55.244252559671374,25.0,628936.0396205244,25.067790625125763,42635.96728999999
COQUE,2004,3,Março,2004-03,991111.4427529069,1879385.3155013553,12769416.0,6.79446407007472,25.0,2870496.758254262,13.080384766453315,-34215216.88753388
GASOLINA A,2004,3,Março,2004-03,9866819.198113661,163999.41242855793,6119126.0,37.31187758166901,25.0,10030818.61054222,25.20129370968427,2019140.6892860522
GASOLINA DE AVIAÇÃO,2004,3,Março,2004-03,84579.07507,0.0,0.0,,25.0,84579.07507,25.0,0.0
GLP,2004,3,Março,2004-03,4539211.79448428,1229389.4214058332,33857561.0,27.540143432569277,25.0,5768601.215890113,25.54134882062086,3122825.4648541706
LUBRIFICANTE,2004,3,Março,2004-03,419807.07864,232087.9723474629,15133748.0,65.20694651656918,25.0,651895.050987463,39.31449537341692,9331548.691313427
NAFTA,2004,3,Março,2004-03,5374063.982479999,1903564.9160258835,66592937.0,34.983276083396,25.0,7277628.898505882,27.611264515459762,19003814.09935292
OUTROS ENERGÉTICOS,2004,3,Março,2004-03,0.0,0.0,0.0,,25.0,0.0,,0.0
OUTROS NÃO ENERGÉTICOS,2004,3,Março,2004-03,751403.362243497,7142.115654363425,1649942.0,231.0158613844316,25.0,758545.4778978605,26.939750682738946,1471389.1086409143
PARAFINA,2004,3,Março,2004-03,79598.72916338094,3750.2378485,535710.0,142.84693975190677,25.0,83348.96701188093,30.302453883135733,441954.05378749996
QUEROSENE DE AVIAÇÃO,2004,3,Março,2004-03,2183733.97466,0.0,0.0,,25.0,2183733.97466,25.0,0.0
QUEROSENE ILUMINANTE,2004,3,Março,2004-03,81351.82387748001,0.0,0.0,,25.0,81351.82387748001,25.0,0.0
SOLVENTE,2004,3,Março,2004-03,584185.602161,924237.2440434548,38317216.0,41.45820377500222,25.0,1508422.8462044548,35.08423131298282,15211284.898913633
ÓLEO COMBUSTÍVEL,2004,3,Março,2004-03,8679990.494508125,97265.044394462,4062166.0,41.76388367773457,25.0,8777255.538902586,25.185768761421105,1630539.8901384498
ÓLEO DIESEL,2004,3,Março,2004-03,21538249.613662027,536335.9301687676,21585374.0,40.24599655892489,25.0,22074585.543830793,25.370424882023034,8176975.745780809
ASFALTO,2004,4,Abril,2004-04,582937.0449860124,1543.2493724000003,71578.0,46.381356947312234,25.0,584480.2943584124,25.056454881385218,32996.76568999999
COQUE,2004,4,Abril,2004-04,940517.6967262526,1026671.9696758847,5618103.0,5.472149981628122,25.0,1967189.6664021374,14.808457931479028,-20048696.241897117
GASOLINA A,2004,4,Abril,2004-04,9242559.00871935,18581.387218598382,623946.0,33.579086031611425,25.0,9261140.395937948,25.017212925484312,159411.31953504044
GASOLINA DE AVIAÇÃO,2004,4,Abril,2004-04,83151.2882,5187.308538071626,303655.0,58.538064156269236,25.0,88338.59673807162,26.969380236637065,173972.28654820935
GLP,2004,4,Abril,2004-04,4166355.7999210544,460036.8629241666,12551534.0,27.283757045506633,25.0,4626392.662845221,25.227091062834624,1050612.4268958345
LUBRIFICANTE,2004,4,Abril,2004-04,380476.89671,34542.62296204571,4485866.0,129.8646603915667,25.0,415019.5196720457,33.72802423561005,3622300.425948857
NAFTA,2004,4,Abril,2004-04,4379871.454639999,1631687.6279002707,60028797.0,36.78939275726921,25.0,6011559.08254027,28.19993632905701,19236606.302493233
OUTROS ENERGÉTICOS,2004,4,Abril,2004-04,97297.07089,0.0,0.0,,25.0,97297.07089,25.0,0.0
OUTROS NÃO ENERGÉTICOS,2004,4,Abril,2004-04,730748.5015938701,4934.166668310184,1219148.0,247.0828575431005,25.0,735682.6682621803,26.489492522476727,1095793.8332922454
PARAFINA,2004,4,Abril,2004-04,83127.74697927563,4132.8577295,577057.0,139.62663071632358,25.0,87260.60470877563,30.428974029501056,473735.55676249997
QUEROSENE DE AVIAÇÃO,2004,4,Abril,2004-04,2258960.10226,15827.704649148936,638189.0,40.32100763481935,25.0,2274787.806909149,25.106601759968445,242496.38377127663
QUEROSENE ILUMINANTE,2004,4,Abril,2004-04,56161.21659501,0.0,0.0,,25.0,56161.21659501,25.0,0.0
SOLVENTE,2004,4,Abril,2004-04,630465.7662587899,480186.64025203785,20610590.0,42.922039624388596,25.0,1110652.4065108278,32.748530452236636,8605923.993699053
ÓLEO COMBUSTÍVEL,2004,4,Abril,2004-04,9046570.876433482,133528.36339937808,5534500.0,41.448122774084545,25.0,9180099.239832861,25.239244790022063,2196290.915015548
ÓLEO DIESEL,2004,4,Abril,2004-04,21789510.729369327,291533.01094346243,10454818.0,35.861523764207696,25.0,22081043.74031279,25.143403217875633,3166492.7264134395
ASFALTO,2004,5,Maio,2004-05,671319.0570420637,3064.8433892000007,199289.0,65.02420342333359,25.0,674383.9004312637,25.181896268863404,122667.91526999998
COQUE,2004,5,Maio,2004-05,995191.4818458528,1465926.5965254041,7998997.0,5.45661496214035,25.0,2461118.078371257,13.359287526710284,-28649167.913135104
GASOLINA A,2004,5,Maio,2004-05,8491027.331809921,20100.461101927227,688241.0,34.2400602906573,25.0,8511127.792911848,25.02182195790862,185729.4724518194
GASOLINA DE AVIAÇÃO,2004,5,Maio,2004-05,54230.74182,0.0,0.0,,25.0,54230.74182,25.0,0.0
GLP,2004,5,Maio,2004-05,4102971.2668200727,572757.0834795834,17040995.0,29.752569617251094,25.0,4675728.350299656,25.582169815925244,2722067.9130104166
LUBRIFICANTE,2004,5,Maio,2004-05,446589.08962,189298.07144151998,13168948.0,69.56725918926382,25.0,635887.16106152,38.26728503195207,8436496.213962
NAFTA,2004,5,Maio,2004-05,4524304.3616700005,1156773.4541264672,41487814.0,35.86511589802115,25.0,5681077.8157964675,27.212340343568464,12568477.64683832
OUTROS ENERGÉTICOS,2004,5,Maio,2004-05,64237.82953,0.0,0.0,,25.0,64237.82953,25.0,0.0
OUTROS NÃO ENERGÉTICOS,2004,5,Maio,2004-05,633890.7305059733,2830.4872987268513,898258.0,317.35100892487134,25.0,636721.2178047001,26.299620295967028,827495.8175318287
PARAFINA,2004,5,Maio,2004-05,83766.90979115624,2397.3610814999997,315729.0,131.69855906831197,25.0,86164.27087265624,27.96868957831192,255794.97296249997
QUEROSENE DE AVIAÇÃO,2004,5,Maio,2004-05,1991813.0021300002,0.0,0.0,,25.0,1991813.0021300002,25.0,0.0
QUEROSENE ILUMINANTE,2004,5,Maio,2004-05,71777.97828028,0.0,0.0,,25.0,71777.97828028,25.0,0.0
SOLVENTE,2004,5,Maio,2004-05,604558.2024038499,557523.6060185288,23120128.0,41.46932569386421,25.0,1162081.8084223787,32.90136957913673,9182037.849536782
ÓLEO COMBUSTÍVEL,2004,5,Maio,2004-05,8264103.733895454,0.0,0.0,,25.0,8264103.733895454,25.0,0.0
ÓLEO DIESEL,2004,5,Maio,2004-05,20809696.159975857,445607.03766570427,18039356.0,40.48265506419847,25.0,21255303.19764156,25.324586292381046,6899180.058357393
ASFALTO,2004,6,Junho,2004-06,633830.5049232091,3843.6998228,164268.0,42.7369481418912,25.0,637674.2047460091,25.106912752503696,68175.50442999999
COQUE,2004,6,Junho,2004-06,872925.5666852272,1453493.341613683,11324528.0,7.7912486254855455,25.0,2326418.90829891,14.248365609858471,-25012805.540342078
GASOLINA A,2004,6,Junho,2004-06,8597097.536614688,12445.85557708895,417073.0,33.510994677438816,25.0,8609543.392191777,25.012303394703704,105926.61057277626
GASOLINA DE AVIAÇÃO,2004,6,Junho,2004-06,40135.27761,0.0,0.0,,25.0,40135.27761,25.0,0.0
GLP,2004,6,Junho,2004-06,3845753.1066735443,1200678.6948833335,36333220.0,30.26056858910984,25.0,5046431.801556878,26.25162746199563,6316252.627916663
LUBRIFICANTE,2004,6,Junho,2004-06,306515.02092000004,173423.69800808007,12277742.0,70.7962184004862,25.0,479938.7189280801,41.54825759325358,7942149.549797998
NAFTA,2004,6,Junho,2004-06,4623594.93123121,1257872.8943583337,47745192.0,37.95708788554172,25.0,5881467.825589543,27.771139811413992,16298369.641041663
OUTROS ENERGÉTICOS,2004,6,Junho,2004-06,70621.98668,0.0,0.0,,25.0,70621.98668,25.0,0.0
OUTROS NÃO ENERGÉTICOS,2004,6,Junho,2004-06,653942.547656876,7254.283932696761,1362556.0,187.82777358060665,25.0,661196.8315895728,26.78645578025968,1181198.901682581
PARAFINA,2004,6,Junho,2004-06,77788.63913648522,4955.8640270000005,633366.0,127.80132718520204,25.0,82744.50316348522,31.157138901642792,509469.399325
QUEROSENE DE AVIAÇÃO,2004,6,Junho,2004-06,2137032.13541,0.0,0.0,,25.0,2137032.13541,25.0,0.0
QUEROSENE ILUMINANTE,2004,6,Junho,2004-06,75145.63690143,0.0,0.0,,25.0,75145.63690143,25.0,0.0
SOLVENTE,2004,6,Junho,2004-06,581953.4492289601,409184.1243111741,19327864.0,47.23512680883399,25.0,991137.5735401341,34.17961455110978,9098260.892220646
ÓLEO COMBUSTÍVEL,2004,6,Junho,2004-06,7006784.132446096,2.0303730207305035,1500.0,738.7805022450102,25.0,7006786.162819117,25.000206833866596,1449.2406744817374
ÓLEO DIESEL,2004,6,Junho,2004-06,18953666.300426595,699584.907167453,28769885.0,41.12422195682622,25.0,19653251.20759405,25.573964185450137,11280262.320813676
ASFALTO,2004,7,Julho,2004-07,906445.4575681204,4952.111618399999,251673.0,50.82135044470468,25.0,911397.5691865204,25.14030124049391,127870.20954000003
COQUE,2004,7,Julho,2004-07,670694.4506947502,1283037.2831322884,11141188.0,8.683448366208763,25.0,1953731.7338270387,14.284739703081193,-20934744.078307208
GASOLINA A,2004,7,Julho,2004-07,9401785.03939474,0.0,0.0,,25.0,9401785.03939474,25.0,0.0
GASOLINA DE AVIAÇÃO,2004,7,Julho,2004-07,20945.0673,0.0,0.0,,25.0,20945.0673,25.0,0.0
GLP,2004,7,Julho,2004-07,4253251.211064996,1069868.6617195834,33545612.0,31.354887941182103,25.0,5323119.872784579,26.27723884103588,6798895.457010415
LUBRIFICANTE,2004,7,Julho,2004-07,425593.70384,132412.26064761143,10194117.0,76.98771209057135,25.0,558005.9644876114,37.33644606313621,6883810.483809713
NAFTA,2004,7,Julho,2004-07,4841336.529862329,896285.1124240742,34500135.0,38.49236645992217,25.0,5737621.642286403,27.10766898609564,12093007.189398147
OUTROS ENERGÉTICOS,2004,7,Julho,2004-07,259542.71984,0.0,0.0,,25.0,259542.71984,25.0,0.0
OUTROS NÃO ENERGÉTICOS,2004,7,Julho,2004-07,684832.4074301432,5734.792506481482,1562285.0,272.4222364164528,25.0,690567.1999366247,27.054709791412304,1418915.1873379631
PARAFINA,2004,7,Julho,2004-07,58791.49712773605,3978.933806,465266.0,116.93232978603615,25.0,62770.430933736054,30.82746763736816,365792.65485
QUEROSENE DE AVIAÇÃO,2004,7,Julho,2004-07,2233146.72202,220.47397831038796,12250.0,55.56211256257276,25.0,2233367.1959983106,25.00301703658687,6738.150542240302
QUEROSENE ILUMINANTE,2004,7,Julho,2004-07,39292.44307,0.0,0.0,,25.0,39292.44307,25.0,0.0
SOLVENTE,2004,7,Julho,2004-07,625199.8932981201,291791.4924434412,13040944.0,44.69268069057142,25.0,916991.3857415613,31.266314796694754,5746156.688913971
ÓLEO COMBUSTÍVEL,2004,7,Julho,2004-07,9537569.369799282,0.0,0.0,,25.0,9537569.369799282,25.0,0.0
ÓLEO DIESEL,2004,7,Julho,2004-07,18445623.407295678,1559540.7012549764,68716917.0,44.06227868545071,25.0,20005164.108550653,26.48603627080065,29728399.468625586
ASFALTO,2004,8,Agosto,2004-08,1125677.0256038934,2511.3339728000005,113701.0,45.27514111284434,25.0,1128188.3595766935,25.045132224816697,50917.65068
COQUE,2004,8,Agosto,2004-08,775123.0533515459,1352948.5091865,10317609.0,7.626017494341869,25.0,2128071.562538046,13.954270080265566,-23506103.7296625
GASOLINA A,2004,8,Agosto,2004-08,8498204.589972252,0.0,0.0,,25.0,8498204.589972252,25.0,0.0
GASOLINA DE AVIAÇÃO,2004,8,Agosto,2004-08,21725.00374,0.0,0.0,,25.0,21725.00374,24.999999999999996,0.0
GLP,2004,8,Agosto,2004-08,3976200.2545165243,1756468.936125833,63797848.0,36.32164889902131,25.0,5732669.190642357,28.46891193884256,19886124.596854173
LUBRIFICANTE,2004,8,Agosto,2004-08,471798.6481,163112.89514115432,12379826.0,75.8972856761985,25.0,634911.5432411543,38.075842941979474,8302003.621471143
NAFTA,2004,8,Agosto,2004-08,4369996.45294,1074456.2466995583,43585181.0,40.56487282184081,25.0,5444452.699639559,28.0717090872363,16723774.832511038
OUTROS ENERGÉTICOS,2004,8,Agosto,2004-08,148219.37265,0.0,0.0,,25.0,148219.37265,25.0,0.0
OUTROS NÃO ENERGÉTICOS,2004,8,Agosto,2004-08,591749.3704033564,7859.634465960651,1837553.0,233.7962417919398,25.0,599609.004869317,27.736887079787348,1641062.1383509836
PARAFINA,2004,8,Agosto,2004-08,78962.8272894637,5918.373708,684000.0,115.57228957600661,25.0,84881.2009974637,31.3151870025498,536040.6573
QUEROSENE DE AVIAÇÃO,2004,8,Agosto,2004-08,2142504.27011,219.81272168961198,12250.0,55.72925855173066,25.0,2142724.0828316896,25.00315238065968,6754.6819577597
QUEROSENE ILUMINANTE,2004,8,Agosto,2004-08,23723.892778380003,0.0,0.0,,25.0,23723.892778380003,24.999999999999996,0.0
SOLVENTE,2004,8,Agosto,2004-08,573979.98917797,267789.0427222672,14805489.0,55.28788201896393,25.0,841769.0319002372,34.63537814361478,8110762.93194332
ÓLEO COMBUSTÍVEL,2004,8,Agosto,2004-08,9783010.369500417,1.0182910562685095,899.0,882.8517097011072,25.0,9783011.387791473,25.000089291802798,873.5427235932872
ÓLEO DIESEL,2004,8,Agosto,2004-08,18540135.60819989,1311421.1770285212,57240830.0,43.64793782703656,25.0,19851556.785228413,26.231908451254775,24455300.574286968
ASFALTO,2004,9,Setembro,2004-09,1145181.9207703338,1436.3594208,76367.0,53.167054773425974,25.0,1146618.280191134,25.035284641086704,40458.014480000005
COQUE,2004,9,Setembro,2004-09,969813.9811149832,1346838.4426030386,7623599.0,5.660366350447978,25.0,2316652.4237180217,13.756465234749262,-26047362.065075964
GASOLINA A,2004,9,Setembro,2004-09,9382163.788405439,47.99582778975741,14829.0,308.96435550517987,25.0,9382211.78423323,25.001452653661914,13629.104305256065
GASOLINA DE AVIAÇÃO,2004,9,Setembro,2004-09,25769.35157,0.0,0.0,,25.0,25769.35157,24.999999999999996,0.0
GLP,2004,9,Setembro,2004-09,3935919.3375583612,1814952.5922291665,66922356.0,36.872784604144634,25.0,5750871.929787528,28.74700418603601,21548541.19427084
LUBRIFICANTE,2004,9,Setembro,2004-09,336574.02291,144124.92917898291,10926857.0,75.81517689025456,25.0,480698.9520889829,40.2355933764751,7323733.7705254285
NAFTA,2004,9,Setembro,2004-09,3832691.15080813,2363115.6285651852,99251652.0,42.000336674283986,25.0,6195806.779373315,31.484024230648103,40173761.28587037
OUTROS ENERGÉTICOS,2004,9,Setembro,2004-09,106738.0757,0.0,0.0,,25.0,106738.0757,25.0,0.0
OUTROS NÃO ENERGÉTICOS,2004,9,Setembro,2004-09,687597.8726048248,7255.71806761574,1730503.0,238.50196271044618,25.0,694853.5906724406,27.22940496977279,1549110.0483096065
PARAFINA,2004,9,Setembro,2004-09,76958.35666187468,4200.549892,603838.0,143.7521313935628,25.0,81158.90655387468,31.146266304966442,498824.2527
QUEROSENE DE AVIAÇÃO,2004,9,Setembro,2004-09,1990743.7344300002,219.59230281602,13475.0,61.36371733980902,25.0,1990963.3267328162,25.004010717988816,7985.1924295995
QUEROSENE ILUMINANTE,2004,9,Setembro,2004-09,35694.58369266,0.0,0.0,,25.0,35694.58369266,25.0,0.0
SOLVENTE,2004,9,Setembro,2004-09,577076.34313458,352926.97717228066,17178747.0,48.67507476373569,25.0,930003.3203068606,33.98445455865255,8355572.5706929825
ÓLEO COMBUSTÍVEL,2004,9,Setembro,2004-09,8754866.680738099,211314.00903295167,4938399.0,23.369955558554192,25.0,8966180.68977105,24.961583283034127,-344451.22582379205
ÓLEO DIESEL,2004,9,Setembro,2004-09,20569167.08918935,900055.6509130398,44229105.0,49.14041143470723,25.0,21469222.74010239,26.012040071976553,21727713.727174006
ASFALTO,2004,10,Outubro,2004-10,830550.4168004314,2063.4749552000003,112247.0,54.39707407988413,25.0,832613.8917556314,25.072855049285923,60660.12611999999
COQUE,2004,10,Outubro,2004-10,1064621.3664926086,1628332.3453314807,12408818.0,7.620568390462039,25.0,2692953.7118240893,14.491282189875376,-28299490.633287016
GASOLINA A,2004,10,Outubro,2004-10,9919759.98796,2.5684803638814016,615.0,239.44119201699195,25.0,9919762.556440363,25.00005552431198,550.787990902965
GASOLINA DE AVIAÇÃO,2004,10,Outubro,2004-10,16441.56334,0.0,0.0,,25.0,16441.56334,25.0,0.0
GLP,2004,10,Outubro,2004-10,4463737.181420363,954783.1193720832,37745475.0,39.533035549291505,25.0,5418520.300792445,27.56082772517593,13875897.01569792
LUBRIFICANTE,2004,10,Outubro,2004-10,413209.06795,151919.78648084574,12063669.0,79.4081487306527,25.0,565128.8544308457,39.62617644307581,8265674.337978856
NAFTA,2004,10,Outubro,2004-10,4735736.324820001,2205744.689883305,96954712.0,43.95554591820388,25.0,6941481.014703305,31.023368019642202,41811094.75291737
OUTROS ENERGÉTICOS,2004,10,Outubro,2004-10,54218.1622,0.0,0.0,,25.0,54218.1622,25.0,0.0
OUTROS NÃO ENERGÉTICOS,2004,10,Outubro,2004-10,633796.86086951,6576.709782523147,1578000.0,239.9376059125118,25.0,640373.5706520331,27.207433785872205,1413582.2554369213
PARAFINA,2004,10,Outubro,2004-10,74693.91640458046,4561.508281000001,528274.0,115.81125528159484,25.0,79255.42468558047,30.226598616036,414236.29297499993
QUEROSENE DE AVIAÇÃO,2004,10,Outubro,2004-10,2081316.9984299997,255319.60443141422,16097620.0,63.04889918597793,25.0,2336636.6028614137,29.157527052909398,9714629.889214644
QUEROSENE ILUMINANTE,2004,10,Outubro,2004-10,88340.38145,0.0,0.0,,25.0,88340.38145,25.0,0.0
SOLVENTE,2004,10,Outubro,2004-10,639390.63555,365968.9873341429,19482464.0,53.23528679825487,25.0,1005359.6228841429,35.27815229639198,10333239.316646429
ÓLEO COMBUSTÍVEL,2004,10,Outubro,2004-10,8304356.992246203,0.0,0.0,,25.0,8304356.992246203,25.0,0.0
ÓLEO DIESEL,2004,10,Outubro,2004-10,22322416.183610003,4908302.07549878,275552855.0,56.1401581975776,25.0,27230718.25910878,30.612973615244368,152845303.11253047
ASFALTO,2004,11,Novembro,2004-11,686690.6877828585,3383.3593676000005,154424.0,45.64221036606622,25.0,690074.0471504584,25.101206553265396,69840.01581
COQUE,2004,11,Novembro,2004-11,968405.311312412,938464.3878874038,5772562.0,6.151071979401085,25.0,1906869.6991998157,15.72351524353867,-17689047.697185095
GASOLINA A,2004,11,Novembro,2004-11,9242368.943240771,227.17064446091646,41312.0,181.85448255444607,25.0,9242596.113885231,25.003855273285712,35632.733888477094
GASOLINA DE AVIAÇÃO,2004,11,Novembro,2004-11,0.0,0.0,0.0,,25.0,0.0,,0.0
GLP,2004,11,Novembro,2004-11,4609676.776402649,810786.7844079165,31530842.0,38.889190853086795,25.0,5420463.560810565,27.077529396419024,11261172.389802089
LUBRIFICANTE,2004,11,Novembro,2004-11,391182.15333,128302.46285184003,10309397.0,80.35229231651611,25.0,519484.61618184,38.67092538928637,7101835.428703999
NAFTA,2004,11,Novembro,2004-11,4464521.64230186,2360590.431127365,112448375.0,47.635698898557834,25.0,6825112.073429225,32.8289724252057,53433614.22181586
OUTROS ENERGÉTICOS,2004,11,Novembro,2004-11,58665.057870000004,0.0,0.0,,25.0,58665.057870000004,25.0,0.0
OUTROS NÃO ENERGÉTICOS,2004,11,Novembro,2004-11,729209.8857788347,5128.946941875,1112620.0,216.92952034969912,25.0,734338.8327207097,26.34052059157209,984396.326453125
PARAFINA,2004,11,Novembro,2004-11,78613.08526603496,3445.8493970000004,484290.0,140.5429965748442,25.0,82058.93466303496,29.85192461625208,398143.76507500006
QUEROSENE DE AVIAÇÃO,2004,11,Novembro,2004-11,2399656.8621500004,0.0,0.0,,25.0,2399656.8621500004,25.0,0.0
QUEROSENE ILUMINANTE,2004,11,Novembro,2004-11,35063.080478849995,0.0,0.0,,25.0,35063.080478849995,25.0,0.0
SOLVENTE,2004,11,Novembro,2004-11,534316.3403912,135931.3248139676,8754647.0,64.40492661997816,25.0,670247.6652051676,32.99161885630917,5356363.879650809
ÓLEO COMBUSTÍVEL,2004,11,Novembro,2004-11,7689115.673289192,0.0,0.0,,25.0,7689115.673289192,25.0,0.0
ÓLEO DIESEL,2004,11,Novembro,2004-11,18903877.433876052,3357341.302588321,178383671.0,53.13242084219327,25.0,22261218.736464374,29.242810762223925,94450138.43529198
ASFALTO,2004,12,Dezembro,2004-12,756362.8935294542,2429.8425808,117689.0,48.43482492649879,25.0,758792.7361102542,25.075044123078854,56942.93548
COQUE,2004,12,Dezembro,2004-12,1263603.0559759396,1510075.172076423,11583357.0,7.670715481052741,25.0,2773678.228052363,15.565408042920053,-26168522.30191057
GASOLINA A,2004,12,Dezembro,2004-12,10070595.90899038,0.0,0.0,,25.0,10070595.90899038,25.0,0.0
GASOLINA DE AVIAÇÃO,2004,12,Dezembro,2004-12,64866.81053,0.0,0.0,,25.0,64866.81053,25.0,0.0
GLP,2004,12,Dezembro,2004-12,4739784.560452559,390307.35698374995,15797270.0,40.47392322317333,25.0,5130091.917436309,26.177286132998656,6039586.0754062515
LUBRIFICANTE,2004,12,Dezembro,2004-12,449897.52968000004,130372.6729443543,10469961.0,80.30794156125641,25.0,580270.2026243543,37.426356107516774,7210644.176391142
NAFTA,2004,12,Dezembro,2004-12,4465513.5076,3393668.20403869,164585420.0,48.49779356866191,25.0,7859181.71163869,35.14656713954584,79743714.89903274
OUTROS ENERGÉTICOS,2004,12,Dezembro,2004-12,20649.44623,0.0,0.0,,25.0,20649.44623,25.0,0.0
OUTROS NÃO ENERGÉTICOS,2004,12,Dezembro,2004-12,649639.8948886273,4340.463931342592,1483314.0,341.7408884080235,25.0,653980.3588199699,27.10220747943731,1374802.401716435
PARAFINA,2004,12,Dezembro,2004-12,96476.95430885287,3943.3656975000013,550679.0,139.6469519296973,25.0,100420.32000635288,29.502025661080335,452094.85756249994
QUEROSENE DE AVIAÇÃO,2004,12,Dezembro,2004-12,2216642.26058,278081.8757742303,17314690.0,62.26471952475424,25.0,2494724.1363542303,29.153823244275866,10362643.105644243
QUEROSENE ILUMINANTE,2004,12,Dezembro,2004-12,53739.07366211,0.0,0.0,,25.0,53739.07366211,25.0,0.0
SOLVENTE,2004,12,Dezembro,2004-12,359893.60670158,228216.8940934008,11669783.0,51.13461493005853,25.0,588110.5007949808,35.14156462025866,5964360.647664979
ÓLEO COMBUSTÍVEL,2004,12,Dezembro,2004-12,8024248.058090948,195044.8845906022,5392987.0,27.649979189763634,25.0,8219292.94268155,25.06288434891412,516864.8852349455
ÓLEO DIESEL,2004,12,Dezembro,2004-12,21261501.061958738,972724.6090101411,55302525.0,56.85321877101132,25.0,22234225.67096888,26.393545708911404,30984409.774746474
ASFALTO,2005,1,Janeiro,2005-01,424009.2297228778,3042.5437116000007,139813.0,45.95266765336814,25.0,427051.7734344778,25.149277935781203,63749.407209999976
COQUE,2005,1,Janeiro,2005-01,1315142.747112562,1251095.4990935193,11309422.0,9.039615287717234,25.0,2566238.2462060815,17.218974404711425,-19967965.477337983
GASOLINA A,2005,1,Janeiro,2005-01,10687107.360665377,10.884253423180594,6617.0,607.9424782509687,25.0,10687118.2449188,25.000593695467664,6344.893664420485
GASOLINA DE AVIAÇÃO,2005,1,Janeiro,2005-01,87283.69337000001,0.0,0.0,,25.0,87283.69337000001,25.0,0.0
GLP,2005,1,Janeiro,2005-01,4988932.347361697,399321.50930750003,14539718.0,36.41105640719093,25.0,5388253.856669197,25.845669188669085,4556680.2673125
LUBRIFICANTE,2005,1,Janeiro,2005-01,371079.92057,232770.90194637713,18196440.0,78.17317305490302,25.0,603850.8225163771,45.49706150893732,12377167.451340573
NAFTA,2005,1,Janeiro,2005-01,4462915.81607,1884873.8496265528,88331778.0,46.863495940325684,25.0,6347789.665696552,31.492012799673343,41209931.75933618
OUTROS ENERGÉTICOS,2005,1,Janeiro,2005-01,92724.37902000001,0.0,0.0,,25.0,92724.37902000001,25.0,0.0
OUTROS NÃO ENERGÉTICOS,2005,1,Janeiro,2005-01,557445.8241614815,15974.552227372686,2353177.0,147.30785354770623,25.0,573420.3763888541,28.407296417717014,1953813.1943156829
PARAFINA,2005,1,Janeiro,2005-01,38926.306430487086,2139.087676,386946.0,180.89300608919967,25.0,41065.39410648709,33.12043364871353,333468.80809999997
QUEROSENE DE AVIAÇÃO,2005,1,Janeiro,2005-01,2617359.7658700002,433.85519215269085,25611.0,59.031217012579795,25.0,2617793.621062153,25.00564010091452,14764.620196182728
QUEROSENE ILUMINANTE,2005,1,Janeiro,2005-01,36720.94230884001,0.0,0.0,,25.0,36720.94230884001,25.0,0.0
SOLVENTE,2005,1,Janeiro,2005-01,453657.09378262993,225086.1814851957,12089134.0,53.70891238294485,25.0,678743.2752678257,34.520506056314545,6461979.462870107
ÓLEO COMBUSTÍVEL,2005,1,Janeiro,2005-01,8547133.336803164,37986.61518126358,849096.0,22.35250484804463,25.0,8585119.951984428,24.98828561742945,-100569.37953158953
ÓLEO DIESEL,2005,1,Janeiro,2005-01,19972897.10150851,677049.2118836268,45546577.0,67.27218081132436,25.0,20649946.313392136,26.38597680926406,28620346.702909328
ASFALTO,2005,2,Fevereiro,2005-02,408563.3124508506,2464.7525604,119271.0,48.39065872829187,25.0,411028.0650112506,25.140263380770413,57652.18598999999
COQUE,2005,2,Fevereiro,2005-02,1357310.9304554067,833747.6152056347,10526131.0,12.625080789471097,25.0,2191058.5456610415,20.29106175616678,-10317559.380140869
GASOLINA A,2005,2,Fevereiro,2005-02,8655556.46483137,53567.802627466306,2193734.0,40.95247317229299,25.0,8709124.267458837,25.098119961097154,854538.9343133422
GASOLINA DE AVIAÇÃO,2005,2,Fevereiro,2005-02,39978.03236,0.0,0.0,,25.0,39978.03236,25.0,0.0
GLP,2005,2,Fevereiro,2005-02,4242600.785115942,354812.27275541663,11859568.0,33.42490920029471,25.0,4597413.057871359,25.65020504868419,2989261.1811145847
LUBRIFICANTE,2005,2,Fevereiro,2005-02,385313.7606,192750.85365557714,15767604.0,81.8030307049889,25.0,578064.6142555771,43.940499709898894,10948832.65861057
NAFTA,2005,2,Fevereiro,2005-02,4505300.09072322,1848584.593715,82981987.0,44.889472346643124,25.0,6353884.68443822,30.78659733110592,36767372.157125
OUTROS ENERGÉTICOS,2005,2,Fevereiro,2005-02,106379.55653,0.0,0.0,,25.0,106379.55653,25.0,0.0
OUTROS NÃO ENERGÉTICOS,2005,2,Fevereiro,2005-02,540580.5272479889,6990.541425185185,1534336.0,219.48743404511822,25.0,547571.068673174,27.482915081077543,1359572.4643703704
PARAFINA,2005,2,Fevereiro,2005-02,36792.47310476175,2735.0088210000004,448187.0,163.87040383881816,25.0,39527.48192576176,34.60880281188518,379811.779475
QUEROSENE DE AVIAÇÃO,2005,2,Fevereiro,2005-02,2005832.98862,260280.05246057568,14362953.0,55.182688278332584,25.0,2266113.0410805754,28.466707770561865,7855951.6884856075
QUEROSENE ILUMINANTE,2005,2,Fevereiro,2005-02,35612.48280273,0.0,0.0,,25.0,35612.48280273,25.0,0.0
SOLVENTE,2005,2,Fevereiro,2005-02,402462.83321784995,213733.11687655872,11775138.0,55.09271643102793,25.0,616195.9500944087,35.43792981291195,6431810.078086032
ÓLEO COMBUSTÍVEL,2005,2,Fevereiro,2005-02,6400217.422874773,279111.07005010865,12243900.0,43.86748256814701,25.0,6679328.492924881,25.78842105974058,5266123.2487472845
ÓLEO DIESEL,2005,2,Fevereiro,2005-02,18333496.55574761,91.13580334507043,32037.0,351.53034070152734,25.0,18333587.691550955,25.001623174111746,29758.604916373242
ASFALTO,2005,3,Março,2005-03,522265.33438439615,3350.6707648,141764.0,42.30914045309427,25.0,525616.0051491961,25.11034144758118,57997.23088000001
COQUE,2005,3,Março,2005-03,1348220.1289616553,957362.3518523846,11426537.0,11.935435917122689,25.0,2305582.4808140397,19.57511414126744,-12507521.796309615
GASOLINA A,2005,3,Março,2005-03,9649728.261457609,1135.4124269946092,49758.0,43.823723271822395,25.0,9650863.673884604,25.002214588253167,21372.689325134772
GASOLINA DE AVIAÇÃO,2005,3,Março,2005-03,43946.90247,0.0,0.0,,25.0,43946.90247,25.000000000000004,0.0
GLP,2005,3,Março,2005-03,4651425.136727526,148461.58730791666,5200250.0,35.02757914890419,25.0,4799886.724035443,25.310155302175644,1488710.3173020838
LUBRIFICANTE,2005,3,Março,2005-03,266845.18925,165320.27341014854,14263886.0,86.2803194415984,25.0,432165.4626601485,48.44213048027193,10130879.164746288
NAFTA,2005,3,Março,2005-03,4244497.86787977,2077136.7208172225,90611651.0,43.62334462237518,25.0,6321634.588696992,31.11918206229993,38683232.979569435
OUTROS ENERGÉTICOS,2005,3,Março,2005-03,18403.98406,0.0,0.0,,25.0,18403.98406,25.0,0.0
OUTROS NÃO ENERGÉTICOS,2005,3,Março,2005-03,535691.6025768545,4822.580779791667,1649302.0,341.995722894091,25.0,540514.1833566462,27.828302249187242,1528737.4805052085
PARAFINA,2005,3,Março,2005-03,62877.842562432255,2166.747499,354339.0,163.5349758859927,25.0,65044.59006143225,29.61483902414482,300170.312525
QUEROSENE DE AVIAÇÃO,2005,3,Março,2005-03,2091324.08614,433.85519215269085,26950.0,62.117500233845824,25.0,2091757.9413321528,25.007698605980156,16103.620196182728
QUEROSENE ILUMINANTE,2005,3,Março,2005-03,40993.434127160006,0.0,0.0,,25.0,40993.434127160006,25.0,0.0
SOLVENTE,2005,3,Março,2005-03,513409.11887797,180079.5012039676,12302012.0,68.31433848801085,25.0,693488.6200819376,36.24751617262186,7800024.46990081
ÓLEO COMBUSTÍVEL,2005,3,Março,2005-03,8153377.538037351,0.0,0.0,,25.0,8153377.538037351,25.0,0.0
ÓLEO DIESEL,2005,3,Março,2005-03,22151643.703415018,1194975.982925716,65629262.0,54.92098831921022,25.0,23346619.686340734,26.531479199439563,35754862.4268571
ASFALTO,2005,4,Abril,2005-04,540902.0666440417,1715.6392576000003,102612.0,59.80977617843943,25.0,542617.7059016416,25.11006094698065,59721.01856
COQUE,2005,4,Abril,2005-04,1155211.1783359884,1631624.4923644233,13903471.0,8.521244358039864,25.0,2786835.670700412,15.352089435415806,-26887141.309110582
GASOLINA A,2005,4,Abril,2005-04,9846312.83877135,2828.888670080863,136190.0,48.142580314448026,25.0,9849141.727441432,25.006647054642897,65467.783247978434
GASOLINA DE AVIAÇÃO,2005,4,Abril,2005-04,42726.67933,0.0,0.0,,25.0,42726.67933,25.0,0.0
GLP,2005,4,Abril,2005-04,4271092.747494342,395139.9934833332,16030741.0,40.56977593860331,25.0,4666232.740977675,26.318459987837567,6152241.162916669
LUBRIFICANTE,2005,4,Abril,2005-04,469219.826,320392.67799514276,24504830.0,76.48373912081567,25.0,789612.5039951428,45.890009931026746,16495013.050121428
NAFTA,2005,4,Abril,2005-04,3782202.07858131,1001091.0427146013,51451266.0,51.395191650584096,25.0,4783293.121295911,30.52422552038292,26423989.93213497
OUTROS ENERGÉTICOS,2005,4,Abril,2005-04,46959.72146,0.0,0.0,,25.0,46959.72146,24.999999999999996,0.0
OUTROS NÃO ENERGÉTICOS,2005,4,Abril,2005-04,496931.2368638257,8729.142459479168,1831310.0,209.79265815639658,25.0,505660.37932330486,28.190049101081858,1613081.4385130208
PARAFINA,2005,4,Abril,2005-04,60844.543845161286,953.8113339999999,209667.0,219.82020188491492,25.0,61798.355179161284,28.006903923434194,185821.71665
QUEROSENE DE AVIAÇÃO,2005,4,Abril,2005-04,1930418.1667199999,21750.90295764706,1140944.0,52.45501771681039,25.0,1952169.069677647,25.305901489442935,597171.4260588235
QUEROSENE ILUMINANTE,2005,4,Abril,2005-04,14182.23842876,0.0,0.0,,25.0,14182.23842876,24.999999999999996,0.0
SOLVENTE,2005,4,Abril,2005-04,527032.9228156899,30567.356148016177,2302819.0,75.33589064258844,25.0,557600.2789637061,27.759387242702125,1538635.0962995957
ÓLEO COMBUSTÍVEL,2005,4,Abril,2005-04,7602548.112382862,0.0,0.0,,25.0,7602548.112382862,25.0,0.0
ÓLEO DIESEL,2005,4,Abril,2005-04,18719350.21476858,1307414.3170567136,73750126.0,56.40914669347378,25.0,20026764.531825297,27.05049437757779,41064768.07358216
ASFALTO,2005,5,Maio,2005-05,731917.9347532047,2853.7696384,119074.0,41.72516183428185,25.0,734771.7043916046,25.064958624229444,47729.75904
COQUE,2005,5,Maio,2005-05,1229353.9175817356,1355649.2749778752,10930879.0,8.063205728619149,25.0,2585003.192559611,16.11786285582415,-22960352.87444688
GASOLINA A,2005,5,Maio,2005-05,10501675.67316972,112737.57112738545,6059719.0,53.750661287113836,25.0,10614413.244297106,25.305365887611064,3241279.7218153635
GASOLINA DE AVIAÇÃO,2005,5,Maio,2005-05,62677.95665,0.0,0.0,,25.0,62677.95665,25.0,0.0
GLP,2005,5,Maio,2005-05,4974030.013255236,428660.2482904165,17653229.0,41.18233279247291,25.0,5402690.2615456525,26.2839386411086,6936722.792739588
LUBRIFICANTE,2005,5,Maio,2005-05,441984.9487,232461.22045539433,18779893.0,80.78720813394149,25.0,674446.1691553943,44.228165392139985,12968362.48861514
NAFTA,2005,5,Maio,2005-05,4411710.472860001,2202200.758261724,111098476.0,50.448841043762975,25.0,6613911.2311217245,33.47357260855645,56043457.043456905
OUTROS ENERGÉTICOS,2005,5,Maio,2005-05,42789.57743,0.0,0.0,,25.0,42789.57743,25.0,0.0
OUTROS NÃO ENERGÉTICOS,2005,5,Maio,2005-05,986584.0948074876,10148.353639456018,2405866.0,237.0695864052449,25.0,996732.4484469435,27.15921249716208,2152157.1590135996
PARAFINA,2005,5,Maio,2005-05,80680.70526162125,1720.4624680000002,389781.0,226.5559448402916,25.0,82401.16772962124,29.208307331733902,346769.4383
QUEROSENE DE AVIAÇÃO,2005,5,Maio,2005-05,2178003.95775,0.0,0.0,,25.0,2178003.95775,25.0,0.0
QUEROSENE ILUMINANTE,2005,5,Maio,2005-05,38964.33513135,0.0,0.0,,25.0,38964.33513135,25.0,0.0
SOLVENTE,2005,5,Maio,2005-05,425486.80222924,71269.88803963561,6351167.0,89.1143114532171,25.0,496756.6902688756,34.19850681132418,4569419.79900911
ÓLEO COMBUSTÍVEL,2005,5,Maio,2005-05,7548381.830293611,0.012418183613030605,1024.0,82459.72453857904,25.0,7548381.842711794,25.000135617085455,1023.6895454096742
ÓLEO DIESEL,2005,5,Maio,2005-05,19946736.49859727,2592472.0507664788,171541434.0,66.1690581965128,25.0,22539208.54936375,29.73528751007767,106729632.73083803
ASFALTO,2005,6,Junho,2005-06,784253.6782180918,2540.1136888000005,141806.0,55.82663509324731,25.0,786793.7919068919,25.099521829716302,78303.15777999998
COQUE,2005,6,Junho,2005-06,1182191.4926464618,930113.9635566731,11935963.0,12.832796267629332,25.0,2112305.4562031347,19.642400768467024,-11316886.088916829
GASOLINA A,2005,6,Junho,2005-06,9033959.76213981,29090.447541495956,1552679.0,53.37418744710569,25.0,9063050.209681306,25.091075056671414,825417.8114626012
GASOLINA DE AVIAÇÃO,2005,6,Junho,2005-06,38298.65309,0.0,0.0,,25.0,38298.65309,25.0,0.0
GLP,2005,6,Junho,2005-06,4595696.282683389,749330.0080429165,27927371.0,37.269788611482525,25.0,5345026.290726306,26.720126393929814,9194120.798927085
LUBRIFICANTE,2005,6,Junho,2005-06,373998.39241000003,191613.51942884573,17441543.0,91.0245949867686,25.0,565611.9118388458,47.36728885915584,12651205.014278857
NAFTA,2005,6,Junho,2005-06,4392695.4903667895,6229913.931338662,310256173.0,49.80103680715429,25.0,10622609.42170545,39.545232586714775,154508324.71653345
OUTROS ENERGÉTICOS,2005,6,Junho,2005-06,139759.5782,0.0,0.0,,25.0,139759.5782,25.0,0.0
OUTROS NÃO ENERGÉTICOS,2005,6,Junho,2005-06,650702.4751160769,83649.29701052084,4450738.0,53.207117800885,25.0,734351.7721265977,28.213045388185183,2359505.574736979
PARAFINA,2005,6,Junho,2005-06,75074.35667610864,2069.7540265000002,333170.0,160.9708186259204,25.0,77144.11070260864,28.64805747028961,281426.1493375
QUEROSENE DE AVIAÇÃO,2005,6,Junho,2005-06,2103796.77937,153401.6407870213,10307078.0,67.1901418206476,25.0,2257198.4201570214,27.867287573182974,6472036.980324467
QUEROSENE ILUMINANTE,2005,6,Junho,2005-06,19364.997840090004,0.0,0.0,,25.0,19364.997840090004,25.0,0.0
SOLVENTE,2005,6,Junho,2005-06,497736.18289959,27478.210610755737,2493243.0,90.73527513556779,25.0,525214.3935103457,28.439143627916447,1806287.7347311066
ÓLEO COMBUSTÍVEL,2005,6,Junho,2005-06,7234477.055119983,1.012081964461994,1000.0,988.0622668062101,25.0,7234478.067201948,25.000134729546737,974.6979508884502
ÓLEO DIESEL,2005,6,Junho,2005-06,19324019.54553551,249548.0936315024,15453600.0,61.92633962902441,25.0,19573567.63916701,25.470782732564977,9214897.65921244
ASFALTO,2005,7,Julho,2005-07,778415.2376575387,1891.1709796000002,92828.0,49.0849325636511,25.0,780306.4086371388,25.05837287122831,45548.72551
COQUE,2005,7,Julho,2005-07,1277252.068266509,453743.4823876538,8811461.0,19.419476735253614,25.0,1730995.550654163,23.53718511365646,-2532126.059691344
GASOLINA A,2005,7,Julho,2005-07,10430537.972388202,28307.73070030997,1844685.0,65.16541433608455,25.0,10458845.703088513,25.108711015036437,1136991.7324922509
GASOLINA DE AVIAÇÃO,2005,7,Julho,2005-07,41267.44341,0.0,0.0,,25.0,41267.44341,25.0,0.0
GLP,2005,7,Julho,2005-07,5254210.802512292,467814.4978537501,18677422.0,39.924846463050415,25.0,5722025.300366042,26.220207738894405,6982059.553656247
LUBRIFICANTE,2005,7,Julho,2005-07,441066.63644,160571.71126419422,14384226.0,89.58132093599683,25.0,601638.3477041943,42.23615733266673,10369933.218395144
NAFTA,2005,7,Julho,2005-07,4423673.69148,1870573.733635627,92915091.0,49.671974608245584,25.0,6294247.425115626,32.33221059517875,46150747.659109324
OUTROS ENERGÉTICOS,2005,7,Julho,2005-07,54821.98396,0.0,0.0,,25.0,54821.98396,25.0,0.0
OUTROS NÃO ENERGÉTICOS,2005,7,Julho,2005-07,801094.686385291,6276.03648087963,1469194.0,234.09583492320334,25.0,807370.7228661707,26.625390976922425,1312293.0879780091
PARAFINA,2005,7,Julho,2005-07,90013.46471711475,1690.8543379999999,272983.0,161.44678690826413,25.0,91704.31905511476,27.51582088965015,230711.64155
QUEROSENE DE AVIAÇÃO,2005,7,Julho,2005-07,2509143.58482,12631.158655907382,808664.0,64.02136352089927,25.0,2521774.7434759075,25.195451649627888,492885.0336023154
QUEROSENE ILUMINANTE,2005,7,Julho,2005-07,22768.04922211,0.0,0.0,,25.0,22768.04922211,24.999999999999996,0.0
SOLVENTE,2005,7,Julho,2005-07,524029.22405018995,141217.60029701758,14639335.0,103.66508826951915,25.0,665246.8243472076,41.698907211583425,11108894.992574561
ÓLEO COMBUSTÍVEL,2005,7,Julho,2005-07,8547670.02934156,0.0,0.0,,25.0,8547670.02934156,25.0,0.0
ÓLEO DIESEL,2005,7,Julho,2005-07,21152935.293268945,94455.6492225,6022588.0,63.76101429161928,25.0,21247390.942491446,25.172312769099367,3661196.7694375003
ASFALTO,2005,8,Agosto,2005-08,981220.8154242744,3816.3867064,204842.0,53.67433013443954,25.0,985037.2021306744,25.11109461866343,109432.33234
COQUE,2005,8,Agosto,2005-08,1322077.99185688,1796955.2628799519,17552217.0,9.76775402403137,25.0,3119033.254736832,16.224311401479984,-27371664.571998797
GASOLINA A,2005,8,Agosto,2005-08,10762787.87042959,61113.49780340971,3716704.0,60.81641754422104,25.0,10823901.368233,25.20222528647007,2188866.5549147576
GASOLINA DE AVIAÇÃO,2005,8,Agosto,2005-08,19970.14675,0.0,0.0,,25.0,19970.14675,25.0,0.0
GLP,2005,8,Agosto,2005-08,4809004.028499523,663864.5939137499,24431407.0,36.80179244982322,25.0,5472868.622413273,26.431569564829328,7834792.15215625
LUBRIFICANTE,2005,8,Agosto,2005-08,436103.97635,157834.42189396571,15173229.0,96.13383961448842,25.0,593938.3982439657,43.90325408467548,11227368.452650858
NAFTA,2005,8,Agosto,2005-08,4658484.878400001,2819732.906326168,143918623.0,51.03980688281276,25.0,7478217.784726169,34.8185560324029,73425300.3418458
OUTROS ENERGÉTICOS,2005,8,Agosto,2005-08,189505.68549,0.0,0.0,,25.0,189505.68549,24.999999999999996,0.0
OUTROS NÃO ENERGÉTICOS,2005,8,Agosto,2005-08,795626.5182673099,5370.049045335648,1777002.0,330.90982689319753,25.0,800996.5673126455,27.05088366280777,1642750.7738666087
PARAFINA,2005,8,Agosto,2005-08,59735.89025133975,4205.551058000001,616497.0,146.5912532026617,25.0,63941.441309339745,32.99728959934013,511358.22354999994
QUEROSENE DE AVIAÇÃO,2005,8,Agosto,2005-08,2346941.9645399996,946408.7704210762,72603971.0,76.71523475812364,25.0,3293350.7349610757,39.8613845527909,48943751.7394731
QUEROSENE ILUMINANTE,2005,8,Agosto,2005-08,38153.7358676,0.0,0.0,,25.0,38153.7358676,25.0,0.0
SOLVENTE,2005,8,Agosto,2005-08,460028.53293681005,172245.18209738194,15047423.0,87.36048704974904,25.0,632273.715034192,41.98835993361607,10741293.447565451
ÓLEO COMBUSTÍVEL,2005,8,Agosto,2005-08,8383203.348754138,15687.258030977297,559912.0,35.69215212080745,25.0,8398890.606785115,25.019970560051117,167730.5492255676
ÓLEO DIESEL,2005,8,Agosto,2005-08,21557324.10404765,5126908.408548075,357513828.0,69.73282912640268,25.0,26684232.512595724,33.59463046868755,229341117.78629813
ASFALTO,2005,9,Setembro,2005-09,950920.0498488558,4208.159028,226623.0,53.85324045315523,25.0,955128.2088768558,25.127123273264832,121419.02429999999
COQUE,2005,9,Setembro,2005-09,1178253.8794417745,1327661.350175625,11893235.0,8.95803361182936,25.0,2505915.229617399,16.50079040876318,-21298298.754390623
GASOLINA A,2005,9,Setembro,2005-09,9843935.05786838,900.2057449595688,69939.0,77.69223912600245,25.0,9844835.26361334,25.0048181462773,47433.85637601077
GASOLINA DE AVIAÇÃO,2005,9,Setembro,2005-09,0.0,0.0,0.0,,25.0,0.0,,0.0
GLP,2005,9,Setembro,2005-09,4599600.155551875,476619.1493683333,24720300.0,51.86593957200836,25.0,5076219.304920209,27.522511439444777,12804821.265791668
LUBRIFICANTE,2005,9,Setembro,2005-09,505027.71433000005,150993.96239061712,14452557.0,95.71612514288249,25.0,656021.6767206171,41.2764559756795,10677707.940234572
NAFTA,2005,9,Setembro,2005-09,4871378.995941839,1704885.4978516668,100322339.0,58.844033295148904,25.0,6576264.493793506,33.77400865007242,57700201.55370832
OUTROS ENERGÉTICOS,2005,9,Setembro,2005-09,6629.45974,0.0,0.0,,25.0,6629.45974,25.0,0.0
OUTROS NÃO ENERGÉTICOS,2005,9,Setembro,2005-09,838331.4681639944,7132.033030694445,1939031.0,271.8763347919039,25.0,845463.5011946888,27.08256201686368,1760730.174232639
PARAFINA,2005,9,Setembro,2005-09,83954.72077803782,2674.3888595000008,336461.0,125.8085557770773,25.0,86629.10963753783,28.112132626556253,269601.2785125
QUEROSENE DE AVIAÇÃO,2005,9,Setembro,2005-09,1621500.4383799997,240444.00697884854,25752920.0,107.10568470215787,25.0,1861944.4453588482,35.60279745442351,19741819.825528786
QUEROSENE ILUMINANTE,2005,9,Setembro,2005-09,48978.75047,0.0,0.0,,25.0,48978.75047,25.000000000000004,0.0
SOLVENTE,2005,9,Setembro,2005-09,366130.19861917,27661.328115654516,2718444.0,98.27597534846988,25.0,393791.5267348245,30.147167116354787,2026910.7971086372
ÓLEO COMBUSTÍVEL,2005,9,Setembro,2005-09,8137980.3427025,0.0,0.0,,25.0,8137980.3427025,25.0,0.0
ÓLEO DIESEL,2005,9,Setembro,2005-09,20933229.877580006,1912511.5353591784,140200843.0,73.3071881700675,25.0,22845741.412939183,29.04399458726669,92388054.61602055
ASFALTO,2005,10,Outubro,2005-10,956351.4180787248,3108.9702416000005,188916.0,60.76481449458206,25.0,959460.3883203247,25.115889874468564,111191.74395999999
COQUE,2005,10,Outubro,2005-10,1266078.5595525552,1294286.257539423,8203210.0,6.3380183110305,25.0,2560364.817091978,15.566209050662067,-24153946.438485574
GASOLINA A,2005,10,Outubro,2005-10,10967284.657624539,2545.9998030727766,122467.0,48.1017319216577,25.0,10969830.657427613,25.0053617058239,58817.00492318058
GASOLINA DE AVIAÇÃO,2005,10,Outubro,2005-10,0.0,0.0,0.0,,25.0,0.0,,0.0
GLP,2005,10,Outubro,2005-10,4668361.492646314,650158.0952004167,34862252.0,53.62119191833398,25.0,5318519.587846731,28.498774294732527,18608299.61998958
LUBRIFICANTE,2005,10,Outubro,2005-10,468968.23360000004,121597.02220703996,13214000.0,108.67042432585956,25.0,590565.25580704,42.227688802858154,10174074.444824
NAFTA,2005,10,Outubro,2005-10,4894900.4700548,861453.1123071511,48698759.0,56.53094556658408,25.0,5756353.582361951,29.718687065288986,27162431.192321222
OUTROS ENERGÉTICOS,2005,10,Outubro,2005-10,0.0,0.0,0.0,,25.0,0.0,,0.0
OUTROS NÃO ENERGÉTICOS,2005,10,Outubro,2005-10,880265.7879751797,5572.567823564815,1348808.0,242.04425010248815,25.0,885838.3557987446,26.36536626179423,1209493.8044108797
PARAFINA,2005,10,Outubro,2005-10,114945.29044254922,4541.672368,715212.0,157.47767387169662,25.0,119486.96281054922,30.035446350360157,601670.1908000001
QUEROSENE DE AVIAÇÃO,2005,10,Outubro,2005-10,2452623.35216,195148.91246852314,23391225.0,119.86346582265953,25.0,2647772.264628523,31.991727512065385,18512502.188286923
QUEROSENE ILUMINANTE,2005,10,Outubro,2005-10,29046.34258,0.0,0.0,,25.0,29046.34258,25.0,0.0
SOLVENTE,2005,10,Outubro,2005-10,438671.87933984,114760.8089935897,9161082.0,79.8276178108131,25.0,553432.6883334296,36.369154565314446,6292061.775160259
ÓLEO COMBUSTÍVEL,2005,10,Outubro,2005-10,8268633.372181292,0.0,0.0,,25.0,8268633.372181292,25.0,0.0
ÓLEO DIESEL,2005,10,Outubro,2005-10,21336293.482,1487674.5281447652,122197792.0,82.14013864470023,25.0,22823968.010144766,28.72441499911836,85005928.79638088
ASFALTO,2005,11,Novembro,2005-11,998631.3924857969,7390.581977600002,367563.0,49.733972387295196,25.0,1006021.9744633969,25.18170423231312,182798.45055999997
COQUE,2005,11,Novembro,2005-11,1162780.458623265,1372558.3949729616,16873093.0,12.293169501420293,25.0,2535338.8535962263,18.12089315020546,-17440866.874324042
GASOLINA A,2005,11,Novembro,2005-11,9676033.253247209,2545.9998030727766,177880.0,69.8664625917551,25.0,9678579.253050283,25.011802352590866,114230.00492318058
GASOLINA DE AVIAÇÃO,2005,11,Novembro,2005-11,0.0,0.0,0.0,,25.0,0.0,,0.0
GLP,2005,11,Novembro,2005-11,4217202.510228435,907914.3950545834,42532453.0,46.84632519505649,25.0,5125116.905283018,28.87007623244452,19834593.123635415
LUBRIFICANTE,2005,11,Novembro,2005-11,420668.78261,93894.49214227426,11480052.0,122.26544643965669,25.0,514563.2747522743,42.74842889990524,9132689.696443142
NAFTA,2005,11,Novembro,2005-11,4669718.5105090495,2090044.719074345,129093060.0,61.76569277291527,25.0,6759763.229583395,36.36754933765293,76841942.02314137
OUTROS ENERGÉTICOS,2005,11,Novembro,2005-11,27153.10977,0.0,0.0,,25.0,27153.10977,25.0,0.0
OUTROS NÃO ENERGÉTICOS,2005,11,Novembro,2005-11,724425.6665823071,7729.754257384258,1979599.0,256.10115588201046,25.0,732155.4208396913,27.439857839905997,1786355.1435653935
PARAFINA,2005,11,Novembro,2005-11,86950.09866294697,3563.5762310000005,545748.0,153.14615560976895,25.0,90513.67489394697,30.045188970175584,456658.594225
QUEROSENE DE AVIAÇÃO,2005,11,Novembro,2005-11,2191967.3359499997,0.0,0.0,,25.0,2191967.3359499997,25.0,0.0
QUEROSENE ILUMINANTE,2005,11,Novembro,2005-11,19265.68803,0.0,0.0,,25.0,19265.68803,25.0,0.0
SOLVENTE,2005,11,Novembro,2005-11,184165.08329671997,14458.541582388669,1616870.0,111.82801465740087,25.0,198623.62487910863,31.320529399281586,1255406.4604402834
ÓLEO COMBUSTÍVEL,2005,11,Novembro,2005-11,7881563.509828561,0.0,141.0,,25.0,7881563.509828561,25.000017889851403,0.0
ÓLEO DIESEL,2005,11,Novembro,2005-11,19962505.064846892,221370.04751015254,17812598.0,80.46525806154094,25.0,20183875.112357043,25.608324553332633,12278346.812246189
ASFALTO,2005,12,Dezembro,2005-12,859054.7594836297,4514.7581176,219438.0,48.604597252853715,25.0,863569.5176012297,25.12340529035349,106569.04705999998
COQUE,2005,12,Dezembro,2005-12,1269478.0236801796,1162121.9696443945,12792308.0,11.007715484386209,25.0,2431599.993324574,18.312740053565484,-16260741.241109861
GASOLINA A,2005,12,Dezembro,2005-12,10279637.008432612,152814.12971599732,8308591.0,54.37056779658653,25.0,10432451.13814861,25.430218909982507,4488237.757100067
GASOLINA DE AVIAÇÃO,2005,12,Dezembro,2005-12,65388.864760000004,0.0,0.0,,25.0,65388.864760000004,25.0,0.0
GLP,2005,12,Dezembro,2005-12,4683042.445315379,318091.33646291663,13839940.0,43.509327081636734,25.0,5001133.7817782955,26.177264365508247,5887656.588427085
LUBRIFICANTE,2005,12,Dezembro,2005-12,462521.17835,118375.72656604573,14020574.0,118.44129203445655,25.0,580896.9049160457,44.04155581177951,11061180.835848857
NAFTA,2005,12,Dezembro,2005-12,4460632.268678833,2299424.4211555272,137954950.0,59.9954269993678,25.0,6760056.68983436,36.903648617639554,80469339.47111182
OUTROS ENERGÉTICOS,2005,12,Dezembro,2005-12,108367.13649,0.0,0.0,,25.0,108367.13649,25.0,0.0
OUTROS NÃO ENERGÉTICOS,2005,12,Dezembro,2005-12,1016164.6742885953,5105.738707754629,1398052.0,273.8197310952536,25.0,1021270.41299635,26.24394921867836,1270408.5323061345
PARAFINA,2005,12,Dezembro,2005-12,92655.16156270253,4917.519197500001,829555.0,168.69380000015747,25.0,97572.68076020254,32.24195558179961,706617.0200624999
QUEROSENE DE AVIAÇÃO,2005,12,Dezembro,2005-12,2081795.0239899997,209871.60219963704,16147998.0,76.94227246923799,25.0,2291666.6261896365,29.756890823659877,10901207.945009075
QUEROSENE ILUMINANTE,2005,12,Dezembro,2005-12,21328.74571,0.0,0.0,,25.0,21328.74571,25.0,0.0
SOLVENTE,2005,12,Dezembro,2005-12,323714.57555291,142830.85592342773,13892008.0,97.26195302958604,25.0,466545.4314763377,47.12268282052137,10321236.601914305
ÓLEO COMBUSTÍVEL,2005,12,Dezembro,2005-12,8116836.755939801,0.0,0.0,,25.0,8116836.755939801,25.0,0.0
ÓLEO DIESEL,2005,12,Dezembro,2005-12,20320577.62688784,50590.13039738263,3935331.0,77.78851268198355,25.0,20371167.757285222,25.131095957378797,2670577.7400654345
ASFALTO,2006,1,Janeiro,2006-01,907985.6537480245,6750.954323600001,309476.0,45.84181512206847,25.0,914736.6080716245,25.15381711048672,140702.14191
COQUE,2006,1,Janeiro,2006-01,1353053.7795148427,1182991.9402417308,12519696.0,10.583078019484853,25.0,2536045.7197565734,18.274923092600897,-17055102.50604327
GASOLINA A,2006,1,Janeiro,2006-01,11105213.196655821,53830.62683103774,3346003.0,62.15797951791185,25.0,11159043.823486859,25.17924809337285,2000237.3292240563
GASOLINA DE AVIAÇÃO,2006,1,Janeiro,2006-01,44198.49487,0.0,0.0,,25.0,44198.49487,25.000000000000004,0.0
GLP,2006,1,Janeiro,2006-01,4682844.644846003,456698.87670958333,21087268.0,46.17324253549561,25.0,5139543.521555586,26.88145037428026,9669796.082260415
LUBRIFICANTE,2006,1,Janeiro,2006-01,469779.61909000005,161421.36755241148,20381350.0,126.26178497330865,25.0,631200.9866424116,50.896372402931554,16345815.811189713
NAFTA,2006,1,Janeiro,2006-01,4544840.1426329315,1911798.2683560401,107677433.0,56.32259155281696,25.0,6456638.410988972,34.27455937275055,59882476.29109899
OUTROS ENERGÉTICOS,2006,1,Janeiro,2006-01,209771.45331,0.0,0.0,,25.0,209771.45331,25.0,0.0
OUTROS NÃO ENERGÉTICOS,2006,1,Janeiro,2006-01,1078557.8676423635,5602.997691388889,1764477.0,314.916603073348,25.0,1084160.8653337525,26.4983035356245,1624402.0577152777
PARAFINA,2006,1,Janeiro,2006-01,85685.1392232686,3216.9540065,600334.0,186.61566151925027,25.0,88902.09322976861,30.84812045419207,519910.14983750007
QUEROSENE DE AVIAÇÃO,2006,1,Janeiro,2006-01,2297082.64067,429742.12086674594,34125008.0,79.40810626422504,25.0,2726824.7615367463,33.574608573362944,23381454.978331354
QUEROSENE ILUMINANTE,2006,1,Janeiro,2006-01,27383.32310581,0.0,0.0,,25.0,27383.32310581,25.0,0.0
SOLVENTE,2006,1,Janeiro,2006-01,310202.3591344001,84464.07595275303,6082870.0,72.01724438923118,25.0,394666.4350871531,35.06234062013459,3971268.1011811737
ÓLEO COMBUSTÍVEL,2006,1,Janeiro,2006-01,8863931.274461119,0.0,0.0,,25.0,8863931.274461119,25.0,0.0
ÓLEO DIESEL,2006,1,Janeiro,2006-01,20458172.45375976,2449159.2540673125,173793146.0,70.96032881952539,25.0,22907331.707827073,29.913892463950997,112564164.6483172
ASFALTO,2006,2,Fevereiro,2006-02,800569.9106004697,3351.8366808000005,135436.0,40.40650332869881,25.0,803921.7472812696,25.06423521089539,51640.082979999985
COQUE,2006,2,Fevereiro,2006-02,956757.1136286063,1395167.6371368654,12093497.0,8.668131827382426,25.0,2351924.7507654717,15.31189500386623,-22785693.92842164
GASOLINA A,2006,2,Fevereiro,2006-02,10082891.323925529,0.0,0.0,,25.0,10082891.323925529,25.0,0.0
GASOLINA DE AVIAÇÃO,2006,2,Fevereiro,2006-02,89334.17143,0.0,0.0,,25.0,89334.17143,25.000000000000004,0.0
GLP,2006,2,Fevereiro,2006-02,4224478.097994228,304735.76812708325,13728205.0,45.049536141996164,25.0,4529213.866121311,26.34897820624558,6109810.796822919
LUBRIFICANTE,2006,2,Fevereiro,2006-02,309942.96737,187245.7675395314,21129749.0,112.84500193329646,25.0,497188.7349095314,58.0832210317571,16448604.811511716
NAFTA,2006,2,Fevereiro,2006-02,4392756.904825758,1614125.6809542167,93999358.0,58.23546400948825,25.0,6006882.585779975,33.930791506253286,53646215.97614458
OUTROS ENERGÉTICOS,2006,2,Fevereiro,2006-02,62759.724180000005,0.0,0.0,,25.0,62759.724180000005,25.0,0.0
OUTROS NÃO ENERGÉTICOS,2006,2,Fevereiro,2006-02,903969.0371435358,9870.204263900465,2015593.0,204.2098568691107,25.0,913839.2414074363,26.935611662592027,1768837.8934024884
PARAFINA,2006,2,Fevereiro,2006-02,62178.56531460711,4963.289071,800852.0,161.35509911749807,25.0,67141.85438560712,35.07970035111327,676769.7732249999
QUEROSENE DE AVIAÇÃO,2006,2,Fevereiro,2006-02,2043439.76261,146719.46157571964,11331301.0,77.23106995013126,25.0,2190159.2241857196,28.4989759538858,7663314.460607008
QUEROSENE ILUMINANTE,2006,2,Fevereiro,2006-02,22278.50702,0.0,0.0,,25.0,22278.50702,25.0,0.0
SOLVENTE,2006,2,Fevereiro,2006-02,306922.37417484,66773.8707360729,5081796.0,76.10455922326348,25.0,373696.2449109129,34.13161231366317,3412449.231598178
ÓLEO COMBUSTÍVEL,2006,2,Fevereiro,2006-02,8168871.943159517,40593.26643074038,1833605.0,45.17017626872844,25.0,8209465.209590257,25.09973528339885,818773.3392314905
ÓLEO DIESEL,2006,2,Fevereiro,2006-02,18454410.881977253,1606869.5282553288,117470232.0,73.10502186667527,25.0,20061280.41023258,28.85311865508791,77298493.79361677
ASFALTO,2006,3,Março,2006-03,895140.3575976698,5269.7746372,373854.0,70.94307171333622,25.0,900410.1322348699,25.26888817151476,242109.63407
COQUE,2006,3,Março,2006-03,1246778.6478645375,1445322.9207589424,12667321.0,8.764353500564678,25.0,2692101.56862348,16.28348191150454,-23465752.01897356
GASOLINA A,2006,3,Março,2006-03,10937998.69215297,18273.245866428573,1075992.0,58.883463171521264,25.0,10956271.938019399,25.056512001239284,619160.8533392857
GASOLINA DE AVIAÇÃO,2006,3,Março,2006-03,48613.94149,0.0,0.0,,25.0,48613.94149,25.000000000000004,0.0
GLP,2006,3,Março,2006-03,4594432.233988388,215930.59022833328,9322437.0,43.1733039313332,25.0,4810362.824216722,25.81577469053608,3924172.244291668
LUBRIFICANTE,2006,3,Março,2006-03,427304.53216000006,165462.36560931423,20383825.0,123.19311962534005,25.0,592766.8977693142,52.40919899695556,16247265.859767143
NAFTA,2006,3,Março,2006-03,4945436.314801884,1622268.3238307552,96636257.0,59.56860254277003,25.0,6567704.638632639,33.53868314576134,56079548.904231116
OUTROS ENERGÉTICOS,2006,3,Março,2006-03,0.0,0.0,0.0,,25.0,0.0,,0.0
OUTROS NÃO ENERGÉTICOS,2006,3,Março,2006-03,948087.8279745413,8171.111098668982,2196048.0,268.7575745185647,25.0,956258.9390732103,27.082877493896856,1991770.2225332754
PARAFINA,2006,3,Março,2006-03,75353.600156844,5877.904150000001,953954.0,162.29492275745935,25.0,81231.504306844,34.93464793168932,807006.3962499999
QUEROSENE DE AVIAÇÃO,2006,3,Março,2006-03,2426105.5132000004,528383.2745594993,43048431.0,81.47197890752402,25.0,2954488.7877594996,35.09949648806772,29838849.13601252
QUEROSENE ILUMINANTE,2006,3,Março,2006-03,18381.79361032,0.0,0.0,,25.0,18381.79361032,25.0,0.0
SOLVENTE,2006,3,Março,2006-03,355301.84412766004,99057.96304182187,8281909.0,83.6066959756018,25.0,454359.8071694819,37.77723036313586,5805459.923954453
ÓLEO COMBUSTÍVEL,2006,3,Março,2006-03,8870242.502551695,72799.3972038006,3180937.0,43.69455135864688,25.0,8943041.899755497,25.15217999481163,1360952.0699049847
ÓLEO DIESEL,2006,3,Março,2006-03,21852807.16303663,1710624.5139147067,110618979.0,64.66584460832506,25.0,23563431.676951338,27.87960459590032,67853366.15213235
ASFALTO,2006,4,Abril,2006-04,735459.1513872286,4285.207666400001,242042.0,56.4831436053458,25.0,739744.3590536286,25.18237625835038,134911.80834
COQUE,2006,4,Abril,2006-04,1376023.252085834,1330695.530328048,15710311.0,11.8060898544741,25.0,2706718.782413882,18.513519996139532,-17557077.2582012
GASOLINA A,2006,4,Abril,2006-04,10728059.942476591,0.0,0.0,,25.0,10728059.942476591,25.0,0.0
GASOLINA DE AVIAÇÃO,2006,4,Abril,2006-04,39814.4973,0.0,0.0,,25.0,39814.4973,25.0,0.0
GLP,2006,4,Abril,2006-04,4214994.318103103,1123769.4961683333,47774634.0,42.5128410789713,25.0,5338763.814271436,28.686320893833624,19680396.595791668
LUBRIFICANTE,2006,4,Abril,2006-04,447155.17252,96342.48619427427,14263233.0,148.04717589743578,25.0,543497.6587142743,46.8118158469848,11854670.845143145
NAFTA,2006,4,Abril,2006-04,4211063.001902974,2371196.287245741,140825345.0,59.389998945880365,25.0,6582259.289148715,37.388669943964295,81545437.81885648
OUTROS ENERGÉTICOS,2006,4,Abril,2006-04,0.0,0.0,0.0,,25.0,0.0,,0.0
OUTROS NÃO ENERGÉTICOS,2006,4,Abril,2006-04,1065618.1546761093,6849.5157315277775,1758092.0,256.6739122749426,25.0,1072467.670407637,26.479628850824618,1586854.1067118056
PARAFINA,2006,4,Abril,2006-04,69094.78743558505,6694.459557000001,1049875.0,156.82744679549342,25.0,75789.24699258505,36.64431032229865,882513.511075
QUEROSENE DE AVIAÇÃO,2006,4,Abril,2006-04,1998429.8822499998,791345.8876885106,64103344.0,81.00546802264087,25.0,2789775.7699385104,40.8864727715246,44319696.80778723
QUEROSENE ILUMINANTE,2006,4,Abril,2006-04,18154.838396089996,0.0,0.0,,25.0,18154.838396089996,25.0,0.0
SOLVENTE,2006,4,Abril,2006-04,320921.17658476,71861.63098771933,5223179.0,72.68383598046371,25.0,392782.80757247936,33.724002576601336,3426638.225307017
ÓLEO COMBUSTÍVEL,2006,4,Abril,2006-04,8995563.161027681,192988.95494799607,10892656.0,56.441862193280436,25.0,9188552.115975678,25.660379573376968,6067932.126300099
ÓLEO DIESEL,2006,4,Abril,2006-04,20520041.23264307,1404937.9392252113,106195386.0,75.58724341842753,25.0,21924979.171868283,28.241596580878916,71071937.5193697
ASFALTO,2006,5,Maio,2006-05,889186.7893261104,3034.9591212,177486.0,58.480524090164145,25.0,892221.7484473104,25.113886511001137,101612.02197
COQUE,2006,5,Maio,2006-05,1295813.8584015248,1364485.1335390385,14313219.0,10.48983140100331,25.0,2660298.9919405635,17.55763754432971,-19798909.33847596
GASOLINA A,2006,5,Maio,2006-05,10665614.31253856,5.094576563342319,2099.0,412.00676325157474,25.0,10665619.407115124,25.000184858985744,1971.6355859164419
GASOLINA DE AVIAÇÃO,2006,5,Maio,2006-05,21171.50046,0.0,0.0,,25.0,21171.50046,25.000000000000004,0.0
GLP,2006,5,Maio,2006-05,4447297.315401935,894856.2595275001,38139453.0,42.62075902574376,25.0,5342153.574929435,27.951627333555418,15768046.511812497
LUBRIFICANTE,2006,5,Maio,2006-05,326824.81741,76481.42272055996,11349822.0,148.39972370112446,25.0,403306.24013056,48.401042416132114,9437786.431986002
NAFTA,2006,5,Maio,2006-05,4535426.026315577,2706407.365671738,169431073.0,62.60368455579736,25.0,7241833.391987315,39.05319390125853,101770888.85820656
OUTROS ENERGÉTICOS,2006,5,Maio,2006-05,120569.36789000001,0.0,0.0,,25.0,120569.36789000001,25.0,0.0
OUTROS NÃO ENERGÉTICOS,2006,5,Maio,2006-05,1024752.4902397192,6997.719379652778,2173795.0,310.6433513639786,25.0,1031750.2096193719,26.937341031649595,1998852.0155086808
PARAFINA,2006,5,Maio,2006-05,60669.81363010664,4193.347292500001,782356.0,186.57076207336334,25.0,64863.16092260664,35.44541012264119,677522.3176874999
QUEROSENE DE AVIAÇÃO,2006,5,Maio,2006-05,1796898.0800400001,92003.17633770962,7532576.0,81.87299938809396,25.0,1888901.2563777098,27.77012711696294,5232496.59155726
QUEROSENE ILUMINANTE,2006,5,Maio,2006-05,16011.013265879998,0.0,0.0,,25.0,16011.013265879998,25.0,0.0
SOLVENTE,2006,5,Maio,2006-05,346179.5188311201,141389.8697895276,10355884.0,73.24346514651812,25.0,487569.3886206477,38.990085133439294,6821137.2552618105
ÓLEO COMBUSTÍVEL,2006,5,Maio,2006-05,8718799.94767407,225137.74475822313,13556745.0,60.215336235861635,25.0,8943937.692432292,25.886444165163716,7928301.381044422
ÓLEO DIESEL,2006,5,Maio,2006-05,21944678.304170895,37706.73176863851,2778679.0,73.69185473430733,25.0,21982385.035939533,25.083521906416536,1836010.7057840375
ASFALTO,2006,6,Junho,2006-06,1052016.554561091,7523.950495200002,458132.0,60.88982115077326,25.0,1059540.505056291,25.25485881505366,270033.23761999997
COQUE,2006,6,Junho,2006-06,1249397.5565121532,745405.0444179231,9551948.0,12.814439708358815,25.0,1994802.6009300763,20.446577969061675,-9083178.110448077
GASOLINA A,2006,6,Junho,2006-06,10824294.05434602,0.0,0.0,,25.0,10824294.05434602,25.000000000000004,0.0
GASOLINA DE AVIAÇÃO,2006,6,Junho,2006-06,21649.52602,0.0,0.0,,25.0,21649.52602,24.999999999999996,0.0
GLP,2006,6,Junho,2006-06,4426816.621210919,915967.1294095833,40444192.0,44.15463252056832,25.0,5342783.750620502,28.283871214649622,17545013.764760416
LUBRIFICANTE,2006,6,Junho,2006-06,331013.83086999995,122189.69482954289,16622339.0,136.03715946085717,25.0,453203.52569954284,54.93709417489449,13567596.629261428
NAFTA,2006,6,Junho,2006-06,4452886.0050579775,2674492.27838208,173731678.0,64.95875101389265,25.0,7127378.283440057,39.99420499242354,106869371.04044801
OUTROS ENERGÉTICOS,2006,6,Junho,2006-06,146420.48699,0.0,0.0,,25.0,146420.48699,25.0,0.0
OUTROS NÃO ENERGÉTICOS,2006,6,Junho,2006-06,946644.6097907695,7565.090817118055,2649078.0,350.1713415000581,25.0,954209.7006078876,27.577998031255515,2459950.7295720484
PARAFINA,2006,6,Junho,2006-06,52539.649443754475,4465.373904499999,728533.0,163.15162304008132,25.0,57005.02334825447,35.82182965909425,616898.6523874999
QUEROSENE DE AVIAÇÃO,2006,6,Junho,2006-06,1788431.99578,65273.050386132665,5386177.0,82.51762355424252,25.0,1853705.0461661327,27.025322608961712,3754350.7403466827
QUEROSENE ILUMINANTE,2006,6,Junho,2006-06,26349.6494406,0.0,0.0,,25.0,26349.6494406,25.0,0.0
SOLVENTE,2006,6,Junho,2006-06,376422.88144203,138505.34255167344,14282843.0,103.12124237858457,25.0,514928.2239937035,46.013044016675366,10820209.436208164
ÓLEO COMBUSTÍVEL,2006,6,Junho,2006-06,7777146.011259669,45016.871797374144,1978048.0,43.94014779399622,25.0,7822162.883057044,25.109001336051495,852626.2050656464
ÓLEO DIESEL,2006,6,Junho,2006-06,20657994.08179,1885206.2963466079,155811003.0,82.64931180314342,25.0,22543200.37813661,29.821003396515884,108680845.59133479
ASFALTO,2006,7,Julho,2006-07,1139743.165769559,4063.8002180000003,346109.0,85.16880295122814,25.0,1143806.9659875592,25.213772080273078,244513.99455
COQUE,2006,7,Julho,2006-07,1227492.387696781,2000348.3045394712,24565422.0,12.280572310458481,25.0,3227840.692236252,17.117552246402955,-25443285.613486778
GASOLINA A,2006,7,Julho,2006-07,11013529.756031582,8.502263382749328,7104.0,835.5422174304391,25.0,11013538.258294964,25.000625724744747,6891.443415431267
GASOLINA DE AVIAÇÃO,2006,7,Julho,2006-07,21297.29666,0.0,0.0,,25.0,21297.29666,25.000000000000004,0.0
GLP,2006,7,Julho,2006-07,4757619.294679907,1391183.2865212501,59009981.0,42.41711467621102,25.0,6148802.5812011575,28.94066950710838,24230398.83696875
LUBRIFICANTE,2006,7,Julho,2006-07,432877.30382000003,241227.18847948566,31812179.0,131.87642404871522,25.0,674104.4922994857,63.2455532970382,25781499.288012862
NAFTA,2006,7,Julho,2006-07,4722121.663425079,3407610.7954022223,232927683.0,68.355131200512,25.0,8129732.458827301,43.17248155005771,147737413.11494443
OUTROS ENERGÉTICOS,2006,7,Julho,2006-07,261379.34436000002,0.0,0.0,,25.0,261379.34436000002,25.0,0.0
OUTROS NÃO ENERGÉTICOS,2006,7,Julho,2006-07,1072534.8701790588,12524.089131157407,2811829.0,224.5136528935056,25.0,1085058.9593102161,27.302848845476134,2498726.771721065
PARAFINA,2006,7,Julho,2006-07,78859.8714458897,5804.988377,924578.0,159.2730148544792,25.0,84664.8598228897,34.20633769672018,779453.290575
QUEROSENE DE AVIAÇÃO,2006,7,Julho,2006-07,1773525.1460799999,413182.2634405507,36980401.0,89.50142412228882,25.0,2186707.4095205506,37.187659079560895,26650844.413986232
QUEROSENE ILUMINANTE,2006,7,Julho,2006-07,25075.73019263,0.0,0.0,,25.0,25075.73019263,25.0,0.0
SOLVENTE,2006,7,Julho,2006-07,346465.51649182,127926.99409538461,10912058.0,85.2991042051983,25.0,474392.5105872046,41.260550020208186,7713883.147615384
ÓLEO COMBUSTÍVEL,2006,7,Julho,2006-07,7812702.493030761,58242.82720897336,4222661.0,72.50096196136273,25.0,7870945.320239735,25.35149403371683,2766590.319775666
ÓLEO DIESEL,2006,7,Julho,2006-07,20650697.902189996,1010291.8428330518,87492304.0,86.60101991386452,25.0,21660989.74502305,27.873137777255685,62235007.92917371
ASFALTO,2006,8,Agosto,2006-08,1309978.5836386564,3784.0233328,201402.0,53.224301830869514,25.0,1313762.6069714564,25.081294303942936,106801.41668
COQUE,2006,8,Agosto,2006-08,1240293.5156616077,1914308.0763670001,23461369.0,12.255795861513214,25.0,3154601.5920286076,17.266429785991892,-24396332.909175
GASOLINA A,2006,8,Agosto,2006-08,10787701.15369935,72.8922859703504,4373.0,59.99263079468735,25.0,10787774.04598532,25.0002364429251,2550.6928507412404
GASOLINA DE AVIAÇÃO,2006,8,Agosto,2006-08,0.0,0.0,0.0,,25.0,0.0,,0.0
GLP,2006,8,Agosto,2006-08,4593932.608377793,578437.2832712498,28934420.0,50.02170647847335,25.0,5172369.891649043,27.798231414498535,14473487.918218756
LUBRIFICANTE,2006,8,Agosto,2006-08,515795.86905,66546.93020049145,10259494.0,154.16930531717048,25.0,582342.7992504914,39.760757334084026,8595820.744987713
NAFTA,2006,8,Agosto,2006-08,4557608.678453571,2159374.741149003,156735715.0,72.58384198594494,25.0,6716983.419602575,40.297245809988084,102751346.47127493
OUTROS ENERGÉTICOS,2006,8,Agosto,2006-08,162887.20957,0.0,0.0,,25.0,162887.20957,25.0,0.0
OUTROS NÃO ENERGÉTICOS,2006,8,Agosto,2006-08,1019804.1303076665,8580.16714484954,3093535.0,360.54484111734024,25.0,1028384.297452516,27.79956707673446,2879030.821378762
PARAFINA,2006,8,Agosto,2006-08,99144.06654401128,5988.436054999999,983649.0,164.2580785643874,25.0,105132.50259901128,32.93225765590063,833938.0986250001
QUEROSENE DE AVIAÇÃO,2006,8,Agosto,2006-08,2051742.3118099999,614825.6527053065,58246223.0,94.7361625913129,25.0,2666567.9645153065,41.07893826556215,42875581.68236734
QUEROSENE ILUMINANTE,2006,8,Agosto,2006-08,17240.36921,0.0,0.0,,25.0,17240.36921,25.0,0.0
SOLVENTE,2006,8,Agosto,2006-08,281550.96001410997,71470.52533919027,6397771.0,89.51621622531765,25.0,353021.48535330023,38.06155023937309,4611007.866520243
ÓLEO COMBUSTÍVEL,2006,8,Agosto,2006-08,7841894.077101813,27497.4225379467,1011119.0,36.77141006960367,25.0,7869391.49963976,25.041131952396338,323683.43655133265
ÓLEO DIESEL,2006,8,Agosto,2006-08,20216663.27333,921242.8980452584,85627240.0,92.94751707903353,25.0,21137906.171375256,27.96132299203957,62596167.54886854
ASFALTO,2006,9,Setembro,2006-09,1269849.913717451,2651.9373060000003,102360.0,38.59819753974229,25.0,1272501.851023451,25.028339107971433,36061.56734999999
COQUE,2006,9,Setembro,2006-09,1200468.6129006343,1367543.0637721058,16690072.0,12.204421522173956,25.0,2568011.67667274,18.185971561868175,-17498504.594302647
GASOLINA A,2006,9,Setembro,2006-09,10361193.005832499,25.769571967654983,12503.0,485.18462067174823,25.0,10361218.775404466,25.001144533375648,11858.760700808625
GASOLINA DE AVIAÇÃO,2006,9,Setembro,2006-09,0.0,0.0,0.0,,25.0,0.0,,0.0
GLP,2006,9,Setembro,2006-09,4178115.03949329,772030.3995108332,36941674.0,47.850025107051025,25.0,4950145.439004123,28.563716304824,17640914.01222917
LUBRIFICANTE,2006,9,Setembro,2006-09,450627.14764,210044.5676427313,29906728.0,142.38277302590805,25.0,660671.7152827312,62.31900918201178,24655613.80893172
NAFTA,2006,9,Setembro,2006-09,4815751.929972961,2303842.3138127495,157189164.0,68.22913315619219,25.0,7119594.24378571,38.98859299342943,99593106.15468127
OUTROS ENERGÉTICOS,2006,9,Setembro,2006-09,63357.25613,0.0,0.0,,25.0,63357.25613,25.0,0.0
OUTROS NÃO ENERGÉTICOS,2006,9,Setembro,2006-09,1096158.4288735618,12032.333731273146,2411069.0,200.38249053327112,25.0,1108190.762604835,26.90423952980617,2110260.656718171
PARAFINA,2006,9,Setembro,2006-09,74934.39939465535,9615.017773000001,1532895.0,159.42716240260452,25.0,84549.41716765535,40.287149207806216,1292519.555675
QUEROSENE DE AVIAÇÃO,2006,9,Setembro,2006-09,1907963.54502,240188.9508536921,22279843.0,92.75964993731735,25.0,2148152.495873692,32.57633327239103,16275119.228657698
QUEROSENE ILUMINANTE,2006,9,Setembro,2006-09,14252.70946,0.0,0.0,,25.0,14252.70946,25.0,0.0
SOLVENTE,2006,9,Setembro,2006-09,251299.45209925,174721.25365750334,16575488.0,94.86818376711076,25.0,426020.70575675333,53.65460878686153,12207456.658562418
ÓLEO COMBUSTÍVEL,2006,9,Setembro,2006-09,6819571.749589773,140247.33961595263,7288443.0,51.96849380500453,25.0,6959819.089205725,25.54344221611554,3782259.5096011846
ÓLEO DIESEL,2006,9,Setembro,2006-09,20015049.703590002,2585093.513043991,235767149.0,91.20256107191273,25.0,22600143.216633994,32.572510029402785,171139811.17390022
ASFALTO,2006,10,Outubro,2006-10,925996.4463412623,3802.6043520000003,199981.0,52.590535719241714,25.0,929799.0506932624,25.11283716747374,104915.8912
COQUE,2006,10,Outubro,2006-10,1345321.2436576646,1000330.5598863846,13050487.0,13.046174458053391,25.0,2345651.803544049,19.902151726401765,-11957776.997159617
GASOLINA A,2006,10,Outubro,2006-10,10413639.62417657,0.0,0.0,,25.0,10413639.62417657,25.0,0.0
GASOLINA DE AVIAÇÃO,2006,10,Outubro,2006-10,0.0,0.0,0.0,,25.0,0.0,,0.0
GLP,2006,10,Outubro,2006-10,3975592.2507527615,1476517.1501858332,67229795.0,45.53268818553074,25.0,5452109.400938595,30.560575552672336,30316866.24535417
LUBRIFICANTE,2006,10,Outubro,2006-10,342102.7659,178395.0847601828,25824854.0,144.7621386806506,25.0,520497.85066018277,66.04719520723627,21364976.88099543
NAFTA,2006,10,Outubro,2006-10,4576691.19425101,3254967.329883433,212005988.0,65.13306172187983,25.0,7831658.524134443,41.67996687423902,130631804.75291419
OUTROS ENERGÉTICOS,2006,10,Outubro,2006-10,0.0,0.0,0.0,,25.0,0.0,,0.0
OUTROS NÃO ENERGÉTICOS,2006,10,Outubro,2006-10,1114941.515094976,8007.423161342591,2661109.0,332.3302573600739,25.0,1122948.9382563184,27.191482922444976,2460923.420966435
PARAFINA,2006,10,Outubro,2006-10,83130.38630836134,9946.605817500002,1362590.0,136.9904493050953,25.0,93076.99212586135,36.967778815372746,1113924.8545624998
QUEROSENE DE AVIAÇÃO,2006,10,Outubro,2006-10,1723011.68197,648513.7727279725,53126171.0,81.91988086316937,25.0,2371525.4546979726,40.565224741179016,36913326.681800686
QUEROSENE ILUMINANTE,2006,10,Outubro,2006-10,19711.65442843,0.0,0.0,,25.0,19711.65442843,25.0,0.0
SOLVENTE,2006,10,Outubro,2006-10,369660.07773003,128425.33209172735,11199023.0,87.20260105694051,25.0,498085.40982175735,41.03819252719229,7988389.697706816
ÓLEO COMBUSTÍVEL,2006,10,Outubro,2006-10,6855238.742916018,647426.2000114118,28417041.0,43.89232471515535,25.0,7502664.942927429,26.63027218898332,12231385.999714704
ÓLEO DIESEL,2006,10,Outubro,2006-10,20913240.17581071,2134732.176318146,169523752.0,79.41218757117537,25.0,23047972.352128856,30.039725222566812,116155447.59204635
ASFALTO,2006,11,Novembro,2006-11,1033595.3675828837,1755.4767664,121993.0,69.4928023742371,25.0,1035350.8443492837,25.075439240008627,78106.08084
COQUE,2006,11,Novembro,2006-11,1169744.2668192403,1421948.1300954137,18893996.0,13.287401699197144,25.0,2591692.396914654,18.573810197455394,-16654707.25238534
GASOLINA A,2006,11,Novembro,2006-11,9800942.8982379,9.629682156334232,6963.0,723.0768250663251,25.0,9800952.527920058,25.000685878023276,6722.257946091644
GASOLINA DE AVIAÇÃO,2006,11,Novembro,2006-11,76364.58321,0.0,0.0,,25.0,76364.58321,25.0,0.0
GLP,2006,11,Novembro,2006-11,4025097.7872608122,977498.8707383332,42351221.0,43.32610734170045,25.0,5002596.657999146,28.58089017688396,17913749.231541667
LUBRIFICANTE,2006,11,Novembro,2006-11,434128.97601,198124.14848414858,28239319.0,142.53345296905772,25.0,632253.1244941485,61.8305262335035,23286215.287896287
NAFTA,2006,11,Novembro,2006-11,4698524.679073573,743264.0791084188,43273009.0,58.22023452540323,25.0,5441788.758181992,29.537369625964406,24691407.02228953
OUTROS ENERGÉTICOS,2006,11,Novembro,2006-11,0.0,0.0,0.0,,25.0,0.0,,0.0
OUTROS NÃO ENERGÉTICOS,2006,11,Novembro,2006-11,1043293.8721166422,6072.716916655092,1526219.0,251.32391661698853,25.0,1049366.5890332973,26.309743507604672,1374401.0770836228
PARAFINA,2006,11,Novembro,2006-11,60266.44807616917,8726.566769500001,1357953.0,155.61136880842378,25.0,68993.01484566917,41.520351129923796,1139788.8307625
QUEROSENE DE AVIAÇÃO,2006,11,Novembro,2006-11,2043641.0365300002,287748.069952015,22054299.0,76.6444723805716,25.0,2331389.106482015,31.374138581107015,14860597.251199624
QUEROSENE ILUMINANTE,2006,11,Novembro,2006-11,21429.124787790002,0.0,0.0,,25.0,21429.124787790002,25.0,0.0
SOLVENTE,2006,11,Novembro,2006-11,313059.80094796995,99381.15402124157,9937670.0,99.9955182435891,25.0,412440.95496921154,43.07080761420828,7453141.149468961
ÓLEO COMBUSTÍVEL,2006,11,Novembro,2006-11,6899953.654484115,0.0,0.0,,25.0,6899953.654484115,25.0,0.0
ÓLEO DIESEL,2006,11,Novembro,2006-11,19983485.56264662,4138311.655945494,320240653.0,77.38437305462764,25.0,24121797.218592115,33.98701119310774,216782861.60136265
ASFALTO,2006,12,Dezembro,2006-12,780155.3731634838,3920.5827784,271866.0,69.34326230728107,25.0,784075.9559418838,25.221727792087638,173851.43054
COQUE,2006,12,Dezembro,2006-12,1263327.6214445347,1043387.9743602884,16106175.0,15.4364200046247,25.0,2306715.595804823,20.674141893714616,-9978524.35900721
GASOLINA A,2006,12,Dezembro,2006-12,11547562.11150128,105445.16371801887,6845353.0,64.91860563947553,25.0,11653007.275219299,25.361213531205863,4209223.907049528
GASOLINA DE AVIAÇÃO,2006,12,Dezembro,2006-12,43865.13494,0.0,0.0,,25.0,43865.13494,24.999999999999996,0.0
GLP,2006,12,Dezembro,2006-12,4141655.4238434383,864653.1274529166,37158883.0,42.9754797851274,25.0,5006308.551296355,28.104593864805324,15542554.813677086
LUBRIFICANTE,2006,12,Dezembro,2006-12,455118.07198,119817.48040842291,18185801.0,151.77919730918975,25.0,574935.5523884229,51.42098566819349,15190363.989789426
NAFTA,2006,12,Dezembro,2006-12,4040118.197689907,2139463.5143285757,129621950.0,60.586193282515055,25.0,6179581.712018482,37.320471787550325,76135362.1417856
OUTROS ENERGÉTICOS,2006,12,Dezembro,2006-12,0.0,0.0,0.0,,25.0,0.0,,0.0
OUTROS NÃO ENERGÉTICOS,2006,12,Dezembro,2006-12,1007874.4913703811,6139.189434143519,2410710.0,392.67561717393386,25.0,1014013.6808045246,27.22603531577159,2257230.2641464123
PARAFINA,2006,12,Dezembro,2006-12,43597.73953916866,6127.6326185,963073.0,157.1688545903317,25.0,49725.37215766866,41.28710152172486,809882.1845375
QUEROSENE DE AVIAÇÃO,2006,12,Dezembro,2006-12,2208685.65093,150130.99469173967,11955934.0,79.63668011757885,25.0,2358816.64562174,28.47744668833488,8202659.132706509
QUEROSENE ILUMINANTE,2006,12,Dezembro,2006-12,14460.273190000002,0.0,0.0,,25.0,14460.273190000002,25.0,0.0
SOLVENTE,2006,12,Dezembro,2006-12,323733.6148077801,109500.23599998651,10108005.0,92.3103489932318,25.0,433233.8508077666,42.01274977995834,7370499.100000337
ÓLEO COMBUSTÍVEL,2006,12,Dezembro,2006-12,7531677.995155519,133040.85655618954,6914147.0,51.9701028614456,25.0,7664718.851711708,25.468135316573807,3588125.5860952614
ÓLEO DIESEL,2006,12,Dezembro,2006-12,20362752.13008775,2413668.934700657,181390857.0,75.1515066512202,25.0,22776421.064788405,30.31466876592045,121049133.63248359
ASFALTO,2007,1,Janeiro,2007-01,518156.4028020783,3885.1512047999995,285148.0,73.39431207920745,25.0,522041.5540068783,25.360161405613933,188019.21988
COQUE,2007,1,Janeiro,2007-01,1230303.9663772618,1166789.7223159135,21863248.0,18.737950448007485,25.0,2397093.688693175,21.951935966307133,-7306495.057897837
GASOLINA A,2007,1,Janeiro,2007-01,10427410.465002662,40.01065121293801,19863.0,496.4428070487645,25.0,10427450.475653874,25.00180894972973,18862.733719676547
GASOLINA DE AVIAÇÃO,2007,1,Janeiro,2007-01,34210.27659,0.0,0.0,,25.0,34210.27659,25.0,0.0
GLP,2007,1,Janeiro,2007-01,4223312.512249285,916521.4417049997,37763088.0,41.20262361756593,25.0,5139833.953954285,27.889208501755252,14850051.957375007
LUBRIFICANTE,2007,1,Janeiro,2007-01,227993.03288,224369.32597773708,33527269.0,149.42893309456537,25.0,452362.3588577371,86.71608955495893,27918035.850556575
NAFTA,2007,1,Janeiro,2007-01,4541973.354837021,1262363.487184131,76751378.0,60.79974490644063,25.0,5804336.842021152,32.78595247836446,45192290.82039673
OUTROS ENERGÉTICOS,2007,1,Janeiro,2007-01,0.0,0.0,0.0,,25.0,0.0,,0.0
OUTROS NÃO ENERGÉTICOS,2007,1,Janeiro,2007-01,1033146.6733747589,7845.183918680554,2540658.0,323.8493866218119,25.0,1040991.8572934394,27.25220628346577,2344528.4020329863
PARAFINA,2007,1,Janeiro,2007-01,78079.02055754485,12069.316975999998,1850319.0,153.30768126144872,25.0,90148.33753354485,42.17819893266206,1548586.0755999999
QUEROSENE DE AVIAÇÃO,2007,1,Janeiro,2007-01,1991341.2663800002,554053.7603925907,41856725.0,75.5463241876406,25.0,2545395.026772591,36.002371221607355,28005380.99018523
QUEROSENE ILUMINANTE,2007,1,Janeiro,2007-01,14938.298749999998,0.0,0.0,,25.0,14938.298749999998,25.0,0.0
SOLVENTE,2007,1,Janeiro,2007-01,354235.07348222996,158825.77484724694,13374386.0,84.20790651179266,25.0,513060.8483294769,43.328706350206524,9403741.628818827
ÓLEO COMBUSTÍVEL,2007,1,Janeiro,2007-01,7859364.387349482,203039.35728243832,9514185.0,46.85882149816537,25.0,8062403.74463192,25.550481123063832,4438201.067939042
ÓLEO DIESEL,2007,1,Janeiro,2007-01,20487370.40592,1389346.6888025939,104321273.0,75.08656683085279,25.0,21876717.09472259,28.180898005794578,69587605.77993515
ASFALTO,2007,2,Fevereiro,2007-02,635263.6080909562,4374.5229684000005,311791.0,71.27428573407144,25.0,639638.1310593563,25.31647257403923,202427.92579
COQUE,2007,2,Fevereiro,2007-02,1151147.7306517158,1924109.692918404,22742897.0,11.819958645655271,25.0,3075257.42357012,16.75358617831758,-25359845.3229601
GASOLINA A,2007,2,Fevereiro,2007-02,10186635.695368119,0.0,0.0,,25.0,10186635.695368119,25.0,0.0
GASOLINA DE AVIAÇÃO,2007,2,Fevereiro,2007-02,57325.32834,0.0,0.0,,25.0,57325.32834,25.0,0.0
GLP,2007,2,Fevereiro,2007-02,3886711.462534446,744560.9647129168,34645523.0,46.53147914268969,25.0,4631272.427247362,28.461575438287387,16031498.882177081
LUBRIFICANTE,2007,2,Fevereiro,2007-02,434701.34872,148956.52400529143,22105396.0,148.4016638251759,25.0,583657.8727252914,56.49359198058702,18381482.899867713
NAFTA,2007,2,Fevereiro,2007-02,4218157.085107475,2647626.734782949,153665195.0,58.03884398855694,25.0,6865783.819890424,37.740646796511335,87474526.63042629
OUTROS ENERGÉTICOS,2007,2,Fevereiro,2007-02,178228.05616,0.0,0.0,,25.0,178228.05616,25.0,0.0
OUTROS NÃO ENERGÉTICOS,2007,2,Fevereiro,2007-02,1090849.0194412086,9991.603420798614,2796718.0,279.90682598333774,25.0,1100840.6228620072,27.313620938023192,2546927.9144800343
PARAFINA,2007,2,Fevereiro,2007-02,58128.92349188662,4694.8599235,1021840.0,217.650796115387,25.0,62823.78341538662,39.396912327489346,904468.5019125
QUEROSENE DE AVIAÇÃO,2007,2,Fevereiro,2007-02,1997914.11783,484262.07586520654,36958272.0,76.31874111547663,25.0,2482176.193695206,35.012069315020376,24851720.103369836
QUEROSENE ILUMINANTE,2007,2,Fevereiro,2007-02,22958.517248530003,0.0,0.0,,25.0,22958.517248530003,25.0,0.0
SOLVENTE,2007,2,Fevereiro,2007-02,256020.88539612998,109102.45008091764,9299034.0,85.23212808789553,25.0,365123.3354770476,42.99795332005055,6571472.747977059
ÓLEO COMBUSTÍVEL,2007,2,Fevereiro,2007-02,7559373.928576305,0.22352730503455087,975.0,4361.883215338247,25.0,7559374.152103609,25.000128239692582,969.4118173741361
ÓLEO DIESEL,2007,2,Fevereiro,2007-02,18515385.306486852,1371408.0473289082,103810871.0,75.69655960688904,25.0,19886793.35381576,28.496072422527444,69525669.8167773
ASFALTO,2007,3,Março,2007-03,783775.7660526272,3072.0904775999998,190374.0,61.968877996303455,25.0,786847.8565302272,25.14433760874792,113571.73806
COQUE,2007,3,Março,2007-03,1473806.0655896638,2469447.094032231,29206045.0,11.826957164047187,25.0,3943253.1596218944,16.7504326925018,-32530132.35080577
GASOLINA A,2007,3,Março,2007-03,11679024.052084923,62345.96149009435,3606125.0,57.840554765892065,25.0,11741370.013575017,25.174381350760637,2047475.9627476411
GASOLINA DE AVIAÇÃO,2007,3,Março,2007-03,46072.85825,0.0,0.0,,25.0,46072.85825,25.000000000000004,0.0
GLP,2007,3,Março,2007-03,4665741.278480612,969705.7391754168,43345137.0,44.69926829231542,25.0,5635447.017656028,28.38970332979192,19102493.52061458
LUBRIFICANTE,2007,3,Março,2007-03,424046.41057999997,165302.9638530286,23671571.0,143.20112869268618,25.0,589349.3744330285,58.153504103523275,19538996.903674286
NAFTA,2007,3,Março,2007-03,5421210.898025221,3314370.3383677066,210038234.0,63.37198700113931,25.0,8735581.236392928,39.558730792974885,127178975.54080734
OUTROS ENERGÉTICOS,2007,3,Março,2007-03,0.0,0.0,0.0,,25.0,0.0,,0.0
OUTROS NÃO ENERGÉTICOS,2007,3,Março,2007-03,1078751.507101679,18385.35486579861,3845502.0,209.1611518009697,25.0,1097136.8619674775,28.08609458466578,3385868.1283550346
PARAFINA,2007,3,Março,2007-03,70517.21834772688,10289.714953,1563960.0,151.99254859280842,25.0,80806.93330072689,41.17085406906842,1306717.1261749999
QUEROSENE DE AVIAÇÃO,2007,3,Março,2007-03,2421369.28627,349867.61112997495,28838685.0,82.4274213519196,25.0,2771236.897399975,32.2501902455908,20091994.72175063
QUEROSENE ILUMINANTE,2007,3,Março,2007-03,20829.056367903682,0.0,0.0,,25.0,20829.056367903682,25.0,0.0
SOLVENTE,2007,3,Março,2007-03,319829.2091176594,184152.61578982457,14888206.0,80.84710573425725,25.0,503981.824907484,45.40627279990165,10284390.605254386
ÓLEO COMBUSTÍVEL,2007,3,Março,2007-03,8596093.648175042,93752.87161410663,3227347.0,34.423980241202486,25.0,8689846.519789148,25.101673281298503,883525.2096473342
ÓLEO DIESEL,2007,3,Março,2007-03,22415325.006757148,1424114.7726153522,106680821.0,74.91026920820663,25.0,23839439.7793725,27.981527768371375,71077951.6846162
ASFALTO,2007,4,Abril,2007-04,804133.7552844496,3868.889744799999,298983.0,77.27875946887596,25.0,808002.6450292496,25.250321898850565,202260.75638000004
COQUE,2007,4,Abril,2007-04,1442192.4979949067,1105406.1238933944,10005738.0,9.05163974011506,25.0,2547598.6218883013,18.079987190341704,-17629415.097334858
GASOLINA A,2007,4,Abril,2007-04,10765326.236471672,5.077622897574124,1319.0,259.7672230897972,25.0,10765331.31409457,25.000110731327517,1192.0594275606468
GASOLINA DE AVIAÇÃO,2007,4,Abril,2007-04,0.0,0.0,0.0,,25.0,0.0,,0.0
GLP,2007,4,Abril,2007-04,4569803.396258928,937098.2360716666,46017112.0,49.10596373855595,25.0,5506901.632330595,29.10206275804641,22589656.098208338
LUBRIFICANTE,2007,4,Abril,2007-04,352782.86328000005,170173.10263501716,22407233.0,131.67317662450128,25.0,522955.9659150172,59.712110803368304,18152905.43412457
NAFTA,2007,4,Abril,2007-04,4956904.57424655,2252566.9225477926,146705965.0,65.12834914314843,25.0,7209471.496794343,37.53792208991983,90391791.9363052
OUTROS ENERGÉTICOS,2007,4,Abril,2007-04,3371.3381600000002,0.0,0.0,,25.0,3371.3381600000002,25.000000000000004,0.0
OUTROS NÃO ENERGÉTICOS,2007,4,Abril,2007-04,1205845.3289104418,9279.318837662035,2461497.0,265.26699244447826,25.0,1215124.6477481038,26.834802736649475,2229514.029058449
PARAFINA,2007,4,Abril,2007-04,71810.08664877544,10160.551403499998,1551892.0,152.73698624913416,25.0,81970.63805227543,40.833452633183114,1297878.2149125
QUEROSENE DE AVIAÇÃO,2007,4,Abril,2007-04,1983623.6695100002,277558.97135714645,23510550.0,84.70470215768316,25.0,2261182.6408671467,32.32872056266815,16571575.71607134
QUEROSENE ILUMINANTE,2007,4,Abril,2007-04,17830.4162861,0.0,0.0,,25.0,17830.4162861,25.0,0.0
SOLVENTE,2007,4,Abril,2007-04,337685.16187517,139939.35132549264,10711271.0,76.54223703728671,25.0,477624.5132006627,40.10137569893194,7212787.216862684
ÓLEO COMBUSTÍVEL,2007,4,Abril,2007-04,7802113.686587219,96936.50271970387,3871947.0,39.943126596963204,25.0,7899050.189306923,25.18338083659328,1448534.4320074029
ÓLEO DIESEL,2007,4,Abril,2007-04,20967712.02491744,1431522.1017216435,115717997.0,80.83563422515786,25.0,22399234.126639083,28.568423098979952,79929944.4569589
ASFALTO,2007,5,Maio,2007-05,810826.6710116128,3096.059256,230622.0,74.48888439491806,25.0,813922.7302676127,25.188249465093108,153220.5186
COQUE,2007,5,Maio,2007-05,1327530.2777030198,1268952.0640551157,28156574.0,22.188839750196465,25.0,2596482.3417581357,23.62613061371238,-3567227.601377891
GASOLINA A,2007,5,Maio,2007-05,11552439.852866469,211.62413295148252,62467.0,295.17900028122665,25.0,11552651.47699942,25.00494920121065,57176.39667621294
GASOLINA DE AVIAÇÃO,2007,5,Maio,2007-05,23479.86073,0.0,0.0,,25.0,23479.86073,24.999999999999996,0.0
GLP,2007,5,Maio,2007-05,4465543.127117058,792872.4483829167,41122002.0,51.86458690028813,25.0,5258415.575499975,29.050686083022608,21300190.79042708
LUBRIFICANTE,2007,5,Maio,2007-05,262108.96232,306321.7045081943,38982033.0,127.25847508124325,25.0,568430.6668281943,80.10608806889492,31323990.38729514
NAFTA,2007,5,Maio,2007-05,4917100.8010226935,2335845.485321937,166789171.0,71.40419691630944,25.0,7252946.286344631,39.94469000425756,108393033.86695157
OUTROS ENERGÉTICOS,2007,5,Maio,2007-05,116996.75581,0.0,0.0,,25.0,116996.75581,25.0,0.0
OUTROS NÃO ENERGÉTICOS,2007,5,Maio,2007-05,1291859.8388452171,11048.000305891208,3353118.0,303.5045173027368,25.0,1302907.8391511084,27.361577618841746,3076917.9923527194
PARAFINA,2007,5,Maio,2007-05,62405.3277639156,6683.9893245,1206650.0,180.52841520513113,25.0,69089.3170884156,40.04646898676329,1039550.2668875
QUEROSENE DE AVIAÇÃO,2007,5,Maio,2007-05,2122496.3845,437380.02844183985,40054677.0,91.57866019327453,25.0,2559876.41294184,36.375618034422516,29120176.288954005
QUEROSENE ILUMINANTE,2007,5,Maio,2007-05,13887.79355323,0.0,0.0,,25.0,13887.79355323,24.999999999999996,0.0
SOLVENTE,2007,5,Maio,2007-05,335244.20612056,120579.56230539808,10439525.0,86.5778976171706,25.0,455823.7684259581,41.28926891637318,7425035.9423650475
ÓLEO COMBUSTÍVEL,2007,5,Maio,2007-05,8367331.273742287,0.0,298.0,,25.0,8367331.273742287,25.00003561470082,0.0
ÓLEO DIESEL,2007,5,Maio,2007-05,19809200.55692657,2025143.1113523357,180217540.0,88.99002692192731,25.0,21834343.668278906,30.935097669295157,129588962.21619159
ASFALTO,2007,6,Junho,2007-06,1074725.23350377,3860.5381044,264749.0,68.57826366180808,25.0,1078585.7716081701,25.15597790349038,168235.54738999996
COQUE,2007,6,Junho,2007-06,1435050.2085516043,1964958.7430055193,24164916.0,12.297925381903108,25.0,3400008.9515571236,17.659121510927985,-24959052.57513798
GASOLINA A,2007,6,Junho,2007-06,11611974.92983529,97.54291599730459,46646.0,478.2100219485849,25.0,11612072.472751288,25.003807023010218,44207.42710006738
GASOLINA DE AVIAÇÃO,2007,6,Junho,2007-06,20542.51946,0.0,0.0,,25.0,20542.51946,25.0,0.0
GLP,2007,6,Junho,2007-06,4557191.42432867,1026466.6596191666,56337295.0,54.88468083405838,25.0,5583658.083947836,30.493822875313334,30675628.509520836
LUBRIFICANTE,2007,6,Junho,2007-06,233012.30126,260736.25980889145,32778231.0,125.71412592949306,25.0,493748.56106889143,78.18460968864221,26259824.504777715
NAFTA,2007,6,Junho,2007-06,4464044.7080722945,2346714.133644445,169203955.0,72.1024996501071,25.0,6810758.841716739,41.229630827895654,110536101.65888886
OUTROS ENERGÉTICOS,2007,6,Junho,2007-06,159446.6835,0.0,0.0,,25.0,159446.6835,25.0,0.0
OUTROS NÃO ENERGÉTICOS,2007,6,Junho,2007-06,1219512.2434198388,7448.2343007754625,2413985.0,324.10164644641634,25.0,1226960.4777206143,26.81568940722465,2227779.142480613
PARAFINA,2007,6,Junho,2007-06,59088.62488653095,9535.474688,1423180.0,149.25109095942682,25.0,68624.09957453095,42.264971637452604,1184793.1328
QUEROSENE DE AVIAÇÃO,2007,6,Junho,2007-06,2058541.59642,270053.17340836045,25297318.0,93.67532208831592,25.0,2328594.7698283605,32.96445517489418,18545988.664790988
QUEROSENE ILUMINANTE,2007,6,Junho,2007-06,12262.8022703,0.0,0.0,,25.0,12262.8022703,24.999999999999996,0.0
SOLVENTE,2007,6,Junho,2007-06,329341.50247701,88545.84008839406,8474144.0,95.70346830003963,25.0,417887.3425654041,39.98130562978301,6260497.9977901485
ÓLEO COMBUSTÍVEL,2007,6,Junho,2007-06,7679300.532066002,176393.0211675025,12443979.0,70.54688965377615,25.0,7855693.553233504,26.022717270775598,8034153.470812437
ÓLEO DIESEL,2007,6,Junho,2007-06,20362876.05192437,3282696.8347651996,294417511.0,89.68769454492093,25.0,23645572.88668957,33.98054325638289,212350090.13087
ASFALTO,2007,7,Julho,2007-07,808292.3536913611,3555.6203883999997,285717.0,80.35644101156994,25.0,811847.9740797612,25.242442546602526,196826.49029
COQUE,2007,7,Julho,2007-07,1386771.7210598479,1141981.508144962,18412300.0,16.12311571481485,25.0,2528753.2292048098,20.991211168196195,-10137237.70362405
GASOLINA A,2007,7,Julho,2007-07,11008342.74470869,0.0,0.0,,25.0,11008342.74470869,25.0,0.0
GASOLINA DE AVIAÇÃO,2007,7,Julho,2007-07,20573.96851,0.0,0.0,,25.0,20573.96851,25.0,0.0
GLP,2007,7,Julho,2007-07,4379045.8853554735,1714951.5867141664,95826306.0,55.87697445360684,25.0,6093997.47206964,33.68929082672595,52952516.33214583
LUBRIFICANTE,2007,7,Julho,2007-07,369683.58275,179962.12442940575,25192697.0,139.98888421592517,25.0,549645.7071794057,62.64905941948965,20693643.889264856
NAFTA,2007,7,Julho,2007-07,4692076.487349728,2477487.096527806,190360881.0,76.83627546104698,25.0,7169563.583877534,42.9123460004729,128423703.58680484
OUTROS ENERGÉTICOS,2007,7,Julho,2007-07,128481.94887000001,0.0,0.0,,25.0,128481.94887000001,25.0,0.0
OUTROS NÃO ENERGÉTICOS,2007,7,Julho,2007-07,1254437.0271752411,8395.88444769676,3318656.0,395.27175733229694,25.0,1262832.911622938,27.461734137743,3108758.888807581
PARAFINA,2007,7,Julho,2007-07,78267.58936998682,29899.64735250001,4497931.0,150.43424917263823,25.0,108167.23672248682,59.672604476433136,3750439.8161874996
QUEROSENE DE AVIAÇÃO,2007,7,Julho,2007-07,2160908.25417,310903.9464262453,29248715.0,94.07637096989559,25.0,2471812.2005962455,33.68840939217123,21476116.33934387
QUEROSENE ILUMINANTE,2007,7,Julho,2007-07,13282.60690446,0.0,0.0,,25.0,13282.60690446,25.0,0.0
SOLVENTE,2007,7,Julho,2007-07,296392.64728251,139488.3948668286,12378533.0,88.74238614486852,25.0,435881.04214933864,45.39850846571803,8891323.128329284
ÓLEO COMBUSTÍVEL,2007,7,Julho,2007-07,8709403.940854985,46159.257762487665,1794654.0,38.8796113064553,25.0,8755563.198617473,25.073173197589274,640672.5559378085
ÓLEO DIESEL,2007,7,Julho,2007-07,21237750.05380945,3367741.459128885,309723447.0,91.96770320965031,25.0,24605491.512938336,34.165836431399356,225529910.52177787
ASFALTO,2007,8,Agosto,2007-08,1167592.3709916652,3735.3739536000003,327106.0,87.56981337430719,25.0,1171327.7449452651,25.199535657008553,233721.65116
COQUE,2007,8,Agosto,2007-08,1488262.4275520109,1919240.333692702,26555454.0,13.836440144474324,25.0,3407502.761244713,18.712241531833392,-21425554.34231755
GASOLINA A,2007,8,Agosto,2007-08,10623977.204415238,42.68933040431267,18085.0,423.6421566868374,25.0,10624019.893745642,25.001601819924105,17017.766739892184
GASOLINA DE AVIAÇÃO,2007,8,Agosto,2007-08,18768.79304,0.0,0.0,,25.0,18768.79304,25.0,0.0
GLP,2007,8,Agosto,2007-08,4394373.311362888,1276240.35877875,71065024.0,55.683103508811605,25.0,5670613.670141637,31.90560445630802,39159015.03053125
LUBRIFICANTE,2007,8,Agosto,2007-08,487202.39279000007,279822.93625211436,37518114.0,134.07805129382604,25.0,767025.3290421144,64.79339330529626,30522540.59369714
NAFTA,2007,8,Agosto,2007-08,4896539.773236143,1770642.9884849146,133119052.0,75.18119285802833,25.0,6667182.761721058,38.32691489995105,88852977.28787713
OUTROS ENERGÉTICOS,2007,8,Agosto,2007-08,183725.3501,0.0,0.0,,25.0,183725.3501,25.0,0.0
OUTROS NÃO ENERGÉTICOS,2007,8,Agosto,2007-08,1258564.4862816592,9178.674597789353,2907066.0,316.71958396914465,25.0,1267743.1608794485,27.112099057349898,2677599.1350552663
PARAFINA,2007,8,Agosto,2007-08,85286.4729202894,14568.534627000005,2273545.0,156.0585919043922,25.0,99855.0075472894,44.12104040872239,1909331.634325
QUEROSENE DE AVIAÇÃO,2007,8,Agosto,2007-08,2235165.75103,882836.6058893241,83706082.0,94.81491981823613,25.0,3118002.356919324,44.76751772364412,61635166.852766894
QUEROSENE ILUMINANTE,2007,8,Agosto,2007-08,12436.136854280001,0.0,0.0,,25.0,12436.136854280001,25.0,0.0
SOLVENTE,2007,8,Agosto,2007-08,286216.69075363,121599.05477484482,11550621.0,94.98939791421368,25.0,407815.7455284748,45.86884757134677,8510644.630628878
ÓLEO COMBUSTÍVEL,2007,8,Agosto,2007-08,7975154.101928689,0.0,0.0,,25.0,7975154.101928689,25.0,0.0
ÓLEO DIESEL,2007,8,Agosto,2007-08,21576105.872965675,3621208.5547171603,340375128.0,93.99489779637547,25.0,25197314.427682836,34.91553742162223,249844914.132071
ASFALTO,2007,9,Setembro,2007-09,994007.9049236358,4435.684467200001,350367.0,78.98826045694072,25.0,998443.5893908357,25.23984819058842,239474.88831999997
COQUE,2007,9,Setembro,2007-09,1378426.5761437523,1775281.5331872404,24166390.0,13.612708490586858,25.0,3153708.1093309927,18.589879713386214,-20215648.32968101
GASOLINA A,2007,9,Setembro,2007-09,10357166.193992782,144.64867633423182,71140.0,491.8123124446758,25.0,10357310.842669116,25.006519431937246,67523.7830916442
GASOLINA DE AVIAÇÃO,2007,9,Setembro,2007-09,42468.79712,144.64867633423182,71140.0,491.8123124446758,25.0,42613.445796334236,26.584565196026762,67523.7830916442
GLP,2007,9,Setembro,2007-09,4529448.084486794,712281.0330908335,39838374.0,55.93069610056516,25.0,5241729.117577627,29.203068811558612,22031348.172729164
LUBRIFICANTE,2007,9,Setembro,2007-09,392666.54849,277288.00624338293,35354433.0,127.50076528361811,25.0,669954.554733383,67.42412062595264,28422232.843915425
NAFTA,2007,9,Setembro,2007-09,4849155.02585508,2837621.358922094,211851169.0,74.65801183582658,25.0,7686776.384777174,43.331564231009224,140910635.02694768
OUTROS ENERGÉTICOS,2007,9,Setembro,2007-09,34216.5664,0.0,0.0,,25.0,34216.5664,25.0,0.0
OUTROS NÃO ENERGÉTICOS,2007,9,Setembro,2007-09,1382996.0060440951,6274.369390034722,2429401.0,387.1944491917388,25.0,1389270.37543413,26.63578077056382,2272541.765249132
PARAFINA,2007,9,Setembro,2007-09,73804.88753551523,10487.3147035,1672117.0,159.44186355368487,25.0,84292.20223901523,41.72674452631518,1409934.1324125002
QUEROSENE DE AVIAÇÃO,2007,9,Setembro,2007-09,2157323.0624700002,835777.2787147685,80303592.0,96.08252586560894,25.0,2993100.341184769,44.84870310382399,59409160.032130785
QUEROSENE ILUMINANTE,2007,9,Setembro,2007-09,10353.58076328,0.0,0.0,,25.0,10353.58076328,25.0,0.0
SOLVENTE,2007,9,Setembro,2007-09,306748.96411313995,114978.56713898788,11623294.0,101.09096233517661,25.0,421727.53125212784,45.74521859066122,8748829.821525302
ÓLEO COMBUSTÍVEL,2007,9,Setembro,2007-09,7943292.722973335,0.0,0.0,,25.0,7943292.722973335,25.0,0.0
ÓLEO DIESEL,2007,9,Setembro,2007-09,21022753.15843746,5271380.324211925,498610841.0,94.58828813960461,25.0,26294133.482649386,38.95088121602327,366826332.89470184
ASFALTO,2007,10,Outubro,2007-10,1126838.9981156713,6252.8259172,538936.0,86.19078911464949,25.0,1133091.8240328713,25.337673738310286,382615.35206999996
COQUE,2007,10,Outubro,2007-10,1228686.5695126725,1439269.2386933942,24208554.0,16.82003154738244,25.0,2667955.8082060665,20.587191912578515,-11773176.967334855
GASOLINA A,2007,10,Outubro,2007-10,11054812.376753109,15.563465175202158,7069.0,454.2047622699923,25.0,11054827.940218283,25.00060425303829,6679.913370619945
GASOLINA DE AVIAÇÃO,2007,10,Outubro,2007-10,20680.89528,0.0,0.0,,25.0,20680.89528,25.0,0.0
GLP,2007,10,Outubro,2007-10,4612840.583398681,834195.4517812501,52160220.0,62.52757658726471,25.0,5447036.035179932,30.747223536485127,31305333.705468748
LUBRIFICANTE,2007,10,Outubro,2007-10,319239.30655,276114.81650547433,37792956.0,136.87406014030654,25.0,595354.1230554744,76.88522996839117,30890085.58736314
NAFTA,2007,10,Outubro,2007-10,5317294.304603591,685007.7961695157,57153260.0,83.43446646825687,25.0,6002302.100773106,31.668785479925518,40028065.095762104
OUTROS ENERGÉTICOS,2007,10,Outubro,2007-10,176479.48898,0.0,0.0,,25.0,176479.48898,24.999999999999996,0.0
OUTROS NÃO ENERGÉTICOS,2007,10,Outubro,2007-10,1329629.2213820212,6544.4308270370375,2916630.0,445.66595279004446,25.0,1336173.6522090582,27.060375329787853,2753019.229324074
PARAFINA,2007,10,Outubro,2007-10,58934.00937484223,9911.436575000002,1713441.0,172.87514146252806,25.0,68845.44594984224,46.289063719520556,1465655.0856249998
QUEROSENE DE AVIAÇÃO,2007,10,Outubro,2007-10,2283748.24347,322048.3482913642,33752876.0,104.80685952614492,25.0,2605796.591761364,34.86326690808322,25701667.292715896
QUEROSENE ILUMINANTE,2007,10,Outubro,2007-10,12954.79458688,0.0,0.0,,25.0,12954.79458688,25.0,0.0
SOLVENTE,2007,10,Outubro,2007-10,295184.48799809,172780.5119857355,17151185.0,99.26573780158711,25.0,467964.9999838255,52.42015364567889,12831672.200356612
ÓLEO COMBUSTÍVEL,2007,10,Outubro,2007-10,8251413.898727271,0.8754819447186577,974.0,1112.5300822885636,25.0,8251414.774209215,25.000115387842865,952.1129513820334
ÓLEO DIESEL,2007,10,Outubro,2007-10,20742585.082339756,1630078.8533312676,160072069.0,98.19897281218816,25.0,22372663.935671024,30.333298618787815,119320097.6667183
ASFALTO,2007,11,Novembro,2007-11,961822.1145558462,5431.039229200001,458762.0,84.47038966934073,25.0,967253.1537850462,25.33392087480521,322986.01927
COQUE,2007,11,Novembro,2007-11,1218301.2773554702,2038974.499485221,24161572.0,11.849864726655513,25.0,3257275.7768406915,16.76833884383689,-26812790.487130526
GASOLINA A,2007,11,Novembro,2007-11,10420449.846766159,10.307828787061995,9584.0,929.7787340074451,25.0,10420460.154594947,25.000894999274692,9326.30428032345
GASOLINA DE AVIAÇÃO,2007,11,Novembro,2007-11,62904.38981,0.0,0.0,,25.0,62904.38981,25.0,0.0
GLP,2007,11,Novembro,2007-11,4457749.1869394565,799501.9195175,53138643.0,66.46468470278246,25.0,5257251.106456957,31.305784970275873,33151095.012062497
LUBRIFICANTE,2007,11,Novembro,2007-11,283506.89593999996,185352.68568497145,26488725.0,142.90985265258408,25.0,468859.5816249714,71.61290653830955,21854907.857875716
NAFTA,2007,11,Novembro,2007-11,4964595.1757140625,2302843.5511197154,190096576.0,82.54862815477371,25.0,7267438.7268337775,43.23551490467741,132525487.22200713
OUTROS ENERGÉTICOS,2007,11,Novembro,2007-11,154112.92462,0.0,0.0,,25.0,154112.92462,25.0,0.0
OUTROS NÃO ENERGÉTICOS,2007,11,Novembro,2007-11,1056539.6898147624,9459.044334513888,2983370.0,315.3986697275924,25.0,1065998.7341492763,27.57682659804406,2746893.8916371525
PARAFINA,2007,11,Novembro,2007-11,63659.99778429546,9893.0197045,1826248.0,184.59965253776878,25.0,73553.01748879546,46.46645455610331,1578922.5073875
QUEROSENE DE AVIAÇÃO,2007,11,Novembro,2007-11,2093343.11515,268589.95420443057,31661839.0,117.88169477068892,25.0,2361933.069354431,35.56214948195286,24947090.144889235
QUEROSENE ILUMINANTE,2007,11,Novembro,2007-11,10082.08111463,0.0,0.0,,25.0,10082.08111463,25.0,0.0
SOLVENTE,2007,11,Novembro,2007-11,285077.73195883,122474.4418402834,11983907.0,97.84822710707256,25.0,407552.17379911337,46.89178840790746,8922045.953992914
ÓLEO COMBUSTÍVEL,2007,11,Novembro,2007-11,7795400.399383676,0.0,0.0,,25.0,7795400.399383676,25.0,0.0
ÓLEO DIESEL,2007,11,Novembro,2007-11,19602574.13441277,4719468.624526139,515298975.0,109.18580374114445,25.0,24322042.75893891,41.33548067177973,397312259.38684654
ASFALTO,2007,12,Dezembro,2007-12,888827.7036633147,3714.3199652,455755.0,122.70213774527623,25.0,892542.0236285147,25.406588139564217,362897.00087
COQUE,2007,12,Dezembro,2007-12,1362163.0962654538,1481513.3021116732,17478591.0,11.797795521030363,25.0,2843676.398377127,18.121846928872003,-19559241.55279183
GASOLINA A,2007,12,Dezembro,2007-12,10576566.17650812,62.024986212938,31579.0,509.13352711738014,25.0,10576628.201494332,25.002839125548576,30028.37534467655
GASOLINA DE AVIAÇÃO,2007,12,Dezembro,2007-12,44003.51076,0.0,0.0,,25.0,44003.51076,24.999999999999996,0.0
GLP,2007,12,Dezembro,2007-12,4840775.707336205,563043.7937062499,39182391.0,69.59030796180333,25.0,5403819.501042455,29.646027897952635,25106296.15734375
LUBRIFICANTE,2007,12,Dezembro,2007-12,270317.16437,264819.7266629143,35971283.0,135.8330946613633,25.0,535136.8910329144,79.8472555812301,29350789.83342714
NAFTA,2007,12,Dezembro,2007-12,4907969.991965027,2037863.9714828064,179166010.0,87.91853259451554,25.0,6945833.963447833,43.45990148737779,128219410.71292984
OUTROS ENERGÉTICOS,2007,12,Dezembro,2007-12,200688.96767,0.0,0.0,,25.0,200688.96767,25.0,0.0
OUTROS NÃO ENERGÉTICOS,2007,12,Dezembro,2007-12,1165805.4702615642,7255.397753217591,2249473.0,310.04130669506213,25.0,1173060.8680147817,26.762984438880373,2068088.0561695602
PARAFINA,2007,12,Dezembro,2007-12,56047.10622746551,6673.2966475,1151936.0,172.61873116813214,25.0,62720.40287496551,40.70627002789388,985103.5838125
QUEROSENE DE AVIAÇÃO,2007,12,Dezembro,2007-12,2303825.3169899997,612454.7564520276,75654946.0,123.52740378452087,25.0,2916280.0734420274,45.69196907328485,60343577.08869931
QUEROSENE ILUMINANTE,2007,12,Dezembro,2007-12,8218.121080370001,0.0,0.0,,25.0,8218.121080370001,25.0,0.0
SOLVENTE,2007,12,Dezembro,2007-12,255011.91181479002,142802.77671765184,14556913.0,101.93718451834992,25.0,397814.68853244185,52.61799375128585,10986843.582058704
ÓLEO COMBUSTÍVEL,2007,12,Dezembro,2007-12,8261537.022703394,118822.61376480752,7991314.0,67.25415092970157,25.0,8380359.636468202,25.59910897308409,5020748.655879812
ÓLEO DIESEL,2007,12,Dezembro,2007-12,22218686.04600744,2540184.4099097066,290269307.0,114.27095838696133,25.0,24758870.455917146,34.1589273895192,226764696.75225732
ASFALTO,2008,1,Janeiro,2008-01,691769.3324806844,4441.7595032,496500.0,111.7800276314609,25.0,696211.0919838843,25.55364819213326,385456.01242000004
COQUE,2008,1,Janeiro,2008-01,1474886.5416819563,1715807.363835471,26563030.0,15.481359131494631,25.0,3190693.9055174273,19.881315920764195,-16332154.095886774
GASOLINA A,2008,1,Janeiro,2008-01,11391136.216180552,208.49618161725067,88711.0,425.48021413098235,25.0,11391344.712362168,25.00733000339889,83498.59545956874
GASOLINA DE AVIAÇÃO,2008,1,Janeiro,2008-01,23429.542250000002,0.0,0.0,,25.0,23429.542250000002,25.0,0.0
GLP,2008,1,Janeiro,2008-01,4632641.021919599,435020.8560271497,30807483.0,70.8184046193806,25.0,5067661.877946748,28.933167223736923,19931961.59932126
LUBRIFICANTE,2008,1,Janeiro,2008-01,324812.07821,183948.05250412575,28083170.0,152.66902594345285,25.0,508760.13071412576,71.16019862726404,23484468.687396858
NAFTA,2008,1,Janeiro,2008-01,4166782.479216897,2574185.1481338176,240071600.0,93.2612015783101,25.0,6740967.627350714,51.067024945158145,175716971.29665455
OUTROS ENERGÉTICOS,2008,1,Janeiro,2008-01,79540.93726,0.0,0.0,,25.0,79540.93726,25.0,0.0
OUTROS NÃO ENERGÉTICOS,2008,1,Janeiro,2008-01,1102904.3779144625,6785.969722858796,2784833.0,410.38099398221374,25.0,1109690.3476373213,27.356678836124516,2615183.75692853
PARAFINA,2008,1,Janeiro,2008-01,40632.20831769298,12904.296924000002,2237938.0,173.4257986452389,25.0,53536.50524169298,60.7761599912649,1915330.5769
QUEROSENE DE AVIAÇÃO,2008,1,Janeiro,2008-01,2344337.9832,520826.04816424276,64753800.0,124.32903505544303,25.0,2865164.031364243,43.05591171380903,51733148.79589393
QUEROSENE ILUMINANTE,2008,1,Janeiro,2008-01,12744.243197130001,0.0,0.0,,25.0,12744.243197130001,25.000000000000004,0.0
SOLVENTE,2008,1,Janeiro,2008-01,295296.27050141,81321.05270791985,9448200.0,116.18393620573286,25.0,376617.32320932986,44.688881061322114,7415173.682302004
ÓLEO COMBUSTÍVEL,2008,1,Janeiro,2008-01,9595985.739312101,80603.3314953702,5985253.0,74.255652824273,25.0,9676589.070807472,25.410286071214188,3970169.712615744
ÓLEO DIESEL,2008,1,Janeiro,2008-01,20408472.20547447,665842.9335086151,75634403.0,113.59195869429676,25.0,21074315.138983086,27.79906271085263,58988329.66228462
ASFALTO,2008,2,Fevereiro,2008-02,771879.6428007191,1722.6654355999997,218340.0,126.74544661305796,25.0,773602.3082363191,25.22656778844106,175273.36411000002
COQUE,2008,2,Fevereiro,2008-02,1468589.8105838178,1785113.2924434904,26592731.0,14.896943019005512,25.0,3253703.1030273084,19.457053781487605,-18035101.311087262
GASOLINA A,2008,2,Fevereiro,2008-02,10380921.71193584,178.28474921832887,230590.0,1293.380398553427,25.0,10381099.99668506,25.02178313293791,226132.88126954177
GASOLINA DE AVIAÇÃO,2008,2,Fevereiro,2008-02,38009.32183,0.0,0.0,,25.0,38009.32183,25.0,0.0
GLP,2008,2,Fevereiro,2008-02,4569654.392633534,176105.38202000002,10855819.0,61.643879792198064,25.0,4745759.774653534,26.35977899344286,6453184.449499999
LUBRIFICANTE,2008,2,Fevereiro,2008-02,362173.54961,338256.3062751315,49019783.0,144.9190512951685,25.0,700429.8558851315,82.9121163986676,40563375.343121715
NAFTA,2008,2,Fevereiro,2008-02,4928030.444299961,2205255.8229129063,206919944.0,93.83035829678978,25.0,7133286.267212868,46.27890887049517,151788548.42717734
OUTROS ENERGÉTICOS,2008,2,Fevereiro,2008-02,39122.6182,0.0,0.0,,25.0,39122.6182,25.0,0.0
OUTROS NÃO ENERGÉTICOS,2008,2,Fevereiro,2008-02,817332.1013658118,15128.965895497691,5598994.0,370.08438241414996,25.0,832461.0672613095,31.271488310904704,5220769.852612558
PARAFINA,2008,2,Fevereiro,2008-02,68685.68404010276,19776.54333,3273140.0,165.5061729131812,25.0,88462.22737010276,56.411445306758296,2778726.4167500003
QUEROSENE DE AVIAÇÃO,2008,2,Fevereiro,2008-02,2299869.0265,1432011.355154443,166111729.0,115.99889093203788,25.0,3731880.381654443,59.91844105232771,130311445.12113893
QUEROSENE ILUMINANTE,2008,2,Fevereiro,2008-02,18769.5478172,0.0,0.0,,25.0,18769.5478172,25.0,0.0
SOLVENTE,2008,2,Fevereiro,2008-02,312178.47906057996,220686.1750330634,22934099.0,103.92177487585705,25.0,532864.6540936434,57.685494318999496,17416944.624173414
ÓLEO COMBUSTÍVEL,2008,2,Fevereiro,2008-02,9352905.570103748,244218.07277052326,17586530.0,72.01158292869252,25.0,9597123.64287427,26.196304081094283,11481078.180736918
ÓLEO DIESEL,2008,2,Fevereiro,2008-02,22335208.82060527,2532218.4541335795,292972685.0,115.6980293393538,25.0,24867427.27473885,34.235664836143464,229667223.6466605
ASFALTO,2008,3,Março,2008-03,894975.0231817745,1661.1787076,245984.0,148.07798756064432,25.0,896636.2018893745,25.22802395428511,204454.53231
COQUE,2008,3,Março,2008-03,1247145.8827429896,1334360.1429750868,23738077.0,17.789857651978146,25.0,2581506.025718076,21.273134178836173,-9620926.57437717
GASOLINA A,2008,3,Março,2008-03,10675157.80980251,247.25226156334233,137477.0,556.0191811017286,25.0,10675405.062064074,25.012298895704433,131295.69346091643
GASOLINA DE AVIAÇÃO,2008,3,Março,2008-03,43273.8928,0.0,0.0,,25.0,43273.8928,25.0,0.0
GLP,2008,3,Março,2008-03,4177055.3880678313,1210160.0479129169,85708491.0,70.82409566223556,25.0,5387215.435980748,35.293720468611916,55454489.80217708
LUBRIFICANTE,2008,3,Março,2008-03,459042.91342,100613.62660198857,18248475.0,181.37180435994074,25.0,559656.5400219886,53.1121245082424,15733134.334950285
NAFTA,2008,3,Março,2008-03,4127640.975259158,2993506.2179934336,288388408.0,96.33800199463377,25.0,7121147.193252591,54.98825143686219,213550752.55016416
OUTROS ENERGÉTICOS,2008,3,Março,2008-03,0.0,0.0,0.0,,25.0,0.0,,0.0
OUTROS NÃO ENERGÉTICOS,2008,3,Março,2008-03,1104161.9000934248,7336.437295949072,3055869.0,416.5331041113574,25.0,1111498.337389374,27.584311618808123,2872458.0676012733
PARAFINA,2008,3,Março,2008-03,71012.87754823975,7225.6953754999995,1355913.0,187.6515587132919,25.0,78238.57292373975,40.02162643940417,1175270.6156124999
QUEROSENE DE AVIAÇÃO,2008,3,Março,2008-03,2053251.8662100001,719101.570866258,86085359.0,119.71237789996509,25.0,2772353.437076258,49.56678820871069,68107819.72834356
QUEROSENE ILUMINANTE,2008,3,Março,2008-03,12200.22495061,0.0,0.0,,25.0,12200.22495061,24.999999999999996,0.0
SOLVENTE,2008,3,Março,2008-03,265568.11880722,452227.0681901486,48148058.0,106.46876621669871,25.0,717795.1869973687,76.32715008770508,36842381.29524629
ÓLEO COMBUSTÍVEL,2008,3,Março,2008-03,9154206.34051083,0.0,0.0,,25.0,9154206.34051083,25.0,0.0
ÓLEO DIESEL,2008,3,Março,2008-03,19410544.8073259,4824396.3423070535,591319949.0,122.56869192410247,25.0,24234941.149632953,44.42278454633065,470710040.4423237
ASFALTO,2008,4,Abril,2008-04,946837.3443242132,1841.3925028,267633.0,145.3427227454442,25.0,948678.7368270132,25.233586122285367,221598.18743000002
COQUE,2008,4,Abril,2008-04,1325229.5198802755,2434017.5075342595,43866410.0,18.022224517373388,25.0,3759247.027414535,20.482066604163162,-16984027.68835649
GASOLINA A,2008,4,Abril,2008-04,10336735.19915389,19.496715633423182,1921.0,98.5294157292233,25.0,10336754.695869524,25.000138687833015,1433.5821091644204
GASOLINA DE AVIAÇÃO,2008,4,Abril,2008-04,37065.85033,0.0,0.0,,25.0,37065.85033,25.0,0.0
GLP,2008,4,Abril,2008-04,4229594.845255519,938716.7682666669,69390932.0,73.92105302234008,25.0,5168311.613522186,33.88549612085734,45923012.79333334
LUBRIFICANTE,2008,4,Abril,2008-04,375822.43731,350840.71371908573,51355617.0,146.37872684616607,25.0,726663.1510290857,83.60294291339171,42584599.157022856
NAFTA,2008,4,Abril,2008-04,4435368.8956587305,1602420.2907851567,154093213.0,96.16279442174134,25.0,6037789.186443888,43.886500043161256,114032705.73037107
OUTROS ENERGÉTICOS,2008,4,Abril,2008-04,19498.411,0.0,0.0,,25.0,19498.411,25.0,0.0
OUTROS NÃO ENERGÉTICOS,2008,4,Abril,2008-04,1251992.4996266523,3915.9017563425928,1064542.0,271.851048938028,25.0,1255908.4013829948,25.76967751392297,966644.4560914352
PARAFINA,2008,4,Abril,2008-04,75933.90473080773,6797.627781999999,1363381.0,200.5671748621202,25.0,82731.53251280772,39.42545869998531,1193440.30545
QUEROSENE DE AVIAÇÃO,2008,4,Abril,2008-04,2194697.11349,26048.567178122656,2910678.0,111.74042626208569,25.0,2220745.6806681226,26.01743474735349,2259463.820546934
QUEROSENE ILUMINANTE,2008,4,Abril,2008-04,16124.695291820002,0.0,0.0,,25.0,16124.695291820002,25.0,0.0
SOLVENTE,2008,4,Abril,2008-04,301555.26672222,179619.88670724697,20797719.0,115.78739626919547,25.0,481175.153429467,58.89040709208028,16307221.832318828
ÓLEO COMBUSTÍVEL,2008,4,Abril,2008-04,8290209.116896389,21529.106893504446,1422796.0,66.0870888438606,25.0,8311738.223789893,25.106423987840543,884568.3276623888
ÓLEO DIESEL,2008,4,Abril,2008-04,20888359.41085865,3073192.0044340254,392580120.0,127.74344051187897,25.0,23961551.415292677,38.177373802584086,315750319.88914937
ASFALTO,2008,5,Maio,2008-05,1028900.9793918512,3159.7182696,469889.0,148.71230910706635,25.0,1032060.6976614512,25.37875295914837,390896.04326
COQUE,2008,5,Maio,2008-05,1511447.2626403435,2498904.034199452,35665607.0,14.27249966861005,25.0,4010351.2968397955,18.315549718522036,-26806993.854986303
GASOLINA A,2008,5,Maio,2008-05,10946986.69226715,40.79051983827493,24792.0,607.788282627792,25.0,10947027.482786989,25.002171570048713,23772.237004043127
GASOLINA DE AVIAÇÃO,2008,5,Maio,2008-05,44009.80057,0.0,0.0,,25.0,44009.80057,25.0,0.0
GLP,2008,5,Maio,2008-05,4562075.723285642,1270119.9406545835,97291401.0,76.60016813046711,25.0,5832195.663940226,36.23734632033208,65538402.48363542
LUBRIFICANTE,2008,5,Maio,2008-05,436600.87133999995,217673.07923806852,36712021.0,168.65668978683465,25.0,654273.9505780685,72.79373226065357,31270194.019048285
NAFTA,2008,5,Maio,2008-05,5329086.244310518,1486298.795188077,148649611.0,100.01327558177142,25.0,6815385.039498595,41.35889101997097,111492141.12029807
OUTROS ENERGÉTICOS,2008,5,Maio,2008-05,0.0,0.0,0.0,,25.0,0.0,,0.0
OUTROS NÃO ENERGÉTICOS,2008,5,Maio,2008-05,1313649.0284000882,11273.858355949073,4397655.0,390.07541705359574,25.0,1324922.8867560374,28.106451388411354,4115808.5411012727
PARAFINA,2008,5,Maio,2008-05,75175.33697059937,5988.727534,1273764.0,212.69359688989317,25.0,81164.06450459937,38.84905768964174,1124045.81165
QUEROSENE DE AVIAÇÃO,2008,5,Maio,2008-05,2274275.78961,904927.079865945,132206159.0,146.0959252314395,25.0,3179202.869475945,59.46869750133777,109582982.00335138
QUEROSENE ILUMINANTE,2008,5,Maio,2008-05,12027.626274400001,0.0,0.0,,25.0,12027.626274400001,25.0,0.0
SOLVENTE,2008,5,Maio,2008-05,276352.62074341,328122.9289394197,36358503.0,110.80756568131439,25.0,604475.5496828298,71.57827730383428,28155429.776514508
ÓLEO COMBUSTÍVEL,2008,5,Maio,2008-05,8126156.495239704,0.0,0.0,,25.0,8126156.495239704,25.0,0.0
ÓLEO DIESEL,2008,5,Maio,2008-05,22197354.14910263,4458883.398208263,669087512.0,150.05718971455119,25.0,26656237.547310892,45.918759673232515,557615427.0447935
ASFALTO,2008,6,Junho,2008-06,1301648.174281236,1327.5549124,232270.0,174.96074763498424,25.0,1302975.729193636,25.152789589805487,199081.12719
COQUE,2008,6,Junho,2008-06,1408136.2199029743,1961266.0016024138,45237522.0,23.06546993780526,25.0,3369402.221505388,23.873946240124102,-3794128.040060344
GASOLINA A,2008,6,Junho,2008-06,11003774.16637443,1.3732469272237198,1268.0,923.3590659208709,25.0,11003775.539621357,25.00011211323081,1233.668826819407
GASOLINA DE AVIAÇÃO,2008,6,Junho,2008-06,29945.78541,0.0,0.0,,25.0,29945.78541,25.0,0.0
GLP,2008,6,Junho,2008-06,4681774.392106148,1296489.44492875,103563180.0,79.87969389576591,25.0,5978263.837034898,36.901606522617236,71150943.87678126
LUBRIFICANTE,2008,6,Junho,2008-06,378923.31364,302302.2427607314,56327253.0,186.32760539782814,25.0,681225.5564007314,96.59111467963322,48769696.93098172
NAFTA,2008,6,Junho,2008-06,4515008.739358037,655753.4149878205,66701333.0,101.7170959014203,25.0,5170762.154345857,34.72922291214317,50307497.62530449
OUTROS ENERGÉTICOS,2008,6,Junho,2008-06,0.0,0.0,0.0,,25.0,0.0,,0.0
OUTROS NÃO ENERGÉTICOS,2008,6,Junho,2008-06,1287129.0869098543,16901.207221469907,4978347.0,294.55570449878377,25.0,1304030.2941313242,28.4936433915426,4555816.819463253
PARAFINA,2008,6,Junho,2008-06,65324.78357320084,12384.973391999996,2600249.0,209.9519246185556,25.0,77709.75696520084,54.47666746951433,2290624.6652
QUEROSENE DE AVIAÇÃO,2008,6,Junho,2008-06,2092374.4844100003,696703.7463867209,110645108.0,158.8122764860001,25.0,2789078.2307967213,58.4259230561994,93227514.34033199
QUEROSENE ILUMINANTE,2008,6,Junho,2008-06,15659.33740916,0.0,0.0,,25.0,15659.33740916,25.0,0.0
SOLVENTE,2008,6,Junho,2008-06,280339.24698704004,160347.7815431579,19891126.0,124.04989834328494,25.0,440687.0285301979,61.04016100585705,15882431.461421052
ÓLEO COMBUSTÍVEL,2008,6,Junho,2008-06,8825622.88661897,35009.31840548866,2886388.0,82.44627806142837,25.0,8860632.205024458,25.22697647225695,2011155.0398627836
ÓLEO DIESEL,2008,6,Junho,2008-06,21350611.37276103,2687934.2246195073,449539567.0,167.24351469710348,25.0,24038545.597380538,40.90533877499543,382341211.3845123
ASFALTO,2008,7,Julho,2008-07,1570201.6786385644,2082.1971116,363902.0,174.76827624660893,25.0,1572283.8757501645,25.198340183359832,311847.07221
COQUE,2008,7,Julho,2008-07,1601344.1421285844,1646857.166318212,32513012.0,19.74246016288562,25.0,3248201.3084467966,22.334396382564254,-8658417.1579553
GASOLINA A,2008,7,Julho,2008-07,11476075.87347823,1.2884785983827494,2164.0,1679.5001505777223,25.0,11476077.161956828,25.000185759297793,2131.788035040431
GASOLINA DE AVIAÇÃO,2008,7,Julho,2008-07,9409.55576,0.0,0.0,,25.0,9409.55576,25.0,0.0
GLP,2008,7,Julho,2008-07,4458494.651919296,1517536.7955920834,124912661.0,82.31277248948945,25.0,5976031.44751138,39.55384595514752,86974241.11019793
LUBRIFICANTE,2008,7,Julho,2008-07,405743.06348,360913.7330145943,72520589.0,200.9360752062806,25.0,766656.7964945943,107.82421282243581,63497745.67463514
NAFTA,2008,7,Julho,2008-07,5049185.059689878,95627.72664450142,11111301.0,116.19329863718869,25.0,5144812.786334379,26.695029186883357,8720607.833887463
OUTROS ENERGÉTICOS,2008,7,Julho,2008-07,348059.2159700001,0.0,0.0,,25.0,348059.2159700001,25.000000000000004,0.0
OUTROS NÃO ENERGÉTICOS,2008,7,Julho,2008-07,1532348.3305089013,7363.183548194446,3297120.0,447.78457285755144,25.0,1539711.5140570956,27.021833559646748,3113040.4112951388
PARAFINA,2008,7,Julho,2008-07,75054.59287425267,7554.759825499999,1771055.0,234.4290276471874,25.0,82609.35269975268,44.152625612659435,1582186.0043625
QUEROSENE DE AVIAÇÃO,2008,7,Julho,2008-07,2161159.84657,626523.2272221152,111198172.0,177.4845164049728,25.0,2787683.0737921153,59.27042773176139,95535091.31944712
QUEROSENE ILUMINANTE,2008,7,Julho,2008-07,12133.754238529998,0.0,0.0,,25.0,12133.754238529998,25.0,0.0
SOLVENTE,2008,7,Julho,2008-07,217927.15431593003,76113.43220017543,12033146.0,158.09490719526724,25.0,294040.58651610545,59.452081309668955,10130310.194995614
ÓLEO COMBUSTÍVEL,2008,7,Julho,2008-07,6522725.043623219,4.029700582428431,1400.0,347.42035328994933,25.0,6522729.073323802,25.00019918924592,1299.2574854392892
ÓLEO DIESEL,2008,7,Julho,2008-07,22327582.96690393,2223808.3621844603,396852922.0,178.45643929954872,25.0,24551391.32908839,38.89973009558394,341257712.9453885
ASFALTO,2008,8,Agosto,2008-08,1517644.9024515746,960.9970584,167986.0,174.80386493553496,25.0,1518605.8995099745,25.094798178768073,143961.07354
COQUE,2008,8,Agosto,2008-08,1697205.9368427151,1759357.3369592119,46327479.0,26.332046382385386,25.0,3456563.273801927,25.67799874915699,2343545.576019704
GASOLINA A,2008,8,Agosto,2008-08,10121912.606996622,141.92761297843666,23323.0,164.33024913582892,25.0,10122054.5346096,25.001953635954827,19774.809675539087
GASOLINA DE AVIAÇÃO,2008,8,Agosto,2008-08,37808.04791,0.0,0.0,,25.0,37808.04791,25.0,0.0
GLP,2008,8,Agosto,2008-08,3881953.3592491234,1521203.2876441667,129401254.0,85.06506332917483,25.0,5403156.64689329,41.91070198037521,91371171.80889584
LUBRIFICANTE,2008,8,Agosto,2008-08,443280.64956,211332.1169089714,45693505.0,216.21656787587042,25.0,654612.7664689714,86.73146041017695,40410202.077275716
NAFTA,2008,8,Agosto,2008-08,3971788.83972221,1958796.8307367666,224625696.0,114.67534175839515,25.0,5930585.670458976,54.61862200331162,175655775.23158082
OUTROS ENERGÉTICOS,2008,8,Agosto,2008-08,287054.34878,0.0,0.0,,25.0,287054.34878,25.0,0.0
OUTROS NÃO ENERGÉTICOS,2008,8,Agosto,2008-08,1302664.5457275466,21014.72840172453,6599570.0,314.04498187368534,25.0,1323679.274129271,29.58887731240829,6074201.789956887
PARAFINA,2008,8,Agosto,2008-08,65898.33937,20399.840489500002,4376870.0,214.5541286096241,25.0,86298.1798595,69.80829136904237,3866873.9877625
QUEROSENE DE AVIAÇÃO,2008,8,Agosto,2008-08,2239134.62114,512327.94019075093,91387594.0,178.37714251144374,25.0,2751462.561330751,53.55913672953126,78579395.49523123
QUEROSENE ILUMINANTE,2008,8,Agosto,2008-08,11202.15161,0.0,0.0,,25.0,11202.15161,25.0,0.0
SOLVENTE,2008,8,Agosto,2008-08,231032.9609511,89586.84184062078,13687755.0,152.78756030211628,25.0,320619.8027917208,60.706103784928466,11448083.95398448
ÓLEO COMBUSTÍVEL,2008,8,Agosto,2008-08,6761861.6259036325,0.0,0.0,,25.0,6761861.6259036325,25.0,0.0
ÓLEO DIESEL,2008,8,Agosto,2008-08,22750469.20316,4020891.135260352,682940771.0,169.8481127755725,25.0,26771360.33842035,46.75528196012684,582418492.6184912
ASFALTO,2008,9,Setembro,2008-09,1663075.3422834966,2432.7266888000004,426467.0,175.30411532187566,25.0,1665508.0689722965,25.219541916122704,365648.83277999994
COQUE,2008,9,Setembro,2008-09,1178268.6409551706,2411224.941600433,47431503.0,19.671123245978738,25.0,3589493.5825556037,21.420352831258533,-12849120.540010825
GASOLINA A,2008,9,Setembro,2008-09,10365209.269660851,35.68746644204852,16629.0,465.9619092603053,25.0,10365244.957127294,25.001518228792857,15736.813338948788
GASOLINA DE AVIAÇÃO,2008,9,Setembro,2008-09,78138.30963,0.0,0.0,,25.0,78138.30963,25.0,0.0
GLP,2008,9,Setembro,2008-09,4448074.552071116,1452284.4949133333,113869043.0,78.40684342415655,25.0,5900359.046984449,38.145289974651114,77561930.62716667
LUBRIFICANTE,2008,9,Setembro,2008-09,418115.11975,355159.13193293737,81698819.0,230.03440332607502,25.0,773274.2516829374,119.17078163820021,72819840.70167658
NAFTA,2008,9,Setembro,2008-09,3883872.2686724546,1875600.9493966384,218145506.0,116.3069927375411,25.0,5759473.218069093,54.73457394120824,171255482.26508406
OUTROS ENERGÉTICOS,2008,9,Setembro,2008-09,327271.39392,0.0,0.0,,25.0,327271.39392,25.0,0.0
OUTROS NÃO ENERGÉTICOS,2008,9,Setembro,2008-09,1229877.043205409,26990.404615486117,7281489.0,269.7806536706065,25.0,1256867.4478208951,30.256504093623654,6606728.884612847
PARAFINA,2008,9,Setembro,2008-09,79167.73134125525,15329.839422500001,3455451.0,225.4068620528631,25.0,94497.57076375524,57.51094170577188,3072205.0144375
QUEROSENE DE AVIAÇÃO,2008,9,Setembro,2008-09,1911171.34812,643161.4593020777,95077747.0,147.82873821944023,25.0,2554332.8074220777,55.92733659760505,78998710.51744805
QUEROSENE ILUMINANTE,2008,9,Setembro,2008-09,9875.0017,0.0,0.0,,25.0,9875.0017,25.0,0.0
SOLVENTE,2008,9,Setembro,2008-09,206971.95951596,322113.8261144533,45644180.0,141.70202052668716,25.0,529085.7856304133,96.04960172450683,37591334.34713867
ÓLEO COMBUSTÍVEL,2008,9,Setembro,2008-09,6252890.682643981,0.0,0.0,,25.0,6252890.682643981,25.0,0.0
ÓLEO DIESEL,2008,9,Setembro,2008-09,22763961.789081503,4892386.316651081,768068495.0,156.9926095954245,25.0,27656348.105732583,48.34938924744987,645758837.0837231
ASFALTO,2008,10,Outubro,2008-10,1275008.4205907707,2622.666678,424305.0,161.7838071300649,25.0,1277631.0872687707,25.28078397326484,358738.33305
COQUE,2008,10,Outubro,2008-10,1438488.7060344263,1622930.7169824233,42769895.0,26.353494053969037,25.0,3061419.42301685,25.717519154325732,2196627.0754394154
GASOLINA A,2008,10,Outubro,2008-10,10072735.262065683,0.0,0.0,,25.0,10072735.262065683,25.0,0.0
GASOLINA DE AVIAÇÃO,2008,10,Outubro,2008-10,22750.24277,0.0,0.0,,25.0,22750.24277,25.0,0.0
GLP,2008,10,Outubro,2008-10,4250773.058241637,1842549.110815,112842462.0,61.2425803674168,25.0,6093322.169056637,35.95933094900899,66778734.229625
LUBRIFICANTE,2008,10,Outubro,2008-10,408648.95570000005,410257.1702625713,94174064.0,229.54885575729745,25.0,818906.1259625714,127.47528023410003,83917634.74343571
NAFTA,2008,10,Outubro,2008-10,3293940.845486915,3061774.919749103,296564054.0,96.86017482444527,25.0,6355715.765236018,59.617608642872035,220019681.0062724
OUTROS ENERGÉTICOS,2008,10,Outubro,2008-10,315918.28687,0.0,0.0,,25.0,315918.28687,25.0,0.0
OUTROS NÃO ENERGÉTICOS,2008,10,Outubro,2008-10,1310735.6422572634,17349.86577505787,6292145.0,362.66245984712884,25.0,1328085.5080323212,29.411160516541816,5858398.3556235535
PARAFINA,2008,10,Outubro,2008-10,85484.60832098924,16195.685462500005,4180459.0,258.1217701269616,25.0,101680.29378348924,62.13174621108907,3775566.8634375003
QUEROSENE DE AVIAÇÃO,2008,10,Outubro,2008-10,1166457.8441200003,1929535.2080729038,255503466.0,132.41710487116765,25.0,3095993.052192904,91.94623737975468,207265085.7981774
QUEROSENE ILUMINANTE,2008,10,Outubro,2008-10,10000.885957339999,0.0,0.0,,25.0,10000.885957339999,25.0,0.0
SOLVENTE,2008,10,Outubro,2008-10,290508.48599884,474840.38663476397,55042565.0,115.91803593222461,25.0,765348.872633604,81.40768135657586,43171555.3341309
ÓLEO COMBUSTÍVEL,2008,10,Outubro,2008-10,6096158.9537641695,445589.4506755183,38753797.0,86.97198046598463,25.0,6541748.404439688,29.221204947957215,27614060.73311204
ÓLEO DIESEL,2008,10,Outubro,2008-10,21308741.673753727,3924695.6817738973,506567988.0,129.07191514299515,25.0,25233437.355527624,41.18687894957671,408450595.95565253
ASFALTO,2008,11,Novembro,2008-11,742411.6755726188,3779.470124,536248.0,141.8844394601173,25.0,746191.1456966188,25.592021561027217,441761.2469
COQUE,2008,11,Novembro,2008-11,1647325.9555982272,2056522.7367510386,52961201.0,25.752791376218784,25.0,3703848.692349266,25.417979434317033,1548132.581224035
GASOLINA A,2008,11,Novembro,2008-11,9842001.43189856,70.67135575471698,45852.0,648.8060050686037,25.0,9842072.103254315,25.004479261647713,44085.21610613207
GASOLINA DE AVIAÇÃO,2008,11,Novembro,2008-11,20070.78371,0.0,0.0,,25.0,20070.78371,25.0,0.0
GLP,2008,11,Novembro,2008-11,3948127.8876123596,879299.6565020831,37387925.0,42.52011782733072,25.0,4827427.544114443,28.191230411366835,15405433.587447926
LUBRIFICANTE,2008,11,Novembro,2008-11,291010.63927000004,406585.16480786284,87210556.0,214.49517480848692,25.0,697595.8040778629,135.4449402210049,77045926.87980343
NAFTA,2008,11,Novembro,2008-11,3825568.3735841634,2814152.984711211,205653775.0,73.0783920125452,25.0,6639721.358295375,45.37735366909365,135299950.3822197
OUTROS ENERGÉTICOS,2008,11,Novembro,2008-11,447859.63123999996,0.0,0.0,,25.0,447859.63123999996,25.0,0.0
OUTROS NÃO ENERGÉTICOS,2008,11,Novembro,2008-11,1310009.4990130437,17144.04193462963,5510407.0,321.41819420479874,25.0,1327153.5409476734,28.82910175412373,5081805.951634259
PARAFINA,2008,11,Novembro,2008-11,59340.27642930468,14661.3706885,3855800.0,262.9904176029319,25.0,74001.64711780468,72.15119012463154,3489265.7327875006
QUEROSENE DE AVIAÇÃO,2008,11,Novembro,2008-11,1735195.04394,1152372.8970391115,115645581.0,100.35430484102665,25.0,2887567.9409791115,55.07245555738437,86836258.57402222
QUEROSENE ILUMINANTE,2008,11,Novembro,2008-11,8183.04281,0.0,0.0,,25.0,8183.04281,25.0,0.0
SOLVENTE,2008,11,Novembro,2008-11,137572.00744124,63331.00190283398,8747012.0,138.1158001166658,25.0,200903.009344074,60.65768863203172,7163736.95242915
ÓLEO COMBUSTÍVEL,2008,11,Novembro,2008-11,6200255.827993752,420307.0160849852,27458258.0,65.32904983543743,25.0,6620562.844078737,27.560293285794508,16950582.59787537
ÓLEO DIESEL,2008,11,Novembro,2008-11,21392476.744379062,2258784.9472927935,233314644.0,103.29210148121142,25.0,23651261.691671856,32.47719181425113,176845020.31768018
ASFALTO,2008,12,Dezembro,2008-12,992727.414433909,4471.349224,528743.0,118.25133164772014,25.0,997198.763657909,25.418130551897715,416959.26940000005
COQUE,2008,12,Dezembro,2008-12,1685635.8603854384,1014188.4567631058,30088468.0,29.667531511875673,25.0,2699824.3171485444,26.753357265083814,4733756.580922355
GASOLINA A,2008,12,Dezembro,2008-12,10543532.949802281,0.0,0.0,,25.0,10543532.949802281,25.0,0.0
GASOLINA DE AVIAÇÃO,2008,12,Dezembro,2008-12,43582.09349,0.0,0.0,,25.0,43582.09349,24.999999999999996,0.0
GLP,2008,12,Dezembro,2008-12,4443960.257484421,1227809.118037917,42986965.0,35.011113998481065,25.0,5671769.375522338,27.167178570782436,12291737.04905208
LUBRIFICANTE,2008,12,Dezembro,2008-12,452180.73071000003,317636.0231984687,65196182.0,205.25437053234805,25.0,769816.7539084688,99.37520829385058,57255281.42003828
NAFTA,2008,12,Dezembro,2008-12,3690414.71441,1280488.8380370373,105245629.0,82.19175823612751,25.0,4970903.552447038,39.732413790853634,73233408.04907407
OUTROS ENERGÉTICOS,2008,12,Dezembro,2008-12,334731.10858,0.0,0.0,,25.0,334731.10858,25.0,0.0
OUTROS NÃO ENERGÉTICOS,2008,12,Dezembro,2008-12,953168.4914335237,11782.037148611107,5147877.0,436.9258842989511,25.0,964950.5285821349,30.029611288379762,4853326.071284723
PARAFINA,2008,12,Dezembro,2008-12,56398.27941501104,7197.736403,1959097.0,272.18237655708714,25.0,63596.015818011045,52.97586557963471,1779153.589925
QUEROSENE DE AVIAÇÃO,2008,12,Dezembro,2008-12,1890628.8286599999,251746.42556002506,23149782.0,91.95674555657313,25.0,2142375.254220025,32.867959325891384,16856121.360999376
QUEROSENE ILUMINANTE,2008,12,Dezembro,2008-12,6736.38651,0.0,0.0,,25.0,6736.38651,25.0,0.0
SOLVENTE,2008,12,Dezembro,2008-12,196563.04100429997,389846.69340112,33459494.0,85.82731254712208,25.0,586409.73440542,65.43815317802614,23713326.664972
ÓLEO COMBUSTÍVEL,2008,12,Dezembro,2008-12,7309228.394222038,0.0,0.0,,25.0,7309228.394222038,25.0,0.0
ÓLEO DIESEL,2008,12,Dezembro,2008-12,21591502.42211304,1102212.1375626875,82061811.0,74.45192100811246,25.0,22693714.559675727,27.401832781389828,54506507.560932815
ASFALTO,2009,1,Janeiro,2009-01,593879.7660931139,4667.437886,575908.0,123.38846580635568,25.0,598547.203979114,25.76722779723489,459222.05285000004
COQUE,2009,1,Janeiro,2009-01,1530041.326768133,2397669.2882378944,56382704.0,23.515630064827256,25.0,3927710.6150060277,24.093866999175063,-3559028.205947362
GASOLINA A,2009,1,Janeiro,2009-01,10214801.779038621,2.381990040431267,3417.0,1434.5148140843364,25.0,10214804.16102866,25.00032868473992,3357.450248989218
GASOLINA DE AVIAÇÃO,2009,1,Janeiro,2009-01,0.0,0.0,0.0,,25.0,0.0,,0.0
GLP,2009,1,Janeiro,2009-01,4190758.7141451454,862978.64785375,26455718.0,30.656283403762128,25.0,5053737.361998895,25.965869702759065,4881251.803656248
LUBRIFICANTE,2009,1,Janeiro,2009-01,388496.40446,369250.64254808007,59957313.0,162.37564973822074,25.0,757747.0470080801,91.94324595072568,50726046.936298
NAFTA,2009,1,Janeiro,2009-01,3733966.294016671,1386580.9179946012,51803450.0,37.36056751373936,25.0,5120547.212011272,28.34708896149462,17138927.050134968
OUTROS ENERGÉTICOS,2009,1,Janeiro,2009-01,84277.16419,0.0,0.0,,25.0,84277.16419,25.0,0.0
OUTROS NÃO ENERGÉTICOS,2009,1,Janeiro,2009-01,1295010.194801095,9616.901093819444,3166975.0,329.31346273648796,25.0,1304627.0958949144,27.243209942414264,2926552.4726545135
PARAFINA,2009,1,Janeiro,2009-01,69627.90010935767,9560.058640499998,2181165.0,228.1539352446821,25.0,79187.95874985766,49.525995677227776,1942163.5339875
QUEROSENE DE AVIAÇÃO,2009,1,Janeiro,2009-01,2489877.8967900006,658414.1383426408,65356742.0,99.26387997152659,25.0,3148292.0351326414,40.53108415476898,48896388.54143398
QUEROSENE ILUMINANTE,2009,1,Janeiro,2009-01,6314.96924,0.0,0.0,,25.0,6314.96924,25.0,0.0
SOLVENTE,2009,1,Janeiro,2009-01,178147.64093915,73785.37334873088,4478787.0,60.700201093134886,25.0,251933.01428788088,35.45576608420091,2634152.6662817276
ÓLEO COMBUSTÍVEL,2009,1,Janeiro,2009-01,6867439.404849096,0.0,0.0,,25.0,6867439.404849096,25.0,0.0
ÓLEO DIESEL,2009,1,Janeiro,2009-01,20714584.6974239,827796.0103223358,51580880.0,62.31110002561489,25.0,21542380.707746238,26.433731032839635,30885979.741941605
ASFALTO,2009,2,Fevereiro,2009-02,811873.4332881162,894.3802999999999,96866.0,108.30515833141675,25.0,812767.8135881162,25.091670082469285,74506.49250000001
COQUE,2009,2,Fevereiro,2009-02,1515781.4605694043,1003065.3995138557,9452890.0,9.424001669862628,25.0,2518846.86008326,18.797262852522145,-15623744.987846391
GASOLINA A,2009,2,Fevereiro,2009-02,9272334.66734847,12.884785983827495,8977.0,696.7131632040763,25.0,9272347.552134454,25.00093340767284,8654.880350404314
GASOLINA DE AVIAÇÃO,2009,2,Fevereiro,2009-02,42990.851350000004,19197.00261170799,1337248.0,69.65920810910505,25.0,62187.853961707995,38.78601897462477,857322.9347073004
GLP,2009,2,Fevereiro,2009-02,3680858.667928787,530223.83859625,17051354.0,32.15878419412996,25.0,4211082.506525037,25.90137346613662,3795758.0350937485
LUBRIFICANTE,2009,2,Fevereiro,2009-02,303829.27205,197140.34312825144,29596455.0,150.12886013263028,25.0,500969.61517825146,74.24040435669245,24667946.421793714
NAFTA,2009,2,Fevereiro,2009-02,4326252.145781709,969915.8413653706,51098233.0,52.68316159066746,25.0,5296167.98714708,30.069766863707315,26850336.96586574
OUTROS ENERGÉTICOS,2009,2,Fevereiro,2009-02,0.0,0.0,0.0,,25.0,0.0,,0.0
OUTROS NÃO ENERGÉTICOS,2009,2,Fevereiro,2009-02,1191800.3517686047,14089.225359108796,4770987.0,338.6266369084315,25.0,1205889.5771277135,28.664312595310122,4418756.36602228
PARAFINA,2009,2,Fevereiro,2009-02,54073.53089665902,9542.899732,2090124.0,219.02399257022813,25.0,63616.430628659014,54.104926013656,1851551.5067
QUEROSENE DE AVIAÇÃO,2009,2,Fevereiro,2009-02,2212711.12933,509666.79164146434,32085956.0,62.95477069765913,25.0,2722377.9209714644,32.105657910295015,19344286.20896339
QUEROSENE ILUMINANTE,2009,2,Fevereiro,2009-02,6618.2638782,0.0,0.0,,25.0,6618.2638782,25.0,0.0
SOLVENTE,2009,2,Fevereiro,2009-02,210329.05754612,182756.3628525506,9779833.0,53.512954883494004,25.0,393085.4203986706,38.2564670635743,5210923.928686235
ÓLEO COMBUSTÍVEL,2009,2,Fevereiro,2009-02,7201600.478419189,0.0,0.0,,25.0,7201600.478419189,25.0,0.0
ÓLEO DIESEL,2009,2,Fevereiro,2009-02,19828628.100637306,1057343.157805575,75208064.0,71.12928612134577,25.0,20885971.25844288,27.335274929344937,48774485.05486062
ASFALTO,2009,3,Março,2009-03,959891.7738574496,661.430283261364,120907.0,182.7962871670084,25.0,960553.204140711,25.108657430393805,104371.2429184659
COQUE,2009,3,Março,2009-03,1596463.595063616,2259634.182455662,34442013.0,15.242295973134054,25.0,3856097.777519278,19.282084419660098,-22048841.561391555
GASOLINA A,2009,3,Março,2009-03,10833022.66898561,29.9910347434267,23085.0,769.7300275729789,25.0,10833052.660020355,25.002061766413618,22335.224131414332
GASOLINA DE AVIAÇÃO,2009,3,Março,2009-03,20945.0673,0.0,0.0,,25.0,20945.0673,25.0,0.0
GLP,2009,3,Março,2009-03,4371564.246181625,1047869.52709375,31974154.0,30.513487770447743,25.0,5419433.773275375,26.06605524937793,5777415.82265625
LUBRIFICANTE,2009,3,Março,2009-03,310345.51521,174955.07625169144,24110982.0,137.81241743059684,25.0,485300.5914616914,65.66985583978156,19737105.093707714
NAFTA,2009,3,Março,2009-03,4644921.07295987,2657270.6621241164,121727442.0,45.8091995426224,25.0,7302191.735083986,32.5724765184163,55295675.44689709
OUTROS ENERGÉTICOS,2009,3,Março,2009-03,94705.66917000001,0.0,0.0,,25.0,94705.66917000001,25.0,0.0
OUTROS NÃO ENERGÉTICOS,2009,3,Março,2009-03,1355025.5216773187,19196.412761527772,5866723.0,305.61558937499575,25.0,1374221.9344388465,28.91990008743491,5386812.680961805
PARAFINA,2009,3,Março,2009-03,48235.03867679552,19006.61689495456,3331809.0,175.29731979205894,25.0,67241.65557175007,67.48324276575791,2856643.577626136
QUEROSENE DE AVIAÇÃO,2009,3,Março,2009-03,2258431.7582199997,680821.212730122,37298439.0,54.784484241364446,25.0,2939252.970950122,31.899000828496927,20277908.681746952
QUEROSENE ILUMINANTE,2009,3,Março,2009-03,6906.211380000001,0.0,0.0,,25.0,6906.211380000001,25.0,0.0
SOLVENTE,2009,3,Março,2009-03,285249.07267304,140021.83187039135,14189336.0,101.33659737528716,25.0,425270.90454343136,50.13407357297496,10688790.203240216
ÓLEO COMBUSTÍVEL,2009,3,Março,2009-03,8164187.208533747,0.0,0.0,,25.0,8164187.208533747,25.0,0.0
ÓLEO DIESEL,2009,3,Março,2009-03,22858149.064690925,1948059.872981575,121487515.0,62.363337331136044,25.0,24806208.9376725,27.934185483898045,72786018.17546062
ASFALTO,2009,4,Abril,2009-04,780518.9906038836,845.9102570900001,64977.0,76.8131128041007,25.0,781364.9008609736,25.05609318197484,43829.24357275
COQUE,2009,4,Abril,2009-04,1745948.8404375599,1161532.6083995001,15422108.0,13.277378429565092,25.0,2907481.44883706,20.31683780289166,-13616207.209987504
GASOLINA A,2009,4,Abril,2009-04,10120956.56845624,2.525987696,1538.0,608.8707409127459,25.0,10120959.094443936,25.000145722385973,1474.8503076
GASOLINA DE AVIAÇÃO,2009,4,Abril,2009-04,63822.70207,0.0,0.0,,25.0,63822.70207,25.000000000000004,0.0
GLP,2009,4,Abril,2009-04,4015255.657371707,1048466.3297904166,32551852.0,31.04711241085535,25.0,5063721.987162123,26.252081723940147,6340193.755239585
LUBRIFICANTE,2009,4,Abril,2009-04,352537.56069,226728.78107,22820657.0,100.6517870925014,25.0,579266.34176,54.610623363918066,17152437.47325
NAFTA,2009,4,Abril,2009-04,4063898.88364945,2140670.234984715,94187394.0,43.99902070889145,25.0,6204569.118634164,31.55494964239114,40670638.125382125
OUTROS ENERGÉTICOS,2009,4,Abril,2009-04,56954.22955,0.0,0.0,,25.0,56954.22955,25.000000000000004,0.0
OUTROS NÃO ENERGÉTICOS,2009,4,Abril,2009-04,1206326.7407633867,8087.101367881944,2868137.0,354.65574988225734,25.0,1214413.8421312687,27.195264392840134,2665959.4658029513
PARAFINA,2009,4,Abril,2009-04,49187.4028768456,21428.74110938,3070992.0,143.31182519423575,25.0,70616.1439862256,60.90217943307739,2535273.4722655
QUEROSENE DE AVIAÇÃO,2009,4,Abril,2009-04,2291264.5664199996,205412.874749153,12928458.0,62.9388884011678,25.0,2496677.4411691525,28.121402870377114,7793136.131271175
QUEROSENE ILUMINANTE,2009,4,Abril,2009-04,11462.8013364,0.0,0.0,,25.0,11462.8013364,24.999999999999996,0.0
SOLVENTE,2009,4,Abril,2009-04,224665.16359690996,311231.4107569231,22313716.0,71.69493575771304,25.0,535896.574353833,52.11890955563631,14532930.731076922
ÓLEO COMBUSTÍVEL,2009,4,Abril,2009-04,5978497.4530558735,1.092539997,1029.0,941.8419488764949,25.0,5978498.54559587,25.00016754817157,1001.686500075
ÓLEO DIESEL,2009,4,Abril,2009-04,21272322.969521392,1098342.85619961,59951254.0,54.5833695385775,25.0,22370665.825721003,26.452468283606056,32492682.59500975
ASFALTO,2009,5,Maio,2009-05,978772.1099490899,363.551018,111475.0,306.62821579556135,25.0,979135.6609670899,25.104567966045554,102386.22455000001
COQUE,2009,5,Maio,2009-05,1682026.0241085403,1925300.3358077214,19952674.0,10.36340857003448,25.0,3607326.3599162614,17.188166086573,-28179834.395193033
GASOLINA A,2009,5,Maio,2009-05,10617619.879594702,2.593910862533693,3555.0,1370.5174111216488,25.0,10617622.473505564,25.00032871315939,3490.152228436658
GASOLINA DE AVIAÇÃO,2009,5,Maio,2009-05,0.0,0.0,0.0,,25.0,0.0,,0.0
GLP,2009,5,Maio,2009-05,4353304.493757975,1635336.8695270836,51910751.0,31.74315455567993,25.0,5988641.363285059,26.841374126931168,11027329.261822907
LUBRIFICANTE,2009,5,Maio,2009-05,335668.29027,136271.24238564575,18745647.0,137.5612834507671,25.0,471939.53265564574,57.50176109224353,15338865.940358859
NAFTA,2009,5,Maio,2009-05,4273044.549910119,3191214.1741171656,186466956.0,58.43135114915476,25.0,7464258.724027284,39.29299352977262,106686601.64707085
OUTROS ENERGÉTICOS,2009,5,Maio,2009-05,46815.05583,0.0,0.0,,25.0,46815.05583,25.0,0.0
OUTROS NÃO ENERGÉTICOS,2009,5,Maio,2009-05,1331326.0293376553,22245.230721956024,3915505.0,176.01548165267621,25.0,1353571.2600596114,27.481859899864563,3359374.2319510994
PARAFINA,2009,5,Maio,2009-05,56034.039387744575,19073.3042195,3208245.0,168.2060414429914,25.0,75107.34360724458,61.366782039260386,2731412.3945124997
QUEROSENE DE AVIAÇÃO,2009,5,Maio,2009-05,2265929.21174,1022029.4714211138,65831972.0,64.41298792339306,25.0,3287958.683161114,37.251137893175994,40281235.21447215
QUEROSENE ILUMINANTE,2009,5,Maio,2009-05,8703.53087731,0.0,0.0,,25.0,8703.53087731,25.0,0.0
SOLVENTE,2009,5,Maio,2009-05,310116.06294120004,229555.5371245074,15358306.0,66.90453296131948,25.0,539671.6000657075,42.82457622508968,9619417.571887316
ÓLEO COMBUSTÍVEL,2009,5,Maio,2009-05,7350887.200801791,0.0,0.0,,25.0,7350887.200801791,25.0,0.0
ÓLEO DIESEL,2009,5,Maio,2009-05,21822892.543635186,801763.5350340024,48823021.0,60.894539183463166,25.0,22624656.078669187,26.272016357909774,28778932.62414994
ASFALTO,2009,6,Junho,2009-06,1052894.161563202,1194.1495764,114548.0,95.92433164472378,25.0,1054088.311139602,25.080348353828565,84694.26059
COQUE,2009,6,Junho,2009-06,1130962.4056825745,1047176.2422527694,12536201.0,11.971433741689097,25.0,2178138.647935344,18.736300914888215,-13643205.056319235
GASOLINA A,2009,6,Junho,2009-06,10550776.57174992,78.48699567385447,24547.0,312.7524475774664,25.0,10550855.058745595,25.002140568227162,22584.82510815364
GASOLINA DE AVIAÇÃO,2009,6,Junho,2009-06,65294.51761,0.0,0.0,,25.0,65294.51761,25.0,0.0
GLP,2009,6,Junho,2009-06,4121912.2155982936,1526512.85582375,58325978.0,38.20863858269024,25.0,5648425.071422043,28.56969533090221,20163156.60440625
LUBRIFICANTE,2009,6,Junho,2009-06,315301.88549,184532.95451564566,19299743.0,104.5869722871839,25.0,499834.84000564564,54.38254391579221,14686419.137108857
NAFTA,2009,6,Junho,2009-06,4245618.998210282,1535136.284768533,81250902.0,52.92748455375802,25.0,5780755.282978815,32.41641754097824,42872494.88078668
OUTROS ENERGÉTICOS,2009,6,Junho,2009-06,177316.03371,0.0,0.0,,25.0,177316.03371,25.0,0.0
OUTROS NÃO ENERGÉTICOS,2009,6,Junho,2009-06,1197499.4366422468,19967.889989467592,6115117.0,306.24753057160893,25.0,1217467.3266317144,29.612788883460638,5615919.750263311
PARAFINA,2009,6,Junho,2009-06,53108.20364219912,17061.048260999996,2664707.0,156.18659294759033,25.0,70169.25190319913,56.89688834879765,2238180.793475
QUEROSENE DE AVIAÇÃO,2009,6,Junho,2009-06,2042999.4759099998,254112.51195859825,20913318.0,82.2994422384339,25.0,2297111.987868598,31.338613562565214,14560505.201035043
QUEROSENE ILUMINANTE,2009,6,Junho,2009-06,20385.04777684,0.0,0.0,,25.0,20385.04777684,25.0,0.0
SOLVENTE,2009,6,Junho,2009-06,250088.77689083002,538788.171889865,36367223.0,67.49818369701315,25.0,788876.948780695,54.025463018211234,22897518.702753376
ÓLEO COMBUSTÍVEL,2009,6,Junho,2009-06,7272457.826614405,60.44550873642647,21932.0,362.83919944548416,25.0,7272518.272123141,25.002807949257395,20420.862281589336
ÓLEO DIESEL,2009,6,Junho,2009-06,23067491.92405771,1640018.9973827228,115162570.0,70.22026585288701,25.0,24707510.921440434,28.001601225685437,74162095.06543194
ASFALTO,2009,7,Julho,2009-07,1228386.3680821918,973.2514492000001,93947.0,96.52901115865093,25.0,1229359.619531392,25.056627623572453,69615.71377
COQUE,2009,7,Julho,2009-07,1811415.9943644737,1974943.580512644,22585820.0,11.436184923387689,25.0,3786359.5748771178,17.925191339312917,-26787769.5128161
GASOLINA A,2009,7,Julho,2009-07,10988332.273986781,0.0,0.0,,25.0,10988332.273986781,25.0,0.0
GASOLINA DE AVIAÇÃO,2009,7,Julho,2009-07,53180.34355,0.0,0.0,,25.0,53180.34355,25.0,0.0
GLP,2009,7,Julho,2009-07,4149218.7257657517,1481392.0264058332,55733719.0,37.62253205535449,25.0,5630610.752171585,28.320939621450915,18698918.339854173
LUBRIFICANTE,2009,7,Julho,2009-07,340052.28784,191812.64403091426,20218244.0,105.40621084781796,25.0,531864.9318709143,53.99782816094811,15422927.899227142
NAFTA,2009,7,Julho,2009-07,4338412.719092788,2947081.237901553,191522735.0,64.9872601192264,25.0,7285493.956994342,41.17538971936487,117845704.05246116
OUTROS ENERGÉTICOS,2009,7,Julho,2009-07,190078.0582,0.0,0.0,,25.0,190078.0582,25.0,0.0
OUTROS NÃO ENERGÉTICOS,2009,7,Julho,2009-07,1507043.4906329955,17024.19339061343,4944719.0,290.4524688215979,25.0,1524067.684023609,27.965166319453733,4519114.165234664
PARAFINA,2009,7,Julho,2009-07,52441.59988042827,15602.748142,3016693.0,193.34369641458,25.0,68044.34802242827,63.60165278656549,2626624.2964500003
QUEROSENE DE AVIAÇÃO,2009,7,Julho,2009-07,2225051.73655,792806.745261652,61594260.0,77.69139247127859,25.0,3017858.481811652,38.842296323776345,41774091.368458696
QUEROSENE ILUMINANTE,2009,7,Julho,2009-07,10490.02561161,0.0,0.0,,25.0,10490.02561161,25.0,0.0
SOLVENTE,2009,7,Julho,2009-07,240505.43997034,240374.09520723348,19202679.0,79.88664079398744,25.0,480879.53517757345,52.435824681013486,13193326.619819162
ÓLEO COMBUSTÍVEL,2009,7,Julho,2009-07,6898881.930249122,45.14630652517277,15970.0,353.73879347351294,25.0,6898927.076555647,25.00215125369093,14841.34233687068
ÓLEO DIESEL,2009,7,Julho,2009-07,23132450.79224687,1835379.3369449652,141733227.0,77.22285205407101,25.0,24967830.129191834,28.838889606362375,95848743.57637587
ASFALTO,2009,8,Agosto,2009-08,1309137.606582567,670.5980648000001,140079.0,208.88667497389412,25.0,1309808.2046473671,25.09414664524353,123314.04838000001
COQUE,2009,8,Agosto,2009-08,1666903.540180331,2140684.966759077,23237091.0,10.854979299069939,25.0,3807588.506939408,17.04745126376158,-30280033.16897692
GASOLINA A,2009,8,Agosto,2009-08,11163835.880075851,0.0,0.0,,25.0,11163835.880075851,24.999999999999996,0.0
GASOLINA DE AVIAÇÃO,2009,8,Agosto,2009-08,18995.2262,0.0,0.0,,25.0,18995.2262,25.0,0.0
GLP,2009,8,Agosto,2009-08,4302374.434343131,1399403.2249920834,56889770.0,40.65287901585466,25.0,5701777.659335215,28.841729840049886,21904689.375197917
LUBRIFICANTE,2009,8,Agosto,2009-08,383672.12019000005,171152.09898189714,23036905.0,134.59902120415495,25.0,554824.2191718972,58.80909101886355,18758102.525452573
NAFTA,2009,8,Agosto,2009-08,4837490.604903634,3418635.6944321226,224269051.0,65.60191580672472,25.0,8256126.299335756,41.812140900795605,138803158.63919693
OUTROS ENERGÉTICOS,2009,8,Agosto,2009-08,188983.63126,0.0,0.0,,25.0,188983.63126,25.0,0.0
OUTROS NÃO ENERGÉTICOS,2009,8,Agosto,2009-08,1686672.93660267,11413.835747939811,3526981.0,309.00926541164023,25.0,1698086.7723506098,26.908992613972377,3241635.106301505
PARAFINA,2009,8,Agosto,2009-08,59184.25217658334,21703.641397500007,3378301.0,155.65595367739255,25.0,80887.89357408334,60.057285333624606,2835709.9650625
QUEROSENE DE AVIAÇÃO,2009,8,Agosto,2009-08,2575513.6599399997,595988.4825818774,48507117.0,81.38935301209625,25.0,3171502.142521877,35.596683661304276,33607404.935453065
QUEROSENE ILUMINANTE,2009,8,Agosto,2009-08,11515.56026268,0.0,0.0,,25.0,11515.56026268,25.000000000000004,0.0
SOLVENTE,2009,8,Agosto,2009-08,251802.81301393002,207834.5313609042,15749485.0,75.77896173880295,25.0,459637.3443748342,47.96075774767969,10553621.715977395
ÓLEO COMBUSTÍVEL,2009,8,Agosto,2009-08,7914320.696690031,38.04931459032577,14472.0,380.34850708400353,25.0,7914358.7460046215,25.001708384414854,13520.767135241857
ÓLEO DIESEL,2009,8,Agosto,2009-08,23484172.89164999,2430340.784816643,187540676.0,77.16641105298694,25.0,25914513.676466636,29.892322424507494,126782156.37958391
ASFALTO,2009,9,Setembro,2009-09,1292340.8550328524,859.6237304000001,176589.0,205.4259250356311,25.0,1293200.4787632525,25.119933768419514,155098.40673999998
COQUE,2009,9,Setembro,2009-09,1788023.107968177,1388165.7783096058,17985146.0,12.956050553198937,25.0,3176188.8862777827,19.736144777166146,-16718998.457740145
GASOLINA A,2009,9,Setembro,2009-09,10025373.892208511,6.357624663072777,3493.0,549.4190338552886,25.0,10025380.249833174,25.000332561887962,3334.0593834231804
GASOLINA DE AVIAÇÃO,2009,9,Setembro,2009-09,23335.1951,0.0,0.0,,25.0,23335.1951,25.0,0.0
GLP,2009,9,Setembro,2009-09,3895441.1792434407,1616262.29144875,75216771.0,46.53747810485563,25.0,5511703.470692191,31.31569058438653,34810213.713781245
LUBRIFICANTE,2009,9,Setembro,2009-09,298174.73286,423004.5664516,51072566.0,120.7376233037515,25.0,721179.2993115999,81.15448457459436,40497451.83871
NAFTA,2009,9,Setembro,2009-09,4374698.244872046,2422053.7645394304,166510954.0,68.74783559218933,25.0,6796752.009411477,40.58974194435691,105959609.88651425
OUTROS ENERGÉTICOS,2009,9,Setembro,2009-09,119135.29121,0.0,0.0,,25.0,119135.29121,25.0,0.0
OUTROS NÃO ENERGÉTICOS,2009,9,Setembro,2009-09,1523084.090151873,29314.700526793993,6224812.0,212.34438312990596,25.0,1552398.790678667,28.537714999397302,5491944.48683015
PARAFINA,2009,9,Setembro,2009-09,70095.43236046901,12084.182405,2283232.0,188.94385432772685,25.0,82179.61476546901,49.107285554074515,1981127.439875
QUEROSENE DE AVIAÇÃO,2009,9,Setembro,2009-09,2180142.49315,831024.9375906885,70256617.0,84.54212842720258,25.0,3011167.4307406885,41.43249493704222,49480993.56023279
QUEROSENE ILUMINANTE,2009,9,Setembro,2009-09,9427.76475995,0.0,0.0,,25.0,9427.76475995,25.0,0.0
SOLVENTE,2009,9,Setembro,2009-09,291658.48341019,497924.1675884884,40616078.0,81.5708106652243,25.0,789582.6509986783,60.674509533182416,28167973.81028779
ÓLEO COMBUSTÍVEL,2009,9,Setembro,2009-09,7833044.885958261,62.49450903257651,23367.0,373.9048495895773,25.0,7833107.380467294,25.002783651010393,21804.637274185585
ÓLEO DIESEL,2009,9,Setembro,2009-09,22954822.04176329,2002833.4358137676,165995475.0,82.88031946728245,25.0,24957655.477577057,29.64485292734356,115924639.1046558
ASFALTO,2009,10,Outubro,2009-10,1594899.6067796685,662.6023356000001,104898.0,158.3121494810499,25.0,1595562.2091152684,25.05536164062132,88332.94161
COQUE,2009,10,Outubro,2009-10,1791128.5626546743,1927968.2736292118,21807233.0,11.310991626926524,25.0,3719096.836283886,17.903660484651134,-26391973.840730295
GASOLINA A,2009,10,Outubro,2009-10,9785022.150035331,0.0,0.0,,25.0,9785022.150035331,25.0,0.0
GASOLINA DE AVIAÇÃO,2009,10,Outubro,2009-10,0.0,0.0,0.0,,25.0,0.0,,0.0
GLP,2009,10,Outubro,2009-10,3879676.8043181486,2180723.3206408336,104104200.0,47.73838066234264,25.0,6060400.124958983,33.18198732122737,49586116.983979166
LUBRIFICANTE,2009,10,Outubro,2009-10,309521.5501,292674.91580764577,38965105.0,133.13441943760213,25.0,602196.4659076458,77.55466263341124,31648232.10480886
NAFTA,2009,10,Outubro,2009-10,4766515.825234299,1406566.8609483477,91109171.0,64.77414869462486,25.0,6173082.686182646,34.062732887332665,55944999.47629131
OUTROS ENERGÉTICOS,2009,10,Outubro,2009-10,137759.41862,0.0,0.0,,25.0,137759.41862,25.0,0.0
OUTROS NÃO ENERGÉTICOS,2009,10,Outubro,2009-10,1306518.4794937458,29635.022204814813,6174660.0,208.35685417494983,25.0,1336153.5016985605,29.066736672075503,5433784.44487963
PARAFINA,2009,10,Outubro,2009-10,52072.75790849326,33561.8048495,5829060.0,173.68136267221163,25.0,85634.56275799326,83.27103821227516,4990014.8787625
QUEROSENE DE AVIAÇÃO,2009,10,Outubro,2009-10,2218554.3628200004,881381.3847416645,72023950.0,81.7171218349596,25.0,3099935.747561665,41.125952101032695,49989415.38145839
QUEROSENE ILUMINANTE,2009,10,Outubro,2009-10,12186.04142906,0.0,0.0,,25.0,12186.04142906,24.999999999999996,0.0
SOLVENTE,2009,10,Outubro,2009-10,268513.63683022,487257.6344681107,37157561.0,76.25855065474984,25.0,755771.2712983307,58.04719441821471,24976120.138297234
ÓLEO COMBUSTÍVEL,2009,10,Outubro,2009-10,6332445.6201118715,21.700775863770982,9946.0,458.3246268445476,25.0,6332467.320887735,25.001484963147366,9403.480603405726
ÓLEO DIESEL,2009,10,Outubro,2009-10,24356639.160556883,3586583.3130800948,287959006.0,80.28783409263839,25.0,27943222.473636977,32.09633340822013,198294423.17299762
ASFALTO,2009,11,Novembro,2009-11,1483621.5894137754,78739.05705360002,6055600.0,76.9071948102931,25.0,1562360.6464673753,27.615992397722845,4087123.5736599998
COQUE,2009,11,Novembro,2009-11,1561662.4523561953,1274639.062293452,15743395.0,12.35125728194222,25.0,2836301.5146496473,19.315632003839397,-16122581.557336299
GASOLINA A,2009,11,Novembro,2009-11,10323211.69881624,0.0,0.0,,25.0,10323211.69881624,25.0,0.0
GASOLINA DE AVIAÇÃO,2009,11,Novembro,2009-11,0.0,0.0,0.0,,25.0,0.0,,0.0
GLP,2009,11,Novembro,2009-11,4084687.634179049,1267330.8201245833,73875452.0,58.292160836692794,25.0,5352018.4543036325,32.88341480081372,42192181.49688541
LUBRIFICANTE,2009,11,Novembro,2009-11,184631.08273999998,287440.1477545141,36978635.0,128.6481213180467,25.0,472071.2304945141,88.11045745136414,29792631.306137145
NAFTA,2009,11,Novembro,2009-11,4629928.311615484,2166321.603338077,149415655.0,68.97205602795354,25.0,6796249.9149535615,39.016202480570335,95257614.91654807
OUTROS ENERGÉTICOS,2009,11,Novembro,2009-11,0.0,0.0,0.0,,25.0,0.0,,0.0
OUTROS NÃO ENERGÉTICOS,2009,11,Novembro,2009-11,1266152.7132768317,13189.91356681713,3806805.0,288.6148556406821,25.0,1279342.6268436487,27.717846718988834,3477057.160829572
PARAFINA,2009,11,Novembro,2009-11,45580.987028290154,23023.696095000007,4252805.0,184.7142605797151,25.0,68604.68312329016,78.60002306280818,3677212.597625
QUEROSENE DE AVIAÇÃO,2009,11,Novembro,2009-11,2280477.54227,604367.8241430162,53696353.0,88.8471405243,25.0,2884845.3664130163,38.37581481686258,38587157.39642459
QUEROSENE ILUMINANTE,2009,11,Novembro,2009-11,10287.47486018,0.0,0.0,,25.0,10287.47486018,25.0,0.0
SOLVENTE,2009,11,Novembro,2009-11,182673.6309699,522076.17218468274,43481923.0,83.28654958153963,25.0,704749.8031545827,68.17847065607236,30430018.695382934
ÓLEO COMBUSTÍVEL,2009,11,Novembro,2009-11,8013010.605571796,63.51900918065154,24484.0,385.45941310838407,25.0,8013074.124580977,25.002857333454614,22896.024770483713
ÓLEO DIESEL,2009,11,Novembro,2009-11,22667364.13877369,2118755.143499789,177864507.0,83.94764611931559,25.0,24786119.28227348,30.038934372506954,124895628.41250528
ASFALTO,2009,12,Dezembro,2009-12,1059020.1065922969,95136.16831200002,7125343.0,74.89625792613768,25.0,1154156.274904297,29.112908187059517,4746938.792199999
COQUE,2009,12,Dezembro,2009-12,1577576.6184760805,2169975.353967077,27493580.0,12.669996435552665,25.0,3747551.972443158,17.86045822821934,-26755803.84917693
GASOLINA A,2009,12,Dezembro,2009-12,10486523.39508352,1.2884785983827494,2018.0,1566.188218052608,25.0,10486524.683562119,25.00018936569502,1985.7880350404314
GASOLINA DE AVIAÇÃO,2009,12,Dezembro,2009-12,43317.92147,0.0,0.0,,25.0,43317.92147,25.0,0.0
GLP,2009,12,Dezembro,2009-12,4372752.445394452,1484495.272809167,89685779.0,60.41499804191642,25.0,5857247.718203619,33.97578516551025,52573397.17977083
LUBRIFICANTE,2009,12,Dezembro,2009-12,212620.73724,233795.63060322282,31643870.0,135.34842340019247,25.0,446416.3678432228,82.79129327081436,25798979.23491943
NAFTA,2009,12,Dezembro,2009-12,4678958.4586469745,1670001.5037640457,122988406.0,73.64568578099737,25.0,6348959.96241102,37.79553956661723,81238368.40589885
OUTROS ENERGÉTICOS,2009,12,Dezembro,2009-12,0.0,0.0,0.0,,25.0,0.0,,0.0
OUTROS NÃO ENERGÉTICOS,2009,12,Dezembro,2009-12,1390150.954617901,25265.031109861113,6690467.0,264.8113501585464,25.0,1415415.985727762,29.28060816279266,6058841.222253472
PARAFINA,2009,12,Dezembro,2009-12,54535.32504490141,18233.952086499998,3389998.0,185.916798723513,25.0,72769.27713140141,65.32126349886957,2934149.1978375004
QUEROSENE DE AVIAÇÃO,2009,12,Dezembro,2009-12,2514596.8500899994,949678.8969575845,85061653.0,89.56885666566423,25.0,3464275.747047584,42.70057727890739,61319680.576060385
QUEROSENE ILUMINANTE,2009,12,Dezembro,2009-12,9658.04099386,0.0,0.0,,25.0,9658.04099386,25.0,0.0
SOLVENTE,2009,12,Dezembro,2009-12,192303.10364674003,452455.81864856946,37592340.0,83.08510676751544,25.0,644758.9222953095,65.76088538678444,26280944.53378576
ÓLEO COMBUSTÍVEL,2009,12,Dezembro,2009-12,8568675.299407464,64075.74118839093,4451313.0,69.46955146273793,25.0,8632751.040595854,25.330070849592527,2849419.4702902264
ÓLEO DIESEL,2009,12,Dezembro,2009-12,23664943.616082117,2761731.3620173126,239192275.0,86.60953715110129,25.0,26426674.978099428,31.438531941327266,170148990.9495672
ASFALTO,2010,1,Janeiro,2010-01,1082559.16924675,89397.06953000001,6581521.0,73.6212163844069,25.0,1171956.23877675,28.70883665953844,4346594.26175
COQUE,2010,1,Janeiro,2010-01,1671648.07456078,1346333.8305,18769130.0,13.940918347888163,25.0,3017981.9050607802,20.06649932607858,-14889215.762499997
GASOLINA A,2010,1,Janeiro,2010-01,11579418.60281346,0.0,0.0,,25.0,11579418.60281346,25.000000000000004,0.0
GASOLINA DE AVIAÇÃO,2010,1,Janeiro,2010-01,86403.11997,22561.54847,2350829.0,104.19626131273249,25.0,108964.66844000001,41.39788670796418,1786790.28825
GLP,2010,1,Janeiro,2010-01,4232982.67871588,727441.68574,45445759.0,62.47340493522815,25.0,4960424.36445588,30.4954404812279,27259716.856500003
LUBRIFICANTE,2010,1,Janeiro,2010-01,360280.31680000003,416221.88694,51340760.0,123.34949605233271,25.0,776502.20374,77.71744578358793,40935212.8265
NAFTA,2010,1,Janeiro,2010-01,2992877.9587804903,3222489.80635,240141389.0,74.52044953774411,25.0,6215367.76513049,50.674931857857594,159579143.84124997
OUTROS ENERGÉTICOS,2010,1,Janeiro,2010-01,34084.480390000004,0.0,0.0,,25.0,34084.480390000004,25.0,0.0
OUTROS NÃO ENERGÉTICOS,2010,1,Janeiro,2010-01,1362955.5514155386,22668.47524,4827609.0,212.96575746221208,25.0,1385624.0266555387,28.075074505805496,4260897.119
PARAFINA,2010,1,Janeiro,2010-01,51132.4443121,12736.86525,2412459.0,189.40759383475458,25.0,63869.3095621,57.786284729036744,2094037.36875
QUEROSENE DE AVIAÇÃO,2010,1,Janeiro,2010-01,2455982.1107,867754.76722,77486957.0,89.29591622785622,25.0,3323736.87792,41.78625290411538,55793087.8195
QUEROSENE ILUMINANTE,2010,1,Janeiro,2010-01,6984.65789032,0.0,0.0,,25.0,6984.65789032,25.0,0.0
SOLVENTE,2010,1,Janeiro,2010-01,267760.15533108,619439.35823,52886162.0,85.37746479513041,25.0,887199.51356108,67.15531847411812,37400178.04425
ÓLEO COMBUSTÍVEL,2010,1,Janeiro,2010-01,8541042.743604882,6.28981,4109.0,653.2788748785734,25.0,8541049.033414882,25.000462677913983,3951.75475
ÓLEO DIESEL,2010,1,Janeiro,2010-01,21422173.654586982,2067479.41643,180072903.0,87.0977972351179,25.0,23489653.071016982,30.465637027549832,128385917.58925001
ASFALTO,2010,2,Fevereiro,2010-02,1199094.49830534,102758.5159812,8374479.0,81.49669076120307,25.0,1301853.01428654,29.45942517070687,5805516.10047
COQUE,2010,2,Fevereiro,2010-02,1479079.5907604536,1972195.5262362794,31159934.0,15.799617018432926,25.0,3451275.116996733,19.74253615234924,-18144954.155906986
GASOLINA A,2010,2,Fevereiro,2010-02,10755317.154891899,1178427.6916233157,101161412.0,85.8443947974843,25.0,11933744.846515214,31.008233009134138,71700719.7094171
GASOLINA DE AVIAÇÃO,2010,2,Fevereiro,2010-02,68615.53729000001,0.0,0.0,,25.0,68615.53729000001,25.0,0.0
GLP,2010,2,Fevereiro,2010-02,3739705.96481648,1023106.8413829167,61588982.0,60.19799644458558,25.0,4762812.806199397,32.560933513606464,36011310.96542708
LUBRIFICANTE,2010,2,Fevereiro,2010-02,305860.88068,165849.0415630514,24554765.0,148.05491046907818,25.0,471709.9222430514,68.26501945067861,20408538.960923716
NAFTA,2010,2,Fevereiro,2010-02,3489893.587336291,4626271.643364531,344293420.0,74.42135839425266,25.0,8116165.230700823,53.17052418438063,228636628.91588673
OUTROS ENERGÉTICOS,2010,2,Fevereiro,2010-02,72703.91379,0.0,0.0,,25.0,72703.91379,25.0,0.0
OUTROS NÃO ENERGÉTICOS,2010,2,Fevereiro,2010-02,1289655.7180928865,31999.51029321758,7242839.0,226.34218254068557,25.0,1321655.228386104,29.87483505856292,6442851.242669561
PARAFINA,2010,2,Fevereiro,2010-02,62480.689338970005,11718.621716000003,2609924.0,222.71595271622635,25.0,74199.31105497,56.2261451509098,2316958.4570999998
QUEROSENE DE AVIAÇÃO,2010,2,Fevereiro,2010-02,2317342.1186800003,825770.28547,61101892.0,73.99381289824798,25.0,3143112.4041500003,37.87183837581878,40457634.86325
QUEROSENE ILUMINANTE,2010,2,Fevereiro,2010-02,8978.5150807,0.0,0.0,,25.0,8978.5150807,25.0,0.0
SOLVENTE,2010,2,Fevereiro,2010-02,209647.06602743999,605513.71889,56614004.0,93.49747534008345,25.0,815160.78491744,75.88095722361169,41476161.02775
ÓLEO COMBUSTÍVEL,2010,2,Fevereiro,2010-02,6921081.628596587,126831.4232496249,8876107.0,69.98350071756568,25.0,7047913.051846212,25.809505079984614,5705321.418759378
ÓLEO DIESEL,2010,2,Fevereiro,2010-02,19590876.84895957,2079191.04265,184117552.0,88.5524938417087,25.0,21670067.89160957,31.09770936550284,132137775.93375
ASFALTO,2010,3,Março,2010-03,1536636.2696275432,129246.88794839998,10286895.0,79.59104596860313,25.0,1665883.157575943,29.235424777063542,7055722.801290001
COQUE,2010,3,Março,2010-03,1191137.821817346,1556049.479889933,34938242.0,22.453169035776003,25.0,2747187.301707279,23.557435455971472,-3962994.9972483264
GASOLINA A,2010,3,Março,2010-03,10881661.360877959,1189748.790152345,111634448.0,93.83026814064289,25.0,12071410.151030304,31.783857662164014,81890728.24619138
GASOLINA DE AVIAÇÃO,2010,3,Março,2010-03,43393.399190000004,0.0,0.0,,25.0,43393.399190000004,25.000000000000004,0.0
GLP,2010,3,Março,2010-03,3828526.922611831,1786226.2665220832,108559848.0,60.77608981272803,25.0,5614753.189133914,36.38147825635863,63904191.336947925
LUBRIFICANTE,2010,3,Março,2010-03,186555.7646,372320.48675262847,49377794.0,132.62174861950814,25.0,558876.2513526285,96.6970558942249,40069781.83118429
NAFTA,2010,3,Março,2010-03,1882425.23704073,4180838.212253676,325702551.0,77.90364861414487,25.0,6063263.449294406,61.47896838779081,221181595.69365808
OUTROS ENERGÉTICOS,2010,3,Março,2010-03,45965.93148000001,0.0,0.0,,25.0,45965.93148000001,25.0,0.0
OUTROS NÃO ENERGÉTICOS,2010,3,Março,2010-03,1543238.7868499057,33755.648540810194,10062746.0,298.10554484930884,25.0,1576994.435390716,30.84583850113313,9218854.786479745
PARAFINA,2010,3,Março,2010-03,53234.875827395925,7921.379043499999,1850229.0,233.5741024182187,25.0,61156.25487089592,52.01595327248815,1652194.5239125001
QUEROSENE DE AVIAÇÃO,2010,3,Março,2010-03,1801433.03305,877952.2732204755,77464180.0,88.23279164805673,25.0,2679385.3062704755,45.719443761808854,55515373.16948811
QUEROSENE ILUMINANTE,2010,3,Março,2010-03,12843.48381931,0.0,0.0,,25.0,12843.48381931,24.999999999999996,0.0
SOLVENTE,2010,3,Março,2010-03,271189.46038004,709470.900672375,63227812.0,89.11966923531065,25.0,980660.361052415,71.38816994129448,45491039.483190626
ÓLEO COMBUSTÍVEL,2010,3,Março,2010-03,6000933.442621268,1.1424728923988157,1468.0,1284.9320187524843,25.0,6000934.58509416,25.000239868999948,1439.4381776900295
ÓLEO DIESEL,2010,3,Março,2010-03,20255714.030450754,4214900.538800129,374709156.0,88.90106719022837,25.0,24470614.56925088,36.00653364335353,269336642.5299968
ASFALTO,2010,4,Abril,2010-04,1268992.284060836,81833.50857279998,6486509.0,79.2647060247885,25.0,1350825.7926336362,28.287375255859047,4440671.285680001
COQUE,2010,4,Abril,2010-04,1250961.3285351973,1585444.912972827,28112640.0,17.73170405983183,25.0,2836406.2415080243,20.93729464570843,-11523482.824320674
GASOLINA A,2010,4,Abril,2010-04,10933716.39452086,773893.8822615634,68618678.0,88.66677922233272,25.0,11707610.276782423,29.208487452061142,49271330.94346091
GASOLINA DE AVIAÇÃO,2010,4,Abril,2010-04,43009.72078,0.0,0.0,,25.0,43009.72078,25.000000000000004,0.0
GLP,2010,4,Abril,2010-04,3845189.003486673,1804856.3988775,102623860.0,56.859847721860405,25.0,5650045.402364173,35.177343000465356,57502450.02806249
LUBRIFICANTE,2010,4,Abril,2010-04,321918.76561,313397.9851622401,43212822.0,137.88481115355466,25.0,635316.7507722401,80.68540783466119,35377872.370944
NAFTA,2010,4,Abril,2010-04,3955562.76119878,3753838.0997298015,302873340.0,80.68364483321766,25.0,7709400.860928582,52.11331156304383,209027387.50675493
OUTROS ENERGÉTICOS,2010,4,Abril,2010-04,121720.40312,0.0,0.0,,25.0,121720.40312,25.0,0.0
OUTROS NÃO ENERGÉTICOS,2010,4,Abril,2010-04,1665538.8847142707,22557.027669062503,5128354.0,227.35060998456188,25.0,1688095.9123833333,27.703891570846327,4564428.308273437
PARAFINA,2010,4,Abril,2010-04,52684.817807442945,13413.86358,2861610.0,213.3322724607581,25.0,66098.68138744295,63.21957348425902,2526263.4104999998
QUEROSENE DE AVIAÇÃO,2010,4,Abril,2010-04,2395656.5429900005,1141069.1480725908,103602773.0,90.79447391509805,25.0,3536725.691062591,46.22755646215498,75076044.29818523
QUEROSENE ILUMINANTE,2010,4,Abril,2010-04,8254.89130963,0.0,0.0,,25.0,8254.89130963,25.0,0.0
SOLVENTE,2010,4,Abril,2010-04,265945.14259824,517525.7790068152,49031457.0,94.74205728282051,25.0,783470.9216050552,71.06847750122898,36093312.52482962
ÓLEO COMBUSTÍVEL,2010,4,Abril,2010-04,7632127.872290204,2.2290639585389935,2656.0,1191.5315349411667,25.0,7632130.101354163,25.00034070087466,2600.2734010365252
ÓLEO DIESEL,2010,4,Abril,2010-04,20792693.149325833,6364902.60202081,596225840.0,93.67399271918201,25.0,27157595.751346644,41.09506522416681,437103274.94947976
ASFALTO,2010,5,Maio,2010-05,1427594.1227693623,107906.64876120002,8824406.0,81.77814899551389,25.0,1535500.7715305623,28.99005972160012,6126739.780969999
COQUE,2010,5,Maio,2010-05,1470843.4073370344,2549367.9660557024,46165149.0,18.108468300645193,25.0,4020211.3733927365,20.62981930062904,-17569050.151392564
GASOLINA A,2010,5,Maio,2010-05,10408671.869340468,3.611130808625337,3724.0,1031.2559132737783,25.0,10408675.480471278,25.000349105103393,3633.7217297843663
GASOLINA DE AVIAÇÃO,2010,5,Maio,2010-05,34153.6683,0.0,0.0,,25.0,34153.6683,25.0,0.0
GLP,2010,5,Maio,2010-05,4261934.578803541,1531654.3538991665,89402592.0,58.369952576053365,25.0,5793588.932702707,33.82203306900434,51111233.15252084
LUBRIFICANTE,2010,5,Maio,2010-05,360123.07155,416388.6639477828,56548472.0,135.80694407927362,25.0,776511.7354977828,84.41797566231008,46138755.40130543
NAFTA,2010,5,Maio,2010-05,4020378.8899378306,2591798.184106396,208998631.0,80.63846648309111,25.0,6612177.074044227,46.80880438961692,144203676.39734012
OUTROS ENERGÉTICOS,2010,5,Maio,2010-05,0.0,0.0,0.0,,25.0,0.0,,0.0
OUTROS NÃO ENERGÉTICOS,2010,5,Maio,2010-05,1243331.660504214,18170.292866932865,6568864.0,361.5166826482099,25.0,1261501.953371147,29.847084589910025,6114606.678326678
PARAFINA,2010,5,Maio,2010-05,51703.714461032236,19118.4527825,3706257.0,193.85758053562301,25.0,70822.16724353224,70.58312469225262,3228295.6804374997
QUEROSENE DE AVIAÇÃO,2010,5,Maio,2010-05,2408393.4082400003,950531.4378001252,87471705.0,92.02399996620971,25.0,3358924.8460401255,43.9669081551805,63708419.05499686
QUEROSENE ILUMINANTE,2010,5,Maio,2010-05,7038.29739,0.0,0.0,,25.0,7038.29739,25.0,0.0
SOLVENTE,2010,5,Maio,2010-05,242628.72258109,419729.65710557357,40410300.0,96.27697094045394,25.0,662358.3796866636,70.16747955466839,29917058.57236066
ÓLEO COMBUSTÍVEL,2010,5,Maio,2010-05,7996333.794234517,0.0,0.0,,25.0,7996333.794234517,25.0,0.0
ÓLEO DIESEL,2010,5,Maio,2010-05,21123727.874944653,4968323.414253263,467138356.0,94.02333887118955,25.0,26092051.289197914,38.143093536139155,342930270.6436684
ASFALTO,2010,6,Junho,2010-06,1603507.3138794908,89964.3306188,7588861.0,84.35410954321203,25.0,1693471.6444982907,28.15313973627941,5339752.734529999
COQUE,2010,6,Junho,2010-06,1424401.0068054902,2034658.7584495095,49337375.0,24.24847645587363,25.0,3459059.7652549995,24.557945203318855,-1529093.9612377377
GASOLINA A,2010,6,Junho,2010-06,10688438.737327699,34968.93617946092,3279915.0,93.79510383637192,25.0,10723407.67350716,25.224340216166258,2405691.595513477
GASOLINA DE AVIAÇÃO,2010,6,Junho,2010-06,42934.24306,0.0,0.0,,25.0,42934.24306,25.0,0.0
GLP,2010,6,Junho,2010-06,4040692.765737447,1670355.0448645833,91761644.0,54.93541285256463,25.0,5711047.81060203,33.75544550433634,50002767.87838542
LUBRIFICANTE,2010,6,Junho,2010-06,292690.01854,517135.2463506403,70009733.0,135.3799291269548,25.0,809825.2648906403,95.48601015052589,57081351.84123399
NAFTA,2010,6,Junho,2010-06,4847151.894900123,3413533.5116621796,273593642.0,80.14968684657114,25.0,8260685.406562302,47.789308022660585,188255304.20844552
OUTROS ENERGÉTICOS,2010,6,Junho,2010-06,78138.30963,0.0,0.0,,25.0,78138.30963,25.0,0.0
OUTROS NÃO ENERGÉTICOS,2010,6,Junho,2010-06,1424886.9150719838,28229.679182303247,8310686.0,294.39533996581304,25.0,1453116.594254287,30.233540137462366,7604944.020442418
PARAFINA,2010,6,Junho,2010-06,50445.32937127472,20181.246580500007,3977808.0,197.10417709496352,25.0,70626.57595177472,74.17804365681162,3473276.8354875
QUEROSENE DE AVIAÇÃO,2010,6,Junho,2010-06,2178997.74773,1047313.192979975,91337694.0,87.21144220489774,25.0,3226310.940709975,45.19484958916043,65154864.175500624
QUEROSENE ILUMINANTE,2010,6,Junho,2010-06,9390.68633,0.0,0.0,,25.0,9390.68633,25.0,0.0
SOLVENTE,2010,6,Junho,2010-06,242125.83340216,517614.98226361675,49906164.0,96.41560949753041,25.0,759740.8156657767,73.65578981828914,36965789.443409584
ÓLEO COMBUSTÍVEL,2010,6,Junho,2010-06,7878565.828056698,3.253564106614018,3021.0,928.5202015410579,25.0,7878569.081620804,25.00037312116793,2939.6608973346492
ÓLEO DIESEL,2010,6,Junho,2010-06,22011551.35023735,4195371.143841714,396207629.0,94.43923205258821,25.0,26206922.494079065,36.11627473503521,291323350.4039572
ASFALTO,2010,7,Julho,2010-07,1703520.4724096446,165761.775468,13138845.0,79.26341861930906,25.0,1869282.2478776446,29.81190073008641,8994800.6133
COQUE,2010,7,Julho,2010-07,1674823.9944207396,2329042.526056202,54746594.0,23.506051687558973,25.0,4003866.520476942,24.130972740072618,-3479469.1514050504
GASOLINA A,2010,7,Julho,2010-07,11470516.21607208,33.500443557951485,22590.0,674.3194298583596,25.0,11470549.716515638,25.001896377196267,21752.488911051216
GASOLINA DE AVIAÇÃO,2010,7,Julho,2010-07,21335.03552,16372.765294256198,1832321.0,111.91273844515469,25.0,37707.8008142562,62.73759903562449,1423001.867643595
GLP,2010,7,Julho,2010-07,4266546.380614243,2387682.2147629163,121532985.0,50.89998335983231,25.0,6654228.59537716,34.293478386644146,61840929.63092709
LUBRIFICANTE,2010,7,Julho,2010-07,314012.47444,337809.5859980455,49645461.0,146.9628543942126,25.0,651822.0604380455,88.20777379391085,41200221.35004886
NAFTA,2010,7,Julho,2010-07,4855603.320847356,3552321.0633415673,268310893.0,75.53114941350701,25.0,8407924.384188924,46.34924842497578,179502866.41646084
OUTROS ENERGÉTICOS,2010,7,Julho,2010-07,148320.00961,0.0,0.0,,25.0,148320.00961,25.0,0.0
OUTROS NÃO ENERGÉTICOS,2010,7,Julho,2010-07,1759156.3301492876,26807.111981018556,8760228.0,326.78745872374833,25.0,1785963.442130306,29.529796080721948,8090050.200474537
PARAFINA,2010,7,Julho,2010-07,56195.61006951704,26337.796984000004,5138903.0,195.11514205693973,25.0,82533.40705351705,79.28660024291426,4480458.0753999995
QUEROSENE DE AVIAÇÃO,2010,7,Julho,2010-07,2459875.5030900002,1078518.656508348,92940521.0,86.17423578085376,25.0,3538394.159598348,43.64618570215495,65977554.58729131
QUEROSENE ILUMINANTE,2010,7,Julho,2010-07,8560.78363936,0.0,0.0,,25.0,8560.78363936,25.0,0.0
SOLVENTE,2010,7,Julho,2010-07,221394.78946702997,398027.0199638865,35872226.0,90.12510257030976,25.0,619421.8094309164,66.84797839894891,25921550.50090284
ÓLEO COMBUSTÍVEL,2010,7,Julho,2010-07,7487342.073945483,0.0,176.0,,25.0,7487342.073945483,25.000023506338866,0.0
ÓLEO DIESEL,2010,7,Julho,2010-07,24235764.271435935,3703036.5835351762,322920295.0,87.20418708143517,25.0,27938800.85497111,33.24460511413237,230344380.41162062
ASFALTO,2010,8,Agosto,2010-08,1744752.8053248383,302717.6386444001,23024808.0,76.0603448913892,25.0,2047470.4439692383,32.549250383280366,15456867.03389
COQUE,2010,8,Agosto,2010-08,1670034.7904562254,2616698.446779548,53860517.0,20.583387079351006,25.0,4286733.237235773,22.304020677306948,-11556944.169488708
GASOLINA A,2010,8,Agosto,2010-08,11126552.39603004,10.307828787061995,5650.0,548.1270708620685,25.0,11126562.703858828,25.00048463343297,5392.30428032345
GASOLINA DE AVIAÇÃO,2010,8,Agosto,2010-08,33103.27003,0.0,0.0,,25.0,33103.27003,25.0,0.0
GLP,2010,8,Agosto,2010-08,3843296.3217018163,2056869.3159754165,104049699.0,50.586441341635336,25.0,5900165.637677233,33.919743839824314,52627966.10061459
LUBRIFICANTE,2010,8,Agosto,2010-08,312018.60467000003,443144.5165065373,66415207.0,149.87256871319144,25.0,755163.1211765374,98.27767012923334,55336594.08733658
NAFTA,2010,8,Agosto,2010-08,4376699.048264975,3710767.496814545,272867855.0,73.53407488726779,25.0,8087466.54507952,47.26886090665931,180098667.57963637
OUTROS ENERGÉTICOS,2010,8,Agosto,2010-08,252592.47979,0.0,0.0,,25.0,252592.47979,25.0,0.0
OUTROS NÃO ENERGÉTICOS,2010,8,Agosto,2010-08,1370403.0128621643,20761.498030370363,5743024.0,276.61896032738014,25.0,1391164.5108925346,28.75511775087561,5223986.549240741
PARAFINA,2010,8,Agosto,2010-08,22649.947094137133,29239.247984500005,6171244.0,211.06028456242902,25.0,51889.19507863714,129.84384643359527,5440262.8003875
QUEROSENE DE AVIAÇÃO,2010,8,Agosto,2010-08,2635675.6925899996,1025436.0372403755,88929815.0,86.72390258423665,25.0,3661111.729830375,42.28816784073484,63293914.06899061
QUEROSENE ILUMINANTE,2010,8,Agosto,2010-08,16301.31944643,0.0,0.0,,25.0,16301.31944643,25.0,0.0
SOLVENTE,2010,8,Agosto,2010-08,263598.46480571997,439842.5002063293,42128247.0,95.78030085823384,25.0,703440.9650120493,69.25699673931912,31132184.49484177
ÓLEO COMBUSTÍVEL,2010,8,Agosto,2010-08,6273720.463836181,0.0,0.0,,25.0,6273720.463836181,25.0,0.0
ÓLEO DIESEL,2010,8,Agosto,2010-08,21698510.575964626,7113142.925035752,626186329.0,88.03229958954503,25.0,28811653.50100038,40.561680826771656,448357755.8741062
ASFALTO,2010,9,Setembro,2010-09,1683201.9753145406,166702.1112676,12038196.0,72.21381846013685,25.0,1849904.0865821405,29.2546223209073,7870643.21831
COQUE,2010,9,Setembro,2010-09,1731661.7346764086,2251667.865887038,41237787.0,18.314329402109443,25.0,3983329.6005634465,21.22077227928953,-15053909.647175947
GASOLINA A,2010,9,Setembro,2010-09,10773010.28349513,8.66332320754717,535.0,61.754593148957845,25.0,10773018.946818337,25.000029556888503,318.4169198113207
GASOLINA DE AVIAÇÃO,2010,9,Setembro,2010-09,0.0,0.0,0.0,,25.0,0.0,,0.0
GLP,2010,9,Setembro,2010-09,3717421.651802367,1702721.1081420833,90787498.0,53.31906532776961,25.0,5420142.75994445,33.896346910416455,48219470.29644792
LUBRIFICANTE,2010,9,Setembro,2010-09,211274.71790000002,452524.6718975085,70792518.0,156.43902398327947,25.0,663799.3897975085,114.60448309647654,59479401.202562295
NAFTA,2010,9,Setembro,2010-09,3648620.728843236,5111244.621063889,367678667.0,71.93525144243026,25.0,8759865.349907124,52.3859861870989,239897551.4734028
OUTROS ENERGÉTICOS,2010,9,Setembro,2010-09,336976.57075,0.0,0.0,,25.0,336976.57075,25.0,0.0
OUTROS NÃO ENERGÉTICOS,2010,9,Setembro,2010-09,1383243.1873357059,19644.32876810184,6320378.0,321.7405936650242,25.0,1402887.5161038076,29.155193993732933,5829269.7807974545
PARAFINA,2010,9,Setembro,2010-09,36681.85416745686,24871.680625500005,5924199.0,238.1905384361578,25.0,61553.53479295687,111.14301359292881,5302406.9843625
QUEROSENE DE AVIAÇÃO,2010,9,Setembro,2010-09,2618617.7278699996,949715.4156416772,82126112.0,86.47444344631525,25.0,3568333.1435116767,41.36148427315893,58383226.608958066
QUEROSENE ILUMINANTE,2010,9,Setembro,2010-09,16569.70563913,0.0,0.0,,25.0,16569.70563913,25.0,0.0
SOLVENTE,2010,9,Setembro,2010-09,250225.02675505,415132.43412774615,41045174.0,98.87248170873929,25.0,665357.4608827962,71.09080824932444,30666863.146806344
ÓLEO COMBUSTÍVEL,2010,9,Setembro,2010-09,6515073.802543832,884004.9973959823,61892459.0,70.01369809256386,25.0,7399078.799939814,30.378011931083115,39792334.06510045
ÓLEO DIESEL,2010,9,Setembro,2010-09,21724242.245282922,7185458.169909224,625645021.0,87.07099898236606,25.0,28909700.415192146,40.42764402075541,446008566.7522693
ASFALTO,2010,10,Outubro,2010-10,1618195.109459467,138308.19687200003,10474293.0,75.73154185282044,25.0,1756503.306331467,28.994634142109554,7016588.0781999985
COQUE,2010,10,Outubro,2010-10,1678044.135039561,2167000.7939559813,49672991.0,22.92246091397095,25.0,3845044.928995542,23.829134917267243,-4502028.848899532
GASOLINA A,2010,10,Outubro,2010-10,11732496.381952714,32.8816347574124,27470.0,835.4207509043488,25.0,11732529.263587471,25.002271288528878,26647.95913106469
GASOLINA DE AVIAÇÃO,2010,10,Outubro,2010-10,45613.70212,0.0,0.0,,25.0,45613.70212,25.0,0.0
GLP,2010,10,Outubro,2010-10,3915012.1729846136,2084529.2568120833,123502104.0,59.24699957863604,25.0,5999541.429796697,36.89905485528367,71388872.57969792
LUBRIFICANTE,2010,10,Outubro,2010-10,347713.27642,534199.3571135546,85383253.0,159.83406169066225,25.0,881912.6335335546,106.6727942580501,72028269.07216114
NAFTA,2010,10,Outubro,2010-10,3745190.2989450623,2448677.697004003,188463598.0,76.96545700178847,25.0,6193867.995949065,45.543972790205125,127246655.57489993
OUTROS ENERGÉTICOS,2010,10,Outubro,2010-10,203053.93623,0.0,0.0,,25.0,203053.93623,25.0,0.0
OUTROS NÃO ENERGÉTICOS,2010,10,Outubro,2010-10,1770489.803397754,18513.436945821755,6333482.0,342.10190244709725,25.0,1789003.2403435758,28.281517855287394,5870646.076354456
PARAFINA,2010,10,Outubro,2010-10,50529.751591451604,35423.350824,7270165.0,205.23651294654834,25.0,85953.1024154516,99.27982294973285,6384581.229400001
QUEROSENE DE AVIAÇÃO,2010,10,Outubro,2010-10,2584181.0181199997,1273340.2154611766,110220198.0,86.55989708145721,25.0,3857521.233581176,45.320482472289434,78386692.61347058
QUEROSENE ILUMINANTE,2010,10,Outubro,2010-10,20201.62433762,0.0,0.0,,25.0,20201.62433762,25.0,0.0
SOLVENTE,2010,10,Outubro,2010-10,267891.06514660997,532440.5397768826,48733339.0,91.52822777247867,25.0,800331.6049234925,69.25956102153947,35422325.50557794
ÓLEO COMBUSTÍVEL,2010,10,Outubro,2010-10,7134925.124584972,0.07450910167818363,467.0,6267.690650962958,25.0,7134925.199094074,25.00006519161161,465.1372724580454
ÓLEO DIESEL,2010,10,Outubro,2010-10,21472144.716931634,6139971.673073956,558833261.0,91.01560898899425,25.0,27612116.39000559,39.67956905034142,405333969.1731511
ASFALTO,2010,11,Novembro,2010-11,1291656.2818212863,131740.7515904,9843831.0,74.72123000031011,25.0,1423397.0334116863,29.601886934202614,6550312.210239999
COQUE,2010,11,Novembro,2010-11,1932786.7165794647,1684502.7073102307,35935881.0,21.333228402690704,25.0,3617289.4238896957,23.292454388094292,-6176686.682755768
GASOLINA A,2010,11,Novembro,2010-11,11810662.253530132,0.0,0.0,,25.0,11810662.253530132,25.000000000000004,0.0
GASOLINA DE AVIAÇÃO,2010,11,Novembro,2010-11,63835.28169,0.0,0.0,,25.0,63835.28169,25.0,0.0
GLP,2010,11,Novembro,2010-11,4125394.2851023427,1445922.8876437503,90226100.0,62.400353968413086,25.0,5571317.172746093,34.70650676171274,54078027.80890624
LUBRIFICANTE,2010,11,Novembro,2010-11,400711.21548,546303.1583783202,87522950.0,160.20948928761183,25.0,947014.3738583202,102.99815196003853,73865371.04054199
NAFTA,2010,11,Novembro,2010-11,4358479.130899807,2471397.2612705273,191957671.0,77.67171794198556,25.0,6829876.392170334,44.05931117837869,130172739.46823682
OUTROS ENERGÉTICOS,2010,11,Novembro,2010-11,134778.04868,0.0,0.0,,25.0,134778.04868,25.0,0.0
OUTROS NÃO ENERGÉTICOS,2010,11,Novembro,2010-11,1785480.8537337296,25422.31275922453,7362523.0,289.6087019985425,25.0,1810903.1664929541,28.714701760694926,6726965.181019387
PARAFINA,2010,11,Novembro,2010-11,60859.13630570551,39039.163160000004,8630632.0,221.07625526263968,25.0,99898.29946570552,101.62445669185585,7654652.921
QUEROSENE DE AVIAÇÃO,2010,11,Novembro,2010-11,2596056.1794,1183836.4789405633,112052153.0,94.65171499046684,25.0,3779892.658340563,46.814439847793345,82456241.02648592
QUEROSENE ILUMINANTE,2010,11,Novembro,2010-11,25102.845563540002,0.0,0.0,,25.0,25102.845563540002,25.0,0.0
SOLVENTE,2010,11,Novembro,2010-11,260034.95408079002,331439.2291398515,35013338.0,105.64029517829358,25.0,591474.1832206416,70.18769885436137,26727357.271503713
ÓLEO COMBUSTÍVEL,2010,11,Novembro,2010-11,6983657.4009961765,2.359454886475815,4379.0,1855.9371595108844,25.0,6983659.760451063,25.000618588788118,4320.013627838105
ÓLEO DIESEL,2010,11,Novembro,2010-11,23018460.471269723,6967423.390122851,639301744.0,91.75583400117266,25.0,29985883.861392573,40.511170569354974,465116159.2469287
ASFALTO,2010,12,Dezembro,2010-12,1245962.718246571,65175.01122,4852920.0,74.4598260768815,25.0,1311137.729466571,27.458585888464576,3223544.7195
COQUE,2010,12,Dezembro,2010-12,2052344.9983336776,2290673.32428,57475217.0,25.090970585282168,25.0,4343018.322613677,25.047981352488193,208383.89300000115
GASOLINA A,2010,12,Dezembro,2010-12,13109498.118369192,12.57962,3843.0,305.49412462379627,25.0,13109510.697989192,25.00026915646063,3528.5095
GASOLINA DE AVIAÇÃO,2010,12,Dezembro,2010-12,84340.06229,0.0,0.0,,25.0,84340.06229,25.0,0.0
GLP,2010,12,Dezembro,2010-12,4323504.949009716,1419037.74429,98657571.0,69.5242754443873,25.0,5742542.693299715,36.00237834826532,63181627.392749995
LUBRIFICANTE,2010,12,Dezembro,2010-12,380564.95405,434500.0748,70612412.0,162.51415384106167,25.0,815065.02885,98.30692400617771,59749910.13
NAFTA,2010,12,Dezembro,2010-12,4066248.9484200003,3146732.4765199856,258856479.0,82.26199110712867,25.0,7212981.424939986,49.98109401252195,180188167.08700037
OUTROS ENERGÉTICOS,2010,12,Dezembro,2010-12,221696.93307000003,0.0,0.0,,25.0,221696.93307000003,25.0,0.0
OUTROS NÃO ENERGÉTICOS,2010,12,Dezembro,2010-12,1842682.9848685493,25140.37057,6524247.0,259.5127618279972,25.0,1867823.3554385493,28.156475005296063,5895737.735750001
PARAFINA,2010,12,Dezembro,2010-12,43876.634854225274,53488.54424,12082636.0,225.892032989081,25.0,97365.17909422528,135.36206674668674,10745422.394
QUEROSENE DE AVIAÇÃO,2010,12,Dezembro,2010-12,2886934.7326599997,872792.90503,86488346.0,99.09377757490728,25.0,3759727.63769,42.200321301460754,64668523.374249995
QUEROSENE ILUMINANTE,2010,12,Dezembro,2010-12,19891.73168873,0.0,0.0,,25.0,19891.73168873,25.0,0.0
SOLVENTE,2010,12,Dezembro,2010-12,502907.6001713701,344095.74511240283,37200513.0,108.11093577413467,25.0,847003.3452837729,58.76388007370697,28598119.372189928
ÓLEO COMBUSTÍVEL,2010,12,Dezembro,2010-12,8032554.295209435,0.0,0.0,,25.0,8032554.295209435,25.0,0.0
ÓLEO DIESEL,2010,12,Dezembro,2010-12,23236335.533379227,1653094.15401,159721274.0,96.61958673833276,25.0,24889429.68738923,29.75679521936723,118393920.14975
ASFALTO,2011,1,Janeiro,2011-01,882320.9569973184,520.6612672,107762.0,206.97141652099447,25.0,882841.6182645184,25.107318760647292,94745.46832
COQUE,2011,1,Janeiro,2011-01,1986069.64228804,2366999.8783310773,62886160.0,26.567876312836876,25.0,4353069.520619117,25.852539345890175,3711163.0417230646
GASOLINA A,2011,1,Janeiro,2011-01,12619104.48983873,5.51841820754717,1796.0,325.4555802863457,25.0,12619110.008256938,25.000131391163382,1658.0395448113209
GASOLINA DE AVIAÇÃO,2011,1,Janeiro,2011-01,61916.88964,0.0,0.0,,25.0,61916.88964,25.0,0.0
GLP,2011,1,Janeiro,2011-01,4185155.1601903285,1219966.5453779167,89669096.0,73.50127455521549,25.0,5405121.705568245,35.94701203575055,59169932.36555209
LUBRIFICANTE,2011,1,Janeiro,2011-01,224621.69472,276664.6537247885,48299637.0,174.57827138281982,25.0,501286.3484447885,107.55365578031136,41383020.65688029
NAFTA,2011,1,Janeiro,2011-01,3231866.5464240606,3771400.2258727215,338412000.0,89.73112895269281,25.0,7003266.772296783,59.8590168403821,244126994.35318193
OUTROS ENERGÉTICOS,2011,1,Janeiro,2011-01,556761.4015800001,0.0,0.0,,25.0,556761.4015800001,25.0,0.0
OUTROS NÃO ENERGÉTICOS,2011,1,Janeiro,2011-01,1797390.2911310308,16596.2533546875,5344049.0,322.00333929528796,25.0,1813986.5444857182,27.717298362061594,4929142.666132812
PARAFINA,2011,1,Janeiro,2011-01,30849.637958483203,92897.594251,21068144.0,226.78890847351744,25.0,123747.2322094832,176.48382560986644,18745704.143725
QUEROSENE DE AVIAÇÃO,2011,1,Janeiro,2011-01,2783196.89633,721885.7210191113,78214316.0,108.34722688458515,25.0,3505082.6173491115,42.16569323550683,60167172.97452222
QUEROSENE ILUMINANTE,2011,1,Janeiro,2011-01,23925.71391185,0.0,0.0,,25.0,23925.71391185,25.0,0.0
SOLVENTE,2011,1,Janeiro,2011-01,237348.89882184,128589.3340067206,17341537.0,134.85983992337702,25.0,365938.23282856063,63.60433915482749,14126803.649831986
ÓLEO COMBUSTÍVEL,2011,1,Janeiro,2011-01,6993464.219356846,0.0,0.0,,25.0,6993464.219356846,25.0,0.0
ÓLEO DIESEL,2011,1,Janeiro,2011-01,21532390.548720255,1036890.4748454461,110053088.0,106.13762077079933,25.0,22569281.023565702,28.727669749028276,84130826.12886384
ASFALTO,2011,2,Fevereiro,2011-02,1087750.8713456935,33367.44205,2560888.0,76.74810661730062,25.0,1121118.3133956934,26.540160327521622,1726701.94875
COQUE,2011,2,Fevereiro,2011-02,1867288.6532986357,1919876.4451600001,41496363.0,21.614079960516285,25.0,3787165.0984586356,23.283531887309135,-6500548.129000002
GASOLINA A,2011,2,Fevereiro,2011-02,11526189.261643559,25.15924,10623.0,422.23056022359975,25.0,11526214.420883559,25.000867068634594,9994.019
GASOLINA DE AVIAÇÃO,2011,2,Fevereiro,2011-02,44192.20506,0.0,0.0,,25.0,44192.20506,25.0,0.0
GLP,2011,2,Fevereiro,2011-02,3776311.4833018435,1499427.8059,100507793.0,67.0307650721952,25.0,5275739.289201844,36.945642951214616,63022097.8525
LUBRIFICANTE,2011,2,Fevereiro,2011-02,346392.41632,330290.50272,54586902.0,165.2693660594759,25.0,676682.9190400001,93.46580300523496,46329639.432000004
NAFTA,2011,2,Fevereiro,2011-02,3066450.5469792695,1976443.95891312,187091602.0,94.6607168679272,25.0,5042894.505892389,52.30188047088804,137680503.027172
OUTROS ENERGÉTICOS,2011,2,Fevereiro,2011-02,220332.0443,0.0,0.0,,25.0,220332.0443,25.0,0.0
OUTROS NÃO ENERGÉTICOS,2011,2,Fevereiro,2011-02,1795402.1645159274,26392.04276,6928537.0,262.52371076410003,25.0,1821794.2072759275,28.440968198254097,6268735.931000001
PARAFINA,2011,2,Fevereiro,2011-02,31524.156759128062,53551.44234,12003743.0,224.15349569462222,25.0,85075.59909912807,150.35858759070794,10664956.9415
QUEROSENE DE AVIAÇÃO,2011,2,Fevereiro,2011-02,2658180.63277,1115875.1921,115915039.0,103.87813961690097,25.0,3774055.82487,48.321901763477975,88018159.19749999
QUEROSENE ILUMINANTE,2011,2,Fevereiro,2011-02,7501.963313769999,0.0,0.0,,25.0,7501.963313769999,25.0,0.0
SOLVENTE,2011,2,Fevereiro,2011-02,230662.20181084002,186870.2551,23678334.0,126.71002127828743,25.0,417532.45691084,70.5211979521838,19006577.622500002
ÓLEO COMBUSTÍVEL,2011,2,Fevereiro,2011-02,6803356.703778276,0.0,233.0,,25.0,6803356.703778276,25.00003424780004,0.0
ÓLEO DIESEL,2011,2,Fevereiro,2011-02,20585128.34376832,2894111.40587,320207704.0,110.64111193181323,25.0,23479239.74963832,35.55634345473507,247854918.85325
ASFALTO,2011,3,Março,2011-03,1012452.7409850713,44248.813350000004,3537871.0,79.95403112883703,25.0,1056701.5543350712,27.301170710191787,2431650.66625
COQUE,2011,3,Março,2011-03,2067042.142400412,3050042.08558,80993819.0,26.554984071506052,25.0,5117084.227980413,25.926849480914612,4742766.860499999
GASOLINA A,2011,3,Março,2011-03,12890605.5033775,0.0,0.0,,25.0,12890605.5033775,25.000000000000004,0.0
GASOLINA DE AVIAÇÃO,2011,3,Março,2011-03,23108.76194,0.0,0.0,,25.0,23108.76194,25.0,0.0
GLP,2011,3,Março,2011-03,4084644.5143412617,2192124.5812,153431123.0,69.9919723157384,25.0,6276769.095541261,40.71318093253757,98628008.47000001
LUBRIFICANTE,2011,3,Março,2011-03,332668.05090000003,415517.42822,68655078.0,165.22791425164928,25.0,748185.47912,102.87793791859285,58267142.29449999
NAFTA,2011,3,Março,2011-03,3699417.859471033,3284192.84245,319261893.0,97.2116767545938,25.0,6983610.701921033,58.95909108643663,237157071.93874997
OUTROS ENERGÉTICOS,2011,3,Março,2011-03,286412.78816,0.0,0.0,,25.0,286412.78816,25.0,0.0
OUTROS NÃO ENERGÉTICOS,2011,3,Março,2011-03,1824967.0001041943,27555.657610000002,7951556.0,288.5634635376789,25.0,1852522.6577141944,28.920418748730075,7262664.55975
PARAFINA,2011,3,Março,2011-03,43455.163440698714,39625.803,8989271.0,226.85397694022757,25.0,83080.96644069871,121.27507078542754,7998625.925000001
QUEROSENE DE AVIAÇÃO,2011,3,Março,2011-03,2871524.69816,486464.4722808,56860555.0,116.88531894920911,25.0,3357989.1704408,38.3112231529658,44698943.19298
QUEROSENE ILUMINANTE,2011,3,Março,2011-03,18907.81671043,0.0,0.0,,25.0,18907.81671043,25.0,0.0
SOLVENTE,2011,3,Março,2011-03,273240.76240515005,250089.44947608636,36802267.0,147.15641574283623,25.0,523330.2118812364,83.37620314959153,30550030.76309784
ÓLEO COMBUSTÍVEL,2011,3,Março,2011-03,6895515.185259264,0.0,0.0,,25.0,6895515.185259264,25.0,0.0
ÓLEO DIESEL,2011,3,Março,2011-03,24029292.295206685,4215996.7449,494171855.0,117.21352859149832,25.0,28245289.040106684,38.76413375786193,388771936.3775
ASFALTO,2011,4,Abril,2011-04,1100818.2601239986,64432.81364,5918182.0,91.85043560360653,25.0,1165251.0737639987,28.69650949566289,4307361.659
COQUE,2011,4,Abril,2011-04,1881109.2418635457,1972251.69303,69629342.0,35.30449092581454,25.0,3853360.9348935457,30.274110060705084,20323049.67425
GASOLINA A,2011,4,Abril,2011-04,12139478.682668338,1078457.11241,134353513.0,124.57937497371935,25.0,13217935.795078337,33.124724378653525,107392085.18975
GASOLINA DE AVIAÇÃO,2011,4,Abril,2011-04,48223.97327,19299.94410264463,2516797.0,130.40436731913275,25.0,67523.91737264463,55.127079064551154,2034298.3974338844
GLP,2011,4,Abril,2011-04,3581324.2211095854,1797023.8762400001,132590411.0,73.78333296128781,25.0,5378348.097349586,41.29957981656126,87664814.09399998
LUBRIFICANTE,2011,4,Abril,2011-04,280016.05139000004,461143.70996,77425015.0,167.89780133120738,25.0,741159.76135,113.90987569396869,65896422.250999995
NAFTA,2011,4,Abril,2011-04,3167432.5132990726,4081256.43508,408477655.0,100.08625076556677,25.0,7248688.948379073,67.27609245000455,306446244.12299997
OUTROS ENERGÉTICOS,2011,4,Abril,2011-04,317515.89861000003,0.0,0.0,,25.0,317515.89861000003,25.0,0.0
OUTROS NÃO ENERGÉTICOS,2011,4,Abril,2011-04,1690016.61585241,17668.07629,6584546.0,372.68041477310146,25.0,1707684.69214241,28.59717699702711,6142844.09275
PARAFINA,2011,4,Abril,2011-04,54307.425684898764,16762.34365,3910251.0,233.27591186808775,25.0,71069.76933489877,74.12345208690091,3491192.40875
QUEROSENE DE AVIAÇÃO,2011,4,Abril,2011-04,2624247.1078200005,1051832.34668,141121545.0,134.1673370717639,25.0,3676079.4545000005,56.235923421741695,114825736.33299999
QUEROSENE ILUMINANTE,2011,4,Abril,2011-04,9326.8447585,0.0,0.0,,25.0,9326.8447585,25.0,0.0
SOLVENTE,2011,4,Abril,2011-04,217430.28448517,268883.08769,35305154.0,131.3029923276689,25.0,486313.37217517,83.77501718676652,28583076.807749998
ÓLEO COMBUSTÍVEL,2011,4,Abril,2011-04,7003056.062509939,367375.22248,35505321.0,96.64593262528183,25.0,7370431.284989939,28.571153358637673,26320940.438
ÓLEO DIESEL,2011,4,Abril,2011-04,21937299.92933381,4306211.4897300005,561107052.0,130.3017869276043,25.0,26243511.41906381,42.27862394311127,453451764.75675
ASFALTO,2011,5,Maio,2011-05,1277322.8592687654,34329.78298,3452379.0,100.56512742918596,25.0,1311652.6422487653,26.977760225491167,2594134.4255
COQUE,2011,5,Maio,2011-05,2048890.5121972752,2053239.2865900001,65497917.0,31.899797275347435,25.0,4102129.7987872753,28.45355596486445,14166934.835249994
GASOLINA A,2011,5,Maio,2011-05,13846005.28210295,1520567.85731,195963458.0,128.87518110942725,25.0,15366573.13941295,35.27875637165542,157949261.56724998
GASOLINA DE AVIAÇÃO,2011,5,Maio,2011-05,23039.57403,0.0,0.0,,25.0,23039.57403,25.0,0.0
GLP,2011,5,Maio,2011-05,4402652.866575683,1576672.96251,121334361.0,76.95594703852889,25.0,5979325.8290856825,38.70012929196338,81917536.93725
LUBRIFICANTE,2011,5,Maio,2011-05,373155.55787,266153.31015000003,52491539.0,197.2229425604985,25.0,639308.86802,96.69884314011426,45837706.246249996
NAFTA,2011,5,Maio,2011-05,3255182.3471180676,4509969.88468,506748397.0,112.36181392726878,25.0,7765152.231798068,75.73939803389625,393999149.883
OUTROS ENERGÉTICOS,2011,5,Maio,2011-05,147477.17507,0.0,0.0,,25.0,147477.17507,25.0,0.0
OUTROS NÃO ENERGÉTICOS,2011,5,Maio,2011-05,1910226.2116114416,26322.85485,8807744.0,334.60443596223377,25.0,1936549.0664614416,29.208348122901675,8149672.628749999
PARAFINA,2011,5,Maio,2011-05,69580.5225817455,21756.45279,4989444.0,229.3316860133246,25.0,91336.9753717455,73.6717746252981,4445532.68025
QUEROSENE DE AVIAÇÃO,2011,5,Maio,2011-05,2982237.9337799996,1073393.8153600001,147729110.0,137.62806146824488,25.0,4055631.74914,54.80898466475309,120894264.61599998
QUEROSENE ILUMINANTE,2011,5,Maio,2011-05,8132.2840433,0.0,0.0,,25.0,8132.2840433,25.0,0.0
SOLVENTE,2011,5,Maio,2011-05,220453.76470312002,166365.4745,25345920.0,152.35084127987145,25.0,386819.23920312,79.77179258494625,21186783.137500003
ÓLEO COMBUSTÍVEL,2011,5,Maio,2011-05,7279670.460407077,0.0,0.0,,25.0,7279670.460407077,25.0,0.0
ÓLEO DIESEL,2011,5,Maio,2011-05,23149287.74562309,3616068.37729,500883269.0,138.51598386404913,25.0,26765356.12291309,40.336301063311765,410481559.56775
ASFALTO,2011,6,Junho,2011-06,1527683.3282388372,32254.14568,3454830.0,107.1127424758379,25.0,1559937.4739188373,26.697809304719478,2648476.358
COQUE,2011,6,Junho,2011-06,1882472.6828958655,2441830.0382,81374851.0,33.325354233083985,25.0,4324302.721095866,29.70112787104974,20329100.044999998
GASOLINA A,2011,6,Junho,2011-06,11532678.85487859,0.0,0.0,,25.0,11532678.85487859,25.0,0.0
GASOLINA DE AVIAÇÃO,2011,6,Junho,2011-06,46714.41887,0.0,0.0,,25.0,46714.41887,25.0,0.0
GLP,2011,6,Junho,2011-06,4696699.5563099515,2050729.6524,160786035.0,78.40430590732896,25.0,6747429.2087099515,41.23104004538921,109517793.68999998
LUBRIFICANTE,2011,6,Junho,2011-06,360877.84875,376596.08394,79820241.0,211.9518614344304,25.0,737473.9326899999,120.46824068030506,70405338.9015
NAFTA,2011,6,Junho,2011-06,3158388.031121962,3084560.56286,337849637.0,109.52926036464213,25.0,6242948.593981962,66.76481978080714,260735622.9285
OUTROS ENERGÉTICOS,2011,6,Junho,2011-06,121695.24388000001,0.0,0.0,,25.0,121695.24388000001,25.0,0.0
OUTROS NÃO ENERGÉTICOS,2011,6,Junho,2011-06,990124.9268226355,15781.13329,6318811.0,400.4028661239449,25.0,1005906.0601126355,30.88949893301829,5924282.66775
PARAFINA,2011,6,Junho,2011-06,55390.93002277263,17775.00306,4464336.0,251.1581002225718,25.0,73165.93308277262,79.94306918702476,4019960.9235
QUEROSENE DE AVIAÇÃO,2011,6,Junho,2011-06,2600188.5845699995,1265924.89946,166829049.0,131.7843175935346,25.0,3866113.4840299995,59.965586776461805,135180926.5135
QUEROSENE ILUMINANTE,2011,6,Junho,2011-06,8453.91347765,0.0,0.0,,25.0,8453.91347765,25.0,0.0
SOLVENTE,2011,6,Junho,2011-06,259373.91391922,259567.87908,43315776.0,166.87648777470605,25.0,518941.79299922,95.96475851397722,36826579.023
ÓLEO COMBUSTÍVEL,2011,6,Junho,2011-06,5596360.420706316,285550.9583938,28235854.0,98.88201447063702,25.0,5881911.379100116,28.586772849913746,21097080.040155
ÓLEO DIESEL,2011,6,Junho,2011-06,22650272.95127727,6021599.92198,779528504.0,129.45537964994497,25.0,28671872.873257272,46.937475404237304,628988505.9504999
ASFALTO,2011,7,Julho,2011-07,1673955.722363834,503.1848,135822.0,269.9246877091677,25.0,1674458.907163834,25.073601316504536,123242.38
COQUE,2011,7,Julho,2011-07,1955605.066300289,2040647.08697,58324911.0,28.581576585396828,25.0,3996252.1532702893,26.828897062906545,7308733.825749997
GASOLINA A,2011,7,Julho,2011-07,12681332.832000503,0.0,0.0,,25.0,12681332.832000503,25.0,0.0
GASOLINA DE AVIAÇÃO,2011,7,Julho,2011-07,55513.86306,0.0,0.0,,25.0,55513.86306,24.999999999999996,0.0
GLP,2011,7,Julho,2011-07,4522810.517511104,1816289.56427,139452734.0,76.77891055661524,25.0,6339100.081781104,39.8357801075805,94045494.89325
LUBRIFICANTE,2011,7,Julho,2011-07,264190.88943,321176.56803,71276572.0,221.9233253446506,25.0,585367.45746,133.04693187709685,63247157.79925001
NAFTA,2011,7,Julho,2011-07,3707981.252264322,4101754.92587,450439263.0,109.81623016018196,25.0,7809736.178134322,69.5463690344991,347895389.85325
OUTROS ENERGÉTICOS,2011,7,Julho,2011-07,131431.86976,0.0,0.0,,25.0,131431.86976,25.0,0.0
OUTROS NÃO ENERGÉTICOS,2011,7,Julho,2011-07,1401768.0064898105,21542.59925,8268690.0,383.82972751071344,25.0,1423310.6057398105,30.4310879070082,7730125.01875
PARAFINA,2011,7,Julho,2011-07,58354.07600328692,19768.87283,4276689.0,216.3344889097554,25.0,78122.94883328692,73.41685107562596,3782467.17925
QUEROSENE DE AVIAÇÃO,2011,7,Julho,2011-07,2840591.41258,781678.71737,99518541.0,127.31386794671279,25.0,3622270.12995,47.0791299921229,79976573.06575
QUEROSENE ILUMINANTE,2011,7,Julho,2011-07,9976.60729074,0.0,0.0,,25.0,9976.60729074,25.0,0.0
SOLVENTE,2011,7,Julho,2011-07,255438.71945196,149125.10529,23383966.0,156.80770822944777,25.0,404563.82474196004,73.58525939704802,19655838.36775
ÓLEO COMBUSTÍVEL,2011,7,Julho,2011-07,5401417.202867055,715214.2951,74215665.0,103.76703249425866,25.0,6116631.497967055,34.21018499172687,56335307.6225
ÓLEO DIESEL,2011,7,Julho,2011-07,23433735.376995742,5847435.08308,745260095.0,127.45076848419694,25.0,29281170.460075743,45.45936718068784,599074217.923
ASFALTO,2011,8,Agosto,2011-08,1421868.6693830364,76334.8278064,7144632.0,93.5959666814233,25.0,1498203.4971894363,28.495026753483756,5236261.30484
COQUE,2011,8,Agosto,2011-08,2028207.124680724,3080956.779933135,91915136.0,29.833309119641335,25.0,5109163.904613859,27.91460927456722,14891216.501671623
GASOLINA A,2011,8,Agosto,2011-08,13075191.802670298,599835.698872911,74259759.0,123.8001658446368,25.0,13675027.501543209,29.33372923904463,59263866.528177224
GASOLINA DE AVIAÇÃO,2011,8,Agosto,2011-08,86818.24743,0.0,0.0,,25.0,86818.24743,25.0,0.0
GLP,2011,8,Agosto,2011-08,3762960.3129332187,2228196.493420417,168549588.0,75.64395173302968,25.0,5991156.806353636,43.83520650716695,112844675.66448958
LUBRIFICANTE,2011,8,Agosto,2011-08,350927.36933,463112.08263734845,100504945.0,217.02077913329444,25.0,814039.4519673485,134.2418097417141,88927142.9340663
NAFTA,2011,8,Agosto,2011-08,2964124.2264142414,4615092.375194331,493556916.0,106.94410336244191,25.0,7579216.6016085725,74.89692556614347,378179606.62014174
OUTROS ENERGÉTICOS,2011,8,Agosto,2011-08,255875.76061,0.0,0.0,,25.0,255875.76061,25.0,0.0
OUTROS NÃO ENERGÉTICOS,2011,8,Agosto,2011-08,1828626.431838859,27196.650688530113,10148544.0,373.15418417606975,25.0,1855823.0825273893,30.102117665166503,9468627.732786747
PARAFINA,2011,8,Agosto,2011-08,64585.75083865559,27717.604876500005,6413844.0,231.39964757336918,25.0,92303.3557151556,86.97937045476414,5720903.8780875
QUEROSENE DE AVIAÇÃO,2011,8,Agosto,2011-08,2977753.29925,871751.1345844807,112785895.0,129.37854684153555,25.0,3849504.433834481,48.63735857416612,90992116.63538797
QUEROSENE ILUMINANTE,2011,8,Agosto,2011-08,7104.86244923,0.0,0.0,,25.0,7104.86244923,25.0,0.0
SOLVENTE,2011,8,Agosto,2011-08,222378.07546433,245008.42042461538,37000513.0,151.01731171473912,25.0,467386.4958889454,91.05946633237949,30875302.489384614
ÓLEO COMBUSTÍVEL,2011,8,Agosto,2011-08,6925534.911701426,796835.4209242943,84943438.0,106.600981544557,25.0,7722370.332625721,33.42002515758448,65022552.47689265
ÓLEO DIESEL,2011,8,Agosto,2011-08,23159793.055473,7452560.001125,968300374.0,129.92855795241238,25.0,30612353.056598,50.54479796198909,781986373.9718751
ASFALTO,2011,9,Setembro,2011-09,1543467.7833493906,65640.45716,6134631.0,93.45807852993326,25.0,1609108.2405093906,27.792614852048406,4493619.571
COQUE,2011,9,Setembro,2011-09,1785466.4891954465,2826099.69034,86482888.0,30.60149940768561,25.0,4611566.179535447,28.432759094242186,15830395.741499992
GASOLINA A,2011,9,Setembro,2011-09,12965902.900814611,2093657.60565,253543814.0,121.1008969736885,25.0,15059560.506464612,38.360441280632315,201202373.85875002
GASOLINA DE AVIAÇÃO,2011,9,Setembro,2011-09,24838.45969,0.0,0.0,,25.0,24838.45969,25.0,0.0
GLP,2011,9,Setembro,2011-09,3976981.4607405146,2090990.72621,156563370.0,74.87521012767812,25.0,6067972.186950514,42.18673036587544,104288601.84475002
LUBRIFICANTE,2011,9,Setembro,2011-09,315364.78359,418951.66448000004,89223363.0,212.96815495587882,25.0,734316.44807,132.24200934757363,78749571.388
NAFTA,2011,9,Setembro,2011-09,3090913.497288578,4590158.67237,481703183.0,104.94259945730505,25.0,7681072.169658578,72.7731764636005,366949216.19075
OUTROS ENERGÉTICOS,2011,9,Setembro,2011-09,264486.5105,0.0,0.0,,25.0,264486.5105,25.0,0.0
OUTROS NÃO ENERGÉTICOS,2011,9,Setembro,2011-09,3371944.7848100197,34216.5664,9154256.0,267.5387089687643,25.0,3406161.3512100196,27.43642064608944,8298841.84
PARAFINA,2011,9,Setembro,2011-09,56977.254198407616,13749.524660000001,3154955.0,229.45920517371542,25.0,70726.77885840762,64.74755996067559,2811216.8835
QUEROSENE DE AVIAÇÃO,2011,9,Setembro,2011-09,2696768.6171200005,1209348.0585100001,154414422.0,127.6840202565415,25.0,3906116.6756300004,56.79134952931775,124180720.53724998
QUEROSENE ILUMINANTE,2011,9,Setembro,2011-09,21665.96129353,0.0,0.0,,25.0,21665.96129353,25.0,0.0
SOLVENTE,2011,9,Setembro,2011-09,220789.45815263002,212249.63845,32434963.0,152.81516254568677,25.0,433039.09660263,87.64728116141474,27128722.03875
ÓLEO COMBUSTÍVEL,2011,9,Setembro,2011-09,6908630.570348935,691577.18912,71249847.0,103.02515485026645,25.0,7600207.759468935,32.09986081693252,53960417.272
ÓLEO DIESEL,2011,9,Setembro,2011-09,22299989.658491272,6677023.283220001,849739832.0,127.26327226317716,25.0,28977012.941711273,48.56399713431524,682814249.9195
ASFALTO,2011,10,Outubro,2011-10,1596999.3824674296,104725.3365,10124598.0,96.67763636166497,25.0,1701724.7189674296,29.411092172448882,7506464.587499999
COQUE,2011,10,Outubro,2011-10,1984806.3895267106,2007122.39967,55346326.0,27.57496304614992,25.0,3991928.7891967106,26.294678908661094,5168266.008250004
GASOLINA A,2011,10,Outubro,2011-10,12411389.307503741,3198676.58569,387667795.0,121.19630872790302,25.0,15610065.89319374,44.71169644401776,307700880.35775
GASOLINA DE AVIAÇÃO,2011,10,Outubro,2011-10,23957.886290000002,0.0,0.0,,25.0,23957.886290000002,25.0,0.0
GLP,2011,10,Outubro,2011-10,4306955.375627132,2031451.38475,149446672.0,73.5664525973343,25.0,6338406.760377132,40.56548689774838,98660387.38125001
LUBRIFICANTE,2011,10,Outubro,2011-10,268719.55263000005,413058.11251,87689469.0,212.29329807165345,25.0,681777.66514,138.4725001168289,77363016.18725
NAFTA,2011,10,Outubro,2011-10,3696393.3077027397,4601926.90688,476052012.0,103.4462349430822,25.0,8298320.214582739,68.50324282420479,361003839.328
OUTROS ENERGÉTICOS,2011,10,Outubro,2011-10,196732.67718,0.0,0.0,,25.0,196732.67718,25.0,0.0
OUTROS NÃO ENERGÉTICOS,2011,10,Outubro,2011-10,1625019.0363086557,13887.90048,5598955.0,403.15345059269896,25.0,1638906.9367886558,28.204426908028417,5251757.488
PARAFINA,2011,10,Outubro,2011-10,51470.68331058302,17869.35021,4112671.0,230.15224122131076,25.0,69340.03352058302,77.86898575931315,3665937.24475
QUEROSENE DE AVIAÇÃO,2011,10,Outubro,2011-10,2724751.98181,875491.23352,109032569.0,124.53873302834074,25.0,3600243.21533,49.20538917785648,87145288.162
QUEROSENE ILUMINANTE,2011,10,Outubro,2011-10,16478.66692919,0.0,0.0,,25.0,16478.66692919,25.0,0.0
SOLVENTE,2011,10,Outubro,2011-10,139198.9674347,186184.66581,26624455.0,143.00025667618647,25.0,325383.63324470003,92.51980158211553,21969838.35475
ÓLEO COMBUSTÍVEL,2011,10,Outubro,2011-10,7872913.303812461,837802.692,86095965.0,102.76401093254066,25.0,8710715.99581246,32.479396381574176,65150897.699999996
ÓLEO DIESEL,2011,10,Outubro,2011-10,24856518.588201135,6231478.30206,773495225.0,124.12708309427929,25.0,31087996.890261136,44.86967090961104,617708267.4485
ASFALTO,2011,11,Novembro,2011-11,1283489.27565253,43538.06482,3840701.0,88.21478437038166,25.0,1327027.3404725299,27.073995987543086,2752249.3795
COQUE,2011,11,Novembro,2011-11,2016424.8399657,2345174.52793,54301035.0,23.154368407680746,25.0,4361599.3678957,24.00762820397733,-4328328.19825
GASOLINA A,2011,11,Novembro,2011-11,12067879.30983282,1819453.3387,214004866.0,117.62042007238644,25.0,13887332.64853282,37.13469402637977,168518532.5325
GASOLINA DE AVIAÇÃO,2011,11,Novembro,2011-11,23876.11876,0.0,0.0,,25.0,23876.11876,25.0,0.0
GLP,2011,11,Novembro,2011-11,4407051.47221718,1185471.9397500001,84565519.0,71.3348972374949,25.0,5592523.41196718,34.821813242428384,54928720.50625
LUBRIFICANTE,2011,11,Novembro,2011-11,320484.68893,469678.98213,86764436.0,184.73135758922447,25.0,790163.6710600001,119.94547040628657,75022461.44675
NAFTA,2011,11,Novembro,2011-11,3329685.68587085,3286884.88113,327283693.0,99.5726059281647,25.0,6616570.56700085,62.045107958827955,245111570.97175
OUTROS ENERGÉTICOS,2011,11,Novembro,2011-11,63495.63195,0.0,0.0,,25.0,63495.63195,25.0,0.0
OUTROS NÃO ENERGÉTICOS,2011,11,Novembro,2011-11,1460870.8554725403,41909.004030000004,10111844.0,241.28094270056073,25.0,1502779.8595025402,31.03156799176858,9064118.899249999
PARAFINA,2011,11,Novembro,2011-11,74844.7135216,15932.08873,3868839.0,242.8331316480184,25.0,90776.8022516,63.23153818671586,3470536.78175
QUEROSENE DE AVIAÇÃO,2011,11,Novembro,2011-11,3168410.0199699993,1093219.29648,135213553.0,123.6838330931105,25.0,4261629.31645,50.3149822701774,107883070.588
QUEROSENE ILUMINANTE,2011,11,Novembro,2011-11,10784.973671939999,0.0,0.0,,25.0,10784.973671939999,25.0,0.0
SOLVENTE,2011,11,Novembro,2011-11,125002.65241116,256731.17477,38686758.0,150.6897556740378,25.0,381733.82718116,109.53135754048932,32268478.630749997
ÓLEO COMBUSTÍVEL,2011,11,Novembro,2011-11,7451359.634915171,767432.29772,79994193.0,104.23615638494553,25.0,8218791.932635171,32.398701178398504,60808385.557
ÓLEO DIESEL,2011,11,Novembro,2011-11,21882014.21026213,6639793.89783,836240273.0,125.94370937828323,25.0,28521808.10809213,48.49940168639203,670245425.55425
ASFALTO,2011,12,Dezembro,2011-12,1093383.6895191604,72694.6048712,6656966.0,91.57441617290284,25.0,1166078.2943903604,29.15032241102661,4839600.878219999
COQUE,2011,12,Dezembro,2011-12,2122928.973780853,1875937.4678506001,52008804.0,27.724167191772292,25.0,3998866.441631453,26.27795398479227,5110367.303734994
GASOLINA A,2011,12,Dezembro,2011-12,12872927.18727682,3443749.3460326,384480579.0,111.64592435943227,25.0,16316676.533309419,43.287231761936816,298386845.349185
GASOLINA DE AVIAÇÃO,2011,12,Dezembro,2011-12,42028.51042,19216.313887865013,2755555.0,143.39664808140526,25.0,61244.82430786501,62.14839871801546,2275147.1528033745
GLP,2011,12,Dezembro,2011-12,4358441.865279389,1632288.4060015,111085079.0,68.05481101965134,25.0,5990730.2712808885,36.73110216409998,70277868.8499625
LUBRIFICANTE,2011,12,Dezembro,2011-12,352317.41734,385941.48363800003,71253119.0,184.6215605753151,25.0,738258.900978,108.44576926528082,61604581.90905
NAFTA,2011,12,Dezembro,2011-12,3524694.4154806645,2940192.3150768,285554510.0,97.12103134741412,25.0,6464886.730557464,57.8002192398497,212049702.12308
OUTROS ENERGÉTICOS,2011,12,Dezembro,2011-12,256951.31812,0.0,0.0,,25.0,256951.31812,25.0,0.0
OUTROS NÃO ENERGÉTICOS,2011,12,Dezembro,2011-12,1514730.8302362827,24609.699300300003,7116770.0,289.1855732635158,25.0,1539340.5295365828,29.22357976857127,6501527.517492499
PARAFINA,2011,12,Dezembro,2011-12,39469.01102812132,10339.2525761,2378745.0,230.06933842574435,25.0,49808.26360422132,67.56851237467761,2120263.6855975
QUEROSENE DE AVIAÇÃO,2011,12,Dezembro,2011-12,3006787.06221,791487.1728802,102182879.0,129.1023815688122,25.0,3798274.2350902,46.692930678039446,82395699.67799501
QUEROSENE ILUMINANTE,2011,12,Dezembro,2011-12,9300.88671263,0.0,0.0,,25.0,9300.88671263,25.0,0.0
SOLVENTE,2011,12,Dezembro,2011-12,124184.11540719001,113815.36991200001,18074204.0,158.8028401961409,25.0,237999.48531919002,88.98677598725081,15228819.7522
ÓLEO COMBUSTÍVEL,2011,12,Dezembro,2011-12,7947576.439853147,0.00628981,18.0,2861.7716592393094,25.0,7947576.446142957,25.00000224505607,17.84275475
ÓLEO DIESEL,2011,12,Dezembro,2011-12,23388525.329734683,3762299.5409990004,482954577.0,128.36685961260847,25.0,27150824.870733682,39.32358281291938,388897088.47502494
ASFALTO,2012,1,Janeiro,2012-01,929285.4415933653,35216.64619,3600118.0,102.22773572976627,25.0,964502.0877833653,27.81979881609221,2719701.84525
COQUE,2012,1,Janeiro,2012-01,1938903.1971250765,1647898.77095,43199837.0,26.21510359832094,25.0,3586801.9680750766,25.558259905083247,2002367.7262500003
GASOLINA A,2012,1,Janeiro,2012-01,13774454.881728088,1978722.6953328976,229826929.0,116.14913476359264,25.0,15753177.577060986,36.44904643741891,180358861.61667755
GASOLINA DE AVIAÇÃO,2012,1,Janeiro,2012-01,56061.07653,0.0,0.0,,25.0,56061.07653,25.0,0.0
GLP,2012,1,Janeiro,2012-01,4394310.999244317,1886496.42349,128686691.0,68.21464880486276,25.0,6280807.422734317,37.9799044813348,81524280.41275
LUBRIFICANTE,2012,1,Janeiro,2012-01,289186.59437,233305.07574170272,52325358.0,224.2786953247883,25.0,522491.67011170276,113.98272214850395,46492731.106457435
NAFTA,2012,1,Janeiro,2012-01,3681507.7526519503,1885956.5122922938,184589232.0,97.87565662139274,25.0,5567464.264944244,49.68634061256413,137440319.19269267
OUTROS ENERGÉTICOS,2012,1,Janeiro,2012-01,62810.04266,0.0,0.0,,25.0,62810.04266,25.0,0.0
OUTROS NÃO ENERGÉTICOS,2012,1,Janeiro,2012-01,1684641.7659686455,5031.185531585648,1055623.0,209.81595557802967,25.0,1689672.9515002312,25.550309668438953,929843.3617103588
PARAFINA,2012,1,Janeiro,2012-01,52440.04879555324,16558.860626,4077118.0,246.21971837834585,25.0,68998.90942155324,78.0899185952313,3663146.48435
QUEROSENE DE AVIAÇÃO,2012,1,Janeiro,2012-01,2890312.3606300005,1151475.5167,141462717.0,122.85343018444397,25.0,4041787.8773300005,52.87771958901848,112675829.0825
QUEROSENE ILUMINANTE,2012,1,Janeiro,2012-01,11420.33253928,0.0,0.0,,25.0,11420.33253928,24.999999999999996,0.0
SOLVENTE,2012,1,Janeiro,2012-01,133110.06654572,102266.79322280701,13760538.0,134.55528980966616,25.0,235376.85976852704,72.59970109401522,11203868.169429826
ÓLEO COMBUSTÍVEL,2012,1,Janeiro,2012-01,7242122.232846021,370589.31539,39789027.0,107.36690278867567,25.0,7612711.548236021,29.009648063221693,30524294.11525
ÓLEO DIESEL,2012,1,Janeiro,2012-01,22580257.142607283,1883156.53438,243451929.0,129.2786470776062,25.0,24463413.676987283,33.02721231931862,196373015.6405
ASFALTO,2012,2,Fevereiro,2012-02,1172087.636206739,32876.83687,3323294.0,101.08314291733139,25.0,1204964.4730767389,27.07588948399701,2501373.07825
COQUE,2012,2,Fevereiro,2012-02,2031409.3605716291,2680968.6144,60959982.0,22.73804388181651,25.0,4712377.974971629,23.713126707533153,-6064233.359999997
GASOLINA A,2012,2,Fevereiro,2012-02,12958198.84590554,2700868.4542980595,330743882.0,122.45834537911935,25.0,15659067.300203599,41.809568896809466,263222170.6425485
GASOLINA DE AVIAÇÃO,2012,2,Fevereiro,2012-02,22001.75538,38983.76587924242,6159043.0,157.98994430344374,25.0,60985.52125924242,110.01114274288884,5184448.8530189395
GLP,2012,2,Fevereiro,2012-02,4076634.7520551784,961051.51895,68600417.0,71.38058225530887,25.0,5037686.271005179,33.8481351613339,44574129.026250005
LUBRIFICANTE,2012,2,Fevereiro,2012-02,220722.01252,366528.8009512116,66777930.0,182.19013028907588,25.0,587250.8134712116,123.1092042012882,57614709.97621971
NAFTA,2012,2,Fevereiro,2012-02,3607890.0750982673,2394667.0537347863,251016275.0,104.82303776155786,25.0,6002557.128833054,56.844694611643185,191149598.65663034
OUTROS ENERGÉTICOS,2012,2,Fevereiro,2012-02,263486.43071,0.0,0.0,,25.0,263486.43071,25.0,0.0
OUTROS NÃO ENERGÉTICOS,2012,2,Fevereiro,2012-02,1717054.4889651851,4275.556586481482,802410.0,187.6738112967729,25.0,1721330.0455516665,25.404060271378725,695521.085337963
PARAFINA,2012,2,Fevereiro,2012-02,55956.93868553666,11521.612594,2869138.0,249.02225939224286,25.0,67478.55127953667,63.250638702326974,2581097.6851500003
QUEROSENE DE AVIAÇÃO,2012,2,Fevereiro,2012-02,2769063.69326,1066556.79189,135352903.0,126.90641888853088,25.0,3835620.48515,53.33674072384132,108688983.20275
QUEROSENE ILUMINANTE,2012,2,Fevereiro,2012-02,9090.662393,0.0,0.0,,25.0,9090.662393,25.0,0.0
SOLVENTE,2012,2,Fevereiro,2012-02,149079.64883313,136221.6916432254,19277748.0,141.51746148102342,25.0,285301.3404763554,80.63312700325285,15872205.708919367
ÓLEO COMBUSTÍVEL,2012,2,Fevereiro,2012-02,6716507.125109332,195581.64195,21261650.0,108.70984509597017,25.0,6912088.767059332,27.368619602988016,16372108.95125
ÓLEO DIESEL,2012,2,Fevereiro,2012-02,22556778.820886366,4229727.40013,547549087.0,129.45257110024895,25.0,26786506.221016366,41.4935993649711,441805901.99674994
ASFALTO,2012,3,Março,2012-03,1311475.973601376,78937.84573160001,8065886.0,102.18021438569743,25.0,1390413.819332976,29.381745759426305,6092439.856709999
COQUE,2012,3,Março,2012-03,2298512.809661173,1717375.0747863946,42893069.0,24.975947089097584,25.0,4015887.884447567,24.989713888721884,-41307.869659867
GASOLINA A,2012,3,Março,2012-03,14012297.172115762,3035106.575708019,397665624.0,131.02196383572922,25.0,17047403.747823782,43.876068424693585,321787959.60729957
GASOLINA DE AVIAÇÃO,2012,3,Março,2012-03,44431.21784,0.0,0.0,,25.0,44431.21784,25.0,0.0
GLP,2012,3,Março,2012-03,4399102.333178187,1278708.0039291666,101076601.0,79.04588122496736,25.0,5677810.337107353,37.171752277477346,69108900.90177083
LUBRIFICANTE,2012,3,Março,2012-03,283054.02962000004,378980.7557790972,75965902.0,200.44791415287457,25.0,662034.7853990973,125.4348783054342,66491383.10552257
NAFTA,2012,3,Março,2012-03,3436582.111904944,3204198.071206923,361015083.0,112.66940275761938,25.0,6640780.183111867,67.30077242041651,280910131.21982694
OUTROS ENERGÉTICOS,2012,3,Março,2012-03,32423.970550000002,0.0,0.0,,25.0,32423.970550000002,25.0,0.0
OUTROS NÃO ENERGÉTICOS,2012,3,Março,2012-03,1786664.27009221,4314.511185219908,856419.0,198.4973414679765,25.0,1790978.78127743,25.417959290302473,748556.2203695023
PARAFINA,2012,3,Março,2012-03,72725.09819306407,17878.317024499996,4654272.0,260.33054417940474,25.0,90603.41521756406,71.43659473855998,4207314.0743875
QUEROSENE DE AVIAÇÃO,2012,3,Março,2012-03,2979810.0671200003,1260477.845278974,165684857.0,131.44606834666735,25.0,4240287.912398974,56.64240580826888,134172910.86802565
QUEROSENE ILUMINANTE,2012,3,Março,2012-03,7305.041942290001,0.0,0.0,,25.0,7305.041942290001,25.0,0.0
SOLVENTE,2012,3,Março,2012-03,139543.11438885,182779.39153612684,26661841.0,145.86896682348467,25.0,322322.50592497684,93.54115305475753,22092356.21159683
ÓLEO COMBUSTÍVEL,2012,3,Março,2012-03,6430103.05903533,0.18627275419545908,1176.0,6313.322659984959,25.0,6430103.245308084,25.00018216553241,1171.3431811451135
ÓLEO DIESEL,2012,3,Março,2012-03,23684933.02956388,4351919.302763005,601000045.0,138.09999753865588,25.0,28036852.332326885,42.55553928082751,492202062.4309249
ASFALTO,2012,4,Abril,2012-04,1279711.5864648253,65371.866932000004,7086751.0,108.40674027822485,25.0,1345083.4533968254,29.053617872504912,5452454.326699999
COQUE,2012,4,Abril,2012-04,2203612.255528011,1333896.8440375384,27667913.0,20.742168424548257,25.0,3537509.0995655493,23.39448947237027,-5679508.10093846
GASOLINA A,2012,4,Abril,2012-04,13911239.750896879,1840103.2596326417,251978486.0,136.93714452215306,25.0,15751343.01052952,38.076720148338616,205975904.50918394
GASOLINA DE AVIAÇÃO,2012,4,Abril,2012-04,22643.316,0.0,0.0,,25.0,22643.316,25.000000000000004,0.0
GLP,2012,4,Abril,2012-04,4093833.048542124,1390817.9078120834,102614151.0,73.77971654206256,25.0,5484650.956354207,37.36973945007349,67843703.30469792
LUBRIFICANTE,2012,4,Abril,2012-04,326403.40014,398919.043742903,80774912.0,202.4844721428194,25.0,725322.443882903,122.61442859454351,70801935.90642743
NAFTA,2012,4,Abril,2012-04,3382178.123720299,6237998.971382593,743338046.0,119.16289973918451,25.0,9620177.095102891,86.05792709517192,587388071.7154351
OUTROS ENERGÉTICOS,2012,4,Abril,2012-04,265266.44694000005,0.0,0.0,,25.0,265266.44694000005,25.0,0.0
OUTROS NÃO ENERGÉTICOS,2012,4,Abril,2012-04,1813084.3708229912,1098.9623006828704,360078.0,327.6527318327987,25.0,1814183.3331236742,25.183335353384734,332603.9424829282
PARAFINA,2012,4,Abril,2012-04,63734.84070769075,19615.938401,5045538.0,257.2162440998889,25.0,83350.77910869075,79.65023349133935,4555139.539975001
QUEROSENE DE AVIAÇÃO,2012,4,Abril,2012-04,2867084.0923,885443.1063021652,121716768.0,137.4642448890026,25.0,3752527.198602165,51.53696697509353,99580690.34244587
QUEROSENE ILUMINANTE,2012,4,Abril,2012-04,15154.121000530002,0.0,0.0,,25.0,15154.121000530002,25.0,0.0
SOLVENTE,2012,4,Abril,2012-04,118443.26115456,102695.31517697708,17438101.0,169.8042502712859,25.0,221138.57633153707,92.24615111151381,14870718.120575573
ÓLEO COMBUSTÍVEL,2012,4,Abril,2012-04,7202689.259047512,8.52508305034551,17309.0,2030.361451938992,25.0,7202697.784130562,25.0023735374489,17095.87292374136
ÓLEO DIESEL,2012,4,Abril,2012-04,22894164.914535563,6204213.2897782875,864484972.0,139.33837081717948,25.0,29098378.204313852,49.378665875281555,709379639.7555429
ASFALTO,2012,5,Maio,2012-05,1089755.2788656282,111248.21924480001,12089842.0,108.67447660799394,25.0,1201003.4981104282,32.75071557537137,9308636.51888
COQUE,2012,5,Maio,2012-05,2237214.015382936,1547717.3927745095,31899215.0,20.610490745223196,25.0,3784931.4081574455,23.205061311092553,-6793719.819362736
GASOLINA A,2012,5,Maio,2012-05,13907835.171091033,1234680.5141131538,170256792.0,137.89542319155498,25.0,15142515.685204187,34.20519298410696,139389779.14717117
GASOLINA DE AVIAÇÃO,2012,5,Maio,2012-05,22404.30322,0.0,0.0,,25.0,22404.30322,25.0,0.0
GLP,2012,5,Maio,2012-05,4892952.159914706,1744422.7535445828,121441985.0,69.61729016274052,25.0,6637374.913459289,36.72623472022932,77831416.16138543
LUBRIFICANTE,2012,5,Maio,2012-05,305452.04303,393480.24863008,84640100.0,215.10634979691736,25.0,698932.29166008,132.0248072335852,74803093.78424801
NAFTA,2012,5,Maio,2012-05,3383905.927272679,5506031.713588533,634112486.0,115.16687861333074,25.0,8889937.640861211,80.84535158923703,496461693.16028666
OUTROS ENERGÉTICOS,2012,5,Maio,2012-05,9139.093930000001,0.0,0.0,,25.0,9139.093930000001,25.0,0.0
OUTROS NÃO ENERGÉTICOS,2012,5,Maio,2012-05,1282400.9252785472,10440.05813795139,1779246.0,170.42491301194366,25.0,1292840.9834164986,26.17434747662397,1518244.5465512152
PARAFINA,2012,5,Maio,2012-05,65985.62201765398,18215.757660500007,4776667.0,262.22719301750334,25.0,84201.37967815399,76.32069183432456,4321273.0584875
QUEROSENE DE AVIAÇÃO,2012,5,Maio,2012-05,2818243.71765,870532.9660632666,118520563.0,136.14712781754255,25.0,3688776.6837132666,51.23016982177916,96757238.84841833
QUEROSENE ILUMINANTE,2012,5,Maio,2012-05,6226.9119,0.0,0.0,,25.0,6226.9119,25.000000000000004,0.0
SOLVENTE,2012,5,Maio,2012-05,174110.68992571,148028.64116457492,21932669.0,148.16503635682065,25.0,322139.3310902849,81.59648236425939,18231952.970885627
ÓLEO COMBUSTÍVEL,2012,5,Maio,2012-05,7420578.5408309,0.0,0.0,,25.0,7420578.5408309,25.0,0.0
ÓLEO DIESEL,2012,5,Maio,2012-05,24224612.346612744,5433212.580567359,744227654.0,136.97745909332423,25.0,29657824.927180104,45.51388936915081,608397339.485816
ASFALTO,2012,6,Junho,2012-06,1500954.226836966,141082.0521732,14619739.0,103.62578921131664,25.0,1642036.279010166,31.7554461722105,11092687.695670001
COQUE,2012,6,Junho,2012-06,2231819.865006782,1877027.1750139424,43061346.0,22.941248040098376,25.0,4108847.0400207248,24.05950906964668,-3864333.3753485624
GASOLINA A,2012,6,Junho,2012-06,13450337.424975252,1431510.513811496,188389609.0,131.60197370705967,25.0,14881847.938786749,35.254226946976424,152601846.1547126
GASOLINA DE AVIAÇÃO,2012,6,Junho,2012-06,22806.85106,0.0,0.0,,25.0,22806.85106,25.0,0.0
GLP,2012,6,Junho,2012-06,4393661.426265251,1255341.7130112501,79950060.0,63.68788607224709,25.0,5649003.139276501,33.597360627584806,48566517.174718745
LUBRIFICANTE,2012,6,Junho,2012-06,356594.48814000003,510919.7423688911,104464969.0,204.4645378462883,25.0,867514.2305088912,130.69506783420766,91691975.44077772
NAFTA,2012,6,Junho,2012-06,4160520.7054130062,3548164.6905907267,365983284.0,103.14720874443633,25.0,7708685.396003732,60.969708515926264,277279166.7352319
OUTROS ENERGÉTICOS,2012,6,Junho,2012-06,161874.55016,0.0,0.0,,25.0,161874.55016,25.0,0.0
OUTROS NÃO ENERGÉTICOS,2012,6,Junho,2012-06,1674957.6490776313,4233.697318541666,735658.0,173.76254008007444,25.0,1679191.346396173,25.375070755568238,629815.5670364583
PARAFINA,2012,6,Junho,2012-06,66150.32234305875,24117.501724499998,6010496.0,249.217189601947,25.0,90267.82406755874,84.90571405421655,5407558.4568875
QUEROSENE DE AVIAÇÃO,2012,6,Junho,2012-06,2771195.93885,1917167.7176224284,242267935.0,126.36762698072555,25.0,4688363.656472429,66.4512943745626,194338742.0594393
QUEROSENE ILUMINANTE,2012,6,Junho,2012-06,12919.150233609998,0.0,0.0,,25.0,12919.150233609998,25.0,0.0
SOLVENTE,2012,6,Junho,2012-06,53482.95259891001,128146.63663730098,20123712.0,157.0365990717105,25.0,181629.58923621097,118.15688129461549,16920046.08406748
ÓLEO COMBUSTÍVEL,2012,6,Junho,2012-06,6790484.959619071,129.08701865745314,60032.0,465.05063502397275,25.0,6790614.046637729,25.0083651970416,56804.824533563675
ÓLEO DIESEL,2012,6,Junho,2012-06,24330750.611714453,5263073.042889613,685110392.0,130.17307311088547,25.0,29593823.654604066,43.70436116630855,553533565.9277596
ASFALTO,2012,7,Julho,2012-07,1491920.2177835589,63872.492819600004,6280489.0,98.32854054621711,25.0,1555792.710603159,28.010476040663672,4683676.67951
COQUE,2012,7,Julho,2012-07,2409810.5319326376,2363508.816056885,41822356.0,17.695028559179878,25.0,4773319.347989522,21.382943787598432,-17265364.40142212
GASOLINA A,2012,7,Julho,2012-07,13775848.483480738,1224810.3865920622,140240444.0,114.49971810755778,25.0,15000658.8700728,32.30769130107326,109620184.33519843
GASOLINA DE AVIAÇÃO,2012,7,Julho,2012-07,18139.81204,0.0,0.0,,25.0,18139.81204,25.0,0.0
GLP,2012,7,Julho,2012-07,4614327.453067056,1251202.0950700003,68863851.0,55.038151927125185,25.0,5865529.548137056,31.407571271239604,37583798.62325
LUBRIFICANTE,2012,7,Julho,2012-07,380143.53678,288873.88658186264,67557566.0,233.86525794831638,25.0,669017.4233618627,115.1855717482841,60335718.83545343
NAFTA,2012,7,Julho,2012-07,3296799.283296559,1556051.677067507,140313106.0,90.1725232316386,25.0,4852850.960364066,45.89736835142868,101411814.07331231
OUTROS ENERGÉTICOS,2012,7,Julho,2012-07,0.0,0.0,0.0,,25.0,0.0,,0.0
OUTROS NÃO ENERGÉTICOS,2012,7,Julho,2012-07,1821123.0005511178,4643.707028043981,914660.0,196.96763694958432,25.0,1825766.7075791617,25.437387384151478,798567.3242989006
PARAFINA,2012,7,Julho,2012-07,54544.762445989225,18693.407366000007,5093743.0,272.4887389585601,25.0,73238.16981198924,88.16935319009906,4626407.81585
QUEROSENE DE AVIAÇÃO,2012,7,Julho,2012-07,2730513.44777,6216.937945969962,752707.0,121.07359065533718,25.0,2736730.38571597,25.21824712966546,597283.551350751
QUEROSENE ILUMINANTE,2012,7,Julho,2012-07,14118.59813118,0.0,0.0,,25.0,14118.59813118,25.0,0.0
SOLVENTE,2012,7,Julho,2012-07,118411.05103755,107401.78222322537,16960162.0,157.91322684710912,25.0,225812.83326077537,88.21659065290605,14275117.444419364
ÓLEO COMBUSTÍVEL,2012,7,Julho,2012-07,6931484.501330471,0.0,0.0,,25.0,6931484.501330471,25.0,0.0
ÓLEO DIESEL,2012,7,Julho,2012-07,24303018.33502633,3145767.693212418,384968077.0,122.37651172737282,25.0,27448786.02823875,36.15983360264274,306323884.66968954
ASFALTO,2012,8,Agosto,2012-08,1758284.6492324462,44920.503694,4284230.0,95.37359663605557,25.0,1803205.1529264462,26.753110234029457,3161217.40765
COQUE,2012,8,Agosto,2012-08,2674516.987543841,2163257.4316781634,54952055.0,25.402457513977208,25.0,4837774.419222005,25.17996275406862,870619.2080459124
GASOLINA A,2012,8,Agosto,2012-08,14281047.739798872,1061743.2392904311,125355764.0,118.0659874827891,25.0,15342790.979089303,31.440300408994062,98812183.01773922
GASOLINA DE AVIAÇÃO,2012,8,Agosto,2012-08,83717.3711,0.0,0.0,,25.0,83717.3711,25.0,0.0
GLP,2012,8,Agosto,2012-08,4415566.507648004,849700.847549167,47903206.0,56.37655433458672,25.0,5265267.355197171,30.063500675792838,26660684.811270826
LUBRIFICANTE,2012,8,Agosto,2012-08,378445.28807999997,587501.9026864116,123540056.0,210.28026536612163,25.0,965947.1907664116,137.68991666767295,108852508.4328397
NAFTA,2012,8,Agosto,2012-08,3515636.335849911,1858242.561130627,168762827.0,90.8185134331,25.0,5373878.896980538,47.75949371327585,122306762.97173432
OUTROS ENERGÉTICOS,2012,8,Agosto,2012-08,177756.32041000001,0.0,0.0,,25.0,177756.32041000001,25.0,0.0
OUTROS NÃO ENERGÉTICOS,2012,8,Agosto,2012-08,1683371.314555048,9049.908209733798,1576736.0,174.22673948273996,25.0,1692421.222764782,25.797962278297636,1350488.294756655
PARAFINA,2012,8,Agosto,2012-08,69376.57428259854,29138.173806,6884172.0,236.25955579214929,25.0,98514.74808859854,87.48523976647535,6155717.65485
QUEROSENE DE AVIAÇÃO,2012,8,Agosto,2012-08,2838207.5745900003,0.0,0.0,,25.0,2838207.5745900003,25.0,0.0
QUEROSENE ILUMINANTE,2012,8,Agosto,2012-08,16571.881913390003,0.0,0.0,,25.0,16571.881913390003,25.0,0.0
SOLVENTE,2012,8,Agosto,2012-08,156600.70172025,152091.33215167344,16311616.0,107.24882062136982,25.0,308692.03387192346,65.52366541275339,12509332.696208164
ÓLEO COMBUSTÍVEL,2012,8,Agosto,2012-08,7276306.975996368,395458.00093891413,36911474.0,93.33854394743088,25.0,7671764.976935281,28.522660568692647,27025023.976527143
ÓLEO DIESEL,2012,8,Agosto,2012-08,24468876.088098332,2301866.6539147063,267862531.0,116.36752743450856,25.0,26770742.742013037,32.85618339688686,210315864.65213236
ASFALTO,2012,9,Setembro,2012-09,1617101.9431738039,43971.0860224,4102657.0,93.30351763224591,25.0,1661073.029196204,26.808096210491925,3003379.84944
COQUE,2012,9,Setembro,2012-09,2543013.734253577,2107615.782660962,45054352.0,21.376928551520336,25.0,4650629.516914539,23.35806259373028,-7636042.566524052
GASOLINA A,2012,9,Setembro,2012-09,13501662.362632591,607475.7496756874,70209791.0,115.57628602867332,25.0,14109138.112308279,28.899805701817314,55022897.25810782
GASOLINA DE AVIAÇÃO,2012,9,Setembro,2012-09,53652.0793,0.0,0.0,,25.0,53652.0793,25.0,0.0
GLP,2012,9,Setembro,2012-09,4225209.426450677,585348.3601383333,36561710.0,62.46145456247542,25.0,4810557.786589011,29.55830736669936,21928000.996541668
LUBRIFICANTE,2012,9,Setembro,2012-09,376747.03938,642570.4400100572,115961635.0,180.46524984589243,25.0,1019317.4793900572,123.00418026729564,99897373.99974857
NAFTA,2012,9,Setembro,2012-09,3384835.205070851,2258059.7186464537,213846134.0,94.7034891212645,25.0,5642894.923717305,52.89253444580421,157394641.03383866
OUTROS ENERGÉTICOS,2012,9,Setembro,2012-09,144992.70012,0.0,0.0,,25.0,144992.70012,25.0,0.0
OUTROS NÃO ENERGÉTICOS,2012,9,Setembro,2012-09,1589871.107732552,6389.68985324074,1143799.0,179.00696689055806,25.0,1596260.7975857928,25.61647617679848,984056.7536689815
PARAFINA,2012,9,Setembro,2012-09,73259.63570818426,26338.6023865,6221825.0,236.22456912098843,25.0,99598.23809468426,80.85801563124666,5563359.9403375
QUEROSENE DE AVIAÇÃO,2012,9,Setembro,2012-09,2858366.41564,321685.6490348686,35567785.0,110.56690003645357,25.0,3180052.0646748682,33.65572110591923,27525643.774128288
QUEROSENE ILUMINANTE,2012,9,Setembro,2012-09,16129.117028249999,0.0,0.0,,25.0,16129.117028249999,25.0,0.0
SOLVENTE,2012,9,Setembro,2012-09,180405.15438511,124926.65286611336,18694290.0,149.64212656874014,25.0,305331.80725122336,75.99738484020904,15571123.678347165
ÓLEO COMBUSTÍVEL,2012,9,Setembro,2012-09,6848088.540052292,44.165270019743346,22497.0,509.38214551712446,25.0,6848132.705322311,25.0031238980274,21392.868249506417
ÓLEO DIESEL,2012,9,Setembro,2012-09,24756164.6220754,3947249.353216585,469384152.0,118.91423875147443,25.0,28703413.975291986,37.91494170305623,370702918.16958535
ASFALTO,2012,10,Outubro,2012-10,1612004.5098322097,737.5277795999999,193117.0,261.8436963889516,25.0,1612742.0376118096,25.108311683726352,174678.80551
COQUE,2012,10,Outubro,2012-10,2406619.825645301,1949515.9107751062,35103439.0,18.006233653175602,25.0,4356135.736420407,21.870056491724117,-13634458.769377653
GASOLINA A,2012,10,Outubro,2012-10,13832474.422687601,3391829.080978235,417245709.0,123.01495713329471,25.0,17224303.503665835,44.30121481572762,332449981.97554415
GASOLINA DE AVIAÇÃO,2012,10,Outubro,2012-10,38764.09903,0.0,0.0,,25.0,38764.09903,25.0,0.0
GLP,2012,10,Outubro,2012-10,4164592.2799223154,2552909.7008308326,182972835.0,71.67227064100715,25.0,6717501.980753148,42.73726197932143,119150092.4792292
LUBRIFICANTE,2012,10,Outubro,2012-10,372117.73922,402961.20631320006,79565625.0,197.45231985968874,25.0,775078.9455332,114.65744101636595,69491594.84217
NAFTA,2012,10,Outubro,2012-10,2801891.688589507,3216315.2020152137,341237815.0,106.09588723959459,25.0,6018206.89060472,68.34014095740251,260829934.94961965
OUTROS ENERGÉTICOS,2012,10,Outubro,2012-10,399490.99234,0.0,0.0,,25.0,399490.99234,25.0,0.0
OUTROS NÃO ENERGÉTICOS,2012,10,Outubro,2012-10,1751057.6504623303,5192.915183159723,1035580.0,199.4217050488937,25.0,1756250.56564549,25.515733425593577,905757.1204210069
PARAFINA,2012,10,Outubro,2012-10,67912.87634391726,15267.393882000002,3565988.0,233.56887413537154,25.0,83180.27022591727,63.281952490674115,3184303.15295
QUEROSENE DE AVIAÇÃO,2012,10,Outubro,2012-10,2686057.0706899995,568712.5207782603,67233383.0,118.22033196665656,25.0,3254769.5914682597,41.288578497081154,53015569.980543494
QUEROSENE ILUMINANTE,2012,10,Outubro,2012-10,17747.80592156,0.0,0.0,,25.0,17747.80592156,25.0,0.0
SOLVENTE,2012,10,Outubro,2012-10,185214.19215567,147759.24036865044,24694506.0,167.12664425174825,25.0,332973.43252432044,88.06967144968797,21000524.99078374
ÓLEO COMBUSTÍVEL,2012,10,Outubro,2012-10,7755292.301478027,0.12418183613030605,238.0,1916.5443789240053,25.0,7755292.425659863,25.00003028840709,234.89545409674236
ÓLEO DIESEL,2012,10,Outubro,2012-10,23441418.111631475,2262983.447144636,295702703.0,130.66940607679155,25.0,25704401.55877611,34.30300268903712,239128116.82138407
ASFALTO,2012,11,Novembro,2012-11,1305499.8489655957,33061.4750096,3262570.0,98.68192508206768,25.0,1338561.3239751956,26.819889071294533,2436033.12476
COQUE,2012,11,Novembro,2012-11,2436074.7330732956,2383948.8962844037,45854930.0,19.234862824227896,25.0,4820023.629357699,22.148604765462206,-13743792.407110091
GASOLINA A,2012,11,Novembro,2012-11,13352332.76303987,4024367.2397918873,523416748.0,130.0618747773793,25.0,17376700.002831757,49.331867784809596,422807567.00520283
GASOLINA DE AVIAÇÃO,2012,11,Novembro,2012-11,39644.67243,0.0,0.0,,25.0,39644.67243,25.0,0.0
GLP,2012,11,Novembro,2012-11,4082404.551505062,1169055.9116712501,62257192.0,53.254246763098635,25.0,5251460.463176312,31.289830122464696,33030794.208218742
LUBRIFICANTE,2012,11,Novembro,2012-11,270361.19304000004,428247.0116671087,84403906.0,197.0916403395947,25.0,698608.2047071087,130.49222040588552,73697730.70832229
NAFTA,2012,11,Novembro,2012-11,2705699.2893545018,1636167.4689141028,175680214.0,107.37300266493872,25.0,4341866.758268604,56.04103252834312,134776027.27714744
OUTROS ENERGÉTICOS,2012,11,Novembro,2012-11,592946.67851,0.0,0.0,,25.0,592946.67851,25.0,0.0
OUTROS NÃO ENERGÉTICOS,2012,11,Novembro,2012-11,1685231.0488834076,5529.827691030092,1148384.0,207.67084693484907,25.0,1690760.8765744376,25.597445991162772,1010138.3077242478
PARAFINA,2012,11,Novembro,2012-11,79138.66513177483,14411.404434499998,3747306.0,260.02365120148767,25.0,93550.06956627483,61.20543421122729,3387020.8891375004
QUEROSENE DE AVIAÇÃO,2012,11,Novembro,2012-11,2817709.0838000006,2413211.434188411,312404540.0,129.45593393687238,25.0,5230920.517988412,73.18927247669723,252074254.14528972
QUEROSENE ILUMINANTE,2012,11,Novembro,2012-11,13177.35951373,0.0,0.0,,25.0,13177.35951373,25.0,0.0
SOLVENTE,2012,11,Novembro,2012-11,168111.09175911,178537.12265380565,27723763.0,155.28290468620392,25.0,346648.21441291564,92.10069161339436,23260334.93365486
ÓLEO COMBUSTÍVEL,2012,11,Novembro,2012-11,7011925.671529068,0.04967273445212242,416.0,8374.815773449434,25.0,7011925.721201802,25.00005915039579,414.7581816386969
ÓLEO DIESEL,2012,11,Novembro,2012-11,24178412.618785195,9413684.555173416,1246241786.0,132.38618510061625,25.0,33592097.173958614,55.09337782293443,1010899672.1206647
ASFALTO,2012,12,Dezembro,2012-12,1094433.20881247,832.4026600000001,204511.0,245.68758586139066,25.0,1095265.61147247,25.16772272549764,183700.93349999998
COQUE,2012,12,Dezembro,2012-12,2592929.998679357,1582481.0758782018,34553845.0,21.835234257587732,25.0,4175411.0745575586,23.800553572444187,-5008181.896955041
GASOLINA A,2012,12,Dezembro,2012-12,14229145.3787141,1245511.9483906336,156888128.0,125.96276430966418,25.0,15474657.327104732,33.12621091582916,125750329.29023415
GASOLINA DE AVIAÇÃO,2012,12,Dezembro,2012-12,63860.440930000004,0.0,0.0,,25.0,63860.440930000004,25.0,0.0
GLP,2012,12,Dezembro,2012-12,4581040.640087356,926868.55517625,74147023.0,79.99734437630205,25.0,5507909.195263606,34.254929105299844,50975309.12059374
LUBRIFICANTE,2012,12,Dezembro,2012-12,264845.02967,405796.9689487887,74219633.0,182.89844104125496,25.0,670641.9986187888,120.5423443629305,64074708.776280284
NAFTA,2012,12,Dezembro,2012-12,2934127.015867995,5055566.676393447,535229689.0,105.8693759295493,25.0,7989693.692261443,76.17098825530114,408840522.0901638
OUTROS ENERGÉTICOS,2012,12,Dezembro,2012-12,319849.41812,0.0,0.0,,25.0,319849.41812,25.0,0.0
OUTROS NÃO ENERGÉTICOS,2012,12,Dezembro,2012-12,1586593.0759463618,2445.4111531712965,526974.0,215.49505052211825,25.0,1589038.487099533,25.29315760754229,465838.72117071756
PARAFINA,2012,12,Dezembro,2012-12,55219.96586739782,10079.543252999998,2723277.0,270.1786114355395,25.0,65299.509120397815,62.845436389399076,2471288.4186750003
QUEROSENE DE AVIAÇÃO,2012,12,Dezembro,2012-12,3081623.22159,0.0,0.0,,25.0,3081623.22159,25.0,0.0
QUEROSENE ILUMINANTE,2012,12,Dezembro,2012-12,10368.51906203,0.0,0.0,,25.0,10368.51906203,25.0,0.0
SOLVENTE,2012,12,Dezembro,2012-12,219524.21255265002,148641.23850593108,24396631.0,164.13097230097773,25.0,368165.4510585811,81.1720280322042,20680600.03735172
ÓLEO COMBUSTÍVEL,2012,12,Dezembro,2012-12,8488732.390751757,373246.4030922211,39915247.0,106.94074120826237,25.0,8861978.793843977,28.45115776444194,30584086.92269447
ÓLEO DIESEL,2012,12,Dezembro,2012-12,24792153.957824558,1694217.9284148237,223736590.0,132.05892007608293,25.0,26486371.886239383,31.848093146493326,181381141.7896294
ASFALTO,2013,1,Janeiro,2013-01,920908.0074645935,840.3677072000002,217350.0,258.6367826105348,25.0,921748.3751717935,25.21300911681391,196340.80732
COQUE,2013,1,Janeiro,2013-01,2573601.2775192545,1171999.7231362695,29877097.0,25.49240960573688,25.0,3745601.000655524,25.154075119451395,577103.9215932647
GASOLINA A,2013,1,Janeiro,2013-01,14498903.592828639,4335008.215012061,509164278.0,117.45405146794707,25.0,18833911.8078407,46.28018208399207,400789072.62469846
GASOLINA DE AVIAÇÃO,2013,1,Janeiro,2013-01,25895.14777,0.0,0.0,,25.0,25895.14777,24.999999999999996,0.0
GLP,2013,1,Janeiro,2013-01,4361648.772743639,3001282.7378120837,209695282.0,69.86855298840207,25.0,7362931.510555722,43.2893475732649,134663213.55469793
LUBRIFICANTE,2013,1,Janeiro,2013-01,383942.58202000003,442969.73547522107,57533493.0,129.8813178247441,25.0,826912.317495221,81.18400963459827,46459249.613119476
NAFTA,2013,1,Janeiro,2013-01,3484606.8422663175,2588323.0999207697,267458758.0,103.3328327549938,25.0,6072929.942187088,58.38597389268789,202750680.50198075
OUTROS ENERGÉTICOS,2013,1,Janeiro,2013-01,301086.91489,0.0,0.0,,25.0,301086.91489,25.0,0.0
OUTROS NÃO ENERGÉTICOS,2013,1,Janeiro,2013-01,1877220.3944643072,8304.230850590278,1609591.0,193.82782451015166,25.0,1885524.6253148976,25.74355179980802,1401985.228735243
PARAFINA,2013,1,Janeiro,2013-01,47484.56758824246,15306.498091000003,4192770.0,273.9209174478183,25.0,62791.06567924246,85.67913494553969,3810107.547725
QUEROSENE DE AVIAÇÃO,2013,1,Janeiro,2013-01,3042129.5045999996,1063994.3122750563,142003806.0,133.46293712450804,25.0,4106123.816875056,53.10532593265811,115403948.19312361
QUEROSENE ILUMINANTE,2013,1,Janeiro,2013-01,15150.743372559999,0.0,0.0,,25.0,15150.743372559999,25.0,0.0
SOLVENTE,2013,1,Janeiro,2013-01,200454.83578255997,111179.32666871797,18968445.0,170.61125991993498,25.0,311634.16245127795,76.94861085171654,16188961.833282052
ÓLEO COMBUSTÍVEL,2013,1,Janeiro,2013-01,9139341.279098438,0.6147000888450149,1477.0,2402.797765614766,25.0,9139341.893798526,25.000159927543447,1461.6324977788745
ÓLEO DIESEL,2013,1,Janeiro,2013-01,25926074.080484845,8246885.584832197,1075508570.0,130.41390703638382,25.0,34172959.66531704,50.43930753710822,869336430.379195
ASFALTO,2013,2,Fevereiro,2013-02,897860.0768660696,847.8479788000001,163696.0,193.07234798352272,25.0,898707.9248448695,25.158560747702985,142499.80053
COQUE,2013,2,Fevereiro,2013-02,2229722.3415810955,1065531.1718426635,18671410.0,17.523100678238087,25.0,3295253.513423759,22.58231976277023,-7966869.296066587
GASOLINA A,2013,2,Fevereiro,2013-02,12465741.86407401,3692651.9340470624,428207716.0,115.96211168776314,25.0,16158393.798121072,45.78742614181625,335891417.64882344
GASOLINA DE AVIAÇÃO,2013,2,Fevereiro,2013-02,43588.3833,0.0,0.0,,25.0,43588.3833,25.0,0.0
GLP,2013,2,Fevereiro,2013-02,3800115.447591757,811135.0826366666,43371204.0,53.469767155204345,25.0,4611250.530228424,30.0079315323905,23092826.93408333
LUBRIFICANTE,2013,2,Fevereiro,2013-02,356437.24289,409376.6720895349,68266441.0,166.75703735524388,25.0,765813.9149795349,100.77823158164007,58032024.197761625
NAFTA,2013,2,Fevereiro,2013-02,3188036.4651968232,3133586.0926718945,329015209.0,104.99638410108616,25.0,6321622.557868717,64.6536734657116,250675556.68320265
OUTROS ENERGÉTICOS,2013,2,Fevereiro,2013-02,215186.97972,0.0,0.0,,25.0,215186.97972,25.0,0.0
OUTROS NÃO ENERGÉTICOS,2013,2,Fevereiro,2013-02,1681001.0823865193,1802.6639139236113,390786.0,216.78250559164394,25.0,1682803.7463004428,25.205442496138932,345719.4021519097
PARAFINA,2013,2,Fevereiro,2013-02,58590.96858130751,15290.704531500001,3691596.0,241.42746283502075,25.0,73881.67311280752,69.7922772628551,3309328.3867125
QUEROSENE DE AVIAÇÃO,2013,2,Fevereiro,2013-02,2543278.3836900005,713930.0875098372,89384361.0,125.20043988028222,25.0,3257208.4711998375,46.96239799962904,71536108.81225407
QUEROSENE ILUMINANTE,2013,2,Fevereiro,2013-02,7568.03147801,0.0,0.0,,25.0,7568.03147801,25.0,0.0
SOLVENTE,2013,2,Fevereiro,2013-02,202163.17962761002,80056.25677810493,13728695.0,171.4880954033657,25.0,282219.43640571495,66.55379491187269,11727288.580547376
ÓLEO COMBUSTÍVEL,2013,2,Fevereiro,2013-02,7838251.603275143,0.0,0.0,,25.0,7838251.603275143,25.0,0.0
ÓLEO DIESEL,2013,2,Fevereiro,2013-02,23033613.37891534,2970157.2020196477,377912020.0,127.23636975949535,25.0,26003770.580934986,36.677463812580314,303658089.94950885
ASFALTO,2013,3,Março,2013-03,966382.0951126444,44822.750842,4129715.0,92.13434968677463,25.0,1011204.8459546444,27.9758028167964,3009146.22895
COQUE,2013,3,Março,2013-03,2647444.37872141,2736369.9624357307,50178255.0,18.337525878750228,25.0,5383814.34115714,21.61374020245749,-18230994.060893267
GASOLINA A,2013,3,Março,2013-03,13951280.77570403,2205274.6835762667,263224163.0,119.36116845686209,25.0,16156555.459280297,37.87974385598791,208092295.91059333
GASOLINA DE AVIAÇÃO,2013,3,Março,2013-03,44299.13183,0.0,0.0,,25.0,44299.13183,25.000000000000004,0.0
GLP,2013,3,Março,2013-03,4387670.361314945,1427347.16442375,89315480.0,62.57446136872982,25.0,5815017.525738695,34.2229818142454,53631800.88940625
LUBRIFICANTE,2013,3,Março,2013-03,397446.80409,345818.654000814,64725226.0,187.16522446428712,25.0,743265.4580908141,100.45051238359535,56079759.64997965
NAFTA,2013,3,Março,2013-03,3684289.804824316,2987671.9891459546,316849017.0,106.05214298995833,25.0,6671961.79397027,61.294754788643836,242157217.27135113
OUTROS ENERGÉTICOS,2013,3,Março,2013-03,186958.31244,0.0,0.0,,25.0,186958.31244,25.000000000000004,0.0
OUTROS NÃO ENERGÉTICOS,2013,3,Março,2013-03,1767321.227901239,2735.361202349537,609841.0,222.94715574534632,25.0,1770056.5891035884,25.305898112678687,541456.9699412616
PARAFINA,2013,3,Março,2013-03,65929.18436435943,15123.817463000003,3945194.0,260.85966784853144,25.0,81053.00182735943,69.00945656550535,3567098.5634250003
QUEROSENE DE AVIAÇÃO,2013,3,Março,2013-03,3248995.06569,417460.1922997372,52518340.0,125.80442631112415,25.0,3666455.257989737,36.477525902110536,42081835.192506574
QUEROSENE ILUMINANTE,2013,3,Março,2013-03,10792.35790888,0.0,0.0,,25.0,10792.35790888,25.0,0.0
SOLVENTE,2013,3,Março,2013-03,228470.40429975998,302649.1135566936,33576801.0,110.9430013040836,25.0,531119.5178564535,73.97310734513917,26010573.161082663
ÓLEO COMBUSTÍVEL,2013,3,Março,2013-03,8523732.820094617,0.0,397.0,,25.0,8523732.820094617,25.00004657583812,0.0
ÓLEO DIESEL,2013,3,Março,2013-03,26818194.6014475,4609130.688285212,610020884.0,132.35052882107647,25.0,31427325.289732713,40.744025692015164,494792616.7928697
ASFALTO,2013,4,Abril,2013-04,1170001.3941808261,955.3392976000001,298651.0,312.61249354053575,25.0,1170956.7334784262,25.234652152128437,274767.51756
COQUE,2013,4,Abril,2013-04,2560018.025033691,1965136.6236706346,41358092.0,21.045911771135867,25.0,4525154.648704326,23.282860102031933,-7770323.591765863
GASOLINA A,2013,4,Abril,2013-04,14711129.22936368,1850195.7260034503,228244981.0,123.3626139073539,25.0,16561324.95536713,35.988860392533695,181990087.84991375
GASOLINA DE AVIAÇÃO,2013,4,Abril,2013-04,43431.13805,0.0,0.0,,25.0,43431.13805,24.999999999999996,0.0
GLP,2013,4,Abril,2013-04,4476853.358745223,1097531.0523916667,60536708.0,55.15717105960914,25.0,5574384.41113689,30.937594046094485,33098431.690208334
LUBRIFICANTE,2013,4,Abril,2013-04,342373.22773000004,492929.7036189536,91034946.0,184.68139641747413,25.0,835302.9313489536,119.23132669056059,78711703.40952615
NAFTA,2013,4,Abril,2013-04,2848407.885121513,3647872.1026872224,390546293.0,107.06139963413251,25.0,6496279.987808736,71.08013986382892,299349490.4328194
OUTROS ENERGÉTICOS,2013,4,Abril,2013-04,269543.51774,0.0,0.0,,25.0,269543.51774,25.0,0.0
OUTROS NÃO ENERGÉTICOS,2013,4,Abril,2013-04,1539545.12176299,5875.148451851853,1581802.0,269.2360904517084,25.0,1545420.270214842,25.928500367414117,1434923.2887037036
PARAFINA,2013,4,Abril,2013-04,58204.03884897928,22983.226537000013,5142744.0,223.76074968067906,25.0,81187.26538597929,81.26699353472624,4568163.336575
QUEROSENE DE AVIAÇÃO,2013,4,Abril,2013-04,2886519.6052,2181280.91727159,281103119.0,128.87066345934574,25.0,5067800.52247159,69.7079744089277,226571096.06821027
QUEROSENE ILUMINANTE,2013,4,Abril,2013-04,5931.29083,0.0,0.0,,25.0,5931.29083,25.0,0.0
SOLVENTE,2013,4,Abril,2013-04,244690.77389148998,121764.67794990553,20595658.0,169.14312382506475,25.0,366455.4518413955,72.8954289342891,17551541.051252365
ÓLEO COMBUSTÍVEL,2013,4,Abril,2013-04,7371623.339216153,10.263628756169794,8646.0,842.3921212858186,25.0,7371633.60284491,25.00113806650372,8389.409281095755
ÓLEO DIESEL,2013,4,Abril,2013-04,25876578.88550532,9043269.693422042,1167412168.0,129.0918227119955,25.0,34919848.57892736,51.956887385602855,941330425.664449
ASFALTO,2013,5,Maio,2013-05,1513603.2862849256,154812.62149360002,14378541.0,92.87705912656747,25.0,1668415.9077785257,31.29832490428095,10508225.46266
COQUE,2013,5,Maio,2013-05,2617985.872500903,2204802.340379683,43514615.0,19.736288465888723,25.0,4822788.212880585,22.593623647313287,-11605443.509492073
GASOLINA A,2013,5,Maio,2013-05,16020771.503547162,2442543.4908396904,298736562.0,122.30552418835384,25.0,18463314.99438685,37.87271407118734,237672974.72900772
GASOLINA DE AVIAÇÃO,2013,5,Maio,2013-05,68407.97356,0.0,0.0,,25.0,68407.97356,25.0,0.0
GLP,2013,5,Maio,2013-05,4717971.986658922,1770441.6692787495,105248711.0,59.447714559766716,25.0,6488413.655937672,34.399473045652734,60987669.26803127
LUBRIFICANTE,2013,5,Maio,2013-05,408403.65310999996,339526.64256731386,67256823.0,198.08997164829503,25.0,747930.2956773138,103.57504539590443,58768656.93581716
NAFTA,2013,5,Maio,2013-05,2687991.3000014476,5178420.356334017,516810058.0,99.80071574681276,25.0,7866411.656335464,74.2409456832437,387349549.0916496
OUTROS ENERGÉTICOS,2013,5,Maio,2013-05,203500.51274,0.0,0.0,,25.0,203500.51274,25.0,0.0
OUTROS NÃO ENERGÉTICOS,2013,5,Maio,2013-05,1503632.7645462933,4593.4831863888885,883733.0,192.3884259810987,25.0,1508226.2477326822,25.509801444906664,768895.9203402778
PARAFINA,2013,5,Maio,2013-05,60503.20922581198,20492.200980000005,4670040.0,227.89352908249677,25.0,80995.41020581199,76.33297016380384,4157734.9754999997
QUEROSENE DE AVIAÇÃO,2013,5,Maio,2013-05,3194833.5117800003,1330634.2285769212,173403854.0,130.3166943070831,25.0,4525467.740356921,55.96652242946369,140137998.28557697
QUEROSENE ILUMINANTE,2013,5,Maio,2013-05,8057.190001710001,0.0,0.0,,25.0,8057.190001710001,25.0,0.0
SOLVENTE,2013,5,Maio,2013-05,265956.17492498,131473.73392048583,22343831.0,169.94901060247787,25.0,397429.9088454658,72.95056242080123,19056987.651987854
ÓLEO COMBUSTÍVEL,2013,5,Maio,2013-05,7194043.336312565,0.0,118.0,,25.0,7194043.336312565,25.00001640245888,0.0
ÓLEO DIESEL,2013,5,Maio,2013-05,27150545.961500827,7035189.190323147,932578245.0,132.55908544474607,25.0,34185735.151823975,47.134920073571905,756698515.2419213
ASFALTO,2013,6,Junho,2013-06,1448741.3125898517,88631.0688544,8435859.0,95.17947948769671,25.0,1537372.3814442516,29.04591779695995,6220082.278639999
COQUE,2013,6,Junho,2013-06,2377716.4084253744,959335.6466862115,29412759.0,30.65950806852547,25.0,3337052.055111586,26.626995247055905,5429367.832844712
GASOLINA A,2013,6,Junho,2013-06,15013427.00186659,621318.1549935983,73340393.0,118.03999675617985,25.0,15634745.156860188,28.69737009111373,57807439.12516004
GASOLINA DE AVIAÇÃO,2013,6,Junho,2013-06,40569.2745,0.0,0.0,,25.0,40569.2745,25.0,0.0
GLP,2013,6,Junho,2013-06,4141807.331027446,949470.7823087501,52805206.0,55.615409114115046,25.0,5091278.113336196,30.709457585147195,29068436.44228125
LUBRIFICANTE,2013,6,Junho,2013-06,387169.25455,449740.06501802336,81760239.0,181.79443051559895,25.0,836909.3195680233,109.25851609699737,70516737.37454942
NAFTA,2013,6,Junho,2013-06,2822949.598804335,2680430.683327664,259588768.0,96.84591719332556,25.0,5503380.282132,59.992675600132074,192578000.9168084
OUTROS ENERGÉTICOS,2013,6,Junho,2013-06,131966.50361,0.0,0.0,,25.0,131966.50361,25.0,0.0
OUTROS NÃO ENERGÉTICOS,2013,6,Junho,2013-06,1529053.966199381,1613.7584976157407,422188.0,261.6178322988011,25.0,1530667.7246969969,25.249462395658202,381844.03755960654
PARAFINA,2013,6,Junho,2013-06,73163.68482364331,18680.3598455,4319980.0,231.25785775698859,25.0,91844.04466914332,66.95123393947148,3852971.0038625
QUEROSENE DE AVIAÇÃO,2013,6,Junho,2013-06,2997157.3631,880249.2189416644,110159355.0,125.14564356267886,25.0,3877406.5820416645,47.73507373065865,88153124.52645838
QUEROSENE ILUMINANTE,2013,6,Junho,2013-06,8133.46023777,0.0,0.0,,25.0,8133.46023777,25.0,0.0
SOLVENTE,2013,6,Junho,2013-06,240084.70828963,106391.363717193,16757222.0,157.50547238536814,25.0,346476.07200682303,65.68805624993509,14097437.907070175
ÓLEO COMBUSTÍVEL,2013,6,Junho,2013-06,7438789.371256128,0.0,0.0,,25.0,7438789.371256128,24.999999999999996,0.0
ÓLEO DIESEL,2013,6,Junho,2013-06,24964952.452857066,2694801.0213333215,354487484.0,131.54495682379113,25.0,27659753.474190388,35.38033324247012,287117458.46666694
ASFALTO,2013,7,Julho,2013-07,1556832.364999807,1081.7061828,303326.0,280.4144090355845,25.0,1557914.071182607,25.177341838385395,276283.34543
COQUE,2013,7,Julho,2013-07,2512374.772835557,2360043.05212426,0.0,0.0,25.0,4872417.824959816,12.890801154026013,-59001076.3031065
GASOLINA A,2013,7,Julho,2013-07,15971583.176607963,569912.3940237197,64438005.0,113.06650930163504,25.0,16541495.570631683,28.03419935247671,50190195.14940701
GASOLINA DE AVIAÇÃO,2013,7,Julho,2013-07,43833.68589,0.0,0.0,,25.0,43833.68589,24.999999999999996,0.0
GLP,2013,7,Julho,2013-07,4264353.5609624265,2580795.97227625,143977315.0,55.78794935618746,25.0,6845149.533238676,36.607842211081646,79457415.69309376
LUBRIFICANTE,2013,7,Julho,2013-07,371476.1786,485133.22814331384,85645299.0,176.539750385227,25.0,856609.4067433139,110.82320917524873,73516968.29641716
NAFTA,2013,7,Julho,2013-07,2186077.137759883,3747534.124217536,350901869.0,93.63540327288317,25.0,5933611.261977419,68.34856203721768,257213515.89456162
OUTROS ENERGÉTICOS,2013,7,Julho,2013-07,62055.26546,0.0,0.0,,25.0,62055.26546,25.0,0.0
OUTROS NÃO ENERGÉTICOS,2013,7,Julho,2013-07,1471064.854041299,7935.15586519676,1573830.0,198.33636877918786,25.0,1479000.009906496,25.929987217144806,1375451.1033700812
PARAFINA,2013,7,Julho,2013-07,73011.48201034992,13217.506450499997,3270678.0,247.45045612414097,25.0,86228.98846084991,59.09804975356335,2940240.3387375
QUEROSENE DE AVIAÇÃO,2013,7,Julho,2013-07,3118154.4380700006,841909.1428476345,98632763.0,117.15369032148661,25.0,3960063.580917635,44.59186584848493,77585034.42880914
QUEROSENE ILUMINANTE,2013,7,Julho,2013-07,6516.243160000001,0.0,0.0,,25.0,6516.243160000001,25.0,0.0
SOLVENTE,2013,7,Julho,2013-07,204342.33462059,159504.67537843456,26743511.0,167.66600061439823,25.0,363847.00999902457,87.54247936680898,22755894.115539137
ÓLEO COMBUSTÍVEL,2013,7,Julho,2013-07,8335779.641461794,8.543710325765057,6384.0,747.2163447241334,25.0,8335788.18517212,25.000740230810187,6170.4072418558735
ÓLEO DIESEL,2013,7,Julho,2013-07,27132626.854500104,4841542.091218028,594086608.0,122.70607108375681,25.0,31974168.945718132,39.7946943209887,473048055.71954924
ASFALTO,2013,8,Agosto,2013-08,1646509.0469788238,1093.2180692,253920.0,232.26838922065633,25.0,1647602.2650480238,25.13752684921406,226589.54827
COQUE,2013,8,Agosto,2013-08,2820139.974408016,2761706.6234608847,55532010.0,20.10785994727022,25.0,5581846.597868901,22.579536565608887,-13510655.586522114
GASOLINA A,2013,8,Agosto,2013-08,16022532.405044569,0.0,0.0,,25.0,16022532.405044569,25.0,0.0
GASOLINA DE AVIAÇÃO,2013,8,Agosto,2013-08,63401.2848,0.0,0.0,,25.0,63401.2848,25.0,0.0
GLP,2013,8,Agosto,2013-08,4258080.963132146,2889476.7274666666,161245330.0,55.80433594333566,25.0,7147557.690598812,37.4529826363495,89008411.81333333
LUBRIFICANTE,2013,8,Agosto,2013-08,238786.34683999998,484870.6505170117,84286472.0,173.83290143490095,25.0,723656.9973570117,124.72225239393727,72164705.7370747
NAFTA,2013,8,Agosto,2013-08,2725725.0759961484,5846553.111944445,558035603.0,95.44693981483539,25.0,8572278.187940594,73.04694460112209,411871775.2013889
OUTROS ENERGÉTICOS,2013,8,Agosto,2013-08,0.0,0.0,0.0,,25.0,0.0,,0.0
OUTROS NÃO ENERGÉTICOS,2013,8,Agosto,2013-08,1666549.8355273833,7561.3344028125,1316882.0,174.16000005371737,25.0,1674111.1699301957,25.67369996699605,1127848.6399296876
PARAFINA,2013,8,Agosto,2013-08,63505.1826032451,23557.455508,5147049.0,218.48917419167307,25.0,87062.63811124509,77.35440495699004,4558112.6123
QUEROSENE DE AVIAÇÃO,2013,8,Agosto,2013-08,3062577.6769100004,601321.8163683354,72191942.0,120.05541797236131,25.0,3663899.493278336,40.60056346950929,57158896.59079161
QUEROSENE ILUMINANTE,2013,8,Agosto,2013-08,10407.39637764,0.0,0.0,,25.0,10407.39637764,25.0,0.0
SOLVENTE,2013,8,Agosto,2013-08,273065.45911064,106281.94988331984,16906104.0,159.0684403001651,25.0,379347.40899395983,62.56202076272488,14249055.252917005
ÓLEO COMBUSTÍVEL,2013,8,Agosto,2013-08,7158649.320763952,1.9807002862783814,2337.0,1179.8857283910856,25.0,7158651.301464238,25.000319540985654,2287.4824928430403
ÓLEO DIESEL,2013,8,Agosto,2013-08,27813237.713356737,5077131.287770035,634231013.0,124.91916735101121,25.0,32890369.001126774,40.42405105848371,507302730.8057492
ASFALTO,2013,9,Setembro,2013-09,1541743.2871863232,44696.739868,4137039.0,92.55795863898912,25.0,1586440.027054323,26.903394046925797,3019620.5033
COQUE,2013,9,Setembro,2013-09,2514501.1259647906,1781237.9832572404,35158628.0,19.738310282215956,25.0,4295739.109222031,22.81822840188068,-9372321.581431009
GASOLINA A,2013,9,Setembro,2013-09,15230117.95063531,894136.0104949055,106383314.0,118.97889443141507,25.0,16124253.961130217,30.21139855153567,84029913.73762736
GASOLINA DE AVIAÇÃO,2013,9,Setembro,2013-09,44236.23373,0.0,0.0,,25.0,44236.23373,24.999999999999996,0.0
GLP,2013,9,Setembro,2013-09,3812812.1532939402,1304948.28223375,84211308.0,64.53229537637384,25.0,5117760.43552769,35.08011250117008,51587600.94415626
LUBRIFICANTE,2013,9,Setembro,2013-09,269644.1547,529255.2359982209,87647892.0,165.6060933146718,25.0,798899.3906982208,118.14878940514157,74416511.10004449
NAFTA,2013,9,Setembro,2013-09,2148486.64697027,4139138.250327821,421359021.0,101.79873092343031,25.0,6287624.897298091,75.55654081375046,317880564.7418045
OUTROS ENERGÉTICOS,2013,9,Setembro,2013-09,0.0,0.0,0.0,,25.0,0.0,,0.0
OUTROS NÃO ENERGÉTICOS,2013,9,Setembro,2013-09,1547095.718143144,1938.577951860465,1239743.0,639.5115547508477,25.0,1549034.2960950043,25.76904594960009,1191278.5512034884
PARAFINA,2013,9,Setembro,2013-09,69618.30929514866,11303.7473825,3194602.0,282.61441908598846,25.0,80922.05667764867,60.98534732053864,2912008.3154375
QUEROSENE DE AVIAÇÃO,2013,9,Setembro,2013-09,2451057.1894699996,336411.24357185233,41450315.0,123.2132272390796,25.0,2787468.433041852,36.85306119310863,33040033.91070369
QUEROSENE ILUMINANTE,2013,9,Setembro,2013-09,7079.31953082,0.0,0.0,,25.0,7079.31953082,25.0,0.0
SOLVENTE,2013,9,Setembro,2013-09,254792.83773248998,164743.76455407552,25665264.0,155.78898581970688,25.0,419536.60228656547,76.35825996757873,21546669.886148114
ÓLEO COMBUSTÍVEL,2013,9,Setembro,2013-09,6705192.95706672,219732.73034065153,20468214.0,93.15050137623166,25.0,6924925.687407372,27.162463023785918,14974895.741483713
ÓLEO DIESEL,2013,9,Setembro,2013-09,24959674.62666014,3743942.879638604,466907846.0,124.71019484278825,25.0,28703617.506298743,38.005652473146135,373309274.00903493
ASFALTO,2013,10,Outubro,2013-10,1789869.7965327804,35270.984012,3438847.0,97.4979036261088,25.0,1825140.7805447804,26.40102748618479,2557072.3997
COQUE,2013,10,Outubro,2013-10,2393914.695956645,2689889.8389882306,43788406.0,16.278884497541533,25.0,5083804.534944875,20.385573970546034,-23458839.974705767
GASOLINA A,2013,10,Outubro,2013-10,16030866.591988869,303217.3718682615,33121880.0,109.23477040883537,25.0,16334083.963857131,26.563690119373067,25541445.703293465
GASOLINA DE AVIAÇÃO,2013,10,Outubro,2013-10,65527.24058,0.0,0.0,,25.0,65527.24058,25.0,0.0
GLP,2013,10,Outubro,2013-10,4011954.5468017915,1663513.7256366664,104022867.0,62.532016055465945,25.0,5675468.272438458,36.00085858329681,62435023.85908333
LUBRIFICANTE,2013,10,Outubro,2013-10,361676.65462,379340.9643377327,68074476.0,179.45458676957523,25.0,741017.6189577327,104.06823048818585,58590951.89155668
NAFTA,2013,10,Outubro,2013-10,2251274.974427521,4442080.506850485,461528413.0,103.89915542688621,25.0,6693355.481278006,77.36183873829141,350476400.32873785
OUTROS ENERGÉTICOS,2013,10,Outubro,2013-10,0.0,0.0,0.0,,25.0,0.0,,0.0
OUTROS NÃO ENERGÉTICOS,2013,10,Outubro,2013-10,1466117.2050754798,5813.96112193287,1156955.0,198.99599872373528,25.0,1471931.1661974126,25.687264455827144,1011605.9719516782
PARAFINA,2013,10,Outubro,2013-10,61603.212426395374,17248.5689745,4355134.0,252.49248250324754,25.0,78851.78140089537,74.7632356038686,3923919.7756375
QUEROSENE DE AVIAÇÃO,2013,10,Outubro,2013-10,2156109.12914,1864605.7592222905,231854785.0,124.34520479905868,25.0,4020714.8883622903,71.07131969382047,185239641.01944274
QUEROSENE ILUMINANTE,2013,10,Outubro,2013-10,5012.97857,0.0,0.0,,25.0,5012.97857,25.0,0.0
SOLVENTE,2013,10,Outubro,2013-10,279761.58454683004,74262.51342910931,12838042.0,172.87378796107058,25.0,354024.09797593934,56.019016013476595,10981479.164272267
ÓLEO COMBUSTÍVEL,2013,10,Outubro,2013-10,7037952.268444802,268355.9978865449,27598364.0,102.84235946784386,25.0,7306308.266331347,27.85909973838613,20889464.052836377
ÓLEO DIESEL,2013,10,Outubro,2013-10,25485500.85138265,5810375.891680306,735398292.0,126.5663884247134,25.0,31295876.743062958,43.856761852463606,590138894.7079924
ASFALTO,2013,11,Novembro,2013-11,1760653.84321705,81085.26050240001,7584774.0,93.54072433146467,25.0,1841739.10371945,28.017605738085358,5557642.487439999
COQUE,2013,11,Novembro,2013-11,2566060.916292869,2355065.828704952,47290473.0,20.08031895482301,25.0,4921126.744997821,22.64562602875433,-11586172.71762379
GASOLINA A,2013,11,Novembro,2013-11,15378204.35670191,890863.3341928436,106262922.0,119.28083458084879,25.0,16269067.690894755,30.162639939852607,83991338.6451789
GASOLINA DE AVIAÇÃO,2013,11,Novembro,2013-11,42770.708,0.0,0.0,,25.0,42770.708,25.0,0.0
GLP,2013,11,Novembro,2013-11,3932109.672302527,1658355.3293941668,103995977.0,62.71031012273587,25.0,5590465.001696694,36.18638498696727,62537093.76514582
LUBRIFICANTE,2013,11,Novembro,2013-11,427480.64684,536719.1926231047,90443646.0,168.51203989552764,25.0,964199.8394631047,104.8855828759654,77025666.18442237
NAFTA,2013,11,Novembro,2013-11,2968164.596423449,2836269.2648083335,293379088.0,103.43837647580533,25.0,5804433.8612317825,63.328002643927086,222472356.37979165
OUTROS ENERGÉTICOS,2013,11,Novembro,2013-11,24851.03931,0.0,0.0,,25.0,24851.03931,25.0,0.0
OUTROS NÃO ENERGÉTICOS,2013,11,Novembro,2013-11,1599630.1047284745,3000.3412882175926,746455.0,248.7900302980016,25.0,1602630.446016692,25.418965251448597,671446.4677945601
PARAFINA,2013,11,Novembro,2013-11,64520.608543817354,11518.337290500005,3361998.0,291.88223223614744,25.0,76038.94583431736,65.42717233923233,3074039.5677374997
QUEROSENE DE AVIAÇÃO,2013,11,Novembro,2013-11,3116940.5047400002,679821.0382875344,85688115.0,126.04510624714986,25.0,3796761.5430275346,43.092415935090884,68692589.04281165
QUEROSENE ILUMINANTE,2013,11,Novembro,2013-11,7050.87701,0.0,0.0,,25.0,7050.87701,25.0,0.0
SOLVENTE,2013,11,Novembro,2013-11,235751.21160412,422749.9712402834,50017373.0,118.31431437654915,25.0,658501.1828444034,84.9066861939323,39448623.71899292
ÓLEO COMBUSTÍVEL,2013,11,Novembro,2013-11,7972545.228751133,0.0,0.0,,25.0,7972545.228751133,25.0,0.0
ÓLEO DIESEL,2013,11,Novembro,2013-11,26281970.859767243,4717584.376104366,600695205.0,127.33109937421732,25.0,30999555.23587161,40.57298457749364,482755595.5973909
ASFALTO,2013,12,Dezembro,2013-12,1475949.6693216404,79104.30785440002,7079525.0,89.49607413329028,25.0,1555053.9771760404,28.28086187265668,5101917.30364
COQUE,2013,12,Dezembro,2013-12,2443716.7689912403,1703744.6694511634,34739733.0,20.390222562627827,25.0,4147461.4384424035,23.106339539776737,-7853883.736279084
GASOLINA A,2013,12,Dezembro,2013-12,14678120.683872283,297215.1129933558,32760209.0,110.22390035977865,25.0,14975335.796865638,26.69143660741602,25329831.175166108
GASOLINA DE AVIAÇÃO,2013,12,Dezembro,2013-12,63300.64784,0.0,0.0,,25.0,63300.64784,25.0,0.0
GLP,2013,12,Dezembro,2013-12,3814249.5827481123,1755734.1564195836,126883095.0,72.2678285525577,25.0,5569983.739167696,39.899458414201995,82989741.08951041
LUBRIFICANTE,2013,12,Dezembro,2013-12,390188.36335,529553.4241883488,81463263.0,153.83388961153346,25.0,919741.7875383488,99.1778054663485,68224427.39529128
NAFTA,2013,12,Dezembro,2013-12,2679718.7681468497,2853054.6352556264,293327610.0,102.81177457147385,25.0,5532773.403402476,65.12476708012039,222001244.11860934
OUTROS ENERGÉTICOS,2013,12,Dezembro,2013-12,165315.07623,0.0,0.0,,25.0,165315.07623,25.0,0.0
OUTROS NÃO ENERGÉTICOS,2013,12,Dezembro,2013-12,1567163.5137470427,1760.1348976967593,538584.0,305.9901833119547,25.0,1568923.6486447395,25.315235625382286,494580.627557581
PARAFINA,2013,12,Dezembro,2013-12,75289.8432879205,15950.428895500005,3894124.0,244.13914042766743,25.0,91240.27218342051,63.30943501117317,3495363.2776125
QUEROSENE DE AVIAÇÃO,2013,12,Dezembro,2013-12,3118311.68332,1426779.5557476848,242117882.0,169.6953681629685,25.0,4545091.239067685,70.42227696811996,206448393.10630786
QUEROSENE ILUMINANTE,2013,12,Dezembro,2013-12,5119.90534,0.0,0.0,,25.0,5119.90534,25.0,0.0
SOLVENTE,2013,12,Dezembro,2013-12,195097.23223285,126588.18129882596,18431759.0,145.60410625135464,25.0,321685.41353167593,72.45957953118699,15267054.46752935
ÓLEO COMBUSTÍVEL,2013,12,Dezembro,2013-12,8129720.026624371,117282.02011486675,13102770.0,111.72019365941227,25.0,8247002.046739238,26.233262637681737,10170719.49712833
ÓLEO DIESEL,2013,12,Dezembro,2013-12,26149099.105760228,5888385.304499742,735547149.0,124.91491486433728,25.0,32037484.41025997,43.36403597902625,588337516.3875064
ASFALTO,2014,1,Janeiro,2014-01,1300127.5859583898,553.9696464,216541.0,390.88964784840243,25.0,1300681.5556047899,25.15583503738219,202691.75884000002
COQUE,2014,1,Janeiro,2014-01,2356046.1766057312,2307655.8233757885,35594337.0,15.424456558660596,25.0,4663701.99998152,20.261905974163383,-22097058.584394712
GASOLINA A,2014,1,Janeiro,2014-01,14627247.29796465,287288.72473241243,33333258.0,116.0270317989242,25.0,14914536.022697061,26.753392786868652,26151039.881689686
GASOLINA DE AVIAÇÃO,2014,1,Janeiro,2014-01,79157.25885,0.0,0.0,,25.0,79157.25885,25.0,0.0
GLP,2014,1,Janeiro,2014-01,3916228.6027872027,2942846.87059125,203331854.0,69.09358962301305,25.0,6859075.4733784525,43.91810095090044,129760682.23521875
LUBRIFICANTE,2014,1,Janeiro,2014-01,350537.40111,371945.68366156996,67051235.0,180.2715771290125,25.0,722483.0847715699,104.93625612248154,57752592.90846075
NAFTA,2014,1,Janeiro,2014-01,3119293.222841313,2360078.3581628064,241055114.0,102.1386061891811,25.0,5479371.5810041195,58.22518875651207,182053155.04592982
OUTROS ENERGÉTICOS,2014,1,Janeiro,2014-01,183983.23231000002,0.0,0.0,,25.0,183983.23231000002,25.0,0.0
OUTROS NÃO ENERGÉTICOS,2014,1,Janeiro,2014-01,1612401.5005494328,2765.3979570486113,767523.0,277.5452256496001,25.0,1615166.8985064814,25.43239373696896,698388.0510737847
PARAFINA,2014,1,Janeiro,2014-01,73394.85556017351,20394.985063000004,4843602.0,237.4898527769517,25.0,93789.84062317351,71.2067889723466,4333727.373424999
QUEROSENE DE AVIAÇÃO,2014,1,Janeiro,2014-01,3228546.89338,1008842.2746681602,125516730.0,124.41660421227527,25.0,4237389.16804816,48.6692144987699,100295673.13329598
QUEROSENE ILUMINANTE,2014,1,Janeiro,2014-01,8686.42259411,0.0,0.0,,25.0,8686.42259411,25.0,0.0
SOLVENTE,2014,1,Janeiro,2014-01,215347.60888778,68125.6026835358,11134241.0,163.436954117264,25.0,283473.21157131577,58.269813682337826,9431100.932911605
ÓLEO COMBUSTÍVEL,2014,1,Janeiro,2014-01,8314286.774159161,116335.73589627839,13900581.0,119.48676726808485,25.0,8430622.51005544,26.303840563313365,10992187.60259304
ÓLEO DIESEL,2014,1,Janeiro,2014-01,24646071.603481278,8244826.255267279,1036978743.0,125.77326809494828,25.0,32890897.858748555,50.261033924536676,830858086.618318
ASFALTO,2014,2,Fevereiro,2014-02,1645565.042792871,490.56222520000006,195220.0,397.95155430161725,25.0,1646055.605018071,25.11114809476196,182955.94437
COQUE,2014,2,Fevereiro,2014-02,2295727.6280988404,1497561.2322077693,27016828.0,18.040549807883735,25.0,3793288.8603066094,22.252462654702285,-10422202.80519423
GASOLINA A,2014,2,Fevereiro,2014-02,13844538.68081544,2360866.1967257415,273640893.0,115.9069892988893,25.0,16205404.87754118,38.24368256786314,214619238.08185646
GASOLINA DE AVIAÇÃO,2014,2,Fevereiro,2014-02,43236.153940000004,0.0,0.0,,25.0,43236.153940000004,25.0,0.0
GLP,2014,2,Fevereiro,2014-02,3234860.716076196,1696101.4933220833,125826236.0,74.1855581729071,25.0,4930962.209398279,41.91834070598729,83423698.66694792
LUBRIFICANTE,2014,2,Fevereiro,2014-02,305728.79467000003,436609.28213244205,71193440.0,163.05984071681743,25.0,742338.0768024421,106.2004797144883,60278207.94668895
NAFTA,2014,2,Fevereiro,2014-02,2425911.756664498,4122126.231684287,440558468.0,106.87651062543742,25.0,6548037.988348785,76.54296795596346,337505312.20789284
OUTROS ENERGÉTICOS,2014,2,Fevereiro,2014-02,224017.87296,0.0,0.0,,25.0,224017.87296,25.0,0.0
OUTROS NÃO ENERGÉTICOS,2014,2,Fevereiro,2014-02,1412235.934039988,1062.2863020949076,276117.0,259.9271020020467,25.0,1413298.220342083,25.176579747186853,249559.84244762734
PARAFINA,2014,2,Fevereiro,2014-02,59890.740976851564,14693.502412999997,3412895.0,232.2723952446123,25.0,74584.24338985156,65.83379144514322,3045557.439675
QUEROSENE DE AVIAÇÃO,2014,2,Fevereiro,2014-02,2787882.80478,340768.7436444055,42363203.0,124.3165747742589,25.0,3128651.5484244055,35.81743488690319,33843984.40888986
QUEROSENE ILUMINANTE,2014,2,Fevereiro,2014-02,6233.201709999999,0.0,0.0,,25.0,6233.201709999999,25.0,0.0
SOLVENTE,2014,2,Fevereiro,2014-02,204366.44975213,322513.7765430361,42952604.0,133.18067978490967,25.0,526880.2262951661,91.2195274090213,34889759.5864241
ÓLEO COMBUSTÍVEL,2014,2,Fevereiro,2014-02,7785467.864253235,175200.31672238896,20278081.0,115.74226222508108,25.0,7960668.180975624,26.99707772268833,15898073.081940277
ÓLEO DIESEL,2014,2,Fevereiro,2014-02,22564779.154077057,6000993.618531267,758666009.0,126.42339872803967,25.0,28565772.772608325,46.306658614898154,608641168.5367184
ASFALTO,2014,3,Março,2014-03,1441594.8958495131,1398.1235124000002,292810.0,209.4307100932494,25.0,1442993.0193619132,25.178695883299575,257856.91219
COQUE,2014,3,Março,2014-03,2672839.7784059,1532012.0698386924,33522756.0,21.88152212373213,25.0,4204851.848244593,23.863801646671142,-4777545.745967311
GASOLINA A,2014,3,Março,2014-03,15129318.222932132,1280443.7136578977,148918310.0,116.3021134092484,25.0,16409761.936590029,32.12424821336842,116907217.15855257
GASOLINA DE AVIAÇÃO,2014,3,Março,2014-03,44494.11594,0.0,0.0,,25.0,44494.11594,25.0,0.0
GLP,2014,3,Março,2014-03,4066627.4542201706,1829362.5469391667,124721958.0,68.1778241326089,25.0,5895990.001159337,38.396884036606124,78987894.32652085
LUBRIFICANTE,2014,3,Março,2014-03,360607.38692,163358.35290766283,32638617.0,199.7976621278053,25.0,523965.7398276628,79.49718561122016,28554658.17730843
NAFTA,2014,3,Março,2014-03,3021075.659918852,3472229.9558632765,364173140.0,104.88163071833708,25.0,6493305.615782129,67.71589965352474,277367391.1034181
OUTROS ENERGÉTICOS,2014,3,Março,2014-03,248353.14785,0.0,0.0,,25.0,248353.14785,25.0,0.0
OUTROS NÃO ENERGÉTICOS,2014,3,Março,2014-03,1721502.3777593016,4702.310003159722,1135551.0,241.48790684513892,25.0,1726204.6877624614,25.589729165456358,1017993.2499210068
PARAFINA,2014,3,Março,2014-03,81615.11689095235,15242.6411785,3950313.0,259.1619755224562,25.0,96857.75806945235,61.85039837467799,3569246.9705375
QUEROSENE DE AVIAÇÃO,2014,3,Março,2014-03,3409498.43727,808604.7248512766,102364023.0,126.59340200964989,25.0,4218103.162121276,44.47531905251117,82148904.87871808
QUEROSENE ILUMINANTE,2014,3,Março,2014-03,7531.324146850001,0.0,0.0,,25.0,7531.324146850001,25.0,0.0
SOLVENTE,2014,3,Março,2014-03,229541.31364017003,237416.9592855195,35511851.0,149.57588163402082,25.0,466958.2729256895,88.33847954454964,29576427.017862014
ÓLEO COMBUSTÍVEL,2014,3,Março,2014-03,9580185.917774066,176252.77641086874,21117846.0,119.81567853871125,25.0,9756438.694184935,26.712871582915678,16711526.58972828
ÓLEO DIESEL,2014,3,Março,2014-03,26848967.30806086,3646777.008869871,466543691.0,127.93315573319931,25.0,30495744.31693073,37.30907046823093,375374265.7782532
ASFALTO,2014,4,Abril,2014-04,1546442.019375646,1669.1867096,356278.0,213.44406707226756,25.0,1548111.206085246,25.203182000765572,314548.33226
COQUE,2014,4,Abril,2014-04,2642710.4844387,1248614.7073111057,24207895.0,19.38780222454031,25.0,3891325.1917498056,23.199206610222518,-7007472.68277764
GASOLINA A,2014,4,Abril,2014-04,14534001.619491851,1497654.5880899732,171378412.0,114.43120019988498,25.0,16031656.207581824,33.354535898443736,133937047.29775067
GASOLINA DE AVIAÇÃO,2014,4,Abril,2014-04,66791.49239,0.0,0.0,,25.0,66791.49239,25.0,0.0
GLP,2014,4,Abril,2014-04,3820608.3416798273,1422568.3559358332,91977052.0,64.65562910647841,25.0,5243176.697615661,35.75928704200604,56412843.10160417
LUBRIFICANTE,2014,4,Abril,2014-04,414599.11596,408888.4731275463,73746221.0,180.35778909569805,25.0,823487.5890875463,102.1402143925426,63524009.17181134
NAFTA,2014,4,Abril,2014-04,2993018.886534779,2483051.643051653,260111898.0,104.75492876995675,25.0,5476070.5295864325,61.16381597967929,198035606.92370868
OUTROS ENERGÉTICOS,2014,4,Abril,2014-04,194386.57805,0.0,0.0,,25.0,194386.57805,24.999999999999996,0.0
OUTROS NÃO ENERGÉTICOS,2014,4,Abril,2014-04,1783989.7497137378,3131.7502700578707,717391.0,229.07030833807306,25.0,1787121.4999837957,25.35761264315512,639097.2432485532
PARAFINA,2014,4,Abril,2014-04,55974.03841246908,16145.351641500005,3914468.0,242.4517029371013,25.0,72119.39005396908,73.68086386109532,3510834.2089624996
QUEROSENE DE AVIAÇÃO,2014,4,Abril,2014-04,2919805.2797199995,1445167.1264737046,178580584.0,123.57088722032272,25.0,4364972.406193704,57.63512173319242,142451405.8381574
QUEROSENE ILUMINANTE,2014,4,Abril,2014-04,6987.916011899999,0.0,0.0,,25.0,6987.916011899999,24.999999999999996,0.0
SOLVENTE,2014,4,Abril,2014-04,188994.70761541,217306.6966196357,18617175.0,85.67234829668735,25.0,406301.4042350457,57.45006649517229,13184507.584509108
ÓLEO COMBUSTÍVEL,2014,4,Abril,2014-04,8780848.289671779,0.012418183613030605,100.0,8052.707474470611,25.0,8780848.302089963,25.00001135306544,99.68954540967424
ÓLEO DIESEL,2014,4,Abril,2014-04,26350272.738512162,3897443.736350986,502823423.0,129.01364510030683,25.0,30247716.47486315,38.40224575062106,405387329.5912253
ASFALTO,2014,5,Maio,2014-05,1696437.1466855316,781.2373568,251547.0,321.98537078456303,25.0,1697218.3840423315,25.136703719604665,232016.06608
COQUE,2014,5,Maio,2014-05,2609210.2086768504,3091733.0993103464,50236620.0,16.248692363259288,25.0,5700943.307987196,20.25399464245656,-27056707.482758667
GASOLINA A,2014,5,Maio,2014-05,15281083.601765832,1797149.6300558355,206196258.0,114.73516425763263,25.0,17078233.231821667,34.442868888107014,161267517.24860412
GASOLINA DE AVIAÇÃO,2014,5,Maio,2014-05,25278.74639,0.0,0.0,,25.0,25278.74639,25.0,0.0
GLP,2014,5,Maio,2014-05,4217602.657030147,1479756.5732545834,97239976.0,65.71349487985714,25.0,5697359.23028473,35.57438354042923,60246061.66863542
LUBRIFICANTE,2014,5,Maio,2014-05,318094.56113000005,471742.01055506704,87440586.0,185.35679257633754,25.0,789836.5716850671,120.77555465016654,75647035.73612332
NAFTA,2014,5,Maio,2014-05,2286183.9918765747,4915066.137071824,513628677.0,104.50086787763897,25.0,7201250.128948398,79.26169298055838,390752023.5732044
OUTROS ENERGÉTICOS,2014,5,Maio,2014-05,166591.90766,0.0,0.0,,25.0,166591.90766,25.0,0.0
OUTROS NÃO ENERGÉTICOS,2014,5,Maio,2014-05,1505134.8902107824,3164.0365054166673,750776.0,237.28424078379317,25.0,1508298.9267161991,25.445319608379567,671675.0873645833
PARAFINA,2014,5,Maio,2014-05,69879.91157208261,10346.2235265,2778089.0,268.5123700338024,25.0,80226.13509858261,56.40414789696147,2519433.4118375
QUEROSENE DE AVIAÇÃO,2014,5,Maio,2014-05,3224099.99771,231675.79141997496,27587958.0,119.08002053606616,25.0,3455775.789129975,31.30714043516926,21796063.214500625
QUEROSENE ILUMINANTE,2014,5,Maio,2014-05,7871.04936457,0.0,0.0,,25.0,7871.04936457,25.0,0.0
SOLVENTE,2014,5,Maio,2014-05,204997.55670791,319702.1211254901,35537326.0,111.15761720595785,25.0,524699.6778334001,77.49626431180813,27544772.97186275
ÓLEO COMBUSTÍVEL,2014,5,Maio,2014-05,8001189.215083767,303221.0790893683,47083986.0,155.2793959489965,25.0,8304410.294173135,29.756925250969807,39503459.02276579
ÓLEO DIESEL,2014,5,Maio,2014-05,25170849.12154007,4913674.444362699,628179406.0,127.84310664307239,25.0,30084523.56590277,41.79725935443008,505337544.8909325
ASFALTO,2014,6,Junho,2014-06,1682645.6922351862,574.5388592,194438.0,338.4244544759593,25.0,1683220.2310943862,25.10698215550969,180074.52852
COQUE,2014,6,Junho,2014-06,2529595.383473523,2375939.119596221,44539621.0,18.746112066865283,25.0,4905534.5030697435,21.97100143101485,-14858856.989905529
GASOLINA A,2014,6,Junho,2014-06,15465746.454336142,1044168.0182278438,119858192.0,114.78822364567597,25.0,16509914.472563986,30.678647923955232,93753991.54430391
GASOLINA DE AVIAÇÃO,2014,6,Junho,2014-06,37097.299380000004,0.0,0.0,,25.0,37097.299380000004,25.0,0.0
GLP,2014,6,Junho,2014-06,4274669.6259940835,1151692.2758587499,65590563.0,56.95146557364287,25.0,5426361.901852833,31.781386271152776,36798256.10353126
LUBRIFICANTE,2014,6,Junho,2014-06,406567.02859,396599.22293756966,72166988.0,181.96452193089675,25.0,803166.2515275697,102.50824603021043,62252007.42656076
NAFTA,2014,6,Junho,2014-06,2934769.4440114633,4008725.410426411,418678270.0,104.44174323116457,25.0,6943494.854437875,70.86453096250207,318460134.7393397
OUTROS ENERGÉTICOS,2014,6,Junho,2014-06,0.0,0.0,0.0,,25.0,0.0,,0.0
OUTROS NÃO ENERGÉTICOS,2014,6,Junho,2014-06,1657347.497123038,2446.4594548379628,557897.0,228.04261026960341,25.0,1659793.956577876,25.29927540804716,496735.5136290509
PARAFINA,2014,6,Junho,2014-06,71367.48502222793,11335.00467,3067895.0,270.65670366415475,25.0,82702.48969222793,58.66911798680322,2784519.8832500004
QUEROSENE DE AVIAÇÃO,2014,6,Junho,2014-06,3166126.8189400006,1501947.9965796245,185209678.0,123.3129764957087,25.0,4668074.815519625,56.63209329777474,147660978.0855094
QUEROSENE ILUMINANTE,2014,6,Junho,2014-06,6660.90879,0.0,0.0,,25.0,6660.90879,25.0,0.0
SOLVENTE,2014,6,Junho,2014-06,203726.60625026003,148409.0855427127,22587937.0,152.20049983731693,25.0,352135.69179297274,78.60919185815094,18877709.861432184
ÓLEO COMBUSTÍVEL,2014,6,Junho,2014-06,8937374.459987795,60100.22735015795,7232443.0,120.33969452165462,25.0,8997474.687337954,25.636838392478026,5729937.316246051
ÓLEO DIESEL,2014,6,Junho,2014-06,26612617.718970157,6449158.202202583,801130473.0,124.22248732034356,25.0,33061775.921172738,44.35472309384152,639901517.9449354
ASFALTO,2014,7,Julho,2014-07,1810618.929402952,83093.0353548,7691444.0,92.5642440086369,25.0,1893711.9647577521,27.964610363460512,5614118.11613
COQUE,2014,7,Julho,2014-07,2590706.630411019,1697627.478448298,32210414.0,18.97378218067114,25.0,4288334.108859317,22.61439461070148,-10230272.961207453
GASOLINA A,2014,7,Julho,2014-07,15631455.09026765,1648883.2194601619,192160402.0,116.53972806085842,25.0,17280338.309727814,33.73468556043989,150938321.51349595
GASOLINA DE AVIAÇÃO,2014,7,Julho,2014-07,38166.56708,0.0,0.0,,25.0,38166.56708,25.0,0.0
GLP,2014,7,Julho,2014-07,4170444.428884456,5262131.526443333,313721075.0,59.6186304776847,25.0,9432575.95532779,44.3126233705039,182167786.8389167
LUBRIFICANTE,2014,7,Julho,2014-07,372432.22972,398760.4894183604,76341680.0,191.44745285911705,25.0,771192.7191383603,111.06495642061815,66372667.764540985
NAFTA,2014,7,Julho,2014-07,3024342.335162817,2313654.5697300853,243739292.0,105.3481773765541,25.0,5337996.904892903,59.82540943145742,185897927.75674787
OUTROS ENERGÉTICOS,2014,7,Julho,2014-07,155018.65726,0.0,0.0,,25.0,155018.65726,25.0,0.0
OUTROS NÃO ENERGÉTICOS,2014,7,Julho,2014-07,1725211.913415286,3386.210939895833,866714.0,255.95393062744697,25.0,1728598.1243551818,25.45242368106487,782058.7265026042
PARAFINA,2014,7,Julho,2014-07,78747.613721551,20788.481713,5058976.0,243.3547610567629,25.0,99536.095434551,70.60419953543133,4539263.957175001
QUEROSENE DE AVIAÇÃO,2014,7,Julho,2014-07,3282978.90912,987331.7778526783,119187632.0,120.71690051263013,25.0,4270310.686972679,47.130553133284856,94504337.55368304
QUEROSENE ILUMINANTE,2014,7,Julho,2014-07,4717.3575,0.0,0.0,,25.0,4717.3575,25.0,0.0
SOLVENTE,2014,7,Julho,2014-07,183848.11461158,144530.95506685568,22367606.0,154.75996813038023,25.0,328379.0696784357,82.11183767495821,18754332.12332861
ÓLEO COMBUSTÍVEL,2014,7,Julho,2014-07,8701589.164778592,120047.99666009874,12619499.0,105.12044641386704,25.0,8821637.16143869,26.090307718111696,9618299.083497532
ÓLEO DIESEL,2014,7,Julho,2014-07,27912788.474579383,6480090.720012348,815297159.0,125.81570138858278,25.0,34392879.19459173,43.995062533247335,653294890.9996912
ASFALTO,2014,8,Agosto,2014-08,2071768.2659233906,697.09504,224929.0,322.6661891038559,25.0,2072465.3609633907,25.100123084278497,207501.624
COQUE,2014,8,Agosto,2014-08,2490870.325725905,1783184.0686149232,26797610.0,15.027955033725078,25.0,4274054.394340828,20.839549506221122,-17781991.71537308
GASOLINA A,2014,8,Agosto,2014-08,16187719.081093233,746374.4800658086,89275002.0,119.61154137012902,25.0,16934093.56115904,29.170027745702473,70615639.9983548
GASOLINA DE AVIAÇÃO,2014,8,Agosto,2014-08,91246.27367,0.0,0.0,,25.0,91246.27367,24.999999999999996,0.0
GLP,2014,8,Agosto,2014-08,4175650.4612825233,2279244.317910417,134452638.0,58.99000688230936,25.0,6454894.77919294,37.00198186064404,77471530.05223957
LUBRIFICANTE,2014,8,Agosto,2014-08,252529.58169000002,520687.5786204529,92930035.0,178.47561343064015,25.0,773217.1603104529,128.35110191088236,79912845.53448868
NAFTA,2014,8,Agosto,2014-08,2417256.1898807203,5111618.2823690735,554804937.0,108.53802188508988,25.0,7528874.472249794,81.71690788771669,427014479.9407732
OUTROS ENERGÉTICOS,2014,8,Agosto,2014-08,386930.24176999996,0.0,0.0,,25.0,386930.24176999996,24.999999999999996,0.0
OUTROS NÃO ENERGÉTICOS,2014,8,Agosto,2014-08,1678549.271334111,3012.8626692361117,954656.0,316.8601110657479,25.0,1681562.134003347,25.522927113716364,879334.4332690972
PARAFINA,2014,8,Agosto,2014-08,78466.4483592366,10985.6364065,2844713.0,258.948402690338,25.0,89452.0847657366,53.73127101026416,2570072.0898375
QUEROSENE DE AVIAÇÃO,2014,8,Agosto,2014-08,3584084.69344,0.0,0.0,,25.0,3584084.69344,25.0,0.0
QUEROSENE ILUMINANTE,2014,8,Agosto,2014-08,3339.88911,0.0,0.0,,25.0,3339.88911,25.0,0.0
SOLVENTE,2014,8,Agosto,2014-08,176514.29049873003,251105.3598944939,35232319.0,140.30890863820449,25.0,427619.6503932239,92.71130600759798,28954685.00263765
ÓLEO COMBUSTÍVEL,2014,8,Agosto,2014-08,9070799.412835162,412018.6111961205,55441663.0,134.56106470299667,25.0,9482818.024031283,29.76031466655803,45141197.72009699
ÓLEO DIESEL,2014,8,Agosto,2014-08,26405291.190352406,3567603.2946366663,449336107.0,125.94901111216782,25.0,29972894.484989073,37.01572390062129,360146024.6340834
ASFALTO,2014,9,Setembro,2014-09,2100156.612988727,1194.8552624000001,247622.0,207.2401635513774,25.0,2101351.4682511273,25.10362408275338,217750.61844
COQUE,2014,9,Setembro,2014-09,2371310.688216215,2156643.5150263365,34700471.0,16.090035630935624,25.0,4527954.203242552,20.756225435783396,-19215616.87565841
GASOLINA A,2014,9,Setembro,2014-09,15205475.30531023,459324.68334506743,55304064.0,120.40298726653201,25.0,15664799.988655299,27.797415029116816,43820946.91637331
GASOLINA DE AVIAÇÃO,2014,9,Setembro,2014-09,63917.04922,0.0,0.0,,25.0,63917.04922,25.0,0.0
GLP,2014,9,Setembro,2014-09,3930472.4838562654,891785.3167679168,53844642.0,60.37848009782026,25.0,4822257.800624182,31.54258034000553,31550009.08080208
LUBRIFICANTE,2014,9,Setembro,2014-09,403258.58853,349106.84964909306,65853502.0,188.6342306551506,25.0,752365.4381790931,100.92830273680705,57125830.75877267
NAFTA,2014,9,Setembro,2014-09,2162617.991031441,3013361.5085121086,319564039.0,106.04902136610534,25.0,5175979.4995435495,72.1852721419656,244230001.2871973
OUTROS ENERGÉTICOS,2014,9,Setembro,2014-09,196858.47338,0.0,0.0,,25.0,196858.47338,24.999999999999996,0.0
OUTROS NÃO ENERGÉTICOS,2014,9,Setembro,2014-09,1542624.6020709188,2104.7349511226853,498996.0,237.08258359744104,25.0,1544729.3370220414,25.288968180718616,446377.6262219329
PARAFINA,2014,9,Setembro,2014-09,54603.984852100104,10616.439900500003,2847981.0,268.26139710599864,25.0,65220.424752600105,64.59756490829265,2582570.0024875
QUEROSENE DE AVIAÇÃO,2014,9,Setembro,2014-09,3028719.6296800002,1017825.823722328,123961807.0,121.79078591920054,25.0,4046545.4534023283,49.34574442358224,98516161.4069418
QUEROSENE ILUMINANTE,2014,9,Setembro,2014-09,5648.24938,0.0,0.0,,25.0,5648.24938,24.999999999999996,0.0
SOLVENTE,2014,9,Setembro,2014-09,164730.82206891,783323.0400741451,95433244.0,121.83127409474233,25.0,948053.8621430551,105.00618005678362,75850167.99814637
ÓLEO COMBUSTÍVEL,2014,9,Setembro,2014-09,8186613.368029406,372849.92774400796,51133547.0,137.1424350526021,25.0,8559463.295773415,29.884920626629278,41812298.8063998
ÓLEO DIESEL,2014,9,Setembro,2014-09,25723372.981051043,8010567.61929689,987650137.0,123.29340240769216,25.0,33733940.600347936,48.34106044253414,787385946.5175778
ASFALTO,2014,10,Outubro,2014-10,2009080.2346207786,33026.09866360002,3449419.0,104.44524601998494,25.0,2042106.3332843785,26.284833453892738,2623766.5334099997
COQUE,2014,10,Outubro,2014-10,2382828.9443939934,2675234.5937840194,42058017.0,15.721244446271347,25.0,5058063.538178013,20.092420714520713,-24822847.844600484
GASOLINA A,2014,10,Outubro,2014-10,15432828.34373292,460979.34417037736,58648203.0,127.22522981056544,25.0,15893807.687903296,27.964910631931595,47123719.39574056
GASOLINA DE AVIAÇÃO,2014,10,Outubro,2014-10,43670.15083,0.0,0.0,,25.0,43670.15083,25.0,0.0
GLP,2014,10,Outubro,2014-10,4051205.532159652,1151993.9246633335,66688453.0,57.889587412094635,25.0,5203199.456822986,32.28178982908932,37888604.88341667
LUBRIFICANTE,2014,10,Outubro,2014-10,336058.25849000004,301837.7865568139,62833128.0,208.168528919997,25.0,637896.045046814,111.67114926542963,55287183.33607965
NAFTA,2014,10,Outubro,2014-10,2111426.4104821784,3271190.971914573,340622343.0,104.1279295291768,25.0,5382617.382396752,73.08860639967672,258842568.70213568
OUTROS ENERGÉTICOS,2014,10,Outubro,2014-10,256819.23211,0.0,0.0,,25.0,256819.23211,25.0,0.0
OUTROS NÃO ENERGÉTICOS,2014,10,Outubro,2014-10,1735327.0798687127,5209.149299247685,1250061.0,239.97411634574115,25.0,1740536.2291679604,25.64338348650986,1119832.267518808
PARAFINA,2014,10,Outubro,2014-10,68035.62567467017,11460.463368,2921549.0,254.92416023575217,25.0,79496.08904267017,58.14675536284084,2635037.4158
QUEROSENE DE AVIAÇÃO,2014,10,Outubro,2014-10,3047752.5947400006,478642.4809387734,57382995.0,119.88696633749119,25.0,3526395.075678774,37.87913917807086,45416932.97653066
QUEROSENE ILUMINANTE,2014,10,Outubro,2014-10,6060.445788540001,0.0,0.0,,25.0,6060.445788540001,25.0,0.0
SOLVENTE,2014,10,Outubro,2014-10,230126.25339055003,338516.3009591093,46008481.0,135.91215805456156,25.0,568642.5543496594,91.02666857910782,37545573.476022266
ÓLEO COMBUSTÍVEL,2014,10,Outubro,2014-10,8531945.586440677,180146.26814633762,18454355.0,102.44095084450505,25.0,8712091.854587015,26.601302939545608,13950698.296341559
ÓLEO DIESEL,2014,10,Outubro,2014-10,27021470.353114102,4095243.459126749,496939373.0,121.3455019121049,25.0,31116713.81224085,37.67994714681658,394558286.5218313
ASFALTO,2014,11,Novembro,2014-11,1865607.4007934604,812.7170888,326257.0,401.43981773747095,25.0,1866420.1178822604,25.16391758203246,305939.07278
COQUE,2014,11,Novembro,2014-11,2457956.2675450253,1537433.6018076635,30466739.0,19.816621000203337,25.0,3995389.869352689,23.00542592693646,-7969101.045191587
GASOLINA A,2014,11,Novembro,2014-11,15384090.96472167,1057049.2100345285,123013585.0,116.37451107501586,25.0,16441140.1747562,30.87473579827739,96587354.74913679
GASOLINA DE AVIAÇÃO,2014,11,Novembro,2014-11,22649.60581,0.0,0.0,,25.0,22649.60581,25.0,0.0
GLP,2014,11,Novembro,2014-11,3875786.481725634,2577619.6182262497,144505023.0,56.06142270884754,25.0,6453406.099951884,37.40655419855582,80064532.54434375
LUBRIFICANTE,2014,11,Novembro,2014-11,369399.5378672763,284721.7434865697,58164594.0,204.28574680578834,25.0,654121.281353846,103.0383575155724,51046550.412835754
NAFTA,2014,11,Novembro,2014-11,2597561.7938738493,3396480.008944145,324789556.0,95.62534010054912,25.0,5994041.802817995,65.01933314239184,239877555.77639636
OUTROS ENERGÉTICOS,2014,11,Novembro,2014-11,587669.52792,0.0,0.0,,25.0,587669.52792,25.0,0.0
OUTROS NÃO ENERGÉTICOS,2014,11,Novembro,2014-11,1715353.6278693536,1901.0004341550925,432577.0,227.55228890426878,25.0,1717254.6283035087,25.22422533199198,385051.98914612265
PARAFINA,2014,11,Novembro,2014-11,77326.56951620446,8816.4496885,2297231.0,260.5619133738677,25.0,86143.01920470445,49.10897339054585,2076819.7577875
QUEROSENE DE AVIAÇÃO,2014,11,Novembro,2014-11,3333876.0516400007,511733.24219769717,59950422.0,117.15170533486554,25.0,3845609.2938376977,37.26257982593897,47157090.94505757
QUEROSENE ILUMINANTE,2014,11,Novembro,2014-11,6377.86734,0.0,0.0,,25.0,6377.86734,25.0,0.0
SOLVENTE,2014,11,Novembro,2014-11,220258.34030642,402894.1445457219,47866721.0,118.80718955092163,25.0,623152.4848521419,85.65027149065222,37794367.38635695
ÓLEO COMBUSTÍVEL,2014,11,Novembro,2014-11,7898516.911098033,375784.7605409181,45573964.0,121.27677539237939,25.0,8274301.671638952,29.372495277817293,36179344.98647705
ÓLEO DIESEL,2014,11,Novembro,2014-11,26544349.70424185,5631480.872040904,668071844.0,118.63164577488553,25.0,32175830.576282755,41.38760562680381,527284822.1989774
ASFALTO,2014,12,Dezembro,2014-12,1264622.204783413,43986.19383920001,4379792.0,99.57197060539433,25.0,1308608.3986226132,27.50658421378965,3280137.1540200002
COQUE,2014,12,Dezembro,2014-12,2469648.6916445377,2267060.990474769,33700484.0,14.865274530149465,25.0,4736709.682119306,20.14936690154309,-22976040.761869222
GASOLINA A,2014,12,Dezembro,2014-12,14875173.01548629,1052690.9057449999,110612052.0,105.07552729518333,25.0,15927863.92123129,30.29228399823362,84294779.35637501
GASOLINA DE AVIAÇÃO,2014,12,Dezembro,2014-12,34040.45172,0.0,0.0,,25.0,34040.45172,25.0,0.0
GLP,2014,12,Dezembro,2014-12,3933697.4554799963,1611938.7421433332,85906344.0,53.29380190079284,25.0,5545636.197623329,33.22410158566886,45607875.44641667
LUBRIFICANTE,2014,12,Dezembro,2014-12,400174.12496230623,381530.9737874767,64194189.0,168.25420060327247,25.0,781705.0987497829,94.91884118797077,54655914.655313075
NAFTA,2014,12,Dezembro,2014-12,2811905.794354674,4597699.419852849,400769144.0,87.16732161077785,25.0,7409605.214207523,63.57515349881549,285826658.5036788
OUTROS ENERGÉTICOS,2014,12,Dezembro,2014-12,294048.6175,0.0,0.0,,25.0,294048.6175,25.0,0.0
OUTROS NÃO ENERGÉTICOS,2014,12,Dezembro,2014-12,1797772.022498025,3071.37828587963,665579.0,216.70368741614678,25.0,1800843.4007839048,25.326954882693688,588794.5428530093
PARAFINA,2014,12,Dezembro,2014-12,77529.75242551696,10058.150228499999,2769520.0,275.35082863969376,25.0,87587.90265401696,53.74901862000478,2518066.2442874997
QUEROSENE DE AVIAÇÃO,2014,12,Dezembro,2014-12,3223099.9179200004,1124751.5467326783,120497442.0,107.13249726131636,25.0,4347851.464652679,46.246966250504734,92378653.33168304
QUEROSENE ILUMINANTE,2014,12,Dezembro,2014-12,5393.59384253,0.0,0.0,,25.0,5393.59384253,25.0,0.0
SOLVENTE,2014,12,Dezembro,2014-12,158993.59074684,539886.1978574494,64036926.0,118.61189682961333,25.0,698879.7886042894,97.31539941152847,50539771.053563766
ÓLEO COMBUSTÍVEL,2014,12,Dezembro,2014-12,8533129.470939094,216625.52073700892,18478396.0,85.30110366097368,25.0,8749754.991676103,26.49292842988195,13062757.98157478
ÓLEO DIESEL,2014,12,Dezembro,2014-12,26645840.95354875,9980434.536771314,1113204987.0,111.5387293908471,25.0,36626275.490320064,48.58127087776049,863694123.5807171
ASFALTO,2015,1,Janeiro,2015-01,868909.0544562301,44451.0015936,4067649.0,91.50860170011681,25.0,913360.0560498302,28.236811091724277,2956373.96016
COQUE,2015,1,Janeiro,2015-01,2449795.7125206683,1475124.5667057405,28384202.0,19.241901762498482,25.0,3924920.279226409,22.835901989500375,-8493912.167643514
GASOLINA A,2015,1,Janeiro,2015-01,13744497.17712814,2265195.872450364,192198148.0,84.84835697324958,25.0,16009693.049578503,33.46788572203826,135568251.1887409
GASOLINA DE AVIAÇÃO,2015,1,Janeiro,2015-01,59029.86685,0.0,0.0,,25.0,59029.86685,25.0,0.0
GLP,2015,1,Janeiro,2015-01,4004598.5309952274,1625073.187195,67011285.0,41.23585665434957,25.0,5629671.718190228,29.68667741937301,26384455.320125002
LUBRIFICANTE,2015,1,Janeiro,2015-01,383774.58911839663,256510.6657333721,47278184.0,184.31274140133775,25.0,640285.2548517687,88.82376768324359,40865417.35666569
NAFTA,2015,1,Janeiro,2015-01,2608878.2001574985,3218474.631769801,276566453.0,85.93090971418326,25.0,5827352.8319272995,58.65243067681156,196104587.20575497
OUTROS ENERGÉTICOS,2015,1,Janeiro,2015-01,162773.99299,0.0,0.0,,25.0,162773.99299,25.0,0.0
OUTROS NÃO ENERGÉTICOS,2015,1,Janeiro,2015-01,1163655.1208111118,2476.2850932291667,1006376.0,406.40554787156947,25.0,1166131.405904341,25.809916333517172,944468.8726692708
PARAFINA,2015,1,Janeiro,2015-01,64056.00104576454,11172.4744455,2514987.0,225.10563906574657,25.0,75228.47549126454,54.718469293214696,2235675.1388625
QUEROSENE DE AVIAÇÃO,2015,1,Janeiro,2015-01,3318258.4534100005,323570.805067572,31441884.0,97.17157267459258,25.0,3641829.2584775724,31.41233078649959,23352613.8733107
QUEROSENE ILUMINANTE,2015,1,Janeiro,2015-01,4453.4559418300005,0.0,0.0,,25.0,4453.4559418300005,25.0,0.0
SOLVENTE,2015,1,Janeiro,2015-01,201160.67826075997,393159.4539918758,49126100.0,124.95210149776821,25.0,594320.1322526358,91.12112145899602,39297113.6502031
ÓLEO COMBUSTÍVEL,2015,1,Janeiro,2015-01,7381900.202210595,358388.4437811057,28400917.0,79.2461852295286,25.0,7740288.645991701,27.51169004085396,19441205.905472357
ÓLEO DIESEL,2015,1,Janeiro,2015-01,24279826.285329215,4751529.03372277,481060475.0,101.24329906979321,25.0,29031355.319051985,37.47865437819183,362272249.15693074
ASFALTO,2015,2,Fevereiro,2015-02,661459.800475396,523.6067392,144552.0,276.0697851613901,25.0,661983.4072145959,25.198587804599438,131461.83152
COQUE,2015,2,Fevereiro,2015-02,2262396.248420973,1493358.719847846,19248570.0,12.889448291406621,25.0,3755754.968268819,20.184617167788115,-18085397.996196155
GASOLINA A,2015,2,Fevereiro,2015-02,12744680.5905174,2207656.3514970485,163801084.0,74.196821388856,25.0,14952336.942014448,32.263725773018955,108609675.21257378
GASOLINA DE AVIAÇÃO,2015,2,Fevereiro,2015-02,21492.28077,0.0,0.0,,25.0,21492.28077,25.0,0.0
GLP,2015,2,Fevereiro,2015-02,3739183.079297178,1159231.2170566663,42291751.0,36.482584645520866,25.0,4898414.296353844,27.71740399408262,13310970.573583342
LUBRIFICANTE,2015,2,Fevereiro,2015-02,382128.525755978,224679.5390308023,37179632.0,165.4784951063251,25.0,606808.0647867803,77.01421232811136,31562643.52422994
NAFTA,2015,2,Fevereiro,2015-02,1724549.5489592305,4177418.042947663,253522469.0,60.688795421851026,25.0,5901967.591906894,50.260561940520454,149087017.92630842
OUTROS ENERGÉTICOS,2015,2,Fevereiro,2015-02,0.0,0.0,0.0,,25.0,0.0,,0.0
OUTROS NÃO ENERGÉTICOS,2015,2,Fevereiro,2015-02,1303089.8087063471,2396.956320578704,611339.0,255.04803519006248,25.0,1305486.7650269258,25.422382751596995,551415.0919855323
PARAFINA,2015,2,Fevereiro,2015-02,56853.20213849116,10119.997469999997,2578547.0,254.79719808665138,25.0,66973.19960849115,59.72354728226479,2325547.06325
QUEROSENE DE AVIAÇÃO,2015,2,Fevereiro,2015-02,2818067.60297,1521712.4610321529,141693277.0,93.11435677137831,25.0,4339780.0640021525,48.88380607901349,103650465.47419618
QUEROSENE ILUMINANTE,2015,2,Fevereiro,2015-02,4100.956120000001,0.0,0.0,,25.0,4100.956120000001,25.0,0.0
SOLVENTE,2015,2,Fevereiro,2015-02,196498.71511743002,899667.9729425643,76380979.0,84.89907532239812,25.0,1096166.6880599943,74.16157393161585,53889279.67643589
ÓLEO COMBUSTÍVEL,2015,2,Fevereiro,2015-02,6914584.369228711,509753.7769767128,33362808.0,65.44886866335887,25.0,7424338.146205424,27.777212348028694,20618963.575582184
ÓLEO DIESEL,2015,2,Fevereiro,2015-02,22154127.61846087,4883310.59329507,472130125.0,96.68238707737505,25.0,27037438.211755943,37.946765053185466,350047360.1676233
ASFALTO,2015,3,Março,2015-03,987824.5149947379,522.3242316,157250.0,301.0582134363303,25.0,988346.839226338,25.14589199710789,144191.89421
COQUE,2015,3,Março,2015-03,2497188.75603907,2469979.7260292405,46117870.0,18.671355685230445,25.0,4967168.4820683105,21.853011286578695,-15631623.150731016
GASOLINA A,2015,3,Março,2015-03,12323828.0196592,1933295.6022120079,103821707.0,53.70193098314138,25.0,14257123.621871209,28.892041509661606,55489316.9446998
GASOLINA DE AVIAÇÃO,2015,3,Março,2015-03,64722.1449,0.0,0.0,,25.0,64722.1449,25.0,0.0
GLP,2015,3,Março,2015-03,4011227.450934004,1708278.155277083,52731866.0,30.86843078634749,25.0,5719505.606211087,26.752758508914898,10024912.118072929
LUBRIFICANTE,2015,3,Março,2015-03,322185.6882963177,305667.09602213954,46359339.0,151.6661086630083,25.0,627852.7843184572,86.66678330729243,38717661.59944651
NAFTA,2015,3,Março,2015-03,2465851.016823416,6316458.769150214,376049481.0,59.534858809913814,25.0,8782309.78597363,49.83834174463264,218138011.77124465
OUTROS ENERGÉTICOS,2015,3,Março,2015-03,172334.50419,0.0,0.0,,25.0,172334.50419,25.0,0.0
OUTROS NÃO ENERGÉTICOS,2015,3,Março,2015-03,1291134.4320557686,3738.2728628240748,491867.0,131.57600262181492,25.0,1294872.7049185927,25.30768289185186,398410.17842939816
PARAFINA,2015,3,Março,2015-03,73741.20109929905,15411.507236,3580521.0,232.3277629611853,25.0,89152.70833529906,60.840002830681044,3195233.3191
QUEROSENE DE AVIAÇÃO,2015,3,Março,2015-03,2851617.44951,324291.5669121152,20468060.0,63.116226533103024,25.0,3175909.0164221153,28.892041857396283,12360770.82719712
QUEROSENE ILUMINANTE,2015,3,Março,2015-03,5465.84489,0.0,0.0,,25.0,5465.84489,25.0,0.0
SOLVENTE,2015,3,Março,2015-03,204145.16165671,162605.6960090688,12615105.0,77.58095386336548,25.0,366750.85766577884,48.31272694000046,8549962.599773278
ÓLEO COMBUSTÍVEL,2015,3,Março,2015-03,8975989.458735622,105874.71390248768,6305492.0,59.55616565639516,25.0,9081864.17263811,25.402849468224872,3658624.152437808
ÓLEO DIESEL,2015,3,Março,2015-03,25589820.964406706,5415049.1669750465,389998734.0,72.02127293294015,25.0,31004870.131381754,33.21233902114965,254622504.82562387
ASFALTO,2015,4,Abril,2015-04,976234.9811981989,532.7315659999999,141767.0,266.1133843906671,25.0,976767.7127641989,25.131503845972237,128448.71085000002
COQUE,2015,4,Abril,2015-04,2719749.125436397,1081232.206821471,14718658.0,13.612855691072001,25.0,3800981.332257868,21.760797779760974,-12312147.170536775
GASOLINA A,2015,4,Abril,2015-04,12687528.53386328,2588182.006949798,152115408.0,58.77307221499068,25.0,15275710.540813077,30.72221223966728,87410857.82625504
GASOLINA DE AVIAÇÃO,2015,4,Abril,2015-04,39613.22338,0.0,0.0,,25.0,39613.22338,25.0,0.0
GLP,2015,4,Abril,2015-04,3666381.8519559596,2269572.0600316664,68716670.0,30.27736867673689,25.0,5935953.911987626,27.01776642420018,11977368.499208337
LUBRIFICANTE,2015,4,Abril,2015-04,358002.3468991089,154889.69421380232,30797471.0,198.8348621664179,25.0,512892.0411129112,77.49687358421586,26925228.64465494
NAFTA,2015,4,Abril,2015-04,2685658.546570643,3731347.342981752,220209010.0,59.01595047541971,25.0,6417005.889552395,44.77952468956041,126925326.4254562
OUTROS ENERGÉTICOS,2015,4,Abril,2015-04,214960.54656,0.0,0.0,,25.0,214960.54656,25.0,0.0
OUTROS NÃO ENERGÉTICOS,2015,4,Abril,2015-04,1475925.8949943916,359.0214812152778,68964.0,192.08878467817237,25.0,1476284.9164756068,25.040634746247243,59988.46296961806
PARAFINA,2015,4,Abril,2015-04,57573.20047552264,12222.328109999999,3088817.0,252.7192014648018,25.0,69795.52858552264,64.87732242531249,2783258.79725
QUEROSENE DE AVIAÇÃO,2015,4,Abril,2015-04,2820627.55564,735587.6824350313,47902302.0,65.12113123132787,25.0,3556215.238075031,33.29888180646212,29512609.93912422
QUEROSENE ILUMINANTE,2015,4,Abril,2015-04,4214.172699999999,0.0,0.0,,25.0,4214.172699999999,25.0,0.0
SOLVENTE,2015,4,Abril,2015-04,181198.84034977,416550.6122731577,33907219.0,81.39999798575488,25.0,597749.4526229277,64.30317893237988,23493453.693171054
ÓLEO COMBUSTÍVEL,2015,4,Abril,2015-04,8194092.481360369,313023.91251530114,17852733.0,57.033128416754195,25.0,8507116.39387567,26.17867614863435,10027135.187117472
ÓLEO DIESEL,2015,4,Abril,2015-04,25027860.29712817,3060415.060101291,208451361.0,68.11212103795518,25.0,28088275.357229464,29.697368664306698,131940984.49746773
ASFALTO,2015,5,Maio,2015-05,1058632.01667057,667.2169084000001,178222.0,267.1125353033694,25.0,1059299.23357897,25.152498531264122,161541.57729
COQUE,2015,5,Maio,2015-05,2711337.730772633,2044291.2758782213,32641755.0,15.967272073778823,25.0,4755629.006650854,21.117122073414247,-18465526.89695553
GASOLINA A,2015,5,Maio,2015-05,14327666.044082258,2012999.421815876,131950007.0,65.54895424707635,25.0,16340665.465898134,29.995207913958524,81625021.4546031
GASOLINA DE AVIAÇÃO,2015,5,Maio,2015-05,44135.596770000004,0.0,0.0,,25.0,44135.596770000004,25.0,0.0
GLP,2015,5,Maio,2015-05,3930963.793865391,612867.9994704167,19114577.0,31.188733979449136,25.0,4543831.7933358075,25.834730946423324,3792877.013239583
LUBRIFICANTE,2015,5,Maio,2015-05,327387.29011324875,312084.2454197094,44444908.0,142.41317417426134,25.0,639471.5355329581,82.30169339588801,36642801.864507265
NAFTA,2015,5,Maio,2015-05,2966761.6757049304,3094342.3553100997,183936803.0,59.44293871825529,25.0,6061104.03101503,42.583965490755524,106578244.1172475
OUTROS ENERGÉTICOS,2015,5,Maio,2015-05,253850.44179,0.0,0.0,,25.0,253850.44179,25.0,0.0
OUTROS NÃO ENERGÉTICOS,2015,5,Maio,2015-05,1700051.6790262782,3151.748080324074,563424.0,178.76555665009454,25.0,1703203.4271066024,25.28454046667531,484630.29799189814
PARAFINA,2015,5,Maio,2015-05,81693.81234795168,14567.153937000001,3370593.0,231.38308379091305,25.0,96260.96628495168,56.231913283265975,3006414.151575
QUEROSENE DE AVIAÇÃO,2015,5,Maio,2015-05,2981369.9399999995,1333140.9264726408,92228529.0,69.18137997910512,25.0,4314510.86647264,38.65160678951729,58900005.83818398
QUEROSENE ILUMINANTE,2015,5,Maio,2015-05,6175.712846600001,0.0,0.0,,25.0,6175.712846600001,25.0,0.0
SOLVENTE,2015,5,Maio,2015-05,199645.43158271,85703.491077112,10683087.0,124.6517133168806,25.0,285348.92265982204,54.93002266650831,8540499.723072201
ÓLEO COMBUSTÍVEL,2015,5,Maio,2015-05,8175024.790387254,159394.27255606125,9058728.0,56.83220516479923,25.0,8334419.062943315,25.608785225194403,5073871.1860984685
ÓLEO DIESEL,2015,5,Maio,2015-05,27849398.273120787,4190446.5105255516,309510334.0,73.86094374968701,25.0,32039844.783646338,31.390454529959786,204749171.2368612
ASFALTO,2015,6,Junho,2015-06,1074723.9601450423,403.345572,117196.0,290.55977835303963,25.0,1075127.3057170422,25.099627607010284,107112.36069999999
COQUE,2015,6,Junho,2015-06,2514845.1469490416,1523015.9904635674,24197716.0,15.888024913405426,25.0,4037861.137412609,21.563110198860933,-13877683.761589186
GASOLINA A,2015,6,Junho,2015-06,13606021.764276598,1409099.7088606737,94875996.0,67.33093151847423,25.0,15015121.47313727,28.972562152440595,59648503.27848315
GASOLINA DE AVIAÇÃO,2015,6,Junho,2015-06,43544.35463,0.0,0.0,,25.0,43544.35463,25.0,0.0
GLP,2015,6,Junho,2015-06,3895414.4377111127,1497554.1148004169,45418737.0,30.328611534717783,25.0,5392968.55251153,26.479683045114975,7979884.129989581
LUBRIFICANTE,2015,6,Junho,2015-06,318814.19892566896,650867.205719314,81860504.0,125.77143736951817,25.0,969681.404644983,92.63956031623638,65588823.85701715
NAFTA,2015,6,Junho,2015-06,3126950.9289023834,4222313.80178349,249564587.0,59.106120178605586,25.0,7349264.730685873,44.59471419693617,144006741.95541275
OUTROS ENERGÉTICOS,2015,6,Junho,2015-06,418008.19298,0.0,0.0,,25.0,418008.19298,25.0,0.0
OUTROS NÃO ENERGÉTICOS,2015,6,Junho,2015-06,1520087.0794966372,4595.135717488425,710292.0,154.5747598480565,25.0,1524682.2152141256,25.390516529360298,595413.6070627894
PARAFINA,2015,6,Junho,2015-06,82419.85413349155,15140.592846499998,3442305.0,227.35602462196496,25.0,97560.44697999155,56.40401949435354,3063790.1788375
QUEROSENE DE AVIAÇÃO,2015,6,Junho,2015-06,3005749.24356,1012245.6995184731,75431456.0,74.51891970090153,25.0,4017994.943078473,37.475205723786594,50125313.51203817
QUEROSENE ILUMINANTE,2015,6,Junho,2015-06,4578.98168,0.0,0.0,,25.0,4578.98168,25.0,0.0
SOLVENTE,2015,6,Junho,2015-06,197195.93426612,507080.46724705765,44955333.0,88.65522516389306,25.0,704276.4015131777,70.83189391192401,32278321.318823557
ÓLEO COMBUSTÍVEL,2015,6,Junho,2015-06,7871871.334057725,206904.18164103653,12503903.0,60.43330251146566,25.0,8078775.515698762,25.907476441785988,7331298.458974088
ÓLEO DIESEL,2015,6,Junho,2015-06,26760648.862164356,3962992.2677901876,310183480.0,78.27001897557626,25.0,30723641.129954543,31.871212705951745,211108673.3052453
ASFALTO,2015,7,Julho,2015-07,1151826.9661959673,474.27621960000005,148067.0,312.19570765086695,25.0,1152301.2424155674,25.11820701869978,136210.09451
COQUE,2015,7,Julho,2015-07,2557585.1030543693,2552488.0746893557,34022316.0,13.329079315734159,25.0,5110073.1777437255,19.170360221653976,-29789885.867233895
GASOLINA A,2015,7,Julho,2015-07,13926339.810980462,714903.2801014825,53240666.0,74.47254402363679,25.0,14641243.091081943,27.415647617995347,35368083.997462936
GASOLINA DE AVIAÇÃO,2015,7,Julho,2015-07,56872.46202,0.0,0.0,,25.0,56872.46202,25.0,0.0
GLP,2015,7,Julho,2015-07,4151026.1621116432,1222197.3427191672,38387355.0,31.408475258664122,25.0,5373223.50483081,26.45767646273769,7832421.432020818
LUBRIFICANTE,2015,7,Julho,2015-07,444482.00327,226123.02848460458,37906818.0,167.63802543260584,25.0,670605.0317546045,73.09648117833918,32253742.287884884
NAFTA,2015,7,Julho,2015-07,3108556.937911343,2237933.383907963,141250949.0,63.11669061093423,25.0,5346490.321819305,40.95488054175962,85302614.40230092
OUTROS ENERGÉTICOS,2015,7,Julho,2015-07,450457.32277,0.0,0.0,,25.0,450457.32277,25.0,0.0
OUTROS NÃO ENERGÉTICOS,2015,7,Julho,2015-07,1406424.9699874802,3660.5966212731487,840401.0,229.5803353792394,25.0,1410085.5666087533,25.531092652958105,748886.0844681713
PARAFINA,2015,7,Julho,2015-07,94029.41346886686,18951.673101000004,3930275.0,207.38406467092423,25.0,112981.08656986686,55.59346725557937,3456483.172475
QUEROSENE DE AVIAÇÃO,2015,7,Julho,2015-07,3332599.22021,770549.9967333166,54713045.0,71.00518490941725,25.0,4103149.2169433166,33.63953349180788,35449295.08166709
QUEROSENE ILUMINANTE,2015,7,Julho,2015-07,2094.50673,0.0,0.0,,25.0,2094.50673,25.0,0.0
SOLVENTE,2015,7,Julho,2015-07,197307.7545083,393648.6246538057,30522632.0,77.53775851965221,25.0,590956.3791621057,59.99651939281582,20681416.383654855
ÓLEO COMBUSTÍVEL,2015,7,Julho,2015-07,7902313.836000891,236368.73139057262,16560134.0,70.06059516660962,25.0,8138682.5673914645,26.308678109392023,10650915.715235684
ÓLEO DIESEL,2015,7,Julho,2015-07,26855004.658007544,5630566.45030892,423852704.0,75.27709827076909,25.0,32485571.108316462,33.714285545369556,283088542.742277
ASFALTO,2015,8,Agosto,2015-08,1540297.0239039813,579.6013892000001,223565.0,385.7219878450905,25.0,1540876.6252931813,25.13568572709721,209074.96527
COQUE,2015,8,Agosto,2015-08,2754132.8289474635,1335254.4209034133,19613245.0,14.688769939986395,25.0,4089387.2498508766,21.63320818465226,-13768115.522585334
GASOLINA A,2015,8,Agosto,2015-08,12572656.224278882,294929.1400390027,22130037.0,75.03509825130683,25.0,12867585.364317885,26.14682033040526,14756808.499024933
GASOLINA DE AVIAÇÃO,2015,8,Agosto,2015-08,44255.10316,0.0,0.0,,25.0,44255.10316,25.0,0.0
GLP,2015,8,Agosto,2015-08,3890634.7044639196,1001002.8651958335,24878610.0,24.853685104220773,25.0,4891637.569659753,24.970058773200154,-146461.62989583606
LUBRIFICANTE,2015,8,Agosto,2015-08,439953.1552302843,153111.7770250465,28069565.0,183.32727596394034,25.0,593064.9322553308,65.87540715345665,24241770.574373838
NAFTA,2015,8,Agosto,2015-08,2769169.0590937785,1240961.3334779344,71279491.0,57.438929865954144,25.0,4010130.392571713,35.03844107852953,40255457.66305164
OUTROS ENERGÉTICOS,2015,8,Agosto,2015-08,160905.91942,0.0,0.0,,25.0,160905.91942,25.0,0.0
OUTROS NÃO ENERGÉTICOS,2015,8,Agosto,2015-08,1188896.5008388674,2867.570970185185,404672.0,141.12013415098377,25.0,1191764.0718090525,25.27940322553936,332982.7257453704
PARAFINA,2015,8,Agosto,2015-08,89665.62450937236,16197.442007000001,3215605.0,198.5254831355668,25.0,105863.06651637236,51.5500428271678,2810668.949825
QUEROSENE DE AVIAÇÃO,2015,8,Agosto,2015-08,3139489.47359,0.0,0.0,,25.0,3139489.47359,25.0,0.0
QUEROSENE ILUMINANTE,2015,8,Agosto,2015-08,3319.91896325,0.0,0.0,,25.0,3319.91896325,25.0,0.0
SOLVENTE,2015,8,Agosto,2015-08,173604.20297546,161517.58434388658,13827500.0,85.60987372470797,25.0,335121.78731934656,54.21194849702237,9789560.391402835
ÓLEO COMBUSTÍVEL,2015,8,Agosto,2015-08,7781661.643513831,72315.79587935835,6644837.0,91.88638414607681,25.0,7853977.43939319,25.61585892502764,4836942.103016041
ÓLEO DIESEL,2015,8,Agosto,2015-08,27156284.37086152,180007.3489142019,12322797.0,68.45718841108814,25.0,27336291.71977572,25.286162196296942,7822613.277144954
ASFALTO,2015,9,Setembro,2015-09,1092760.5616325873,303.84998240000004,136076.0,447.83942037838995,25.0,1093064.4116149873,25.117540877806253,128479.75044
COQUE,2015,9,Setembro,2015-09,2726563.3600817434,927665.0502247501,15216545.0,16.403059483930555,25.0,3654228.4103064938,22.817574502697862,-7975081.25561875
GASOLINA A,2015,9,Setembro,2015-09,13711411.682101201,44478.86611764151,2440712.0,54.8735211357366,25.0,13755890.548218843,25.09659428027588,1328740.3470589623
GASOLINA DE AVIAÇÃO,2015,9,Setembro,2015-09,37977.87278,0.0,0.0,,25.0,37977.87278,25.0,0.0
GLP,2015,9,Setembro,2015-09,3926388.0483229076,1555787.4319079167,41975512.0,26.980235949408563,25.0,5482175.480230824,25.561971467971393,3080826.2023020834
LUBRIFICANTE,2015,9,Setembro,2015-09,327440.2413555037,385275.8974065467,50996745.0,132.3642235169146,25.0,712716.1387620503,83.03832032860215,41364847.56483633
NAFTA,2015,9,Setembro,2015-09,2250906.66510396,2995168.8692359827,156007908.0,52.08651492154264,25.0,5246075.534339942,40.46464318671081,81128686.26910043
OUTROS ENERGÉTICOS,2015,9,Setembro,2015-09,172818.81956,0.0,0.0,,25.0,172818.81956,25.0,0.0
OUTROS NÃO ENERGÉTICOS,2015,9,Setembro,2015-09,1444084.8792082085,2288.595415659722,544314.0,237.83758207131305,25.0,1446373.4746238682,25.33677270992209,487099.1146085069
PARAFINA,2015,9,Setembro,2015-09,78553.43011759994,14193.470188499998,3020044.0,212.77699955624215,25.0,92746.90030609994,53.736348454679415,2665207.2452875003
QUEROSENE DE AVIAÇÃO,2015,9,Setembro,2015-09,2844396.74763,16449.577140475594,1396736.0,84.91014620450099,25.0,2860846.3247704757,25.344477283856612,985496.5714881101
QUEROSENE ILUMINANTE,2015,9,Setembro,2015-09,3283.28082,0.0,0.0,,25.0,3283.28082,25.0,0.0
SOLVENTE,2015,9,Setembro,2015-09,206880.22263711,427176.5035443049,30492443.0,71.38136753075759,25.0,634056.7261814149,56.24804074032253,19813030.411392376
ÓLEO COMBUSTÍVEL,2015,9,Setembro,2015-09,6746396.9562347615,19.993275616979272,14637.0,732.0961447442629,25.0,6746416.949510379,25.002095507617653,14137.168109575518
ÓLEO DIESEL,2015,9,Setembro,2015-09,28121648.034626164,3288792.6498976173,240001587.0,72.9755909079496,25.0,31410440.68452378,30.02322690525957,157781770.75255957
ASFALTO,2015,10,Outubro,2015-10,1207259.54101041,908.5062928,202120.0,222.47506880449865,25.0,1208168.04730321,25.148495354665656,179407.34268
COQUE,2015,10,Outubro,2015-10,2798433.7776306965,759745.5693021539,8252430.0,10.862096909074536,25.0,3558179.3469328503,21.98126255445421,-10741209.232553847
GASOLINA A,2015,10,Outubro,2015-10,14245167.6633195,281116.0560860378,18411441.0,65.4940925692449,25.0,14526283.719405537,25.783651195153368,11383539.597849054
GASOLINA DE AVIAÇÃO,2015,10,Outubro,2015-10,220.14335,0.0,0.0,,25.0,220.14335,25.0,0.0
GLP,2015,10,Outubro,2015-10,3861765.5054185856,1426814.99180375,33928814.0,23.779406716989914,25.0,5288580.497222336,24.670694093432356,-1741560.7950937476
LUBRIFICANTE,2015,10,Outubro,2015-10,352259.3618785257,276687.7179774419,38151320.0,137.88584574292685,25.0,628947.0798559675,74.66097792793114,31234127.050563954
NAFTA,2015,10,Outubro,2015-10,1992935.1703250462,4500246.13409483,222189382.0,49.372717709070535,25.0,6493181.304419876,41.89206315138134,109683228.64762928
OUTROS ENERGÉTICOS,2015,10,Outubro,2015-10,136237.2846,0.0,0.0,,25.0,136237.2846,25.0,0.0
OUTROS NÃO ENERGÉTICOS,2015,10,Outubro,2015-10,1567730.7138409982,2200.530795787037,373948.0,169.9353631932493,25.0,1569931.2446367852,25.203152036877327,318934.73010532407
PARAFINA,2015,10,Outubro,2015-10,85649.48295906659,14792.866070000002,3523083.0,238.16094753570627,25.0,100442.3490290666,56.393743562662905,3153261.34825
QUEROSENE DE AVIAÇÃO,2015,10,Outubro,2015-10,2975488.96765,1076186.089522766,81149413.0,75.40462917150849,25.0,4051675.057172766,38.388230792570646,54244760.76193085
QUEROSENE ILUMINANTE,2015,10,Outubro,2015-10,3528.26262969,0.0,0.0,,25.0,3528.26262969,25.0,0.0
SOLVENTE,2015,10,Outubro,2015-10,247270.81621462997,319265.6032185291,23493064.0,73.5847011490292,25.0,566536.419433159,52.37939413507879,15511423.919536771
ÓLEO COMBUSTÍVEL,2015,10,Outubro,2015-10,6761567.420754851,149571.91774548867,6092394.0,40.732204894014984,25.0,6911139.33850034,25.34047874613875,2353096.0563627835
ÓLEO DIESEL,2015,10,Outubro,2015-10,27746722.947871704,2162717.0470189904,150245441.0,69.47068790487077,25.0,29909439.994890694,28.215624058523158,96177514.82452525
ASFALTO,2015,11,Novembro,2015-11,1152171.6626689988,686.8902068,167201.0,243.41735890941808,25.0,1152858.552875799,25.1301362985561,150028.74483
COQUE,2015,11,Novembro,2015-11,2445703.988822823,1242899.6710351156,18129000.0,14.586052617506729,25.0,3688603.6598579385,21.490950785323356,-12943491.77587789
GASOLINA A,2015,11,Novembro,2015-11,13565699.26418214,1035657.5068866981,67737919.0,65.40571429219659,25.0,14601356.771068837,27.86593102161213,41846481.32783255
GASOLINA DE AVIAÇÃO,2015,11,Novembro,2015-11,21423.09286,0.0,0.0,,25.0,21423.09286,24.999999999999996,0.0
GLP,2015,11,Novembro,2015-11,3681727.8481117934,4112129.8990975004,115143473.0,28.000932807417108,25.0,7793857.747209294,26.583327015043494,12340225.52256249
LUBRIFICANTE,2015,11,Novembro,2015-11,239343.25403558844,504466.23176777887,59578916.0,118.1028823103188,25.0,743809.4858033673,88.14420708829431,46967260.205805525
NAFTA,2015,11,Novembro,2015-11,1526024.4172593919,5260616.184763675,277666497.0,52.78212423179733,25.0,6786640.602023067,46.535115965525144,146151092.38090813
OUTROS ENERGÉTICOS,2015,11,Novembro,2015-11,89661.24155,0.0,0.0,,25.0,89661.24155,25.0,0.0
OUTROS NÃO ENERGÉTICOS,2015,11,Novembro,2015-11,1329137.6892781067,4464.745917824074,713205.0,159.74145295766024,25.0,1333602.4351959308,25.45109872041139,601586.3520543982
PARAFINA,2015,11,Novembro,2015-11,45000.34722133454,10246.913563,2307014.0,225.1423304994263,25.0,55247.26078433454,62.12113744300821,2050841.160925
QUEROSENE DE AVIAÇÃO,2015,11,Novembro,2015-11,2647355.8697599997,1268467.8326441175,86865773.0,68.48086389303901,25.0,3915823.702404117,39.08492347345343,55154077.18389706
QUEROSENE ILUMINANTE,2015,11,Novembro,2015-11,3402.9381654400004,0.0,0.0,,25.0,3402.9381654400004,25.0,0.0
SOLVENTE,2015,11,Novembro,2015-11,108318.3412130391,522530.5069758434,34167150.0,65.38785686933979,25.0,630848.8481888825,58.453159796029624,21103887.325603917
ÓLEO COMBUSTÍVEL,2015,11,Novembro,2015-11,6763051.523760275,59641.15193835144,2558474.0,42.89779651882961,25.0,6822692.675698627,25.156455120035417,1067445.201541214
ÓLEO DIESEL,2015,11,Novembro,2015-11,24641709.57767244,4865912.019122276,339782482.0,69.82914624528922,25.0,29507621.596794717,32.392486066909505,218134681.5219431
ASFALTO,2015,12,Dezembro,2015-12,904170.6429802664,623.1023288,197511.0,316.9800382232178,25.0,904793.7453090664,25.201077254040758,181933.44178000002
COQUE,2015,12,Dezembro,2015-12,2751048.5710342424,1792010.4198863558,18755382.0,10.466112134096527,25.0,4543058.990920598,19.267105369045364,-26044878.497158892
GASOLINA A,2015,12,Dezembro,2015-12,14369888.04792729,745650.4144313476,44946305.0,60.27798567546861,25.0,15115538.462358639,26.740265138732717,26305044.63921631
GASOLINA DE AVIAÇÃO,2015,12,Dezembro,2015-12,22637.02619,0.0,0.0,,25.0,22637.02619,25.0,0.0
GLP,2015,12,Dezembro,2015-12,3951389.7771351845,1881348.8976800004,46942949.0,24.951750872944434,25.0,5832738.674815185,24.984437252025025,-90773.4420000119
LUBRIFICANTE,2015,12,Dezembro,2015-12,132787.18069082504,637400.2983128255,70719016.0,110.94914167312216,25.0,770187.4790036506,96.13074418328695,54784008.54217936
NAFTA,2015,12,Dezembro,2015-12,1762332.0432732943,3058503.976633333,152034903.0,49.70891133754658,25.0,4820836.019906627,40.67618215432069,75572303.58416668
OUTROS ENERGÉTICOS,2015,12,Dezembro,2015-12,55344.03819,0.0,0.0,,25.0,55344.03819,25.0,0.0
OUTROS NÃO ENERGÉTICOS,2015,12,Dezembro,2015-12,1495333.084097823,2975.516922361111,437955.0,147.18619030822956,25.0,1498308.601020184,25.242651665146568,363567.07694097224
PARAFINA,2015,12,Dezembro,2015-12,52056.047512438636,7290.626157999999,1752772.0,240.4144667432556,25.0,59346.673670438635,51.46325815615661,1570506.34605
QUEROSENE DE AVIAÇÃO,2015,12,Dezembro,2015-12,2845547.78286,259695.28906103878,15030559.0,57.87767292331289,25.0,3105243.071921039,27.74960013619544,8538176.77347403
QUEROSENE ILUMINANTE,2015,12,Dezembro,2015-12,1902.4788307,0.0,0.0,,25.0,1902.4788307,25.0,0.0
SOLVENTE,2015,12,Dezembro,2015-12,113504.01802719,298329.95790112007,18746053.0,62.836642796072404,25.0,411833.9759283101,52.40862753498735,11287804.052472
ÓLEO COMBUSTÍVEL,2015,12,Dezembro,2015-12,6722988.754359082,59871.906626248776,2436156.0,40.68946751951192,25.0,6782860.660985331,25.13848999430976,939358.3343437808
ÓLEO DIESEL,2015,12,Dezembro,2015-12,24895912.203157544,1260170.1219599296,77607685.0,61.585085733740115,25.0,26156082.325117473,26.762627574647485,46103431.95100176
ASFALTO,2016,1,Janeiro,2016-01,725511.6762785082,448.20265599999993,98478.0,219.71757347194304,25.0,725959.8789345082,25.120217295931134,87272.9336
COQUE,2016,1,Janeiro,2016-01,2807273.4884943087,1453999.9918570772,16112956.0,11.08181299191083,25.0,4261273.480351386,20.25093991508891,-20237043.79642693
GASOLINA A,2016,1,Janeiro,2016-01,14131420.563005239,0.025430498652291106,262.0,10302.589956347383,25.0,14131420.588435737,25.000018495255723,261.36423753369274
GASOLINA DE AVIAÇÃO,2016,1,Janeiro,2016-01,0.0,0.0,0.0,,25.0,0.0,,0.0
GLP,2016,1,Janeiro,2016-01,3884945.803483544,496081.2572258333,10502633.0,21.17119493433883,25.0,4381027.060709377,24.56644905308157,-1899398.4306458333
LUBRIFICANTE,2016,1,Janeiro,2016-01,229699.63760777778,187071.87276543025,30165570.0,161.2512322353487,25.0,416771.51037320803,86.15766684253371,25488773.18086424
NAFTA,2016,1,Janeiro,2016-01,1833254.5589608427,169392.88011490027,7769770.0,45.86833870898066,25.0,2002647.4390757428,26.765137451631997,3534947.9971274934
OUTROS ENERGÉTICOS,2016,1,Janeiro,2016-01,127280.59516,0.0,0.0,,25.0,127280.59516,25.0,0.0
OUTROS NÃO ENERGÉTICOS,2016,1,Janeiro,2016-01,1575284.2497089717,3614.9445396643523,674795.0,186.6681473521734,25.0,1578899.194248636,25.370144838022103,584421.3865083911
PARAFINA,2016,1,Janeiro,2016-01,91408.42752603746,15991.61181,3615760.0,226.10353746449528,25.0,107400.03933603746,54.943841032383126,3215969.70475
QUEROSENE DE AVIAÇÃO,2016,1,Janeiro,2016-01,3199393.62403,252191.6559404756,14547913.0,57.685941058389815,25.0,3451585.2799704755,27.388213221710874,8243121.60148811
QUEROSENE ILUMINANTE,2016,1,Janeiro,2016-01,4923.13492396,0.0,0.0,,25.0,4923.13492396,25.0,0.0
SOLVENTE,2016,1,Janeiro,2016-01,130917.93567471,55106.790970701775,5046118.0,91.56980312431607,25.0,186024.72664541178,44.720218338097666,3668448.2257324555
ÓLEO COMBUSTÍVEL,2016,1,Janeiro,2016-01,6431296.995742931,119745.74428004939,4947233.0,41.3144786876927,25.0,6551042.740022981,25.298210448401367,1953589.3929987657
ÓLEO DIESEL,2016,1,Janeiro,2016-01,27298141.30234953,1005607.9940743544,58075521.0,57.75165008851939,25.0,28303749.296423886,26.1636381033202,32935321.14814114
ASFALTO,2016,2,Fevereiro,2016-02,992918.6206170678,630.5335092,146159.0,231.80211339670382,25.0,993549.1541262678,25.13124228602929,130395.66227
COQUE,2016,2,Fevereiro,2016-02,2352026.528412056,717905.3540211347,5286736.0,7.364112790617748,25.0,3069931.882433191,20.875837531452493,-12660897.850528369
GASOLINA A,2016,2,Fevereiro,2016-02,13503642.56464546,1618157.692577318,83193707.0,51.412607919252515,25.0,15121800.257222777,27.826367493192674,42739764.68556705
GASOLINA DE AVIAÇÃO,2016,2,Fevereiro,2016-02,45965.93148,0.0,0.0,,25.0,45965.93148,25.0,0.0
GLP,2016,2,Fevereiro,2016-02,3541579.083459263,4215591.997905417,97194767.0,23.056018478138476,25.0,7757171.08136468,23.943553924274966,-8195032.947635435
LUBRIFICANTE,2016,2,Fevereiro,2016-02,304087.53049336065,520455.2432782791,56798262.0,109.13188546672183,25.0,824542.7737716397,78.10443837589192,43786880.91804302
NAFTA,2016,2,Fevereiro,2016-02,1959927.9266774505,6586719.298350683,310560216.0,47.149453610048994,25.0,8546647.225028135,42.07011295774556,145892233.5412329
OUTROS ENERGÉTICOS,2016,2,Fevereiro,2016-02,128632.90431,0.0,0.0,,25.0,128632.90431,25.0,0.0
OUTROS NÃO ENERGÉTICOS,2016,2,Fevereiro,2016-02,1419910.3085657416,1835.8091742592594,233767.0,127.33730895223569,25.0,1421746.1177400008,25.132141574574625,187871.7706435185
PARAFINA,2016,2,Fevereiro,2016-02,59409.59032653943,11527.564901999998,2508884.0,217.64214917278116,25.0,70937.15522853943,56.305101963781176,2220694.87745
QUEROSENE DE AVIAÇÃO,2016,2,Fevereiro,2016-02,2875078.4408100005,1011175.8492828787,59528150.0,58.870225235518724,25.0,3886254.290092879,33.812792784877054,34248753.767928034
QUEROSENE ILUMINANTE,2016,2,Fevereiro,2016-02,2813.6773155899996,0.0,0.0,,25.0,2813.6773155899996,25.000000000000004,0.0
SOLVENTE,2016,2,Fevereiro,2016-02,182959.21979295003,358308.02421896084,34298032.0,95.72219900674227,25.0,541267.2440119109,71.81667267854907,25340331.39452598
ÓLEO COMBUSTÍVEL,2016,2,Fevereiro,2016-02,6609598.19854019,5.774455380059231,11683.0,2023.2211058976375,25.0,6609603.97299557,25.00174573827156,11538.63861549852
ÓLEO DIESEL,2016,2,Fevereiro,2016-02,23508197.682379097,2609444.7044015494,158641123.0,60.794974015892315,25.0,26117642.386780646,28.57631841368798,93405005.38996126
ASFALTO,2016,3,Março,2016-03,925638.1655553264,899.1973740000001,201427.0,224.00754920354115,25.0,926537.3629293264,25.193135293631595,178947.06565
COQUE,2016,3,Março,2016-03,2623717.3090174524,2162080.106251943,25328759.0,11.714995631641267,25.0,4785797.415269395,18.99823244405306,-28723243.656298574
GASOLINA A,2016,3,Março,2016-03,14420880.00304323,2076702.8463703643,96699329.0,46.56387367552845,25.0,16497582.849413594,27.714443579371547,44781757.8407409
GASOLINA DE AVIAÇÃO,2016,3,Março,2016-03,42997.14116,0.0,0.0,,25.0,42997.14116,25.000000000000004,0.0
GLP,2016,3,Março,2016-03,3978113.99976569,1224404.8837158333,26324031.0,21.49944952858374,25.0,5202518.883481523,24.17615078601549,-4286091.092895833
LUBRIFICANTE,2016,3,Março,2016-03,362472.91082037264,192415.1175565581,29073804.0,151.09937498260294,25.0,554888.0283769307,68.72670668721673,24263426.061086047
NAFTA,2016,3,Março,2016-03,1691896.4466732105,4520498.757824701,200222462.0,44.292117468991094,25.0,6212395.204497912,39.038062644701114,87209993.05438246
OUTROS ENERGÉTICOS,2016,3,Março,2016-03,125230.1171,0.0,0.0,,25.0,125230.1171,25.0,0.0
OUTROS NÃO ENERGÉTICOS,2016,3,Março,2016-03,1648399.3169724564,2701.975706215278,340267.0,125.93266446374535,25.0,1651101.2926786717,25.165173153551454,272717.60734461807
PARAFINA,2016,3,Março,2016-03,101664.94409664538,14796.033986500002,3257325.0,220.14852108152797,25.0,116460.97808314538,49.79306114255773,2887424.1503375
QUEROSENE DE AVIAÇÃO,2016,3,Março,2016-03,2925918.9750400004,759909.070935995,37637143.0,49.52848234018524,25.0,3685828.0459759953,30.057049866162295,18639416.226600125
QUEROSENE ILUMINANTE,2016,3,Março,2016-03,3824.5378399300002,0.0,0.0,,25.0,3824.5378399300002,25.0,0.0
SOLVENTE,2016,3,Março,2016-03,198814.10739501,90114.6086780837,8157521.0,90.52384646246539,25.0,288928.7160730937,45.43637566836429,5904655.783047908
ÓLEO COMBUSTÍVEL,2016,3,Março,2016-03,6365102.969880456,29368.59444475815,778604.0,26.511449210296444,25.0,6394471.564325214,25.006941799401954,44389.13888104624
ÓLEO DIESEL,2016,3,Março,2016-03,24637503.48811782,5935335.074476315,315949542.0,53.23196382941814,25.0,30572838.562594138,30.480883457877848,167566165.13809216
ASFALTO,2016,4,Abril,2016-04,1139424.99451978,331.488328,63003.0,190.06099062408012,25.0,1139756.48284778,25.048006563352278,54715.7918
COQUE,2016,4,Abril,2016-04,3082713.791349963,991567.9171327789,11897416.0,11.998589097560364,25.0,4074281.708482742,21.835814788781416,-12891781.928319473
GASOLINA A,2016,4,Abril,2016-04,14475454.589906499,1272941.7165554715,55313051.0,43.45293290385271,25.0,15748396.306461971,26.491549211044102,23489508.086113214
GASOLINA DE AVIAÇÃO,2016,4,Abril,2016-04,23863.53914,0.0,0.0,,25.0,23863.53914,24.999999999999996,0.0
GLP,2016,4,Abril,2016-04,4100833.928676683,3252710.3493479174,81645630.0,25.100799404523613,25.0,7353544.278024601,25.0445868351241,327871.2663020637
LUBRIFICANTE,2016,4,Abril,2016-04,294247.24021454883,279356.8500470697,35932710.0,128.62655773053564,25.0,573604.0902616186,75.46823974985921,28948788.74882326
NAFTA,2016,4,Abril,2016-04,1746562.4367617734,6405642.594409557,260459043.0,40.660876588293,25.0,8152205.03117133,37.305625012641165,100317978.13976106
OUTROS ENERGÉTICOS,2016,4,Abril,2016-04,14925.71913,0.0,0.0,,25.0,14925.71913,25.0,0.0
OUTROS NÃO ENERGÉTICOS,2016,4,Abril,2016-04,1258885.0732845566,2588.9993620138894,335527.0,129.59717368914514,25.0,1261474.0726465706,25.21467109140143,270802.01594965276
PARAFINA,2016,4,Abril,2016-04,90681.06522354341,9904.441078999998,1955324.0,197.41891383914611,25.0,100585.5063025434,41.9777240856998,1707712.9730250002
QUEROSENE DE AVIAÇÃO,2016,4,Abril,2016-04,2697850.4644400002,1432837.335522716,77588525.0,54.15026749822567,25.0,4130687.799962716,35.111534358105956,41767591.6119321
QUEROSENE ILUMINANTE,2016,4,Abril,2016-04,4127.53056725,0.0,0.0,,25.0,4127.53056725,25.0,0.0
SOLVENTE,2016,4,Abril,2016-04,187189.99130154,124928.53726263158,10199651.0,81.64388396349938,25.0,312118.5285641716,47.672276461726604,7076437.568434211
ÓLEO COMBUSTÍVEL,2016,4,Abril,2016-04,6063617.668535161,29595.4622411846,786513.0,26.57545922379615,25.0,6093213.130776346,25.007652193181112,46626.44397038501
ÓLEO DIESEL,2016,4,Abril,2016-04,24681154.545512237,3719138.22398615,181131255.0,48.70248000781875,25.0,28400292.769498385,28.103939812022695,88152799.40034625
ASFALTO,2016,5,Maio,2016-05,1108458.6626382621,61.23513560000001,25349.0,413.9616864014913,25.0,1108519.8977738621,25.021486417752026,23818.12161
COQUE,2016,5,Maio,2016-05,2893522.8347174735,693632.5720222212,5171760.0,7.4560512418299725,25.0,3587155.4067396945,21.607603261990878,-12169054.30055553
GASOLINA A,2016,5,Maio,2016-05,13914041.873831501,1453304.6885078303,59264532.0,40.779151452989126,25.0,15367346.562339332,26.492249471584337,22931914.787304237
GASOLINA DE AVIAÇÃO,2016,5,Maio,2016-05,0.0,0.0,0.0,,25.0,0.0,,0.0
GLP,2016,5,Maio,2016-05,3961473.3079804615,2711196.6550337505,61457452.0,22.66801704918559,25.0,6672669.9630142115,24.052483576905736,-6322464.375843764
LUBRIFICANTE,2016,5,Maio,2016-05,357343.74437947525,256336.85487912787,32757177.0,127.78957210599388,25.0,613680.5992586031,67.93561774619262,26348755.628021806
NAFTA,2016,5,Maio,2016-05,1778924.0633392811,3971340.0252046296,151736083.0,38.20777924755551,25.0,5750264.0885439105,34.12176928958516,52452582.369884275
OUTROS ENERGÉTICOS,2016,5,Maio,2016-05,0.0,0.0,0.0,,25.0,0.0,,0.0
OUTROS NÃO ENERGÉTICOS,2016,5,Maio,2016-05,1473245.8532439624,3239.82725994213,471408.0,145.50405382057943,25.0,1476485.6805039046,25.264419982974847,390412.3185014468
PARAFINA,2016,5,Maio,2016-05,78129.24105544647,13839.576329999998,2766046.0,199.86493329308445,25.0,91968.81738544647,51.31388181939328,2420056.59175
QUEROSENE DE AVIAÇÃO,2016,5,Maio,2016-05,2435099.9414999997,1925170.111421314,84605061.0,43.94679747938628,25.0,4360270.052921314,33.365492910245074,36475808.21446715
QUEROSENE ILUMINANTE,2016,5,Maio,2016-05,4290.166184420001,0.0,0.0,,25.0,4290.166184420001,25.0,0.0
SOLVENTE,2016,5,Maio,2016-05,166859.83469657,143245.63536425095,11973269.0,83.58557640903945,25.0,310105.4700608209,52.0621737638094,8392128.115893727
ÓLEO COMBUSTÍVEL,2016,5,Maio,2016-05,5253759.339958026,5873.670458035539,163346.0,27.809867980681947,25.0,5259633.010416062,25.00313790686849,16504.238549111527
ÓLEO DIESEL,2016,5,Maio,2016-05,24506337.81514625,4184933.5880318317,209223922.0,49.99456206386245,25.0,28691271.40317808,28.645728376039056,104600582.2992042
ASFALTO,2016,6,Junho,2016-06,1281326.1566935084,331.67242000000005,69245.0,208.7752729033062,25.0,1281657.8291135083,25.047558083066647,60953.1895
COQUE,2016,6,Junho,2016-06,2818550.1357438546,1127631.554593625,10969299.0,9.727733278937114,25.0,3946181.6903374796,20.635910554496583,-17221489.864840627
GASOLINA A,2016,6,Junho,2016-06,13108847.56332089,2371695.6474243263,109759554.0,46.27893723176473,25.0,15480543.210745215,28.26003823815188,50467162.81439185
GASOLINA DE AVIAÇÃO,2016,6,Junho,2016-06,42619.75256,0.0,0.0,,25.0,42619.75256,25.0,0.0
GLP,2016,6,Junho,2016-06,3640979.064320699,2812459.6562312506,69911608.0,24.857817193965683,25.0,6453438.720551949,24.938035608131248,-399883.4057812688
LUBRIFICANTE,2016,6,Junho,2016-06,391036.21756719425,284142.13018133724,35056649.0,123.37715979544154,25.0,675178.3477485315,66.40105475639102,27953095.745466568
NAFTA,2016,6,Junho,2016-06,1709096.8735116562,3304959.2773540313,134564288.0,40.715868701333264,25.0,5014056.150865687,35.358939848964724,51940306.06614922
OUTROS ENERGÉTICOS,2016,6,Junho,2016-06,18900.87905,0.0,0.0,,25.0,18900.87905,25.0,0.0
OUTROS NÃO ENERGÉTICOS,2016,6,Junho,2016-06,1621248.806403351,3277.1074879629637,584888.0,178.47690444952843,25.0,1624525.913891314,25.309604364264132,502960.3128009259
PARAFINA,2016,6,Junho,2016-06,80690.686307977,13439.9356095,2791601.0,207.7094028654989,25.0,94130.621917477,51.08718140538041,2455602.6097625
QUEROSENE DE AVIAÇÃO,2016,6,Junho,2016-06,3216545.9359000004,157166.9619393617,7497807.0,47.70599945103482,25.0,3373712.8978393623,26.057776123688956,3568632.9515159572
QUEROSENE ILUMINANTE,2016,6,Junho,2016-06,5392.73842837,0.0,0.0,,25.0,5392.73842837,25.0,0.0
SOLVENTE,2016,6,Junho,2016-06,188820.44213955,575926.2743962752,30774080.0,53.4340615598055,25.0,764746.7165358252,46.413525270527884,16375923.140093122
ÓLEO COMBUSTÍVEL,2016,6,Junho,2016-06,5741952.019972297,12320.117217038502,326250.0,26.48107921804527,25.0,5754272.137189336,25.00317104737819,18247.069574037454
ÓLEO DIESEL,2016,6,Junho,2016-06,24685765.13340826,3866153.186610024,228087966.0,58.996101548680585,25.0,28551918.320018284,29.6033382017137,131434136.33474942
ASFALTO,2016,7,Julho,2016-07,1395791.2015167163,266.01294,51762.0,194.58451908392124,25.0,1396057.2144567163,25.032313630152725,45111.676499999994
COQUE,2016,7,Julho,2016-07,2895434.0462374403,299489.1821921154,2355339.0,7.8645211248034474,25.0,3194923.228429556,23.393735877864756,-5131890.554802885
GASOLINA A,2016,7,Julho,2016-07,13965668.25063309,2095146.3833326008,105000092.0,50.11587392427626,25.0,16060814.633965692,28.276386261591007,52621432.41668498
GASOLINA DE AVIAÇÃO,2016,7,Julho,2016-07,42343.00092,0.0,0.0,,25.0,42343.00092,25.000000000000004,0.0
GLP,2016,7,Julho,2016-07,3605553.1815470965,2330815.8716341667,59403676.0,25.486215673635034,25.0,5936369.053181263,25.19090443990144,1133279.2091458344
LUBRIFICANTE,2016,7,Julho,2016-07,410309.2495641267,392749.28143269784,42274834.0,107.63822112108507,25.0,803058.5309968246,65.41561195283646,32456101.964182556
NAFTA,2016,7,Julho,2016-07,1661471.5538632486,8274623.930933989,372227152.0,44.984177541707965,25.0,9936095.484797237,41.642508516515605,165361553.7266503
OUTROS ENERGÉTICOS,2016,7,Julho,2016-07,37153.90767,0.0,0.0,,25.0,37153.90767,25.0,0.0
OUTROS NÃO ENERGÉTICOS,2016,7,Julho,2016-07,1441487.5614708448,4310.0923025,647171.0,150.15246880550998,25.0,1445797.6537733448,25.373094181630247,539418.6924375
PARAFINA,2016,7,Julho,2016-07,101952.0369241253,10047.189084000001,2534540.0,252.26359122037596,25.0,111999.2260081253,45.38728618298083,2283360.2728999997
QUEROSENE DE AVIAÇÃO,2016,7,Julho,2016-07,3447790.80055,345199.33618986234,17241319.0,49.94597959052024,25.0,3792990.136739862,27.27032902401772,8611335.59525344
QUEROSENE ILUMINANTE,2016,7,Julho,2016-07,4276.22167565,0.0,0.0,,25.0,4276.22167565,25.0,0.0
SOLVENTE,2016,7,Julho,2016-07,153213.99126461003,189663.78805553302,14940071.0,78.77134139926379,25.0,342877.77932014305,54.743765603105516,10198476.298611676
ÓLEO COMBUSTÍVEL,2016,7,Julho,2016-07,5843093.109880321,101994.83870535046,4331349.0,42.46635471930783,25.0,5945087.948585671,25.2996554546834,1781478.0323662388
ÓLEO DIESEL,2016,7,Julho,2016-07,23306759.655799657,5419062.36105129,309155065.0,57.04954923973681,25.0,28725822.01685095,31.046076100862685,173678505.97371775
ASFALTO,2016,8,Agosto,2016-08,1360438.2291046842,680.3058496,145432.0,213.77443702051036,25.0,1361118.534954284,25.094352071815933,128424.35376
COQUE,2016,8,Agosto,2016-08,2732655.7882217458,1776138.6709970962,16739350.0,9.42457380909498,25.0,4508794.459218842,18.864409428031394,-27664116.774927408
GASOLINA A,2016,8,Agosto,2016-08,13275345.494929682,1872633.2923156873,102306692.0,54.632528653534806,25.0,15147978.78724537,28.663251742789026,55490859.69210783
GASOLINA DE AVIAÇÃO,2016,8,Agosto,2016-08,43663.861020000004,0.0,0.0,,25.0,43663.861020000004,24.999999999999996,0.0
GLP,2016,8,Agosto,2016-08,4007060.5012626937,2754161.5837066662,72612015.0,26.36447165248587,25.0,6761222.08496936,25.55581304091276,3757975.40733334
LUBRIFICANTE,2016,8,Agosto,2016-08,333869.654267554,248085.43598344206,33510287.0,135.0755914677578,25.0,581955.090250996,71.92484275485243,27308151.100413945
NAFTA,2016,8,Agosto,2016-08,1837805.014796044,8029441.008601167,372133454.0,46.346122177293445,25.0,9867246.023397211,42.37034106361119,171397428.78497082
OUTROS ENERGÉTICOS,2016,8,Agosto,2016-08,51626.760480000004,0.0,0.0,,25.0,51626.760480000004,25.0,0.0
OUTROS NÃO ENERGÉTICOS,2016,8,Agosto,2016-08,1190590.180321613,3809.127863668982,3664335.0,961.9879224717029,25.0,1194399.3081852822,27.988202336479095,3569106.8034082754
PARAFINA,2016,8,Agosto,2016-08,94866.78173237291,10603.2466405,2368991.0,223.42128598154437,25.0,105470.02837287291,44.947940343293105,2103909.8339875
QUEROSENE DE AVIAÇÃO,2016,8,Agosto,2016-08,3251385.19349,258798.14488500624,14608898.0,56.44900587093189,25.0,3510183.3383750063,27.318666460778843,8138944.377874844
QUEROSENE ILUMINANTE,2016,8,Agosto,2016-08,2924.7616500000004,0.0,0.0,,25.0,2924.7616500000004,25.0,0.0
SOLVENTE,2016,8,Agosto,2016-08,189057.65603389003,318289.6386109986,24307219.0,76.36823839467597,25.0,507347.2946448886,57.22640232302608,16349978.034725036
ÓLEO COMBUSTÍVEL,2016,8,Agosto,2016-08,5911274.779593284,6160.058608519251,163125.0,26.48107921804527,25.0,5917434.838201803,25.001541805704075,9123.534787018727
ÓLEO DIESEL,2016,8,Agosto,2016-08,24300836.94692835,4908104.337751304,292954014.0,59.68781302115101,25.0,29208941.28467965,30.82874277766157,170251405.55621743
ASFALTO,2016,9,Setembro,2016-09,1417965.6271944302,345.8413676,68618.0,198.40888461719118,25.0,1418311.4685620302,25.042284058995026,59971.96581
COQUE,2016,9,Setembro,2016-09,2486522.390949774,1498001.6519614423,19620358.0,13.097687825850953,25.0,3984524.0429112166,20.52526647925328,-17829683.29903606
GASOLINA A,2016,9,Setembro,2016-09,13154423.30643754,1886013.6000425876,96649326.0,51.24529642724612,25.0,15040436.906480128,28.29106037987559,49498985.99893531
GASOLINA DE AVIAÇÃO,2016,9,Setembro,2016-09,44368.31974,0.0,0.0,,25.0,44368.31974,24.999999999999996,0.0
GLP,2016,9,Setembro,2016-09,4047796.8095270237,2338744.7810520832,50940056.0,21.780938395973518,25.0,6386541.590579107,23.821183042570706,-7528563.526302082
LUBRIFICANTE,2016,9,Setembro,2016-09,220386.4871943127,400204.8053239417,44187187.0,110.41143537552762,25.0,620591.2925182544,80.07983640601276,34182066.86690146
NAFTA,2016,9,Setembro,2016-09,1634004.343713904,3625003.204712337,154309915.0,42.56821478099778,25.0,5259007.548426241,37.109667897557834,63684834.88219159
OUTROS ENERGÉTICOS,2016,9,Setembro,2016-09,77477.87958000001,0.0,0.0,,25.0,77477.87958000001,25.0,0.0
OUTROS NÃO ENERGÉTICOS,2016,9,Setembro,2016-09,1337319.8073340757,3426.155601319445,522679.0,152.55553478035597,25.0,1340745.962935395,25.32595668534418,437025.1099670139
PARAFINA,2016,9,Setembro,2016-09,96422.79111062919,10306.812497500003,2428830.0,235.65287527925162,25.0,106729.6036081292,45.34261923743461,2171159.6875625
QUEROSENE DE AVIAÇÃO,2016,9,Setembro,2016-09,2737734.14965,667861.9761377221,35345172.0,52.922869189832944,25.0,3405596.125787722,30.475876148480022,18648622.596556947
QUEROSENE ILUMINANTE,2016,9,Setembro,2016-09,2232.8825500000003,0.0,0.0,,25.0,2232.8825500000003,25.0,0.0
SOLVENTE,2016,9,Setembro,2016-09,180672.59710631002,424025.801054116,21941575.0,51.74584882677864,25.0,604698.398160426,43.75468830105676,11340929.9736471
ÓLEO COMBUSTÍVEL,2016,9,Setembro,2016-09,5724662.897593585,5879.786413464956,164085.0,27.90662593189414,25.0,5730542.68400705,25.00298232481735,17090.339663376086
ÓLEO DIESEL,2016,9,Setembro,2016-09,22613306.972908795,4841879.8879740955,293039586.0,60.521861917275174,25.0,27455186.86088289,31.264484363998122,171992588.80064762
ASFALTO,2016,10,Outubro,2016-10,1297049.8355935125,326.64670839999997,69003.0,211.2465799456377,25.0,1297376.4823019125,25.046892195997,60836.83229
COQUE,2016,10,Outubro,2016-10,2851237.569539589,413126.55652900966,5282505.0,12.786650764797939,25.0,3264364.1260685986,23.454321050482218,-5045658.913225241
GASOLINA A,2016,10,Outubro,2016-10,14696496.061876401,1215268.6261464015,63002485.0,51.84243519869342,25.0,15911764.688022804,27.05010380595274,32620769.346339967
GASOLINA DE AVIAÇÃO,2016,10,Outubro,2016-10,24555.41824,0.0,0.0,,25.0,24555.41824,25.0,0.0
GLP,2016,10,Outubro,2016-10,3991107.9206411145,1509975.6919295834,40513400.0,26.83049814413126,25.0,5501083.612570697,25.50244786235285,2764007.7017604155
LUBRIFICANTE,2016,10,Outubro,2016-10,337108.53223937715,566581.4113248953,57550706.0,101.5753514846583,25.0,903689.9435642725,73.01001828764059,43386170.71687762
NAFTA,2016,10,Outubro,2016-10,1643081.645324918,3793743.7275960543,169561333.0,44.69498869061573,25.0,5436825.372920972,38.7428986007612,74717739.81009865
OUTROS ENERGÉTICOS,2016,10,Outubro,2016-10,68445.71242,0.0,0.0,,25.0,68445.71242,25.0,0.0
OUTROS NÃO ENERGÉTICOS,2016,10,Outubro,2016-10,1406228.2984279369,2067.1344087037037,1391982.0,673.3872718382688,25.0,1408295.4328366406,25.951720504470227,1340303.6397824073
PARAFINA,2016,10,Outubro,2016-10,55657.03372566026,10688.243451,2348201.0,219.69943057203665,25.0,66345.27717666025,56.36613489734696,2080994.9137249999
QUEROSENE DE AVIAÇÃO,2016,10,Outubro,2016-10,3434726.86518,933895.7247930038,56645033.0,60.65455863667784,25.0,4368622.589973004,32.62199965650516,33297639.880174905
QUEROSENE ILUMINANTE,2016,10,Outubro,2016-10,3641.91949639,0.0,0.0,,25.0,3641.91949639,25.0,0.0
SOLVENTE,2016,10,Outubro,2016-10,172178.24015036,742079.6948700673,41926276.0,56.49834686197819,25.0,914257.9350204273,50.56639951692195,23374283.62824832
ÓLEO COMBUSTÍVEL,2016,10,Outubro,2016-10,6012969.286465545,52811.293760296154,2263169.0,42.85388292648615,25.0,6065780.580225841,25.155443581171788,942886.6559925961
ÓLEO DIESEL,2016,10,Outubro,2016-10,24977529.852260217,4145134.7192855515,265856228.0,64.13693305626084,25.0,29122664.57154577,30.570501957996164,162227860.01786122
ASFALTO,2016,11,Novembro,2016-11,1087591.839455619,824.9346612,121407.0,147.17165578107,25.0,1088416.774116819,25.092596545612576,100783.63347000002
COQUE,2016,11,Novembro,2016-11,2153320.299531963,800461.6987698653,11411150.0,14.255710195174164,25.0,2953781.9983018283,22.08834556030502,-8600392.469246633
GASOLINA A,2016,11,Novembro,2016-11,13796358.383986082,1000753.6049691242,55226259.0,55.184671557294934,25.0,14797111.988955205,27.041440174158254,30207418.87577189
GASOLINA DE AVIAÇÃO,2016,11,Novembro,2016-11,18177.550900000002,0.0,0.0,,25.0,18177.550900000002,25.0,0.0
GLP,2016,11,Novembro,2016-11,3683047.7602219298,1402832.4248462503,39279503.0,28.000139078839023,25.0,5085880.18506818,25.82752487783731,4208692.378843742
LUBRIFICANTE,2016,11,Novembro,2016-11,303682.5098166667,261324.41091475572,32109369.0,122.87167849188842,25.0,565006.9207314225,70.26716008013086,25576258.72713111
NAFTA,2016,11,Novembro,2016-11,1211027.2686853283,2114515.332397464,98017492.0,46.354590339558584,25.0,3325542.6010827925,38.578117650744005,45154608.690063395
OUTROS ENERGÉTICOS,2016,11,Novembro,2016-11,49029.06895,0.0,0.0,,25.0,49029.06895,25.000000000000004,0.0
OUTROS NÃO ENERGÉTICOS,2016,11,Novembro,2016-11,1272304.012171461,2916.8993875,403792.0,138.43192594520025,25.0,1275220.911558961,25.25946054704201,330869.51531249995
PARAFINA,2016,11,Novembro,2016-11,87704.30944977797,22271.710957000003,4088070.0,183.55437567831396,25.0,109976.02040677797,57.10951999366366,3531277.2260749997
QUEROSENE DE AVIAÇÃO,2016,11,Novembro,2016-11,3186059.22683,0.0,0.0,,25.0,3186059.22683,25.0,0.0
QUEROSENE ILUMINANTE,2016,11,Novembro,2016-11,6241.7558516,0.0,0.0,,25.0,6241.7558516,25.0,0.0
SOLVENTE,2016,11,Novembro,2016-11,177222.35741535443,442251.8709203239,26945423.0,60.92777616503173,25.0,619474.2283356783,50.6493740985492,15889126.226991901
ÓLEO COMBUSTÍVEL,2016,11,Novembro,2016-11,5635713.430715997,38371.485736890434,1409508.0,36.73321407632897,25.0,5674084.9164528875,25.079346866183172,450220.8565777391
ÓLEO DIESEL,2016,11,Novembro,2016-11,21494504.94762022,4572711.374316924,292184466.0,63.897421481942274,25.0,26067216.321937144,31.823386104805955,177866681.6420769
ASFALTO,2016,12,Dezembro,2016-12,804028.4105918758,309.6550168,63867.0,206.25210810406608,25.0,804338.0656086758,25.069778650271296,56125.624579999996
COQUE,2016,12,Dezembro,2016-12,2233785.9594279383,1008012.891485125,16798995.0,16.665456505471585,25.0,3241798.850913063,22.408436589222106,-8401327.287128124
GASOLINA A,2016,12,Dezembro,2016-12,14326896.18391788,1542512.3771143665,88663529.0,57.479946556970944,25.0,15869408.561032247,28.157062809206668,50100719.572140835
GASOLINA DE AVIAÇÃO,2016,12,Dezembro,2016-12,10478.82346,0.0,0.0,,25.0,10478.82346,25.0,0.0
GLP,2016,12,Dezembro,2016-12,3660097.4387378423,1051026.852189583,31841666.0,30.29576830854978,25.0,4711124.290927425,26.181457832895493,5565994.695260426
LUBRIFICANTE,2016,12,Dezembro,2016-12,333603.7449975329,488594.69342962815,48865742.0,100.01283816038433,25.0,822198.4384271611,69.57667754072999,36650874.66425929
NAFTA,2016,12,Dezembro,2016-12,1265834.580365154,3718934.116231767,174274388.0,46.86138085623969,25.0,4984768.6965969205,41.309891199106126,81301035.09420583
OUTROS ENERGÉTICOS,2016,12,Dezembro,2016-12,58608.44958,0.0,0.0,,25.0,58608.44958,25.0,0.0
OUTROS NÃO ENERGÉTICOS,2016,12,Dezembro,2016-12,1138152.0756864697,1541.6877580324076,225996.0,146.58999451901295,25.0,1139693.7634445021,25.16447734651337,187453.8060491898
PARAFINA,2016,12,Dezembro,2016-12,82663.52599137436,9397.259948500001,2173519.0,231.29284620321044,25.0,92060.78593987436,46.057690106552066,1938587.5012875
QUEROSENE DE AVIAÇÃO,2016,12,Dezembro,2016-12,3005875.03976,270806.5336298874,39449900.0,145.67558423060933,25.0,3276681.5733898873,34.97342461490514,32679736.659252815
QUEROSENE ILUMINANTE,2016,12,Dezembro,2016-12,3537.89861861,0.0,0.0,,25.0,3537.89861861,25.0,0.0
SOLVENTE,2016,12,Dezembro,2016-12,156871.6363983274,238236.6547943995,14559629.0,61.11414304639686,25.0,395108.29119272693,46.77558107972801,8603712.630140012
ÓLEO COMBUSTÍVEL,2016,12,Dezembro,2016-12,6782154.274195926,7274.987969664365,258116.0,35.479921214482545,25.0,6789429.26216559,25.01122941234299,76241.30075839088
ÓLEO DIESEL,2016,12,Dezembro,2016-12,19357424.94444913,4597246.2547031455,292517525.0,63.628857101301506,25.0,23954671.199152276,32.41343377899113,177586368.63242134
ASFALTO,2017,1,Janeiro,2017-01,938025.3118796699,595.2860276,134186.0,225.41432820285465,25.0,938620.59790727,25.12710550948487,119303.84930999999
COQUE,2017,1,Janeiro,2017-01,2626758.931342004,1312151.229074,18377954.0,14.005972476945002,25.0,3938910.160416004,21.33760960790067,-14425826.726849997
GASOLINA A,2017,1,Janeiro,2017-01,14089934.215337811,2038045.1824540568,115274214.0,56.561167040073016,25.0,16127979.397791868,28.988291580249367,64323084.438648574
GASOLINA DE AVIAÇÃO,2017,1,Janeiro,2017-01,29939.495600000002,0.0,0.0,,25.0,29939.495600000002,25.0,0.0
GLP,2017,1,Janeiro,2017-01,3930503.8198577072,1296214.3455033335,40581273.0,31.307532693785973,25.0,5226718.165361041,26.564253916846095,8175914.362416663
LUBRIFICANTE,2017,1,Janeiro,2017-01,346074.93722240557,189368.26045523243,29063458.0,153.47586723420707,25.0,535443.197677638,70.43759561077951,24329251.488619186
NAFTA,2017,1,Janeiro,2017-01,1366546.5707854019,8148310.45230047,396984348.0,48.719835887932014,25.0,9514857.023085872,45.313136206202756,193276586.69248822
OUTROS ENERGÉTICOS,2017,1,Janeiro,2017-01,22039.49424,0.0,0.0,,25.0,22039.49424,25.0,0.0
OUTROS NÃO ENERGÉTICOS,2017,1,Janeiro,2017-01,1643938.442281156,2583.0007469212965,398923.0,154.44168975772857,25.0,1646521.4430280775,25.20306324144317,334347.9813269676
PARAFINA,2017,1,Janeiro,2017-01,48830.99872710635,11145.113771999999,2572245.0,230.79575970433623,25.0,59976.11249910635,63.24217776259132,2293617.1557
QUEROSENE DE AVIAÇÃO,2017,1,Janeiro,2017-01,3416593.3429500004,764166.7606193242,46016903.0,60.2184043738114,25.0,4180760.1035693246,31.43728253183916,26912733.984516896
QUEROSENE ILUMINANTE,2017,1,Janeiro,2017-01,2786.38583,0.0,0.0,,25.0,2786.38583,25.000000000000004,0.0
SOLVENTE,2017,1,Janeiro,2017-01,119497.89327147721,306625.4533465858,23129330.0,75.43186564442316,25.0,426123.346618063,61.28924298343024,15463693.666335355
ÓLEO COMBUSTÍVEL,2017,1,Janeiro,2017-01,6602630.01655933,21.110912142152024,4979.0,235.84959126699516,25.0,6602651.127471472,25.000674157563456,4451.2271964462
ÓLEO DIESEL,2017,1,Janeiro,2017-01,20848934.645626377,5237420.259511985,329705864.0,62.951958724565195,25.0,26086354.905138362,32.61970609673211,198770357.5122004
ASFALTO,2017,2,Fevereiro,2017-02,768748.8513187126,385.1695552,100337.0,260.50085902531896,25.0,769134.0208739126,25.11793492246895,90707.76112000001
COQUE,2017,2,Fevereiro,2017-02,2430612.3856297764,1174026.3664451055,18591365.0,15.83556002774771,25.0,3604638.752074882,22.015153278554077,-10759294.161127638
GASOLINA A,2017,2,Fevereiro,2017-02,12939965.693085138,4516014.27341434,263418318.0,58.329824055414726,25.0,17455979.966499478,33.62271619545319,150517961.16464153
GASOLINA DE AVIAÇÃO,2017,2,Fevereiro,2017-02,25253.58715,0.0,0.0,,25.0,25253.58715,25.0,0.0
GLP,2017,2,Fevereiro,2017-02,3603432.715439732,3389494.2890833328,107332782.0,31.666311504253184,25.0,6992927.004523065,28.23118270193609,22595424.772916686
LUBRIFICANTE,2017,2,Fevereiro,2017-02,202253.23390352592,204770.3888103373,24632309.0,120.2923388635794,25.0,407023.6227138632,72.94082748720264,19513049.27974157
NAFTA,2017,2,Fevereiro,2017-02,1360404.6085629407,7196810.493667009,364429847.0,50.63768836496223,25.0,8557215.10222995,46.56187292875727,184509584.65832478
OUTROS ENERGÉTICOS,2017,2,Fevereiro,2017-02,28058.84241,0.0,0.0,,25.0,28058.84241,25.0,0.0
OUTROS NÃO ENERGÉTICOS,2017,2,Fevereiro,2017-02,1438403.3152297435,3098.6923681944445,504463.0,162.79867120011724,25.0,1441502.007597938,25.29621581416086,426995.6907951389
PARAFINA,2017,2,Fevereiro,2017-02,31539.697558210028,5414.398846500001,1159447.0,214.14140939201306,25.0,36954.09640471003,52.71240886590786,1024087.0288375
QUEROSENE DE AVIAÇÃO,2017,2,Fevereiro,2017-02,3085554.3528400003,166605.1800250313,8332727.0,50.01481345746912,25.0,3252159.5328650316,26.281486180877085,4167597.499374218
QUEROSENE ILUMINANTE,2017,2,Fevereiro,2017-02,3455.2316457800002,0.0,0.0,,25.0,3455.2316457800002,25.0,0.0
SOLVENTE,2017,2,Fevereiro,2017-02,170809.72188923118,679140.6134899321,54960580.0,80.92665776174312,25.0,849950.3353791633,69.68739299433052,37982064.6627517
ÓLEO COMBUSTÍVEL,2017,2,Fevereiro,2017-02,6509599.600933943,0.0,0.0,,25.0,6509599.600933943,25.0,0.0
ÓLEO DIESEL,2017,2,Fevereiro,2017-02,19440967.975057464,7321389.439011431,482049409.0,65.84124680370624,25.0,26762357.414068896,36.17295716510844,299014673.02471423
ASFALTO,2017,3,Março,2017-03,739660.9811240142,1356.0584904000002,290898.0,214.51729557343285,25.0,741017.0396144142,25.3468159623883,256996.53774
COQUE,2017,3,Março,2017-03,2760470.4776388556,1070392.445033779,18852371.0,17.612578533665815,25.0,3830862.9226726345,22.935859286677953,-7907440.125844473
GASOLINA A,2017,3,Março,2017-03,14945820.6708809,3215032.6177861993,201064455.0,62.538853847911675,25.0,18160853.2886671,31.64553794015054,120688639.55534501
GASOLINA DE AVIAÇÃO,2017,3,Março,2017-03,43462.587100000004,0.0,0.0,,25.0,43462.587100000004,25.000000000000004,0.0
GLP,2017,3,Março,2017-03,3671612.003485347,1017986.5714162502,28068765.0,27.57282442434381,25.0,4689598.574901598,25.558491451402894,2619100.7145937434
LUBRIFICANTE,2017,3,Março,2017-03,216267.74720753683,288908.1825127095,39902503.0,138.1148247618242,25.0,505175.92972024635,89.6899357522428,32679798.43718226
NAFTA,2017,3,Março,2017-03,1668884.460842151,6012295.39350322,331956768.0,55.212983773004005,25.0,7681179.854345371,48.64863036759352,181649383.1624195
OUTROS ENERGÉTICOS,2017,3,Março,2017-03,31920.78575,0.0,0.0,,25.0,31920.78575,25.0,0.0
OUTROS NÃO ENERGÉTICOS,2017,3,Março,2017-03,1380500.1450457948,3730.8109933217597,621224.0,166.511785537248,25.0,1384230.9560391165,25.381405807219963,527953.725166956
PARAFINA,2017,3,Março,2017-03,71295.00434939528,17341.6428215,3374506.0,194.58975338924176,25.0,88636.64717089529,58.18001101499464,2940964.9294625
QUEROSENE DE AVIAÇÃO,2017,3,Março,2017-03,3182033.74843,490875.85437677096,32109877.0,65.41343745816863,25.0,3672909.602806771,30.401162235362637,19837980.640580725
QUEROSENE ILUMINANTE,2017,3,Março,2017-03,3354.41228129,0.0,0.0,,25.0,3354.41228129,25.0,0.0
SOLVENTE,2017,3,Março,2017-03,148965.97904713076,884139.518551458,54785456.0,61.96471806820545,25.0,1033105.4975985888,56.6346860143339,32681968.036213547
ÓLEO COMBUSTÍVEL,2017,3,Março,2017-03,6034090.879164807,49446.021882991125,1760300.0,35.600437264004114,25.0,6083536.901047798,25.086158670761897,524149.452925222
ÓLEO DIESEL,2017,3,Março,2017-03,22081875.879116483,5245808.747301432,356665390.0,67.99054391441112,25.0,27327684.626417916,33.2524434250625,225520171.3174642
ASFALTO,2017,4,Abril,2017-04,809414.7525763756,909.8869827999998,223044.0,245.13374102091842,25.0,810324.6395591756,25.24718096384057,200296.82543000003
COQUE,2017,4,Abril,2017-04,2609188.826364075,1587331.7833980962,21956526.0,13.832348239758893,25.0,4196520.609762171,20.775841409258078,-17726768.584952403
GASOLINA A,2017,4,Abril,2017-04,14363549.026453849,2615042.979628113,159032884.0,60.814634879391605,25.0,16978592.00608196,30.516170567956873,93656809.50929716
GASOLINA DE AVIAÇÃO,2017,4,Abril,2017-04,21693.55469,0.0,0.0,,25.0,21693.55469,25.0,0.0
GLP,2017,4,Abril,2017-04,3645954.5713874223,637086.0354925,20758259.0,32.583132957784585,25.0,4283040.606879923,26.1279622483446,4831108.112687497
LUBRIFICANTE,2017,4,Abril,2017-04,351839.5539769353,302104.0722455233,37873197.0,125.36473513412305,25.0,653943.6262224586,71.36576300775421,30320595.19386192
NAFTA,2017,4,Abril,2017-04,1527600.4251196086,5504073.477115357,298673233.0,54.264034490421146,25.0,7031673.902234966,47.90655088839099,161071396.07211605
OUTROS ENERGÉTICOS,2017,4,Abril,2017-04,236830.21593,0.0,0.0,,25.0,236830.21593,25.0,0.0
OUTROS NÃO ENERGÉTICOS,2017,4,Abril,2017-04,1372200.6498908729,4524.1423990625,734002.0,162.24113550274214,25.0,1376724.7922899353,25.450996774010793,620898.4400234375
PARAFINA,2017,4,Abril,2017-04,66542.11339804348,25540.187712,4498235.0,176.12380342398637,25.0,92082.30111004348,66.9160931109596,3859730.3072
QUEROSENE DE AVIAÇÃO,2017,4,Abril,2017-04,3123544.80524,0.0,168.0,,25.0,3123544.80524,25.00005378504567,0.0
QUEROSENE ILUMINANTE,2017,4,Abril,2017-04,3037.97823,0.0,0.0,,25.0,3037.97823,25.0,0.0
SOLVENTE,2017,4,Abril,2017-04,86500.9621053006,1152108.4192819444,69653878.0,60.45774584601337,25.0,1238609.381387245,57.981477560098895,40851167.51795139
ÓLEO COMBUSTÍVEL,2017,4,Abril,2017-04,6545171.649500677,74.72641989141167,42822.0,573.0503356406821,25.0,6545246.375920569,25.006257035587446,40953.839502714705
ÓLEO DIESEL,2017,4,Abril,2017-04,21820853.55229474,5048440.297307816,346923659.0,68.71897825255141,25.0,26869293.849602554,33.214307856496546,220712651.56730458
ASFALTO,2017,5,Maio,2017-05,901428.2147997305,391.04822640000003,103135.0,263.73984853342375,25.0,901819.2630261305,25.10352273251153,93358.79434000001
COQUE,2017,5,Maio,2017-05,2612090.0676969346,2163335.9998721154,26578133.0,12.285716597685775,25.0,4775426.06756905,19.24024859612065,-27505266.996802885
GASOLINA A,2017,5,Maio,2017-05,13181011.81141289,1785019.4856426818,112776335.0,63.17932992165393,25.0,14966031.297055572,29.553702080814237,68150847.85893296
GASOLINA DE AVIAÇÃO,2017,5,Maio,2017-05,21819.35089,0.0,0.0,,25.0,21819.35089,25.0,0.0
GLP,2017,5,Maio,2017-05,3708209.2526787734,951185.4278141666,31281884.0,32.88726160564305,25.0,4659394.68049294,26.610133680251387,7502248.304645833
LUBRIFICANTE,2017,5,Maio,2017-05,402410.9120702086,576323.5956416394,60701031.0,105.32456324717992,25.0,978734.507711848,72.29877279711512,46292941.10895901
NAFTA,2017,5,Maio,2017-05,1399705.4547981424,2693298.3802096015,145405735.0,53.98797848335098,25.0,4093003.835007744,44.074811224703446,78073275.49475998
OUTROS ENERGÉTICOS,2017,5,Maio,2017-05,29077.79163,0.0,0.0,,25.0,29077.79163,25.0,0.0
OUTROS NÃO ENERGÉTICOS,2017,5,Maio,2017-05,1259377.842109418,2883.419253020834,394346.0,136.76332346982173,25.0,1262261.2613624388,25.2553041343649,322260.5186744792
PARAFINA,2017,5,Maio,2017-05,89767.26845323746,12124.0766755,2386879.0,196.87099181938854,25.0,101891.34512873745,45.450972361584725,2083777.0831125
QUEROSENE DE AVIAÇÃO,2017,5,Maio,2017-05,2838534.64471,318780.5361530288,19497916.0,61.16407304942902,25.0,3157315.180863029,28.65133093650254,11528402.596174281
QUEROSENE ILUMINANTE,2017,5,Maio,2017-05,3337.58074973,0.0,0.0,,25.0,3337.58074973,25.0,0.0
SOLVENTE,2017,5,Maio,2017-05,214907.82464137833,80968.90238372471,6825650.0,84.2996483718174,25.0,295876.72702510306,41.22779692300542,4801427.440406883
ÓLEO COMBUSTÍVEL,2017,5,Maio,2017-05,6583049.735230374,26.388640177690032,6690.0,253.5181788433336,25.0,6583076.123870552,25.00091602829469,6030.283995557749
ÓLEO DIESEL,2017,5,Maio,2017-05,22035882.480545886,5053624.872525282,341106131.0,67.49731917271299,25.0,27089507.353071168,32.92799611996339,214765509.18686792
ASFALTO,2017,6,Junho,2017-06,1037834.7296452692,1223.6165692000002,232263.0,189.81681504350126,25.0,1039058.3462144692,25.194091685519627,201672.58577
COQUE,2017,6,Junho,2017-06,2455591.852809079,538589.0034858845,7972952.0,14.803406583493228,25.0,2994180.8562949635,23.165851245892103,-5491773.087147113
GASOLINA A,2017,6,Junho,2017-06,13545459.416669153,3081712.7962830863,182891215.0,59.347261438700144,25.0,16627172.21295224,31.36598898100478,105848395.09292284
GASOLINA DE AVIAÇÃO,2017,6,Junho,2017-06,43217.28451,1492.2399508055555,203241.0,136.1986052513099,25.0,44709.52446080555,28.711401613661256,165935.00122986108
GLP,2017,6,Junho,2017-06,3897171.9302069354,2907597.385212083,101796898.0,35.010658118532746,25.0,6804769.315419018,29.277435724932523,29106963.36969792
LUBRIFICANTE,2017,6,Junho,2017-06,367590.0102429272,264092.0297070117,39829170.0,150.81549429639045,25.0,631682.0399499389,77.60062366179977,33226869.25732471
NAFTA,2017,6,Junho,2017-06,1383594.5583846394,5386129.065558533,280879780.0,52.14872807190579,25.0,6769723.623943172,46.60007726812692,146226553.36103666
OUTROS ENERGÉTICOS,2017,6,Junho,2017-06,0.0,0.0,0.0,,25.0,0.0,,0.0
OUTROS NÃO ENERGÉTICOS,2017,6,Junho,2017-06,1315903.3022303423,2873.227431261574,488109.0,169.88178335248648,25.0,1318776.529661604,25.315654930805657,416278.31421846064
PARAFINA,2017,6,Junho,2017-06,70665.31560068237,13309.782565500002,2889901.0,217.12608645394778,25.0,83975.09816618238,55.45136584183586,2557156.4358625
QUEROSENE DE AVIAÇÃO,2017,6,Junho,2017-06,3143823.1526800003,615777.9645765582,41144893.0,66.81774172983508,25.0,3759601.1172565585,31.849248918293906,25750443.885586046
QUEROSENE ILUMINANTE,2017,6,Junho,2017-06,1519.8696883999999,0.0,0.0,,25.0,1519.8696883999999,25.0,0.0
SOLVENTE,2017,6,Junho,2017-06,167294.5325340122,556763.0143517947,35660145.0,64.04905512898866,25.0,724057.546885807,55.0267150514681,21741069.641205136
ÓLEO COMBUSTÍVEL,2017,6,Junho,2017-06,5419340.804407579,0.0,0.0,,25.0,5419340.804407579,25.0,0.0
ÓLEO DIESEL,2017,6,Junho,2017-06,20878051.42841486,7714152.172870551,492780485.0,63.88005758209317,25.0,28592203.60128541,35.489806412289,299926680.6782362
ASFALTO,2017,7,Julho,2017-07,1318246.6514348716,643.7942695999999,149106.0,231.6050437861804,25.0,1318890.4457044716,25.100850789914514,133011.14326
COQUE,2017,7,Julho,2017-07,2661056.218318636,878609.6608390578,18384679.0,20.924740324893463,25.0,3539665.879157694,23.98844618582235,-3580562.520976443
GASOLINA A,2017,7,Julho,2017-07,14977976.15460124,2028844.190690337,114815784.0,56.5917208067775,25.0,17006820.345291577,28.768763233304014,64094679.23274158
GASOLINA DE AVIAÇÃO,2017,7,Julho,2017-07,18705.894940000002,0.0,0.0,,25.0,18705.894940000002,25.0,0.0
GLP,2017,7,Julho,2017-07,4325205.884191205,2517244.6663920833,88576291.0,35.187795680963596,25.0,6842450.550583288,28.74795172440257,25645174.340197913
LUBRIFICANTE,2017,7,Julho,2017-07,335540.7034489849,423374.27855790744,51155596.0,120.82830391644386,25.0,758914.9820068923,78.45953103833158,40571239.03605232
NAFTA,2017,7,Julho,2017-07,1275060.911683126,5743306.776778774,281789035.0,49.06390098110794,25.0,7018367.6884619,44.6920953297645,138206365.58053064
OUTROS ENERGÉTICOS,2017,7,Julho,2017-07,46500.56533,0.0,0.0,,25.0,46500.56533,25.0,0.0
OUTROS NÃO ENERGÉTICOS,2017,7,Julho,2017-07,1308515.2250086085,4133.751946446759,914120.0,221.13566847806348,25.0,1312648.9769550553,25.617664139897926,810776.2013388311
PARAFINA,2017,7,Julho,2017-07,62287.80870104189,15988.6433265,3375992.0,211.14937215495587,25.0,78276.45202754189,63.02262161537783,2976275.9168375
QUEROSENE DE AVIAÇÃO,2017,7,Julho,2017-07,3179083.8275400004,0.0,0.0,,25.0,3179083.8275400004,25.000000000000004,0.0
QUEROSENE ILUMINANTE,2017,7,Julho,2017-07,3684.91663755,0.0,0.0,,25.0,3684.91663755,25.0,0.0
SOLVENTE,2017,7,Julho,2017-07,160996.31426226578,559920.4565304318,41989103.0,74.99119296370607,25.0,720916.7707926976,63.8270778552718,27991091.58673921
ÓLEO COMBUSTÍVEL,2017,7,Julho,2017-07,5465940.143411477,114.3093801579467,55711.0,487.37032711595026,25.0,5466054.452791635,25.009669363148962,52853.26549605133
ÓLEO DIESEL,2017,7,Julho,2017-07,21383738.75338024,7359913.801785635,457784510.0,62.199710802174614,25.0,28743652.555165872,34.52511739521962,273786664.9553591
ASFALTO,2017,8,Agosto,2017-08,982847.5149431354,287.25102039999996,81564.0,283.946772012929,25.0,983134.7659635354,25.07565872662137,74382.72449000001
COQUE,2017,8,Agosto,2017-08,2530770.299167955,847448.4966523366,10666463.0,12.586561946992145,25.0,3378218.795820291,21.88600707884167,-10519749.416308414
GASOLINA A,2017,8,Agosto,2017-08,14055756.916221643,1976128.5979800406,116509775.0,58.95859971820355,25.0,16031885.514201684,29.18581831756803,67106560.050498985
GASOLINA DE AVIAÇÃO,2017,8,Agosto,2017-08,23693.71427,0.0,0.0,,25.0,23693.71427,25.0,0.0
GLP,2017,8,Agosto,2017-08,4157816.1910048206,3007280.629981667,101706807.0,33.82019156643191,25.0,7165096.820986487,28.70194456727612,26524791.250458334
LUBRIFICANTE,2017,8,Agosto,2017-08,171837.6092,316602.52311947674,45135329.0,142.5614949473009,25.0,488440.13231947675,101.20230906347437,37220265.92201308
NAFTA,2017,8,Agosto,2017-08,1227847.483068872,5631510.627617422,274728640.0,48.78418210785338,25.0,6859358.110686294,44.52673590563759,133940874.30956446
OUTROS ENERGÉTICOS,2017,8,Agosto,2017-08,0.0,0.0,0.0,,25.0,0.0,,0.0
OUTROS NÃO ENERGÉTICOS,2017,8,Agosto,2017-08,1133413.6965889786,3659.941432731482,709199.0,193.77331933716536,25.0,1137073.63802171,25.543236993213906,617700.464181713
PARAFINA,2017,8,Agosto,2017-08,60456.66816719815,21425.232929499998,4455418.0,207.95190487126135,25.0,81881.90109669814,72.87122824778386,3919787.1767625
QUEROSENE DE AVIAÇÃO,2017,8,Agosto,2017-08,3104222.5089200004,315605.92183770967,17673469.0,55.99853417543927,25.0,3419828.4307577102,27.860763676349,9783320.954057258
QUEROSENE ILUMINANTE,2017,8,Agosto,2017-08,2729.77754,0.0,0.0,,25.0,2729.77754,25.0,0.0
SOLVENTE,2017,8,Agosto,2017-08,177820.09887458585,631666.9950299055,43734293.0,69.23631176571044,25.0,809487.0939044913,59.51891739184322,27942618.124252364
ÓLEO COMBUSTÍVEL,2017,8,Agosto,2017-08,6443041.251103061,74.50910167818363,46254.0,620.7832192069394,25.0,6443115.76020474,25.00688972138794,44391.27245804541
ÓLEO DIESEL,2017,8,Agosto,2017-08,21182423.766040307,7908512.676262194,518082834.0,65.50951553192196,25.0,29090936.442302503,36.0127089833925,320370017.09344506
ASFALTO,2017,9,Setembro,2017-09,1301623.8225421614,354.08868920000003,98469.0,278.09134548316996,25.0,1301977.9112313616,25.068831262033655,89616.78277
COQUE,2017,9,Setembro,2017-09,2656453.2719928445,1386705.3086191826,20983365.0,15.131812699912624,25.0,4043158.580612027,21.61545115220088,-13684267.715479562
GASOLINA A,2017,9,Setembro,2017-09,13494198.446379509,1487577.795383167,97498361.0,65.54168884652287,25.0,14981776.241762675,29.025485038770356,60308916.115420826
GASOLINA DE AVIAÇÃO,2017,9,Setembro,2017-09,44814.89625,0.0,0.0,,25.0,44814.89625,25.0,0.0
GLP,2017,9,Setembro,2017-09,3734125.594458802,2842660.3042866667,99765464.0,35.0958093197263,25.0,6576785.898745469,29.363675028300328,28698956.39283333
LUBRIFICANTE,2017,9,Setembro,2017-09,353499.90162,285770.2986959652,41249772.0,144.3459036444028,25.0,639270.2003159652,78.35070290425536,34105514.53260087
NAFTA,2017,9,Setembro,2017-09,1924486.6080174542,4722878.116412122,233735191.0,49.489990052414065,25.0,6647364.724429576,42.39986338715938,115663238.08969694
OUTROS ENERGÉTICOS,2017,9,Setembro,2017-09,0.0,0.0,0.0,,25.0,0.0,,0.0
OUTROS NÃO ENERGÉTICOS,2017,9,Setembro,2017-09,1332043.3583450515,2785.119132152778,588200.0,211.19383842850073,25.0,1334828.4774772043,25.388493376075004,518572.0216961805
PARAFINA,2017,9,Setembro,2017-09,61842.55133351179,20835.37147950001,4071560.0,195.4157622774339,25.0,82677.9228130118,67.94587469308912,3550675.7130125
QUEROSENE DE AVIAÇÃO,2017,9,Setembro,2017-09,3094328.6377900005,302868.86765724653,16554974.0,54.660533874135545,25.0,3397197.505447247,27.644312641276997,8983252.308568837
QUEROSENE ILUMINANTE,2017,9,Setembro,2017-09,3959.4353950000004,0.0,0.0,,25.0,3959.4353950000004,25.000000000000004,0.0
SOLVENTE,2017,9,Setembro,2017-09,180742.3390049351,425726.171822267,27121030.0,63.70533877189618,25.0,606468.5108272021,52.17020819756671,16477875.704443326
ÓLEO COMBUSTÍVEL,2017,9,Setembro,2017-09,6247779.602060631,0.0,0.0,,25.0,6247779.602060631,24.999999999999996,0.0
ÓLEO DIESEL,2017,9,Setembro,2017-09,21599432.4805983,6207464.383307676,442086564.0,71.218542177834,25.0,27806896.863905977,35.317582570305106,286899954.4173081
ASFALTO,2017,10,Outubro,2017-10,1196029.0773121542,965.071628,251087.0,260.1744706974227,25.0,1196994.1489401541,25.189608453392154,226960.20930000002
COQUE,2017,10,Outubro,2017-10,2658730.866187093,1340858.0307760963,16377136.0,12.213922446749132,25.0,3999588.8969631894,20.7134807573799,-17144314.769402407
GASOLINA A,2017,10,Outubro,2017-10,13874103.7188669,2010498.0355842724,129176940.0,64.25121423332294,25.0,15884601.754451172,29.967986628199842,78914489.1103932
GASOLINA DE AVIAÇÃO,2017,10,Outubro,2017-10,21850.79994,0.0,0.0,,25.0,21850.79994,25.0,0.0
GLP,2017,10,Outubro,2017-10,4200702.894329639,1281575.5533762502,48770363.0,38.055004148227376,25.0,5482278.447705889,28.0518286010436,16730974.165593741
LUBRIFICANTE,2017,10,Outubro,2017-10,365802.76998000004,258333.02847488367,39260540.0,151.97646321797018,25.0,624135.7984548837,77.55621351848967,32802214.28812791
NAFTA,2017,10,Outubro,2017-10,2017381.4589572432,6906031.242350355,360524178.0,52.20424949559039,25.0,8923412.701307599,46.05398497524506,187873396.94124112
OUTROS ENERGÉTICOS,2017,10,Outubro,2017-10,0.0,0.0,0.0,,25.0,0.0,,0.0
OUTROS NÃO ENERGÉTICOS,2017,10,Outubro,2017-10,1577193.5612418347,2846.32102181713,580926.0,204.097147000351,25.0,1580039.8822636518,25.322629814713444,509767.9744545717
PARAFINA,2017,10,Outubro,2017-10,47080.27746159257,23088.703582500002,4120665.0,178.47104257179873,25.0,70168.98104409256,75.49877250192473,3543447.4104374996
QUEROSENE DE AVIAÇÃO,2017,10,Outubro,2017-10,3510758.0884599993,640639.2927246934,40897537.0,63.83863347822344,25.0,4151397.3811846925,30.993537211025117,24881554.681882665
QUEROSENE ILUMINANTE,2017,10,Outubro,2017-10,2654.01677855,0.0,0.0,,25.0,2654.01677855,24.999999999999996,0.0
SOLVENTE,2017,10,Outubro,2017-10,201397.12395914746,509900.6703551147,38868365.0,76.22732673195067,25.0,711297.7943142621,61.722802249519624,26120848.24112213
ÓLEO COMBUSTÍVEL,2017,10,Outubro,2017-10,6514210.074429269,0.0,0.0,,25.0,6514210.074429269,25.0,0.0
ÓLEO DIESEL,2017,10,Outubro,2017-10,22146385.328397974,8463222.01994729,632835389.0,74.77475924753553,25.0,30609607.348345265,38.76217713959309,421254838.5013177
ASFALTO,2017,11,Novembro,2017-11,1192241.4106063216,737.1657319999999,190449.0,258.3530293564976,25.0,1192978.5763383217,25.1441935841195,172019.8567
COQUE,2017,11,Novembro,2017-11,2388445.9593689064,971603.9150433174,30170609.0,31.05237487505893,25.0,3360049.8744122237,26.750126142084643,5880511.123917066
GASOLINA A,2017,11,Novembro,2017-11,12374446.40408981,1177291.4738971968,81161851.0,68.93947064046027,25.0,13551737.877987007,28.81719043109577,51729564.15257008
GASOLINA DE AVIAÇÃO,2017,11,Novembro,2017-11,43896.58399,0.0,0.0,,25.0,43896.58399,25.0,0.0
GLP,2017,11,Novembro,2017-11,3748515.855198253,709217.13218375,31861774.0,44.92527401572271,25.0,4457732.987382003,28.170074505450692,14131345.69540625
LUBRIFICANTE,2017,11,Novembro,2017-11,277330.30252,321429.08196030225,46022190.0,143.17991925100267,25.0,598759.3844803022,88.44195003133535,37986462.95099244
NAFTA,2017,11,Novembro,2017-11,2322332.704572,2269655.6195303276,132749095.0,58.48865081455419,25.0,4591988.324102327,41.55224254660977,76007704.5117418
OUTROS ENERGÉTICOS,2017,11,Novembro,2017-11,0.0,0.0,0.0,,25.0,0.0,,0.0
OUTROS NÃO ENERGÉTICOS,2017,11,Novembro,2017-11,1315890.5461495616,4099.361827881944,614321.0,149.85771585754532,25.0,1319989.9079774437,25.387758233005897,511836.95430295134
PARAFINA,2017,11,Novembro,2017-11,78163.96314120706,18283.495846,3933958.0,215.1644320722537,25.0,96447.45898720706,61.0493748654506,3476870.60385
QUEROSENE DE AVIAÇÃO,2017,11,Novembro,2017-11,3359947.31409,0.0,0.0,,25.0,3359947.31409,25.0,0.0
QUEROSENE ILUMINANTE,2017,11,Novembro,2017-11,1997.07128329,0.0,0.0,,25.0,1997.07128329,25.0,0.0
SOLVENTE,2017,11,Novembro,2017-11,169482.08358768426,222727.93563709845,16299663.0,73.18194259456452,25.0,392210.0192247827,52.36152592502269,10731464.609072538
ÓLEO COMBUSTÍVEL,2017,11,Novembro,2017-11,5859765.811443453,149.01820335636725,91552.0,614.3678955856111,25.0,5859914.829646809,25.014987682836576,87826.54491609082
ÓLEO DIESEL,2017,11,Novembro,2017-11,21349972.00145425,8022212.56024256,611416300.0,76.21542004884414,25.0,29372184.56169681,38.98809765514427,410860985.99393606
ASFALTO,2017,12,Dezembro,2017-12,1113165.569794814,1514.8869316,431747.0,285.0027886530089,25.0,1114680.4567264142,25.353352231424896,393874.82671
COQUE,2017,12,Dezembro,2017-12,2609343.354315788,746907.915894798,11034920.0,14.774137166266515,25.0,3356251.270210586,22.724312847145466,-7637777.897369951
GASOLINA A,2017,12,Dezembro,2017-12,13753439.588699443,2300634.128482453,158008714.0,68.68050510240231,25.0,16054073.717181897,31.259648644841217,100492860.78793867
GASOLINA DE AVIAÇÃO,2017,12,Dezembro,2017-12,36914.89489,0.0,0.0,,25.0,36914.89489,25.0,0.0
GLP,2017,12,Dezembro,2017-12,4205485.131954494,153252.75891875,7679310.0,50.10878795383604,25.0,4358737.890873244,25.882822303926226,3847991.0270312494
LUBRIFICANTE,2017,12,Dezembro,2017-12,342782.06538000004,191342.04671562783,33528376.0,175.22743471971847,25.0,534124.1120956279,78.81675191432457,28744824.832109302
NAFTA,2017,12,Dezembro,2017-12,1938424.505531694,5280588.05180359,329683000.0,62.433008741781414,25.0,7219012.557335284,52.3816255526607,197668298.70491028
OUTROS ENERGÉTICOS,2017,12,Dezembro,2017-12,0.0,0.0,0.0,,25.0,0.0,,0.0
OUTROS NÃO ENERGÉTICOS,2017,12,Dezembro,2017-12,1421225.144445045,3276.21934349537,470153.0,143.50473845209578,25.0,1424501.3637885402,25.27254976813785,388247.5164126158
PARAFINA,2017,12,Dezembro,2017-12,66627.0121470873,13049.046929499998,2867877.0,219.77674043891946,25.0,79676.05907658729,56.89980599215356,2541650.8267625
QUEROSENE DE AVIAÇÃO,2017,12,Dezembro,2017-12,3760897.54235,6318.637639824781,469103.0,74.24116189910337,25.0,3767216.1799898245,25.082590709993504,311137.0590043805
QUEROSENE ILUMINANTE,2017,12,Dezembro,2017-12,4150.77770501,0.0,0.0,,25.0,4150.77770501,25.0,0.0
SOLVENTE,2017,12,Dezembro,2017-12,226614.19627670947,803033.4796355328,56123226.0,69.88902383680472,25.0,1029647.6759122423,60.00944046435553,36047389.00911167
ÓLEO COMBUSTÍVEL,2017,12,Dezembro,2017-12,5311376.518580304,422566.6163570287,23133044.0,54.74413525477075,25.0,5733943.134937333,27.19201312173663,12568878.591074282
ÓLEO DIESEL,2017,12,Dezembro,2017-12,20760230.559060004,7903774.249375174,611012298.0,77.30639549178711,25.0,28664004.80843518,39.42289535354672,413417941.76562065
ASFALTO,2018,1,Janeiro,2018-01,760914.9671576945,184.920414,45621.0,246.70613164428673,25.0,761099.8875716946,25.05386676613605,40997.98965
COQUE,2018,1,Janeiro,2018-01,2231199.6135405507,789934.643353375,11353715.0,14.3729802149226,25.0,3021134.256893926,22.221357817952438,-8394651.083834376
GASOLINA A,2018,1,Janeiro,2018-01,13196195.36243441,2518665.221264394,179457789.0,71.25114822124334,25.0,15714860.583698804,32.4128025411328,116491158.46839014
GASOLINA DE AVIAÇÃO,2018,1,Janeiro,2018-01,49569.99261,0.0,0.0,,25.0,49569.99261,25.0,0.0
GLP,2018,1,Janeiro,2018-01,3745651.7579596173,3135637.5802725,140558144.0,44.82601716611169,25.0,6881289.338232117,34.03423783502163,62167204.49318751
LUBRIFICANTE,2018,1,Janeiro,2018-01,357487.64116,352927.3460666862,49635676.0,140.63992646979884,25.0,710414.9872266862,82.44880539141835,40812492.348332845
NAFTA,2018,1,Janeiro,2018-01,1810227.7880053394,2971284.6328579485,173872930.0,58.517763016449635,25.0,4781512.4208632875,45.828308161242944,99590814.17855129
OUTROS ENERGÉTICOS,2018,1,Janeiro,2018-01,0.0,0.0,0.0,,25.0,0.0,,0.0
OUTROS NÃO ENERGÉTICOS,2018,1,Janeiro,2018-01,1521031.3598750175,12954.824638194445,1756713.0,135.6029934068516,25.0,1533986.184513212,25.934064725295965,1432842.3840451387
PARAFINA,2018,1,Janeiro,2018-01,78785.0281123835,17861.572323,3570987.0,199.925680417379,25.0,96646.6004353835,57.3285834975019,3124447.691925
QUEROSENE DE AVIAÇÃO,2018,1,Janeiro,2018-01,4286562.1232900005,1004184.0681473091,63758335.0,63.49267731127452,25.0,5290746.19143731,32.30591336225418,38653733.29631727
QUEROSENE ILUMINANTE,2018,1,Janeiro,2018-01,3290.65247732,0.0,0.0,,25.0,3290.65247732,24.999999999999996,0.0
SOLVENTE,2018,1,Janeiro,2018-01,178710.65141793026,261903.32542788112,24074552.0,91.9215208919876,25.0,440613.97684581135,64.77851313245192,17526968.864302974
ÓLEO COMBUSTÍVEL,2018,1,Janeiro,2018-01,5914960.365528259,74.50910167818363,46923.0,629.7619880409741,25.0,5915034.874629938,25.007617921688222,45060.27245804541
ÓLEO DIESEL,2018,1,Janeiro,2018-01,18504242.19770048,10302115.81775938,797492005.0,77.4105066480846,25.0,28806358.01545986,43.74374779575536,539939109.5560156
ASFALTO,2018,2,Fevereiro,2018-02,796917.2128656926,830.1996924000001,200348.0,241.3250713461719,25.0,797747.4125580926,25.22512515222595,179593.00769
COQUE,2018,2,Fevereiro,2018-02,2219731.511280876,2055228.3180446157,37735602.0,18.360783407218907,25.0,4274959.829325492,21.80813235775637,-13645105.95111539
GASOLINA A,2018,2,Fevereiro,2018-02,11912423.573675921,2826061.7734665093,209788037.0,74.23335150337829,25.0,14738485.34714243,34.44035220622679,139136492.66333726
GASOLINA DE AVIAÇÃO,2018,2,Fevereiro,2018-02,65193.88065,0.0,0.0,,25.0,65193.88065,25.0,0.0
GLP,2018,2,Fevereiro,2018-02,3644007.8352576117,3298176.9473970835,138343683.0,41.945500561812075,25.0,6942184.782654695,33.0506729602926,55889259.31507292
LUBRIFICANTE,2018,2,Fevereiro,2018-02,323981.82329000003,214891.0953556277,31918497.0,148.53336266529527,25.0,538872.9186456278,74.26248601029914,26546219.616109308
NAFTA,2018,2,Fevereiro,2018-02,1802908.0102847824,3977046.585244858,274799351.0,69.09633697013413,25.0,5779954.59552964,55.34162007163802,175373186.36887854
OUTROS ENERGÉTICOS,2018,2,Fevereiro,2018-02,0.0,0.0,0.0,,25.0,0.0,,0.0
OUTROS NÃO ENERGÉTICOS,2018,2,Fevereiro,2018-02,1518247.4517494524,3177.941062245371,608109.0,191.35313968671943,25.0,1521425.3928116977,25.347477093481967,528660.4734438658
PARAFINA,2018,2,Fevereiro,2018-02,81834.88767096383,16418.367748000004,3198627.0,194.82003626028168,25.0,98253.25541896383,53.37735802657035,2788167.8063
QUEROSENE DE AVIAÇÃO,2018,2,Fevereiro,2018-02,3315792.8478900003,297646.2628663579,22953199.0,77.11569693151465,25.0,3613439.110756358,29.292875001592073,15512042.428341052
QUEROSENE ILUMINANTE,2018,2,Fevereiro,2018-02,2514.05592643,0.0,0.0,,25.0,2514.05592643,25.0,0.0
SOLVENTE,2018,2,Fevereiro,2018-02,172416.81149039188,168435.53500489882,13099718.0,77.77288800501037,25.0,340852.3464952907,51.078240963496896,8888829.62487753
ÓLEO COMBUSTÍVEL,2018,2,Fevereiro,2018-02,5337541.210643733,247538.71369592307,12998435.0,52.51071562069801,25.0,5585079.924339656,26.219314181686862,6809967.157601923
ÓLEO DIESEL,2018,2,Fevereiro,2018-02,17470560.04536256,6094123.631237019,482270621.0,79.13699330417195,25.0,23564683.676599577,39.00050748598388,329917530.21907455
ASFALTO,2018,3,Março,2018-03,983056.3137093727,1066.0890448,280346.0,262.9667769005105,25.0,984122.4027541727,25.257786809008724,253693.77387999996
COQUE,2018,3,Março,2018-03,2552907.722088983,1545588.0199342694,20512006.0,13.271328281175686,25.0,4098495.742023252,20.576988329526028,-18127694.498356737
GASOLINA A,2018,3,Março,2018-03,12164287.290920079,2427105.465837507,182250611.0,75.08969575704525,25.0,14591392.756757585,33.33182797425279,121572974.3540623
GASOLINA DE AVIAÇÃO,2018,3,Março,2018-03,14774.76369,0.0,0.0,,25.0,14774.76369,25.0,0.0
GLP,2018,3,Março,2018-03,3904539.8404857963,2343434.6776062497,100087559.0,42.70977124151654,25.0,6247974.518092046,31.642423386918235,41501692.05984375
LUBRIFICANTE,2018,3,Março,2018-03,256448.13332000002,549131.1599316744,69763380.0,127.04320040530992,25.0,805579.2932516744,94.55876531474101,56035101.00170814
NAFTA,2018,3,Março,2018-03,1713396.9411441693,3736418.560533234,257125554.0,68.81604665921179,25.0,5449815.501677403,55.04048301016413,163715089.98666915
OUTROS ENERGÉTICOS,2018,3,Março,2018-03,0.0,0.0,0.0,,25.0,0.0,,0.0
OUTROS NÃO ENERGÉTICOS,2018,3,Março,2018-03,1273107.89253589,8096.303126956018,1166213.0,144.04265523571908,25.0,1281204.195662846,25.752265271288362,963805.4218260996
PARAFINA,2018,3,Março,2018-03,76667.2824000366,20779.883082499997,4357011.0,209.67447134817152,25.0,97447.1654825366,64.38045713218017,3837513.9229375
QUEROSENE DE AVIAÇÃO,2018,3,Março,2018-03,3230962.18042,152984.655510801,12030759.0,78.6402986615256,25.0,3383946.835930801,27.425021139545404,8206142.612229975
QUEROSENE ILUMINANTE,2018,3,Março,2018-03,3058.48930041,0.0,0.0,,25.0,3058.48930041,25.0,0.0
SOLVENTE,2018,3,Março,2018-03,159081.25660221733,136255.61926882586,10670908.0,78.31536091694542,25.0,295336.8758710432,49.597394066873505,7264517.518279354
ÓLEO COMBUSTÍVEL,2018,3,Março,2018-03,5503637.01525453,270019.25835421524,16305472.0,60.38632984692611,25.0,5773656.273608745,26.65492888532701,9554990.541144619
ÓLEO DIESEL,2018,3,Março,2018-03,20778739.829206254,6695410.051508968,530279263.0,79.20041624343666,25.0,27474149.88071522,38.208561986007076,362894011.71227574
ASFALTO,2018,4,Abril,2018-04,934856.4260151985,241.46734,65784.0,272.43435903174316,25.0,935097.8933551984,25.06389418361924,59747.3165
COQUE,2018,4,Abril,2018-04,2420451.8363437094,1956909.171173298,43098406.0,22.023713024023298,25.0,4377361.007517007,23.669444153833634,-5824323.27933245
GASOLINA A,2018,4,Abril,2018-04,12640952.15116354,1613633.3186547577,121623726.0,75.37259214589992,25.0,14254585.469818298,30.70222776423306,81282893.03363106
GASOLINA DE AVIAÇÃO,2018,4,Abril,2018-04,21272.13742,0.0,0.0,,25.0,21272.13742,25.000000000000004,0.0
GLP,2018,4,Abril,2018-04,3829691.8813503655,1869493.5515804167,70402531.0,37.65861130704821,25.0,5699185.432930782,29.152381509425606,23665192.210489582
LUBRIFICANTE,2018,4,Abril,2018-04,338788.03603,631813.125913419,79948939.0,126.53890164820012,25.0,970601.1619434189,91.096779364771,64153610.85216453
NAFTA,2018,4,Abril,2018-04,2176508.1701016673,2700117.3137559686,180875812.0,66.98813087805976,25.0,4876625.483857635,48.24822349622338,113372879.15610076
OUTROS ENERGÉTICOS,2018,4,Abril,2018-04,0.0,0.0,0.0,,25.0,0.0,,0.0
OUTROS NÃO ENERGÉTICOS,2018,4,Abril,2018-04,1378216.8877384556,4875.731130266204,814982.0,167.15072636819164,25.0,1383092.6188687216,25.50111519090475,693088.7217433449
PARAFINA,2018,4,Abril,2018-04,44834.02930494497,23136.114942999997,4691285.0,202.76891827162117,25.0,67970.14424794496,85.51012796768266,4112882.126425
QUEROSENE DE AVIAÇÃO,2018,4,Abril,2018-04,3581128.4827400004,2580.4516252440553,225250.0,87.2909214016737,25.0,3583708.9343652446,25.044852612841275,160738.70936889862
QUEROSENE ILUMINANTE,2018,4,Abril,2018-04,3427.9024213300004,0.0,0.0,,25.0,3427.9024213300004,25.0,0.0
SOLVENTE,2018,4,Abril,2018-04,188876.8599451676,310640.26198792167,25551784.0,82.25522292726339,25.0,499517.1219330893,60.60594155706314,17785777.45030196
ÓLEO COMBUSTÍVEL,2018,4,Abril,2018-04,6476747.087577698,58.34062661401777,27656.0,474.0435885780316,25.0,6476805.428204312,25.004044815708152,26197.484334649555
ÓLEO DIESEL,2018,4,Abril,2018-04,21263871.122621927,7287328.080317348,582503613.0,79.93377086634929,25.0,28551199.202939276,39.02114174422678,400320410.99206626
ASFALTO,2018,5,Maio,2018-05,999584.8409852169,483.10649920000003,110737.0,229.21860952683286,25.0,1000067.9474844169,25.098652634321667,98659.33752
COQUE,2018,5,Maio,2018-05,2712130.508030752,994866.9285256731,14265174.0,14.338775961866622,25.0,3706997.4365564254,22.138789709281635,-10606499.213141827
GASOLINA A,2018,5,Maio,2018-05,13283772.054023638,1322497.3324569005,104260234.0,78.83587470555278,25.0,14606269.386480538,29.874468545299983,71197800.68857747
GASOLINA DE AVIAÇÃO,2018,5,Maio,2018-05,15774.84348,0.0,0.0,,25.0,15774.84348,25.0,0.0
GLP,2018,5,Maio,2018-05,4032309.406829366,1078962.4735754167,46159438.0,42.781319212186276,25.0,5111271.8804047825,28.75354248600355,19185376.160614584
LUBRIFICANTE,2018,5,Maio,2018-05,304640.65754,257751.33806960462,42480953.0,164.81370501567756,25.0,562391.9956096046,89.07838274653501,36037169.548259884
NAFTA,2018,5,Maio,2018-05,2071796.2315114886,1983822.5332321513,137920944.0,69.52282358406914,25.0,4055618.76474364,46.778521550651554,88325380.66919622
OUTROS ENERGÉTICOS,2018,5,Maio,2018-05,0.0,0.0,0.0,,25.0,0.0,,0.0
OUTROS NÃO ENERGÉTICOS,2018,5,Maio,2018-05,1312296.0295935003,6339.939203310186,888714.0,140.17705399067358,25.0,1318635.9687968106,25.55376581345914,730215.5199172454
PARAFINA,2018,5,Maio,2018-05,75220.21054658014,15989.924299999999,3143567.0,196.59674061121103,25.0,91210.13484658014,55.08239048341762,2743818.8925
QUEROSENE DE AVIAÇÃO,2018,5,Maio,2018-05,3478308.9586699996,0.0,0.0,,25.0,3478308.9586699996,25.0,0.0
QUEROSENE ILUMINANTE,2018,5,Maio,2018-05,1961.7980288100002,0.0,0.0,,25.0,1961.7980288100002,25.0,0.0
SOLVENTE,2018,5,Maio,2018-05,159474.94427083677,883621.8527583941,69332603.0,78.46411084511442,25.0,1043096.7970292309,70.2901943669915,47242056.68104015
ÓLEO COMBUSTÍVEL,2018,5,Maio,2018-05,5866872.260978972,271880.216305005,15977857.0,58.76800164847399,25.0,6138752.477283977,26.49555656891982,9180851.592374874
ÓLEO DIESEL,2018,5,Maio,2018-05,24238109.71726146,4633078.504973287,397968566.0,85.89722051392147,25.0,28871188.22223475,34.772427833724564,282141603.37566787
ASFALTO,2018,6,Junho,2018-06,1056464.5869419922,1193.4807088,324695.0,272.05718333434027,25.0,1057658.0676507922,25.278783844513114,294857.98228
COQUE,2018,6,Junho,2018-06,2339647.0676165824,1536163.0359960867,30175903.0,19.643685138168415,25.0,3875810.103612669,22.87704436493609,-8228172.899902167
GASOLINA A,2018,6,Junho,2018-06,12946932.88417309,1330374.2174936254,112485014.0,84.55140855925298,25.0,14277307.101666715,30.549061738218874,79225658.56265937
GASOLINA DE AVIAÇÃO,2018,6,Junho,2018-06,44292.842020000004,0.0,0.0,,25.0,44292.842020000004,25.0,0.0
GLP,2018,6,Junho,2018-06,4079477.906054227,1556823.3476625,62861327.0,40.37794467457303,25.0,5636301.253716728,29.24759824408788,23940743.3084375
LUBRIFICANTE,2018,6,Junho,2018-06,351883.42045000003,220476.89277331415,38766771.0,175.83144660814185,25.0,572360.3132233142,83.10124830875951,33254848.680667147
NAFTA,2018,6,Junho,2018-06,1664508.5535448848,4124024.688082934,288833722.0,70.03685570424295,25.0,5788533.241627819,57.08638476190141,185733104.79792663
OUTROS ENERGÉTICOS,2018,6,Junho,2018-06,0.0,0.0,0.0,,25.0,0.0,,0.0
OUTROS NÃO ENERGÉTICOS,2018,6,Junho,2018-06,1202622.625575253,8283.89088630787,1258479.0,151.91882863644332,25.0,1210906.516461561,25.868260029613673,1051381.7278423032
PARAFINA,2018,6,Junho,2018-06,67179.76359233537,21956.890625500004,4609918.0,209.95313401280026,25.0,89136.65421783537,70.55921208841978,4060995.7343625
QUEROSENE DE AVIAÇÃO,2018,6,Junho,2018-06,3357827.6481199996,351727.7181321152,31498334.0,89.55317530069854,25.0,3709555.366252115,31.120717661544667,22705141.046697117
QUEROSENE ILUMINANTE,2018,6,Junho,2018-06,4541.7460048,0.0,0.0,,25.0,4541.7460048,25.0,0.0
SOLVENTE,2018,6,Junho,2018-06,156434.61893154326,237276.09640164635,21273013.0,89.65510358022055,25.0,393710.7153331896,63.96543830913,15341110.589958843
ÓLEO COMBUSTÍVEL,2018,6,Junho,2018-06,5892798.74135329,74.52151986179665,46297.0,621.2567871114246,25.0,5892873.262873152,25.00754028807702,44433.96200345508
ÓLEO DIESEL,2018,6,Junho,2018-06,23567637.370339192,4214692.768362759,374957548.0,88.96438450142504,25.0,27782330.138701953,34.70365795255526,269590228.79093105
ASFALTO,2018,7,Julho,2018-07,1165058.8630225402,466.56890119999997,119090.0,255.24633059276863,25.0,1165525.4319237403,25.092169398047957,107425.77747
COQUE,2018,7,Julho,2018-07,2417013.032177431,1762143.0756645286,26325423.0,14.939435601772754,25.0,4179156.1078419597,20.757958440856683,-17728153.89161322
GASOLINA A,2018,7,Julho,2018-07,12661745.395029759,1163356.3659348653,91421957.0,78.58465357391493,25.0,13825101.760964625,29.50904802940697,62338047.85162837
GASOLINA DE AVIAÇÃO,2018,7,Julho,2018-07,43770.78779,0.0,0.0,,25.0,43770.78779,25.0,0.0
GLP,2018,7,Julho,2018-07,4064817.8964940775,2194016.047849584,96434416.0,43.95337768587338,25.0,6258833.944343662,31.644051459671875,41584014.8037604
LUBRIFICANTE,2018,7,Julho,2018-07,238836.66532,426180.14817144105,65249164.0,153.10230727535432,25.0,665016.8134914411,107.09515787891672,54594660.295713976
NAFTA,2018,7,Julho,2018-07,2907652.618896192,7441307.360797977,550380398.0,73.96286315217858,25.0,10348959.979694169,60.206215377674866,364347713.98005056
OUTROS ENERGÉTICOS,2018,7,Julho,2018-07,0.0,0.0,0.0,,25.0,0.0,,0.0
OUTROS NÃO ENERGÉTICOS,2018,7,Julho,2018-07,1491684.101566181,6656.569985879629,1096467.0,164.71951805898544,25.0,1498340.6715520606,25.62072182115274,930052.7503530093
PARAFINA,2018,7,Julho,2018-07,73712.04045411285,17052.21951549999,3506086.0,205.60877701656761,25.0,90764.25996961285,58.931643503109996,3079780.5121125
QUEROSENE DE AVIAÇÃO,2018,7,Julho,2018-07,3499643.99419,317166.5189511514,26040256.0,82.102789683203,25.0,3816810.5131411515,29.74508571066479,18111093.026221216
QUEROSENE ILUMINANTE,2018,7,Julho,2018-07,3007.82488086,0.0,0.0,,25.0,3007.82488086,25.0,0.0
SOLVENTE,2018,7,Julho,2018-07,189589.95913176553,829060.6879507154,60061147.0,72.44481359797682,25.0,1018650.647082481,63.61444540764833,39334629.80123212
ÓLEO COMBUSTÍVEL,2018,7,Julho,2018-07,6430979.360034428,204352.15798127346,11907692.0,58.27044900152806,25.0,6635331.518015701,26.02464933847064,6798888.050468164
ÓLEO DIESEL,2018,7,Julho,2018-07,24803985.942620438,4493918.009028568,392857692.0,87.4198619580339,25.0,29297903.951649006,34.57439625159593,280509741.7742858
ASFALTO,2018,8,Agosto,2018-08,1151138.3965282824,702.9859839999999,192392.0,273.67828716198136,25.0,1151841.3825122823,25.15177206953505,174817.35040000002
COQUE,2018,8,Agosto,2018-08,2168108.3554010037,1378861.3047118655,26895216.0,19.505381656656304,25.0,3546969.660112869,22.8640029817578,-7576316.617796637
GASOLINA A,2018,8,Agosto,2018-08,12065498.887209648,894136.2987072236,74639844.0,83.47703153078243,25.0,12959635.185916873,29.034560833096492,52286436.53231941
GASOLINA DE AVIAÇÃO,2018,8,Agosto,2018-08,23253.42757,0.0,0.0,,25.0,23253.42757,25.000000000000004,0.0
GLP,2018,8,Agosto,2018-08,4052753.374216116,4392623.827917917,198426816.0,45.172731327201625,25.0,8445377.202134032,35.49227502587584,88611220.30205208
LUBRIFICANTE,2018,8,Agosto,2018-08,331070.43916,742298.6119015575,99560965.0,134.1252205025053,25.0,1073369.0510615576,100.46658777085936,81003499.70246108
NAFTA,2018,8,Agosto,2018-08,2619804.993169021,5739072.775945541,435285539.0,75.84596954832735,25.0,8358877.769114562,59.91003549299084,291808719.6013615
OUTROS ENERGÉTICOS,2018,8,Agosto,2018-08,0.0,0.0,0.0,,25.0,0.0,,0.0
OUTROS NÃO ENERGÉTICOS,2018,8,Agosto,2018-08,1316392.969424115,6208.231746689815,990642.0,159.56910766551255,25.0,1322601.201170805,25.631661460456254,835436.2063327547
PARAFINA,2018,8,Agosto,2018-08,83670.93779496761,22566.664693500003,4144117.0,183.63887868612025,25.0,106237.60248846762,58.697582577234016,3579950.3826625
QUEROSENE DE AVIAÇÃO,2018,8,Agosto,2018-08,2832282.57357,0.28339569461827285,988.0,3486.2914954682433,25.0,2832282.8569656946,25.000346333737543,980.9151076345432
QUEROSENE ILUMINANTE,2018,8,Agosto,2018-08,3457.3324423199997,0.0,0.0,,25.0,3457.3324423199997,25.0,0.0
SOLVENTE,2018,8,Agosto,2018-08,169719.533130541,578579.9460841024,43990630.0,76.03206833858276,25.0,748299.4792146434,64.4576398461292,29526131.34789744
ÓLEO COMBUSTÍVEL,2018,8,Agosto,2018-08,5634417.137055282,265512.0475664067,19350713.0,72.8807343296173,25.0,5899929.184621688,27.15475667809308,12712911.810839832
ÓLEO DIESEL,2018,8,Agosto,2018-08,23053419.11818643,4636440.762773779,418898343.0,90.34912003262423,25.0,27689859.880960207,35.942176133545274,302987323.93065554
ASFALTO,2018,9,Setembro,2018-09,1185517.7839861233,531.2833756,152745.0,287.50193778884733,25.0,1186049.0673617232,25.11758612644941,139462.91561
COQUE,2018,9,Setembro,2018-09,2127505.065572308,1163685.4773088268,17348663.0,14.908378026785234,25.0,3291190.542881135,21.431846233235607,-11743473.932720669
GASOLINA A,2018,9,Setembro,2018-09,12357099.69306214,598316.9640628976,48399140.0,80.89214063285706,25.0,12955416.657125037,27.581253600982105,33441215.898427557
GASOLINA DE AVIAÇÃO,2018,9,Setembro,2018-09,0.0,0.0,0.0,,25.0,0.0,,0.0
GLP,2018,9,Setembro,2018-09,3936111.6896813153,1348556.9934704169,67709129.0,50.208578004371404,25.0,5284668.683151732,31.432797626769126,33995204.16323958
LUBRIFICANTE,2018,9,Setembro,2018-09,332089.38838,579819.3330787208,81115495.0,139.89787917090223,25.0,911908.7214587209,98.05557026197128,66620011.67303198
NAFTA,2018,9,Setembro,2018-09,2907652.618896192,3987573.6485012113,300848412.0,75.44648413279548,25.0,6895226.267397404,54.173672188048,201159070.7874697
OUTROS ENERGÉTICOS,2018,9,Setembro,2018-09,0.0,0.0,0.0,,25.0,0.0,,0.0
OUTROS NÃO ENERGÉTICOS,2018,9,Setembro,2018-09,1228224.3611800994,2429.781266516204,439971.0,181.0743238755915,25.0,1230654.1424466157,25.308150320432976,379226.46833709494
PARAFINA,2018,9,Setembro,2018-09,38324.943226543764,17977.9568195,3438423.0,191.25771824473816,25.0,56302.90004604377,78.08739118354751,2988974.0795124997
QUEROSENE DE AVIAÇÃO,2018,9,Setembro,2018-09,2850661.3983900007,632961.8829386107,56066562.0,88.57810163813252,25.0,3483623.2813286115,36.55191353273616,40242514.926534735
QUEROSENE ILUMINANTE,2018,9,Setembro,2018-09,2679.45906,0.0,0.0,,25.0,2679.45906,25.0,0.0
SOLVENTE,2018,9,Setembro,2018-09,132405.19127184874,361829.96131151146,27949833.0,77.24576731758556,25.0,494235.1525833602,63.249169182727755,18904083.967212215
ÓLEO COMBUSTÍVEL,2018,9,Setembro,2018-09,4815604.231215436,0.0,0.0,,25.0,4815604.231215436,25.0,0.0
ÓLEO DIESEL,2018,9,Setembro,2018-09,21800895.116162613,2975395.5654479815,277594965.0,93.29682689037844,25.0,24776290.681610595,33.20179576011459,203210075.86380047
ASFALTO,2018,10,Outubro,2018-10,1093001.5238005538,502.25206719999994,137138.0,273.0461633827199,25.0,1093503.7758677537,25.1139289146223,124581.69832
COQUE,2018,10,Outubro,2018-10,2446469.095509661,1885774.1597693847,35742648.0,18.953832734865262,25.0,4332243.255279046,22.36817502564264,-11401705.994234618
GASOLINA A,2018,10,Outubro,2018-10,12864017.482717521,546622.8042846362,44765689.0,81.8950264224427,25.0,13410640.287002157,27.319062940121277,31100118.892884098
GASOLINA DE AVIAÇÃO,2018,10,Outubro,2018-10,0.0,0.0,0.0,,25.0,0.0,,0.0
GLP,2018,10,Outubro,2018-10,4073507.550810254,1382287.4669454168,67921274.0,49.136865973394556,25.0,5455795.0177556705,31.115348398864413,33364087.32636458
LUBRIFICANTE,2018,10,Outubro,2018-10,316723.38255000004,355809.8270287675,56690307.0,159.32754717147412,25.0,672533.2095787675,96.06721369821518,47795061.32428081
NAFTA,2018,10,Outubro,2018-10,2168629.747100569,3972060.7460402283,298669404.0,75.19255698638179,25.0,6140690.493140797,57.466688489134874,199367885.3489943
OUTROS ENERGÉTICOS,2018,10,Outubro,2018-10,0.0,0.0,0.0,,25.0,0.0,,0.0
OUTROS NÃO ENERGÉTICOS,2018,10,Outubro,2018-10,1478812.94708294,7386.915933148148,1271703.0,172.15614899491985,25.0,1486199.8630160883,25.731415826849343,1087030.1016712962
PARAFINA,2018,10,Outubro,2018-10,82589.45488578464,11830.127774499997,2630922.0,222.3916808126949,25.0,94419.58266028464,49.731827231637766,2335168.8056375
QUEROSENE DE AVIAÇÃO,2018,10,Outubro,2018-10,3074987.47204,1221339.065652278,109100217.0,89.32836103275963,25.0,4296326.537692278,43.28695739707305,78566740.35869306
QUEROSENE ILUMINANTE,2018,10,Outubro,2018-10,2736.62714309,0.0,0.0,,25.0,2736.62714309,25.0,0.0
SOLVENTE,2018,10,Outubro,2018-10,146352.81660662565,655325.7715698647,49794186.0,75.98386659007109,25.0,801678.5881764904,66.67635534179679,33411041.71075338
ÓLEO COMBUSTÍVEL,2018,10,Outubro,2018-10,5219715.695027597,0.9686183218163872,337.0,347.91825883289687,25.0,5219716.663645919,25.000059923662928,312.78454195459034
ÓLEO DIESEL,2018,10,Outubro,2018-10,24169660.19238084,7023462.636878006,660464457.0,94.03687200272236,25.0,31193122.829258848,40.544384373828684,484877891.0780498
ASFALTO,2018,11,Novembro,2018-11,978522.9270890857,694.2170684,160254.0,230.84134241952037,25.0,979217.1441574857,25.145931445484393,142898.57329
COQUE,2018,11,Novembro,2018-11,2168158.9263776024,1216960.2405835576,17671277.0,14.520833475649342,25.0,3385119.16696116,21.232708987306605,-12752729.01458894
GASOLINA A,2018,11,Novembro,2018-11,11602772.57299631,1229591.3288155256,103067169.0,83.82229655058268,25.0,12832363.901811836,30.63632595935031,72327385.77961187
GASOLINA DE AVIAÇÃO,2018,11,Novembro,2018-11,8755.41552,0.0,0.0,,25.0,8755.41552,25.0,0.0
GLP,2018,11,Novembro,2018-11,3799557.431736529,2997223.668180417,150438819.0,50.19272355183617,25.0,6796781.099916946,36.10940990823027,75508227.29548958
LUBRIFICANTE,2018,11,Novembro,2018-11,311194.63956,297489.509256628,47247312.0,158.82009459110816,25.0,608684.1488166279,90.40350088955164,39810074.2685843
NAFTA,2018,11,Novembro,2018-11,1995825.3818986716,3703947.9450389883,281783477.0,76.07652191155022,25.0,5699773.32693766,58.19163193383857,189184778.3740253
OUTROS ENERGÉTICOS,2018,11,Novembro,2018-11,0.0,0.0,0.0,,25.0,0.0,,0.0
OUTROS NÃO ENERGÉTICOS,2018,11,Novembro,2018-11,1034344.7970934478,7703.968948333334,1248309.0,162.0345315994631,25.0,1042048.766041781,26.013109760977674,1055709.7762916668
PARAFINA,2018,11,Novembro,2018-11,15875.972416038561,8976.993253499999,1952750.0,217.52829091618747,25.0,24852.96566953856,94.54200925730365,1728325.1686625
QUEROSENE DE AVIAÇÃO,2018,11,Novembro,2018-11,3167586.0548600005,822109.679026821,76806487.0,93.42608286879714,25.0,3989695.7338868217,39.099758171164154,56253745.024329476
QUEROSENE ILUMINANTE,2018,11,Novembro,2018-11,2761.50963145,0.0,0.0,,25.0,2761.50963145,24.999999999999996,0.0
SOLVENTE,2018,11,Novembro,2018-11,185870.33905638586,1144398.716505466,89747388.0,78.42318127903225,25.0,1330269.055561852,70.95868770437674,61137420.08736335
ÓLEO COMBUSTÍVEL,2018,11,Novembro,2018-11,4910700.720268296,468554.23619470885,33540442.0,71.58283803470339,25.0,5379254.956463005,29.057548168247408,21826586.095132276
ÓLEO DIESEL,2018,11,Novembro,2018-11,22587583.859377008,5743569.110327265,544111231.0,94.73399214813259,25.0,28331152.969704274,39.137158613703924,400522003.24181837
ASFALTO,2018,12,Dezembro,2018-12,844448.4184408176,723.0704212,276322.0,382.15088309298966,25.0,845171.4888620176,25.305553657302987,258245.23947
COQUE,2018,12,Dezembro,2018-12,2303145.043739955,1206457.310217154,19448753.0,16.120548017152267,25.0,3509602.353957109,21.947608681835362,-10712679.75542885
GASOLINA A,2018,12,Dezembro,2018-12,12073293.63488911,2190615.5523636388,161236322.0,73.60320336721276,25.0,14263909.187252749,32.4643585985572,106470933.19090904
GASOLINA DE AVIAÇÃO,2018,12,Dezembro,2018-12,4056.92745,29456.953606986113,3782813.0,128.41833715971413,25.0,33513.881056986116,115.8993248094826,3046389.159825347
GLP,2018,12,Dezembro,2018-12,3606277.7937693913,2022968.1630366663,93278851.0,46.10989569899095,25.0,5629245.956806058,32.586210880064876,42704646.92408334
LUBRIFICANTE,2018,12,Dezembro,2018-12,328862.71585,323515.1632703956,43179260.0,133.46904535633948,25.0,652377.8791203955,78.7899613726235,35091380.918240115
NAFTA,2018,12,Dezembro,2018-12,1612701.1681660905,5830897.523978831,428134732.0,73.4251854434673,25.0,7443598.692144922,62.933572936770545,282362293.9005292
OUTROS ENERGÉTICOS,2018,12,Dezembro,2018-12,0.0,0.0,0.0,,25.0,0.0,,0.0
OUTROS NÃO ENERGÉTICOS,2018,12,Dezembro,2018-12,1283958.5312979599,6756.602716446759,1194868.0,176.84449569477886,25.0,1290715.1340144067,25.794871699456944,1025952.932088831
PARAFINA,2018,12,Dezembro,2018-12,75059.48469752063,6354.671748,1503381.0,236.57886034367672,25.0,81414.15644552062,41.514501470020136,1344514.2063
QUEROSENE DE AVIAÇÃO,2018,12,Dezembro,2018-12,3430179.3325500004,592836.4848174093,55017942.0,92.80458171690505,25.0,4023015.81736741,34.99176530851152,40197029.87956477
QUEROSENE ILUMINANTE,2018,12,Dezembro,2018-12,2640.78301831,0.0,0.0,,25.0,2640.78301831,25.000000000000004,0.0
SOLVENTE,2018,12,Dezembro,2018-12,203503.27433681974,574485.5259340081,43765573.0,76.18220307438592,25.0,777988.8002708278,62.79416212857317,29403434.851649802
ÓLEO COMBUSTÍVEL,2018,12,Dezembro,2018-12,5618074.5831308,279486.521413465,20184629.0,72.2204022502373,25.0,5897561.104544265,27.237783675440735,13197465.964663377
ÓLEO DIESEL,2018,12,Dezembro,2018-12,21665307.411172204,9176479.290866151,834624906.0,90.9526278592213,25.0,30841786.702038355,44.62314730904831,605212923.7283462
ASFALTO,2019,1,Janeiro,2019-01,664870.2715723055,669.5794224,115030.0,171.79440728284843,25.0,665539.8509947055,25.147685392983,98290.51444
COQUE,2019,1,Janeiro,2019-01,2340658.1130737993,1249866.3795011058,14373683.0,11.500175727374451,25.0,3590524.492574905,20.30069310976142,-16872976.487527642
GASOLINA A,2019,1,Janeiro,2019-01,12322502.86361897,2686527.5010077357,165301056.0,61.5296347936116,25.0,15009030.364626706,31.538588175962254,98137868.4748066
GASOLINA DE AVIAÇÃO,2019,1,Janeiro,2019-01,0.0,36222.92843152778,3474162.0,95.91057792489667,25.0,36222.92843152778,95.91057792489667,2568588.7892118054
GLP,2019,1,Janeiro,2019-01,3755515.9711818304,2926847.0752470833,106793850.0,36.48767675741463,25.0,6682363.046428913,30.031554389549523,33622673.11882292
LUBRIFICANTE,2019,1,Janeiro,2019-01,156471.60337,311643.0591306046,48192968.0,154.64155734590932,25.0,468114.66250060464,111.30768219460056,40401891.521734886
NAFTA,2019,1,Janeiro,2019-01,2162230.2711493755,2373777.7793790456,156760372.0,66.03835176223059,25.0,4536008.050528421,46.476136380352195,97415927.51552387
OUTROS ENERGÉTICOS,2019,1,Janeiro,2019-01,0.0,0.0,0.0,,25.0,0.0,,0.0
OUTROS NÃO ENERGÉTICOS,2019,1,Janeiro,2019-01,1416694.1575602922,2884.554913159722,663051.0,229.86249870823167,25.0,1419578.7124734519,25.416276407907926,590937.1271710069
PARAFINA,2019,1,Janeiro,2019-01,60224.50863868754,9292.1434165,2258689.0,243.07513334213724,25.0,69516.65205518754,54.14964047720254,2026385.4145875
QUEROSENE DE AVIAÇÃO,2019,1,Janeiro,2019-01,3774590.4587200005,1240986.2593919525,106941405.0,86.17452787301465,25.0,5015576.718111953,40.136195253689394,75916748.5152012
QUEROSENE ILUMINANTE,2019,1,Janeiro,2019-01,2925.50384758,0.0,0.0,,25.0,2925.50384758,25.0,0.0
SOLVENTE,2019,1,Janeiro,2019-01,146391.79293824395,454214.9282631443,28833370.0,63.47957366847202,25.0,600606.7212013882,54.10056810296814,17477996.793421395
ÓLEO COMBUSTÍVEL,2019,1,Janeiro,2019-01,6061064.760923093,68.18203712734453,31135.0,456.6452002871186,25.0,6061132.94296022,25.00485560197224,29430.449071816387
ÓLEO DIESEL,2019,1,Janeiro,2019-01,20015397.81765756,5420491.543196045,462885063.0,85.395403592323,25.0,25435889.360853605,37.87050630609885,327372774.4200989
ASFALTO,2019,2,Fevereiro,2019-02,817750.0209653225,1048.7537148000001,240506.0,229.32552858310027,25.0,818798.7746801225,25.261709181494215,214287.15713
COQUE,2019,2,Fevereiro,2019-02,2083214.5455556733,1826518.1500583075,28990097.0,15.871781509028288,25.0,3909732.6956139808,20.73555072699429,-16672856.751457686
GASOLINA A,2019,2,Fevereiro,2019-02,11968110.19894719,2079367.182760499,115713666.0,55.64850063969095,25.0,14047477.381707689,29.536721056691263,63729486.43098752
GASOLINA DE AVIAÇÃO,2019,2,Fevereiro,2019-02,0.0,29534.999666069445,2835236.0,95.99580267668637,25.0,29534.999666069445,95.99580267668637,2096861.008348264
GLP,2019,2,Fevereiro,2019-02,3382318.2493191794,954056.6349225001,31860953.0,33.39524283334409,25.0,4336374.88424168,26.847058278112446,8009537.1269375
LUBRIFICANTE,2019,2,Fevereiro,2019-02,256467.00274999999,306859.49040975585,45023069.0,146.7221005284202,25.0,563326.4931597558,91.30538807121829,37351581.7397561
NAFTA,2019,2,Fevereiro,2019-02,1740881.7733428425,6542179.146735784,362761198.0,55.44959712407134,25.0,8283060.920078626,49.04989185202256,199206719.3316054
OUTROS ENERGÉTICOS,2019,2,Fevereiro,2019-02,0.0,0.0,0.0,,25.0,0.0,,0.0
OUTROS NÃO ENERGÉTICOS,2019,2,Fevereiro,2019-02,1653686.763169725,11748.891888275462,1842354.0,156.8108735291483,25.0,1665435.6550580005,25.929865827052428,1548631.7027931132
PARAFINA,2019,2,Fevereiro,2019-02,54713.94973456071,8088.7340125,1664107.0,205.73145283654486,25.0,62802.683747060706,48.27748692357306,1461888.6496875
QUEROSENE DE AVIAÇÃO,2019,2,Fevereiro,2019-02,3248479.3012699997,653893.1504427034,51998993.0,79.5221558213223,25.0,3902372.4517127033,34.13589481272741,35651664.23893242
QUEROSENE ILUMINANTE,2019,2,Fevereiro,2019-02,1839.769425,0.0,0.0,,25.0,1839.769425,25.0,0.0
SOLVENTE,2019,2,Fevereiro,2019-02,174101.09951269918,124570.90087298244,10048987.0,80.66881534593986,25.0,298672.00038568163,48.21849543720366,6934714.478175438
ÓLEO COMBUSTÍVEL,2019,2,Fevereiro,2019-02,6342458.367181377,0.0,0.0,,25.0,6342458.367181377,25.0,0.0
ÓLEO DIESEL,2019,2,Fevereiro,2019-02,19389754.592319332,4073130.030089624,322058985.0,79.06916367040546,25.0,23462884.622408956,34.38634519122262,220230734.2477594
ASFALTO,2019,3,Março,2019-03,643384.7203435785,745.8916928000001,165686.0,222.13144562320025,25.0,644130.6120363785,25.228274677421627,147038.70768
COQUE,2019,3,Março,2019-03,2635816.9582930645,1497269.7902326826,17105380.0,11.424380637067248,25.0,4133086.748525747,20.082037713564233,-20326364.755817067
GASOLINA A,2019,3,Março,2019-03,12600230.235554459,1939597.042426725,127780200.0,65.87976636638295,25.0,14539827.277981184,30.453316083018912,79290273.93933187
GASOLINA DE AVIAÇÃO,2019,3,Março,2019-03,0.0,0.0,0.0,,25.0,0.0,,0.0
GLP,2019,3,Março,2019-03,3619503.025803034,1653493.96715,55890779.0,33.80162257037722,25.0,5272996.992953034,27.759992057780345,14553429.821250008
LUBRIFICANTE,2019,3,Março,2019-03,281041.29042,320203.6368152558,46313825.0,144.63866013714627,25.0,601244.9272352557,88.71568780758982,38308734.07961861
NAFTA,2019,3,Março,2019-03,2345186.618907832,4697365.58083077,274620369.0,58.46263491193526,25.0,7042552.199738601,47.31949796340382,157186229.47923076
OUTROS ENERGÉTICOS,2019,3,Março,2019-03,0.0,0.0,0.0,,25.0,0.0,,0.0
OUTROS NÃO ENERGÉTICOS,2019,3,Março,2019-03,1462706.6511588835,2360.4695986805555,356453.0,151.00935856121532,25.0,1465067.120757564,25.203022275101763,297441.2600329862
PARAFINA,2019,3,Março,2019-03,48826.49782817434,9114.655717,2092852.0,229.6139388015022,25.0,57941.15354517434,57.187581588636256,1864985.6070750002
QUEROSENE DE AVIAÇÃO,2019,3,Março,2019-03,3107266.7769600004,0.0,0.0,,25.0,3107266.7769600004,25.0,0.0
QUEROSENE ILUMINANTE,2019,3,Março,2019-03,3035.29248113,0.0,0.0,,25.0,3035.29248113,25.0,0.0
SOLVENTE,2019,3,Março,2019-03,173975.83056908948,696785.8902797165,46547123.0,66.80261992864725,25.0,870761.720848806,58.45056982364135,29127475.74300709
ÓLEO COMBUSTÍVEL,2019,3,Março,2019-03,6030539.966216151,0.0,0.0,,25.0,6030539.966216151,25.0,0.0
ÓLEO DIESEL,2019,3,Março,2019-03,22441193.01908637,4946289.951439049,404714452.0,81.82182119797777,25.0,27387482.970525417,35.26225022272033,281057203.21402377
ASFALTO,2019,4,Abril,2019-04,645437.4271460738,1519.2437756,260411.0,171.40830469893157,25.0,646956.6709216738,25.34380958664994,222429.90561000002
COQUE,2019,4,Abril,2019-04,2379101.426602491,1263797.008353846,18214965.0,14.412888208784285,25.0,3642898.4349563373,21.327111379099833,-13379960.208846148
GASOLINA A,2019,4,Abril,2019-04,12137144.30145437,2796805.4597359705,196416004.0,70.22869728613246,25.0,14933949.761190342,33.47035576852765,126495867.50660074
GASOLINA DE AVIAÇÃO,2019,4,Abril,2019-04,0.0,1864.692797125,216001.0,115.83731128957663,25.0,1864.692797125,115.83731128957663,169383.680071875
GLP,2019,4,Abril,2019-04,3722471.4702687142,1967251.1801341665,65768594.0,33.43172171614333,25.0,5689722.650402881,27.915311609340275,16587314.496645844
LUBRIFICANTE,2019,4,Abril,2019-04,378155.95682,331838.4469021977,49193684.0,148.24588428265753,25.0,709994.4037221977,82.60288054812227,40897722.82744505
NAFTA,2019,4,Abril,2019-04,2587246.3347606105,2535813.6515177493,149511911.0,58.96013333255513,25.0,5123059.98627836,41.80959620670293,86116569.71205626
OUTROS ENERGÉTICOS,2019,4,Abril,2019-04,0.0,0.0,0.0,,25.0,0.0,,0.0
OUTROS NÃO ENERGÉTICOS,2019,4,Abril,2019-04,1188850.397107914,12884.246272511575,1999097.0,155.15824191167906,25.0,1201734.6433804256,26.39547515953265,1676990.8431872106
PARAFINA,2019,4,Abril,2019-04,100992.87711685555,12044.541261,2596015.0,215.53456821189596,25.0,113037.41837785556,45.30213978174663,2294901.468475
QUEROSENE DE AVIAÇÃO,2019,4,Abril,2019-04,2943888.9622100005,1009459.0460369838,82945852.0,82.16861528522188,25.0,3953348.0082469843,39.597595690713106,57709375.84907541
QUEROSENE ILUMINANTE,2019,4,Abril,2019-04,3330.0581369700003,0.0,0.0,,25.0,3330.0581369700003,25.0,0.0
SOLVENTE,2019,4,Abril,2019-04,169858.20590683824,232461.59062168698,21438523.0,92.22393661966082,25.0,402319.7965285252,63.84219312421989,15626983.234457824
ÓLEO COMBUSTÍVEL,2019,4,Abril,2019-04,4830880.5728145735,0.0,0.0,,25.0,4830880.5728145735,25.0,0.0
ÓLEO DIESEL,2019,4,Abril,2019-04,22039071.85230736,6462715.658802993,547288654.0,84.68400636728111,25.0,28501787.511110354,38.533213044254374,385720762.52992517
ASFALTO,2019,5,Maio,2019-05,780383.0647262309,1596.5440064000002,375200.0,235.00761550946996,25.0,781979.608732631,25.428766167423987,335286.39983999997
COQUE,2019,5,Maio,2019-05,2564987.5623319466,1872470.7459315287,27263778.0,14.56032253600664,25.0,4437458.308263475,20.594777620358535,-19547990.64828822
GASOLINA A,2019,5,Maio,2019-05,12199490.11839751,3260560.907338059,245263808.0,75.22135453689003,25.0,15460051.025735568,35.591801090692556,163749785.31654853
GASOLINA DE AVIAÇÃO,2019,5,Maio,2019-05,0.0,123724.100718125,13644489.0,110.28157748412833,25.0,123724.100718125,110.28157748412833,10551386.482046876
GLP,2019,5,Maio,2019-05,3893040.392247971,2747859.6612645835,95836918.0,34.87693325498843,25.0,6640900.053512555,29.086859650000317,27140426.468385406
LUBRIFICANTE,2019,5,Maio,2019-05,339360.40874,362871.22849991854,48900348.0,134.75950739371166,25.0,702231.6372399186,81.71713602088045,39828567.28750204
NAFTA,2019,5,Maio,2019-05,2579349.6057747435,2555583.4651312963,162592960.0,63.622637342289494,25.0,5134933.070906039,44.22193960637188,98703373.37171759
OUTROS ENERGÉTICOS,2019,5,Maio,2019-05,0.0,0.0,0.0,,25.0,0.0,,0.0
OUTROS NÃO ENERGÉTICOS,2019,5,Maio,2019-05,1405251.6620128448,8850.599855358798,1549320.0,175.0525416717296,25.0,1414102.2618682035,25.93915061125884,1328055.00361603
PARAFINA,2019,5,Maio,2019-05,68605.83222280542,10314.7284535,2252347.0,218.36221963126255,25.0,78920.56067630541,50.27197946353807,1994478.7886625
QUEROSENE DE AVIAÇÃO,2019,5,Maio,2019-05,3553208.0161500005,324644.4968892491,27587125.0,84.97641347486392,25.0,3877852.5130392495,30.021081258840468,19471012.577768777
QUEROSENE ILUMINANTE,2019,5,Maio,2019-05,2947.27287999,0.0,0.0,,25.0,2947.27287999,25.0,0.0
SOLVENTE,2019,5,Maio,2019-05,112804.90514519638,449450.4099205535,41305380.0,91.90197425184525,25.0,562255.3150657499,78.4794762206381,30069119.75198616
ÓLEO COMBUSTÍVEL,2019,5,Maio,2019-05,5824314.161004789,0.0,0.0,,25.0,5824314.161004789,25.0,0.0
ÓLEO DIESEL,2019,5,Maio,2019-05,22335130.851758502,6903387.29222203,588743972.0,85.2833467221709,25.0,29238518.143980533,39.233255175420915,416159289.6944492
ASFALTO,2019,6,Junho,2019-06,911874.137024178,1169.5119304,215381.0,184.16314908932546,25.0,913043.6489545781,25.203871087601485,186143.20174000002
COQUE,2019,6,Junho,2019-06,2346772.1012910465,702064.5401108654,7439666.0,10.59684056799846,25.0,3048836.641401912,21.683342306552056,-10111947.502771635
GASOLINA A,2019,6,Junho,2019-06,12513026.655494431,1471560.5399131805,112335749.0,76.33783725039787,25.0,13984587.195407612,30.402142690846045,75546735.50217047
GASOLINA DE AVIAÇÃO,2019,6,Junho,2019-06,0.0,0.0,0.0,,25.0,0.0,,0.0
GLP,2019,6,Junho,2019-06,3650106.4534006827,1520617.2642233332,46392408.0,30.50893153162724,25.0,5170723.717624016,26.62007812675514,8376976.394416671
LUBRIFICANTE,2019,6,Junho,2019-06,336605.47196,536923.2457614767,63392396.0,118.0660299222014,25.0,873528.7177214767,82.20397491487591,49969314.85596308
NAFTA,2019,6,Junho,2019-06,2255213.029821477,1915387.259029601,125041119.0,65.28242182385091,25.0,4170600.2888510777,43.50007964813025,77156437.52425997
OUTROS ENERGÉTICOS,2019,6,Junho,2019-06,0.0,0.0,0.0,,25.0,0.0,,0.0
OUTROS NÃO ENERGÉTICOS,2019,6,Junho,2019-06,1529184.1010067426,3546.746692349537,700735.0,197.5711999708102,25.0,1532730.847699092,25.399330602375553,612066.3326912617
PARAFINA,2019,6,Junho,2019-06,63546.59118438063,11257.37921,2149609.0,190.9511050396605,25.0,74803.97039438062,49.97426954613014,1868174.51975
QUEROSENE DE AVIAÇÃO,2019,6,Junho,2019-06,3058432.69212,4384.737547647059,393645.0,89.77618288949542,25.0,3062817.429667647,25.092733755057555,284026.5613088235
QUEROSENE ILUMINANTE,2019,6,Junho,2019-06,3005.04478484,0.0,0.0,,25.0,3005.04478484,24.999999999999996,0.0
SOLVENTE,2019,6,Junho,2019-06,153280.4456251511,104482.34272014844,7971104.0,76.2913980724022,25.0,257762.78834529954,45.79060932882717,5359045.431996288
ÓLEO COMBUSTÍVEL,2019,6,Junho,2019-06,4917343.331551822,0.0,0.0,,25.0,4917343.331551822,25.0,0.0
ÓLEO DIESEL,2019,6,Junho,2019-06,21882985.64944414,5519068.140094272,467029152.0,84.62101574850689,25.0,27402053.789538413,37.00831335581383,329052448.49764323
ASFALTO,2019,7,Julho,2019-07,1016365.7951393994,10027.2273748,932762.0,93.0229230010459,25.0,1026393.0225141994,25.66454204253962,682081.3156300001
COQUE,2019,7,Julho,2019-07,2118818.6593404463,1723965.1627349518,19931090.0,11.56119069620914,25.0,3842783.822075398,18.971027218527926,-23168039.068373796
GASOLINA A,2019,7,Julho,2019-07,14028459.00873563,3588635.523557992,253339300.0,70.59488163033731,25.0,17617094.53229362,34.28776374623606,163623411.91105023
GASOLINA DE AVIAÇÃO,2019,7,Julho,2019-07,0.0,55700.286039722225,6018918.0,108.05901419801786,25.0,55700.286039722225,108.05901419801786,4626410.849006944
GLP,2019,7,Julho,2019-07,4464106.655969722,1745856.157944167,50551891.0,28.955358532817147,25.0,6209962.813913889,26.112001353039275,6905487.051395822
LUBRIFICANTE,2019,7,Julho,2019-07,342153.08438,379053.90033482556,51646971.0,136.2523138645434,25.0,721206.9847148256,83.47228935019834,42170623.49162936
NAFTA,2019,7,Julho,2019-07,2103085.5954708494,10028139.937025927,648220501.0,64.6401531161964,25.0,12131225.532496776,57.768082788461456,397517002.5743519
OUTROS ENERGÉTICOS,2019,7,Julho,2019-07,0.0,0.0,0.0,,25.0,0.0,,0.0
OUTROS NÃO ENERGÉTICOS,2019,7,Julho,2019-07,1578061.262738982,8468.80693238426,1268861.0,149.8275979285753,25.0,1586530.0696713661,25.66632259097955,1057140.8266903935
PARAFINA,2019,7,Julho,2019-07,64120.88245182758,11694.3752655,2496561.0,213.48391370381236,25.0,75815.25771732758,54.07332487849249,2204201.6183625
QUEROSENE DE AVIAÇÃO,2019,7,Julho,2019-07,3351053.52275,73187.74108963704,5833200.0,79.70187237854165,25.0,3424241.263839637,26.169166003294375,4003506.4727590745
QUEROSENE ILUMINANTE,2019,7,Julho,2019-07,1345.65453102,0.0,0.0,,25.0,1345.65453102,25.0,0.0
SOLVENTE,2019,7,Julho,2019-07,166969.4582226075,412804.8903616599,30190033.0,73.1339034611494,25.0,579774.3485842674,59.2718003814384,19869910.7409585
ÓLEO COMBUSTÍVEL,2019,7,Julho,2019-07,4940264.352501702,353339.48352408694,20320333.0,57.50937539539018,25.0,5293603.836025788,27.169948161538603,11486845.911897825
ÓLEO DIESEL,2019,7,Julho,2019-07,22087095.3632314,6908534.350051678,558514835.0,80.84418585771701,25.0,28995629.713283077,38.30550431439569,385801476.24870807
ASFALTO,2019,8,Agosto,2019-08,1325709.6481890075,1498.6377444000002,328497.0,219.197068289187,25.0,1327208.2859334075,25.219280620438052,291031.05639000004
COQUE,2019,8,Agosto,2019-08,2240617.1198535264,1206715.9665576154,15693985.0,13.005533559624679,25.0,3447333.086411142,20.80141697911515,-14473914.163940387
GASOLINA A,2019,8,Agosto,2019-08,13825334.280694079,2014695.0087903505,135899611.0,67.4541855750146,25.0,15840029.28948443,30.399752375270083,85532235.78024122
GASOLINA DE AVIAÇÃO,2019,8,Agosto,2019-08,0.0,0.026207541666666667,10.0,381.5695545652412,25.0,0.026207541666666667,381.5695545652412,9.344811458333332
GLP,2019,8,Agosto,2019-08,4291936.314857243,1597255.1693037502,42146768.0,26.386997400278844,25.0,5889191.484160993,25.376178762970184,2215388.767406246
LUBRIFICANTE,2019,8,Agosto,2019-08,319767.65059,368456.14095596515,50561617.0,137.22560538363427,25.0,688223.7915459651,85.08251092746359,41350213.47610087
NAFTA,2019,8,Agosto,2019-08,1890424.4775242724,4349790.294957507,268066325.0,61.62741346651947,25.0,6240214.77248178,50.53142374660592,159321567.6260623
OUTROS ENERGÉTICOS,2019,8,Agosto,2019-08,0.0,0.0,0.0,,25.0,0.0,,0.0
OUTROS NÃO ENERGÉTICOS,2019,8,Agosto,2019-08,1655370.4543480596,2461.332234733796,538983.0,218.98018983133878,25.0,1657831.7865827933,25.287996465018807,477449.6941316551
PARAFINA,2019,8,Agosto,2019-08,66781.94267903874,7161.991873000001,1396119.0,194.93445744657015,25.0,73943.93455203874,41.45935140655081,1217069.203175
QUEROSENE DE AVIAÇÃO,2019,8,Agosto,2019-08,3146206.9906699997,899793.5242999875,68019748.0,75.59484055291166,25.0,4046000.5149699873,36.25182997976904,45524909.89250031
QUEROSENE ILUMINANTE,2019,8,Agosto,2019-08,3308.51553772,0.0,0.0,,25.0,3308.51553772,25.000000000000004,0.0
SOLVENTE,2019,8,Agosto,2019-08,169206.17970096093,473030.55959137663,31253067.0,66.06986877760644,25.0,642236.7392923376,55.249442022924406,19427303.010215584
ÓLEO COMBUSTÍVEL,2019,8,Agosto,2019-08,6176075.174328275,0.0,0.0,,25.0,6176075.174328275,25.0,0.0
ÓLEO DIESEL,2019,8,Agosto,2019-08,22699503.37174761,6424100.056871761,508841749.0,79.20825399593517,25.0,29123603.42861937,36.95728572639456,348239247.57820594
ASFALTO,2019,9,Setembro,2019-09,1191706.3350162036,4151.88824,390125.0,93.96327103448237,25.0,1195858.2232562036,25.239432892989903,286327.794
COQUE,2019,9,Setembro,2019-09,2075030.165715809,928729.0018257212,13596665.0,14.640077970291978,25.0,3003759.16754153,21.79682707268508,-9621560.045643032
GASOLINA A,2019,9,Setembro,2019-09,12121714.05779484,2038294.4606786794,128057505.0,62.82581220250258,25.0,14160008.518473519,30.44492211162487,77100143.48303302
GASOLINA DE AVIAÇÃO,2019,9,Setembro,2019-09,0.0,1238.5771550138888,167375.0,135.13490001204093,25.0,1238.5771550138888,135.13490001204093,136410.57112465278
GLP,2019,9,Setembro,2019-09,3969994.061594699,636511.6003629167,14764911.0,23.196609443695234,25.0,4606505.661957616,24.75081350305231,-1147879.0090729173
LUBRIFICANTE,2019,9,Setembro,2019-09,202324.31827000002,447488.9859014185,57337167.0,128.13090110922045,25.0,649813.3041714185,96.02031007399987,46149942.352464534
NAFTA,2019,9,Setembro,2019-09,2695716.3189743003,4813923.0534432195,285240516.0,59.25323542427171,25.0,7509639.37241752,46.9574378324424,164892439.6639195
OUTROS ENERGÉTICOS,2019,9,Setembro,2019-09,0.0,0.0,0.0,,25.0,0.0,,0.0
OUTROS NÃO ENERGÉTICOS,2019,9,Setembro,2019-09,1358166.9075911902,3559.6539066203704,653725.0,183.6484717753541,25.0,1361726.5614978105,25.41471883438429,564733.6523344908
PARAFINA,2019,9,Setembro,2019-09,72493.0924981214,10348.593711,2248127.0,217.23985526751926,25.0,82841.6862091214,49.014626551697994,1989412.157225
QUEROSENE DE AVIAÇÃO,2019,9,Setembro,2019-09,2802336.78816,991862.2358920776,78155136.0,78.79636220821286,25.0,3794199.0240520774,39.063200102168835,53358580.102698065
QUEROSENE ILUMINANTE,2019,9,Setembro,2019-09,1693.06589656,0.0,0.0,,25.0,1693.06589656,25.0,0.0
SOLVENTE,2019,9,Setembro,2019-09,165853.56543230018,168726.13101751686,9576559.0,56.758007442283954,25.0,334579.69644981704,41.01533440737572,5358405.724562078
ÓLEO COMBUSTÍVEL,2019,9,Setembro,2019-09,6331502.138437318,68.07648256663377,30416.0,446.79159165176594,25.0,6331570.214919885,25.004535065862203,28714.087935834155
ÓLEO DIESEL,2019,9,Setembro,2019-09,21217943.95788387,7815353.207756091,605189772.0,77.43601036475219,25.0,29033297.16563996,39.11503280072134,409805941.8060977
ASFALTO,2019,10,Outubro,2019-10,858936.5979222669,7930.296766800001,968951.0,122.18344766824998,25.0,866866.8946890669,25.8890564232545,770693.58083
COQUE,2019,10,Outubro,2019-10,2137141.415176356,1892612.6831171538,17603010.0,9.300904594492968,25.0,4029754.0982935103,17.626769189089924,-29712307.077928845
GASOLINA A,2019,10,Outubro,2019-10,12273101.69579918,2582305.111956415,166920369.0,64.64006450172621,25.0,14855406.807755595,31.890605052138245,102362741.20108964
GASOLINA DE AVIAÇÃO,2019,10,Outubro,2019-10,0.0,3139.4538313333333,424203.0,135.11999946176627,25.0,3139.4538313333333,135.11999946176627,345716.6542166667
GLP,2019,10,Outubro,2019-10,3520348.5649210815,2973094.1338870833,72750746.0,24.46970823116327,25.0,6493442.698808165,24.75720008317522,-1576607.3471770855
LUBRIFICANTE,2019,10,Outubro,2019-10,246566.84180999998,500284.3638244882,65232636.0,130.391114967737,25.0,746851.2056344881,95.59709686027054,52725526.904387794
NAFTA,2019,10,Outubro,2019-10,2500249.705721957,3973098.564690228,234722042.0,59.07783010621098,25.0,6473348.270412185,45.91569497374242,135394577.88274428
OUTROS ENERGÉTICOS,2019,10,Outubro,2019-10,0.0,0.0,0.0,,25.0,0.0,,0.0
OUTROS NÃO ENERGÉTICOS,2019,10,Outubro,2019-10,1336785.0623258245,7547.1240913310185,1202739.0,159.36388291024954,25.0,1344332.1864171554,25.754323156108722,1014060.8977167244
PARAFINA,2019,10,Outubro,2019-10,75495.36499963517,13855.147445000002,2903723.0,209.57719948681495,25.0,89350.51244463518,53.62148457693092,2557344.313875
QUEROSENE DE AVIAÇÃO,2019,10,Outubro,2019-10,2482940.2363600004,680115.2817395745,53656527.0,78.89328241935581,25.0,3163055.518099575,36.588049829278006,36653644.95651063
QUEROSENE ILUMINANTE,2019,10,Outubro,2019-10,2667.82920131,0.0,0.0,,25.0,2667.82920131,25.0,0.0
SOLVENTE,2019,10,Outubro,2019-10,189103.74985271695,184012.4234794872,15401239.0,83.69673475724238,25.0,373116.1733322041,53.947896620381044,10800928.41301282
ÓLEO COMBUSTÍVEL,2019,10,Outubro,2019-10,7253428.500008417,0.0,0.0,,25.0,7253428.500008417,25.0,0.0
ÓLEO DIESEL,2019,10,Outubro,2019-10,20734543.14346424,9759197.69739689,798813266.0,81.85235003621975,25.0,30493740.84086113,43.19499045593022,554833323.5650777
ASFALTO,2019,11,Novembro,2019-11,967260.7393492542,3938.5010664000006,463769.0,117.75266584449844,25.0,971199.2404156541,25.37613957892271,365306.47334
COQUE,2019,11,Novembro,2019-11,2203269.8022416807,1071562.011011702,14499430.0,13.531116119272037,25.0,3274831.8132533827,21.247251469356094,-12289620.27529255
GASOLINA A,2019,11,Novembro,2019-11,11836160.8728083,3772969.222046752,247135856.0,65.50168884386878,25.0,15609130.094855051,34.789887362089424,152811625.4488312
GASOLINA DE AVIAÇÃO,2019,11,Novembro,2019-11,0.0,63044.91464841667,7217551.0,114.48268334171286,25.0,63044.91464841667,114.48268334171286,5641428.133789583
GLP,2019,11,Novembro,2019-11,3638413.5114889373,1095406.6234858334,28842496.0,26.330401315464577,25.0,4733820.13497477,25.307855045460432,1457330.4128541637
LUBRIFICANTE,2019,11,Novembro,2019-11,339637.16038,461130.58912379073,58653055.0,127.19402352259603,25.0,800767.7495037908,83.84951073654864,47124790.271905236
NAFTA,2019,11,Novembro,2019-11,2400627.496021194,3619104.1872379202,212259240.0,58.64966273932971,25.0,6019731.683259115,45.23040921536868,121781635.319052
OUTROS ENERGÉTICOS,2019,11,Novembro,2019-11,0.0,0.0,0.0,,25.0,0.0,,0.0
OUTROS NÃO ENERGÉTICOS,2019,11,Novembro,2019-11,982815.1666835013,5278.162492303241,760151.0,144.0181125739256,25.0,988093.3291758046,25.635766803745565,628196.9376924189
PARAFINA,2019,11,Novembro,2019-11,56923.24931738616,7593.6799425,2003997.0,263.90327419307084,25.0,64516.92925988616,53.11905374680415,1814155.0014375
QUEROSENE DE AVIAÇÃO,2019,11,Novembro,2019-11,2807840.3719099998,328808.02048093866,25960621.0,78.95373404221739,25.0,3136648.3923909385,30.655852447795,17740420.487976532
QUEROSENE ILUMINANTE,2019,11,Novembro,2019-11,2754.93678,0.0,0.0,,25.0,2754.93678,25.0,0.0
SOLVENTE,2019,11,Novembro,2019-11,172533.2006632587,252761.84629327938,17637893.0,69.78067797279327,25.0,425295.0469565381,51.61410454616631,11318846.842668014
ÓLEO COMBUSTÍVEL,2019,11,Novembro,2019-11,7660546.799957327,0.0,0.0,,25.0,7660546.799957327,25.0,0.0
ÓLEO DIESEL,2019,11,Novembro,2019-11,20944289.685221035,12015877.758296704,973941107.0,81.05451192090521,25.0,32960167.443517737,45.43509530698844,673544163.0425824
ASFALTO,2019,12,Dezembro,2019-12,1004459.7245881605,5703.0228864,629269.0,110.33955369539511,25.0,1010162.7474745605,25.48179704612623,486693.42784
COQUE,2019,12,Dezembro,2019-12,2624513.0423184726,1316767.3085372115,14030151.0,10.654996451564404,25.0,3941280.350855684,20.207386932185802,-18889031.71343029
GASOLINA A,2019,12,Dezembro,2019-12,12840431.44999472,2138473.146139299,145228291.0,67.91214154930515,25.0,14978904.59613402,31.126380053866022,91766462.34651752
GASOLINA DE AVIAÇÃO,2019,12,Dezembro,2019-12,0.0,60632.335721055555,6465117.0,106.6282029731354,25.0,60632.335721055555,106.6282029731354,4949308.606973611
GLP,2019,12,Dezembro,2019-12,3850708.6503864983,2544167.0700333333,78239046.0,30.7523224089898,25.0,6394875.720419832,27.288530675027076,14634869.24916667
LUBRIFICANTE,2019,12,Dezembro,2019-12,361877.92854,479296.5404439536,57483969.0,119.93403696750002,25.0,841174.4689839536,79.09288698914274,45501555.48890116
NAFTA,2019,12,Dezembro,2019-12,2918976.1450467696,592229.1832179914,32665128.0,55.156228240067016,25.0,3511205.328264761,30.0864010360728,17859398.419550214
OUTROS ENERGÉTICOS,2019,12,Dezembro,2019-12,0.0,0.0,0.0,,25.0,0.0,,0.0
OUTROS NÃO ENERGÉTICOS,2019,12,Dezembro,2019-12,1473425.1855769102,5547.43042318287,891385.0,160.68430462415114,25.0,1478972.616000093,25.508933858056217,752699.2394204282
PARAFINA,2019,12,Dezembro,2019-12,48038.60405739261,7622.505681500001,1444015.0,189.44098703719672,25.0,55661.10973889261,47.51935622272841,1253452.3579625
QUEROSENE DE AVIAÇÃO,2019,12,Dezembro,2019-12,3881982.6746600005,320144.38580548187,24623877.0,76.91491118311019,25.0,4202127.060465482,28.955203428099548,16620267.354862954
QUEROSENE ILUMINANTE,2019,12,Dezembro,2019-12,1552.68991698,0.0,0.0,,25.0,1552.68991698,25.0,0.0
SOLVENTE,2019,12,Dezembro,2019-12,140998.26241523717,91954.78978430503,7014607.0,76.28321500656905,25.0,232953.0521995422,45.24329456457596,4715737.2553923745
ÓLEO COMBUSTÍVEL,2019,12,Dezembro,2019-12,8272623.775754526,0.0,0.0,,25.0,8272623.775754526,24.999999999999996,0.0
ÓLEO DIESEL,2019,12,Dezembro,2019-12,22085909.447006308,5568227.678307335,448858430.0,80.61064595987332,25.0,27654137.125313643,36.19733863469098,309652738.0423166
ASFALTO,2020,1,Janeiro,2020-01,858085.0723181766,7636.5411624,671203.0,87.89358764996894,25.0,865721.6134805767,25.554785121985145,480289.47094
COQUE,2020,1,Janeiro,2020-01,2437566.677053661,1923132.0750075767,17063310.0,8.872666740755584,25.0,4360698.752061238,17.887609615195483,-31014991.87518942
GASOLINA A,2020,1,Janeiro,2020-01,12340887.23605139,3729783.339735067,253631137.0,68.00157379061484,25.0,16070670.575786456,34.98007847589611,160386553.50662336
GASOLINA DE AVIAÇÃO,2020,1,Janeiro,2020-01,0.0,0.0,0.0,,25.0,0.0,,0.0
GLP,2020,1,Janeiro,2020-01,3922483.080298333,1275556.1482333334,35585179.0,27.897775452132052,25.0,5198039.228531666,25.711090303797263,3696275.2941666665
LUBRIFICANTE,2020,1,Janeiro,2020-01,389864.74633569,274856.78354137205,39862333.0,145.02946766092762,25.0,664721.5298770621,74.63117926625192,32990913.4114657
NAFTA,2020,1,Janeiro,2020-01,3689793.044425059,2742597.7721888283,176973517.0,64.52769662200956,25.0,6432390.816613887,41.85354260740445,108408572.69527929
OUTROS ENERGÉTICOS,2020,1,Janeiro,2020-01,0.0,0.0,0.0,,25.0,0.0,,0.0
OUTROS NÃO ENERGÉTICOS,2020,1,Janeiro,2020-01,1586199.2728963303,6811.340079166665,1266296.0,185.90996562822116,25.0,1593010.612975497,25.68801330580821,1096012.4980208334
PARAFINA,2020,1,Janeiro,2020-01,59626.96943572456,14658.831752999997,2721523.0,185.65756438558125,25.0,74285.80118872455,56.702588765138884,2355052.206175
QUEROSENE DE AVIAÇÃO,2020,1,Janeiro,2020-01,3669743.57793156,956070.6619254089,78953444.0,82.58118060123032,25.0,4625814.239856969,36.90097020704554,55051677.45186478
QUEROSENE ILUMINANTE,2020,1,Janeiro,2020-01,2735.3125728000005,0.0,0.0,,25.0,2735.3125728000005,24.999999999999996,0.0
SOLVENTE,2020,1,Janeiro,2020-01,130193.17973784001,227793.15952497968,20868672.0,91.61237345106296,25.0,357986.3392628197,67.3866537564593,15173843.011875506
ÓLEO COMBUSTÍVEL,2020,1,Janeiro,2020-01,8739296.870317927,0.0,0.0,,25.0,8739296.870317927,25.0,0.0
ÓLEO DIESEL,2020,1,Janeiro,2020-01,21423773.823020928,7472706.135261226,596249420.0,79.79029406582661,25.0,28896479.958282154,39.168914940835904,409431766.6184693
ASFALTO,2020,2,Fevereiro,2020-02,863475.2483272842,13710.546247200002,1183571.0,86.32559043675678,25.0,877185.7945744842,25.958528226312502,840807.3438200001
COQUE,2020,2,Fevereiro,2020-02,2050565.4137341357,1304572.116886096,7933338.0,6.081180102895508,25.0,3355137.5306202318,17.64382914354337,-24680964.9221524
GASOLINA A,2020,2,Fevereiro,2020-02,11676961.058060993,2372847.108008054,156309154.0,65.87409423577132,25.0,14049808.166069046,31.90315306468235,96987976.29979865
GASOLINA DE AVIAÇÃO,2020,2,Fevereiro,2020-02,0.0,62642.026110375,6722109.0,107.30989109700364,25.0,62642.026110375,107.30989109700364,5156058.347240625
GLP,2020,2,Fevereiro,2020-02,3728129.785826249,1020510.414651667,24550902.0,24.05747324820787,25.0,4748640.200477916,24.79744551583528,-961858.3662916753
LUBRIFICANTE,2020,2,Fevereiro,2020-02,309505.19030419004,321833.3704686513,43177607.0,134.16137343720789,25.0,631338.5607728413,80.64648656226196,35131772.738283716
NAFTA,2020,2,Fevereiro,2020-02,3234992.191193318,2367221.426174915,143944677.0,60.80744091294984,25.0,5602213.617368232,40.13047290500269,84764141.34562713
OUTROS ENERGÉTICOS,2020,2,Fevereiro,2020-02,0.0,0.0,0.0,,25.0,0.0,,0.0
OUTROS NÃO ENERGÉTICOS,2020,2,Fevereiro,2020-02,988770.0239016556,7867.678725277779,1218400.0,154.86143277374137,25.0,996637.7026269333,26.025154907520598,1021708.0318680556
PARAFINA,2020,2,Fevereiro,2020-02,26213.720996970063,14263.770320999998,2662898.0,186.68962974533585,25.0,40477.49131797006,81.9774377531918,2306303.741975
QUEROSENE DE AVIAÇÃO,2020,2,Fevereiro,2020-02,3234199.0864708703,583825.8210731447,45326397.0,77.6368488065232,25.0,3818024.907544015,33.048860920852206,30730751.473171387
QUEROSENE ILUMINANTE,2020,2,Fevereiro,2020-02,1908.3535132400002,0.0,0.0,,25.0,1908.3535132400002,25.0,0.0
SOLVENTE,2020,2,Fevereiro,2020-02,190827.43245321,508378.68912402133,34615190.0,68.0893804963478,25.0,699206.1215772313,56.32942074718357,21905722.771899465
ÓLEO COMBUSTÍVEL,2020,2,Fevereiro,2020-02,8516548.118907424,0.0,0.0,,25.0,8516548.118907424,25.0,0.0
ÓLEO DIESEL,2020,2,Fevereiro,2020-02,20147020.576003537,7062734.821887417,532926221.0,75.45607111687976,25.0,27209755.397890955,38.09669437456377,356357850.4528146
ASFALTO,2020,3,Março,2020-03,1038538.1610986373,13231.857956000002,1000179.0,75.58870442275777,25.0,1051770.0190546373,25.636434333526317,669382.5510999999
COQUE,2020,3,Março,2020-03,2387771.288924633,790438.4510864806,8159455.0,10.322694940744078,25.0,3178209.7400111137,21.349672543284875,-11601506.277162017
GASOLINA A,2020,3,Março,2020-03,10934867.637314592,3474420.717124406,180508967.0,51.953687160085124,25.0,14409288.354438998,31.49917239271848,93648449.07188985
GASOLINA DE AVIAÇÃO,2020,3,Março,2020-03,0.0,57765.536417375,6466152.0,111.93788547690313,25.0,57765.536417375,111.93788547690313,5022013.589565625
GLP,2020,3,Março,2020-03,3740732.297544166,1422873.5826395834,35463851.0,24.924105298385502,25.0,5163605.880183749,24.97908659791329,-107988.56598958289
LUBRIFICANTE,2020,3,Março,2020-03,295068.37810549006,316884.11645043024,45213786.0,142.68239918889319,25.0,611952.4945559204,85.9388529673385,37291683.088739246
NAFTA,2020,3,Março,2020-03,3675506.2434069877,2062402.9916479858,119590876.0,57.986182372844404,25.0,5737909.2350549735,36.85637458208217,68030801.20880035
OUTROS ENERGÉTICOS,2020,3,Março,2020-03,0.0,0.0,0.0,,25.0,0.0,,0.0
OUTROS NÃO ENERGÉTICOS,2020,3,Março,2020-03,1152299.251264777,7598.316156053242,1332655.0,175.38820083688316,25.0,1159897.5674208303,25.985170697994988,1142697.0960986689
PARAFINA,2020,3,Março,2020-03,43249.46423253893,32243.7521525,4834043.0,149.92185081738992,25.0,75493.21638503893,78.355114393904,4027949.1961875004
QUEROSENE DE AVIAÇÃO,2020,3,Março,2020-03,2914231.4262126796,0.0,0.0,,25.0,2914231.4262126796,25.0,0.0
QUEROSENE ILUMINANTE,2020,3,Março,2020-03,3395.66714508,0.0,0.0,,25.0,3395.66714508,25.0,0.0
SOLVENTE,2020,3,Março,2020-03,139889.22376372002,332655.7089516328,25918989.0,77.91535904098538,25.0,472544.9327153528,62.250629638668606,17602596.276209183
ÓLEO COMBUSTÍVEL,2020,3,Março,2020-03,9870957.9487293,87.99898093814433,39514.0,449.0279271276439,25.0,9871045.947710238,25.003780149102152,37314.02547654639
ÓLEO DIESEL,2020,3,Março,2020-03,20054583.986805413,5949011.59093662,376359647.0,63.264231586535786,25.0,26003595.577742033,33.753956988218576,227634357.22658452
ASFALTO,2020,4,Abril,2020-04,860599.6026936078,26349.296597600005,1789264.0,67.90556982697493,25.0,886948.8992912078,26.274629898028454,1130531.58506
COQUE,2020,4,Abril,2020-04,1927578.5129510735,879833.3433745577,10431014.0,11.855670256815179,25.0,2807411.856325631,20.880611689265965,-11564819.584363943
GASOLINA A,2020,4,Abril,2020-04,7525501.279764782,2808463.0546002565,88087471.0,31.36500971793555,25.0,10333964.334365038,26.72981965648442,17875894.63499359
GASOLINA DE AVIAÇÃO,2020,4,Abril,2020-04,0.0,0.026207541666666667,10.0,381.5695545652412,25.0,0.026207541666666667,381.5695545652412,9.344811458333332
GLP,2020,4,Abril,2020-04,3553792.957085416,2402376.9998725,45967604.0,19.134217486447636,25.0,5956169.956957916,22.63408010539548,-14091820.996812502
LUBRIFICANTE,2020,4,Abril,2020-04,178551.55995773,584529.1062380583,63266379.0,108.23477962829419,25.0,763080.6661957883,88.75885735200282,48653151.344048545
NAFTA,2020,4,Abril,2020-04,4000332.0037920196,2246029.187386057,106969270.0,47.62594831837048,25.0,6246361.191178076,33.13570313338926,50818540.31534857
OUTROS ENERGÉTICOS,2020,4,Abril,2020-04,0.0,0.0,0.0,,25.0,0.0,,0.0
OUTROS NÃO ENERGÉTICOS,2020,4,Abril,2020-04,961048.1816418635,5191.10249486111,742846.0,143.09985224436898,25.0,966239.2841367247,25.63448924887815,613068.4376284722
PARAFINA,2020,4,Abril,2020-04,41932.664261389225,22070.414025500006,3656514.0,165.67491646397247,25.0,64003.07828688923,73.50944255283572,3104753.6493624994
QUEROSENE DE AVIAÇÃO,2020,4,Abril,2020-04,479515.71033614996,0.0,0.0,,25.0,479515.71033614996,25.0,0.0
QUEROSENE ILUMINANTE,2020,4,Abril,2020-04,1411.8422016499999,0.0,0.0,,25.0,1411.8422016499999,24.999999999999996,0.0
SOLVENTE,2020,4,Abril,2020-04,179151.21786351,266996.51817399455,17718598.0,66.36265566749174,25.0,446147.73603750457,49.75342617164321,11043685.045650136
ÓLEO COMBUSTÍVEL,2020,4,Abril,2020-04,8018072.960042577,0.0,0.0,,25.0,8018072.960042577,25.0,0.0
ÓLEO DIESEL,2020,4,Abril,2020-04,16384735.919497509,6271860.626933487,279945942.0,44.63523006200386,25.0,22656596.546430998,30.435477745931,123149426.32666281
ASFALTO,2020,5,Maio,2020-05,1083068.0426249118,37729.0908512,2358165.0,62.502566237293706,25.0,1120797.1334761118,26.262438746904735,1414937.72872
COQUE,2020,5,Maio,2020-05,2164989.4098259774,906341.9169605961,9631307.0,10.62657129695429,25.0,3071331.3267865735,20.758438430136792,-13027240.924014904
GASOLINA A,2020,5,Maio,2020-05,9981842.52603616,2304742.906771824,52656292.0,22.84692659006982,25.0,12286585.432807984,24.596122071796678,-4962280.669295605
GASOLINA DE AVIAÇÃO,2020,5,Maio,2020-05,0.0,0.026207541666666667,10.0,381.5695545652412,25.0,0.026207541666666667,381.5695545652412,9.344811458333332
GLP,2020,5,Maio,2020-05,3915130.8393483334,3033675.6581225,57478441.0,18.946798365245353,25.0,6948806.497470833,22.357323094297374,-18363450.453062497
LUBRIFICANTE,2020,5,Maio,2020-05,187049.52726462,460372.6597050581,52382525.0,113.7828754504217,25.0,647422.1869696782,88.13223323204991,40873208.50737354
NAFTA,2020,5,Maio,2020-05,3810861.4657603004,884785.4970626999,21610896.0,24.42501156692056,25.0,4695646.962823,24.891656798180236,-508741.4265674954
OUTROS ENERGÉTICOS,2020,5,Maio,2020-05,0.0,0.0,0.0,,25.0,0.0,,0.0
OUTROS NÃO ENERGÉTICOS,2020,5,Maio,2020-05,772238.0485452097,2295.0963419675927,439521.0,191.5043791247549,25.0,774533.1448871773,25.49338571754276,382143.5914508102
PARAFINA,2020,5,Maio,2020-05,49672.08338237126,12590.20529,2063200.0,163.87342004969008,25.0,62262.28867237126,53.08192414754372,1748444.8677500002
QUEROSENE DE AVIAÇÃO,2020,5,Maio,2020-05,238040.87855880003,0.0,0.0,,25.0,238040.87855880003,25.0,0.0
QUEROSENE ILUMINANTE,2020,5,Maio,2020-05,3269.0344003500004,0.0,0.0,,25.0,3269.0344003500004,25.0,0.0
SOLVENTE,2020,5,Maio,2020-05,175074.82974137,386335.9778049527,14259345.0,36.909182212377424,25.0,561410.8075463227,33.19532772264373,4600945.554876182
ÓLEO COMBUSTÍVEL,2020,5,Maio,2020-05,10599311.70879402,0.0,0.0,,25.0,10599311.70879402,25.0,0.0
ÓLEO DIESEL,2020,5,Maio,2020-05,21317830.494912166,4435416.302502119,169208021.0,38.14929861364894,25.0,25753246.797414284,27.264670311135404,58322613.43744701
ASFALTO,2020,6,Junho,2020-06,1170224.8236619607,10758.3917076,635765.0,59.094799416057654,25.0,1180983.2153695608,25.310593074089724,366805.20730999997
COQUE,2020,6,Junho,2020-06,2463453.9145880337,1328438.1296148365,13269486.0,9.988787361777485,25.0,3791892.04420287,19.741024531313364,-19941467.240370914
GASOLINA A,2020,6,Junho,2020-06,10746149.14670533,1244158.8164609054,34184780.0,27.476218910091347,25.0,11990307.963166235,25.25694165637292,3080809.588477364
GASOLINA DE AVIAÇÃO,2020,6,Junho,2020-06,0.0,43562.75232425,2857618.0,65.59773768952736,25.0,43562.75232425,65.59773768952736,1768549.19189375
GLP,2020,6,Junho,2020-06,3811827.0340920836,2822420.3338033333,62972935.0,22.31167847176797,25.0,6634247.367895417,23.856302316702678,-7587573.345083335
LUBRIFICANTE,2020,6,Junho,2020-06,182029.91923488,390536.2995489881,42111173.0,107.82908797116222,25.0,572566.2187838681,81.49611250202993,32347765.5112753
NAFTA,2020,6,Junho,2020-06,3301101.4246203015,1852788.7835879857,53822007.0,29.049186543418045,25.0,5153890.208208287,26.455655263736883,7502287.410300361
OUTROS ENERGÉTICOS,2020,6,Junho,2020-06,0.0,0.0,0.0,,25.0,0.0,,0.0
OUTROS NÃO ENERGÉTICOS,2020,6,Junho,2020-06,1021758.3024196596,218.68737546296296,34386.0,157.23815756261448,25.0,1021976.9897951225,25.028296934179725,28918.815613425926
PARAFINA,2020,6,Junho,2020-06,51372.16253007186,12793.396835,2321469.0,181.45837496801138,25.0,64165.55936507186,56.194835655318506,2001634.079125
QUEROSENE DE AVIAÇÃO,2020,6,Junho,2020-06,802498.4035974601,0.0,0.0,,25.0,802498.4035974601,25.0,0.0
QUEROSENE ILUMINANTE,2020,6,Junho,2020-06,2527.7614224199997,0.0,0.0,,25.0,2527.7614224199997,25.0,0.0
SOLVENTE,2020,6,Junho,2020-06,205681.91948496,174870.0445879891,14693412.0,84.0247512638263,25.0,380551.96407294914,52.12286851664148,10321660.885300271
ÓLEO COMBUSTÍVEL,2020,6,Junho,2020-06,7849393.814597948,0.0,0.0,,25.0,7849393.814597948,25.0,0.0
ÓLEO DIESEL,2020,6,Junho,2020-06,22562759.798779216,5248603.283940549,191578337.0,36.50082253047838,25.0,27811363.082719766,27.170452944789037,60363254.901486285
ASFALTO,2020,7,Julho,2020-07,1346639.2316079019,20632.4668112,1178926.0,57.139362480885666,25.0,1367271.6984191018,25.484990898653663,663114.32972
COQUE,2020,7,Julho,2020-07,2533766.3573304745,1460786.8661881154,14225317.0,9.738119454154587,25.0,3994553.22351859,19.418811464711197,-22294354.654702887
GASOLINA A,2020,7,Julho,2020-07,12114174.65753195,1023169.7250087162,48376940.0,47.281441991051764,25.0,13137344.382540667,26.735335255813183,22797696.874782097
GASOLINA DE AVIAÇÃO,2020,7,Julho,2020-07,0.0,55834.91418126389,4536370.0,81.2461175327146,25.0,55834.91418126389,81.2461175327146,3140497.145468402
GLP,2020,7,Julho,2020-07,4193046.7892679167,1558747.6307120835,36914036.0,23.68185540281241,25.0,5751794.419980001,24.642780214698764,-2054654.7678020902
LUBRIFICANTE,2020,7,Julho,2020-07,205795.96003006998,254955.3419950232,29594900.0,116.07876017980318,25.0,460751.3020250932,75.39815698417662,23221016.45012442
NAFTA,2020,7,Julho,2020-07,3334192.454533244,779610.1965407428,35975604.0,46.145630418418854,25.0,4113802.6510739867,29.007326185707427,16485349.086481431
OUTROS ENERGÉTICOS,2020,7,Julho,2020-07,0.0,0.0,0.0,,25.0,0.0,,0.0
OUTROS NÃO ENERGÉTICOS,2020,7,Julho,2020-07,1331215.772847488,3493.8438575462965,524910.0,150.23853995829134,25.0,1334709.6167050344,25.327834532758924,437563.9035613426
PARAFINA,2020,7,Julho,2020-07,26857.79754097006,27755.259360999993,4032793.0,145.29833598552625,25.0,54613.05690197005,86.13760527941729,3338911.515975
QUEROSENE DE AVIAÇÃO,2020,7,Julho,2020-07,1217744.25669109,0.0,0.0,,25.0,1217744.25669109,25.0,0.0
QUEROSENE ILUMINANTE,2020,7,Julho,2020-07,3614.95508092,0.0,0.0,,25.0,3614.95508092,25.0,0.0
SOLVENTE,2020,7,Julho,2020-07,189313.91547291,177351.30248267206,7153252.0,40.33380020256069,25.0,366665.2179555821,32.41676413458621,2719469.4379331986
ÓLEO COMBUSTÍVEL,2020,7,Julho,2020-07,8623044.406529816,0.0,0.0,,25.0,8623044.406529816,25.0,0.0
ÓLEO DIESEL,2020,7,Julho,2020-07,24236903.53982317,7117039.513902131,331316749.0,46.552607773614234,25.0,31353943.053725302,29.892231924055295,153390761.15244672
ASFALTO,2020,8,Agosto,2020-08,1358917.8163681177,6021.2259084,514400.0,85.43110785502645,25.0,1364939.0422765177,25.26658285902872,363869.35229
COQUE,2020,8,Agosto,2020-08,2648473.1319085085,1219057.511201221,9091791.0,7.458049285173785,25.0,3867530.6431097295,19.47072337535871,-21384646.780030526
GASOLINA A,2020,8,Agosto,2020-08,12574064.04100213,1367162.4428178244,64182674.0,46.945901957132975,25.0,13941226.483819954,27.15215016873704,30003612.92955439
GASOLINA DE AVIAÇÃO,2020,8,Agosto,2020-08,0.0,0.0,0.0,,25.0,0.0,,0.0
GLP,2020,8,Agosto,2020-08,4176352.0952591663,827075.0222345834,21773491.0,26.32589597636813,25.0,5003427.11749375,25.21917286259677,1096615.444135416
LUBRIFICANTE,2020,8,Agosto,2020-08,243761.42301494,350025.0156344419,32020741.0,91.4812929640484,25.0,593786.438649382,64.18936859196181,23270115.60913895
NAFTA,2020,8,Agosto,2020-08,3350210.098579703,2414140.865894586,88546386.0,36.678218429970606,25.0,5764350.964474289,29.89090003825028,28192864.35263535
OUTROS ENERGÉTICOS,2020,8,Agosto,2020-08,0.0,0.0,0.0,,25.0,0.0,,0.0
OUTROS NÃO ENERGÉTICOS,2020,8,Agosto,2020-08,1320114.5739513484,6730.118539618055,1036404.0,153.99491017862778,25.0,1326844.6924909665,25.654297403021385,868151.0365095485
PARAFINA,2020,8,Agosto,2020-08,63337.151336119765,27727.538174000005,3773212.0,136.08175296060452,25.0,91064.68951011977,58.822369155585,3080023.5456499998
QUEROSENE DE AVIAÇÃO,2020,8,Agosto,2020-08,1338394.7694199001,0.0,0.0,,25.0,1338394.7694199001,25.0,0.0
QUEROSENE ILUMINANTE,2020,8,Agosto,2020-08,3678.68343584,0.0,0.0,,25.0,3678.68343584,25.0,0.0
SOLVENTE,2020,8,Agosto,2020-08,246014.42037731997,399601.3483721323,19800036.0,49.54947244462509,25.0,645615.7687494522,40.19479970214873,9810002.290696692
ÓLEO COMBUSTÍVEL,2020,8,Agosto,2020-08,9394583.210965034,252504.25385715463,15507260.0,61.41385645238549,25.0,9647087.464822188,25.953101512461576,9194653.653571133
ÓLEO DIESEL,2020,8,Agosto,2020-08,25256086.839037478,7094441.334776751,349310675.0,49.23723497263822,25.0,32350528.17381423,30.315203532589116,171949641.63058123
ASFALTO,2020,9,Setembro,2020-09,1557352.0721475293,12668.0946152,848004.0,66.94013786276193,25.0,1570020.1667627294,25.338404337643322,531301.63462
COQUE,2020,9,Setembro,2020-09,2360071.2855054806,1805797.368915856,17304090.0,9.582520330278713,25.0,4165868.6544213365,18.316917422888924,-27840844.222896397
GASOLINA A,2020,9,Setembro,2020-09,12957592.87303052,1206231.8146442163,58014080.0,48.095299175234835,25.0,14163824.687674735,26.966861723312398,27858284.63389459
GASOLINA DE AVIAÇÃO,2020,9,Setembro,2020-09,0.0,0.0,0.0,,25.0,0.0,,0.0
GLP,2020,9,Setembro,2020-09,3838524.075664167,1397661.5971133334,36072156.0,25.808934061364916,25.0,5236185.6727775,25.21592360218329,1130616.0721666631
LUBRIFICANTE,2020,9,Setembro,2020-09,200135.60276582002,492414.838788058,47911432.0,97.29891998770924,25.0,692550.441553878,76.40573002945506,35601061.03029855
NAFTA,2020,9,Setembro,2020-09,2531998.997633625,3725830.8721867288,165213242.0,44.34265742798858,25.0,6257829.869820354,36.51636776558782,72067470.19533178
OUTROS ENERGÉTICOS,2020,9,Setembro,2020-09,0.0,0.0,0.0,,25.0,0.0,,0.0
OUTROS NÃO ENERGÉTICOS,2020,9,Setembro,2020-09,1292314.8277951332,6531.2760970949075,976983.0,149.58531617344414,25.0,1298846.103892228,25.626479992613618,813701.0975726274
PARAFINA,2020,9,Setembro,2020-09,24617.103574239525,75267.21846850004,9435577.0,125.36104285491655,25.0,99884.32204273957,100.6264485136642,7553896.538287499
QUEROSENE DE AVIAÇÃO,2020,9,Setembro,2020-09,1041253.88633979,0.0,0.0,,25.0,1041253.88633979,25.0,0.0
QUEROSENE ILUMINANTE,2020,9,Setembro,2020-09,4231.75271895,0.0,0.0,,25.0,4231.75271895,25.0,0.0
SOLVENTE,2020,9,Setembro,2020-09,216875.13327495,501534.2978334006,27240214.0,54.313761028261005,25.0,718409.4311083506,45.4644537189374,14701856.554164987
ÓLEO COMBUSTÍVEL,2020,9,Setembro,2020-09,9040734.173015308,0.0,0.0,,25.0,9040734.173015308,25.0,0.0
ÓLEO DIESEL,2020,9,Setembro,2020-09,24295267.008129667,6197740.090686238,300786957.0,48.53171520567841,25.0,30493007.098815907,29.78284920408874,145843454.73284405
ASFALTO,2020,10,Outubro,2020-10,1706752.5416194412,18392.0119436,1153706.0,62.72864564996454,25.0,1725144.5535630411,25.402230468152272,693905.70141
COQUE,2020,10,Outubro,2020-10,2681185.140220859,1090884.8455942883,12408611.0,11.374812887092663,25.0,3772069.9858151474,21.05958791969625,-14863510.139857208
GASOLINA A,2020,10,Outubro,2020-10,12314775.69365815,1945324.0219500407,92657819.0,47.631046527209136,25.0,14260099.71560819,28.087265820663397,44024718.45124898
GASOLINA DE AVIAÇÃO,2020,10,Outubro,2020-10,0.0,0.0,0.0,,25.0,0.0,,0.0
GLP,2020,10,Outubro,2020-10,3718300.8638212504,1337613.4419291664,36113711.0,26.998615495307206,25.0,5055914.305750417,25.528761919229968,2673374.9517708374
LUBRIFICANTE,2020,10,Outubro,2020-10,236988.79461972,496906.22389320936,51293439.0,103.22559173866078,25.0,733895.0185129293,77.96504598359658,38870783.402669765
NAFTA,2020,10,Outubro,2020-10,3144018.3636529683,1960626.7403918,88810211.0,45.29684777340775,25.0,5104645.104044768,32.795751061846204,39794542.490205
OUTROS ENERGÉTICOS,2020,10,Outubro,2020-10,0.0,0.0,0.0,,25.0,0.0,,0.0
OUTROS NÃO ENERGÉTICOS,2020,10,Outubro,2020-10,1305945.0188697241,5553.793031909722,886904.0,159.6933834055804,25.0,1311498.8119016339,25.570384942337533,748059.174202257
PARAFINA,2020,10,Outubro,2020-10,19818.54349723353,97438.16206700001,11351487.0,116.49939571104122,25.0,117256.70556423355,101.03431211395451,8915532.948325
QUEROSENE DE AVIAÇÃO,2020,10,Outubro,2020-10,1505462.39427963,0.0,0.0,,25.0,1505462.39427963,25.0,0.0
QUEROSENE ILUMINANTE,2020,10,Outubro,2020-10,5133.05733271,0.0,0.0,,25.0,5133.05733271,25.0,0.0
SOLVENTE,2020,10,Outubro,2020-10,192038.23974764004,908192.0830340888,42619023.0,46.92732275051147,25.0,1100230.3227817288,43.10004733717787,19914220.92414778
ÓLEO COMBUSTÍVEL,2020,10,Outubro,2020-10,9037426.900136547,0.0,0.0,,25.0,9037426.900136547,25.0,0.0
ÓLEO DIESEL,2020,10,Outubro,2020-10,25084423.34532081,7396666.757691833,342126843.0,46.25419181474148,25.0,32481090.103012644,29.840052275312114,157210174.05770418
ASFALTO,2020,11,Novembro,2020-11,1381670.7230576468,18618.0646468,1251177.0,67.20231257844769,25.0,1400288.7877044468,25.561116671596057,785725.38383
COQUE,2020,11,Novembro,2020-11,2359778.9550366444,2574938.051606586,28094244.0,10.910648503745984,25.0,4934717.00664323,17.648168630273076,-36279207.29016466
GASOLINA A,2020,11,Novembro,2020-11,12735880.63056298,1521578.663775973,75286546.0,49.47923350421315,25.0,14257459.294338953,27.61246261599989,37247079.405600674
GASOLINA DE AVIAÇÃO,2020,11,Novembro,2020-11,0.0,0.052415083333333334,20.0,381.5695545652412,25.0,0.052415083333333334,381.5695545652412,18.689622916666664
GLP,2020,11,Novembro,2020-11,3723450.7483099997,3382683.0173716666,95131164.0,28.12299098421483,25.0,7106133.765681666,26.486615495014533,10564088.565708334
LUBRIFICANTE,2020,11,Novembro,2020-11,335013.57136748,901568.0909754059,88422082.0,98.07587788997303,25.0,1236581.662342886,78.27822798276827,65882879.72561485
NAFTA,2020,11,Novembro,2020-11,2602591.1893567736,2658356.990056957,122159639.0,45.95306027629594,25.0,5260948.17941373,35.58758085976495,55700714.248576075
OUTROS ENERGÉTICOS,2020,11,Novembro,2020-11,0.0,0.0,0.0,,25.0,0.0,,0.0
OUTROS NÃO ENERGÉTICOS,2020,11,Novembro,2020-11,1283762.6275742156,8127.009629942128,1028898.0,126.60228630826991,25.0,1291889.637204158,25.63915889985652,825722.7592514468
PARAFINA,2020,11,Novembro,2020-11,17990.054300347303,99217.48028150001,12364192.0,124.61707317017417,25.0,117207.53458184731,109.3269592541473,9883754.9929625
QUEROSENE DE AVIAÇÃO,2020,11,Novembro,2020-11,1864015.6802090702,0.0,0.0,,25.0,1864015.6802090702,25.0,0.0
QUEROSENE ILUMINANTE,2020,11,Novembro,2020-11,3052.63977711,0.0,0.0,,25.0,3052.63977711,25.0,0.0
SOLVENTE,2020,11,Novembro,2020-11,164660.21895165998,655689.2139379755,32227579.0,49.15069260701389,25.0,820349.4328896354,44.30317498455686,15835348.651550611
ÓLEO COMBUSTÍVEL,2020,11,Novembro,2020-11,9338402.64749805,0.0,0.0,,25.0,9338402.64749805,25.0,0.0
ÓLEO DIESEL,2020,11,Novembro,2020-11,22433617.16963918,5359678.6928106425,252555239.0,47.12133944498803,25.0,27793295.862449825,29.265894633961675,118563271.67973396
ASFALTO,2020,12,Dezembro,2020-12,1183589.9176013528,16996.1588992,1180615.0,69.46363628405304,25.0,1200586.0765005527,25.629451767192517,755711.02752
COQUE,2020,12,Dezembro,2020-12,2320277.0577400792,666624.3456064134,10737988.0,16.108004561747425,25.0,2986901.403346493,23.015461563773382,-5927620.640160336
GASOLINA A,2020,12,Dezembro,2020-12,13601415.824470943,1809215.8484499056,111546152.0,61.65441901007564,25.0,15410631.67292085,29.303247082679977,66315755.788752355
GASOLINA DE AVIAÇÃO,2020,12,Dezembro,2020-12,13938.21896,0.0,0.0,,25.0,13938.21896,25.0,0.0
GLP,2020,12,Dezembro,2020-12,3582869.8713324997,2270950.1323345834,72760549.0,32.03969473570107,25.0,5853820.003667083,27.73100226546437,15986795.691635413
LUBRIFICANTE,2020,12,Dezembro,2020-12,351585.3463541,513989.73548103473,59577192.0,115.9112485860105,25.0,865575.0818351347,78.9842811947702,46727448.61297413
NAFTA,2020,12,Dezembro,2020-12,2539368.7496597855,412681.35289100005,18260908.0,44.24941391723891,25.0,2952050.1025507855,27.690968615627803,7943874.177724998
OUTROS ENERGÉTICOS,2020,12,Dezembro,2020-12,0.0,0.0,0.0,,25.0,0.0,,0.0
OUTROS NÃO ENERGÉTICOS,2020,12,Dezembro,2020-12,1360401.575757764,12601.059225057872,1594927.0,126.57086769566192,25.0,1373002.634982822,25.93219086894874,1279900.519373553
PARAFINA,2020,12,Dezembro,2020-12,24256.189003544914,76100.62596400002,10291042.0,135.22940014801264,25.0,100356.81496754494,108.58701253734309,8388526.350899999
QUEROSENE DE AVIAÇÃO,2020,12,Dezembro,2020-12,2256949.02985965,514894.26632298116,28725951.0,55.7899997705177,25.0,2771843.296182631,30.719513207604113,15853594.34192547
QUEROSENE ILUMINANTE,2020,12,Dezembro,2020-12,2517.3958155400005,0.0,0.0,,25.0,2517.3958155400005,25.0,0.0
SOLVENTE,2020,12,Dezembro,2020-12,236112.58634786002,1242983.0169594067,67196229.0,54.060456243703044,25.0,1479095.6033072667,49.42144611561727,36121653.57601484
ÓLEO COMBUSTÍVEL,2020,12,Dezembro,2020-12,9493218.947953235,259726.41471370103,13124929.0,50.53367026402662,25.0,9752945.362666937,25.679975985259084,6631768.632157474
ÓLEO DIESEL,2020,12,Dezembro,2020-12,22433363.300209444,5837597.093916702,304843216.0,52.220667356038305,25.0,28270960.394126147,30.62072481574053,158903288.65208244
ASFALTO,2021,1,Janeiro,2021-01,946318.471499853,10865.0668852,764601.0,70.37241538213739,25.0,957183.5383850529,25.515025915198816,492974.32787000004
COQUE,2021,1,Janeiro,2021-01,2466356.00125977,1323647.2236730962,13954348.0,10.542346744986135,25.0,3790003.224932866,19.950708098100264,-19136832.591827404
GASOLINA A,2021,1,Janeiro,2021-01,13492116.072693,1649193.953325662,82748934.0,50.175380423347804,25.0,15141310.026018662,27.742106534739232,41519085.16685844
GASOLINA DE AVIAÇÃO,2021,1,Janeiro,2021-01,6187.7075142700005,0.0,0.0,,25.0,6187.7075142700005,25.0,0.0
GLP,2021,1,Janeiro,2021-01,3578080.1126499996,1704005.7790454167,57515342.0,33.753020504554904,25.0,5282085.8916954165,27.823732485553577,14915197.523864586
LUBRIFICANTE,2021,1,Janeiro,2021-01,326258.86659601005,573986.0243238022,64850877.0,112.98337285546125,25.0,900244.8909198123,81.09720966070248,50501226.39190494
NAFTA,2021,1,Janeiro,2021-01,2056971.62210514,7706989.770357772,360951734.0,46.83433412462464,25.0,9763961.392462911,42.23449970530954,168276989.7410557
OUTROS ENERGÉTICOS,2021,1,Janeiro,2021-01,0.0,0.0,0.0,,25.0,0.0,,0.0
OUTROS NÃO ENERGÉTICOS,2021,1,Janeiro,2021-01,1330879.838367854,8130.227333668982,1122180.0,138.02566077738274,25.0,1339010.065701523,25.68627140317787,918924.3166582753
PARAFINA,2021,1,Janeiro,2021-01,19887.121258000003,98776.07368850001,12858801.0,130.18133359452497,25.0,118663.1949465,112.55367797463755,10389399.1577875
QUEROSENE DE AVIAÇÃO,2021,1,Janeiro,2021-01,2496833.38254154,0.0,0.0,,25.0,2496833.38254154,25.0,0.0
QUEROSENE ILUMINANTE,2021,1,Janeiro,2021-01,3139.95491953,0.0,0.0,,25.0,3139.95491953,25.0,0.0
SOLVENTE,2021,1,Janeiro,2021-01,190417.33684121,1199054.075674238,73976077.0,61.69536345423174,25.0,1389471.412515448,56.66652060044083,43999725.108144045
ÓLEO COMBUSTÍVEL,2021,1,Janeiro,2021-01,8429216.141000414,244788.40127467015,15229535.0,62.21510055499471,25.0,8674004.542275084,26.050244431362017,9109824.968133245
ÓLEO DIESEL,2021,1,Janeiro,2021-01,22031152.266270924,4974731.029104118,284198203.0,57.12835555074829,25.0,27005883.29537504,30.91833733132399,159829927.27239704
ASFALTO,2021,2,Fevereiro,2021-02,1005470.6566549118,27348.860930000006,1416636.0,51.79872037910135,25.0,1032819.5175849118,25.709624928916725,732914.4767499998
COQUE,2021,2,Fevereiro,2021-02,2468753.090173729,2633586.3447137787,36827721.0,13.98386693260383,25.0,5102339.434887508,19.313993024557746,-29011937.617844466
GASOLINA A,2021,2,Fevereiro,2021-02,12276237.650399549,923071.4022377839,52545477.0,56.92460721089943,25.0,13199309.052637333,27.232593526413968,29468691.944055405
GASOLINA DE AVIAÇÃO,2021,2,Fevereiro,2021-02,37358.0120045,0.0,0.0,,25.0,37358.0120045,25.0,0.0
GLP,2021,2,Fevereiro,2021-02,3478291.09424225,1651692.7456004168,64971335.0,39.33621139468157,25.0,5129983.839842667,29.61580720315014,23679016.359989583
LUBRIFICANTE,2021,2,Fevereiro,2021-02,327607.43959886994,967674.9009782422,104078525.0,107.5552594107638,25.0,1295282.340577112,86.67508810469114,79886652.47554395
NAFTA,2021,2,Fevereiro,2021-02,2662786.2203463,0.0,0.0,,25.0,2662786.2203463,25.0,0.0
OUTROS ENERGÉTICOS,2021,2,Fevereiro,2021-02,0.0,0.0,0.0,,25.0,0.0,,0.0
OUTROS NÃO ENERGÉTICOS,2021,2,Fevereiro,2021-02,1209895.256316636,2942.3935016435184,601042.0,204.2697551038904,25.0,1212837.6498182795,25.43491572226336,527482.162458912
PARAFINA,2021,2,Fevereiro,2021-02,16764.36241536527,68235.2108885,9481382.0,138.95145741533776,25.0,84999.57330386527,116.47695012527689,7775501.727787499
QUEROSENE DE AVIAÇÃO,2021,2,Fevereiro,2021-02,2047847.48534332,648509.9897618239,39754322.0,61.30101714331407,25.0,2696357.475105144,33.73087951924342,23541572.2559544
QUEROSENE ILUMINANTE,2021,2,Fevereiro,2021-02,3130.5202045300002,0.0,0.0,,25.0,3130.5202045300002,25.0,0.0
SOLVENTE,2021,2,Fevereiro,2021-02,202760.81221457,1122736.5259827394,75748124.0,67.46740864576141,25.0,1325497.3381973095,60.97118566475314,47679710.85043152
ÓLEO COMBUSTÍVEL,2021,2,Fevereiro,2021-02,8044959.315728308,0.0,0.0,,25.0,8044959.315728308,25.0,0.0
ÓLEO DIESEL,2021,2,Fevereiro,2021-02,20632080.662121948,4483621.63097819,274917970.0,61.31605042239509,25.0,25115702.293100137,31.483092820791942,162827429.22554526
ASFALTO,2021,3,Março,2021-03,852224.3876886667,26229.4158872,1593133.0,60.738409381714504,25.0,878453.8035758667,26.06709948662547,937397.60282
COQUE,2021,3,Março,2021-03,2046253.1768551753,1735589.4573622595,30103323.0,17.34472566211072,25.0,3781842.6342174346,21.48678839414327,-13286413.434056489
GASOLINA A,2021,3,Março,2021-03,11182838.3081083,795057.0072441081,52878819.0,66.5094685264053,25.0,11977895.315352408,27.755274858396636,33002393.818897296
GASOLINA DE AVIAÇÃO,2021,3,Março,2021-03,23186.71155533,0.0,0.0,,25.0,23186.71155533,25.0,0.0
GLP,2021,3,Março,2021-03,3635669.191410416,2444167.2609495833,105107484.0,43.00339247616168,25.0,6079836.452359999,32.23757996141158,44003302.47626042
LUBRIFICANTE,2021,3,Março,2021-03,302572.40447694,943946.46841979,108236376.0,114.66368022033356,25.0,1246518.87289673,92.89926420674195,84637714.28950524
NAFTA,2021,3,Março,2021-03,3177407.50511766,2917182.267212029,144772420.0,49.62748527138141,25.0,6094589.772329689,36.78797359682454,71842863.31969927
OUTROS ENERGÉTICOS,2021,3,Março,2021-03,0.0,0.0,0.0,,25.0,0.0,,0.0
OUTROS NÃO ENERGÉTICOS,2021,3,Março,2021-03,1271192.674107074,6967.034716284723,1099512.0,157.8163515433624,25.0,1278159.7088233589,25.723959709968263,925336.1320928818
PARAFINA,2021,3,Março,2021-03,20284.900894730537,58598.1787805,8226611.0,140.3902164061387,25.0,78883.07967523053,110.71745117363459,6761656.5304875
QUEROSENE DE AVIAÇÃO,2021,3,Março,2021-03,1552027.44903156,324348.90293096856,23691889.0,73.04445547960545,25.0,1876376.3519625287,33.30492582707468,15583166.426725788
QUEROSENE ILUMINANTE,2021,3,Março,2021-03,2355.5841634800004,0.0,0.0,,25.0,2355.5841634800004,25.0,0.0
SOLVENTE,2021,3,Março,2021-03,179854.61360562,628757.9791255868,50110120.0,79.69699258479089,25.0,808612.5927312068,67.53108451563826,34391170.521860324
ÓLEO COMBUSTÍVEL,2021,3,Março,2021-03,9954969.040987616,0.0,0.0,,25.0,9954969.040987616,25.0,0.0
ÓLEO DIESEL,2021,3,Março,2021-03,22424183.69921864,5612418.054639881,394418285.0,70.27599889390416,25.0,28036601.753858518,34.06343200452358,254107833.63400295
ASFALTO,2021,4,Abril,2021-04,714015.2784860687,36962.421308,2452457.0,66.3500093666537,25.0,750977.6997940687,27.035208858690627,1528396.4673
COQUE,2021,4,Abril,2021-04,2013399.5305501805,1465929.5418498942,23747186.0,16.199404761318075,25.0,3479329.0724000745,21.29208612413655,-12901052.546247356
GASOLINA A,2021,4,Abril,2021-04,11196927.985693099,552987.1840900135,38815856.0,70.19304807917877,25.0,11749915.169783112,27.126923985121078,24991176.39774966
GASOLINA DE AVIAÇÃO,2021,4,Abril,2021-04,8708.330002339999,0.0,0.0,,25.0,8708.330002339999,25.0,0.0
GLP,2021,4,Abril,2021-04,3352352.5964066666,1848822.1024099998,80703388.0,43.651245782274295,25.0,5201174.698816666,31.62981680803671,34482835.43975
LUBRIFICANTE,2021,4,Abril,2021-04,308246.80059711,474850.22255882574,73772030.0,155.35852463638872,25.0,783097.0231559358,104.04611128077705,61900774.43602935
NAFTA,2021,4,Abril,2021-04,2199792.6772653004,5778144.092079543,319518680.0,55.297804088683755,25.0,7977936.769344843,46.943653197490555,175065077.69801146
OUTROS ENERGÉTICOS,2021,4,Abril,2021-04,0.0,0.0,0.0,,25.0,0.0,,0.0
OUTROS NÃO ENERGÉTICOS,2021,4,Abril,2021-04,1280923.8485678378,5512.516153784723,873919.0,158.5335943913732,25.0,1286436.3647216226,25.572205603278846,736106.096155382
PARAFINA,2021,4,Abril,2021-04,16880.64480694611,64593.00436200002,9652485.0,149.43545505182516,25.0,81473.64916894614,123.65349070449605,8037659.89095
QUEROSENE DE AVIAÇÃO,2021,4,Abril,2021-04,1052708.2656206,429130.7448687296,29689388.0,69.18494737328115,25.0,1481839.0104893297,37.795667575265455,18961119.378281757
QUEROSENE ILUMINANTE,2021,4,Abril,2021-04,3489.65577591,0.0,0.0,,25.0,3489.65577591,25.0,0.0
SOLVENTE,2021,4,Abril,2021-04,205359.66106961,554834.164749946,39405792.0,71.02264875444268,25.0,760193.825819556,58.590035875024945,25534937.88125135
ÓLEO COMBUSTÍVEL,2021,4,Abril,2021-04,7134810.727998496,0.0,0.0,,25.0,7134810.727998496,25.0,0.0
ÓLEO DIESEL,2021,4,Abril,2021-04,21191576.105733134,8821108.916394167,619012653.0,70.17401767362327,25.0,30012685.0221273,38.277216943314365,398484930.0901459
ASFALTO,2021,5,Maio,2021-05,944820.5409153922,43180.502928400005,2955981.0,68.4563819208284,25.0,988001.0438437923,26.899257534677947,1876468.42679
COQUE,2021,5,Maio,2021-05,2335711.128553548,2021909.9183689326,36460751.0,18.03282662039304,25.0,4357621.046922481,21.767273517468414,-14086996.959223311
GASOLINA A,2021,5,Maio,2021-05,13204626.299236132,749853.6132296892,56987045.0,75.99756004982292,25.0,13954479.912465822,27.740389101502558,38240704.66925777
GASOLINA DE AVIAÇÃO,2021,5,Maio,2021-05,39984.39764772,0.0,0.0,,25.0,39984.39764772,25.0,0.0
GLP,2021,5,Maio,2021-05,3270264.77606375,2129153.2823966667,87614172.0,41.14977194191379,25.0,5399418.058460416,31.368341841247968,34385339.94008334
LUBRIFICANTE,2021,5,Maio,2021-05,268144.4124036,450384.1854444186,73393353.0,162.95721602120372,25.0,718528.5978480186,111.47359137824033,62133748.36388953
NAFTA,2021,5,Maio,2021-05,2152484.34937586,3356969.709050557,181627057.0,54.10446704667142,25.0,5509454.058426417,42.73366530288147,97702814.27373607
OUTROS ENERGÉTICOS,2021,5,Maio,2021-05,0.0,0.0,0.0,,25.0,0.0,,0.0
OUTROS NÃO ENERGÉTICOS,2021,5,Maio,2021-05,1427782.793215409,11685.826351203701,1712425.0,146.53863137574444,25.0,1439468.6195666126,25.98666919300229,1420279.3412199074
PARAFINA,2021,5,Maio,2021-05,32097.887214562877,61405.12922100001,9475770.0,154.31561044186142,25.0,93503.0164355629,109.92391018152072,7940641.769474999
QUEROSENE DE AVIAÇÃO,2021,5,Maio,2021-05,1236476.24805278,0.0,0.0,,25.0,1236476.24805278,25.0,0.0
QUEROSENE ILUMINANTE,2021,5,Maio,2021-05,2683.8116085200004,0.0,0.0,,25.0,2683.8116085200004,25.000000000000004,0.0
SOLVENTE,2021,5,Maio,2021-05,147223.65798814,811883.717648799,66221162.0,81.56483565377481,25.0,959107.375636939,72.88209352293016,45924069.05878002
ÓLEO COMBUSTÍVEL,2021,5,Maio,2021-05,7576277.953942909,0.0,0.0,,25.0,7576277.953942909,25.0,0.0
ÓLEO DIESEL,2021,5,Maio,2021-05,22337549.636294868,8590388.412237832,621711277.0,72.37289481745816,25.0,30927938.048532702,38.15805683700795,406951566.69405425
ASFALTO,2021,6,Junho,2021-06,950100.0101020195,44370.9829376,3181663.0,71.70593909254728,25.0,994470.9930396195,27.08391038156448,2072388.4265600003
COQUE,2021,6,Junho,2021-06,2178325.8538794015,1909416.0859210866,44900678.0,23.515397367326713,25.0,4087741.939800488,24.306530551641057,-2834724.148027168
GASOLINA A,2021,6,Junho,2021-06,13426123.046523262,894939.6490302432,67034989.0,74.90447995307743,25.0,14321062.695553506,28.118588244719483,44661497.77424392
GASOLINA DE AVIAÇÃO,2021,6,Junho,2021-06,64605.10411552,0.0,0.0,,25.0,64605.10411552,25.0,0.0
GLP,2021,6,Junho,2021-06,3580447.428494166,2261471.912815417,92043205.0,40.700574028094344,25.0,5841919.341309583,31.077866725844782,35506407.17961457
LUBRIFICANTE,2021,6,Junho,2021-06,268510.46047617,382038.20308158116,69920599.0,183.01991380969045,25.0,650548.6635577511,117.79804464251472,60369643.922960475
NAFTA,2021,6,Junho,2021-06,2028608.1453274104,5252373.258277757,312540446.0,59.50461451067577,25.0,7280981.403605168,49.89102835138677,181231114.54305607
OUTROS ENERGÉTICOS,2021,6,Junho,2021-06,0.0,0.0,0.0,,25.0,0.0,,0.0
OUTROS NÃO ENERGÉTICOS,2021,6,Junho,2021-06,1306601.4317243316,6083.061615740739,1195819.0,196.58176680401488,25.0,1312684.4933400722,25.795120582974754,1043742.4596064815
PARAFINA,2021,6,Junho,2021-06,9600.931703544911,41771.456624,7275070.0,174.1636655260921,25.0,51372.38832754491,146.28662472675367,6230783.5844
QUEROSENE DE AVIAÇÃO,2021,6,Junho,2021-06,1874352.1526891498,0.0,0.0,,25.0,1874352.1526891498,25.000000000000004,0.0
QUEROSENE ILUMINANTE,2021,6,Junho,2021-06,3825.9907860400003,0.0,0.0,,25.0,3825.9907860400003,25.0,0.0
SOLVENTE,2021,6,Junho,2021-06,222611.86770203002,349342.3881396357,27101740.0,77.57930591911784,25.0,571954.2558416657,57.11477160787834,18368180.29650911
ÓLEO COMBUSTÍVEL,2021,6,Junho,2021-06,9206781.55081435,63.37794117525773,35591.0,561.5676265276736,25.0,9206844.928755524,25.00369361618815,34006.55147061856
ÓLEO DIESEL,2021,6,Junho,2021-06,22026310.068622038,7858926.624387809,590533200.0,75.14171186780881,25.0,29885236.693009846,38.185775921342305,394060034.3903048
ASFALTO,2021,7,Julho,2021-07,1045540.5449068332,22700.3292924,1939365.0,85.43334217840149,25.0,1068240.8741992333,26.284220442059343,1371856.76769
COQUE,2021,7,Julho,2021-07,2478785.692480226,1916253.9137610192,31186266.0,16.274600028756584,25.0,4395039.606241245,21.195692566619456,-16720081.84402548
GASOLINA A,2021,7,Julho,2021-07,13830017.679509891,848782.7623185405,61357524.0,72.28884318102241,25.0,14678800.441828432,27.734416555433242,40137954.94203648
GASOLINA DE AVIAÇÃO,2021,7,Julho,2021-07,42638.9364805,0.0,0.0,,25.0,42638.9364805,25.0,0.0
GLP,2021,7,Julho,2021-07,4333634.899526916,3370053.8081449997,152714787.0,45.315236994408636,25.0,7703688.707671916,33.88709868665824,68463441.796375
LUBRIFICANTE,2021,7,Julho,2021-07,388036.91497006995,646362.4072286513,112957798.0,174.75923218418404,25.0,1034399.3221987213,118.57966091231394,96798737.81928371
NAFTA,2021,7,Julho,2021-07,2848509.76760558,1700335.5062054712,104829424.0,61.652199590856654,25.0,4548845.273811052,38.700408036224594,62321036.34486321
OUTROS ENERGÉTICOS,2021,7,Julho,2021-07,0.0,0.0,0.0,,25.0,0.0,,0.0
OUTROS NÃO ENERGÉTICOS,2021,7,Julho,2021-07,1083293.0900651433,7060.493721817129,1214419.0,172.00199417321346,25.0,1090353.5837869605,25.95189915673938,1037906.6569545718
PARAFINA,2021,7,Julho,2021-07,18535.098350850298,41664.476160499995,7486480.0,179.68496642464828,25.0,60199.57451135029,132.05836624762782,6444868.095987501
QUEROSENE DE AVIAÇÃO,2021,7,Julho,2021-07,2230191.25351758,310024.9643396101,24167479.0,77.95333208562606,25.0,2540216.2178571904,31.46277855251166,16416854.891509749
QUEROSENE ILUMINANTE,2021,7,Julho,2021-07,3611.0428191,0.0,0.0,,25.0,3611.0428191,25.0,0.0
SOLVENTE,2021,7,Julho,2021-07,218419.47032425,710430.0160587855,59948955.0,84.38404015159101,25.0,928849.4863830355,70.4198502739258,42188204.59853036
ÓLEO COMBUSTÍVEL,2021,7,Julho,2021-07,9184991.857221462,18.674899793814433,12410.0,664.5283314511001,25.0,9185010.532121256,25.001300284573805,11943.127505154638
ÓLEO DIESEL,2021,7,Julho,2021-07,24035215.27090787,7782117.56127114,619022221.0,79.54418782885723,25.0,31817332.83217901,38.34081911287445,424469281.9682215
ASFALTO,2021,8,Agosto,2021-08,1228887.007952098,56840.577285600004,4574174.0,80.4737428512856,25.0,1285727.585237698,27.452432073530623,3153159.5678600003
COQUE,2021,8,Agosto,2021-08,2223286.1264723954,2055452.434861125,38118004.0,18.544824172774113,25.0,4278738.56133352,21.899014351698813,-13268306.871528124
GASOLINA A,2021,8,Agosto,2021-08,13999306.31804815,2324529.5610646894,181883723.0,78.24539039920532,25.0,16323835.87911284,32.58219360265397,123770483.97338277
GASOLINA DE AVIAÇÃO,2021,8,Agosto,2021-08,37973.92906913,0.0,0.0,,25.0,37973.92906913,25.0,0.0
GLP,2021,8,Agosto,2021-08,3926704.7537334934,3844327.382534166,197819019.0,51.45738104895699,25.0,7771032.136267659,38.08845886274978,101710834.43664587
LUBRIFICANTE,2021,8,Agosto,2021-08,388603.09850703,404553.2800949069,81866709.0,202.36323131725524,25.0,793156.3786019369,115.46498134970948,71752876.99762733
NAFTA,2021,8,Agosto,2021-08,2520750.82535324,4782768.352138671,307057854.0,64.20086263694863,25.0,7303519.177491911,50.67100060123597,187488645.1965332
OUTROS ENERGÉTICOS,2021,8,Agosto,2021-08,0.0,0.0,0.0,,25.0,0.0,,0.0
OUTROS NÃO ENERGÉTICOS,2021,8,Agosto,2021-08,1224886.2528797297,2542.422736574074,559809.0,220.18722219041555,25.0,1227428.6756163037,25.404299199981196,496248.4315856481
PARAFINA,2021,8,Agosto,2021-08,21894.753282934133,48049.745533000016,8631237.0,179.63127388618875,25.0,69944.49881593414,131.2269869318495,7429993.361675
QUEROSENE DE AVIAÇÃO,2021,8,Agosto,2021-08,2421312.2314034896,312005.9538446038,23556486.0,75.50011693601344,25.0,2733318.185248093,30.76454553989468,15756337.153884904
QUEROSENE ILUMINANTE,2021,8,Agosto,2021-08,4495.138512699999,0.0,0.0,,25.0,4495.138512699999,25.0,0.0
SOLVENTE,2021,8,Agosto,2021-08,236029.49166795,658217.1912850738,67590617.0,102.6874075835654,25.0,894246.6829530238,82.18241755061604,51135187.217873156
ÓLEO COMBUSTÍVEL,2021,8,Agosto,2021-08,9557455.664316554,676851.7712589691,50718929.0,74.93358391551659,25.0,10234307.435575522,28.302386109786156,33797634.718525775
ÓLEO DIESEL,2021,8,Agosto,2021-08,22739677.329566486,10518446.00577696,847173699.0,80.54171676450244,25.0,33258123.335343447,42.56601065444762,584212548.8555759
ASFALTO,2021,9,Setembro,2021-09,1110325.5324085096,55013.8262332,4469191.0,81.23759618273763,25.0,1165339.3586417097,27.654887884140557,3093845.34417
COQUE,2021,9,Setembro,2021-09,2306151.8999411757,2720368.534598375,69203389.0,25.4389756828359,25.0,5026520.434539551,25.237575008515808,1194175.635040616
GASOLINA A,2021,9,Setembro,2021-09,14613908.49160784,1720996.1123555002,137465887.0,79.87576846518996,25.0,16334904.60396334,30.781544886904225,94440984.19111249
GASOLINA DE AVIAÇÃO,2021,9,Setembro,2021-09,19621.4396836,0.0,0.0,,25.0,19621.4396836,25.0,0.0
GLP,2021,9,Setembro,2021-09,4108892.88967497,1390486.268464167,76342770.0,54.90364898340409,25.0,5499379.158139137,32.56096499126744,41580613.28839583
LUBRIFICANTE,2021,9,Setembro,2021-09,303613.89637598,653846.4473631383,130777122.0,200.0119791541331,25.0,957460.3437391183,144.51509173637467,114430960.81592155
NAFTA,2021,9,Setembro,2021-09,2153718.7497476,3457221.6967367865,250344851.0,72.41214852848353,25.0,5610940.446484387,54.213339572028985,163914308.58158037
OUTROS ENERGÉTICOS,2021,9,Setembro,2021-09,0.0,0.0,0.0,,25.0,0.0,,0.0
OUTROS NÃO ENERGÉTICOS,2021,9,Setembro,2021-09,1210404.760783972,11465.49372451389,1871717.0,163.24783258117884,25.0,1221870.2545084858,26.297256931362796,1585079.656887153
PARAFINA,2021,9,Setembro,2021-09,43833.943772210005,50813.56475200001,9256941.0,182.17460328121632,25.0,94647.50852421002,109.38258973459503,7986601.881199999
QUEROSENE DE AVIAÇÃO,2021,9,Setembro,2021-09,2408624.1121809897,0.0,0.0,,25.0,2408624.1121809897,25.0,0.0
QUEROSENE ILUMINANTE,2021,9,Setembro,2021-09,2623.88229884,0.0,0.0,,25.0,2623.88229884,25.0,0.0
SOLVENTE,2021,9,Setembro,2021-09,251523.23095943,402906.4525409986,31739259.0,78.77575253469118,25.0,654429.6835004286,58.107602287512755,21666597.686475035
ÓLEO COMBUSTÍVEL,2021,9,Setembro,2021-09,8136233.805226594,955710.4133125464,74029192.0,77.4598570537812,25.0,9091944.218539141,30.514379593855672,50136431.66718634
ÓLEO DIESEL,2021,9,Setembro,2021-09,22031881.274119347,6130404.230216477,488336906.0,79.65819017170354,25.0,28162285.504335824,36.898068435993956,335076800.244588
ASFALTO,2021,10,Outubro,2021-10,1117013.8882027352,33980.6034108,2806277.0,82.58467238130578,25.0,1150994.4916135352,26.70006192817386,1956761.9147299998
COQUE,2021,10,Outubro,2021-10,2439390.7788107004,1554450.930726327,34979269.0,22.50265242123514,25.0,3993841.7095370274,24.02800247218406,-3882004.268158175
GASOLINA A,2021,10,Outubro,2021-10,14491178.10146897,2522662.740938878,223795646.0,88.71405692411675,25.0,17013840.84240785,34.446960211118395,160729077.47652805
GASOLINA DE AVIAÇÃO,2021,10,Outubro,2021-10,21778.259561270002,0.0,0.0,,25.0,21778.259561270002,24.999999999999996,0.0
GLP,2021,10,Outubro,2021-10,4065130.3635959835,2236262.821513334,147855905.0,66.1174096253777,25.0,6301393.185109317,39.59190559310758,91949334.46216665
LUBRIFICANTE,2021,10,Outubro,2021-10,395660.73077297,632455.7835933027,123669262.0,195.53819446060257,25.0,1028116.5143662727,129.90821410124963,107857867.41016743
NAFTA,2021,10,Outubro,2021-10,2764530.74669939,5837367.8647863995,416409458.0,71.33514070818924,25.0,8601898.61148579,56.44367000782648,270475261.38034004
OUTROS ENERGÉTICOS,2021,10,Outubro,2021-10,0.0,0.0,0.0,,25.0,0.0,,0.0
OUTROS NÃO ENERGÉTICOS,2021,10,Outubro,2021-10,1362743.9355796215,8910.644245266201,1405238.0,157.70329970771033,25.0,1371654.5798248877,25.862077020892027,1182471.893868345
PARAFINA,2021,10,Outubro,2021-10,53775.94712711377,60451.04174899999,10916841.0,180.58979107966476,25.0,114226.98887611376,107.34100407282834,9405564.956275001
QUEROSENE DE AVIAÇÃO,2021,10,Outubro,2021-10,2892132.86436697,0.0,0.0,,25.0,2892132.86436697,25.0,0.0
QUEROSENE ILUMINANTE,2021,10,Outubro,2021-10,1952.31928514,0.0,0.0,,25.0,1952.31928514,25.0,0.0
SOLVENTE,2021,10,Outubro,2021-10,208101.09991735005,455133.44424168667,40779325.0,89.59861226621969,25.0,663234.5441590367,69.32970078667643,29400988.893957835
ÓLEO COMBUSTÍVEL,2021,10,Outubro,2021-10,10112042.441123018,525912.7949987525,41258664.0,78.45153111381872,25.0,10637955.23612177,27.642504457020017,28110844.125031184
ÓLEO DIESEL,2021,10,Outubro,2021-10,24606246.930517774,11655508.68493738,994665640.0,85.3386726300006,25.0,36261755.61545515,44.394480794989995,703277922.8765655
ASFALTO,2021,11,Novembro,2021-11,944049.9281937452,36804.5931,2951148.0,80.18423113608611,25.0,980854.5212937451,27.07067728027707,2031033.1724999999
COQUE,2021,11,Novembro,2021-11,2012185.8175412086,1916734.0681797883,55260420.0,28.830509624362044,25.0,3928919.885720997,26.868724359126997,7342068.295505294
GASOLINA A,2021,11,Novembro,2021-11,13996169.31304951,1360212.330263973,127166385.0,93.49009869313649,25.0,15356381.643313482,31.066603377493234,93161076.74340068
GASOLINA DE AVIAÇÃO,2021,11,Novembro,2021-11,21312.75072317,0.0,0.0,,25.0,21312.75072317,25.0,0.0
GLP,2021,11,Novembro,2021-11,4005256.7523712935,712108.1772616669,47152712.0,66.21565866764868,25.0,4717364.92963296,31.221695375757573,29350007.568458322
LUBRIFICANTE,2021,11,Novembro,2021-11,327923.01194619003,643184.9634325004,125127043.0,194.54286109586823,25.0,971107.9753786904,137.29175506633408,109047418.9141875
NAFTA,2021,11,Novembro,2021-11,2170252.55944106,4766770.507937844,358226945.0,75.15086879124223,25.0,6937023.067378904,59.4611341175603,239057682.3015539
OUTROS ENERGÉTICOS,2021,11,Novembro,2021-11,0.0,0.0,0.0,,25.0,0.0,,0.0
OUTROS NÃO ENERGÉTICOS,2021,11,Novembro,2021-11,1128862.2155508073,9891.956523483797,1824131.0,184.4054809247755,25.0,1138754.1720742912,26.384699284166516,1576832.086912905
PARAFINA,2021,11,Novembro,2021-11,53852.26851025151,66620.01836249999,12196283.0,183.0723452166626,25.0,120472.2868727515,112.41248974596628,10530782.5409375
QUEROSENE DE AVIAÇÃO,2021,11,Novembro,2021-11,2772464.9080175,327391.5886288302,30216915.0,92.29594176977304,25.0,3099856.49664633,32.10746620306951,22032125.284279246
QUEROSENE ILUMINANTE,2021,11,Novembro,2021-11,1838.55549167,0.0,0.0,,25.0,1838.55549167,24.999999999999996,0.0
SOLVENTE,2021,11,Novembro,2021-11,269702.7128311,717872.3467364911,72742811.0,101.3311229088222,25.0,987575.0595675911,80.4854051858905,54796002.331587724
ÓLEO COMBUSTÍVEL,2021,11,Novembro,2021-11,9770367.864932457,243524.51258772166,19018118.0,78.09529232975818,25.0,10013892.37752018,26.291206725402105,12930005.185306957
ÓLEO DIESEL,2021,11,Novembro,2021-11,22711361.542128183,7140950.586034845,667324247.0,93.45033815316528,25.0,29852312.12816303,41.37395724158962,488800482.34912884
ASFALTO,2021,12,Dezembro,2021-12,823799.7619947648,9336.238052800001,1024782.0,109.7639107105523,25.0,833136.0000475647,25.94987618904335,791376.0486799999
COQUE,2021,12,Dezembro,2021-12,2501567.000515209,1220212.8041487595,33026653.0,27.06630588345607,25.0,3721779.8046639683,25.677453537987766,2521332.896281012
GASOLINA A,2021,12,Dezembro,2021-12,14069742.094903098,878825.6572950946,78241047.0,89.02908825035362,25.0,14948567.752198193,28.764267353261857,56270405.56762264
GASOLINA DE AVIAÇÃO,2021,12,Dezembro,2021-12,28240.93869931,0.0,0.0,,25.0,28240.93869931,25.0,0.0
GLP,2021,12,Dezembro,2021-12,4128993.4494366664,1674473.6739833332,90984403.0,54.336120306723686,25.0,5803467.12342,33.46434727822988,49122561.15041668
LUBRIFICANTE,2021,12,Dezembro,2021-12,304958.73323169997,206185.44978568604,46010529.0,223.15119252025016,25.0,511144.183017386,104.93027038707038,40855892.75535785
NAFTA,2021,12,Dezembro,2021-12,2557169.46681386,4708614.762939872,362549737.0,76.99711173093259,25.0,7265784.229753733,58.69689495098062,244834367.92650318
OUTROS ENERGÉTICOS,2021,12,Dezembro,2021-12,0.0,0.0,0.0,,25.0,0.0,,0.0
OUTROS NÃO ENERGÉTICOS,2021,12,Dezembro,2021-12,1105885.6631364448,2667.6001473958336,639674.0,239.79380891265245,25.0,1108553.2632838406,25.516875476616942,572983.9963151042
PARAFINA,2021,12,Dezembro,2021-12,51836.63675092216,48316.64058050002,8797143.0,182.07273714204408,25.0,100153.27733142217,100.77612223685513,7589226.985487499
QUEROSENE DE AVIAÇÃO,2021,12,Dezembro,2021-12,2885683.00386171,0.0,0.0,,25.0,2885683.00386171,25.0,0.0
QUEROSENE ILUMINANTE,2021,12,Dezembro,2021-12,1784.6643995900001,0.0,0.0,,25.0,1784.6643995900001,25.0,0.0
SOLVENTE,2021,12,Dezembro,2021-12,233997.85158890003,567974.9614283805,50157702.0,88.30970624807146,25.0,801972.8130172805,69.83734034449829,35958327.964290485
ÓLEO COMBUSTÍVEL,2021,12,Dezembro,2021-12,9580925.398517298,1264295.3588288247,101827367.0,80.5408058243031,25.0,10845220.757346122,31.474739850889176,70219983.02927937
ÓLEO DIESEL,2021,12,Dezembro,2021-12,22769887.488270413,7235186.578618833,669483911.0,92.53167195140968,25.0,30005074.066889245,41.28405400517597,488604246.5345292
ASFALTO,2022,1,Janeiro,2022-01,799050.5867743628,19113.1248532,1851448.0,96.86788603225301,25.0,818163.7116275629,26.678905895175273,1373619.87867
COQUE,2022,1,Janeiro,2022-01,2602501.706617062,751152.4974069904,25738964.0,34.26596342134516,25.0,3353654.2040240522,27.075393329602605,6960151.56482524
GASOLINA A,2022,1,Janeiro,2022-01,14175853.837613111,2194567.007920176,191543405.0,87.28072750055992,25.0,16370420.845533287,33.34915797777361,136679229.8019956
GASOLINA DE AVIAÇÃO,2022,1,Janeiro,2022-01,27668.22633957,0.0,0.0,,25.0,27668.22633957,25.0,0.0
GLP,2022,1,Janeiro,2022-01,4193395.7151103164,1412219.8067470833,79535722.0,56.31964770640282,25.0,5605615.5218573995,32.89034257859115,44230226.83132292
LUBRIFICANTE,2022,1,Janeiro,2022-01,310770.54912075005,324307.75978145323,71141423.0,219.36392471133368,25.0,635078.3089022033,124.25347492094919,63033729.00546367
NAFTA,2022,1,Janeiro,2022-01,2457772.3730304902,3217238.605718971,253081154.0,78.6640921037446,25.0,5675010.9787494615,55.42288191221627,172650188.8570257
OUTROS ENERGÉTICOS,2022,1,Janeiro,2022-01,0.0,0.0,0.0,,25.0,0.0,,0.0
OUTROS NÃO ENERGÉTICOS,2022,1,Janeiro,2022-01,1294903.6310876955,4915.093401875,1221512.0,248.52264242506968,25.0,1299818.7244895706,25.845221448386617,1098634.664953125
PARAFINA,2022,1,Janeiro,2022-01,41764.82049322156,44908.5453845,8332174.0,185.53649263544875,25.0,86673.36587772156,108.17965146938656,7209460.3653875
QUEROSENE DE AVIAÇÃO,2022,1,Janeiro,2022-01,2964901.1795215607,677216.2949280001,67217112.0,99.25501276833032,25.0,3642117.474449561,38.80699688562349,50286704.62679999
QUEROSENE ILUMINANTE,2022,1,Janeiro,2022-01,2446.91220468,0.0,0.0,,25.0,2446.91220468,25.0,0.0
SOLVENTE,2022,1,Janeiro,2022-01,188068.2752107,799283.3692870988,75348260.0,94.2697707662866,25.0,987351.6444977988,81.07543784057167,55366175.76782253
ÓLEO COMBUSTÍVEL,2022,1,Janeiro,2022-01,9442717.618896874,0.0,0.0,,25.0,9442717.618896874,25.0,0.0
ÓLEO DIESEL,2022,1,Janeiro,2022-01,23673447.489520587,8774905.52961093,806804759.0,91.94455214103859,25.0,32448353.01913152,43.10360360704216,587432120.7597268
ASFALTO,2022,2,Fevereiro,2022-02,787209.2424728335,33775.5249228,3311499.0,98.04433854304331,25.0,820984.7673956335,28.005062913355,2467110.8769300003
COQUE,2022,2,Fevereiro,2022-02,2239222.0814810847,1520189.1502690578,45662516.0,30.037391065393543,25.0,3759411.2317501428,27.036964506197044,7657787.243273553
GASOLINA A,2022,2,Fevereiro,2022-02,12043790.22439603,1012887.2371178918,103038266.0,101.72728239047521,25.0,13056677.461513922,30.952209917196,77716085.0720527
GASOLINA DE AVIAÇÃO,2022,2,Fevereiro,2022-02,11213.89468527,0.0,0.0,,25.0,11213.89468527,25.0,0.0
GLP,2022,2,Fevereiro,2022-02,3328658.242672649,721223.1146750001,43320554.0,60.06539879066584,25.0,4049881.3573476495,31.244621484340943,25289976.133124996
LUBRIFICANTE,2022,2,Fevereiro,2022-02,277020.54195712,308029.5705993373,68379647.0,221.99052794493983,25.0,585050.1125564573,128.71574405801186,60678907.73501657
NAFTA,2022,2,Fevereiro,2022-02,2575551.2226853203,348145.04492017144,19417334.0,55.7736905445612,25.0,2923696.267605492,28.664439427482062,10713707.876995713
OUTROS ENERGÉTICOS,2022,2,Fevereiro,2022-02,0.0,0.0,0.0,,25.0,0.0,,0.0
OUTROS NÃO ENERGÉTICOS,2022,2,Fevereiro,2022-02,1230656.6313948093,7307.521641643518,1446877.0,197.99831884925985,25.0,1237964.1530364528,26.02118381688043,1264188.958958912
PARAFINA,2022,2,Fevereiro,2022-02,38693.08820500599,24220.294094999997,5124070.0,211.56101490352282,25.0,62913.382300005986,96.82196350655542,4518562.647625
QUEROSENE DE AVIAÇÃO,2022,2,Fevereiro,2022-02,2651060.0898244395,316317.598820327,36243813.0,114.58045058247616,25.0,2967377.6886447663,34.549129232158215,28335873.029491823
QUEROSENE ILUMINANTE,2022,2,Fevereiro,2022-02,3159.4218814799997,0.0,0.0,,25.0,3159.4218814799997,25.0,0.0
SOLVENTE,2022,2,Fevereiro,2022-02,168946.05145699,500321.8414628339,55471598.0,110.87182969628695,25.0,669267.892919824,89.19484995162622,42963551.96342915
ÓLEO COMBUSTÍVEL,2022,2,Fevereiro,2022-02,8920289.30257681,60.92686057731959,26401.0,433.32283577118926,25.0,8920350.229437387,25.002788884723774,24877.82848556701
ÓLEO DIESEL,2022,2,Fevereiro,2022-02,21837872.95895294,3535093.1836411427,342948252.0,97.01250693673755,25.0,25372966.142594084,35.03315579969259,254570922.40897143
ASFALTO,2022,3,Março,2022-03,1115049.4633766077,39753.1701184,3987326.0,100.3020888176775,25.0,1154802.6334950076,27.592215033299837,2993496.74704
COQUE,2022,3,Março,2022-03,2498084.8835207797,1599369.2278239904,41777167.0,26.121027135703745,25.0,4097454.11134477,25.437573248089848,1792936.3044002382
GASOLINA A,2022,3,Março,2022-03,14101035.72998781,1018975.8071968649,108449938.0,106.43033645552255,25.0,15120011.537184674,30.48779626364811,82975542.82007839
GASOLINA DE AVIAÇÃO,2022,3,Março,2022-03,0.0,0.0,0.0,,25.0,0.0,,0.0
GLP,2022,3,Março,2022-03,4073249.053445583,2334515.0433512507,155832006.0,66.75133940293635,25.0,6407764.096796834,40.211098355656134,97469129.91621874
LUBRIFICANTE,2022,3,Março,2022-03,310955.99787879,466260.7556305698,93880786.0,201.3482474480098,25.0,777216.7535093599,130.793225297794,82224267.10923576
NAFTA,2022,3,Março,2022-03,2897678.18729613,2513248.099175371,208601592.0,83.0007956908213,25.0,5410926.286471501,51.94000653549349,145770389.5206157
OUTROS ENERGÉTICOS,2022,3,Março,2022-03,0.0,0.0,0.0,,25.0,0.0,,0.0
OUTROS NÃO ENERGÉTICOS,2022,3,Março,2022-03,1265554.4116484805,7526.5438912499985,1695859.0,225.3170943401426,25.0,1273080.9555397304,26.18428871012335,1507695.40271875
PARAFINA,2022,3,Março,2022-03,51106.79280972455,30256.348614000006,6619784.0,218.789916934555,25.0,81363.14142372456,97.0642686854309,5863375.28465
QUEROSENE DE AVIAÇÃO,2022,3,Março,2022-03,2486672.11900882,0.0,0.0,,25.0,2486672.11900882,25.0,0.0
QUEROSENE ILUMINANTE,2022,3,Março,2022-03,5050.233114629999,0.0,0.0,,25.0,5050.233114629999,25.0,0.0
SOLVENTE,2022,3,Março,2022-03,215249.79605247,514379.074493023,62384279.0,121.28074817484858,25.0,729628.870545493,92.8767029882578,49524802.13767443
ÓLEO COMBUSTÍVEL,2022,3,Março,2022-03,9769539.99080281,0.0,0.0,,25.0,9769539.99080281,25.0,0.0
ÓLEO DIESEL,2022,3,Março,2022-03,24325650.19757876,7499551.066804834,866756379.0,115.57443522673145,25.0,31825201.264383595,46.34370170001297,679267602.3298792
ASFALTO,2022,4,Abril,2022-04,1138157.4562331736,40379.9911056,4130851.0,102.29945294433517,25.0,1178537.4473387736,27.64849558188265,3121351.22236
COQUE,2022,4,Abril,2022-04,2421593.8786833445,2362739.052174981,94843208.0,40.1412114946395,25.0,4784332.930858325,32.477475379040435,35774731.69562546
GASOLINA A,2022,4,Abril,2022-04,13814249.29566476,856458.6254492162,98741531.0,115.29048580509028,25.0,14670707.921113975,30.271052070532786,77330065.36376959
GASOLINA DE AVIAÇÃO,2022,4,Abril,2022-04,20372.49960589,0.026207541666666667,1050.0,40064.80322935033,25.0,20372.525813431665,25.05150784056273,1049.3448114583332
GLP,2022,4,Abril,2022-04,4062491.481103017,962732.4023050002,65235386.0,67.76066313319429,25.0,5025223.883408017,33.19208793429045,41167075.94237499
LUBRIFICANTE,2022,4,Abril,2022-04,289775.39606372,349743.7221665234,77425327.0,221.37731742654555,25.0,639519.1182302434,132.395904184853,68681733.94583692
NAFTA,2022,4,Abril,2022-04,3398055.08402612,5420694.342532071,523608895.0,96.59443272638318,25.0,8818749.426558191,69.00754774457447,388091536.43669826
OUTROS ENERGÉTICOS,2022,4,Abril,2022-04,0.0,0.0,0.0,,25.0,0.0,,0.0
OUTROS NÃO ENERGÉTICOS,2022,4,Abril,2022-04,1331492.0168138954,9325.058277743055,2035028.0,218.2322018144575,25.0,1340817.0750916386,26.34388320116916,1801901.5430564238
PARAFINA,2022,4,Abril,2022-04,30201.64712211222,18440.909847000003,4207004.0,228.13429678386515,25.0,48642.55696911222,102.01036884643378,3745981.253825
QUEROSENE DE AVIAÇÃO,2022,4,Abril,2022-04,2759755.4474696703,331963.10165393713,53523639.0,161.2336995688063,25.0,3091718.5491236076,39.62764502657304,45224561.45865157
QUEROSENE ILUMINANTE,2022,4,Abril,2022-04,3856.96810029,0.0,0.0,,25.0,3856.96810029,25.0,0.0
SOLVENTE,2022,4,Abril,2022-04,292404.10264683,518431.8596659922,70215607.0,135.43844902826285,25.0,810835.9623128222,95.61207589391697,57254810.5083502
ÓLEO COMBUSTÍVEL,2022,4,Abril,2022-04,9256787.743304087,130367.05031738146,10758722.0,82.52638971126257,25.0,9387154.793621467,25.79891574251672,7499545.742065462
ÓLEO DIESEL,2022,4,Abril,2022-04,23950599.80928702,9796984.379358072,1438433406.0,146.82409916164943,25.0,33747584.188645095,60.36575506692484,1193508796.5160482
ASFALTO,2022,5,Maio,2022-05,1187090.4188596471,33827.346820800005,3300600.0,97.57194430544293,25.0,1220917.7656804472,27.010713905954027,2454916.32948
COQUE,2022,5,Maio,2022-05,2560908.178765126,3497167.7625198364,126286436.0,36.11106031384838,25.0,6058075.941284962,31.414122621375096,38857241.93700408
GASOLINA A,2022,5,Maio,2022-05,13601413.72996421,957331.5213221622,116061773.0,121.23467201801535,25.0,14558745.251286373,31.328051173146648,92128484.96694595
GASOLINA DE AVIAÇÃO,2022,5,Maio,2022-05,34546.78771481,0.0,0.0,,25.0,34546.78771481,25.0,0.0
GLP,2022,5,Maio,2022-05,3864336.1485352525,2477119.97435,150654204.0,60.81829122528952,25.0,6341456.122885252,38.991456050772314,88726204.64125
LUBRIFICANTE,2022,5,Maio,2022-05,317300.76219786133,473925.6204888255,93416886.0,197.1129687051866,25.0,791226.3826866868,128.09153899899633,81568745.48777936
NAFTA,2022,5,Maio,2022-05,3062807.0725705107,7386093.251625299,724248472.0,98.05569024472175,25.0,10448900.32419581,76.6414286640156,539596140.7093675
OUTROS ENERGÉTICOS,2022,5,Maio,2022-05,0.0,0.0,0.0,,25.0,0.0,,0.0
OUTROS NÃO ENERGÉTICOS,2022,5,Maio,2022-05,1258400.3592684527,9542.391596886573,2052074.0,215.0481856843453,25.0,1267942.7508653393,26.43028082998239,1813514.2100778357
PARAFINA,2022,5,Maio,2022-05,47670.68843849102,19578.94357950001,4670876.0,238.56629347921543,25.0,67249.63201799104,87.17732774201447,4181402.4105125
QUEROSENE DE AVIAÇÃO,2022,5,Maio,2022-05,2643853.79160934,324231.7858775975,56773868.0,175.10272117932635,25.0,2968085.5774869374,41.39712605398226,48668073.35306007
QUEROSENE ILUMINANTE,2022,5,Maio,2022-05,3858.8361738599997,0.0,0.0,,25.0,3858.8361738599997,25.000000000000004,0.0
SOLVENTE,2022,5,Maio,2022-05,259962.59604427466,1012626.8574745617,122496283.0,120.96882686431931,25.0,1272589.4535188363,101.3644640417394,97180611.56313595
ÓLEO COMBUSTÍVEL,2022,5,Maio,2022-05,9413587.432176923,483442.5453865464,66791418.0,138.15792308183293,25.0,9897029.97756347,30.52745161824842,54705354.36533634
ÓLEO DIESEL,2022,5,Maio,2022-05,24185111.173543938,9108734.559631024,1381759387.0,151.69608664674627,25.0,33293845.73317496,59.66229261281475,1154041023.0092244
ASFALTO,2022,6,Junho,2022-06,1418851.0355966862,8827.5918568,866168.0,98.12053095010056,25.0,1427678.6274534862,25.452117298086424,645478.2035800001
COQUE,2022,6,Junho,2022-06,2523885.5988552202,1049864.7247709616,38444822.0,36.618833924901246,25.0,3573750.323626182,28.413278146512702,12198203.880725957
GASOLINA A,2022,6,Junho,2022-06,13516094.633588472,884329.2580445814,103157112.0,116.65011765877769,25.0,14400423.891633054,30.62822880484626,81048880.54888546
GASOLINA DE AVIAÇÃO,2022,6,Junho,2022-06,21903.17518787,0.0,0.0,,25.0,21903.17518787,25.000000000000004,0.0
GLP,2022,6,Junho,2022-06,3750946.6243587034,2646032.4344841666,161401877.0,60.997694093445475,25.0,6396979.0588428695,39.89000749599539,95251066.13789584
LUBRIFICANTE,2022,6,Junho,2022-06,170246.79674461,608514.4775350111,119899316.0,197.03609433532588,25.0,778761.2742796212,159.4268873133978,104686454.06162472
NAFTA,2022,6,Junho,2022-06,2865495.7643195596,1716671.2659558288,140094447.0,81.60819708367201,25.0,4582167.030275389,46.2077963786632,97177665.35110429
OUTROS ENERGÉTICOS,2022,6,Junho,2022-06,0.0,0.0,0.0,,25.0,0.0,,0.0
OUTROS NÃO ENERGÉTICOS,2022,6,Junho,2022-06,1287157.6634546989,9405.995902256946,2151159.0,228.70082257678155,25.0,1296563.659356956,26.47775937464871,1916009.1024435763
PARAFINA,2022,6,Junho,2022-06,64558.233204670665,15589.4244835,4935534.0,316.5950099840964,25.0,80147.65768817067,81.71779461851239,4545798.3879125
QUEROSENE DE AVIAÇÃO,2022,6,Junho,2022-06,2573471.21396737,658042.4143888679,106945691.0,162.52096925898277,25.0,3231513.628356238,53.0037904981109,90494630.64027831
QUEROSENE ILUMINANTE,2022,6,Junho,2022-06,3215.3697414300004,0.0,0.0,,25.0,3215.3697414300004,25.0,0.0
SOLVENTE,2022,6,Junho,2022-06,225803.90224836004,448687.81502148445,61567078.0,137.21584571457996,25.0,674491.7172698445,99.64862997616228,50349882.62446289
ÓLEO COMBUSTÍVEL,2022,6,Junho,2022-06,9504629.713302447,0.0,0.0,,25.0,9504629.713302447,25.0,0.0
ÓLEO DIESEL,2022,6,Junho,2022-06,24317531.663060125,6037179.654056226,1009214055.0,167.16647720130956,25.0,30354711.31711635,53.27516805157777,858284563.6485944
ASFALTO,2022,7,Julho,2022-07,1437678.4965311373,21801.297601199996,2125825.0,97.50910422336464,25.0,1459479.7941323372,26.083120551805777,1580792.55997
COQUE,2022,7,Julho,2022-07,2767448.285266621,2211836.180471635,89545278.0,40.48458868274144,25.0,4979284.4657382555,31.878372530003894,34249373.48820913
GASOLINA A,2022,7,Julho,2022-07,13982252.24043073,1490420.6959830811,171070658.0,114.7801144073364,25.0,15472672.93641381,33.64815931612634,133810140.60042296
GASOLINA DE AVIAÇÃO,2022,7,Julho,2022-07,43427.60317678,0.0,0.0,,25.0,43427.60317678,25.0,0.0
GLP,2022,7,Julho,2022-07,4277846.489542057,3412682.9840254164,195138728.0,57.18044392445292,25.0,7690529.473567473,39.28011605401477,109821653.39936459
LUBRIFICANTE,2022,7,Julho,2022-07,258905.1218003,447292.3708290584,108535058.0,242.64902573417424,25.0,706197.4926293584,162.85484902644404,97352748.72927354
NAFTA,2022,7,Julho,2022-07,3741053.701274609,4930772.3257525,443994337.0,90.04559684921989,25.0,8671826.02702711,61.98471669710595,320725028.85618746
OUTROS ENERGÉTICOS,2022,7,Julho,2022-07,0.0,0.0,0.0,,25.0,0.0,,0.0
OUTROS NÃO ENERGÉTICOS,2022,7,Julho,2022-07,1239405.0527374032,5667.650240706018,1411801.0,249.09811651047335,25.0,1245072.7029781092,26.020108898817195,1270109.7439823495
PARAFINA,2022,7,Julho,2022-07,38144.40585722156,25183.869975500005,5963034.0,236.77989148614196,25.0,63328.27583272156,109.2188924375662,5333437.2506125
QUEROSENE DE AVIAÇÃO,2022,7,Julho,2022-07,2656784.8987717605,1161308.0483370062,170864601.0,147.13116062932502,25.0,3818092.947108767,62.14731457728822,141831899.79157487
QUEROSENE ILUMINANTE,2022,7,Julho,2022-07,8049.686258379999,0.0,0.0,,25.0,8049.686258379999,25.0,0.0
SOLVENTE,2022,7,Julho,2022-07,228684.57862007,552274.7298645749,82595209.0,149.55456864784207,25.0,780959.3084846449,113.0818501118335,68788340.75338563
ÓLEO COMBUSTÍVEL,2022,7,Julho,2022-07,10631051.297827227,356658.6247489794,31593280.0,88.58128700023931,25.0,10987709.922576206,27.063834460598745,22676814.381275516
ÓLEO DIESEL,2022,7,Julho,2022-07,26036759.106002856,8410438.490638858,1365707457.0,162.38243208366424,25.0,34447197.59664171,58.54253975210669,1155446494.7340286
ASFALTO,2022,8,Agosto,2022-08,1596532.2914408725,19193.953514,2043398.0,106.460505831149,25.0,1615726.2449548724,25.96770673066196,1563549.16215
COQUE,2022,8,Agosto,2022-08,2222875.1353620226,2122068.3326900285,74626713.0,35.16696981449219,25.0,4344943.468052051,29.965543243862253,21575004.68274929
GASOLINA A,2022,8,Agosto,2022-08,14642254.149353838,1936951.0693767567,208159453.0,107.46758464424114,25.0,16579205.218730595,34.63470046713201,159735676.26558107
GASOLINA DE AVIAÇÃO,2022,8,Agosto,2022-08,21216.76822257,0.026207541666666667,10.0,381.5695545652412,25.0,21216.794430111666,25.00044044407788,9.344811458333332
GLP,2022,8,Agosto,2022-08,4317560.7827850655,1483614.0157341666,81076293.0,54.64783436942619,25.0,5801174.798519232,32.582247412691885,43985942.60664584
LUBRIFICANTE,2022,8,Agosto,2022-08,368098.51918095,404483.2657331277,103141752.0,254.9963391267995,25.0,772581.7849140777,145.41400945922902,93029670.35667181
NAFTA,2022,8,Agosto,2022-08,3420925.2671830095,5327188.921862599,466825980.0,87.63082872547702,25.0,8748114.189045608,63.13922060725122,333646256.953435
OUTROS ENERGÉTICOS,2022,8,Agosto,2022-08,0.0,0.0,0.0,,25.0,0.0,,0.0
OUTROS NÃO ENERGÉTICOS,2022,8,Agosto,2022-08,1438766.4576623007,5095.452247650463,1461529.0,286.8300847434922,25.0,1443861.909909951,25.924009896411736,1334142.6938087384
PARAFINA,2022,8,Agosto,2022-08,65085.38707702994,39035.396944500004,9074901.0,232.47876825493975,25.0,104120.78402152995,102.78481647538109,8099016.076387499
QUEROSENE DE AVIAÇÃO,2022,8,Agosto,2022-08,2239774.9552470497,815275.8284696729,114414075.0,140.3378721711434,25.0,3055050.7837167224,55.77925243974512,94032179.28825817
QUEROSENE ILUMINANTE,2022,8,Agosto,2022-08,4142.75819726,0.0,0.0,,25.0,4142.75819726,25.0,0.0
SOLVENTE,2022,8,Agosto,2022-08,199031.55241652002,643396.5739464642,75235800.0,116.93534446184388,25.0,842428.1263629843,95.2147563694372,59150885.6513384
ÓLEO COMBUSTÍVEL,2022,8,Agosto,2022-08,9574452.31013277,66.3996437113402,52033.0,783.6337228886882,25.0,9574518.709776482,25.00526115311214,50373.00890721649
ÓLEO DIESEL,2022,8,Agosto,2022-08,24607618.92677307,11616031.239086825,1748231212.0,150.50159353199487,25.0,36223650.16585989,65.24526585111533,1457830431.0228295
ASFALTO,2022,9,Setembro,2022-09,1564047.9078824706,34412.127331600015,3562902.0,103.53623202853413,25.0,1598460.0352140707,26.690751571620027,2702598.81671
COQUE,2022,9,Setembro,2022-09,1813412.1361054238,2204120.7124604043,70801699.0,32.122423513259335,25.0,4017532.848565828,28.907542708479408,15698681.1884899
GASOLINA A,2022,9,Setembro,2022-09,13591466.53382503,2961351.931195798,275638622.0,93.07864394513109,25.0,16552818.465020828,37.17948617911405,201604823.72010508
GASOLINA DE AVIAÇÃO,2022,9,Setembro,2022-09,52879.42017016999,0.0,0.0,,25.0,52879.42017016999,25.0,0.0
GLP,2022,9,Setembro,2022-09,4029664.7384676165,1436406.8381079168,73927983.0,51.467300933613224,25.0,5466071.5765755335,31.955234946103662,38017812.04730208
LUBRIFICANTE,2022,9,Setembro,2022-09,320319.93993667,449409.00891377934,114835797.0,255.52624607494604,25.0,769728.9488504494,159.59357600084763,103600571.77715552
NAFTA,2022,9,Setembro,2022-09,2795495.6197052104,3469286.396948415,290223731.0,83.6551664501613,25.0,6264782.016653625,57.48182786493599,203491571.07628965
OUTROS ENERGÉTICOS,2022,9,Setembro,2022-09,0.0,0.0,0.0,,25.0,0.0,,0.0
OUTROS NÃO ENERGÉTICOS,2022,9,Setembro,2022-09,1183025.8599514414,8053.6794723842595,2283719.0,283.5621913972092,25.0,1191079.5394238257,26.748310624324656,2082377.0131903936
PARAFINA,2022,9,Setembro,2022-09,41251.50420286227,33236.614002,8131172.0,244.64501707396275,25.0,74488.11820486227,123.00565279246736,7300256.6499499995
QUEROSENE DE AVIAÇÃO,2022,9,Setembro,2022-09,2264211.66590292,998820.9656235346,132077839.0,132.23374713359934,25.0,3263032.631526455,57.8244694290129,107107314.85941163
QUEROSENE ILUMINANTE,2022,9,Setembro,2022-09,4359.74406264,0.0,0.0,,25.0,4359.74406264,25.0,0.0
SOLVENTE,2022,9,Setembro,2022-09,147596.58711285001,619964.680444953,56222829.0,90.68714843505033,25.0,767561.2675578031,78.05597573787082,40723711.98887618
ÓLEO COMBUSTÍVEL,2022,9,Setembro,2022-09,9247598.95384465,0.012968680412371135,37.0,2853.0273569471888,25.0,9247598.96681333,25.00000396597897,36.67578298969072
ÓLEO DIESEL,2022,9,Setembro,2022-09,22400115.087113403,12570176.381923702,1799455665.0,143.15277768000712,25.0,34970291.4690371,67.47037107960377,1485201255.4519074
ASFALTO,2022,10,Outubro,2022-10,1583383.1414783332,9104.7791812,982700.0,107.93232657735706,25.0,1592487.9206595332,25.474151490051668,755080.52047
COQUE,2022,10,Outubro,2022-10,2095846.4950656497,1029666.9171384326,27611906.0,26.81634763670643,25.0,3125513.412204082,25.59837627451431,1870233.071539186
GASOLINA A,2022,10,Outubro,2022-10,14193804.25089439,4555082.637432474,435870354.0,95.68879177254257,25.0,18748886.888326865,42.173994914048066,321993288.0641882
GASOLINA DE AVIAÇÃO,2022,10,Outubro,2022-10,31143.47216077,0.0,0.0,,25.0,31143.47216077,25.0,0.0
GLP,2022,10,Outubro,2022-10,3956022.2541246433,1660384.1691404164,72053024.0,43.395393270523634,25.0,5616406.4232650595,30.438249562027494,30543419.77148959
LUBRIFICANTE,2022,10,Outubro,2022-10,329365.49810216005,679954.5637114999,168356834.0,247.60012357448144,25.0,1009320.06181366,174.9603303586728,151357969.9072125
NAFTA,2022,10,Outubro,2022-10,3076007.98113288,1065597.020796657,95916714.0,90.01218296227138,25.0,4141605.001929537,41.72703902178216,69276788.48008357
OUTROS ENERGÉTICOS,2022,10,Outubro,2022-10,0.0,0.0,0.0,,25.0,0.0,,0.0
OUTROS NÃO ENERGÉTICOS,2022,10,Outubro,2022-10,1105025.4951402154,7506.880955127315,2138939.0,284.93045417738665,25.0,1112532.3760953427,26.753896801610562,1951266.9761218172
PARAFINA,2022,10,Outubro,2022-10,42196.02274907785,25537.280592499992,6178343.0,241.93425676712457,25.0,67733.30334157785,106.79006060356788,5539910.9851875
QUEROSENE DE AVIAÇÃO,2022,10,Outubro,2022-10,2166862.49022688,523261.564963283,67966140.0,129.88941774228945,25.0,2690124.055190163,45.40225645729121,54884600.87591793
QUEROSENE ILUMINANTE,2022,10,Outubro,2022-10,6152.52860694,0.0,0.0,,25.0,6152.52860694,25.0,0.0
SOLVENTE,2022,10,Outubro,2022-10,155502.96005038,607123.4264184616,64600037.0,106.40346622940923,25.0,762626.3864688416,89.80493229243608,49421951.33953846
ÓLEO COMBUSTÍVEL,2022,10,Outubro,2022-10,10108995.818748774,259006.78263761854,21665628.0,83.64888277969463,25.0,10368002.601386392,26.46512872518264,15190458.434059536
ÓLEO DIESEL,2022,10,Outubro,2022-10,23667641.09544776,9178285.286837855,1402017922.0,152.75379639926507,25.0,32845926.382285617,60.69881927463115,1172560789.8290536
ASFALTO,2022,11,Novembro,2022-11,1446174.6547160097,56926.6096136,4074143.0,71.56834084541495,25.0,1503101.2643296097,26.76367209752987,2650977.7596600004
COQUE,2022,11,Novembro,2022-11,2017598.6645632202,2055900.1846626056,79590143.0,38.713038499513324,25.0,4073498.8492258256,31.920988424678924,28192638.383434862
GASOLINA A,2022,11,Novembro,2022-11,13224406.349058501,3061982.8988768114,307544472.0,100.43964390291424,25.0,16286389.247935314,39.183309511490634,230994899.52807972
GASOLINA DE AVIAÇÃO,2022,11,Novembro,2022-11,33019.57781814,0.0,0.0,,25.0,33019.57781814,25.0,0.0
GLP,2022,11,Novembro,2022-11,3733066.8554140595,1129144.12741875,48803046.0,43.22127247968327,25.0,4862210.98283281,29.231499391362117,20574442.81453125
LUBRIFICANTE,2022,11,Novembro,2022-11,319130.54944529,421622.88096340705,105916140.0,251.210607351247,25.0,740753.4304086971,153.7548110621548,95375567.97591482
NAFTA,2022,11,Novembro,2022-11,3261367.7635206203,1571597.5980102427,144532530.0,91.96535435215016,25.0,4832965.361530863,46.77598682735187,105242590.04974394
OUTROS ENERGÉTICOS,2022,11,Novembro,2022-11,0.0,0.0,0.0,,25.0,0.0,,0.0
OUTROS NÃO ENERGÉTICOS,2022,11,Novembro,2022-11,1013271.9626410187,5162.856588842592,1535917.0,297.49364011374206,25.0,1018434.8192298613,26.38138009297717,1406845.5852789353
PARAFINA,2022,11,Novembro,2022-11,46581.504262275455,42729.525085500005,9693722.0,226.86238568304387,25.0,89311.02934777546,121.57803673133168,8625483.8728625
QUEROSENE DE AVIAÇÃO,2022,11,Novembro,2022-11,2179296.28727184,1021523.0181637107,139775609.0,136.83060147901568,25.0,3200819.305435551,60.69009139376032,114237533.54590723
QUEROSENE ILUMINANTE,2022,11,Novembro,2022-11,4392.50139312,0.0,0.0,,25.0,4392.50139312,25.0,0.0
SOLVENTE,2022,11,Novembro,2022-11,93388.18669797,631062.9950161804,51222868.0,81.16918343260905,25.0,724451.1817141505,73.92847719666177,35446293.124595486
ÓLEO COMBUSTÍVEL,2022,11,Novembro,2022-11,9436141.307338098,0.0,0.0,,25.0,9436141.307338098,25.0,0.0
ÓLEO DIESEL,2022,11,Novembro,2022-11,23806797.946314696,4273110.458572845,614038871.0,143.69833800296374,25.0,28079908.404887542,43.0631326221632,507211109.5356789
ASFALTO,2022,12,Dezembro,2022-12,1019308.3619845196,17474.7428716,1235246.0,70.68750648157034,25.0,1036783.1048561196,25.770052506132224,798377.42821
COQUE,2022,12,Dezembro,2022-12,2557172.730336859,2401796.595033058,75697918.0,31.517205976785934,25.0,4958969.325369917,28.156503316948005,15653003.124173552
GASOLINA A,2022,12,Dezembro,2022-12,14794328.684928661,6231781.768393014,521461900.0,83.67781789869531,25.0,21026110.453321673,42.391107908519864,365667355.79017466
GASOLINA DE AVIAÇÃO,2022,12,Dezembro,2022-12,46349.962119359996,0.0,0.0,,25.0,46349.962119359996,25.0,0.0
GLP,2022,12,Dezembro,2022-12,4766756.739218192,2392760.7007925,91985750.0,38.44335539677397,25.0,7159517.440010692,29.492863206174334,32166732.480187513
LUBRIFICANTE,2022,12,Dezembro,2022-12,353797.18319983996,407467.0199499417,96077219.0,235.79139978446185,25.0,761264.2031497817,137.82619509215536,85890543.50125146
NAFTA,2022,12,Dezembro,2022-12,2985840.2966613006,5626351.810829929,479809053.0,85.27889281229012,25.0,8612192.107491229,64.38024761828586,339150257.72925174
OUTROS ENERGÉTICOS,2022,12,Dezembro,2022-12,0.0,0.0,0.0,,25.0,0.0,,0.0
OUTROS NÃO ENERGÉTICOS,2022,12,Dezembro,2022-12,1037056.5569620566,3917.2048535532413,1193903.0,304.78441762294545,25.0,1040973.7618156098,26.05283429694677,1095972.878661169
PARAFINA,2022,12,Dezembro,2022-12,21942.88727802395,28013.348674499994,6117353.0,218.37278616992003,25.0,49956.235952523944,133.4352970124807,5417019.2831375
QUEROSENE DE AVIAÇÃO,2022,12,Dezembro,2022-12,2945872.04495585,1313162.8045796354,155581641.0,118.47856218392067,25.0,4259034.849535486,53.82168735926103,122752570.88550912
QUEROSENE ILUMINANTE,2022,12,Dezembro,2022-12,4847.147729349999,0.0,0.0,,25.0,4847.147729349999,25.0,0.0
SOLVENTE,2022,12,Dezembro,2022-12,164781.7632401,1324612.162651134,108839663.0,82.16719283489272,25.0,1489393.925891234,75.84239811734776,75724358.93372165
ÓLEO COMBUSTÍVEL,2022,12,Dezembro,2022-12,10209794.445800046,97559.4467477629,7435087.0,76.21083603746955,25.0,10307353.892547809,25.48471226304921,4996100.831305928
ÓLEO DIESEL,2022,12,Dezembro,2022-12,23562327.271744538,9407839.51795068,1181537428.0,125.59072949167138,25.0,32970166.78969522,53.702961865118944,946341440.0512329
ASFALTO,2023,1,Janeiro,2023-01,1034855.0407568254,84670.783568,6933951.0,81.89307701907909,25.0,1119525.8243248253,29.30287654481324,4817181.4108
COQUE,2023,1,Janeiro,2023-01,2309331.7506991075,1760074.2241018561,53583913.0,30.444121200254042,25.0,4069405.974800964,27.354657524166598,9582057.397453599
GASOLINA A,2023,1,Janeiro,2023-01,14345969.68680333,1112138.8919646216,105123127.0,94.52337991192569,25.0,15458108.578767952,30.001883270963994,77319654.70088446
GASOLINA DE AVIAÇÃO,2023,1,Janeiro,2023-01,27759.529221529996,0.0,0.0,,25.0,27759.529221529996,25.0,0.0
GLP,2023,1,Janeiro,2023-01,4042831.81186308,1581840.633943333,62491823.0,39.505764145289156,25.0,5624672.445806413,29.07949216109898,22945807.15141667
LUBRIFICANTE,2023,1,Janeiro,2023-01,353582.89566295,404748.11061652354,99358389.0,245.48203288374725,25.0,758331.0062794735,142.67906823751676,89239686.23458691
NAFTA,2023,1,Janeiro,2023-01,3040338.30508782,4857832.786694457,404542376.0,83.27630730889636,25.0,7898171.091782277,60.843305119990234,283096556.33263856
OUTROS ENERGÉTICOS,2023,1,Janeiro,2023-01,0.0,0.0,0.0,,25.0,0.0,,0.0
OUTROS NÃO ENERGÉTICOS,2023,1,Janeiro,2023-01,1265882.6094051152,4691.193637569444,1141114.0,243.2459813343418,25.0,1270573.8030426847,25.80580455586992,1023834.1590607639
PARAFINA,2023,1,Janeiro,2023-01,12653.711701988026,32212.01162350001,6726760.0,208.8276906957449,25.0,44865.723325488034,156.98181753259604,5921459.709412499
QUEROSENE DE AVIAÇÃO,2023,1,Janeiro,2023-01,2599415.1832425897,947991.8005217989,139843839.0,147.51587400125865,25.0,3547406.9837643886,57.74054669185629,116144043.98695505
QUEROSENE ILUMINANTE,2023,1,Janeiro,2023-01,4019.61000727,0.0,0.0,,25.0,4019.61000727,25.0,0.0
SOLVENTE,2023,1,Janeiro,2023-01,214715.98616758,202591.91106385956,28240944.0,139.39818155473193,25.0,417307.8972314396,80.53728165021997,23176146.22340351
ÓLEO COMBUSTÍVEL,2023,1,Janeiro,2023-01,9232323.085077086,162165.0291482165,12383531.0,76.36375774139091,25.0,9394488.114225304,25.886626835865812,8329405.271294588
ÓLEO DIESEL,2023,1,Janeiro,2023-01,23299351.28427528,4665708.148619083,585100572.0,125.4044516636072,25.0,27965059.43289436,41.75154202366871,468457868.28452295
ASFALTO,2023,2,Fevereiro,2023-02,1023826.3370707151,31784.3674416,2925387.0,92.03854710574471,25.0,1055610.704512315,27.01852615254068,2130777.81396
COQUE,2023,2,Fevereiro,2023-02,2163505.327379695,1750018.287550154,56783775.0,32.447532350928434,25.0,3913523.6149298493,28.330328137416842,13033317.81124615
GASOLINA A,2023,2,Fevereiro,2023-02,13422291.602471948,3796973.147092932,347900087.0,91.62563798123301,25.0,17219264.74956488,39.691437875073575,252975758.3226767
GASOLINA DE AVIAÇÃO,2023,2,Fevereiro,2023-02,18820.90411585,0.0,0.0,,25.0,18820.90411585,25.0,0.0
GLP,2023,2,Fevereiro,2023-02,3666407.3210500996,925604.2919716666,41403169.0,44.73096047535115,25.0,4592011.613021766,28.977137524852722,18263061.700708337
LUBRIFICANTE,2023,2,Fevereiro,2023-02,314068.52293691004,354523.5316288373,78943633.0,222.67529784919543,25.0,668592.0545657473,129.81809382972193,70080544.70927906
NAFTA,2023,2,Fevereiro,2023-02,2376997.43165678,2843853.9190561143,232610917.0,81.7942565338252,25.0,5220851.350712894,55.936442770304645,161514569.02359712
OUTROS ENERGÉTICOS,2023,2,Fevereiro,2023-02,0.0,0.0,0.0,,25.0,0.0,,0.0
OUTROS NÃO ENERGÉTICOS,2023,2,Fevereiro,2023-02,1115372.2613795185,12525.559665439814,3253592.0,259.756217438908,25.0,1127897.8210449584,27.607020736718663,2940453.0083640045
PARAFINA,2023,2,Fevereiro,2023-02,46782.085173269465,26394.95755000001,4830826.0,183.0207906509779,25.0,73177.04272326948,81.99809538659703,4170952.06125
QUEROSENE DE AVIAÇÃO,2023,2,Fevereiro,2023-02,2775672.6419295897,311048.1146779874,42998063.0,138.2360508582852,25.0,3086720.756607577,36.41076984617179,35221860.133050315
QUEROSENE ILUMINANTE,2023,2,Fevereiro,2023-02,1464.896749,0.0,0.0,,25.0,1464.896749,25.000000000000004,0.0
SOLVENTE,2023,2,Fevereiro,2023-02,155928.15749619002,1819624.504717072,155654661.0,85.54218774065272,25.0,1975552.662213262,80.76366071591005,110164048.3820732
ÓLEO COMBUSTÍVEL,2023,2,Fevereiro,2023-02,9251694.43893229,64904.328922432986,4549564.0,70.09646468168823,25.0,9316598.767854724,25.314165700366758,2926955.776939175
ÓLEO DIESEL,2023,2,Fevereiro,2023-02,20656467.469425283,6479300.627385343,768434415.0,118.59835793884038,25.0,27135768.096810628,47.34880166840182,606451899.3153664
ASFALTO,2023,3,Março,2023-03,1272711.5762075197,124318.75738120002,10630213.0,85.50771600302002,25.0,1397030.3335887198,30.38445292461668,7522244.06547
COQUE,2023,3,Março,2023-03,2282549.0645417627,1736464.454603779,61475777.0,35.4028421583944,25.0,4019013.519145542,29.494676504284573,18064165.63490553
GASOLINA A,2023,3,Março,2023-03,14360567.02124304,1733833.5975660135,157803811.0,91.01439216631158,25.0,16094400.618809054,32.111664098076815,114457971.06084967
GASOLINA DE AVIAÇÃO,2023,3,Março,2023-03,0.0,0.0,0.0,,25.0,0.0,,0.0
GLP,2023,3,Março,2023-03,4147650.3163104393,1211559.6559783332,55542862.0,45.84409997966563,25.0,5359209.972288772,29.71223757440435,25253870.60054167
LUBRIFICANTE,2023,3,Março,2023-03,222292.99949426999,404137.7576933496,84597349.0,209.32800113220432,25.0,626430.7571876196,143.91801959423094,74493905.05766626
NAFTA,2023,3,Março,2023-03,2849823.79068211,4704869.594415244,387781387.0,82.42128271956842,25.0,7554693.385097354,60.76050454576291,270159647.13961893
OUTROS ENERGÉTICOS,2023,3,Março,2023-03,0.0,0.0,0.0,,25.0,0.0,,0.0
OUTROS NÃO ENERGÉTICOS,2023,3,Março,2023-03,1226024.320383632,10154.068339513888,2901831.0,285.7801329451089,25.0,1236178.388723146,27.142068908231977,2647979.2915121526
PARAFINA,2023,3,Março,2023-03,65591.59249237126,45907.812101500014,8244485.0,179.58784404213887,25.0,111499.40459387127,88.6486779755646,7096789.6974625
QUEROSENE DE AVIAÇÃO,2023,3,Março,2023-03,2874685.7239430295,504961.99174928304,57500268.0,113.87048716440674,25.0,3379647.7156923125,38.27837158822784,44876218.20626792
QUEROSENE ILUMINANTE,2023,3,Março,2023-03,4248.766654999999,0.0,0.0,,25.0,4248.766654999999,25.0,0.0
SOLVENTE,2023,3,Março,2023-03,220648.01919516,439293.6060583537,54079640.0,123.1059119781869,25.0,659941.6252535137,90.30471514353337,43097299.848541155
ÓLEO COMBUSTÍVEL,2023,3,Março,2023-03,10718754.98606236,194138.86976978352,13539775.0,69.74273114938768,25.0,10912893.855832145,25.795966988271694,8686303.255755411
ÓLEO DIESEL,2023,3,Março,2023-03,23332529.63576725,10808451.892826678,1160416791.0,107.36197954215275,25.0,34140981.52859393,51.07439662898278,890205493.6793331
ASFALTO,2023,4,Abril,2023-04,1229851.2481580589,15178.765856799999,1340629.0,88.32266158183117,25.0,1245030.0140148588,25.77199733561486,961159.85358
COQUE,2023,4,Abril,2023-04,2101449.38674235,2595987.281788924,89130250.0,34.333854647615745,25.0,4697436.668531274,30.15825324854309,24230567.95527691
GASOLINA A,2023,4,Abril,2023-04,13598471.95437816,1679409.2485944189,153567821.0,91.44157156960316,25.0,15277881.202972578,32.30353825263605,111582589.78513955
GASOLINA DE AVIAÇÃO,2023,4,Abril,2023-04,0.0,0.0,0.0,,25.0,0.0,,0.0
GLP,2023,4,Abril,2023-04,4084626.097598153,2766254.7689441666,112666031.0,40.72872544671753,25.0,6850880.86654232,31.350958748806185,43509661.77639584
LUBRIFICANTE,2023,4,Abril,2023-04,317233.49243081,399310.0432827794,93814869.0,234.94242275685292,25.0,716543.5357135894,141.99514926813765,83832117.91793051
NAFTA,2023,4,Abril,2023-04,2932861.20816187,2546222.3292605,212628638.0,83.5074909038889,25.0,5479083.53742237,52.18941566614108,148973079.7684875
OUTROS ENERGÉTICOS,2023,4,Abril,2023-04,0.0,0.0,0.0,,25.0,0.0,,0.0
OUTROS NÃO ENERGÉTICOS,2023,4,Abril,2023-04,1022678.2628107338,4745.050135694443,1296180.0,273.164658524794,25.0,1027423.3129464282,26.14612325004644,1177553.746607639
PARAFINA,2023,4,Abril,2023-04,61984.29229853892,83868.571996,13799655.0,164.53904807939446,25.0,145852.86429453891,105.23799022874717,11702940.7001
QUEROSENE DE AVIAÇÃO,2023,4,Abril,2023-04,3100879.95293056,0.0,0.0,,25.0,3100879.95293056,25.000000000000004,0.0
QUEROSENE ILUMINANTE,2023,4,Abril,2023-04,5245.86507506,0.0,0.0,,25.0,5245.86507506,25.0,0.0
SOLVENTE,2023,4,Abril,2023-04,158745.47661177,694524.3088800404,72305557.0,104.10802915825478,25.0,853269.7854918104,89.3904779147091,54942449.277998984
ÓLEO COMBUSTÍVEL,2023,4,Abril,2023-04,10098698.860281667,0.0,0.0,,25.0,10098698.860281667,25.0,0.0
ÓLEO DIESEL,2023,4,Abril,2023-04,23654232.855878364,5864586.458966369,567880350.0,96.83212174863029,25.0,29518819.314844735,39.27108869201927,421265688.52584076
ASFALTO,2023,5,Maio,2023-05,1466266.529638895,93566.28082720001,6934110.0,74.10906940723706,25.0,1559832.810466095,27.945798388448424,4594952.979319999
COQUE,2023,5,Maio,2023-05,2337501.4998718756,2044577.2263653465,53855233.0,26.340522776798544,25.0,4382078.726237223,25.625457120260315,2740802.340866339
GASOLINA A,2023,5,Maio,2023-05,14643810.00304525,3589175.4361609328,299531489.0,83.45412319002885,25.0,18232985.439206183,36.50673343076563,209802103.0959767
GASOLINA DE AVIAÇÃO,2023,5,Maio,2023-05,0.0,0.0,0.0,,25.0,0.0,,0.0
GLP,2023,5,Maio,2023-05,4475073.585805833,2085568.0553962502,75305613.0,36.10796243505572,25.0,6560641.641202084,28.53111980230779,23166411.61509375
LUBRIFICANTE,2023,5,Maio,2023-05,331049.31168821,361430.3500486396,79288789.0,219.37501648472434,25.0,692479.6617368496,126.45139869173657,70253030.248784
NAFTA,2023,5,Maio,2023-05,2900485.7446265896,1915171.990755943,158405477.0,82.7108362928153,25.0,4815657.735382533,47.95141874785288,110526177.23110141
OUTROS ENERGÉTICOS,2023,5,Maio,2023-05,0.0,0.0,0.0,,25.0,0.0,,0.0
OUTROS NÃO ENERGÉTICOS,2023,5,Maio,2023-05,1125091.4362746293,9071.769667407407,2116168.0,233.26959100415223,25.0,1134163.2059420368,26.665874671666412,1889373.7583148147
PARAFINA,2023,5,Maio,2023-05,22549.857709377247,72696.98732849998,12507407.0,172.04849141109622,25.0,95246.84503787722,137.23450301725342,10689982.3167875
QUEROSENE DE AVIAÇÃO,2023,5,Maio,2023-05,2689684.73747693,517325.36887265404,47301275.0,91.43428458395162,25.0,3207010.106349584,35.71656765600392,34368140.77818365
QUEROSENE ILUMINANTE,2023,5,Maio,2023-05,3244.90039938,0.0,0.0,,25.0,3244.90039938,25.0,0.0
SOLVENTE,2023,5,Maio,2023-05,232536.81049343,891694.2933763566,80261997.0,90.0106657586558,25.0,1124231.1038697865,76.56381055999087,57969639.66559109
ÓLEO COMBUSTÍVEL,2023,5,Maio,2023-05,11062438.338807777,25.807674020618556,22244.0,861.9141725917871,25.0,11062464.146481797,25.001952440962835,21598.80814948454
ÓLEO DIESEL,2023,5,Maio,2023-05,25523164.13581901,8573720.28095619,752551636.0,87.77422301396462,25.0,34096884.4167752,40.78468643637435,538208628.9760952
ASFALTO,2023,6,Junho,2023-06,1521090.7070159707,35896.51021880001,3540174.0,98.62167599082964,25.0,1556987.2172347708,26.697355774842887,2642761.24453
COQUE,2023,6,Junho,2023-06,2307730.265573288,1388134.1115354134,48154903.0,34.69038229075426,25.0,3695864.3771087015,28.63962224775626,13451550.211614667
GASOLINA A,2023,6,Junho,2023-06,15270506.632110588,2645365.850373689,225857691.0,85.37862200349149,25.0,17915872.482484277,33.91519767718898,159723544.74065778
GASOLINA DE AVIAÇÃO,2023,6,Junho,2023-06,44518.21849192,0.0,0.0,,25.0,44518.21849192,25.0,0.0
GLP,2023,6,Junho,2023-06,4431642.7692653965,1487706.0612899996,45207364.0,30.38729570060392,25.0,5919348.830555396,26.353985496914532,8014712.467750009
LUBRIFICANTE,2023,6,Junho,2023-06,340620.71054932,505287.4103456744,105815570.0,209.41659703654608,25.0,845908.1208949944,135.1578084423253,93183384.74135813
NAFTA,2023,6,Junho,2023-06,3250736.84616501,2340079.1887907716,173684538.0,74.22164977662612,25.0,5590816.034955781,45.60210129613784,115182558.28023073
OUTROS ENERGÉTICOS,2023,6,Junho,2023-06,0.0,0.0,0.0,,25.0,0.0,,0.0
OUTROS NÃO ENERGÉTICOS,2023,6,Junho,2023-06,1139768.2750534758,3997.9313617592584,1111401.0,277.9940172637023,25.0,1143766.206415235,25.88431771308062,1011452.7159560187
PARAFINA,2023,6,Junho,2023-06,17498.417139544912,74138.47371149999,13717296.0,185.02263822396768,25.0,91636.8908510449,154.4656993164148,11863834.157212501
QUEROSENE DE AVIAÇÃO,2023,6,Junho,2023-06,2491527.3994625006,988304.007718,96935504.0,98.08267824778397,25.0,3479831.4071805007,45.756150329010325,72227903.80705
QUEROSENE ILUMINANTE,2023,6,Junho,2023-06,3128.52633476,0.0,0.0,,25.0,3128.52633476,25.0,0.0
SOLVENTE,2023,6,Junho,2023-06,282645.89642872,584793.3870954787,47845654.0,81.81633899390911,25.0,867439.2835241987,63.30333713689385,33225819.322613034
ÓLEO COMBUSTÍVEL,2023,6,Junho,2023-06,10904395.989797682,0.0,0.0,,25.0,10904395.989797682,25.000000000000004,0.0
ÓLEO DIESEL,2023,6,Junho,2023-06,25526533.297704753,6793248.638760714,580802433.0,85.49700796848137,25.0,32319781.936465465,37.71577938981375,410971217.03098214
ASFALTO,2023,7,Julho,2023-07,1816513.9933238723,47716.12480600001,3779357.0,79.20502797253077,25.0,1864230.1181298723,26.38741127219028,2586453.8798499997
COQUE,2023,7,Julho,2023-07,2554370.836749322,2654564.4032768076,48905570.0,18.42319965551814,25.0,5208935.240026129,21.64834764161272,-17458540.08192019
GASOLINA A,2023,7,Julho,2023-07,15833835.368977223,1334660.0196376888,121088973.0,90.72645559044409,25.0,17168495.38861491,30.10950263977296,87722472.50905779
GASOLINA DE AVIAÇÃO,2023,7,Julho,2023-07,43555.9907785,0.0,0.0,,25.0,43555.9907785,24.999999999999996,0.0
GLP,2023,7,Julho,2023-07,4688465.303343333,1955508.5606475002,59371996.0,30.361409402544872,25.0,6643973.863990834,26.578013730703464,10484281.983812498
LUBRIFICANTE,2023,7,Julho,2023-07,312973.44814648,510028.26686838333,101194564.0,198.4097168208797,25.0,823001.7150148633,132.46497329801207,88443857.32829042
NAFTA,2023,7,Julho,2023-07,3693659.7564914497,3037719.1167843286,222423341.0,73.22050935224489,25.0,6731378.873275778,46.7608258037492,146480363.0803918
OUTROS ENERGÉTICOS,2023,7,Julho,2023-07,0.0,0.0,0.0,,25.0,0.0,,0.0
OUTROS NÃO ENERGÉTICOS,2023,7,Julho,2023-07,1269406.5507511192,11679.878695219906,2680222.0,229.47344488234322,25.0,1281086.4294463391,26.864218508388735,2388225.0326195024
PARAFINA,2023,7,Julho,2023-07,67331.42173273054,51727.290053000026,9807449.0,189.59912630163385,25.0,119058.71178573056,96.5131771625254,8514266.748675
QUEROSENE DE AVIAÇÃO,2023,7,Julho,2023-07,2757418.55662151,475003.6504544151,48391045.0,101.87510128334048,25.0,3232422.207075925,36.29677727702293,36515953.73863962
QUEROSENE ILUMINANTE,2023,7,Julho,2023-07,4769.22327326,0.0,0.0,,25.0,4769.22327326,25.0,0.0
SOLVENTE,2023,7,Julho,2023-07,267598.24933187,1162335.0816276798,100559422.0,86.51500207597734,25.0,1429933.3309595496,75.00306196885948,71501044.95930801
ÓLEO COMBUSTÍVEL,2023,7,Julho,2023-07,8825672.140241273,10072.6054834433,4186486.0,415.6308918165688,25.0,8835744.745724715,25.445312871313735,3934670.8629139173
ÓLEO DIESEL,2023,7,Julho,2023-07,26201490.613661062,6673126.768388608,681163753.0,102.07565008756517,25.0,32874617.38204967,40.645370950267676,514335583.7902848
ASFALTO,2023,8,Agosto,2023-08,1689440.689458769,106247.2496096,7804192.0,73.45312023300461,25.0,1795687.939068369,27.866873830221785,5148010.759760001
COQUE,2023,8,Agosto,2023-08,2646742.851373853,2317957.165331692,48154268.0,20.77444256529619,25.0,4964700.016705545,23.02713938398401,-9794661.133292297
GASOLINA A,2023,8,Agosto,2023-08,16223835.226721521,2662103.6467652027,245801550.0,92.33357622971607,25.0,18885938.873486724,34.4911330610368,179248958.83086994
GASOLINA DE AVIAÇÃO,2023,8,Agosto,2023-08,21934.49844167,0.0,0.0,,25.0,21934.49844167,24.999999999999996,0.0
GLP,2023,8,Agosto,2023-08,4604252.279262917,1453479.365105417,52392887.0,36.04652962940418,25.0,6057731.644368334,27.650481040587398,16055902.872364571
LUBRIFICANTE,2023,8,Agosto,2023-08,263978.41964820004,626728.3703720928,112251683.0,179.10739054840525,25.0,890706.7900202929,133.43464406339288,96583473.74069768
NAFTA,2023,8,Agosto,2023-08,2532871.47791754,2176547.9116622144,158405763.0,72.77844064504265,25.0,4709419.389579754,47.081716790511706,103992065.20844464
OUTROS ENERGÉTICOS,2023,8,Agosto,2023-08,0.0,0.0,0.0,,25.0,0.0,,0.0
OUTROS NÃO ENERGÉTICOS,2023,8,Agosto,2023-08,1301320.142666602,11809.351230925928,2808918.0,237.85540332174227,25.0,1313129.493897528,26.91426986516458,2513684.219226852
PARAFINA,2023,8,Agosto,2023-08,21410.174268203595,92574.52046149997,17070636.0,184.39885958792908,25.0,113984.69472970357,154.458371788025,14756272.9884625
QUEROSENE DE AVIAÇÃO,2023,8,Agosto,2023-08,3017352.5655416097,968554.2654044528,121404119.0,125.34570682965665,25.0,3985906.8309460627,49.38347570252172,97190262.36488868
QUEROSENE ILUMINANTE,2023,8,Agosto,2023-08,2864.54300906,0.0,0.0,,25.0,2864.54300906,25.0,0.0
SOLVENTE,2023,8,Agosto,2023-08,270271.55695769,1276388.8599546696,109989450.0,86.17236756822386,25.0,1546660.4169123597,75.48278707294129,78079728.50113326
ÓLEO COMBUSTÍVEL,2023,8,Agosto,2023-08,8691870.82967183,0.0,0.0,,25.0,8691870.82967183,25.0,0.0
ÓLEO DIESEL,2023,8,Agosto,2023-08,27023227.15592072,8257929.115639012,879229255.0,106.47091331105035,25.0,35281156.27155973,44.06913202987499,672781027.1090246
ASFALTO,2023,9,Setembro,2023-09,1518129.3719707648,54131.497822799996,4603227.0,85.03786492420198,25.0,1572260.8697935648,27.067048552099823,3249939.55443
COQUE,2023,9,Setembro,2023-09,2535504.7399932654,2065184.3494315192,48343588.0,23.408848712855818,25.0,4600689.089424784,24.285754661548143,-3286020.735787982
GASOLINA A,2023,9,Setembro,2023-09,15690862.78600435,2269399.019425473,195277610.0,86.04816003200573,25.0,17960261.805429824,32.71384270537072,138542634.51436317
GASOLINA DE AVIAÇÃO,2023,9,Setembro,2023-09,44482.026925180005,0.0,0.0,,25.0,44482.026925180005,25.0,0.0
GLP,2023,9,Setembro,2023-09,4370595.89918,1252897.4723349998,50161172.0,40.03613472578537,25.0,5623493.371514999,28.350005761018576,18838735.191625003
LUBRIFICANTE,2023,9,Setembro,2023-09,158443.89280189003,346073.0402466509,70110089.0,202.58754900419748,25.0,504516.93304854096,146.8160560488475,61458262.99383373
NAFTA,2023,9,Setembro,2023-09,3247381.8552212,2782995.882987843,228773032.0,82.20387008060816,25.0,6030377.738209043,51.39936366118651,159198134.92530394
OUTROS ENERGÉTICOS,2023,9,Setembro,2023-09,0.0,0.0,0.0,,25.0,0.0,,0.0
OUTROS NÃO ENERGÉTICOS,2023,9,Setembro,2023-09,1367954.192571689,8747.429499664351,2479345.0,283.4369799831065,25.0,1376701.6220713533,26.642083677585166,2260659.262508391
PARAFINA,2023,9,Setembro,2023-09,33787.0288722994,67705.27138450001,12215372.0,180.41980705798494,25.0,101492.30025679941,128.6801825238219,10522740.2153875
QUEROSENE DE AVIAÇÃO,2023,9,Setembro,2023-09,2820651.0606599706,0.0,0.0,,25.0,2820651.0606599706,25.0,0.0
QUEROSENE ILUMINANTE,2023,9,Setembro,2023-09,4629.558042209999,0.0,0.0,,25.0,4629.558042209999,25.0,0.0
SOLVENTE,2023,9,Setembro,2023-09,331884.39089248003,1023399.2308660462,93975146.0,91.82647706357375,25.0,1355283.6217585262,75.46188423616475,68390165.22834885
ÓLEO COMBUSTÍVEL,2023,9,Setembro,2023-09,9351302.450535478,116.51062482474228,46525.0,399.3198051249307,25.0,9351418.961160302,25.004663702328017,43612.23437938144
ÓLEO DIESEL,2023,9,Setembro,2023-09,24960840.65525601,7141006.617758929,848716145.0,118.8510514595145,25.0,32101847.27301494,45.87702224287243,670190979.5560268
ASFALTO,2023,10,Outubro,2023-10,1323579.8385099215,68077.1418268,5261051.0,77.28072681701329,25.0,1391656.9803367215,27.557471061201333,3559122.4543299996
COQUE,2023,10,Outubro,2023-10,2536932.8253627233,1352736.4821105576,22790604.0,16.847778042063148,25.0,3889669.307473281,22.164846885164238,-11027808.05276394
GASOLINA A,2023,10,Outubro,2023-10,15260392.944700709,1628346.8625660269,141526505.0,86.91422463698905,25.0,16888739.807266735,30.969529673994405,100817833.43584932
GASOLINA DE AVIAÇÃO,2023,10,Outubro,2023-10,22552.780474860003,0.0,0.0,,25.0,22552.780474860003,25.0,0.0
GLP,2023,10,Outubro,2023-10,4313791.22353625,1094396.6076191664,41890882.0,38.27760585911593,25.0,5408187.831155417,27.686845809202676,14530966.80952084
LUBRIFICANTE,2023,10,Outubro,2023-10,141622.39977865,800071.1457325579,130225183.0,162.7670035278722,25.0,941693.5455112079,142.0480618478171,110223404.35668604
NAFTA,2023,10,Outubro,2023-10,3287662.48405049,1886946.4324391717,160317208.0,84.96118662614343,25.0,5174608.916489662,46.86513976514669,113143547.18902072
OUTROS ENERGÉTICOS,2023,10,Outubro,2023-10,0.0,0.0,0.0,,25.0,0.0,,0.0
OUTROS NÃO ENERGÉTICOS,2023,10,Outubro,2023-10,1222820.6501802013,13852.469339641204,2516852.0,181.68977229190457,25.0,1236673.1195198426,26.755144696079196,2170540.26650897
PARAFINA,2023,10,Outubro,2023-10,24745.242445988024,51123.974546000005,9627604.0,188.3187699214844,25.0,75869.21699198803,135.05128255418438,8349504.63635
QUEROSENE DE AVIAÇÃO,2023,10,Outubro,2023-10,2821731.25375994,508066.3254968553,60016619.0,118.12752782091533,25.0,3329797.5792567953,39.209560712438034,47314960.862578616
QUEROSENE ILUMINANTE,2023,10,Outubro,2023-10,2872.0844912499997,0.0,0.0,,25.0,2872.0844912499997,25.0,0.0
SOLVENTE,2023,10,Outubro,2023-10,250938.14025360998,593689.0628319968,60572984.0,102.02812851403505,25.0,844627.2030856068,79.14312641380207,45730757.429200076
ÓLEO COMBUSTÍVEL,2023,10,Outubro,2023-10,9472813.916347688,4.149977731958763,3316.0,799.0404320639257,25.0,9472818.06632542,25.000339101894937,3212.250556701031
ÓLEO DIESEL,2023,10,Outubro,2023-10,27109447.745604515,7651925.218377547,947359884.0,123.80673581659369,25.0,34761372.96398206,46.750054415973544,756061753.5405613
ASFALTO,2023,11,Novembro,2023-11,1534167.7123644915,60230.8032848,4695906.0,77.9651896355344,25.0,1594398.5156492915,27.00083974399642,3190135.91788
COQUE,2023,11,Novembro,2023-11,2331859.227588158,1690091.282117856,43869055.0,25.95661871294172,25.0,4021950.509706014,25.40198728033871,1616772.9470536027
GASOLINA A,2023,11,Novembro,2023-11,15011304.090354629,1196540.9088831216,97992292.0,81.89631568173313,25.0,16207844.99923775,29.200359102713758,68078769.27792196
GASOLINA DE AVIAÇÃO,2023,11,Novembro,2023-11,22496.28540144,0.0,0.0,,25.0,22496.28540144,25.000000000000004,0.0
GLP,2023,11,Novembro,2023-11,4188254.7402741658,1452123.8540775003,52636822.0,36.24816289065021,25.0,5640378.594351666,27.895856257666686,16333725.648062496
LUBRIFICANTE,2023,11,Novembro,2023-11,202697.47382786998,532684.1698021159,100883902.0,189.38783564279157,25.0,735381.6436299859,144.07667061513865,87566797.7549471
NAFTA,2023,11,Novembro,2023-11,3283005.67226155,1842355.4084979573,144105349.0,78.2179965577254,25.0,5125361.080759508,44.12966954769593,98046463.78755106
OUTROS ENERGÉTICOS,2023,11,Novembro,2023-11,0.0,0.0,0.0,,25.0,0.0,,0.0
OUTROS NÃO ENERGÉTICOS,2023,11,Novembro,2023-11,1220333.99260394,8281.932600555558,1666183.0,201.18287365538706,25.0,1228615.9252044954,26.18762475323055,1459134.684986111
PARAFINA,2023,11,Novembro,2023-11,81825.77288732937,50596.167441000005,9118765.0,180.22639779254737,25.0,132421.94032832937,84.30936213819247,7853860.813975001
QUEROSENE DE AVIAÇÃO,2023,11,Novembro,2023-11,3073201.9270670097,492545.17893189937,56781586.0,115.28198514323653,25.0,3565747.105998909,37.47086661078429,44467956.526702516
QUEROSENE ILUMINANTE,2023,11,Novembro,2023-11,6334.146870690001,0.0,0.0,,25.0,6334.146870690001,25.0,0.0
SOLVENTE,2023,11,Novembro,2023-11,267985.2802106,702620.4317785696,62501733.0,88.95518856715711,25.0,970605.7119891696,71.2970922697776,44936222.20553576
ÓLEO COMBUSTÍVEL,2023,11,Novembro,2023-11,9403200.734526498,19453.0206185567,1681988.0,86.46410410913313,25.0,9422653.755145054,25.126892329444157,1195662.4845360825
ÓLEO DIESEL,2023,11,Novembro,2023-11,24451632.368391033,6452938.513637927,720748026.0,111.69299451354433,25.0,30904570.88202896,43.10167710448159,559424563.1590518
ASFALTO,2023,12,Dezembro,2023-12,1300712.1982862155,206159.94872680004,15369619.0,74.55191512667469,25.0,1506872.1470130156,31.77935437460957,10215620.28183
COQUE,2023,12,Dezembro,2023-12,2562854.5466915825,1222575.2023537117,26214886.0,21.44235049879213,25.0,3785429.7490452942,23.850990680796606,-4349494.058842792
GASOLINA A,2023,12,Dezembro,2023-12,15777015.257045852,1206818.9769074596,96095301.0,79.62693895173038,25.0,16983834.233953312,28.881622116018985,65924826.57731351
GASOLINA DE AVIAÇÃO,2023,12,Dezembro,2023-12,0.0,0.0,0.0,,25.0,0.0,,0.0
GLP,2023,12,Dezembro,2023-12,4169227.8371324996,923777.8997874998,32788544.0,35.49396885067555,25.0,5093005.736919999,26.903413623715064,9694096.505312502
LUBRIFICANTE,2023,12,Dezembro,2023-12,270836.72783524,601450.0993747086,105140283.0,174.81131536815442,25.0,872286.8272099486,128.29633293194897,90104030.51563229
NAFTA,2023,12,Dezembro,2023-12,2279804.2369789304,2120272.8198542427,166604145.0,78.57674891642158,25.0,4400077.056833173,50.81712161772964,113597324.50364393
OUTROS ENERGÉTICOS,2023,12,Dezembro,2023-12,0.0,0.0,0.0,,25.0,0.0,,0.0
OUTROS NÃO ENERGÉTICOS,2023,12,Dezembro,2023-12,1234886.491541734,12056.619386550925,2430156.0,201.56197372464308,25.0,1246943.110928285,26.707167309141706,2128740.5153362267
PARAFINA,2023,12,Dezembro,2023-12,62509.93209687426,32760.78987550002,6485386.0,197.96183256405735,25.0,95270.72197237427,84.47647016630755,5666366.2531125
QUEROSENE DE AVIAÇÃO,2023,12,Dezembro,2023-12,3181692.2683552904,526477.2876856856,54088030.0,102.73573288937646,25.0,3708169.556040976,36.036738528092705,40926097.80785786
QUEROSENE ILUMINANTE,2023,12,Dezembro,2023-12,836.80890202,0.0,0.0,,25.0,836.80890202,25.0,0.0
SOLVENTE,2023,12,Dezembro,2023-12,260749.4198885,2199496.3403792717,180906888.0,82.24923346260499,25.0,2460245.760267772,76.18166710175052,125919479.49051821
ÓLEO COMBUSTÍVEL,2023,12,Dezembro,2023-12,9136065.885908885,19527.279282597938,1680518.0,86.06001766449982,25.0,9155593.165191483,25.130230340778812,1192336.0179350516
ÓLEO DIESEL,2023,12,Dezembro,2023-12,26120263.69283056,11814567.549235798,1198239390.0,101.4205035441611,25.0,37934831.24206635,48.80069112493894,902875201.269105
ASFALTO,2024,1,Janeiro,2024-01,992073.6340366746,132714.2055408,9935828.0,74.86634877941121,25.0,1124787.8395774746,30.883752142951714,6617972.86148
COQUE,2024,1,Janeiro,2024-01,2606863.9776908252,2289462.808010241,42882036.0,18.730173667799622,25.0,4896326.785701066,22.068305521972896,-14354534.200256027
GASOLINA A,2024,1,Janeiro,2024-01,16450954.56725366,2582325.3456753916,219173849.0,84.87460705408381,25.0,19033279.91292905,33.12344041938284,154615715.35811523
GASOLINA DE AVIAÇÃO,2024,1,Janeiro,2024-01,0.0,0.0,0.0,,25.0,0.0,,0.0
GLP,2024,1,Janeiro,2024-01,4104524.6523633827,1895648.7579258333,77510644.0,40.888716159005114,25.0,6000173.410289216,30.019759095662934,30119425.05185416
LUBRIFICANTE,2024,1,Janeiro,2024-01,404829.51260616997,772235.8914405926,131171733.0,169.8596691165201,25.0,1177065.4040467625,120.0379098131585,111865835.71398519
NAFTA,2024,1,Janeiro,2024-01,2304997.82563134,3150997.992859657,249708929.0,79.24756841034328,25.0,5455995.818490997,56.32956564944454,170933979.1785086
OUTROS ENERGÉTICOS,2024,1,Janeiro,2024-01,0.0,0.0,0.0,,25.0,0.0,,0.0
OUTROS NÃO ENERGÉTICOS,2024,1,Janeiro,2024-01,1162050.8215670001,11793.583026689816,2057113.0,174.42646525187382,25.0,1173844.4045936898,26.501283660284383,1762273.4243327547
PARAFINA,2024,1,Janeiro,2024-01,75078.946046,44651.89812500001,8245361.0,184.65868969148104,25.0,119730.844171,84.54241445665619,7129063.546875
QUEROSENE DE AVIAÇÃO,2024,1,Janeiro,2024-01,3392432.62286712,490306.7265375723,55916551.0,114.044021779732,25.0,3882739.349404692,36.2443506781506,43658882.83656069
QUEROSENE ILUMINANTE,2024,1,Janeiro,2024-01,3377.67199867,0.0,0.0,,25.0,3377.67199867,25.0,0.0
SOLVENTE,2024,1,Janeiro,2024-01,253670.71046924999,626920.1068295136,66789103.0,106.53527024004482,25.0,880590.8172987635,83.04750552142049,51116100.32926216
ÓLEO COMBUSTÍVEL,2024,1,Janeiro,2024-01,10428194.768191883,0.0,0.0,,25.0,10428194.768191883,25.0,0.0
ÓLEO DIESEL,2024,1,Janeiro,2024-01,25113149.178052638,6584149.670969882,637827241.0,96.87313819918745,25.0,31697298.84902252,39.92945823174917,473223499.2257529
ASFALTO,2024,2,Fevereiro,2024-02,1215654.111019353,101043.78491080001,7540291.0,74.62399599002016,25.0,1316697.8959301529,28.80816008951532,5014196.37723
COQUE,2024,2,Fevereiro,2024-02,2364517.9750687117,2607475.9402923174,47050411.0,18.044427667748796,25.0,4971993.915361029,21.352270775860152,-18136487.507307936
GASOLINA A,2024,2,Fevereiro,2024-02,13968748.25737351,1017734.309199527,91596528.0,90.00043250191979,25.0,14986482.566573037,29.41418925195728,66153170.27001182
GASOLINA DE AVIAÇÃO,2024,2,Fevereiro,2024-02,40944.88937358,0.0,0.0,,25.0,40944.88937358,25.0,0.0
GLP,2024,2,Fevereiro,2024-02,3867682.6076708464,1098259.0067425,50488416.0,45.97131977979546,25.0,4965941.614413346,29.637980592560467,23031940.831437502
LUBRIFICANTE,2024,2,Fevereiro,2024-02,353216.08023356,427073.6741918025,75023140.0,175.66791055893194,25.0,780289.7544253625,107.46462007256805,64346298.14520494
NAFTA,2024,2,Fevereiro,2024-02,2886296.92705657,2273031.629250229,180306874.0,79.32440168440381,25.0,5159328.556306799,48.93355684196544,123481083.26874427
OUTROS ENERGÉTICOS,2024,2,Fevereiro,2024-02,0.0,0.0,0.0,,25.0,0.0,,0.0
OUTROS NÃO ENERGÉTICOS,2024,2,Fevereiro,2024-02,1161794.8807256415,15731.673834976851,2485812.0,158.01319211648007,25.0,1177526.5545606182,26.777047104391105,2092520.1541255787
PARAFINA,2024,2,Fevereiro,2024-02,77306.14140252693,35483.86339850003,6738524.0,189.9038986911682,25.0,112790.00480102695,76.8789535062084,5851427.4150375
QUEROSENE DE AVIAÇÃO,2024,2,Fevereiro,2024-02,3135362.84246558,515392.33224616357,57375299.0,111.32354016589483,25.0,3650755.1747117434,37.18665414816779,44490490.69384591
QUEROSENE ILUMINANTE,2024,2,Fevereiro,2024-02,3075.71709,0.0,0.0,,25.0,3075.71709,25.0,0.0
SOLVENTE,2024,2,Fevereiro,2024-02,263713.96458675,726919.8776699051,69909796.0,96.17262940186937,25.0,990633.8422566551,77.22595559666769,51736799.05825237
ÓLEO COMBUSTÍVEL,2024,2,Fevereiro,2024-02,9024119.88786148,0.0,0.0,,25.0,9024119.88786148,25.0,0.0
ÓLEO DIESEL,2024,2,Fevereiro,2024-02,23750373.21812974,5391791.512450238,560692836.0,103.99008097870602,25.0,29142164.730579976,39.614495941745645,425898048.18874407
ASFALTO,2024,3,Março,2024-03,1458138.6841048517,117155.74379760001,8766484.0,74.82760738683976,25.0,1575294.4279024517,28.705713866348727,5837590.405060001
COQUE,2024,3,Março,2024-03,2354949.2124908473,2156269.773306558,38679832.0,17.938308313196796,25.0,4511218.985797405,21.624656798838057,-15226912.33266395
GASOLINA A,2024,3,Março,2024-03,14425939.05447148,1738833.979516527,168289758.0,96.7831086707841,25.0,16164773.033988006,32.721661680596625,124818908.51208682
GASOLINA DE AVIAÇÃO,2024,3,Março,2024-03,0.0,0.0,0.0,,25.0,0.0,,0.0
GLP,2024,3,Março,2024-03,4219466.452497916,1711921.8011895833,73754809.0,43.083047922369545,25.0,5931388.253687499,30.219143081893996,30956763.970260423
LUBRIFICANTE,2024,3,Março,2024-03,363334.29630663997,656406.136738768,111761672.0,170.262990768592,25.0,1019740.433045408,118.50567604421437,95351518.5815308
NAFTA,2024,3,Março,2024-03,3137935.5257110205,3230123.0478824573,277326868.0,85.85644072655519,25.0,6368058.573593478,55.86871603506821,196573791.80293855
OUTROS ENERGÉTICOS,2024,3,Março,2024-03,0.0,0.0,0.0,,25.0,0.0,,0.0
OUTROS NÃO ENERGÉTICOS,2024,3,Março,2024-03,1087699.4156406054,13682.469752696757,3184437.0,232.73846444077546,25.0,1101381.8853933022,27.580735432349673,2842375.256182581
PARAFINA,2024,3,Março,2024-03,48083.75946959282,50781.83189350002,9197216.0,181.11233204994377,25.0,98865.59136309284,105.18634282525466,7927670.202662501
QUEROSENE DE AVIAÇÃO,2024,3,Março,2024-03,3203144.6905993205,827109.0814181385,87926544.0,106.30586215937028,25.0,4030253.772017459,41.68600062642785,67248816.96454653
QUEROSENE ILUMINANTE,2024,3,Março,2024-03,3075.7170899999996,0.0,0.0,,25.0,3075.7170899999996,25.0,0.0
SOLVENTE,2024,3,Março,2024-03,240172.54548628,1353305.4185556015,135447844.0,100.08667824929353,25.0,1593477.9640418815,88.76944697644981,101615208.53610995
ÓLEO COMBUSTÍVEL,2024,3,Março,2024-03,9632912.88517733,0.0,0.0,,25.0,9632912.88517733,25.0,0.0
ÓLEO DIESEL,2024,3,Março,2024-03,24682060.652167972,7793799.505578238,804040599.0,103.16413687887736,25.0,32475860.15774621,43.75841343082139,609195611.3605441
ASFALTO,2024,4,Abril,2024-04,1280741.4780535393,14399.068736400002,1198060.0,83.20399200341161,25.0,1295140.5467899393,25.647098327411047,838083.2815899999
COQUE,2024,4,Abril,2024-04,2319502.3592548477,2748081.745900981,48806533.0,17.760218768164183,25.0,5067584.105155829,21.073965377844925,-19895510.64752453
GASOLINA A,2024,4,Abril,2024-04,14478552.000551194,764721.1941159053,67882272.0,88.7673475278513,25.0,15243273.194667099,28.19906633728527,48764242.14710237
GASOLINA DE AVIAÇÃO,2024,4,Abril,2024-04,44164.54247562,0.0,0.0,,25.0,44164.54247562,25.000000000000004,0.0
GLP,2024,4,Abril,2024-04,3769110.5301249996,2019013.786836667,84015983.0,41.6123869721731,25.0,5788124.316961667,30.794733577299812,33540638.32908332
LUBRIFICANTE,2024,4,Abril,2024-04,342861.41762296006,504603.18872366275,86745383.0,171.90811500698743,25.0,847464.6063466228,112.4730374894126,74130303.28190842
NAFTA,2024,4,Abril,2024-04,2860269.55490075,2834652.7626723,247625950.0,87.35671376079117,25.0,5694922.31757305,56.03811098313989,176759630.9331925
OUTROS ENERGÉTICOS,2024,4,Abril,2024-04,0.0,0.0,0.0,,25.0,0.0,,0.0
OUTROS NÃO ENERGÉTICOS,2024,4,Abril,2024-04,1064732.696680891,15419.068822002315,3047088.0,197.6181593827471,25.0,1080151.7655028934,27.46410862293111,2661611.2794499425
PARAFINA,2024,4,Abril,2024-04,62029.75218279041,33476.639288000006,6665705.0,199.11511853549112,25.0,95506.39147079042,86.0303554352451,5828789.0178000005
QUEROSENE DE AVIAÇÃO,2024,4,Abril,2024-04,2645262.20586454,467071.55919584905,49950849.0,106.94474543900664,25.0,3112333.765060389,37.297543550686996,38274060.02010377
QUEROSENE ILUMINANTE,2024,4,Abril,2024-04,4182.72365,0.0,0.0,,25.0,4182.72365,25.0,0.0
SOLVENTE,2024,4,Abril,2024-04,276001.55499826,956906.6105544541,96992820.0,101.36080044822774,25.0,1232908.1655527141,84.26650238655952,73070154.73613864
ÓLEO COMBUSTÍVEL,2024,4,Abril,2024-04,9141572.044590378,77.73427039175259,41396.0,532.5321739225074,25.0,9141649.77886077,25.004315702766412,39452.64324020619
ÓLEO DIESEL,2024,4,Abril,2024-04,24157065.747298673,7447163.546317464,727295648.0,97.66075949273859,25.0,31604229.29361614,42.12165021696529,541116559.3420634
ASFALTO,2024,5,Maio,2024-05,1384044.2638886995,119979.88076039999,9469974.0,78.92968337676174,25.0,1504024.1446490996,29.30210977929454,6470476.980989999
COQUE,2024,5,Maio,2024-05,2324633.2522177403,2777704.8096269323,44113311.0,15.881209136086987,25.0,5102338.061844673,20.035744606950665,-25329309.240673304
GASOLINA A,2024,5,Maio,2024-05,15410894.26041871,1843171.0392454327,152938984.0,82.97601293833858,25.0,17254065.299664143,31.193306108615705,106859708.01886418
GASOLINA DE AVIAÇÃO,2024,5,Maio,2024-05,2887.72095891,0.0,0.0,,25.0,2887.72095891,25.000000000000004,0.0
GLP,2024,5,Maio,2024-05,4208572.52500518,2292479.9924404165,87938181.0,38.35941045940692,25.0,6501052.517445597,29.71095735756697,30626181.188989587
LUBRIFICANTE,2024,5,Maio,2024-05,278442.32834838,583022.9746648943,101689245.0,174.41721753494912,25.0,861465.3030132742,126.12266893241934,87113670.63337764
NAFTA,2024,5,Maio,2024-05,2546776.05268385,2980026.607307414,265623126.0,89.13448133270268,25.0,5526802.659991264,59.58101773758948,191122460.81731462
OUTROS ENERGÉTICOS,2024,5,Maio,2024-05,0.0,0.0,0.0,,25.0,0.0,,0.0
OUTROS NÃO ENERGÉTICOS,2024,5,Maio,2024-05,1366827.6395117135,8365.301702546298,2224852.0,265.96195560081014,25.0,1375192.9412142597,26.465772108789704,2015719.4574363425
PARAFINA,2024,5,Maio,2024-05,73038.4186914012,38439.3530715,7130880.0,185.50988583850625,25.0,111477.77176290119,80.34642535137024,6169896.173212499
QUEROSENE DE AVIAÇÃO,2024,5,Maio,2024-05,2860831.84504532,320535.110262239,32362026.0,100.96249978207908,25.0,3181366.955307559,32.65351768139244,24348648.24344402
QUEROSENE ILUMINANTE,2024,5,Maio,2024-05,3622.56575102,0.0,0.0,,25.0,3622.56575102,25.0,0.0
SOLVENTE,2024,5,Maio,2024-05,217213.33635865,1452627.2480396093,130625222.0,89.92342817215156,25.0,1669840.5843982594,81.4781702398226,94309540.79900976
ÓLEO COMBUSTÍVEL,2024,5,Maio,2024-05,8694313.649220347,19453.0206185567,1750806.0,90.00175521995101,25.0,8713766.669838903,25.14511296118507,1264480.4845360825
ÓLEO DIESEL,2024,5,Maio,2024-05,24844375.759489805,6723638.56270381,615817797.0,91.58996148543092,25.0,31568014.322193615,39.182926691642884,447726832.9324048
ASFALTO,2024,6,Junho,2024-06,1625979.9917301568,65904.6721348,5419766.0,82.23644583064653,25.0,1691884.6638649567,27.229554577327317,3772149.19663
COQUE,2024,6,Junho,2024-06,2333630.4167627688,1788451.1736526056,29880662.0,16.707563751362503,25.0,4122081.5904153744,21.402153374208034,-14830617.341315141
GASOLINA A,2024,6,Junho,2024-06,16181888.056124441,506372.79019850004,40950116.0,80.86950324472885,25.0,16688260.84632294,26.69525132100695,28290796.245037496
GASOLINA DE AVIAÇÃO,2024,6,Junho,2024-06,44270.61383146,0.0,0.0,,25.0,44270.61383146,25.0,0.0
GLP,2024,6,Junho,2024-06,4112351.8633019165,2650535.6649741665,100577680.0,37.94617115668213,25.0,6762887.528276083,30.07391084535644,34314288.37564584
LUBRIFICANTE,2024,6,Junho,2024-06,326642.28083399,348115.7218677442,70871418.0,203.585800778413,25.0,674758.0027017342,117.1345500229465,62168524.9533064
NAFTA,2024,6,Junho,2024-06,2607796.09718538,2945469.2500161715,235755102.0,80.03991282499575,25.0,5553265.347201551,54.193341325080354,162118370.7495957
OUTROS ENERGÉTICOS,2024,6,Junho,2024-06,0.0,0.0,0.0,,25.0,0.0,,0.0
OUTROS NÃO ENERGÉTICOS,2024,6,Junho,2024-06,1296446.2285549545,18132.037135972223,3596206.0,198.33436105562967,25.0,1314578.2656909267,27.390808636980488,3142905.0716006947
PARAFINA,2024,6,Junho,2024-06,58392.35882614372,38393.16899099999,7359851.0,191.6968875824049,25.0,96785.52781714371,91.12581363730868,6400021.7752249995
QUEROSENE DE AVIAÇÃO,2024,6,Junho,2024-06,3092372.3118958897,0.0,0.0,,25.0,3092372.3118958897,25.0,0.0
QUEROSENE ILUMINANTE,2024,6,Junho,2024-06,2649.6893892700004,0.0,0.0,,25.0,2649.6893892700004,25.0,0.0
SOLVENTE,2024,6,Junho,2024-06,205966.23147658,1630008.3188943057,139568913.0,85.62466300458804,25.0,1835974.5503708858,78.82357016205914,98818705.02764237
ÓLEO COMBUSTÍVEL,2024,6,Junho,2024-06,8326958.519700503,391.79031959793815,33976.0,86.71985575056256,25.0,8327350.310020101,25.002903833885906,24181.242010051545
ÓLEO DIESEL,2024,6,Junho,2024-06,25716771.79637823,9524180.336432107,846512022.0,88.88030172653319,25.0,35240952.13281034,42.26421894891859,608407513.5891974
ASFALTO,2024,7,Julho,2024-07,1682839.0663212254,292751.47458599997,23202511.0,79.25668361811762,25.0,1975590.5409072253,33.039987946113534,15883724.135350002
COQUE,2024,7,Julho,2024-07,2475093.2755107684,3345641.3045381443,54473832.0,16.28202997318027,25.0,5820734.580048913,19.98908596289087,-29167200.613453608
GASOLINA A,2024,7,Julho,2024-07,16298132.41857243,1607346.2749431625,137050004.0,85.26476599128974,25.0,17905478.69351559,30.409871960669825,96866347.12642093
GASOLINA DE AVIAÇÃO,2024,7,Julho,2024-07,67223.30671593,0.0,0.0,,25.0,67223.30671593,25.0,0.0
GLP,2024,7,Julho,2024-07,4522043.5851799995,1077749.1669475,43421586.0,40.289139005305465,25.0,5599792.752127499,27.942583334008592,16477856.826312495
LUBRIFICANTE,2024,7,Julho,2024-07,340064.67247589,542451.9594965464,98836791.0,182.2037680382446,25.0,882516.6319724364,121.62763161980808,85275492.01258634
NAFTA,2024,7,Julho,2024-07,3030316.970958169,2750299.2401889,226851337.0,82.48241998002337,25.0,5780616.211147069,52.34896250168221,158093855.9952775
OUTROS ENERGÉTICOS,2024,7,Julho,2024-07,0.0,0.0,0.0,,25.0,0.0,,0.0
OUTROS NÃO ENERGÉTICOS,2024,7,Julho,2024-07,1207991.7660990637,16648.602919166664,3403095.0,204.4072416480181,25.0,1224640.3690182304,27.438985356505402,2986879.9270208334
PARAFINA,2024,7,Julho,2024-07,41823.711193317366,37429.2402675,6756379.0,180.51071706808324,25.0,79252.95146081736,98.44392714749843,5820647.9933125
QUEROSENE DE AVIAÇÃO,2024,7,Julho,2024-07,3288535.59773583,762468.5220787924,79876797.0,104.76077987091728,25.0,4051004.1198146227,40.01234808687707,60815083.948030196
QUEROSENE ILUMINANTE,2024,7,Julho,2024-07,2518.4839526700002,0.0,0.0,,25.0,2518.4839526700002,25.0,0.0
SOLVENTE,2024,7,Julho,2024-07,268631.06129311,848111.6396603637,77182292.0,91.00487293265844,25.0,1116742.7009534738,75.1274832248249,55979501.00849091
ÓLEO COMBUSTÍVEL,2024,7,Julho,2024-07,8834920.255188629,107351.5461582268,6647838.0,61.92587100889695,25.0,8942271.801346855,25.44329331898045,3964049.3460443295
ÓLEO DIESEL,2024,7,Julho,2024-07,25666176.75972234,7849779.166508082,736314005.0,93.80060118653554,25.0,33515955.926230423,41.11380343815962,540069525.8372979
ASFALTO,2024,8,Agosto,2024-08,1672026.8212664218,307051.434326,23156250.0,75.41488953090102,25.0,1979078.2555924219,32.821804973152105,15479964.141849998
COQUE,2024,8,Agosto,2024-08,2365642.585989582,1549963.8588949516,27098784.0,17.483494111482127,25.0,3915606.4448845335,22.024646721686214,-11650312.47237379
GASOLINA A,2024,8,Agosto,2024-08,16037228.84173064,1732087.5123110404,142008424.0,81.98686439955048,25.0,17769316.35404168,30.55486965427193,98706236.192224
GASOLINA DE AVIAÇÃO,2024,8,Agosto,2024-08,44387.64832613,0.0,0.0,,25.0,44387.64832613,25.000000000000004,0.0
GLP,2024,8,Agosto,2024-08,4296418.118825,2173917.0967295836,91560511.0,42.11775653162791,25.0,6470335.215554584,30.75126053628596,37212583.581760414
LUBRIFICANTE,2024,8,Agosto,2024-08,302046.06688632997,508700.8536640116,95838079.0,188.39771608344785,25.0,810746.9205503415,127.52343308560063,83120557.65839972
NAFTA,2024,8,Agosto,2024-08,3366459.87142134,3750655.5392219424,308616641.0,82.28338693667966,25.0,7117115.410643282,55.187827528854434,214850252.51945144
OUTROS ENERGÉTICOS,2024,8,Agosto,2024-08,0.0,0.0,0.0,,25.0,0.0,,0.0
OUTROS NÃO ENERGÉTICOS,2024,8,Agosto,2024-08,1301891.891192828,9175.609771388888,2195171.0,239.23979492293978,25.0,1311067.500964217,26.49937417735514,1965780.7557152777
PARAFINA,2024,8,Agosto,2024-08,63351.15463766467,36985.85468550001,6845349.0,185.08018966190502,25.0,100337.00932316468,84.0081633168191,5920702.6328625
QUEROSENE DE AVIAÇÃO,2024,8,Agosto,2024-08,2686796.2365815802,989205.8003260755,86088486.0,87.02788233916779,25.0,3676002.0369076557,41.69159602628085,61358340.99184812
QUEROSENE ILUMINANTE,2024,8,Agosto,2024-08,2881.2361647999996,0.0,0.0,,25.0,2881.2361647999996,25.0,0.0
SOLVENTE,2024,8,Agosto,2024-08,209101.92819474003,1300017.375802794,125139064.0,96.25953185642878,25.0,1509119.303997534,86.3858886832459,92638629.60493015
ÓLEO COMBUSTÍVEL,2024,8,Agosto,2024-08,9053785.25642302,51874.72164948454,4660540.0,89.8422170145044,25.0,9105659.978072505,25.369404520579835,3363671.9587628865
ÓLEO DIESEL,2024,8,Agosto,2024-08,26294642.410429806,7964095.370029202,717712051.0,90.11846514306224,25.0,34258737.78045901,40.138026102207476,518609666.7492699
ASFALTO,2024,9,Setembro,2024-09,1844897.1741030589,203366.7821748,14059984.0,69.1360892356305,25.0,2048263.956277859,29.38215710339453,8975814.44563
COQUE,2024,9,Setembro,2024-09,2257557.062416463,2377172.980737712,40443068.0,17.013094262685605,25.0,4634730.043154174,20.903481682501262,-18986256.51844279
GASOLINA A,2024,9,Setembro,2024-09,16268730.167093579,1103852.8322665133,88504371.0,80.1776907328092,25.0,17372582.999360092,28.505987002369235,60908050.19333717
GASOLINA DE AVIAÇÃO,2024,9,Setembro,2024-09,12020.11624126,0.0,0.0,,25.0,12020.11624126,25.0,0.0
GLP,2024,9,Setembro,2024-09,4027654.8793624993,2212061.8545770836,88892648.0,40.18542601603475,25.0,6239716.7339395825,30.38343374673748,33591101.63557292
LUBRIFICANTE,2024,9,Setembro,2024-09,305563.02043763996,733656.0399611974,131836215.0,179.69758009076398,25.0,1039219.0603988373,134.21163624290378,113494814.00097008
NAFTA,2024,9,Setembro,2024-09,2650690.75218124,2033572.8478085713,163872845.0,80.58371018111963,25.0,4684263.599989811,49.13047886652485,113033523.80478571
OUTROS ENERGÉTICOS,2024,9,Setembro,2024-09,0.0,0.0,0.0,,25.0,0.0,,0.0
OUTROS NÃO ENERGÉTICOS,2024,9,Setembro,2024-09,1391338.3098274996,30512.028467199078,7221917.0,236.69081876230146,25.0,1421850.3382946986,29.542753983563973,6459116.288320023
PARAFINA,2024,9,Setembro,2024-09,66858.7971233533,32796.549746500015,6218958.0,189.62232454539446,25.0,99655.34686985333,79.17716586134085,5399044.2563375
QUEROSENE DE AVIAÇÃO,2024,9,Setembro,2024-09,2862062.03124436,333192.518201761,26714068.0,80.17607401323338,25.0,3195254.549446121,30.753612039498634,18384255.044955973
QUEROSENE ILUMINANTE,2024,9,Setembro,2024-09,4318.54580714,0.0,0.0,,25.0,4318.54580714,25.0,0.0
SOLVENTE,2024,9,Setembro,2024-09,156173.22736322,942713.1067958707,84687892.0,89.83421508569074,25.0,1098886.3341590906,80.62000584607745,61120064.330103226
ÓLEO COMBUSTÍVEL,2024,9,Setembro,2024-09,8384826.807653639,12981.130345567013,1193820.0,91.96579713935952,25.0,8397807.937999206,25.103514125088214,869291.7413608246
ÓLEO DIESEL,2024,9,Setembro,2024-09,26409941.577969845,10036578.824513558,863917559.0,86.07689672998423,25.0,36446520.4024834,41.81924863108172,613003088.3871611
ASFALTO,2024,10,Outubro,2024-10,1700457.150954686,242122.81183880003,16779903.0,69.3032716436966,25.0,1942579.9627934862,30.521951687695008,10726832.704029998
COQUE,2024,10,Outubro,2024-10,2338322.003809593,2387174.304804509,36397061.0,15.246922240552784,25.0,4725496.308614102,20.073047337340743,-23282296.620112725
GASOLINA A,2024,10,Outubro,2024-10,16423495.684660317,1611332.1275401623,132974305.0,82.52445459707724,25.0,18034827.81220048,30.139555685072356,92691001.81149593
GASOLINA DE AVIAÇÃO,2024,10,Outubro,2024-10,0.0,0.0,0.0,,25.0,0.0,,0.0
GLP,2024,10,Outubro,2024-10,4295027.62642625,576101.0746395834,24525542.0,42.57159564464189,25.0,4871128.701065833,27.078166222911634,10123015.134010414
LUBRIFICANTE,2024,10,Outubro,2024-10,392801.38314697,314709.56823131413,63312507.0,201.17757256577843,25.0,707510.9513782841,103.36594993505982,55444767.79421715
NAFTA,2024,10,Outubro,2024-10,2727413.9363287706,1881660.2874208714,145442733.0,77.29489428687124,25.0,4609074.223749642,46.34945566887083,98401225.81447823
OUTROS ENERGÉTICOS,2024,10,Outubro,2024-10,0.0,0.0,0.0,,25.0,0.0,,0.0
OUTROS NÃO ENERGÉTICOS,2024,10,Outubro,2024-10,1149771.9823880268,21261.45056689815,4218524.0,198.41186219757742,25.0,1171033.4329549249,28.148490582821356,3686987.7358275466
PARAFINA,2024,10,Outubro,2024-10,57584.830081916174,37003.86501950002,7367535.0,199.10176939942656,25.0,94588.6951014162,93.11002485661778,6442438.3745125
QUEROSENE DE AVIAÇÃO,2024,10,Outubro,2024-10,3246000.518598051,1042463.1089976856,88367996.0,84.76846349504363,25.0,4288463.627595737,39.52884382045908,62306418.27505787
QUEROSENE ILUMINANTE,2024,10,Outubro,2024-10,4183.23941442,0.0,0.0,,25.0,4183.23941442,25.0,0.0
SOLVENTE,2024,10,Outubro,2024-10,197570.05845473002,1203494.8767645075,99755475.0,82.88815924849138,25.0,1401064.9352192376,74.72510647408765,69668103.08088732
ÓLEO COMBUSTÍVEL,2024,10,Outubro,2024-10,8639595.97021707,19530.754888948457,1745227.0,89.35788759437776,25.0,8659126.725106018,25.14515991827812,1256958.1277762887
ÓLEO DIESEL,2024,10,Outubro,2024-10,28282126.62065217,9368439.968401821,832868019.0,88.9014629766668,25.0,37650566.58905399,40.90034557312612,598657019.7899545
ASFALTO,2024,11,Novembro,2024-11,1317275.8887703824,256113.97565800004,17121693.0,66.851849673613,25.0,1573389.8644283824,31.812579546166194,10718843.608549997
COQUE,2024,11,Novembro,2024-11,2328025.2863401356,999903.2338237213,17967407.0,17.969145805530594,25.0,3327928.520163857,22.88752258259234,-7030173.845593033
GASOLINA A,2024,11,Novembro,2024-11,15690775.483441552,746678.194151446,58720408.0,78.6421894464618,25.0,16437453.677592998,27.4367188453777,40053453.14621385
GASOLINA DE AVIAÇÃO,2024,11,Novembro,2024-11,37246.135154029995,0.0,0.0,,25.0,37246.135154029995,25.0,0.0
GLP,2024,11,Novembro,2024-11,3978530.0613641227,2130180.5724516665,101686309.0,47.73600431580654,25.0,6108710.63381579,32.92831705280096,48431794.688708335
LUBRIFICANTE,2024,11,Novembro,2024-11,318772.47056199005,560260.2985495462,98791683.0,176.33175732023324,25.0,879032.7691115362,121.45280416787666,84785175.53626134
NAFTA,2024,11,Novembro,2024-11,2820397.22908761,1433443.6196089431,112434958.0,78.4369587069447,25.0,4253840.848696553,43.00698950296826,76598867.50977643
OUTROS ENERGÉTICOS,2024,11,Novembro,2024-11,0.0,0.0,0.0,,25.0,0.0,,0.0
OUTROS NÃO ENERGÉTICOS,2024,11,Novembro,2024-11,1067608.284487264,9573.796967650464,1996968.0,208.5868341210585,25.0,1077182.0814549145,26.63168614301008,1757623.0758087386
PARAFINA,2024,11,Novembro,2024-11,23162.19896052695,34003.3801935,6512500.0,191.52507671119452,25.0,57165.57915402695,124.05288425235204,5662415.4951625
QUEROSENE DE AVIAÇÃO,2024,11,Novembro,2024-11,3014218.62997025,980908.5677956605,87789858.0,89.49851278930626,25.0,3995127.1977659105,40.83607746969551,63267143.805108495
QUEROSENE ILUMINANTE,2024,11,Novembro,2024-11,3019.03961209,0.0,0.0,,25.0,3019.03961209,24.999999999999996,0.0
SOLVENTE,2024,11,Novembro,2024-11,169154.58381773002,605633.2337682726,56603733.0,93.46206556038787,25.0,774787.8175860026,78.51517049529595,41462902.15579319
ÓLEO COMBUSTÍVEL,2024,11,Novembro,2024-11,8852080.61308733,116719.10933105156,10006034.0,85.7274704831733,25.0,8968799.72241838,25.790301543807075,7088056.266723711
ÓLEO DIESEL,2024,11,Novembro,2024-11,25903020.46100498,5248509.603210893,471051301.0,89.74953588954544,25.0,31151530.064215872,35.909209281829284,339838560.9197276
ASFALTO,2024,12,Dezembro,2024-12,854681.0949774607,83249.7099196,5901366.0,70.88752628326701,25.0,937930.8048970607,29.07292652300642,3820123.2520099995
COQUE,2024,12,Dezembro,2024-12,2403255.6355753224,2179042.671488346,24997079.0,11.47158765042738,25.0,4582298.307063669,18.566768068816813,-29478987.787208654
GASOLINA A,2024,12,Dezembro,2024-12,17146697.975562222,1978164.9304053513,148416412.0,75.02731936997164,25.0,19124862.905967575,30.17453585034519,98962288.73986623
GASOLINA DE AVIAÇÃO,2024,12,Dezembro,2024-12,0.0,0.0,0.0,,25.0,0.0,,0.0
GLP,2024,12,Dezembro,2024-12,4243036.683668333,1396755.8872625,63917587.0,45.76145880814721,25.0,5639792.570930833,30.14180077613233,28998689.8184375
LUBRIFICANTE,2024,12,Dezembro,2024-12,337306.79206480994,210534.7290672326,46869080.0,222.6192334521338,25.0,547841.5211320425,100.9447945591025,41605711.773319185
NAFTA,2024,12,Dezembro,2024-12,2351505.2091153804,2807758.712205314,214875041.0,76.52902653847683,25.0,5159263.9213206945,53.04296802824364,144681073.19486716
OUTROS ENERGÉTICOS,2024,12,Dezembro,2024-12,0.0,0.0,0.0,,25.0,0.0,,0.0
OUTROS NÃO ENERGÉTICOS,2024,12,Dezembro,2024-12,1050815.0896514673,9770.28073142361,2238800.0,229.14387636779688,25.0,1060585.3703828908,26.88060578376104,1994542.9817144095
PARAFINA,2024,12,Dezembro,2024-12,73297.93549873054,31956.691360500008,6106987.0,191.10198021152235,25.0,105254.62685923054,75.43074945376614,5308069.7159875
QUEROSENE DE AVIAÇÃO,2024,12,Dezembro,2024-12,3440474.4809783804,319897.06244178617,29180997.0,91.21995924957974,25.0,3760371.5434201667,30.63337164808142,21183570.438955348
QUEROSENE ILUMINANTE,2024,12,Dezembro,2024-12,3803.1587757400002,0.0,0.0,,25.0,3803.1587757400002,25.0,0.0
SOLVENTE,2024,12,Dezembro,2024-12,152674.16203155002,524383.2931668827,52509630.0,100.13597054719483,25.0,677057.4551984328,83.19306377666356,39400047.67082793
ÓLEO COMBUSTÍVEL,2024,12,Dezembro,2024-12,9390791.564357206,56923.68830762887,4858561.0,85.35218192017363,25.0,9447715.252664834,25.363629586670736,3435468.7923092786
ÓLEO DIESEL,2024,12,Dezembro,2024-12,26866838.760447208,6132915.429371107,545443014.0,88.93698605198797,25.0,32999754.189818315,36.88251663967565,392120128.26572233
ASFALTO,2025,1,Janeiro,2025-01,832418.9044645784,148575.16112200002,10495231.0,70.63920322039574,25.0,980994.0655865783,31.91222527212276,6780851.971949999
COQUE,2025,1,Janeiro,2025-01,2597421.771775864,2024860.4138088846,26458189.0,13.066673050430449,25.0,4622282.185584748,19.772426179306212,-24163321.345222116
GASOLINA A,2025,1,Janeiro,2025-01,16529597.18755965,2393566.1501357304,191543571.0,80.02434818404257,25.0,18923163.33769538,31.95995774576699,131704417.24660674
GASOLINA DE AVIAÇÃO,2025,1,Janeiro,2025-01,42552.25031908,0.0,0.0,,25.0,42552.25031908,25.0,0.0
GLP,2025,1,Janeiro,2025-01,4000184.8406516663,1760975.9382229168,84242951.0,47.838785966044206,25.0,5761160.778874584,31.9809807585831,40218552.54442708
LUBRIFICANTE,2025,1,Janeiro,2025-01,316801.13718122,554151.9422543136,95476508.0,172.29301337751792,25.0,870953.0794355336,118.71654038647179,81622709.44364215
NAFTA,2025,1,Janeiro,2025-01,2562511.9873991907,3997127.3959155004,317805909.0,79.50857641534087,25.0,6559639.3833146915,58.21489358947281,217877724.1021125
OUTROS ENERGÉTICOS,2025,1,Janeiro,2025-01,0.0,0.0,0.0,,25.0,0.0,,0.0
OUTROS NÃO ENERGÉTICOS,2025,1,Janeiro,2025-01,1178673.6732245095,14535.17580005787,3109518.0,213.93053945640065,25.0,1193208.8490245673,27.301473549449025,2746138.604998553
PARAFINA,2025,1,Janeiro,2025-01,56339.74147747306,24324.912044500004,5398364.0,221.92738005071635,25.0,80664.65352197306,84.3846373812619,4790241.1988875
QUEROSENE DE AVIAÇÃO,2025,1,Janeiro,2025-01,3487427.7553831306,800123.9135309937,76419237.0,95.50925263907865,25.0,4287551.668914124,38.15812461707622,56416139.16172516
QUEROSENE ILUMINANTE,2025,1,Janeiro,2025-01,3711.8055753,0.0,0.0,,25.0,3711.8055753,25.0,0.0
SOLVENTE,2025,1,Janeiro,2025-01,173345.79871123,399186.331259676,31931186.0,79.99067978915424,25.0,572532.1299709061,63.3411280684345,21951527.7185081
ÓLEO COMBUSTÍVEL,2025,1,Janeiro,2025-01,9391956.087014833,26047.38710936083,2391073.0,91.7970386035651,25.0,9418003.474124195,25.18474067535081,1739888.3222659791
ÓLEO DIESEL,2025,1,Janeiro,2025-01,24051465.202606604,7830801.312164274,724824768.0,92.56074047927456,25.0,31882266.514770877,41.59401269200184,529054735.19589317
ASFALTO,2025,2,Fevereiro,2025-02,1052022.0892816668,118496.4858336,8853483.0,74.71515241753752,25.0,1170518.5751152667,30.032872591175995,5891070.854160001
COQUE,2025,2,Fevereiro,2025-02,1951951.3561299548,2370777.925282308,35443393.0,14.95011094123439,25.0,4322729.2814122625,19.48819169997304,-23826055.132057697
GASOLINA A,2025,2,Fevereiro,2025-02,14407419.916569997,739921.5272540676,58519657.0,79.08900450183286,25.0,15147341.443824064,27.64215466239233,40021618.81864831
GASOLINA DE AVIAÇÃO,2025,2,Fevereiro,2025-02,0.0,0.0,0.0,,25.0,0.0,,0.0
GLP,2025,2,Fevereiro,2025-02,3515476.1752133337,1382960.9893716667,65830019.0,47.600777972709956,25.0,4898437.164585,31.38080947361839,31255994.26570833
LUBRIFICANTE,2025,2,Fevereiro,2025-02,265278.03277001996,291960.17385429057,55528960.0,190.19361191267478,25.0,557238.2066243105,111.55177459172202,48229955.65364274
NAFTA,2025,2,Fevereiro,2025-02,2479214.152916,2269056.729908072,181463041.0,79.97289737544453,25.0,4748270.882824073,51.269904525352196,124736622.7522982
OUTROS ENERGÉTICOS,2025,2,Fevereiro,2025-02,0.0,0.0,0.0,,25.0,0.0,,0.0
OUTROS NÃO ENERGÉTICOS,2025,2,Fevereiro,2025-02,1142807.072882437,12944.96041070602,2533622.0,195.7226534199818,25.0,1155752.033293143,26.91217313581988,2209997.9897323493
PARAFINA,2025,2,Fevereiro,2025-02,17208.242216407187,27840.355888,5857522.0,210.39680755391356,25.0,45048.59810440718,139.5765533222007,5161513.1027999995
QUEROSENE DE AVIAÇÃO,2025,2,Fevereiro,2025-02,3027898.3691883003,803650.669335824,75941678.0,94.49588098117543,25.0,3831549.0385241243,39.57645738187327,55850411.26660439
QUEROSENE ILUMINANTE,2025,2,Fevereiro,2025-02,1747.46017344,0.0,0.0,,25.0,1747.46017344,24.999999999999996,0.0
SOLVENTE,2025,2,Fevereiro,2025-02,161211.71740258002,825232.0950337785,73793262.0,89.42122154977442,25.0,986443.8124363585,78.89304383475502,53162459.62415554
ÓLEO COMBUSTÍVEL,2025,2,Fevereiro,2025-02,8596529.887552002,141224.09885726805,12075862.0,85.50850809255151,25.0,8737753.986409271,25.97796980114794,8545259.528568298
ÓLEO DIESEL,2025,2,Fevereiro,2025-02,22394742.457207598,6751965.740389,638933193.0,94.62921133885807,25.0,29146708.1975966,41.129919245187416,470134049.49027497
ASFALTO,2025,3,Março,2025-03,975868.2948709119,54942.9692224,4042165.0,73.57019573583634,25.0,1030811.2640933119,27.588825774801034,2668590.7694399995
COQUE,2025,3,Março,2025-03,2401033.4990057964,3173405.3810241064,57268231.0,18.04630172446442,25.0,5574438.880029903,21.041412597659644,-22066903.525602657
GASOLINA A,2025,3,Março,2025-03,16258728.796820872,723472.8326294867,55950142.0,77.33551209745818,25.0,16982201.62945036,27.229588483898382,37863321.184262834
GASOLINA DE AVIAÇÃO,2025,3,Março,2025-03,29555.84234924,0.0,0.0,,25.0,29555.84234924,24.999999999999996,0.0
GLP,2025,3,Março,2025-03,4021921.8770716665,1810548.893424583,81446835.0,44.984609526863686,25.0,5832470.770496249,31.20373664749748,36183112.66438542
LUBRIFICANTE,2025,3,Março,2025-03,362985.72761606006,371556.04455953493,65941051.0,177.47269077043416,25.0,734541.7721755949,102.12583821913496,56652149.88601162
NAFTA,2025,3,Março,2025-03,2920282.3114900202,2167374.0800101287,169261333.0,78.09511729475375,25.0,5087656.391500149,47.618858693366896,115076980.99974678
OUTROS ENERGÉTICOS,2025,3,Março,2025-03,0.0,0.0,0.0,,25.0,0.0,,0.0
OUTROS NÃO ENERGÉTICOS,2025,3,Março,2025-03,1209492.3702050732,7007.248732997684,1734209.0,247.48786093941175,25.0,1216499.6189380707,26.281568656006648,1559027.781675058
PARAFINA,2025,3,Março,2025-03,60633.31643760479,47688.24253850002,8677717.0,181.96764103844345,25.0,108321.5589761048,94.10453475091478,7485510.9365375
QUEROSENE DE AVIAÇÃO,2025,3,Março,2025-03,3143334.4596022405,790324.0809942768,70729608.0,89.49443614449626,25.0,3933658.5405965173,37.957786103979814,50971505.975143075
QUEROSENE ILUMINANTE,2025,3,Março,2025-03,1905.66147456,0.0,0.0,,25.0,1905.66147456,25.0,0.0
SOLVENTE,2025,3,Março,2025-03,194461.43307881,937123.9442814715,80232568.0,85.6157485779721,25.0,1131585.3773602815,75.19901328654005,56804469.392963216
ÓLEO COMBUSTÍVEL,2025,3,Março,2025-03,10042935.379757162,78320.75302604123,6355173.0,81.14289960780815,25.0,10121256.132783204,25.43444747535895,4397154.174348969
ÓLEO DIESEL,2025,3,Março,2025-03,25128441.693742607,8156210.353246228,709015067.0,86.92947291603473,25.0,33284652.046988834,40.175457068193694,505109808.1688443
ASFALTO,2025,4,Abril,2025-04,983468.9136078726,109166.86895640002,7734041.0,70.84604581898273,25.0,1092635.7825642726,29.58054674389688,5004869.276089999
COQUE,2025,4,Abril,2025-04,2495933.9319647686,1800715.9886621058,43393268.0,24.097785699254157,25.0,4296649.920626874,24.621884084911528,-1624631.7165526415
GASOLINA A,2025,4,Abril,2025-04,15222717.52372437,718520.5932247028,58059587.0,80.80434652461386,25.0,15941238.116949072,27.51527339816541,40096572.16938243
GASOLINA DE AVIAÇÃO,2025,4,Abril,2025-04,0.0,0.0,0.0,,25.0,0.0,,0.0
GLP,2025,4,Abril,2025-04,3614176.078835833,1182094.5396716665,50024335.0,42.318387676415924,25.0,4796270.618507499,29.268310347046018,20471971.508208342
LUBRIFICANTE,2025,4,Abril,2025-04,348422.69780009007,559630.8348431977,92704971.0,165.6537939443149,25.0,908053.5326432878,111.6845370886757,78714200.12892006
NAFTA,2025,4,Abril,2025-04,3395791.46317465,2869619.0294970856,203659295.0,70.97084766534053,25.0,6265410.492671736,46.05509597764906,131918819.26257285
OUTROS ENERGÉTICOS,2025,4,Abril,2025-04,0.0,0.0,0.0,,25.0,0.0,,0.0
OUTROS NÃO ENERGÉTICOS,2025,4,Abril,2025-04,995631.2161102089,7590.77420795139,1963883.0,258.7197229424659,25.0,1003221.9903181603,26.76841582613094,1774113.644801215
PARAFINA,2025,4,Abril,2025-04,65612.8422576527,38148.288278500004,7353494.0,192.76078513185496,25.0,103761.13053615269,86.67807501680673,6399786.7930375
QUEROSENE DE AVIAÇÃO,2025,4,Abril,2025-04,3103063.9573670495,0.0316468427672956,1115.0,35232.58254223895,25.0,3103063.989013892,25.00035906730666,1114.2088289308176
QUEROSENE ILUMINANTE,2025,4,Abril,2025-04,623.74158827,0.0,0.0,,25.0,623.74158827,25.0,0.0
SOLVENTE,2025,4,Abril,2025-04,216192.41842812003,554209.8947412414,49192771.0,88.76198614780765,25.0,770402.3131693613,70.86892202606944,35337523.63146897
ÓLEO COMBUSTÍVEL,2025,4,Abril,2025-04,9667041.925953224,51956.592928927836,3954758.0,76.1165768781215,25.0,9718998.518882152,25.273263049851998,2655843.176776804
ÓLEO DIESEL,2025,4,Abril,2025-04,24060030.709893275,9161402.0964693,739467764.0,80.71556692015325,25.0,33221432.806362577,40.364560419877776,510432711.58826756
ASFALTO,2025,5,Maio,2025-05,1030937.832186255,268826.3382628,19048702.0,70.85876377700133,25.0,1299764.170449055,34.48483103605694,12328043.543429999
COQUE,2025,5,Maio,2025-05,2569372.076242102,2690527.2749443655,43142723.0,16.03504391193808,25.0,5259899.351186467,20.41427368412129,-24120458.87360914
GASOLINA A,2025,5,Maio,2025-05,16484046.27661288,1704184.7761854462,124324515.0,72.95248539790455,25.0,18188231.052798327,29.493009537768707,81719895.59536384
GASOLINA DE AVIAÇÃO,2025,5,Maio,2025-05,44454.40836947,0.0,0.0,,25.0,44454.40836947,25.000000000000004,0.0
GLP,2025,5,Maio,2025-05,3915322.1771916663,2252901.3174370835,89855456.0,39.88432840113042,25.0,6168223.49462875,30.436398842109593,33532923.064072914
LUBRIFICANTE,2025,5,Maio,2025-05,334631.77990048,552683.9152277788,91433231.0,165.43494116762457,25.0,887315.6951282588,112.47296316908533,77616133.11930552
NAFTA,2025,5,Maio,2025-05,2737676.84319109,1891295.3328693716,126277275.0,66.76761307733938,25.0,4628972.176060461,42.06532004810951,78994891.67826569
OUTROS ENERGÉTICOS,2025,5,Maio,2025-05,0.0,0.0,0.0,,25.0,0.0,,0.0
OUTROS NÃO ENERGÉTICOS,2025,5,Maio,2025-05,1390984.7924323191,12957.226996180556,2867900.0,221.33593868853114,25.0,1403942.0194284997,26.81201879414583,2543969.3250954864
PARAFINA,2025,5,Maio,2025-05,85330.84672007186,38082.72851500003,7446439.0,195.53323226477838,25.0,123413.57523507188,77.62282350020939,6494370.787124999
QUEROSENE DE AVIAÇÃO,2025,5,Maio,2025-05,3204833.3850779296,787551.5485696981,68048189.0,86.40474280519778,25.0,3992384.933647628,37.11291022521071,48359400.28575754
QUEROSENE ILUMINANTE,2025,5,Maio,2025-05,713.85569614,0.0,0.0,,25.0,713.85569614,25.0,0.0
SOLVENTE,2025,5,Maio,2025-05,212987.74765350003,1102805.2385447237,91774152.0,83.21882123184903,25.0,1315792.9861982237,73.79492572907635,64204021.0363819
ÓLEO COMBUSTÍVEL,2025,5,Maio,2025-05,9298171.284934875,146953.90826838146,10047914.0,68.37459526186623,25.0,9445125.193203256,25.67485249405453,6374066.293290463
ÓLEO DIESEL,2025,5,Maio,2025-05,23944400.710926842,9177071.053993095,735063110.0,80.0977899893411,25.0,33121471.764919937,40.266119127764995,505636333.65017265
ASFALTO,2025,6,Junho,2025-06,1125788.0991549706,149794.1324364,11400561.0,76.108194724119,25.0,1275582.2315913707,31.001735912814507,7655707.689090001
COQUE,2025,6,Junho,2025-06,2358671.905833864,1911973.389613414,48153814.0,25.185399682647425,25.0,4270645.295447278,25.083003676292797,354479.2596646487
GASOLINA A,2025,6,Junho,2025-06,15719574.88179114,1159219.4627740541,86330392.0,74.47286279459823,25.0,16878794.344565194,28.397748930397672,57349905.43064865
GASOLINA DE AVIAÇÃO,2025,6,Junho,2025-06,0.0,0.0,0.0,,25.0,0.0,,0.0
GLP,2025,6,Junho,2025-06,3922643.4818479163,2060129.249294167,77459194.0,37.59919142283852,25.0,5982772.731142083,29.33845040319473,25955962.767645832
LUBRIFICANTE,2025,6,Junho,2025-06,333748.8289523,529826.0216282556,90843119.0,171.458394438276,25.0,863574.8505805556,114.85610037986532,77597468.45929362
NAFTA,2025,6,Junho,2025-06,3285120.0422115303,1541261.0356903858,102751055.0,66.6668738264535,25.0,4826381.077901917,38.30593835654132,64219529.10774035
OUTROS ENERGÉTICOS,2025,6,Junho,2025-06,0.0,0.0,0.0,,25.0,0.0,,0.0
OUTROS NÃO ENERGÉTICOS,2025,6,Junho,2025-06,1272623.576395144,12211.69523449074,3147107.0,257.71254027952676,25.0,1284835.2716296348,27.211812425987716,2841814.6191377314
PARAFINA,2025,6,Junho,2025-06,57211.170171676655,26906.886720000002,5398187.0,200.6247343356712,25.0,84118.05689167665,81.17717534875182,4725514.832
QUEROSENE DE AVIAÇÃO,2025,6,Junho,2025-06,3005918.6721719694,319795.1833432075,30011495.0,93.8459881923592,25.0,3325713.855515177,31.62011717571814,22016615.41641981
QUEROSENE ILUMINANTE,2025,6,Junho,2025-06,493.41672507000004,0.0,0.0,,25.0,493.41672507000004,25.0,0.0
SOLVENTE,2025,6,Junho,2025-06,184531.62197447,581183.7237055596,53730056.0,92.44934744115584,25.0,765715.3456800296,76.19456352614586,39200462.90736101
ÓLEO COMBUSTÍVEL,2025,6,Junho,2025-06,8735890.96414029,79796.71205943299,6981052.0,87.48545923546922,25.0,8815687.676199723,25.565597872979957,4986134.198514176
ÓLEO DIESEL,2025,6,Junho,2025-06,24889048.07832672,8132290.490355252,687861173.0,84.58394025837994,25.0,33021338.568681974,39.67396331415463,484553910.74111867
ASFALTO,2025,7,Julho,2025-07,1179479.7026343737,201517.044168,14041469.0,69.67881579433033,25.0,1380996.7468023738,31.51959746947068,9003542.895800002
COQUE,2025,7,Julho,2025-07,2456948.452944158,1522985.4244061252,28953923.0,19.011293565918617,25.0,3979933.8773502833,22.708325592528332,-9120712.610153127
GASOLINA A,2025,7,Julho,2025-07,16327845.493592052,1432621.2774642028,111100614.0,77.55058210265629,25.0,17760466.771056253,29.238913483179676,75285082.06339493
GASOLINA DE AVIAÇÃO,2025,7,Julho,2025-07,0.0,0.008735847222222223,11.0,1259.179530065296,25.0,0.008735847222222223,1259.179530065296,10.781603819444443
GLP,2025,7,Julho,2025-07,3932862.35666744,1852545.2255412503,69274939.0,37.39446575711005,25.0,5785407.58220869,28.968831587955783,22961308.361468736
LUBRIFICANTE,2025,7,Julho,2025-07,412010.93462272,529990.0759632678,93129294.0,175.71893932303468,25.0,942001.0105859878,109.79772442200233,79879542.10091831
NAFTA,2025,7,Julho,2025-07,3019119.0523903,2891109.378396871,194464737.0,67.26301621553706,25.0,5910228.430787171,45.67382064347796,122187002.54007824
OUTROS ENERGÉTICOS,2025,7,Julho,2025-07,0.0,0.0,0.0,,25.0,0.0,,0.0
OUTROS NÃO ENERGÉTICOS,2025,7,Julho,2025-07,1136518.8875370375,14190.743183703704,3213284.0,226.43521614076246,25.0,1150709.630720741,27.484132698721737,2858515.4204074075
PARAFINA,2025,7,Julho,2025-07,52717.444983049994,45069.96338650001,8119024.0,180.14268017870023,25.0,97787.40836955,96.50485969433691,6992274.9153375
QUEROSENE DE AVIAÇÃO,2025,7,Julho,2025-07,3095115.9333077,1102392.537353346,102154859.0,92.66650085028348,25.0,4197508.470661046,42.77126742865601,74595045.56616634
QUEROSENE ILUMINANTE,2025,7,Julho,2025-07,282.51939577,0.0,0.0,,25.0,282.51939577,25.0,0.0
SOLVENTE,2025,7,Julho,2025-07,127027.92720249,1000532.6563200009,84552989.0,84.50797529286977,25.0,1127560.583522491,77.80396766442338,59539672.59199998
ÓLEO COMBUSTÍVEL,2025,7,Julho,2025-07,9255485.536900088,311509.16896604124,23868289.0,76.62146536239506,25.0,9566994.70586613,26.680837114500434,16080559.775848966
ÓLEO DIESEL,2025,7,Julho,2025-07,26173777.943524037,10868396.328002153,996161881.0,91.65674961939082,25.0,37042174.27152619,44.55749053739598,724451972.7999461
ASFALTO,2025,8,Agosto,2025-08,1391175.1809508821,120331.336934,8673533.0,72.080417462305,25.0,1511506.5178848822,28.748081473428,5665249.576649999
COQUE,2025,8,Agosto,2025-08,2476932.3306692094,1793707.0598464904,24447788.0,13.629755129632091,25.0,4270639.3905157,20.224394609047174,-20394888.49616226
GASOLINA A,2025,8,Agosto,2025-08,16748310.165577741,942290.579672757,71225003.0,75.58709015719477,25.0,17690600.745250497,27.69452344748545,47667738.50818107
GASOLINA DE AVIAÇÃO,2025,8,Agosto,2025-08,52185.9874871,0.0,0.0,,25.0,52185.9874871,25.0,0.0
GLP,2025,8,Agosto,2025-08,4060246.7490979163,1171037.3613454166,42963095.0,36.68806514476982,25.0,5231284.110443333,27.616405585588556,13687160.966364589
LUBRIFICANTE,2025,8,Agosto,2025-08,289228.81157472,312028.2076008491,60235324.0,193.04448294320198,25.0,601257.0191755691,112.20832711753789,52434618.809978776
NAFTA,2025,8,Agosto,2025-08,2960962.69548367,1410015.0118449999,95168590.0,67.49473530460659,25.0,4370977.70732867,38.708194988826456,59918214.703875
OUTROS ENERGÉTICOS,2025,8,Agosto,2025-08,0.0,0.0,0.0,,25.0,0.0,,0.0
OUTROS NÃO ENERGÉTICOS,2025,8,Agosto,2025-08,940122.7323797547,7039.8698425,1781808.0,253.1024067012074,25.0,947162.6022222546,26.695391319473455,1605811.2539374998
PARAFINA,2025,8,Agosto,2025-08,44679.73689571258,28903.379801000006,5289980.0,183.0228864728469,25.0,73583.11669671259,87.07124283414667,4567395.504975
QUEROSENE DE AVIAÇÃO,2025,8,Agosto,2025-08,3390243.18403479,937048.5675558993,81158524.0,86.6107977857386,25.0,4327291.75159069,38.34144151243798,57732309.811102524
QUEROSENE ILUMINANTE,2025,8,Agosto,2025-08,354.85221077000006,0.0,0.0,,25.0,354.85221077000006,25.000000000000004,0.0
SOLVENTE,2025,8,Agosto,2025-08,193107.97289358,886691.5686396621,84648334.0,95.46536472638975,25.0,1079799.5415332422,82.86355928183633,62481044.78400844
ÓLEO COMBUSTÍVEL,2025,8,Agosto,2025-08,8927146.837895341,165715.93165720618,11388640.0,68.72386913020601,25.0,9092862.769552547,25.79686033894982,7245741.708569846
ÓLEO DIESEL,2025,8,Agosto,2025-08,27291562.53324573,8133625.068231344,736730741.0,90.57839952293277,25.0,35425187.60147707,40.05680422344402,533390114.2942164
ASFALTO,2025,9,Setembro,2025-09,1136074.805918353,293089.3693156,19545801.0,66.6888773401842,25.0,1429164.175233953,33.549449376667894,12218566.767109998
COQUE,2025,9,Setembro,2025-09,2411326.3715179544,4143560.123843423,67089932.0,16.191374082867103,25.0,6554886.4953613775,19.431776794012457,-36499071.09608557
GASOLINA A,2025,9,Setembro,2025-09,15417586.335217258,996479.8682449594,76278530.0,76.54798900688765,25.0,16414066.203462217,28.12942159835089,51366533.293876015
GASOLINA DE AVIAÇÃO,2025,9,Setembro,2025-09,0.0,0.0,0.0,,25.0,0.0,,0.0
GLP,2025,9,Setembro,2025-09,3988891.6577154165,884251.0359545832,33687850.0,38.0976087448206,25.0,4873142.69367,27.376612963987156,11581574.101135422
LUBRIFICANTE,2025,9,Setembro,2025-09,289011.30994492,558321.4938719763,93800887.0,168.00515120685762,25.0,847332.8038168963,119.22844163891732,79842849.6532006
NAFTA,2025,9,Setembro,2025-09,2537219.0008793497,2717980.0219317283,185592356.0,68.28319358583637,25.0,5255199.022811078,47.38599431554508,117642855.45170678
OUTROS ENERGÉTICOS,2025,9,Setembro,2025-09,0.0,0.0,0.0,,25.0,0.0,,0.0
OUTROS NÃO ENERGÉTICOS,2025,9,Setembro,2025-09,833180.3156147992,17033.788262812504,3507912.0,205.93845279023077,25.0,850214.1038776117,28.62504841941948,3082067.293429687
PARAFINA,2025,9,Setembro,2025-09,69931.87023334132,37042.01808650002,6811741.0,183.89227563393857,25.0,106973.88831984135,80.01988046129412,5885690.5478374995
QUEROSENE DE AVIAÇÃO,2025,9,Setembro,2025-09,2927860.1802308704,759174.5920962013,69357457.0,91.35903351097812,25.0,3687034.7723270715,38.663579355341646,50378092.19759496
QUEROSENE ILUMINANTE,2025,9,Setembro,2025-09,480.33392027,0.0,0.0,,25.0,480.33392027,25.0,0.0
SOLVENTE,2025,9,Setembro,2025-09,187073.36564452003,649624.3686268147,56949597.0,87.66542597590801,25.0,836697.7342713347,73.6543540359678,40708987.78432963
ÓLEO COMBUSTÍVEL,2025,9,Setembro,2025-09,10032881.81878091,158848.15944594846,10449128.0,65.78060480175436,25.0,10191729.97822686,25.63560593026801,6477924.013851289
ÓLEO DIESEL,2025,9,Setembro,2025-09,26779840.83201494,10994858.716223452,990603847.0,90.09700557027763,25.0,37774699.5482384,43.94740097615922,715732379.0944136
ASFALTO,2025,10,Outubro,2025-10,1268007.757708539,211690.08467960006,15310232.0,72.32380308776645,25.0,1479697.842388139,31.77028755197859,10017979.883009998
COQUE,2025,10,Outubro,2025-10,2286254.565737447,1750672.451981731,28863254.0,16.48695275197099,25.0,4036927.0177191775,21.30819253503284,-14903557.299543276
GASOLINA A,2025,10,Outubro,2025-10,15503158.797719419,2133444.3852872844,150476214.0,70.53205372388334,25.0,17636603.183006704,30.507869251229444,97140104.3678179
GASOLINA DE AVIAÇÃO,2025,10,Outubro,2025-10,51476.12582031,0.0,0.0,,25.0,51476.12582031,25.0,0.0
GLP,2025,10,Outubro,2025-10,3806766.5970825,1140070.5984795839,42174424.0,36.99281786254683,25.0,4946837.195562083,27.763919348361913,13672659.038010407
LUBRIFICANTE,2025,10,Outubro,2025-10,351701.05998867,409475.67808717466,74049968.0,180.84094358404175,25.0,761176.7380758447,108.83476905656858,63813076.04782063
NAFTA,2025,10,Outubro,2025-10,2498089.3569615795,2810780.5795362717,188599210.0,67.09851753391419,25.0,5308869.936497851,47.2890552842688,118329695.51159322
OUTROS ENERGÉTICOS,2025,10,Outubro,2025-10,0.0,0.0,0.0,,25.0,0.0,,0.0
OUTROS NÃO ENERGÉTICOS,2025,10,Outubro,2025-10,1196003.094228996,17993.428360046302,3957828.0,219.9596386416388,25.0,1213996.5225890423,27.889623014337378,3507992.2909988426
PARAFINA,2025,10,Outubro,2025-10,59659.11902743712,31978.690354500006,6429278.0,201.0488212221386,25.0,91637.80938193713,86.43545747228654,5629810.7411375
QUEROSENE DE AVIAÇÃO,2025,10,Outubro,2025-10,2744659.87831043,1263600.8107091445,115488342.0,91.39622341266691,25.0,4008260.6890195743,45.93135358239213,83898321.73227139
QUEROSENE ILUMINANTE,2025,10,Outubro,2025-10,376.40738964,0.0,0.0,,25.0,376.40738964,25.0,0.0
SOLVENTE,2025,10,Outubro,2025-10,199760.59171400004,611307.703422348,54932695.0,89.86095658939767,25.0,811068.2951363481,73.88614516460142,39650002.4144413
ÓLEO COMBUSTÍVEL,2025,10,Outubro,2025-10,9446020.096995115,25937.36082474227,1759033.0,67.81850365909304,25.0,9471957.457819857,25.11725126346134,1110598.9793814435
ÓLEO DIESEL,2025,10,Outubro,2025-10,25266439.439553306,10059365.158812368,896181603.0,89.08928037222235,25.0,35325804.59836567,43.2500435972948,644697474.0296909
ASFALTO,2025,11,Novembro,2025-11,1264244.0525676666,98157.64576240002,6394673.0,65.14696792421977,25.0,1362401.6983300666,27.892488948575348,3940731.8559399997
COQUE,2025,11,Novembro,2025-11,2234025.9521724405,1575039.250889337,23588545.0,14.976480736388545,25.0,3809065.203061777,20.85529902204266,-15787436.272233423
GASOLINA A,2025,11,Novembro,2025-11,14915368.442549324,3303762.7107914463,242647117.0,73.44568549291232,25.0,18219131.15334077,33.78488923994959,160053049.23021385
GASOLINA DE AVIAÇÃO,2025,11,Novembro,2025-11,0.0,0.0,0.0,,25.0,0.0,,0.0
GLP,2025,11,Novembro,2025-11,3930193.601132083,1626916.0559466667,52162980.0,32.062490138526236,25.0,5557109.65707875,27.067635751383282,11490078.601333333
LUBRIFICANTE,2025,11,Novembro,2025-11,314013.80787972,613281.4002005573,95494904.0,155.71139768590885,25.0,927295.2080802773,111.44805699033252,80162868.99498607
NAFTA,2025,11,Novembro,2025-11,2448222.8249693196,1867987.3636612284,121578874.0,65.08549060080746,25.0,4316210.188630548,42.348365032294,74879189.90846927
OUTROS ENERGÉTICOS,2025,11,Novembro,2025-11,0.0,0.0,0.0,,25.0,0.0,,0.0
OUTROS NÃO ENERGÉTICOS,2025,11,Novembro,2025-11,985148.4130227601,6510.492060578703,1807021.0,277.55521137051784,25.0,991658.9050833387,26.658088976014742,1644258.6984855325
PARAFINA,2025,11,Novembro,2025-11,56724.617587820365,33492.2640965,6192804.0,184.90251904609693,25.0,90216.88168432037,84.36247515544845,5355497.3975875
QUEROSENE DE AVIAÇÃO,2025,11,Novembro,2025-11,2309608.97339968,1739587.1193666165,164621613.0,94.63257756239234,25.0,4049196.0927662966,54.915057764732914,121131935.01583458
QUEROSENE ILUMINANTE,2025,11,Novembro,2025-11,312.96836598000004,0.0,0.0,,25.0,312.96836598000004,25.0,0.0
SOLVENTE,2025,11,Novembro,2025-11,164725.50717946002,131366.3572720378,17363152.0,132.17350591555044,25.0,296091.8644514978,72.54940867517591,14078993.068199055
ÓLEO COMBUSTÍVEL,2025,11,Novembro,2025-11,8146938.396293914,117367.45905524743,7342838.0,62.56280965019074,25.0,8264305.855349162,25.533456965507305,4408651.523618815
ÓLEO DIESEL,2025,11,Novembro,2025-11,23442843.65714655,8617533.487524346,821300179.0,95.30571365797431,25.0,32060377.144670896,43.897526971625105,605861841.8118913
ASFALTO,2025,12,Dezembro,2025-12,892573.8949939705,149014.159178,9573892.0,64.24820334397766,25.0,1041588.0541719706,30.61502025404794,5848538.02055
COQUE,2025,12,Dezembro,2025-12,2512681.137427989,2962135.8098820955,51553650.0,17.404215508286242,25.0,5474816.9473100845,20.89032008492867,-22499745.247052394
GASOLINA A,2025,12,Dezembro,2025-12,16040050.85304448,5746264.24570715,367250591.0,63.91119087054884,25.0,21786315.09875163,35.26304741503226,223593984.85732126
GASOLINA DE AVIAÇÃO,2025,12,Dezembro,2025-12,1930.53767311,0.0,0.0,,25.0,1930.53767311,25.0,0.0
GLP,2025,12,Dezembro,2025-12,4189952.407850417,1053417.526929583,37085350.0,35.20479681792784,25.0,5243369.93478,27.050191377010186,10749911.826760426
LUBRIFICANTE,2025,12,Dezembro,2025-12,285753.03740947996,570740.5847560575,92306264.0,161.73068196902975,25.0,856493.6221655374,116.11305368951825,78037749.38109857
NAFTA,2025,12,Dezembro,2025-12,2419310.1785906795,1337604.4278370715,85826215.0,64.16412297526736,25.0,3756914.606427751,38.94391669548336,52386104.30407321
OUTROS ENERGÉTICOS,2025,12,Dezembro,2025-12,0.0,0.0,0.0,,25.0,0.0,,0.0
OUTROS NÃO ENERGÉTICOS,2025,12,Dezembro,2025-12,1099906.6562084856,6810.1971391550915,1759039.0,258.2948722418681,25.0,1106716.8533476407,26.435583154548798,1588784.071521123
PARAFINA,2025,12,Dezembro,2025-12,59435.141529784436,41641.572047500005,7036909.0,168.98759230254535,25.0,101076.71357728445,84.3199905953411,5995869.6988125
QUEROSENE DE AVIAÇÃO,2025,12,Dezembro,2025-12,3267177.648438,812457.091654654,73356511.0,90.2897048391833,25.0,4079634.7400926542,38.00241004110798,53045083.708633654
QUEROSENE ILUMINANTE,2025,12,Dezembro,2025-12,745.92114752,0.0,0.0,,25.0,745.92114752,25.0,0.0
SOLVENTE,2025,12,Dezembro,2025-12,203844.04958258002,473363.7327793792,37472070.0,79.16126100320538,25.0,677207.7823619592,62.8583609761477,25637976.680515524
ÓLEO COMBUSTÍVEL,2025,12,Dezembro,2025-12,9620137.57427425,94093.73550040205,5708210.0,60.665143855146546,25.0,9714231.309774652,25.345458791897737,3355866.6124899485
ÓLEO DIESEL,2025,12,Dezembro,2025-12,24398177.93379066,9625531.122476285,815525053.0,84.72520036797681,25.0,34023709.05626695,41.896652095965486,574886774.9380928
ASFALTO,2026,1,Janeiro,2026-01,858876.3057502549,212346.28675000003,13805985.0,65.0163711892645,25.0,1071222.592500255,32.932364282400975,8497327.83125
COQUE,2026,1,Janeiro,2026-01,2412156.6619736045,2749625.0959339426,50587818.0,18.39807836886841,25.0,5161781.757907547,21.48322803060406,-18152809.398348566
GASOLINA A,2026,1,Janeiro,2026-01,14155041.523042971,1697989.6363256893,109385848.0,64.42079837230457,25.0,15853031.15936866,29.222290766917503,66936107.09185777
GASOLINA DE AVIAÇÃO,2026,1,Janeiro,2026-01,49164.97287467,0.0,0.0,,25.0,49164.97287467,25.0,0.0
GLP,2026,1,Janeiro,2026-01,3904400.628590833,370777.32601499994,13272533.0,35.796506605862554,25.0,4275177.954605833,25.93635864802126,4003099.8496250007
LUBRIFICANTE,2026,1,Janeiro,2026-01,298061.03196463,484511.78028784896,81149638.0,167.48744055673717,25.0,782572.8122524789,113.21778933783179,69036843.49280378
NAFTA,2026,1,Janeiro,2026-01,3756383.8111589393,2523784.1239646,154473222.0,61.20698697372689,25.0,6280167.935123539,39.55034639915046,91378618.900885
OUTROS ENERGÉTICOS,2026,1,Janeiro,2026-01,0.0,0.0,0.0,,25.0,0.0,,0.0
OUTROS NÃO ENERGÉTICOS,2026,1,Janeiro,2026-01,1099906.6562084856,12850.423984016204,2769258.0,215.49934877203253,25.0,1112757.080192502,27.19993873233869,2447997.4003995946
PARAFINA,2026,1,Janeiro,2026-01,51131.26657342516,36084.517242,6865647.0,190.2657295913284,25.0,87215.78381542515,93.37677548791665,5963534.06895
QUEROSENE DE AVIAÇÃO,2026,1,Janeiro,2026-01,3380122.2822128395,1534603.2874592706,127855394.0,83.31494858953465,25.0,4914725.56967211,43.208608099249105,89490311.81351823
QUEROSENE ILUMINANTE,2026,1,Janeiro,2026-01,280.14184759,0.0,0.0,,25.0,280.14184759,25.0,0.0
SOLVENTE,2026,1,Janeiro,2026-01,133144.22650383,485206.5876938459,43362572.0,89.36929773789629,25.0,618350.8141976759,75.50920382174738,31232407.30765385
ÓLEO COMBUSTÍVEL,2026,1,Janeiro,2026-01,9997760.25247135,38906.0412371134,2397723.0,61.628552372806176,25.0,10036666.293708464,25.141986584725394,1425071.969072165
ÓLEO DIESEL,2026,1,Janeiro,2026-01,23228847.671819482,8312761.148319274,659223925.0,79.30264243587536,25.0,31541608.820138756,39.31141001291615,451404896.2920182
ASFALTO,2026,2,Fevereiro,2026-02,966376.6509239314,176495.3761196,11096033.0,62.86868950312276,25.0,1142872.0270435314,30.84811635848659,6683648.59701
COQUE,2026,2,Fevereiro,2026-02,2416003.9361974015,1464252.3640133943,30676647.0,20.950382429923387,25.0,3880256.300210796,23.4718375175339,-5929662.1003348585
GASOLINA A,2026,2,Fevereiro,2026-02,13211039.194528019,2585236.9922215673,180580827.0,69.85078255623357,25.0,15796276.186749587,32.340331406190735,115949902.19446081
GASOLINA DE AVIAÇÃO,2026,2,Fevereiro,2026-02,0.0,0.0,0.0,,25.0,0.0,,0.0
GLP,2026,2,Fevereiro,2026-02,3731235.459275833,720972.5022091666,24749225.0,34.32755746462549,25.0,4452207.961484999,26.510466829704825,6724912.444770832
LUBRIFICANTE,2026,2,Fevereiro,2026-02,213663.5248399,522147.61905103433,74263259.0,142.22655871718447,25.0,735811.1438909343,108.18652011717417,61209568.523724146
NAFTA,2026,2,Fevereiro,2026-02,3540385.59690438,2788606.3216243004,181009496.0,64.91037999747704,25.0,6328991.91852868,42.58484437838648,111294337.9593925
OUTROS ENERGÉTICOS,2026,2,Fevereiro,2026-02,0.0,0.0,0.0,,25.0,0.0,,0.0
OUTROS NÃO ENERGÉTICOS,2026,2,Fevereiro,2026-02,1008371.9359454168,9542.828389247683,2428524.0,254.48681469912242,25.0,1017914.7643346644,27.15141126447873,2189953.2902688077
PARAFINA,2026,2,Fevereiro,2026-02,43414.24218912575,18075.065349500004,3531488.0,195.37898932673505,25.0,61489.307538625755,75.08368917356859,3079611.3662624997
QUEROSENE DE AVIAÇÃO,2026,2,Fevereiro,2026-02,2938515.19384859,953723.0437469559,89294392.0,93.62717256907531,25.0,3892238.237595546,41.81585553374529,65451315.90632611
QUEROSENE ILUMINANTE,2026,2,Fevereiro,2026-02,2136.17672125,0.0,0.0,,25.0,2136.17672125,25.0,0.0
SOLVENTE,2026,2,Fevereiro,2026-02,178174.75631006,188771.1358436167,21718801.0,115.0536118932529,25.0,366945.8921536767,71.32705520733883,16999522.603909582
ÓLEO COMBUSTÍVEL,2026,2,Fevereiro,2026-02,9031289.997362949,61543.24898863917,4250200.0,69.06037737436617,25.0,9092833.246351589,25.298214945970994,2711618.7752840207
ÓLEO DIESEL,2026,2,Fevereiro,2026-02,23627058.172060058,8686194.251543393,783691312.0,90.22263252525707,25.0,32313252.423603453,42.53263485471937,566536455.711415
ASFALTO,2026,3,Março,2026-03,979388.3500385293,136394.43780399996,8390965.0,61.51984740065348,25.0,1115782.7878425291,29.464223780088446,4981104.054900001
COQUE,2026,3,Março,2026-03,2533878.749483401,2855715.212341846,51429325.0,18.0092625405126,25.0,5389593.961825247,21.295907363347037,-19963555.308546152
GASOLINA A,2026,3,Março,2026-03,15686667.16824385,2125396.1314056353,173660735.0,81.7074673440518,25.0,17812063.299649484,31.76652837390438,120525831.7148591
GASOLINA DE AVIAÇÃO,2026,3,Março,2026-03,0.0,0.0,0.0,,25.0,0.0,,0.0
GLP,2026,3,Março,2026-03,4228432.052502083,1376155.46053,53506770.0,38.88134119628671,25.0,5604587.5130320825,28.408437006707626,19102883.486750003
LUBRIFICANTE,2026,3,Março,2026-03,222873.52379803002,539081.8573573488,91162073.0,169.10617887771005,25.0,761955.3811553788,126.95482371719699,77685026.56606628
NAFTA,2026,3,Março,2026-03,2748717.9505058504,2876390.8995209285,258653201.0,89.92282691586858,25.0,5625108.850026779,58.1981893134544,186743428.51197678
OUTROS ENERGÉTICOS,2026,3,Março,2026-03,0.0,0.0,0.0,,25.0,0.0,,0.0
OUTROS NÃO ENERGÉTICOS,2026,3,Março,2026-03,1280708.2990591303,16215.865447141208,3242138.0,199.93616810452605,25.0,1296924.1645062715,27.18728391486282,2836741.3638214697
PARAFINA,2026,3,Março,2026-03,47057.553164740006,39158.339718500014,6767937.0,172.8351367461718,25.0,86215.89288324001,92.14514358596699,5788978.5070375
QUEROSENE DE AVIAÇÃO,2026,3,Março,2026-03,3450242.52445933,645798.8205653711,94719961.0,146.67100338937823,25.0,4096041.345024701,44.183153651832065,78574990.48586573
QUEROSENE ILUMINANTE,2026,3,Março,2026-03,3053.2813377300004,0.0,0.0,,25.0,3053.2813377300004,25.0,0.0
SOLVENTE,2026,3,Março,2026-03,236961.32701945,529083.2157549524,54436144.0,102.88767887358645,25.0,766044.5427744024,78.79460501980513,41209063.60612619
ÓLEO COMBUSTÍVEL,2026,3,Março,2026-03,9654459.945653392,51874.74758684536,6126436.0,118.10054573747111,25.0,9706334.693240236,25.497568594424457,4829567.310328865
ÓLEO DIESEL,2026,3,Março,2026-03,27934133.384789072,6536189.248226749,754494531.0,115.43339740425851,25.0,34470322.63301582,42.1477884349183,591089799.7943313
ASFALTO,2026,4,Abril,2026-04,1182684.7152786665,150614.7041172,10463150.0,69.46964482204977,25.0,1333299.4193958663,30.023464571900025,6697782.397070001
COQUE,2026,4,Abril,2026-04,2708573.787384316,1499777.3499949616,38824673.0,25.886957820859497,25.0,4208351.1373792775,25.316095118183117,1330239.2501259616
GASOLINA A,2026,4,Abril,2026-04,15276548.27765704,1622091.162035662,164529645.0,101.43057853389796,25.0,16898639.439692702,32.336529452063566,123977365.94910847
GASOLINA DE AVIAÇÃO,2026,4,Abril,2026-04,57328.429216330005,0.0,0.0,,25.0,57328.429216330005,25.0,0.0
GLP,2026,4,Abril,2026-04,4172014.576194583,333281.6492125,15497653.0,46.50016896105406,25.0,4505296.225407083,26.590486265759374,7165611.7696875
LUBRIFICANTE,2026,4,Abril,2026-04,311168.61232622,673934.6743252906,112073158.0,166.29676772782466,25.0,985103.2866515106,121.66477864016547,95224791.14186774
NAFTA,2026,4,Abril,2026-04,3080385.5001985803,1852938.6697602859,202549121.0,109.3123719125597,25.0,4933324.169958866,56.667421169546905,156225654.25599286
OUTROS ENERGÉTICOS,2026,4,Abril,2026-04,0.0,0.0,0.0,,25.0,0.0,,0.0
OUTROS NÃO ENERGÉTICOS,2026,4,Abril,2026-04,1147208.1108220462,8113.126912731483,1707315.0,210.4385914783121,25.0,1155321.2377347776,26.30222381277396,1504486.827181713
PARAFINA,2026,4,Abril,2026-04,51261.47693948504,35117.43594300001,5926505.0,168.7624634560296,25.0,86378.91288248505,83.44677749410171,5048569.101425
QUEROSENE DE AVIAÇÃO,2026,4,Abril,2026-04,3718953.9443650004,136496.07665672957,25895624.0,189.71698406485507,25.0,3855450.02102173,30.831542870739508,22483222.08358176
QUEROSENE ILUMINANTE,2026,4,Abril,2026-04,3245.5042211400005,0.0,0.0,,25.0,3245.5042211400005,25.000000000000004,0.0
SOLVENTE,2026,4,Abril,2026-04,201323.16921229998,291320.1386657085,26793536.0,91.97282454525306,25.0,492643.30787800846,64.6037705604815,19510532.533357285
ÓLEO COMBUSTÍVEL,2026,4,Abril,2026-04,9851316.843338722,38906.0412371134,4942088.0,127.02623661658036,25.0,9890222.884575836,25.401349597010864,3969436.969072165
ÓLEO DIESEL,2026,4,Abril,2026-04,26589485.10386268,7480238.564617547,1047756882.0,140.06998212009168,25.0,34069723.668480225,50.2643938724073,860750917.8845614
ASFALTO,2026,5,Maio,2026-05,1123925.5260854803,261891.26125719998,20960170.0,80.03386557986481,25.0,1385816.7873426804,35.400284222423714,14412888.46857
COQUE,2026,5,Maio,2026-05,2784471.2047288707,3383409.8838903946,77902078.0,23.024723776719817,25.0,6167881.088619266,23.916456234931083,-6683169.0972598605
GASOLINA A,2026,5,Maio,2026-05,15196728.827610241,1395081.396453527,162517110.0,116.49292321805667,25.0,16591810.224063769,32.69295654693183,127640075.08866183
GASOLINA DE AVIAÇÃO,2026,5,Maio,2026-05,0.0,0.0,0.0,,25.0,0.0,,0.0
GLP,2026,5,Maio,2026-05,4178045.0112941666,1876626.424012083,95484927.0,50.88115875287558,25.0,6054671.435306249,33.02178399251838,48569266.39969792
LUBRIFICANTE,2026,5,Maio,2026-05,320113.94865916995,529348.1496566384,112897092.0,213.2756902489046,25.0,849462.0983158083,142.32529144759056,99663388.25858404
NAFTA,2026,5,Maio,2026-05,3455568.72298771,854506.3966499142,93267109.0,109.14735028977312,25.0,4310075.119637624,41.68287607242391,71904449.08375214
OUTROS ENERGÉTICOS,2026,5,Maio,2026-05,0.0,0.0,0.0,,25.0,0.0,,0.0
OUTROS NÃO ENERGÉTICOS,2026,5,Maio,2026-05,1303804.6300122049,14852.993201874997,3052388.0,205.5065910630509,25.0,1318657.6232140798,27.033176104816608,2681063.169953125
PARAFINA,2026,5,Maio,2026-05,57133.18406038324,41752.234351000014,7191975.0,172.2536556855608,25.0,98885.41841138326,87.17467893645731,6148169.141225
QUEROSENE DE AVIAÇÃO,2026,5,Maio,2026-05,3820269.95854241,306776.34472415096,52534114.0,171.24564818463415,25.0,4127046.3032665607,35.870899448447126,44864705.38189623
QUEROSENE ILUMINANTE,2026,5,Maio,2026-05,2326.82086235,0.0,0.0,,25.0,2326.82086235,25.0,0.0
SOLVENTE,2026,5,Maio,2026-05,195909.82536637,243135.30482068812,43879439.0,180.47333369524847,25.0,439045.1301870581,111.09833882766769,37801056.3794828
ÓLEO COMBUSTÍVEL,2026,5,Maio,2026-05,9697192.499795618,61435.23284948454,7841709.0,127.64188619927717,25.0,9758627.732645102,25.64617980637465,6305828.178762887
ÓLEO DIESEL,2026,5,Maio,2026-05,27763675.860540032,8790999.303897275,1321145167.0,150.2838438872703,25.0,36554675.16443731,55.129393284119516,1101370184.402568
ASFALTO,2026,6,Junho,2026-06,1209381.8878214313,221488.61456279998,20139400.0,90.92747290759614,25.0,1430870.5023842312,35.20510564135515,14602184.63593
COQUE,2026,6,Junho,2026-06,2473434.961773921,2596492.795028202,50035739.0,19.270509471780198,25.0,5069927.756802123,22.065721329905394,-14876580.875705043
GASOLINA A,2026,6,Junho,2026-06,14330629.274210222,2285460.3042527703,225033513.0,98.46310285121078,25.0,16616089.578462992,35.10448364525557,167897005.39368075
GASOLINA DE AVIAÇÃO,2026,6,Junho,2026-06,47277.878919229996,0.0,0.0,,25.0,47277.878919229996,24.999999999999996,0.0
GLP,2026,6,Junho,2026-06,3745634.167532083,1603136.4379129165,70912594.0,44.23366116755436,25.0,5348770.605444999,30.764723396585413,30834183.052177083
LUBRIFICANTE,2026,6,Junho,2026-06,244033.98564148002,641545.9193975567,195118368.0,304.1378054173048,25.0,885579.9050390366,227.21746111906998,179079720.01506108
NAFTA,2026,6,Junho,2026-06,3097542.7558592404,1843957.800493557,173183148.0,93.91925778000207,25.0,4941500.556352798,50.71773523819227,127084202.98766108
OUTROS ENERGÉTICOS,2026,6,Junho,2026-06,0.0,0.0,0.0,,25.0,0.0,,0.0
OUTROS NÃO ENERGÉTICOS,2026,6,Junho,2026-06,1238318.8604719,11537.935737604168,2738867.0,237.3792905669902,25.0,1249856.7962095044,26.960559492888613,2450418.606559896
PARAFINA,2026,6,Junho,2026-06,55217.74509501,61627.41264049999,11950914.0,193.92204682865687,25.0,116845.15773551,114.09422423436692,10410228.6839875
QUEROSENE DE AVIAÇÃO,2026,6,Junho,2026-06,3649502.1390966396,0.0158234213836478,10.0,631.9745747486808,25.0,3649502.154920061,25.00000263170538,9.604414465408803
QUEROSENE ILUMINANTE,2026,6,Junho,2026-06,188.01500052,0.0,0.0,,25.0,188.01500052,25.0,0.0
SOLVENTE,2026,6,Junho,2026-06,115788.32606374999,577052.4899171793,68783942.0,119.19876129443982,25.0,692840.8159809293,103.45615976753703,54357629.75207052
ÓLEO COMBUSTÍVEL,2026,6,Junho,2026-06,9504458.444888627,28206.91880294845,3372371.0,119.55829077110997,25.0,9532665.363691576,25.27979562149378,2667198.0299262884
ÓLEO DIESEL,2026,6,Junho,2026-06,25652122.70762138,3637170.2031285125,481012919.0,132.24921907318407,25.0,29289292.910749894,38.31830253159225,390083663.9217872
