ano,cod_inst,nome,tcb,segmento,uf,controle,sr,ativo,data_base_ativo,lucro_1s,lucro_2s,lucro_liquido,exercicio_completo,ano_com_dezembro,lucro_sobre_ativo
2002,C0049906,BB,B1,,DF,Público,,204594607633.14,200212.00,823121549.14,1204554759.32,2027676308.46,True,True,0.01
2002,33657248,BANCO NACIONAL DE DESENVOLVIMENTO ECONOMICO E SOCIAL,B4,BNDES,RJ,Público,,150989064365.75,200212.00,576407770.51,-26839069.66,549568700.85,True,True,0.00
2002,00360305,CAIXA ECONOMICA FEDERAL,B1,Caixa Econômica Federal,DF,Público,,128417933708.84,200212.00,564434072.59,516658494.27,1081092566.86,True,True,0.01
2002,C0010045,BRADESCO,B1,,RJ,Privado nacional,,118954183790.41,200212.00,912552470.98,1103358142.30,2015910613.28,True,True,0.02
2002,C0010069,ITAU,B1,,SP,Privado nacional,,107716519256.88,200212.00,1003215914.78,1251314360.50,2254530275.28,True,True,0.02
2002,C0010100,UNIBANCO,B1,,SP,Privado nacional,,70902473242.24,200212.00,481249231.22,538550169.31,1019799400.53,True,True,0.01
2002,C0030379,SANTANDER BANESPA,B1,,SP,Controle estrangeiro,,54615406216.20,200212.00,1258538496.94,1480428206.13,2738966703.07,True,True,0.05
2002,C0010076,ABN AMRO,B1,,SP,Controle estrangeiro,,36427993249.81,200212.00,392379973.37,445789990.53,838169963.90,True,True,0.02
2002,43073394,BANCO NOSSA CAIXA S.A.,B1,Banco Múltiplo,SP,Público,,28612650842.50,200212.00,171223536.85,100633273.40,271856810.25,True,True,0.01
2002,C0030403,CITIBANK,B1,,SP,Controle estrangeiro,,28251074530.30,200212.00,702500318.34,928195136.25,1630695454.59,True,True,0.06
2002,C0010083,SAFRA,B1,,SP,Privado nacional,,26367776247.70,200212.00,183009976.04,300938250.21,483948226.25,True,True,0.02
2002,C0051152,HSBC,B1,,PR,Controle estrangeiro,,24753873586.99,200212.00,126013233.01,80522031.50,206535264.51,True,True,0.01
2002,C0030300,BANKBOSTON,B1,,SP,Controle estrangeiro,,24372705895.33,200212.00,210225731.93,371823616.89,582049348.82,True,True,0.02
2002,C0051011,VOTORANTIM,B1,,SP,Privado nacional,,18797372489.61,200212.00,110767655.74,278395106.73,389162762.47,True,True,0.02
2002,C0031330,SUDAMERIS,B1,,SP,Controle estrangeiro,,16068607204.95,200212.00,139859927.50,89983831.23,229843758.73,True,True,0.01
2002,C0050452,BILBAO VIZCAYA,B1,,BA,Controle estrangeiro,,14248306262.77,200212.00,56430774.33,148703921.09,205134695.42,True,True,0.01
2002,C0030173,BANRISUL,B1,,RS,Público,,11204850313.03,200212.00,55338838.55,94529941.42,149868779.97,True,True,0.01
2002,07237373,BANCO DO NORDESTE DO BRASIL S.A.,B1,Banco Múltiplo,CE,Público,,11023681373.04,200212.00,25548021.01,135305869.78,160853890.79,True,True,0.01
2002,C0020107,JP MORGAN CHASE,B1,,SP,Controle estrangeiro,,8994335482.80,200212.00,267806655.66,143646483.01,411453138.67,True,True,0.05
2002,C0020121,LLOYDS,B1,,SP,Controle estrangeiro,,8196337179.62,200212.00,162417104.47,183651962.02,346069066.49,True,True,0.04
2002,C0050177,SANTOS,B1,,SP,Privado nacional,,5382529966.84,200212.00,55703605.25,43052896.56,98756501.81,True,True,0.02
2002,01522368,BANCO BANQUE NATIONALE DE PARIS BRASIL S.A.,B1,Banco Múltiplo,SP,Controle estrangeiro,,5359650227.79,200212.00,-7241432.35,44964613.38,37723181.03,True,True,0.01
2002,C0030771,CREDIT SUISSE,B1,,SP,Controle estrangeiro,,5068909326.23,200212.00,112060172.70,133123341.40,245183514.10,True,True,0.05
2002,C0051293,ALFA,B1,,SP,Privado nacional,,4852141895.75,200212.00,45219972.82,56460593.81,101680566.63,True,True,0.02
2002,C0031244,RURAL,B1,,RJ,Privado nacional,,4847516662.78,200212.00,51829118.59,52907204.87,104736323.46,True,True,0.02
2002,C0050146,BANK OF AMERICA,B1,,SP,Controle estrangeiro,,4490530689.26,200212.00,239173441.72,-29775042.60,209398399.12,True,True,0.05
2002,04902979,BANCO DA AMAZONIA S.A.,B1,Banco Comercial,PA,Público,,4382283384.06,200212.00,60457616.98,110109101.70,170566718.68,True,True,0.04
2002,C0049944,PACTUAL,B1,,RJ,Privado nacional,,4185790808.64,200212.00,30327611.52,40647442.63,70975054.15,True,True,0.02
2002,C0020152,MERCANTIL DO BRASIL,B1,,MG,Privado nacional,,3807211073.42,200212.00,12941840.47,9105668.48,22047508.95,True,True,0.01
2002,C0030764,VOLKSWAGEN,B2,,SP,Controle estrangeiro,,3756972697.51,200212.00,31707112.40,42637220.20,74344332.60,True,True,0.02
2002,C0049951,FIBRA,B1,,SP,Privado nacional,,3525755360.69,200212.00,23128458.69,31284784.25,54413242.94,True,True,0.02
2002,C0041856,ABC-BRASIL,B1,,SP,Controle estrangeiro,,3346184956.99,200212.00,45457288.48,58089486.81,103546775.29,True,True,0.03
2002,C0032078,WESTLB,B1,,SP,Controle estrangeiro,,3303713302.57,200212.00,11288912.14,99648821.00,110937733.14,True,True,0.03
2002,01023570,BANCO RABOBANK INTERNATIONAL BRASIL S.A.,B1,Banco Comercial,SP,Controle estrangeiro,,3099091483.96,200212.00,3046899.78,20923639.60,23970539.38,True,True,0.01
2002,C0051073,ING,B1,,SP,Controle estrangeiro,,2986172834.99,200212.00,20298594.28,55983568.85,76282163.13,True,True,0.03
2002,61190658,BANCO FIAT S.A.,B2,Banco Múltiplo,SP,Controle estrangeiro,,2795903264.11,200212.00,24038490.87,38240477.39,62278968.26,True,True,0.02
2002,60498557,BANCO DE TOKYO-MITSUBISHI BRASIL S.A.,B1,Banco Múltiplo,SP,Controle estrangeiro,,2714838740.48,200212.00,28795355.83,34362228.52,63157584.35,True,True,0.02
2002,C0030795,GM,B2,,SP,Controle estrangeiro,,2588469819.56,200212.00,8707264.95,24019084.96,32726349.91,True,True,0.01
2002,C0032119,BIC,B1,,SP,Privado nacional,,2473134853.95,200212.00,26677929.45,26582840.30,53260769.75,True,True,0.02
2002,C0051183,DEUTSCHE,B1,,SP,Controle estrangeiro,,2266251195.79,200212.00,75263592.32,7201124.55,82464716.87,True,True,0.04
2002,C0030159,BANESTES,B1,,ES,Público,,2254284533.71,200212.00,-4829644.77,-28666007.21,-33495651.98,True,True,-0.01
2002,C0051059,DRESDNER,B1,,SP,Controle estrangeiro,,2232324754.81,200212.00,11675119.56,71360026.65,83035146.21,True,True,0.04
2002,C0030513,BNL,B1,,SP,Controle estrangeiro,,2179403027.04,200212.00,31086341.35,10800756.62,41887097.97,True,True,0.02
2002,92816560,BANCO REGIONAL DE DESENVOLVIMENTO DO EXTREMO SUL,B4,Banco de Desenvolvimento,RS,Público,,2081784001.36,200212.00,10243513.27,36420477.93,46663991.20,True,True,0.02
2002,83876003,BANCO DO ESTADO DE SANTA CATARINA S.A.,B1,Banco Comercial,SC,Público,,2034785342.81,200212.00,38972607.95,-981283917.80,-942311309.85,True,True,-0.46
2002,C0050885,BRASCAN,B1,,RJ,Controle estrangeiro,,1987833305.85,200212.00,12619221.14,-2234626.18,10384594.96,True,True,0.01
2002,C0031323,SS,B1,,SP,Privado nacional,,1913775986.71,200212.00,10926120.84,6753294.12,17679414.96,True,True,0.01
2002,01181521,BANCO COOPERATIVO SICREDI S.A. - BANSICREDI,B1,Banco Múltiplo Cooperativo,RS,Privado nacional,,1727543146.76,200212.00,857037.83,3579970.35,4437008.18,True,True,0.00
2002,02992446,BANCO NEW HOLLAND BRASIL S.A.,B2,Banco Múltiplo,PR,Controle estrangeiro,,1676336953.39,200212.00,19929098.35,21760222.49,41689320.84,True,True,0.02
2002,C0031976,BRB,B1,,DF,Público,,1551170319.58,200212.00,25391168.25,2214522.96,27605691.21,True,True,0.02
2002,C0051262,DAIMLERCHRYSLER,B2,,SP,Controle estrangeiro,,1358156903.10,200212.00,34120979.72,26908974.65,61029954.37,True,True,0.04
2002,C0031873,SOFISA,B1,,SP,Privado nacional,,1309202204.11,200212.00,17876827.42,28714243.17,46591070.59,True,True,0.04
2002,C0030290,BMG,B1,,MG,Privado nacional,,1288237529.26,200212.00,33414450.99,51866226.80,85280677.79,True,True,0.07
2002,C0030276,BMC,B1,,SP,Privado nacional,,1275728957.42,200212.00,23105803.86,8120095.93,31225899.79,True,True,0.02
2002,60518222,BANCO SUMITOMO MITSUI BRASILEIRO S.A.,B1,Banco Múltiplo,SP,Controle estrangeiro,,1258745300.82,200212.00,51674956.55,76443389.98,128118346.53,True,True,0.10
2002,02038232,BANCO COOPERATIVO DO BRASIL S.A.,B1,Banco Comercial Cooperativo,DF,Privado nacional,,1164220844.54,200212.00,2252604.15,3076181.60,5328785.75,True,True,0.00
2002,C0030214,BEC,B1,,CE,Público,,1112619032.74,200212.00,25248098.40,22884851.21,48132949.61,True,True,0.04
2002,C0050108,SUL AMERICA,B2,,SP,Privado nacional,,1085091173.69,200212.00,-2177044.53,-2409441.23,-4586485.76,True,True,-0.00
2002,C0030207,BBM,B1,,BA,Privado nacional,,1081200083.53,200212.00,5688135.76,11265254.96,16953390.72,True,True,0.02
2002,C0031158,PEBB,B1,,RJ,Privado nacional,,1079224754.53,200212.00,11654105.31,-7022809.31,4631296.00,True,True,0.00
2002,38486817,BANCO DE DESENVOLVIMENTO DE MINAS GERAIS S.A.,B4,Banco de Desenvolvimento,MG,Público,,991823015.83,200212.00,4926264.97,23401906.15,28328171.12,True,True,0.03
2002,62421979,BANCO GE CAPITAL S.A.,B1,Banco Múltiplo,SP,Controle estrangeiro,,938997560.05,200212.00,-24317493.39,-34002923.44,-58320416.83,True,True,-0.06
2002,C0051217,BARCLAYS,B1,,SP,Controle estrangeiro,,877292675.39,200212.00,-68718956.36,-100523356.19,-169242312.55,True,True,-0.19
2002,C0050304,PINE,B1,,SP,Privado nacional,,869448004.67,200212.00,16037285.11,1963973.14,18001258.25,True,True,0.02
2002,C0050414,PROSPER,B1,,RJ,Privado nacional,,866379744.75,200212.00,-22868776.25,-3602731.68,-26471507.93,True,True,-0.03
2002,C0050988,INDUSTRIAL DO BRASIL,B1,,SP,Privado nacional,,846291310.72,200212.00,13137210.27,12114553.64,25251763.91,True,True,0.03
2002,32254138,BANCO BVA S.A.,B1,Banco Múltiplo,RJ,Privado nacional,,815268497.40,200212.00,13047193.60,4686781.61,17733975.21,True,True,0.02
2002,C0051107,OPPORTUNITY,B1,,RJ,Privado nacional,,801005192.77,200212.00,11268177.32,3815076.51,15083253.83,True,True,0.02
2002,C0050720,CRUZEIRO DO SUL,B1,,SP,Privado nacional,,778720910.37,200212.00,5384105.68,4635983.69,10020089.37,True,True,0.01
2002,91884981,BANCO JOHN DEERE S.A.,B1,Banco Múltiplo,RS,Controle estrangeiro,,776470065.92,200212.00,14221701.98,17211449.14,31433151.12,True,True,0.04
2002,C0051066,CREDIT LYONNAIS,B1,,SP,Controle estrangeiro,,733966966.70,200212.00,-3285275.31,15139952.38,11854677.07,True,True,0.02
2002,06271464,BANCO DO ESTADO DO MARANHAO S.A. - BEM,B1,Banco Múltiplo,MA,Público,,728087742.77,200212.00,755061.53,-12972992.60,-12217931.07,True,True,-0.02
2002,C0051145,INTER AMEX,B1,,SP,Controle estrangeiro,,716445766.37,200212.00,11931618.07,9514733.44,21446351.51,True,True,0.03
2002,13009717,BANCO DO ESTADO DE SERGIPE S.A.,B1,Banco Múltiplo,SE,Público,,699310477.21,200212.00,8129475.37,12626483.92,20755959.29,True,True,0.03
2002,62232889,BANCO DAYCOVAL S.A.,B1,Banco Múltiplo,SP,Privado nacional,,686232624.44,200212.00,43151298.88,39370917.91,82522216.79,True,True,0.12
2002,61535100,BANCO ZOGBI S.A.,B1,Banco Múltiplo,SP,Privado nacional,,674407315.91,200212.00,15506893.53,23999254.50,39506148.03,True,True,0.06
2002,C0050191,SCHAHIN,B1,,SP,Privado nacional,,611324084.35,200212.00,2496701.33,2979860.51,5476561.84,True,True,0.01
2002,04184779,IBIBANK S.A. - BANCO MULTIPLO,B1,Banco Múltiplo,SP,Controle estrangeiro,,578719875.24,200212.00,17862231.26,28022250.98,45884482.24,True,True,0.08
2002,17351180,BANCO TRIANGULO S.A.,B1,Banco Múltiplo,MG,Privado nacional,,568011639.64,200212.00,3663100.69,10410139.53,14073240.22,True,True,0.02
2002,31597552,BANCO CLASSICO S.A.,B1,Banco Múltiplo,RJ,Privado nacional,,557339382.49,200212.00,56126337.02,30788612.86,86914949.88,True,True,0.16
2002,04913711,BANCO DO ESTADO DO PARÁ S.A.,B1,Banco Múltiplo,PA,Público,,542208166.99,200212.00,1131651.26,3271622.87,4403274.13,True,True,0.01
2002,74828799,BANCO COMERCIAL URUGUAI S.A.,B1,Banco Múltiplo,RS,Controle estrangeiro,,521153612.52,200212.00,5187052.76,6806517.46,11993570.22,True,True,0.02
2002,C0020255,PRIMUS,B1,,RJ,Controle estrangeiro,,513491875.66,200212.00,3581760.15,768525.96,4350286.11,True,True,0.01
2002,C0031677,ARBI,B1,,RJ,Privado nacional,,487458628.45,200212.00,-1334120.41,-87565.65,-1421686.06,True,True,-0.00
2002,90731688,BANCO FORD S.A.,B2,Banco Múltiplo,SP,Controle estrangeiro,,484554589.75,200212.00,17683197.24,10098002.06,27781199.30,True,True,0.06
2002,C0031859,SOCIETE GENERALE,B1,,SP,Controle estrangeiro,,453135419.39,200212.00,9360651.68,-16530730.14,-7170078.46,True,True,-0.02
2002,C0050933,VOLVO,B2,,PR,Controle estrangeiro,,370411069.88,200212.00,4568741.95,3534915.07,8103657.02,True,True,0.02
2002,C0051365,PSA FINANCE,B2,,SP,Controle estrangeiro,,353564037.66,200212.00,2698986.41,4272751.77,6971738.18,True,True,0.02
2002,C0050531,INDUSVAL,B1,,SP,Privado nacional,,319236239.20,200212.00,4126266.90,3493154.83,7619421.73,True,True,0.02
2002,C0050201,STOCK,B1,,RJ,Privado nacional,,284445159.14,200212.00,640105.69,5596291.76,6236397.45,True,True,0.02
2002,C0051334,TOYOTA,B2,,SP,Controle estrangeiro,,276650211.06,200212.00,1330599.51,7511765.02,8842364.53,True,True,0.03
2002,C0051482,BES,B2,,SP,Controle estrangeiro,,270158843.51,200212.00,,8913456.15,8913456.15,False,True,0.03
2002,21594726,BANCO ROYAL DE INVESTIMENTO S.A.,B2,Banco de Investimento,SP,Privado nacional,,269225228.03,200212.00,-3509706.87,-1262140.87,-4771847.74,True,True,-0.02
2002,C0051468,RENDIMENTO,B1,,SP,Privado nacional,,269028928.44,200212.00,3260412.38,14980194.84,18240607.22,True,True,0.07
2002,31880826,BANCO GUANABARA S.A.,B1,Banco Múltiplo,RJ,Privado nacional,,245296942.58,200212.00,6897176.40,3444185.35,10341361.75,True,True,0.04
2002,03609817,BANCO CARGILL S.A.,B1,Banco Múltiplo,SP,Controle estrangeiro,,228177817.65,200212.00,16488171.17,26012758.11,42500929.28,True,True,0.19
2002,00558456,BANCO BGN S.A.,B1,Banco Comercial,PE,Privado nacional,,202472930.32,200212.00,2916440.93,788897.08,3705338.01,True,True,0.02
2002,30723886,BANCO MODAL S.A.,B1,Banco Múltiplo,RJ,Privado nacional,,195315861.20,200212.00,1028717.85,5962844.52,6991562.37,True,True,0.04
2002,59601047,BANCO AGF S.A.,B2,Banco Múltiplo,SP,Controle estrangeiro,,192825048.22,200212.00,-2253994.23,3161038.30,907044.07,True,True,0.00
2002,06833131,BANCO DO ESTADO DO PIAUI S.A. - BEP,B1,Banco Múltiplo,PI,Público,,188499690.93,200212.00,1240045.13,3063774.32,4303819.45,True,True,0.02
2002,C0050476,INTERCAP,B1,,SP,Privado nacional,,187327353.24,200212.00,5647274.53,5609449.10,11256723.63,True,True,0.06
2002,C0050122,FATOR,B1,,SP,Privado nacional,,186027189.80,200212.00,607144.75,-4385983.07,-3778838.32,True,True,-0.02
2002,60850229,BANCO PECUNIA S.A.,B1,Banco Múltiplo,SP,Privado nacional,,184475894.11,200212.00,4286428.23,4804942.24,9091370.47,True,True,0.05
2002,C0050294,OURINVEST,B2,,SP,Privado nacional,,175267257.89,200212.00,4564290.44,8029560.23,12593850.67,True,True,0.07
2002,C0051255,MERRILL LYNCH,B2,,SP,Controle estrangeiro,,173454013.06,200212.00,12114369.85,3920257.37,16034627.22,True,True,0.09
2002,61348538,BANCO FICSA S.A.,B1,Banco Múltiplo,SP,Privado nacional,,164296320.65,200212.00,4005413.86,1585572.09,5590985.95,True,True,0.03
2002,14388334,PARANA BANCO S.A.,B1,Banco Múltiplo,PR,Privado nacional,,162676746.15,200212.00,6638807.75,6238882.08,12877689.83,True,True,0.08
2002,C0031103,UBS,B1,,RJ,Controle estrangeiro,,160137354.69,200212.00,1168315.43,1851844.52,3020159.95,True,True,0.02
2002,C0050328,SOCOPA,B1,,SP,Privado nacional,,153704740.68,200212.00,-5091.07,1716696.93,1711605.86,True,True,0.01
2002,59118133,BANCO LUSO BRASILEIRO SA,B1,Banco Múltiplo,SP,Privado nacional,,139962031.19,200212.00,150874.13,565148.52,716022.65,True,True,0.01
2002,44189447,BANCO DE LA PROVINCIA DE BUENOS AIRES,B1,Banco Comercial Estrangeiro - Filial no país,SP,Controle estrangeiro,,138136293.77,200212.00,7980000.05,24188700.07,32168700.12,True,True,0.23
2002,C0050706,BONSUCESSO,B1,,MG,Privado nacional,,127027997.43,200212.00,1736313.94,2355378.20,4091692.14,True,True,0.03
2002,43717511,BANCO MORADA S.A,B1,Banco Múltiplo,RJ,Privado nacional,,125948675.59,200212.00,1840794.76,1359693.31,3200488.07,True,True,0.03
2002,00517645,BANCO RIBEIRAO PRETO S.A.,B1,Banco Múltiplo,SP,Privado nacional,,120970710.38,200212.00,3047022.95,2775112.21,5822135.16,True,True,0.05
2002,92874270,BANCO A.J. RENNER S.A.,B1,Banco Múltiplo,RS,Privado nacional,,120367968.09,200212.00,2978845.56,5602748.95,8581594.51,True,True,0.07
2002,69141539,BANCO CREDIBEL S.A.,B1,Banco Múltiplo,SP,Privado nacional,,113127744.04,200212.00,473878.79,3620133.26,4094012.05,True,True,0.04
2002,C0050524,VR,B1,,SP,Privado nacional,,108633273.77,200212.00,131847.60,2283420.64,2415268.24,True,True,0.02
2002,33603457,BANCO REDE S.A.,B2,Banco Múltiplo,SP,Privado nacional,,105014114.42,200212.00,2043150.39,5844959.80,7888110.19,True,True,0.08
2002,C0051396,HONDA,B2,,SP,Controle estrangeiro,,98635049.72,200212.00,2150927.22,2961602.54,5112529.76,True,True,0.05
2002,05040481,BANCO DE LAGE LANDEN FINANCIAL SERVICES BRASIL S.A.,B2,Banco Múltiplo,RS,Controle estrangeiro,,94347245.42,200212.00,,16666331.50,16666331.50,False,True,0.18
2002,C0050861,GERDAU,B1,,RS,Privado nacional,,92370134.58,200212.00,2545982.02,2789108.82,5335090.84,True,True,0.06
2002,33132044,BANCO CEDULA S.A.,B1,Banco Múltiplo,RJ,Privado nacional,,70959509.67,200212.00,1078844.32,1491150.93,2569995.25,True,True,0.04
2002,92894922,BANCO MATONE S.A.,B1,Banco Múltiplo,RS,Privado nacional,,69566774.43,200212.00,679407.03,990132.98,1669540.01,True,True,0.02
2002,27937333,BANCO BRJ S.A.,B2,Banco Múltiplo,RJ,Privado nacional,,68754362.64,200212.00,14498069.81,-10109325.90,4388743.91,True,True,0.06
2002,57839805,BANCO TRICURY S.A.,B2,Banco Múltiplo,SP,Privado nacional,,53744460.56,200212.00,604101.80,1950424.25,2554526.05,True,True,0.05
2002,30280184,BANCO BOREAL DE INVESTIMENTO S.A.,B2,Banco de Investimento,RJ,Privado nacional,,42168975.03,200212.00,-2338523.80,3744255.00,1405731.20,True,True,0.03
2002,00795423,BANCO EMBLEMA S.A.,B1,Banco Múltiplo,MG,Privado nacional,,39664314.00,200212.00,-1469252.83,-2321138.08,-3790390.91,True,True,-0.10
2002,51938876,BANCO DE LA REPUBLICA ORIENTAL DEL URUGUAY,B1,Banco Comercial Estrangeiro - Filial no país,SP,Controle estrangeiro,,38338832.47,200212.00,3647003.13,5744825.49,9391828.62,True,True,0.24
2002,33042151,BANCO DE LA NACION ARGENTINA,B1,Banco Comercial Estrangeiro - Filial no país,SP,Controle estrangeiro,,37368342.44,200212.00,1143521.68,2175896.46,3319418.14,True,True,0.09
2002,40429946,BANCO PORTO REAL DE INVESTIMENTO S.A,B2,Banco de Investimento,RJ,Privado nacional,,33427649.17,200212.00,528074.70,664649.39,1192724.09,True,True,0.04
2002,C0042264,TENDENCIA,B2,,SP,Privado nacional,,33425111.90,200212.00,-87810.30,-945657.21,-1033467.51,True,True,-0.03
2002,04332281,GOLDMAN SACHS DO BRASIL BANCO MULTIPLO S.A.,B2,Banco Múltiplo,SP,Controle estrangeiro,,31945216.92,200212.00,-2975872.84,-2164744.32,-5140617.16,True,True,-0.16
2002,50290345,BANCO UNION - BRASIL S.A.,B1,Banco Comercial,SP,Controle estrangeiro,,31305459.11,200212.00,-1925829.72,-1391741.46,-3317571.18,True,True,-0.11
2002,02318507,BANCO KEB DO BRASIL S.A.,B1,Banco Comercial,SP,Controle estrangeiro,,30412136.57,200212.00,47425.35,826319.44,873744.79,True,True,0.03
2002,48795256,BANCO PATAGON S.A.,B1,Banco Múltiplo,SP,Controle estrangeiro,,30064603.72,200212.00,-49082.92,-1414459.01,-1463541.93,True,True,-0.05
2002,03532415,BANCO CR2 DE INVESTIMENTOS S.A.,B2,Banco de Investimento,RJ,Privado nacional,,28730753.58,200212.00,1419538.36,2399608.60,3819146.96,True,True,0.13
2002,04866275,BANCO STANDARD DE INVESTIMENTOS S.A.,B2,Banco de Investimento,SP,Controle estrangeiro,,28711683.84,200212.00,1035567.93,4456198.77,5491766.70,True,True,0.19
2002,00253448,BANCO POTTENCIAL S.A.,B1,Banco Comercial,MG,Privado nacional,,27669558.38,200212.00,156469.10,233529.81,389998.91,True,True,0.01
2002,15173776,BANCO CAPITAL S.A.,B1,Banco Comercial,BA,Privado nacional,,23856222.88,200212.00,861308.71,1004309.96,1865618.67,True,True,0.08
2002,80271455,BANCO MAXINVEST S.A.,B2,Banco Múltiplo,PR,Privado nacional,,22361476.71,200212.00,1014771.89,1644328.63,2659100.52,True,True,0.12
2002,33588252,BANCO INDUSCRED DE INVESTIMENTO S.A.,B2,Banco de Investimento,SP,Privado nacional,,19915683.81,200212.00,179926.08,-263272.68,-83346.60,True,True,-0.00
2002,00689364,BANCO OK DE INVESTIMENTOS S.A.,B2,Banco de Investimento,DF,Privado nacional,,16272059.69,200212.00,-390438.63,217115.13,-173323.50,True,True,-0.01
2002,45246410,BANCO EQUITY DE INVESTIMENTO S.A.,B2,Banco de Investimento,RJ,Privado nacional,,11011060.49,200212.00,,-659287.57,-659287.57,False,True,-0.06
2002,33877150,BANCO STERLING S.A.,B2,Banco Múltiplo,RJ,Privado nacional,,4532608.26,200212.00,-83878.82,-16722.00,-100600.82,True,True,-0.02
2002,04095983,BANCO ABB S.A.,B2,Banco Múltiplo,SP,Controle estrangeiro,,,,-12263708.30,,-12263708.30,False,True,
2002,C0050012,BBA-CREDITANSTALT,B1,,SP,Privado nacional,,,,169778441.18,,169778441.18,False,True,
2003,C0049906,BB,B1,,DF,Público,,230144446734.32,200312.00,1078895236.83,1302086681.24,2380981918.07,True,True,0.01
2003,33657248,BANCO NACIONAL DE DESENVOLVIMENTO ECONOMICO E SOCIAL,B4,BNDES,RJ,Público,,151893420660.62,200312.00,-2401373636.38,3439198089.51,1037824453.13,True,True,0.01
2003,00360305,CAIXA ECONOMICA FEDERAL,B1,Caixa Econômica Federal,DF,Público,,150495475916.87,200312.00,860006313.84,756139075.25,1616145389.09,True,True,0.01
2003,C0010045,BRADESCO,B1,,SP,Privado nacional,,147163870749.33,200312.00,1029385402.96,1279729736.95,2309115139.91,True,True,0.02
2003,C0010069,ITAU,B1,,SP,Privado nacional,,109959314391.87,200312.00,1679185238.42,389126013.95,2068311252.37,True,True,0.02
2003,C0010100,UNIBANCO,B1,,SP,Privado nacional,,63631575777.59,200312.00,508293718.11,582746130.14,1091039848.25,True,True,0.02
2003,C0030379,SANTANDER BANESPA,B1,,SP,Controle estrangeiro,,57040603456.19,200312.00,993096737.40,654102856.07,1647199593.47,True,True,0.03
2003,C0010076,ABN AMRO,B1,,SP,Controle estrangeiro,,54452379736.62,200312.00,98758983.83,245700154.15,344459137.98,True,True,0.01
2003,C0010083,SAFRA,B1,,SP,Privado nacional,,34020656141.13,200312.00,280738741.74,353912448.44,634651190.18,True,True,0.02
2003,43073394,BANCO NOSSA CAIXA S.A.,B1,Banco Múltiplo,SP,Público,,27535457615.91,200312.00,250270723.16,199071254.84,449341978.00,True,True,0.02
2003,C0051152,HSBC,B1,,PR,Controle estrangeiro,,26265205008.75,200312.00,113361241.02,79314634.93,192675875.95,True,True,0.01
2003,C0051011,VOTORANTIM,B1,,SP,Privado nacional,,24963456886.23,200312.00,320415927.86,315686028.43,636101956.29,True,True,0.03
2003,C0030403,CITIBANK,B1,,SP,Controle estrangeiro,,20352465145.87,200312.00,-220476417.51,74126891.01,-146349526.50,True,True,-0.01
2003,C0030300,BANKBOSTON,B1,,SP,Controle estrangeiro,,19457776022.49,200312.00,238172825.22,279860501.64,518033326.86,True,True,0.03
2003,07237373,BANCO DO NORDESTE DO BRASIL S.A.,B1,Banco Múltiplo,CE,Público,,12755944242.17,200312.00,24713441.65,60001809.25,84715250.90,True,True,0.01
2003,C0030173,BANRISUL,B1,,RS,Público,,11800774598.57,200312.00,100789988.84,184874106.40,285664095.24,True,True,0.02
2003,C0030771,CREDIT SUISSE,B1,,SP,Controle estrangeiro,,9205768732.34,200312.00,-38817896.01,-10324854.69,-49142750.70,True,True,-0.01
2003,C0049944,PACTUAL,B1,,RJ,Privado nacional,,6725273784.05,200312.00,30067250.43,152496710.52,182563960.95,True,True,0.03
2003,C0020107,JP MORGAN CHASE,B1,,SP,Controle estrangeiro,,6317685390.50,200312.00,153625444.40,104911194.37,258536638.77,True,True,0.04
2003,01522368,BANCO BNP PARIBAS BRASIL S.A.,B1,Banco Múltiplo,SP,Controle estrangeiro,,6184310970.51,200312.00,113716015.36,101786637.47,215502652.83,True,True,0.03
2003,C0051293,ALFA,B1,,SP,Privado nacional,,6159316851.97,200312.00,53605752.77,61594893.95,115200646.72,True,True,0.02
2003,C0050177,SANTOS,B1,,SP,Privado nacional,,6138614713.55,200312.00,45226510.60,66899655.03,112126165.63,True,True,0.02
2003,C0031244,RURAL,B1,,RJ,Privado nacional,,5992493943.80,200312.00,47720620.06,76437745.88,124158365.94,True,True,0.02
2003,C0049951,FIBRA,B1,,SP,Privado nacional,,5749124567.33,200312.00,40212709.32,50141038.55,90353747.87,True,True,0.02
2003,C0051183,DEUTSCHE,B1,,SP,Controle estrangeiro,,4490108748.21,200312.00,-81322464.54,-6257506.37,-87579970.91,True,True,-0.02
2003,04902979,BANCO DA AMAZONIA S.A.,B1,Banco Comercial,PA,Público,,4367309440.89,200312.00,53850716.91,239017227.71,292867944.62,True,True,0.07
2003,C0032119,BIC,B1,,SP,Privado nacional,,4163381679.46,200312.00,35210354.46,40886900.75,76097255.21,True,True,0.02
2003,C0030207,BBM,B1,,BA,Privado nacional,,4139510941.38,200312.00,22684513.41,85912994.94,108597508.35,True,True,0.03
2003,C0020152,MERCANTIL DO BRASIL,B1,,MG,Privado nacional,,3999277021.28,200312.00,16916669.26,32028390.30,48945059.56,True,True,0.01
2003,C0030764,VOLKSWAGEN,B2,,SP,Controle estrangeiro,,3656704259.27,200312.00,19427774.96,14577704.10,34005479.06,True,True,0.01
2003,C0050720,CRUZEIRO DO SUL,B1,,SP,Privado nacional,,2579907642.49,200312.00,14783860.06,13604038.53,28387898.59,True,True,0.01
2003,61088183,BANCO WESTLB DO BRASIL S.A.,B1,Banco Múltiplo,SP,Controle estrangeiro,,2538960095.95,200312.00,,23174756.40,23174756.40,False,True,0.01
2003,01023570,BANCO RABOBANK INTERNATIONAL BRASIL S.A.,B1,Banco Múltiplo,SP,Controle estrangeiro,,2515009377.85,200312.00,27967731.01,14007276.71,41975007.72,True,True,0.02
2003,C0030159,BANESTES,B1,,ES,Público,,2507350763.00,200312.00,20660125.06,18675114.67,39335239.73,True,True,0.02
2003,02992446,BANCO CNH CAPITAL S.A.,B2,Banco Múltiplo,PR,Controle estrangeiro,,2482920059.14,200312.00,31625205.69,41787387.72,73412593.41,True,True,0.03
2003,83876003,BANCO DO ESTADO DE SANTA CATARINA S.A.,B1,Banco Comercial,SC,Público,,2426576660.69,200312.00,-12314134.04,22958397.86,10644263.82,True,True,0.00
2003,92816560,BANCO REGIONAL DE DESENVOLVIMENTO DO EXTREMO SUL,B4,Banco de Desenvolvimento,RS,Público,,2397798024.57,200312.00,31237881.11,30412045.43,61649926.54,True,True,0.03
2003,C0031323,SS,B1,,SP,Privado nacional,,2365171852.24,200312.00,13220217.09,21110443.06,34330660.15,True,True,0.01
2003,C0041856,ABC-BRASIL,B1,,SP,Controle estrangeiro,,2342040693.16,200312.00,48989240.83,46376459.18,95365700.01,True,True,0.04
2003,C0030276,BMC,B1,,SP,Privado nacional,,2199301680.65,200312.00,7816295.27,907133.78,8723429.05,True,True,0.00
2003,59274605,BANCO GENERAL MOTORS S.A.,B2,Banco Múltiplo,SP,Controle estrangeiro,,2178684770.24,200312.00,21062272.25,38304575.16,59366847.41,True,True,0.03
2003,C0030290,BMG,B1,,MG,Privado nacional,,2063412347.85,200312.00,38628343.73,51560868.18,90189211.91,True,True,0.04
2003,60498557,BANCO DE TOKYO-MITSUBISHI BRASIL S.A.,B1,Banco Múltiplo,SP,Controle estrangeiro,,1998579495.74,200312.00,-64715108.68,36642469.67,-28072639.01,True,True,-0.01
2003,01181521,BANCO COOPERATIVO SICREDI S.A. - BANSICREDI,B1,Banco Múltiplo Cooperativo,RS,Privado nacional,,1997094729.18,200312.00,3094076.52,1435065.36,4529141.88,True,True,0.00
2003,C0051073,ING,B1,,SP,Controle estrangeiro,,1771229377.97,200312.00,60806722.14,-20573006.98,40233715.16,True,True,0.02
2003,C0031976,BRB,B1,,DF,Público,,1768605522.50,200312.00,2437251.71,11265862.03,13703113.74,True,True,0.01
2003,02038232,BANCO COOPERATIVO DO BRASIL S.A.,B1,Banco Comercial Cooperativo,DF,Privado nacional,,1708652135.15,200312.00,2661240.07,4438770.02,7100010.09,True,True,0.00
2003,32254138,BANCO BVA S.A.,B1,Banco Múltiplo,RJ,Privado nacional,,1617320350.58,200312.00,5686323.31,3683846.70,9370170.01,True,True,0.01
2003,61383170,LLOYDS TSB BANK PLC,B1,Banco Comercial Estrangeiro - Filial no país,SP,Controle estrangeiro,,1471262946.98,200312.00,,-162840453.22,-162840453.22,False,True,-0.11
2003,C0051262,DAIMLERCHRYSLER,B2,,SP,Controle estrangeiro,,1409016091.53,200312.00,9263209.72,264309.25,9527518.97,True,True,0.01
2003,C0030513,BNL,B1,,SP,Controle estrangeiro,,1379177899.10,200312.00,-8631626.80,14130721.48,5499094.68,True,True,0.00
2003,C0030214,BEC,B1,,CE,Público,,1360418962.11,200312.00,38382095.22,49288279.88,87670375.10,True,True,0.06
2003,C0051059,DRESDNER,B1,,SP,Controle estrangeiro,,1338389847.80,200312.00,42637729.68,-4204213.17,38433516.51,True,True,0.03
2003,62237425,BANCO FIDIS DE INVESTIMENTO S.A.,B2,Banco de Investimento,SP,Controle estrangeiro,,1257773530.56,200312.00,33377599.56,29110818.96,62488418.52,True,True,0.05
2003,38486817,BANCO DE DESENVOLVIMENTO DE MINAS GERAIS S.A.,B4,Banco de Desenvolvimento,MG,Público,,1237250784.42,200312.00,20980923.22,19659153.47,40640076.69,True,True,0.03
2003,C0050304,PINE,B1,,SP,Privado nacional,,1228708265.42,200312.00,13596318.39,14442343.60,28038661.99,True,True,0.02
2003,C0050146,BANK OF AMERICA,B2,,SP,Controle estrangeiro,,1179258962.54,200312.00,-145537221.07,-7878740.57,-153415961.64,True,True,-0.13
2003,C0050885,BRASCAN,B1,,RJ,Controle estrangeiro,,1125354337.01,200312.00,-21000099.44,52088274.61,31088175.17,True,True,0.03
2003,60518222,BANCO SUMITOMO MITSUI BRASILEIRO S.A.,B1,Banco Múltiplo,SP,Controle estrangeiro,,1114554616.58,200312.00,-51657820.42,-407400.31,-52065220.73,True,True,-0.05
2003,62232889,BANCO DAYCOVAL S.A.,B1,Banco Múltiplo,SP,Privado nacional,,978260219.86,200312.00,24840187.83,37699478.69,62539666.52,True,True,0.06
2003,31597552,BANCO CLASSICO S.A.,B1,Banco Múltiplo,RJ,Privado nacional,,972700286.74,200312.00,14963782.01,38110340.44,53074122.45,True,True,0.05
2003,13009717,BANCO DO ESTADO DE SERGIPE S.A.,B1,Banco Múltiplo,SE,Público,,965688777.41,200312.00,13120966.91,13932891.60,27053858.51,True,True,0.03
2003,C0050414,PROSPER,B1,,RJ,Privado nacional,,964726133.02,200312.00,147872.06,11287733.42,11435605.48,True,True,0.01
2003,04184779,BANCO IBI S.A. - BANCO MÚLTIPLO,B1,Banco Múltiplo,SP,Controle estrangeiro,,942700212.35,200312.00,23853044.21,49971220.39,73824264.60,True,True,0.08
2003,91884981,BANCO JOHN DEERE S.A.,B1,Banco Múltiplo,RS,Controle estrangeiro,,938958954.45,200312.00,13319746.86,17070148.28,30389895.14,True,True,0.03
2003,C0050988,INDUSTRIAL DO BRASIL,B1,,SP,Privado nacional,,937781743.46,200312.00,5421963.67,5480805.99,10902769.66,True,True,0.01
2003,C0031158,PEBB,B1,,RJ,Privado nacional,,912846409.32,200312.00,28955160.71,37490644.98,66445805.69,True,True,0.07
2003,61535100,BANCO ZOGBI S.A.,B1,Banco Múltiplo,SP,Privado nacional,,778089888.49,200312.00,18398550.16,17613320.99,36011871.15,True,True,0.05
2003,C0050191,SCHAHIN,B1,,SP,Privado nacional,,771618301.18,200312.00,3126029.14,9344452.94,12470482.08,True,True,0.02
2003,06271464,BANCO DO ESTADO DO MARANHAO S.A. - BEM,B1,Banco Múltiplo,MA,Público,,766485481.53,200312.00,2421903.67,2503412.30,4925315.97,True,True,0.01
2003,61146577,BANCO BARCLAYS S.A.,B1,Banco Múltiplo,SP,Controle estrangeiro,,761263185.01,200312.00,-24648355.96,2590673.07,-22057682.89,True,True,-0.03
2003,62421979,BANCO GE CAPITAL S.A.,B1,Banco Múltiplo,SP,Controle estrangeiro,,656472170.52,200312.00,-46505266.70,-8025003.39,-54530270.09,True,True,-0.08
2003,C0020255,PRIMUS,B1,,SP,Controle estrangeiro,,655235254.38,200312.00,-1616867.56,457651.26,-1159216.30,True,True,-0.00
2003,04913711,BANCO DO ESTADO DO PARÁ S.A.,B1,Banco Múltiplo,PA,Público,,645394122.97,200312.00,1555751.35,2686380.27,4242131.62,True,True,0.01
2003,C0051107,OPPORTUNITY,B1,,RJ,Privado nacional,,636641380.71,200312.00,7346358.29,588236.79,7934595.08,True,True,0.01
2003,C0051066,CREDIT LYONNAIS,B1,,SP,Controle estrangeiro,,627396336.65,200312.00,2019294.64,-1035271.51,984023.13,True,True,0.00
2003,17351180,BANCO TRIANGULO S.A.,B1,Banco Múltiplo,MG,Privado nacional,,611629958.27,200312.00,12237489.70,18885010.85,31122500.55,True,True,0.05
2003,30723886,BANCO MODAL S.A.,B1,Banco Múltiplo,RJ,Privado nacional,,605628310.85,200312.00,12073687.64,14420216.42,26493904.06,True,True,0.04
2003,C0050531,INDUSVAL,B1,,SP,Privado nacional,,583972451.11,200312.00,6183950.27,6572625.07,12756575.34,True,True,0.02
2003,C0050933,VOLVO,B2,,PR,Controle estrangeiro,,572643114.35,200312.00,8076885.60,10250514.24,18327399.84,True,True,0.03
2003,90731688,BANCO FORD S.A.,B2,Banco Múltiplo,SP,Controle estrangeiro,,565604600.50,200312.00,4596979.99,16027813.70,20624793.69,True,True,0.04
2003,05040481,BANCO DE LAGE LANDEN FINANCIAL SERVICES BRASIL S.A.,B2,Banco Múltiplo,RS,Controle estrangeiro,,557982575.84,200312.00,-15002562.04,10099654.87,-4902907.17,True,True,-0.01
2003,C0051145,INTER AMEX,B1,,SP,Controle estrangeiro,,531225297.79,200312.00,-12252412.13,-10343844.09,-22596256.22,True,True,-0.04
2003,C0051482,BES,B2,,SP,Controle estrangeiro,,530728305.25,200312.00,17548944.66,1596964.31,19145908.97,True,True,0.04
2003,C0050122,FATOR,B1,,SP,Privado nacional,,440194973.46,200312.00,4887152.96,12300893.38,17188046.34,True,True,0.04
2003,C0031677,ARBI,B1,,RJ,Privado nacional,,414702191.81,200312.00,204893.84,-1933284.77,-1728390.93,True,True,-0.00
2003,C0051365,PSA FINANCE,B2,,SP,Controle estrangeiro,,402143009.05,200312.00,5627189.71,7053092.67,12680282.38,True,True,0.03
2003,C0031859,SOCIETE GENERALE,B1,,SP,Controle estrangeiro,,379584574.12,200312.00,-30200823.18,-1337918.28,-31538741.46,True,True,-0.08
2003,C0051468,RENDIMENTO,B1,,SP,Privado nacional,,365377845.79,200312.00,5126509.98,8337916.31,13464426.29,True,True,0.04
2003,04866275,BANCO STANDARD DE INVESTIMENTOS S.A.,B2,Banco de Investimento,SP,Controle estrangeiro,,346103495.93,200312.00,-2006455.48,4697679.69,2691224.21,True,True,0.01
2003,69141539,BANCO CREDIBEL S.A.,B1,Banco Múltiplo,SP,Privado nacional,,313043199.88,200312.00,6295972.16,7746529.56,14042501.72,True,True,0.04
2003,C0051413,MORGAN STANLEY,B1,,SP,Controle estrangeiro,,305837171.70,200312.00,6137008.95,13857468.16,19994477.11,True,True,0.07
2003,74828799,BANCO COMERCIAL URUGUAI S.A.,B1,Banco Múltiplo,RS,Controle estrangeiro,,304427311.63,200312.00,-17390482.51,-1939955.02,-19330437.53,True,True,-0.06
2003,03609817,BANCO CARGILL S.A.,B1,Banco Múltiplo,SP,Controle estrangeiro,,301488608.63,200312.00,-6177972.28,-2170737.76,-8348710.04,True,True,-0.03
2003,C0051334,TOYOTA,B2,,SP,Controle estrangeiro,,297464067.76,200312.00,19431515.21,2201895.31,21633410.52,True,True,0.07
2003,C0050476,INTERCAP,B1,,SP,Privado nacional,,290448986.55,200312.00,1368939.37,290021.68,1658961.05,True,True,0.01
2003,00558456,BANCO BGN S.A.,B1,Banco Múltiplo,PE,Privado nacional,,281132702.01,200312.00,2069092.00,34176.24,2103268.24,True,True,0.01
2003,C0051255,MERRILL LYNCH,B2,,SP,Controle estrangeiro,,241422979.97,200312.00,18848902.89,20020401.02,38869303.91,True,True,0.16
2003,31880826,BANCO GUANABARA S.A.,B1,Banco Múltiplo,RJ,Privado nacional,,239094667.52,200312.00,4828545.73,5278286.82,10106832.55,True,True,0.04
2003,60850229,BANCO PECUNIA S.A.,B1,Banco Múltiplo,SP,Privado nacional,,233669933.00,200312.00,4537137.30,7230218.36,11767355.66,True,True,0.05
2003,C0050524,VR,B1,,SP,Privado nacional,,232783354.03,200312.00,4289286.59,3023323.22,7312609.81,True,True,0.03
2003,14388334,PARANA BANCO S.A.,B1,Banco Múltiplo,PR,Privado nacional,,229953548.79,200312.00,10647959.44,8505728.17,19153687.61,True,True,0.08
2003,C0050201,MÁXIMA,B1,,RJ,Privado nacional,,209174117.27,200312.00,-251220.13,2364443.19,2113223.06,True,True,0.01
2003,61348538,BANCO FICSA S.A.,B1,Banco Múltiplo,SP,Privado nacional,,198566432.94,200312.00,275576.78,7351395.11,7626971.89,True,True,0.04
2003,C0050706,BONSUCESSO,B1,,MG,Privado nacional,,196554333.82,200312.00,1412209.54,4445736.99,5857946.53,True,True,0.03
2003,C0031103,UBS,B1,,RJ,Controle estrangeiro,,194812621.15,200312.00,2038340.66,10832172.61,12870513.27,True,True,0.07
2003,C0050328,SOCOPA,B1,,SP,Privado nacional,,193357917.64,200312.00,2167719.31,2233228.20,4400947.51,True,True,0.02
2003,59118133,BANCO LUSO BRASILEIRO S.A.,B1,Banco Múltiplo,SP,Privado nacional,,182834298.89,200312.00,1037705.42,297825.87,1335531.29,True,True,0.01
2003,C0051396,HONDA,B2,,SP,Controle estrangeiro,,180963877.35,200312.00,6146299.58,6973162.54,13119462.12,True,True,0.07
2003,59601047,BANCO AGF S.A.,B2,Banco Múltiplo,SP,Controle estrangeiro,,156197946.09,200312.00,9013922.68,6150709.56,15164632.24,True,True,0.10
2003,92874270,BANCO A.J. RENNER S.A.,B1,Banco Múltiplo,RS,Privado nacional,,145037917.21,200312.00,3245453.73,3751284.60,6996738.33,True,True,0.05
2003,43717511,BANCO MORADA S.A,B1,Banco Múltiplo,RJ,Privado nacional,,140285648.63,200312.00,1802793.81,845468.28,2648262.09,True,True,0.02
2003,06833131,BANCO DO ESTADO DO PIAUÍ S.A. - BEP,B1,Banco Múltiplo,PI,Público,,138853809.90,200312.00,3347705.09,4386760.53,7734465.62,True,True,0.06
2003,00517645,BANCO RIBEIRAO PRETO S.A.,B1,Banco Múltiplo,SP,Privado nacional,,137718436.94,200312.00,2658672.61,3133245.03,5791917.64,True,True,0.04
2003,92894922,BANCO MATONE S.A.,B1,Banco Múltiplo,RS,Privado nacional,,117406314.63,200312.00,1037264.61,1518491.05,2555755.66,True,True,0.02
2003,33603457,BANCO REDE S.A.,B2,Banco Múltiplo,SP,Privado nacional,,116043896.07,200312.00,6505031.70,4025491.39,10530523.09,True,True,0.09
2003,44189447,BANCO DE LA PROVINCIA DE BUENOS AIRES,B1,Banco Comercial Estrangeiro - Filial no país,SP,Controle estrangeiro,,104683624.01,200312.00,-17155059.75,1877586.92,-15277472.83,True,True,-0.15
2003,C0050861,GERDAU,B1,,RS,Privado nacional,,92139659.93,200312.00,3132314.85,4349411.64,7481726.49,True,True,0.08
2003,33132044,BANCO CEDULA S.A.,B1,Banco Múltiplo,RJ,Privado nacional,,87669440.26,200312.00,2024797.10,949028.95,2973826.05,True,True,0.03
2003,27937333,BANCO BRJ S.A.,B2,Banco Múltiplo,RJ,Privado nacional,,81027623.27,200312.00,,1665780.99,1665780.99,False,True,0.02
2003,C0050294,OURINVEST,B2,,SP,Privado nacional,,80680024.95,200312.00,1369656.63,1144757.52,2514414.15,True,True,0.03
2003,45283173,BANCO UNO - E BRASIL S.A.,B1,Banco Comercial,SP,Controle estrangeiro,,73458245.38,200312.00,2249927.50,3480978.11,5730905.61,True,True,0.08
2003,57839805,BANCO TRICURY S.A.,B2,Banco Múltiplo,SP,Privado nacional,,59705317.27,200312.00,1978969.77,3801823.37,5780793.14,True,True,0.10
2003,48795256,LEMON BANK BANCO MULTIPLO S.A.,B1,Banco Múltiplo,SP,Controle estrangeiro,,51208147.54,200312.00,-2338120.88,-5040811.28,-7378932.16,True,True,-0.14
2003,51938876,BANCO DE LA REPUBLICA ORIENTAL DEL URUGUAY,B1,Banco Comercial Estrangeiro - Filial no país,SP,Controle estrangeiro,,38993032.27,200312.00,86459.46,1758314.23,1844773.69,True,True,0.05
2003,00795423,BANCO EMBLEMA S/A,B1,Banco Comercial,MG,Privado nacional,,36522710.85,200312.00,-6505738.81,-1386728.24,-7892467.05,True,True,-0.22
2003,40429946,BANCO PORTO REAL DE INVESTIMENTO S.A,B2,Banco de Investimento,RJ,Privado nacional,,35809622.55,200312.00,432827.90,906126.97,1338954.87,True,True,0.04
2003,61033106,BPN BRASIL BANCO MÚLTIPLO S.A.,B2,Banco Múltiplo,SP,Controle estrangeiro,,35455281.31,200312.00,539026.58,-457100.71,81925.87,True,True,0.00
2003,C0042264,TENDENCIA,B2,,SP,Privado nacional,,35142953.88,200312.00,33689.15,884361.16,918050.31,True,True,0.03
2003,04332281,GOLDMAN SACHS DO BRASIL BANCO MULTIPLO S.A.,B2,Banco Múltiplo,SP,Controle estrangeiro,,34862646.21,200312.00,-2962952.80,-245093.32,-3208046.12,True,True,-0.09
2003,00253448,BANCO POTTENCIAL S.A.,B1,Banco Comercial,MG,Privado nacional,,34085539.24,200312.00,76685.28,619806.88,696492.16,True,True,0.02
2003,33042151,BANCO DE LA NACION ARGENTINA,B1,Banco Comercial Estrangeiro - Filial no país,SP,Controle estrangeiro,,32460498.80,200312.00,-3006031.37,-548815.55,-3554846.92,True,True,-0.11
2003,03532415,BANCO CR2 DE INVESTIMENTOS S.A.,B2,Banco de Investimento,RJ,Privado nacional,,32219168.53,200312.00,871066.01,1574150.76,2445216.77,True,True,0.08
2003,15173776,BANCO CAPITAL S.A.,B1,Banco Múltiplo,BA,Privado nacional,,29141833.59,200312.00,1351185.94,1260178.93,2611364.87,True,True,0.09
2003,50290345,BANCO UNION - BRASIL S.A.,B1,Banco Comercial,SP,Controle estrangeiro,,28725372.47,200312.00,-47325.64,-14825778.33,-14873103.97,True,True,-0.52
2003,80271455,BANCO MAXINVEST S.A.,B2,Banco Múltiplo,PR,Privado nacional,,24066870.66,200312.00,1290768.49,1876772.08,3167540.57,True,True,0.13
2003,33588252,BANCO INDUSCRED DE INVESTIMENTO S.A.,B2,Banco de Investimento,SP,Privado nacional,,22324614.81,200312.00,1438629.03,1299094.55,2737723.58,True,True,0.12
2003,02318507,BANCO KEB DO BRASIL S.A.,B1,Banco Comercial,SP,Controle estrangeiro,,20439955.30,200312.00,-2309131.13,-3076796.94,-5385928.07,True,True,-0.26
2003,00689364,BANCO OK DE INVESTIMENTOS S.A.,B2,Banco de Investimento,DF,Privado nacional,,12682347.61,200312.00,-238538.58,-1116845.39,-1355383.97,True,True,-0.11
2003,33877150,BANCO STERLING S.A.,B2,Banco Múltiplo,RJ,Privado nacional,,4524188.20,200312.00,-38316.70,-23815.87,-62132.57,True,True,-0.01
2003,C0020121,LLOYDS,B1,,SP,Controle estrangeiro,,,,31298208.29,,31298208.29,False,True,
2003,C0031330,SUDAMERIS,B1,,SP,Controle estrangeiro,,,,106194429.42,,106194429.42,False,True,
2003,C0032078,WESTLB,B1,,SP,Controle estrangeiro,,,,5736505.92,,5736505.92,False,True,
2003,C0050108,SUL AMERICA,B2,,SP,Privado nacional,,,,-1204460.62,,-1204460.62,False,True,
2004,C0049906,BB,B1,,DF,Público,,239014143156.50,200412.00,1420751786.79,1603254451.91,3024006238.70,True,True,0.01
2004,33657248,BANCO NACIONAL DE DESENVOLVIMENTO ECONOMICO E SOCIAL,B4,BNDES,RJ,Público,,161872130895.56,200412.00,1407303075.68,90481184.27,1497784259.95,True,True,0.01
2004,C0010045,BRADESCO,B1,,SP,Privado nacional,,148207637231.15,200412.00,1250999770.92,1973854110.81,3224853881.73,True,True,0.02
2004,00360305,CAIXA ECONOMICA FEDERAL,B1,Caixa Econômica Federal,DF,Público,,147786558841.01,200412.00,623744840.36,796057026.33,1419801866.69,True,True,0.01
2004,C0010069,ITAU,B1,,SP,Privado nacional,,123443368443.17,200412.00,1858093007.04,3078773995.74,4936867002.78,True,True,0.04
2004,C0010100,UNIBANCO,B1,,SP,Privado nacional,,72928818322.80,200412.00,600779680.82,724780920.13,1325560600.95,True,True,0.02
2004,C0030379,SANTANDER BANESPA,B1,,SP,Controle estrangeiro,,66548095670.33,200412.00,820260053.82,824579631.52,1644839685.34,True,True,0.02
2004,C0010076,ABN AMRO,B1,,SP,Controle estrangeiro,,59150577757.10,200412.00,534206311.71,140786883.77,674993195.48,True,True,0.01
2004,C0010083,SAFRA,B1,,SP,Privado nacional,,40841867758.30,200412.00,276397909.80,352630753.19,629028662.99,True,True,0.02
2004,C0051011,VOTORANTIM,B1,,SP,Privado nacional,,36586675031.29,200412.00,365079421.11,398347641.63,763427062.74,True,True,0.02
2004,C0051152,HSBC,B1,,PR,Controle estrangeiro,,34374797271.51,200412.00,194883832.44,331640052.14,526523884.58,True,True,0.02
2004,43073394,BANCO NOSSA CAIXA S.A.,B1,Banco Múltiplo,SP,Público,,31251866013.53,200412.00,146024844.36,212815153.64,358839998.00,True,True,0.01
2004,C0030403,CITIBANK,B1,,SP,Controle estrangeiro,,21957103511.08,200412.00,-68782255.26,-266112605.55,-334894860.81,True,True,-0.02
2004,C0030300,BANKBOSTON,B1,,SP,Controle estrangeiro,,21414562586.03,200412.00,148407621.53,-52889107.72,95518513.81,True,True,0.00
2004,C0030771,CREDIT SUISSE,B1,,SP,Controle estrangeiro,,13570750204.19,200412.00,50993865.12,-27628046.40,23365818.72,True,True,0.00
2004,07237373,BANCO DO NORDESTE DO BRASIL S.A.,B1,Banco Múltiplo,CE,Público,,13167413271.74,200412.00,88172085.74,63897291.44,152069377.18,True,True,0.01
2004,C0030173,BANRISUL,B1,,RS,Público,,12202699251.37,200412.00,112626761.45,190614485.88,303241247.33,True,True,0.02
2004,C0049944,PACTUAL,B1,,RJ,Privado nacional,,8470904861.55,200412.00,36516521.68,99824346.90,136340868.58,True,True,0.02
2004,C0051293,ALFA,B1,,SP,Privado nacional,,7778448785.05,200412.00,57233885.08,70421760.67,127655645.75,True,True,0.02
2004,01522368,BANCO BNP PARIBAS BRASIL S.A.,B1,Banco Múltiplo,SP,Controle estrangeiro,,6770953189.33,200412.00,11583205.39,68461349.43,80044554.82,True,True,0.01
2004,C0020107,JP MORGAN CHASE,B1,,SP,Controle estrangeiro,,6585016437.73,200412.00,-86730052.74,62418255.99,-24311796.75,True,True,-0.00
2004,C0049951,FIBRA,B1,,SP,Privado nacional,,6539133842.05,200412.00,32342492.55,3703043.48,36045536.03,True,True,0.01
2004,C0051183,DEUTSCHE,B1,,SP,Controle estrangeiro,,5539429883.15,200412.00,-84282403.19,15745272.23,-68537130.96,True,True,-0.01
2004,C0030207,BBM,B1,,BA,Privado nacional,,5491640878.26,200412.00,31242152.14,46078616.25,77320768.39,True,True,0.01
2004,C0031244,RURAL,B1,,RJ,Privado nacional,,5335237671.87,200412.00,64357098.49,72173894.30,136530992.79,True,True,0.03
2004,C0050720,CRUZEIRO DO SUL,B1,,SP,Privado nacional,,4778953110.60,200412.00,16174822.50,20794477.22,36969299.72,True,True,0.01
2004,C0030764,VOLKSWAGEN,B2,,SP,Controle estrangeiro,,4733338741.89,200412.00,21952181.87,28184180.13,50136362.00,True,True,0.01
2004,C0032119,BIC,B1,,SP,Privado nacional,,4483055441.71,200412.00,54107947.10,47299726.34,101407673.44,True,True,0.02
2004,C0020152,MERCANTIL DO BRASIL,B1,,MG,Privado nacional,,4117052803.73,200412.00,19360759.76,21892447.07,41253206.83,True,True,0.01
2004,04902979,BANCO DA AMAZONIA S.A.,B1,Banco Comercial,PA,Público,,3833958910.72,200412.00,77424592.00,37426350.14,114850942.14,True,True,0.03
2004,02992446,BANCO CNH CAPITAL S.A.,B2,Banco Múltiplo,PR,Controle estrangeiro,,3384632977.97,200412.00,45433353.55,42071318.90,87504672.45,True,True,0.03
2004,59274605,BANCO GENERAL MOTORS S.A.,B2,Banco Múltiplo,SP,Controle estrangeiro,,3204022870.55,200412.00,50155304.77,67320801.49,117476106.26,True,True,0.04
2004,01023570,BANCO RABOBANK INTERNATIONAL BRASIL S.A.,B1,Banco Múltiplo,SP,Controle estrangeiro,,3182112313.34,200412.00,15871125.26,-8473748.73,7397376.53,True,True,0.00
2004,C0030159,BANESTES,B1,,ES,Público,,3080287170.72,200412.00,20304935.94,23604554.12,43909490.06,True,True,0.01
2004,92816560,BANCO REGIONAL DE DESENVOLVIMENTO DO EXTREMO SUL,B4,Banco de Desenvolvimento,RS,Público,,2998887553.33,200412.00,47232015.23,32449254.33,79681269.56,True,True,0.03
2004,C0030290,BMG,B1,,MG,Privado nacional,,2916868215.85,200412.00,76573288.42,198764249.27,275337537.69,True,True,0.09
2004,C0041856,ABC-BRASIL,B1,,SP,Controle estrangeiro,,2425394819.29,200412.00,32037637.74,20874247.27,52911885.01,True,True,0.02
2004,C0031323,SS,B1,,SP,Privado nacional,,2341368536.29,200412.00,19695261.55,22583475.77,42278737.32,True,True,0.02
2004,83876003,BANCO DO ESTADO DE SANTA CATARINA S.A.,B1,Banco Comercial,SC,Público,,2337619291.28,200412.00,12309685.12,11232220.61,23541905.73,True,True,0.01
2004,04184779,BANCO IBI S.A. - BANCO MÚLTIPLO,B1,Banco Múltiplo,SP,Controle estrangeiro,,2213066273.55,200412.00,40716073.72,43122601.24,83838674.96,True,True,0.04
2004,C0031976,BRB,B1,,DF,Público,,2026961412.39,200412.00,4128670.61,13644609.09,17773279.70,True,True,0.01
2004,C0051262,DAIMLERCHRYSLER,B2,,SP,Controle estrangeiro,,2024844367.63,200412.00,18392397.29,15696794.73,34089192.02,True,True,0.02
2004,01181521,BANCO COOPERATIVO SICREDI S.A.,B1,Banco Múltiplo Cooperativo,RS,Privado nacional,,2009941962.02,200412.00,2077157.34,1508583.73,3585741.07,True,True,0.00
2004,02038232,BANCO COOPERATIVO DO BRASIL S.A. - BANCOOB,B1,Banco Comercial Cooperativo,DF,Privado nacional,,1948259885.99,200412.00,4655289.87,4640449.40,9295739.27,True,True,0.00
2004,61088183,BANCO WESTLB DO BRASIL S.A.,B1,Banco Múltiplo,SP,Controle estrangeiro,,1824158422.44,200412.00,549792.30,-26642106.68,-26092314.38,True,True,-0.01
2004,C0030276,BMC,B1,,SP,Privado nacional,,1804370871.06,200412.00,13102240.66,2905636.03,16007876.69,True,True,0.01
2004,C0051066,CREDIT LYONNAIS,B1,,SP,Controle estrangeiro,,1718150409.45,200412.00,-10984495.87,-1072729.27,-12057225.14,True,True,-0.01
2004,C0030214,BEC,B1,,CE,Público,,1634635075.43,200412.00,22546804.16,43271295.24,65818099.40,True,True,0.04
2004,C0051059,DRESDNER,B1,,SP,Controle estrangeiro,,1627476519.86,200412.00,-12136543.86,-22414371.53,-34550915.39,True,True,-0.02
2004,C0051145,AMEX,B1,,SP,Controle estrangeiro,,1603974667.41,200412.00,-17700865.53,-38668240.59,-56369106.12,True,True,-0.04
2004,05040481,BANCO DE LAGE LANDEN FINANCIAL SERVICES BRASIL S.A.,B2,Banco Múltiplo,RS,Controle estrangeiro,,1492010051.52,200412.00,8916119.06,-3362292.44,5553826.62,True,True,0.00
2004,31597552,BANCO CLASSICO S.A.,B1,Banco Múltiplo,RJ,Privado nacional,,1414012632.21,200412.00,75935683.30,16803217.22,92738900.52,True,True,0.07
2004,C0050304,PINE,B1,,SP,Privado nacional,,1377787741.26,200412.00,16034300.30,15998303.64,32032603.94,True,True,0.02
2004,34270520,BANCO IBM S.A.,B2,Banco Múltiplo,RJ,Controle estrangeiro,,1352833700.49,200412.00,11034997.48,35995056.26,47030053.74,True,True,0.03
2004,91884981,BANCO JOHN DEERE S.A.,B1,Banco Múltiplo,RS,Controle estrangeiro,,1322149301.71,200412.00,15858429.30,17358202.57,33216631.87,True,True,0.03
2004,38486817,BANCO DE DESENVOLVIMENTO DE MINAS GERAIS S.A.,B4,Banco de Desenvolvimento,MG,Público,,1319901823.28,200412.00,33989256.85,24012524.53,58001781.38,True,True,0.04
2004,62237425,BANCO FIDIS DE INVESTIMENTO S.A.,B2,Banco de Investimento,MG,Controle estrangeiro,,1258714647.49,200412.00,16613748.44,19669998.68,36283747.12,True,True,0.03
2004,C0051073,ING,B1,,SP,Controle estrangeiro,,1233616150.56,200412.00,3120934.62,-52482534.99,-49361600.37,True,True,-0.04
2004,62232889,BANCO DAYCOVAL S.A.,B1,Banco Múltiplo,SP,Privado nacional,,1212126426.20,200412.00,32481478.52,37632840.21,70114318.73,True,True,0.06
2004,60498557,BANCO DE TOKYO-MITSUBISHI BRASIL S.A.,B1,Banco Múltiplo,SP,Controle estrangeiro,,1187106772.39,200412.00,42720174.54,-52591475.89,-9871301.35,True,True,-0.01
2004,13009717,BANCO DO ESTADO DE SERGIPE S.A.,B1,Banco Múltiplo,SE,Público,,1050103069.70,200412.00,10151793.18,10095608.50,20247401.68,True,True,0.02
2004,C0051482,BES,B2,,SP,Controle estrangeiro,,968419647.77,200412.00,3712888.97,3427444.38,7140333.35,True,True,0.01
2004,C0050191,SCHAHIN,B1,,SP,Privado nacional,,965711926.77,200412.00,5728137.25,12499039.21,18227176.46,True,True,0.02
2004,C0051413,MORGAN STANLEY,B1,,SP,Controle estrangeiro,,963781825.44,200412.00,14274871.16,26961366.98,41236238.14,True,True,0.04
2004,C0050988,INDUSTRIAL DO BRASIL,B1,,SP,Privado nacional,,948682251.65,200412.00,8847773.73,6477124.06,15324897.79,True,True,0.02
2004,33349358,BANCO CACIQUE S.A.,B1,Banco Múltiplo,SP,Privado nacional,,944134454.10,200412.00,,3390211.34,3390211.34,False,True,0.00
2004,90731688,BANCO FORD S.A.,B2,Banco Múltiplo,SP,Controle estrangeiro,,941275941.75,200412.00,14318379.04,21031905.44,35350284.48,True,True,0.04
2004,32254138,BANCO BVA S.A.,B1,Banco Múltiplo,RJ,Privado nacional,,931712011.12,200412.00,6017054.01,10961659.46,16978713.47,True,True,0.02
2004,60518222,BANCO SUMITOMO MITSUI BRASILEIRO S.A.,B1,Banco Múltiplo,SP,Controle estrangeiro,,923254431.88,200412.00,28535684.12,-37897216.28,-9361532.16,True,True,-0.01
2004,17351180,BANCO TRIANGULO S.A.,B1,Banco Múltiplo,MG,Privado nacional,,807634374.21,200412.00,16426717.26,19471937.51,35898654.77,True,True,0.04
2004,C0050933,VOLVO,B2,,PR,Controle estrangeiro,,797770175.46,200412.00,8888496.54,4168230.81,13056727.35,True,True,0.02
2004,C0050885,BRASCAN,B1,,RJ,Controle estrangeiro,,781825322.71,200412.00,14783807.98,11529133.56,26312941.54,True,True,0.03
2004,C0050531,INDUSVAL,B1,,SP,Privado nacional,,724077867.54,200412.00,4677993.68,9425352.42,14103346.10,True,True,0.02
2004,61146577,BANCO BARCLAYS S.A.,B1,Banco Múltiplo,SP,Controle estrangeiro,,719461103.89,200412.00,6406744.48,34046007.18,40452751.66,True,True,0.06
2004,04913711,BANCO DO ESTADO DO PARÁ S.A.,B1,Banco Múltiplo,PA,Público,,712688361.18,200412.00,4035915.63,1460411.15,5496326.78,True,True,0.01
2004,62421979,BANCO GE CAPITAL S.A.,B1,Banco Múltiplo,SP,Controle estrangeiro,,673580483.64,200412.00,2512580.17,5187159.49,7699739.66,True,True,0.01
2004,C0050177,SANTOS,B1,,SP,Privado nacional,,668944875.64,200412.00,46667790.72,-3156794454.53,-3110126663.81,True,True,-4.65
2004,00558456,BANCO BGN S.A.,B1,Banco Múltiplo,PE,Privado nacional,,594865129.78,200412.00,258954.29,1434677.20,1693631.49,True,True,0.00
2004,C0050414,PROSPER,B1,,RJ,Privado nacional,,590827814.71,200412.00,7520.42,5916359.13,5923879.55,True,True,0.01
2004,C0020255,PRIMUS,B1,,SP,Controle estrangeiro,,584268339.71,200412.00,-1121177.43,3790655.41,2669477.98,True,True,0.00
2004,C0031859,SOCIETE GENERALE,B1,,SP,Controle estrangeiro,,558644979.36,200412.00,8029048.37,-15032125.37,-7003077.00,True,True,-0.01
2004,61383170,LLOYDS TSB BANK PLC,B1,Banco Comercial Estrangeiro - Filial no país,SP,Controle estrangeiro,,536406814.63,200412.00,17747470.61,23071268.07,40818738.68,True,True,0.08
2004,C0051365,PSA FINANCE,B2,,SP,Controle estrangeiro,,533660846.38,200412.00,4036095.87,8312137.68,12348233.55,True,True,0.02
2004,C0051107,OPPORTUNITY,B1,,RJ,Privado nacional,,529000453.35,200412.00,9407647.38,14202661.89,23610309.27,True,True,0.04
2004,C0051334,TOYOTA,B2,,SP,Controle estrangeiro,,522654828.64,200412.00,2710120.84,2803006.03,5513126.87,True,True,0.01
2004,30723886,BANCO MODAL S.A.,B1,Banco Múltiplo,RJ,Privado nacional,,507511254.14,200412.00,7583394.12,5512173.39,13095567.51,True,True,0.03
2004,C0031677,ARBI,B1,,RJ,Privado nacional,,486216244.86,200412.00,-1148758.20,-3886960.63,-5035718.83,True,True,-0.01
2004,C0050122,FATOR,B1,,SP,Privado nacional,,458398367.63,200412.00,7012807.26,20260064.37,27272871.63,True,True,0.06
2004,C0050476,INTERCAP,B1,,SP,Privado nacional,,429985350.46,200412.00,7788286.72,8909149.81,16697436.53,True,True,0.04
2004,C0031158,PEBB,B1,,RJ,Privado nacional,,379634804.05,200412.00,30610153.54,21845489.00,52455642.54,True,True,0.14
2004,C0051396,HONDA,B2,,SP,Controle estrangeiro,,354975571.13,200412.00,7843157.33,9208436.53,17051593.86,True,True,0.05
2004,14388334,PARANA BANCO S.A.,B1,Banco Múltiplo,PR,Privado nacional,,352892990.38,200412.00,12015169.68,13493258.75,25508428.43,True,True,0.07
2004,C0051255,MERRILL LYNCH,B2,,SP,Controle estrangeiro,,305243075.23,200412.00,19146548.66,23468502.53,42615051.19,True,True,0.14
2004,60850229,BANCO PECUNIA S.A.,B1,Banco Múltiplo,SP,Privado nacional,,273161741.15,200412.00,5415193.40,7887117.46,13302310.86,True,True,0.05
2004,C0051468,RENDIMENTO,B1,,SP,Privado nacional,,267252852.33,200412.00,3412244.01,6060826.62,9473070.63,True,True,0.04
2004,C0050328,SOCOPA,B1,,SP,Privado nacional,,261361303.19,200412.00,1477930.73,3903093.23,5381023.96,True,True,0.02
2004,74828799,BANCO COMERCIAL URUGUAI S.A.,B1,Banco Múltiplo,RS,Controle estrangeiro,,251943693.92,200412.00,-5038620.39,-663735.80,-5702356.19,True,True,-0.02
2004,C0031103,UBS,B1,,RJ,Controle estrangeiro,,251462641.50,200412.00,1886842.82,10738029.97,12624872.79,True,True,0.05
2004,C0050706,BONSUCESSO,B1,,MG,Privado nacional,,223129122.94,200412.00,4714070.53,12234192.00,16948262.53,True,True,0.08
2004,31880826,BANCO GUANABARA S.A.,B1,Banco Múltiplo,RJ,Privado nacional,,198263061.83,200412.00,2858119.47,8474280.94,11332400.41,True,True,0.06
2004,61348538,BANCO FICSA S.A.,B1,Banco Múltiplo,SP,Privado nacional,,197959832.00,200412.00,1217764.83,3532113.18,4749878.01,True,True,0.02
2004,59118133,BANCO LUSO BRASILEIRO S.A.,B1,Banco Múltiplo,SP,Privado nacional,,195001301.95,200412.00,368150.96,1161388.51,1529539.47,True,True,0.01
2004,06833131,BANCO DO ESTADO DO PIAUÍ S.A. - BEP,B1,Banco Múltiplo,PI,Público,,182556688.61,200412.00,3817069.27,2912570.81,6729640.08,True,True,0.04
2004,C0050294,OURINVEST,B2,,SP,Privado nacional,,174259840.10,200412.00,2914912.18,4996741.11,7911653.29,True,True,0.05
2004,C0050524,VR,B1,,SP,Privado nacional,,160081292.70,200412.00,-1732309.25,-1342878.56,-3075187.81,True,True,-0.02
2004,92874270,BANCO A.J. RENNER S.A.,B1,Banco Múltiplo,RS,Privado nacional,,157039264.14,200412.00,1270829.59,1974483.84,3245313.43,True,True,0.02
2004,69141539,BANCO CREDIBEL S.A.,B1,Banco Múltiplo,SP,Privado nacional,,156835857.01,200412.00,2527464.36,-18131289.22,-15603824.86,True,True,-0.10
2004,43717511,BANCO MORADA S.A,B1,Banco Múltiplo,RJ,Privado nacional,,151119228.51,200412.00,1301860.26,1168653.72,2470513.98,True,True,0.02
2004,C0050861,GERDAU,B1,,RS,Privado nacional,,148975629.42,200412.00,3254456.42,5442250.88,8696707.30,True,True,0.06
2004,92894922,BANCO MATONE S.A.,B1,Banco Múltiplo,RS,Privado nacional,,141194870.18,200412.00,-983416.73,2035793.14,1052376.41,True,True,0.01
2004,00517645,BANCO RIBEIRAO PRETO S.A.,B1,Banco Múltiplo,SP,Privado nacional,,134191264.94,200412.00,3267714.97,2543480.41,5811195.38,True,True,0.04
2004,33603457,BANCO REDE S.A.,B2,Banco Múltiplo,SP,Privado nacional,,127604383.84,200412.00,8047248.38,6056855.58,14104103.96,True,True,0.11
2004,04866275,BANCO STANDARD DE INVESTIMENTOS S.A.,B2,Banco de Investimento,SP,Controle estrangeiro,,121055916.23,200412.00,4893292.01,-9309988.19,-4416696.18,True,True,-0.04
2004,00795423,BANCO EMBLEMA S/A,B1,Banco Comercial,MG,Privado nacional,,120989660.78,200412.00,5061580.76,-17381.98,5044198.78,True,True,0.04
2004,27937333,BANCO BRJ S.A.,B2,Banco Múltiplo,RJ,Privado nacional,,115274678.16,200412.00,4242302.60,-555651.46,3686651.14,True,True,0.03
2004,C0050201,MÁXIMA,B1,,RJ,Privado nacional,,111742275.35,200412.00,834279.89,5174015.21,6008295.10,True,True,0.05
2004,44189447,BANCO DE LA PROVINCIA DE BUENOS AIRES,B1,Banco Comercial Estrangeiro - Filial no país,SP,Controle estrangeiro,,99580477.62,200412.00,7500854.74,-11389401.54,-3888546.80,True,True,-0.04
2004,03609817,BANCO CARGILL S.A.,B1,Banco Múltiplo,SP,Controle estrangeiro,,96561919.10,200412.00,-590527.20,-6317369.10,-6907896.30,True,True,-0.07
2004,33132044,BANCO CEDULA S.A.,B1,Banco Múltiplo,RJ,Privado nacional,,96475784.36,200412.00,3587068.71,3096226.61,6683295.32,True,True,0.07
2004,61033106,BPN BRASIL BANCO MÚLTIPLO S.A.,B2,Banco Múltiplo,SP,Controle estrangeiro,,75631360.89,200412.00,-1549629.31,917349.69,-632279.62,True,True,-0.01
2004,45283173,BANCO UNO - E BRASIL S.A.,B1,Banco Comercial,SP,Controle estrangeiro,,74862039.97,200412.00,2818455.56,1025226.48,3843682.04,True,True,0.05
2004,57839805,BANCO TRICURY S.A.,B2,Banco Múltiplo,SP,Privado nacional,,73514433.61,200412.00,235686.85,2983255.42,3218942.27,True,True,0.04
2004,C0042264,TENDENCIA,B2,,SP,Privado nacional,,59494832.11,200412.00,78882.33,699451.81,778334.14,True,True,0.01
2004,33042151,BANCO DE LA NACION ARGENTINA,B1,Banco Comercial Estrangeiro - Filial no país,SP,Controle estrangeiro,,55578278.58,200412.00,-562070.22,-3577410.19,-4139480.41,True,True,-0.07
2004,48795256,LEMON BANK BANCO MULTIPLO S.A.,B1,Banco Múltiplo,SP,Controle estrangeiro,,53208055.42,200412.00,-2572960.16,-1769870.63,-4342830.79,True,True,-0.08
2004,00253448,BANCO POTTENCIAL S.A.,B1,Banco Comercial,MG,Privado nacional,,42942366.99,200412.00,576436.86,1307517.74,1883954.60,True,True,0.04
2004,03532415,BANCO CR2 DE INVESTIMENTOS S.A.,B2,Banco de Investimento,RJ,Privado nacional,,41183387.47,200412.00,693091.62,2311860.24,3004951.86,True,True,0.07
2004,51938876,BANCO DE LA REPUBLICA ORIENTAL DEL URUGUAY,B1,Banco Comercial Estrangeiro - Filial no país,SP,Controle estrangeiro,,40025006.43,200412.00,3421201.21,-2044372.02,1376829.19,True,True,0.03
2004,40429946,BANCO PORTO REAL DE INVESTIMENTO S.A,B2,Banco de Investimento,RJ,Privado nacional,,39151927.12,200412.00,730988.56,405575.99,1136564.55,True,True,0.03
2004,04332281,GOLDMAN SACHS DO BRASIL BANCO MULTIPLO S.A.,B2,Banco Múltiplo,SP,Controle estrangeiro,,35288723.61,200412.00,-1734322.60,-584118.68,-2318441.28,True,True,-0.07
2004,15173776,BANCO CAPITAL S.A.,B1,Banco Múltiplo,BA,Privado nacional,,30959060.51,200412.00,1733538.92,584841.97,2318380.89,True,True,0.07
2004,33588252,BANCO INDUSCRED DE INVESTIMENTO S.A.,B2,Banco de Investimento,SP,Privado nacional,,29363210.14,200412.00,1899356.51,998669.39,2898025.90,True,True,0.10
2004,80271455,BANCO MAXINVEST S.A.,B2,Banco Múltiplo,PR,Privado nacional,,28117970.48,200412.00,1108114.55,1632875.67,2740990.22,True,True,0.10
2004,02318507,BANCO KEB DO BRASIL S.A.,B1,Banco Comercial,SP,Controle estrangeiro,,25471896.62,200412.00,-2262923.47,-1132041.92,-3394965.39,True,True,-0.13
2004,07002898,BANCO SAFRA DE INVESTIMENTO S.A.,B2,Banco de Investimento,SP,Privado nacional,,20808032.83,200412.00,,532254.67,532254.67,False,True,0.03
2004,00997185,BANCO BM&F DE SERVIÇOS DE LIQUIDAÇÃO E CUSTÓDIA S.A.,B1,Banco Comercial,SP,Privado nacional,,19965762.33,200412.00,653430.72,-246701.79,406728.93,True,True,0.02
2004,50290345,BANCO UNION - BRASIL S.A.,B1,Banco Comercial,SP,Controle estrangeiro,,15417735.14,200412.00,-12147332.16,-1937877.32,-14085209.48,True,True,-0.91
2004,00689364,BANCO OK DE INVESTIMENTOS S.A.,B2,Banco de Investimento,DF,Privado nacional,,14607632.30,200412.00,-285812.54,2116030.74,1830218.20,True,True,0.13
2005,C0049906,BB,B1,,DF,Público,,252976987856.31,200512.00,1978834676.97,2174767186.75,4153601863.72,True,True,0.02
2005,00360305,CAIXA ECONOMICA FEDERAL,B1,Caixa Econômica Federal,DF,Público,,188677661139.16,200512.00,937112487.09,1135903634.06,2073016121.15,True,True,0.01
2005,33657248,BANCO NACIONAL DE DESENVOLVIMENTO ECONOMICO E SOCIAL,B4,BNDES,RJ,Público,,171427399211.18,200512.00,1830628125.12,1371861275.39,3202489400.51,True,True,0.02
2005,C0010045,BRADESCO,B1,,SP,Privado nacional,,165760078764.29,200512.00,2621728951.06,2893189321.84,5514918272.90,True,True,0.03
2005,C0010069,ITAU,B1,,SP,Privado nacional,,146041753206.06,200512.00,2596728494.02,2891002104.49,5487730598.51,True,True,0.04
2005,C0030379,SANTANDER BANESPA,B1,,SP,Controle estrangeiro,,85015022650.25,200512.00,982439534.64,698692402.85,1681131937.49,True,True,0.02
2005,C0010100,UNIBANCO,B1,,SP,Privado nacional,,84499470889.34,200512.00,876195145.36,1013396619.62,1889591764.98,True,True,0.02
2005,C0010076,ABN AMRO,B1,,SP,Controle estrangeiro,,74598240373.11,200512.00,338983508.92,699448667.06,1038432175.98,True,True,0.01
2005,C0010083,SAFRA,B1,,SP,Privado nacional,,51356406681.91,200512.00,280872721.49,394052919.46,674925640.95,True,True,0.01
2005,C0051152,HSBC,B1,,PR,Controle estrangeiro,,47523816092.19,200512.00,331364305.33,518794235.46,850158540.79,True,True,0.02
2005,C0051011,VOTORANTIM,B1,,SP,Privado nacional,,46068088056.06,200512.00,347801257.63,464495994.67,812297252.30,True,True,0.02
2005,43073394,BANCO NOSSA CAIXA S.A.,B1,Banco Múltiplo,SP,Público,,33418817978.42,200512.00,379521777.38,386047167.92,765568945.30,True,True,0.02
2005,C0030403,CITIBANK,B1,,SP,Controle estrangeiro,,25137032216.88,200512.00,-33970929.80,232580420.32,198609490.52,True,True,0.01
2005,C0030300,BANKBOSTON,B1,,SP,Controle estrangeiro,,22659457241.91,200512.00,-266537887.43,31891079.09,-234646808.34,True,True,-0.01
2005,C0049944,PACTUAL,B1,,RJ,Privado nacional,,20819390101.67,200512.00,34728078.54,125800048.38,160528126.92,True,True,0.01
2005,C0030173,BANRISUL,B1,,RS,Público,,14214185901.79,200512.00,174503947.98,177581880.38,352085828.36,True,True,0.02
2005,07237373,BANCO DO NORDESTE DO BRASIL S.A.,B1,Banco Múltiplo,CE,Público,,12591082404.83,200512.00,7049334.42,150337007.42,157386341.84,True,True,0.01
2005,C0030207,BBM,B1,,BA,Privado nacional,,10853581270.47,200512.00,26427510.77,86771197.33,113198708.10,True,True,0.01
2005,C0030771,CREDIT SUISSE,B1,,SP,Controle estrangeiro,,9840894958.79,200512.00,96267120.80,95552542.12,191819662.92,True,True,0.02
2005,C0049951,FIBRA,B1,,SP,Privado nacional,,9429524133.10,200512.00,20334921.23,19941663.56,40276584.79,True,True,0.00
2005,C0051293,ALFA,B1,,SP,Privado nacional,,9322362185.34,200512.00,69314728.70,80349003.39,149663732.09,True,True,0.02
2005,C0020107,JP MORGAN CHASE,B1,,SP,Controle estrangeiro,,9101717543.61,200512.00,101141624.76,102563639.78,203705264.54,True,True,0.02
2005,C0051183,DEUTSCHE,B1,,SP,Controle estrangeiro,,8932332797.29,200512.00,32439952.20,192162057.38,224602009.58,True,True,0.03
2005,C0051516,BNP PARIBAS,B1,,SP,Controle estrangeiro,,7010002242.15,200512.00,49172211.39,79782757.66,128954969.05,True,True,0.02
2005,C0032119,BIC,B1,,SP,Privado nacional,,6763491317.35,200512.00,43651490.93,37012145.71,80663636.64,True,True,0.01
2005,C0030764,VOLKSWAGEN,B2,,SP,Controle estrangeiro,,5672447247.46,200512.00,23531022.64,27582672.88,51113695.52,True,True,0.01
2005,04902979,BANCO DA AMAZONIA S.A.,B1,Banco Comercial,PA,Público,,4439604432.09,200512.00,95711088.16,156713521.24,252424609.40,True,True,0.06
2005,C0030159,BANESTES,B1,,ES,Público,,4402607789.92,200512.00,38978831.95,46238289.04,85217120.99,True,True,0.02
2005,C0020152,MERCANTIL DO BRASIL,B1,,MG,Privado nacional,,4265798517.40,200512.00,14438205.76,7631434.38,22069640.14,True,True,0.01
2005,C0030290,BMG,B1,,MG,Privado nacional,,3957665887.25,200512.00,266219993.83,116619310.41,382839304.24,True,True,0.10
2005,02992446,BANCO CNH CAPITAL S.A.,B2,Banco Múltiplo,PR,Controle estrangeiro,,3771467434.23,200512.00,40342197.76,44074687.58,84416885.34,True,True,0.02
2005,92816560,BANCO REGIONAL DE DESENVOLVIMENTO DO EXTREMO SUL,B4,Banco de Desenvolvimento,RS,Público,,3604520461.58,200512.00,50050381.26,36587517.93,86637899.19,True,True,0.02
2005,01023570,BANCO RABOBANK INTERNATIONAL BRASIL S.A.,B1,Banco Múltiplo,SP,Controle estrangeiro,,3525651529.35,200512.00,-2722929.75,-10119600.62,-12842530.37,True,True,-0.00
2005,59274605,BANCO GENERAL MOTORS S.A.,B2,Banco Múltiplo,SP,Controle estrangeiro,,3164934850.81,200512.00,78377963.56,80849528.33,159227491.89,True,True,0.05
2005,C0041856,ABC-BRASIL,B1,,SP,Controle estrangeiro,,2869824287.87,200512.00,20554841.18,38159039.71,58713880.89,True,True,0.02
2005,01181521,BANCO COOPERATIVO SICREDI S.A.,B1,Banco Múltiplo Cooperativo,RS,Privado nacional,,2846996742.00,200512.00,4826166.52,6278627.50,11104794.02,True,True,0.00
2005,83876003,BANCO DO ESTADO DE SANTA CATARINA S.A.,B1,Banco Comercial,SC,Público,,2834416559.37,200512.00,8842979.25,-22377091.34,-13534112.09,True,True,-0.00
2005,04184779,BANCO IBI S.A. - BANCO MÚLTIPLO,B1,Banco Múltiplo,SP,Controle estrangeiro,,2811288971.00,200512.00,61794838.54,62971602.86,124766441.40,True,True,0.04
2005,C0031323,SS,B1,,SP,Privado nacional,,2753683919.59,200512.00,33988381.23,38388168.44,72376549.67,True,True,0.03
2005,C0051262,DAIMLERCHRYSLER,B2,,SP,Controle estrangeiro,,2745730044.04,200512.00,21255436.95,24813562.15,46068999.10,True,True,0.02
2005,02038232,BANCO COOPERATIVO DO BRASIL S.A. - BANCOOB,B1,Banco Comercial Cooperativo,DF,Privado nacional,,2590579417.92,200512.00,3387805.10,5416608.97,8804414.07,True,True,0.00
2005,C0050720,CRUZEIRO DO SUL,B1,,SP,Privado nacional,,2373669092.19,200512.00,17841091.35,9671889.39,27512980.74,True,True,0.01
2005,C0031976,BRB,B1,,DF,Público,,2263591165.34,200512.00,1776843.74,22023800.59,23800644.33,True,True,0.01
2005,C0031244,RURAL,B1,,MG,Privado nacional,,2194217384.13,200512.00,-129729701.06,-192195302.72,-321925003.78,True,True,-0.15
2005,62232889,BANCO DAYCOVAL S.A.,B1,Banco Múltiplo,SP,Privado nacional,,2153323532.58,200512.00,14030218.95,67504365.14,81534584.09,True,True,0.04
2005,C0030214,BEC,B1,,CE,Público,,2004076562.45,200512.00,27786644.62,59953301.35,87739945.97,True,True,0.04
2005,C0050304,PINE,B1,,SP,Privado nacional,,1982051667.87,200512.00,41007126.44,26845726.13,67852852.57,True,True,0.03
2005,C0051482,BES,B2,,SP,Controle estrangeiro,,1909993135.50,200512.00,6681820.26,9582285.74,16264106.00,True,True,0.01
2005,C0051145,AMEX,B1,,SP,Controle estrangeiro,,1845494769.34,200512.00,-26847042.01,-46307746.35,-73154788.36,True,True,-0.04
2005,05040481,BANCO DE LAGE LANDEN BRASIL S.A.,B2,Banco Múltiplo,RS,Controle estrangeiro,,1844634889.94,200512.00,2502258.98,22340404.00,24842662.98,True,True,0.01
2005,C0030276,BMC,B1,,SP,Privado nacional,,1836571574.21,200512.00,10100581.36,35379803.33,45480384.69,True,True,0.02
2005,31597552,BANCO CLASSICO S.A.,B1,Banco Múltiplo,RJ,Privado nacional,,1835029621.24,200512.00,49178885.67,66682757.80,115861643.47,True,True,0.06
2005,C0051073,ING,B1,,SP,Controle estrangeiro,,1784613619.65,200512.00,-32488792.11,-25129853.70,-57618645.81,True,True,-0.03
2005,61088183,BANCO WESTLB DO BRASIL S.A.,B1,Banco Múltiplo,SP,Controle estrangeiro,,1598445127.16,200512.00,-116327387.23,-10778997.61,-127106384.84,True,True,-0.08
2005,91884981,BANCO JOHN DEERE S.A.,B1,Banco Múltiplo,RS,Controle estrangeiro,,1516764190.15,200512.00,7969755.44,13549390.35,21519145.79,True,True,0.01
2005,38486817,BANCO DE DESENVOLVIMENTO DE MINAS GERAIS S.A.,B4,Banco de Desenvolvimento,MG,Público,,1514059409.84,200512.00,29750874.68,38072585.58,67823460.26,True,True,0.04
2005,C0031859,SOCIETE GENERALE,B1,,SP,Controle estrangeiro,,1474564852.72,200512.00,-29954029.52,-6579080.64,-36533110.16,True,True,-0.02
2005,00558456,BANCO BGN S.A.,B1,Banco Múltiplo,PE,Privado nacional,,1426996812.72,200512.00,2003570.77,8397911.84,10401482.61,True,True,0.01
2005,62237425,BANCO FIDIS DE INVESTIMENTO S.A.,B2,Banco de Investimento,MG,Controle estrangeiro,,1392379449.50,200512.00,26542556.80,22271419.67,48813976.47,True,True,0.04
2005,C0050191,SCHAHIN,B1,,SP,Privado nacional,,1260963542.04,200512.00,18496495.72,19910673.43,38407169.15,True,True,0.03
2005,13009717,BANCO DO ESTADO DE SERGIPE S.A.,B1,Banco Múltiplo,SE,Público,,1203627878.73,200512.00,12312518.03,19698972.60,32011490.63,True,True,0.03
2005,34270520,BANCO IBM S.A.,B2,Banco Múltiplo,RJ,Controle estrangeiro,,1193310766.77,200512.00,36035912.08,-8208582.96,27827329.12,True,True,0.02
2005,C0051059,DRESDNER,B1,,SP,Controle estrangeiro,,1135704489.29,200512.00,-58070798.30,-20157108.51,-78227906.81,True,True,-0.07
2005,C0051107,OPPORTUNITY,B1,,RJ,Privado nacional,,1099857015.05,200512.00,11289437.20,20484178.15,31773615.35,True,True,0.03
2005,90731688,BANCO FORD S.A.,B2,Banco Múltiplo,SP,Controle estrangeiro,,1097214388.69,200512.00,24917459.34,30712468.43,55629927.77,True,True,0.05
2005,04913711,BANCO DO ESTADO DO PARÁ S.A.,B1,Banco Múltiplo,PA,Público,,978737693.42,200512.00,3239298.06,4610372.41,7849670.47,True,True,0.01
2005,C0051413,MORGAN STANLEY,B1,,SP,Controle estrangeiro,,975891429.81,200512.00,33021276.23,92012243.43,125033519.66,True,True,0.13
2005,C0050988,INDUSTRIAL DO BRASIL,B1,,SP,Privado nacional,,959793533.58,200512.00,10452647.15,14283529.38,24736176.53,True,True,0.03
2005,61146577,BANCO BARCLAYS S.A.,B1,Banco Múltiplo,SP,Controle estrangeiro,,912496252.95,200512.00,21307637.21,15483018.70,36790655.91,True,True,0.04
2005,58017179,BANCO VOLVO BRASIL S.A.,B2,Banco Múltiplo,PR,Controle estrangeiro,,890758339.71,200512.00,,14531071.81,14531071.81,False,True,0.02
2005,17351180,BANCO TRIANGULO S.A.,B1,Banco Múltiplo,MG,Privado nacional,,856982407.41,200512.00,19154152.53,29167812.75,48321965.28,True,True,0.06
2005,C0051365,PSA FINANCE,B2,,SP,Controle estrangeiro,,855070975.14,200512.00,5143949.17,9061792.79,14205741.96,True,True,0.02
2005,C0051255,MERRILL LYNCH,B2,,SP,Controle estrangeiro,,837265616.90,200512.00,25143907.37,44716809.81,69860717.18,True,True,0.08
2005,33349358,BANCO CACIQUE S.A.,B1,Banco Múltiplo,SP,Privado nacional,,837005693.65,200512.00,10725861.12,18387113.48,29112974.60,True,True,0.03
2005,C0051334,TOYOTA,B2,,SP,Controle estrangeiro,,810360213.20,200512.00,6365912.54,6171174.24,12537086.78,True,True,0.02
2005,C0050885,BRASCAN,B1,,RJ,Controle estrangeiro,,773751319.77,200512.00,17393858.71,27165546.17,44559404.88,True,True,0.06
2005,C0050531,INDUSVAL,B1,,SP,Privado nacional,,772576204.25,200512.00,10094678.26,9454072.65,19548750.91,True,True,0.03
2005,60498557,BANCO DE TOKYO-MITSUBISHI BRASIL S.A.,B1,Banco Múltiplo,SP,Controle estrangeiro,,764573234.18,200512.00,-37461040.21,2497314.63,-34963725.58,True,True,-0.05
2005,C0020255,BANIF,B1,,SP,Controle estrangeiro,,726837559.46,200512.00,1174031.31,-90355.33,1083675.98,True,True,0.00
2005,60518222,BANCO SUMITOMO MITSUI BRASILEIRO S.A.,B1,Banco Múltiplo,SP,Controle estrangeiro,,700481598.63,200512.00,-29713932.07,-9116172.49,-38830104.56,True,True,-0.06
2005,62421979,BANCO GE CAPITAL S.A.,B1,Banco Múltiplo,SP,Controle estrangeiro,,645076126.84,200512.00,-11520978.10,-21305292.58,-32826270.68,True,True,-0.05
2005,C0031103,UBS,B1,,RJ,Controle estrangeiro,,549636145.02,200512.00,18129494.44,21357111.00,39486605.44,True,True,0.07
2005,14388334,PARANA BANCO S.A.,B1,Banco Múltiplo,PR,Privado nacional,,535085055.79,200512.00,23432897.80,56087278.66,79520176.46,True,True,0.15
2005,C0051396,HONDA,B2,,SP,Controle estrangeiro,,505153939.87,200512.00,9082737.63,8679607.23,17762344.86,True,True,0.04
2005,04866275,BANCO STANDARD DE INVESTIMENTOS S.A.,B2,Banco de Investimento,SP,Controle estrangeiro,,454434070.06,200512.00,4385281.45,2097280.67,6482562.12,True,True,0.01
2005,30723886,BANCO MODAL S.A.,B1,Banco Múltiplo,RJ,Privado nacional,,449255964.90,200512.00,4608064.16,7017683.01,11625747.17,True,True,0.03
2005,C0050524,VR,B1,,SP,Privado nacional,,439242906.47,200512.00,10229161.82,10014013.44,20243175.26,True,True,0.05
2005,C0051066,CREDIT LYONNAIS,B1,,SP,Controle estrangeiro,,428704378.18,200512.00,-5880745.04,-5548105.03,-11428850.07,True,True,-0.03
2005,C0050706,BONSUCESSO,B1,,MG,Privado nacional,,378854784.19,200512.00,30915971.70,27039184.44,57955156.14,True,True,0.15
2005,C0050414,PROSPER,B1,,RJ,Privado nacional,,364524643.77,200512.00,1569462.31,11793372.50,13362834.81,True,True,0.04
2005,C0050476,INTERCAP,B1,,SP,Privado nacional,,360663237.60,200512.00,13249460.28,4536576.09,17786036.37,True,True,0.05
2005,32254138,BANCO BVA S.A.,B1,Banco Múltiplo,RJ,Privado nacional,,349063702.22,200512.00,148910.91,-40857347.93,-40708437.02,True,True,-0.12
2005,C0050328,SOCOPA,B1,,SP,Privado nacional,,335758158.87,200512.00,1616959.92,3035180.13,4652140.05,True,True,0.01
2005,C0050122,FATOR,B1,,SP,Privado nacional,,334657552.10,200512.00,18699309.86,12345532.73,31044842.59,True,True,0.09
2005,C0051468,RENDIMENTO,B1,,SP,Privado nacional,,320948111.80,200512.00,7624395.84,10494818.68,18119214.52,True,True,0.06
2005,07002898,BANCO SAFRA DE INVESTIMENTO S.A.,B2,Banco de Investimento,SP,Privado nacional,,296864265.22,200512.00,51516162.68,68563126.60,120079289.28,True,True,0.40
2005,60850229,BANCO PECUNIA S.A.,B1,Banco Múltiplo,SP,Privado nacional,,282093790.95,200512.00,4649679.68,5637336.35,10287016.03,True,True,0.04
2005,31880826,BANCO GUANABARA S.A.,B1,Banco Múltiplo,RJ,Privado nacional,,251083285.32,200512.00,-292897.83,6987725.65,6694827.82,True,True,0.03
2005,69141539,BANCO CREDIBEL S.A.,B1,Banco Múltiplo,SP,Privado nacional,,250534750.51,200512.00,1523872.49,4958117.66,6481990.15,True,True,0.03
2005,06833131,BANCO DO ESTADO DO PIAUÍ S.A. - BEP,B1,Banco Múltiplo,PI,Público,,220286143.85,200512.00,3456434.92,3700162.37,7156597.29,True,True,0.03
2005,59118133,BANCO LUSO BRASILEIRO S.A.,B1,Banco Múltiplo,SP,Privado nacional,,205261118.74,200512.00,32937.86,87186.09,120123.95,True,True,0.00
2005,92894922,BANCO MATONE S.A.,B1,Banco Múltiplo,RS,Privado nacional,,184226039.75,200512.00,1665390.18,14499781.75,16165171.93,True,True,0.09
2005,33603457,BANCO RODOBENS S.A.,B2,Banco Múltiplo,SP,Privado nacional,,179549375.93,200512.00,5511307.92,6899591.12,12410899.04,True,True,0.07
2005,74828799,BANCO COMERCIAL URUGUAI S.A.,B1,Banco Múltiplo,RS,Controle estrangeiro,,173548797.57,200512.00,-2379862.35,-7324701.21,-9704563.56,True,True,-0.06
2005,61348538,BANCO FICSA S.A.,B1,Banco Múltiplo,SP,Privado nacional,,171826660.96,200512.00,-1883896.26,-3330557.30,-5214453.56,True,True,-0.03
2005,92874270,BANCO A.J. RENNER S.A.,B1,Banco Múltiplo,RS,Privado nacional,,171743684.62,200512.00,1961572.93,3154788.53,5116361.46,True,True,0.03
2005,C0050201,MÁXIMA,B1,,RJ,Privado nacional,,170847494.86,200512.00,4991155.77,4534468.07,9525623.84,True,True,0.06
2005,C0050294,OURINVEST,B2,,SP,Privado nacional,,165827424.37,200512.00,3689500.29,3787868.52,7477368.81,True,True,0.05
2005,61033106,BPN BRASIL BANCO MÚLTIPLO S.A.,B2,Banco Múltiplo,SP,Controle estrangeiro,,142573860.09,200512.00,-276541.24,437811.84,161270.60,True,True,0.00
2005,00517645,BANCO RIBEIRAO PRETO S.A.,B1,Banco Múltiplo,SP,Privado nacional,,137322841.80,200512.00,3105042.64,2627388.43,5732431.07,True,True,0.04
2005,C0050861,GERDAU,B1,,RS,Privado nacional,,132805965.64,200512.00,4897094.82,5255418.92,10152513.74,True,True,0.08
2005,43717511,BANCO MORADA S.A,B1,Banco Múltiplo,RJ,Privado nacional,,130470726.28,200512.00,1957283.14,2158109.57,4115392.71,True,True,0.03
2005,33132044,BANCO CEDULA S.A.,B1,Banco Múltiplo,RJ,Privado nacional,,126566437.04,200512.00,3469017.73,2875570.71,6344588.44,True,True,0.05
2005,57839805,BANCO TRICURY S.A.,B2,Banco Múltiplo,SP,Privado nacional,,106017879.84,200512.00,1812863.35,-524855.22,1288008.13,True,True,0.01
2005,27937333,BANCO BRJ S.A.,B2,Banco Múltiplo,RJ,Privado nacional,,105113964.95,200512.00,-2490578.72,12616763.85,10126185.13,True,True,0.10
2005,44189447,BANCO DE LA PROVINCIA DE BUENOS AIRES,B1,Banco Comercial Estrangeiro - Filial no país,SP,Controle estrangeiro,,103515889.83,200512.00,-1471646.90,5052937.14,3581290.24,True,True,0.03
2005,33042151,BANCO DE LA NACION ARGENTINA,B1,Banco Comercial Estrangeiro - Filial no país,SP,Controle estrangeiro,,83137039.56,200512.00,-2115778.59,-130389.39,-2246167.98,True,True,-0.03
2005,45283173,UNO-E BRASIL BANCO DE INVESTIMENTO S.A.,B2,Banco de Investimento,SP,Controle estrangeiro,,82819335.52,200512.00,2660743.47,5878657.77,8539401.24,True,True,0.10
2005,00795423,BANCO EMBLEMA S/A,B1,Banco Comercial,MG,Privado nacional,,77577655.77,200512.00,-916853.19,475722.94,-441130.25,True,True,-0.01
2005,03609817,BANCO CARGILL S.A.,B1,Banco Múltiplo,SP,Controle estrangeiro,,75244939.84,200512.00,-9950357.52,-238004.47,-10188361.99,True,True,-0.14
2005,48795256,LEMON BANK BANCO MULTIPLO S.A.,B1,Banco Múltiplo,SP,Controle estrangeiro,,64107519.29,200512.00,-434176.96,842297.74,408120.78,True,True,0.01
2005,00253448,BANCO POTTENCIAL S.A.,B1,Banco Comercial,MG,Privado nacional,,57104868.31,200512.00,1513400.32,1873747.90,3387148.22,True,True,0.06
2005,C0031677,ARBI,B1,,RJ,Privado nacional,,53321214.63,200512.00,-2054503.83,-212005.49,-2266509.32,True,True,-0.04
2005,02318507,BANCO KEB DO BRASIL S.A.,B1,Banco Comercial,SP,Controle estrangeiro,,49285073.28,200512.00,429047.29,992714.03,1421761.32,True,True,0.03
2005,C0042264,TENDENCIA,B2,,SP,Privado nacional,,45491695.76,200512.00,1605833.93,428658.89,2034492.82,True,True,0.04
2005,03532415,BANCO CR2 S/A,B1,Banco Comercial,RJ,Privado nacional,,41629486.08,200512.00,982672.27,1577311.55,2559983.82,True,True,0.06
2005,51938876,BANCO DE LA REPUBLICA ORIENTAL DEL URUGUAY,B1,Banco Comercial Estrangeiro - Filial no país,SP,Controle estrangeiro,,41108912.14,200512.00,-1737.00,1079939.06,1078202.06,True,True,0.03
2005,40429946,BANCO PORTO REAL DE INVESTIMENTO S.A,B2,Banco de Investimento,RJ,Privado nacional,,39415445.49,200512.00,456700.30,295026.86,751727.16,True,True,0.02
2005,15173776,BANCO CAPITAL S.A.,B1,Banco Múltiplo,BA,Privado nacional,,36253360.32,200512.00,1650886.42,2656085.16,4306971.58,True,True,0.12
2005,80271455,BANCO MAXINVEST S.A.,B2,Banco Múltiplo,PR,Privado nacional,,30816783.45,200512.00,933154.36,2031058.89,2964213.25,True,True,0.10
2005,33588252,BANCO INDUSCRED DE INVESTIMENTO S.A.,B2,Banco de Investimento,SP,Privado nacional,,28266536.50,200512.00,-893017.23,964147.87,71130.64,True,True,0.00
2005,04332281,GOLDMAN SACHS DO BRASIL BANCO MULTIPLO S.A.,B2,Banco Múltiplo,SP,Controle estrangeiro,,27166060.79,200512.00,-2061221.97,-6497147.36,-8558369.33,True,True,-0.32
2005,00997185,BANCO BM&F DE SERVIÇOS DE LIQUIDAÇÃO E CUSTÓDIA S.A.,B1,Banco Comercial,SP,Privado nacional,,26918106.58,200512.00,575191.02,664144.25,1239335.27,True,True,0.05
2005,07441209,BANCO MONEO S.A.,B2,Banco Múltiplo,RS,Privado nacional,,26312498.13,200512.00,,916621.33,916621.33,False,True,0.03
2005,C0031158,PEBB,B1,,RJ,Privado nacional,,,,17226395.94,,17226395.94,False,True,
2005,C0050933,VOLVO,B2,,PR,Controle estrangeiro,,,,13455101.92,,13455101.92,False,True,
2006,C0049906,BB,B1,,DF,Público,,296356419156.85,200612.00,3888188640.15,2155587981.86,6043776622.01,True,True,0.02
2006,C0010045,BRADESCO,B1,,SP,Privado nacional,,213302930158.61,200612.00,3133829642.86,1876596874.04,5010426516.90,True,True,0.02
2006,00360305,CAIXA ECONOMICA FEDERAL,B1,Caixa Econômica Federal,DF,Público,,209532835266.11,200612.00,1343977946.90,1042211710.48,2386189657.38,True,True,0.01
2006,C0010069,ITAU,B1,,SP,Privado nacional,,205156179401.77,200612.00,3554172955.07,3361270542.46,6915443497.53,True,True,0.03
2006,33657248,BANCO NACIONAL DE DESENVOLVIMENTO ECONOMICO E SOCIAL,B4,BNDES,RJ,Público,,185145568199.99,200612.00,3317447546.87,3013840973.63,6331288520.50,True,True,0.03
2006,C0010076,ABN AMRO,B1,,SP,Controle estrangeiro,,119160302483.71,200612.00,512087590.60,1172240603.87,1684328194.47,True,True,0.01
2006,C0030379,SANTANDER BANESPA,B1,,SP,Controle estrangeiro,,102125937904.42,200612.00,446993480.14,752501840.46,1199495320.60,True,True,0.01
2006,C0010100,UNIBANCO,B1,,SP,Privado nacional,,97785134305.44,200612.00,1085668171.25,714294616.48,1799962787.73,True,True,0.02
2006,C0010083,SAFRA,B1,,SP,Privado nacional,,61820338125.21,200612.00,349017463.79,494808980.93,843826444.72,True,True,0.01
2006,C0051152,HSBC,B1,,PR,Controle estrangeiro,,58265728032.94,200612.00,446202043.00,500547397.13,946749440.13,True,True,0.02
2006,C0051011,VOTORANTIM,B1,,SP,Privado nacional,,56707483495.72,200612.00,476765985.04,664294214.46,1141060199.50,True,True,0.02
2006,43073394,BANCO NOSSA CAIXA S.A.,B1,Banco Múltiplo,SP,Público,,39319392232.36,200612.00,289899104.11,163572806.61,453471910.72,True,True,0.01
2006,C0030403,CITIBANK,B1,,SP,Controle estrangeiro,,30755195094.02,200612.00,-254038245.09,204034057.74,-50004187.35,True,True,-0.00
2006,C0049944,UBS PACTUAL,B1,,RJ,Controle estrangeiro,,20260655745.27,200612.00,438039629.86,333110540.85,771150170.71,True,True,0.04
2006,C0030173,BANRISUL,B1,,RS,Público,,15697306568.80,200612.00,188944561.69,172796119.49,361740681.18,True,True,0.02
2006,07237373,BANCO DO NORDESTE DO BRASIL S.A.,B1,Banco Múltiplo,CE,Público,,12477423885.89,200612.00,76430867.68,126302535.91,202733403.59,True,True,0.02
2006,C0030207,BBM,B1,,BA,Privado nacional,,12401765100.25,200612.00,58167580.56,109678162.46,167845743.02,True,True,0.01
2006,C0051293,ALFA,B1,,SP,Privado nacional,,11075730216.39,200612.00,75352630.46,85741636.39,161094266.85,True,True,0.01
2006,C0030771,CREDIT SUISSE,B1,,SP,Controle estrangeiro,,10811532019.80,200612.00,456059227.18,120721114.38,576780341.56,True,True,0.05
2006,C0051516,BNP PARIBAS,B1,,SP,Controle estrangeiro,,10673186283.07,200612.00,49906548.97,40048320.71,89954869.68,True,True,0.01
2006,C0051183,DEUTSCHE,B1,,SP,Controle estrangeiro,,9007309713.70,200612.00,-66865384.90,117815383.84,50949998.94,True,True,0.01
2006,C0049951,FIBRA,B1,,SP,Privado nacional,,8345297351.57,200612.00,27421741.89,43991477.02,71413218.91,True,True,0.01
2006,C0020107,JP MORGAN CHASE,B1,,SP,Controle estrangeiro,,8282640385.36,200612.00,79881386.38,31542777.56,111424163.94,True,True,0.01
2006,C0032119,BIC,B1,,SP,Privado nacional,,7325084738.63,200612.00,51904698.17,51597221.33,103501919.50,True,True,0.01
2006,C0030764,VOLKSWAGEN,B2,,SP,Controle estrangeiro,,6382336408.03,200612.00,32368860.89,53584498.81,85953359.70,True,True,0.01
2006,C0030159,BANESTES,B1,,ES,Público,,5637362069.57,200612.00,61285648.96,81089938.27,142375587.23,True,True,0.03
2006,04902979,BANCO DA AMAZONIA S.A.,B1,Banco Comercial,PA,Público,,5158921515.39,200612.00,37681878.88,129474734.73,167156613.61,True,True,0.03
2006,C0020152,MERCANTIL DO BRASIL,B1,,MG,Privado nacional,,5058302993.87,200612.00,16096580.85,7299211.66,23395792.51,True,True,0.00
2006,C0030290,BMG,B1,,MG,Privado nacional,,4624199245.52,200612.00,124470842.98,138768645.58,263239488.56,True,True,0.06
2006,01181521,BANCO COOPERATIVO SICREDI S.A.,B1,Banco Múltiplo Cooperativo,RS,Privado nacional,,4517633412.46,200612.00,5558701.87,8216226.60,13774928.47,True,True,0.00
2006,92816560,BANCO REGIONAL DE DESENVOLVIMENTO DO EXTREMO SUL,B4,Banco de Desenvolvimento,RS,Público,,4261478087.27,200612.00,44113305.68,60757732.56,104871038.24,True,True,0.02
2006,C0030245,BESC,B1,,SC,Público,,4246753137.57,200612.00,50488210.69,20806677.64,71294888.33,True,True,0.02
2006,59274605,BANCO GMAC S/A,B2,Banco Múltiplo,SP,Controle estrangeiro,,4106455401.26,200612.00,63310188.67,92624445.37,155934634.04,True,True,0.04
2006,02992446,BANCO CNH CAPITAL S.A.,B2,Banco Múltiplo,PR,Controle estrangeiro,,4024328885.16,200612.00,27015770.76,43099599.07,70115369.83,True,True,0.02
2006,04184779,BANCO IBI S.A. - BANCO MÚLTIPLO,B1,Banco Múltiplo,SP,Controle estrangeiro,,3816175626.26,200612.00,58161856.17,68219758.69,126381614.86,True,True,0.03
2006,C0041856,ABC-BRASIL,B1,,SP,Controle estrangeiro,,3777299208.61,200612.00,24875678.81,36124376.09,61000054.90,True,True,0.02
2006,01023570,BANCO RABOBANK INTERNATIONAL BRASIL S.A.,B1,Banco Múltiplo,SP,Controle estrangeiro,,3775464664.82,200612.00,7526117.31,-1946612.24,5579505.07,True,True,0.00
2006,C0031323,SS,B1,,SP,Privado nacional,,3754126630.47,200612.00,37470486.74,58441540.55,95912027.29,True,True,0.03
2006,02038232,BANCO COOPERATIVO DO BRASIL S.A. - BANCOOB,B1,Banco Comercial Cooperativo,DF,Privado nacional,,3586143390.83,200612.00,7899649.95,8604758.14,16504408.09,True,True,0.00
2006,C0051262,DAIMLERCHRYSLER,B2,,SP,Controle estrangeiro,,3263754608.59,200612.00,13686101.50,23492674.37,37178775.87,True,True,0.01
2006,C0050304,PINE,B1,,SP,Privado nacional,,3205490776.56,200612.00,27018387.69,35608239.48,62626627.17,True,True,0.02
2006,62232889,BANCO DAYCOVAL S.A.,B1,Banco Múltiplo,SP,Privado nacional,,3035738616.62,200612.00,26008844.22,59073005.24,85081849.46,True,True,0.03
2006,C0051073,ING,B1,,SP,Controle estrangeiro,,2939051381.20,200612.00,9178388.29,403724.03,9582112.32,True,True,0.00
2006,C0031976,BRB,B1,,DF,Público,,2783207285.55,200612.00,30631563.52,58660578.58,89292142.10,True,True,0.03
2006,C0030276,BMC,B1,,SP,Privado nacional,,2391457644.61,200612.00,63801233.05,27616433.05,91417666.10,True,True,0.04
2006,31597552,BANCO CLASSICO S.A.,B1,Banco Múltiplo,RJ,Privado nacional,,2314032126.03,200612.00,80252395.17,72668294.99,152920690.16,True,True,0.07
2006,05040481,BANCO DE LAGE LANDEN BRASIL S.A.,B2,Banco Múltiplo,RS,Controle estrangeiro,,2310546480.88,200612.00,6351034.52,21934462.63,28285497.15,True,True,0.01
2006,61146577,BANCO BARCLAYS S.A.,B1,Banco Múltiplo,SP,Controle estrangeiro,,2139151018.31,200612.00,3446411.34,57104442.60,60550853.94,True,True,0.03
2006,C0050720,CRUZEIRO DO SUL,B1,,SP,Privado nacional,,2117545816.35,200612.00,18832109.06,28942856.20,47774965.26,True,True,0.02
2006,C0031873,SOFISA,B1,,SP,Privado nacional,,2098479491.18,200612.00,17235375.01,28011206.04,45246581.05,True,True,0.02
2006,00558456,BANCO BGN S.A.,B1,Banco Múltiplo,PE,Privado nacional,,2075382735.62,200612.00,10269408.22,15756687.77,26026095.99,True,True,0.01
2006,C0051482,BES,B2,,SP,Controle estrangeiro,,1880315208.17,200612.00,10390563.18,14639325.68,25029888.86,True,True,0.01
2006,61088183,BANCO WESTLB DO BRASIL S.A.,B1,Banco Múltiplo,SP,Controle estrangeiro,,1815860389.46,200612.00,-7971672.73,60866498.64,52894825.91,True,True,0.03
2006,C0051107,OPPORTUNITY,B1,,RJ,Privado nacional,,1811099117.02,200612.00,24841999.66,20061904.58,44903904.24,True,True,0.02
2006,C0031244,RURAL,B1,,MG,Privado nacional,,1700056487.46,200612.00,3381314.95,-79638672.07,-76257357.12,True,True,-0.04
2006,91884981,BANCO JOHN DEERE S.A.,B1,Banco Múltiplo,RS,Controle estrangeiro,,1662582762.39,200612.00,11406202.55,4833885.63,16240088.18,True,True,0.01
2006,62237425,BANCO FIDIS DE INVESTIMENTO S.A.,B2,Banco de Investimento,MG,Controle estrangeiro,,1646177781.84,200612.00,28360969.53,34378763.44,62739732.97,True,True,0.04
2006,C0050988,INDUSTRIAL DO BRASIL,B1,,SP,Privado nacional,,1642549523.81,200612.00,13756912.99,16665762.33,30422675.32,True,True,0.02
2006,38486817,BANCO DE DESENVOLVIMENTO DE MINAS GERAIS S.A.-BDMG,B4,Banco de Desenvolvimento,MG,Público,,1623477889.24,200612.00,27553938.19,10838274.60,38392212.79,True,True,0.02
2006,C0051255,MERRILL LYNCH,B2,,SP,Controle estrangeiro,,1571771020.97,200612.00,36625458.30,36300360.43,72925818.73,True,True,0.05
2006,C0051059,DRESDNER,B1,,SP,Controle estrangeiro,,1566521398.67,200612.00,18093605.62,36225060.54,54318666.16,True,True,0.03
2006,C0050191,SCHAHIN,B1,,SP,Privado nacional,,1542763766.72,200612.00,17897659.84,14140126.99,32037786.83,True,True,0.02
2006,34270520,BANCO IBM S.A.,B2,Banco Múltiplo,RJ,Controle estrangeiro,,1455205412.54,200612.00,3601633.85,10210189.15,13811823.00,True,True,0.01
2006,13009717,BANCO DO ESTADO DE SERGIPE S.A.,B1,Banco Múltiplo,SE,Público,,1443796488.86,200612.00,21320388.06,34421236.32,55741624.38,True,True,0.04
2006,C0051413,MORGAN STANLEY,B1,,SP,Controle estrangeiro,,1381951557.71,200612.00,35458887.91,16283929.88,51742817.79,True,True,0.04
2006,33349358,BANCO CACIQUE S.A.,B1,Banco Múltiplo,SP,Privado nacional,,1338749028.06,200612.00,12557017.41,29759550.50,42316567.91,True,True,0.03
2006,C0051365,PSA FINANCE,B2,,SP,Controle estrangeiro,,1323053191.86,200612.00,6796182.91,7408430.12,14204613.03,True,True,0.01
2006,C0020255,BANIF,B1,,SP,Controle estrangeiro,,1276199470.74,200612.00,6748969.53,8075312.16,14824281.69,True,True,0.01
2006,62421979,BANCO GE CAPITAL S.A.,B1,Banco Múltiplo,SP,Controle estrangeiro,,1231723279.17,200612.00,-33178643.49,-19602512.94,-52781156.43,True,True,-0.04
2006,C0051334,TOYOTA,B2,,SP,Controle estrangeiro,,1210910123.40,200612.00,7003885.65,11366142.11,18370027.76,True,True,0.02
2006,90731688,BANCO FORD S.A.,B2,Banco Múltiplo,SP,Controle estrangeiro,,1156494727.23,200612.00,28059539.18,26509807.38,54569346.56,True,True,0.05
2006,C0050531,INDUSVAL,B1,,SP,Privado nacional,,1121135863.38,200612.00,9875125.42,13758309.52,23633434.94,True,True,0.02
2006,C0031859,SOCIETE GENERALE,B1,,SP,Controle estrangeiro,,1120191781.94,200612.00,-23619400.52,-3133155.28,-26752555.80,True,True,-0.02
2006,C0050885,BRASCAN,B1,,RJ,Controle estrangeiro,,1003051326.27,200612.00,22671027.97,11720827.07,34391855.04,True,True,0.03
2006,60518222,BANCO SUMITOMO MITSUI BRASILEIRO S.A.,B1,Banco Múltiplo,SP,Controle estrangeiro,,1000481461.94,200612.00,17736700.26,-173410739.02,-155674038.76,True,True,-0.16
2006,04913711,BANCO DO ESTADO DO PARÁ S.A.,B1,Banco Múltiplo,PA,Público,,992454965.29,200612.00,3882636.64,2197406.89,6080043.53,True,True,0.01
2006,17351180,BANCO TRIANGULO S.A.,B1,Banco Múltiplo,MG,Privado nacional,,986997436.65,200612.00,20717960.01,25742278.85,46460238.86,True,True,0.05
2006,58017179,BANCO VOLVO BRASIL S.A.,B2,Banco Múltiplo,PR,Controle estrangeiro,,964991273.89,200612.00,19778973.88,16981357.66,36760331.54,True,True,0.04
2006,C0050122,FATOR,B1,,SP,Privado nacional,,838048897.80,200612.00,21227742.06,60290355.71,81518097.77,True,True,0.10
2006,60498557,BANCO DE TOKYO-MITSUBISHI UFJ BRASIL S/A,B1,Banco Múltiplo,SP,Controle estrangeiro,,785842698.67,200612.00,7128979.23,3593187.01,10722166.24,True,True,0.01
2006,14388334,PARANA BANCO S.A.,B1,Banco Múltiplo,PR,Privado nacional,,714824434.20,200612.00,22665182.82,19802921.15,42468103.97,True,True,0.06
2006,C0051066,CREDIT LYONNAIS,B1,,SP,Controle estrangeiro,,666610738.12,200612.00,-7688674.48,-537284.34,-8225958.82,True,True,-0.01
2006,C0050706,BONSUCESSO,B1,,MG,Privado nacional,,657246079.17,200612.00,21903709.94,38865167.05,60768876.99,True,True,0.09
2006,07656500,BANCO KDB DO BRASIL S.A.,B1,Banco Múltiplo,SP,Controle estrangeiro,,604049105.55,200612.00,-5138737.14,9086680.41,3947943.27,True,True,0.01
2006,04866275,BANCO STANDARD DE INVESTIMENTOS S.A.,B2,Banco de Investimento,SP,Controle estrangeiro,,579436101.15,200612.00,4907223.27,12159145.73,17066369.00,True,True,0.03
2006,C0050328,SOCOPA,B1,,SP,Privado nacional,,573927292.73,200612.00,2571937.53,6757604.47,9329542.00,True,True,0.02
2006,C0050524,VR,B1,,SP,Privado nacional,,519747239.88,200612.00,9487325.57,7701515.83,17188841.40,True,True,0.03
2006,C0050414,PROSPER,B1,,RJ,Privado nacional,,441386110.27,200612.00,8712663.66,22953387.41,31666051.07,True,True,0.07
2006,C0051468,RENDIMENTO,B1,,SP,Privado nacional,,417989099.55,200612.00,7201008.04,11720241.91,18921249.95,True,True,0.05
2006,C0051396,HONDA,B2,,SP,Controle estrangeiro,,414474268.82,200612.00,7043105.15,6438800.28,13481905.43,True,True,0.03
2006,30723886,BANCO MODAL S.A.,B1,Banco Múltiplo,RJ,Privado nacional,,388473557.11,200612.00,16435106.72,11187654.51,27622761.23,True,True,0.07
2006,07002898,BANCO SAFRA DE INVESTIMENTO S.A.,B2,Banco de Investimento,SP,Privado nacional,,374190773.40,200612.00,74172203.48,73903953.92,148076157.40,True,True,0.40
2006,32254138,BANCO BVA S.A.,B1,Banco Múltiplo,RJ,Privado nacional,,361436903.13,200612.00,20307813.19,-223994.86,20083818.33,True,True,0.06
2006,69141539,BANCO CREDIBEL S.A.,B1,Banco Múltiplo,SP,Privado nacional,,354681818.59,200612.00,4069911.82,7718801.85,11788713.67,True,True,0.03
2006,04332281,GOLDMAN SACHS DO BRASIL BANCO MULTIPLO S.A.,B2,Banco Múltiplo,SP,Controle estrangeiro,,338769644.65,200612.00,-2288032.25,-746445.98,-3034478.23,True,True,-0.01
2006,31880826,BANCO GUANABARA S.A.,B1,Banco Múltiplo,RJ,Privado nacional,,328323853.32,200612.00,4639643.33,5272381.05,9912024.38,True,True,0.03
2006,33603457,BANCO RODOBENS S.A.,B2,Banco Múltiplo,SP,Privado nacional,,311805379.52,200612.00,12518950.14,14312386.49,26831336.63,True,True,0.09
2006,60850229,BANCO PECUNIA S.A.,B1,Banco Múltiplo,SP,Privado nacional,,308336490.81,200612.00,5107599.92,5906539.90,11014139.82,True,True,0.04
2006,C0050476,INTERCAP,B1,,SP,Privado nacional,,287234476.73,200612.00,2982212.09,1317347.76,4299559.85,True,True,0.01
2006,C0050294,OURINVEST,B2,,SP,Privado nacional,,240172721.23,200612.00,2542550.57,4704302.44,7246853.01,True,True,0.03
2006,C0050861,GERDAU,B1,,RS,Privado nacional,,238924893.22,200612.00,4353125.42,5836344.77,10189470.19,True,True,0.04
2006,61033106,BPN BRASIL BANCO MÚLTIPLO S.A.,B1,Banco Múltiplo,SP,Controle estrangeiro,,224195519.26,200612.00,-5943450.75,4166713.97,-1776736.78,True,True,-0.01
2006,03609817,BANCO CARGILL S.A.,B1,Banco Múltiplo,SP,Controle estrangeiro,,224152972.44,200612.00,-3557963.77,1779326.38,-1778637.39,True,True,-0.01
2006,92894922,BANCO MATONE S.A.,B1,Banco Múltiplo,RS,Privado nacional,,223091244.27,200612.00,17008570.94,14660604.34,31669175.28,True,True,0.14
2006,06833131,BANCO DO ESTADO DO PIAUÍ S.A. - BEP,B1,Banco Múltiplo,PI,Público,,212996932.32,200612.00,5117044.32,4675578.16,9792622.48,True,True,0.05
2006,59118133,BANCO LUSO BRASILEIRO S.A.,B1,Banco Múltiplo,SP,Privado nacional,,206400087.59,200612.00,125718.62,1066526.67,1192245.29,True,True,0.01
2006,00795423,BANCO SEMEAR S.A.,B1,Banco Múltiplo,MG,Privado nacional,,194032074.38,200612.00,-2621781.58,29117356.18,26495574.60,True,True,0.14
2006,33140666,"BANKBOSTON, N.A.",B1,Banco Comercial Estrangeiro - Filial no país,SP,Controle estrangeiro,,184709080.74,200612.00,,-67696922.93,-67696922.93,False,True,-0.37
2006,92874270,BANCO A.J. RENNER S.A.,B1,Banco Múltiplo,RS,Privado nacional,,182439615.34,200612.00,2915386.02,715358.79,3630744.81,True,True,0.02
2006,00517645,BANCO RIBEIRAO PRETO S.A.,B1,Banco Múltiplo,SP,Privado nacional,,173233964.52,200612.00,3707613.59,4507581.10,8215194.69,True,True,0.05
2006,57839805,BANCO TRICURY S.A.,B2,Banco Múltiplo,SP,Privado nacional,,158979273.44,200612.00,2619967.67,5615279.06,8235246.73,True,True,0.05
2006,C0050201,MÁXIMA,B1,,RJ,Privado nacional,,135347414.77,200612.00,-627348.82,14336884.19,13709535.37,True,True,0.10
2006,43717511,BANCO MORADA S.A,B1,Banco Múltiplo,RJ,Privado nacional,,132986867.89,200612.00,2904336.63,3137252.67,6041589.30,True,True,0.05
2006,33132044,BANCO CEDULA S.A.,B1,Banco Múltiplo,RJ,Privado nacional,,132155135.22,200612.00,2791329.13,-4175603.59,-1384274.46,True,True,-0.01
2006,74828799,BANCO COMERCIAL URUGUAI S.A.,B1,Banco Múltiplo,RS,Controle estrangeiro,,127763653.69,200612.00,-1595259.05,4412743.77,2817484.72,True,True,0.02
2006,44189447,BANCO DE LA PROVINCIA DE BUENOS AIRES,B1,Banco Comercial Estrangeiro - Filial no país,SP,Controle estrangeiro,,115026654.54,200612.00,2404408.63,1319772.37,3724181.00,True,True,0.03
2006,07441209,BANCO MONEO S.A.,B2,Banco Múltiplo,RS,Privado nacional,,110338028.99,200612.00,1296612.96,5276430.87,6573043.83,True,True,0.06
2006,61348538,BANCO FICSA S.A.,B1,Banco Múltiplo,SP,Privado nacional,,109246269.07,200612.00,-2788163.36,-4451276.96,-7239440.32,True,True,-0.07
2006,27937333,BANCO BRJ S.A.,B2,Banco Múltiplo,RJ,Privado nacional,,104331105.22,200612.00,1371926.30,883060.00,2254986.30,True,True,0.02
2006,48795256,LEMON BANK BANCO MULTIPLO S.A.,B1,Banco Múltiplo,SP,Controle estrangeiro,,102143970.30,200612.00,1068821.02,2438676.75,3507497.77,True,True,0.03
2006,45283173,UNO-E BRASIL BANCO DE INVESTIMENTO S.A.,B2,Banco de Investimento,SP,Controle estrangeiro,,89067050.70,200612.00,2664753.33,2953098.09,5617851.42,True,True,0.06
2006,00997185,BANCO BM&F DE SERVIÇOS DE LIQUIDAÇÃO E CUSTÓDIA S.A.,B1,Banco Comercial,SP,Privado nacional,,77064262.80,200612.00,1044685.34,1920152.95,2964838.29,True,True,0.04
2006,00253448,BANCO POTTENCIAL S.A.,B1,Banco Comercial,MG,Privado nacional,,73021565.21,200612.00,2375064.52,2725558.23,5100622.75,True,True,0.07
2006,33042151,BANCO DE LA NACION ARGENTINA,B1,Banco Comercial Estrangeiro - Filial no país,SP,Controle estrangeiro,,66798079.00,200612.00,-1189003.84,-456393.73,-1645397.57,True,True,-0.02
2006,C0031677,ARBI,B1,,RJ,Privado nacional,,60088351.59,200612.00,971048.67,4579316.62,5550365.29,True,True,0.09
2006,C0042264,TENDENCIA,B2,,SP,Privado nacional,,55572187.75,200612.00,-1065357.90,-3671016.20,-4736374.10,True,True,-0.09
2006,02318507,BANCO KEB DO BRASIL S.A.,B1,Banco Comercial,SP,Controle estrangeiro,,53495096.33,200612.00,1505296.89,610241.82,2115538.71,True,True,0.04
2006,03532415,BANCO CR2 S/A,B1,Banco Comercial,RJ,Privado nacional,,44633911.10,200612.00,-274707.57,1181688.20,906980.63,True,True,0.02
2006,51938876,BANCO DE LA REPUBLICA ORIENTAL DEL URUGUAY,B1,Banco Comercial Estrangeiro - Filial no país,SP,Controle estrangeiro,,43433819.24,200612.00,843504.15,954321.85,1797826.00,True,True,0.04
2006,40429946,BANCO PORTO REAL DE INVESTIMENTO S.A,B2,Banco de Investimento,RJ,Privado nacional,,39259204.34,200612.00,291893.17,-577866.47,-285973.30,True,True,-0.01
2006,15173776,BANCO CAPITAL S.A.,B1,Banco Múltiplo,BA,Privado nacional,,39102193.47,200612.00,1462071.37,776930.16,2239001.53,True,True,0.06
2006,80271455,BANCO MAXINVEST S.A.,B2,Banco Múltiplo,PR,Privado nacional,,31175813.53,200612.00,-741013.39,1150408.51,409395.12,True,True,0.01
2006,33588252,BANCO INDUSCRED DE INVESTIMENTO S.A.,B2,Banco de Investimento,SP,Privado nacional,,26763108.35,200612.00,-217012.28,-110446.18,-327458.46,True,True,-0.01
2006,C0030300,BANKBOSTON,B1,,SP,Controle estrangeiro,,,,-31257572.76,,-31257572.76,False,True,
2006,C0031103,UBS,B1,,RJ,Controle estrangeiro,,,,39482223.98,,39482223.98,False,True,
2007,C0049906,BB,B1,,DF,Público,,357750242629.78,200712.00,2477168278.33,2580950861.52,5058119139.85,True,True,0.01
2007,C0010069,ITAU,B1,,SP,Privado nacional,,288768338367.95,200712.00,597382534.36,4491745023.50,5089127557.86,True,True,0.02
2007,C0010045,BRADESCO,B1,,SP,Privado nacional,,284446796318.94,200712.00,4028057694.46,4056072285.08,8084129979.54,True,True,0.03
2007,00360305,CAIXA ECONOMICA FEDERAL,B1,Caixa Econômica Federal,DF,Público,,249636818759.97,200712.00,1715566297.18,794532071.74,2510098368.92,True,True,0.01
2007,33657248,BANCO NACIONAL DE DESENVOLVIMENTO ECONOMICO E SOCIAL,B4,BNDES,RJ,Público,,198668102780.44,200712.00,4474512888.57,2839252145.60,7313765034.17,True,True,0.04
2007,C0010076,ABN AMRO,B1,,SP,Controle estrangeiro,,158662545432.18,200712.00,1064916475.27,1542057892.40,2606974367.67,True,True,0.02
2007,C0010100,UNIBANCO,B1,,SP,Privado nacional,,147952401193.29,200712.00,1449186560.47,2049840512.42,3499027072.89,True,True,0.02
2007,C0030379,SANTANDER,B1,,SP,Controle estrangeiro,,116326739420.23,200712.00,964536259.89,880860263.00,1845396522.89,True,True,0.02
2007,C0051152,HSBC,B1,,PR,Controle estrangeiro,,70755777162.38,200712.00,546896741.65,692420914.29,1239317655.94,True,True,0.02
2007,C0010083,SAFRA,B1,,SP,Privado nacional,,67280625749.57,200712.00,447289459.93,405850533.69,853139993.62,True,True,0.01
2007,C0051011,VOTORANTIM,B1,,SP,Privado nacional,,66425920470.29,200712.00,612395165.53,555498537.60,1167893703.13,True,True,0.02
2007,43073394,BANCO NOSSA CAIXA S.A.,B1,Banco Múltiplo,SP,Público,,47438746352.24,200712.00,385525968.91,-82398868.32,303127100.59,True,True,0.01
2007,C0030403,CITIBANK,B1,,SP,Controle estrangeiro,,36262207017.87,200712.00,448159977.66,1272787648.21,1720947625.87,True,True,0.05
2007,C0049944,UBS PACTUAL,B1,,RJ,Controle estrangeiro,,22945953218.22,200712.00,1670921754.06,994346625.59,2665268379.65,True,True,0.12
2007,C0030173,BANRISUL,B1,,RS,Público,,20602358937.63,200712.00,725167571.37,191516372.29,916683943.66,True,True,0.04
2007,C0051516,BNP PARIBAS,B1,,SP,Controle estrangeiro,,19036781321.28,200712.00,103432938.09,82621522.89,186054460.98,True,True,0.01
2007,C0030207,BBM,B1,,BA,Privado nacional,,17338425100.99,200712.00,240386793.32,289448593.20,529835386.52,True,True,0.03
2007,C0030771,CREDIT SUISSE,B1,,SP,Controle estrangeiro,,15231187383.89,200712.00,590240793.96,933917449.44,1524158243.40,True,True,0.10
2007,07237373,BANCO DO NORDESTE DO BRASIL S.A.,B1,Banco Múltiplo,CE,Público,,14143065489.11,200712.00,76476248.43,143268172.20,219744420.63,True,True,0.02
2007,C0051183,DEUTSCHE,B1,,SP,Controle estrangeiro,,14031029387.99,200712.00,-47134278.64,116861005.73,69726727.09,True,True,0.00
2007,C0049951,FIBRA,B1,,SP,Privado nacional,,13851600347.95,200712.00,37537234.53,63190635.23,100727869.76,True,True,0.01
2007,C0051293,ALFA,B1,,SP,Privado nacional,,13625330423.07,200712.00,81275197.77,172599075.88,253874273.65,True,True,0.02
2007,C0032119,BIC,B1,,SP,Privado nacional,,11016878207.02,200712.00,81184247.46,100551764.42,181736011.88,True,True,0.02
2007,C0020107,JP MORGAN CHASE,B1,,SP,Controle estrangeiro,,10570100825.85,200712.00,116363628.04,434282357.50,550645985.54,True,True,0.05
2007,C0030764,VOLKSWAGEN,B2,,SP,Controle estrangeiro,,7884240840.57,200712.00,26133735.22,32816348.87,58950084.09,True,True,0.01
2007,C0030159,BANESTES,B1,,ES,Público,,7661216200.13,200712.00,78442755.51,91435583.20,169878338.71,True,True,0.02
2007,C0020152,MERCANTIL DO BRASIL,B1,,MG,Privado nacional,,6701890560.25,200712.00,18674475.88,21277923.08,39952398.96,True,True,0.01
2007,C0030290,BMG,B1,,MG,Privado nacional,,6604242072.84,200712.00,253299748.50,254289235.17,507588983.67,True,True,0.08
2007,62232889,BANCO DAYCOVAL S.A.,B1,Banco Múltiplo,SP,Privado nacional,,6426394452.91,200712.00,86120591.54,119896659.35,206017250.89,True,True,0.03
2007,C0051073,ING,B1,,SP,Controle estrangeiro,,6220602325.99,200712.00,-5149015.22,203605489.77,198456474.55,True,True,0.03
2007,04902979,BANCO DA AMAZONIA S.A.,B1,Banco Comercial,PA,Público,,6120400355.92,200712.00,84517609.23,95248843.70,179766452.93,True,True,0.03
2007,C0031323,SS,B1,,SP,Privado nacional,,5888947820.03,200712.00,101390837.97,100146162.16,201537000.13,True,True,0.03
2007,59274605,BANCO GMAC S/A,B2,Banco Múltiplo,SP,Controle estrangeiro,,5822730252.95,200712.00,86973088.29,73051477.18,160024565.47,True,True,0.03
2007,04184779,BANCO IBI S.A. - BANCO MÚLTIPLO,B1,Banco Múltiplo,SP,Controle estrangeiro,,5769661542.68,200712.00,69259699.46,54322683.38,123582382.84,True,True,0.02
2007,01181521,BANCO COOPERATIVO SICREDI S.A.,B1,Banco Múltiplo Cooperativo,RS,Privado nacional,,5750059990.48,200712.00,4165874.80,7345780.05,11511654.85,True,True,0.00
2007,C0050304,PINE,B1,,SP,Privado nacional,,5697872669.25,200712.00,60168737.25,89696429.72,149865166.97,True,True,0.03
2007,C0041856,ABC-BRASIL,B1,,SP,Controle estrangeiro,,5666107331.96,200712.00,44186044.44,53324895.51,97510939.95,True,True,0.02
2007,C0030245,BESC,B1,,SC,Público,,5359746182.34,200712.00,46300545.46,23592722.64,69893268.10,True,True,0.01
2007,92816560,BANCO REGIONAL DE DESENVOLVIMENTO DO EXTREMO SUL,B4,Banco de Desenvolvimento,RS,Público,,5025359779.66,200712.00,42359552.10,40782593.50,83142145.60,True,True,0.02
2007,C0031873,SOFISA,B1,,SP,Privado nacional,,5000394150.60,200712.00,9995880.01,65637702.08,75633582.09,True,True,0.02
2007,01023570,BANCO RABOBANK INTERNATIONAL BRASIL S.A.,B1,Banco Múltiplo,SP,Controle estrangeiro,,4960373840.54,200712.00,-12990977.24,75574413.25,62583436.01,True,True,0.01
2007,02038232,BANCO COOPERATIVO DO BRASIL S.A. - BANCOOB,B1,Banco Comercial Cooperativo,DF,Privado nacional,,4803833258.57,200712.00,7305906.39,6615007.02,13920913.41,True,True,0.00
2007,02992446,BANCO CNH CAPITAL S.A.,B2,Banco Múltiplo,PR,Controle estrangeiro,,4651284392.46,200712.00,33941523.01,43120173.12,77061696.13,True,True,0.02
2007,C0051262,DAIMLERCHRYSLER,B2,,SP,Controle estrangeiro,,4528844979.95,200712.00,15509859.74,18771885.85,34281745.59,True,True,0.01
2007,C0050720,CRUZEIRO DO SUL,B1,,SP,Privado nacional,,4325752518.14,200712.00,30067993.95,206055295.00,236123288.95,True,True,0.05
2007,C0031976,BRB,B1,,DF,Público,,4304857295.67,200712.00,37476871.97,62760987.73,100237859.70,True,True,0.02
2007,31597552,BANCO CLASSICO S.A.,B1,Banco Múltiplo,RJ,Privado nacional,,4228547603.23,200712.00,67047258.47,49353150.50,116400408.97,True,True,0.03
2007,C0051554,WESTLB,B1,,SP,Controle estrangeiro,,3705797554.39,200712.00,3874113.79,39183709.21,43057823.00,True,True,0.01
2007,C0031859,SOCIETE GENERALE,B1,,SP,Controle estrangeiro,,3278280876.18,200712.00,-13502374.10,67310389.08,53808014.98,True,True,0.02
2007,C0051413,MORGAN STANLEY,B1,,SP,Controle estrangeiro,,3192850494.90,200712.00,45062146.05,217825024.09,262887170.14,True,True,0.08
2007,61146577,BANCO BARCLAYS S.A.,B1,Banco Múltiplo,SP,Controle estrangeiro,,3094399147.29,200712.00,89547814.70,1912315.84,91460130.54,True,True,0.03
2007,C0051255,MERRILL LYNCH,B2,,SP,Controle estrangeiro,,2946419821.09,200712.00,142227425.65,238852712.95,381080138.60,True,True,0.13
2007,05040481,BANCO DE LAGE LANDEN BRASIL S.A.,B2,Banco Múltiplo,RS,Controle estrangeiro,,2903794258.78,200712.00,-13685756.72,33287848.43,19602091.71,True,True,0.01
2007,C0051482,BES,B2,,SP,Controle estrangeiro,,2403340354.63,200712.00,12203716.82,92799056.17,105002772.99,True,True,0.04
2007,C0050191,SCHAHIN,B1,,SP,Privado nacional,,2373628703.72,200712.00,21392477.72,23567944.96,44960422.68,True,True,0.02
2007,29030467,DRESDNER BANK BRASIL S.A. BANCO MULTIPLO,B1,Banco Múltiplo,SP,Controle estrangeiro,,2349748564.78,200712.00,39716470.76,76411530.96,116128001.72,True,True,0.05
2007,C0050531,INDUSVAL,B1,,SP,Privado nacional,,2211716802.47,200712.00,7845033.36,37529187.84,45374221.20,True,True,0.02
2007,34270520,BANCO IBM S.A.,B2,Banco Múltiplo,RJ,Controle estrangeiro,,2171875864.86,200712.00,-7233289.44,20113439.08,12880149.64,True,True,0.01
2007,08357240,BANCO CARREFOUR S.A.,B2,Banco Múltiplo,SP,Privado nacional,,2086192934.25,200712.00,-11451291.46,52013275.52,40561984.06,True,True,0.02
2007,62237425,BANCO FIDIS DE INVESTIMENTO S.A.,B2,Banco de Investimento,MG,Controle estrangeiro,,1913045632.92,200712.00,20443520.28,-94772946.31,-74329426.03,True,True,-0.04
2007,C0051097,BGN,B1,,PE,Privado nacional,,1907365756.64,200712.00,16189716.41,32505371.22,48695087.63,True,True,0.03
2007,C0050988,INDUSTRIAL DO BRASIL,B1,,SP,Privado nacional,,1900072895.31,200712.00,17695101.08,18169836.99,35864938.07,True,True,0.02
2007,C0031244,RURAL,B1,,MG,Privado nacional,,1844056417.83,200712.00,6302095.50,20683944.97,26986040.47,True,True,0.01
2007,62421979,BANCO GE CAPITAL S.A.,B1,Banco Múltiplo,SP,Controle estrangeiro,,1831112569.59,200712.00,-7476637.01,-4855793.78,-12332430.79,True,True,-0.01
2007,C0051365,PSA FINANCE,B2,,SP,Controle estrangeiro,,1789169848.27,200712.00,8741613.92,14587464.74,23329078.66,True,True,0.01
2007,C0020255,BANIF,B1,,SP,Controle estrangeiro,,1787192710.95,200712.00,9392625.29,105280580.61,114673205.90,True,True,0.06
2007,C0051334,TOYOTA,B2,,SP,Controle estrangeiro,,1782682856.96,200712.00,9344079.31,7805884.28,17149963.59,True,True,0.01
2007,38486817,BANCO DE DESENVOLVIMENTO DE MINAS GERAIS S.A.-BDMG,B4,Banco de Desenvolvimento,MG,Público,,1774606664.58,200712.00,12857705.63,30175636.30,43033341.93,True,True,0.02
2007,C0050071,JOHN DEERE,B1,,RS,Controle estrangeiro,,1730325318.72,200712.00,12589023.54,7118895.41,19707918.95,True,True,0.01
2007,13009717,BANCO DO ESTADO DE SERGIPE S.A.,B1,Banco Múltiplo,SE,Público,,1640887363.23,200712.00,28359751.66,12148573.90,40508325.56,True,True,0.02
2007,C0051066,CREDIT AGRICOLE,B1,,SP,Controle estrangeiro,,1612197343.22,200712.00,8902307.94,-3705588.69,5196719.25,True,True,0.00
2007,33349358,BANCO CACIQUE S.A.,B1,Banco Múltiplo,SP,Privado nacional,,1572571569.32,200712.00,48771875.72,-114621929.46,-65850053.74,True,True,-0.04
2007,C0051107,OPPORTUNITY,B1,,RJ,Privado nacional,,1564243720.80,200712.00,19500419.82,14850934.89,34351354.71,True,True,0.02
2007,C0030881,J.MALUCELLI,B1,,PR,Privado nacional,,1521549626.25,200712.00,13616385.95,51640022.74,65256408.69,True,True,0.04
2007,04913711,BANCO DO ESTADO DO PARÁ S.A.,B1,Banco Múltiplo,PA,Público,,1392391412.43,200712.00,4539648.81,17636993.71,22176642.52,True,True,0.02
2007,60498557,BANCO DE TOKYO-MITSUBISHI UFJ BRASIL S/A,B1,Banco Múltiplo,SP,Controle estrangeiro,,1373336971.26,200712.00,-26505484.69,24498697.23,-2006787.46,True,True,-0.00
2007,17351180,BANCO TRIANGULO S.A.,B1,Banco Múltiplo,MG,Privado nacional,,1344597615.56,200712.00,23505671.14,30254205.22,53759876.36,True,True,0.04
2007,C0050706,BONSUCESSO,B1,,MG,Privado nacional,,1322065120.26,200712.00,38985038.35,41051392.61,80036430.96,True,True,0.06
2007,C0050885,BRASCAN,B1,,RJ,Controle estrangeiro,,1301813083.99,200712.00,7747087.35,-7003483.76,743603.59,True,True,0.00
2007,58017179,BANCO VOLVO BRASIL S.A.,B2,Banco Múltiplo,PR,Controle estrangeiro,,1261887703.28,200712.00,19968364.31,18298955.05,38267319.36,True,True,0.03
2007,60518222,BANCO SUMITOMO MITSUI BRASILEIRO S.A.,B1,Banco Múltiplo,SP,Controle estrangeiro,,1128640095.81,200712.00,8648474.34,6383920.99,15032395.33,True,True,0.01
2007,C0050122,FATOR,B1,,SP,Privado nacional,,1099468282.51,200712.00,35642075.47,110223460.71,145865536.18,True,True,0.13
2007,C0050414,PROSPER,B1,,RJ,Privado nacional,,1087403017.96,200712.00,35442382.31,-11586870.67,23855511.64,True,True,0.02
2007,07656500,BANCO KDB DO BRASIL S.A.,B1,Banco Múltiplo,SP,Controle estrangeiro,,1069248880.06,200712.00,3345048.15,3189950.37,6534998.52,True,True,0.01
2007,C0050328,SOCOPA,B1,,SP,Privado nacional,,1040815935.06,200712.00,11292391.22,44805724.77,56098115.99,True,True,0.05
2007,07002898,BANCO SAFRA DE INVESTIMENTO S.A.,B2,Banco de Investimento,SP,Privado nacional,,845276592.85,200712.00,64381286.22,72602359.03,136983645.25,True,True,0.16
2007,04332281,GOLDMAN SACHS DO BRASIL BANCO MULTIPLO S.A.,B2,Banco Múltiplo,SP,Controle estrangeiro,,836402832.66,200712.00,3376405.17,-610853.99,2765551.18,True,True,0.00
2007,90731688,BANCO FORD S.A.,B2,Banco Múltiplo,SP,Controle estrangeiro,,787436865.50,200712.00,38458466.21,25568189.28,64026655.49,True,True,0.08
2007,04866275,BANCO STANDARD DE INVESTIMENTOS S.A.,B2,Banco de Investimento,SP,Controle estrangeiro,,732277889.59,200712.00,9462103.86,1548762.56,11010866.42,True,True,0.02
2007,30723886,BANCO MODAL S.A.,B1,Banco Múltiplo,RJ,Privado nacional,,730087489.08,200712.00,726340.42,34085831.41,34812171.83,True,True,0.05
2007,C0050524,VR,B1,,SP,Privado nacional,,671912573.33,200712.00,18341730.98,23384507.61,41726238.59,True,True,0.06
2007,C0051468,RENDIMENTO,B1,,SP,Privado nacional,,609428859.23,200712.00,7738232.73,11274279.36,19012512.09,True,True,0.03
2007,C0051396,HONDA,B2,,SP,Controle estrangeiro,,593936599.28,200712.00,7242155.90,10145158.85,17387314.75,True,True,0.03
2007,32254138,BANCO BVA S.A.,B1,Banco Múltiplo,RJ,Privado nacional,,568977670.40,200712.00,3657522.07,-3175296.73,482225.34,True,True,0.00
2007,C0050476,INTERCAP,B1,,SP,Privado nacional,,503793116.34,200712.00,2859836.91,23931590.14,26791427.05,True,True,0.05
2007,43818780,BANCO COMMERCIAL INVESTMENT TRUST DO BRASIL S.A. - BANCO MÚLTIPLO,B2,Banco Múltiplo,SP,Controle estrangeiro,,486230151.80,200712.00,-3207285.19,11991018.08,8783732.89,True,True,0.02
2007,03609817,BANCO CARGILL S.A.,B1,Banco Múltiplo,SP,Controle estrangeiro,,423533312.33,200712.00,-1210306.14,-9480027.69,-10690333.83,True,True,-0.03
2007,C0032016,MATONE,B1,,RS,Privado nacional,,403996849.44,200712.00,17251347.56,20210288.24,37461635.80,True,True,0.09
2007,31880826,BANCO GUANABARA S.A.,B1,Banco Múltiplo,RJ,Privado nacional,,395197454.47,200712.00,7133173.19,6535018.70,13668191.89,True,True,0.03
2007,61033106,BPN BRASIL BANCO MÚLTIPLO S.A.,B1,Banco Múltiplo,SP,Controle estrangeiro,,385757475.25,200712.00,2531277.22,2893889.74,5425166.96,True,True,0.01
2007,C0051114,CREDIBEL,B1,,SP,Privado nacional,,375578802.88,200712.00,4381034.90,3861540.27,8242575.17,True,True,0.02
2007,C0050861,GERDAU,B1,,RS,Privado nacional,,291892434.08,200712.00,5363111.12,5556979.26,10920090.38,True,True,0.04
2007,07441209,BANCO MONEO S.A.,B2,Banco Múltiplo,RS,Privado nacional,,290219824.35,200712.00,4711598.52,3441654.82,8153253.34,True,True,0.03
2007,59118133,BANCO LUSO BRASILEIRO S.A.,B1,Banco Múltiplo,SP,Privado nacional,,284962941.68,200712.00,-408785.73,3716809.71,3308023.98,True,True,0.01
2007,00517645,BANCO RIBEIRAO PRETO S.A.,B1,Banco Múltiplo,SP,Privado nacional,,273148167.05,200712.00,3938819.74,1322731.64,5261551.38,True,True,0.02
2007,C0050294,OURINVEST,B2,,SP,Privado nacional,,271839240.21,200712.00,5291545.10,10654255.32,15945800.42,True,True,0.06
2007,00997185,BANCO BM&F DE SERVIÇOS DE LIQUIDAÇÃO E CUSTÓDIA S.A.,B1,Banco Comercial,SP,Privado nacional,,268906515.31,200712.00,1129318.81,2477412.47,3606731.28,True,True,0.01
2007,43717511,BANCO MORADA S.A,B1,Banco Múltiplo,RJ,Privado nacional,,266662261.85,200712.00,4665787.56,6401357.87,11067145.43,True,True,0.04
2007,57839805,BANCO TRICURY S.A.,B2,Banco Múltiplo,SP,Privado nacional,,248045805.29,200712.00,8319916.00,5332298.65,13652214.65,True,True,0.06
2007,06833131,BANCO DO ESTADO DO PIAUÍ S.A. - BEP,B1,Banco Múltiplo,PI,Público,,243437244.42,200712.00,6452474.59,7760326.10,14212800.69,True,True,0.06
2007,00795423,BANCO SEMEAR S.A.,B1,Banco Múltiplo,MG,Privado nacional,,236944880.47,200712.00,5524228.90,6244918.10,11769147.00,True,True,0.05
2007,C0050201,MÁXIMA,B1,,RJ,Privado nacional,,231833530.60,200712.00,4130539.77,45853587.90,49984127.67,True,True,0.22
2007,92874270,BANCO A.J. RENNER S.A.,B1,Banco Múltiplo,RS,Privado nacional,,198291099.36,200712.00,1311282.70,1470450.70,2781733.40,True,True,0.01
2007,33132044,BANCO CEDULA S.A.,B1,Banco Múltiplo,RJ,Privado nacional,,194661594.21,200712.00,10269219.46,3487358.53,13756577.99,True,True,0.07
2007,74828799,BANCO COMERCIAL URUGUAI S.A.,B1,Banco Múltiplo,RS,Controle estrangeiro,,166582355.00,200712.00,743346.85,-564756.19,178590.66,True,True,0.00
2007,33140666,"BANKBOSTON, N.A.",B1,Banco Comercial Estrangeiro - Filial no país,SP,Controle estrangeiro,,161282452.51,200712.00,2067859.82,-1802394.02,265465.80,True,True,0.00
2007,44189447,BANCO DE LA PROVINCIA DE BUENOS AIRES,B1,Banco Comercial Estrangeiro - Filial no país,SP,Controle estrangeiro,,144570052.94,200712.00,1906919.38,1615265.79,3522185.17,True,True,0.02
2007,48795256,LEMON BANK BANCO MULTIPLO S.A.,B1,Banco Múltiplo,SP,Controle estrangeiro,,133524498.56,200712.00,4238862.47,5601199.93,9840062.40,True,True,0.07
2007,27937333,BANCO BRJ S.A.,B2,Banco Múltiplo,RJ,Privado nacional,,101104206.29,200712.00,-7705464.48,-58073.19,-7763537.67,True,True,-0.08
2007,C0030719,FICSA,B1,,SP,Privado nacional,,97216235.19,200712.00,-15551549.21,721331.53,-14830217.68,True,True,-0.15
2007,C0042264,TENDENCIA,B2,,SP,Privado nacional,,92839943.20,200712.00,-21518.38,1566408.38,1544890.00,True,True,0.02
2007,45283173,UNO-E BRASIL BANCO DE INVESTIMENTO S.A.,B2,Banco de Investimento,SP,Controle estrangeiro,,92514793.60,200712.00,2171490.51,4115815.49,6287306.00,True,True,0.07
2007,02318507,BANCO KEB DO BRASIL S.A.,B1,Banco Comercial,SP,Controle estrangeiro,,90426146.53,200712.00,1337218.45,741891.60,2079110.05,True,True,0.02
2007,03532415,BANCO CR2 S/A,B1,Banco Comercial,RJ,Privado nacional,,85922838.32,200712.00,-131856.59,660968.28,529111.69,True,True,0.01
2007,00253448,BANCO POTTENCIAL S.A.,B1,Banco Comercial,MG,Privado nacional,,79719993.13,200712.00,403411.99,205236.67,608648.66,True,True,0.01
2007,33042151,BANCO DE LA NACION ARGENTINA,B1,Banco Comercial Estrangeiro - Filial no país,SP,Controle estrangeiro,,79410956.11,200712.00,-1680325.45,-634965.23,-2315290.68,True,True,-0.03
2007,C0031677,ARBI,B1,,RJ,Privado nacional,,47804898.04,200712.00,2962734.97,-6614867.76,-3652132.79,True,True,-0.08
2007,40429946,BANCO PORTO REAL DE INVESTIMENTO S.A,B2,Banco de Investimento,RJ,Privado nacional,,46991777.29,200712.00,748405.42,409560.27,1157965.69,True,True,0.02
2007,51938876,BANCO DE LA REPUBLICA ORIENTAL DEL URUGUAY,B1,Banco Comercial Estrangeiro - Filial no país,SP,Controle estrangeiro,,44349160.26,200712.00,612349.33,797377.18,1409726.51,True,True,0.03
2007,15173776,BANCO CAPITAL S.A.,B1,Banco Múltiplo,BA,Privado nacional,,41464688.39,200712.00,1802254.85,-429722.54,1372532.31,True,True,0.03
2007,80271455,BANCO MAXINVEST S.A.,B2,Banco Múltiplo,PR,Privado nacional,,34046128.55,200712.00,1187291.48,1015003.10,2202294.58,True,True,0.06
2007,33588252,BANCO INDUSCRED DE INVESTIMENTO S.A.,B2,Banco de Investimento,SP,Privado nacional,,27133248.14,200712.00,367027.30,9646.25,376673.55,True,True,0.01
2007,C0030276,BMC,B1,,SP,Privado nacional,,,,41663287.49,,41663287.49,False,True,
2008,C0010069,ITAU,B1,,SP,Privado nacional,,631326673655.31,200812.00,4128569573.11,3683646054.38,7812215627.49,True,True,0.01
2008,C0049906,BB,B1,,DF,Público,,507348205666.47,200812.00,3991576659.73,4811294432.73,8802871092.46,True,True,0.02
2008,C0010045,BRADESCO,B1,,SP,Privado nacional,,397343347770.80,200812.00,4115512688.05,3533530084.89,7649042772.94,True,True,0.02
2008,C0030379,SANTANDER,B1,,SP,Controle estrangeiro,,344681912490.40,200812.00,793378010.44,781596970.66,1574974981.10,True,True,0.00
2008,00360305,CAIXA ECONOMICA FEDERAL,B1,Caixa Econômica Federal,DF,Público,,295920329940.01,200812.00,2543014664.55,1340273817.41,3883288481.96,True,True,0.01
2008,33657248,BANCO NACIONAL DE DESENVOLVIMENTO ECONOMICO E SOCIAL,B4,BNDES,RJ,Público,,272092457540.17,200812.00,4130533696.56,1182506270.06,5313039966.62,True,True,0.02
2008,C0051152,HSBC,B1,,PR,Controle estrangeiro,,112100298766.49,200812.00,769321423.33,585255595.64,1354577018.97,True,True,0.01
2008,C0051011,VOTORANTIM,B1,,SP,Privado nacional,,73036667817.74,200812.00,601698297.08,300852099.91,902550396.99,True,True,0.01
2008,C0010083,SAFRA,B1,,SP,Privado nacional,,66482014200.07,200812.00,445204481.25,398187271.64,843391752.89,True,True,0.01
2008,43073394,BANCO NOSSA CAIXA S.A.,B1,Banco Múltiplo,SP,Público,,54280615650.00,200812.00,525749337.89,120787832.37,646537170.26,True,True,0.01
2008,C0030403,CITIBANK,B1,,SP,Controle estrangeiro,,40481541895.16,200812.00,1206491489.80,133031213.12,1339522702.92,True,True,0.03
2008,C0051516,BNP PARIBAS,B1,,SP,Controle estrangeiro,,27984835281.30,200812.00,39838875.50,192865822.31,232704697.81,True,True,0.01
2008,C0030173,BANRISUL,B1,,RS,Público,,25375888508.76,200812.00,308255672.43,282693863.21,590949535.64,True,True,0.02
2008,C0030771,CREDIT SUISSE,B1,,SP,Controle estrangeiro,,23327432806.78,200812.00,585645435.46,173118397.71,758763833.17,True,True,0.03
2008,C0049944,UBS PACTUAL,B1,,RJ,Controle estrangeiro,,19388542373.66,200812.00,567884139.08,270932837.87,838816976.95,True,True,0.04
2008,C0051183,DEUTSCHE,B1,,SP,Controle estrangeiro,,17173151102.77,200812.00,36415058.22,448716186.05,485131244.27,True,True,0.03
2008,07237373,BANCO DO NORDESTE DO BRASIL S.A.,B1,Banco Múltiplo,CE,Público,,16177235234.58,200812.00,205090158.56,215938224.25,421028382.81,True,True,0.03
2008,C0051293,ALFA,B1,,SP,Privado nacional,,15564368255.34,200812.00,100931302.36,89988730.33,190920032.69,True,True,0.01
2008,C0030207,BBM,B1,,BA,Privado nacional,,14177926275.96,200812.00,71041796.39,22712324.82,93754121.21,True,True,0.01
2008,59109165,BANCO VOLKSWAGEN S.A.,B2,Banco Múltiplo,SP,Controle estrangeiro,,12491808368.34,200812.00,222593969.05,18574198.92,241168167.97,True,True,0.02
2008,C0032119,BIC,B1,,SP,Privado nacional,,11841030558.95,200812.00,199973791.59,124881025.79,324854817.38,True,True,0.03
2008,C0049951,FIBRA,B1,,SP,Privado nacional,,9205319548.39,200812.00,60042651.30,42412125.25,102454776.55,True,True,0.01
2008,C0020107,JP MORGAN CHASE,B1,,SP,Controle estrangeiro,,8870702192.69,200812.00,-23274846.37,127414459.92,104139613.55,True,True,0.01
2008,59274605,BANCO GMAC S/A,B2,Banco Múltiplo,SP,Controle estrangeiro,,8820179017.03,200812.00,96111739.11,41086024.81,137197763.92,True,True,0.02
2008,C0030159,BANESTES,B1,,ES,Público,,8534137527.42,200812.00,80255859.65,86699276.95,166955136.60,True,True,0.02
2008,01023570,BANCO RABOBANK INTERNATIONAL BRASIL S.A.,B1,Banco Múltiplo,SP,Controle estrangeiro,,7683718546.94,200812.00,19704865.16,50898551.77,70603416.93,True,True,0.01
2008,C0041856,ABC-BRASIL,B1,,SP,Controle estrangeiro,,7495235162.02,200812.00,81383686.12,68704025.27,150087711.39,True,True,0.02
2008,C0031323,SS,B1,,SP,Privado nacional,,7451558621.72,200812.00,160070616.49,76458775.64,236529392.13,True,True,0.03
2008,C0030290,BMG,B1,,MG,Privado nacional,,7275664295.58,200812.00,151129632.82,89623020.48,240752653.30,True,True,0.03
2008,04902979,BANCO DA AMAZONIA S.A.,B1,Banco Comercial,PA,Público,,7239779649.39,200812.00,37750515.95,178099467.35,215849983.30,True,True,0.03
2008,01181521,BANCO COOPERATIVO SICREDI S.A.,B1,Banco Múltiplo Cooperativo,RS,Privado nacional,,7190702418.65,200812.00,14060787.46,7061169.89,21121957.35,True,True,0.00
2008,C0020152,MERCANTIL DO BRASIL,B1,,MG,Privado nacional,,6762796306.29,200812.00,32940358.54,12394107.90,45334466.44,True,True,0.01
2008,62232889,BANCO DAYCOVAL S.A.,B1,Banco Múltiplo,SP,Privado nacional,,6666737532.93,200812.00,132643662.28,67506670.14,200150332.42,True,True,0.03
2008,C0031859,SOCIETE GENERALE,B1,,SP,Controle estrangeiro,,6548748247.26,200812.00,27932848.67,-179902551.19,-151969702.52,True,True,-0.02
2008,C0050304,PINE,B1,,SP,Privado nacional,,6181365042.70,200812.00,79468239.93,53249870.15,132718110.08,True,True,0.02
2008,C0051262,MERCEDES-BENZ,B2,,SP,Controle estrangeiro,,6115355999.79,200812.00,32363351.54,11894448.33,44257799.87,True,True,0.01
2008,C0050720,CRUZEIRO DO SUL,B1,,SP,Privado nacional,,6060362909.64,200812.00,150426556.09,28741192.65,179167748.74,True,True,0.03
2008,92816560,BANCO REGIONAL DE DESENVOLVIMENTO DO EXTREMO SUL,B4,Banco de Desenvolvimento,RS,Público,,5951055589.88,200812.00,49914410.81,51980468.72,101894879.53,True,True,0.02
2008,C0031873,SOFISA,B1,,SP,Privado nacional,,5663735334.38,200812.00,55781774.61,36419139.21,92200913.82,True,True,0.02
2008,04184779,BANCO IBI S.A. - BANCO MÚLTIPLO,B1,Banco Múltiplo,SP,Controle estrangeiro,,5612296554.39,200812.00,30140305.12,28460144.58,58600449.70,True,True,0.01
2008,C0031976,BRB,B1,,DF,Público,,5489215873.02,200812.00,70061972.24,40254919.17,110316891.41,True,True,0.02
2008,33098518,BANCO FININVEST S.A.,B1,Banco Múltiplo,RJ,Privado nacional,,5484087334.27,200812.00,,-356048704.82,-356048704.82,False,True,-0.06
2008,61146577,BANCO BARCLAYS S.A.,B1,Banco Múltiplo,SP,Controle estrangeiro,,5202851553.09,200812.00,26662577.38,164317956.15,190980533.53,True,True,0.04
2008,C0051073,ING,B1,,SP,Controle estrangeiro,,5166213915.28,200812.00,99899305.89,-33908677.07,65990628.82,True,True,0.01
2008,02038232,BANCO COOPERATIVO DO BRASIL S.A. - BANCOOB,B1,Banco Comercial Cooperativo,DF,Privado nacional,,5123953041.01,200812.00,11045444.19,-22139987.22,-11094543.03,True,True,-0.00
2008,02992446,BANCO CNH CAPITAL S.A.,B2,Banco Múltiplo,PR,Controle estrangeiro,,4657517022.10,200812.00,27397393.03,20823864.35,48221257.38,True,True,0.01
2008,C0051365,PSA FINANCE,B2,,SP,Controle estrangeiro,,3843436946.50,200812.00,17414093.12,30298539.40,47712632.52,True,True,0.01
2008,C0051554,WESTLB,B1,,SP,Controle estrangeiro,,3833453830.64,200812.00,23759562.56,35410273.07,59169835.63,True,True,0.02
2008,C0051334,TOYOTA,B2,,SP,Controle estrangeiro,,3631499491.14,200812.00,19837007.81,5297681.24,25134689.05,True,True,0.01
2008,31597552,BANCO CLASSICO S.A.,B1,Banco Múltiplo,RJ,Privado nacional,,3585232373.01,200812.00,58394983.30,83195806.53,141590789.83,True,True,0.04
2008,62237425,BANCO FIDIS DE INVESTIMENTO S.A.,B2,Banco de Investimento,MG,Controle estrangeiro,,3230093921.26,200812.00,31695650.06,22405224.84,54100874.90,True,True,0.02
2008,C0051482,BES,B2,,SP,Controle estrangeiro,,3226005603.93,200812.00,24275865.84,33276028.02,57551893.86,True,True,0.02
2008,05040481,BANCO DE LAGE LANDEN BRASIL S.A.,B2,Banco Múltiplo,RS,Controle estrangeiro,,3173532282.64,200812.00,18408063.83,2617191.46,21025255.29,True,True,0.01
2008,C0031244,RURAL,B1,,MG,Privado nacional,,2408149927.30,200812.00,39979967.31,10936171.79,50916139.10,True,True,0.02
2008,08357240,BANCO CARREFOUR S.A.,B2,Banco Múltiplo,SP,Privado nacional,,2275059330.07,200812.00,72050563.31,84607672.38,156658235.69,True,True,0.07
2008,34270520,BANCO IBM S.A.,B2,Banco Múltiplo,RJ,Controle estrangeiro,,2257016886.02,200812.00,-32662502.51,33346451.95,683949.44,True,True,0.00
2008,C0051255,MERRILL LYNCH,B2,,SP,Controle estrangeiro,,2175378291.59,200812.00,169265578.95,24432502.62,193698081.57,True,True,0.09
2008,C0020255,BANIF,B1,,SP,Controle estrangeiro,,2152724547.67,200812.00,69590585.95,11620752.96,81211338.91,True,True,0.04
2008,13009717,BANCO DO ESTADO DE SERGIPE S.A.,B1,Banco Múltiplo,SE,Público,,2150383379.45,200812.00,17547457.95,16564940.16,34112398.11,True,True,0.02
2008,C0050531,INDUSVAL,B1,,SP,Privado nacional,,2139827702.67,200812.00,38944205.93,32828524.40,71772730.33,True,True,0.03
2008,38486817,BANCO DE DESENVOLVIMENTO DE MINAS GERAIS S.A.-BDMG,B4,Banco de Desenvolvimento,MG,Público,,1994546709.73,200812.00,31478823.24,34797935.50,66276758.74,True,True,0.03
2008,C0050071,JOHN DEERE,B1,,RS,Controle estrangeiro,,1977751471.19,200812.00,27833858.10,8657632.52,36491490.62,True,True,0.02
2008,C0051413,MORGAN STANLEY,B1,,SP,Controle estrangeiro,,1925451872.44,200812.00,77576949.80,92570080.44,170147030.24,True,True,0.09
2008,60498557,BANCO DE TOKYO-MITSUBISHI UFJ BRASIL S/A,B1,Banco Múltiplo,SP,Controle estrangeiro,,1880803309.11,200812.00,2730989.52,5490143.32,8221132.84,True,True,0.00
2008,29030467,DRESDNER BANK BRASIL S.A. BANCO MULTIPLO,B1,Banco Múltiplo,SP,Controle estrangeiro,,1880653066.84,200812.00,-16277192.13,1477588.99,-14799603.14,True,True,-0.01
2008,58017179,BANCO VOLVO BRASIL S.A.,B2,Banco Múltiplo,PR,Controle estrangeiro,,1841582879.46,200812.00,11272969.52,1813193.30,13086162.82,True,True,0.01
2008,62421979,BANCO GE CAPITAL S.A.,B1,Banco Múltiplo,SP,Controle estrangeiro,,1701908815.83,200812.00,-14896499.19,-25846901.60,-40743400.79,True,True,-0.02
2008,C0050988,INDUSTRIAL DO BRASIL,B1,,SP,Privado nacional,,1656896016.00,200812.00,22882861.33,13631735.10,36514596.43,True,True,0.02
2008,C0030881,J.MALUCELLI,B1,,PR,Privado nacional,,1648205249.10,200812.00,43223934.34,35283034.70,78506969.04,True,True,0.05
2008,90731688,BANCO FORD S.A.,B2,Banco Múltiplo,SP,Controle estrangeiro,,1603592041.30,200812.00,27833009.60,18220626.07,46053635.67,True,True,0.03
2008,C0050191,SCHAHIN,B1,,SP,Privado nacional,,1601712365.97,200812.00,24650524.79,7334109.16,31984633.95,True,True,0.02
2008,07656500,BANCO KDB DO BRASIL S.A.,B1,Banco Múltiplo,SP,Controle estrangeiro,,1549708000.42,200812.00,5657423.46,-2259142.87,3398280.59,True,True,0.00
2008,04913711,BANCO DO ESTADO DO PARÁ S.A.,B1,Banco Múltiplo,PA,Público,,1537896293.25,200812.00,15963233.46,62433449.14,78396682.60,True,True,0.05
2008,17351180,BANCO TRIANGULO S.A.,B1,Banco Múltiplo,MG,Privado nacional,,1512699722.43,200812.00,23261101.32,34560297.96,57821399.28,True,True,0.04
2008,C0051097,BGN,B1,,PE,Privado nacional,,1506221853.98,200812.00,32470786.39,-46320890.50,-13850104.11,True,True,-0.01
2008,60518222,BANCO SUMITOMO MITSUI BRASILEIRO S.A.,B1,Banco Múltiplo,SP,Controle estrangeiro,,1484421584.68,200812.00,5446626.34,7386205.37,12832831.71,True,True,0.01
2008,C0051396,HONDA,B2,,SP,Controle estrangeiro,,1237786812.53,200812.00,14092296.84,6990993.06,21083289.90,True,True,0.02
2008,C0050328,SOCOPA,B1,,SP,Privado nacional,,1211320535.92,200812.00,17473818.18,218090.90,17691909.08,True,True,0.01
2008,C0051066,CREDIT AGRICOLE,B1,,SP,Controle estrangeiro,,1210493764.54,200812.00,5198539.90,18065903.85,23264443.75,True,True,0.02
2008,04866275,BANCO STANDARD DE INVESTIMENTOS S.A.,B2,Banco de Investimento,SP,Controle estrangeiro,,1128431381.86,200812.00,5001205.34,-9234108.88,-4232903.54,True,True,-0.00
2008,C0051107,OPPORTUNITY,B1,,RJ,Privado nacional,,1028996626.85,200812.00,11012800.96,15960175.04,26972976.00,True,True,0.03
2008,07002898,BANCO SAFRA DE INVESTIMENTO S.A.,B2,Banco de Investimento,SP,Privado nacional,,1007856319.05,200812.00,62834467.60,74424092.51,137258560.11,True,True,0.14
2008,C0050122,FATOR,B1,,SP,Privado nacional,,991812877.91,200812.00,27242303.88,-19443937.34,7798366.54,True,True,0.01
2008,C0050706,BONSUCESSO,B1,,MG,Privado nacional,,972034066.79,200812.00,7641108.16,16224901.67,23866009.83,True,True,0.02
2008,C0051585,GOLDMAN SACHS,B2,,SP,Controle estrangeiro,,905529742.88,200812.00,-24787005.20,32470399.10,7683393.90,True,True,0.01
2008,32254138,BANCO BVA S.A.,B1,Banco Múltiplo,RJ,Privado nacional,,876749245.13,200812.00,5036838.15,1774147.33,6810985.48,True,True,0.01
2008,30723886,BANCO MODAL S.A.,B1,Banco Múltiplo,RJ,Privado nacional,,819207538.53,200812.00,36230736.49,23448911.34,59679647.83,True,True,0.07
2008,31880826,BANCO GUANABARA S.A.,B1,Banco Múltiplo,RJ,Privado nacional,,766046710.30,200812.00,5969447.29,4086172.15,10055619.44,True,True,0.01
2008,C0051468,RENDIMENTO,B1,,SP,Privado nacional,,758191181.78,200812.00,12259511.34,13180476.67,25439988.01,True,True,0.03
2008,C0050885,BRASCAN,B1,,RJ,Controle estrangeiro,,708092769.63,200812.00,-2929257.01,3784563.71,855306.70,True,True,0.00
2008,43818780,BANCO COMMERCIAL INVESTMENT TRUST DO BRASIL S.A. - BANCO MÚLTIPLO,B2,Banco Múltiplo,SP,Controle estrangeiro,,651875362.79,200812.00,13978642.61,-28358958.23,-14380315.62,True,True,-0.02
2008,C0050414,PROSPER,B1,,RJ,Privado nacional,,641690093.60,200812.00,-55889409.91,-123934675.72,-179824085.63,True,True,-0.28
2008,28145829,BANCO DE DESENVOLVIMENTO DO ESPIRITO SANTO S.A.,B4,Banco de Desenvolvimento,ES,Público,,638035258.48,200812.00,,4761082.49,4761082.49,False,True,0.01
2008,03609817,BANCO CARGILL S.A.,B1,Banco Múltiplo,SP,Controle estrangeiro,,621469451.53,200812.00,-17741978.40,1318308.20,-16423670.20,True,True,-0.03
2008,C0032016,MATONE,B1,,RS,Privado nacional,,581079750.69,200812.00,3460079.24,-50588460.89,-47128381.65,True,True,-0.08
2008,C0050524,VR,B1,,SP,Privado nacional,,554623452.34,200812.00,-12994049.60,2345663.29,-10648386.31,True,True,-0.02
2008,C0050294,OURINVEST,B2,,SP,Privado nacional,,523410289.14,200812.00,11193108.11,10743302.10,21936410.21,True,True,0.04
2008,07441209,BANCO MONEO S.A.,B2,Banco Múltiplo,RS,Privado nacional,,486385108.67,200812.00,5537272.98,5824453.54,11361726.52,True,True,0.02
2008,61033106,BPN BRASIL BANCO MÚLTIPLO S.A.,B1,Banco Múltiplo,SP,Controle estrangeiro,,424346267.35,200812.00,2146411.01,901996.56,3048407.57,True,True,0.01
2008,C0050476,INTERCAP,B1,,SP,Privado nacional,,374053376.73,200812.00,303071.87,-3897736.71,-3594664.84,True,True,-0.01
2008,57839805,BANCO TRICURY S.A.,B2,Banco Múltiplo,SP,Privado nacional,,372744178.27,200812.00,10058145.46,12279896.94,22338042.40,True,True,0.06
2008,00517645,BANCO RIBEIRAO PRETO S.A.,B1,Banco Múltiplo,SP,Privado nacional,,348192463.39,200812.00,1304864.07,3492281.27,4797145.34,True,True,0.01
2008,59118133,BANCO LUSO BRASILEIRO S.A.,B1,Banco Múltiplo,SP,Privado nacional,,292896615.93,200812.00,2233681.32,-1141535.48,1092145.84,True,True,0.00
2008,C0051114,CREDIBEL,B1,,SP,Privado nacional,,291934418.74,200812.00,-2683869.73,-17343775.80,-20027645.53,True,True,-0.07
2008,43717511,BANCO MORADA S.A,B1,Banco Múltiplo,RJ,Privado nacional,,272193130.04,200812.00,4639494.54,2066838.64,6706333.18,True,True,0.02
2008,00416968,BANCO INTERMEDIUM S/A,B1,Banco Múltiplo,MG,Privado nacional,,257989779.97,200812.00,260134.75,5973175.14,6233309.89,True,True,0.02
2008,00795423,BANCO SEMEAR S.A.,B1,Banco Múltiplo,MG,Privado nacional,,255039645.30,200812.00,2824926.46,-3293300.20,-468373.74,True,True,-0.00
2008,C0050201,MÁXIMA,B1,,RJ,Privado nacional,,229431889.55,200812.00,38500384.97,-27530635.04,10969749.93,True,True,0.05
2008,92874270,BANCO A.J. RENNER S.A.,B1,Banco Múltiplo,RS,Privado nacional,,217033286.48,200812.00,2840321.99,1779492.27,4619814.26,True,True,0.02
2008,C0051602,CONCÓRDIA,B1,,SP,Privado nacional,,213297275.78,200812.00,,1410241.00,1410241.00,False,True,0.01
2008,74828799,NBC BANK BRASIL S. A. - BANCO MÚLTIPLO,B1,Banco Múltiplo,RS,Controle estrangeiro,,211496256.99,200812.00,3046806.75,105754.86,3152561.61,True,True,0.01
2008,33132044,BANCO CEDULA S.A.,B1,Banco Múltiplo,RJ,Privado nacional,,202107495.67,200812.00,6047518.23,5562627.32,11610145.55,True,True,0.06
2008,00997185,BANCO BM&F DE SERVIÇOS DE LIQUIDAÇÃO E CUSTÓDIA S.A.,B1,Banco Comercial,SP,Privado nacional,,201762105.55,200812.00,2006108.13,3013502.90,5019611.03,True,True,0.02
2008,C0050861,GERDAU,B1,,RS,Privado nacional,,195140414.89,200812.00,4881409.96,4348335.92,9229745.88,True,True,0.05
2008,48795256,BANCO LEMON S.A.,B1,Banco Múltiplo,SP,Controle estrangeiro,,191358412.76,200812.00,2354562.18,-6023583.96,-3669021.78,True,True,-0.02
2008,C0030719,FICSA,B1,,SP,Privado nacional,,171791403.04,200812.00,-499081.58,4014439.21,3515357.63,True,True,0.02
2008,09516419,JBS BANCO S.A.,B1,Banco Múltiplo,SP,Privado nacional,,155763784.38,200812.00,,-525167.50,-525167.50,False,True,-0.00
2008,02318507,BANCO KEB DO BRASIL S.A.,B1,Banco Comercial,SP,Controle estrangeiro,,147634990.73,200812.00,599907.46,1052788.23,1652695.69,True,True,0.01
2008,44189447,BANCO DE LA PROVINCIA DE BUENOS AIRES,B1,Banco Comercial Estrangeiro - Filial no país,SP,Controle estrangeiro,,141879777.80,200812.00,898315.87,5284179.48,6182495.35,True,True,0.04
2008,27937333,BANCO BRJ S.A.,B2,Banco Múltiplo,RJ,Privado nacional,,105563278.43,200812.00,-4717894.45,855446.14,-3862448.31,True,True,-0.04
2008,C0051592,GERAÇÃO FUTURO,B2,,RS,Privado nacional,,105511499.55,200812.00,-891942.41,-5542679.20,-6434621.61,True,True,-0.06
2008,45283173,BBVA BRASIL BANCO DE INVESTIMENTO S.A.,B2,Banco de Investimento,SP,Controle estrangeiro,,100001742.89,200812.00,1895576.80,5312392.50,7207969.30,True,True,0.07
2008,09274232,NATIXIS BRASIL S.A. BANCO MÚLTIPLO,B1,Banco Múltiplo,SP,Controle estrangeiro,,96673520.23,200812.00,,4713507.94,4713507.94,False,True,0.05
2008,00253448,BANCO POTTENCIAL S.A.,B1,Banco Comercial,MG,Privado nacional,,95425395.67,200812.00,1594542.38,2755298.76,4349841.14,True,True,0.05
2008,33042151,BANCO DE LA NACION ARGENTINA,B1,Banco Comercial Estrangeiro - Filial no país,SP,Controle estrangeiro,,89782014.52,200812.00,-880044.79,-293189.83,-1173234.62,True,True,-0.01
2008,C0042264,TENDENCIA,B2,,SP,Privado nacional,,83926134.35,200812.00,-999305.15,-3303558.77,-4302863.92,True,True,-0.05
2008,03532415,BANCO CR2 S/A,B1,Banco Comercial,RJ,Privado nacional,,81911505.93,200812.00,499014.82,5609148.35,6108163.17,True,True,0.07
2008,C0031677,ARBI,B1,,RJ,Privado nacional,,53374271.48,200812.00,-3971259.63,-7597074.17,-11568333.80,True,True,-0.22
2008,51938876,BANCO DE LA REPUBLICA ORIENTAL DEL URUGUAY,B1,Banco Comercial Estrangeiro - Filial no país,SP,Controle estrangeiro,,48067345.82,200812.00,878518.41,1934157.96,2812676.37,True,True,0.06
2008,40429946,BANCO PORTO REAL DE INVESTIMENTO S.A,B2,Banco de Investimento,RJ,Privado nacional,,45423874.92,200812.00,-933066.68,1121454.27,188387.59,True,True,0.00
2008,15173776,BANCO CAPITAL S.A.,B1,Banco Múltiplo,BA,Privado nacional,,42764127.10,200812.00,545069.70,315118.11,860187.81,True,True,0.02
2008,10371492,BANCO YAMAHA MOTOR DO BRASIL S.A.,B2,Banco Múltiplo,SP,Controle estrangeiro,,42140639.55,200812.00,,-669721.52,-669721.52,False,True,-0.02
2008,80271455,BANCO MAXINVEST S.A.,B2,Banco Múltiplo,PR,Privado nacional,,35858827.62,200812.00,807129.46,1607777.41,2414906.87,True,True,0.07
2008,09391857,BANCO AZTECA DO BRASIL S.A.,B1,Banco Múltiplo,PE,Controle estrangeiro,,33842642.24,200812.00,64453.26,-1115871.08,-1051417.82,True,True,-0.03
2008,33588252,BANCO INDUSCRED DE INVESTIMENTO S.A.,B2,Banco de Investimento,SP,Privado nacional,,25252245.70,200812.00,-290816.78,1018772.28,727955.50,True,True,0.03
2008,06833131,BANCO DO ESTADO DO PIAUÍ S.A. - BEP,B1,Banco Múltiplo,PI,Público,,,,8344130.67,,8344130.67,False,True,
2008,33140666,"BANKBOSTON, N.A.",B1,Banco Comercial Estrangeiro - Filial no país,SP,Controle estrangeiro,,,,62729.09,,62729.09,False,True,
2008,C0010076,ABN AMRO,B1,,SP,Controle estrangeiro,,,,902855366.83,,902855366.83,False,True,
2008,C0010100,UNIBANCO,B1,,SP,Privado nacional,,,,1491035925.74,,1491035925.74,False,True,
2008,C0030245,BESC,B1,,SC,Público,,,,28905416.40,,28905416.40,False,True,
2009,C0049906,BB,B1,,DF,Público,,652280069160.14,200912.00,4014200865.19,6133960641.10,10148161506.29,True,True,0.02
2009,C0010069,ITAU,B1,,SP,Privado nacional,,585603098316.46,200912.00,4586150469.75,5480996526.47,10067146996.22,True,True,0.02
2009,C0010045,BRADESCO,B1,,SP,Privado nacional,,444396778185.04,200912.00,4039657458.99,4042608269.14,8082265728.13,True,True,0.02
2009,33657248,BANCO NACIONAL DE DESENVOLVIMENTO ECONOMICO E SOCIAL,B4,BNDES,RJ,Público,,379279940209.69,200912.00,702116480.17,6033052891.97,6735169372.14,True,True,0.02
2009,00360305,CAIXA ECONOMICA FEDERAL,B1,Caixa Econômica Federal,DF,Público,,341831822620.15,200912.00,1157522473.59,1842183282.83,2999705756.42,True,True,0.01
2009,C0030379,SANTANDER,B1,,SP,Controle estrangeiro,,334069363294.84,200912.00,1040966559.87,826641215.81,1867607775.68,True,True,0.01
2009,C0051152,HSBC,B1,,PR,Controle estrangeiro,,100104481003.62,200912.00,250816650.88,422934969.74,673751620.62,True,True,0.01
2009,C0051011,VOTORANTIM,B1,,SP,Privado nacional,,86940569158.91,200912.00,401533409.55,401279186.76,802812596.31,True,True,0.01
2009,C0010083,SAFRA,B1,,SP,Privado nacional,,71059509760.94,200912.00,452731841.16,458539912.54,911271753.70,True,True,0.01
2009,C0030403,CITIBANK,B1,,SP,Controle estrangeiro,,40846974352.37,200912.00,1669347029.63,284010347.84,1953357377.47,True,True,0.05
2009,C0030173,BANRISUL,B1,,RS,Público,,29275017047.89,200912.00,210798353.08,330399429.78,541197782.86,True,True,0.02
2009,C0049944,BTG PACTUAL,B1,,RJ,Privado nacional,,21945135290.48,200912.00,113141369.51,516143277.22,629284646.73,True,True,0.03
2009,C0030771,CREDIT SUISSE,B1,,SP,Controle estrangeiro,,21262371957.38,200912.00,-108374835.40,42580582.18,-65794253.22,True,True,-0.00
2009,C0051183,DEUTSCHE,B1,,SP,Controle estrangeiro,,20722750130.92,200912.00,-130730982.12,59004295.26,-71726686.86,True,True,-0.00
2009,07237373,BANCO DO NORDESTE DO BRASIL S.A.,B1,Banco Múltiplo,CE,Público,,19154466303.39,200912.00,133814766.65,325197747.95,459012514.60,True,True,0.02
2009,59109165,BANCO VOLKSWAGEN S.A.,B2,Banco Múltiplo,SP,Controle estrangeiro,,16648163984.13,200912.00,1546121.63,62045321.51,63591443.14,True,True,0.00
2009,C0051516,BNP PARIBAS,B1,,SP,Controle estrangeiro,,16070318389.34,200912.00,96895297.26,136538604.16,233433901.42,True,True,0.01
2009,C0051293,ALFA,B1,,SP,Privado nacional,,13650199154.62,200912.00,98999368.29,59241393.24,158240761.53,True,True,0.01
2009,C0049951,FIBRA,B1,,SP,Privado nacional,,11825244797.23,200912.00,57509032.04,44234633.19,101743665.23,True,True,0.01
2009,C0032119,BIC,B1,,SP,Privado nacional,,11254186763.95,200912.00,160838680.10,162971225.40,323809905.50,True,True,0.03
2009,C0031323,PANAMERICANO,B1,,SP,Privado nacional,,10802993180.74,200912.00,68716214.13,103166537.80,171882751.93,True,True,0.02
2009,C0030207,BBM,B1,,BA,Privado nacional,,10595551757.38,200912.00,60667728.37,8287885.66,68955614.03,True,True,0.01
2009,C0030290,BMG,B1,,MG,Privado nacional,,10353822552.68,200912.00,175711282.19,346623705.96,522334988.15,True,True,0.05
2009,01181521,BANCO COOPERATIVO SICREDI S.A.,B1,Banco Múltiplo Cooperativo,RS,Privado nacional,,9095630858.94,200912.00,14686604.10,12150891.26,26837495.36,True,True,0.00
2009,C0030159,BANESTES,B1,,ES,Público,,8954047821.56,200912.00,74426720.76,56744771.61,131171492.37,True,True,0.01
2009,C0020152,MERCANTIL DO BRASIL,B1,,MG,Privado nacional,,7840763366.74,200912.00,19554807.66,23323787.91,42878595.57,True,True,0.01
2009,04902979,BANCO DA AMAZONIA S.A.,B1,Banco Comercial,PA,Público,,7805744113.35,200912.00,43940691.75,-17640853.25,26299838.50,True,True,0.00
2009,59274605,BANCO GMAC S/A,B2,Banco Múltiplo,SP,Controle estrangeiro,,7764260621.52,200912.00,69957051.58,70728734.40,140685785.98,True,True,0.02
2009,C0020107,JP MORGAN CHASE,B1,,SP,Controle estrangeiro,,7568628148.66,200912.00,30684597.99,55409287.63,86093885.62,True,True,0.01
2009,C0041856,ABC-BRASIL,B1,,SP,Controle estrangeiro,,7377432511.05,200912.00,59336365.37,91817489.42,151153854.79,True,True,0.02
2009,C0051262,MERCEDES-BENZ,B2,,SP,Controle estrangeiro,,7354498287.32,200912.00,-7492835.89,23022816.39,15529980.50,True,True,0.00
2009,92816560,BANCO REGIONAL DE DESENVOLVIMENTO DO EXTREMO SUL,B4,Banco de Desenvolvimento,RS,Público,,7320680619.37,200912.00,-8188332.00,59562877.27,51374545.27,True,True,0.01
2009,C0050720,CRUZEIRO DO SUL,B1,,SP,Privado nacional,,7079612269.13,200912.00,1385379.52,80475321.13,81860700.65,True,True,0.01
2009,C0031859,SOCIETE GENERALE,B1,,SP,Controle estrangeiro,,7067042349.11,200912.00,-36581613.65,-56261366.01,-92842979.66,True,True,-0.01
2009,C0050304,PINE,B1,,SP,Privado nacional,,6983946628.37,200912.00,41867959.69,43218488.21,85086447.90,True,True,0.01
2009,62232889,BANCO DAYCOVAL S.A.,B1,Banco Múltiplo,SP,Privado nacional,,6891929481.56,200912.00,86568222.67,124519603.81,211087826.48,True,True,0.03
2009,01023570,BANCO RABOBANK INTERNATIONAL BRASIL S.A.,B1,Banco Múltiplo,SP,Controle estrangeiro,,6828824341.51,200912.00,13512401.92,44674302.56,58186704.48,True,True,0.01
2009,02038232,BANCO COOPERATIVO DO BRASIL S.A. - BANCOOB,B1,Banco Comercial Cooperativo,DF,Privado nacional,,6801936820.99,200912.00,6276253.10,12812134.36,19088387.46,True,True,0.00
2009,C0031976,BRB,B1,,DF,Público,,6427197437.60,200912.00,71842438.83,118612370.68,190454809.51,True,True,0.03
2009,C0031873,SOFISA,B1,,SP,Privado nacional,,5889488397.28,200912.00,12646271.50,-2060880.62,10585390.88,True,True,0.00
2009,C0051365,PSA FINANCE,B2,,SP,Controle estrangeiro,,5340044393.10,200912.00,25288367.89,35405378.66,60693746.55,True,True,0.01
2009,31597552,BANCO CLASSICO S.A.,B1,Banco Múltiplo,RJ,Privado nacional,,4849050208.85,200912.00,8452947.85,61567767.01,70020714.86,True,True,0.01
2009,02992446,BANCO CNH CAPITAL S.A.,B2,Banco Múltiplo,PR,Controle estrangeiro,,4374752027.61,200912.00,-7315647.52,-248637028.95,-255952676.47,True,True,-0.06
2009,C0051334,TOYOTA,B2,,SP,Controle estrangeiro,,4311471919.97,200912.00,9935826.20,27218905.36,37154731.56,True,True,0.01
2009,C0051482,BES,B2,,SP,Controle estrangeiro,,4215706691.89,200912.00,60834059.41,33384763.76,94218823.17,True,True,0.02
2009,C0020255,BANIF,B1,,SP,Controle estrangeiro,,3657543104.16,200912.00,-7787071.18,4235294.09,-3551777.09,True,True,-0.00
2009,C0051413,MORGAN STANLEY,B1,,SP,Controle estrangeiro,,3620983690.92,200912.00,40692593.35,129348747.12,170041340.47,True,True,0.05
2009,62237425,BANCO FIDIS S/A,B2,Banco Múltiplo,MG,Controle estrangeiro,,3539814523.72,200912.00,15641583.51,89918470.93,105560054.44,True,True,0.03
2009,05040481,BANCO DE LAGE LANDEN BRASIL S.A.,B2,Banco Múltiplo,RS,Controle estrangeiro,,3351145025.06,200912.00,1305707.09,-7257289.77,-5951582.68,True,True,-0.00
2009,C0031244,RURAL,B1,,MG,Privado nacional,,3347305977.10,200912.00,13781006.57,36125913.10,49906919.67,True,True,0.01
2009,32254138,BANCO BVA S.A.,B1,Banco Múltiplo,RJ,Privado nacional,,2971339193.77,200912.00,19196593.18,29230226.66,48426819.84,True,True,0.02
2009,C0051554,WESTLB,B1,,SP,Controle estrangeiro,,2772621785.43,200912.00,20681993.96,35496260.09,56178254.05,True,True,0.02
2009,C0050531,INDUSVAL,B1,,SP,Privado nacional,,2730195902.04,200912.00,16125005.10,-3346997.82,12778007.28,True,True,0.00
2009,C0051073,ING,B1,,SP,Controle estrangeiro,,2704197656.83,200912.00,46900706.07,49974960.79,96875666.86,True,True,0.04
2009,58017179,BANCO VOLVO BRASIL S.A.,B2,Banco Múltiplo,PR,Controle estrangeiro,,2479078600.81,200912.00,-1901644.03,1654945.53,-246698.50,True,True,-0.00
2009,08357240,BANCO CSF S.A.,B2,Banco Múltiplo,SP,Controle estrangeiro,,2475520472.61,200912.00,54659192.63,64106721.34,118765913.97,True,True,0.05
2009,C0050191,SCHAHIN,B1,,SP,Privado nacional,,2437711809.42,200912.00,11554270.35,14997364.09,26551634.44,True,True,0.01
2009,61146577,BANCO BARCLAYS S.A.,B1,Banco Múltiplo,SP,Controle estrangeiro,,2269164189.87,200912.00,17686209.57,55800930.09,73487139.66,True,True,0.03
2009,13009717,BANCO DO ESTADO DE SERGIPE S.A.,B1,Banco Múltiplo,SE,Público,,2237721567.62,200912.00,19367843.27,19746356.11,39114199.38,True,True,0.02
2009,C0030881,J.MALUCELLI,B1,,PR,Privado nacional,,2162670104.96,200912.00,56745776.47,52104316.17,108850092.64,True,True,0.05
2009,38486817,BANCO DE DESENVOLVIMENTO DE MINAS GERAIS S.A.-BDMG,B4,Banco de Desenvolvimento,MG,Público,,2155203783.89,200912.00,11294509.47,51321023.63,62615533.10,True,True,0.03
2009,C0051107,OPPORTUNITY,B1,,RJ,Privado nacional,,2144074377.92,200912.00,6580506.91,17956617.68,24537124.59,True,True,0.01
2009,C0051255,MERRILL LYNCH,B2,,SP,Controle estrangeiro,,2134750070.92,200912.00,-36635974.35,137668441.17,101032466.82,True,True,0.05
2009,34270520,BANCO IBM S.A.,B2,Banco Múltiplo,RJ,Controle estrangeiro,,2026848074.12,200912.00,24804436.79,38286645.19,63091081.98,True,True,0.03
2009,C0050071,JOHN DEERE,B1,,RS,Controle estrangeiro,,1846431254.04,200912.00,20854501.59,-11616160.82,9238340.77,True,True,0.01
2009,C0050988,INDUSTRIAL DO BRASIL,B1,,SP,Privado nacional,,1799938738.62,200912.00,18162253.68,20406797.88,38569051.56,True,True,0.02
2009,04913711,BANCO DO ESTADO DO PARÁ S.A.,B1,Banco Múltiplo,PA,Público,,1773464636.25,200912.00,16496742.24,27198369.91,43695112.15,True,True,0.02
2009,17351180,BANCO TRIANGULO S.A.,B1,Banco Múltiplo,MG,Privado nacional,,1667338450.74,200912.00,12410030.20,29324791.38,41734821.58,True,True,0.03
2009,C0050706,BONSUCESSO,B1,,MG,Privado nacional,,1649427765.84,200912.00,51309170.84,32812346.13,84121516.97,True,True,0.05
2009,C0051396,HONDA,B2,,SP,Controle estrangeiro,,1623593983.32,200912.00,9104277.79,17777709.20,26881986.99,True,True,0.02
2009,C0050328,SOCOPA,B1,,SP,Privado nacional,,1581834542.78,200912.00,-17646520.05,4354407.00,-13292113.05,True,True,-0.01
2009,90731688,BANCO FORD S.A.,B2,Banco Múltiplo,SP,Controle estrangeiro,,1523213488.42,200912.00,22584618.56,26421846.13,49006464.69,True,True,0.03
2009,60498557,BANCO DE TOKYO-MITSUBISHI UFJ BRASIL S.A.,B1,Banco Múltiplo,SP,Controle estrangeiro,,1388680075.07,200912.00,11260799.48,64470307.66,75731107.14,True,True,0.05
2009,C0051066,CREDIT AGRICOLE,B1,,SP,Controle estrangeiro,,1262319525.39,200912.00,2027803.13,2642685.32,4670488.45,True,True,0.00
2009,04866275,BANCO STANDARD DE INVESTIMENTOS S.A.,B2,Banco de Investimento,SP,Controle estrangeiro,,1206931216.94,200912.00,-13188302.93,-10707985.22,-23896288.15,True,True,-0.02
2009,07002898,BANCO SAFRA DE INVESTIMENTO S.A.,B2,Banco de Investimento,SP,Privado nacional,,1195938469.09,200912.00,3057562.81,32979427.71,36036990.52,True,True,0.03
2009,60518222,BANCO SUMITOMO MITSUI BRASILEIRO S.A.,B1,Banco Múltiplo,SP,Controle estrangeiro,,1181245607.22,200912.00,-21957631.40,-4264719.28,-26222350.68,True,True,-0.02
2009,C0051585,GOLDMAN SACHS,B2,,SP,Controle estrangeiro,,1116712582.22,200912.00,-13982577.40,-45551871.71,-59534449.11,True,True,-0.05
2009,C0050122,FATOR,B1,,SP,Privado nacional,,1070097913.26,200912.00,15134828.24,37161811.16,52296639.40,True,True,0.05
2009,30723886,BANCO MODAL S.A.,B1,Banco Múltiplo,RJ,Privado nacional,,997336999.05,200912.00,12154120.92,6209685.24,18363806.16,True,True,0.02
2009,C0051468,RENDIMENTO,B1,,SP,Privado nacional,,976034781.34,200912.00,10476502.77,5130604.71,15607107.48,True,True,0.02
2009,07656500,BANCO KDB DO BRASIL S.A.,B1,Banco Múltiplo,SP,Controle estrangeiro,,946725002.05,200912.00,-13979096.27,-46695763.87,-60674860.14,True,True,-0.06
2009,C0032016,MATONE,B1,,RS,Privado nacional,,871673176.47,200912.00,-12359423.99,10725296.29,-1634127.70,True,True,-0.00
2009,03609817,BANCO CARGILL S.A.,B1,Banco Múltiplo,SP,Controle estrangeiro,,864397080.15,200912.00,6006836.34,4882465.77,10889302.11,True,True,0.01
2009,62421979,BANCO GE CAPITAL S.A.,B1,Banco Múltiplo,SP,Controle estrangeiro,,805548233.41,200912.00,-33025498.37,-30172224.92,-63197723.29,True,True,-0.08
2009,31880826,BANCO GUANABARA S.A.,B1,Banco Múltiplo,RJ,Privado nacional,,783969405.10,200912.00,2637670.83,12579975.76,15217646.59,True,True,0.02
2009,C0050885,BRASCAN,B1,,RJ,Controle estrangeiro,,762295778.42,200912.00,3488216.44,-8509226.03,-5021009.59,True,True,-0.01
2009,28145829,BANCO DE DESENVOLVIMENTO DO ESPIRITO SANTO S.A.,B4,Banco de Desenvolvimento,ES,Público,,722521141.76,200912.00,1278588.90,10232153.91,11510742.81,True,True,0.02
2009,29030467,DRESDNER BANK BRASIL S.A. BANCO MULTIPLO,B1,Banco Múltiplo,SP,Controle estrangeiro,,706879460.62,200912.00,-12571022.60,-36649178.52,-49220201.12,True,True,-0.07
2009,C0050414,PROSPER,B1,,RJ,Privado nacional,,649774166.11,200912.00,-3438474.85,4859356.40,1420881.55,True,True,0.00
2009,07441209,BANCO MONEO S.A.,B2,Banco Múltiplo,RS,Privado nacional,,646920122.98,200912.00,3550936.36,7007360.94,10558297.30,True,True,0.02
2009,43717511,BANCO MORADA S.A,B1,Banco Múltiplo,RJ,Privado nacional,,595975769.51,200912.00,3841684.73,9367358.08,13209042.81,True,True,0.02
2009,43818780,BANCO COMMERCIAL INVESTMENT TRUST DO BRASIL S.A. - BANCO MÚLTIPLO,B2,Banco Múltiplo,SP,Controle estrangeiro,,518733633.38,200912.00,51125.65,5654823.35,5705949.00,True,True,0.01
2009,C0050201,MÁXIMA,B1,,RJ,Privado nacional,,471746352.07,200912.00,13699152.67,11653027.15,25352179.82,True,True,0.05
2009,00795423,BANCO SEMEAR S.A.,B1,Banco Múltiplo,MG,Privado nacional,,434834517.36,200912.00,83607.98,9327142.12,9410750.10,True,True,0.02
2009,61033106,BPN BRASIL BANCO MÚLTIPLO S.A.,B1,Banco Múltiplo,SP,Controle estrangeiro,,419271415.06,200912.00,-5270299.61,-6631884.27,-11902183.88,True,True,-0.03
2009,57839805,BANCO TRICURY S.A.,B2,Banco Múltiplo,SP,Privado nacional,,408647300.30,200912.00,4876382.47,11668708.95,16545091.42,True,True,0.04
2009,00517645,BANCO RIBEIRAO PRETO S.A.,B1,Banco Múltiplo,SP,Privado nacional,,386135169.54,200912.00,-1669029.53,5393263.45,3724233.92,True,True,0.01
2009,C0050476,INTERCAP,B1,,SP,Privado nacional,,382879228.18,200912.00,-6104497.55,44602.55,-6059895.00,True,True,-0.02
2009,61348538,BANCO FICSA S.A.,B1,Banco Múltiplo,SP,Privado nacional,,353113483.23,200912.00,,4190316.98,4190316.98,False,True,0.01
2009,00416968,BANCO INTERMEDIUM S/A,B1,Banco Múltiplo,MG,Privado nacional,,343777078.35,200912.00,2000958.67,10716655.02,12717613.69,True,True,0.04
2009,C0050524,VR,B1,,SP,Privado nacional,,341923946.17,200912.00,5065159.87,7748509.53,12813669.40,True,True,0.04
2009,59118133,BANCO LUSO BRASILEIRO S.A.,B1,Banco Múltiplo,SP,Privado nacional,,332525294.18,200912.00,-9755043.61,-3733338.01,-13488381.62,True,True,-0.04
2009,33132044,BANCO CEDULA S.A.,B1,Banco Múltiplo,RJ,Privado nacional,,305262559.74,200912.00,203202.08,9820446.54,10023648.62,True,True,0.03
2009,C0051602,CONCÓRDIA,B1,,SP,Privado nacional,,281132307.45,200912.00,998870.93,1827262.25,2826133.18,True,True,0.01
2009,09516419,JBS BANCO S.A.,B1,Banco Múltiplo,SP,Privado nacional,,273383521.40,200912.00,1373236.12,427528.06,1800764.18,True,True,0.01
2009,92874270,BANCO A.J. RENNER S.A.,B1,Banco Múltiplo,RS,Privado nacional,,270771692.49,200912.00,799229.53,2034892.06,2834121.59,True,True,0.01
2009,33466988,BANCO CAIXA GERAL - BRASIL S.A.,B1,Banco Múltiplo,SP,Controle estrangeiro,,256970414.88,200912.00,-2593864.45,2630937.74,37073.29,True,True,0.00
2009,48795256,BANCO LEMON S.A.,B1,Banco Múltiplo,SP,Controle estrangeiro,,241612555.04,200912.00,-5991132.32,192493.72,-5798638.60,True,True,-0.02
2009,00997185,BANCO BM&F DE SERVIÇOS DE LIQUIDAÇÃO E CUSTÓDIA S.A.,B1,Banco Comercial,SP,Privado nacional,,225402302.11,200912.00,2179498.55,1605992.26,3785490.81,True,True,0.02
2009,74828799,NBC BANK BRASIL S. A. - BANCO MÚLTIPLO,B1,Banco Múltiplo,RS,Controle estrangeiro,,220776608.73,200912.00,180589.50,-5357057.90,-5176468.40,True,True,-0.02
2009,C0051114,CREDIBEL,B1,,SP,Privado nacional,,182229282.86,200912.00,-12255960.64,-7496460.95,-19752421.59,True,True,-0.11
2009,44189447,BANCO DE LA PROVINCIA DE BUENOS AIRES,B1,Banco Comercial Estrangeiro - Filial no país,SP,Controle estrangeiro,,149044687.60,200912.00,22921.85,1762582.21,1785504.06,True,True,0.01
2009,02318507,BANCO KEB DO BRASIL S.A.,B1,Banco Comercial,SP,Controle estrangeiro,,146152016.14,200912.00,1660876.63,1229738.54,2890615.17,True,True,0.02
2009,27937333,BANCO BRJ S.A.,B2,Banco Múltiplo,RJ,Privado nacional,,141925438.27,200912.00,608605.86,454389.35,1062995.21,True,True,0.01
2009,10690848,BANCO DA CHINA BRASIL S.A.,B1,Banco Múltiplo,SP,Controle estrangeiro,,139442676.42,200912.00,,-3724013.84,-3724013.84,False,True,-0.03
2009,00253448,BANCO POTTENCIAL S.A.,B1,Banco Comercial,MG,Privado nacional,,122226214.14,200912.00,2694670.21,3061574.21,5756244.42,True,True,0.05
2009,78632767,BANCO OURINVEST S.A.,B2,Banco Múltiplo,SP,Privado nacional,,120528205.77,200912.00,-3370764.55,-1140087.79,-4510852.34,True,True,-0.04
2009,03532415,BANCO CR2 S/A,B1,Banco Comercial,RJ,Privado nacional,,114522703.68,200912.00,1059036.85,2413656.76,3472693.61,True,True,0.03
2009,07679404,BANCO TOPÁZIO S.A.,B1,Banco Múltiplo,RS,Privado nacional,,112158314.53,200912.00,446903.43,754018.08,1200921.51,True,True,0.01
2009,10371492,BANCO YAMAHA MOTOR DO BRASIL S.A.,B2,Banco Múltiplo,SP,Controle estrangeiro,,111791754.72,200912.00,-1432439.32,-1578575.32,-3011014.64,True,True,-0.03
2009,09274232,NATIXIS BRASIL S.A. BANCO MÚLTIPLO,B1,Banco Múltiplo,SP,Controle estrangeiro,,104161052.82,200912.00,3588429.92,1626824.08,5215254.00,True,True,0.05
2009,C0042264,TENDENCIA,B2,,SP,Privado nacional,,101530580.28,200912.00,-603509.48,-657050.01,-1260559.49,True,True,-0.01
2009,45283173,BBVA BRASIL BANCO DE INVESTIMENTO S.A.,B2,Banco de Investimento,SP,Controle estrangeiro,,100552928.00,200912.00,1133507.98,2559347.30,3692855.28,True,True,0.04
2009,10664513,BANCO GERADOR S.A.,B2,Banco Múltiplo,PE,Privado nacional,,87934841.64,200912.00,-1353623.64,17898.35,-1335725.29,True,True,-0.02
2009,C0051592,GERAÇÃO FUTURO,B2,,RS,Privado nacional,,86296679.31,200912.00,5744001.62,5804309.93,11548311.55,True,True,0.13
2009,C0031677,ARBI,B1,,RJ,Privado nacional,,81822719.92,200912.00,-5194897.23,-4953833.69,-10148730.92,True,True,-0.12
2009,33042151,BANCO DE LA NACION ARGENTINA,B1,Banco Comercial Estrangeiro - Filial no país,SP,Controle estrangeiro,,72452856.97,200912.00,217233.80,-242715.52,-25481.72,True,True,-0.00
2009,15173776,BANCO CAPITAL S.A.,B1,Banco Múltiplo,BA,Privado nacional,,49672527.96,200912.00,836939.76,-109683.47,727256.29,True,True,0.01
2009,51938876,BANCO DE LA REPUBLICA ORIENTAL DEL URUGUAY,B1,Banco Comercial Estrangeiro - Filial no país,SP,Controle estrangeiro,,48936409.40,200912.00,1247442.00,-544713.68,702728.32,True,True,0.01
2009,40429946,BANCO PORTO REAL DE INVESTIMENTO S.A,B2,Banco de Investimento,RJ,Privado nacional,,47753745.42,200912.00,1451557.82,1216427.14,2667984.96,True,True,0.06
2009,80271455,BANCO MAXINVEST S.A.,B2,Banco Múltiplo,PR,Privado nacional,,36952859.92,200912.00,1643501.38,2350022.56,3993523.94,True,True,0.11
2009,09391857,BANCO AZTECA DO BRASIL S.A.,B1,Banco Múltiplo,PE,Controle estrangeiro,,35524290.46,200912.00,-931919.16,-1132908.14,-2064827.30,True,True,-0.06
2009,33588252,BANCO INDUSCRED DE INVESTIMENTO S.A.,B2,Banco de Investimento,SP,Privado nacional,,21907117.96,200912.00,-1142305.30,735820.91,-406484.39,True,True,-0.02
2009,C0050861,GERDAU,B1,,RS,Privado nacional,,21253553.67,200912.00,-1218104.82,-6404924.87,-7623029.69,True,True,-0.36
2009,C0030719,FICSA,B1,,SP,Privado nacional,,,,10484571.08,,10484571.08,False,True,
2010,C0049906,BB,B1,,DF,Público,,728672864936.53,201012.00,5131184817.15,6626909653.37,11758094470.52,True,True,0.02
2010,C0010069,ITAU,B1,,SP,Privado nacional,,720313867659.17,201012.00,6440546084.93,6955703056.95,13396249141.88,True,True,0.02
2010,C0010045,BRADESCO,B1,,SP,Privado nacional,,562601430122.70,201012.00,4517294208.62,5526841095.81,10044135304.43,True,True,0.02
2010,33657248,BANCO NACIONAL DE DESENVOLVIMENTO ECONOMICO E SOCIAL,B4,BNDES,RJ,Público,,520854165817.09,201012.00,3570625936.89,6342695564.68,9913321501.57,True,True,0.02
2010,00360305,CAIXA ECONOMICA FEDERAL,B1,Caixa Econômica Federal,DF,Público,,401412489590.80,201012.00,1667684105.36,2096726832.57,3764410937.93,True,True,0.01
2010,C0030379,SANTANDER,B1,,SP,Controle estrangeiro,,376062155579.23,201012.00,2048260765.68,1883717439.63,3931978205.31,True,True,0.01
2010,C0051152,HSBC,B1,,PR,Controle estrangeiro,,124686081043.27,201012.00,424241921.13,657927401.18,1082169322.31,True,True,0.01
2010,C0051011,VOTORANTIM,B1,,SP,Privado nacional,,110741217845.90,201012.00,477512054.83,537724688.48,1015236743.31,True,True,0.01
2010,C0010083,SAFRA,B1,,SP,Privado nacional,,76297016476.49,201012.00,512238943.49,535843978.02,1048082921.51,True,True,0.01
2010,C0030403,CITIBANK,B1,,SP,Controle estrangeiro,,54406013662.89,201012.00,232558856.21,198562938.36,431121794.57,True,True,0.01
2010,C0049944,BTG PACTUAL,B1,,RJ,Privado nacional,,48624524953.02,201012.00,336272595.42,474632967.73,810905563.15,True,True,0.02
2010,C0030173,BANRISUL,B1,,RS,Público,,32343211927.83,201012.00,303781360.35,435951723.42,739733083.77,True,True,0.02
2010,C0051183,DEUTSCHE,B1,,SP,Controle estrangeiro,,30988151279.64,201012.00,44924347.97,32209053.98,77133401.95,True,True,0.00
2010,C0030771,CREDIT SUISSE,B1,,SP,Controle estrangeiro,,24474929417.72,201012.00,189425390.44,196824735.73,386250126.17,True,True,0.02
2010,07237373,BANCO DO NORDESTE DO BRASIL S.A.,B1,Banco Múltiplo,CE,Público,,23783716463.58,201012.00,110054615.45,203535330.31,313589945.76,True,True,0.01
2010,C0051516,BNP PARIBAS,B1,,SP,Controle estrangeiro,,22271696348.79,201012.00,139541663.94,155137315.71,294678979.65,True,True,0.01
2010,59109165,BANCO VOLKSWAGEN S.A.,B2,Banco Múltiplo,SP,Controle estrangeiro,,20705056028.47,201012.00,117822765.89,156726500.58,274549266.47,True,True,0.01
2010,C0032119,BIC,B1,,SP,Privado nacional,,16889435880.69,201012.00,180298573.05,164235780.60,344534353.65,True,True,0.02
2010,C0031323,PANAMERICANO,B1,,SP,Privado nacional,,12818866803.38,201012.00,23575513.20,-377138081.52,-353562568.32,True,True,-0.03
2010,C0020107,JP MORGAN CHASE,B1,,SP,Controle estrangeiro,,12633701973.34,201012.00,39132285.70,80651035.32,119783321.02,True,True,0.01
2010,01181521,BANCO COOPERATIVO SICREDI S.A.,B1,Banco Múltiplo Cooperativo,RS,Privado nacional,,12526037932.06,201012.00,16369902.50,16745002.82,33114905.32,True,True,0.00
2010,C0051293,ALFA,B1,,SP,Privado nacional,,11729131780.63,201012.00,89797223.40,74231879.39,164029102.79,True,True,0.01
2010,C0030290,BMG,B1,,MG,Privado nacional,,11533546299.82,201012.00,352034223.88,253690804.16,605725028.04,True,True,0.05
2010,02038232,BANCO COOPERATIVO DO BRASIL S.A. - BANCOOB,B1,Banco Comercial Cooperativo,DF,Privado nacional,,10757356394.84,201012.00,12997796.12,18111130.03,31108926.15,True,True,0.00
2010,C0049951,FIBRA,B1,,SP,Privado nacional,,10055850245.20,201012.00,31801163.74,-28056294.80,3744868.94,True,True,0.00
2010,C0041856,ABC-BRASIL,B1,,SP,Controle estrangeiro,,9834305403.35,201012.00,97104930.82,105119688.34,202224619.16,True,True,0.02
2010,C0030159,BANESTES,B1,,ES,Público,,9504537045.05,201012.00,74638930.28,92388359.15,167027289.43,True,True,0.02
2010,C0020152,MERCANTIL DO BRASIL,B1,,MG,Privado nacional,,9472888035.81,201012.00,122491586.67,19253228.00,141744814.67,True,True,0.01
2010,C0050720,CRUZEIRO DO SUL,B1,,SP,Privado nacional,,9230806883.09,201012.00,75272368.89,76260587.72,151532956.61,True,True,0.02
2010,C0050304,PINE,B1,,SP,Privado nacional,,9158627290.91,201012.00,65758965.69,52494685.46,118253651.15,True,True,0.01
2010,C0031859,SOCIETE GENERALE,B1,,SP,Controle estrangeiro,,9080779609.29,201012.00,-14923587.85,9830326.42,-5093261.43,True,True,-0.00
2010,62232889,BANCO DAYCOVAL S.A.,B1,Banco Múltiplo,SP,Privado nacional,,8876686486.56,201012.00,118777731.14,158091141.09,276868872.23,True,True,0.03
2010,C0051262,MERCEDES-BENZ,B2,,SP,Controle estrangeiro,,8692765945.53,201012.00,34799436.51,52296988.11,87096424.62,True,True,0.01
2010,04902979,BANCO DA AMAZONIA S.A.,B1,Banco Comercial,PA,Público,,8461956206.70,201012.00,46512924.35,95650235.36,142163159.71,True,True,0.02
2010,01023570,BANCO RABOBANK INTERNATIONAL BRASIL S.A.,B1,Banco Múltiplo,SP,Controle estrangeiro,,8075378114.51,201012.00,40001882.46,62031466.06,102033348.52,True,True,0.01
2010,92816560,BANCO REGIONAL DE DESENVOLVIMENTO DO EXTREMO SUL,B4,Banco de Desenvolvimento,RS,Público,,7884820349.59,201012.00,48573159.08,40103119.71,88676278.79,True,True,0.01
2010,C0031976,BRB,B1,,DF,Público,,7548405413.18,201012.00,101127767.16,94913067.33,196040834.49,True,True,0.03
2010,59274605,BANCO GMAC S.A.,B2,Banco Múltiplo,SP,Controle estrangeiro,,7245895466.17,201012.00,73905221.53,61944849.03,135850070.56,True,True,0.02
2010,C0051705,BARCLAYS,B1,,SP,Controle estrangeiro,,6061469220.68,201012.00,65734020.98,27760136.12,93494157.10,True,True,0.02
2010,C0051482,BES,B2,,SP,Controle estrangeiro,,6007793320.76,201012.00,34908109.39,36179546.67,71087656.06,True,True,0.01
2010,C0031873,SOFISA,B1,,SP,Privado nacional,,5675240072.05,201012.00,37215599.06,38815258.37,76030857.43,True,True,0.01
2010,31597552,BANCO CLASSICO S.A.,B1,Banco Múltiplo,RJ,Privado nacional,,5229038048.75,201012.00,16185698.90,66050418.05,82236116.95,True,True,0.02
2010,C0030207,BBM,B1,,BA,Privado nacional,,4993876695.27,201012.00,23778650.45,23014190.73,46792841.18,True,True,0.01
2010,32254138,BANCO BVA S.A.,B1,Banco Múltiplo,RJ,Privado nacional,,4532973252.78,201012.00,50070623.69,39376248.10,89446871.79,True,True,0.02
2010,62237425,BANCO FIDIS S/A,B2,Banco Múltiplo,MG,Controle estrangeiro,,4349902986.67,201012.00,17324392.61,28480336.14,45804728.75,True,True,0.01
2010,05040481,BANCO DE LAGE LANDEN BRASIL S.A.,B2,Banco Múltiplo,RS,Controle estrangeiro,,4272113524.47,201012.00,10139297.23,41365212.97,51504510.20,True,True,0.01
2010,C0031244,RURAL,B1,,MG,Privado nacional,,4204535035.89,201012.00,22134249.00,18822479.43,40956728.43,True,True,0.01
2010,C0051334,TOYOTA,B2,,SP,Controle estrangeiro,,3785280795.69,201012.00,31273733.63,17312279.11,48586012.74,True,True,0.01
2010,C0051413,MORGAN STANLEY,B1,,SP,Controle estrangeiro,,3735696317.20,201012.00,102372658.20,151365142.63,253737800.83,True,True,0.07
2010,02992446,BANCO CNH CAPITAL S.A.,B2,Banco Múltiplo,PR,Controle estrangeiro,,3443707777.63,201012.00,-48188483.33,79911553.21,31723069.88,True,True,0.01
2010,C0050531,INDUSVAL,B1,,SP,Privado nacional,,3276214412.49,201012.00,15608093.09,13401324.52,29009417.61,True,True,0.01
2010,C0051255,MERRILL LYNCH,B2,,SP,Controle estrangeiro,,3157420249.70,201012.00,60080790.63,114642372.96,174723163.59,True,True,0.06
2010,C0051554,WESTLB,B1,,SP,Controle estrangeiro,,2849780439.29,201012.00,18183035.58,38991332.11,57174367.69,True,True,0.02
2010,60498557,BANCO DE TOKYO-MITSUBISHI UFJ BRASIL S.A.,B1,Banco Múltiplo,SP,Controle estrangeiro,,2830585477.14,201012.00,2862864.63,8151509.67,11014374.30,True,True,0.00
2010,C0020255,BANIF,B1,,SP,Controle estrangeiro,,2815464250.18,201012.00,-12662365.81,-10669836.10,-23332201.91,True,True,-0.01
2010,08357240,BANCO CSF S.A.,B2,Banco Múltiplo,SP,Controle estrangeiro,,2796839444.41,201012.00,62364882.32,71027569.12,133392451.44,True,True,0.05
2010,C0050191,SCHAHIN,B1,,SP,Privado nacional,,2757470964.80,201012.00,4088973.77,367911.61,4456885.38,True,True,0.00
2010,C0051365,PSA FINANCE,B2,,SP,Controle estrangeiro,,2668753937.87,201012.00,8377582.34,30746810.81,39124393.15,True,True,0.01
2010,58017179,BANCO VOLVO BRASIL S.A.,B2,Banco Múltiplo,PR,Controle estrangeiro,,2569111668.21,201012.00,49454300.13,26108514.11,75562814.24,True,True,0.03
2010,13009717,BANCO DO ESTADO DE SERGIPE S.A.,B1,Banco Múltiplo,SE,Público,,2568333415.56,201012.00,22396621.86,32068396.22,54465018.08,True,True,0.02
2010,C0030881,J.MALUCELLI,B1,,PR,Privado nacional,,2517080790.13,201012.00,54734671.53,63592425.22,118327096.75,True,True,0.05
2010,C0050706,BONSUCESSO,B1,,MG,Privado nacional,,2477382600.91,201012.00,60196134.31,27486295.89,87682430.20,True,True,0.04
2010,38486817,BANCO DE DESENVOLVIMENTO DE MINAS GERAIS S.A.-BDMG,B4,Banco de Desenvolvimento,MG,Público,,2345679758.60,201012.00,22961799.49,61152405.18,84114204.67,True,True,0.04
2010,C0050071,JOHN DEERE,B1,,RS,Controle estrangeiro,,2298322048.32,201012.00,-4801332.67,19516682.05,14715349.38,True,True,0.01
2010,34270520,BANCO IBM S.A.,B2,Banco Múltiplo,RJ,Controle estrangeiro,,2228946908.06,201012.00,10098903.00,12260630.28,22359533.28,True,True,0.01
2010,C0050988,INDUSTRIAL DO BRASIL,B1,,SP,Privado nacional,,2197481938.87,201012.00,19392100.27,20682426.14,40074526.41,True,True,0.02
2010,C0050122,FATOR,B1,,SP,Privado nacional,,2102910176.56,201012.00,20097892.38,147357963.71,167455856.09,True,True,0.08
2010,C0051396,HONDA,B2,,SP,Controle estrangeiro,,2100821028.26,201012.00,21184609.16,28415682.49,49600291.65,True,True,0.02
2010,04913711,BANCO DO ESTADO DO PARÁ S.A.,B1,Banco Múltiplo,PA,Público,,2019475143.37,201012.00,30978597.76,40316124.78,71294722.54,True,True,0.04
2010,04866275,BANCO STANDARD DE INVESTIMENTOS S.A.,B2,Banco de Investimento,SP,Controle estrangeiro,,1991016817.15,201012.00,14268428.23,-17123055.97,-2854627.74,True,True,-0.00
2010,C0051585,GOLDMAN SACHS,B2,,SP,Controle estrangeiro,,1966048807.85,201012.00,-74042716.56,-19052973.63,-93095690.19,True,True,-0.05
2010,C0051066,CREDIT AGRICOLE,B1,,SP,Controle estrangeiro,,1846186643.23,201012.00,12097253.97,21703950.66,33801204.63,True,True,0.02
2010,17351180,BANCO TRIANGULO S.A.,B1,Banco Múltiplo,MG,Privado nacional,,1827449398.71,201012.00,23013218.44,34377809.74,57391028.18,True,True,0.03
2010,C0050328,SOCOPA,B1,,SP,Privado nacional,,1710978373.75,201012.00,-8557548.99,-9953646.32,-18511195.31,True,True,-0.01
2010,60518222,BANCO SUMITOMO MITSUI BRASILEIRO S.A.,B1,Banco Múltiplo,SP,Controle estrangeiro,,1693642259.46,201012.00,20584271.67,8192988.85,28777260.52,True,True,0.02
2010,C0051073,ING,B1,,SP,Controle estrangeiro,,1671809948.75,201012.00,20878214.18,66566831.04,87445045.22,True,True,0.05
2010,C0051107,OPPORTUNITY,B1,,RJ,Privado nacional,,1315065246.29,201012.00,14539033.17,17540113.00,32079146.17,True,True,0.02
2010,30723886,BANCO MODAL S.A.,B1,Banco Múltiplo,RJ,Privado nacional,,1304890469.75,201012.00,9712612.12,8908111.31,18620723.43,True,True,0.01
2010,90731688,BANCO FORD S.A.,B2,Banco Múltiplo,SP,Controle estrangeiro,,1235166715.70,201012.00,16653845.48,31211279.08,47865124.56,True,True,0.04
2010,C0032016,MATONE,B1,,RS,Privado nacional,,1209666684.29,201012.00,6749528.16,-59227244.18,-52477716.02,True,True,-0.04
2010,C0051468,RENDIMENTO,B1,,SP,Privado nacional,,1101794458.02,201012.00,4801830.84,25553039.89,30354870.73,True,True,0.03
2010,03609817,BANCO CARGILL S.A.,B1,Banco Múltiplo,SP,Controle estrangeiro,,964765789.95,201012.00,19019630.99,17539966.29,36559597.28,True,True,0.04
2010,31880826,BANCO GUANABARA S.A.,B1,Banco Múltiplo,RJ,Privado nacional,,936400987.28,201012.00,5169257.45,7383913.36,12553170.81,True,True,0.01
2010,28145829,BANCO DE DESENVOLVIMENTO DO ESPIRITO SANTO S.A.,B4,Banco de Desenvolvimento,ES,Público,,852221147.05,201012.00,287638.89,11519945.85,11807584.74,True,True,0.01
2010,07656500,BANCO KDB DO BRASIL S.A.,B1,Banco Múltiplo,SP,Controle estrangeiro,,782466594.02,201012.00,-95782010.38,-114472659.16,-210254669.54,True,True,-0.27
2010,07441209,BANCO MONEO S.A.,B2,Banco Múltiplo,RS,Privado nacional,,726824461.04,201012.00,11990122.97,9665383.68,21655506.65,True,True,0.03
2010,33466988,BANCO CAIXA GERAL - BRASIL S.A.,B1,Banco Múltiplo,SP,Controle estrangeiro,,725711953.32,201012.00,3557592.63,7564205.32,11121797.95,True,True,0.02
2010,C0050885,BRASCAN,B1,,RJ,Controle estrangeiro,,712859378.54,201012.00,6570984.71,-672127.39,5898857.32,True,True,0.01
2010,C0050414,PROSPER,B1,,RJ,Privado nacional,,622378256.39,201012.00,-26757118.41,-4435024.77,-31192143.18,True,True,-0.05
2010,09516419,BANCO JBS S.A.,B1,Banco Múltiplo,SP,Privado nacional,,588615690.29,201012.00,2127450.58,971688.34,3099138.92,True,True,0.01
2010,43717511,BANCO MORADA S.A,B1,Banco Múltiplo,RJ,Privado nacional,,566012513.08,201012.00,4411889.37,8944127.93,13356017.30,True,True,0.02
2010,00416968,BANCO INTERMEDIUM S/A,B1,Banco Múltiplo,MG,Privado nacional,,564825102.44,201012.00,12003559.43,12292636.17,24296195.60,True,True,0.04
2010,00795423,BANCO SEMEAR S.A.,B1,Banco Múltiplo,MG,Privado nacional,,546929142.00,201012.00,4025352.27,6064657.76,10090010.03,True,True,0.02
2010,57839805,BANCO TRICURY S.A.,B2,Banco Múltiplo,SP,Privado nacional,,544648283.08,201012.00,11458814.43,15827115.43,27285929.86,True,True,0.05
2010,29030467,DRESDNER BANK BRASIL S.A. BANCO MULTIPLO,B1,Banco Múltiplo,SP,Controle estrangeiro,,524110214.55,201012.00,707452.01,5711472.19,6418924.20,True,True,0.01
2010,C0050476,INTERCAP,B1,,SP,Privado nacional,,492340753.02,201012.00,1327099.72,-534403.54,792696.18,True,True,0.00
2010,61348538,BANCO FICSA S.A.,B1,Banco Múltiplo,SP,Privado nacional,,483611241.63,201012.00,6081285.87,5233288.11,11314573.98,True,True,0.02
2010,43818780,BANCO COMMERCIAL INVESTMENT TRUST DO BRASIL S.A. - BANCO MÚLTIPLO,B2,Banco Múltiplo,SP,Controle estrangeiro,,471278051.81,201012.00,4621095.19,2085274.28,6706369.47,True,True,0.01
2010,C0050201,MÁXIMA,B1,,RJ,Privado nacional,,467707561.77,201012.00,15149463.81,-4238827.93,10910635.88,True,True,0.02
2010,00517645,BANCO RIBEIRAO PRETO S.A.,B1,Banco Múltiplo,SP,Privado nacional,,398455736.00,201012.00,3788266.13,5784325.07,9572591.20,True,True,0.02
2010,11932017,STANDARD CHARTERED BANK (BRASIL) S.A. - BANCO DE INVESTIMENTO,B2,Banco de Investimento,SP,Controle estrangeiro,,386387515.66,201012.00,1788392.64,-293278.59,1495114.05,True,True,0.00
2010,61033106,BPN BRASIL BANCO MÚLTIPLO S.A.,B1,Banco Múltiplo,SP,Controle estrangeiro,,381708863.65,201012.00,-15406463.01,-17481106.20,-32887569.21,True,True,-0.09
2010,C0050524,VR,B1,,SP,Privado nacional,,371706231.51,201012.00,7415184.21,1340240.39,8755424.60,True,True,0.02
2010,59118133,BANCO LUSO BRASILEIRO S.A.,B1,Banco Múltiplo,SP,Privado nacional,,370592482.89,201012.00,-3302082.93,712579.79,-2589503.14,True,True,-0.01
2010,62421979,BANCO GE CAPITAL S.A.,B1,Banco Múltiplo,SP,Controle estrangeiro,,347140582.27,201012.00,-34322859.53,-30627903.95,-64950763.48,True,True,-0.19
2010,92874270,BANCO A.J. RENNER S.A.,B1,Banco Múltiplo,RS,Privado nacional,,343358404.57,201012.00,2523595.88,2688421.42,5212017.30,True,True,0.02
2010,33132044,BANCO CEDULA S.A.,B1,Banco Múltiplo,RJ,Privado nacional,,263650324.31,201012.00,5032152.13,7659890.33,12692042.46,True,True,0.05
2010,74828799,NBC BANK BRASIL S. A. - BANCO MÚLTIPLO,B1,Banco Múltiplo,RS,Controle estrangeiro,,256287531.39,201012.00,1333997.90,2409274.15,3743272.05,True,True,0.01
2010,00997185,BANCO BM&F DE SERVIÇOS DE LIQUIDAÇÃO E CUSTÓDIA S.A.,B1,Banco Comercial,SP,Privado nacional,,239042489.65,201012.00,1727503.21,2539079.20,4266582.41,True,True,0.02
2010,48795256,BANCO BRACCE S.A.,B1,Banco Múltiplo,SP,Controle estrangeiro,,231460613.47,201012.00,2568878.24,-50129.68,2518748.56,True,True,0.01
2010,10690848,BANCO DA CHINA BRASIL S.A.,B1,Banco Múltiplo,SP,Controle estrangeiro,,222596519.37,201012.00,1296574.96,647708.21,1944283.17,True,True,0.01
2010,11417016,SCANIA BANCO S.A.,B2,Banco Múltiplo,SP,Controle estrangeiro,,222058760.33,201012.00,-1013098.64,-352877.26,-1365975.90,True,True,-0.01
2010,10371492,BANCO YAMAHA MOTOR DO BRASIL S.A.,B2,Banco Múltiplo,SP,Controle estrangeiro,,221400959.91,201012.00,-3085740.89,-1067872.62,-4153613.51,True,True,-0.02
2010,10664513,BANCO GERADOR S.A.,B2,Banco Múltiplo,PE,Privado nacional,,177649748.61,201012.00,851045.96,-328906.52,522139.44,True,True,0.00
2010,00253448,BANCO POTTENCIAL S.A.,B1,Banco Comercial,MG,Privado nacional,,166816027.73,201012.00,10880565.10,-4821019.16,6059545.94,True,True,0.04
2010,78632767,BANCO OURINVEST S.A.,B2,Banco Múltiplo,SP,Privado nacional,,148433646.97,201012.00,-902687.56,15801875.11,14899187.55,True,True,0.10
2010,07679404,BANCO TOPÁZIO S.A.,B1,Banco Múltiplo,RS,Privado nacional,,147858391.58,201012.00,438162.83,483635.84,921798.67,True,True,0.01
2010,27937333,BANCO BRJ S.A.,B2,Banco Múltiplo,RJ,Privado nacional,,144860016.40,201012.00,-2067775.25,-1048044.12,-3115819.37,True,True,-0.02
2010,44189447,BANCO DE LA PROVINCIA DE BUENOS AIRES,B1,Banco Comercial Estrangeiro - Filial no país,SP,Controle estrangeiro,,138577530.09,201012.00,-4799509.74,3575310.62,-1224199.12,True,True,-0.01
2010,03532415,BANCO CR2 S/A,B1,Banco Comercial,RJ,Privado nacional,,120213707.46,201012.00,2009416.77,-253243.60,1756173.17,True,True,0.01
2010,02318507,BANCO KEB DO BRASIL S.A.,B1,Banco Comercial,SP,Controle estrangeiro,,115788542.01,201012.00,1259555.20,1378337.51,2637892.71,True,True,0.02
2010,09274232,NATIXIS BRASIL S.A. BANCO MÚLTIPLO,B1,Banco Múltiplo,SP,Controle estrangeiro,,106999060.99,201012.00,887667.11,2574509.86,3462176.97,True,True,0.03
2010,45283173,BBVA BRASIL BANCO DE INVESTIMENTO S.A.,B2,Banco de Investimento,SP,Controle estrangeiro,,105909430.47,201012.00,2235979.11,2365779.02,4601758.13,True,True,0.04
2010,C0051592,GERAÇÃO FUTURO,B2,,RS,Privado nacional,,102608299.02,201012.00,6463635.44,6039390.78,12503026.22,True,True,0.12
2010,33042151,BANCO DE LA NACION ARGENTINA,B1,Banco Comercial Estrangeiro - Filial no país,SP,Controle estrangeiro,,100229509.15,201012.00,2086274.34,1154990.79,3241265.13,True,True,0.03
2010,C0051114,CREDIBEL,B1,,SP,Privado nacional,,84034743.66,201012.00,-4518335.82,-41620497.07,-46138832.89,True,True,-0.55
2010,54403563,BANCO ARBI S.A.,B1,Banco Comercial,RJ,Privado nacional,,70810755.48,201012.00,365704.64,408403.21,774107.85,True,True,0.01
2010,51938876,BANCO DE LA REPUBLICA ORIENTAL DEL URUGUAY,B1,Banco Comercial Estrangeiro - Filial no país,SP,Controle estrangeiro,,50992723.72,201012.00,1378769.31,154593.93,1533363.24,True,True,0.03
2010,C0051671,CONFIDENCE,B2,,SP,Privado nacional,,50731952.23,201012.00,2517408.29,5443338.77,7960747.06,True,True,0.16
2010,40429946,BANCO PORTO REAL DE INVESTIMENTOS S.A,B2,Banco de Investimento,RJ,Privado nacional,,47249032.89,201012.00,1022531.55,771778.27,1794309.82,True,True,0.04
2010,15173776,BANCO CAPITAL S.A.,B1,Banco Múltiplo,BA,Privado nacional,,44143450.35,201012.00,282539.22,329635.08,612174.30,True,True,0.01
2010,80271455,BANCO MAXINVEST S.A.,B2,Banco Múltiplo,PR,Privado nacional,,42747779.00,201012.00,607625.91,611435.38,1219061.29,True,True,0.03
2010,09391857,BANCO AZTECA DO BRASIL S.A.,B1,Banco Múltiplo,PE,Controle estrangeiro,,41546193.06,201012.00,695650.33,-1149216.76,-453566.43,True,True,-0.01
2010,C0051743,DIDIER LEVY,B2,,SP,Privado nacional,,35826544.15,201012.00,,142562.33,142562.33,False,True,0.00
2010,11476673,BANCO RANDON S.A.,B1,Banco Múltiplo,RS,Privado nacional,,29831517.49,201012.00,,-1065651.50,-1065651.50,False,True,-0.04
2010,C0051688,PETRA,B1,,PR,Privado nacional,,27033335.17,201012.00,-1793597.83,-2680361.67,-4473959.50,True,True,-0.17
2010,33588252,BANCO INDUSCRED DE INVESTIMENTO S.A.,B2,Banco de Investimento,SP,Privado nacional,,22921230.06,201012.00,1819600.14,-696968.47,1122631.67,True,True,0.05
2010,07002898,BANCO SAFRA BSI S.A.,B2,Banco Múltiplo,SP,Privado nacional,,,,12725674.02,,12725674.02,False,True,
2010,C0042264,TENDENCIA,B2,,SP,Privado nacional,,,,662369.42,,662369.42,False,True,
2010,C0051602,CONCÓRDIA,B1,,SP,Privado nacional,,,,-2318032.87,,-2318032.87,False,True,
2011,C0049906,BB,B1,,DF,Público,,881871666007.63,201112.00,6289720324.94,6050743316.38,12340463641.32,True,True,0.01
2011,C0010069,ITAU,B1,,SP,Privado nacional,,815220205543.68,201112.00,7138558485.47,7530018211.13,14668576696.60,True,True,0.02
2011,C0010045,BRADESCO,B1,,SP,Privado nacional,,666320079307.15,201112.00,5497459797.72,5549595054.50,11047054852.22,True,True,0.02
2011,33657248,BANCO NACIONAL DE DESENVOLVIMENTO ECONOMICO E SOCIAL,B4,BNDES,RJ,Público,,603698323783.65,201112.00,5279194117.82,3768739601.86,9047933719.68,True,True,0.01
2011,00360305,CAIXA ECONOMICA FEDERAL,B1,Caixa Econômica Federal,DF,Público,,511031048331.77,201112.00,2274307836.01,2908217227.25,5182525063.26,True,True,0.01
2011,C0030379,SANTANDER,B1,,SP,Controle estrangeiro,,431759588065.35,201112.00,1856188481.29,1783675528.57,3639864009.86,True,True,0.01
2011,C0051152,HSBC,B1,,PR,Controle estrangeiro,,146593296733.30,201112.00,611990438.66,505593318.69,1117583757.35,True,True,0.01
2011,C0051011,VOTORANTIM,B1,,SP,Privado nacional,,115373092163.80,201112.00,540585973.38,-741663307.46,-201077334.08,True,True,-0.00
2011,C0010083,SAFRA,B1,,SP,Privado nacional,,87728359539.00,201112.00,584932555.86,669511236.26,1254443792.12,True,True,0.01
2011,C0049944,BTG PACTUAL,B1,,RJ,Privado nacional,,58159703666.46,201112.00,434243957.98,1046978212.90,1481222170.88,True,True,0.03
2011,C0030403,CITIBANK,B1,,SP,Controle estrangeiro,,57766433912.40,201112.00,1234120492.24,621881818.23,1856002310.47,True,True,0.03
2011,C0030173,BANRISUL,B1,,RS,Público,,37826936583.12,201112.00,438413810.49,465958113.54,904371924.03,True,True,0.02
2011,C0030771,CREDIT SUISSE,B1,,SP,Controle estrangeiro,,30360971957.04,201112.00,339041099.42,188152928.22,527194027.64,True,True,0.02
2011,C0020107,JP MORGAN CHASE,B1,,SP,Controle estrangeiro,,29426947516.39,201112.00,56158665.27,68552213.09,124710878.36,True,True,0.00
2011,07237373,BANCO DO NORDESTE DO BRASIL S.A.,B1,Banco Múltiplo,CE,Público,,26435587816.84,201112.00,300693193.66,14106066.97,314799260.63,True,True,0.01
2011,C0051183,DEUTSCHE,B1,,SP,Controle estrangeiro,,25300833551.43,201112.00,16357717.78,149972170.33,166329888.11,True,True,0.01
2011,59109165,BANCO VOLKSWAGEN S.A.,B2,Banco Múltiplo,SP,Controle estrangeiro,,23743532031.24,201112.00,130819546.42,83515926.99,214335473.41,True,True,0.01
2011,C0030290,BMG,B1,,MG,Privado nacional,,17443995298.22,201112.00,21738394.76,561780662.69,583519057.45,True,True,0.03
2011,C0032119,BIC,B1,,SP,Privado nacional,,17192812742.86,201112.00,150469444.74,83102974.20,233572418.94,True,True,0.01
2011,01181521,BANCO COOPERATIVO SICREDI S.A.,B1,Banco Múltiplo Cooperativo,RS,Privado nacional,,16822247168.34,201112.00,24242692.55,29834587.20,54077279.75,True,True,0.00
2011,C0051516,BNP PARIBAS,B1,,SP,Controle estrangeiro,,15312674182.79,201112.00,72024445.88,195564002.81,267588448.69,True,True,0.02
2011,C0031323,PANAMERICANO,B1,,SP,Privado nacional,,12930707356.78,201112.00,36614798.49,20425531.57,57040330.06,True,True,0.00
2011,C0031859,SOCIETE GENERALE,B1,,SP,Controle estrangeiro,,12481915801.71,201112.00,-317427879.19,-156021439.18,-473449318.37,True,True,-0.04
2011,C0051293,ALFA,B1,,SP,Privado nacional,,12325819957.38,201112.00,77734932.99,89767223.31,167502156.30,True,True,0.01
2011,C0051750,BANCOOB,B1,,DF,Privado nacional,,12137700983.65,201112.00,18068155.44,20982641.06,39050796.50,True,True,0.00
2011,62232889,BANCO DAYCOVAL S.A.,B1,Banco Múltiplo,SP,Privado nacional,,12068048911.81,201112.00,118630963.67,186400254.91,305031218.58,True,True,0.03
2011,C0050720,CRUZEIRO DO SUL,B1,,SP,Privado nacional,,11481863278.48,201112.00,81546115.91,55656715.64,137202831.55,True,True,0.01
2011,C0051262,MERCEDES-BENZ,B2,,SP,Controle estrangeiro,,11263560760.44,201112.00,60120912.00,39270574.19,99391486.19,True,True,0.01
2011,C0049951,FIBRA,B1,,SP,Privado nacional,,11025813442.80,201112.00,12059200.24,-95888888.84,-83829688.60,True,True,-0.01
2011,C0050304,PINE,B1,,SP,Privado nacional,,10995064159.62,201112.00,67533923.85,93979984.32,161513908.17,True,True,0.01
2011,01023570,BANCO RABOBANK INTERNATIONAL BRASIL S.A.,B1,Banco Múltiplo,SP,Controle estrangeiro,,10890466106.84,201112.00,49002928.83,79859905.86,128862834.69,True,True,0.01
2011,C0041856,ABC-BRASIL,B1,,SP,Controle estrangeiro,,10521583056.90,201112.00,116905465.81,119131437.82,236036903.63,True,True,0.02
2011,C0020152,MERCANTIL DO BRASIL,B1,,MG,Privado nacional,,10272464824.11,201112.00,63464469.86,30666348.54,94130818.40,True,True,0.01
2011,C0030159,BANESTES,B1,,ES,Público,,10119254074.32,201112.00,50172447.74,39055774.28,89228222.02,True,True,0.01
2011,04902979,BANCO DA AMAZONIA S.A.,B1,Banco Comercial,PA,Público,,9871604068.99,201112.00,43322610.51,35244898.33,78567508.84,True,True,0.01
2011,C0031976,BRB,B1,,DF,Público,,8397001344.72,201112.00,110939067.90,-14899491.91,96039575.99,True,True,0.01
2011,92816560,BANCO REGIONAL DE DESENVOLVIMENTO DO EXTREMO SUL,B4,Banco de Desenvolvimento,RS,Público,,8338332161.12,201112.00,29716807.13,62417384.41,92134191.54,True,True,0.01
2011,59274605,BANCO GMAC S.A.,B2,Banco Múltiplo,SP,Controle estrangeiro,,7240392608.57,201112.00,97699294.95,135361566.24,233060861.19,True,True,0.03
2011,32254138,BANCO BVA S.A.,B1,Banco Múltiplo,RJ,Privado nacional,,6760770972.22,201112.00,37896547.17,25333555.52,63230102.69,True,True,0.01
2011,C0051482,BES,B2,,SP,Controle estrangeiro,,6621260984.14,201112.00,29955796.36,40753772.07,70709568.43,True,True,0.01
2011,C0051705,BARCLAYS,B1,,SP,Controle estrangeiro,,6456297225.45,201112.00,38571591.83,21568440.70,60140032.53,True,True,0.01
2011,C0051413,MORGAN STANLEY,B1,,SP,Controle estrangeiro,,5470382499.73,201112.00,91489931.45,146739615.63,238229547.08,True,True,0.04
2011,C0031873,SOFISA,B1,,SP,Privado nacional,,5426935348.17,201112.00,13296094.96,194905.60,13491000.56,True,True,0.00
2011,C0051255,BOFA MERRILL LYNCH,B1,,SP,Controle estrangeiro,,5314823361.03,201112.00,77047978.34,104197085.90,181245064.24,True,True,0.03
2011,31597552,BANCO CLASSICO S.A.,B1,Banco Múltiplo,RJ,Privado nacional,,5247573805.17,201112.00,-64039710.22,104388075.19,40348364.97,True,True,0.01
2011,62237425,BANCO FIDIS S/A,B2,Banco Múltiplo,MG,Controle estrangeiro,,5149607321.49,201112.00,31295564.31,38405174.63,69700738.94,True,True,0.01
2011,05040481,BANCO DE LAGE LANDEN BRASIL S.A.,B2,Banco Múltiplo,RS,Controle estrangeiro,,4848059704.03,201112.00,-16729986.25,13007350.86,-3722635.39,True,True,-0.00
2011,C0031244,RURAL,B1,,MG,Privado nacional,,4678611055.91,201112.00,2823788.33,-86016447.73,-83192659.40,True,True,-0.02
2011,C0050531,INDUSVAL,B1,,SP,Privado nacional,,4292066922.77,201112.00,-49411059.19,17666499.47,-31744559.72,True,True,-0.01
2011,C0051781,ORIGINAL,B1,,RS,Privado nacional,,3940374745.80,201112.00,5022606.42,160210642.51,165233248.93,True,True,0.04
2011,60498557,BANCO DE TOKYO-MITSUBISHI UFJ BRASIL S.A.,B1,Banco Múltiplo,SP,Controle estrangeiro,,3761842878.95,201112.00,1085713.56,29035823.81,30121537.37,True,True,0.01
2011,C0051334,TOYOTA,B2,,SP,Controle estrangeiro,,3728235869.05,201112.00,21723157.82,12419342.43,34142500.25,True,True,0.01
2011,02992446,BANCO CNH CAPITAL S.A.,B2,Banco Múltiplo,PR,Controle estrangeiro,,3489245108.44,201112.00,74564338.86,53596497.62,128160836.48,True,True,0.04
2011,C0051231,CATERPILLAR,B2,,SP,Controle estrangeiro,,3217537332.91,201112.00,30037003.93,25242212.64,55279216.57,True,True,0.02
2011,C0030881,J.MALUCELLI,B1,,PR,Privado nacional,,3088215899.18,201112.00,300008515.02,59466463.77,359474978.79,True,True,0.12
2011,34270520,BANCO IBM S.A.,B2,Banco Múltiplo,RJ,Controle estrangeiro,,2870580711.71,201112.00,9547552.13,-6991819.79,2555732.34,True,True,0.00
2011,38486817,BANCO DE DESENVOLVIMENTO DE MINAS GERAIS S.A.-BDMG,B4,Banco de Desenvolvimento,MG,Público,,2839941973.09,201112.00,25936138.41,55573959.50,81510097.91,True,True,0.03
2011,08357240,BANCO CSF S.A.,B2,Banco Múltiplo,SP,Controle estrangeiro,,2786815754.29,201112.00,34042604.77,97692289.97,131734894.74,True,True,0.05
2011,13009717,BANCO DO ESTADO DE SERGIPE S.A.,B1,Banco Múltiplo,SE,Público,,2760667965.77,201112.00,43590393.50,47372130.39,90962523.89,True,True,0.03
2011,58017179,BANCO VOLVO BRASIL S.A.,B2,Banco Múltiplo,PR,Controle estrangeiro,,2741898582.71,201112.00,30315562.05,16512662.38,46828224.43,True,True,0.02
2011,04913711,BANCO DO ESTADO DO PARÁ S.A.,B1,Banco Múltiplo,PA,Público,,2740013286.30,201112.00,40751581.81,84116382.63,124867964.44,True,True,0.05
2011,C0050071,JOHN DEERE,B1,,RS,Controle estrangeiro,,2651558623.57,201112.00,20709538.77,36679703.47,57389242.24,True,True,0.02
2011,C0051365,PSA FINANCE,B2,,SP,Controle estrangeiro,,2587931498.01,201112.00,40761827.47,37724533.40,78486360.87,True,True,0.03
2011,C0050706,BONSUCESSO,B1,,MG,Privado nacional,,2580910952.74,201112.00,33730672.69,4007301.10,37737973.79,True,True,0.01
2011,C0051585,GOLDMAN SACHS,B2,,SP,Controle estrangeiro,,2560065274.86,201112.00,-42588149.24,683959.82,-41904189.42,True,True,-0.02
2011,C0051554,WESTLB,B1,,SP,Controle estrangeiro,,2553420026.36,201112.00,25008641.80,38158819.45,63167461.25,True,True,0.02
2011,C0020255,BANIF,B1,,SP,Controle estrangeiro,,2544713025.65,201112.00,-19160023.06,41865315.52,22705292.46,True,True,0.01
2011,C0050988,INDUSTRIAL DO BRASIL,B1,,SP,Privado nacional,,2449108235.67,201112.00,18540995.33,10537766.00,29078761.33,True,True,0.01
2011,C0030207,BBM,B1,,BA,Privado nacional,,2331760645.25,201112.00,41947878.23,25114420.77,67062299.00,True,True,0.03
2011,11932017,STANDARD CHARTERED BANK (BRASIL) S.A. - BANCO DE INVESTIMENTO,B2,Banco de Investimento,SP,Controle estrangeiro,,2277326686.82,201112.00,3958741.65,3171740.82,7130482.47,True,True,0.00
2011,C0051396,HONDA,B2,,SP,Controle estrangeiro,,2092262823.03,201112.00,25867148.36,29882233.49,55749381.85,True,True,0.03
2011,60518222,BANCO SUMITOMO MITSUI BRASILEIRO S.A.,B1,Banco Múltiplo,SP,Controle estrangeiro,,2062321809.12,201112.00,20592148.75,23520369.93,44112518.68,True,True,0.02
2011,C0051066,CREDIT AGRICOLE,B1,,SP,Controle estrangeiro,,1931343146.19,201112.00,12026555.60,10885051.52,22911607.12,True,True,0.01
2011,C0051073,ING,B1,,SP,Controle estrangeiro,,1922556046.03,201112.00,35594870.05,36559001.23,72153871.28,True,True,0.04
2011,17351180,BANCO TRIANGULO S.A.,B1,Banco Múltiplo,MG,Privado nacional,,1901820203.05,201112.00,19773037.78,15730097.99,35503135.77,True,True,0.02
2011,C0050122,FATOR,B1,,SP,Privado nacional,,1859585032.82,201112.00,-5154323.11,-8747031.91,-13901355.02,True,True,-0.01
2011,04866275,BANCO STANDARD DE INVESTIMENTOS S.A.,B2,Banco de Investimento,SP,Controle estrangeiro,,1625210685.76,201112.00,18774711.79,12413742.84,31188454.63,True,True,0.02
2011,30723886,BANCO MODAL S.A.,B1,Banco Múltiplo,RJ,Privado nacional,,1496283372.69,201112.00,24470785.24,21913141.38,46383926.62,True,True,0.03
2011,90731688,BANCO FORD S.A.,B2,Banco Múltiplo,SP,Controle estrangeiro,,1486364753.03,201112.00,17496810.27,26557190.31,44054000.58,True,True,0.03
2011,C0050328,SOCOPA,B1,,SP,Privado nacional,,1426109553.02,201112.00,6226075.30,7143037.58,13369112.88,True,True,0.01
2011,C0051107,OPPORTUNITY,B1,,RJ,Privado nacional,,1424182392.98,201112.00,9322825.84,5975963.69,15298789.53,True,True,0.01
2011,C0051736,RODOBENS,B1,,SP,Privado nacional,,1400402751.15,201112.00,27589546.20,26485896.55,54075442.75,True,True,0.04
2011,03609817,BANCO CARGILL S.A.,B1,Banco Múltiplo,SP,Controle estrangeiro,,1392601777.77,201112.00,36345393.98,12899457.91,49244851.89,True,True,0.04
2011,C0051468,RENDIMENTO,B1,,SP,Privado nacional,,1261217537.99,201112.00,22884868.53,26617624.05,49502492.58,True,True,0.04
2011,33466988,BANCO CAIXA GERAL - BRASIL S.A.,B1,Banco Múltiplo,SP,Controle estrangeiro,,1223451213.16,201112.00,5405241.93,8815555.89,14220797.82,True,True,0.01
2011,28145829,BANCO DE DESENVOLVIMENTO DO ESPIRITO SANTO S.A.,B4,Banco de Desenvolvimento,ES,Público,,1033974728.01,201112.00,5536475.09,5472174.29,11008649.38,True,True,0.01
2011,31880826,BANCO GUANABARA S.A.,B1,Banco Múltiplo,RJ,Privado nacional,,1025060035.83,201112.00,11554905.04,6550100.16,18105005.20,True,True,0.02
2011,11417016,SCANIA BANCO S.A.,B2,Banco Múltiplo,SP,Controle estrangeiro,,972869771.96,201112.00,619157.14,-168779.44,450377.70,True,True,0.00
2011,00416968,BANCO INTERMEDIUM S/A,B1,Banco Múltiplo,MG,Privado nacional,,923472431.21,201112.00,3055244.53,9013685.25,12068929.78,True,True,0.01
2011,07441209,BANCO MONEO S.A.,B2,Banco Múltiplo,RS,Privado nacional,,743811127.13,201112.00,12017052.76,9631242.55,21648295.31,True,True,0.03
2011,C0050476,INTERCAP,B1,,SP,Privado nacional,,720270941.86,201112.00,295118.12,3511457.90,3806576.02,True,True,0.01
2011,C0050885,BRASCAN,B1,,RJ,Controle estrangeiro,,708557972.80,201112.00,-6897862.49,-6838759.11,-13736621.60,True,True,-0.02
2011,C0050201,MÁXIMA,B1,,RJ,Privado nacional,,703747962.18,201112.00,613923.74,5415279.49,6029203.23,True,True,0.01
2011,07656500,BANCO KDB DO BRASIL S.A.,B1,Banco Múltiplo,SP,Controle estrangeiro,,646450217.69,201112.00,5155699.34,346819.38,5502518.72,True,True,0.01
2011,61348538,BANCO FICSA S.A.,B1,Banco Múltiplo,SP,Privado nacional,,604544056.51,201112.00,-12985939.04,-20194030.72,-33179969.76,True,True,-0.05
2011,57839805,BANCO TRICURY S.A.,B2,Banco Múltiplo,SP,Privado nacional,,594678372.04,201112.00,17528704.07,14373665.50,31902369.57,True,True,0.05
2011,43818780,BANCO COMMERCIAL INVESTMENT TRUST DO BRASIL S.A. - BANCO MÚLTIPLO,B2,Banco Múltiplo,SP,Controle estrangeiro,,572355113.69,201112.00,6158277.02,6256579.60,12414856.62,True,True,0.02
2011,00795423,BANCO SEMEAR S.A.,B1,Banco Múltiplo,MG,Privado nacional,,478054209.24,201112.00,-14354383.19,-20561997.54,-34916380.73,True,True,-0.07
2011,C0050414,PROSPER,B1,,RJ,Privado nacional,,450907509.14,201112.00,-3831387.21,-140447119.06,-144278506.27,True,True,-0.32
2011,92874270,BANCO A.J. RENNER S.A.,B1,Banco Múltiplo,RS,Privado nacional,,445080740.08,201112.00,3343587.64,4020035.03,7363622.67,True,True,0.02
2011,29030467,SCOTIABANK BRASIL S.A. BANCO MÚLTIPLO,B1,Banco Múltiplo,SP,Controle estrangeiro,,425093910.67,201112.00,-3990937.98,10530295.32,6539357.34,True,True,0.02
2011,59118133,BANCO LUSO BRASILEIRO S.A.,B1,Banco Múltiplo,SP,Privado nacional,,420452690.81,201112.00,-12511141.26,-12481928.16,-24993069.42,True,True,-0.06
2011,00517645,BANCO RIBEIRAO PRETO S.A.,B1,Banco Múltiplo,SP,Privado nacional,,406574224.67,201112.00,4162254.89,3629340.63,7791595.52,True,True,0.02
2011,61033106,BPN BRASIL BANCO MÚLTIPLO S.A.,B1,Banco Múltiplo,SP,Controle estrangeiro,,319798411.02,201112.00,-11987574.65,-26598836.44,-38586411.09,True,True,-0.12
2011,10371492,BANCO YAMAHA MOTOR DO BRASIL S.A.,B2,Banco Múltiplo,SP,Controle estrangeiro,,315038298.32,201112.00,283621.42,8032347.48,8315968.90,True,True,0.03
2011,C0050524,VR,B1,,SP,Privado nacional,,288480675.76,201112.00,4927386.20,-4480546.38,446839.82,True,True,0.00
2011,10664513,BANCO GERADOR S.A.,B1,Banco Múltiplo,PE,Privado nacional,,281099362.46,201112.00,1677335.22,-1204677.31,472657.91,True,True,0.00
2011,07679404,BANCO TOPÁZIO S.A.,B1,Banco Múltiplo,RS,Privado nacional,,275752177.51,201112.00,867793.15,1354914.64,2222707.79,True,True,0.01
2011,74828799,NBC BANK BRASIL S. A. - BANCO MÚLTIPLO,B1,Banco Múltiplo,RS,Controle estrangeiro,,270548599.49,201112.00,-1821593.15,-3448353.69,-5269946.84,True,True,-0.02
2011,33132044,BANCO CEDULA S.A.,B1,Banco Múltiplo,RJ,Privado nacional,,252001918.53,201112.00,2677563.98,-1290057.41,1387506.57,True,True,0.01
2011,10690848,BANCO DA CHINA BRASIL S.A.,B1,Banco Múltiplo,SP,Controle estrangeiro,,247672508.08,201112.00,735446.42,-122392.00,613054.42,True,True,0.00
2011,00997185,BANCO BM&F DE SERVIÇOS DE LIQUIDAÇÃO E CUSTÓDIA S.A.,B1,Banco Comercial,SP,Privado nacional,,232608546.89,201112.00,4031867.29,2808480.98,6840348.27,True,True,0.03
2011,02318507,BANCO KEB DO BRASIL S.A.,B1,Banco Comercial,SP,Controle estrangeiro,,201351196.56,201112.00,2019780.79,2363646.36,4383427.15,True,True,0.02
2011,C0051592,GERAÇÃO FUTURO,B2,,RS,Privado nacional,,192000879.90,201112.00,1572868.76,241173.71,1814042.47,True,True,0.01
2011,00253448,BANCO POTTENCIAL S.A.,B1,Banco Comercial,MG,Privado nacional,,185626532.97,201112.00,5111674.59,6490267.37,11601941.96,True,True,0.06
2011,27937333,BANCO BRJ S.A.,B2,Banco Múltiplo,RJ,Privado nacional,,181347001.06,201112.00,-755205.81,7976496.18,7221290.37,True,True,0.04
2011,09526594,BANCO VIPAL S.A.,B2,Banco Múltiplo,RS,Privado nacional,,171226555.17,201112.00,1003206.08,388628.21,1391834.29,True,True,0.01
2011,48795256,BANCO BRACCE S.A.,B1,Banco Múltiplo,SP,Controle estrangeiro,,166594827.91,201112.00,-9525934.17,11720821.27,2194887.10,True,True,0.01
2011,44189447,BANCO DE LA PROVINCIA DE BUENOS AIRES,B1,Banco Comercial Estrangeiro - Filial no país,SP,Controle estrangeiro,,163122746.18,201112.00,1697540.05,4297833.56,5995373.61,True,True,0.04
2011,C0051671,CONFIDENCE,B2,,SP,Privado nacional,,139464306.20,201112.00,834026.11,3057283.96,3891310.07,True,True,0.03
2011,78632767,BANCO OURINVEST S.A.,B2,Banco Múltiplo,SP,Privado nacional,,129991237.19,201112.00,5693663.60,8218942.23,13912605.83,True,True,0.11
2011,33042151,BANCO DE LA NACION ARGENTINA,B1,Banco Comercial Estrangeiro - Filial no país,SP,Controle estrangeiro,,126854744.09,201112.00,-363356.48,24067.85,-339288.63,True,True,-0.00
2011,09274232,NATIXIS BRASIL S.A. BANCO MÚLTIPLO,B1,Banco Múltiplo,SP,Controle estrangeiro,,116953605.77,201112.00,2146197.11,3706928.08,5853125.19,True,True,0.05
2011,45283173,BBVA BRASIL BANCO DE INVESTIMENTO S.A.,B2,Banco de Investimento,SP,Controle estrangeiro,,112766402.88,201112.00,2848313.72,4753086.33,7601400.05,True,True,0.07
2011,54403563,BANCO ARBI S.A.,B1,Banco Comercial,RJ,Privado nacional,,95442181.83,201112.00,-2773439.85,-857156.53,-3630596.38,True,True,-0.04
2011,11476673,BANCO RANDON S.A.,B1,Banco Múltiplo,RS,Privado nacional,,88390203.92,201112.00,-1021100.66,-220802.57,-1241903.23,True,True,-0.01
2011,03532415,BANCO CR2 S/A,B1,Banco Comercial,RJ,Privado nacional,,85300442.98,201112.00,-760857.33,-6481930.81,-7242788.14,True,True,-0.08
2011,51938876,BANCO DE LA REPUBLICA ORIENTAL DEL URUGUAY,B1,Banco Comercial Estrangeiro - Filial no país,SP,Controle estrangeiro,,56139407.84,201112.00,1141674.54,1920102.86,3061777.40,True,True,0.05
2011,C0051767,WESTERN UNION,B1,,SP,Controle estrangeiro,,55317346.54,201112.00,1114526.53,-4416324.95,-3301798.42,True,True,-0.06
2011,09391857,BANCO AZTECA DO BRASIL S.A.,B1,Banco Múltiplo,PE,Controle estrangeiro,,50737537.03,201112.00,-2294589.91,-1783540.03,-4078129.94,True,True,-0.08
2011,40429946,BANCO PORTO REAL DE INVESTIMENTOS S.A,B2,Banco de Investimento,RJ,Privado nacional,,47834596.33,201112.00,1347914.36,928281.12,2276195.48,True,True,0.05
2011,15173776,BANCO CAPITAL S.A.,B1,Banco Múltiplo,BA,Privado nacional,,42014123.98,201112.00,258097.02,-269279.31,-11182.29,True,True,-0.00
2011,C0051743,DIDIER LEVY,B2,,SP,Privado nacional,,40410338.60,201112.00,-1950817.39,470659.11,-1480158.28,True,True,-0.04
2011,80271455,BANCO MAXINVEST S.A.,B2,Banco Múltiplo,PR,Privado nacional,,36544404.33,201112.00,898127.42,1120570.90,2018698.32,True,True,0.06
2011,C0051688,PETRA,B1,,PR,Privado nacional,,23427485.71,201112.00,-403377.97,-2619959.70,-3023337.67,True,True,-0.13
2011,33588252,BANCO INDUSCRED DE INVESTIMENTO S.A.,B2,Banco de Investimento,SP,Privado nacional,,22077587.71,201112.00,-1103096.86,605069.07,-498027.79,True,True,-0.02
2011,C0050191,SCHAHIN,B1,,SP,Privado nacional,,,,-137841150.79,,-137841150.79,False,True,
2011,C0051114,CREDIBEL,B1,,SP,Privado nacional,,,,-33479028.93,,-33479028.93,False,True,
2012,C0049906,BB,B1,,DF,Público,,1030020814799.69,201212.00,5630698141.28,6835221566.04,12465919707.32,True,True,0.01
2012,C0010069,ITAU,B1,,SP,Privado nacional,,951222532739.46,201212.00,6713873028.96,6948885653.33,13662758682.29,True,True,0.01
2012,C0010045,BRADESCO,B1,,SP,Privado nacional,,755467473931.91,201212.00,5629363095.45,5763247413.20,11392610508.65,True,True,0.02
2012,00360305,CAIXA ECONOMICA FEDERAL,B1,Caixa Econômica Federal,DF,Público,,702939665970.56,201212.00,2846348498.65,3219706246.04,6066054744.69,True,True,0.01
2012,33657248,BANCO NACIONAL DE DESENVOLVIMENTO ECONOMICO E SOCIAL,B4,BNDES,RJ,Público,,693840197432.88,201212.00,2743512253.49,5439984326.72,8183496580.21,True,True,0.01
2012,C0030379,SANTANDER,B1,,SP,Controle estrangeiro,,458329043644.86,201212.00,1451324225.25,1347323993.38,2798648218.63,True,True,0.01
2012,C0051152,HSBC,B1,,PR,Controle estrangeiro,,127044415339.56,201212.00,602459688.36,622052038.30,1224511726.66,True,True,0.01
2012,C0051011,VOTORANTIM,B1,,SP,Privado nacional,,123408819177.35,201212.00,-1132161629.09,-855611766.39,-1987773395.48,True,True,-0.02
2012,C0010083,SAFRA,B1,,SP,Privado nacional,,111752866555.01,201212.00,596754762.04,684223173.60,1280977935.64,True,True,0.01
2012,C0049944,BTG PACTUAL,B1,,RJ,Privado nacional,,87878773303.35,201212.00,923512692.61,1100552241.90,2024064934.51,True,True,0.02
2012,C0030403,CITIBANK,B1,,SP,Controle estrangeiro,,61185315665.97,201212.00,470502333.01,266662519.33,737164852.34,True,True,0.01
2012,C0030173,BANRISUL,B1,,RS,Público,,46834050979.34,201212.00,419601812.04,399005976.36,818607788.40,True,True,0.02
2012,C0030771,CREDIT SUISSE,B1,,SP,Controle estrangeiro,,40307993083.26,201212.00,213017535.74,344864986.46,557882522.20,True,True,0.01
2012,C0020107,JP MORGAN CHASE,B1,,SP,Controle estrangeiro,,36551168856.83,201212.00,162639192.38,81629654.98,244268847.36,True,True,0.01
2012,07237373,BANCO DO NORDESTE DO BRASIL S.A.,B1,Banco Múltiplo,CE,Público,,31888887528.78,201212.00,246005811.43,262357492.39,508363303.82,True,True,0.02
2012,C0051183,DEUTSCHE,B1,,SP,Controle estrangeiro,,31371728799.21,201212.00,51026585.04,67809247.89,118835832.93,True,True,0.00
2012,59109165,BANCO VOLKSWAGEN S.A.,B2,Banco Múltiplo,SP,Controle estrangeiro,,25895096483.43,201212.00,33835684.73,24511814.83,58347499.56,True,True,0.00
2012,C0030290,BMG,B1,,MG,Privado nacional,,25876607699.98,201212.00,-279244242.32,-300766492.43,-580010734.75,True,True,-0.02
2012,C0051516,BNP PARIBAS,B1,,SP,Controle estrangeiro,,20715391268.58,201212.00,89229406.14,132395393.70,221624799.84,True,True,0.01
2012,01181521,BANCO COOPERATIVO SICREDI S.A.,B1,Banco Múltiplo Cooperativo,RS,Privado nacional,,19350955632.53,201212.00,22453719.06,12456729.85,34910448.91,True,True,0.00
2012,C0032119,BIC,B1,,SP,Privado nacional,,18333679560.40,201212.00,67247219.48,42869807.41,110117026.89,True,True,0.01
2012,C0031323,PANAMERICANO,B1,,SP,Privado nacional,,18331867639.56,201212.00,-322585050.23,-266421317.42,-589006367.65,True,True,-0.03
2012,C0051750,BANCOOB,B1,,DF,Privado nacional,,14854670166.91,201212.00,21953331.14,31064037.06,53017368.20,True,True,0.00
2012,C0051293,ALFA,B1,,SP,Privado nacional,,14813281128.89,201212.00,88226680.55,97998988.49,186225669.04,True,True,0.01
2012,C0041856,ABC-BRASIL,B1,,SP,Controle estrangeiro,,13489542538.60,201212.00,111923946.18,114694888.90,226618835.08,True,True,0.02
2012,C0020152,MERCANTIL DO BRASIL,B1,,MG,Privado nacional,,13407289406.75,201212.00,29511043.00,30788919.67,60299962.67,True,True,0.00
2012,01023570,BANCO RABOBANK INTERNATIONAL BRASIL S.A.,B1,Banco Múltiplo,SP,Controle estrangeiro,,13052486338.57,201212.00,96972982.24,95450744.32,192423726.56,True,True,0.01
2012,62232889,BANCO DAYCOVAL S.A.,B1,Banco Múltiplo,SP,Privado nacional,,13017368952.24,201212.00,176558395.91,180905863.00,357464258.91,True,True,0.03
2012,C0030159,BANESTES,B1,,ES,Público,,12392429974.94,201212.00,19553917.62,61840943.10,81394860.72,True,True,0.01
2012,C0031859,SOCIETE GENERALE,B1,,SP,Controle estrangeiro,,11733843750.84,201212.00,-133820149.63,-417687599.96,-551507749.59,True,True,-0.05
2012,C0051262,MERCEDES-BENZ,B2,,SP,Controle estrangeiro,,10763498727.97,201212.00,36319194.50,1394728.32,37713922.82,True,True,0.00
2012,C0049951,FIBRA,B1,,SP,Privado nacional,,10559342845.03,201212.00,6222559.75,-144151349.46,-137928789.71,True,True,-0.01
2012,04902979,BANCO DA AMAZONIA S.A.,B1,Banco Comercial,PA,Público,,10517797648.29,201212.00,108927275.18,57021183.11,165948458.29,True,True,0.02
2012,C0050304,PINE,B1,,SP,Privado nacional,,10408175654.05,201212.00,92069919.41,95383485.54,187453404.95,True,True,0.02
2012,C0051255,BOFA MERRILL LYNCH,B1,,SP,Controle estrangeiro,,9775944697.74,201212.00,58537585.64,44068185.48,102605771.12,True,True,0.01
2012,C0031976,BRB,B1,,DF,Público,,9428486556.57,201212.00,115069990.89,100318803.00,215388793.89,True,True,0.02
2012,59274605,BANCO GMAC S.A.,B2,Banco Múltiplo,SP,Controle estrangeiro,,9368752934.53,201212.00,26283937.86,26304138.83,52588076.69,True,True,0.01
2012,92816560,BANCO REGIONAL DE DESENVOLVIMENTO DO EXTREMO SUL,B4,Banco de Desenvolvimento,RS,Público,,9363452367.88,201212.00,31606707.24,51816125.22,83422832.46,True,True,0.01
2012,C0051413,MORGAN STANLEY,B1,,SP,Controle estrangeiro,,7833625635.17,201212.00,103609732.85,30073037.93,133682770.78,True,True,0.02
2012,C0051705,BARCLAYS,B1,,SP,Controle estrangeiro,,6989524554.52,201212.00,53935450.84,52780615.50,106716066.34,True,True,0.02
2012,C0051482,BES,B2,,SP,Controle estrangeiro,,6690610470.00,201212.00,22069947.82,9005927.40,31075875.22,True,True,0.00
2012,05040481,BANCO DE LAGE LANDEN BRASIL S.A.,B2,Banco Múltiplo,RS,Controle estrangeiro,,5633142435.57,201212.00,28840798.74,45140120.53,73980919.27,True,True,0.01
2012,60498557,BANCO DE TOKYO-MITSUBISHI UFJ BRASIL S.A.,B1,Banco Múltiplo,SP,Controle estrangeiro,,5631448652.83,201212.00,22306875.74,6922234.44,29229110.18,True,True,0.01
2012,31597552,BANCO CLASSICO S.A.,B1,Banco Múltiplo,RJ,Privado nacional,,5629765856.66,201212.00,52888852.70,101541440.78,154430293.48,True,True,0.03
2012,62237425,BANCO FIDIS S/A,B2,Banco Múltiplo,MG,Controle estrangeiro,,5404291332.53,201212.00,24212044.54,26888624.16,51100668.70,True,True,0.01
2012,C0031873,SOFISA,B1,,SP,Privado nacional,,4515768950.53,201212.00,15663874.88,10725359.37,26389234.25,True,True,0.01
2012,02992446,BANCO CNH CAPITAL S.A.,B2,Banco Múltiplo,PR,Controle estrangeiro,,4413935778.47,201212.00,74540542.99,89322218.72,163862761.71,True,True,0.04
2012,C0031244,RURAL,B1,,MG,Privado nacional,,4355477656.20,201212.00,-32889006.33,-59442945.57,-92331951.90,True,True,-0.02
2012,34270520,BANCO IBM S.A.,B2,Banco Múltiplo,RJ,Controle estrangeiro,,4265438292.46,201212.00,24180951.80,20643112.79,44824064.59,True,True,0.01
2012,C0050531,INDUSVAL,B1,,SP,Privado nacional,,4033744996.67,201212.00,7462150.99,6756682.67,14218833.66,True,True,0.00
2012,02658435,BANCO CATERPILLAR S.A.,B2,Banco Múltiplo,SP,Controle estrangeiro,,3787060614.67,201212.00,7423563.88,45275731.22,52699295.10,True,True,0.01
2012,C0030881,J.MALUCELLI,B1,,PR,Privado nacional,,3786552702.97,201212.00,65777502.59,130907968.68,196685471.27,True,True,0.05
2012,04913711,BANCO DO ESTADO DO PARÁ S.A.,B1,Banco Múltiplo,PA,Público,,3728257063.91,201212.00,45106025.15,83916460.72,129022485.87,True,True,0.03
2012,C0051334,TOYOTA,B2,,SP,Controle estrangeiro,,3675631601.38,201212.00,18596627.24,18639965.86,37236593.10,True,True,0.01
2012,38486817,BANCO DE DESENVOLVIMENTO DE MINAS GERAIS S.A.-BDMG,B4,Banco de Desenvolvimento,MG,Público,,3611582049.94,201212.00,32862014.17,38492438.19,71354452.36,True,True,0.02
2012,C0050706,BONSUCESSO,B1,,MG,Privado nacional,,3341421741.40,201212.00,10071657.39,15392344.82,25464002.21,True,True,0.01
2012,C0051365,PSA FINANCE,B2,,SP,Controle estrangeiro,,3289168198.88,201212.00,39946585.98,35821224.15,75767810.13,True,True,0.02
2012,C0051073,ING,B1,,SP,Controle estrangeiro,,3279426070.41,201212.00,30322666.98,29943547.76,60266214.74,True,True,0.02
2012,C0050071,JOHN DEERE,B1,,SP,Controle estrangeiro,,3226199218.97,201212.00,38076726.46,28046528.92,66123255.38,True,True,0.02
2012,58017179,BANCO VOLVO BRASIL S.A.,B2,Banco Múltiplo,PR,Controle estrangeiro,,3220558112.97,201212.00,13443132.63,22866268.24,36309400.87,True,True,0.01
2012,C0051781,ORIGINAL,B1,,RS,Privado nacional,,3195791225.22,201212.00,168076661.08,-16777061.07,151299600.01,True,True,0.05
2012,08357240,BANCO CSF S.A.,B2,Banco Múltiplo,SP,Controle estrangeiro,,3136441023.69,201212.00,59533257.58,118833654.40,178366911.98,True,True,0.06
2012,13009717,BANCO DO ESTADO DE SERGIPE S.A.,B1,Banco Múltiplo,SE,Público,,2942072972.11,201212.00,39932591.02,48058385.45,87990976.47,True,True,0.03
2012,C0051066,CREDIT AGRICOLE,B1,,SP,Controle estrangeiro,,2907279018.98,201212.00,242673.49,1379248.97,1621922.46,True,True,0.00
2012,C0051585,GOLDMAN SACHS,B2,,SP,Controle estrangeiro,,2900170685.64,201212.00,-99083694.63,10182478.25,-88901216.38,True,True,-0.03
2012,C0030207,BBM,B1,,BA,Privado nacional,,2704908645.28,201212.00,21631815.04,21762852.55,43394667.59,True,True,0.02
2012,C0050988,INDUSTRIAL DO BRASIL,B1,,SP,Privado nacional,,2641678680.59,201212.00,15806817.58,28640305.73,44447123.31,True,True,0.02
2012,60518222,BANCO SUMITOMO MITSUI BRASILEIRO S.A.,B1,Banco Múltiplo,SP,Controle estrangeiro,,2572723531.29,201212.00,99608331.20,23027104.54,122635435.74,True,True,0.05
2012,C0051396,HONDA,B2,,SP,Controle estrangeiro,,2305829760.80,201212.00,32059386.89,29678853.60,61738240.49,True,True,0.03
2012,03609817,BANCO CARGILL S.A.,B1,Banco Múltiplo,SP,Controle estrangeiro,,1995058924.77,201212.00,3211494.84,31468212.13,34679706.97,True,True,0.02
2012,C0051736,RODOBENS,B1,,SP,Privado nacional,,1942039783.70,201212.00,22034366.84,30794810.85,52829177.69,True,True,0.03
2012,C0051554,WESTLB,B1,,SP,Controle estrangeiro,,1831567362.56,201212.00,11178475.52,13999920.11,25178395.63,True,True,0.01
2012,17351180,BANCO TRIANGULO S.A.,B1,Banco Múltiplo,MG,Privado nacional,,1737326745.54,201212.00,11377498.42,14305288.08,25682786.50,True,True,0.01
2012,C0020255,BANIF,B1,,SP,Controle estrangeiro,,1733535892.05,201212.00,-51030213.28,-81817412.47,-132847625.75,True,True,-0.08
2012,C0051468,RENDIMENTO,B1,,SP,Privado nacional,,1593132182.99,201212.00,23116058.53,23579297.26,46695355.79,True,True,0.03
2012,C0051815,CAIXA GERAL,B1,,SP,Controle estrangeiro,,1514721736.42,201212.00,6433774.03,3892578.72,10326352.75,True,True,0.01
2012,11417016,SCANIA BANCO S.A.,B2,Banco Múltiplo,SP,Controle estrangeiro,,1493399495.91,201212.00,-2609684.36,-2712208.16,-5321892.52,True,True,-0.00
2012,04866275,BANCO STANDARD DE INVESTIMENTOS S.A.,B2,Banco de Investimento,SP,Controle estrangeiro,,1486627188.17,201212.00,-18822907.48,-47447318.14,-66270225.62,True,True,-0.04
2012,11932017,STANDARD CHARTERED BANK (BRASIL) S.A. - BANCO DE INVESTIMENTO,B2,Banco de Investimento,SP,Controle estrangeiro,,1454586930.97,201212.00,2834816.58,3984887.05,6819703.63,True,True,0.00
2012,C0050328,SOCOPA,B1,,SP,Privado nacional,,1366613543.49,201212.00,8520851.86,22639127.07,31159978.93,True,True,0.02
2012,30723886,BANCO MODAL S.A.,B1,Banco Múltiplo,RJ,Privado nacional,,1284993864.05,201212.00,15281163.14,9858306.52,25139469.66,True,True,0.02
2012,28145829,BANCO DE DESENVOLVIMENTO DO ESPIRITO SANTO S.A.,B4,Banco de Desenvolvimento,ES,Público,,1259687161.40,201212.00,52296.89,4229957.62,4282254.51,True,True,0.00
2012,C0050122,FATOR,B1,,SP,Privado nacional,,1240095667.07,201212.00,16350300.46,3096072.63,19446373.09,True,True,0.02
2012,00416968,BANCO INTERMEDIUM S/A,B1,Banco Múltiplo,MG,Privado nacional,,1225049288.70,201212.00,6958166.16,9283338.63,16241504.79,True,True,0.01
2012,90731688,BANCO FORD S.A.,B2,Banco Múltiplo,SP,Controle estrangeiro,,1128479943.06,201212.00,23117404.13,15377848.59,38495252.72,True,True,0.03
2012,07656500,BANCO KDB DO BRASIL S.A.,B1,Banco Múltiplo,SP,Controle estrangeiro,,1009660648.05,201212.00,34305.43,3601602.84,3635908.27,True,True,0.00
2012,31880826,BANCO GUANABARA S.A.,B1,Banco Múltiplo,RJ,Privado nacional,,1002941276.26,201212.00,-5735187.75,1548088.96,-4187098.79,True,True,-0.00
2012,C0050476,INTERCAP,B1,,SP,Privado nacional,,891144269.81,201212.00,-4050480.58,1152426.36,-2898054.22,True,True,-0.00
2012,07441209,BANCO MONEO S.A.,B2,Banco Múltiplo,RS,Privado nacional,,799481599.92,201212.00,9700593.23,13087781.67,22788374.90,True,True,0.03
2012,61348538,BANCO FICSA S.A.,B1,Banco Múltiplo,SP,Privado nacional,,766464505.52,201212.00,-26473919.75,-13797394.05,-40271313.80,True,True,-0.05
2012,57839805,BANCO TRICURY S.A.,B2,Banco Múltiplo,SP,Privado nacional,,695623731.26,201212.00,13374952.04,14444625.60,27819577.64,True,True,0.04
2012,43818780,BANCO COMMERCIAL INVESTMENT TRUST DO BRASIL S.A. - BANCO MÚLTIPLO,B2,Banco Múltiplo,SP,Controle estrangeiro,,670997690.95,201212.00,8328220.41,2574042.47,10902262.88,True,True,0.02
2012,92874270,BANCO A.J. RENNER S.A.,B1,Banco Múltiplo,RS,Privado nacional,,534807439.41,201212.00,3158115.88,8348778.58,11506894.46,True,True,0.02
2012,59118133,BANCO LUSO BRASILEIRO S.A.,B1,Banco Múltiplo,SP,Privado nacional,,524812100.92,201212.00,-5373918.42,241061.43,-5132856.99,True,True,-0.01
2012,29030467,SCOTIABANK BRASIL S.A. BANCO MÚLTIPLO,B1,Banco Múltiplo,SP,Controle estrangeiro,,519407780.04,201212.00,-4988944.03,3244958.13,-1743985.90,True,True,-0.00
2012,C0050201,MÁXIMA,B1,,RJ,Privado nacional,,515109757.90,201212.00,-4033268.21,-1261968.78,-5295236.99,True,True,-0.01
2012,10690848,BANCO DA CHINA BRASIL S.A.,B1,Banco Múltiplo,SP,Controle estrangeiro,,505897819.75,201212.00,906902.64,-7406912.62,-6500009.98,True,True,-0.01
2012,02318507,BANCO KEB DO BRASIL S.A.,B1,Banco Comercial,SP,Controle estrangeiro,,472752550.84,201212.00,4376541.55,2357906.20,6734447.75,True,True,0.01
2012,10371492,BANCO YAMAHA MOTOR DO BRASIL S.A.,B2,Banco Múltiplo,SP,Controle estrangeiro,,401420395.91,201212.00,1270254.73,4559849.33,5830104.06,True,True,0.01
2012,00795423,BANCO SEMEAR S.A.,B1,Banco Múltiplo,MG,Privado nacional,,379330003.42,201212.00,-29205300.79,6154249.62,-23051051.17,True,True,-0.06
2012,10664513,BANCO GERADOR S.A.,B1,Banco Múltiplo,PE,Privado nacional,,327073226.68,201212.00,-1357214.97,-3581872.70,-4939087.67,True,True,-0.02
2012,00997185,BANCO BM&FBOVESPA DE SERVIÇOS DE LIQUIDAÇÃO E CUSTÓDIA S.A.,B1,Banco Comercial,SP,Privado nacional,,304908019.13,201212.00,2977977.60,2508662.49,5486640.09,True,True,0.02
2012,C0050524,VR,B1,,SP,Privado nacional,,269385557.93,201212.00,1949381.25,-139879.62,1809501.63,True,True,0.01
2012,00517645,BANCO RIBEIRAO PRETO S.A.,B1,Banco Múltiplo,SP,Privado nacional,,269180112.33,201212.00,2822037.06,2465201.22,5287238.28,True,True,0.02
2012,33132044,BANCO CEDULA S.A.,B1,Banco Múltiplo,RJ,Privado nacional,,245737164.36,201212.00,-1042460.29,5423712.20,4381251.91,True,True,0.02
2012,74828799,NBC BANK BRASIL S. A. - BANCO MÚLTIPLO,B1,Banco Múltiplo,RS,Controle estrangeiro,,241272347.14,201212.00,-2695030.31,-4232865.30,-6927895.61,True,True,-0.03
2012,61033106,BPN BRASIL BANCO MÚLTIPLO S.A.,B1,Banco Múltiplo,SP,Controle estrangeiro,,225756030.80,201212.00,-15003578.75,-3839338.05,-18842916.80,True,True,-0.08
2012,07679404,BANCO TOPÁZIO S.A.,B1,Banco Múltiplo,RS,Privado nacional,,223399627.63,201212.00,2022644.53,-432237.05,1590407.48,True,True,0.01
2012,C0051107,OPPORTUNITY,B1,,RJ,Privado nacional,,207659211.77,201212.00,2381280.76,9394071.02,11775351.78,True,True,0.06
2012,11476673,BANCO RANDON S.A.,B1,Banco Múltiplo,RS,Privado nacional,,206334801.12,201212.00,-333795.58,575078.29,241282.71,True,True,0.00
2012,17453575,ICBC DO BRASIL BANCO MÚLTIPLO S.A.,B1,Banco Múltiplo,SP,Controle estrangeiro,,205739152.25,201212.00,,2382546.85,2382546.85,False,True,0.01
2012,C0051671,CONFIDENCE,B2,,SP,Privado nacional,,204992253.38,201212.00,3053153.41,11220752.50,14273905.91,True,True,0.07
2012,00253448,BANCO POTTENCIAL S.A.,B1,Banco Comercial,MG,Privado nacional,,180949322.68,201212.00,3493585.79,4303458.59,7797044.38,True,True,0.04
2012,27937333,BANCO BRJ S.A.,B2,Banco Múltiplo,RJ,Privado nacional,,170309334.28,201212.00,-11091624.95,743715.08,-10347909.87,True,True,-0.06
2012,09526594,BANCO VIPAL S.A.,B2,Banco Múltiplo,RS,Privado nacional,,157973171.74,201212.00,-7829126.99,383491.53,-7445635.46,True,True,-0.05
2012,78632767,BANCO OURINVEST S.A.,B2,Banco Múltiplo,SP,Privado nacional,,157272404.02,201212.00,713071.03,5380659.72,6093730.75,True,True,0.04
2012,44189447,BANCO DE LA PROVINCIA DE BUENOS AIRES,B1,Banco Comercial Estrangeiro - Filial no país,SP,Controle estrangeiro,,152838362.04,201212.00,8758496.68,-3139864.53,5618632.15,True,True,0.04
2012,48795256,BANCO BRACCE S.A.,B1,Banco Múltiplo,SP,Controle estrangeiro,,152377636.91,201212.00,-4683138.69,-3162587.81,-7845726.50,True,True,-0.05
2012,C0051822,BR PARTNERS,B2,,SP,Privado nacional,,148862468.17,201212.00,2277937.59,240534.38,2518471.97,True,True,0.02
2012,C0051808,BNY MELLON,B1,,RJ,Controle estrangeiro,,144649874.87,201212.00,7280070.76,4589831.67,11869902.43,True,True,0.08
2012,C0050885,BRASCAN,B1,,RJ,Controle estrangeiro,,134248231.53,201212.00,-7484269.62,-51826759.61,-59311029.23,True,True,-0.44
2012,09274232,NATIXIS BRASIL S.A. BANCO MÚLTIPLO,B1,Banco Múltiplo,SP,Controle estrangeiro,,123952754.13,201212.00,3352689.80,2352835.18,5705524.98,True,True,0.05
2012,45283173,BBVA BRASIL BANCO DE INVESTIMENTO S.A.,B2,Banco de Investimento,SP,Controle estrangeiro,,114359257.44,201212.00,3147961.77,696799.66,3844761.43,True,True,0.03
2012,33042151,BANCO DE LA NACION ARGENTINA,B1,Banco Comercial Estrangeiro - Filial no país,SP,Controle estrangeiro,,114207146.28,201212.00,-1074348.94,-885617.75,-1959966.69,True,True,-0.02
2012,C0051839,BRASIL PLURAL,B1,,RJ,Privado nacional,,106256697.72,201212.00,,-10055066.09,-10055066.09,False,True,-0.09
2012,C0051592,GERAÇÃO FUTURO,B2,,RS,Privado nacional,,104239095.15,201212.00,-3153254.45,2737250.68,-416003.77,True,True,-0.00
2012,09391857,BANCO AZTECA DO BRASIL S.A.,B1,Banco Múltiplo,PE,Controle estrangeiro,,99314939.77,201212.00,182867.37,-14609.10,168258.27,True,True,0.00
2012,54403563,BANCO ARBI S.A.,B1,Banco Comercial,RJ,Privado nacional,,99199007.12,201212.00,-12378.48,861473.18,849094.70,True,True,0.01
2012,03532415,BANCO CR2 S/A,B1,Banco Comercial,RJ,Privado nacional,,69131774.51,201212.00,274332.19,-2666133.57,-2391801.38,True,True,-0.03
2012,51938876,BANCO DE LA REPUBLICA ORIENTAL DEL URUGUAY,B1,Banco Comercial Estrangeiro - Filial no país,SP,Controle estrangeiro,,57507765.35,201212.00,1495282.49,-89910.58,1405371.91,True,True,0.02
2012,C0051743,BEXS,B2,,SP,Privado nacional,,54921795.47,201212.00,-444998.57,116219.33,-328779.24,True,True,-0.01
2012,40429946,BANCO PORTO REAL DE INVESTIMENTOS S.A,B2,Banco de Investimento,RJ,Privado nacional,,54765674.02,201212.00,797523.15,915415.01,1712938.16,True,True,0.03
2012,C0051767,WESTERN UNION,B1,,SP,Controle estrangeiro,,52071842.01,201212.00,-6264971.87,-5253447.90,-11518419.77,True,True,-0.22
2012,15173776,BANCO CAPITAL S.A.,B1,Banco Múltiplo,BA,Privado nacional,,48559596.48,201212.00,-2405761.97,-73620.39,-2479382.36,True,True,-0.05
2012,15357060,BANCO WOORI BANK DO BRASIL S.A.,B1,Banco Múltiplo,SP,Controle estrangeiro,,42644693.56,201212.00,,-1330140.97,-1330140.97,False,True,-0.03
2012,80271455,BANCO MAXINVEST S.A.,B2,Banco Múltiplo,PR,Privado nacional,,30806606.45,201212.00,310105.94,247800.70,557906.64,True,True,0.02
2012,C0051688,PETRA,B1,,PR,Privado nacional,,23386263.62,201212.00,1058026.84,-140240.85,917785.99,True,True,0.04
2012,33588252,BANCO INDUSCRED DE INVESTIMENTO S.A.,B2,Banco de Investimento,SP,Privado nacional,,20606001.58,201212.00,-23810.04,-1129471.50,-1153281.54,True,True,-0.06
2012,32254138,BANCO BVA S.A.,B1,Banco Múltiplo,SP,Privado nacional,,,,-97345027.54,,-97345027.54,False,True,
2013,C0049906,BB,B1,,DF,Público,,1175217452607.00,201312.00,10120866923.80,5881780241.82,16002647165.62,True,True,0.01
2013,C0010069,ITAU,B1,,SP,Privado nacional,,1027324007515.54,201312.00,6166891371.44,7770988124.92,13937879496.36,True,True,0.01
2013,00360305,CAIXA ECONOMICA FEDERAL,B1,Caixa Econômica Federal,DF,Público,,858475356061.91,201312.00,3140602011.63,3582770038.32,6723372049.95,True,True,0.01
2013,C0010045,BRADESCO,B1,,SP,Privado nacional,,776724293761.88,201312.00,5878731148.88,6151489082.37,12030220231.25,True,True,0.02
2013,33657248,BANCO NACIONAL DE DESENVOLVIMENTO ECONOMICO E SOCIAL,B4,BNDES,RJ,Público,,762953108890.34,201312.00,3261494128.36,4888773471.42,8150267599.78,True,True,0.01
2013,C0030379,SANTANDER,B1,,SP,Controle estrangeiro,,495443913276.66,201312.00,1170839173.56,1075563736.31,2246402909.87,True,True,0.00
2013,C0051152,HSBC,B1,,PR,Controle estrangeiro,,159948238801.55,201312.00,454641031.35,-43214959.34,411426072.01,True,True,0.00
2013,C0010083,SAFRA,B1,,SP,Privado nacional,,130111583907.02,201312.00,598483558.81,760238186.78,1358721745.59,True,True,0.01
2013,C0049944,BTG PACTUAL,B1,,RJ,Privado nacional,,115901631226.54,201312.00,1224796383.39,1418170829.35,2642967212.74,True,True,0.02
2013,C0051011,VOTORANTIM,B1,,SP,Privado nacional,,106975087801.69,201312.00,-474150987.86,-37925244.56,-512076232.42,True,True,-0.00
2013,C0030403,CITIBANK,B1,,SP,Controle estrangeiro,,54297354830.14,201312.00,438944105.52,198822363.40,637766468.92,True,True,0.01
2013,C0030173,BANRISUL,B1,,RS,Público,,53114487940.76,201312.00,419689303.03,371919340.61,791608643.64,True,True,0.01
2013,07237373,BANCO DO NORDESTE DO BRASIL S.A.,B1,Banco Múltiplo,CE,Público,,33817502521.19,201312.00,200027941.89,160328922.47,360356864.36,True,True,0.01
2013,C0030771,CREDIT SUISSE,B1,,SP,Controle estrangeiro,,32393809415.96,201312.00,211279663.81,289956912.74,501236576.55,True,True,0.02
2013,C0020107,JP MORGAN CHASE,B1,,SP,Controle estrangeiro,,29953775903.87,201312.00,24854769.21,44389566.16,69244335.37,True,True,0.00
2013,C0030290,BMG,B1,,SP,Privado nacional,,28140779043.31,201312.00,343906074.93,84606386.76,428512461.69,True,True,0.02
2013,59109165,BANCO VOLKSWAGEN S.A.,B2,Banco Múltiplo,SP,Controle estrangeiro,,27451351897.44,201312.00,102399393.78,62745081.79,165144475.57,True,True,0.01
2013,01181521,BANCO COOPERATIVO SICREDI S.A.,B1,Banco Múltiplo Cooperativo,RS,Privado nacional,,23812777631.84,201312.00,22005458.38,24539971.02,46545429.40,True,True,0.00
2013,C0051183,DEUTSCHE,B1,,SP,Controle estrangeiro,,22207578958.11,201312.00,35086253.07,132797735.78,167883988.85,True,True,0.01
2013,C0031323,PANAMERICANO,B1,,SP,Privado nacional,,21725860256.74,201312.00,-20068472.66,-237961446.09,-258029918.75,True,True,-0.01
2013,C0051516,BNP PARIBAS,B1,,SP,Controle estrangeiro,,20932554563.72,201312.00,111686067.36,93424904.82,205110972.18,True,True,0.01
2013,C0051750,BANCOOB,B1,,DF,Privado nacional,,18119802723.95,201312.00,28634153.45,18249001.91,46883155.36,True,True,0.00
2013,C0041856,ABC-BRASIL,B1,,SP,Controle estrangeiro,,17267769208.41,201312.00,124767366.55,143495658.02,268263024.57,True,True,0.02
2013,C0032119,BIC,B1,,SP,Privado nacional,,15606885607.48,201312.00,17812790.61,44709855.03,62522645.64,True,True,0.00
2013,01023570,BANCO RABOBANK INTERNATIONAL BRASIL S.A.,B1,Banco Múltiplo,SP,Controle estrangeiro,,15323393135.30,201312.00,47558726.30,88528312.04,136087038.34,True,True,0.01
2013,62232889,BANCO DAYCOVAL S.A.,B1,Banco Múltiplo,SP,Privado nacional,,14940277707.04,201312.00,126768234.23,107036236.58,233804470.81,True,True,0.02
2013,C0030159,BANESTES,B1,,ES,Público,,14007244258.04,201312.00,50057630.85,59886103.58,109943734.43,True,True,0.01
2013,C0051293,ALFA,B1,,SP,Privado nacional,,13839988277.23,201312.00,69264938.60,64779779.36,134044717.96,True,True,0.01
2013,C0020152,MERCANTIL DO BRASIL,B1,,MG,Privado nacional,,13510309399.10,201312.00,18150144.67,-11807306.34,6342838.33,True,True,0.00
2013,59274605,BANCO GMAC S.A.,B2,Banco Múltiplo,SP,Controle estrangeiro,,12997719888.68,201312.00,54529939.82,-2483934.64,52046005.18,True,True,0.00
2013,C0031859,SOCIETE GENERALE,B1,,SP,Controle estrangeiro,,12639667778.82,201312.00,-75555312.69,45814852.49,-29740460.20,True,True,-0.00
2013,C0051255,BOFA MERRILL LYNCH,B1,,SP,Controle estrangeiro,,12282941269.91,201312.00,44782238.07,73803985.66,118586223.73,True,True,0.01
2013,92816560,BANCO REGIONAL DE DESENVOLVIMENTO DO EXTREMO SUL,B4,Banco de Desenvolvimento,RS,Público,,11537431517.51,201312.00,45913651.07,108267951.42,154181602.49,True,True,0.01
2013,04902979,BANCO DA AMAZONIA S.A.,B1,Banco Comercial,PA,Público,,11330106829.15,201312.00,46196770.12,136300790.00,182497560.12,True,True,0.02
2013,C0031976,BRB,B1,,DF,Público,,11071653739.16,201312.00,113052621.66,55929858.05,168982479.71,True,True,0.02
2013,C0051262,MERCEDES-BENZ,B2,,SP,Controle estrangeiro,,10912845469.60,201312.00,-121298571.82,8873754.24,-112424817.58,True,True,-0.01
2013,C0050304,PINE,B1,,SP,Privado nacional,,10558749068.58,201312.00,84216042.62,77380319.90,161596362.52,True,True,0.02
2013,C0051413,MORGAN STANLEY,B1,,SP,Controle estrangeiro,,10173325256.30,201312.00,80780160.03,120112849.90,200893009.93,True,True,0.02
2013,C0051482,BES,B2,,SP,Controle estrangeiro,,8183029220.44,201312.00,14173473.00,26814633.16,40988106.16,True,True,0.01
2013,C0051705,BARCLAYS,B1,,SP,Controle estrangeiro,,6862556968.00,201312.00,1813274.47,78398575.10,80211849.57,True,True,0.01
2013,60498557,BANCO DE TOKYO-MITSUBISHI UFJ BRASIL S.A.,B1,Banco Múltiplo,SP,Controle estrangeiro,,6705972379.17,201312.00,19294489.59,25875031.58,45169521.17,True,True,0.01
2013,02992446,BANCO CNH CAPITAL S.A.,B2,Banco Múltiplo,PR,Controle estrangeiro,,6124687116.61,201312.00,92762853.46,111347587.35,204110440.81,True,True,0.03
2013,31597552,BANCO CLASSICO S.A.,B1,Banco Múltiplo,RJ,Privado nacional,,6000081567.26,201312.00,59379690.75,109572703.91,168952394.66,True,True,0.03
2013,05040481,BANCO DE LAGE LANDEN BRASIL S.A.,B2,Banco Múltiplo,RS,Controle estrangeiro,,5933458283.06,201312.00,43042099.95,38610471.79,81652571.74,True,True,0.01
2013,62237425,BANCO FIDIS S/A,B2,Banco Múltiplo,MG,Controle estrangeiro,,5931265472.38,201312.00,15518628.07,22481080.25,37999708.32,True,True,0.01
2013,34270520,BANCO IBM S.A.,B2,Banco Múltiplo,RJ,Controle estrangeiro,,5711964117.01,201312.00,9918089.69,8235533.25,18153622.94,True,True,0.00
2013,C0050531,INDUSVAL,B1,,SP,Privado nacional,,4950398771.77,201312.00,-112069918.32,-7948100.03,-120018018.35,True,True,-0.02
2013,38486817,BANCO DE DESENVOLVIMENTO DE MINAS GERAIS S.A.-BDMG,B4,Banco de Desenvolvimento,MG,Público,,4901052935.23,201312.00,22211991.99,105977740.63,128189732.62,True,True,0.03
2013,C0051585,GOLDMAN SACHS,B2,,SP,Controle estrangeiro,,4874342401.15,201312.00,-100318624.24,34323605.83,-65995018.41,True,True,-0.01
2013,03215790,BANCO TOYOTA DO BRASIL S.A.,B2,Banco Múltiplo,SP,Controle estrangeiro,,4593973136.75,201312.00,,31612658.76,31612658.76,False,True,0.01
2013,04913711,BANCO DO ESTADO DO PARÁ S.A.,B1,Banco Múltiplo,PA,Público,,4549551750.85,201312.00,60871655.35,79993386.01,140865041.36,True,True,0.03
2013,C0030881,J.MALUCELLI,B1,,PR,Privado nacional,,4393659863.64,201312.00,71596269.61,60948912.07,132545181.68,True,True,0.03
2013,C0031873,SOFISA,B1,,SP,Privado nacional,,4228159527.45,201312.00,888391.87,19624027.84,20512419.71,True,True,0.00
2013,C0050071,JOHN DEERE,B1,,SP,Controle estrangeiro,,4177354263.01,201312.00,51964373.84,28619259.44,80583633.28,True,True,0.02
2013,02658435,BANCO CATERPILLAR S.A.,B2,Banco Múltiplo,SP,Controle estrangeiro,,4103242414.60,201312.00,-3674020.07,12215111.08,8541091.01,True,True,0.00
2013,C0051073,ING,B1,,SP,Controle estrangeiro,,3933125184.30,201312.00,20438482.24,44562380.72,65000862.96,True,True,0.02
2013,08357240,BANCO CSF S.A.,B2,Banco Múltiplo,SP,Controle estrangeiro,,3886479961.11,201312.00,82536918.91,129565647.64,212102566.55,True,True,0.05
2013,60518222,BANCO SUMITOMO MITSUI BRASILEIRO S.A.,B1,Banco Múltiplo,SP,Controle estrangeiro,,3699396137.68,201312.00,14343927.09,15487702.57,29831629.66,True,True,0.01
2013,58017179,BANCO VOLVO BRASIL S.A.,B2,Banco Múltiplo,PR,Controle estrangeiro,,3519814224.48,201312.00,18229040.54,-7889336.22,10339704.32,True,True,0.00
2013,C0051365,PSA FINANCE,B2,,SP,Controle estrangeiro,,3515612230.46,201312.00,20546284.08,49800288.17,70346572.25,True,True,0.02
2013,C0051066,CREDIT AGRICOLE,B1,,SP,Controle estrangeiro,,3507155000.52,201312.00,-5822817.72,5167957.07,-654860.65,True,True,-0.00
2013,13009717,BANCO DO ESTADO DE SERGIPE S.A.,B1,Banco Múltiplo,SE,Público,,3378124677.92,201312.00,32559740.51,25780438.18,58340178.69,True,True,0.02
2013,C0051396,HONDA,B2,,SP,Controle estrangeiro,,3370361637.06,201312.00,35283634.00,33480068.90,68763702.90,True,True,0.02
2013,C0051781,ORIGINAL,B1,,SP,Privado nacional,,3262864326.15,201312.00,27154168.85,39775734.43,66929903.28,True,True,0.02
2013,C0030207,BBM,B1,,BA,Privado nacional,,3232786025.26,201312.00,19108453.19,29490702.66,48599155.85,True,True,0.02
2013,C0050706,BONSUCESSO,B1,,MG,Privado nacional,,2914499658.32,201312.00,5537267.15,28908197.79,34445464.94,True,True,0.01
2013,C0050988,INDUSTRIAL DO BRASIL,B1,,SP,Privado nacional,,2198515937.16,201312.00,17170754.50,16304989.07,33475743.57,True,True,0.02
2013,C0051736,RODOBENS,B1,,SP,Privado nacional,,2134331154.87,201312.00,32383144.71,45153791.62,77536936.33,True,True,0.04
2013,11417016,SCANIA BANCO S.A.,B2,Banco Múltiplo,SP,Controle estrangeiro,,1928686218.10,201312.00,126340.47,-1080958.20,-954617.73,True,True,-0.00
2013,17351180,BANCO TRIANGULO S.A.,B1,Banco Múltiplo,MG,Privado nacional,,1845983224.12,201312.00,7617016.98,17938697.38,25555714.36,True,True,0.01
2013,03609817,BANCO CARGILL S.A.,B1,Banco Múltiplo,SP,Controle estrangeiro,,1824154191.89,201312.00,22312342.12,18024799.25,40337141.37,True,True,0.02
2013,90731688,BANCO FORD S.A.,B2,Banco Múltiplo,SP,Controle estrangeiro,,1680787076.90,201312.00,8775863.06,17900279.57,26676142.63,True,True,0.02
2013,28145829,BANCO DE DESENVOLVIMENTO DO ESPIRITO SANTO S.A.,B4,Banco de Desenvolvimento,ES,Público,,1560421619.02,201312.00,4679217.55,28669088.90,33348306.45,True,True,0.02
2013,C0051554,MIZUHO,B1,,SP,Controle estrangeiro,,1506341169.22,201312.00,6927876.02,-13877097.47,-6949221.45,True,True,-0.00
2013,C0051468,RENDIMENTO,B1,,SP,Privado nacional,,1446584377.30,201312.00,21432852.17,24637330.91,46070183.08,True,True,0.03
2013,C0051884,INTERMEDIUM,B1,,MG,Privado nacional,,1436015275.95,201312.00,9220769.38,7914502.49,17135271.87,True,True,0.01
2013,C0050122,FATOR,B1,,SP,Privado nacional,,1425067426.52,201312.00,-26036700.87,2369205.34,-23667495.53,True,True,-0.02
2013,C0050328,SOCOPA,B1,,SP,Privado nacional,,1368188750.43,201312.00,11627710.22,9217120.79,20844831.01,True,True,0.02
2013,C0051815,CAIXA GERAL,B1,,SP,Controle estrangeiro,,1348084742.71,201312.00,-9853589.11,-47742629.62,-57596218.73,True,True,-0.04
2013,30723886,BANCO MODAL S.A.,B1,Banco Múltiplo,RJ,Privado nacional,,1279326214.55,201312.00,-3952797.60,-7718584.69,-11671382.29,True,True,-0.01
2013,C0020255,BANIF,B1,,SP,Controle estrangeiro,,1194380928.76,201312.00,-346854457.15,-44393505.30,-391247962.45,True,True,-0.33
2013,31880826,BANCO GUANABARA S.A.,B1,Banco Múltiplo,RJ,Privado nacional,,1067918519.50,201312.00,6695368.17,3583065.10,10278433.27,True,True,0.01
2013,11932017,STANDARD CHARTERED BANK (BRASIL) S.A. - BANCO DE INVESTIMENTO,B2,Banco de Investimento,SP,Controle estrangeiro,,1065455410.24,201312.00,1248585.80,9713938.89,10962524.69,True,True,0.01
2013,07441209,BANCO MONEO S.A.,B2,Banco Múltiplo,RS,Privado nacional,,883351730.92,201312.00,8530738.36,4854938.82,13385677.18,True,True,0.02
2013,92874270,BANCO A.J. RENNER S.A.,B1,Banco Múltiplo,RS,Privado nacional,,815422106.47,201312.00,8765304.21,9189080.50,17954384.71,True,True,0.02
2013,29030467,SCOTIABANK BRASIL S.A. BANCO MÚLTIPLO,B1,Banco Múltiplo,SP,Controle estrangeiro,,770336399.22,201312.00,-21398944.29,3923487.89,-17475456.40,True,True,-0.02
2013,43818780,BANCO COMMERCIAL INVESTMENT TRUST DO BRASIL S.A. - BANCO MÚLTIPLO,B2,Banco Múltiplo,SP,Controle estrangeiro,,718067825.00,201312.00,679355.63,17924549.95,18603905.58,True,True,0.03
2013,57839805,BANCO TRICURY S.A.,B2,Banco Múltiplo,SP,Privado nacional,,665712667.01,201312.00,7887802.72,14829371.71,22717174.43,True,True,0.03
2013,07656500,BANCO KDB DO BRASIL S.A.,B1,Banco Múltiplo,SP,Controle estrangeiro,,650962577.38,201312.00,5021403.14,-222605851.16,-217584448.02,True,True,-0.33
2013,C0050201,MÁXIMA,B1,,RJ,Privado nacional,,529799974.15,201312.00,31259.73,-5815145.87,-5783886.14,True,True,-0.01
2013,59118133,BANCO LUSO BRASILEIRO S.A.,B1,Banco Múltiplo,SP,Privado nacional,,518482493.69,201312.00,875967.07,-63530530.42,-62654563.35,True,True,-0.12
2013,C0051839,BRASIL PLURAL,B1,,RJ,Privado nacional,,497517935.42,201312.00,978651.51,-9782003.56,-8803352.05,True,True,-0.02
2013,10371492,BANCO YAMAHA MOTOR DO BRASIL S.A.,B2,Banco Múltiplo,SP,Controle estrangeiro,,489897297.26,201312.00,5456777.07,6228233.53,11685010.60,True,True,0.02
2013,C0051808,BNY MELLON,B1,,RJ,Controle estrangeiro,,434783417.58,201312.00,3456945.62,14936269.72,18393215.34,True,True,0.04
2013,10690848,BANCO DA CHINA BRASIL S.A.,B1,Banco Múltiplo,SP,Controle estrangeiro,,433077954.75,201312.00,-914828.35,-13408636.57,-14323464.92,True,True,-0.03
2013,10664513,BANCO GERADOR S.A.,B1,Banco Múltiplo,PE,Privado nacional,,419116300.48,201312.00,-4216560.32,-11747973.77,-15964534.09,True,True,-0.04
2013,00997185,BANCO BM&FBOVESPA DE SERVIÇOS DE LIQUIDAÇÃO E CUSTÓDIA S.A.,B1,Banco Comercial,SP,Privado nacional,,407867663.27,201312.00,2208191.18,4462039.09,6670230.27,True,True,0.02
2013,11476673,BANCO RANDON S.A.,B1,Banco Múltiplo,RS,Privado nacional,,392843881.18,201312.00,1471369.66,2382552.99,3853922.65,True,True,0.01
2013,61348538,BANCO FICSA S.A.,B1,Banco Múltiplo,SP,Privado nacional,,385585146.74,201312.00,-12497566.72,-18469283.80,-30966850.52,True,True,-0.08
2013,00795423,BANCO SEMEAR S.A.,B1,Banco Múltiplo,MG,Privado nacional,,378532857.93,201312.00,3254248.18,-8945391.80,-5691143.62,True,True,-0.02
2013,02318507,BANCO KEB DO BRASIL S.A.,B1,Banco Comercial,SP,Controle estrangeiro,,359474699.60,201312.00,6492108.83,3494922.93,9987031.76,True,True,0.03
2013,15357060,BANCO WOORI BANK DO BRASIL S.A.,B1,Banco Múltiplo,SP,Controle estrangeiro,,341420800.59,201312.00,-925766.19,588197.31,-337568.88,True,True,-0.00
2013,17453575,ICBC DO BRASIL BANCO MÚLTIPLO S.A.,B1,Banco Múltiplo,SP,Controle estrangeiro,,325412969.32,201312.00,,-984438.70,-984438.70,False,True,-0.00
2013,C0051877,UBS,B2,,SP,Controle estrangeiro,,293167499.38,201312.00,6624503.26,-12417111.73,-5792608.47,True,True,-0.02
2013,07679404,BANCO TOPÁZIO S.A.,B1,Banco Múltiplo,RS,Privado nacional,,287737456.57,201312.00,-4698354.70,-4137812.65,-8836167.35,True,True,-0.03
2013,C0051671,CONFIDENCE,B2,,SP,Privado nacional,,273218437.10,201312.00,11062536.57,15867664.63,26930201.20,True,True,0.10
2013,74828799,NOVO BANCO CONTINENTAL S.A. - BANCO MÚLTIPLO,B1,Banco Múltiplo,RS,Controle estrangeiro,,270867947.23,201312.00,-3592603.81,-6287650.67,-9880254.48,True,True,-0.04
2013,03532415,BANCO ABN AMRO S.A.,B1,Banco Múltiplo,SP,Controle estrangeiro,,251272048.17,201312.00,-4501259.46,-3510595.62,-8011855.08,True,True,-0.03
2013,04866275,BANCO STANDARD DE INVESTIMENTOS S.A.,B2,Banco de Investimento,SP,Controle estrangeiro,,243162959.71,201312.00,-13439257.47,-16061206.16,-29500463.63,True,True,-0.12
2013,C0051901,OURINVEST,B2,,SP,Privado nacional,,232143736.95,201312.00,-2263134.12,-11327318.51,-13590452.63,True,True,-0.06
2013,33132044,BANCO CEDULA S.A.,B1,Banco Múltiplo,RJ,Privado nacional,,208941914.68,201312.00,-1301937.03,805288.62,-496648.41,True,True,-0.00
2013,00517645,BANCO RIBEIRAO PRETO S.A.,B1,Banco Múltiplo,SP,Privado nacional,,204622861.17,201312.00,-77536.73,424980.18,347443.45,True,True,0.00
2013,C0051822,BR PARTNERS,B2,,SP,Privado nacional,,199494318.13,201312.00,-16699743.65,16559656.28,-140087.37,True,True,-0.00
2013,C0051107,OPPORTUNITY,B2,,RJ,Privado nacional,,199324193.85,201312.00,709481.25,10804621.76,11514103.01,True,True,0.06
2013,C0050524,VR,B1,,SP,Privado nacional,,186357409.71,201312.00,-504014.86,-45054925.58,-45558940.44,True,True,-0.24
2013,27937333,BANCO BRJ S.A.,B2,Banco Múltiplo,RJ,Privado nacional,,180814544.84,201312.00,-185313.09,356821.84,171508.75,True,True,0.00
2013,61033106,BPN BRASIL BANCO MÚLTIPLO S.A.,B1,Banco Múltiplo,SP,Controle estrangeiro,,178298485.75,201312.00,-16765830.45,-8003717.88,-24769548.33,True,True,-0.14
2013,00253448,BANCO POTTENCIAL S.A.,B1,Banco Comercial,MG,Privado nacional,,159549748.59,201312.00,3055965.46,-9115897.71,-6059932.25,True,True,-0.04
2013,44189447,BANCO DE LA PROVINCIA DE BUENOS AIRES,B1,Banco Comercial Estrangeiro - Filial no país,SP,Controle estrangeiro,,140678010.59,201312.00,1907316.18,440503.31,2347819.49,True,True,0.02
2013,09274232,NATIXIS BRASIL S.A. BANCO MÚLTIPLO,B1,Banco Múltiplo,SP,Controle estrangeiro,,133349431.74,201312.00,4565893.47,6477620.43,11043513.90,True,True,0.08
2013,09526594,BANCO VIPAL S.A.,B2,Banco Múltiplo,RS,Privado nacional,,116222303.41,201312.00,925459.72,-1799016.88,-873557.16,True,True,-0.01
2013,09391857,BANCO AZTECA DO BRASIL S.A.,B1,Banco Múltiplo,PE,Controle estrangeiro,,114241055.85,201312.00,442412.98,-295388.38,147024.60,True,True,0.00
2013,45283173,BBVA BRASIL BANCO DE INVESTIMENTO S.A.,B2,Banco de Investimento,SP,Controle estrangeiro,,113226330.40,201312.00,-116134.41,-866498.47,-982632.88,True,True,-0.01
2013,48795256,BANCO BRACCE S.A.,B1,Banco Comercial,SP,Controle estrangeiro,,100421402.11,201312.00,-18909212.50,3160426.40,-15748786.10,True,True,-0.16
2013,54403563,BANCO ARBI S.A.,B1,Banco Comercial,RJ,Privado nacional,,86848016.18,201312.00,-439699.36,-1869484.99,-2309184.35,True,True,-0.03
2013,C0051767,WESTERN UNION,B1,,SP,Controle estrangeiro,,85549785.85,201312.00,-2770965.37,-2188360.32,-4959325.69,True,True,-0.06
2013,33042151,BANCO DE LA NACION ARGENTINA,B1,Banco Comercial Estrangeiro - Filial no país,SP,Controle estrangeiro,,85545573.03,201312.00,-3683881.49,-513769.46,-4197650.95,True,True,-0.05
2013,C0051743,BEXS,B2,,SP,Privado nacional,,80957067.37,201312.00,-39440.17,26071.00,-13369.17,True,True,-0.00
2013,51938876,BANCO DE LA REPUBLICA ORIENTAL DEL URUGUAY,B1,Banco Comercial Estrangeiro - Filial no país,SP,Controle estrangeiro,,65487642.30,201312.00,-432561.73,-694876.26,-1127437.99,True,True,-0.02
2013,40429946,BANCO PORTO REAL DE INVESTIMENTOS S.A,B2,Banco de Investimento,RJ,Privado nacional,,51528712.84,201312.00,936296.82,700413.94,1636710.76,True,True,0.03
2013,15173776,BANCO CAPITAL S.A.,B1,Banco Múltiplo,BA,Privado nacional,,44682736.79,201312.00,5703422.62,688755.98,6392178.60,True,True,0.14
2013,80271455,BANCO MAXINVEST S.A.,B2,Banco Múltiplo,PR,Privado nacional,,28781921.66,201312.00,208364.31,797158.76,1005523.07,True,True,0.03
2013,33588252,BANCO INDUSCRED DE INVESTIMENTO S.A.,B2,Banco de Investimento,SP,Privado nacional,,27039002.10,201312.00,-1243210.44,2201824.34,958613.90,True,True,0.04
2013,C0051688,PETRA,B1,,PR,Privado nacional,,19090973.83,201312.00,-1159.82,177142.76,175982.94,True,True,0.01
2013,C0031244,RURAL,B1,,MG,Privado nacional,,,,-232964171.94,,-232964171.94,False,True,
2013,C0049951,FIBRA,B1,,SP,Privado nacional,,,,-71373929.90,,-71373929.90,False,True,
2013,C0050476,INTERCAP,B1,,SP,Privado nacional,,,,653831.36,,653831.36,False,True,
2013,C0051334,TOYOTA,B2,,SP,Controle estrangeiro,,,,49688468.43,,49688468.43,False,True,
2014,C0049906,BB,B1,,DF,Público,,1288485170464.12,201412.00,5706040168.15,5833138881.70,11539179049.85,True,True,0.01
2014,C0010069,ITAU,B1,,SP,Privado nacional,,1117848196972.11,201412.00,8317679329.74,10311203961.81,18628883291.55,True,True,0.02
2014,00360305,CAIXA ECONOMICA FEDERAL,B1,Caixa Econômica Federal,DF,Público,,1064674795911.33,201412.00,3389467288.73,3702318162.57,7091785451.30,True,True,0.01
2014,C0010045,BRADESCO,B1,,SP,Privado nacional,,883438772550.37,201412.00,7234299860.10,7880303758.73,15114603618.83,True,True,0.02
2014,33657248,BANCO NACIONAL DE DESENVOLVIMENTO ECONOMICO E SOCIAL,B4,BNDES,RJ,Público,,871410177503.16,201412.00,5471485438.07,3122228317.76,8593713755.83,True,True,0.01
2014,C0030379,SANTANDER,B1,,SP,Controle estrangeiro,,598224807201.35,201412.00,1092942291.82,1218968515.61,2311910807.43,True,True,0.00
2014,C0051152,HSBC,B1,,PR,Controle estrangeiro,,167971558266.26,201412.00,-16295896.78,-532785341.59,-549081238.37,True,True,-0.00
2014,C0049944,BTG PACTUAL,B1,,RJ,Privado nacional,,154593401704.76,201412.00,1806773984.49,1561383977.83,3368157962.32,True,True,0.02
2014,C0010083,SAFRA,B1,,SP,Privado nacional,,140675131040.44,201412.00,716951637.66,830182869.59,1547134507.25,True,True,0.01
2014,C0051011,VOTORANTIM,B1,,SP,Privado nacional,,99106713526.65,201412.00,292437419.65,210009557.02,502446976.67,True,True,0.01
2014,C0030403,CITIBANK,B1,,SP,Controle estrangeiro,,60860588419.65,201412.00,107411778.75,17268248.17,124680026.92,True,True,0.00
2014,C0030173,BANRISUL,B1,,RS,Público,,58933772053.60,201412.00,227884152.46,463544696.50,691428848.96,True,True,0.01
2014,07237373,BANCO DO NORDESTE DO BRASIL S.A.,B1,Banco Múltiplo,CE,Público,,38204992323.28,201412.00,326012329.03,421337696.03,747350025.06,True,True,0.02
2014,C0020107,JP MORGAN CHASE,B1,,SP,Controle estrangeiro,,36444406317.97,201412.00,141530567.70,90991568.41,232522136.11,True,True,0.01
2014,C0051516,BNP PARIBAS,B1,,SP,Controle estrangeiro,,34587266894.04,201412.00,58481584.81,116395681.22,174877266.03,True,True,0.01
2014,C0030771,CREDIT SUISSE,B1,,SP,Controle estrangeiro,,30251097468.06,201412.00,50071878.62,46497835.02,96569713.64,True,True,0.00
2014,01181521,BANCO COOPERATIVO SICREDI S.A.,B1,Banco Múltiplo Cooperativo,RS,Privado nacional,,28929332935.52,201412.00,35954320.32,52893122.21,88847442.53,True,True,0.00
2014,C0051183,DEUTSCHE,B1,,SP,Controle estrangeiro,,27971057434.32,201412.00,9926097.48,139245381.95,149171479.43,True,True,0.01
2014,59109165,BANCO VOLKSWAGEN S.A.,B2,Banco Múltiplo,SP,Controle estrangeiro,,26051453572.29,201412.00,134464449.23,276211653.92,410676103.15,True,True,0.02
2014,C0031323,PAN,B1,,SP,Privado nacional,,25722545597.46,201412.00,-172444283.29,106107034.95,-66337248.34,True,True,-0.00
2014,C0051750,BANCOOB,B1,,DF,Privado nacional,,21889830542.38,201412.00,43085727.77,30787435.16,73873162.93,True,True,0.00
2014,C0041856,ABC-BRASIL,B1,,SP,Controle estrangeiro,,20745453019.15,201412.00,150474311.67,160172921.47,310647233.14,True,True,0.01
2014,62232889,BANCO DAYCOVAL S.A.,B1,Banco Múltiplo,SP,Privado nacional,,18919977915.73,201412.00,132628534.25,145516215.60,278144749.85,True,True,0.01
2014,C0031859,SOCIETE GENERALE,B1,,SP,Controle estrangeiro,,18522348848.09,201412.00,18631741.87,-7845880.98,10785860.89,True,True,0.00
2014,C0030290,BMG,B1,,SP,Privado nacional,,17011912249.13,201412.00,147275955.68,145662046.78,292938002.46,True,True,0.02
2014,01023570,BANCO RABOBANK INTERNATIONAL BRASIL S.A.,B1,Banco Múltiplo,SP,Controle estrangeiro,,16896410903.26,201412.00,71175371.99,108881152.58,180056524.57,True,True,0.01
2014,C0032119,BIC,B1,,SP,Controle estrangeiro,,15641508214.41,201412.00,-143191482.90,-591783646.46,-734975129.36,True,True,-0.05
2014,59274605,BANCO GMAC S.A.,B2,Banco Múltiplo,SP,Controle estrangeiro,,15366427152.73,201412.00,3695245.81,118496633.96,122191879.77,True,True,0.01
2014,C0030159,BANESTES,B1,,ES,Público,,14992117599.27,201412.00,67779663.52,65920817.43,133700480.95,True,True,0.01
2014,C0051293,ALFA,B1,,SP,Privado nacional,,14698863266.55,201412.00,56895935.69,59903438.43,116799374.12,True,True,0.01
2014,92816560,BANCO REGIONAL DE DESENVOLVIMENTO DO EXTREMO SUL,B4,Banco de Desenvolvimento,RS,Público,,13400342489.02,201412.00,124372996.96,87525933.29,211898930.25,True,True,0.02
2014,C0020152,MERCANTIL DO BRASIL,B1,,MG,Privado nacional,,13261618474.54,201412.00,-92621505.34,-75128525.74,-167750031.08,True,True,-0.01
2014,60498557,BANCO DE TOKYO-MITSUBISHI UFJ BRASIL S.A.,B1,Banco Múltiplo,SP,Controle estrangeiro,,13082521578.05,201412.00,21710196.15,17016450.94,38726647.09,True,True,0.00
2014,04902979,BANCO DA AMAZONIA S.A.,B1,Banco Comercial,PA,Público,,12418434210.14,201412.00,60111817.46,123188123.60,183299941.06,True,True,0.01
2014,C0031976,BRB,B1,,DF,Público,,12229693422.87,201412.00,82644355.10,45662472.16,128306827.26,True,True,0.01
2014,C0051413,MORGAN STANLEY,B1,,SP,Controle estrangeiro,,12100318485.29,201412.00,102392935.15,145602009.68,247994944.83,True,True,0.02
2014,C0051262,MERCEDES-BENZ,B2,,SP,Controle estrangeiro,,11465728576.01,201412.00,72569166.73,24227292.96,96796459.69,True,True,0.01
2014,C0050304,PINE,B1,,SP,Privado nacional,,10404184428.34,201412.00,70467651.29,23839476.92,94307128.21,True,True,0.01
2014,C0051255,BOFA MERRILL LYNCH,B1,,SP,Controle estrangeiro,,10301935303.78,201412.00,51667749.24,83459263.72,135127012.96,True,True,0.01
2014,34270520,BANCO IBM S.A.,B2,Banco Múltiplo,RJ,Controle estrangeiro,,7914613419.57,201412.00,33287448.13,-9968774.25,23318673.88,True,True,0.00
2014,02992446,BANCO CNH INDUSTRIAL CAPITAL S.A.,B2,Banco Múltiplo,PR,Controle estrangeiro,,7556612241.83,201412.00,78496812.93,120481820.42,198978633.35,True,True,0.03
2014,C0051066,CREDIT AGRICOLE,B1,,SP,Controle estrangeiro,,7352404018.65,201412.00,1561843.32,15513300.00,17075143.32,True,True,0.00
2014,58616418,BANCO FIBRA S.A.,B1,Banco Múltiplo,SP,Privado nacional,,7083477801.50,201412.00,-151811205.22,-246125217.06,-397936422.28,True,True,-0.06
2014,38486817,BANCO DE DESENVOLVIMENTO DE MINAS GERAIS S.A.-BDMG,B4,Banco de Desenvolvimento,MG,Público,,6452366438.97,201412.00,45364615.36,37032543.06,82397158.42,True,True,0.01
2014,C0051482,BES,B2,,SP,Controle estrangeiro,,6171256872.29,201412.00,25102104.13,-10603126.38,14498977.75,True,True,0.00
2014,C0051585,GOLDMAN SACHS,B2,,SP,Controle estrangeiro,,5966365906.27,201412.00,35121580.20,85331928.43,120453508.63,True,True,0.02
2014,C0051073,ING,B1,,SP,Controle estrangeiro,,5947839072.66,201412.00,21951720.08,31874782.15,53826502.23,True,True,0.01
2014,31597552,BANCO CLASSICO S.A.,B1,Banco Múltiplo,RJ,Privado nacional,,5794075951.00,201412.00,3300285.90,108643143.10,111943429.00,True,True,0.02
2014,05040481,BANCO DE LAGE LANDEN BRASIL S.A.,B2,Banco Múltiplo,RS,Controle estrangeiro,,5677056427.06,201412.00,42932812.18,36633419.90,79566232.08,True,True,0.01
2014,C0050071,JOHN DEERE,B1,,SP,Controle estrangeiro,,5656035423.34,201412.00,59213316.62,50835092.56,110048409.18,True,True,0.02
2014,C0030881,J.MALUCELLI,B1,,PR,Privado nacional,,5549678793.29,201412.00,74759049.63,54449296.71,129208346.34,True,True,0.02
2014,C0050531,INDUSVAL,B1,,SP,Privado nacional,,5532190456.67,201412.00,-8821259.98,3665854.76,-5155405.22,True,True,-0.00
2014,C0051705,BARCLAYS,B1,,SP,Controle estrangeiro,,5435454196.58,201412.00,32468480.27,28684725.74,61153206.01,True,True,0.01
2014,62237425,BANCO FIDIS S/A,B2,Banco Múltiplo,MG,Controle estrangeiro,,5379430924.16,201412.00,35877316.42,43300317.19,79177633.61,True,True,0.01
2014,03215790,BANCO TOYOTA DO BRASIL S.A.,B2,Banco Múltiplo,SP,Controle estrangeiro,,5376655238.72,201412.00,20287180.06,41199095.60,61486275.66,True,True,0.01
2014,04913711,BANCO DO ESTADO DO PARÁ S.A.,B1,Banco Múltiplo,PA,Público,,5032293043.50,201412.00,40524988.14,107539132.49,148064120.63,True,True,0.03
2014,C0051781,ORIGINAL,B1,,SP,Privado nacional,,4621026278.62,201412.00,24160418.97,49028819.32,73189238.29,True,True,0.02
2014,08357240,BANCO CSF S.A.,B2,Banco Múltiplo,SP,Controle estrangeiro,,4473956818.40,201412.00,186551771.32,226453790.40,413005561.72,True,True,0.09
2014,02658435,BANCO CATERPILLAR S.A.,B2,Banco Múltiplo,SP,Controle estrangeiro,,4408280625.88,201412.00,3514744.60,21663537.69,25178282.29,True,True,0.01
2014,58017179,BANCO VOLVO BRASIL S.A.,B2,Banco Múltiplo,PR,Controle estrangeiro,,4242546183.16,201412.00,33929097.93,26979670.04,60908767.97,True,True,0.01
2014,C0031873,SOFISA,B1,,SP,Privado nacional,,3958817903.14,201412.00,12025489.36,24035444.18,36060933.54,True,True,0.01
2014,60518222,BANCO SUMITOMO MITSUI BRASILEIRO S.A.,B1,Banco Múltiplo,SP,Controle estrangeiro,,3750751646.56,201412.00,23232573.69,19969944.06,43202517.75,True,True,0.01
2014,13009717,BANCO DO ESTADO DE SERGIPE S.A.,B1,Banco Múltiplo,SE,Público,,3727938428.55,201412.00,22124194.50,-15146548.15,6977646.35,True,True,0.00
2014,C0051396,HONDA,B2,,SP,Controle estrangeiro,,3590033171.18,201412.00,56314220.39,43849048.01,100163268.40,True,True,0.03
2014,C0050706,BONSUCESSO,B1,,MG,Privado nacional,,3407432127.86,201412.00,31366657.92,-16868122.26,14498535.66,True,True,0.00
2014,C0030207,BBM,B1,,BA,Privado nacional,,3112560876.55,201412.00,17296303.47,26286034.72,43582338.19,True,True,0.01
2014,C0051365,PSA FINANCE,B2,,SP,Controle estrangeiro,,2999089132.83,201412.00,39344260.78,30954332.78,70298593.56,True,True,0.02
2014,03609817,BANCO CARGILL S.A.,B1,Banco Múltiplo,SP,Controle estrangeiro,,2627376004.20,201412.00,31728819.11,26466812.20,58195631.31,True,True,0.02
2014,C0050988,INDUSTRIAL DO BRASIL,B1,,SP,Privado nacional,,2513100131.46,201412.00,23723343.59,16564859.53,40288203.12,True,True,0.02
2014,11417016,SCANIA BANCO S.A.,B2,Banco Múltiplo,SP,Controle estrangeiro,,2437718361.38,201412.00,17390750.03,2123044.93,19513794.96,True,True,0.01
2014,C0051554,MIZUHO,B1,,SP,Controle estrangeiro,,2316497462.48,201412.00,7245589.61,23515031.11,30760620.72,True,True,0.01
2014,33603457,BANCO RODOBENS S.A.,B1,Banco Múltiplo,SP,Privado nacional,,2211930256.22,201412.00,,47818126.93,47818126.93,False,True,0.02
2014,17351180,BANCO TRIANGULO S.A.,B1,Banco Múltiplo,MG,Privado nacional,,2132469607.00,201412.00,20754052.06,23331803.53,44085855.59,True,True,0.02
2014,11932017,STANDARD CHARTERED BANK (BRASIL) S.A. - BANCO DE INVESTIMENTO,B2,Banco de Investimento,SP,Controle estrangeiro,,2052900531.76,201412.00,4938447.57,5709304.33,10647751.90,True,True,0.01
2014,90731688,BANCO FORD S.A.,B2,Banco Múltiplo,SP,Controle estrangeiro,,1888736650.78,201412.00,27615746.12,24888131.97,52503878.09,True,True,0.03
2014,C0051884,INTERMEDIUM,B1,,MG,Privado nacional,,1851468212.65,201412.00,10586359.02,11320466.20,21906825.22,True,True,0.01
2014,C0050328,SOCOPA,B1,,SP,Privado nacional,,1710550524.02,201412.00,17862568.55,16630172.27,34492740.82,True,True,0.02
2014,30723886,BANCO MODAL S.A.,B1,Banco Múltiplo,RJ,Privado nacional,,1588622314.01,201412.00,-8937801.01,-237898.50,-9175699.51,True,True,-0.01
2014,C0051815,CAIXA GERAL,B1,,SP,Controle estrangeiro,,1583010345.05,201412.00,-6407052.85,-46750464.77,-53157517.62,True,True,-0.03
2014,29030467,SCOTIABANK BRASIL S.A. BANCO MÚLTIPLO,B1,Banco Múltiplo,SP,Controle estrangeiro,,1579647035.42,201412.00,4282076.38,6136986.05,10419062.43,True,True,0.01
2014,03532415,BANCO ABN AMRO S.A.,B1,Banco Múltiplo,SP,Controle estrangeiro,,1526411456.38,201412.00,-1878680.82,10175661.94,8296981.12,True,True,0.01
2014,28145829,BANCO DE DESENVOLVIMENTO DO ESPIRITO SANTO S.A.,B4,Banco de Desenvolvimento,ES,Público,,1516653992.59,201412.00,1085025.70,8882339.27,9967364.97,True,True,0.01
2014,C0050122,FATOR,B1,,SP,Privado nacional,,1446357700.17,201412.00,-8010652.69,-17589311.47,-25599964.16,True,True,-0.02
2014,C0051468,RENDIMENTO,B1,,SP,Privado nacional,,1433824130.85,201412.00,15709594.72,23587465.88,39297060.60,True,True,0.03
2014,C0020255,BANIF,B1,,SP,Controle estrangeiro,,1121413358.86,201412.00,5240438.83,2763123.12,8003561.95,True,True,0.01
2014,31880826,BANCO GUANABARA S.A.,B1,Banco Múltiplo,RJ,Privado nacional,,1087780800.53,201412.00,-2137502.60,15363438.40,13225935.80,True,True,0.01
2014,07441209,BANCO MONEO S.A.,B2,Banco Múltiplo,RS,Privado nacional,,952255153.71,201412.00,1569890.02,13080549.95,14650439.97,True,True,0.02
2014,C0051839,BRASIL PLURAL,B1,,RJ,Privado nacional,,862948424.71,201412.00,10311616.23,1700259.18,12011875.41,True,True,0.01
2014,17453575,ICBC DO BRASIL BANCO MÚLTIPLO S.A.,B1,Banco Múltiplo,SP,Controle estrangeiro,,798124867.46,201412.00,415700.57,690925.89,1106626.46,True,True,0.00
2014,92874270,BANCO A.J. RENNER S.A.,B1,Banco Múltiplo,RS,Privado nacional,,793202479.16,201412.00,5917602.97,13295719.44,19213322.41,True,True,0.02
2014,57839805,BANCO TRICURY S.A.,B2,Banco Múltiplo,SP,Privado nacional,,736707848.42,201412.00,10029077.49,16958926.21,26988003.70,True,True,0.04
2014,10690848,BANCO DA CHINA BRASIL S.A.,B1,Banco Múltiplo,SP,Controle estrangeiro,,695375065.15,201412.00,3558472.97,-35718764.20,-32160291.23,True,True,-0.05
2014,59118133,BANCO LUSO BRASILEIRO S.A.,B1,Banco Múltiplo,SP,Privado nacional,,657493564.50,201412.00,-3301517.63,3550366.57,248848.94,True,True,0.00
2014,C0050201,MÁXIMA,B1,,RJ,Privado nacional,,640956930.79,201412.00,6137098.07,-5167346.47,969751.60,True,True,0.00
2014,43818780,BANCO COMMERCIAL INVESTMENT TRUST DO BRASIL S.A. - BANCO MÚLTIPLO,B2,Banco Múltiplo,SP,Controle estrangeiro,,633752006.63,201412.00,8394468.67,8436152.94,16830621.61,True,True,0.03
2014,10371492,BANCO YAMAHA MOTOR DO BRASIL S.A.,B2,Banco Múltiplo,SP,Controle estrangeiro,,620079172.98,201412.00,3333776.98,12716906.28,16050683.26,True,True,0.03
2014,00795423,BANCO SEMEAR S.A.,B1,Banco Múltiplo,MG,Privado nacional,,534561778.74,201412.00,2156403.67,4806895.61,6963299.28,True,True,0.01
2014,07656500,BANCO KDB DO BRASIL S.A.,B1,Banco Múltiplo,SP,Controle estrangeiro,,524667433.75,201412.00,-2473767.04,6365077.20,3891310.16,True,True,0.01
2014,11476673,BANCO RANDON S.A.,B1,Banco Múltiplo,RS,Privado nacional,,503304432.78,201412.00,3546344.65,2820914.10,6367258.75,True,True,0.01
2014,02318507,BANCO KEB DO BRASIL S.A.,B1,Banco Comercial,SP,Controle estrangeiro,,465213836.90,201412.00,3951768.80,3485261.14,7437029.94,True,True,0.02
2014,15357060,BANCO WOORI BANK DO BRASIL S.A.,B1,Banco Múltiplo,SP,Controle estrangeiro,,397144126.46,201412.00,1712800.45,1980570.93,3693371.38,True,True,0.01
2014,07679404,BANCO TOPÁZIO S.A.,B1,Banco Múltiplo,RS,Privado nacional,,389544556.56,201412.00,-4665179.00,-6079942.91,-10745121.91,True,True,-0.03
2014,00517645,BANCO RIBEIRAO PRETO S.A.,B1,Banco Múltiplo,SP,Privado nacional,,337343452.89,201412.00,683938.45,2074889.88,2758828.33,True,True,0.01
2014,00997185,BANCO BM&FBOVESPA DE SERVIÇOS DE LIQUIDAÇÃO E CUSTÓDIA S.A.,B1,Banco Comercial,SP,Privado nacional,,324252197.90,201412.00,3272787.99,5092877.31,8365665.30,True,True,0.03
2014,74828799,NOVO BANCO CONTINENTAL S.A. - BANCO MÚLTIPLO,B1,Banco Múltiplo,RS,Controle estrangeiro,,319162989.89,201412.00,-3708882.57,-10054743.31,-13763625.88,True,True,-0.04
2014,C0051901,OURINVEST,B2,,SP,Privado nacional,,318498037.92,201412.00,-3429004.60,4933852.33,1504847.73,True,True,0.00
2014,10664513,BANCO GERADOR S.A.,B1,Banco Múltiplo,PE,Privado nacional,,291486554.50,201412.00,-11712254.88,-17290074.67,-29002329.55,True,True,-0.10
2014,C0051877,UBS,B2,,SP,Controle estrangeiro,,290834393.97,201412.00,-10402904.71,9268222.86,-1134681.85,True,True,-0.00
2014,C0051671,CONFIDENCE,B2,,SP,Privado nacional,,273671756.89,201412.00,13861769.16,12296246.30,26158015.46,True,True,0.10
2014,C0051822,BR PARTNERS,B2,,SP,Privado nacional,,253839230.92,201412.00,2152521.98,-1375781.35,776740.63,True,True,0.00
2014,61033106,BPN BRASIL BANCO MÚLTIPLO S.A.,B1,Banco Múltiplo,SP,Controle estrangeiro,,251244421.60,201412.00,-17348253.53,-7100981.40,-24449234.93,True,True,-0.10
2014,27937333,BANCO BRJ S.A.,B2,Banco Múltiplo,RJ,Privado nacional,,245047308.14,201412.00,36191582.83,-8562011.03,27629571.80,True,True,0.11
2014,C0051808,BNY MELLON,B1,,RJ,Controle estrangeiro,,220295674.28,201412.00,8336701.51,-1335362.95,7001338.56,True,True,0.03
2014,C0051107,OPPORTUNITY,B2,,RJ,Privado nacional,,199091063.44,201412.00,3568532.27,6550040.72,10118572.99,True,True,0.05
2014,C0050524,VR,B1,,SP,Privado nacional,,198338534.80,201412.00,230800.96,-2025306.70,-1794505.74,True,True,-0.01
2014,61348538,BANCO FICSA S.A.,B1,Banco Múltiplo,SP,Privado nacional,,196693968.41,201412.00,-101409535.65,4752776.64,-96656759.01,True,True,-0.49
2014,C0051767,WESTERN UNION,B1,,SP,Controle estrangeiro,,186586142.69,201412.00,1420365.23,2745240.47,4165605.70,True,True,0.02
2014,44189447,BANCO DE LA PROVINCIA DE BUENOS AIRES,B1,Banco Comercial Estrangeiro - Filial no país,SP,Controle estrangeiro,,179394634.74,201412.00,-1557202.53,4228969.88,2671767.35,True,True,0.01
2014,00253448,BANCO POTTENCIAL S.A.,B1,Banco Comercial,MG,Privado nacional,,178797046.86,201412.00,480541.38,-2632940.91,-2152399.53,True,True,-0.01
2014,33132044,BANCO CEDULA S.A.,B1,Banco Múltiplo,RJ,Privado nacional,,141587934.62,201412.00,-21691109.95,-2279911.49,-23971021.44,True,True,-0.17
2014,04866275,BANCO STANDARD DE INVESTIMENTOS S.A.,B2,Banco de Investimento,SP,Controle estrangeiro,,139566395.43,201412.00,1344896.91,-3633039.85,-2288142.94,True,True,-0.02
2014,33042151,BANCO DE LA NACION ARGENTINA,B1,Banco Comercial Estrangeiro - Filial no país,SP,Controle estrangeiro,,138580893.56,201412.00,-1652741.12,-277521.92,-1930263.04,True,True,-0.01
2014,09274232,NATIXIS BRASIL S.A. BANCO MÚLTIPLO,B1,Banco Múltiplo,SP,Controle estrangeiro,,138300900.61,201412.00,3741027.70,7335750.80,11076778.50,True,True,0.08
2014,09391857,BANCO AZTECA DO BRASIL S.A.,B1,Banco Múltiplo,PE,Controle estrangeiro,,130934925.36,201412.00,453954.47,-177721.37,276233.10,True,True,0.00
2014,45283173,BBVA BRASIL BANCO DE INVESTIMENTO S.A.,B2,Banco de Investimento,SP,Controle estrangeiro,,118289676.59,201412.00,4667606.90,1431275.21,6098882.11,True,True,0.05
2014,54403563,BANCO ARBI S.A.,B1,Banco Comercial,RJ,Privado nacional,,91133721.55,201412.00,-2041061.49,1712546.62,-328514.87,True,True,-0.00
2014,48795256,BANCO BRACCE S.A.,B1,Banco Comercial,SP,Controle estrangeiro,,87228665.30,201412.00,-536096.77,-12379323.46,-12915420.23,True,True,-0.15
2014,09526594,BANCO VIPAL S.A.,B2,Banco Múltiplo,RS,Privado nacional,,81224482.80,201412.00,-2645537.24,-5603073.06,-8248610.30,True,True,-0.10
2014,51938876,BANCO DE LA REPUBLICA ORIENTAL DEL URUGUAY,B1,Banco Comercial Estrangeiro - Filial no país,SP,Controle estrangeiro,,65711930.38,201412.00,-1437975.66,3060977.60,1623001.94,True,True,0.02
2014,40429946,BANCO PORTO REAL DE INVESTIMENTOS S.A,B2,Banco de Investimento,RJ,Privado nacional,,53066981.79,201412.00,1678651.64,-540965.12,1137686.52,True,True,0.02
2014,C0051688,PETRA,B1,,PR,Privado nacional,,52110005.75,201412.00,545226.13,2283886.72,2829112.85,True,True,0.05
2014,C0051743,BEXS,B2,,SP,Privado nacional,,49652787.38,201412.00,-344047.62,1845139.69,1501092.07,True,True,0.03
2014,15173776,BANCO CAPITAL S.A.,B1,Banco Múltiplo,BA,Privado nacional,,48638993.50,201412.00,-897312.59,-618752.22,-1516064.81,True,True,-0.03
2014,80271455,BANCO MAXINVEST S.A.,B2,Banco Múltiplo,PR,Privado nacional,,31159139.42,201412.00,773415.86,531574.16,1304990.02,True,True,0.04
2014,33588252,BANCO INDUSCRED DE INVESTIMENTO S.A.,B2,Banco de Investimento,SP,Privado nacional,,25283530.30,201412.00,769018.57,401487.59,1170506.16,True,True,0.05
2014,19307785,MSB BANK S.A. BANCO DE CÂMBIO,B2,Banco de Câmbio,PR,Privado nacional,,17323014.83,201412.00,137195.67,428440.20,565635.87,True,True,0.03
2014,C0051736,RODOBENS,B1,,SP,Privado nacional,,,,39516811.95,,39516811.95,False,True,
2015,C0049906,BB,B1,,DF,Público,,1398827787788.71,201512.00,8758945731.37,5672126456.19,14431072187.56,True,True,0.01
2015,C0010069,ITAU,B1,,SP,Privado nacional,,1285393163372.74,201512.00,11089205840.70,10938678413.02,22027884253.72,True,True,0.02
2015,00360305,CAIXA ECONOMICA FEDERAL,B1,Caixa Econômica Federal,DF,Público,,1203756044070.15,201512.00,2796606173.56,3045060122.89,5841666296.45,True,True,0.00
2015,33657248,BANCO NACIONAL DE DESENVOLVIMENTO ECONOMICO E SOCIAL,B4,BNDES,RJ,Público,,925858355526.02,201512.00,3514567561.32,2683958695.06,6198526256.38,True,True,0.01
2015,C0010045,BRADESCO,B1,,SP,Privado nacional,,905117499155.35,201512.00,8736546181.60,8499722875.70,17236269057.30,True,True,0.02
2015,C0030379,SANTANDER,B1,,SP,Controle estrangeiro,,681734678892.02,201512.00,4712729486.10,2458403510.24,7171132996.34,True,True,0.01
2015,C0049944,BTG PACTUAL,B1,,RJ,Privado nacional,,241695357456.48,201512.00,2231478465.09,3392021004.57,5623499469.66,True,True,0.02
2015,C0051152,HSBC,B1,,PR,Controle estrangeiro,,175058783806.12,201512.00,31807842.16,-785217990.18,-753410148.02,True,True,-0.00
2015,C0010083,SAFRA,B1,,SP,Privado nacional,,147616873619.09,201512.00,886969647.05,766615007.48,1653584654.53,True,True,0.01
2015,C0051011,VOTORANTIM,B1,,SP,Privado nacional,,110379914119.10,201512.00,267776092.47,213943345.34,481719437.81,True,True,0.00
2015,C0030403,CITIBANK,B1,,SP,Controle estrangeiro,,76046287723.52,201512.00,363486761.21,530737171.61,894223932.82,True,True,0.01
2015,C0030173,BANRISUL,B1,,RS,Público,,65769331015.60,201512.00,339931505.62,508841011.95,848772517.57,True,True,0.01
2015,C0051516,BNP PARIBAS,B1,,SP,Controle estrangeiro,,50025831061.28,201512.00,177411887.44,230600573.19,408012460.63,True,True,0.01
2015,07237373,BANCO DO NORDESTE DO BRASIL S.A.,B1,Banco Múltiplo,CE,Público,,41421934876.17,201512.00,158128232.11,147594647.06,305722879.17,True,True,0.01
2015,C0030771,CREDIT SUISSE,B1,,SP,Controle estrangeiro,,37717006640.00,201512.00,9253903.09,266283846.55,275537749.64,True,True,0.01
2015,C0020107,JP MORGAN CHASE,B1,,SP,Controle estrangeiro,,35395856055.33,201512.00,153216299.92,224404525.78,377620825.70,True,True,0.01
2015,01181521,BANCO COOPERATIVO SICREDI S.A.,B1,Banco Múltiplo Cooperativo,RS,Privado nacional,,31499152523.32,201512.00,65037443.90,51778652.72,116816096.62,True,True,0.00
2015,C0051183,DEUTSCHE,B1,,SP,Controle estrangeiro,,29256967651.77,201512.00,86497233.19,118729930.02,205227163.21,True,True,0.01
2015,C0031323,PAN,B1,,SP,Privado nacional,,26023873570.97,201512.00,-91955498.71,77969712.03,-13985786.68,True,True,-0.00
2015,C0051750,BANCOOB,B1,,DF,Privado nacional,,25013465201.98,201512.00,56533001.40,63219615.56,119752616.96,True,True,0.00
2015,C0041856,ABC-BRASIL,B1,,SP,Controle estrangeiro,,24240314058.29,201512.00,170355560.17,200555645.63,370911205.80,True,True,0.02
2015,59109165,BANCO VOLKSWAGEN S.A.,B2,Banco Múltiplo,SP,Controle estrangeiro,,23098689891.43,201512.00,161997889.11,268702466.57,430700355.68,True,True,0.02
2015,01023570,BANCO RABOBANK INTERNATIONAL BRASIL S.A.,B1,Banco Múltiplo,SP,Controle estrangeiro,,22595427639.78,201512.00,77573207.93,41368402.23,118941610.16,True,True,0.01
2015,C0051255,BOFA MERRILL LYNCH,B1,,SP,Controle estrangeiro,,22121625314.29,201512.00,106595177.70,115228323.01,221823500.71,True,True,0.01
2015,C0051987,DAYCOVAL,B1,,SP,Privado nacional,,22049028875.73,201512.00,4053734.79,251136836.32,255190571.11,True,True,0.01
2015,C0030159,BANESTES,B1,,ES,Público,,18026381958.67,201512.00,82372740.40,68488051.73,150860792.13,True,True,0.01
2015,C0031859,SOCIETE GENERALE,B1,,SP,Controle estrangeiro,,17919248319.99,201512.00,-165915055.87,-57520783.13,-223435839.00,True,True,-0.01
2015,C0030290,BMG,B1,,SP,Privado nacional,,17153173824.19,201512.00,69418973.53,119373006.36,188791979.89,True,True,0.01
2015,92816560,BANCO REGIONAL DE DESENVOLVIMENTO DO EXTREMO SUL,B4,Banco de Desenvolvimento,RS,Público,,14960512533.77,201512.00,98776889.80,164210760.53,262987650.33,True,True,0.02
2015,C0051413,MORGAN STANLEY,B1,,SP,Controle estrangeiro,,14714016956.71,201512.00,160969364.12,271076014.82,432045378.94,True,True,0.03
2015,59274605,BANCO GMAC S.A.,B2,Banco Múltiplo,SP,Controle estrangeiro,,14182849184.64,201512.00,101518317.14,137086261.66,238604578.80,True,True,0.02
2015,C0032119,CCB,B1,,SP,Controle estrangeiro,,14114479617.59,201512.00,-267987506.91,-223559271.99,-491546778.90,True,True,-0.03
2015,60498557,BANCO DE TOKYO-MITSUBISHI UFJ BRASIL S.A.,B1,Banco Múltiplo,SP,Controle estrangeiro,,13627452470.72,201512.00,34312340.80,84116147.71,118428488.51,True,True,0.01
2015,C0051293,ALFA,B1,,SP,Privado nacional,,13592730150.01,201512.00,62329306.78,63580177.23,125909484.01,True,True,0.01
2015,C0031976,BRB,B1,,DF,Público,,13276438212.77,201512.00,31277654.62,52936878.66,84214533.28,True,True,0.01
2015,C0051585,GOLDMAN SACHS,B2,,SP,Controle estrangeiro,,12918447826.92,201512.00,101675607.12,144154166.13,245829773.25,True,True,0.02
2015,C0020152,MERCANTIL DO BRASIL,B1,,MG,Privado nacional,,12461204373.05,201512.00,51179311.37,21785878.09,72965189.46,True,True,0.01
2015,04902979,BANCO DA AMAZONIA S.A.,B1,Banco Comercial,PA,Público,,12083091788.85,201512.00,106697514.01,142270919.67,248968433.68,True,True,0.02
2015,C0051262,MERCEDES-BENZ,B2,,SP,Controle estrangeiro,,10171685924.04,201512.00,39761138.49,49783832.20,89544970.69,True,True,0.01
2015,C0051066,CREDIT AGRICOLE,B1,,SP,Controle estrangeiro,,9891170428.69,201512.00,1638188.32,13364610.93,15002799.25,True,True,0.00
2015,C0051073,ING,B1,,SP,Controle estrangeiro,,9649475142.87,201512.00,36224781.11,62000181.52,98224962.63,True,True,0.01
2015,C0050304,PINE,B1,,SP,Privado nacional,,8920275132.95,201512.00,20172789.64,20853210.32,41025999.96,True,True,0.00
2015,C0051482,HAITONG,B2,,SP,Controle estrangeiro,,8027445521.19,201512.00,2221036.65,7902771.40,10123808.05,True,True,0.00
2015,02992446,BANCO CNH INDUSTRIAL CAPITAL S.A.,B2,Banco Múltiplo,PR,Controle estrangeiro,,7409985348.89,201512.00,73343474.51,72970591.63,146314066.14,True,True,0.02
2015,38486817,BANCO DE DESENVOLVIMENTO DE MINAS GERAIS S.A.-BDMG,B4,Banco de Desenvolvimento,MG,Público,,7300650755.79,201512.00,5358776.34,-28867512.44,-23508736.10,True,True,-0.00
2015,58616418,BANCO FIBRA S.A.,B1,Banco Múltiplo,SP,Privado nacional,,7267736210.59,201512.00,-194894077.12,131143181.15,-63750895.97,True,True,-0.01
2015,C0051781,ORIGINAL,B1,,SP,Privado nacional,,6666085188.65,201512.00,55673903.87,54906236.63,110580140.50,True,True,0.02
2015,03215790,BANCO TOYOTA DO BRASIL S.A.,B2,Banco Múltiplo,SP,Controle estrangeiro,,6386721131.77,201512.00,31761297.71,40464653.56,72225951.27,True,True,0.01
2015,C0050071,JOHN DEERE,B1,,SP,Controle estrangeiro,,6171235826.23,201512.00,58207696.33,56725904.90,114933601.23,True,True,0.02
2015,60518222,BANCO SUMITOMO MITSUI BRASILEIRO S.A.,B1,Banco Múltiplo,SP,Controle estrangeiro,,5935342297.76,201512.00,40413079.34,67160633.06,107573712.40,True,True,0.02
2015,C0030881,PARANÁ BANCO,B1,,PR,Privado nacional,,5804050737.83,201512.00,63021336.72,78572080.51,141593417.23,True,True,0.02
2015,34270520,BANCO IBM S.A.,B2,Banco Múltiplo,RJ,Controle estrangeiro,,5583340583.13,201512.00,14544550.56,23141122.70,37685673.26,True,True,0.01
2015,04913711,BANCO DO ESTADO DO PARÁ S.A.,B1,Banco Múltiplo,PA,Público,,5269067102.71,201512.00,46132890.36,157944397.15,204077287.51,True,True,0.04
2015,31597552,BANCO CLASSICO S.A.,B1,Banco Múltiplo,RJ,Privado nacional,,5262020649.31,201512.00,22864694.07,79849975.88,102714669.95,True,True,0.02
2015,62237425,BANCO FIDIS S/A,B2,Banco Múltiplo,MG,Controle estrangeiro,,5240880947.03,201512.00,24426579.17,50592879.09,75019458.26,True,True,0.01
2015,08357240,BANCO CSF S.A.,B2,Banco Múltiplo,SP,Controle estrangeiro,,5139076997.63,201512.00,238724227.03,208344086.53,447068313.56,True,True,0.09
2015,05040481,BANCO DE LAGE LANDEN BRASIL S.A.,B2,Banco Múltiplo,RS,Controle estrangeiro,,5116109693.91,201512.00,6817103.17,63495554.21,70312657.38,True,True,0.01
2015,C0051705,BARCLAYS,B1,,SP,Controle estrangeiro,,4609794994.71,201512.00,25473083.02,14050858.57,39523941.59,True,True,0.01
2015,02658435,BANCO CATERPILLAR S.A.,B2,Banco Múltiplo,SP,Controle estrangeiro,,4329002143.64,201512.00,-7173641.44,15669046.83,8495405.39,True,True,0.00
2015,58017179,BANCO VOLVO BRASIL S.A.,B2,Banco Múltiplo,PR,Controle estrangeiro,,4301695603.46,201512.00,7928001.25,4823116.63,12751117.88,True,True,0.00
2015,C0031873,SOFISA,B1,,SP,Privado nacional,,4189858237.01,201512.00,34416817.87,49489963.69,83906781.56,True,True,0.02
2015,03609817,BANCO CARGILL S.A.,B1,Banco Múltiplo,SP,Controle estrangeiro,,4148445273.40,201512.00,31353753.46,15518275.70,46872029.16,True,True,0.01
2015,C0051396,HONDA,B2,,SP,Controle estrangeiro,,3860688662.54,201512.00,66361552.25,74155965.10,140517517.35,True,True,0.04
2015,C0030207,BBM,B1,,BA,Privado nacional,,3828906107.01,201512.00,16821844.77,27207649.67,44029494.44,True,True,0.01
2015,13009717,BANCO DO ESTADO DE SERGIPE S.A.,B1,Banco Múltiplo,SE,Público,,3772083848.77,201512.00,24498896.42,2655300.99,27154197.41,True,True,0.01
2015,C0050531,INDUSVAL,B1,,SP,Privado nacional,,3673106871.44,201512.00,-141423753.08,-29176811.14,-170600564.22,True,True,-0.05
2015,C0051554,MIZUHO,B1,,SP,Controle estrangeiro,,3626925164.61,201512.00,-15338975.36,42036023.08,26697047.72,True,True,0.01
2015,11932017,STANDARD CHARTERED BANK (BRASIL) S.A. - BANCO DE INVESTIMENTO,B2,Banco de Investimento,SP,Controle estrangeiro,,3414697930.30,201512.00,16181491.93,24057511.94,40239003.87,True,True,0.01
2015,29030467,SCOTIABANK BRASIL S.A. BANCO MÚLTIPLO,B1,Banco Múltiplo,SP,Controle estrangeiro,,3028266878.68,201512.00,20118660.01,64855308.53,84973968.54,True,True,0.03
2015,C0051365,PSA FINANCE,B2,,SP,Controle estrangeiro,,2572249840.81,201512.00,28830789.79,45638954.69,74469744.48,True,True,0.03
2015,C0050988,INDUSTRIAL DO BRASIL,B1,,SP,Privado nacional,,2561773613.91,201512.00,20105802.34,26506659.55,46612461.89,True,True,0.02
2015,C0051884,INTERMEDIUM,B1,,MG,Privado nacional,,2523520510.25,201512.00,15942305.09,16031417.68,31973722.77,True,True,0.01
2015,17351180,BANCO TRIANGULO S.A.,B1,Banco Múltiplo,MG,Privado nacional,,2508968015.22,201512.00,27199863.76,28684645.71,55884509.47,True,True,0.02
2015,33603457,BANCO RODOBENS S.A.,B1,Banco Múltiplo,SP,Privado nacional,,2265767079.79,201512.00,49291163.18,53025107.34,102316270.52,True,True,0.05
2015,C0050328,SOCOPA,B1,,SP,Privado nacional,,2218749336.92,201512.00,8096630.03,17762589.42,25859219.45,True,True,0.01
2015,C0051815,CAIXA GERAL,B1,,SP,Controle estrangeiro,,2143992180.82,201512.00,-8308344.59,-29344208.71,-37652553.30,True,True,-0.02
2015,71027866,BANCO BONSUCESSO S.A.,B1,Banco Múltiplo,MG,Privado nacional,,2127326401.40,201512.00,110688838.78,21345737.82,132034576.60,True,True,0.06
2015,11417016,SCANIA BANCO S.A.,B2,Banco Múltiplo,SP,Controle estrangeiro,,2016529427.79,201512.00,10677573.40,12559297.73,23236871.13,True,True,0.01
2015,C0051963,MODAL,B1,,RJ,Privado nacional,,1964520676.72,201512.00,-7701450.16,13088434.85,5386984.69,True,True,0.00
2015,90731688,BANCO FORD S.A.,B2,Banco Múltiplo,SP,Controle estrangeiro,,1602064582.35,201512.00,14825472.91,12251808.20,27077281.11,True,True,0.02
2015,28145829,BANCO DE DESENVOLVIMENTO DO ESPIRITO SANTO S.A.,B4,Banco de Desenvolvimento,ES,Público,,1500750480.37,201512.00,2914573.43,5599620.40,8514193.83,True,True,0.01
2015,10690848,BANCO DA CHINA BRASIL S.A.,B1,Banco Múltiplo,SP,Controle estrangeiro,,1428595410.12,201512.00,-52366279.62,-17166093.89,-69532373.51,True,True,-0.05
2015,C0051468,RENDIMENTO,B1,,SP,Privado nacional,,1414465232.54,201512.00,19712843.61,18839981.81,38552825.42,True,True,0.03
2015,03532415,BANCO ABN AMRO S.A.,B1,Banco Múltiplo,SP,Controle estrangeiro,,1386404542.68,201512.00,-22868825.55,-6828292.44,-29697117.99,True,True,-0.02
2015,C0050122,FATOR,B1,,SP,Privado nacional,,1301815339.66,201512.00,-50111623.85,10871356.71,-39240267.14,True,True,-0.03
2015,92874270,BANCO A.J. RENNER S.A.,B1,Banco Múltiplo,RS,Privado nacional,,1103095093.98,201512.00,8042871.18,10966082.71,19008953.89,True,True,0.02
2015,17453575,ICBC DO BRASIL BANCO MÚLTIPLO S.A.,B1,Banco Múltiplo,SP,Controle estrangeiro,,954366882.19,201512.00,4347469.26,5235647.96,9583117.22,True,True,0.01
2015,C0050201,MÁXIMA,B1,,RJ,Privado nacional,,937483315.71,201512.00,-6144765.88,733681.47,-5411084.41,True,True,-0.01
2015,07656500,BANCO KDB DO BRASIL S.A.,B1,Banco Múltiplo,SP,Controle estrangeiro,,932418788.14,201512.00,442829.47,765428.40,1208257.87,True,True,0.00
2015,C0020255,BANIF,B1,,SP,Controle estrangeiro,,926622669.06,201512.00,-48733533.25,125226107.93,76492574.68,True,True,0.08
2015,07441209,BANCO MONEO S.A.,B2,Banco Múltiplo,RS,Privado nacional,,922419528.41,201512.00,2440040.92,5974834.45,8414875.37,True,True,0.01
2015,31880826,BANCO GUANABARA S.A.,B1,Banco Múltiplo,RJ,Privado nacional,,908538252.49,201512.00,1300186.66,3095401.43,4395588.09,True,True,0.00
2015,59118133,BANCO LUSO BRASILEIRO S.A.,B1,Banco Múltiplo,SP,Privado nacional,,901624870.68,201512.00,7563411.42,11056942.97,18620354.39,True,True,0.02
2015,C0051839,BRASIL PLURAL,B1,,RJ,Privado nacional,,896492747.96,201512.00,10816930.97,2080045.20,12896976.17,True,True,0.01
2015,57839805,BANCO TRICURY S.A.,B2,Banco Múltiplo,SP,Privado nacional,,731106183.23,201512.00,4221846.15,26219138.05,30440984.20,True,True,0.04
2015,00795423,BANCO SEMEAR S.A.,B1,Banco Múltiplo,MG,Privado nacional,,715216275.64,201512.00,-2188880.31,8242055.25,6053174.94,True,True,0.01
2015,10371492,BANCO YAMAHA MOTOR DO BRASIL S.A.,B2,Banco Múltiplo,SP,Controle estrangeiro,,619525455.50,201512.00,12926074.37,15322509.91,28248584.28,True,True,0.05
2015,C0051901,OURINVEST,B2,,SP,Privado nacional,,497647121.76,201512.00,2295529.27,3253635.96,5549165.23,True,True,0.01
2015,02318507,BANCO KEB HANA DO BRASIL S.A.,B1,Banco Comercial,SP,Controle estrangeiro,,474106897.10,201512.00,4476177.25,4462356.49,8938533.74,True,True,0.02
2015,00517645,BANCO RIBEIRAO PRETO S.A.,B1,Banco Múltiplo,SP,Privado nacional,,471783510.60,201512.00,5112707.22,5280270.62,10392977.84,True,True,0.02
2015,00997185,BANCO BM&FBOVESPA DE SERVIÇOS DE LIQUIDAÇÃO E CUSTÓDIA S.A.,B1,Banco Comercial,SP,Privado nacional,,470713911.33,201512.00,4224165.39,8226668.53,12450833.92,True,True,0.03
2015,11476673,BANCO RANDON S.A.,B1,Banco Múltiplo,RS,Privado nacional,,455897759.10,201512.00,2843690.74,3676388.49,6520079.23,True,True,0.01
2015,C0051877,UBS,B2,,SP,Controle estrangeiro,,405260908.30,201512.00,-573220.04,2614095.55,2040875.51,True,True,0.01
2015,C0051822,BR PARTNERS,B2,,SP,Privado nacional,,378365643.85,201512.00,2395393.11,4560126.24,6955519.35,True,True,0.02
2015,61033106,BPN BRASIL BANCO MÚLTIPLO S.A.,B1,Banco Múltiplo,SP,Controle estrangeiro,,367722607.65,201512.00,-2434784.36,-13501775.46,-15936559.82,True,True,-0.04
2015,15357060,BANCO WOORI BANK DO BRASIL S.A.,B1,Banco Múltiplo,SP,Controle estrangeiro,,358349445.75,201512.00,2793381.24,3922827.10,6716208.34,True,True,0.02
2015,55230916,INTESA SANPAOLO BRASIL S.A. - BANCO MÚLTIPLO,B1,Banco Múltiplo,SP,Controle estrangeiro,,331171716.07,201512.00,4756949.49,7556358.63,12313308.12,True,True,0.04
2015,07679404,BANCO TOPÁZIO S.A.,B1,Banco Múltiplo,RS,Privado nacional,,321866493.81,201512.00,-13928953.77,-2530771.68,-16459725.45,True,True,-0.05
2015,C0051671,CONFIDENCE,B2,,SP,Privado nacional,,313835668.61,201512.00,-5062752.33,-2926106.11,-7988858.44,True,True,-0.03
2015,74828799,NOVO BANCO CONTINENTAL S.A. - BANCO MÚLTIPLO,B1,Banco Múltiplo,RS,Controle estrangeiro,,258426430.74,201512.00,-5180944.62,-11521289.42,-16702234.04,True,True,-0.06
2015,44189447,BANCO DE LA PROVINCIA DE BUENOS AIRES,B1,Banco Comercial Estrangeiro - Filial no país,SP,Controle estrangeiro,,249933335.92,201512.00,5227111.38,12152719.17,17379830.55,True,True,0.07
2015,C0051808,BNY MELLON,B1,,RJ,Controle estrangeiro,,236133886.01,201512.00,-130816.75,-12733358.87,-12864175.62,True,True,-0.05
2015,C0050524,VR,B1,,SP,Privado nacional,,205421422.89,201512.00,281126.88,2166632.82,2447759.70,True,True,0.01
2015,10664513,BANCO GERADOR S.A.,B1,Banco Comercial,PE,Privado nacional,,188510665.18,201512.00,-9180786.43,-10495315.95,-19676102.38,True,True,-0.10
2015,C0051767,WESTERN UNION,B1,,SP,Controle estrangeiro,,171764214.84,201512.00,2468746.82,3288858.72,5757605.54,True,True,0.03
2015,33042151,BANCO DE LA NACION ARGENTINA,B1,Banco Comercial Estrangeiro - Filial no país,SP,Controle estrangeiro,,164523196.18,201512.00,-760741.50,-3593680.50,-4354422.00,True,True,-0.03
2015,09274232,NATIXIS BRASIL S.A. BANCO MÚLTIPLO,B1,Banco Múltiplo,SP,Controle estrangeiro,,159944673.57,201512.00,6804398.77,10462528.02,17266926.79,True,True,0.11
2015,00253448,BANCO POTTENCIAL S.A.,B1,Banco Comercial,MG,Privado nacional,,159618218.37,201512.00,53671.08,1318773.38,1372444.46,True,True,0.01
2015,33132044,BANCO CEDULA S.A.,B1,Banco Múltiplo,RJ,Privado nacional,,148351929.64,201512.00,-12095517.44,4944161.09,-7151356.35,True,True,-0.05
2015,C0051949,ANDBANK,B1,,SP,Controle estrangeiro,,136680877.15,201512.00,10181111.59,1036903.12,11218014.71,True,True,0.08
2015,45283173,BBVA BRASIL BANCO DE INVESTIMENTO S.A.,B2,Banco de Investimento,SP,Controle estrangeiro,,123107486.37,201512.00,1558475.32,-3876502.73,-2318027.41,True,True,-0.02
2015,61348538,BANCO FICSA S.A.,B1,Banco Múltiplo,SP,Privado nacional,,118268803.44,201512.00,-22686233.95,-55321339.78,-78007573.73,True,True,-0.66
2015,04866275,BANCO INBURSA DE INVESTIMENTOS S.A.,B2,Banco de Investimento,SP,Controle estrangeiro,,108981224.32,201512.00,-14532269.76,-2015286.27,-16547556.03,True,True,-0.15
2015,54403563,BANCO ARBI S.A.,B1,Banco Comercial,RJ,Privado nacional,,95108760.02,201512.00,-2978244.79,-3501968.33,-6480213.12,True,True,-0.07
2015,51938876,BANCO DE LA REPUBLICA ORIENTAL DEL URUGUAY,B1,Banco Comercial Estrangeiro - Filial no país,SP,Controle estrangeiro,,77906807.86,201512.00,3472404.75,2108746.66,5581151.41,True,True,0.07
2015,C0051743,BEXS,B2,,SP,Privado nacional,,64789603.79,201512.00,4675718.25,9779785.83,14455504.08,True,True,0.22
2015,19307785,MS BANK S.A. BANCO DE CÂMBIO,B2,Banco de Câmbio,PR,Privado nacional,,61864723.28,201512.00,-426187.68,1463681.13,1037493.45,True,True,0.02
2015,09526594,BANCO VIPAL S.A.,B2,Banco Múltiplo,RS,Privado nacional,,53312291.86,201512.00,-1839850.87,-5633836.84,-7473687.71,True,True,-0.14
2015,40429946,BANCO PORTO REAL DE INVESTIMENTOS S.A,B2,Banco de Investimento,RJ,Privado nacional,,47762463.40,201512.00,1995838.94,1930745.20,3926584.14,True,True,0.08
2015,15173776,BANCO CAPITAL S.A.,B1,Banco Múltiplo,BA,Privado nacional,,40661016.60,201512.00,-1005795.82,-302934.02,-1308729.84,True,True,-0.03
2015,C0051688,PETRA,B1,,PR,Privado nacional,,40262558.22,201512.00,2877285.59,1903728.88,4781014.47,True,True,0.12
2015,80271455,BANCO MAXINVEST S.A.,B2,Banco Múltiplo,PR,Privado nacional,,33513124.25,201512.00,588919.45,645253.33,1234172.78,True,True,0.04
2015,33588252,BANCO INDUSCRED DE INVESTIMENTO S.A.,B2,Banco de Investimento,SP,Privado nacional,,26416827.10,201512.00,238949.34,745938.51,984887.85,True,True,0.04
2015,09391857,BANCO AZTECA DO BRASIL S.A.,B1,Banco Múltiplo,PE,Controle estrangeiro,,,,-3094847.48,,-3094847.48,False,True,
2015,27937333,BANCO BRJ S.A.,B2,Banco Múltiplo,RJ,Privado nacional,,,,-8618923.01,,-8618923.01,False,True,
2015,C0051107,OPPORTUNITY,B2,,RJ,Privado nacional,,,,6979665.87,,6979665.87,False,True,
2016,C0049906,BB,B1,,DF,Público,,1399479945459.23,201612.00,4891882103.88,3325239283.52,8217121387.40,True,True,0.01
2016,C0010069,ITAU,B1,,SP,Privado nacional,,1331840736743.03,201612.00,9338480506.97,9743077225.96,19081557732.93,True,True,0.01
2016,00360305,CAIXA ECONOMICA FEDERAL,B1,Caixa Econômica Federal,DF,Público,,1256172164499.97,201612.00,1991845572.90,1710518765.48,3702364338.38,True,True,0.00
2016,C0010045,BRADESCO,B1,,SP,Privado nacional,,1081374700536.47,201612.00,8263896712.83,6831325886.88,15095222599.71,True,True,0.01
2016,33657248,BANCO NACIONAL DE DESENVOLVIMENTO ECONOMICO E SOCIAL,B4,BNDES,RJ,Público,,867571272730.26,201612.00,-2173926660.55,8565584784.02,6391658123.47,True,True,0.01
2016,C0030379,SANTANDER,B1,,SP,Controle estrangeiro,,705061402665.34,201612.00,2566127473.46,3102584239.69,5668711713.15,True,True,0.01
2016,C0010083,SAFRA,B1,,SP,Privado nacional,,148391007723.94,201612.00,830265360.07,867986783.82,1698252143.89,True,True,0.01
2016,C0049944,BTG PACTUAL,B1,,RJ,Privado nacional,,131992499604.27,201612.00,2011718771.57,1396865325.56,3408584097.13,True,True,0.03
2016,C0051011,VOTORANTIM,B1,,SP,Privado nacional,,103005473307.02,201612.00,194410102.79,231404033.65,425814136.44,True,True,0.00
2016,C0030403,CITIBANK,B1,,SP,Controle estrangeiro,,72024490568.20,201612.00,361719121.54,596446363.26,958165484.80,True,True,0.01
2016,C0030173,BANRISUL,B1,,RS,Público,,68235459114.02,201612.00,389623825.05,270066444.85,659690269.90,True,True,0.01
2016,07237373,BANCO DO NORDESTE DO BRASIL S.A.,B1,Banco Múltiplo,CE,Público,,46321127726.70,201612.00,225563890.80,506506599.18,732070489.98,True,True,0.02
2016,C0030771,CREDIT SUISSE,B1,,SP,Controle estrangeiro,,40334515981.67,201612.00,135859350.29,68109562.33,203968912.62,True,True,0.01
2016,01181521,BANCO COOPERATIVO SICREDI S.A.,B1,Banco Múltiplo Cooperativo,RS,Privado nacional,,40223542844.14,201612.00,51242879.98,55061246.03,106304126.01,True,True,0.00
2016,C0051516,BNP PARIBAS,B1,,SP,Controle estrangeiro,,40179254175.09,201612.00,25323103.81,90790707.29,116113811.10,True,True,0.00
2016,C0020107,JP MORGAN CHASE,B1,,SP,Controle estrangeiro,,34566407734.42,201612.00,228673427.69,183843988.00,412517415.69,True,True,0.01
2016,C0051750,BANCOOB,B1,,DF,Privado nacional,,34326320074.24,201612.00,71135437.44,92088375.77,163223813.21,True,True,0.00
2016,C0031323,PAN,B1,,SP,Privado nacional,,27579213010.29,201612.00,-224469495.01,-12769728.62,-237239223.63,True,True,-0.01
2016,C0041856,ABC-BRASIL,B1,,SP,Controle estrangeiro,,25688661164.64,201612.00,195245440.22,211311128.18,406556568.40,True,True,0.02
2016,C0030159,BANESTES,B1,,ES,Público,,25449856103.23,201612.00,84679886.66,76675576.19,161355462.85,True,True,0.01
2016,01023570,BANCO RABOBANK INTERNATIONAL BRASIL S.A.,B1,Banco Múltiplo,SP,Controle estrangeiro,,22250486664.13,201612.00,93562115.55,157286040.83,250848156.38,True,True,0.01
2016,C0051987,DAYCOVAL,B1,,SP,Privado nacional,,21909571696.09,201612.00,154459376.78,252411464.66,406870841.44,True,True,0.02
2016,C0032119,CCB,B1,,SP,Controle estrangeiro,,21856531846.23,201612.00,-339966892.86,34419815.66,-305547077.20,True,True,-0.01
2016,C0051183,DEUTSCHE,B1,,SP,Controle estrangeiro,,18711884970.58,201612.00,-32514377.68,76181799.83,43667422.15,True,True,0.00
2016,60498557,BANCO DE TOKYO-MITSUBISHI UFJ BRASIL S.A.,B1,Banco Múltiplo,SP,Controle estrangeiro,,17746864044.67,201612.00,53108273.14,29862154.43,82970427.57,True,True,0.00
2016,C0051255,BOFA MERRILL LYNCH,B1,,SP,Controle estrangeiro,,17686497039.31,201612.00,217615384.47,169227300.61,386842685.08,True,True,0.02
2016,59109165,BANCO VOLKSWAGEN S.A.,B2,Banco Múltiplo,SP,Controle estrangeiro,,17514094659.11,201612.00,18558384.06,124245160.39,142803544.45,True,True,0.01
2016,92816560,BANCO REGIONAL DE DESENVOLVIMENTO DO EXTREMO SUL,B4,Banco de Desenvolvimento,RS,Público,,16518175715.65,201612.00,77580938.48,40108188.15,117689126.63,True,True,0.01
2016,C0030290,BMG,B1,,SP,Privado nacional,,15618212999.25,201612.00,33155188.12,18178762.14,51333950.26,True,True,0.00
2016,04902979,BANCO DA AMAZONIA S.A.,B1,Banco Comercial,PA,Público,,14174358569.32,201612.00,84984798.10,45697664.26,130682462.36,True,True,0.01
2016,C0031859,SOCIETE GENERALE,B1,,SP,Controle estrangeiro,,13593851334.18,201612.00,-37779251.54,15094724.50,-22684527.04,True,True,-0.00
2016,C0031976,BRB,B1,,DF,Público,,13358047293.71,201612.00,41438740.90,159093913.88,200532654.78,True,True,0.02
2016,C0051293,ALFA,B1,,SP,Privado nacional,,13106958601.53,201612.00,63967835.62,66675643.11,130643478.73,True,True,0.01
2016,59274605,BANCO GMAC S.A.,B2,Banco Múltiplo,SP,Controle estrangeiro,,12033004466.06,201612.00,87948215.60,127389579.88,215337795.48,True,True,0.02
2016,C0051073,ING,B1,,SP,Controle estrangeiro,,11142423507.32,201612.00,5529991.40,6288050.08,11818041.48,True,True,0.00
2016,C0020152,MERCANTIL DO BRASIL,B1,,MG,Privado nacional,,10585443905.74,201612.00,19281941.80,6266632.76,25548574.56,True,True,0.00
2016,C0051066,CREDIT AGRICOLE,B1,,SP,Controle estrangeiro,,9853959253.48,201612.00,8691672.35,36452370.07,45144042.42,True,True,0.00
2016,C0051413,MORGAN STANLEY,B1,,SP,Controle estrangeiro,,9513524291.29,201612.00,122035468.74,177260947.89,299296416.63,True,True,0.03
2016,C0051262,MERCEDES-BENZ,B2,,SP,Controle estrangeiro,,8808992340.65,201612.00,-1094928.05,32695603.56,31600675.51,True,True,0.00
2016,C0051482,HAITONG,B2,,SP,Controle estrangeiro,,8780695186.14,201612.00,21313980.74,-2588464.75,18725515.99,True,True,0.00
2016,31597552,BANCO CLASSICO S.A.,B1,Banco Múltiplo,RJ,Privado nacional,,8778533956.03,201612.00,21480740.52,108188892.43,129669632.95,True,True,0.01
2016,C0051781,ORIGINAL,B1,,SP,Privado nacional,,8723333713.05,201612.00,19278920.19,24309427.37,43588347.56,True,True,0.00
2016,C0051585,GOLDMAN SACHS,B2,,SP,Controle estrangeiro,,8304056927.04,201612.00,82565985.97,85430052.50,167996038.47,True,True,0.02
2016,C0050304,PINE,B1,,SP,Privado nacional,,8140377305.30,201612.00,1358766.12,-15659952.14,-14301186.02,True,True,-0.00
2016,38486817,BANCO DE DESENVOLVIMENTO DE MINAS GERAIS S.A.-BDMG,B4,Banco de Desenvolvimento,MG,Público,,7615322035.63,201612.00,9788711.92,17383667.47,27172379.39,True,True,0.00
2016,02992446,BANCO CNH INDUSTRIAL CAPITAL S.A.,B2,Banco Múltiplo,PR,Controle estrangeiro,,7399992422.56,201612.00,76025906.63,49818918.42,125844825.05,True,True,0.02
2016,58616418,BANCO FIBRA S.A.,B1,Banco Múltiplo,SP,Privado nacional,,7106839665.89,201612.00,1601155.35,4191934.66,5793090.01,True,True,0.00
2016,C0050071,JOHN DEERE,B1,,SP,Controle estrangeiro,,6782018174.98,201612.00,38360496.91,41433011.10,79793508.01,True,True,0.01
2016,08357240,BANCO CSF S.A.,B2,Banco Múltiplo,SP,Controle estrangeiro,,6459933965.52,201612.00,202674830.05,177168773.95,379843604.00,True,True,0.06
2016,04913711,BANCO DO ESTADO DO PARÁ S.A.,B1,Banco Múltiplo,PA,Público,,6337473312.67,201612.00,74049737.20,157392685.21,231442422.41,True,True,0.04
2016,60518222,BANCO SUMITOMO MITSUI BRASILEIRO S.A.,B1,Banco Múltiplo,SP,Controle estrangeiro,,5856857796.42,201612.00,21992845.22,43417932.43,65410777.65,True,True,0.01
2016,C0030881,PARANÁ BANCO,B1,,PR,Privado nacional,,5709504375.44,201612.00,63986365.12,68285937.05,132272302.17,True,True,0.02
2016,03215790,BANCO TOYOTA DO BRASIL S.A.,B2,Banco Múltiplo,SP,Controle estrangeiro,,5181634113.13,201612.00,8489847.23,42975145.69,51464992.92,True,True,0.01
2016,05040481,BANCO DE LAGE LANDEN BRASIL S.A.,B2,Banco Múltiplo,RS,Controle estrangeiro,,5025538014.27,201612.00,46046404.05,55944121.91,101990525.96,True,True,0.02
2016,C0031873,SOFISA,B1,,SP,Privado nacional,,4766297215.20,201612.00,15524241.65,65291042.03,80815283.68,True,True,0.02
2016,62237425,BANCO FIDIS S/A,B2,Banco Múltiplo,MG,Controle estrangeiro,,4754210916.20,201612.00,12135409.70,43489178.52,55624588.22,True,True,0.01
2016,C0051554,MIZUHO,B1,,SP,Controle estrangeiro,,4453712780.65,201612.00,14394636.39,11126456.10,25521092.49,True,True,0.01
2016,34270520,BANCO IBM S.A.,B2,Banco Múltiplo,RJ,Controle estrangeiro,,4340207996.36,201612.00,42561316.91,17998543.41,60559860.32,True,True,0.01
2016,03609817,BANCO CARGILL S.A.,B1,Banco Múltiplo,SP,Controle estrangeiro,,4295862330.36,201612.00,-3484805.38,387497.30,-3097308.08,True,True,-0.00
2016,13009717,BANCO DO ESTADO DE SERGIPE S.A.,B1,Banco Múltiplo,SE,Público,,4206552757.19,201612.00,22451288.97,43072817.90,65524106.87,True,True,0.02
2016,C0050531,INDUSVAL,B1,,SP,Privado nacional,,4115774699.86,201612.00,-43346110.36,-57061700.77,-100407811.13,True,True,-0.02
2016,C0030207,BBM,B1,,BA,Privado nacional,,4099118822.57,201612.00,20577972.65,11790624.78,32368597.43,True,True,0.01
2016,58017179,BANCO VOLVO BRASIL S.A.,B2,Banco Múltiplo,PR,Controle estrangeiro,,4003338014.20,201612.00,9242220.07,56042874.96,65285095.03,True,True,0.02
2016,29030467,SCOTIABANK BRASIL S.A. BANCO MÚLTIPLO,B1,Banco Múltiplo,SP,Controle estrangeiro,,3951581679.07,201612.00,19584257.98,6535147.53,26119405.51,True,True,0.01
2016,C0051396,HONDA,B2,,SP,Controle estrangeiro,,3708551587.90,201612.00,16488177.98,34110872.04,50599050.02,True,True,0.01
2016,C0051884,INTERMEDIUM,B1,,MG,Privado nacional,,3185767104.17,201612.00,12029218.48,13422744.00,25451962.48,True,True,0.01
2016,02658435,BANCO CATERPILLAR S.A.,B2,Banco Múltiplo,SP,Controle estrangeiro,,3161688056.02,201612.00,4204225.61,45000001.81,49204227.42,True,True,0.02
2016,C0050988,INDUSTRIAL DO BRASIL,B1,,SP,Privado nacional,,2886341613.67,201612.00,18495960.25,29433356.36,47929316.61,True,True,0.02
2016,C0051963,MODAL,B1,,RJ,Privado nacional,,2876536169.22,201612.00,-4178826.94,8346850.20,4168023.26,True,True,0.00
2016,C0050328,SOCOPA,B1,,SP,Privado nacional,,2782623567.15,201612.00,4798470.16,31365851.73,36164321.89,True,True,0.01
2016,17351180,BANCO TRIANGULO S.A.,B1,Banco Múltiplo,MG,Privado nacional,,2323647286.59,201612.00,31687219.24,36380808.95,68068028.19,True,True,0.03
2016,C0051815,CAIXA GERAL,B1,,SP,Controle estrangeiro,,2223222265.44,201612.00,9903805.61,688586.55,10592392.16,True,True,0.00
2016,11932017,STANDARD CHARTERED BANK (BRASIL) S.A. - BANCO DE INVESTIMENTO,B2,Banco de Investimento,SP,Controle estrangeiro,,2111131755.31,201612.00,16212419.82,23094343.57,39306763.39,True,True,0.02
2016,71027866,BANCO BONSUCESSO S.A.,B1,Banco Múltiplo,MG,Privado nacional,,2101986391.09,201612.00,28830282.74,32930998.85,61761281.59,True,True,0.03
2016,33603457,BANCO RODOBENS S.A.,B1,Banco Múltiplo,SP,Privado nacional,,2074965413.43,201612.00,50410862.39,62192555.10,112603417.49,True,True,0.05
2016,11417016,SCANIA BANCO S.A.,B2,Banco Múltiplo,SP,Controle estrangeiro,,1783643805.24,201612.00,6585018.01,3931832.39,10516850.40,True,True,0.01
2016,C0051468,RENDIMENTO,B1,,SP,Privado nacional,,1655498617.86,201612.00,21245796.79,30635118.75,51880915.54,True,True,0.03
2016,28145829,BANCO DE DESENVOLVIMENTO DO ESPIRITO SANTO S.A.,B4,Banco de Desenvolvimento,ES,Público,,1539858531.03,201612.00,-3099935.45,5662680.40,2562744.95,True,True,0.00
2016,03532415,BANCO ABN AMRO S.A.,B1,Banco Múltiplo,SP,Controle estrangeiro,,1527431208.02,201612.00,12991154.51,14679008.38,27670162.89,True,True,0.02
2016,C0050201,MÁXIMA,B1,,RJ,Privado nacional,,1301151579.08,201612.00,3106250.35,-14460309.95,-11354059.60,True,True,-0.01
2016,31880826,BANCO GUANABARA S.A.,B1,Banco Múltiplo,RJ,Privado nacional,,1232021879.57,201612.00,9638709.82,8888552.91,18527262.73,True,True,0.02
2016,53518684,HSBC BRASIL S.A. - BANCO DE INVESTIMENTO,B2,Banco de Investimento,SP,Controle estrangeiro,,1215706664.24,201612.00,,60264779.26,60264779.26,False,True,0.05
2016,07656500,BANCO KDB DO BRASIL S.A.,B1,Banco Múltiplo,SP,Controle estrangeiro,,1160697701.91,201612.00,82210605.95,6941324.35,89151930.30,True,True,0.08
2016,59118133,BANCO LUSO BRASILEIRO S.A.,B1,Banco Múltiplo,SP,Privado nacional,,1157438137.80,201612.00,14833509.00,9180908.70,24014417.70,True,True,0.02
2016,10690848,BANCO DA CHINA BRASIL S.A.,B1,Banco Múltiplo,SP,Controle estrangeiro,,1120960860.93,201612.00,-10319593.10,-5331790.79,-15651383.89,True,True,-0.01
2016,90731688,BANCO FORD S.A.,B2,Banco Múltiplo,SP,Controle estrangeiro,,1096151511.91,201612.00,10673979.00,7276225.78,17950204.78,True,True,0.02
2016,92874270,BANCO A.J. RENNER S.A.,B1,Banco Múltiplo,RS,Privado nacional,,1038915525.66,201612.00,6723031.29,10471041.24,17194072.53,True,True,0.02
2016,C0050122,FATOR,B1,,SP,Privado nacional,,1011341796.09,201612.00,3801173.49,-2631799.01,1169374.48,True,True,0.00
2016,C0051956,AGIPLAN,B1,,RS,Privado nacional,,918870113.87,201612.00,-6004200.62,40066710.97,34062510.35,True,True,0.04
2016,C0051839,BRASIL PLURAL,B1,,RJ,Privado nacional,,907170924.58,201612.00,-3030149.53,8621810.52,5591660.99,True,True,0.01
2016,07441209,BANCO MONEO S.A.,B2,Banco Múltiplo,RS,Privado nacional,,844585708.03,201612.00,-124758.76,-7166461.37,-7291220.13,True,True,-0.01
2016,00795423,BANCO SEMEAR S.A.,B1,Banco Múltiplo,MG,Privado nacional,,836918170.11,201612.00,1506557.31,7531326.08,9037883.39,True,True,0.01
2016,17453575,ICBC DO BRASIL BANCO MÚLTIPLO S.A.,B1,Banco Múltiplo,SP,Controle estrangeiro,,698787421.37,201612.00,3975337.40,1322182.39,5297519.79,True,True,0.01
2016,C0020255,BANIF,B1,,SP,Controle estrangeiro,,678407193.41,201612.00,-38914659.72,-204270223.54,-243184883.26,True,True,-0.36
2016,C0051901,OURINVEST,B2,,SP,Privado nacional,,670649539.70,201612.00,7490104.66,34744324.47,42234429.13,True,True,0.06
2016,15357060,BANCO WOORI BANK DO BRASIL S.A.,B1,Banco Múltiplo,SP,Controle estrangeiro,,647967333.54,201612.00,4634231.57,3826281.38,8460512.95,True,True,0.01
2016,57839805,BANCO TRICURY S.A.,B2,Banco Múltiplo,SP,Privado nacional,,624653610.25,201612.00,11538562.03,14816427.58,26354989.61,True,True,0.04
2016,00517645,BANCO RIBEIRAO PRETO S.A.,B1,Banco Múltiplo,SP,Privado nacional,,599988783.45,201612.00,8248319.30,1382710.71,9631030.01,True,True,0.02
2016,55230916,INTESA SANPAOLO BRASIL S.A. - BANCO MÚLTIPLO,B1,Banco Múltiplo,SP,Controle estrangeiro,,579213113.72,201612.00,6426791.20,6342750.08,12769541.28,True,True,0.02
2016,10371492,BANCO YAMAHA MOTOR DO BRASIL S.A.,B2,Banco Múltiplo,SP,Controle estrangeiro,,573337327.53,201612.00,3496615.24,5888690.10,9385305.34,True,True,0.02
2016,00997185,BANCO BM&FBOVESPA DE SERVIÇOS DE LIQUIDAÇÃO E CUSTÓDIA S.A.,B1,Banco Comercial,SP,Privado nacional,,529125425.85,201612.00,5768718.91,8639714.51,14408433.42,True,True,0.03
2016,C0051877,UBS,B2,,SP,Controle estrangeiro,,491380110.12,201612.00,-8460878.91,-7513634.83,-15974513.74,True,True,-0.03
2016,02318507,BANCO KEB HANA DO BRASIL S.A.,B1,Banco Comercial,SP,Controle estrangeiro,,467043910.18,201612.00,6556878.63,5143692.34,11700570.97,True,True,0.03
2016,61146577,BANCO BARCLAYS S.A.,B1,Banco Múltiplo,SP,Controle estrangeiro,,412190580.54,201612.00,-93556617.88,7035913.81,-86520704.07,True,True,-0.21
2016,11476673,BANCO RANDON S.A.,B2,Banco Múltiplo,RS,Privado nacional,,368712594.79,201612.00,3759936.53,2638508.92,6398445.45,True,True,0.02
2016,07679404,BANCO TOPÁZIO S.A.,B1,Banco Múltiplo,RS,Privado nacional,,358848067.64,201612.00,-4878230.62,-14736899.23,-19615129.85,True,True,-0.05
2016,C0051822,BR PARTNERS,B2,,SP,Privado nacional,,338821326.39,201612.00,6796516.20,5850798.81,12647315.01,True,True,0.04
2016,C0051671,CONFIDENCE,B2,,SP,Privado nacional,,310692325.26,201612.00,-8144881.49,1600325.73,-6544555.76,True,True,-0.02
2016,23522214,COMMERZBANK BRASIL S.A. - BANCO MÚLTIPLO,B1,Banco Múltiplo,SP,Controle estrangeiro,,277419517.20,201612.00,,-4868087.04,-4868087.04,False,True,-0.02
2016,C0050524,VR,B1,,SP,Privado nacional,,276768059.95,201612.00,1459267.89,71037.03,1530304.92,True,True,0.01
2016,74828799,NOVO BANCO CONTINENTAL S.A. - BANCO MÚLTIPLO,B1,Banco Múltiplo,RS,Controle estrangeiro,,216717448.22,201612.00,-16190270.73,-12563995.11,-28754265.84,True,True,-0.13
2016,C0051767,WESTERN UNION,B1,,SP,Controle estrangeiro,,209817575.60,201612.00,5491505.57,5674171.75,11165677.32,True,True,0.05
2016,00253448,BANCO NEON S.A.,B1,Banco Comercial,MG,Privado nacional,,197966481.95,201612.00,25862.87,-489943.15,-464080.28,True,True,-0.00
2016,44189447,BANCO DE LA PROVINCIA DE BUENOS AIRES,B1,Banco Comercial Estrangeiro - Filial no país,SP,Controle estrangeiro,,187045531.46,201612.00,-4726663.61,-7222555.42,-11949219.03,True,True,-0.06
2016,61033106,BANCO BPN BRASIL S.A.,B1,Banco Comercial,SP,Controle estrangeiro,,176687535.49,201612.00,-10825200.25,-17451229.14,-28276429.39,True,True,-0.16
2016,09274232,NATIXIS BRASIL S.A. BANCO MÚLTIPLO,B1,Banco Múltiplo,SP,Controle estrangeiro,,170433982.05,201612.00,3688380.65,6276880.89,9965261.54,True,True,0.06
2016,54403563,BANCO ARBI S.A.,B1,Banco Comercial,RJ,Privado nacional,,164907192.91,201612.00,-11023.16,78232.24,67209.08,True,True,0.00
2016,C0051808,BNY MELLON,B1,,RJ,Controle estrangeiro,,164138239.41,201612.00,-44512256.55,-21099989.33,-65612245.88,True,True,-0.40
2016,C0051949,ANDBANK,B1,,SP,Controle estrangeiro,,146475812.20,201612.00,-1329919.95,-7201856.03,-8531775.98,True,True,-0.06
2016,45283173,BBVA BRASIL BANCO DE INVESTIMENTO S.A.,B2,Banco de Investimento,SP,Controle estrangeiro,,135356224.18,201612.00,956683.09,2823460.95,3780144.04,True,True,0.03
2016,33132044,BANCO CEDULA S.A.,B1,Banco Múltiplo,RJ,Privado nacional,,125950525.28,201612.00,-22800122.62,-2913953.60,-25714076.22,True,True,-0.20
2016,33042151,BANCO DE LA NACION ARGENTINA,B1,Banco Comercial Estrangeiro - Filial no país,SP,Controle estrangeiro,,118991939.22,201612.00,-1980079.70,-2406122.03,-4386201.73,True,True,-0.04
2016,23903068,BANCO KOMATSU DO BRASIL S.A.,B2,Banco Múltiplo,SP,Controle estrangeiro,,101484516.54,201612.00,-1903008.18,269158.96,-1633849.22,True,True,-0.02
2016,04866275,BANCO INBURSA DE INVESTIMENTOS S.A.,B2,Banco de Investimento,SP,Controle estrangeiro,,93708559.05,201612.00,-3234863.44,-3807122.94,-7041986.38,True,True,-0.08
2016,C0051743,BEXS,B2,,SP,Privado nacional,,92834652.91,201612.00,12300428.50,17573105.02,29873533.52,True,True,0.32
2016,19307785,MS BANK S.A. BANCO DE CÂMBIO,B2,Banco de Câmbio,PR,Privado nacional,,79219699.29,201612.00,1933601.77,5140525.28,7074127.05,True,True,0.09
2016,61348538,BANCO FICSA S.A.,B1,Banco Múltiplo,SP,Privado nacional,,69047155.77,201612.00,338973.66,-9906300.67,-9567327.01,True,True,-0.14
2016,51938876,BANCO DE LA REPUBLICA ORIENTAL DEL URUGUAY,B1,Banco Comercial Estrangeiro - Filial no país,SP,Controle estrangeiro,,66006028.55,201612.00,263356.83,1745145.84,2008502.67,True,True,0.03
2016,C0051688,FINAXIS,B1,,PR,Privado nacional,,44149398.36,201612.00,716574.09,-71233.08,645341.01,True,True,0.01
2016,09526594,BANCO VIPAL S.A.,B2,Banco Múltiplo,RS,Privado nacional,,40409297.96,201612.00,-2968044.13,-3187782.18,-6155826.31,True,True,-0.15
2016,15173776,BANCO CAPITAL S.A.,B1,Banco Múltiplo,BA,Privado nacional,,37691196.09,201612.00,-115348.17,-501184.50,-616532.67,True,True,-0.02
2016,80271455,BANCO MAXINVEST S.A.,B2,Banco Múltiplo,PR,Privado nacional,,36071081.85,201612.00,142332.69,155608.80,297941.49,True,True,0.01
2016,40429946,BANCO PORTO REAL DE INVESTIMENTOS S.A,B2,Banco de Investimento,RJ,Privado nacional,,30411406.44,201612.00,1349868.75,370466.35,1720335.10,True,True,0.06
2016,33588252,BANCO INDUSCRED DE INVESTIMENTO S.A.,B2,Banco de Investimento,SP,Privado nacional,,23301047.10,201612.00,-1462275.75,-2060787.73,-3523063.48,True,True,-0.15
2016,C0051152,HSBC,B1,,PR,Controle estrangeiro,,,,-738579012.12,,-738579012.12,False,True,
2016,C0051365,PSA FINANCE,B2,,SP,Controle estrangeiro,,,,31951906.71,,31951906.71,False,True,
2017,C0010069,ITAU,B1,,SP,Privado nacional,S1,1383587236321.73,201712.00,10942825765.44,10166825620.11,21109651385.55,True,True,0.02
2017,C0049906,BB,B1,,DF,Público,S1,1368405138427.83,201712.00,5152461313.83,6011359813.17,11163821127.00,True,True,0.01
2017,00360305,CAIXA ECONOMICA FEDERAL,B1,Caixa Econômica Federal,DF,Público,S1,1261478797225.88,201712.00,4073798275.22,8387662589.48,12461460864.70,True,True,0.01
2017,C0010045,BRADESCO,B1,,SP,Privado nacional,S1,1054890922654.93,201712.00,7994128944.18,6701265992.64,14695394936.82,True,True,0.01
2017,33657248,BANCO NACIONAL DE DESENVOLVIMENTO ECONOMICO E SOCIAL,B4,BNDES,RJ,Público,S2,861456045970.15,201712.00,1344925418.89,4838496479.35,6183421898.24,True,True,0.01
2017,C0030379,SANTANDER,B1,,SP,Controle estrangeiro,S1,674679854050.54,201712.00,3836561447.94,4460400766.77,8296962214.71,True,True,0.01
2017,C0049944,BTG PACTUAL,B1,,RJ,Privado nacional,S1,153391628197.92,201712.00,1003106671.96,1069275119.50,2072381791.46,True,True,0.01
2017,C0010083,SAFRA,B1,,SP,Privado nacional,S2,149544921022.69,201712.00,846757848.92,1067822724.86,1914580573.78,True,True,0.01
2017,C0051011,VOTORANTIM,B1,,SP,Privado nacional,S2,93520040020.84,201712.00,272565127.91,309663636.52,582228764.43,True,True,0.01
2017,C0030173,BANRISUL,B1,,RS,Público,S2,72649403110.39,201712.00,316205311.42,736830753.55,1053036064.97,True,True,0.01
2017,C0030403,CITIBANK,B1,,SP,Controle estrangeiro,S2,61908073578.57,201712.00,481601168.51,310103549.06,791704717.57,True,True,0.01
2017,07237373,BANCO DO NORDESTE DO BRASIL S.A.,B1,Banco Múltiplo,CE,Público,S2,54046936649.31,201712.00,298041186.33,383704232.98,681745419.31,True,True,0.01
2017,C0051750,BANCOOB,B1,,DF,Privado nacional,S3,43673568852.28,201712.00,100480615.68,74161153.54,174641769.22,True,True,0.00
2017,01181521,BANCO COOPERATIVO SICREDI S.A.,B1,Banco Múltiplo Cooperativo,RS,Privado nacional,S3,41243917495.70,201712.00,54112857.54,34544940.16,88657797.70,True,True,0.00
2017,C0051516,BNP PARIBAS,B1,,SP,Controle estrangeiro,S3,39406016506.14,201712.00,-25599047.71,307513498.32,281914450.61,True,True,0.01
2017,C0020107,JP MORGAN CHASE,B1,,SP,Controle estrangeiro,S3,35945603895.01,201712.00,169574220.80,105179358.31,274753579.11,True,True,0.01
2017,C0030771,CREDIT SUISSE,B1,,SP,Controle estrangeiro,S2,34204878421.96,201712.00,39550866.53,-509007243.73,-469456377.20,True,True,-0.01
2017,C0041856,ABC-BRASIL,B1,,SP,Controle estrangeiro,S3,28765264488.07,201712.00,203994175.72,214739155.65,418733331.37,True,True,0.01
2017,C0031323,PAN,B1,,SP,Privado nacional,S3,26028451637.51,201712.00,46463283.71,166142635.22,212605918.93,True,True,0.01
2017,C0051987,DAYCOVAL,B1,,SP,Privado nacional,S3,24389260078.38,201712.00,247877988.35,273596250.03,521474238.38,True,True,0.02
2017,01023570,BANCO RABOBANK INTERNATIONAL BRASIL S.A.,B1,Banco Múltiplo,SP,Controle estrangeiro,S3,22586621622.15,201712.00,208653061.34,113734988.50,322388049.84,True,True,0.01
2017,C0030159,BANESTES,B1,,ES,Público,S3,22584290181.30,201712.00,84760254.26,90455972.98,175216227.24,True,True,0.01
2017,60498557,BANCO DE TOKYO-MITSUBISHI UFJ BRASIL S.A.,B1,Banco Múltiplo,SP,Controle estrangeiro,S3,20720802180.48,201712.00,29634639.52,44926384.10,74561023.62,True,True,0.00
2017,C0051255,BOFA MERRILL LYNCH,B1,,SP,Controle estrangeiro,S3,19584081454.12,201712.00,121224651.70,174274659.31,295499311.01,True,True,0.02
2017,C0032119,CCB,B1,,SP,Controle estrangeiro,S3,19402411530.06,201712.00,-211887302.34,-185163624.33,-397050926.67,True,True,-0.02
2017,C0051073,ING,B1,,SP,Controle estrangeiro,S3,17484908165.05,201712.00,26455463.00,6499244.99,32954707.99,True,True,0.00
2017,92816560,BANCO REGIONAL DE DESENVOLVIMENTO DO EXTREMO SUL,B4,Banco de Desenvolvimento,RS,Público,S3,17179693964.22,201712.00,63814630.02,54233528.32,118048158.34,True,True,0.01
2017,04902979,BANCO DA AMAZONIA S.A.,B1,Banco Comercial,PA,Público,S3,16952092476.72,201712.00,12461989.46,52044504.46,64506493.92,True,True,0.00
2017,C0030290,BMG,B1,,SP,Privado nacional,S3,16261110580.98,201712.00,16677747.55,9613256.10,26291003.65,True,True,0.00
2017,C0031859,SOCIETE GENERALE,B1,,SP,Controle estrangeiro,S3,15949750912.46,201712.00,-73170735.57,34192953.15,-38977782.42,True,True,-0.00
2017,59109165,BANCO VOLKSWAGEN S.A.,B2,Banco Múltiplo,SP,Controle estrangeiro,S3,15453428795.36,201712.00,231343500.90,282324798.24,513668299.14,True,True,0.03
2017,C0031976,BRB,B1,,DF,Público,S3,13892108363.05,201712.00,90478854.33,169453458.17,259932312.50,True,True,0.02
2017,C0051413,MORGAN STANLEY,B1,,SP,Controle estrangeiro,S3,13724089350.50,201712.00,159983521.67,147762939.89,307746461.56,True,True,0.02
2017,C0051293,ALFA,B1,,SP,Privado nacional,S3,13696588510.83,201712.00,66814605.74,73159634.50,139974240.24,True,True,0.01
2017,59274605,BANCO GMAC S.A.,B2,Banco Múltiplo,SP,Controle estrangeiro,S3,12415082548.46,201712.00,118406850.76,198467750.91,316874601.67,True,True,0.03
2017,62331228,DEUTSCHE BANK S.A. - BANCO ALEMAO,B1,Banco Múltiplo,SP,Controle estrangeiro,S3,12006897955.27,201712.00,,42463403.94,42463403.94,False,True,0.00
2017,C0051066,CREDIT AGRICOLE,B1,,SP,Controle estrangeiro,S3,11161121999.77,201712.00,3070720.65,-9115575.85,-6044855.20,True,True,-0.00
2017,C0020152,MERCANTIL DO BRASIL,B1,,MG,Privado nacional,S3,9745345027.35,201712.00,9682766.77,18367823.47,28050590.24,True,True,0.00
2017,C0051585,GOLDMAN SACHS,B2,,SP,Controle estrangeiro,S3,9275024906.10,201712.00,56252679.79,207645519.43,263898199.22,True,True,0.03
2017,31597552,BANCO CLASSICO S.A.,B1,Banco Múltiplo,RJ,Privado nacional,S3,9157135698.45,201712.00,44353262.88,135291114.43,179644377.31,True,True,0.02
2017,C0051781,ORIGINAL,B1,,SP,Privado nacional,S3,8832925533.41,201712.00,2896154.18,-1395896.55,1500257.63,True,True,0.00
2017,C0050304,PINE,B1,,SP,Privado nacional,S3,8586978795.66,201712.00,-20681435.84,-242145001.69,-262826437.53,True,True,-0.03
2017,C0051262,MERCEDES-BENZ,B2,,SP,Controle estrangeiro,S3,8470326997.60,201712.00,15128219.20,18380058.66,33508277.86,True,True,0.00
2017,02992446,BANCO CNH INDUSTRIAL CAPITAL S.A.,B2,Banco Múltiplo,PR,Controle estrangeiro,S3,8112409759.87,201712.00,80856823.38,131280359.94,212137183.32,True,True,0.03
2017,08357240,BANCO CSF S.A.,B2,Banco Múltiplo,SP,Controle estrangeiro,S3,7374310405.94,201712.00,116370479.50,115974539.73,232345019.23,True,True,0.03
2017,C0050071,JOHN DEERE,B1,,SP,Controle estrangeiro,S4,7335178962.05,201712.00,80417024.97,61923519.01,142340543.98,True,True,0.02
2017,38486817,BANCO DE DESENVOLVIMENTO DE MINAS GERAIS S.A.-BDMG,B4,Banco de Desenvolvimento,MG,Público,S3,6943554849.02,201712.00,-36327077.35,-141203898.19,-177530975.54,True,True,-0.03
2017,04913711,BANCO DO ESTADO DO PARÁ S.A.,B1,Banco Múltiplo,PA,Público,S4,6937363681.68,201712.00,93813092.61,165222011.12,259035103.73,True,True,0.04
2017,60518222,BANCO SUMITOMO MITSUI BRASILEIRO S.A.,B1,Banco Múltiplo,SP,Controle estrangeiro,S3,6608680595.01,201712.00,18730789.23,36882054.72,55612843.95,True,True,0.01
2017,58616418,BANCO FIBRA S.A.,B1,Banco Múltiplo,SP,Privado nacional,S3,6324540597.71,201712.00,-4976214.18,-23697430.82,-28673645.00,True,True,-0.00
2017,03215790,BANCO TOYOTA DO BRASIL S.A.,B2,Banco Múltiplo,SP,Controle estrangeiro,S4,6215347061.06,201712.00,39604145.88,59028341.74,98632487.62,True,True,0.02
2017,C0030881,PARANÁ BANCO,B1,,PR,Privado nacional,S4,5460179182.14,201712.00,67150999.07,122661577.43,189812576.50,True,True,0.03
2017,05040481,BANCO DE LAGE LANDEN BRASIL S.A.,B2,Banco Múltiplo,RS,Controle estrangeiro,S4,5389738215.42,201712.00,42452730.08,73902895.46,116355625.54,True,True,0.02
2017,C0052003,BOCOM,B1,,BA,Controle estrangeiro,S4,5133353891.39,201712.00,23134210.35,20221056.12,43355266.47,True,True,0.01
2017,C0052010,CREFISA,B1,,SP,Privado nacional,S4,4989112133.43,201712.00,487065165.51,503077387.33,990142552.84,True,True,0.20
2017,C0051482,HAITONG,B2,,SP,Controle estrangeiro,S3,4874070639.63,201712.00,-40210328.98,-52192996.35,-92403325.33,True,True,-0.02
2017,13009717,BANCO DO ESTADO DE SERGIPE S.A.,B1,Banco Múltiplo,SE,Público,S4,4868785416.50,201712.00,36295484.03,57365707.92,93661191.95,True,True,0.02
2017,C0051554,MIZUHO,B1,,SP,Controle estrangeiro,S4,4560870534.23,201712.00,1321127.69,36084078.22,37405205.91,True,True,0.01
2017,62237425,BANCO FIDIS S/A,B2,Banco Múltiplo,MG,Controle estrangeiro,S4,4464753198.02,201712.00,14267672.70,54568200.20,68835872.90,True,True,0.02
2017,C0031873,SOFISA,B1,,SP,Privado nacional,S4,4443991563.97,201712.00,43308913.68,49322129.92,92631043.60,True,True,0.02
2017,C0051396,HONDA,B2,,SP,Controle estrangeiro,S4,4339675563.85,201712.00,36678568.06,71175794.89,107854362.95,True,True,0.02
2017,29030467,SCOTIABANK BRASIL S.A. BANCO MÚLTIPLO,B1,Banco Múltiplo,SP,Controle estrangeiro,S4,3838178778.88,201712.00,-20779394.24,22909604.12,2130209.88,True,True,0.00
2017,34270520,BANCO IBM S.A.,B2,Banco Múltiplo,RJ,Controle estrangeiro,S4,3595814325.41,201712.00,26946791.10,24666318.97,51613110.07,True,True,0.01
2017,C0051884,INTER,B1,,MG,Privado nacional,S4,3581261500.69,201712.00,22081665.78,26104170.15,48185835.93,True,True,0.01
2017,C0052034,GRUPO BONSUCESSO - BS2,B1,,MG,Privado nacional,S4,3538404815.37,201712.00,24019756.43,24046230.14,48065986.57,True,True,0.01
2017,58017179,BANCO VOLVO BRASIL S.A.,B2,Banco Múltiplo,PR,Controle estrangeiro,S4,3506450386.91,201712.00,3586652.97,91894978.84,95481631.81,True,True,0.03
2017,03609817,BANCO CARGILL S.A.,B1,Banco Múltiplo,SP,Controle estrangeiro,S4,3288347497.67,201712.00,32511971.77,-86323217.61,-53811245.84,True,True,-0.02
2017,C0051963,MODAL,B1,,RJ,Privado nacional,S4,3027212303.22,201712.00,7700796.73,-1077802.80,6622993.93,True,True,0.00
2017,C0050988,INDUSTRIAL DO BRASIL,B1,,SP,Privado nacional,S4,2971536208.37,201712.00,13385632.02,21409714.61,34795346.63,True,True,0.01
2017,C0050328,SOCOPA,B1,,SP,Privado nacional,S4,2787378729.01,201712.00,19500199.39,30615167.14,50115366.53,True,True,0.02
2017,11932017,STANDARD CHARTERED BANK (BRASIL) S.A. - BANCO DE INVESTIMENTO,B2,Banco de Investimento,SP,Controle estrangeiro,S4,2762286811.83,201712.00,11914258.55,928558.48,12842817.03,True,True,0.00
2017,02658435,BANCO CATERPILLAR S.A.,B2,Banco Múltiplo,SP,Controle estrangeiro,S4,2666070762.85,201712.00,23726212.95,50586345.30,74312558.25,True,True,0.03
2017,C0050531,INDUSVAL,B1,,SP,Privado nacional,S4,2661921715.51,201712.00,-86936881.22,-136542107.16,-223478988.38,True,True,-0.08
2017,C0050940,OMNI,B1,,SP,Privado nacional,S4,2581229746.11,201712.00,28960577.06,26704063.89,55664640.95,True,True,0.02
2017,17351180,BANCO TRIANGULO S.A.,B1,Banco Múltiplo,MG,Privado nacional,S4,2498314622.70,201712.00,38737817.19,34530670.06,73268487.25,True,True,0.03
2017,C0051468,RENDIMENTO,B1,,SP,Privado nacional,S4,2355174423.52,201712.00,26317501.05,31315947.89,57633448.94,True,True,0.02
2017,03532415,BANCO ABN AMRO S.A.,B1,Banco Múltiplo,SP,Controle estrangeiro,S4,2137955072.22,201712.00,13074770.11,17456527.28,30531297.39,True,True,0.01
2017,11417016,SCANIA BANCO S.A.,B2,Banco Múltiplo,SP,Controle estrangeiro,S4,1966216625.94,201712.00,-997744.42,21334455.14,20336710.72,True,True,0.01
2017,C0051815,CAIXA GERAL,B1,,SP,Controle estrangeiro,S4,1905180168.97,201712.00,145760576.63,8625558.70,154386135.33,True,True,0.08
2017,33603457,BANCO RODOBENS S.A.,B1,Banco Múltiplo,SP,Privado nacional,S4,1817854674.20,201712.00,49229857.84,39448997.14,88678854.98,True,True,0.05
2017,27098060,BANCO CBSS S.A.,B2,Banco Múltiplo,SP,Controle estrangeiro,S4,1578593819.94,201712.00,-41906530.29,-38874940.22,-80781470.51,True,True,-0.05
2017,C0050201,MÁXIMA,B1,,RJ,Privado nacional,S4,1555701925.99,201712.00,8645408.70,-2633592.82,6011815.88,True,True,0.00
2017,28145829,BANCO DE DESENVOLVIMENTO DO ESPIRITO SANTO S.A.,B4,Banco de Desenvolvimento,ES,Público,S4,1520698635.01,201712.00,-20102925.23,27669385.13,7566459.90,True,True,0.00
2017,C0051956,AGIPLAN,B1,,RS,Privado nacional,S4,1510721047.72,201712.00,30985223.35,80095886.77,111081110.12,True,True,0.07
2017,90731688,BANCO FORD S.A.,B2,Banco Múltiplo,SP,Controle estrangeiro,S4,1484750385.44,201712.00,7434899.75,13815007.85,21249907.60,True,True,0.01
2017,92874270,BANCO A.J. RENNER S.A.,B1,Banco Múltiplo,RS,Privado nacional,S4,1369717838.48,201712.00,11322188.70,12684469.06,24006657.76,True,True,0.02
2017,31880826,BANCO GUANABARA S.A.,B1,Banco Múltiplo,RJ,Privado nacional,S4,1307836705.01,201712.00,6884047.68,6191893.77,13075941.45,True,True,0.01
2017,59118133,BANCO LUSO BRASILEIRO S.A.,B1,Banco Múltiplo,SP,Privado nacional,S4,1293394636.27,201712.00,10479550.91,9805350.35,20284901.26,True,True,0.02
2017,53518684,HSBC BRASIL S.A. - BANCO DE INVESTIMENTO,B2,Banco de Investimento,SP,Controle estrangeiro,S4,1278713927.18,201712.00,41265634.61,51710038.17,92975672.78,True,True,0.07
2017,07656500,BANCO KDB DO BRASIL S.A.,B1,Banco Múltiplo,SP,Controle estrangeiro,S4,1235799330.02,201712.00,19968024.87,8378399.39,28346424.26,True,True,0.02
2017,17453575,ICBC DO BRASIL BANCO MÚLTIPLO S.A.,B1,Banco Múltiplo,SP,Controle estrangeiro,S4,1075484903.65,201712.00,2044725.92,-1061468.98,983256.94,True,True,0.00
2017,C0051839,BRASIL PLURAL,B1,,RJ,Privado nacional,S4,896945163.38,201712.00,-21847469.70,1651374.06,-20196095.64,True,True,-0.02
2017,00795423,BANCO SEMEAR S.A.,B1,Banco Múltiplo,MG,Privado nacional,S4,896694201.79,201712.00,2600779.35,17253363.22,19854142.57,True,True,0.02
2017,10371492,BANCO YAMAHA MOTOR DO BRASIL S.A.,B2,Banco Múltiplo,SP,Controle estrangeiro,S4,790293746.80,201712.00,7514105.28,15602935.08,23117040.36,True,True,0.03
2017,C0050122,FATOR,B1,,SP,Privado nacional,S4,727465976.96,201712.00,-17175819.59,-19518136.02,-36693955.61,True,True,-0.05
2017,07441209,BANCO MONEO S.A.,B2,Banco Múltiplo,RS,Privado nacional,S4,685904503.29,201712.00,-4163647.27,3232968.63,-930678.64,True,True,-0.00
2017,15357060,BANCO WOORI BANK DO BRASIL S.A.,B1,Banco Múltiplo,SP,Controle estrangeiro,S4,660902997.08,201712.00,3538176.94,1722790.17,5260967.11,True,True,0.01
2017,02318507,BANCO KEB HANA DO BRASIL S.A.,B1,Banco Comercial,SP,Controle estrangeiro,S4,613134723.87,201712.00,6538077.52,2990180.79,9528258.31,True,True,0.02
2017,C0051901,OURINVEST,B1,,SP,Privado nacional,S4,602217744.06,201712.00,10892181.94,14076102.50,24968284.44,True,True,0.04
2017,00517645,BANCO RIBEIRAO PRETO S.A.,B1,Banco Múltiplo,SP,Privado nacional,S4,601920402.88,201712.00,2425604.39,10035968.82,12461573.21,True,True,0.02
2017,C0020255,BANIF,B1,,SP,Controle estrangeiro,S4,589139125.54,201712.00,-110299.29,-17984432.83,-18094732.12,True,True,-0.03
2017,10690848,BANCO DA CHINA BRASIL S.A.,B1,Banco Múltiplo,SP,Controle estrangeiro,S4,579247377.70,201712.00,-4829883.58,1783400.63,-3046482.95,True,True,-0.01
2017,55230916,INTESA SANPAOLO BRASIL S.A. - BANCO MÚLTIPLO,B1,Banco Múltiplo,SP,Controle estrangeiro,S4,571565704.44,201712.00,5638369.76,7801907.99,13440277.75,True,True,0.02
2017,C0051877,UBS,B2,,SP,Controle estrangeiro,S4,535429014.66,201712.00,-5840818.65,1966974.00,-3873844.65,True,True,-0.01
2017,57839805,BANCO TRICURY S.A.,B2,Banco Múltiplo,SP,Privado nacional,S4,528239515.05,201712.00,15347507.15,17415943.79,32763450.94,True,True,0.06
2017,00997185,BANCO BM&FBOVESPA DE SERVIÇOS DE LIQUIDAÇÃO E CUSTÓDIA S.A.,B1,Banco Comercial,SP,Privado nacional,S4,508347938.79,201712.00,5823130.39,7098733.61,12921864.00,True,True,0.03
2017,07679404,BANCO TOPÁZIO S.A.,B1,Banco Múltiplo,RS,Privado nacional,S4,486671393.47,201712.00,1419149.24,3224618.65,4643767.89,True,True,0.01
2017,C0051808,BNY MELLON,B1,,RJ,Controle estrangeiro,S4,437000374.23,201712.00,-7682131.80,-19485532.41,-27167664.21,True,True,-0.06
2017,11476673,BANCO RANDON S.A.,B2,Banco Múltiplo,RS,Privado nacional,S4,345958050.07,201712.00,2868195.01,3274631.67,6142826.68,True,True,0.02
2017,23522214,COMMERZBANK BRASIL S.A. - BANCO MÚLTIPLO,B1,Banco Múltiplo,SP,Controle estrangeiro,S4,344229589.84,201712.00,-6959803.47,-4174840.21,-11134643.68,True,True,-0.03
2017,C0051671,CONFIDENCE,B2,,SP,Privado nacional,S4,339924375.75,201712.00,5809075.41,2701319.41,8510394.82,True,True,0.03
2017,C0051822,BR PARTNERS,B2,,SP,Privado nacional,S4,336525122.26,201712.00,3413320.21,2605441.09,6018761.30,True,True,0.02
2017,C0050524,VR,B1,,SP,Privado nacional,S4,287467432.06,201712.00,-384768.71,-30553773.97,-30938542.68,True,True,-0.11
2017,74828799,NOVO BANCO CONTINENTAL S.A. - BANCO MÚLTIPLO,B1,Banco Múltiplo,RS,Controle estrangeiro,S4,278834724.03,201712.00,637483.88,583370.35,1220854.23,True,True,0.00
2017,00253448,BANCO NEON S.A.,B1,Banco Comercial,MG,Privado nacional,S4,261737975.80,201712.00,-1408672.89,-2756167.53,-4164840.42,True,True,-0.02
2017,C0051767,WESTERN UNION,B1,,SP,Controle estrangeiro,S4,248420607.25,201712.00,7052583.39,8211081.49,15263664.88,True,True,0.06
2017,54403563,BANCO ARBI S.A.,B1,Banco Comercial,RJ,Privado nacional,S4,203538919.24,201712.00,-249925.85,757028.76,507102.91,True,True,0.00
2017,33042151,BANCO DE LA NACION ARGENTINA,B1,Banco Comercial Estrangeiro - Filial no país,SP,Controle estrangeiro,S4,203223469.94,201712.00,-1748609.04,-2122720.57,-3871329.61,True,True,-0.02
2017,09274232,NATIXIS BRASIL S.A. BANCO MÚLTIPLO,B1,Banco Múltiplo,SP,Controle estrangeiro,S4,178031895.07,201712.00,3587715.54,5933983.97,9521699.51,True,True,0.05
2017,C0051949,ANDBANK,B1,,SP,Controle estrangeiro,S4,159489569.80,201712.00,-4689727.33,-964909.74,-5654637.07,True,True,-0.04
2017,C0051743,BEXS,B2,,SP,Privado nacional,S4,156840803.20,201712.00,22702092.74,30612712.08,53314804.82,True,True,0.34
2017,33132044,BANCO CEDULA S.A.,B1,Banco Múltiplo,RJ,Privado nacional,S4,141540786.89,201712.00,-13098663.80,23748053.64,10649389.84,True,True,0.08
2017,44189447,BANCO DE LA PROVINCIA DE BUENOS AIRES,B1,Banco Comercial Estrangeiro - Filial no país,SP,Controle estrangeiro,S4,140961220.32,201712.00,1723218.27,-227203.65,1496014.62,True,True,0.01
2017,45283173,BBVA BRASIL BANCO DE INVESTIMENTO S.A.,B2,Banco de Investimento,SP,Controle estrangeiro,S4,136186809.24,201712.00,3476069.33,7416904.15,10892973.48,True,True,0.08
2017,23903068,BANCO KOMATSU DO BRASIL S.A.,B2,Banco Múltiplo,SP,Controle estrangeiro,S4,133296420.15,201712.00,-178838.06,477219.12,298381.06,True,True,0.00
2017,19307785,MS BANK S.A. BANCO DE CÂMBIO,B2,Banco de Câmbio,PR,Privado nacional,S4,117862326.17,201712.00,4299737.28,8582206.18,12881943.46,True,True,0.11
2017,04866275,BANCO INBURSA S.A.,B1,Banco Múltiplo,SP,Controle estrangeiro,S4,86461957.41,201712.00,-5822292.15,-9018039.03,-14840331.18,True,True,-0.17
2017,51938876,BANCO DE LA REPUBLICA ORIENTAL DEL URUGUAY,B1,Banco Comercial Estrangeiro - Filial no país,SP,Controle estrangeiro,S4,74662893.63,201712.00,9657933.98,1350273.23,11008207.21,True,True,0.15
2017,C0051688,FINAXIS,B1,,PR,Privado nacional,S4,65359816.56,201712.00,2525977.61,824767.77,3350745.38,True,True,0.05
2017,61348538,BANCO FICSA S.A.,B1,Banco Múltiplo,SP,Privado nacional,S4,60154783.23,201712.00,-2046014.34,-5965279.86,-8011294.20,True,True,-0.13
2017,80271455,BANCO MAXINVEST S.A.,B2,Banco Múltiplo,PR,Privado nacional,S4,36426224.88,201712.00,5637927.47,1051370.19,6689297.66,True,True,0.18
2017,40429946,BANCO PORTO REAL DE INVESTIMENTOS S.A,B2,Banco de Investimento,RJ,Privado nacional,S4,30961677.76,201712.00,987499.09,881396.99,1868896.08,True,True,0.06
2017,15173776,BANCO CAPITAL S.A.,B1,Banco Múltiplo,BA,Privado nacional,S4,26272098.83,201712.00,-438501.04,-605727.78,-1044228.82,True,True,-0.04
2017,33588252,BANCO INDUSCRED DE INVESTIMENTO S.A.,B2,Banco de Investimento,SP,Privado nacional,S4,25733332.51,201712.00,3414333.86,-1152053.50,2262280.36,True,True,0.09
2017,09526594,BANCO VIPAL S.A.,B2,Banco Múltiplo,RS,Privado nacional,S4,16630302.94,201712.00,-6405979.28,-367011.83,-6772991.11,True,True,-0.41
2018,C0010069,ITAU,B1,,SP,Privado nacional,S1,1492812200656.21,201812.00,10128205052.35,12152850053.32,22281055105.67,True,True,0.01
2018,C0049906,BB,B1,,DF,Público,S1,1418172877101.37,201812.00,5961520399.26,6907614965.72,12869135364.98,True,True,0.01
2018,00360305,CAIXA ECONOMICA FEDERAL,B1,Caixa Econômica Federal,DF,Público,S1,1264649575825.75,201812.00,5832657355.48,2928299417.96,8760956773.44,True,True,0.01
2018,C0010045,BRADESCO,B1,,SP,Privado nacional,S1,1132855125508.06,201812.00,9035428432.38,10158130972.05,19193559404.43,True,True,0.02
2018,33657248,BANCO NACIONAL DE DESENVOLVIMENTO ECONOMICO E SOCIAL,B4,BNDES,RJ,Público,S2,806562705268.92,201812.00,4760492967.68,1950283782.28,6710776749.96,True,True,0.01
2018,C0030379,SANTANDER,B1,,SP,Controle estrangeiro,S1,787552212440.58,201812.00,5951379066.18,6588262591.91,12539641658.09,True,True,0.02
2018,C0010083,SAFRA,B1,,SP,Privado nacional,S2,167443313327.65,201812.00,1057892214.69,1087865343.52,2145757558.21,True,True,0.01
2018,C0049944,BTG PACTUAL,B1,,RJ,Privado nacional,S1,165487880317.99,201812.00,224803893.25,1054145560.71,1278949453.96,True,True,0.01
2018,C0051011,VOTORANTIM,B1,,SP,Privado nacional,S2,101819911363.26,201812.00,511038934.11,550132496.20,1061171430.31,True,True,0.01
2018,C0030173,BANRISUL,B1,,RS,Público,S2,77042939804.81,201812.00,505920937.95,542707811.81,1048628749.76,True,True,0.01
2018,C0030403,CITIBANK,B1,,SP,Controle estrangeiro,S2,74713445814.66,201812.00,590026306.95,711307231.25,1301333538.20,True,True,0.02
2018,07237373,BANCO DO NORDESTE DO BRASIL S.A.,B1,Banco Múltiplo,CE,Público,S2,58628962619.22,201812.00,231817820.26,493685468.91,725503289.17,True,True,0.01
2018,C0051750,BANCOOB,B1,,DF,Privado nacional,S3,50021018105.32,201812.00,132626908.09,96444772.48,229071680.57,True,True,0.00
2018,C0020107,JP MORGAN CHASE,B1,,SP,Controle estrangeiro,S3,49999247596.19,201812.00,190912712.47,71108037.90,262020750.37,True,True,0.01
2018,01181521,BANCO COOPERATIVO SICREDI S.A.,B1,Banco Múltiplo Cooperativo,RS,Privado nacional,S3,46980187320.59,201812.00,51026404.43,38498043.44,89524447.87,True,True,0.00
2018,C0051516,BNP PARIBAS,B1,,SP,Controle estrangeiro,S3,46811729163.93,201812.00,94178970.27,264382393.35,358561363.62,True,True,0.01
2018,C0041856,ABC-BRASIL,B1,,SP,Controle estrangeiro,S3,32727129125.45,201812.00,220201141.67,197885169.32,418086310.99,True,True,0.01
2018,C0030771,CREDIT SUISSE,B1,,SP,Controle estrangeiro,S3,31556583064.64,201812.00,171768124.07,15166681.09,186934805.16,True,True,0.01
2018,C0031859,SOCIETE GENERALE,B1,,SP,Controle estrangeiro,S3,31268955687.46,201812.00,77698394.20,-45767367.72,31931026.48,True,True,0.00
2018,C0051066,CREDIT AGRICOLE,B1,,SP,Controle estrangeiro,S3,30148220511.63,201812.00,-18935409.38,53039211.11,34103801.73,True,True,0.00
2018,C0051987,DAYCOVAL,B1,,SP,Privado nacional,S3,29632112842.62,201812.00,291733033.10,354101895.80,645834928.90,True,True,0.02
2018,01023570,BANCO RABOBANK INTERNATIONAL BRASIL S.A.,B1,Banco Múltiplo,SP,Controle estrangeiro,S3,28910556075.10,201812.00,-31463857.32,201071387.16,169607529.84,True,True,0.01
2018,C0030159,BANESTES,B1,,ES,Público,S3,27750297716.01,201812.00,81203643.91,99851268.01,181054911.92,True,True,0.01
2018,C0031323,PAN,B1,,SP,Privado nacional,S3,27498199665.59,201812.00,98764198.12,122750867.22,221515065.34,True,True,0.01
2018,60498557,BANCO MUFG BRASIL S.A.,B1,Banco Múltiplo,SP,Controle estrangeiro,S3,26128658296.56,201812.00,22047695.44,31848224.37,53895919.81,True,True,0.00
2018,C0032119,CCB,B1,,SP,Controle estrangeiro,S3,23577982146.76,201812.00,30683276.82,-221328071.29,-190644794.47,True,True,-0.01
2018,C0051073,ING,B1,,SP,Controle estrangeiro,S3,21012827292.34,201812.00,10448582.73,22961868.58,33410451.31,True,True,0.00
2018,04902979,BANCO DA AMAZONIA S.A.,B1,Banco Comercial,PA,Público,S3,18939959313.50,201812.00,-26212091.68,135290368.80,109078277.12,True,True,0.01
2018,C0051413,MORGAN STANLEY,B1,,SP,Controle estrangeiro,S3,18854834272.48,201812.00,37477824.04,267183495.64,304661319.68,True,True,0.02
2018,C0051255,BOFA MERRILL LYNCH,B1,,SP,Controle estrangeiro,S3,17456092668.32,201812.00,88175829.77,142346263.24,230522093.01,True,True,0.01
2018,92816560,BANCO REGIONAL DE DESENVOLVIMENTO DO EXTREMO SUL,B4,Banco de Desenvolvimento,RS,Público,S3,17255400543.78,201812.00,65739402.89,112781139.55,178520542.44,True,True,0.01
2018,59109165,BANCO VOLKSWAGEN S.A.,B2,Banco Múltiplo,SP,Controle estrangeiro,S3,17041557574.61,201812.00,297744478.33,256582240.67,554326719.00,True,True,0.03
2018,C0030290,BMG,B1,,SP,Privado nacional,S3,16937547227.64,201812.00,76039989.19,94715926.31,170755915.50,True,True,0.01
2018,C0031976,BRB,B1,,DF,Público,S3,15030554322.39,201812.00,135367972.97,115214785.86,250582758.83,True,True,0.02
2018,C0051293,ALFA,B1,,SP,Privado nacional,S3,14386923521.47,201812.00,62882639.57,68905038.42,131787677.99,True,True,0.01
2018,59274605,BANCO GMAC S.A.,B2,Banco Múltiplo,SP,Controle estrangeiro,S3,13916288084.48,201812.00,179980600.16,225605774.21,405586374.37,True,True,0.03
2018,C0051585,GOLDMAN SACHS,B2,,SP,Controle estrangeiro,S3,13184409503.76,201812.00,131948019.29,105628094.21,237576113.50,True,True,0.02
2018,C0051781,ORIGINAL,B1,,SP,Privado nacional,S3,11116679013.18,201812.00,2152887.71,578332.76,2731220.47,True,True,0.00
2018,C0051262,MERCEDES-BENZ,B2,,SP,Controle estrangeiro,S3,10101777862.61,201812.00,53317042.84,92003233.73,145320276.57,True,True,0.01
2018,62331228,DEUTSCHE BANK S.A. - BANCO ALEMAO,B1,Banco Múltiplo,SP,Controle estrangeiro,S3,9839580384.92,201812.00,-25620803.01,15007764.38,-10613038.63,True,True,-0.00
2018,31597552,BANCO CLASSICO S.A.,B1,Banco Múltiplo,RJ,Privado nacional,S3,9654771052.50,201812.00,62805251.53,217780122.34,280585373.87,True,True,0.03
2018,C0020152,MERCANTIL DO BRASIL,B1,,MG,Privado nacional,S3,9615448360.05,201812.00,29230644.70,28688758.20,57919402.90,True,True,0.01
2018,02992446,BANCO CNH INDUSTRIAL CAPITAL S.A.,B2,Banco Múltiplo,PR,Controle estrangeiro,S3,9303431281.18,201812.00,104232173.54,58931266.22,163163439.76,True,True,0.02
2018,C0050304,PINE,B1,,SP,Privado nacional,S3,9303109417.61,201812.00,10462465.08,-70168981.95,-59706516.87,True,True,-0.01
2018,08357240,BANCO CSF S.A.,B2,Banco Múltiplo,SP,Controle estrangeiro,S3,8734070393.05,201812.00,198561839.26,182260398.50,380822237.76,True,True,0.04
2018,C0050071,JOHN DEERE,B1,,SP,Controle estrangeiro,S4,7833344521.90,201812.00,75585627.04,72801419.11,148387046.15,True,True,0.02
2018,03215790,BANCO TOYOTA DO BRASIL S.A.,B2,Banco Múltiplo,SP,Controle estrangeiro,S4,7427266418.20,201812.00,86372670.96,41304224.26,127676895.22,True,True,0.02
2018,04913711,BANCO DO ESTADO DO PARÁ S.A.,B1,Banco Múltiplo,PA,Público,S4,7121289588.32,201812.00,130694777.99,177629675.75,308324453.74,True,True,0.04
2018,60518222,BANCO SUMITOMO MITSUI BRASILEIRO S.A.,B1,Banco Múltiplo,SP,Controle estrangeiro,S3,6804962389.51,201812.00,29094863.86,13779501.30,42874365.16,True,True,0.01
2018,C0052003,BOCOM,B1,,BA,Controle estrangeiro,S4,6676344505.41,201812.00,38842107.51,24817871.39,63659978.90,True,True,0.01
2018,38486817,BANCO DE DESENVOLVIMENTO DE MINAS GERAIS S.A.-BDMG,B4,Banco de Desenvolvimento,MG,Público,S3,6640963891.02,201812.00,60147049.66,65825912.91,125972962.57,True,True,0.02
2018,58616418,BANCO FIBRA S.A.,B1,Banco Múltiplo,SP,Privado nacional,S3,6519836450.65,201812.00,-15487420.96,28624363.61,13136942.65,True,True,0.00
2018,C0031873,SOFISA,B1,,SP,Privado nacional,S4,5991969938.60,201812.00,39354276.51,61046749.02,100401025.53,True,True,0.02
2018,29030467,SCOTIABANK BRASIL S.A. BANCO MÚLTIPLO,B1,Banco Múltiplo,SP,Controle estrangeiro,S4,5968175267.67,201812.00,33422414.90,25625706.43,59048121.33,True,True,0.01
2018,62237425,BANCO FIDIS S/A,B2,Banco Múltiplo,MG,Controle estrangeiro,S4,5856359347.95,201812.00,46323527.63,84664818.46,130988346.09,True,True,0.02
2018,C0052034,GRUPO BONSUCESSO - BS2,B1,,MG,Privado nacional,S4,5833342221.64,201812.00,17903608.67,17431358.45,35334967.12,True,True,0.01
2018,05040481,BANCO DE LAGE LANDEN BRASIL S.A.,B2,Banco Múltiplo,RS,Controle estrangeiro,S4,5711806675.74,201812.00,38253547.49,76473867.02,114727414.51,True,True,0.02
2018,C0052010,CREFISA,B1,,SP,Privado nacional,S4,5675118952.16,201812.00,372252010.47,667408508.43,1039660518.90,True,True,0.18
2018,C0051884,INTER,B1,,MG,Privado nacional,S4,5643444268.19,201812.00,28068898.07,39726741.20,67795639.27,True,True,0.01
2018,C0030881,PARANÁ BANCO,B1,,PR,Privado nacional,S4,5593404932.09,201812.00,104264610.82,111358432.14,215623042.96,True,True,0.04
2018,C0051554,MIZUHO,B1,,SP,Controle estrangeiro,S4,5319687048.61,201812.00,45730286.12,40853266.48,86583552.60,True,True,0.02
2018,13009717,BANCO DO ESTADO DE SERGIPE S.A.,B1,Banco Múltiplo,SE,Público,S4,5246848379.17,201812.00,29896424.93,32642957.88,62539382.81,True,True,0.01
2018,C0051396,HONDA,B2,,SP,Controle estrangeiro,S4,4708180752.78,201812.00,66808209.03,56168861.60,122977070.63,True,True,0.03
2018,03609817,BANCO CARGILL S.A.,B1,Banco Múltiplo,SP,Controle estrangeiro,S4,4099797914.66,201812.00,142681950.60,-12068014.09,130613936.51,True,True,0.03
2018,C0051482,HAITONG,B2,,SP,Controle estrangeiro,S3,4064365486.75,201812.00,-6984434.34,8044725.55,1060291.21,True,True,0.00
2018,11932017,STANDARD CHARTERED BANK (BRASIL) S.A. - BANCO DE INVESTIMENTO,B2,Banco de Investimento,SP,Controle estrangeiro,S4,3911367221.99,201812.00,8470882.97,789157.16,9260040.13,True,True,0.00
2018,58017179,BANCO VOLVO BRASIL S.A.,B2,Banco Múltiplo,PR,Controle estrangeiro,S4,3470751128.76,201812.00,62645862.52,84942645.44,147588507.96,True,True,0.04
2018,C0051963,MODAL,B1,,RJ,Privado nacional,S4,3411645831.12,201812.00,-17346820.90,-11666152.07,-29012972.97,True,True,-0.01
2018,C0050988,INDUSTRIAL DO BRASIL,B1,,SP,Privado nacional,S4,3223706172.12,201812.00,21081925.56,29013530.59,50095456.15,True,True,0.02
2018,C0050328,SOCOPA,B1,,SP,Privado nacional,S4,3114771027.35,201812.00,23552489.49,-25522549.67,-1970060.18,True,True,-0.00
2018,17351180,BANCO TRIANGULO S.A.,B1,Banco Múltiplo,MG,Privado nacional,S4,2980633631.48,201812.00,25125103.03,46062834.77,71187937.80,True,True,0.02
2018,C0050940,OMNI,B1,,SP,Privado nacional,S4,2847345546.48,201812.00,30065882.59,59925283.89,89991166.48,True,True,0.03
2018,C0050201,MÁXIMA,B1,,RJ,Privado nacional,S4,2718538845.80,201812.00,10244990.04,-13197453.10,-2952463.06,True,True,-0.00
2018,11417016,SCANIA BANCO S.A.,B2,Banco Múltiplo,SP,Controle estrangeiro,S4,2694759544.83,201812.00,-1760212.77,22916496.10,21156283.33,True,True,0.01
2018,C0051468,RENDIMENTO,B1,,SP,Privado nacional,S4,2629949782.82,201812.00,29305869.60,30669679.82,59975549.42,True,True,0.02
2018,03532415,BANCO ABN AMRO S.A.,B1,Banco Múltiplo,SP,Controle estrangeiro,S4,2583465954.39,201812.00,9772237.18,12540622.67,22312859.85,True,True,0.01
2018,C0050531,INDUSVAL,B1,,SP,Privado nacional,S4,2452172749.24,201812.00,-120924235.77,-4131616.24,-125055852.01,True,True,-0.05
2018,34270520,BANCO IBM S.A.,B2,Banco Múltiplo,RJ,Controle estrangeiro,S4,2354019586.79,201812.00,61306564.16,14278302.48,75584866.64,True,True,0.03
2018,10690848,BANCO DA CHINA BRASIL S.A.,B1,Banco Múltiplo,SP,Controle estrangeiro,S4,2281029814.94,201812.00,1218786.71,3307717.34,4526504.05,True,True,0.00
2018,C0051956,AGIBANK,B1,,RS,Privado nacional,S4,2256811088.28,201812.00,100087473.00,46427562.99,146515035.99,True,True,0.06
2018,02658435,BANCO CATERPILLAR S.A.,B2,Banco Múltiplo,SP,Controle estrangeiro,S4,2140756770.77,201812.00,21963884.80,36490830.93,58454715.73,True,True,0.03
2018,C0051815,CAIXA GERAL,B1,,SP,Controle estrangeiro,S4,2128586546.19,201812.00,7823188.30,4631132.83,12454321.13,True,True,0.01
2018,27098060,BANCO CBSS S.A.,B2,Banco Múltiplo,SP,Controle estrangeiro,S4,2074400123.01,201812.00,19355239.59,-1778592.83,17576646.76,True,True,0.01
2018,33603457,BANCO RODOBENS S.A.,B1,Banco Múltiplo,SP,Privado nacional,S4,1756662152.93,201812.00,40115645.99,24536986.51,64652632.50,True,True,0.04
2018,53518684,HSBC BRASIL S.A. - BANCO DE INVESTIMENTO,B2,Banco de Investimento,SP,Controle estrangeiro,S4,1733183450.81,201812.00,34589929.33,40922035.02,75511964.35,True,True,0.04
2018,92874270,BANCO A.J. RENNER S.A.,B1,Banco Múltiplo,RS,Controle estrangeiro,S4,1574197641.82,201812.00,14696669.65,10956014.01,25652683.66,True,True,0.02
2018,59118133,BANCO LUSO BRASILEIRO S.A.,B1,Banco Múltiplo,SP,Privado nacional,S4,1551719288.16,201812.00,7081458.21,15949627.97,23031086.18,True,True,0.01
2018,90731688,BANCO FORD S.A.,B2,Banco Múltiplo,SP,Controle estrangeiro,S4,1485679077.64,201812.00,18978664.96,9098777.45,28077442.41,True,True,0.02
2018,17453575,ICBC DO BRASIL BANCO MÚLTIPLO S.A.,B1,Banco Múltiplo,SP,Controle estrangeiro,S4,1484765225.35,201812.00,1802439.20,-852885.82,949553.38,True,True,0.00
2018,28145829,BANCO DE DESENVOLVIMENTO DO ESPIRITO SANTO S.A.,B4,Banco de Desenvolvimento,ES,Público,S4,1476862445.19,201812.00,-10093736.22,11763505.16,1669768.94,True,True,0.00
2018,31880826,BANCO GUANABARA S.A.,B1,Banco Múltiplo,RJ,Privado nacional,S4,1320151023.51,201812.00,16093197.50,11471699.26,27564896.76,True,True,0.02
2018,07656500,BANCO KDB DO BRASIL S.A.,B1,Banco Múltiplo,SP,Controle estrangeiro,S4,1167608619.29,201812.00,34708882.28,4125351.87,38834234.15,True,True,0.03
2018,00795423,BANCO SEMEAR S.A.,B1,Banco Múltiplo,MG,Privado nacional,S4,1096518611.60,201812.00,16129629.49,4619163.08,20748792.57,True,True,0.02
2018,10371492,BANCO YAMAHA MOTOR DO BRASIL S.A.,B2,Banco Múltiplo,SP,Controle estrangeiro,S4,1040353681.74,201812.00,16866779.30,9258236.16,26125015.46,True,True,0.03
2018,C0051839,BRASIL PLURAL,B1,,RJ,Privado nacional,S4,958879069.90,201812.00,-19649513.57,-8492552.16,-28142065.73,True,True,-0.03
2018,07679404,BANCO TOPÁZIO S.A.,B1,Banco Múltiplo,RS,Privado nacional,S4,954268805.53,201812.00,1767620.86,-8980504.89,-7212884.03,True,True,-0.01
2018,C0050122,FATOR,B1,,SP,Privado nacional,S4,913588810.71,201812.00,-11381495.50,13816947.48,2435451.98,True,True,0.00
2018,23522214,COMMERZBANK BRASIL S.A. - BANCO MÚLTIPLO,B1,Banco Múltiplo,SP,Controle estrangeiro,S4,829726547.30,201812.00,-7863693.54,-10461092.26,-18324785.80,True,True,-0.02
2018,C0051877,UBS,B2,,SP,Controle estrangeiro,S4,819063031.42,201812.00,7998547.33,1720449.98,9718997.31,True,True,0.01
2018,00997185,BANCO B3 S.A.,B1,Banco Comercial,SP,Privado nacional,S4,805965797.42,201812.00,3258623.53,8368472.54,11627096.07,True,True,0.01
2018,C0051901,OURINVEST,B1,,SP,Privado nacional,S4,739031261.89,201812.00,3376843.76,13331140.71,16707984.47,True,True,0.02
2018,74828799,NOVO BANCO CONTINENTAL S.A. - BANCO MÚLTIPLO,B1,Banco Múltiplo,RS,Controle estrangeiro,S4,722828574.52,201812.00,3073597.68,7592084.22,10665681.90,True,True,0.01
2018,00517645,BANCO RIBEIRAO PRETO S.A.,B1,Banco Múltiplo,SP,Privado nacional,S4,701579968.21,201812.00,11037447.48,4634351.04,15671798.52,True,True,0.02
2018,C0051774,BARIGUI,B2,,PR,Privado nacional,S4,701104489.80,201812.00,12264978.73,16091969.21,28356947.94,True,True,0.04
2018,55230916,INTESA SANPAOLO BRASIL S.A. - BANCO MÚLTIPLO,B1,Banco Múltiplo,SP,Controle estrangeiro,S4,683572823.17,201812.00,4380945.41,5105275.39,9486220.80,True,True,0.01
2018,07441209,BANCO MONEO S.A.,B2,Banco Múltiplo,RS,Privado nacional,S4,644167938.27,201812.00,6714113.60,5104057.90,11818171.50,True,True,0.02
2018,02318507,BANCO KEB HANA DO BRASIL S.A.,B1,Banco Comercial,SP,Controle estrangeiro,S4,643067443.58,201812.00,2986548.03,1756182.59,4742730.62,True,True,0.01
2018,15357060,BANCO WOORI BANK DO BRASIL S.A.,B1,Banco Múltiplo,SP,Controle estrangeiro,S4,623143945.44,201812.00,2559087.51,1606100.64,4165188.15,True,True,0.01
2018,57839805,BANCO TRICURY S.A.,B2,Banco Múltiplo,SP,Privado nacional,S4,568012505.80,201812.00,9980972.34,13678270.38,23659242.72,True,True,0.04
2018,C0050524,VR,B1,,SP,Privado nacional,S4,490663740.72,201812.00,-1573148.98,3487.61,-1569661.37,True,True,-0.00
2018,C0051808,BNY MELLON,B1,,RJ,Controle estrangeiro,S4,457304323.20,201812.00,7083458.93,9365283.17,16448742.10,True,True,0.04
2018,11476673,BANCO RANDON S.A.,B2,Banco Múltiplo,RS,Privado nacional,S4,433598783.07,201812.00,3614086.23,-1124304.88,2489781.35,True,True,0.01
2018,C0051822,BR PARTNERS,B2,,SP,Privado nacional,S4,380720631.82,201812.00,4250310.28,294204.81,4544515.09,True,True,0.01
2018,C0051671,CONFIDENCE,B2,,SP,Privado nacional,S4,336329785.36,201812.00,24189690.55,4407768.82,28597459.37,True,True,0.09
2018,54403563,BANCO ARBI S.A.,B1,Banco Comercial,RJ,Privado nacional,S4,238813644.33,201812.00,2072247.94,2675530.86,4747778.80,True,True,0.02
2018,C0051949,ANDBANK,B1,,SP,Controle estrangeiro,S4,232988685.87,201812.00,921575.95,-1364243.86,-442667.91,True,True,-0.00
2018,C0051767,WESTERN UNION,B1,,SP,Controle estrangeiro,S4,230261030.72,201812.00,9055643.85,8595103.99,17650747.84,True,True,0.08
2018,23903068,BANCO KOMATSU DO BRASIL S.A.,B2,Banco Múltiplo,SP,Controle estrangeiro,S4,225291499.31,201812.00,593306.86,419500.83,1012807.69,True,True,0.00
2018,09274232,NATIXIS BRASIL S.A. BANCO MÚLTIPLO,B1,Banco Múltiplo,SP,Controle estrangeiro,S4,182890864.62,201812.00,4367102.74,7404413.04,11771515.78,True,True,0.06
2018,19307785,MS BANK S.A. BANCO DE CÂMBIO,B2,Banco de Câmbio,PR,Privado nacional,S4,182787270.05,201812.00,9252717.54,10312407.49,19565125.03,True,True,0.11
2018,C0051743,BEXS,B2,,SP,Privado nacional,S4,166832661.95,201812.00,24059443.90,25824343.67,49883787.57,True,True,0.30
2018,33132044,BANCO CEDULA S.A.,B1,Banco Múltiplo,RJ,Privado nacional,S4,139924593.93,201812.00,-1610636.26,995966.33,-614669.93,True,True,-0.00
2018,C0052041,INTL FCSTONE,B2,,SP,Controle estrangeiro,S4,122987432.83,201812.00,3049081.68,2182845.97,5231927.65,True,True,0.04
2018,45283173,BBVA BRASIL BANCO DE INVESTIMENTO S.A.,B2,Banco de Investimento,SP,Controle estrangeiro,S4,122285604.84,201812.00,-2632391.38,2929053.18,296661.80,True,True,0.00
2018,33042151,BANCO DE LA NACION ARGENTINA,B1,Banco Comercial Estrangeiro - Filial no país,SP,Controle estrangeiro,S4,103086525.90,201812.00,-3390910.12,-3966271.20,-7357181.32,True,True,-0.07
2018,44189447,BANCO DE LA PROVINCIA DE BUENOS AIRES,B1,Banco Comercial Estrangeiro - Filial no país,SP,Controle estrangeiro,S4,101835037.32,201812.00,353131.73,-2773911.16,-2420779.43,True,True,-0.02
2018,C0051688,FINAXIS,B1,,PR,Privado nacional,S4,69016872.99,201812.00,1288219.10,1151958.21,2440177.31,True,True,0.04
2018,04866275,BANCO INBURSA S.A.,B1,Banco Múltiplo,SP,Controle estrangeiro,S4,65037293.98,201812.00,-6231352.53,-8590865.76,-14822218.29,True,True,-0.23
2018,51938876,BANCO DE LA REPUBLICA ORIENTAL DEL URUGUAY,B1,Banco Comercial Estrangeiro - Filial no país,SP,Controle estrangeiro,S4,60322553.05,201812.00,-1860922.94,1450590.02,-410332.92,True,True,-0.01
2018,61348538,BANCO FICSA S.A.,B1,Banco Múltiplo,SP,Privado nacional,S4,47636836.55,201812.00,-6853205.21,-13937406.96,-20790612.17,True,True,-0.44
2018,80271455,BANCO MAXINVEST S.A.,B2,Banco Múltiplo,PR,Privado nacional,S4,34208486.07,201812.00,407425.46,205572.51,612997.97,True,True,0.02
2018,40429946,BANCO PORTO REAL DE INVESTIMENTOS S.A,B2,Banco de Investimento,RJ,Privado nacional,S4,29827621.81,201812.00,-279871.49,-204969.36,-484840.85,True,True,-0.02
2018,15173776,BANCO CAPITAL S.A.,B1,Banco Múltiplo,BA,Privado nacional,S4,24218020.59,201812.00,-1179266.18,-1112301.77,-2291567.95,True,True,-0.09
2018,33588252,BANCO INDUSCRED DE INVESTIMENTO S.A.,B2,Banco de Investimento,SP,Privado nacional,S4,20825053.43,201812.00,-484659.44,-721777.32,-1206436.76,True,True,-0.06
2018,09526594,BANCO VIPAL S.A.,B2,Banco Múltiplo,RS,Privado nacional,S4,15887694.01,201812.00,-261173.79,-168963.97,-430137.76,True,True,-0.03
2019,C0010069,ITAU,B1,,SP,Privado nacional,S1,1566952569295.99,201912.00,13733288138.05,13208774380.02,26942062518.07,True,True,0.02
2019,C0049906,BB,B1,,DF,Público,S1,1473282135935.61,201912.00,8251223706.75,9892596090.33,18143819797.08,True,True,0.01
2019,00360305,CAIXA ECONOMICA FEDERAL,B1,Caixa Econômica Federal,DF,Público,S1,1293481745239.08,201912.00,7533503530.20,11129609308.81,18663112839.01,True,True,0.01
2019,C0010045,BRADESCO,B1,,SP,Privado nacional,S1,1145326903744.37,201912.00,11934806867.06,10804026995.26,22738833862.32,True,True,0.02
2019,C0030379,SANTANDER,B1,,SP,Controle estrangeiro,S1,850334927823.85,201912.00,7075493112.74,7494008482.63,14569501595.37,True,True,0.02
2019,33657248,BANCO NACIONAL DE DESENVOLVIMENTO ECONOMICO E SOCIAL,B4,BNDES,RJ,Público,S2,739788327676.81,201912.00,13807584322.31,3913477734.09,17721062056.40,True,True,0.02
2019,C0049944,BTG PACTUAL,B1,,RJ,Privado nacional,S1,184985723508.64,201912.00,1671329400.25,2080749978.86,3752079379.11,True,True,0.02
2019,C0010083,SAFRA,B1,,SP,Privado nacional,S2,172818659816.00,201912.00,1040401528.29,1170799919.77,2211201448.06,True,True,0.01
2019,C0051011,VOTORANTIM,B1,,SP,Privado nacional,S2,96885220710.47,201912.00,688006101.96,682234414.93,1370240516.89,True,True,0.01
2019,C0030403,CITIBANK,B1,,SP,Controle estrangeiro,S2,92281195602.76,201912.00,705901882.03,827124205.13,1533026087.16,True,True,0.02
2019,C0030173,BANRISUL,B1,,RS,Público,S2,80992088685.47,201912.00,655347640.42,689070330.67,1344417971.09,True,True,0.02
2019,07237373,BANCO DO NORDESTE DO BRASIL S.A.,B1,Banco Múltiplo,CE,Público,S2,58630771357.67,201912.00,744777127.00,991907750.17,1736684877.17,True,True,0.03
2019,01181521,BANCO COOPERATIVO SICREDI S.A.,B1,Banco Múltiplo Cooperativo,RS,Privado nacional,S3,56444922082.23,201912.00,27688477.54,66081400.46,93769878.00,True,True,0.00
2019,C0051750,BANCOOB,B1,,DF,Privado nacional,S3,53777994205.44,201912.00,81821294.38,46139441.38,127960735.76,True,True,0.00
2019,C0030771,CREDIT SUISSE,B1,,SP,Controle estrangeiro,S3,52177331695.68,201912.00,384072489.47,536204122.01,920276611.48,True,True,0.02
2019,C0020107,JP MORGAN CHASE,B1,,SP,Controle estrangeiro,S3,47802395430.65,201912.00,146633435.82,487429289.21,634062725.03,True,True,0.01
2019,C0051516,BNP PARIBAS,B1,,SP,Controle estrangeiro,S3,44200587753.38,201912.00,212659394.87,137678572.84,350337967.71,True,True,0.01
2019,C0051073,ING,B1,,SP,Controle estrangeiro,S3,40504934192.37,201912.00,38334977.74,51336473.31,89671451.05,True,True,0.00
2019,C0041856,ABC-BRASIL,B1,,SP,Controle estrangeiro,S3,36255456018.66,201912.00,252279083.81,276121351.56,528400435.37,True,True,0.01
2019,C0051987,DAYCOVAL,B1,,SP,Privado nacional,S3,35560142574.71,201912.00,378747578.31,641497906.51,1020245484.82,True,True,0.03
2019,C0031323,PAN,B1,,SP,Privado nacional,S3,33093453695.77,201912.00,213813906.53,302121245.46,515935151.99,True,True,0.02
2019,01023570,BANCO RABOBANK INTERNATIONAL BRASIL S.A.,B1,Banco Múltiplo,SP,Controle estrangeiro,S3,32165765057.36,201912.00,187419325.08,179129317.38,366548642.46,True,True,0.01
2019,C0052120,XP,B1,,RJ,Privado nacional,S4,29395904198.21,201912.00,,187787699.18,187787699.18,False,True,0.01
2019,C0030159,BANESTES,B1,,ES,Público,S3,23560287878.54,201912.00,108993109.62,104744682.91,213737792.53,True,True,0.01
2019,60498557,BANCO MUFG BRASIL S.A.,B1,Banco Múltiplo,SP,Controle estrangeiro,S3,23511546128.19,201912.00,11831851.35,1645108.41,13476959.76,True,True,0.00
2019,59109165,BANCO VOLKSWAGEN S.A.,B2,Banco Múltiplo,SP,Controle estrangeiro,S3,21440200143.90,201912.00,295442246.67,340508049.42,635950296.09,True,True,0.03
2019,C0051066,CREDIT AGRICOLE,B1,,SP,Controle estrangeiro,S3,20749474966.66,201912.00,44959768.67,44511721.11,89471489.78,True,True,0.00
2019,04902979,BANCO DA AMAZONIA S.A.,B1,Banco Comercial,PA,Público,S3,20478841299.36,201912.00,59191185.56,216156732.03,275347917.59,True,True,0.01
2019,C0051255,BOFA MERRILL LYNCH,B1,,SP,Controle estrangeiro,S3,20014667892.35,201912.00,138161589.01,288804921.35,426966510.36,True,True,0.02
2019,C0030290,BMG,B1,,SP,Privado nacional,S3,18910554287.09,201912.00,138885307.79,228603093.26,367488401.05,True,True,0.02
2019,C0051413,MORGAN STANLEY,B1,,SP,Controle estrangeiro,S3,18527040541.17,201912.00,162482904.27,198729049.72,361211953.99,True,True,0.02
2019,C0032119,CCB,B1,,SP,Controle estrangeiro,S3,18474853258.73,201912.00,-98647278.47,93943889.95,-4703388.52,True,True,-0.00
2019,C0031859,SOCIETE GENERALE,B1,,SP,Controle estrangeiro,S3,17525751193.39,201912.00,123777575.58,-13175223.63,110602351.95,True,True,0.01
2019,92816560,BANCO REGIONAL DE DESENVOLVIMENTO DO EXTREMO SUL,B4,Banco de Desenvolvimento,RS,Público,S3,16871798074.48,201912.00,109582331.85,168381310.02,277963641.87,True,True,0.02
2019,C0031976,BRB,B1,,DF,Público,S3,16667239456.50,201912.00,160902138.05,257933660.59,418835798.64,True,True,0.03
2019,C0051293,ALFA,B1,,SP,Privado nacional,S3,14151835370.85,201912.00,62930750.58,84615266.21,147546016.79,True,True,0.01
2019,59274605,BANCO GMAC S.A.,B2,Banco Múltiplo,SP,Controle estrangeiro,S3,14021749799.70,201912.00,199453704.01,261436218.31,460889922.32,True,True,0.03
2019,C0051262,MERCEDES-BENZ,B2,,SP,Controle estrangeiro,S3,13079021032.24,201912.00,112467065.99,177988334.26,290455400.25,True,True,0.02
2019,C0051781,ORIGINAL,B1,,SP,Privado nacional,S3,12675355714.71,201912.00,3601285.96,14160444.96,17761730.92,True,True,0.00
2019,31597552,BANCO CLASSICO S.A.,B1,Banco Múltiplo,RJ,Privado nacional,S3,12116921097.23,201912.00,6640998.30,132887558.65,139528556.95,True,True,0.01
2019,C0051585,GOLDMAN SACHS,B2,,SP,Controle estrangeiro,S3,11435591385.00,201912.00,58392781.56,148549648.83,206942430.39,True,True,0.02
2019,08357240,BANCO CSF S.A.,B2,Banco Múltiplo,SP,Controle estrangeiro,S3,11012345590.44,201912.00,263639966.99,299910650.51,563550617.50,True,True,0.05
2019,02992446,BANCO CNH INDUSTRIAL CAPITAL S.A.,B2,Banco Múltiplo,PR,Controle estrangeiro,S3,10482634717.94,201912.00,43778644.66,131439479.38,175218124.04,True,True,0.02
2019,C0050304,PINE,B1,,SP,Privado nacional,S3,10173758673.72,201912.00,-70639238.11,-47568734.15,-118207972.26,True,True,-0.01
2019,C0020152,MERCANTIL DO BRASIL,B1,,MG,Privado nacional,S3,10036794931.70,201912.00,53696764.77,70436427.22,124133191.99,True,True,0.01
2019,C0051884,INTER,B1,,MG,Privado nacional,S4,10034301159.00,201912.00,45021871.01,33977522.71,78999393.72,True,True,0.01
2019,62331228,DEUTSCHE BANK S.A. - BANCO ALEMAO,B1,Banco Múltiplo,SP,Controle estrangeiro,S3,9716705123.54,201912.00,26604202.84,75054536.39,101658739.23,True,True,0.01
2019,C0052003,BOCOM,B1,,BA,Controle estrangeiro,S4,9028739374.35,201912.00,38163465.26,50345723.01,88509188.27,True,True,0.01
2019,04913711,BANCO DO ESTADO DO PARÁ S.A.,B1,Banco Múltiplo,PA,Público,S3,8793047566.77,201912.00,149389745.87,174661985.46,324051731.33,True,True,0.04
2019,03215790,BANCO TOYOTA DO BRASIL S.A.,B2,Banco Múltiplo,SP,Controle estrangeiro,S4,8648341777.61,201912.00,75995707.96,106112761.47,182108469.43,True,True,0.02
2019,60518222,BANCO SUMITOMO MITSUI BRASILEIRO S.A.,B1,Banco Múltiplo,SP,Controle estrangeiro,S3,7246914694.53,201912.00,17447587.76,21138868.44,38586456.20,True,True,0.01
2019,58616418,BANCO FIBRA S.A.,B1,Banco Múltiplo,SP,Privado nacional,S3,7052922110.70,201912.00,11900204.28,124779560.08,136679764.36,True,True,0.02
2019,C0051554,MIZUHO,B1,,SP,Controle estrangeiro,S4,6777388944.06,201912.00,16227044.44,36735173.45,52962217.89,True,True,0.01
2019,C0031873,SOFISA,B1,,SP,Privado nacional,S4,6432730004.59,201912.00,60487204.82,59894174.36,120381379.18,True,True,0.02
2019,29030467,SCOTIABANK BRASIL S.A. BANCO MÚLTIPLO,B1,Banco Múltiplo,SP,Controle estrangeiro,S4,6413565287.78,201912.00,23340990.54,71250553.60,94591544.14,True,True,0.01
2019,62237425,BANCO FIDIS S/A,B2,Banco Múltiplo,MG,Controle estrangeiro,S4,6358313008.50,201912.00,77679099.04,94412037.12,172091136.16,True,True,0.03
2019,05040481,BANCO DE LAGE LANDEN BRASIL S.A.,B2,Banco Múltiplo,RS,Controle estrangeiro,S4,6209480826.56,201912.00,57886101.04,63453576.60,121339677.64,True,True,0.02
2019,38486817,BANCO DE DESENVOLVIMENTO DE MINAS GERAIS S.A.-BDMG,B4,Banco de Desenvolvimento,MG,Público,S3,6141409388.45,201912.00,7604895.61,76526319.65,84131215.26,True,True,0.01
2019,C0052010,CREFISA,B1,,SP,Privado nacional,S4,6138637617.66,201912.00,368966838.96,437583117.03,806549955.99,True,True,0.13
2019,C0030881,PARANÁ BANCO,B1,,PR,Privado nacional,S4,5830752086.25,201912.00,134070309.07,116289967.76,250360276.83,True,True,0.04
2019,13009717,BANCO DO ESTADO DE SERGIPE S.A.,B1,Banco Múltiplo,SE,Público,S4,5534273656.49,201912.00,41360412.96,42254106.20,83614519.16,True,True,0.02
2019,C0051396,HONDA,B2,,SP,Controle estrangeiro,S4,5219792366.40,201912.00,87031394.48,122530971.96,209562366.44,True,True,0.04
2019,58017179,BANCO VOLVO BRASIL S.A.,B2,Banco Múltiplo,PR,Controle estrangeiro,S4,5192024215.29,201912.00,60791846.18,86146741.51,146938587.69,True,True,0.03
2019,53518684,HSBC BRASIL S.A. - BANCO DE INVESTIMENTO,B2,Banco de Investimento,SP,Controle estrangeiro,S4,4609800763.96,201912.00,11118567.14,25593695.96,36712263.10,True,True,0.01
2019,03532415,BANCO ABN AMRO S.A.,B1,Banco Múltiplo,SP,Controle estrangeiro,S4,4574025577.57,201912.00,15401011.06,18860049.27,34261060.33,True,True,0.01
2019,C0052034,GRUPO BONSUCESSO - BS2,B1,,MG,Privado nacional,S4,4262138580.90,201912.00,490681.68,6089800.69,6580482.37,True,True,0.00
2019,C0051482,HAITONG,B2,,SP,Controle estrangeiro,S3,4166817497.52,201912.00,13970923.94,2671181.34,16642105.28,True,True,0.00
2019,11417016,SCANIA BANCO S.A.,B2,Banco Múltiplo,SP,Controle estrangeiro,S4,3963826833.08,201912.00,28115064.21,36932023.85,65047088.06,True,True,0.02
2019,C0050940,OMNI,B1,,SP,Privado nacional,S4,3840396854.84,201912.00,37649260.90,49413035.93,87062296.83,True,True,0.02
2019,C0050201,MÁXIMA,B1,,RJ,Privado nacional,S4,3691168843.67,201912.00,8056824.10,30423629.41,38480453.51,True,True,0.01
2019,C0050988,INDUSTRIAL DO BRASIL,B1,,SP,Privado nacional,S4,3466959326.84,201912.00,28119872.44,33120377.22,61240249.66,True,True,0.02
2019,C0051963,MODAL,B1,,RJ,Privado nacional,S4,3328072966.72,201912.00,1547296.45,12901979.60,14449276.05,True,True,0.00
2019,17351180,BANCO TRIANGULO S.A.,B1,Banco Múltiplo,MG,Privado nacional,S4,3072008978.97,201912.00,7681327.21,13188325.96,20869653.17,True,True,0.01
2019,02658435,BANCO CATERPILLAR S.A.,B2,Banco Múltiplo,SP,Controle estrangeiro,S4,3047641580.45,201912.00,27337664.28,21968389.72,49306054.00,True,True,0.02
2019,C0050531,INDUSVAL,B1,,SP,Privado nacional,S4,2876832937.29,201912.00,-77229774.30,65758694.15,-11471080.15,True,True,-0.00
2019,03609817,BANCO CARGILL S.A.,B1,Banco Múltiplo,SP,Controle estrangeiro,S4,2815021670.40,201912.00,74036604.48,58416353.61,132452958.09,True,True,0.05
2019,C0051468,RENDIMENTO,B1,,SP,Privado nacional,S4,2796261605.78,201912.00,34079286.71,41581651.26,75660937.97,True,True,0.03
2019,C0051956,AGIBANK,B1,,RS,Privado nacional,S4,2632670471.85,201912.00,13893407.59,74134565.05,88027972.64,True,True,0.03
2019,34270520,BANCO IBM S.A.,B2,Banco Múltiplo,RJ,Controle estrangeiro,S4,2526862279.36,201912.00,54395035.22,33016281.41,87411316.63,True,True,0.03
2019,27098060,BANCO DIGIO S.A.,B2,Banco Múltiplo,SP,Controle estrangeiro,S4,2317040189.35,201912.00,-2264447.17,9755867.70,7491420.53,True,True,0.00
2019,92874270,BANCO A.J. RENNER S.A.,B1,Banco Múltiplo,RS,Controle estrangeiro,S4,2299468874.91,201912.00,24724712.01,7080348.56,31805060.57,True,True,0.01
2019,17453575,ICBC DO BRASIL BANCO MÚLTIPLO S.A.,B1,Banco Múltiplo,SP,Controle estrangeiro,S4,2217177382.02,201912.00,-426591.09,-55274.30,-481865.39,True,True,-0.00
2019,C0050328,SOCOPA,B1,,SP,Privado nacional,S4,2091941713.53,201912.00,14371655.02,-17691631.41,-3319976.39,True,True,-0.00
2019,C0052072,C6 BANK,B1,,SP,Privado nacional,S4,1962570646.37,201912.00,-88494523.70,-154540015.47,-243034539.17,True,True,-0.12
2019,33603457,BANCO RODOBENS S.A.,B1,Banco Múltiplo,SP,Privado nacional,S4,1912084717.68,201912.00,24728845.77,39283579.64,64012425.41,True,True,0.03
2019,55230916,INTESA SANPAOLO BRASIL S.A. - BANCO MÚLTIPLO,B1,Banco Múltiplo,SP,Controle estrangeiro,S4,1902732617.52,201912.00,4607464.33,5896374.85,10503839.18,True,True,0.01
2019,23522214,COMMERZBANK BRASIL S.A. - BANCO MÚLTIPLO,B1,Banco Múltiplo,SP,Controle estrangeiro,S4,1784917351.79,201912.00,-24828793.90,-19461971.32,-44290765.22,True,True,-0.02
2019,10690848,BANCO DA CHINA BRASIL S.A.,B1,Banco Múltiplo,SP,Controle estrangeiro,S4,1570363357.06,201912.00,2655574.45,4735421.60,7390996.05,True,True,0.00
2019,C0051815,CAIXA GERAL,B1,,SP,Controle estrangeiro,S4,1451617927.84,201912.00,2614448.87,4749312.51,7363761.38,True,True,0.01
2019,59118133,BANCO LUSO BRASILEIRO S.A.,B1,Banco Múltiplo,SP,Privado nacional,S4,1439056240.82,201912.00,12717295.14,7471897.07,20189192.21,True,True,0.01
2019,10371492,BANCO YAMAHA MOTOR DO BRASIL S.A.,B2,Banco Múltiplo,SP,Controle estrangeiro,S4,1393815911.67,201912.00,16248350.80,34414105.69,50662456.49,True,True,0.04
2019,07679404,BANCO TOPÁZIO S.A.,B1,Banco Múltiplo,RS,Controle estrangeiro,S4,1302855853.02,201912.00,-12594896.19,-8352144.73,-20947040.92,True,True,-0.02
2019,90731688,BANCO FORD S.A.,B2,Banco Múltiplo,SP,Controle estrangeiro,S4,1279546566.52,201912.00,19670703.36,26006091.80,45676795.16,True,True,0.04
2019,10264663,BANCOSEGURO S.A.,B1,Banco Múltiplo,SP,Privado nacional,S4,1259923673.79,201912.00,8382609.20,-35582997.49,-27200388.29,True,True,-0.02
2019,31880826,BANCO GUANABARA S.A.,B1,Banco Múltiplo,RJ,Privado nacional,S4,1219433093.40,201912.00,7450756.13,8254049.84,15704805.97,True,True,0.01
2019,C0051839,PLURAL,B1,,RJ,Privado nacional,S4,1125512818.05,201912.00,-7832564.34,8018759.38,186195.04,True,True,0.00
2019,28145829,BANCO DE DESENVOLVIMENTO DO ESPIRITO SANTO S.A.,B4,Banco de Desenvolvimento,ES,Público,S4,1114825559.89,201912.00,-20861860.25,-188341347.77,-209203208.02,True,True,-0.19
2019,74828799,NOVO BANCO CONTINENTAL S.A. - BANCO MÚLTIPLO,B1,Banco Múltiplo,RS,Controle estrangeiro,S4,1076722955.93,201912.00,13001761.00,34416578.83,47418339.83,True,True,0.04
2019,07656500,BANCO KDB DO BRASIL S.A.,B1,Banco Múltiplo,SP,Controle estrangeiro,S4,1056561047.35,201912.00,10753211.08,9876215.38,20629426.46,True,True,0.02
2019,C0051808,BNY MELLON,B1,,RJ,Controle estrangeiro,S4,952480593.90,201912.00,25686668.90,37058271.58,62744940.48,True,True,0.07
2019,C0051901,OURINVEST,B1,,SP,Privado nacional,S4,862989847.80,201912.00,3350795.55,4602507.33,7953302.88,True,True,0.01
2019,00795423,BANCO SEMEAR S.A.,B1,Banco Múltiplo,MG,Privado nacional,S4,847361618.47,201912.00,1649937.54,9378989.43,11028926.97,True,True,0.01
2019,C0050122,FATOR,B1,,SP,Privado nacional,S4,821764054.06,201912.00,-13568908.76,-4295820.89,-17864729.65,True,True,-0.02
2019,C0051774,BARIGUI,B2,,PR,Privado nacional,S4,799206315.00,201912.00,10531806.60,11373704.66,21905511.26,True,True,0.03
2019,00517645,BANCO RIBEIRAO PRETO S.A.,B1,Banco Múltiplo,SP,Privado nacional,S4,792694414.51,201912.00,9853776.31,11417781.54,21271557.85,True,True,0.03
2019,00997185,BANCO B3 S.A.,B1,Banco Comercial,SP,Privado nacional,S4,746590397.87,201912.00,7794684.00,8932616.09,16727300.09,True,True,0.02
2019,C0051877,UBS,B2,,SP,Controle estrangeiro,S4,719067893.00,201912.00,30257714.89,17535603.46,47793318.35,True,True,0.07
2019,07441209,BANCO MONEO S.A.,B2,Banco Múltiplo,RS,Privado nacional,S4,707757154.88,201912.00,9516543.98,12785849.48,22302393.46,True,True,0.03
2019,C0050524,VR,B1,,SP,Privado nacional,S4,580548855.92,201912.00,1548296.53,9748275.13,11296571.66,True,True,0.02
2019,11476673,BANCO RANDON S.A.,B2,Banco Múltiplo,RS,Privado nacional,S4,575000970.49,201912.00,4865065.30,3182244.44,8047309.74,True,True,0.01
2019,57839805,BANCO TRICURY S.A.,B2,Banco Múltiplo,SP,Privado nacional,S4,573462286.54,201912.00,10606934.20,11893940.45,22500874.65,True,True,0.04
2019,C0051671,CONFIDENCE,B2,,SP,Privado nacional,S4,532447483.96,201912.00,8617188.41,13682041.56,22299229.97,True,True,0.04
2019,28517628,BANCO PACCAR S.A.,B2,Banco Múltiplo,PR,Controle estrangeiro,S4,522964547.41,201912.00,-2329846.51,3205008.73,875162.22,True,True,0.00
2019,02318507,BANCO KEB HANA DO BRASIL S.A.,B1,Banco Comercial,SP,Controle estrangeiro,S4,509479888.68,201912.00,3966319.42,1177822.23,5144141.65,True,True,0.01
2019,15357060,BANCO WOORI BANK DO BRASIL S.A.,B1,Banco Múltiplo,SP,Controle estrangeiro,S4,501385157.26,201912.00,2152222.87,-1855611.80,296611.07,True,True,0.00
2019,09274232,STATE STREET BRASIL S.A. - BANCO COMERCIAL,B1,Banco Comercial,SP,Controle estrangeiro,S4,437448481.56,201912.00,4312725.66,1070425.58,5383151.24,True,True,0.01
2019,C0051822,BR PARTNERS,B2,,SP,Privado nacional,S4,430634577.78,201912.00,5812694.58,1667734.42,7480429.00,True,True,0.02
2019,54403563,BANCO ARBI S.A.,B1,Banco Comercial,RJ,Privado nacional,S4,276480680.56,201912.00,4206188.07,2471845.35,6678033.42,True,True,0.02
2019,C0051949,ANDBANK,B1,,SP,Controle estrangeiro,S4,272313956.26,201912.00,-2119647.89,2111563.72,-8084.17,True,True,-0.00
2019,C0051743,BEXS,B2,,SP,Privado nacional,S4,270894775.49,201912.00,25598199.65,36301138.28,61899337.93,True,True,0.23
2019,23903068,BANCO KOMATSU DO BRASIL S.A.,B2,Banco Múltiplo,SP,Controle estrangeiro,S4,265480716.30,201912.00,1768534.40,1714769.71,3483304.11,True,True,0.01
2019,C0051767,WESTERN UNION,B1,,SP,Controle estrangeiro,S4,222022267.43,201912.00,6371659.28,5742486.86,12114146.14,True,True,0.05
2019,04866275,BANCO INBURSA S.A.,B1,Banco Múltiplo,SP,Controle estrangeiro,S4,181253695.62,201912.00,-8642128.58,-4593325.25,-13235453.83,True,True,-0.07
2019,19307785,MS BANK S.A. BANCO DE CÂMBIO,B2,Banco de Câmbio,PR,Privado nacional,S4,152624175.87,201912.00,12028656.09,12899423.69,24928079.78,True,True,0.16
2019,33132044,BANCO CEDULA S.A.,B1,Banco Múltiplo,RJ,Privado nacional,S4,132285768.92,201912.00,-3623741.04,8988899.26,5365158.22,True,True,0.04
2019,45283173,BBVA BRASIL BANCO DE INVESTIMENTO S.A.,B2,Banco de Investimento,SP,Controle estrangeiro,S4,123927634.35,201912.00,-2614881.25,1906035.04,-708846.21,True,True,-0.01
2019,44189447,BANCO DE LA PROVINCIA DE BUENOS AIRES,B1,Banco Comercial Estrangeiro - Filial no país,SP,Controle estrangeiro,S4,84817346.74,201912.00,-25131314.14,8148471.37,-16982842.77,True,True,-0.20
2019,C0051688,FINAXIS,B1,,PR,Privado nacional,S4,82441682.49,201912.00,2819169.77,3659927.29,6479097.06,True,True,0.08
2019,C0052041,INTL FCSTONE,B2,,SP,Controle estrangeiro,S4,73136931.56,201912.00,3747348.12,872234.55,4619582.67,True,True,0.06
2019,33042151,BANCO DE LA NACION ARGENTINA,B1,Banco Comercial Estrangeiro - Filial no país,SP,Controle estrangeiro,S4,50491617.48,201912.00,-4340959.43,-11288737.64,-15629697.07,True,True,-0.31
2019,80271455,BANCO MAXINVEST S.A.,B2,Banco Múltiplo,PR,Privado nacional,S4,34004856.01,201912.00,3296626.91,2318677.03,5615303.94,True,True,0.17
2019,40429946,BANCO PORTO REAL DE INVESTIMENTOS S.A,B2,Banco de Investimento,RJ,Privado nacional,S4,28657421.56,201912.00,-233265.61,-770628.47,-1003894.08,True,True,-0.04
2019,61348538,BANCO FICSA S.A.,B1,Banco Múltiplo,SP,Privado nacional,S4,23221653.69,201912.00,-7121652.57,-22416444.02,-29538096.59,True,True,-1.27
2019,15173776,BANCO CAPITAL S.A.,B1,Banco Múltiplo,BA,Privado nacional,S4,22883929.58,201912.00,-1138668.21,-872714.95,-2011383.16,True,True,-0.09
2019,33588252,BANCO INDUSCRED DE INVESTIMENTO S.A.,B2,Banco de Investimento,SP,Privado nacional,S4,19576975.58,201912.00,-800123.75,161287.97,-638835.78,True,True,-0.03
2019,08609934,MONEYCORP BANCO DE CÂMBIO S.A.,B2,Banco de Câmbio,SP,Privado nacional,S4,18405853.98,201912.00,-1738361.25,-2317230.92,-4055592.17,True,True,-0.22
2019,09526594,BANCO VIPAL S.A.,B2,Banco Múltiplo,RS,Privado nacional,S4,15516949.93,201912.00,174917.32,-464146.03,-289228.71,True,True,-0.02
2019,11932017,STANDARD CHARTERED BANK (BRASIL) S.A. - BANCO DE INVESTIMENTO,B2,Banco de Investimento,SP,Controle estrangeiro,S4,,,-10323235.22,,-10323235.22,False,True,
2019,51938876,BANCO DE LA REPUBLICA ORIENTAL DEL URUGUAY,B1,Banco Comercial Estrangeiro - Filial no país,SP,Controle estrangeiro,S4,,,986504.52,,986504.52,False,True,
2019,C0050071,JOHN DEERE,B1,,SP,Controle estrangeiro,S3,,,131540803.96,,131540803.96,False,True,
2020,C0010069,ITAU,B1,,SP,Privado nacional,S1,1941932265169.06,202012.00,5063665236.53,11051356559.91,16115021796.44,True,True,0.01
2020,C0049906,BB,B1,,DF,Público,S1,1713346805810.01,202012.00,6493549482.05,6296727922.86,12790277404.91,True,True,0.01
2020,00360305,CAIXA ECONOMICA FEDERAL,B1,Caixa Econômica Federal,DF,Público,S1,1448929819457.98,202012.00,5347396736.38,7286688091.71,12634084828.09,True,True,0.01
2020,C0010045,BRADESCO,B1,,SP,Privado nacional,S1,1370980092677.51,202012.00,6953527060.70,9683423906.09,16636950966.79,True,True,0.01
2020,C0030379,SANTANDER,B1,,SP,Controle estrangeiro,S1,1003993899361.37,202012.00,6164540009.46,7828159759.47,13992699768.93,True,True,0.01
2020,33657248,BANCO NACIONAL DE DESENVOLVIMENTO ECONOMICO E SOCIAL,B4,BNDES,RJ,Público,S2,798364832351.69,202012.00,4961724150.26,15719771765.91,20681495916.17,True,True,0.03
2020,C0049944,BTG PACTUAL,B1,,RJ,Privado nacional,S1,266318666789.95,202012.00,430833372.88,2916052829.70,3346886202.58,True,True,0.01
2020,C0010083,SAFRA,B1,,SP,Privado nacional,S2,218410904025.33,202012.00,921255620.30,1112199760.43,2033455380.73,True,True,0.01
2020,C0051011,VOTORANTIM,B1,,SP,Privado nacional,S2,117928510950.74,202012.00,443004174.78,621616310.38,1064620485.16,True,True,0.01
2020,C0030403,CITIBANK,B1,,SP,Controle estrangeiro,S2,104108599486.05,202012.00,462254795.24,776256299.30,1238511094.54,True,True,0.01
2020,C0020107,JP MORGAN CHASE,B1,,SP,Controle estrangeiro,S3,91807013317.60,202012.00,76984190.16,399928678.73,476912868.89,True,True,0.01
2020,C0030173,BANRISUL,B1,,RS,Público,S2,91648322390.00,202012.00,377298843.04,350177413.46,727476256.50,True,True,0.01
2020,C0051750,BANCOOB,B1,,DF,Privado nacional,S3,76266997740.38,202012.00,91362017.65,69670277.80,161032295.45,True,True,0.00
2020,C0051066,CREDIT AGRICOLE,B1,,SP,Controle estrangeiro,S3,75978073729.70,202012.00,11948749.72,31678860.51,43627610.23,True,True,0.00
2020,01181521,BANCO COOPERATIVO SICREDI S.A.,B1,Banco Múltiplo Cooperativo,RS,Privado nacional,S3,67582066561.37,202012.00,32902083.12,51455232.15,84357315.27,True,True,0.00
2020,C0051516,BNP PARIBAS,B1,,SP,Controle estrangeiro,S3,64794025502.72,202012.00,234783996.81,102079058.43,336863055.24,True,True,0.01
2020,C0030771,CREDIT SUISSE,B1,,SP,Controle estrangeiro,S3,63181911079.39,202012.00,-87129460.69,953252885.10,866123424.41,True,True,0.01
2020,C0052120,XP,B1,,RJ,Privado nacional,S3,62650767753.14,202012.00,250102667.81,141899996.77,392002664.58,True,True,0.01
2020,07237373,BANCO DO NORDESTE DO BRASIL S.A.,B1,Banco Múltiplo,CE,Público,S2,61817639519.09,202012.00,332537238.32,686683367.37,1019220605.69,True,True,0.02
2020,C0051987,DAYCOVAL,B1,,SP,Privado nacional,S3,49926116337.96,202012.00,655063022.26,527552580.22,1182615602.48,True,True,0.02
2020,01023570,BANCO RABOBANK INTERNATIONAL BRASIL S.A.,B1,Banco Múltiplo,SP,Controle estrangeiro,S3,47266668793.41,202012.00,188127814.27,137200375.62,325328189.89,True,True,0.01
2020,C0041856,ABC-BRASIL,B1,,SP,Controle estrangeiro,S3,42666367752.23,202012.00,142613379.74,179462724.53,322076104.27,True,True,0.01
2020,C0031323,PAN,B1,,SP,Privado nacional,S3,38842622504.28,202012.00,314450096.95,341118573.32,655568670.27,True,True,0.02
2020,C0051073,ING,B1,,SP,Controle estrangeiro,S3,30835997393.52,202012.00,1396419.14,-166918921.47,-165522502.33,True,True,-0.01
2020,C0030159,BANESTES,B1,,ES,Público,S3,30405069410.23,202012.00,124712054.51,107085011.49,231797066.00,True,True,0.01
2020,60498557,BANCO MUFG BRASIL S.A.,B1,Banco Múltiplo,SP,Controle estrangeiro,S3,29332961018.50,202012.00,11127806.69,12960582.20,24088388.89,True,True,0.00
2020,C0030290,BMG,B1,,SP,Privado nacional,S3,28233749007.55,202012.00,156194374.78,172850118.42,329044493.20,True,True,0.01
2020,C0051255,BOFA MERRILL LYNCH,B1,,SP,Controle estrangeiro,S3,27932415749.84,202012.00,110928769.16,333044956.60,443973725.76,True,True,0.02
2020,C0031976,BRB,B1,,DF,Público,S3,24839342833.39,202012.00,200047491.80,249551749.74,449599241.54,True,True,0.02
2020,59109165,BANCO VOLKSWAGEN S.A.,B2,Banco Múltiplo,SP,Controle estrangeiro,S3,23567881252.78,202012.00,106663849.66,250069067.14,356732916.80,True,True,0.02
2020,C0031859,SOCIETE GENERALE,B1,,SP,Controle estrangeiro,S3,22092937019.77,202012.00,55695551.37,35803322.36,91498873.73,True,True,0.00
2020,C0051413,MORGAN STANLEY,B1,,SP,Controle estrangeiro,S3,21352447289.75,202012.00,290310666.01,125600409.58,415911075.59,True,True,0.02
2020,04902979,BANCO DA AMAZONIA S.A.,B1,Banco Comercial,PA,Público,S3,20815708792.25,202012.00,108935069.30,156633013.76,265568083.06,True,True,0.01
2020,C0051585,GOLDMAN SACHS,B2,,SP,Controle estrangeiro,S3,20407690789.08,202012.00,99072532.65,109906882.53,208979415.18,True,True,0.01
2020,C0051884,INTER,B1,,MG,Privado nacional,S4,19760030428.60,202012.00,-8867659.52,2349187.65,-6518471.87,True,True,-0.00
2020,C0051293,ALFA,B1,,SP,Privado nacional,S3,19461730430.47,202012.00,60694553.08,67422606.58,128117159.66,True,True,0.01
2020,C0032119,CCB,B1,,SP,Controle estrangeiro,S3,18268836335.86,202012.00,-514587293.64,38709098.50,-475878195.14,True,True,-0.03
2020,92816560,BANCO REGIONAL DE DESENVOLVIMENTO DO EXTREMO SUL,B4,Banco de Desenvolvimento,RS,Público,S3,16651961308.10,202012.00,83085122.90,116220600.34,199305723.24,True,True,0.01
2020,53518684,BANCO HSBC S.A.,B1,Banco Múltiplo,SP,Controle estrangeiro,S4,15306159688.07,202012.00,32213717.33,17565666.31,49779383.64,True,True,0.00
2020,C0051781,ORIGINAL,B1,,SP,Privado nacional,S3,15200819672.36,202012.00,-220403117.72,-29107208.57,-249510326.29,True,True,-0.02
2020,C0050304,PINE,B1,,SP,Privado nacional,S3,13744814026.60,202012.00,881694.11,-64505122.84,-63623428.73,True,True,-0.00
2020,C0051262,MERCEDES-BENZ,B2,,SP,Controle estrangeiro,S3,13536440044.25,202012.00,80059355.64,72233455.38,152292811.02,True,True,0.01
2020,31597552,BANCO CLASSICO S.A.,B1,Banco Múltiplo,RJ,Privado nacional,S3,13289420691.61,202012.00,-417449.45,135705290.77,135287841.32,True,True,0.01
2020,59274605,BANCO GM S.A.,B2,Banco Múltiplo,SP,Controle estrangeiro,S3,13038944040.56,202012.00,218857727.17,207088810.03,425946537.20,True,True,0.03
2020,C0052003,BOCOM,B1,,BA,Controle estrangeiro,S4,12705028976.23,202012.00,14429978.55,102142441.50,116572420.05,True,True,0.01
2020,62331228,DEUTSCHE BANK S.A. - BANCO ALEMAO,B1,Banco Múltiplo,SP,Controle estrangeiro,S3,12526690861.02,202012.00,-7946613.62,-40825808.16,-48772421.78,True,True,-0.00
2020,08357240,BANCO CSF S.A.,B2,Banco Múltiplo,SP,Controle estrangeiro,S3,12388869165.31,202012.00,169483370.81,178767698.17,348251068.98,True,True,0.03
2020,02992446,BANCO CNH INDUSTRIAL CAPITAL S.A.,B2,Banco Múltiplo,PR,Controle estrangeiro,S3,12048458118.91,202012.00,66167192.58,93616854.05,159784046.63,True,True,0.01
2020,29030467,SCOTIABANK BRASIL S.A. BANCO MÚLTIPLO,B1,Banco Múltiplo,SP,Controle estrangeiro,S4,11515227175.53,202012.00,47990368.57,36126211.47,84116580.04,True,True,0.01
2020,C0020152,MERCANTIL DO BRASIL,B1,,MG,Privado nacional,S3,10815150117.84,202012.00,74183380.03,79129612.93,153312992.96,True,True,0.01
2020,04913711,BANCO DO ESTADO DO PARÁ S.A.,B1,Banco Múltiplo,PA,Público,S3,10586556057.00,202012.00,133995404.98,107203816.61,241199221.59,True,True,0.02
2020,58616418,BANCO FIBRA S.A.,B1,Banco Múltiplo,SP,Privado nacional,S3,9777008459.51,202012.00,52559095.48,-3908044.49,48651050.99,True,True,0.00
2020,91884981,BANCO JOHN DEERE S.A.,B1,Banco Múltiplo,SP,Controle estrangeiro,S3,9758018464.37,202012.00,96595944.12,71401329.52,167997273.64,True,True,0.02
2020,C0052072,C6 BANK,B1,,SP,Privado nacional,S4,9735930674.22,202012.00,-235137884.73,-401293839.78,-636431724.51,True,True,-0.07
2020,C0030881,PARANÁ BANCO,B1,,PR,Privado nacional,S4,9187052508.95,202012.00,31872623.93,27199874.07,59072498.00,True,True,0.01
2020,38486817,BANCO DE DESENVOLVIMENTO DE MINAS GERAIS S.A.-BDMG,B4,Banco de Desenvolvimento,MG,Público,S3,8558903282.43,202012.00,25434930.50,152636.58,25587567.08,True,True,0.00
2020,60518222,BANCO SUMITOMO MITSUI BRASILEIRO S.A.,B1,Banco Múltiplo,SP,Controle estrangeiro,S3,8519761997.69,202012.00,23521975.28,21935583.69,45457558.97,True,True,0.01
2020,C0031873,SOFISA,B1,,SP,Privado nacional,S4,8324155907.67,202012.00,64927741.61,75130258.39,140058000.00,True,True,0.02
2020,03215790,BANCO TOYOTA DO BRASIL S.A.,B2,Banco Múltiplo,SP,Controle estrangeiro,S3,8320711409.39,202012.00,80341305.78,109843599.08,190184904.86,True,True,0.02
2020,C0051554,MIZUHO,B1,,SP,Controle estrangeiro,S4,8180237713.06,202012.00,6091842.02,19015532.69,25107374.71,True,True,0.00
2020,05040481,BANCO DE LAGE LANDEN BRASIL S.A.,B2,Banco Múltiplo,RS,Controle estrangeiro,S4,7547138756.72,202012.00,58480580.40,80159035.62,138639616.02,True,True,0.02
2020,13009717,BANCO DO ESTADO DE SERGIPE S.A.,B1,Banco Múltiplo,SE,Público,S4,6827915974.90,202012.00,25530953.79,28807952.26,54338906.05,True,True,0.01
2020,C0051482,HAITONG,B2,,SP,Controle estrangeiro,S3,6807537497.79,202012.00,6259917.91,13961227.69,20221145.60,True,True,0.00
2020,C0052034,GRUPO BONSUCESSO - BS2,B1,,MG,Privado nacional,S4,6753572180.24,202012.00,-46899507.57,13362302.41,-33537205.16,True,True,-0.00
2020,C0052010,CREFISA,B1,,SP,Privado nacional,S4,6464695235.77,202012.00,166057810.34,103127432.28,269185242.62,True,True,0.04
2020,58017179,BANCO VOLVO BRASIL S.A.,B2,Banco Múltiplo,PR,Controle estrangeiro,S4,6156047547.44,202012.00,52559382.59,63275816.13,115835198.72,True,True,0.02
2020,C0050201,MÁXIMA,B1,,RJ,Privado nacional,S4,6071704303.87,202012.00,21472371.15,48637643.36,70110014.51,True,True,0.01
2020,10264663,BANCOSEGURO S.A.,B1,Banco Múltiplo,SP,Privado nacional,S4,5403144741.10,202012.00,23706158.52,-1019085.07,22687073.45,True,True,0.00
2020,C0051396,HONDA,B2,,SP,Controle estrangeiro,S4,5036609843.93,202012.00,55284092.03,111624686.05,166908778.08,True,True,0.03
2020,C0050988,INDUSTRIAL DO BRASIL,B1,,SP,Privado nacional,S4,5029751005.71,202012.00,28832033.51,35125148.29,63957181.80,True,True,0.01
2020,62237425,BANCO FIDIS S/A,B2,Banco Múltiplo,MG,Controle estrangeiro,S4,4945198954.06,202012.00,82747182.88,78491024.74,161238207.62,True,True,0.03
2020,C0050940,OMNI,B1,,SP,Privado nacional,S4,4907351067.93,202012.00,99115893.95,78077873.97,177193767.92,True,True,0.04
2020,C0051963,MODAL,B1,,RJ,Privado nacional,S4,4853103543.38,202012.00,3995979.10,11999181.89,15995160.99,True,True,0.00
2020,11417016,SCANIA BANCO S.A.,B2,Banco Múltiplo,SP,Controle estrangeiro,S4,4629820052.37,202012.00,41019686.33,39607331.44,80627017.77,True,True,0.02
2020,C0050531,INDUSVAL,B1,,SP,Privado nacional,S4,4323547336.81,202012.00,-190744942.22,-44859209.05,-235604151.27,True,True,-0.05
2020,92874270,BANCO DIGIMAIS S.A.,B1,Banco Múltiplo,SP,Controle estrangeiro,S4,4115392924.17,202012.00,13947940.12,17927266.56,31875206.68,True,True,0.01
2020,03609817,BANCO CARGILL S.A.,B1,Banco Múltiplo,SP,Controle estrangeiro,S4,3889073261.86,202012.00,8560904.14,-3032196.20,5528707.94,True,True,0.00
2020,C0051956,AGIBANK,B1,,RS,Privado nacional,S4,3884706197.60,202012.00,38680542.52,65995035.38,104675577.90,True,True,0.03
2020,17351180,BANCO TRIANGULO S.A.,B1,Banco Múltiplo,MG,Privado nacional,S4,3765826462.27,202012.00,10453196.24,27905880.59,38359076.83,True,True,0.01
2020,03532415,BANCO ABN AMRO S.A.,B1,Banco Múltiplo,SP,Controle estrangeiro,S4,3609276925.80,202012.00,7406565.34,-58868758.09,-51462192.75,True,True,-0.01
2020,10690848,BANCO DA CHINA BRASIL S.A.,B1,Banco Múltiplo,SP,Controle estrangeiro,S4,3336110331.90,202012.00,76906401.06,4638938.46,81545339.52,True,True,0.02
2020,C0051468,RENDIMENTO,B1,,SP,Privado nacional,S4,3295471565.49,202012.00,30977031.26,41618594.49,72595625.75,True,True,0.02
2020,C0051839,PLURAL,B1,,RJ,Privado nacional,S4,2809939710.78,202012.00,-16349337.99,9621402.96,-6727935.03,True,True,-0.00
2020,27098060,BANCO DIGIO S.A.,B2,Banco Múltiplo,SP,Controle estrangeiro,S4,2807955897.92,202012.00,-9243219.20,-13583347.23,-22826566.43,True,True,-0.01
2020,33603457,BANCO RODOBENS S.A.,B1,Banco Múltiplo,SP,Privado nacional,S4,2694469087.27,202012.00,31522494.45,34223699.20,65746193.65,True,True,0.02
2020,34270520,BANCO IBM S.A.,B2,Banco Múltiplo,RJ,Controle estrangeiro,S4,2673987505.17,202012.00,38847205.14,26544197.82,65391402.96,True,True,0.02
2020,02658435,BANCO CATERPILLAR S.A.,B2,Banco Múltiplo,SP,Controle estrangeiro,S4,2335369925.45,202012.00,13461046.45,27767044.41,41228090.86,True,True,0.02
2020,55230916,INTESA SANPAOLO BRASIL S.A. - BANCO MÚLTIPLO,B1,Banco Múltiplo,SP,Controle estrangeiro,S4,1982112870.80,202012.00,2414553.87,2405929.64,4820483.51,True,True,0.00
2020,59118133,BANCO LUSO BRASILEIRO S.A.,B1,Banco Múltiplo,SP,Privado nacional,S4,1783427968.70,202012.00,9233149.56,18564156.24,27797305.80,True,True,0.02
2020,C0051877,UBS,B2,,SP,Controle estrangeiro,S3,1716139876.10,202012.00,7303443.15,20612300.82,27915743.97,True,True,0.02
2020,07679404,BANCO TOPÁZIO S.A.,B1,Banco Múltiplo,RS,Controle estrangeiro,S4,1669848514.94,202012.00,-7520037.39,-3259677.40,-10779714.79,True,True,-0.01
2020,10371492,BANCO YAMAHA MOTOR DO BRASIL S.A.,B2,Banco Múltiplo,SP,Controle estrangeiro,S4,1511869920.31,202012.00,16890274.56,43606700.57,60496975.13,True,True,0.04
2020,07656500,BANCO KDB DO BRASIL S.A.,B1,Banco Múltiplo,SP,Controle estrangeiro,S4,1507283836.86,202012.00,5646477.67,2639858.31,8286335.98,True,True,0.01
2020,17453575,ICBC DO BRASIL BANCO MÚLTIPLO S.A.,B1,Banco Múltiplo,SP,Controle estrangeiro,S4,1394873252.02,202012.00,-10733345.02,-6870128.68,-17603473.70,True,True,-0.01
2020,74828799,NOVO BANCO CONTINENTAL S.A. - BANCO MÚLTIPLO,B1,Banco Múltiplo,RS,Controle estrangeiro,S4,1335490824.56,202012.00,16349834.17,15803930.14,32153764.31,True,True,0.02
2020,61820817,BANCO PAULISTA S.A.,B1,Banco Múltiplo,SP,Privado nacional,S4,1333506716.60,202012.00,,-4617080.56,-4617080.56,False,True,-0.00
2020,23522214,COMMERZBANK BRASIL S.A. - BANCO MÚLTIPLO,B1,Banco Múltiplo,SP,Controle estrangeiro,S4,1310705783.59,202012.00,-15365149.00,-16851545.82,-32216694.82,True,True,-0.02
2020,C0051815,CAIXA GERAL,B1,,SP,Controle estrangeiro,S4,1194867691.87,202012.00,-2970695.57,-12013934.26,-14984629.83,True,True,-0.01
2020,C0051808,BNY MELLON,B1,,RJ,Controle estrangeiro,S4,1145995891.01,202012.00,52127979.20,50602166.67,102730145.87,True,True,0.09
2020,00997185,BANCO B3 S.A.,B1,Banco Comercial,SP,Privado nacional,S4,1133337853.22,202012.00,6821295.14,10084593.39,16905888.53,True,True,0.01
2020,28145829,BANCO DE DESENVOLVIMENTO DO ESPIRITO SANTO S.A.,B4,Banco de Desenvolvimento,ES,Público,S4,1092983089.51,202012.00,11783288.22,16508576.09,28291864.31,True,True,0.03
2020,00517645,BANCO RIBEIRAO PRETO S.A.,B1,Banco Múltiplo,SP,Privado nacional,S4,1089027089.41,202012.00,12810547.89,12674266.28,25484814.17,True,True,0.02
2020,31880826,BANCO GUANABARA S.A.,B1,Banco Múltiplo,RJ,Privado nacional,S4,1086714347.81,202012.00,-724758.63,9015069.15,8290310.52,True,True,0.01
2020,02318507,BANCO KEB HANA DO BRASIL S.A.,B1,Banco Comercial,SP,Controle estrangeiro,S4,1077050530.33,202012.00,1797774.30,1321331.67,3119105.97,True,True,0.00
2020,78632767,BANCO OURINVEST S.A.,B1,Banco Múltiplo,SP,Privado nacional,S4,1006459697.98,202012.00,21170695.66,11687016.59,32857712.25,True,True,0.03
2020,C0051774,BARIGUI,B2,,PR,Privado nacional,S4,986822267.85,202012.00,15697751.91,17926040.89,33623792.80,True,True,0.03
2020,00795423,BANCO SEMEAR S.A.,B1,Banco Múltiplo,MG,Privado nacional,S4,886353185.32,202012.00,3518431.71,6994238.59,10512670.30,True,True,0.01
2020,90731688,BANCO FORD S.A.,B2,Banco Múltiplo,SP,Controle estrangeiro,S4,873368641.81,202012.00,13319534.10,1708109.55,15027643.65,True,True,0.02
2020,11476673,BANCO RANDON S.A.,B2,Banco Múltiplo,RS,Privado nacional,S4,870128752.96,202012.00,4388454.61,3977984.09,8366438.70,True,True,0.01
2020,07441209,BANCO MONEO S.A.,B2,Banco Múltiplo,RS,Privado nacional,S4,811124830.12,202012.00,7769141.30,7668303.76,15437445.06,True,True,0.02
2020,15357060,BANCO WOORI BANK DO BRASIL S.A.,B1,Banco Múltiplo,SP,Controle estrangeiro,S4,733867432.54,202012.00,4798038.13,5794881.34,10592919.47,True,True,0.01
2020,28517628,BANCO PACCAR S.A.,B2,Banco Múltiplo,PR,Controle estrangeiro,S4,711340058.81,202012.00,2871115.33,1874776.77,4745892.10,True,True,0.01
2020,C0050122,FATOR,B1,,SP,Privado nacional,S4,706760063.40,202012.00,-15315735.69,-13928655.77,-29244391.46,True,True,-0.04
2020,13220493,BR PARTNERS BANCO DE INVESTIMENTO S.A.,B2,Banco de Investimento,SP,Privado nacional,S4,672193206.27,202012.00,,4415411.03,4415411.03,False,True,0.01
2020,C0051671,CONFIDENCE,B2,,SP,Privado nacional,S4,666284398.77,202012.00,-12545230.93,-5948853.32,-18494084.25,True,True,-0.03
2020,57839805,BANCO TRICURY S.A.,B2,Banco Múltiplo,SP,Privado nacional,S4,640129865.56,202012.00,9584374.96,14360319.35,23944694.31,True,True,0.04
2020,23511655,DEUTSCHE SPARKASSEN LEASING DO BRASIL BANCO MÚLTIPLO S.A.,B2,Banco Múltiplo,SP,Controle estrangeiro,S4,626813915.88,202012.00,1477720.07,3681278.16,5158998.23,True,True,0.01
2020,54403563,BANCO ARBI S.A.,B1,Banco Comercial,RJ,Privado nacional,S4,602871448.53,202012.00,4573038.42,2942850.76,7515889.18,True,True,0.01
2020,09274232,STATE STREET BRASIL S.A. - BANCO COMERCIAL,B1,Banco Comercial,SP,Controle estrangeiro,S4,440312400.85,202012.00,-2535310.28,2432222.78,-103087.50,True,True,-0.00
2020,C0050524,VR,B1,,SP,Privado nacional,S4,424624395.72,202012.00,427958.63,-1994477.06,-1566518.43,True,True,-0.00
2020,C0051949,ANDBANK,B1,,SP,Controle estrangeiro,S4,424132298.95,202012.00,-993595.91,-10121048.66,-11114644.57,True,True,-0.03
2020,23903068,BANCO KOMATSU DO BRASIL S.A.,B2,Banco Múltiplo,SP,Controle estrangeiro,S4,397366934.08,202012.00,1161498.21,3914177.86,5075676.07,True,True,0.01
2020,C0051743,BEXS,B2,,SP,Privado nacional,S4,329578765.79,202012.00,16066833.54,25528620.06,41595453.60,True,True,0.13
2020,04866275,BANCO INBURSA S.A.,B1,Banco Múltiplo,SP,Controle estrangeiro,S4,254924482.32,202012.00,-7170216.18,-37227443.26,-44397659.44,True,True,-0.17
2020,19307785,MS BANK S.A. BANCO DE CÂMBIO,B2,Banco de Câmbio,PR,Privado nacional,S4,205065616.15,202012.00,12812072.46,7867950.45,20680022.91,True,True,0.10
2020,C0051767,WESTERN UNION,B1,,SP,Controle estrangeiro,S4,194391252.86,202012.00,-4416735.92,1871892.34,-2544843.58,True,True,-0.01
2020,11970623,BANCO SENFF S.A.,B1,Banco Múltiplo,PR,Privado nacional,S4,165819130.40,202012.00,-390993.30,4365150.56,3974157.26,True,True,0.02
2020,C0052041,INTL FCSTONE,B2,,SP,Controle estrangeiro,S4,117322726.82,202012.00,4616037.82,3324215.00,7940252.82,True,True,0.07
2020,44189447,BANCO DE LA PROVINCIA DE BUENOS AIRES,B1,Banco Comercial Estrangeiro - Filial no país,SP,Controle estrangeiro,S4,114501562.58,202012.00,19280178.55,2548857.55,21829036.10,True,True,0.19
2020,80271455,BANCO RNX S.A.,B2,Banco Múltiplo,PR,Privado nacional,S4,110352749.35,202012.00,209904.31,568926.92,778831.23,True,True,0.01
2020,33132044,BANCO CEDULA S.A.,B1,Banco Múltiplo,RJ,Privado nacional,S4,108156283.62,202012.00,-20373974.41,1630135.62,-18743838.79,True,True,-0.17
2020,C0051688,FINAXIS,B1,,PR,Privado nacional,S4,90736045.82,202012.00,2493037.62,178367.31,2671404.93,True,True,0.03
2020,36658769,BANCO XCMG BRASIL S.A.,B2,Banco Múltiplo,MG,Controle estrangeiro,S4,80981311.47,202012.00,,9101.82,9101.82,False,True,0.00
2020,33042151,BANCO DE LA NACION ARGENTINA,B1,Banco Comercial Estrangeiro - Filial no país,SP,Controle estrangeiro,S4,63511622.09,202012.00,-5072474.10,-6116833.59,-11189307.69,True,True,-0.18
2020,08609934,MONEYCORP BANCO DE CÂMBIO S.A.,B2,Banco de Câmbio,SP,Privado nacional,S4,48788853.60,202012.00,-1873071.54,897027.32,-976044.22,True,True,-0.02
2020,15173776,BANCO CAPITAL S.A.,B1,Banco Múltiplo,BA,Privado nacional,S4,35521690.75,202012.00,-1273136.58,-2193822.02,-3466958.60,True,True,-0.10
2020,33588252,BANCO INDUSCRED DE INVESTIMENTO S.A.,B2,Banco de Investimento,SP,Privado nacional,S4,33175700.84,202012.00,-1037947.99,-385491.64,-1423439.63,True,True,-0.04
2020,40429946,BANCO PORTO REAL DE INVESTIMENTOS S.A,B2,Banco de Investimento,RJ,Privado nacional,S4,28656615.87,202012.00,42394.18,-16529.15,25865.03,True,True,0.00
2020,09526594,BANCO VIPAL S.A.,B2,Banco Múltiplo,RS,Privado nacional,S4,14756672.58,202012.00,-224683.68,-538898.77,-763582.45,True,True,-0.05
2020,45283173,BBVA BRASIL BANCO DE INVESTIMENTO S.A.,B2,Banco de Investimento,SP,Controle estrangeiro,S4,,,-3444928.47,,-3444928.47,False,True,
2020,C0050328,SOCOPA,B1,,SP,Privado nacional,S4,,,6724112.95,,6724112.95,False,True,
2020,C0051822,BR PARTNERS,B2,,SP,Privado nacional,S4,,,2321619.19,,2321619.19,False,True,
2021,C0010069,ITAU,B1,,SP,Privado nacional,S1,1989883494213.66,202112.00,13611618094.38,13876643548.87,27488261643.25,True,True,0.01
2021,C0049906,BB,B1,,DF,Público,S1,1919468972841.32,202112.00,9854322452.55,9998913883.72,19853236336.27,True,True,0.01
2021,C0051626,CAIXA ECONÔMICA FEDERAL,B1,,DF,Público,S1,1448893553787.20,202112.00,10226957390.92,5621477932.80,15848435323.72,True,True,0.01
2021,C0010045,BRADESCO,B1,,SP,Privado nacional,S1,1424533151734.95,202112.00,12316991645.26,9996497974.96,22313489620.22,True,True,0.02
2021,C0030379,SANTANDER,B1,,SP,Controle estrangeiro,S1,994939031659.05,202112.00,7210160080.13,8033114434.23,15243274514.36,True,True,0.02
2021,33657248,BANCO NACIONAL DE DESENVOLVIMENTO ECONOMICO E SOCIAL,B4,BNDES,RJ,Público,S2,774202721476.26,202112.00,15116080043.24,18953008732.93,34069088776.17,True,True,0.04
2021,C0049944,BTG PACTUAL,B1,,RJ,Privado nacional,S1,374163125166.47,202112.00,3175632014.54,3118845171.80,6294477186.34,True,True,0.02
2021,C0010083,SAFRA,B1,,SP,Privado nacional,S2,235636758030.33,202112.00,1128157849.74,1022305199.71,2150463049.45,True,True,0.01
2021,C0030403,CITIBANK,B1,,SP,Controle estrangeiro,S2,133720262797.43,202112.00,617314407.74,1071404668.00,1688719075.74,True,True,0.01
2021,C0051011,VOTORANTIM,B1,,SP,Privado nacional,S2,120228842856.24,202112.00,815838994.56,747998821.08,1563837815.64,True,True,0.01
2021,C0020107,JP MORGAN CHASE,B1,,SP,Controle estrangeiro,S3,109192021791.36,202112.00,466618435.30,652400671.96,1119019107.26,True,True,0.01
2021,C0030173,BANRISUL,B1,,RS,Público,S2,104115621117.28,202112.00,544161022.79,404373815.99,948534838.78,True,True,0.01
2021,C0052120,XP,B1,,RJ,Privado nacional,S3,92198411380.77,202112.00,194268661.22,24262003.17,218530664.39,True,True,0.00
2021,01181521,BANCO COOPERATIVO SICREDI S.A.,B1,Banco Múltiplo Cooperativo,RS,Privado nacional,S3,83117784676.01,202112.00,29254484.91,78748078.53,108002563.44,True,True,0.00
2021,C0051750,BANCO SICOOB,B1,,DF,Privado nacional,S3,75607671726.55,202112.00,117702014.15,103210592.67,220912606.82,True,True,0.00
2021,C0051516,BNP PARIBAS,B1,,SP,Controle estrangeiro,S3,74183713573.56,202112.00,28115252.71,141830765.37,169946018.08,True,True,0.00
2021,C0051987,DAYCOVAL,B1,,SP,Privado nacional,S3,62616475853.96,202112.00,733337877.73,680860634.32,1414198512.05,True,True,0.02
2021,07237373,BANCO DO NORDESTE DO BRASIL S.A.,B1,Banco Múltiplo,CE,Público,S2,60302034380.85,202112.00,710422790.29,908070016.53,1618492806.82,True,True,0.03
2021,C0041856,ABC-BRASIL,B1,,SP,Controle estrangeiro,S3,48297810723.25,202112.00,258746218.27,313425799.23,572172017.50,True,True,0.01
2021,01023570,BANCO RABOBANK INTERNATIONAL BRASIL S.A.,B1,Banco Múltiplo,SP,Controle estrangeiro,S3,46197075613.70,202112.00,284857376.83,430496884.10,715354260.93,True,True,0.02
2021,C0030771,CREDIT SUISSE,B1,,SP,Controle estrangeiro,S3,44469724436.26,202112.00,224929364.78,-164016778.42,60912586.36,True,True,0.00
2021,C0051884,INTER,B1,,MG,Privado nacional,S3,36495919201.60,202112.00,24590879.14,10388450.44,34979329.58,True,True,0.00
2021,C0051066,CREDIT AGRICOLE,B1,,SP,Controle estrangeiro,S3,35430700884.34,202112.00,-26910628.81,21782062.26,-5128566.55,True,True,-0.00
2021,C0030290,BMG,B1,,SP,Privado nacional,S3,34398538003.58,202112.00,151289820.08,90625000.55,241914820.63,True,True,0.01
2021,C0030159,BANESTES,B1,,ES,Público,S3,33931307234.46,202112.00,114193377.45,136396799.00,250590176.45,True,True,0.01
2021,C0031976,BRB,B1,,DF,Público,S3,30555181303.99,202112.00,241759933.36,295555876.45,537315809.81,True,True,0.02
2021,C0051255,BOFA MERRILL LYNCH,B1,,SP,Controle estrangeiro,S3,30278228241.53,202112.00,251883815.23,357682368.78,609566184.01,True,True,0.02
2021,59109165,BANCO VOLKSWAGEN S.A.,B2,Banco Múltiplo,SP,Controle estrangeiro,S3,27928566049.65,202112.00,236426077.85,86139977.37,322566055.22,True,True,0.01
2021,60498557,BANCO MUFG BRASIL S.A.,B1,Banco Múltiplo,SP,Controle estrangeiro,S3,26797070662.86,202112.00,32920919.17,18012122.28,50933041.45,True,True,0.00
2021,04902979,BANCO DA AMAZONIA S.A.,B1,Banco Comercial,PA,Público,S3,25952485478.40,202112.00,302638000.03,435200723.62,737838723.65,True,True,0.03
2021,C0052072,C6 BANK,B1,,SP,Privado nacional,S4,24145489969.88,202112.00,-309057535.92,-452031869.05,-761089404.97,True,True,-0.03
2021,C0031859,SOCIETE GENERALE,B1,,SP,Controle estrangeiro,S3,23471125773.32,202112.00,59985124.55,-17324915.48,42660209.07,True,True,0.00
2021,C0051781,ORIGINAL,B1,,SP,Privado nacional,S3,22361981650.50,202112.00,68464327.55,7994928.83,76459256.38,True,True,0.00
2021,C0051293,ALFA,B1,,SP,Privado nacional,S3,22257353551.10,202112.00,70166078.23,82601541.69,152767619.92,True,True,0.01
2021,C0051413,MORGAN STANLEY,B1,,SP,Controle estrangeiro,S3,22239984122.30,202112.00,188675774.01,271347293.55,460023067.56,True,True,0.02
2021,53518684,BANCO HSBC S.A.,B1,Banco Múltiplo,SP,Controle estrangeiro,S4,19372595491.35,202112.00,27688930.18,-309468.93,27379461.25,True,True,0.00
2021,C0051585,GOLDMAN SACHS,B2,,SP,Controle estrangeiro,S3,18768604787.02,202112.00,103138919.24,168371722.17,271510641.41,True,True,0.01
2021,C0032119,CCB,B1,,SP,Controle estrangeiro,S3,18302458742.02,202112.00,-12892080.63,6742731.96,-6149348.67,True,True,-0.00
2021,92816560,BANCO REGIONAL DE DESENVOLVIMENTO DO EXTREMO SUL,B4,Banco de Desenvolvimento,RS,Público,S3,17138465976.66,202112.00,130495115.05,136117172.44,266612287.49,True,True,0.02
2021,31597552,BANCO CLASSICO S.A.,B1,Banco Múltiplo,RJ,Privado nacional,S3,15937242334.94,202112.00,57890387.91,89860521.01,147750908.92,True,True,0.01
2021,C0050304,PINE,B1,,SP,Privado nacional,S3,15367133435.01,202112.00,1782520.72,4159398.94,5941919.66,True,True,0.00
2021,C0051262,MERCEDES-BENZ,B2,,SP,Controle estrangeiro,S3,15101636223.39,202112.00,72357562.11,77456297.62,149813859.73,True,True,0.01
2021,C0052003,BOCOM,B1,,BA,Controle estrangeiro,S3,14853313401.74,202112.00,63539460.86,83859281.82,147398742.68,True,True,0.01
2021,02992446,BANCO CNH INDUSTRIAL CAPITAL S.A.,B2,Banco Múltiplo,PR,Controle estrangeiro,S3,14402922140.22,202112.00,117275317.74,121696354.88,238971672.62,True,True,0.02
2021,C0052230,SCOTIABANK,B1,,SP,Controle estrangeiro,S4,14205117629.92,202112.00,75124342.94,121058796.71,196183139.65,True,True,0.01
2021,08357240,BANCO CSF S.A.,B2,Banco Múltiplo,SP,Controle estrangeiro,S3,14174078584.44,202112.00,351764268.59,274553913.93,626318182.52,True,True,0.04
2021,C0020152,MERCANTIL DO BRASIL,B1,,MG,Privado nacional,S3,12580619240.98,202112.00,100913617.97,86449547.69,187363165.66,True,True,0.01
2021,04913711,BANCO DO ESTADO DO PARÁ S.A.,B1,Banco Múltiplo,PA,Público,S3,12518707392.21,202112.00,120370390.17,120914787.45,241285177.62,True,True,0.02
2021,61088183,BANCO MIZUHO DO BRASIL S.A.,B1,Banco Múltiplo,SP,Controle estrangeiro,S4,11898299733.94,202112.00,27238818.80,31845934.50,59084753.30,True,True,0.00
2021,58616418,BANCO FIBRA S.A.,B1,Banco Múltiplo,SP,Privado nacional,S3,11828441948.57,202112.00,20272416.54,-14164550.66,6107865.88,True,True,0.00
2021,62331228,DEUTSCHE BANK S.A. - BANCO ALEMAO,B1,Banco Múltiplo,SP,Controle estrangeiro,S3,11817440307.16,202112.00,3723289.36,94908618.73,98631908.09,True,True,0.01
2021,C0050201,MASTER,B1,,RJ,Privado nacional,S4,10364233789.31,202112.00,33514289.57,104268626.96,137782916.53,True,True,0.01
2021,10264663,BANCOSEGURO S.A.,B1,Banco Múltiplo,SP,Privado nacional,S4,10352865712.30,202112.00,12644892.09,60844272.06,73489164.15,True,True,0.01
2021,59274605,BANCO GM S.A.,B2,Banco Múltiplo,SP,Controle estrangeiro,S3,10198041482.38,202112.00,184646705.94,137825279.83,322471985.77,True,True,0.03
2021,C0031873,SOFISA,B1,,SP,Privado nacional,S4,10101740611.92,202112.00,65746147.60,94353009.03,160099156.63,True,True,0.02
2021,91884981,BANCO JOHN DEERE S.A.,B1,Banco Múltiplo,SP,Controle estrangeiro,S3,9734107624.51,202112.00,124172502.88,96043773.80,220216276.68,True,True,0.02
2021,03215790,BANCO TOYOTA DO BRASIL S.A.,B2,Banco Múltiplo,SP,Controle estrangeiro,S3,8823700232.09,202112.00,120307835.97,124299458.72,244607294.69,True,True,0.03
2021,C0030881,PARANÁ BANCO,B1,,PR,Privado nacional,S4,8813367493.38,202112.00,94908329.73,28910761.16,123819090.89,True,True,0.01
2021,58017179,BANCO VOLVO BRASIL S.A.,B2,Banco Múltiplo,PR,Controle estrangeiro,S4,8761576186.97,202112.00,48164449.50,90739068.21,138903517.71,True,True,0.02
2021,05040481,BANCO DE LAGE LANDEN BRASIL S.A.,B2,Banco Múltiplo,RS,Controle estrangeiro,S4,8621022136.05,202112.00,66832124.68,70623380.87,137455505.55,True,True,0.02
2021,60518222,BANCO SUMITOMO MITSUI BRASILEIRO S.A.,B1,Banco Múltiplo,SP,Controle estrangeiro,S3,8545055520.45,202112.00,45476650.74,110531135.70,156007786.44,True,True,0.02
2021,C0051956,AGIBANK,B1,,SP,Privado nacional,S4,8446550163.04,202112.00,27511915.51,-59073806.71,-31561891.20,True,True,-0.00
2021,38486817,BANCO DE DESENVOLVIMENTO DE MINAS GERAIS S.A.-BDMG,B4,Banco de Desenvolvimento,MG,Público,S3,8412845605.83,202112.00,54131322.65,177045522.43,231176845.08,True,True,0.03
2021,C0051963,MODAL,B1,,RJ,Privado nacional,S4,7847072920.46,202112.00,49893140.79,95902698.04,145795838.83,True,True,0.02
2021,13009717,BANCO DO ESTADO DE SERGIPE S.A.,B1,Banco Múltiplo,SE,Público,S4,7319532152.33,202112.00,50793304.61,32945693.54,83738998.15,True,True,0.01
2021,C0050940,OMNI,B1,,SP,Privado nacional,S4,6921178940.19,202112.00,83589652.69,23225345.14,106814997.83,True,True,0.02
2021,C0052010,CREFISA,B1,,SP,Privado nacional,S4,6836344633.69,202112.00,111235829.90,155902760.18,267138590.08,True,True,0.04
2021,11417016,SCANIA BANCO S.A.,B2,Banco Múltiplo,SP,Controle estrangeiro,S4,6561825132.22,202112.00,35746093.57,41794414.44,77540508.01,True,True,0.01
2021,C0050531,VOITER,B1,,SP,Privado nacional,S4,6184665969.15,202112.00,-56325156.09,-9802015.75,-66127171.84,True,True,-0.01
2021,C0050988,INDUSTRIAL DO BRASIL,B1,,SP,Privado nacional,S4,6109001873.20,202112.00,36432175.17,20793719.65,57225894.82,True,True,0.01
2021,62237425,BANCO FIDIS S/A,B2,Banco Múltiplo,MG,Controle estrangeiro,S4,6049235689.79,202112.00,54127133.45,96675009.54,150802142.99,True,True,0.02
2021,C0052034,GRUPO BONSUCESSO - BS2,B1,,MG,Privado nacional,S3,5483387913.61,202112.00,23100948.66,-7592351.13,15508597.53,True,True,0.00
2021,92874270,BANCO DIGIMAIS S.A.,B1,Banco Múltiplo,SP,Controle estrangeiro,S4,5389612421.97,202112.00,25962761.43,23103189.90,49065951.33,True,True,0.01
2021,03609817,BANCO CARGILL S.A.,B1,Banco Múltiplo,SP,Controle estrangeiro,S4,4630692168.58,202112.00,35184712.47,47699546.78,82884259.25,True,True,0.02
2021,C0051396,HONDA,B2,,SP,Controle estrangeiro,S4,4622949844.16,202112.00,116540728.43,83004321.65,199545050.08,True,True,0.04
2021,17351180,BANCO TRIANGULO S.A.,B1,Banco Múltiplo,MG,Privado nacional,S4,4488994178.39,202112.00,29992225.54,21544823.74,51537049.28,True,True,0.01
2021,C0051482,HAITONG,B2,,SP,Controle estrangeiro,S3,4264946896.03,202112.00,36090748.68,9179234.99,45269983.67,True,True,0.01
2021,27098060,BANCO DIGIO S.A.,B2,Banco Múltiplo,SP,Controle estrangeiro,S4,3853789678.52,202112.00,36684700.57,-65046362.14,-28361661.57,True,True,-0.01
2021,33603457,BANCO RODOBENS S.A.,B1,Banco Múltiplo,SP,Privado nacional,S4,3831059703.13,202112.00,53772483.10,50808017.78,104580500.88,True,True,0.03
2021,C0051468,RENDIMENTO,B1,,SP,Privado nacional,S4,3483969220.69,202112.00,39834444.93,42485367.57,82319812.50,True,True,0.02
2021,02658435,BANCO CATERPILLAR S.A.,B2,Banco Múltiplo,SP,Controle estrangeiro,S4,3460995910.25,202112.00,28006145.26,17626103.99,45632249.25,True,True,0.01
2021,34270520,BANCO IBM S.A.,B2,Banco Múltiplo,RJ,Controle estrangeiro,S4,3141215385.78,202112.00,19619619.81,18157416.08,37777035.89,True,True,0.01
2021,55230916,INTESA SANPAOLO BRASIL S.A. - BANCO MÚLTIPLO,B1,Banco Múltiplo,SP,Controle estrangeiro,S4,3083919841.58,202112.00,5723787.52,17633961.22,23357748.74,True,True,0.01
2021,13220493,BR PARTNERS BANCO DE INVESTIMENTO S.A.,B2,Banco de Investimento,SP,Privado nacional,S4,2929757550.87,202112.00,6348892.20,25956795.66,32305687.86,True,True,0.01
2021,10690848,BANCO DA CHINA BRASIL S.A.,B1,Banco Múltiplo,SP,Controle estrangeiro,S4,2835261097.66,202112.00,9344513.04,11340481.92,20684994.96,True,True,0.01
2021,03532415,BANCO ABN AMRO S.A.,B1,Banco Múltiplo,SP,Controle estrangeiro,S4,2741812513.46,202112.00,49479047.69,15997926.55,65476974.24,True,True,0.02
2021,C0051839,GENIAL,B1,,RJ,Privado nacional,S4,2325459621.62,202112.00,50504639.18,12961003.32,63465642.50,True,True,0.03
2021,09274232,STATE STREET BRASIL S.A. - BANCO COMERCIAL,B1,Banco Comercial,SP,Controle estrangeiro,S4,2157677228.50,202112.00,1966896.48,4179042.55,6145939.03,True,True,0.00
2021,59118133,BANCO LUSO BRASILEIRO S.A.,B1,Banco Múltiplo,SP,Privado nacional,S4,2098901263.28,202112.00,13437273.63,14983392.45,28420666.08,True,True,0.01
2021,C0051808,BNY MELLON,B1,,RJ,Controle estrangeiro,S4,1950514742.41,202112.00,39366221.31,36213720.81,75579942.12,True,True,0.04
2021,10371492,BANCO YAMAHA MOTOR DO BRASIL S.A.,B2,Banco Múltiplo,SP,Controle estrangeiro,S4,1855726678.30,202112.00,48431180.45,47443647.86,95874828.31,True,True,0.05
2021,07679404,BANCO TOPÁZIO S.A.,B1,Banco Múltiplo,RS,Controle estrangeiro,S4,1815727337.19,202112.00,17345931.66,14163314.60,31509246.26,True,True,0.02
2021,28517628,BANCO PACCAR S.A.,B2,Banco Múltiplo,PR,Controle estrangeiro,S4,1789800527.25,202112.00,4823747.77,11730168.49,16553916.26,True,True,0.01
2021,74828799,NOVO BANCO CONTINENTAL S.A. - BANCO MÚLTIPLO,B1,Banco Múltiplo,RS,Controle estrangeiro,S4,1784123337.37,202112.00,15692179.88,15380840.92,31073020.80,True,True,0.02
2021,07656500,BANCO KDB DO BRASIL S.A.,B1,Banco Múltiplo,SP,Controle estrangeiro,S4,1736288118.67,202112.00,2879624.06,4890950.68,7770574.74,True,True,0.00
2021,61820817,BANCO PAULISTA S.A.,B1,Banco Múltiplo,SP,Privado nacional,S4,1629191915.96,202112.00,1279775.26,4723279.53,6003054.79,True,True,0.00
2021,11476673,BANCO RANDON S.A.,B2,Banco Múltiplo,RS,Privado nacional,S4,1431938169.25,202112.00,5892937.19,3812276.58,9705213.77,True,True,0.01
2021,17453575,ICBC DO BRASIL BANCO MÚLTIPLO S.A.,B1,Banco Múltiplo,SP,Controle estrangeiro,S4,1424414454.66,202112.00,-32364067.04,-1091373.41,-33455440.45,True,True,-0.02
2021,C0051774,BARIGUI,B1,,PR,Privado nacional,S4,1279437776.53,202112.00,17135853.31,-6360678.50,10775174.81,True,True,0.01
2021,C0051815,CAIXA GERAL,B1,,SP,Controle estrangeiro,S4,1228011449.02,202112.00,1299760.04,-11670004.20,-10370244.16,True,True,-0.01
2021,78632767,BANCO OURINVEST S.A.,B1,Banco Múltiplo,SP,Privado nacional,S4,1216910102.19,202112.00,9288321.82,11921430.51,21209752.33,True,True,0.02
2021,00517645,BANCO RIBEIRAO PRETO S.A.,B1,Banco Múltiplo,SP,Privado nacional,S4,1215593126.73,202112.00,19024344.40,2546050.32,21570394.72,True,True,0.02
2021,02318507,BANCO KEB HANA DO BRASIL S.A.,B1,Banco Comercial,SP,Controle estrangeiro,S4,1205654040.29,202112.00,10363605.84,2126621.13,12490226.97,True,True,0.01
2021,28145829,BANCO DE DESENVOLVIMENTO DO ESPIRITO SANTO S.A.,B4,Banco de Desenvolvimento,ES,Público,S4,1198948239.57,202112.00,14723598.61,35412001.48,50135600.09,True,True,0.04
2021,15357060,BANCO WOORI BANK DO BRASIL S.A.,B1,Banco Múltiplo,SP,Controle estrangeiro,S4,1162030077.14,202112.00,7915933.10,7300173.43,15216106.53,True,True,0.01
2021,C0051877,UBS,B2,,SP,Controle estrangeiro,S4,1156608973.33,202112.00,52704801.41,85039879.02,137744680.43,True,True,0.12
2021,00795423,BANCO SEMEAR S.A.,B1,Banco Múltiplo,MG,Privado nacional,S4,1143704002.26,202112.00,6580740.36,7430553.80,14011294.16,True,True,0.01
2021,00997185,BANCO B3 S.A.,B1,Banco Comercial,SP,Privado nacional,S4,993255682.44,202112.00,13752433.53,19195734.57,32948168.10,True,True,0.03
2021,04814563,BANCO SOROCRED S.A. - BANCO MÚLTIPLO,B1,Banco Múltiplo,SP,Privado nacional,S4,917007901.66,202112.00,-2892963.14,-41785647.40,-44678610.54,True,True,-0.05
2021,31880826,BANCO GUANABARA S.A.,B1,Banco Múltiplo,RJ,Privado nacional,S4,909128949.01,202112.00,2639467.22,3397581.51,6037048.73,True,True,0.01
2021,C0051671,CONFIDENCE,B2,,SP,Privado nacional,S4,902457817.51,202112.00,2702284.86,16729322.88,19431607.74,True,True,0.02
2021,54403563,BANCO ARBI S.A.,B1,Banco Comercial,RJ,Privado nacional,S4,765898405.92,202112.00,,2189689.69,2189689.69,False,True,0.00
2021,07441209,BANCO MONEO S.A.,B2,Banco Múltiplo,RS,Privado nacional,S4,753235709.56,202112.00,5027997.73,6005953.16,11033950.89,True,True,0.01
2021,57839805,BANCO TRICURY S.A.,B2,Banco Múltiplo,SP,Privado nacional,S4,699330827.12,202112.00,10657308.98,12061454.53,22718763.51,True,True,0.03
2021,23511655,DEUTSCHE SPARKASSEN LEASING DO BRASIL BANCO MÚLTIPLO S.A.,B2,Banco Múltiplo,SP,Controle estrangeiro,S4,664847060.94,202112.00,-1953152.62,2531849.87,578697.25,True,True,0.00
2021,23903068,BANCO KOMATSU DO BRASIL S.A.,B2,Banco Múltiplo,SP,Controle estrangeiro,S4,578104172.97,202112.00,5399203.86,4665792.13,10064995.99,True,True,0.02
2021,33644196,BANCO FATOR S.A.,B1,Banco Múltiplo,SP,Privado nacional,S4,566274921.01,202112.00,,20901863.42,20901863.42,False,True,0.04
2021,01852137,BANCO BRASILEIRO DE CRÉDITO SOCIEDADE ANÔNIMA,B1,Banco Múltiplo,SP,Controle estrangeiro,S4,483215567.38,202112.00,,3088842.41,3088842.41,False,True,0.01
2021,C0050524,VR,B1,,SP,Privado nacional,S4,474702499.82,202112.00,-3474044.30,-3387339.81,-6861384.11,True,True,-0.01
2021,36658769,BANCO XCMG BRASIL S.A.,B2,Banco Múltiplo,MG,Controle estrangeiro,S4,423840482.67,202112.00,-272264.12,1480046.64,1207782.52,True,True,0.00
2021,C0051949,ANDBANK,B1,,SP,Controle estrangeiro,S4,404730603.47,202112.00,-8273383.01,-11016807.65,-19290190.66,True,True,-0.05
2021,04866275,BANCO INBURSA S.A.,B1,Banco Múltiplo,SP,Controle estrangeiro,S4,394158684.12,202112.00,-10255151.99,-27316474.44,-37571626.43,True,True,-0.10
2021,C0051743,BEXS,B2,,SP,Privado nacional,S4,323616137.58,202112.00,-252427.18,-3212600.00,-3465027.18,True,True,-0.01
2021,23522214,COMMERZBANK BRASIL S.A. - BANCO MÚLTIPLO,B1,Banco Múltiplo,SP,Controle estrangeiro,S4,312219147.28,202112.00,-24534959.01,-7606466.69,-32141425.70,True,True,-0.10
2021,19307785,MS BANK S.A. BANCO DE CÂMBIO,B2,Banco de Câmbio,PR,Privado nacional,S4,284296457.39,202112.00,2095601.91,-911756.02,1183845.89,True,True,0.00
2021,11970623,BANCO SENFF S.A.,B1,Banco Múltiplo,PR,Privado nacional,S4,232327708.61,202112.00,4470334.75,2819784.19,7290118.94,True,True,0.03
2021,C0051767,WESTERN UNION,B1,,SP,Controle estrangeiro,S4,219932089.08,202112.00,5655435.62,11055195.58,16710631.20,True,True,0.08
2021,C0052041,INTL FCSTONE,B2,,SP,Controle estrangeiro,S4,195154569.48,202112.00,6986023.67,9082877.28,16068900.95,True,True,0.08
2021,80271455,BANCO RNX S.A.,B2,Banco Múltiplo,PR,Privado nacional,S4,161444261.63,202112.00,724865.17,693816.74,1418681.91,True,True,0.01
2021,08609934,MONEYCORP BANCO DE CÂMBIO S.A.,B2,Banco de Câmbio,SP,Privado nacional,S4,150181975.67,202112.00,2857905.67,2114431.90,4972337.57,True,True,0.03
2021,44189447,BANCO DE LA PROVINCIA DE BUENOS AIRES,B1,Banco Comercial Estrangeiro - Filial no país,SP,Controle estrangeiro,S4,129051275.70,202112.00,12993829.77,3869668.65,16863498.42,True,True,0.13
2021,33132044,BANCO CEDULA S.A.,B1,Banco Múltiplo,RJ,Privado nacional,S4,120505748.16,202112.00,-174699.81,-4433027.67,-4607727.48,True,True,-0.04
2021,45283173,BBVA BRASIL BANCO DE INVESTIMENTO S.A.,B2,Banco de Investimento,SP,Controle estrangeiro,S4,119027631.99,202112.00,-3251257.26,4352605.00,1101347.74,True,True,0.01
2021,C0051688,FINAXIS,B1,,PR,Privado nacional,S4,74833499.66,202112.00,119643.96,1414724.22,1534368.18,True,True,0.02
2021,33042151,BANCO DE LA NACION ARGENTINA,B1,Banco Comercial Estrangeiro - Filial no país,SP,Controle estrangeiro,S4,64777179.90,202112.00,-3576893.90,-4119072.61,-7695966.51,True,True,-0.12
2021,33588252,BANCO INDUSCRED DE INVESTIMENTO S.A.,B2,Banco de Investimento,SP,Privado nacional,S4,52438055.13,202112.00,-200963.28,721794.18,520830.90,True,True,0.01
2021,40429946,BANCO PORTO REAL DE INVESTIMENTOS S.A,B2,Banco de Investimento,RJ,Privado nacional,S4,27086925.04,202112.00,-99298.46,-875954.62,-975253.08,True,True,-0.04
2021,15173776,SOCIAL BANK BANCO MÚLTIPLO S/A,B1,Banco Múltiplo,BA,Privado nacional,S4,20296208.60,202112.00,-1918682.47,-1881195.40,-3799877.87,True,True,-0.19
2021,09526594,BANCO VIPAL S.A.,B2,Banco Múltiplo,RS,Privado nacional,S4,12770968.84,202112.00,-406202.36,-1297340.61,-1703542.97,True,True,-0.13
2021,90731688,BANCO FORD S.A.,B2,Banco Múltiplo,SP,Controle estrangeiro,S4,,,-35886982.58,,-35886982.58,False,True,
2021,C0050122,FATOR,B1,,SP,Privado nacional,S4,,,-17989547.30,,-17989547.30,False,True,
2021,C0051073,ING,B1,,SP,Controle estrangeiro,S3,,,-16161598.07,,-16161598.07,False,True,
2022,C0010069,ITAU,B1,,SP,Privado nacional,S1,2264702287269.83,202212.00,15032321593.23,15575155509.42,30607477102.65,True,True,0.01
2022,C0049906,BB,B1,,DF,Público,S1,2010991123942.75,202212.00,14372376493.12,17005951922.87,31378328415.99,True,True,0.02
2022,C0051626,CAIXA ECONÔMICA FEDERAL,B1,,DF,Público,S1,1585873063405.12,202212.00,3965024822.42,5493434596.10,9458459418.52,True,True,0.01
2022,C0010045,BRADESCO,B1,,SP,Privado nacional,S1,1538534888172.89,202212.00,14072893174.49,6565185542.77,20638078717.26,True,True,0.01
2022,C0030379,SANTANDER,B1,,SP,Controle estrangeiro,S1,1076796102969.23,202212.00,8065366463.62,4824782983.70,12890149447.32,True,True,0.01
2022,33657248,BANCO NACIONAL DE DESENVOLVIMENTO ECONOMICO E SOCIAL,B4,BNDES,RJ,Público,S2,681161316325.65,202212.00,24615500096.99,17127548388.34,41743048485.33,True,True,0.06
2022,C0049944,BTG PACTUAL,B1,,RJ,Privado nacional,S1,441386142085.77,202212.00,4009882189.57,3831954911.56,7841837101.13,True,True,0.02
2022,C0010083,SAFRA,B1,,SP,Privado nacional,S2,252426071858.42,202212.00,1140921482.38,1064740029.17,2205661511.55,True,True,0.01
2022,C0030403,CITIBANK,B1,,SP,Controle estrangeiro,S2,169772268594.12,202212.00,963314187.02,1617262973.21,2580577160.23,True,True,0.02
2022,01181521,BANCO COOPERATIVO SICREDI S.A.,B1,Banco Múltiplo Cooperativo,RS,Privado nacional,S3,150419287056.51,202212.00,99325364.79,80184141.70,179509506.49,True,True,0.00
2022,C0052120,XP,B1,,RJ,Privado nacional,S3,135664256461.13,202212.00,-165308737.87,-154105608.68,-319414346.55,True,True,-0.00
2022,C0051011,VOTORANTIM,B1,,SP,Privado nacional,S2,125221094895.47,202212.00,799512199.18,661954873.89,1461467073.07,True,True,0.01
2022,C0030173,BANRISUL,B1,,RS,Público,S2,112048174360.88,202212.00,391916026.25,323017587.65,714933613.90,True,True,0.01
2022,C0020107,JP MORGAN CHASE,B1,,SP,Controle estrangeiro,S3,109762389655.69,202212.00,489258693.38,1066570400.06,1555829093.44,True,True,0.01
2022,C0051750,BANCO SICOOB,B1,,DF,Privado nacional,S3,102040529617.71,202212.00,291001649.55,179359145.70,470360795.25,True,True,0.00
2022,C0051516,BNP PARIBAS,B1,,SP,Controle estrangeiro,S3,78213107079.31,202212.00,22381855.73,-338404081.15,-316022225.42,True,True,-0.00
2022,C0051987,DAYCOVAL,B1,,SP,Privado nacional,S3,70605117117.70,202212.00,468068274.98,634858294.60,1102926569.58,True,True,0.02
2022,07237373,BANCO DO NORDESTE DO BRASIL S.A.,B1,Banco Múltiplo,CE,Público,S2,63167204048.03,202212.00,701342677.12,1313988503.86,2015331180.98,True,True,0.03
2022,C0041856,ABC-BRASIL,B1,,SP,Controle estrangeiro,S3,55486288184.47,202212.00,384812915.64,415419794.61,800232710.25,True,True,0.01
2022,01023570,BANCO RABOBANK INTERNATIONAL BRASIL S.A.,B1,Banco Múltiplo,SP,Controle estrangeiro,S3,47739521693.02,202212.00,293264033.97,507372350.30,800636384.27,True,True,0.02
2022,C0051884,INTER,B1,,MG,Privado nacional,S3,45892352203.63,202212.00,29227282.04,-118815001.18,-89587719.14,True,True,-0.00
2022,C0030290,BMG,B1,,SP,Privado nacional,S3,44318225756.09,202212.00,99937092.48,126220578.09,226157670.57,True,True,0.01
2022,C0052072,C6 BANK,B1,,SP,Privado nacional,S3,43617798167.15,202212.00,-580701648.28,-1823230383.05,-2403932031.33,True,True,-0.06
2022,C0031976,BRB,B1,,DF,Público,S3,40105057189.72,202212.00,190525025.62,115760612.67,306285638.29,True,True,0.01
2022,C0030771,CREDIT SUISSE,B1,,SP,Controle estrangeiro,S3,38058189098.22,202212.00,580274101.00,351775713.35,932049814.35,True,True,0.02
2022,59109165,BANCO VOLKSWAGEN S.A.,B2,Banco Múltiplo,SP,Controle estrangeiro,S3,37596681159.44,202212.00,20939625.16,134756770.35,155696395.51,True,True,0.00
2022,C0030159,BANESTES,B1,,ES,Público,S3,36616696136.67,202212.00,182115116.70,147927794.87,330042911.57,True,True,0.01
2022,C0051781,ORIGINAL,B1,,SP,Privado nacional,S3,34837580771.18,202212.00,-557582306.09,-1164119597.31,-1721701903.40,True,True,-0.05
2022,04902979,BANCO DA AMAZONIA S.A.,B1,Banco Comercial,PA,Público,S3,34595898972.24,202212.00,439161270.25,683152900.66,1122314170.91,True,True,0.03
2022,C0051585,GOLDMAN SACHS,B2,,SP,Controle estrangeiro,S3,34278727100.81,202212.00,108637929.06,385267854.59,493905783.65,True,True,0.01
2022,C0051255,BOFA MERRILL LYNCH,B1,,SP,Controle estrangeiro,S3,32836904592.84,202212.00,474098742.02,452392758.61,926491500.63,True,True,0.03
2022,60498557,BANCO MUFG BRASIL S.A.,B1,Banco Múltiplo,SP,Controle estrangeiro,S3,30867339555.70,202212.00,42071562.56,38690368.61,80761931.17,True,True,0.00
2022,75647891,BANCO CRÉDIT AGRICOLE BRASIL S.A.,B1,Banco Múltiplo,SP,Controle estrangeiro,S3,27152399492.30,202212.00,,152111153.74,152111153.74,False,True,0.01
2022,C0051293,ALFA,B1,,SP,Privado nacional,S3,23326973332.60,202212.00,78090296.36,87113540.50,165203836.86,True,True,0.01
2022,C0051413,MORGAN STANLEY,B1,,SP,Controle estrangeiro,S3,22446936927.12,202212.00,182404778.31,396869859.68,579274637.99,True,True,0.03
2022,C0052003,BOCOM,B1,,BA,Controle estrangeiro,S3,22248908225.18,202212.00,87206879.89,133418625.15,220625505.04,True,True,0.01
2022,10264663,BANCOSEGURO S.A.,B1,Banco Múltiplo,SP,Privado nacional,S4,22247324611.04,202212.00,19507763.20,-3325738.93,16182024.27,True,True,0.00
2022,53518684,BANCO HSBC S.A.,B1,Banco Múltiplo,SP,Controle estrangeiro,S3,22232956047.80,202212.00,12827282.53,15636823.52,28464106.05,True,True,0.00
2022,31597552,BANCO CLASSICO S.A.,B1,Banco Múltiplo,RJ,Privado nacional,S3,21855544649.87,202212.00,117098830.28,115263943.30,232362773.58,True,True,0.01
2022,C0031859,SOCIETE GENERALE,B1,,SP,Controle estrangeiro,S3,20794254563.19,202212.00,7977561.33,77852312.60,85829873.93,True,True,0.00
2022,02992446,BANCO CNH INDUSTRIAL CAPITAL S.A.,B2,Banco Múltiplo,PR,Controle estrangeiro,S3,20697391561.96,202212.00,199260392.24,125608896.89,324869289.13,True,True,0.02
2022,C0050201,MASTER,B1,,RJ,Privado nacional,S4,20545604831.28,202212.00,60005879.29,150821273.08,210827152.37,True,True,0.01
2022,C0051262,MERCEDES-BENZ,B2,,SP,Controle estrangeiro,S3,20206890633.24,202212.00,73386080.93,47582075.02,120968155.95,True,True,0.01
2022,92816560,BANCO REGIONAL DE DESENVOLVIMENTO DO EXTREMO SUL,B4,Banco de Desenvolvimento,RS,Público,S3,19099153550.53,202212.00,219921937.95,229669218.68,449591156.63,True,True,0.02
2022,C0032119,CCB,B1,,SP,Controle estrangeiro,S3,18558713094.53,202212.00,-16284843.34,5587924.08,-10696919.26,True,True,-0.00
2022,62331228,DEUTSCHE BANK S.A. - BANCO ALEMAO,B1,Banco Múltiplo,SP,Controle estrangeiro,S3,17512424422.18,202212.00,57604336.79,198536188.42,256140525.21,True,True,0.01
2022,C0052230,SCOTIABANK,B1,,SP,Controle estrangeiro,S3,17189216849.10,202212.00,68493743.88,327565232.07,396058975.95,True,True,0.02
2022,08357240,BANCO CSF S.A.,B2,Banco Múltiplo,SP,Controle estrangeiro,S3,16776981552.08,202212.00,127079083.06,236073228.11,363152311.17,True,True,0.02
2022,C0050304,PINE,B1,,SP,Privado nacional,S3,16346707987.39,202212.00,6292624.19,34607001.31,40899625.50,True,True,0.00
2022,61088183,BANCO MIZUHO DO BRASIL S.A.,B1,Banco Múltiplo,SP,Controle estrangeiro,S4,15299867039.22,202212.00,40344536.75,83031915.83,123376452.58,True,True,0.01
2022,04913711,BANCO DO ESTADO DO PARÁ S.A.,B1,Banco Múltiplo,PA,Público,S3,15276815669.23,202212.00,77638838.72,101539453.62,179178292.34,True,True,0.01
2022,C0020152,MERCANTIL DO BRASIL,B1,,MG,Privado nacional,S3,15086641622.57,202212.00,95406665.49,105210644.63,200617310.12,True,True,0.01
2022,91884981,BANCO JOHN DEERE S.A.,B1,Banco Múltiplo,SP,Controle estrangeiro,S3,14669635674.90,202212.00,112687610.63,156695457.30,269383067.93,True,True,0.02
2022,58616418,BANCO FIBRA S.A.,B1,Banco Múltiplo,SP,Privado nacional,S3,13992602318.64,202212.00,14047155.06,4289436.22,18336591.28,True,True,0.00
2022,58017179,BANCO VOLVO BRASIL S.A.,B2,Banco Múltiplo,PR,Controle estrangeiro,S4,13911588822.24,202212.00,95145506.15,148589484.94,243734991.09,True,True,0.02
2022,C0051956,AGIBANK,B1,,SP,Privado nacional,S4,12677122597.16,202212.00,43301288.16,57180206.20,100481494.36,True,True,0.01
2022,C0031873,SOFISA,B1,,SP,Privado nacional,S4,12467251886.93,202212.00,85664935.03,77102304.49,162767239.52,True,True,0.01
2022,05040481,BANCO DE LAGE LANDEN BRASIL S.A.,B2,Banco Múltiplo,RS,Controle estrangeiro,S4,12308477919.45,202212.00,63346135.66,30571869.26,93918004.92,True,True,0.01
2022,59274605,BANCO GM S.A.,B2,Banco Múltiplo,SP,Controle estrangeiro,S3,10840375516.83,202212.00,85746046.26,94361785.95,180107832.21,True,True,0.02
2022,03215790,BANCO TOYOTA DO BRASIL S.A.,B2,Banco Múltiplo,SP,Controle estrangeiro,S3,10505098157.12,202212.00,46549109.50,-6479618.77,40069490.73,True,True,0.00
2022,11417016,SCANIA BANCO S.A.,B2,Banco Múltiplo,SP,Controle estrangeiro,S4,9529664950.40,202212.00,46684896.95,47393552.63,94078449.58,True,True,0.01
2022,60518222,BANCO SUMITOMO MITSUI BRASILEIRO S.A.,B1,Banco Múltiplo,SP,Controle estrangeiro,S3,9523001608.16,202212.00,108182631.32,29040495.68,137223127.00,True,True,0.01
2022,C0030881,PARANÁ BANCO,B1,,PR,Privado nacional,S4,9163646782.66,202212.00,70527423.66,48385371.40,118912795.06,True,True,0.01
2022,C0051963,MODAL,B1,,RJ,Privado nacional,S4,8798389736.83,202212.00,37991447.32,-16292589.13,21698858.19,True,True,0.00
2022,38486817,BANCO DE DESENVOLVIMENTO DE MINAS GERAIS S.A.-BDMG,B4,Banco de Desenvolvimento,MG,Público,S3,8194271047.81,202212.00,65493087.42,76319299.63,141812387.05,True,True,0.02
2022,13220493,BR PARTNERS BANCO DE INVESTIMENTO S.A.,B2,Banco de Investimento,SP,Privado nacional,S4,7765457793.13,202212.00,29505878.51,30583224.95,60089103.46,True,True,0.01
2022,13009717,BANCO DO ESTADO DE SERGIPE S.A.,B1,Banco Múltiplo,SE,Público,S4,7760905505.09,202212.00,16529691.13,58982739.03,75512430.16,True,True,0.01
2022,C0050940,OMNI,B1,,SP,Privado nacional,S4,7662926334.69,202212.00,51578229.53,-116612765.98,-65034536.45,True,True,-0.01
2022,92874270,BANCO DIGIMAIS S.A.,B1,Banco Múltiplo,SP,Controle estrangeiro,S4,7049343832.87,202212.00,11724599.00,-334394998.00,-322670399.00,True,True,-0.05
2022,C0052010,CREFISA,B1,,SP,Privado nacional,S4,6998637896.26,202212.00,174101614.50,116374480.36,290476094.86,True,True,0.04
2022,62237425,BANCO FIDIS S/A,B2,Banco Múltiplo,MG,Controle estrangeiro,S4,6698494795.79,202212.00,96107800.26,106236355.89,202344156.15,True,True,0.03
2022,C0051482,HAITONG,B2,,SP,Controle estrangeiro,S3,6507644897.73,202212.00,1799124.67,701049.78,2500174.45,True,True,0.00
2022,C0050988,INDUSTRIAL DO BRASIL,B1,,SP,Privado nacional,S4,6192011231.31,202212.00,46381418.95,46375170.51,92756589.46,True,True,0.01
2022,C0052034,GRUPO BONSUCESSO - BS2,B1,,MG,Privado nacional,S3,5260636652.71,202212.00,17808756.02,34956566.06,52765322.08,True,True,0.01
2022,C0051396,HONDA,B2,,SP,Controle estrangeiro,S4,4785452400.00,202212.00,55238820.39,55801220.66,111040041.05,True,True,0.02
2022,02658435,BANCO CATERPILLAR S.A.,B2,Banco Múltiplo,SP,Controle estrangeiro,S4,4730885640.06,202212.00,24896368.54,38169328.89,63065697.43,True,True,0.01
2022,C0050531,VOITER,B1,,SP,Privado nacional,S4,4602805154.42,202212.00,-49075403.99,-22538224.43,-71613628.42,True,True,-0.02
2022,33603457,BANCO RODOBENS S.A.,B1,Banco Múltiplo,SP,Privado nacional,S4,4392253768.93,202212.00,29825717.54,62409346.32,92235063.86,True,True,0.02
2022,17351180,BANCO TRIANGULO S.A.,B1,Banco Múltiplo,MG,Privado nacional,S4,4358142224.72,202212.00,-20271435.60,-50022744.98,-70294180.58,True,True,-0.02
2022,C0051468,RENDIMENTO,B1,,SP,Privado nacional,S4,4252724703.58,202212.00,49528483.81,57391073.64,106919557.45,True,True,0.03
2022,10690848,BANCO DA CHINA BRASIL S.A.,B1,Banco Múltiplo,SP,Controle estrangeiro,S4,4165409093.48,202212.00,9082719.57,15148527.64,24231247.21,True,True,0.01
2022,03609817,BANCO CARGILL S.A.,B1,Banco Múltiplo,SP,Controle estrangeiro,S4,4007061785.89,202212.00,30024125.69,38326424.74,68350550.43,True,True,0.02
2022,55230916,INTESA SANPAOLO BRASIL S.A. - BANCO MÚLTIPLO,B1,Banco Múltiplo,SP,Controle estrangeiro,S4,3748237727.00,202212.00,29168131.78,52564038.81,81732170.59,True,True,0.02
2022,28517628,BANCO PACCAR S.A.,B2,Banco Múltiplo,PR,Controle estrangeiro,S4,3483140033.66,202212.00,7829470.27,18478143.95,26307614.22,True,True,0.01
2022,34270520,BANCO IBM S.A.,B2,Banco Múltiplo,RJ,Controle estrangeiro,S4,3191817562.87,202212.00,24114176.05,26411292.25,50525468.30,True,True,0.02
2022,C0051671,CONFIDENCE,B2,,SP,Privado nacional,S4,3045972523.30,202212.00,34678217.41,67885484.18,102563701.59,True,True,0.03
2022,C0051839,GENIAL,B1,,RJ,Privado nacional,S4,2618260326.29,202212.00,-12711549.01,20552824.54,7841275.53,True,True,0.00
2022,07679404,BANCO TOPÁZIO S.A.,B1,Banco Múltiplo,RS,Controle estrangeiro,S4,2524098967.84,202212.00,12076496.33,61838984.00,73915480.33,True,True,0.03
2022,78632767,BANCO OURINVEST S.A.,B1,Banco Múltiplo,SP,Privado nacional,S4,2407997393.11,202212.00,24610675.45,32787336.32,57398011.77,True,True,0.02
2022,C0052302,ABN AMRO,B1,,SP,Controle estrangeiro,S4,2406632761.82,202212.00,14623376.23,27096977.28,41720353.51,True,True,0.02
2022,74828799,NOVO BANCO CONTINENTAL S.A. - BANCO MÚLTIPLO,B1,Banco Múltiplo,RS,Controle estrangeiro,S4,2401244684.31,202212.00,7080825.91,-8347894.70,-1267068.79,True,True,-0.00
2022,59118133,BANCO LUSO BRASILEIRO S.A.,B1,Banco Múltiplo,SP,Privado nacional,S4,2395113704.66,202212.00,12981194.23,25819588.73,38800782.96,True,True,0.02
2022,10371492,BANCO YAMAHA MOTOR DO BRASIL S.A.,B2,Banco Múltiplo,SP,Controle estrangeiro,S4,2268513870.56,202212.00,17609356.13,-1808038.28,15801317.85,True,True,0.01
2022,17453575,ICBC DO BRASIL BANCO MÚLTIPLO S.A.,B1,Banco Múltiplo,SP,Controle estrangeiro,S4,2094878341.61,202212.00,1287438.92,-4348052.85,-3060613.93,True,True,-0.00
2022,07656500,BANCO KDB DO BRASIL S.A.,B1,Banco Múltiplo,SP,Controle estrangeiro,S4,2007636902.95,202212.00,10268250.59,98060313.82,108328564.41,True,True,0.05
2022,61820817,BANCO PAULISTA S.A.,B1,Banco Múltiplo,SP,Privado nacional,S4,1983924891.53,202212.00,2646981.13,4621082.74,7268063.87,True,True,0.00
2022,09274232,STATE STREET BRASIL S.A. - BANCO COMERCIAL,B1,Banco Comercial,SP,Controle estrangeiro,S4,1969885144.64,202212.00,415753.90,385096.46,800850.36,True,True,0.00
2022,11476673,BANCO RANDON S.A.,B2,Banco Múltiplo,RS,Privado nacional,S4,1817753263.35,202212.00,6728568.62,8193358.39,14921927.01,True,True,0.01
2022,C0051815,CAIXA GERAL,B1,,SP,Controle estrangeiro,S4,1556772912.34,202212.00,965706.95,954322.77,1920029.72,True,True,0.00
2022,C0051808,BNY MELLON,B1,,RJ,Controle estrangeiro,S4,1487768359.84,202212.00,30935777.00,8489464.25,39425241.25,True,True,0.03
2022,C0051774,BARIGUI,B1,,PR,Privado nacional,S4,1371880618.03,202212.00,-7037214.54,-4123945.17,-11161159.71,True,True,-0.01
2022,00997185,BANCO B3 S.A.,B1,Banco Comercial,SP,Privado nacional,S4,1359645269.05,202212.00,23297477.27,29027500.24,52324977.51,True,True,0.04
2022,28145829,BANCO DE DESENVOLVIMENTO DO ESPIRITO SANTO S.A.,B4,Banco de Desenvolvimento,ES,Público,S4,1331266551.55,202212.00,47579371.87,22422707.63,70002079.50,True,True,0.05
2022,00517645,BANCO RIBEIRAO PRETO S.A.,B1,Banco Múltiplo,SP,Privado nacional,S4,1283062248.28,202212.00,13864366.16,9769808.64,23634174.80,True,True,0.02
2022,00795423,BANCO SEMEAR S.A.,B1,Banco Múltiplo,MG,Privado nacional,S4,1207006747.03,202212.00,-14114397.00,1502714.68,-12611682.32,True,True,-0.01
2022,31880826,BANCO GUANABARA S.A.,B1,Banco Múltiplo,RJ,Privado nacional,S4,1152030138.27,202212.00,16035091.33,12174130.80,28209222.13,True,True,0.02
2022,C0051877,UBS,B2,,SP,Controle estrangeiro,S4,1132344877.48,202212.00,32270286.50,60109604.83,92379891.33,True,True,0.08
2022,C0051949,ANDBANK,B1,,SP,Controle estrangeiro,S4,1090710734.11,202212.00,-17075528.69,-3564195.82,-20639724.51,True,True,-0.02
2022,02318507,BANCO KEB HANA DO BRASIL S.A.,B1,Banco Comercial,SP,Controle estrangeiro,S4,1081434389.89,202212.00,4791929.59,6776368.73,11568298.32,True,True,0.01
2022,04814563,BANCO AFINZ S.A. - BANCO MÚLTIPLO,B1,Banco Múltiplo,SP,Privado nacional,S4,970014779.87,202212.00,-37154351.33,5411427.46,-31742923.87,True,True,-0.03
2022,15357060,BANCO WOORI BANK DO BRASIL S.A.,B1,Banco Múltiplo,SP,Controle estrangeiro,S4,951118666.53,202212.00,4184522.55,-8756272.69,-4571750.14,True,True,-0.00
2022,04866275,BANCO INBURSA S.A.,B1,Banco Múltiplo,SP,Controle estrangeiro,S4,868271214.13,202212.00,-13541221.55,-27466564.61,-41007786.16,True,True,-0.05
2022,07441209,BANCO MONEO S.A.,B2,Banco Múltiplo,RS,Privado nacional,S4,795136201.22,202212.00,8509490.52,10628364.75,19137855.27,True,True,0.02
2022,23511655,DEUTSCHE SPARKASSEN LEASING DO BRASIL BANCO MÚLTIPLO S.A.,B2,Banco Múltiplo,SP,Controle estrangeiro,S4,794996219.97,202212.00,-344554.06,3472808.50,3128254.44,True,True,0.00
2022,23903068,BANCO KOMATSU DO BRASIL S.A.,B2,Banco Múltiplo,SP,Controle estrangeiro,S4,761247370.05,202212.00,4926170.01,5408717.88,10334887.89,True,True,0.01
2022,57839805,BANCO TRICURY S.A.,B2,Banco Múltiplo,SP,Privado nacional,S4,747960053.88,202212.00,13734428.80,19091812.90,32826241.70,True,True,0.04
2022,01852137,BANCO BRASILEIRO DE CRÉDITO SOCIEDADE ANÔNIMA,B1,Banco Múltiplo,SP,Controle estrangeiro,S4,745962074.26,202212.00,-2357446.61,-4084945.57,-6442392.18,True,True,-0.01
2022,C0051743,BEXS,B2,,SP,Privado nacional,S4,708706425.56,202212.00,-1181878.38,1971855.39,789977.01,True,True,0.00
2022,33644196,BANCO FATOR S.A.,B1,Banco Múltiplo,SP,Privado nacional,S4,702940239.00,202212.00,6108335.29,-21529334.21,-15420998.92,True,True,-0.02
2022,19307785,MS BANK S.A. BANCO DE CÂMBIO,B2,Banco de Câmbio,PR,Privado nacional,S4,672736360.49,202212.00,478685.54,-4249195.02,-3770509.48,True,True,-0.01
2022,54403563,BANCO ARBI S.A.,B1,Banco Comercial,RJ,Privado nacional,S4,667842852.50,202212.00,-464295.64,386105.17,-78190.47,True,True,-0.00
2022,36658769,BANCO XCMG BRASIL S.A.,B2,Banco Múltiplo,MG,Controle estrangeiro,S4,390842371.68,202212.00,2369363.76,2802688.71,5172052.47,True,True,0.01
2022,11970623,BANCO SENFF S.A.,B1,Banco Múltiplo,PR,Privado nacional,S4,357584563.13,202212.00,2320279.88,5639532.76,7959812.64,True,True,0.02
2022,C0050524,VR,B1,,SP,Privado nacional,S4,304667630.23,202212.00,-1538208.60,-269583.26,-1807791.86,True,True,-0.01
2022,C0051767,WESTERN UNION,B1,,SP,Controle estrangeiro,S4,276421496.40,202212.00,13311431.24,17398791.62,30710222.86,True,True,0.11
2022,58497702,BANCO LETSBANK S.A.,B1,Banco Múltiplo,SP,Privado nacional,S4,248229081.61,202212.00,-27889480.85,-32226544.11,-60116024.96,True,True,-0.24
2022,C0052041,INTL FCSTONE,B2,,SP,Controle estrangeiro,S4,185821878.60,202212.00,12827075.29,14183657.28,27010732.57,True,True,0.15
2022,44189447,BANCO DE LA PROVINCIA DE BUENOS AIRES,B1,Banco Comercial Estrangeiro - Filial no país,SP,Controle estrangeiro,S4,167451900.33,202212.00,4040527.91,10380361.12,14420889.03,True,True,0.09
2022,80271455,BANCO RNX S.A.,B2,Banco Múltiplo,PR,Privado nacional,S4,164847339.19,202212.00,1527021.66,-657393.61,869628.05,True,True,0.01
2022,33132044,BANCO CEDULA S.A.,B1,Banco Múltiplo,RJ,Privado nacional,S4,125699430.74,202212.00,-2746.95,-5074323.03,-5077069.98,True,True,-0.04
2022,45283173,BBVA BRASIL BANCO DE INVESTIMENTO S.A.,B2,Banco de Investimento,SP,Controle estrangeiro,S4,123593591.78,202212.00,-1614863.04,3330919.38,1716056.34,True,True,0.01
2022,23522214,COMMERZBANK BRASIL S.A. - BANCO MÚLTIPLO,B1,Banco Múltiplo,SP,Controle estrangeiro,S4,103530867.72,202212.00,-13573895.75,-11115080.49,-24688976.24,True,True,-0.24
2022,08609934,MONEYCORP BANCO DE CÂMBIO S.A.,B2,Banco de Câmbio,SP,Privado nacional,S4,98461229.28,202212.00,3132732.50,437511.45,3570243.95,True,True,0.04
2022,33042151,BANCO DE LA NACION ARGENTINA,B1,Banco Comercial Estrangeiro - Filial no país,SP,Controle estrangeiro,S4,97416071.56,202212.00,-1889058.43,-4637367.29,-6526425.72,True,True,-0.07
2022,C0051688,FINAXIS,B1,,PR,Privado nacional,S4,63591009.71,202212.00,-2421778.75,881970.16,-1539808.59,True,True,-0.02
2022,33588252,BANCO INDUSCRED DE INVESTIMENTO S.A.,B2,Banco de Investimento,SP,Privado nacional,S4,55517152.17,202212.00,-8117805.20,809520.40,-7308284.80,True,True,-0.13
2022,15173776,SOCIAL BANK BANCO MÚLTIPLO S/A,B1,Banco Múltiplo,BA,Privado nacional,S4,52377793.88,202212.00,2064100.39,717803.73,2781904.12,True,True,0.05
2022,40429946,BANCO PORTO REAL DE INVESTIMENTOS S.A,B2,Banco de Investimento,RJ,Privado nacional,S4,28683354.00,202212.00,539075.82,780130.60,1319206.42,True,True,0.05
2022,C0051066,CREDIT AGRICOLE,B1,,SP,Controle estrangeiro,S3,,,43100099.72,,43100099.72,False,True,
2023,C0010069,ITAU,B1,,SP,Privado nacional,S1,2440500136158.25,202312.00,16808518880.59,16924245341.32,33732764221.91,True,True,0.01
2023,C0049906,BB,B1,,DF,Público,S1,2153557982278.66,202312.00,16842179554.59,17876098860.12,34718278414.71,True,True,0.02
2023,C0051626,CAIXA ECONÔMICA FEDERAL,B1,,DF,Público,S1,1827443597186.86,202312.00,4217933011.10,6925570494.11,11143503505.21,True,True,0.01
2023,C0010045,BRADESCO,B1,,SP,Privado nacional,S1,1625480810609.02,202312.00,8835137336.67,6389087255.35,15224224592.02,True,True,0.01
2023,C0030379,SANTANDER,B1,,SP,Controle estrangeiro,S1,1174816519487.37,202312.00,4278088642.24,4812805050.51,9090893692.75,True,True,0.01
2023,33657248,BANCO NACIONAL DE DESENVOLVIMENTO ECONOMICO E SOCIAL,B4,BNDES,RJ,Público,S2,721541796151.57,202312.00,9503165546.79,12399923628.41,21903089175.20,True,True,0.03
2023,C0049944,BTG PACTUAL,B1,,RJ,Privado nacional,S1,516940906236.53,202312.00,4574469124.51,5350096388.09,9924565512.60,True,True,0.02
2023,C0010083,SAFRA,B1,,SP,Privado nacional,S2,293785245283.98,202312.00,1326720988.42,1922606139.93,3249327128.35,True,True,0.01
2023,C0052120,XP,B1,,RJ,Privado nacional,S3,189317529603.12,202312.00,107569135.57,283196656.58,390765792.15,True,True,0.00
2023,C0030403,CITIBANK,B1,,SP,Controle estrangeiro,S2,182356567987.57,202312.00,866332530.30,1550038132.28,2416370662.58,True,True,0.01
2023,01181521,BANCO COOPERATIVO SICREDI S.A.,B1,Banco Múltiplo Cooperativo,RS,Privado nacional,S3,164040008317.45,202312.00,155644927.15,61554034.06,217198961.21,True,True,0.00
2023,C0051011,VOTORANTIM,B1,,SP,Privado nacional,S2,142083636663.79,202312.00,564748810.20,585812516.09,1150561326.29,True,True,0.01
2023,C0051750,BANCO SICOOB,B1,,DF,Privado nacional,S3,130527155076.04,202312.00,223052486.08,320773207.01,543825693.09,True,True,0.00
2023,C0030173,BANRISUL,B1,,RS,Público,S2,123430189445.38,202312.00,439288703.60,430815234.31,870103937.91,True,True,0.01
2023,C0020107,JP MORGAN CHASE,B1,,SP,Controle estrangeiro,S3,115198675279.93,202312.00,291861368.46,1268259884.22,1560121252.68,True,True,0.01
2023,01522368,BANCO BNP PARIBAS BRASIL S.A.,B1,Banco Múltiplo,SP,Controle estrangeiro,S3,94632173896.11,202312.00,,-48148331.24,-48148331.24,False,True,-0.00
2023,C0051987,DAYCOVAL,B1,,SP,Privado nacional,S3,78530848590.45,202312.00,458862511.01,643066176.81,1101928687.82,True,True,0.01
2023,C0052072,C6 BANK,B1,,SP,Privado nacional,S3,75191202312.89,202312.00,-473487267.51,-434712204.52,-908199472.03,True,True,-0.01
2023,07237373,BANCO DO NORDESTE DO BRASIL S.A.,B1,Banco Múltiplo,CE,Público,S2,65731259459.25,202312.00,918782496.04,1179516912.18,2098299408.22,True,True,0.03
2023,C0051884,INTER,B1,,MG,Privado nacional,S3,59423337963.15,202312.00,26562293.76,170105036.56,196667330.32,True,True,0.00
2023,C0041856,ABC-BRASIL,B1,,SP,Controle estrangeiro,S3,58670140922.62,202312.00,391901006.05,459680907.62,851581913.67,True,True,0.01
2023,C0031976,BRB,B1,,DF,Público,S3,49286551950.51,202312.00,42139780.03,162740554.34,204880334.37,True,True,0.00
2023,01023570,BANCO RABOBANK INTERNATIONAL BRASIL S.A.,B1,Banco Múltiplo,SP,Controle estrangeiro,S3,46745663344.84,202312.00,407467744.24,405242466.73,812710210.97,True,True,0.02
2023,04902979,BANCO DA AMAZONIA S.A.,B1,Banco Comercial,PA,Público,S3,45212323810.46,202312.00,565924692.51,779226000.68,1345150693.19,True,True,0.03
2023,C0030290,BMG,B1,,SP,Privado nacional,S3,43917910974.83,202312.00,8614407.43,196054278.29,204668685.72,True,True,0.00
2023,59109165,BANCO VOLKSWAGEN S.A.,B2,Banco Múltiplo,SP,Controle estrangeiro,S3,43161266059.50,202312.00,151156220.18,-29667192.82,121489027.36,True,True,0.00
2023,C0030159,BANESTES,B1,,ES,Público,S3,41476150289.94,202312.00,185242218.57,185377727.32,370619945.89,True,True,0.01
2023,C0050201,MASTER,B1,,RJ,Privado nacional,S3,36253825761.68,202312.00,290555888.94,241232199.89,531788088.83,True,True,0.01
2023,C0051781,ORIGINAL,B1,,SP,Privado nacional,S3,36237153746.39,202312.00,-774133764.07,-747809986.92,-1521943750.99,True,True,-0.04
2023,C0051255,BOFA MERRILL LYNCH,B1,,SP,Controle estrangeiro,S3,33452017340.44,202312.00,403635543.69,532098696.06,935734239.75,True,True,0.03
2023,C0052182,PAGBANK-PAGSEGURO,B1,,SP,Privado nacional,S4,30874301431.92,202312.00,33979913.21,13079267.13,47059180.34,True,True,0.00
2023,60498557,BANCO MUFG BRASIL S.A.,B1,Banco Múltiplo,SP,Controle estrangeiro,S3,30236008945.55,202312.00,39664869.60,45831842.39,85496711.99,True,True,0.00
2023,C0052003,BOCOM,B1,,BA,Controle estrangeiro,S3,27762852419.94,202312.00,129461104.79,144859564.45,274320669.24,True,True,0.01
2023,31597552,BANCO CLASSICO S.A.,B1,Banco Múltiplo,RJ,Privado nacional,S3,27143229942.48,202312.00,143813095.76,91321143.15,235134238.91,True,True,0.01
2023,02992446,BANCO CNH INDUSTRIAL CAPITAL S.A.,B2,Banco Múltiplo,PR,Controle estrangeiro,S3,26667086828.56,202312.00,107677145.91,35504898.68,143182044.59,True,True,0.01
2023,61088183,BANCO MIZUHO DO BRASIL S.A.,B1,Banco Múltiplo,SP,Controle estrangeiro,S4,26643548612.50,202312.00,53149127.61,97784438.78,150933566.39,True,True,0.01
2023,53518684,BANCO HSBC S.A.,B1,Banco Múltiplo,SP,Controle estrangeiro,S3,26402778400.89,202312.00,15383024.84,114744958.45,130127983.29,True,True,0.00
2023,C0051585,GOLDMAN SACHS,B2,,SP,Controle estrangeiro,S3,25913424804.31,202312.00,26965349.82,290565413.65,317530763.47,True,True,0.01
2023,75647891,BANCO CRÉDIT AGRICOLE BRASIL S.A.,B1,Banco Múltiplo,SP,Controle estrangeiro,S3,24487016135.45,202312.00,49777533.89,165074577.48,214852111.37,True,True,0.01
2023,C0030771,CREDIT SUISSE,B1,,SP,Controle estrangeiro,S3,21974102984.74,202312.00,79380003.57,37057096.98,116437100.55,True,True,0.01
2023,C0050304,PINE,B1,,SP,Privado nacional,S3,21693419550.89,202312.00,73437222.87,107441056.94,180878279.81,True,True,0.01
2023,92816560,BANCO REGIONAL DE DESENVOLVIMENTO DO EXTREMO SUL,B4,Banco de Desenvolvimento,RS,Público,S3,21098390534.40,202312.00,240619419.13,276630310.10,517249729.23,True,True,0.02
2023,C0051262,MERCEDES-BENZ,B2,,SP,Controle estrangeiro,S3,20588901224.61,202312.00,73204272.49,56936338.83,130140611.32,True,True,0.01
2023,C0051413,MORGAN STANLEY,B1,,SP,Controle estrangeiro,S3,20360884729.26,202312.00,168392801.17,518105970.12,686498771.29,True,True,0.03
2023,C0020152,MERCANTIL DO BRASIL,B1,,MG,Privado nacional,S3,19776211898.05,202312.00,168736903.30,253116977.80,421853881.10,True,True,0.02
2023,C0031859,SOCIETE GENERALE,B1,,SP,Controle estrangeiro,S3,19738411765.98,202312.00,12238868.49,31481886.66,43720755.15,True,True,0.00
2023,C0051956,AGIBANK,B1,,SP,Privado nacional,S4,19428401939.58,202312.00,146560130.78,282508958.97,429069089.75,True,True,0.02
2023,08357240,BANCO CSF S.A.,B2,Banco Múltiplo,SP,Privado nacional,S3,18912165494.75,202312.00,74418512.64,108989287.81,183407800.45,True,True,0.01
2023,C0032119,CCB,B1,,SP,Controle estrangeiro,S3,18542775722.18,202312.00,-15977907.16,-3551504.17,-19529411.33,True,True,-0.00
2023,91884981,BANCO JOHN DEERE S.A.,B1,Banco Múltiplo,SP,Controle estrangeiro,S3,18504509342.33,202312.00,145097366.51,177205764.39,322303130.90,True,True,0.02
2023,04913711,BANCO DO ESTADO DO PARÁ S.A.,B1,Banco Múltiplo,PA,Público,S3,17063590470.75,202312.00,115092710.35,166035275.34,281127985.69,True,True,0.02
2023,C0052230,SCOTIABANK,B1,,SP,Controle estrangeiro,S3,17027168045.90,202312.00,98607657.34,227308597.66,325916255.00,True,True,0.02
2023,62331228,DEUTSCHE BANK S.A. - BANCO ALEMAO,B1,Banco Múltiplo,SP,Controle estrangeiro,S3,16795587426.09,202312.00,21529230.90,171561026.50,193090257.40,True,True,0.01
2023,58017179,BANCO VOLVO BRASIL S.A.,B2,Banco Múltiplo,PR,Controle estrangeiro,S3,16498677392.13,202312.00,154703545.12,167340153.82,322043698.94,True,True,0.02
2023,05040481,BANCO DE LAGE LANDEN BRASIL S.A.,B2,Banco Múltiplo,RS,Controle estrangeiro,S4,15875240956.38,202312.00,37359962.60,67320635.07,104680597.67,True,True,0.01
2023,C0031873,SOFISA,B1,,SP,Privado nacional,S3,15418425984.17,202312.00,63485516.04,67603325.63,131088841.67,True,True,0.01
2023,58616418,BANCO FIBRA S.A.,B1,Banco Múltiplo,SP,Privado nacional,S3,14914359428.72,202312.00,-21460138.67,33866190.96,12406052.29,True,True,0.00
2023,59274605,BANCO GM S.A.,B2,Banco Múltiplo,SP,Controle estrangeiro,S3,13762992590.29,202312.00,106839491.31,225865522.00,332705013.31,True,True,0.02
2023,11417016,SCANIA BANCO S.A.,B2,Banco Múltiplo,SP,Controle estrangeiro,S4,12704987083.63,202312.00,72180172.83,74909866.16,147090038.99,True,True,0.01
2023,C0052508,STELLANTIS,B2,,SP,Controle estrangeiro,S4,12363116469.69,202312.00,107855355.19,174757073.22,282612428.41,True,True,0.02
2023,03215790,BANCO TOYOTA DO BRASIL S.A.,B2,Banco Múltiplo,SP,Controle estrangeiro,S3,11835155606.15,202312.00,-12600471.16,68389727.43,55789256.27,True,True,0.00
2023,13220493,BR PARTNERS BANCO DE INVESTIMENTO S.A.,B2,Banco de Investimento,SP,Privado nacional,S4,10532528875.15,202312.00,22293160.04,25033904.14,47327064.18,True,True,0.00
2023,C0030881,PARANÁ BANCO,B1,,PR,Privado nacional,S4,10164947289.76,202312.00,46441716.10,50441135.19,96882851.29,True,True,0.01
2023,60518222,BANCO SUMITOMO MITSUI BRASILEIRO S.A.,B1,Banco Múltiplo,SP,Controle estrangeiro,S3,9523483766.41,202312.00,76555494.72,159891588.44,236447083.16,True,True,0.02
2023,13009717,BANCO DO ESTADO DE SERGIPE S.A.,B1,Banco Múltiplo,SE,Público,S4,8971374423.31,202312.00,2670043.00,44800509.55,47470552.55,True,True,0.01
2023,38486817,BANCO DE DESENVOLVIMENTO DE MINAS GERAIS S.A.-BDMG,B4,Banco de Desenvolvimento,MG,Público,S3,8832015200.32,202312.00,31184375.84,66301437.10,97485812.94,True,True,0.01
2023,92874270,BANCO DIGIMAIS S.A.,B1,Banco Múltiplo,SP,Controle estrangeiro,S4,8364697954.58,202312.00,31246568.60,68376706.27,99623274.87,True,True,0.01
2023,C0052010,CREFISA,B1,,SP,Privado nacional,S4,7591589366.08,202312.00,124917750.26,203739582.81,328657333.07,True,True,0.04
2023,C0050940,OMNI,B1,,SP,Privado nacional,S4,7466379165.83,202312.00,-107484744.59,-49243066.59,-156727811.18,True,True,-0.02
2023,71027866,BANCO BS2 S.A.,B1,Banco Múltiplo,MG,Privado nacional,S3,7173509117.97,202312.00,22881503.75,62201725.76,85083229.51,True,True,0.01
2023,C0050988,INDUSTRIAL DO BRASIL,B1,,SP,Privado nacional,S4,6644524982.92,202312.00,47739931.88,58372795.30,106112727.18,True,True,0.02
2023,C0051482,HAITONG,B2,,SP,Controle estrangeiro,S3,6527953617.33,202312.00,124573.11,-31147657.74,-31023084.63,True,True,-0.00
2023,C0051396,HONDA,B2,,SP,Controle estrangeiro,S4,5923703838.01,202312.00,31723813.17,43579776.10,75303589.27,True,True,0.01
2023,28517628,BANCO PACCAR S.A.,B2,Banco Múltiplo,PR,Controle estrangeiro,S4,5688404537.46,202312.00,25723822.38,55749666.34,81473488.72,True,True,0.01
2023,02658435,BANCO CATERPILLAR S.A.,B2,Banco Múltiplo,SP,Controle estrangeiro,S4,5351046707.96,202312.00,45835300.37,55316488.25,101151788.62,True,True,0.02
2023,55230916,INTESA SANPAOLO BRASIL S.A. - BANCO MÚLTIPLO,B1,Banco Múltiplo,SP,Controle estrangeiro,S4,4737204393.19,202312.00,16694678.24,38926569.42,55621247.66,True,True,0.01
2023,C0050531,VOITER,B1,,SP,Privado nacional,S4,4547348322.15,202312.00,-4040222.38,-28373131.35,-32413353.73,True,True,-0.01
2023,09274232,STATE STREET BRASIL S.A. - BANCO COMERCIAL,B1,Banco Comercial,SP,Controle estrangeiro,S4,4490606923.16,202312.00,-8523319.36,9976541.48,1453222.12,True,True,0.00
2023,33603457,BANCO RODOBENS S.A.,B1,Banco Múltiplo,SP,Privado nacional,S4,4294819791.55,202312.00,45757344.37,62256941.27,108014285.64,True,True,0.03
2023,17351180,BANCO TRIANGULO S.A.,B1,Banco Múltiplo,MG,Privado nacional,S4,4288709658.09,202312.00,-16788924.11,-33661158.02,-50450082.13,True,True,-0.01
2023,C0051468,RENDIMENTO,B1,,SP,Privado nacional,S4,4163994043.97,202312.00,47083940.83,66466452.90,113550393.73,True,True,0.03
2023,10690848,BANCO DA CHINA BRASIL S.A.,B1,Banco Múltiplo,SP,Controle estrangeiro,S3,3721374160.86,202312.00,20214378.98,15577604.44,35791983.42,True,True,0.01
2023,10371492,BANCO YAMAHA MOTOR DO BRASIL S.A.,B1,Banco Múltiplo,SP,Controle estrangeiro,S4,3501971151.96,202312.00,-21660305.26,-7301519.54,-28961824.80,True,True,-0.01
2023,78632767,BANCO OURINVEST S.A.,B1,Banco Múltiplo,SP,Privado nacional,S4,3462278272.79,202312.00,57058284.31,56654685.90,113712970.21,True,True,0.03
2023,04866275,BANCO INBURSA S.A.,B1,Banco Múltiplo,SP,Controle estrangeiro,S4,3357810332.18,202312.00,-53366533.36,-117595370.97,-170961904.33,True,True,-0.05
2023,59118133,BANCO LUSO BRASILEIRO S.A.,B1,Banco Múltiplo,SP,Controle estrangeiro,S4,3152450372.02,202312.00,19190877.12,22815660.23,42006537.35,True,True,0.01
2023,03609817,BANCO CARGILL S.A.,B1,Banco Múltiplo,SP,Privado nacional,S4,3136265074.86,202312.00,23784918.87,45128803.21,68913722.08,True,True,0.02
2023,C0052302,ABN AMRO,B1,,SP,Controle estrangeiro,S4,3092946349.95,202312.00,22247812.04,34037203.71,56285015.75,True,True,0.02
2023,C0051839,GENIAL,B1,,RJ,Privado nacional,S4,2925626340.67,202312.00,-2590908.16,-8619305.37,-11210213.53,True,True,-0.00
2023,74828799,NOVO BANCO CONTINENTAL S.A. - BANCO MÚLTIPLO,B1,Banco Múltiplo,RS,Controle estrangeiro,S4,2839212014.90,202312.00,-6400814.72,863746.67,-5537068.05,True,True,-0.00
2023,07679404,BANCO TOPÁZIO S.A.,B1,Banco Múltiplo,RS,Controle estrangeiro,S4,2534738212.00,202312.00,30034952.23,41201477.30,71236429.53,True,True,0.03
2023,07656500,BANCO KDB DO BRASIL S.A.,B1,Banco Múltiplo,SP,Controle estrangeiro,S4,2399648391.02,202312.00,40119829.39,14892514.88,55012344.27,True,True,0.02
2023,C0051949,ANDBANK,B1,,SP,Controle estrangeiro,S4,2339908889.98,202312.00,-20887618.46,-22474555.93,-43362174.39,True,True,-0.02
2023,34270520,BANCO IBM S.A.,B2,Banco Múltiplo,RJ,Controle estrangeiro,S4,2260142677.95,202312.00,20023968.37,20604653.31,40628621.68,True,True,0.02
2023,11476673,BANCO RANDON S.A.,B2,Banco Múltiplo,RS,Privado nacional,S4,2152699851.01,202312.00,7972093.25,9641794.09,17613887.34,True,True,0.01
2023,17453575,ICBC DO BRASIL BANCO MÚLTIPLO S.A.,B1,Banco Múltiplo,SP,Controle estrangeiro,S4,1853629072.68,202312.00,-23802163.03,19308254.26,-4493908.77,True,True,-0.00
2023,31880826,BANCO GUANABARA S.A.,B1,Banco Múltiplo,RJ,Privado nacional,S4,1701735436.61,202312.00,21075792.68,19669494.08,40745286.76,True,True,0.02
2023,00517645,BANCO RIBEIRAO PRETO S.A.,B1,Banco Múltiplo,SP,Controle estrangeiro,S4,1677012180.05,202312.00,9656623.65,12965193.77,22621817.42,True,True,0.01
2023,61820817,BANCO PAULISTA S.A.,B1,Banco Múltiplo,SP,Privado nacional,S4,1643959853.45,202312.00,-4556409.19,-12671344.17,-17227753.36,True,True,-0.01
2023,C0051774,BARIGUI,B1,,PR,Privado nacional,S4,1561574853.71,202312.00,4769481.41,17590651.43,22360132.84,True,True,0.01
2023,28145829,BANCO DE DESENVOLVIMENTO DO ESPIRITO SANTO S.A.,B4,Banco de Desenvolvimento,ES,Público,S4,1539132558.30,202312.00,39428383.81,36541134.33,75969518.14,True,True,0.05
2023,19307785,BRAZA BANK S.A. BANCO DE CÂMBIO,B2,Banco de Câmbio,PR,Privado nacional,S4,1363103560.77,202312.00,-6806240.32,-14421219.37,-21227459.69,True,True,-0.02
2023,00997185,BANCO B3 S.A.,B1,Banco Comercial,SP,Privado nacional,S4,1257258629.05,202312.00,24390599.71,26486675.60,50877275.31,True,True,0.04
2023,02318507,BANCO KEB HANA DO BRASIL S.A.,B1,Banco Comercial,SP,Controle estrangeiro,S4,1236171401.17,202312.00,8279615.79,4489439.58,12769055.37,True,True,0.01
2023,C0051877,UBS,B2,,SP,Controle estrangeiro,S4,1190360416.64,202312.00,18312899.41,74063033.07,92375932.48,True,True,0.08
2023,04814563,BANCO AFINZ S.A. - BANCO MÚLTIPLO,B1,Banco Múltiplo,SP,Privado nacional,S4,1180994003.53,202312.00,-3179068.63,-8634001.76,-11813070.39,True,True,-0.01
2023,00795423,BANCO SEMEAR S.A.,B1,Banco Múltiplo,MG,Privado nacional,S4,1139493918.85,202312.00,-1718158.38,2727834.60,1009676.22,True,True,0.00
2023,C0051808,BNY MELLON,B1,,RJ,Controle estrangeiro,S4,1116715284.79,202312.00,3171451.83,28044995.12,31216446.95,True,True,0.03
2023,C0051671,CONFIDENCE,B2,,SP,Controle estrangeiro,S4,1064183976.16,202312.00,29574538.38,35596314.22,65170852.60,True,True,0.06
2023,15357060,BANCO WOORI BANK DO BRASIL S.A.,B1,Banco Múltiplo,SP,Controle estrangeiro,S4,1058204019.51,202312.00,-2524553.91,-8036868.81,-10561422.72,True,True,-0.01
2023,07441209,BANCO MONEO S.A.,B2,Banco Múltiplo,RS,Privado nacional,S4,1039769591.91,202312.00,16157824.19,14782539.31,30940363.50,True,True,0.03
2023,01852137,BANCO BRASILEIRO DE CRÉDITO SOCIEDADE ANÔNIMA,B1,Banco Múltiplo,SP,Privado nacional,S4,1029593864.15,202312.00,-7734003.48,9630577.97,1896574.49,True,True,0.00
2023,23903068,BANCO KOMATSU DO BRASIL S.A.,B2,Banco Múltiplo,SP,Controle estrangeiro,S4,922425724.26,202312.00,5244241.65,7016542.53,12260784.18,True,True,0.01
2023,23511655,DEUTSCHE SPARKASSEN LEASING DO BRASIL BANCO MÚLTIPLO S.A.,B2,Banco Múltiplo,SP,Controle estrangeiro,S4,915103393.07,202312.00,2875801.60,2110866.70,4986668.30,True,True,0.01
2023,33644196,BANCO FATOR S.A.,B1,Banco Múltiplo,SP,Privado nacional,S4,775851407.34,202312.00,-6387947.88,8911826.81,2523878.93,True,True,0.00
2023,57839805,BANCO TRICURY S.A.,B2,Banco Múltiplo,SP,Privado nacional,S4,770268311.64,202312.00,16152596.08,21637034.20,37789630.28,True,True,0.05
2023,54403563,BANCO ARBI S.A.,B1,Banco Comercial,RJ,Privado nacional,S4,651543895.53,202312.00,-325013.16,4364942.45,4039929.29,True,True,0.01
2023,11970623,BANCO SENFF S.A.,B1,Banco Múltiplo,PR,Privado nacional,S4,568438022.44,202312.00,4190219.87,8219229.56,12409449.43,True,True,0.02
2023,C0051743,BEXS,B2,,SP,Privado nacional,S4,539060062.86,202312.00,1463123.54,1339270.56,2802394.10,True,True,0.01
2023,36658769,BANCO XCMG BRASIL S.A.,B2,Banco Múltiplo,MG,Controle estrangeiro,S4,460695969.38,202312.00,3780797.93,3449244.17,7230042.10,True,True,0.02
2023,C0050524,VR,B1,,SP,Privado nacional,S4,352564380.79,202312.00,65858.03,1034118.49,1099976.52,True,True,0.00
2023,C0051767,WESTERN UNION,B1,,SP,Controle estrangeiro,S4,293134439.74,202312.00,14249738.28,13175528.81,27425267.09,True,True,0.09
2023,C0052041,INTL FCSTONE,B2,,SP,Controle estrangeiro,S4,242751272.70,202312.00,10322917.30,12451481.70,22774399.00,True,True,0.09
2023,44189447,BANCO DE LA PROVINCIA DE BUENOS AIRES,B1,Banco Comercial Estrangeiro - Filial no país,SP,Controle estrangeiro,S4,176240291.83,202312.00,-224974.99,3447891.82,3222916.83,True,True,0.02
2023,58497702,BANCO LETSBANK S.A.,B1,Banco Múltiplo,SP,Privado nacional,S4,150926681.48,202312.00,-36996096.30,-78655554.16,-115651650.46,True,True,-0.77
2023,80271455,BANCO RNX S.A.,B2,Banco Múltiplo,PR,Privado nacional,S4,127424023.08,202312.00,-47735.45,226560.09,178824.64,True,True,0.00
2023,45283173,BBVA BRASIL BANCO DE INVESTIMENTO S.A.,B2,Banco de Investimento,SP,Controle estrangeiro,S4,124146722.16,202312.00,-569696.62,2964220.75,2394524.13,True,True,0.02
2023,33042151,BANCO DE LA NACION ARGENTINA,B1,Banco Comercial Estrangeiro - Filial no país,SP,Controle estrangeiro,S4,111613768.20,202312.00,-1885029.67,-913745.40,-2798775.07,True,True,-0.03
2023,33132044,BANCO CEDULA S.A.,B1,Banco Múltiplo,RJ,Privado nacional,S4,88342221.65,202312.00,-927544.98,-1551813.89,-2479358.87,True,True,-0.03
2023,08609934,MONEYCORP BANCO DE CÂMBIO S.A.,B2,Banco de Câmbio,SP,Controle estrangeiro,S4,64136480.18,202312.00,-1746722.71,1240657.72,-506064.99,True,True,-0.01
2023,C0051688,FINAXIS,B1,,PR,Privado nacional,S4,47806516.94,202312.00,1074376.65,676224.15,1750600.80,True,True,0.04
2023,40429946,BANCO PORTO REAL DE INVESTIMENTOS S.A,B2,Banco de Investimento,RJ,Privado nacional,S4,30355419.30,202312.00,855563.74,875520.68,1731084.42,True,True,0.06
2023,15173776,SOCIAL BANK BANCO MÚLTIPLO S/A,B1,Banco Múltiplo,BA,Privado nacional,S4,27187921.45,202312.00,438025.85,-111684.14,326341.71,True,True,0.01
2023,33588252,BANCO INDUSCRED DE INVESTIMENTO S.A.,B2,Banco de Investimento,SP,Privado nacional,S4,25222894.87,202312.00,-10166846.47,-2556877.85,-12723724.32,True,True,-0.50
2023,C0051293,ALFA,B1,,SP,Privado nacional,S3,,,38878628.85,,38878628.85,False,True,
2023,C0051516,BNP PARIBAS,B1,,SP,Controle estrangeiro,S3,,,-149110690.23,,-149110690.23,False,True,
2023,C0051815,CAIXA GERAL,B1,,SP,Controle estrangeiro,S4,,,2306601.36,,2306601.36,False,True,
2023,C0051963,MODAL,B1,,RJ,Privado nacional,S3,,,-306921298.87,,-306921298.87,False,True,
2024,C0010069,ITAU,B1,,SP,Privado nacional,S1,2766166427516.94,202412.00,19208472180.25,19423311929.68,38631784109.93,True,True,0.01
2024,C0049906,BB,B1,,DF,Público,S1,2410321787073.84,202412.00,18208308012.30,17909998071.62,36118306083.92,True,True,0.01
2024,C0051626,CAIXA ECONÔMICA FEDERAL,B1,,DF,Público,S1,2026456970996.41,202412.00,5300680732.21,7311709419.76,12612390151.97,True,True,0.01
2024,C0010045,BRADESCO,B1,,SP,Privado nacional,S1,1744567704888.50,202412.00,9038044208.13,10100193112.59,19138237320.72,True,True,0.01
2024,C0030379,SANTANDER,B1,,SP,Controle estrangeiro,S1,1369373832039.69,202412.00,6235120122.11,7130817681.09,13365937803.20,True,True,0.01
2024,33657248,BANCO NACIONAL DE DESENVOLVIMENTO ECONOMICO E SOCIAL,B4,BNDES,RJ,Público,S2,835928013371.46,202412.00,13334995543.15,13052659973.67,26387655516.82,True,True,0.03
2024,C0049944,BTG PACTUAL,B1,,RJ,Privado nacional,S1,649637478036.18,202412.00,5597057339.97,6192329719.16,11789387059.13,True,True,0.02
2024,C0010083,SAFRA,B1,,SP,Privado nacional,S2,302042203703.49,202412.00,1380009065.11,1943381573.88,3323390638.99,True,True,0.01
2024,C0052120,XP,B1,,RJ,Privado nacional,S2,301760063611.43,202412.00,334838855.76,574451671.87,909290527.63,True,True,0.00
2024,C0030403,CITIBANK,B1,,SP,Controle estrangeiro,S2,229633957124.51,202412.00,895606302.55,1392455442.88,2288061745.43,True,True,0.01
2024,01181521,BANCO COOPERATIVO SICREDI S.A.,B1,Banco Múltiplo Cooperativo,RS,Privado nacional,S2,191215588038.93,202412.00,67456725.81,73474489.47,140931215.28,True,True,0.00
2024,C0051750,BANCO SICOOB,B1,,DF,Privado nacional,S2,153546411156.88,202412.00,308497540.06,283344862.68,591842402.74,True,True,0.00
2024,C0030173,BANRISUL,B1,,RS,Público,S2,145133795283.68,202412.00,434610133.29,480965535.87,915575669.16,True,True,0.01
2024,C0051011,VOTORANTIM,B1,,SP,Privado nacional,S2,140976182780.89,202412.00,677986314.25,1029579629.54,1707565943.79,True,True,0.01
2024,C0052072,C6 BANK,B1,,SP,Privado nacional,S3,116214087578.90,202412.00,942922861.93,1327340768.00,2270263629.93,True,True,0.02
2024,C0020107,JP MORGAN CHASE,B1,,SP,Controle estrangeiro,S3,109247609454.74,202412.00,512014604.21,953606219.48,1465620823.69,True,True,0.01
2024,01522368,BANCO BNP PARIBAS BRASIL S.A.,B1,Banco Múltiplo,SP,Controle estrangeiro,S3,93391900011.76,202412.00,-55442619.52,-23868761.95,-79311381.47,True,True,-0.00
2024,C0051987,DAYCOVAL,B1,,SP,Privado nacional,S3,92674016658.31,202412.00,806055685.00,883223255.00,1689278940.00,True,True,0.02
2024,C0050201,MASTER,B1,,RJ,Privado nacional,S3,82047099381.62,202412.00,500649433.07,566759996.64,1067409429.71,True,True,0.01
2024,C0051884,INTER,B1,,MG,Privado nacional,S3,74679540030.70,202412.00,164561764.99,388155087.29,552716852.28,True,True,0.01
2024,07237373,BANCO DO NORDESTE DO BRASIL S.A.,B1,Banco Múltiplo,CE,Público,S2,69962975381.19,202412.00,1020119114.77,1322447587.22,2342566701.99,True,True,0.03
2024,C0041856,ABC-BRASIL,B1,,SP,Controle estrangeiro,S3,69875612006.74,202412.00,493598390.29,526172908.46,1019771298.75,True,True,0.01
2024,01023570,BANCO RABOBANK INTERNATIONAL BRASIL S.A.,B1,Banco Múltiplo,SP,Controle estrangeiro,S3,61570954809.09,202412.00,183770484.87,159092673.96,342863158.83,True,True,0.01
2024,C0031976,BRB,B1,,DF,Público,S3,61257092053.00,202412.00,7720944.62,187995881.97,195716826.59,True,True,0.00
2024,04902979,BANCO DA AMAZONIA S.A.,B1,Banco Comercial,PA,Público,S3,54315898228.42,202412.00,539145967.62,592880974.60,1132026942.22,True,True,0.02
2024,59109165,BANCO VOLKSWAGEN S.A.,B2,Banco Múltiplo,SP,Controle estrangeiro,S3,53284781163.73,202412.00,134294413.89,310482768.81,444777182.70,True,True,0.01
2024,C0030290,BMG,B1,,SP,Privado nacional,S3,49367117599.18,202412.00,201180826.18,218783917.88,419964744.06,True,True,0.01
2024,C0051255,BOFA MERRILL LYNCH,B1,,SP,Controle estrangeiro,S3,49328525890.30,202412.00,374246282.30,649745269.31,1023991551.61,True,True,0.02
2024,C0051585,GOLDMAN SACHS,B2,,SP,Controle estrangeiro,S3,48919167015.56,202412.00,396325424.18,487237158.65,883562582.83,True,True,0.02
2024,C0052182,PAGBANK-PAGSEGURO,B1,,SP,Privado nacional,S4,43095077382.88,202412.00,29148440.41,17196215.50,46344655.91,True,True,0.00
2024,61088183,BANCO MIZUHO DO BRASIL S.A.,B1,Banco Múltiplo,SP,Controle estrangeiro,S4,42364593492.47,202412.00,51706163.79,86620558.64,138326722.43,True,True,0.00
2024,C0030159,BANESTES,B1,,ES,Público,S3,36971025402.34,202412.00,168462080.98,224025031.28,392487112.26,True,True,0.01
2024,60498557,BANCO MUFG BRASIL S.A.,B1,Banco Múltiplo,SP,Controle estrangeiro,S3,34964454100.57,202412.00,31401803.53,35441870.60,66843674.13,True,True,0.00
2024,C0052003,BOCOM,B1,,BA,Controle estrangeiro,S3,34845733730.40,202412.00,141567511.19,127170401.61,268737912.80,True,True,0.01
2024,31597552,BANCO CLASSICO S.A.,B1,Banco Múltiplo,RJ,Privado nacional,S3,30997096376.17,202412.00,93154425.51,111297760.71,204452186.22,True,True,0.01
2024,62331228,DEUTSCHE BANK S.A. - BANCO ALEMAO,B1,Banco Múltiplo,SP,Controle estrangeiro,S3,30505150631.85,202412.00,-184377750.04,72994673.24,-111383076.80,True,True,-0.00
2024,C0051956,AGIBANK,B1,,SP,Privado nacional,S3,30024685137.44,202412.00,439688793.24,428769516.38,868458309.62,True,True,0.03
2024,02992446,BANCO CNH INDUSTRIAL CAPITAL S.A.,B2,Banco Múltiplo,PR,Controle estrangeiro,S3,29259677592.84,202412.00,-164890988.99,4269793.79,-160621195.20,True,True,-0.01
2024,92894922,BANCO ORIGINAL S.A.,B1,Banco Múltiplo,SP,Privado nacional,S3,28399599551.00,202412.00,,-165892707.87,-165892707.87,False,True,-0.01
2024,C0050304,PINE,B1,,SP,Privado nacional,S3,27840903744.42,202412.00,126812320.21,131436130.09,258248450.30,True,True,0.01
2024,C0051413,MORGAN STANLEY,B1,,SP,Controle estrangeiro,S3,27457784303.67,202412.00,186973826.06,333389539.74,520363365.80,True,True,0.02
2024,75647891,BANCO CRÉDIT AGRICOLE BRASIL S.A.,B1,Banco Múltiplo,SP,Controle estrangeiro,S3,26867825716.04,202412.00,66160087.51,106868933.32,173029020.83,True,True,0.01
2024,C0020152,MERCANTIL DO BRASIL,B1,,MG,Privado nacional,S3,26451558687.48,202412.00,347187975.72,407336875.67,754524851.39,True,True,0.03
2024,C0052632,PICPAY - FINANCEIRO,B1,,SP,Privado nacional,S3,26107775500.95,202412.00,,94542621.81,94542621.81,False,True,0.00
2024,92816560,BANCO REGIONAL DE DESENVOLVIMENTO DO EXTREMO SUL,B4,Banco de Desenvolvimento,RS,Público,S3,25591458241.66,202412.00,129590345.27,342862515.57,472452860.84,True,True,0.02
2024,C0031859,SOCIETE GENERALE,B1,,SP,Controle estrangeiro,S4,24590306225.00,202412.00,-4971757.85,-61026431.84,-65998189.69,True,True,-0.00
2024,53518684,BANCO HSBC S.A.,B1,Banco Múltiplo,SP,Controle estrangeiro,S3,22726041014.99,202412.00,35248495.18,130485550.33,165734045.51,True,True,0.01
2024,C0032119,CCB,B1,,SP,Controle estrangeiro,S3,22101981157.87,202412.00,-82490607.10,-181026922.71,-263517529.81,True,True,-0.01
2024,C0030771,UBS (BRASIL),B1,,SP,Controle estrangeiro,S3,21354335052.49,202412.00,196769337.73,334716922.45,531486260.18,True,True,0.02
2024,08357240,BANCO CSF S.A.,B2,Banco Múltiplo,SP,Privado nacional,S3,21338055215.17,202412.00,239762380.23,138918595.64,378680975.87,True,True,0.02
2024,C0051262,MERCEDES-BENZ,B2,,SP,Controle estrangeiro,S3,20777864393.91,202412.00,21517039.54,97921026.45,119438065.99,True,True,0.01
2024,58616418,BANCO FIBRA S.A.,B1,Banco Múltiplo,SP,Privado nacional,S3,18221274688.47,202412.00,7460604.16,39088830.07,46549434.23,True,True,0.00
2024,C0052508,STELLANTIS,B2,,SP,Controle estrangeiro,S4,18058180597.44,202412.00,160535255.52,237376518.66,397911774.18,True,True,0.02
2024,04913711,BANCO DO ESTADO DO PARÁ S.A.,B1,Banco Múltiplo,PA,Público,S3,17964376107.94,202412.00,199969125.34,168099437.55,368068562.89,True,True,0.02
2024,59274605,BANCO GM S.A.,B2,Banco Múltiplo,SP,Controle estrangeiro,S3,17758641673.13,202412.00,262229108.95,178317743.68,440546852.63,True,True,0.02
2024,58017179,BANCO VOLVO BRASIL S.A.,B2,Banco Múltiplo,PR,Controle estrangeiro,S3,17607249836.56,202412.00,151767823.73,205660774.99,357428598.72,True,True,0.02
2024,91884981,BANCO JOHN DEERE S.A.,B1,Banco Múltiplo,SP,Controle estrangeiro,S3,17487977444.99,202412.00,46504717.72,901923.98,47406641.70,True,True,0.00
2024,C0031873,SOFISA,B1,,SP,Privado nacional,S3,17305945240.13,202412.00,67775033.09,72584613.01,140359646.10,True,True,0.01
2024,11417016,SCANIA BANCO S.A.,B2,Banco Múltiplo,SP,Controle estrangeiro,S4,16426832594.17,202412.00,39410400.41,30113448.17,69523848.58,True,True,0.00
2024,05040481,BANCO DE LAGE LANDEN BRASIL S.A.,B2,Banco Múltiplo,RS,Controle estrangeiro,S3,16001737978.43,202412.00,-99566029.53,-161831711.57,-261397741.10,True,True,-0.02
2024,13220493,BR PARTNERS BANCO DE INVESTIMENTO S.A.,B2,Banco de Investimento,SP,Privado nacional,S4,14787502203.75,202412.00,18270259.09,-7263677.96,11006581.13,True,True,0.00
2024,C0052230,SCOTIABANK,B1,,SP,Controle estrangeiro,S3,14525494531.90,202412.00,100651895.95,222926865.60,323578761.55,True,True,0.02
2024,38486817,BANCO DE DESENVOLVIMENTO DE MINAS GERAIS S.A.-BDMG,B4,Banco de Desenvolvimento,MG,Público,S4,12453675821.13,202412.00,50698049.93,83847245.67,134545295.60,True,True,0.01
2024,60518222,BANCO SUMITOMO MITSUI BRASILEIRO S.A.,B1,Banco Múltiplo,SP,Controle estrangeiro,S3,12159919181.02,202412.00,60129769.28,54966422.27,115096191.55,True,True,0.01
2024,03215790,BANCO TOYOTA DO BRASIL S.A.,B2,Banco Múltiplo,SP,Controle estrangeiro,S3,12004745136.34,202412.00,139792435.99,174646236.55,314438672.54,True,True,0.03
2024,13009717,BANCO DO ESTADO DE SERGIPE S.A.,B1,Banco Múltiplo,SE,Público,S4,11725045212.53,202412.00,72639356.06,74064305.65,146703661.71,True,True,0.01
2024,C0030881,PARANÁ BANCO,B1,,PR,Privado nacional,S4,10628542880.90,202412.00,31395187.25,59470307.91,90865495.16,True,True,0.01
2024,71027866,BANCO BS2 S.A.,B1,Banco Múltiplo,MG,Privado nacional,S3,10347624656.72,202412.00,30008441.36,70776269.90,100784711.26,True,True,0.01
2024,04866275,BANCO INBURSA S.A.,B1,Banco Múltiplo,SP,Controle estrangeiro,S4,9755203161.37,202412.00,-54902395.08,-16490716.42,-71393111.50,True,True,-0.01
2024,92874270,BANCO DIGIMAIS S.A.,B1,Banco Múltiplo,SP,Controle estrangeiro,S4,9550611286.76,202412.00,97589540.18,-44492311.90,53097228.28,True,True,0.01
2024,C0051396,HONDA,B2,,SP,Controle estrangeiro,S4,9199936346.19,202412.00,90852742.87,159824083.85,250676826.72,True,True,0.03
2024,28517628,BANCO PACCAR S.A.,B2,Banco Múltiplo,PR,Controle estrangeiro,S4,8315362894.69,202412.00,86149823.80,43552385.75,129702209.55,True,True,0.02
2024,C0052010,CREFISA,B1,,SP,Privado nacional,S4,8181010443.37,202412.00,293151374.34,343812774.57,636964148.91,True,True,0.08
2024,C0050988,INDUSTRIAL DO BRASIL,B1,,SP,Privado nacional,S4,7109376618.75,202412.00,49233577.82,39528755.03,88762332.85,True,True,0.01
2024,C0051482,HAITONG,B2,,SP,Controle estrangeiro,S4,7024263228.60,202412.00,-4146983.43,76705761.11,72558777.68,True,True,0.01
2024,C0050940,OMNI,B1,,SP,Privado nacional,S4,6988051822.60,202412.00,-34863733.77,195726607.04,160862873.27,True,True,0.02
2024,02658435,BANCO CATERPILLAR S.A.,B2,Banco Múltiplo,SP,Controle estrangeiro,S4,6362560093.60,202412.00,53471592.94,54497007.24,107968600.18,True,True,0.02
2024,78632767,OURIBANK S.A. BANCO MÚLTIPLO,B1,Banco Múltiplo,SP,Privado nacional,S4,5399591571.77,202412.00,71306004.84,77363252.36,148669257.20,True,True,0.03
2024,55230916,INTESA SANPAOLO BRASIL S.A. - BANCO MÚLTIPLO,B1,Banco Múltiplo,SP,Controle estrangeiro,S4,5392963099.10,202412.00,34591263.81,39893703.35,74484967.16,True,True,0.01
2024,17351180,BANCO TRIANGULO S.A.,B1,Banco Múltiplo,MG,Privado nacional,S4,4552557384.16,202412.00,9115244.08,3148339.79,12263583.87,True,True,0.00
2024,10371492,BANCO YAMAHA MOTOR DO BRASIL S.A.,B1,Banco Múltiplo,SP,Controle estrangeiro,S4,4281895470.07,202412.00,52490845.94,55260395.02,107751240.96,True,True,0.03
2024,C0051468,RENDIMENTO,B1,,SP,Privado nacional,S4,4234368780.12,202412.00,50834475.08,67266993.90,118101468.98,True,True,0.03
2024,74828799,NOVO BANCO CONTINENTAL S.A. - BANCO MÚLTIPLO,B1,Banco Múltiplo,RS,Controle estrangeiro,S4,4201409528.22,202412.00,-6580991.29,7978094.12,1397102.83,True,True,0.00
2024,C0051839,GENIAL,B1,,RJ,Privado nacional,S4,3983527497.34,202412.00,-197605.87,15847497.86,15649891.99,True,True,0.00
2024,03609817,BANCO CARGILL S.A.,B1,Banco Múltiplo,SP,Controle estrangeiro,S4,3940037374.07,202412.00,23643323.86,37098725.91,60742049.77,True,True,0.02
2024,C0052302,ABN AMRO,B1,,SP,Controle estrangeiro,S4,3925347580.15,202412.00,20748579.47,22512042.77,43260622.24,True,True,0.01
2024,33603457,BANCO RODOBENS S.A.,B1,Banco Múltiplo,SP,Privado nacional,S4,3803148029.39,202412.00,47649267.66,32403341.29,80052608.95,True,True,0.02
2024,59118133,BANCO LUSO BRASILEIRO S.A.,B1,Banco Múltiplo,SP,Controle estrangeiro,S4,3650153730.65,202412.00,19105883.09,26562518.50,45668401.59,True,True,0.01
2024,07656500,BANCO KDB DO BRASIL S.A.,B1,Banco Múltiplo,SP,Controle estrangeiro,S4,3230156442.91,202412.00,29515076.06,11290054.72,40805130.78,True,True,0.01
2024,09274232,STATE STREET BRASIL S.A. - BANCO COMERCIAL,B1,Banco Comercial,SP,Controle estrangeiro,S4,3046094148.28,202412.00,5027382.33,7549582.13,12576964.46,True,True,0.00
2024,C0051949,ANDBANK,B1,,SP,Controle estrangeiro,S4,2833300006.89,202412.00,-36244161.45,3585597.90,-32658563.55,True,True,-0.01
2024,11476673,BANCO RANDON S.A.,B2,Banco Múltiplo,RS,Privado nacional,S4,2753820211.61,202412.00,9637732.69,10071941.82,19709674.51,True,True,0.01
2024,34270520,BANCO IBM S.A.,B2,Banco Múltiplo,RJ,Controle estrangeiro,S4,2585901346.30,202412.00,14487690.42,6687738.66,21175429.08,True,True,0.01
2024,31880826,BANCO GUANABARA S.A.,B1,Banco Múltiplo,RJ,Privado nacional,S4,2377060947.12,202412.00,17479205.24,20285390.45,37764595.69,True,True,0.02
2024,07679404,BANCO TOPÁZIO S.A.,B1,Banco Múltiplo,RS,Controle estrangeiro,S4,2369239796.66,202412.00,38027285.11,26722356.40,64749641.51,True,True,0.03
2024,01852137,BANCO BRASILEIRO DE CRÉDITO SOCIEDADE ANÔNIMA,B1,Banco Múltiplo,SP,Privado nacional,S4,2253119107.94,202412.00,5068400.91,-3618360.44,1450040.47,True,True,0.00
2024,C0051815,CAIXA GERAL,B1,,SP,Controle estrangeiro,S4,1995487582.07,202412.00,3871101.03,6489445.05,10360546.08,True,True,0.01
2024,00517645,BANCO RIBEIRAO PRETO S.A.,B1,Banco Múltiplo,SP,Controle estrangeiro,S4,1966848616.44,202412.00,15455261.28,16935491.07,32390752.35,True,True,0.02
2024,17453575,ICBC DO BRASIL BANCO MÚLTIPLO S.A.,B1,Banco Múltiplo,SP,Controle estrangeiro,S4,1957780868.18,202412.00,-22224434.33,7092548.61,-15131885.72,True,True,-0.01
2024,28145829,BANCO DE DESENVOLVIMENTO DO ESPIRITO SANTO S.A.,B4,Banco de Desenvolvimento,ES,Público,S4,1884796576.38,202412.00,32736128.21,66644287.41,99380415.62,True,True,0.05
2024,C0051774,BARIGUI,B1,,PR,Privado nacional,S4,1844934517.69,202412.00,10523064.40,17701689.07,28224753.47,True,True,0.02
2024,02318507,BANCO KEB HANA DO BRASIL S.A.,B1,Banco Comercial,SP,Controle estrangeiro,S4,1819158019.01,202412.00,6765628.48,4331177.28,11096805.76,True,True,0.01
2024,04814563,BANCO AFINZ S.A. - BANCO MÚLTIPLO,B1,Banco Múltiplo,SP,Privado nacional,S4,1751249564.57,202412.00,-30824534.79,-18061709.59,-48886244.38,True,True,-0.03
2024,C0051808,BNY MELLON,B1,,RJ,Controle estrangeiro,S4,1740701849.43,202412.00,6322392.04,26239899.92,32562291.96,True,True,0.02
2024,61820817,BANCO PAULISTA S.A.,B1,Banco Múltiplo,SP,Privado nacional,S4,1707333437.53,202412.00,5303173.88,-73319775.78,-68016601.90,True,True,-0.04
2024,00997185,BANCO B3 S.A.,B1,Banco Comercial,SP,Privado nacional,S4,1436347453.62,202412.00,21643936.50,24088200.99,45732137.49,True,True,0.03
2024,07441209,BANCO MONEO S.A.,B2,Banco Múltiplo,RS,Privado nacional,S4,1414042141.17,202412.00,17616019.97,17462388.51,35078408.48,True,True,0.02
2024,19307785,BRAZA BANK S.A. BANCO DE CÂMBIO,B2,Banco de Câmbio,PR,Privado nacional,S4,1278166996.47,202412.00,-6566188.79,7094474.29,528285.50,True,True,0.00
2024,00795423,BANCO SEMEAR S.A.,B1,Banco Múltiplo,MG,Privado nacional,S4,1272727404.14,202412.00,-6685275.59,3401406.13,-3283869.46,True,True,-0.00
2024,23903068,BANCO KOMATSU DO BRASIL S.A.,B2,Banco Múltiplo,SP,Controle estrangeiro,S4,1230996488.66,202412.00,14306401.98,14844393.36,29150795.34,True,True,0.02
2024,54403563,BANCO ARBI S.A.,B1,Banco Comercial,RJ,Privado nacional,S4,1082461604.91,202412.00,3594170.45,-2926315.74,667854.71,True,True,0.00
2024,C0051671,CONFIDENCE,B1,,SP,Controle estrangeiro,S4,1009562954.57,202412.00,12144683.86,4686046.03,16830729.89,True,True,0.02
2024,15357060,BANCO WOORI BANK DO BRASIL S.A.,B1,Banco Múltiplo,SP,Controle estrangeiro,S4,954200110.79,202412.00,-2912045.03,-5414655.14,-8326700.17,True,True,-0.01
2024,33644196,BANCO FATOR S.A.,B1,Banco Múltiplo,SP,Privado nacional,S4,907885032.85,202412.00,9307767.53,10837736.13,20145503.66,True,True,0.02
2024,23511655,DEUTSCHE SPARKASSEN LEASING DO BRASIL BANCO MÚLTIPLO S.A.,B2,Banco Múltiplo,SP,Controle estrangeiro,S4,880865145.34,202412.00,3295177.61,-5199238.32,-1904060.71,True,True,-0.00
2024,13059145,EBURY BANCO DE CÂMBIO S.A.,B2,Banco de Câmbio,SP,Controle estrangeiro,S4,775474401.86,202412.00,1575437.64,8851317.91,10426755.55,True,True,0.01
2024,57839805,BANCO TRICURY S.A.,B2,Banco Múltiplo,SP,Privado nacional,S4,747586255.57,202412.00,17476049.24,21101130.32,38577179.56,True,True,0.05
2024,11970623,BANCO SENFF S.A.,B1,Banco Múltiplo,PR,Privado nacional,S4,676931831.90,202412.00,6113756.63,16543181.62,22656938.25,True,True,0.03
2024,C0050524,VR,B1,,SP,Privado nacional,S4,674990053.40,202412.00,1587351.53,2962.10,1590313.63,True,True,0.00
2024,36658769,BANCO XCMG BRASIL S.A.,B2,Banco Múltiplo,MG,Controle estrangeiro,S4,669026950.26,202412.00,12343854.52,13737541.53,26081396.05,True,True,0.04
2024,C0051767,WESTERN UNION,B1,,SP,Controle estrangeiro,S4,294478784.65,202412.00,3484181.97,7425120.76,10909302.73,True,True,0.04
2024,C0052041,INTL FCSTONE,B2,,SP,Controle estrangeiro,S4,264014899.10,202412.00,14999958.10,24918438.17,39918396.27,True,True,0.15
2024,44189447,BANCO DE LA PROVINCIA DE BUENOS AIRES,B1,Banco Comercial Estrangeiro - Filial no país,SP,Controle estrangeiro,S4,177031173.83,202412.00,4233132.89,3254410.27,7487543.16,True,True,0.04
2024,80271455,BANCO RNX S.A.,B2,Banco Múltiplo,PR,Privado nacional,S4,123224608.40,202412.00,214274.09,584930.97,799205.06,True,True,0.01
2024,33042151,BANCO DE LA NACION ARGENTINA,B1,Banco Comercial Estrangeiro - Filial no país,SP,Controle estrangeiro,S4,112489578.63,202412.00,-2834408.19,-2239464.95,-5073873.14,True,True,-0.05
2024,45283173,BBVA BRASIL BANCO DE INVESTIMENTO S.A.,B2,Banco de Investimento,SP,Controle estrangeiro,S4,98726996.02,202412.00,-7825352.44,-37153042.80,-44978395.24,True,True,-0.46
2024,C0051688,FINAXIS,B1,,PR,Privado nacional,S4,50073771.56,202412.00,1705827.35,-146879.28,1558948.07,True,True,0.03
2024,08609934,MONEYCORP BANCO DE CÂMBIO S.A.,B2,Banco de Câmbio,SP,Controle estrangeiro,S4,49663724.67,202412.00,588884.33,-545714.07,43170.26,True,True,0.00
2024,33588252,BANCO INDUSCRED DE INVESTIMENTO S.A.,B2,Banco de Investimento,SP,Privado nacional,S4,48158419.94,202412.00,-2379373.77,-1264846.52,-3644220.29,True,True,-0.08
2024,33132044,BANCO CEDULA S.A.,B1,Banco Múltiplo,RJ,Privado nacional,S4,36480766.18,202412.00,-4927778.94,-1122348.35,-6050127.29,True,True,-0.17
2024,40429946,BANCO PORTO REAL DE INVESTIMENTOS S.A,B2,Banco de Investimento,RJ,Privado nacional,S4,30954413.41,202412.00,677771.95,505688.76,1183460.71,True,True,0.04
2024,15173776,SOCIAL BANK BANCO MÚLTIPLO S/A,B1,Banco Múltiplo,BA,Privado nacional,S4,24219532.41,202412.00,-989904.73,870091.50,-119813.23,True,True,-0.00
2024,C0051781,ORIGINAL,B1,,SP,Privado nacional,S3,,,317463928.27,,317463928.27,False,True,
2024,C0051877,UBS,B2,,SP,Controle estrangeiro,S4,,,48187311.59,,48187311.59,False,True,
2025,C0010069,ITAU,B1,,SP,Privado nacional,S1,2741499328821.79,202512.00,22289383637.12,24021387828.49,46310771465.61,True,True,0.02
2025,C0049906,BB,B1,,DF,Público,S1,2454390684402.34,202512.00,10150994511.21,8460327726.86,18611322238.07,True,True,0.01
2025,C0051626,CAIXA ECONÔMICA FEDERAL,B1,,DF,Público,S1,2203183797092.33,202512.00,8718663922.30,5862059536.85,14580723459.15,True,True,0.01
2025,C0010045,BRADESCO,B1,,SP,Privado nacional,S1,1939636826445.57,202512.00,11971037919.77,13063783490.22,25034821409.99,True,True,0.01
2025,C0030379,SANTANDER,B1,,SP,Controle estrangeiro,S1,1281314886139.95,202512.00,7469377609.99,8305127419.19,15774505029.18,True,True,0.01
2025,33657248,BANCO NACIONAL DE DESENVOLVIMENTO ECONOMICO E SOCIAL,B4,BNDES,RJ,Público,S2,963247577588.53,202512.00,12369044376.73,13206947209.83,25575991586.56,True,True,0.03
2025,C0049944,BTG PACTUAL,B1,,RJ,Privado nacional,S1,769555197772.83,202512.00,7219144956.24,8727904638.00,15947049594.24,True,True,0.02
2025,C0052120,XP,B1,,RJ,Privado nacional,S2,305341043712.57,202512.00,222992385.93,636109454.90,859101840.83,True,True,0.00
2025,C0010083,SAFRA,B1,,SP,Privado nacional,S2,285827562330.63,202512.00,2178775018.77,2201469478.46,4380244497.23,True,True,0.02
2025,01181521,BANCO COOPERATIVO SICREDI S.A.,B1,Banco Múltiplo Cooperativo,RS,Privado nacional,S2,222175305169.30,202512.00,134305346.44,46215235.07,180520581.51,True,True,0.00
2025,C0030403,CITIBANK,B1,,SP,Controle estrangeiro,S2,197366362876.24,202512.00,1296889170.99,1622732871.96,2919622042.95,True,True,0.01
2025,C0051750,BANCO SICOOB,B1,,DF,Privado nacional,S2,191702051938.71,202512.00,442264923.00,476951138.90,919216061.90,True,True,0.00
2025,C0030173,BANRISUL,B1,,RS,Público,S2,163569253025.56,202512.00,618879306.82,985392636.97,1604271943.79,True,True,0.01
2025,C0052072,C6 BANK,B1,,SP,Privado nacional,S3,148192769907.87,202512.00,1049432168.58,1411067746.74,2460499915.32,True,True,0.02
2025,C0020107,JP MORGAN CHASE,B1,,SP,Controle estrangeiro,S3,141875066377.78,202512.00,1121790737.82,1391393513.93,2513184251.75,True,True,0.02
2025,C0051011,VOTORANTIM,B1,,SP,Privado nacional,S2,138417786548.79,202512.00,931603592.64,919762367.65,1851365960.29,True,True,0.01
2025,C0051987,DAYCOVAL,B1,,SP,Privado nacional,S3,99741408323.29,202512.00,867720753.60,928859892.09,1796580645.69,True,True,0.02
2025,C0051884,INTER,B1,,MG,Privado nacional,S3,96197403086.20,202512.00,466689783.26,586420621.85,1053110405.11,True,True,0.01
2025,07237373,BANCO DO NORDESTE DO BRASIL S.A.,B1,Banco Múltiplo,CE,Público,S2,73287660934.27,202512.00,1383678521.83,1699831322.38,3083509844.21,True,True,0.04
2025,C0041856,ABC-BRASIL,B1,,SP,Controle estrangeiro,S3,63884711297.76,202512.00,479886578.14,545333214.02,1025219792.16,True,True,0.02
2025,04902979,BANCO DA AMAZONIA S.A.,B1,Banco Comercial,PA,Público,S3,63323902338.90,202512.00,575159411.05,530258871.52,1105418282.57,True,True,0.02
2025,59109165,BANCO VOLKSWAGEN S.A.,B2,Banco Múltiplo,SP,Controle estrangeiro,S3,59370724509.61,202512.00,,347894934.93,347894934.93,False,True,0.01
2025,01023570,BANCO RABOBANK INTERNATIONAL BRASIL S.A.,B1,Banco Múltiplo,SP,Controle estrangeiro,S3,57083521766.62,202512.00,349052713.47,298283120.26,647335833.73,True,True,0.01
2025,01522368,BANCO BNP PARIBAS BRASIL S.A.,B1,Banco Múltiplo,SP,Controle estrangeiro,S3,52338516537.51,202512.00,25008819.86,52477704.66,77486524.52,True,True,0.00
2025,C0051956,AGIBANK,B1,,SP,Controle estrangeiro,S3,49019119520.85,202512.00,648755827.97,443233731.71,1091989559.68,True,True,0.02
2025,C0030290,BMG,B1,,SP,Privado nacional,S3,48904529372.85,202512.00,240131814.42,320564678.61,560696493.03,True,True,0.01
2025,C0052182,PAGBANK-PAGSEGURO,B1,,SP,Privado nacional,S3,48052482154.60,202512.00,41769329.33,26305120.13,68074449.46,True,True,0.00
2025,C0051255,BOFA MERRILL LYNCH,B1,,SP,Controle estrangeiro,S3,42970964544.25,202512.00,620997961.86,756198713.03,1377196674.89,True,True,0.03
2025,C0030159,BANESTES,B1,,ES,Público,S3,39798562775.95,202512.00,193766584.91,219668589.92,413435174.83,True,True,0.01
2025,C0052632,PICPAY - FINANCEIRO,B1,,SP,Privado nacional,S3,39154162124.75,202512.00,-95841716.38,-164523669.53,-260365385.91,True,True,-0.01
2025,C0020152,MERCANTIL DO BRASIL,B1,,MG,Privado nacional,S3,37762023237.79,202512.00,484494679.92,271071605.63,755566285.55,True,True,0.02
2025,31597552,BANCO CLASSICO S.A.,B1,Banco Múltiplo,RJ,Privado nacional,S3,37618501720.45,202512.00,65787137.41,74545333.94,140332471.35,True,True,0.00
2025,C0052003,BOCOM,B1,,BA,Controle estrangeiro,S3,32641101310.67,202512.00,175222072.61,211286562.23,386508634.84,True,True,0.01
2025,C0050304,PINE,B1,,SP,Privado nacional,S3,32480923218.38,202512.00,156472111.71,287122628.98,443594740.69,True,True,0.01
2025,92894922,BANCO ORIGINAL S.A.,B1,Banco Múltiplo,SP,Privado nacional,S3,30965174852.16,202512.00,11929338.64,10893309.83,22822648.47,True,True,0.00
2025,92816560,BANCO REGIONAL DE DESENVOLVIMENTO DO EXTREMO SUL,B4,Banco de Desenvolvimento,RS,Público,S3,29251260475.80,202512.00,325395819.80,395969687.02,721365506.82,True,True,0.02
2025,C0051585,GOLDMAN SACHS,B2,,SP,Controle estrangeiro,S3,27595337586.65,202512.00,519632190.78,490657535.41,1010289726.19,True,True,0.04
2025,02992446,BANCO CNH INDUSTRIAL CAPITAL S.A.,B2,Banco Múltiplo,PR,Controle estrangeiro,S3,27391993300.42,202512.00,21666522.89,-141324515.28,-119657992.39,True,True,-0.00
2025,C0052508,STELLANTIS,B2,,SP,Controle estrangeiro,S3,25698669194.63,202512.00,209543960.64,401432891.80,610976852.44,True,True,0.02
2025,C0051413,MORGAN STANLEY,B1,,SP,Controle estrangeiro,S3,23832465350.91,202512.00,244044841.54,583313153.10,827357994.64,True,True,0.03
2025,08357240,BANCO CSF S.A.,B2,Banco Múltiplo,SP,Privado nacional,S3,23088555107.56,202512.00,238189571.09,193209756.66,431399327.75,True,True,0.02
2025,75647891,BANCO CRÉDIT AGRICOLE BRASIL S.A.,B1,Banco Múltiplo,SP,Controle estrangeiro,S3,21248112982.00,202512.00,55779151.10,281948694.60,337727845.70,True,True,0.02
2025,C0032119,CCB,B1,,SP,Controle estrangeiro,S3,21097448819.93,202512.00,22839050.50,0.00,22839050.50,True,True,0.00
2025,C0051262,MERCEDES-BENZ,B2,,SP,Controle estrangeiro,S3,20167120617.44,202512.00,122308833.93,66476797.48,188785631.41,True,True,0.01
2025,04913711,BANCO DO ESTADO DO PARÁ S.A.,B1,Banco Múltiplo,PA,Público,S3,19508379385.88,202512.00,125629953.01,75226923.05,200856876.06,True,True,0.01
2025,58616418,BANCO FIBRA S.A.,B1,Banco Múltiplo,SP,Privado nacional,S3,19148595498.95,202512.00,41995815.82,111543111.39,153538927.21,True,True,0.01
2025,62331228,DEUTSCHE BANK S.A. - BANCO ALEMAO,B1,Banco Múltiplo,SP,Controle estrangeiro,S3,18796082082.33,202512.00,182960866.60,87733405.07,270694271.67,True,True,0.01
2025,C0031873,SOFISA,B1,,SP,Privado nacional,S3,18111445911.19,202512.00,70125191.40,46627402.28,116752593.68,True,True,0.01
2025,C0052230,SCOTIABANK,B1,,SP,Controle estrangeiro,S3,17476000266.73,202512.00,117504602.08,334072694.45,451577296.53,True,True,0.03
2025,59274605,BANCO GM S.A.,B2,Banco Múltiplo,SP,Controle estrangeiro,S3,17233382640.84,202512.00,179563416.74,221605050.38,401168467.12,True,True,0.02
2025,58017179,BANCO VOLVO BRASIL S.A.,B2,Banco Múltiplo,PR,Controle estrangeiro,S3,16928540595.43,202512.00,229545068.46,210961165.65,440506234.11,True,True,0.03
2025,C0030771,UBS (BRASIL),B1,,SP,Controle estrangeiro,S3,16634328576.71,202512.00,584916470.95,-154533554.33,430382916.62,True,True,0.03
2025,13220493,BR PARTNERS BANCO DE INVESTIMENTO S.A.,B2,Banco de Investimento,SP,Privado nacional,S4,16483426739.70,202512.00,21294510.11,6470172.93,27764683.04,True,True,0.00
2025,61088183,BANCO MIZUHO DO BRASIL S.A.,B1,Banco Múltiplo,SP,Controle estrangeiro,S3,16034842702.43,202512.00,66632010.24,124612659.27,191244669.51,True,True,0.01
2025,11417016,SCANIA BANCO S.A.,B2,Banco Múltiplo,SP,Controle estrangeiro,S3,15723529144.46,202512.00,-16151196.41,-68584562.41,-84735758.82,True,True,-0.01
2025,53518684,BANCO HSBC S.A.,B1,Banco Múltiplo,SP,Controle estrangeiro,S3,15623722955.88,202512.00,77232965.12,138958636.67,216191601.79,True,True,0.01
2025,38486817,BANCO DE DESENVOLVIMENTO DE MINAS GERAIS S.A.-BDMG,B4,Banco de Desenvolvimento,MG,Público,S3,14329088735.83,202512.00,64147344.78,120674695.20,184822039.98,True,True,0.01
2025,05040481,BANCO DE LAGE LANDEN BRASIL S.A.,B2,Banco Múltiplo,RS,Controle estrangeiro,S3,13551608769.61,202512.00,-94256832.95,-404918406.89,-499175239.84,True,True,-0.04
2025,C0030881,PARANÁ BANCO,B1,,PR,Privado nacional,S4,13251676853.98,202512.00,80025355.52,45384078.80,125409434.32,True,True,0.01
2025,13009717,BANCO DO ESTADO DE SERGIPE S.A.,B1,Banco Múltiplo,SE,Público,S4,12754701226.77,202512.00,44871783.22,106597245.33,151469028.55,True,True,0.01
2025,04866275,BANCO INBURSA S.A.,B1,Banco Múltiplo,SP,Controle estrangeiro,S4,12592664650.15,202512.00,96906837.11,49622918.66,146529755.77,True,True,0.01
2025,03215790,BANCO TOYOTA DO BRASIL S.A.,B2,Banco Múltiplo,SP,Controle estrangeiro,S3,12149917365.59,202512.00,107828853.02,205086464.13,312915317.15,True,True,0.03
2025,C0051396,HONDA,B2,,SP,Controle estrangeiro,S4,10959766770.90,202512.00,58575752.95,103930031.56,162505784.51,True,True,0.01
2025,92874270,BANCO DIGIMAIS S.A.,B1,Banco Múltiplo,SP,Controle estrangeiro,S4,10064152960.60,202512.00,42068773.96,-10787965.36,31280808.60,True,True,0.00
2025,60498557,BANCO MUFG BRASIL S.A.,B1,Banco Múltiplo,SP,Controle estrangeiro,S3,9317376453.83,202512.00,40204973.63,46221175.96,86426149.59,True,True,0.01
2025,C0052010,CREFISA,B1,,SP,Privado nacional,S4,9277378521.36,202512.00,517051653.12,277343450.69,794395103.81,True,True,0.09
2025,28517628,BANCO PACCAR S.A.,B2,Banco Múltiplo,PR,Controle estrangeiro,S4,8895777766.95,202512.00,28530043.52,87473897.45,116003940.97,True,True,0.01
2025,60518222,BANCO SUMITOMO MITSUI BRASILEIRO S.A.,B1,Banco Múltiplo,SP,Controle estrangeiro,S3,8535628111.67,202512.00,-33052020.82,-246224496.21,-279276517.03,True,True,-0.03
2025,C0050988,INDUSTRIAL DO BRASIL,B1,,SP,Privado nacional,S4,8507139812.72,202512.00,-35185116.19,66260219.02,31075102.83,True,True,0.00
2025,61533584,BANCO SOCIETE GENERALE BRASIL S.A.,B1,Banco Múltiplo,SP,Controle estrangeiro,S4,8229368578.38,202512.00,28164739.12,29096526.10,57261265.22,True,True,0.01
2025,C0051482,HAITONG,B2,,SP,Controle estrangeiro,S4,8121182882.34,202512.00,10357509.12,-42789926.15,-32432417.03,True,True,-0.00
2025,71027866,BANCO BS2 S.A.,B1,Banco Múltiplo,MG,Privado nacional,S3,7565749033.16,202512.00,10557927.72,61507226.02,72065153.74,True,True,0.01
2025,C0050940,OMNI,B1,,SP,Privado nacional,S4,7060344056.72,202512.00,-47968294.98,42702451.67,-5265843.31,True,True,-0.00
2025,02658435,BANCO CATERPILLAR S.A.,B2,Banco Múltiplo,SP,Controle estrangeiro,S4,5880813647.92,202512.00,28662724.87,40978823.46,69641548.33,True,True,0.01
2025,52067630,BANCO TRATON BRASIL S.A.,B2,Banco Múltiplo,SP,Controle estrangeiro,S4,5439797366.24,202512.00,,-6645967.59,-6645967.59,False,True,-0.00
2025,74828799,NOVO BANCO CONTINENTAL S.A. - BANCO MÚLTIPLO,B1,Banco Múltiplo,RS,Controle estrangeiro,S4,5030376502.33,202512.00,1139524.03,-1942612.36,-803088.33,True,True,-0.00
2025,C0051839,GENIAL,B1,,RJ,Privado nacional,S4,5023261477.72,202512.00,-7764921.74,6719750.03,-1045171.71,True,True,-0.00
2025,C0051468,RENDIMENTO,B1,,SP,Privado nacional,S4,4580798453.00,202512.00,49442604.55,52704844.00,102147448.55,True,True,0.02
2025,17351180,BANCO TRIANGULO S.A.,B1,Banco Múltiplo,MG,Privado nacional,S4,4537983549.93,202512.00,20568398.13,10207618.92,30776017.05,True,True,0.01
2025,03609817,BANCO CARGILL S.A.,B1,Banco Múltiplo,SP,Controle estrangeiro,S4,4487078295.45,202512.00,30585885.45,49956189.79,80542075.24,True,True,0.02
2025,55230916,INTESA SANPAOLO BRASIL S.A. - BANCO MÚLTIPLO,B1,Banco Múltiplo,SP,Controle estrangeiro,S4,4332396652.84,202512.00,68053192.00,55841087.48,123894279.48,True,True,0.03
2025,C0051949,ANDBANK,B1,,SP,Controle estrangeiro,S4,3990586487.62,202512.00,61156378.13,-39625521.85,21530856.28,True,True,0.01
2025,10371492,BANCO YAMAHA MOTOR DO BRASIL S.A.,B1,Banco Múltiplo,SP,Controle estrangeiro,S4,3851827651.47,202512.00,-23766897.55,4850922.75,-18915974.80,True,True,-0.00
2025,33603457,BANCO RODOBENS S.A.,B1,Banco Múltiplo,SP,Privado nacional,S4,3843510968.02,202512.00,38774155.54,39436020.15,78210175.69,True,True,0.02
2025,59118133,BANCO LUSO BRASILEIRO S.A.,B1,Banco Múltiplo,SP,Controle estrangeiro,S4,3764217318.68,202512.00,25011998.79,25018614.12,50030612.91,True,True,0.01
2025,78632767,OURIBANK S.A. BANCO MÚLTIPLO,B1,Banco Múltiplo,SP,Privado nacional,S4,3683232688.44,202512.00,104602206.29,154323542.34,258925748.63,True,True,0.07
2025,07656500,BANCO KDB DO BRASIL S.A.,B1,Banco Múltiplo,SP,Controle estrangeiro,S4,3000925632.80,202512.00,18529388.27,20439850.38,38969238.65,True,True,0.01
2025,11476673,BANCO RANDON S.A.,B2,Banco Múltiplo,RS,Privado nacional,S4,2722398575.98,202512.00,-3203735.35,-2363515.02,-5567250.37,True,True,-0.00
2025,04814563,BANCO AFINZ S.A. - BANCO MÚLTIPLO,B1,Banco Múltiplo,SP,Privado nacional,S4,2490092154.35,202512.00,-39446099.85,14870719.62,-24575380.23,True,True,-0.01
2025,07679404,BANCO TOPÁZIO S.A.,B1,Banco Múltiplo,RS,Controle estrangeiro,S4,2476459397.51,202512.00,14536289.85,36025432.60,50561722.45,True,True,0.02
2025,01852137,BANCO BRASILEIRO DE CRÉDITO SOCIEDADE ANÔNIMA,B1,Banco Múltiplo,SP,Privado nacional,S4,2419560004.68,202512.00,-1662090.70,5576909.30,3914818.60,True,True,0.00
2025,31880826,BANCO GUANABARA S.A.,B1,Banco Múltiplo,RJ,Privado nacional,S4,2319123707.90,202512.00,22725608.30,29304475.89,52030084.19,True,True,0.02
2025,28145829,BANCO DE DESENVOLVIMENTO DO ESPIRITO SANTO S.A.,B4,Banco de Desenvolvimento,ES,Público,S4,2291961806.47,202512.00,35350713.17,47816033.69,83166746.86,True,True,0.04
2025,C0051774,BARIGUI,B1,,PR,Privado nacional,S4,2255328742.78,202512.00,18774069.36,16824248.94,35598318.30,True,True,0.02
2025,00517645,BANCO RIBEIRAO PRETO S.A.,B1,Banco Múltiplo,SP,Controle estrangeiro,S4,2018732072.90,202512.00,19081014.85,14156219.78,33237234.63,True,True,0.02
2025,61820817,BANCO PAULISTA S.A.,B1,Banco Múltiplo,SP,Privado nacional,S4,1999044212.07,202512.00,-6082470.38,-55934773.71,-62017244.09,True,True,-0.03
2025,09274232,STATE STREET BRASIL S.A. - BANCO COMERCIAL,B1,Banco Comercial,SP,Controle estrangeiro,S4,1879078754.59,202512.00,4896633.25,15644328.77,20540962.02,True,True,0.01
2025,C0051815,CAIXA GERAL,B1,,SP,Controle estrangeiro,S4,1810192817.36,202512.00,-4890756.29,-244.92,-4891001.21,True,True,-0.00
2025,45283173,BBVA BRASIL BANCO DE INVESTIMENTO S.A.,B2,Banco de Investimento,SP,Controle estrangeiro,S4,1780536621.74,202512.00,-14228436.50,13826479.20,-401957.30,True,True,-0.00
2025,34270520,BANCO IBM S.A.,B2,Banco Múltiplo,RJ,Privado nacional,S4,1670033297.44,202512.00,17169241.60,7322815.69,24492057.29,True,True,0.01
2025,07441209,BANCO MONEO S.A.,B2,Banco Múltiplo,RS,Privado nacional,S4,1615918837.53,202512.00,19700372.92,22495904.13,42196277.05,True,True,0.03
2025,54403563,BANCO ARBI S.A.,B1,Banco Comercial,RJ,Privado nacional,S4,1585819241.83,202512.00,-10814570.36,12343906.50,1529336.14,True,True,0.00
2025,02318507,BANCO KEB HANA DO BRASIL S.A.,B1,Banco Comercial,SP,Controle estrangeiro,S4,1438350835.12,202512.00,7494059.22,9717552.11,17211611.33,True,True,0.01
2025,17453575,ICBC DO BRASIL BANCO MÚLTIPLO S.A.,B1,Banco Múltiplo,SP,Controle estrangeiro,S4,1345321096.40,202512.00,3914908.18,384419.69,4299327.87,True,True,0.00
2025,23903068,BANCO KOMATSU DO BRASIL S.A.,B2,Banco Múltiplo,SP,Controle estrangeiro,S4,1323890372.67,202512.00,10839227.42,15557305.34,26396532.76,True,True,0.02
2025,00997185,BANCO B3 S.A.,B1,Banco Comercial,SP,Privado nacional,S4,1206016505.72,202512.00,27840596.99,30097896.80,57938493.79,True,True,0.05
2025,00795423,BANCO SEMEAR S.A.,B1,Banco Múltiplo,MG,Privado nacional,S4,1119135828.57,202512.00,3632310.97,2177121.16,5809432.13,True,True,0.01
2025,C0051808,BNY MELLON,B1,,RJ,Controle estrangeiro,S4,1074892211.78,202512.00,-131960634.20,45744624.35,-86216009.85,True,True,-0.08
2025,11970623,BANCO SENFF S.A.,B1,Banco Múltiplo,PR,Privado nacional,S4,917985730.59,202512.00,7376571.93,12037464.61,19414036.54,True,True,0.02
2025,33644196,BANCO FATOR S.A.,B1,Banco Múltiplo,SP,Privado nacional,S4,876467068.04,202512.00,36438561.98,38766817.86,75205379.84,True,True,0.09
2025,36658769,BANCO XCMG BRASIL S.A.,B2,Banco Múltiplo,MG,Controle estrangeiro,S4,874519373.20,202512.00,4056703.18,3300808.64,7357511.82,True,True,0.01
2025,15357060,BANCO WOORI BANK DO BRASIL S.A.,B1,Banco Múltiplo,SP,Controle estrangeiro,S4,849831820.50,202512.00,-4640546.28,-14611187.76,-19251734.04,True,True,-0.02
2025,23511655,DEUTSCHE SPARKASSEN LEASING DO BRASIL BANCO MÚLTIPLO S.A.,B2,Banco Múltiplo,SP,Controle estrangeiro,S4,823840079.69,202512.00,-6703038.48,-3949616.17,-10652654.65,True,True,-0.01
2025,57839805,BANCO TRICURY S.A.,B2,Banco Múltiplo,SP,Privado nacional,S4,769999054.92,202512.00,14610524.25,13505365.85,28115890.10,True,True,0.04
2025,C0051671,CONFIDENCE,B1,,SP,Controle estrangeiro,S4,737405814.69,202512.00,3478924.15,-25438896.03,-21959971.88,True,True,-0.03
2025,C0050524,VR,B1,,SP,Privado nacional,S4,730700828.78,202512.00,7713013.41,4100166.67,11813180.08,True,True,0.02
2025,13059145,EBURY BANCO DE CÂMBIO S.A.,B2,Banco de Câmbio,SP,Controle estrangeiro,S4,415141436.25,202512.00,13820112.20,14862173.08,28682285.28,True,True,0.07
2025,C0052041,INTL FCSTONE,B2,,SP,Controle estrangeiro,S4,318157578.46,202512.00,16658544.09,18845874.51,35504418.60,True,True,0.11
2025,61384004,AVENUE SECURITIES BANCO DE INVESTIMENTO S.A.,B2,Banco de Investimento,SP,Privado nacional,S4,313111791.51,202512.00,2401902.29,-7197099.11,-4795196.82,True,True,-0.02
2025,19307785,BRAZA BANK S.A. BANCO DE CÂMBIO,B2,Banco de Câmbio,PR,Privado nacional,S4,282268568.05,202512.00,5365944.93,10937192.57,16303137.50,True,True,0.06
2025,44189447,BANCO DE LA PROVINCIA DE BUENOS AIRES,B1,Banco Comercial Estrangeiro - Filial no país,SP,Controle estrangeiro,S4,188951790.73,202512.00,-5704949.45,5562781.44,-142168.01,True,True,-0.00
2025,33042151,BANCO DE LA NACION ARGENTINA,B1,Banco Comercial Estrangeiro - Filial no país,SP,Controle estrangeiro,S4,108500227.42,202512.00,-2243123.61,-3929341.53,-6172465.14,True,True,-0.06
2025,33588252,BANCO INDUSCRED DE INVESTIMENTO S.A.,B2,Banco de Investimento,SP,Privado nacional,S4,81531180.93,202512.00,2034119.16,776887.17,2811006.33,True,True,0.03
2025,80271455,BANCO RNX S.A.,B2,Banco Múltiplo,PR,Privado nacional,S4,81324531.83,202512.00,758690.36,-326283.56,432406.80,True,True,0.01
2025,33132044,BANCO CEDULA S.A.,B1,Banco Múltiplo,RJ,Privado nacional,S4,75962449.86,202512.00,35328613.37,-1944142.16,33384471.21,True,True,0.44
2025,C0051688,FINAXIS,B1,,PR,Privado nacional,S4,61810372.44,202512.00,-2501360.76,-269075.94,-2770436.70,True,True,-0.04
2025,02992317,INTEX BANK BANCO DE CÂMBIO S.A.,B2,Banco de Câmbio,SP,Privado nacional,S4,46926069.35,202512.00,-7344.17,589616.98,582272.81,True,True,0.01
2025,08609934,MONEYCORP BANCO DE CÂMBIO S.A.,B2,Banco de Câmbio,SP,Controle estrangeiro,S4,40414587.61,202512.00,1013280.77,218111.59,1231392.36,True,True,0.03
2025,40429946,BANCO PORTO REAL DE INVESTIMENTOS S.A,B2,Banco de Investimento,RJ,Privado nacional,S4,31839961.83,202512.00,282174.25,822616.02,1104790.27,True,True,0.03
2025,15173776,SOCIAL BANK BANCO MÚLTIPLO S/A,B1,Banco Múltiplo,BA,Privado nacional,S4,21780308.15,202512.00,-779613.78,-156850.83,-936464.61,True,True,-0.04
2025,C0031976,BRB,B1,,DF,Público,S3,,,532838375.54,,532838375.54,False,True,
2025,C0050201,MASTER,B1,,RJ,Privado nacional,,,,205651969.92,,205651969.92,False,True,
2025,C0051767,WESTERN UNION,B1,,SP,Controle estrangeiro,S4,,,6112295.59,,6112295.59,False,True,
2025,C0052302,ABN AMRO,B1,,SP,Controle estrangeiro,S4,,,20968256.89,,20968256.89,False,True,
2026,C0010069,ITAU,B1,,SP,Privado nacional,S1,2845762304464.61,202606.00,24035566659.77,,24035566659.77,False,False,0.01
2026,C0049906,BB,B1,,DF,Público,S1,2583811190314.26,202606.00,6516218774.87,,6516218774.87,False,False,0.00
2026,C0051626,CAIXA ECONÔMICA FEDERAL,B1,,DF,Público,S1,2368233901633.76,202606.00,6585794275.91,,6585794275.91,False,False,0.00
2026,C0010045,BRADESCO,B1,,SP,Privado nacional,S1,2043928672730.85,202606.00,12140246324.66,,12140246324.66,False,False,0.01
2026,C0030379,SANTANDER,B1,,SP,Controle estrangeiro,S1,1318054938967.16,202606.00,7524653494.37,,7524653494.37,False,False,0.01
2026,33657248,BANCO NACIONAL DE DESENVOLVIMENTO ECONOMICO E SOCIAL,B4,BNDES,RJ,Público,S2,1073403746464.46,202606.00,11153448439.13,,11153448439.13,False,False,0.01
2026,C0049944,BTG PACTUAL,B1,,RJ,Privado nacional,S1,886560321267.82,202606.00,9471540322.49,,9471540322.49,False,False,0.01
2026,C0052120,XP,B1,,RJ,Privado nacional,S2,347231502420.90,202606.00,366567792.38,,366567792.38,False,False,0.00
2026,C0010083,SAFRA,B1,,SP,Privado nacional,S2,276259563066.16,202606.00,1911887156.07,,1911887156.07,False,False,0.01
2026,01181521,BANCO COOPERATIVO SICREDI S.A.,B1,Banco Múltiplo Cooperativo,RS,Privado nacional,S2,234406076625.59,202606.00,162608103.00,,162608103.00,False,False,0.00
2026,C0051750,BANCO SICOOB,B1,,DF,Privado nacional,S2,223147165848.52,202606.00,458951777.26,,458951777.26,False,False,0.00
2026,C0030403,CITIBANK,B1,,SP,Controle estrangeiro,S2,174129378765.53,202606.00,1278936423.16,,1278936423.16,False,False,0.01
2026,C0030173,BANRISUL,B1,,RS,Público,S2,172696602028.46,202606.00,546547018.78,,546547018.78,False,False,0.00
2026,C0052072,C6 BANK,B1,,SP,Privado nacional,S3,170644963900.36,202606.00,1256055524.47,,1256055524.47,False,False,0.01
2026,C0051011,VOTORANTIM,B1,,SP,Privado nacional,S2,153810528152.36,202606.00,961451786.74,,961451786.74,False,False,0.01
2026,C0020107,JP MORGAN CHASE,B1,,SP,Controle estrangeiro,S3,107680148070.81,202606.00,1059048634.63,,1059048634.63,False,False,0.01
2026,C0051987,DAYCOVAL,B1,,SP,Privado nacional,S3,107666101778.98,202606.00,901620603.12,,901620603.12,False,False,0.01
2026,C0051884,INTER,B1,,MG,Privado nacional,S3,101480170158.27,202606.00,712048317.41,,712048317.41,False,False,0.01
2026,07237373,BANCO DO NORDESTE DO BRASIL S.A.,B1,Banco Múltiplo,CE,Público,S2,81039782769.70,202606.00,1057411579.85,,1057411579.85,False,False,0.01
2026,C0041856,ABC-BRASIL,B1,,SP,Controle estrangeiro,S3,67821790848.48,202606.00,495451115.78,,495451115.78,False,False,0.01
2026,04902979,BANCO DA AMAZONIA S.A.,B1,Banco Comercial,PA,Público,S3,67352880771.74,202606.00,353059516.54,,353059516.54,False,False,0.01
2026,59109165,BANCO VOLKSWAGEN S.A.,B2,Banco Múltiplo,SP,Controle estrangeiro,S3,61250495431.21,202606.00,-203091130.15,,-203091130.15,False,False,-0.00
2026,01522368,BANCO BNP PARIBAS BRASIL S.A.,B1,Banco Múltiplo,SP,Controle estrangeiro,S3,58787928988.24,202606.00,86546344.77,,86546344.77,False,False,0.00
2026,01023570,BANCO RABOBANK INTERNATIONAL BRASIL S.A.,B1,Banco Múltiplo,SP,Controle estrangeiro,S3,54678970426.16,202606.00,270816145.99,,270816145.99,False,False,0.00
2026,C0052182,PAGBANK-PAGSEGURO,B1,,SP,Privado nacional,S3,52339485520.09,202606.00,64501527.68,,64501527.68,False,False,0.00
2026,C0051956,AGIBANK,B1,,SP,Controle estrangeiro,S3,51173174196.33,202606.00,167734584.73,,167734584.73,False,False,0.00
2026,C0030290,BMG,B1,,SP,Privado nacional,S3,49915753409.64,202606.00,304554828.56,,304554828.56,False,False,0.01
2026,C0052632,PICPAY - FINANCEIRO,B1,,SP,Privado nacional,S3,49039328293.54,202606.00,3889139.71,,3889139.71,False,False,0.00
2026,C0020152,MERCANTIL DO BRASIL,B1,,MG,Privado nacional,S3,43137599153.21,202606.00,549087948.17,,549087948.17,False,False,0.01
2026,C0030159,BANESTES,B1,,ES,Público,S3,42575493796.85,202606.00,226056964.43,,226056964.43,False,False,0.01
2026,C0051255,BOFA MERRILL LYNCH,B1,,SP,Controle estrangeiro,S3,41219618067.25,202606.00,596770006.75,,596770006.75,False,False,0.01
2026,31597552,BANCO CLASSICO S.A.,B1,Banco Múltiplo,RJ,Privado nacional,S3,40612776298.85,202606.00,52933826.54,,52933826.54,False,False,0.00
2026,C0050304,PINE,B1,,SP,Privado nacional,S3,37592585740.39,202606.00,315564105.87,,315564105.87,False,False,0.01
2026,92894922,BANCO ORIGINAL S.A.,B1,Banco Múltiplo,SP,Privado nacional,S3,37169760762.97,202606.00,156076167.28,,156076167.28,False,False,0.00
2026,C0052003,BOCOM,B1,,BA,Controle estrangeiro,S3,36497550179.00,202606.00,258123127.96,,258123127.96,False,False,0.01
2026,C0051585,GOLDMAN SACHS,B2,,SP,Controle estrangeiro,S3,33589905348.68,202606.00,686226252.15,,686226252.15,False,False,0.02
2026,92816560,BANCO REGIONAL DE DESENVOLVIMENTO DO EXTREMO SUL,B4,Banco de Desenvolvimento,RS,Público,S3,30944444984.27,202606.00,315732800.46,,315732800.46,False,False,0.01
2026,C0052508,STELLANTIS,B2,,SP,Controle estrangeiro,S3,30785055997.01,202606.00,254721420.21,,254721420.21,False,False,0.01
2026,02992446,BANCO CNH INDUSTRIAL CAPITAL S.A.,B2,Banco Múltiplo,PR,Controle estrangeiro,S3,24178316109.30,202606.00,-99496239.50,,-99496239.50,False,False,-0.00
2026,08357240,BANCO CSF S.A.,B2,Banco Múltiplo,SP,Privado nacional,S3,23818077372.67,202606.00,300157168.14,,300157168.14,False,False,0.01
2026,58616418,BANCO FIBRA S.A.,B1,Banco Múltiplo,SP,Privado nacional,S3,22655142054.80,202606.00,154450871.54,,154450871.54,False,False,0.01
2026,C0032119,CCB,B1,,SP,Controle estrangeiro,S3,22278100662.58,202606.00,774473.10,,774473.10,False,False,0.00
2026,62331228,DEUTSCHE BANK S.A. - BANCO ALEMAO,B1,Banco Múltiplo,SP,Controle estrangeiro,S3,21745427877.63,202606.00,101245682.98,,101245682.98,False,False,0.00
2026,04913711,BANCO DO ESTADO DO PARÁ S.A.,B1,Banco Múltiplo,PA,Público,S3,21444614619.44,202606.00,100804909.70,,100804909.70,False,False,0.00
2026,C0051262,MERCEDES-BENZ,B2,,SP,Controle estrangeiro,S3,20752682758.15,202606.00,39490306.52,,39490306.52,False,False,0.00
2026,75647891,BANCO CRÉDIT AGRICOLE BRASIL S.A.,B1,Banco Múltiplo,SP,Controle estrangeiro,S3,20150413675.47,202606.00,137358461.91,,137358461.91,False,False,0.01
2026,C0051413,MORGAN STANLEY,B1,,SP,Controle estrangeiro,S3,18630283555.73,202606.00,454611033.97,,454611033.97,False,False,0.02
2026,13220493,BR PARTNERS BANCO DE INVESTIMENTO S.A.,B2,Banco de Investimento,SP,Privado nacional,S4,18254444495.72,202606.00,-4634906.40,,-4634906.40,False,False,-0.00
2026,C0031873,SOFISA,B1,,SP,Privado nacional,S3,18118067042.74,202606.00,39612293.44,,39612293.44,False,False,0.00
2026,59274605,BANCO GM S.A.,B2,Banco Múltiplo,SP,Controle estrangeiro,S3,18035945205.46,202606.00,277327950.59,,277327950.59,False,False,0.02
2026,C0052230,SCOTIABANK,B1,,SP,Controle estrangeiro,S3,16814021006.29,202606.00,156951191.44,,156951191.44,False,False,0.01
2026,53518684,BANCO HSBC S.A.,B1,Banco Múltiplo,SP,Controle estrangeiro,S3,16666011147.64,202606.00,91853869.64,,91853869.64,False,False,0.01
2026,58017179,BANCO VOLVO BRASIL S.A.,B2,Banco Múltiplo,PR,Controle estrangeiro,S3,16337892908.63,202606.00,198482252.41,,198482252.41,False,False,0.01
2026,C0030771,UBS (BRASIL),B1,,SP,Controle estrangeiro,S3,15949755652.93,202606.00,-230170439.82,,-230170439.82,False,False,-0.01
2026,38486817,BANCO DE DESENVOLVIMENTO DE MINAS GERAIS S.A.-BDMG,B4,Banco de Desenvolvimento,MG,Público,S3,15427554760.67,202606.00,71598790.47,,71598790.47,False,False,0.00
2026,61088183,BANCO MIZUHO DO BRASIL S.A.,B1,Banco Múltiplo,SP,Controle estrangeiro,S3,15033170548.92,202606.00,40301168.76,,40301168.76,False,False,0.00
2026,04866275,BANCO INBURSA S.A.,B1,Banco Múltiplo,SP,Controle estrangeiro,S4,14606558481.10,202606.00,50460553.28,,50460553.28,False,False,0.00
2026,11417016,SCANIA BANCO S.A.,B2,Banco Múltiplo,SP,Controle estrangeiro,S3,14576176850.02,202606.00,-73180514.55,,-73180514.55,False,False,-0.01
2026,C0030881,PARANÁ BANCO,B1,,PR,Privado nacional,S4,14353333133.97,202606.00,63847953.40,,63847953.40,False,False,0.00
2026,13009717,BANCO DO ESTADO DE SERGIPE S.A.,B1,Banco Múltiplo,SE,Público,S4,13095222524.24,202606.00,62758009.64,,62758009.64,False,False,0.00
2026,03215790,BANCO TOYOTA DO BRASIL S.A.,B2,Banco Múltiplo,SP,Controle estrangeiro,S3,12962998740.37,202606.00,138158081.79,,138158081.79,False,False,0.01
2026,05040481,BANCO DE LAGE LANDEN BRASIL S.A.,B2,Banco Múltiplo,RS,Controle estrangeiro,S3,12747921970.53,202606.00,-82290511.70,,-82290511.70,False,False,-0.01
2026,60498557,BANCO MUFG BRASIL S.A.,B1,Banco Múltiplo,SP,Controle estrangeiro,S3,12013997635.99,202606.00,44215037.03,,44215037.03,False,False,0.00
2026,C0051396,HONDA,B2,,SP,Controle estrangeiro,S3,11951772890.61,202606.00,33633383.24,,33633383.24,False,False,0.00
2026,92874270,BANCO DIGIMAIS S.A.,B1,Banco Múltiplo,SP,Controle estrangeiro,S4,9817919929.00,202606.00,-581405581.28,,-581405581.28,False,False,-0.06
2026,71027866,BANCO BS2 S.A.,B1,Banco Múltiplo,MG,Privado nacional,S3,9319010945.65,202606.00,46734966.36,,46734966.36,False,False,0.01
2026,C0052010,CREFISA,B1,,SP,Privado nacional,S4,9169082517.18,202606.00,91266603.63,,91266603.63,False,False,0.01
2026,60518222,BANCO SUMITOMO MITSUI BRASILEIRO S.A.,B1,Banco Múltiplo,SP,Controle estrangeiro,S3,9128132786.77,202606.00,23588174.49,,23588174.49,False,False,0.00
2026,C0050988,INDUSTRIAL DO BRASIL,B1,,SP,Privado nacional,S4,8305899310.32,202606.00,44746305.18,,44746305.18,False,False,0.01
2026,28517628,BANCO PACCAR S.A.,B2,Banco Múltiplo,PR,Controle estrangeiro,S4,8264223741.71,202606.00,34966234.22,,34966234.22,False,False,0.00
2026,61533584,BANCO SOCIETE GENERALE BRASIL S.A.,B1,Banco Múltiplo,SP,Controle estrangeiro,S4,8109927837.10,202606.00,59340243.44,,59340243.44,False,False,0.01
2026,C0051482,HAITONG,B2,,SP,Controle estrangeiro,S4,6985149795.94,202606.00,-20340276.45,,-20340276.45,False,False,-0.00
2026,C0050940,OMNI,B1,,SP,Privado nacional,S4,6922791991.33,202606.00,3161166.00,,3161166.00,False,False,0.00
2026,52067630,BANCO TRATON BRASIL S.A.,B2,Banco Múltiplo,SP,Controle estrangeiro,S4,6728365229.97,202606.00,27428371.87,,27428371.87,False,False,0.00
2026,02658435,BANCO CATERPILLAR S.A.,B2,Banco Múltiplo,SP,Controle estrangeiro,S4,5908741442.71,202606.00,21772345.50,,21772345.50,False,False,0.00
2026,C0051839,GENIAL,B1,,RJ,Privado nacional,S4,5497490341.30,202606.00,-72542443.38,,-72542443.38,False,False,-0.01
2026,74828799,NOVO BANCO CONTINENTAL S.A. - BANCO MÚLTIPLO,B1,Banco Múltiplo,RS,Controle estrangeiro,S4,4867454355.65,202606.00,-15088437.68,,-15088437.68,False,False,-0.00
2026,C0051468,RENDIMENTO,B1,,SP,Privado nacional,S4,4771434947.52,202606.00,73000850.12,,73000850.12,False,False,0.02
2026,17351180,BANCO TRIANGULO S.A.,B1,Banco Múltiplo,MG,Privado nacional,S4,4694165604.14,202606.00,6615762.98,,6615762.98,False,False,0.00
2026,59118133,BANCO LUSO BRASILEIRO S.A.,B1,Banco Múltiplo,SP,Controle estrangeiro,S4,4210126480.40,202606.00,10937913.85,,10937913.85,False,False,0.00
2026,03609817,BANCO CARGILL S.A.,B1,Banco Múltiplo,SP,Controle estrangeiro,S4,4169756722.14,202606.00,36714109.67,,36714109.67,False,False,0.01
2026,C0051949,ANDBANK,B1,,SP,Controle estrangeiro,S4,4103911941.43,202606.00,-13487018.76,,-13487018.76,False,False,-0.00
2026,10371492,BANCO YAMAHA MOTOR DO BRASIL S.A.,B1,Banco Múltiplo,SP,Controle estrangeiro,S4,4083050552.86,202606.00,37509944.15,,37509944.15,False,False,0.01
2026,55230916,INTESA SANPAOLO BRASIL S.A. - BANCO MÚLTIPLO,B1,Banco Múltiplo,SP,Controle estrangeiro,S4,4015478384.78,202606.00,40983196.61,,40983196.61,False,False,0.01
2026,78632767,OURIBANK S.A. BANCO MÚLTIPLO,B1,Banco Múltiplo,SP,Privado nacional,S4,3974214308.10,202606.00,178132480.66,,178132480.66,False,False,0.04
2026,33603457,BANCO RODOBENS S.A.,B1,Banco Múltiplo,SP,Privado nacional,S4,3838853436.65,202606.00,63885679.87,,63885679.87,False,False,0.02
2026,45283173,BBVA BRASIL BANCO DE INVESTIMENTO S.A.,B2,Banco de Investimento,SP,Controle estrangeiro,S4,3349114318.41,202606.00,-6861070.21,,-6861070.21,False,False,-0.00
2026,07656500,BANCO KDB DO BRASIL S.A.,B1,Banco Múltiplo,SP,Controle estrangeiro,S4,3085035142.16,202606.00,25873645.69,,25873645.69,False,False,0.01
2026,01852137,BANCO BRASILEIRO DE CRÉDITO SOCIEDADE ANÔNIMA,B1,Banco Múltiplo,SP,Privado nacional,S4,3005856149.29,202606.00,-461201.05,,-461201.05,False,False,-0.00
2026,C0052302,ABN AMRO,B1,,SP,Controle estrangeiro,S4,2882366662.86,202606.00,22995853.77,,22995853.77,False,False,0.01
2026,04814563,BANCO AFINZ S.A. - BANCO MÚLTIPLO,B1,Banco Múltiplo,SP,Privado nacional,S4,2761340763.76,202606.00,-93370127.56,,-93370127.56,False,False,-0.03
2026,11476673,BANCO RANDON S.A.,B2,Banco Múltiplo,RS,Privado nacional,S4,2683741487.62,202606.00,2799800.38,,2799800.38,False,False,0.00
2026,C0051774,BARIGUI,B1,,PR,Privado nacional,S4,2589248234.45,202606.00,29995098.73,,29995098.73,False,False,0.01
2026,28145829,BANCO DE DESENVOLVIMENTO DO ESPIRITO SANTO S.A.,B4,Banco de Desenvolvimento,ES,Público,S4,2204638147.49,202606.00,8425172.75,,8425172.75,False,False,0.00
2026,61820817,BANCO PAULISTA S.A.,B1,Banco Múltiplo,SP,Privado nacional,S4,2170003011.50,202606.00,-27382854.65,,-27382854.65,False,False,-0.01
2026,07679404,BANCO TOPÁZIO S.A.,B1,Banco Múltiplo,RS,Controle estrangeiro,S4,2041568622.01,202606.00,-4355258.60,,-4355258.60,False,False,-0.00
2026,09274232,STATE STREET BRASIL S.A. - BANCO COMERCIAL,B1,Banco Comercial,SP,Controle estrangeiro,S4,1856689466.26,202606.00,6627549.57,,6627549.57,False,False,0.00
2026,C0051815,CAIXA GERAL,B1,,SP,Controle estrangeiro,S4,1848461926.59,202606.00,-10819119.93,,-10819119.93,False,False,-0.01
2026,00517645,BANCO RIBEIRAO PRETO S.A.,B1,Banco Múltiplo,SP,Controle estrangeiro,S4,1816104329.25,202606.00,17940844.38,,17940844.38,False,False,0.01
2026,17453575,ICBC DO BRASIL BANCO MÚLTIPLO S.A.,B1,Banco Múltiplo,SP,Controle estrangeiro,S4,1762077567.16,202606.00,-13524693.00,,-13524693.00,False,False,-0.01
2026,07441209,BANCO MONEO S.A.,B2,Banco Múltiplo,RS,Privado nacional,S4,1745747680.60,202606.00,23573364.79,,23573364.79,False,False,0.01
2026,23903068,BANCO KOMATSU DO BRASIL S.A.,B2,Banco Múltiplo,SP,Controle estrangeiro,S4,1513067395.04,202606.00,19733440.74,,19733440.74,False,False,0.01
2026,02318507,BANCO KEB HANA DO BRASIL S.A.,B1,Banco Comercial,SP,Controle estrangeiro,S4,1505221486.70,202606.00,3040091.49,,3040091.49,False,False,0.00
2026,54403563,BANCO ARBI S.A.,B1,Banco Comercial,RJ,Privado nacional,S4,1500558438.60,202606.00,-6808227.72,,-6808227.72,False,False,-0.00
2026,00997185,BANCO B3 S.A.,B1,Banco Comercial,SP,Privado nacional,S4,1459235181.99,202606.00,38822722.23,,38822722.23,False,False,0.03
2026,11970623,BANCO SENFF S.A.,B1,Banco Múltiplo,PR,Privado nacional,S4,1325348917.91,202606.00,12532274.20,,12532274.20,False,False,0.01
2026,34270520,BANCO IBM S.A.,B2,Banco Múltiplo,RJ,Privado nacional,S4,1225611823.89,202606.00,11933349.79,,11933349.79,False,False,0.01
2026,00795423,BANCO SEMEAR S.A.,B1,Banco Múltiplo,MG,Privado nacional,S4,1105534803.24,202606.00,-1585066.09,,-1585066.09,False,False,-0.00
2026,C0051808,BNY MELLON,B1,,RJ,Controle estrangeiro,S4,1084653662.12,202606.00,-210572394.63,,-210572394.63,False,False,-0.19
2026,36658769,BANCO XCMG BRASIL S.A.,B2,Banco Múltiplo,MG,Controle estrangeiro,S4,900852094.81,202606.00,8897495.29,,8897495.29,False,False,0.01
2026,C0051671,CONFIDENCE,B1,,SP,Controle estrangeiro,S4,802568267.56,202606.00,3788637.43,,3788637.43,False,False,0.00
2026,57839805,BANCO TRICURY S.A.,B2,Banco Múltiplo,SP,Privado nacional,S4,799787702.10,202606.00,18534351.99,,18534351.99,False,False,0.02
2026,C0050524,VR,B1,,SP,Privado nacional,S4,784764014.62,202606.00,4239633.95,,4239633.95,False,False,0.01
2026,15357060,BANCO WOORI BANK DO BRASIL S.A.,B1,Banco Múltiplo,SP,Controle estrangeiro,S4,742906713.76,202606.00,-8463182.16,,-8463182.16,False,False,-0.01
2026,33644196,BANCO FATOR S.A.,B1,Banco Múltiplo,SP,Privado nacional,S4,742512779.75,202606.00,14860177.09,,14860177.09,False,False,0.02
2026,23511655,DEUTSCHE SPARKASSEN LEASING DO BRASIL BANCO MÚLTIPLO S.A.,B2,Banco Múltiplo,SP,Controle estrangeiro,S4,683294839.60,202606.00,-3451535.73,,-3451535.73,False,False,-0.01
2026,13059145,EBURY BANCO DE CÂMBIO S.A.,B2,Banco de Câmbio,SP,Controle estrangeiro,S4,405468645.92,202606.00,13167031.48,,13167031.48,False,False,0.03
2026,19307785,BRAZA BANK S.A. BANCO DE CÂMBIO,B2,Banco de Câmbio,PR,Privado nacional,S4,352776080.40,202606.00,5413609.11,,5413609.11,False,False,0.02
2026,C0052041,INTL FCSTONE,B1,,SP,Controle estrangeiro,S4,345614215.38,202606.00,19514610.60,,19514610.60,False,False,0.06
2026,C0051767,WESTERN UNION,B1,,SP,Controle estrangeiro,S4,254945916.70,202606.00,3999890.42,,3999890.42,False,False,0.02
2026,44189447,BANCO DE LA PROVINCIA DE BUENOS AIRES,B1,Banco Comercial Estrangeiro - Filial no país,SP,Controle estrangeiro,S4,197600765.64,202606.00,2829970.87,,2829970.87,False,False,0.01
2026,60935819,BANCO SANY BRASIL S.A.,B2,Banco Múltiplo,SP,Controle estrangeiro,S4,101700821.95,202606.00,124829.32,,124829.32,False,False,0.00
2026,33042151,BANCO DE LA NACION ARGENTINA,B1,Banco Comercial Estrangeiro - Filial no país,SP,Controle estrangeiro,S4,96497947.57,202606.00,-1689413.55,,-1689413.55,False,False,-0.02
2026,33588252,BANCO INDUSCRED DE INVESTIMENTO S.A.,B2,Banco de Investimento,SP,Privado nacional,S4,80988231.79,202606.00,-905109.00,,-905109.00,False,False,-0.01
2026,80271455,BANCO RNX S.A.,B2,Banco Múltiplo,PR,Privado nacional,S4,75906470.62,202606.00,-378727.79,,-378727.79,False,False,-0.00
2026,33132044,BANCO CEDULA S.A.,B1,Banco Múltiplo,RJ,Privado nacional,S4,70282900.88,202606.00,-277351.71,,-277351.71,False,False,-0.00
2026,C0051688,FINAXIS,B1,,PR,Privado nacional,S4,65132121.08,202606.00,-3414387.19,,-3414387.19,False,False,-0.05
2026,02992317,INTEX BANK BANCO DE CÂMBIO S.A.,B2,Banco de Câmbio,SP,Privado nacional,S4,62299706.65,202606.00,726024.68,,726024.68,False,False,0.01
2026,08609934,MONEYCORP BANCO DE CÂMBIO S.A.,B2,Banco de Câmbio,SP,Controle estrangeiro,S4,48095781.97,202606.00,551884.62,,551884.62,False,False,0.01
2026,40429946,BANCO PORTO REAL DE INVESTIMENTOS S.A,B2,Banco de Investimento,RJ,Privado nacional,S4,32201273.77,202606.00,576549.21,,576549.21,False,False,0.02
2026,15173776,SOCIAL BANK BANCO MÚLTIPLO S/A,B1,Banco Múltiplo,BA,Privado nacional,S4,20971584.88,202606.00,-502287.54,,-502287.54,False,False,-0.02
