titulo,numero,tipo,libera_captacao,libera_captacao_inicial,data_portaria,data_publicacao,edicao,secao,pagina,orgao,url,url_title,qtd_projetos,valor_total_anexo,lei_8313,texto_art1
"PORTARIA SEFIC/MINC Nº 1, DE 5 DE JANEIRO DE 2026",1,prorrogacao_prazo,True,False,2026-01-05,2026-01-06,3,,11,Ministério da Cultura/Secretaria de Fomento e Incentivo à Cultura,https://www.in.gov.br/web/dou/-/portaria-sefic/minc-n-1-de-5-de-janeiro-de-2026-679335450,portaria-sefic/minc-n-1-de-5-de-janeiro-de-2026-679335450,5164,0.0,True,"Homologar a prorrogação do prazo de captação de recursos do(s) projeto(s) cultural(is), relacionado(s) no(s)"
"PORTARIA SEFIC/MINC Nº 2, DE 6 DE JANEIRO DE 2026",2,prorrogacao_prazo,True,False,2026-01-06,2026-01-07,4,,82,Ministério da Cultura/Secretaria de Fomento e Incentivo à Cultura,https://www.in.gov.br/web/dou/-/portaria-sefic/minc-n-2-de-6-de-janeiro-de-2026-679851527,portaria-sefic/minc-n-2-de-6-de-janeiro-de-2026-679851527,9962,0.0,True,"Homologar a prorrogação do prazo de captação de recursos do(s) projeto(s) cultural(is), relacionado(s) no(s)"
"PORTARIA SEFIC/MINC Nº 3, DE 7 DE JANEIRO DE 2026",3,prorrogacao_prazo,True,False,2026-01-07,2026-01-08,5,,26,Ministério da Cultura/Secretaria de Fomento e Incentivo à Cultura,https://www.in.gov.br/web/dou/-/portaria-sefic/minc-n-3-de-7-de-janeiro-de-2026-679873548,portaria-sefic/minc-n-3-de-7-de-janeiro-de-2026-679873548,4202,0.0,True,"Homologar a prorrogação do prazo de captação de recursos do(s) projeto(s) cultural(is), relacionado(s) no(s)"
"PORTARIA SEFIC/MINC Nº 4, DE 8 DE JANEIRO DE 2026",4,homologacao_captacao,True,True,2026-01-08,2026-01-09,6,,19,Ministério da Cultura/Secretaria de Fomento e Incentivo à Cultura,https://www.in.gov.br/web/dou/-/portaria-sefic/minc-n-4-de-8-de-janeiro-de-2026-680120625,portaria-sefic/minc-n-4-de-8-de-janeiro-de-2026-680120625,16,28985982.32,True,Homologar os projetos culturais relacionados nos
"PORTARIA SEFIC/MINC Nº 5, DE 8 DE JANEIRO DE 2026",5,complementacao_valor,True,False,2026-01-08,2026-01-09,6,,20,Ministério da Cultura/Secretaria de Fomento e Incentivo à Cultura,https://www.in.gov.br/web/dou/-/portaria-sefic/minc-n-5-de-8-de-janeiro-de-2026-680123957,portaria-sefic/minc-n-5-de-8-de-janeiro-de-2026-680123957,18,3607586.7399999998,True,Homologar a complementação de valor em favor do(s) projeto(s) cultural(is) relacionado(s) no(s)
"PORTARIA SEFIC/MINC Nº 6, DE 8 DE JANEIRO DE 2026",6,prorrogacao_prazo,True,False,2026-01-08,2026-01-09,6,,20,Ministério da Cultura/Secretaria de Fomento e Incentivo à Cultura,https://www.in.gov.br/web/dou/-/portaria-sefic/minc-n-6-de-8-de-janeiro-de-2026-680128333,portaria-sefic/minc-n-6-de-8-de-janeiro-de-2026-680128333,74,0.0,True,"Homologar a prorrogação do prazo de captação de recursos do(s) projeto(s) cultural(is), relacionado(s) no(s)"
"PORTARIA SEFIC/MINC Nº 7, DE 8 DE JANEIRO DE 2026",7,reducao_valor,False,False,2026-01-08,2026-01-09,6,,23,Ministério da Cultura/Secretaria de Fomento e Incentivo à Cultura,https://www.in.gov.br/web/dou/-/portaria-sefic/minc-n-7-de-8-de-janeiro-de-2026-680129152,portaria-sefic/minc-n-7-de-8-de-janeiro-de-2026-680129152,37,53832036.68,True,Homologar a redução de valor em favor do(s) projeto(s) cultural(is) relacionado(s) no(s)
"PORTARIA SEFIC/MINC Nº 8, DE 8 DE JANEIRO DE 2026",8,alteracao_projeto,False,False,2026-01-08,2026-01-09,6,,24,Ministério da Cultura/Secretaria de Fomento e Incentivo à Cultura,https://www.in.gov.br/web/dou/-/portaria-sefic/minc-n-8-de-8-de-janeiro-de-2026-680120488,portaria-sefic/minc-n-8-de-8-de-janeiro-de-2026-680120488,0,,False,"Homologar a(s) alteração(ões) do(s) resumo(s) do(s) projeto(s) abaixo relacionado(s): PRONAC: 221582 - Aquisição e Digitalização de Acervo Biográfico de Bibi Ferreira para o Museu da Imagem e do Som do Rio de Janeiro - RJ, publicado na portaria nº 0633/22 de 17/11/2022, no D.O.U. de 18/11/2022. Onde se lê: Aquisição e digitalização de significativo acervo biográfico sobre a grande artista Bibi Ferreira, oriundo de seu espólio, para integrar o acervo permanente do Museu da Imagem e do Som do Rio de Janeiro (MIS-RJ). Leia-se: Aquisição e digitalização de significativo acervo biográfico sobre a grande artista Bibi Ferreira, oriundo de seu espólio, para integrar o acervo permanente do Instituto Bibi Ferreira na Fundação Memorial da América Latina. PRONAC: 233264 - Programa Negocio Cultural - 2ª Edição, publicado na portaria nº 0518/23 de 05/09/2023, no D.O.U. de 06/09/2023. Onde se lê: O projeto realizará ações capacitação e orientações para o conhecimento e fomento em artes visuais através de plataforma virtual específica, onde os participantes terão acesso a mentorias e atividades que estimulam o desenvolvimento de habilidades criativas e técnicas. Leia-se: O projeto promoverá oficinas presenciais de artes visuais para alunos de escolas públicas em situação de vulnerabilidade, incentivando a formação artística e a inclusão cultural. As atividades serão complementadas por uma exposição virtual inspiradora, uma palestra virtual para alunos e professores e uma plataforma digital de apoio com conteúdos extras e trilhas de diferentes níveis de conhecimento, aumentando o alcance e o impacto educativo do projeto. PRONAC: 247514 - Plano Anual Museu A CASA do Objeto Brasileiro 2025 , publicado na portaria nº 0641/24 de 05/09/2024, no D.O.U. de 06/09/2024. Onde se lê: O Plano Anual de Atividades do Museu A CASA do Objeto Brasileiro tem como objetivo o exercício e fortalecimento do seu papel na sociedade e no campo cultural por meio da promoção de uma programação pública e gratuita, com múltiplas frentes, para o fomento do artesanato feito no país. O projeto compreende ações voltadas à programação de exposições, mostras e eventos públicos, manutenção do equipamento cultural e de sua equipe técnica, ações educativas e a preservação, manutenção e extroversão do acervo. Leia-se: O Plano Bianual de Atividades do Museu A CASA do Objeto Brasileiro tem como objetivo o exercício e fortalecimento do seu papel na sociedade e no campo cultural por meio da promoção de uma programação pública e gratuita, com múltiplas frentes, para o fomento do artesanato feito no país. O projeto compreende ações voltadas à programação de exposições, mostras e eventos públicos, manutenção do equipamento cultural e de sua equipe técnica, ações educativas e a preservação, manutenção e extroversão do acervo. PRONAC: 2412334 - ISABELL FILLARDIS CANTA: PRETAS BRASIL , publicado na portaria nº 0864/24 de 06/12/2024, no D.O.U. de 09/12/2024. Onde se lê: A turnê ""Isabel Fillardis Canta: Pretas Brasil"" celebra o legado de grandes cantoras negras na música brasileira. Com a presença marcante de Isabel Fillardis, o espetáculo reúne um repertório que destaca a importância cultural e artística dessas mulheres, reconhecendo suas contribuições ao cenário musical do país. A produção vai além da música, proporcionando ao público uma experiência imersiva, com projeções visuais e iluminação envolvente. O show conta também com participações especiais de vozes femininas icônicas, enriquecendo ainda mais a apresentação. Com 60 minutos de duração e classificação livre, o espetáculo é acessível a todos, incluindo intérprete de Libras para garantir a inclusão. A turnê passará por quatro cidades: São Paulo, Rio de Janeiro, Brasília e Salvador, levando a potência da música feminina negra para diferentes regiões do Brasil, em um show vibrante e memorável.. Leia-se: A turnêturnê ""Isabel Fillardis - Pretas do Brasil""celebra o legado de grandes cantoras negras na música brasileira. Com a presença marcante deIsabel Fillardis, o espetáculo reúne um repertório que destaca a importância cultural e artística dessas mulheres, reconhecendo suascontribuições ao cenário musical do país. A produção vai além da música, proporcionando ao público uma experiência imersiva, comprojeções visuais e iluminação envolvente. O show conta também com participações especiais de vozes femininas icônicas, enriquecendoainda mais a apresentação. Com 60 minutos de duração e classificação livre, o espetáculo é acessível a todos, incluindo intérprete de Libraspara garantir a inclusão. A turnê passará por quatro cidades: São Paulo, Rio de Janeiro, Brasília e Salvador, levando a potência da músicafeminina negra para diferentes regiões do Brasil, em um show vibrante e memorável. PRONAC: 2413129 - ATELIE DE ARTES - 2ª EDIÇÃO, publicado na portaria nº 0878/24 de 11/12/2024, no D.O.U. de 12/12/2024. Onde se lê: O projeto propõe uma experiência educativa e imersiva voltada para crianças e educadores, explorando as linguagens artísticas do desenho, da argila e do movimento, com o tema central 'Cidade Natureza'. A iniciativa abrangeráworkshopsformativos para educadores, a dinamização de um Ateliê centralde artes ea criação deMini-ateliêsem salas de aula, além da realização de uma Mostra Públicae de um Fórum Cultural. Também está prevista a produção de um Catálogo-guiaque apresenta diretrizes e políticas públicas voltadas para a primeira infância. Leia-se: O projeto propõe uma experiência educativa e imersiva voltada para crianças e educadores, explorando as linguagens artísticas do desenho, da argila e do movimento, com o tema central 'Cidade Natureza'. A iniciativa abrangerá workshops formativos para educadores, a dinamização de um Ateliê central de artes e a criação de Mini-ateliês em salas de aula, além da realização de uma Mostra Pública e Fórum Cultural e a exibição de uma Mostra-Ateliê. Também está prevista a produção de um Catálogo-guia que apresentará diretrizes e políticas públicas voltadas para a primeira infância. PRONAC: 254500 - Vital - O Musical dos Paralamas - Turnê Nacional, publicado na portaria nº 0535/25 de 31/07/2025, no D.O.U. de 01/08/2025. Onde se lê: A proposta consiste na turnê nacional do espetáculo musical ""Vital, o Musical dos Paralamas"", com texto de Patricia Andrade, direção de Pedro Brício e idealização de Gustavo Nunes e Marcelo Pires, nas cidades de Natal (RN), Fortaleza (CE), Teresina (PI), Vitória (ES), Belo Horizonte (MG), Goiânia (GO), São Luís do Maranhão (MA) e Aracaju (SE). Natal (RN) - 4 apresentações Fortaleza (CE) - 4 apresentações Teresina (PI) - 4 apresentações Vitória (ES) - 4 apresentações Belo Horizonte (MG) - 4 apresentações Goiânia (GO) - 3 apresentações São Luís (MA) - 4 apresentações Aracaju (SE) - 4 apresentações Leia-se: A proposta consiste na turne nacional do espetaculo musical ""Vital, o Musical dos Paralamas"" com texto de Patricia Andrade, direcao de Pedro Bricio e idealizaçao de Gustavo Nunes e Marcelo Pires nas cidades de Natal (RN), Fortaleza (CE), Teresina (PI), Vitoria (ES), Belo Horizonte (MG), Goiania (GO), Sao Luis do Maranhao (MA), Aracaju (SE) e Rio de Janeiro (RJ).Natal (RN) - 04 apresentacoes.Fortaleza (CE) - 04 apresentacoes.Teresina (PI) - 04 apresentacoes.Vitoria (ES) - 04 apresentacoes.Belo Horizonte (MG) - 04 apresentacoes.Goiania (GO) - 03 apresentacoes.Sao Luis (MA) - 04 apresentacoes.Aracaju (SE) - 04 apresentacoes.Rio de Janeiro (RJ) - 09 apresentações."
"PORTARIA SEFIC/MINC Nº 9, DE 9 DE JANEIRO DE 2026",9,complementacao_valor,True,False,2026-01-09,2026-01-12,7,,10,Ministério da Cultura/Secretaria de Fomento e Incentivo à Cultura,https://www.in.gov.br/web/dou/-/portaria-sefic/minc-n-9-de-9-de-janeiro-de-2026-680397697,portaria-sefic/minc-n-9-de-9-de-janeiro-de-2026-680397697,3,330659.82,True,Homologar a complementação de valor em favor do(s) projeto(s) cultural(is) relacionado(s) no(s)
"PORTARIA SEFIC/MINC Nº 10, DE 9 DE JANEIRO DE 2026",10,prorrogacao_prazo,True,False,2026-01-09,2026-01-12,7,,10,Ministério da Cultura/Secretaria de Fomento e Incentivo à Cultura,https://www.in.gov.br/web/dou/-/portaria-sefic/minc-n-10-de-9-de-janeiro-de-2026-680386459,portaria-sefic/minc-n-10-de-9-de-janeiro-de-2026-680386459,112,0.0,True,"Homologar a prorrogação do prazo de captação de recursos do(s) projeto(s) cultural(is), relacionado(s) no(s)"
"PORTARIA SEFIC/MINC Nº 11, DE 9 DE JANEIRO DE 2026",11,reducao_valor,False,False,2026-01-09,2026-01-12,7,,14,Ministério da Cultura/Secretaria de Fomento e Incentivo à Cultura,https://www.in.gov.br/web/dou/-/portaria-sefic/minc-n-11-de-9-de-janeiro-de-2026-680407628,portaria-sefic/minc-n-11-de-9-de-janeiro-de-2026-680407628,3,105295.5,True,Homologar a redução de valor em favor do(s) projeto(s) cultural(is) relacionado(s) no(s)
"PORTARIA SEFIC/MINC Nº 12, DE 9 DE JANEIRO DE 2026",12,alteracao_projeto,False,False,2026-01-09,2026-01-12,7,,14,Ministério da Cultura/Secretaria de Fomento e Incentivo à Cultura,https://www.in.gov.br/web/dou/-/portaria-sefic/minc-n-12-de-9-de-janeiro-de-2026-680398886,portaria-sefic/minc-n-12-de-9-de-janeiro-de-2026-680398886,0,,False,"Homologar a(s) alteração(ões) do(s) proponente(s) do(s) projeto(s) abaixo relacionado(s): PRONAC: 235187 - Tino Gomes - 50 Anos na Estrada - Turnê I, publicado na portaria nº 0646/23 de 01/11/2023, no D.O.U. de 03/11/2023. Onde se lê: TRI CICLO PRODUCOES LTDA CNPJ/CPF: 21.890.748/0001-87 Leia-se: 16632131000121 CNPJ/CPF: 21.890.748/0001-87"
"PORTARIA SEFIC/MINC Nº 13, DE 12 DE JANEIRO DE 2026",13,prorrogacao_prazo,True,False,2026-01-12,2026-01-13,8,,9,Ministério da Cultura/Secretaria de Fomento e Incentivo à Cultura,https://www.in.gov.br/web/dou/-/portaria-sefic/minc-n-13-de-12-de-janeiro-de-2026-680675442,portaria-sefic/minc-n-13-de-12-de-janeiro-de-2026-680675442,122,0.0,True,"Homologar a prorrogação do prazo de captação de recursos do(s) projeto(s) cultural(is), relacionado(s) no(s)"
"PORTARIA SEFIC/MINC Nº 14, DE 13 DE JANEIRO DE 2026",14,complementacao_valor,True,False,2026-01-13,2026-01-14,9,,34,Ministério da Cultura/Secretaria de Fomento e Incentivo à Cultura,https://www.in.gov.br/web/dou/-/portaria-sefic/minc-n-14-de-13-de-janeiro-de-2026-681155869,portaria-sefic/minc-n-14-de-13-de-janeiro-de-2026-681155869,7,1031646.8200000001,True,Homologar a complementação de valor em favor do(s) projeto(s) cultural(is) relacionado(s) no(s)
"PORTARIA SEFIC/MINC Nº 15, DE 13 DE JANEIRO DE 2026",15,prorrogacao_prazo,True,False,2026-01-13,2026-01-14,9,,35,Ministério da Cultura/Secretaria de Fomento e Incentivo à Cultura,https://www.in.gov.br/web/dou/-/portaria-sefic/minc-n-15-de-13-de-janeiro-de-2026-681152592,portaria-sefic/minc-n-15-de-13-de-janeiro-de-2026-681152592,23,0.0,True,"Homologar a prorrogação do prazo de captação de recursos do(s) projeto(s) cultural(is), relacionado(s) no(s)"
"PORTARIA SEFIC/MINC Nº 16, DE 13 DE JANEIRO DE 2026",16,reducao_valor,False,False,2026-01-13,2026-01-14,9,,35,Ministério da Cultura/Secretaria de Fomento e Incentivo à Cultura,https://www.in.gov.br/web/dou/-/portaria-sefic/minc-n-16-de-13-de-janeiro-de-2026-681150399,portaria-sefic/minc-n-16-de-13-de-janeiro-de-2026-681150399,7,1510676.6800000002,True,Homologar a redução de valor em favor do(s) projeto(s) cultural(is) relacionado(s) no(s)
"PORTARIA SEFIC/MINC Nº 17, DE 13 DE JANEIRO DE 2026",17,alteracao_projeto,False,False,2026-01-13,2026-01-14,9,,36,Ministério da Cultura/Secretaria de Fomento e Incentivo à Cultura,https://www.in.gov.br/web/dou/-/portaria-sefic/minc-n-17-de-13-de-janeiro-de-2026-681141583,portaria-sefic/minc-n-17-de-13-de-janeiro-de-2026-681141583,0,,False,"Homologar a(s) alteração(ões) do(s) nome(s) do(s) projeto(s) abaixo relacionado(s): PRONAC: 186068 - As Palavras e O Tempo, publicado na portaria nº 0801/18 de 21/12/2018, no D.O.U. de 24/12/2018, para Palavras. PRONAC: 239517 - Plano Bianual Talmud Thora, publicado na portaria nº 0727/23 de 04/12/2023, no D.O.U. de 05/12/2023, para Plano Trianual Talmud Thora."
"PORTARIA SEFIC/MINC Nº 18, DE 14 DE JANEIRO DE 2026",18,homologacao_captacao,True,True,2026-01-14,2026-01-15,10,,8,Ministério da Cultura/Secretaria de Fomento e Incentivo à Cultura,https://www.in.gov.br/web/dou/-/portaria-sefic/minc-n-18-de-14-de-janeiro-de-2026-681159732,portaria-sefic/minc-n-18-de-14-de-janeiro-de-2026-681159732,21,39939979.73,True,Homologar os projetos culturais relacionados nos
"PORTARIA SEFIC/MINC Nº 20, DE 14 DE JANEIRO DE 2026",20,prorrogacao_prazo,True,False,2026-01-14,2026-01-15,10,,9,Ministério da Cultura/Secretaria de Fomento e Incentivo à Cultura,https://www.in.gov.br/web/dou/-/portaria-sefic/minc-n-20-de-14-de-janeiro-de-2026-681160529,portaria-sefic/minc-n-20-de-14-de-janeiro-de-2026-681160529,34,0.0,True,"Homologar a prorrogação do prazo de captação de recursos do(s) projeto(s) cultural(is), relacionado(s) no(s)"
"PORTARIA SEFIC/MINC Nº 21, DE 14 DE JANEIRO DE 2026",21,reducao_valor,False,False,2026-01-14,2026-01-15,10,,10,Ministério da Cultura/Secretaria de Fomento e Incentivo à Cultura,https://www.in.gov.br/web/dou/-/portaria-sefic/minc-n-21-de-14-de-janeiro-de-2026-681171001,portaria-sefic/minc-n-21-de-14-de-janeiro-de-2026-681171001,24,9451876.62,True,Homologar a redução de valor em favor do(s) projeto(s) cultural(is) relacionado(s) no(s)
"PORTARIA SEFIC/MINC Nº 22, DE 14 DE JANEIRO DE 2026",22,alteracao_projeto,False,False,2026-01-14,2026-01-15,10,,11,Ministério da Cultura/Secretaria de Fomento e Incentivo à Cultura,https://www.in.gov.br/web/dou/-/portaria-sefic/minc-n-22-de-14-de-janeiro-de-2026-681176298,portaria-sefic/minc-n-22-de-14-de-janeiro-de-2026-681176298,0,,False,"Homologar a(s) alteração(ões) do(s) resumo(s) do(s) projeto(s) abaixo relacionado(s): PRONAC: 236613 - Projeto Ilha, Arte e Palhaçaria - Edição II, publicado na portaria nº 0720/23 de 30/11/2023, no D.O.U. de 01/12/2023. Onde se lê: O projeto, que está em sua segunda edição, tem como objetivo levar o espetáculo ""Ilha, Arte e Palhaçaria"" para as ilhas do litoral de Paranaguá e escolas do continente. Além de propor, também, intervenções artísticas com bolhas de sabão em escolas do campo. Leia-se: O projeto, que está em sua segunda edição, tem como objetivo levar o espetáculo ""Os Palhaçonautas"" para as ilhas do litoral de Paranaguá e escolas públicas do continente."
"PORTARIA SEFIC/MINC Nº 23, DE 15 DE JANEIRO DE 2026",23,prorrogacao_prazo,True,False,2026-01-15,2026-01-16,11,,8,Ministério da Cultura/Secretaria de Fomento e Incentivo à Cultura,https://www.in.gov.br/web/dou/-/portaria-sefic/minc-n-23-de-15-de-janeiro-de-2026-681423883,portaria-sefic/minc-n-23-de-15-de-janeiro-de-2026-681423883,39,0.0,True,"Homologar a prorrogação do prazo de captação de recursos do(s) projeto(s) cultural(is), relacionado(s) no(s)"
"PORTARIA SEFIC/MINC Nº 24, DE 15 DE JANEIRO DE 2026",24,reducao_valor,False,False,2026-01-15,2026-01-16,11,,9,Ministério da Cultura/Secretaria de Fomento e Incentivo à Cultura,https://www.in.gov.br/web/dou/-/portaria-sefic/minc-n-24-de-15-de-janeiro-de-2026-681421406,portaria-sefic/minc-n-24-de-15-de-janeiro-de-2026-681421406,4,105496.98000000001,True,Homologar a redução de valor em favor do(s) projeto(s) cultural(is) relacionado(s) no(s)
"PORTARIA SEFIC/MINC N° 25, DE 15 DE JANEIRO DE 2026",25,outra,False,False,2026-01-15,2026-01-16,11,,10,Ministério da Cultura/Secretaria de Fomento e Incentivo à Cultura,https://www.in.gov.br/web/dou/-/portaria-sefic/minc-n-25-de-15-de-janeiro-de-2026-681437054,portaria-sefic/minc-n-25-de-15-de-janeiro-de-2026-681437054,0,,False,"Tornar público o descredenciamento do perito do Banco de Pareceristas da Secretaria de Fomento e Incentivo à Cultura, a pedido, conforme disposto no Art. 19 da Instrução Normativa MinC nº 9, de 17 de novembro de 2023, o qual foi habilitado por meio do Edital de Chamamento Público SEFIC/MinC nº 2/2023, nas áreas e segmentos constantes no"
"PORTARIA SEFIC/MINC Nº 26, DE 16 DE JANEIRO DE 2026",26,complementacao_valor,True,False,2026-01-16,2026-01-19,12,,11,Ministério da Cultura/Secretaria de Fomento e Incentivo à Cultura,https://www.in.gov.br/web/dou/-/portaria-sefic/minc-n-26-de-16-de-janeiro-de-2026-681749456,portaria-sefic/minc-n-26-de-16-de-janeiro-de-2026-681749456,15,3358374.4299999997,True,Homologar a complementação de valor em favor do(s) projeto(s) cultural(is) relacionado(s) no(s)
"PORTARIA SEFIC/MINC Nº 27, DE 16 DE JANEIRO DE 2026",27,prorrogacao_prazo,True,False,2026-01-16,2026-01-19,12,,12,Ministério da Cultura/Secretaria de Fomento e Incentivo à Cultura,https://www.in.gov.br/web/dou/-/portaria-sefic/minc-n-27-de-16-de-janeiro-de-2026-681738528,portaria-sefic/minc-n-27-de-16-de-janeiro-de-2026-681738528,41,0.0,True,"Homologar a prorrogação do prazo de captação de recursos do(s) projeto(s) cultural(is), relacionado(s) no(s)"
"PORTARIA SEFIC/MINC Nº 28, DE 19 DE JANEIRO DE 2026",28,complementacao_valor,True,False,2026-01-19,2026-01-20,13,,11,Ministério da Cultura/Secretaria de Fomento e Incentivo à Cultura,https://www.in.gov.br/web/dou/-/portaria-sefic/minc-n-28-de-19-de-janeiro-de-2026-682031097,portaria-sefic/minc-n-28-de-19-de-janeiro-de-2026-682031097,18,4302011.17,True,Homologar a complementação de valor em favor do(s) projeto(s) cultural(is) relacionado(s) no(s)
"PORTARIA SEFIC/MINC Nº 29, DE 19 DE JANEIRO DE 2026",29,prorrogacao_prazo,True,False,2026-01-19,2026-01-20,13,,11,Ministério da Cultura/Secretaria de Fomento e Incentivo à Cultura,https://www.in.gov.br/web/dou/-/portaria-sefic/minc-n-29-de-19-de-janeiro-de-2026-682033323,portaria-sefic/minc-n-29-de-19-de-janeiro-de-2026-682033323,74,0.0,True,"Homologar a prorrogação do prazo de captação de recursos do(s) projeto(s) cultural(is), relacionado(s) no(s)"
"PORTARIA SEFIC/MINC Nº 30, DE 19 DE JANEIRO DE 2026",30,reducao_valor,False,False,2026-01-19,2026-01-20,13,,14,Ministério da Cultura/Secretaria de Fomento e Incentivo à Cultura,https://www.in.gov.br/web/dou/-/portaria-sefic/minc-n-30-de-19-de-janeiro-de-2026-682026847,portaria-sefic/minc-n-30-de-19-de-janeiro-de-2026-682026847,24,6434211.78,True,Homologar a redução de valor em favor do(s) projeto(s) cultural(is) relacionado(s) no(s)
"PORTARIA SEFIC/MINC Nº 31, DE 19 DE JANEIRO DE 2026",31,alteracao_projeto,False,False,2026-01-19,2026-01-20,13,,15,Ministério da Cultura/Secretaria de Fomento e Incentivo à Cultura,https://www.in.gov.br/web/dou/-/portaria-sefic/minc-n-31-de-19-de-janeiro-de-2026-682020886,portaria-sefic/minc-n-31-de-19-de-janeiro-de-2026-682020886,0,,False,"Homologar a(s) alteração(ões) do(s) nome(s) do(s) projeto(s) abaixo relacionado(s): PRONAC: 2310882 - Cosmologia Colérica - Thiago Martins, publicado na portaria nº 0736/23 de 06/12/2023, no D.O.U. de 07/12/2023, para Cosmogonia Colérica - Thiago Martins. PRONAC: 240821 - Verão Mais Cultura, publicado na portaria nº 0177/24 de 14/03/2024, no D.O.U. de 15/03/2024, para Festival do Balonismo - Parte Cultural. PRONAC: 247453 - Emergência Climática (título provisório), publicado na portaria nº 0641/24 de 05/09/2024, no D.O.U. de 06/09/2024, para Clima, o novo anormal. PRONAC: 2413799 - Banda Marcial Instrumental - Circulação, publicado na portaria nº 0881/24 de 12/12/2024, no D.O.U. de 13/12/2024, para Banda CM . PRONAC: 250555 - Edição do Livro Roteiros Extraordinários - Lugares e Histórias que encantam, publicado na portaria nº 0148/25 de 06/03/2025, no D.O.U. de 07/03/2025, para Edição do Livro Roteiros Extraordinários - O diário de bordo de um viajante sem filtro."
"PORTARIA SEFIC/MINC Nº 32, DE 20 DE JANEIRO DE 2026",32,prorrogacao_prazo,True,False,2026-01-20,2026-01-21,14,,13,Ministério da Cultura/Secretaria de Fomento e Incentivo à Cultura,https://www.in.gov.br/web/dou/-/portaria-sefic/minc-n-32-de-20-de-janeiro-de-2026-682276204,portaria-sefic/minc-n-32-de-20-de-janeiro-de-2026-682276204,36,0.0,True,"Homologar a prorrogação do prazo de captação de recursos do(s) projeto(s) cultural(is), relacionado(s) no(s)"
"PORTARIA SEFIC/MINC Nº 33, DE 21 DE JANEIRO DE 2026",33,complementacao_valor,True,False,2026-01-21,2026-01-22,15,,8,Ministério da Cultura/Secretaria de Fomento e Incentivo à Cultura,https://www.in.gov.br/web/dou/-/portaria-sefic/minc-n-33-de-21-de-janeiro-de-2026-682736864,portaria-sefic/minc-n-33-de-21-de-janeiro-de-2026-682736864,1,0.01,True,Homologar a complementação de valor em favor do(s) projeto(s) cultural(is) relacionado(s) no(s)
"PORTARIA SEFIC/MINC Nº 34, DE 21 DE JANEIRO DE 2026",34,prorrogacao_prazo,True,False,2026-01-21,2026-01-22,15,,8,Ministério da Cultura/Secretaria de Fomento e Incentivo à Cultura,https://www.in.gov.br/web/dou/-/portaria-sefic/minc-n-34-de-21-de-janeiro-de-2026-682693055,portaria-sefic/minc-n-34-de-21-de-janeiro-de-2026-682693055,60,0.0,True,"Homologar a prorrogação do prazo de captação de recursos do(s) projeto(s) cultural(is), relacionado(s) no(s)ANEXO(s) desta Portaria, para o(s) qual(is) o(s) proponente(s) fica(m) autorizado(s) a captar recursos, mediante doações ou patrocínios, na forma prevista no § 1º do Artigo 18 e no Artigo 26 da Lei n.º 8.313, de 23 de dezembro de 1991, alterada pela Lei nº 9.874, de 23 de novembro de 1999."
"PORTARIA SEFIC/MINC Nº 35, DE 21 DE JANEIRO DE 2026",35,alteracao_projeto,False,False,2026-01-21,2026-01-22,15,,10,Ministério da Cultura/Secretaria de Fomento e Incentivo à Cultura,https://www.in.gov.br/web/dou/-/portaria-sefic/minc-n-35-de-21-de-janeiro-de-2026-682746530,portaria-sefic/minc-n-35-de-21-de-janeiro-de-2026-682746530,0,,False,"Homologar a(s) alteração(ões) do(s) resumo(s) do(s) projeto(s) abaixo relacionado(s): PRONAC: 242397 - Projeto Pé de Moleque em Movimento - Ano 2, publicado na portaria nº 0288/24 de 25/04/2024, no D.O.U. de 26/04/2024. Onde se lê: Realizar um espetáculo de dança com a preparação de crianças e/ou adolescentes através de oficinas culturais gratuitas de Ballet. Leia-se: Realizar dois espetáculos de dança com a preparação de crianças e/ou adolescentes através de oficinas culturais gratuitas de Ballet."
"PORTARIA SEFIC/MINC Nº 36, DE 22 DE JANEIRO DE 2026",36,complementacao_valor,True,False,2026-01-22,2026-01-23,16,,14,Ministério da Cultura/Secretaria de Fomento e Incentivo à Cultura,https://www.in.gov.br/web/dou/-/portaria-sefic/minc-n-36-de-22-de-janeiro-de-2026-682792478,portaria-sefic/minc-n-36-de-22-de-janeiro-de-2026-682792478,2,68301.14,True,Homologar a complementação de valor em favor do(s) projeto(s) cultural(is) relacionado(s) no(s)
"PORTARIA SEFIC/MINC Nº 37, DE 22 DE JANEIRO DE 2026",37,prorrogacao_prazo,True,False,2026-01-22,2026-01-23,16,,14,Ministério da Cultura/Secretaria de Fomento e Incentivo à Cultura,https://www.in.gov.br/web/dou/-/portaria-sefic/minc-n-37-de-22-de-janeiro-de-2026-682788722,portaria-sefic/minc-n-37-de-22-de-janeiro-de-2026-682788722,41,0.0,True,"Homologar a prorrogação do prazo de captação de recursos do(s) projeto(s) cultural(is), relacionado(s) no(s)"
"PORTARIA SEFIC/MINC Nº 38, DE 22 DE JANEIRO DE 2026",38,alteracao_projeto,False,False,2026-01-22,2026-01-23,16,,16,Ministério da Cultura/Secretaria de Fomento e Incentivo à Cultura,https://www.in.gov.br/web/dou/-/portaria-sefic/minc-n-38-de-22-de-janeiro-de-2026-682785176,portaria-sefic/minc-n-38-de-22-de-janeiro-de-2026-682785176,0,,False,"Homologar a(s) alteração(ões) do(s) nome(s) do(s) projeto(s) abaixo relacionado(s): PRONAC: 2510385 - Espetáculos de Natal 2025 do Coro Elo Sonoro, publicado na portaria nº 0780/25 de 26/11/2025, no D.O.U. de 27/11/2025, para Elo Sonoro em Concerto - Interpretações Corais 2026."
"PORTARIA SEFIC/MINC Nº 39, DE 23 DE JANEIRO DE 2026",39,homologacao_captacao,True,True,2026-01-23,2026-01-26,17,,11,Ministério da Cultura/Secretaria de Fomento e Incentivo à Cultura,https://www.in.gov.br/web/dou/-/portaria-sefic/minc-n-39-de-23-de-janeiro-de-2026-683062456,portaria-sefic/minc-n-39-de-23-de-janeiro-de-2026-683062456,13,47416384.29,True,Homologar os projetos culturais relacionados nos
"PORTARIA SEFIC/MINC Nº 40, DE 23 DE JANEIRO DE 2026",40,complementacao_valor,True,False,2026-01-23,2026-01-26,17,,12,Ministério da Cultura/Secretaria de Fomento e Incentivo à Cultura,https://www.in.gov.br/web/dou/-/portaria-sefic/minc-n-40-de-23-de-janeiro-de-2026-683073780,portaria-sefic/minc-n-40-de-23-de-janeiro-de-2026-683073780,2,4828337.9,True,Homologar a complementação de valor em favor do(s) projeto(s) cultural(is) relacionado(s) no(s)
"PORTARIA SEFIC/MINC Nº 41, DE 23 DE JANEIRO DE 2026",41,prorrogacao_prazo,True,False,2026-01-23,2026-01-26,17,,13,Ministério da Cultura/Secretaria de Fomento e Incentivo à Cultura,https://www.in.gov.br/web/dou/-/portaria-sefic/minc-n-41-de-23-de-janeiro-de-2026-683070927,portaria-sefic/minc-n-41-de-23-de-janeiro-de-2026-683070927,37,0.0,True,"Homologar a prorrogação do prazo de captação de recursos do(s) projeto(s) cultural(is), relacionado(s) no(s)"
"PORTARIA SEFIC/MINC Nº 42, DE 23 DE JANEIRO DE 2026",42,reducao_valor,False,False,2026-01-23,2026-01-26,17,,14,Ministério da Cultura/Secretaria de Fomento e Incentivo à Cultura,https://www.in.gov.br/web/dou/-/portaria-sefic/minc-n-42-de-23-de-janeiro-de-2026-683075030,portaria-sefic/minc-n-42-de-23-de-janeiro-de-2026-683075030,3,-301607.79,True,Homologar a redução de valor em favor do(s) projeto(s) cultural(is) relacionado(s) no(s)
"PORTARIA SEFIC/MINC Nº 43, DE 23 DE JANEIRO DE 2026",43,alteracao_projeto,False,False,2026-01-23,2026-01-26,17,,14,Ministério da Cultura/Secretaria de Fomento e Incentivo à Cultura,https://www.in.gov.br/web/dou/-/portaria-sefic/minc-n-43-de-23-de-janeiro-de-2026-683069880,portaria-sefic/minc-n-43-de-23-de-janeiro-de-2026-683069880,0,,False,"Homologar a(s) alteração(ões) do(s) resumo(s) do(s) projeto(s) abaixo relacionado(s): PRONAC: 247454 - Museu Nacional da Cultura Afro-brasileira - Plano Anual 2025, publicado na portaria nº 0641/24 de 05/09/2024, no D.O.U. de 06/09/2024. Onde se lê: Este Plano Anual prevê a manutenção das atividades regulares do Museu Nacional da Cultura Afro-Brasileira (MUNCAB), como manutenção e programação (exposições, atividades socioculturais e educativas), além da segurança da edificação e acervo. Contemplando ações que contribuam para democratização a todos o livre acesso às fontes de cultura, promovendo a fruição cultural e a valorização das expressões culturais afro-brasileiras, e a continuidade do trabalho de preservação dos bens de um acervo com reconhecido valor cultural, assim como do prédio histórico e tombado que faz parte do conjunto arquitetônico reconhecido como patrimônio da Humanidade pela Unesco. O plano anual abrange ações voltadas para garantir a todos o acesso amplo ao patrimônio material, histórico e artístico através da política de gratuidade do Muncab, promovendo a difusão e a valorização das artes visuais, além de assegurar a continuidade do trabalho de preservação do acervo. Como contrapartida serão realizadas diversas ações e atividades educativas conforme detalhado na Proposta Pedagógica. Leia-se: Este Plano Plurianual prevê a manutenção das atividades regulares do Museu Nacional da Cultura Afro-Brasileira (MUNCAB), como manutenção e programação (exposições, atividades socioculturais e educativas), além da segurança da edificação e acervo. Contemplando ações que contribuam para democratização a todos o livre acesso às fontes de cultura, promovendo a fruição cultural e a valorização das expressões culturais afro-brasileiras, e a continuidade do trabalho de preservação dos bens de um acervo com reconhecido valor cultural, assim como do prédio histórico e tombado que faz parte do conjunto arquitetônico reconhecido como patrimônio da Humanidade pela Unesco. O plano plurianual abrange ações voltadas para garantir a todos o acesso amplo ao patrimônio material, histórico e artístico através da política de gratuidade do Muncab, promovendo a difusão e a valorização das artes visuais, além de assegurar a continuidade do trabalho de preservação do acervo. Como contrapartida serão realizadas diversas ações e atividades educativas conforme detalhado na Proposta Pedagógica."
"PORTARIA SEFIC/MINC Nº 44, DE 26 DE JANEIRO DE 2026",44,homologacao_captacao,True,True,2026-01-26,2026-01-27,18,,15,Ministério da Cultura/Secretaria de Fomento e Incentivo à Cultura,https://www.in.gov.br/web/dou/-/portaria-sefic/minc-n-44-de-26-de-janeiro-de-2026-683335204,portaria-sefic/minc-n-44-de-26-de-janeiro-de-2026-683335204,1,1016045.8,True,Homologar os projetos culturais relacionados nos
"PORTARIA SEFIC/MINC Nº 45, DE 26 DE JANEIRO DE 2026",45,complementacao_valor,True,False,2026-01-26,2026-01-27,18,,15,Ministério da Cultura/Secretaria de Fomento e Incentivo à Cultura,https://www.in.gov.br/web/dou/-/portaria-sefic/minc-n-45-de-26-de-janeiro-de-2026-683337838,portaria-sefic/minc-n-45-de-26-de-janeiro-de-2026-683337838,14,5097954.74,True,Homologar a complementação de valor em favor do(s) projeto(s) cultural(is) relacionado(s) no(s)
"PORTARIA SEFIC/MINC Nº 46, DE 26 DE JANEIRO DE 2026",46,prorrogacao_prazo,True,False,2026-01-26,2026-01-27,18,,15,Ministério da Cultura/Secretaria de Fomento e Incentivo à Cultura,https://www.in.gov.br/web/dou/-/portaria-sefic/minc-n-46-de-26-de-janeiro-de-2026-683344701,portaria-sefic/minc-n-46-de-26-de-janeiro-de-2026-683344701,31,0.0,True,"Homologar a prorrogação do prazo de captação de recursos do(s) projeto(s) cultural(is), relacionado(s) no(s)"
"PORTARIA SEFIC/MINC Nº 47, DE 26 DE JANEIRO DE 2026",47,reducao_valor,False,False,2026-01-26,2026-01-27,18,,16,Ministério da Cultura/Secretaria de Fomento e Incentivo à Cultura,https://www.in.gov.br/web/dou/-/portaria-sefic/minc-n-47-de-26-de-janeiro-de-2026-683356190,portaria-sefic/minc-n-47-de-26-de-janeiro-de-2026-683356190,26,6201894.7,True,Homologar a redução de valor em favor do(s) projeto(s) cultural(is) relacionado(s) no(s)
"PORTARIA SEFIC/MINC Nº 48, DE 26 DE JANEIRO DE 2026",48,alteracao_projeto,False,False,2026-01-26,2026-01-27,18,,17,Ministério da Cultura/Secretaria de Fomento e Incentivo à Cultura,https://www.in.gov.br/web/dou/-/portaria-sefic/minc-n-48-de-26-de-janeiro-de-2026-683339715,portaria-sefic/minc-n-48-de-26-de-janeiro-de-2026-683339715,0,,False,"Homologar a(s) alteração(ões) do(s) nome(s) do(s) projeto(s) abaixo relacionado(s): PRONAC: 2312587 - Pouso Alegre - Toda história tem endereço, publicado na portaria nº 0741/23 de 07/12/2023, no D.O.U. de 08/12/2023, para Pouso Alegre - História, cultura e vida. PRONAC: 247481 - Arrastão Cultural, publicado na portaria nº 0641/24 de 05/09/2024, no D.O.U. de 06/09/2024, para Arrastão Cultural - Plano Bianual 2025/2026."
"PORTARIA SEFIC/MINC Nº 49, DE 27 DE JANEIRO DE 2026",49,complementacao_valor,True,False,2026-01-27,2026-01-28,19,,16,Ministério da Cultura/Secretaria de Fomento e Incentivo à Cultura,https://www.in.gov.br/web/dou/-/portaria-sefic/minc-n-49-de-27-de-janeiro-de-2026-683640948,portaria-sefic/minc-n-49-de-27-de-janeiro-de-2026-683640948,1,8087.37,True,Homologar a complementação de valor em favor do(s) projeto(s) cultural(is) relacionado(s) no(s)
"PORTARIA SEFIC/MINC Nº 50, DE 27 DE JANEIRO DE 2026",50,prorrogacao_prazo,True,False,2026-01-27,2026-01-28,19,,16,Ministério da Cultura/Secretaria de Fomento e Incentivo à Cultura,https://www.in.gov.br/web/dou/-/portaria-sefic/minc-n-50-de-27-de-janeiro-de-2026-683638222,portaria-sefic/minc-n-50-de-27-de-janeiro-de-2026-683638222,24,0.0,True,"Homologar a prorrogação do prazo de captação de recursos do(s) projeto(s) cultural(is), relacionado(s) no(s)"
"PORTARIA SEFIC/MINC Nº 51, DE 27 DE JANEIRO DE 2026",51,alteracao_projeto,False,False,2026-01-27,2026-01-28,19,,17,Ministério da Cultura/Secretaria de Fomento e Incentivo à Cultura,https://www.in.gov.br/web/dou/-/portaria-sefic/minc-n-51-de-27-de-janeiro-de-2026-683631152,portaria-sefic/minc-n-51-de-27-de-janeiro-de-2026-683631152,0,,False,"Homologar a(s) alteração(ões) do(s) nome(s) do(s) projeto(s) abaixo relacionado(s): PRONAC: 247819 - São Paulo Ocean Week 2025, publicado na portaria nº 0673/24 de 17/09/2024, no D.O.U. de 18/09/2024, para São Paulo Ocean Week 2026. PRONAC: 2410922 - HOMEM COM H - TURNÊ, publicado na portaria nº 0834/24 de 27/11/2024, no D.O.U. de 28/11/2024, para HOMEM COM H."
"PORTARIA SEFIC/MINC Nº 52, DE 28 DE JANEIRO DE 2026",52,homologacao_captacao,True,True,2026-01-28,2026-01-29,20,,27,Ministério da Cultura/Secretaria de Fomento e Incentivo à Cultura,https://www.in.gov.br/web/dou/-/portaria-sefic/minc-n-52-de-28-de-janeiro-de-2026-684133799,portaria-sefic/minc-n-52-de-28-de-janeiro-de-2026-684133799,19,47916349.29,True,Homologar os projetos culturais relacionados nos
"PORTARIA SEFIC/MINC Nº 54, DE 28 DE JANEIRO DE 2026",54,prorrogacao_prazo,True,False,2026-01-28,2026-01-29,20,,28,Ministério da Cultura/Secretaria de Fomento e Incentivo à Cultura,https://www.in.gov.br/web/dou/-/portaria-sefic/minc-n-54-de-28-de-janeiro-de-2026-684082057,portaria-sefic/minc-n-54-de-28-de-janeiro-de-2026-684082057,40,0.0,True,"Homologar a prorrogação do prazo de captação de recursos do(s) projeto(s) cultural(is), relacionado(s) no(s)"
"PORTARIA SEFIC/MINC N.º 55, DE 28 DE JANEIRO DE 2026",55,reducao_valor,False,False,2026-01-28,2026-01-29,20,,30,Ministério da Cultura/Secretaria de Fomento e Incentivo à Cultura,https://www.in.gov.br/web/dou/-/portaria-sefic/minc-n.-55-de-28-de-janeiro-de-2026-684136977,portaria-sefic/minc-n.-55-de-28-de-janeiro-de-2026-684136977,7,903292.51,True,Homologar a redução de valor em favor do(s) projeto(s) cultural(is) relacionado(s) no(s)
"PORTARIA SEFIC/MINC N.º 56, DE 29 DE JANEIRO DE 2026",56,complementacao_valor,True,False,2026-01-29,2026-01-30,21,,35,Ministério da Cultura/Secretaria de Fomento e Incentivo à Cultura,https://www.in.gov.br/web/dou/-/portaria-sefic/minc-n.-56-de-29-de-janeiro-de-2026-684182917,portaria-sefic/minc-n.-56-de-29-de-janeiro-de-2026-684182917,2,462708.26,True,Homologar a complementação de valor em favor do(s) projeto(s) cultural(is) relacionado(s) no(s)
"PORTARIA SEFIC/MINC Nº 57, DE 29 DE JANEIRO DE 2026",57,prorrogacao_prazo,True,False,2026-01-29,2026-01-30,21,,35,Ministério da Cultura/Secretaria de Fomento e Incentivo à Cultura,https://www.in.gov.br/web/dou/-/portaria-sefic/minc-n-57-de-29-de-janeiro-de-2026-684167465,portaria-sefic/minc-n-57-de-29-de-janeiro-de-2026-684167465,11,0.0,True,"Homologar a prorrogação do prazo de captação de recursos do(s) projeto(s) cultural(is), relacionado(s) no(s)"
"PORTARIA SEFIC/MINC Nº 58, DE 29 DE JANEIRO DE 2026",58,alteracao_projeto,False,False,2026-01-29,2026-01-30,21,,36,Ministério da Cultura/Secretaria de Fomento e Incentivo à Cultura,https://www.in.gov.br/web/dou/-/portaria-sefic/minc-n-58-de-29-de-janeiro-de-2026-684170338,portaria-sefic/minc-n-58-de-29-de-janeiro-de-2026-684170338,0,,False,"Homologar a(s) alteração(ões) do(s) nome(s) do(s) projeto(s) abaixo relacionado(s): PRONAC: 2312587 - Pouso Alegre - História, cultura e vida, publicado na portaria nº 0741/23 de 07/12/2023, no D.O.U. de 08/12/2023, para Pouso Alegre História, cultura e vida."
"PORTARIA SEFIC/MINC Nº 59, DE 30 DE JANEIRO DE 2026",59,prorrogacao_prazo,True,False,2026-01-30,2026-02-02,22,,44,Ministério da Cultura/Secretaria de Fomento e Incentivo à Cultura,https://www.in.gov.br/web/dou/-/portaria-sefic/minc-n-59-de-30-de-janeiro-de-2026-684490446,portaria-sefic/minc-n-59-de-30-de-janeiro-de-2026-684490446,23,0.0,True,"Homologar a prorrogação do prazo de captação de recursos do(s) projeto(s) cultural(is), relacionado(s) no(s)"
"PORTARIA SEFIC/MINC Nº 60, DE 30 DE JANEIRO DE 2026",60,reducao_valor,False,False,2026-01-30,2026-02-02,22,,45,Ministério da Cultura/Secretaria de Fomento e Incentivo à Cultura,https://www.in.gov.br/web/dou/-/portaria-sefic/minc-n-60-de-30-de-janeiro-de-2026-684498532,portaria-sefic/minc-n-60-de-30-de-janeiro-de-2026-684498532,2,72085.73,True,Homologar a redução de valor em favor do(s) projeto(s) cultural(is) relacionado(s) no(s)
"PORTARIA SEFIC/MINC Nº 61, DE 30 DE JANEIRO DE 2026",61,alteracao_projeto,False,False,2026-01-30,2026-02-02,22,,45,Ministério da Cultura/Secretaria de Fomento e Incentivo à Cultura,https://www.in.gov.br/web/dou/-/portaria-sefic/minc-n-61-de-30-de-janeiro-de-2026-684498295,portaria-sefic/minc-n-61-de-30-de-janeiro-de-2026-684498295,0,,False,"Homologar a(s) alteração(ões) do(s) resumo(s) do(s) projeto(s) abaixo relacionado(s): PRONAC: 212755 - Projeto de Revitalização da Casa Barão de Vassouras, publicado na portaria nº 0753/21 de 24/12/2021, no D.O.U. de 27/12/2021. Onde se lê: O projeto prevêações que promoverão arevitalização da Casa Barão de Vassouras, localizada em Vassouras, Rio de Janeiro. Um exemplo de construção civil urbana do início do ciclo do café, que se caracteriza por assemelhar-se às fazendas, com grande frente para a rua e planta em forma de U, a edificação é muito representativa por possuir uma senzala, elemento que dificilmente se encontra em casas urbanas. Para que se consolide o processo de revitalização, o projeto contemplará uma série de ações culturais,dentre elas: Programa de Educação Patrimonial; Curso de capacitação para empreendedores culturais e de capacitação para agentes turísticos locais; elaboração de mini-guia cultural; além do preparo do bem patrimonial à população como um centro cultural de grande importância e referência na região do Vale do Café, com exposição permanente, calendário de atividades culturais e um plano econômico de sustentabilidade, garantindo que o mesmo permaneça em funcionamento. Leia-se: O projeto prevê ações que promoverão a revitalização da Casa Barão de Vassouras, localizada em Vassouras, Rio de Janeiro. Um exemplo de construção civil urbana do início do ciclo do café, que se caracteriza por assemelhar-se às fazendas, com grande frente para a rua e planta em forma de U, a edificação é muito representativa por possuir uma senzala, elemento que dificilmente se encontra em casas urbanas. Para que se consolide o processo de revitalização, o projeto contemplará uma série de ações culturais, dentre elas: Programa de Educação Patrimonial; Curso de capacitação para empreendedores culturais e de capacitação e reciclagem para agentes turísticos locais; elaboração de mini-mapa cultural de bolso; além do preparo do bem patrimonial à população como um centro cultural de grande importância e referência na região do Vale do Café, com exposição permanente e um plano econômico de sustentabilidade, garantindo que o mesmo permaneça em funcionamento. PRONAC: 232823 - Ideias para um Futuro Sustentável, publicado na portaria nº 0480/23 de 22/08/2023, no D.O.U. de 23/08/2023. Onde se lê: O projeto ""Ideias para um Futuro Sustentável"" terá início com a produção editorial de um livro, produto-fim da ação cultural, que ocorrerá paralelamente às ações formativas-culturais em instituições da rede pública de ensino. Na segunda metade da ação, os estudantes serão convidados a produzir reportagens com as suas percepções a respeito dos desafios locais e/ou nacionais, para um futuro sustentável, que serão compiladas na obra a estar disponibilizada ao grande público. Leia-se: O projeto ""Ideias para um Futuro Sustentável"" terá início com a produção editorial de um livro, produto-fim da ação cultural, que ocorrerá paralelamente às ações formativas-culturais em instituições da rede pública de ensino. Na segunda metade da ação, os estudantes serão convidados a contribuir por meio de textos com as suas percepções a respeito dos desafios locais e/ou nacionais, para um futuro sustentável, que serão compiladas na obra a estar disponibilizada ao grande público. PRONAC: 237241 - Plano Trianual - Clube Qxt Cultural: Experimentações da Arte, publicado na portaria nº 0720/23 de 30/11/2023, no D.O.U. de 01/12/2023. Onde se lê: O propósito deste plano bianual é desenvolver ações culturais diversas para crianças, adolescentes e público geral da cidade de São Paulo, com o objetivo de promover o desenvolvimento pessoal e ampliação do repertório cultural, além de formar platéias e proporcionar a vivência artística aos participantes. Tem como meta democratizar o acesso à cultura para um público em situação de vulnerabilidade social. As oficinas culturais, como teatro, graffiti, capoeira e música, continuarão a ser desenvolvidas, além de uma programação cultural ja recorrente com sarau, mostra cultural, tardes com o autor, apresentação teatral e seminário temático. As atividades serão realizadas na sede do Projeto Quixote, localizado na Vila Mariana, que conta com ateliês multifuncionais, sala de dança, biblioteca e um auditório com capacidade para 100 participantes sentados no palco. Além disso, o Clube Qxt Cultural será aberto à comunidade local para a participação em oficinas e eventos culturais. Leia-se: O propósito deste plano trianual é desenvolver ações culturais diversas para crianças, adolescentes e público geral da cidade de São Paulo, com o objetivo de promover o desenvolvimento pessoal e ampliação do repertório cultural, além de formar plateias e proporcionar a vivência artística aos participantes. Tem como meta democratizar o acesso à cultura para um público em situação de vulnerabilidade social. As oficinas culturais, como teatro, graffiti, capoeira e música, continuarão a ser desenvolvidas, além de uma programação cultural ja recorrente com sarau, mostra cultural, tardes com o autor, apresentação teatral e seminário temático. As atividades serão realizadas na sede do Projeto Quixote, localizado na Vila Mariana, que conta com ateliês multifuncionais, sala de dança, biblioteca e um auditório com capacidade para 100 participantes sentados no palco. Além disso, o Clube Qxt Cultural será aberto à comunidade local para a participação em oficinas e eventos culturais."
"PORTARIA SEFIC/MINC N° 62, DE 30 DE JANEIRO DE 2026",62,outra,False,False,2026-01-30,2026-02-02,22,,45,Ministério da Cultura/Secretaria de Fomento e Incentivo à Cultura,https://www.in.gov.br/web/dou/-/portaria-sefic/minc-n-62-de-30-de-janeiro-de-2026-684490629,portaria-sefic/minc-n-62-de-30-de-janeiro-de-2026-684490629,0,,False,"Tornar sem efeito a Portaria SEFIC/MINC n° 25, de 15 de janeiro de 2026, publicada no D.O.U. em 16/01/2026, Secção 1, que trata do descredenciamento do perito do Banco de Pareceristas da Secretaria de Fomento e Incentivo à Cultura, constante no"
"PORTARIA SEFIC/MINC Nº 63, DE 2 DE FEVEREIRO DE 2026",63,complementacao_valor,True,False,2026-02-02,2026-02-03,23,,14,Ministério da Cultura/Secretaria de Fomento e Incentivo à Cultura,https://www.in.gov.br/web/dou/-/portaria-sefic/minc-n-63-de-2-de-fevereiro-de-2026-684827562,portaria-sefic/minc-n-63-de-2-de-fevereiro-de-2026-684827562,6,704727.35,True,Homologar a complementação de valor em favor do(s) projeto(s) cultural(is) relacionado(s) no(s)
"PORTARIA SEFIC/MINC Nº 64, DE 2 DE FEVEREIRO DE 2026",64,prorrogacao_prazo,True,False,2026-02-02,2026-02-03,23,,14,Ministério da Cultura/Secretaria de Fomento e Incentivo à Cultura,https://www.in.gov.br/web/dou/-/portaria-sefic/minc-n-64-de-2-de-fevereiro-de-2026-684848216,portaria-sefic/minc-n-64-de-2-de-fevereiro-de-2026-684848216,63,0.0,True,"Homologar a prorrogação do prazo de captação de recursos do(s) projeto(s) cultural(is), relacionado(s) no(s)"
"PORTARIA SEFIC/MINC Nº 65, DE 2 DE FEVEREIRO DE 2026",65,reducao_valor,False,False,2026-02-02,2026-02-03,23,,16,Ministério da Cultura/Secretaria de Fomento e Incentivo à Cultura,https://www.in.gov.br/web/dou/-/portaria-sefic/minc-n-65-de-2-de-fevereiro-de-2026-684832680,portaria-sefic/minc-n-65-de-2-de-fevereiro-de-2026-684832680,2,373383.97000000003,True,Homologar a redução de valor em favor do(s) projeto(s) cultural(is) relacionado(s) no(s)
"PORTARIA SEFIC/MINC Nº 66, DE 3 DE FEVEREIRO DE 2026",66,homologacao_captacao,True,True,2026-02-03,2026-02-04,24,,8,Ministério da Cultura/Secretaria de Fomento e Incentivo à Cultura,https://www.in.gov.br/web/dou/-/portaria-sefic/minc-n-66-de-3-de-fevereiro-de-2026-685368657,portaria-sefic/minc-n-66-de-3-de-fevereiro-de-2026-685368657,1,310996.42,True,Homologar os projetos culturais relacionados nos
"PORTARIA SEFIC/MINC Nº 67, DE 3 DE FEVEREIRO DE 2026",67,prorrogacao_prazo,True,False,2026-02-03,2026-02-04,24,,8,Ministério da Cultura/Secretaria de Fomento e Incentivo à Cultura,https://www.in.gov.br/web/dou/-/portaria-sefic/minc-n-67-de-3-de-fevereiro-de-2026-685100784,portaria-sefic/minc-n-67-de-3-de-fevereiro-de-2026-685100784,15,0.0,True,"Homologar a prorrogação do prazo de captação de recursos do(s) projeto(s) cultural(is), relacionado(s) no(s)"
"PORTARIA SEFIC/MINC Nº 68, DE 3 DE FEVEREIRO DE 2026",68,reducao_valor,False,False,2026-02-03,2026-02-04,24,,9,Ministério da Cultura/Secretaria de Fomento e Incentivo à Cultura,https://www.in.gov.br/web/dou/-/portaria-sefic/minc-n-68-de-3-de-fevereiro-de-2026-685098402,portaria-sefic/minc-n-68-de-3-de-fevereiro-de-2026-685098402,6,1113195.9200000002,True,Homologar a redução de valor em favor do(s) projeto(s) cultural(is) relacionado(s) no(s)
"PORTARIA SEFIC/MINC Nº 69, DE 4 DE FEVEREIRO DE 2026",69,complementacao_valor,True,False,2026-02-04,2026-02-05,25,,24,Ministério da Cultura/Secretaria de Fomento e Incentivo à Cultura,https://www.in.gov.br/web/dou/-/portaria-sefic/minc-n-69-de-4-de-fevereiro-de-2026-685383636,portaria-sefic/minc-n-69-de-4-de-fevereiro-de-2026-685383636,4,809493.12,True,Homologar a complementação de valor em favor do(s) projeto(s) cultural(is) relacionado(s) no(s)
"PORTARIA SEFIC/MINC Nº 70, DE 4 DE FEVEREIRO DE 2026",70,prorrogacao_prazo,True,False,2026-02-04,2026-02-05,25,,24,Ministério da Cultura/Secretaria de Fomento e Incentivo à Cultura,https://www.in.gov.br/web/dou/-/portaria-sefic/minc-n-70-de-4-de-fevereiro-de-2026-685384330,portaria-sefic/minc-n-70-de-4-de-fevereiro-de-2026-685384330,13,0.0,True,"Homologar a prorrogação do prazo de captação de recursos do(s) projeto(s) cultural(is), relacionado(s) no(s)"
"PORTARIA SEFIC/MINC Nº 71, DE 4 DE FEVEREIRO DE 2026",71,alteracao_projeto,False,False,2026-02-04,2026-02-05,25,,25,Ministério da Cultura/Secretaria de Fomento e Incentivo à Cultura,https://www.in.gov.br/web/dou/-/portaria-sefic/minc-n-71-de-4-de-fevereiro-de-2026-685376473,portaria-sefic/minc-n-71-de-4-de-fevereiro-de-2026-685376473,0,,False,"Homologar a(s) alteração(ões) do(s) nome(s) do(s) projeto(s) abaixo relacionado(s): PRONAC: 255292 - 2º Festival Essência 2025, publicado na portaria nº 0582/25 de 22/08/2025, no D.O.U. de 25/08/2025, para 2º Festival Essência."
"PORTARIA SEFIC/MINC Nº 72, DE 5 DE FEVEREIRO DE 2026",72,prorrogacao_prazo,True,False,2026-02-05,2026-02-06,26,,7,Ministério da Cultura/Secretaria de Fomento e Incentivo à Cultura,https://www.in.gov.br/web/dou/-/portaria-sefic/minc-n-72-de-5-de-fevereiro-de-2026-685685545,portaria-sefic/minc-n-72-de-5-de-fevereiro-de-2026-685685545,22,0.0,True,"Homologar a prorrogação do prazo de captação de recursos do(s) projeto(s) cultural(is), relacionado(s) no(s)"
"PORTARIA SEFIC/MINC Nº 73, DE 6 DE FEVEREIRO DE 2026",73,complementacao_valor,True,False,2026-02-06,2026-02-09,27,,23,Ministério da Cultura/Secretaria de Fomento e Incentivo à Cultura,https://www.in.gov.br/web/dou/-/portaria-sefic/minc-n-73-de-6-de-fevereiro-de-2026-685979183,portaria-sefic/minc-n-73-de-6-de-fevereiro-de-2026-685979183,3,3015273.19,True,Homologar a complementação de valor em favor do(s) projeto(s) cultural(is) relacionado(s) no(s)
"PORTARIA SEFIC/MINC Nº 74, DE 6 DE FEVEREIRO DE 2026",74,prorrogacao_prazo,True,False,2026-02-06,2026-02-09,27,,24,Ministério da Cultura/Secretaria de Fomento e Incentivo à Cultura,https://www.in.gov.br/web/dou/-/portaria-sefic/minc-n-74-de-6-de-fevereiro-de-2026-685901100,portaria-sefic/minc-n-74-de-6-de-fevereiro-de-2026-685901100,10,0.0,True,"Homologar a prorrogação do prazo de captação de recursos do(s) projeto(s) cultural(is), relacionado(s) no(s)"
"PORTARIA SEFIC/MINC Nº 75, DE 6 DE FEVEREIRO DE 2026",75,reducao_valor,False,False,2026-02-06,2026-02-09,27,,24,Ministério da Cultura/Secretaria de Fomento e Incentivo à Cultura,https://www.in.gov.br/web/dou/-/portaria-sefic/minc-n-75-de-6-de-fevereiro-de-2026-685980371,portaria-sefic/minc-n-75-de-6-de-fevereiro-de-2026-685980371,7,120525.21,True,Homologar a redução de valor em favor do(s) projeto(s) cultural(is) relacionado(s) no(s)
"PORTARIA SEFIC/MINC Nº 76, DE 6 DE FEVEREIRO DE 2026",76,alteracao_projeto,False,False,2026-02-06,2026-02-09,27,,24,Ministério da Cultura/Secretaria de Fomento e Incentivo à Cultura,https://www.in.gov.br/web/dou/-/portaria-sefic/minc-n-76-de-6-de-fevereiro-de-2026-685993980,portaria-sefic/minc-n-76-de-6-de-fevereiro-de-2026-685993980,0,,False,"Homologar a(s) alteração(ões) do(s) nome(s) do(s) projeto(s) abaixo relacionado(s): PRONAC: 202882 - Rio de Janeiro Patrimônio Mundial, publicado na portaria nº 0472/20 de 22/07/2020, no D.O.U. de 23/07/2020, para #RioPatrimônio. PRONAC: 222579 - São Viola, publicado na portaria nº 0723/22 de 15/12/2022, no D.O.U. de 16/12/2022, para Viva a Viola."
"PORTARIA SEFIC/MINC Nº 77, DE 9 DE FEVEREIRO DE 2026",77,prorrogacao_prazo,True,False,2026-02-09,2026-02-10,28,,7,Ministério da Cultura/Secretaria de Fomento e Incentivo à Cultura,https://www.in.gov.br/web/dou/-/portaria-sefic/minc-n-77-de-9-de-fevereiro-de-2026-686254237,portaria-sefic/minc-n-77-de-9-de-fevereiro-de-2026-686254237,21,0.0,True,"Homologar a prorrogação do prazo de captação de recursos do(s) projeto(s) cultural(is), relacionado(s) no(s)"
"PORTARIA SEFIC/MINC Nº 78, DE 10 DE FEVEREIRO DE 2026",78,homologacao_captacao,True,True,2026-02-10,2026-02-11,29,,12,Ministério da Cultura/Secretaria de Fomento e Incentivo à Cultura,https://www.in.gov.br/web/dou/-/portaria-sefic/minc-n-78-de-10-de-fevereiro-de-2026-686531155,portaria-sefic/minc-n-78-de-10-de-fevereiro-de-2026-686531155,24,15787348.57,True,Homologar os projetos culturais relacionados nos
"PORTARIA SEFIC/MINC Nº 79, DE 10 DE FEVEREIRO DE 2026",79,complementacao_valor,True,False,2026-02-10,2026-02-11,29,,14,Ministério da Cultura/Secretaria de Fomento e Incentivo à Cultura,https://www.in.gov.br/web/dou/-/portaria-sefic/minc-n-79-de-10-de-fevereiro-de-2026-686545532,portaria-sefic/minc-n-79-de-10-de-fevereiro-de-2026-686545532,5,2582271.7899999996,True,Homologar a complementação de valor em favor do(s) projeto(s) cultural(is) relacionado(s) no(s)
"PORTARIA SEFIC/MINC Nº 80, DE 10 DE FEVEREIRO DE 2026",80,prorrogacao_prazo,True,False,2026-02-10,2026-02-11,29,,14,Ministério da Cultura/Secretaria de Fomento e Incentivo à Cultura,https://www.in.gov.br/web/dou/-/portaria-sefic/minc-n-80-de-10-de-fevereiro-de-2026-686547855,portaria-sefic/minc-n-80-de-10-de-fevereiro-de-2026-686547855,7,0.0,True,"Homologar a prorrogação do prazo de captação de recursos do(s) projeto(s) cultural(is), relacionado(s) no(s)"
"PORTARIA SEFIC/MINC Nº 81, DE 10 DE FEVEREIRO DE 2026",81,reducao_valor,False,False,2026-02-10,2026-02-11,29,,15,Ministério da Cultura/Secretaria de Fomento e Incentivo à Cultura,https://www.in.gov.br/web/dou/-/portaria-sefic/minc-n-81-de-10-de-fevereiro-de-2026-686533473,portaria-sefic/minc-n-81-de-10-de-fevereiro-de-2026-686533473,6,2021178.63,True,Homologar a redução de valor em favor do(s) projeto(s) cultural(is) relacionado(s) no(s)
"PORTARIA SEFIC/MINC Nº 82, DE 10 DE FEVEREIRO DE 2026",82,alteracao_projeto,False,False,2026-02-10,2026-02-11,29,,15,Ministério da Cultura/Secretaria de Fomento e Incentivo à Cultura,https://www.in.gov.br/web/dou/-/portaria-sefic/minc-n-82-de-10-de-fevereiro-de-2026-686530957,portaria-sefic/minc-n-82-de-10-de-fevereiro-de-2026-686530957,0,,False,"Homologar a(s) alteração(ões) do(s) resumo(s) do(s) projeto(s) abaixo relacionado(s): PRONAC: 179245 - ALLEGRO PIANO ‐ MISSAL, publicado na portaria nº 0769/17 de 18/12/2017, no D.O.U. de 19/12/2017. Onde se lê: Este projeto vem propor a compra de um piano de meia-cauda para a cidade de Missal, no Oeste do Estado do Paraná, visando condicionar a cidade, em parceria com a Unicultura, a promover uma programação efetiva de concertos, concertos didáticos, workshops e fomento musical erudito na cidade. Além da compra, propõe‐se também um concerto de estreia do novopiano na cidade. Leia-se: Este projeto vem propor a compra de um piano de meia-cauda para a cidade de Medianeira, no Oeste do Estado do Paraná, visando condicionar a cidade, em parceria com a Unicultura, a promover uma programação efetiva de concertos, concertos didáticos, workshops e fomento musical erudito na cidade. Além da compra, propõe se também um concerto de estreia do novo piano na cidade."
"PORTARIA SEFIC/MINC Nº 83, DE 11 DE FEVEREIRO DE 2026",83,complementacao_valor,True,False,2026-02-11,2026-02-12,30,,15,Ministério da Cultura/Secretaria de Fomento e Incentivo à Cultura,https://www.in.gov.br/web/dou/-/portaria-sefic/minc-n-83-de-11-de-fevereiro-de-2026-686809242,portaria-sefic/minc-n-83-de-11-de-fevereiro-de-2026-686809242,1,51061.56,True,Homologar a complementação de valor em favor do(s) projeto(s) cultural(is) relacionado(s) no(s)
"PORTARIA SEFIC/MINC Nº 84, DE 11 DE FEVEREIRO DE 2026",84,prorrogacao_prazo,True,False,2026-02-11,2026-02-12,30,,16,Ministério da Cultura/Secretaria de Fomento e Incentivo à Cultura,https://www.in.gov.br/web/dou/-/portaria-sefic/minc-n-84-de-11-de-fevereiro-de-2026-686811405,portaria-sefic/minc-n-84-de-11-de-fevereiro-de-2026-686811405,17,0.0,True,"Homologar a prorrogação do prazo de captação de recursos do(s) projeto(s) cultural(is), relacionado(s) no(s)"
"PORTARIA SEFIC/MINC Nº 85, DE 11 DE FEVEREIRO DE 2026",85,reducao_valor,False,False,2026-02-11,2026-02-12,30,,16,Ministério da Cultura/Secretaria de Fomento e Incentivo à Cultura,https://www.in.gov.br/web/dou/-/portaria-sefic/minc-n-85-de-11-de-fevereiro-de-2026-686823873,portaria-sefic/minc-n-85-de-11-de-fevereiro-de-2026-686823873,2,100697.72,True,Homologar a redução de valor em favor do(s) projeto(s) cultural(is) relacionado(s) no(s)
"PORTARIA SEFIC/MINC Nº 86, DE 11 DE FEVEREIRO DE 2026",86,alteracao_projeto,False,False,2026-02-11,2026-02-12,30,,16,Ministério da Cultura/Secretaria de Fomento e Incentivo à Cultura,https://www.in.gov.br/web/dou/-/portaria-sefic/minc-n-86-de-11-de-fevereiro-de-2026-686816433,portaria-sefic/minc-n-86-de-11-de-fevereiro-de-2026-686816433,0,,False,"Homologar a(s) alteração(ões) do(s) resumo(s) do(s) projeto(s) abaixo relacionado(s): PRONAC: 248319 - Mulheres Circulares - Plano Anual de Manutenção de Atividades Orientavida 2025, publicado na portaria nº 0703/24 de 27/09/2024, no D.O.U. de 30/09/2024. Onde se lê: Promover durante o ano de 2025 projeto de capacitação e formação em economia criativa, através de oficinas gratuitas culturais e artísticas de práticas de artesanato, moda upcycle e culinária tradicional e sem desperdício, para 800 mulheres em situação de vulnerabilidade social, em São Paulo, na região do Vale do Paraíba. Com dimensão empreendedora e criativa o projeto pretende difundir os saberes criativos e revelar talentos na comunidade de modo a encorajar as mulheres participantes a construir novos caminhos profissionais dentro da economia criativa. O projeto também realizará um evento, público e gratuito na sede em Potim, chamado ""Repair Jeans Café"" que oferecerá também uma área de ""reparos de roupas feitas em jeans"", gratuitos, mediante a previa inscrição via site. Esse é um modelo de evento conhecido mundialmente como ""Repair Café"" - Evento gratuito para os participantes realizarem o reparo de produtos ao invés de comprarem outro, e nesse caso, o evento será exclusivamente para reparar roupas produzidas em jeans, de modo a contribuir de maneira criativa com a economia circular, solidária bem como para o Desenvolvimento Sustentável. Leia-se: Promover durante o ano de 2025 projeto de capacitação e formação em economia criativa, através de oficinas gratuitas culturais e artísticas de práticas de artesanato, moda upcycle e culinária tradicional e sem desperdício, para 312 mulheres em situação de vulnerabilidade social, em São Paulo, na região do Vale do Paraíba. Com dimensão empreendedora e criativa o projeto pretende difundir os saberes criativos e revelar talentos na comunidade de modo a encorajar as mulheres participantes a construir novos caminhos profissionais dentro da economia criativa. O projeto também realizará um evento, público e gratuito na sede em Potim, chamado ""Repair Jeans Café"" que oferecerá também uma área de ""reparos de roupas feitas em jeans"", gratuitos, mediante a previa inscrição via site. Esse é um modelo de evento conhecido mundialmente como ""Repair Café"" - Evento gratuito para os participantes realizarem o reparo de produtos ao invés de comprarem outro, e nesse caso, o evento será exclusivamente para reparar roupas produzidas em jeans, de modo a contribuir de maneira criativa com a economia circular, solidária bem como para o Desenvolvimento Sustentável. PRONAC: 254194 - EXPOSHOW 2026, publicado na portaria nº 0503/25 de 16/07/2025, no D.O.U. de 17/07/2025. Onde se lê: O projeto cultural EXPOSHOW trata-se da realização mostra não competitiva de música regional gaúcha , dentro da programação da Expofeira de São Lourenço do Sul. Faremos uma palestra musical. Leia-se: O projeto cultural EXPOSHOW 2026 trata-se da realização mostra não competitiva de música regional gaúcha , dentro da programação da Expofeira de São Lourenço do Sul. Faremos uma palestra musical."
"PORTARIA SEFIC/MINC Nº 87, DE 12 DE FEVEREIRO DE 2026",87,homologacao_captacao,True,True,2026-02-12,2026-02-13,31,,94,Ministério da Cultura/Secretaria de Fomento e Incentivo à Cultura,https://www.in.gov.br/web/dou/-/portaria-sefic/minc-n-87-de-12-de-fevereiro-de-2026-687381774,portaria-sefic/minc-n-87-de-12-de-fevereiro-de-2026-687381774,118,135423504.14,True,Homologar os projetos culturais relacionados nos
"PORTARIA SEFIC/MINC Nº 88, DE 12 DE FEVEREIRO DE 2026",88,complementacao_valor,True,False,2026-02-12,2026-02-13,31,,102,Ministério da Cultura/Secretaria de Fomento e Incentivo à Cultura,https://www.in.gov.br/web/dou/-/portaria-sefic/minc-n-88-de-12-de-fevereiro-de-2026-687370788,portaria-sefic/minc-n-88-de-12-de-fevereiro-de-2026-687370788,17,1978151.8,True,Homologar a complementação de valor em favor do(s) projeto(s) cultural(is) relacionado(s) no(s)
"PORTARIA SEFIC/MINC Nº 89, DE 12 DE FEVEREIRO DE 2026",89,prorrogacao_prazo,True,False,2026-02-12,2026-02-13,31,,103,Ministério da Cultura/Secretaria de Fomento e Incentivo à Cultura,https://www.in.gov.br/web/dou/-/portaria-sefic/minc-n-89-de-12-de-fevereiro-de-2026-687369966,portaria-sefic/minc-n-89-de-12-de-fevereiro-de-2026-687369966,19,0.0,True,"Homologar a prorrogação do prazo de captação de recursos do(s) projeto(s) cultural(is), relacionado(s) no(s)"
"PORTARIA SEFIC/MINC Nº 90, DE 12 DE FEVEREIRO DE 2026",90,reducao_valor,False,False,2026-02-12,2026-02-13,31,,104,Ministério da Cultura/Secretaria de Fomento e Incentivo à Cultura,https://www.in.gov.br/web/dou/-/portaria-sefic/minc-n-90-de-12-de-fevereiro-de-2026-687365167,portaria-sefic/minc-n-90-de-12-de-fevereiro-de-2026-687365167,68,22133224.81,True,Homologar a redução de valor em favor do(s) projeto(s) cultural(is) relacionado(s) no(s)
"PORTARIA SEFIC/MINC Nº 91, DE 19 DE FEVEREIRO DE 2026",91,homologacao_captacao,True,True,2026-02-19,2026-02-20,34,,33,Ministério da Cultura/Secretaria de Fomento e Incentivo à Cultura,https://www.in.gov.br/web/dou/-/portaria-sefic/minc-n-91-de-19-de-fevereiro-de-2026-687830348,portaria-sefic/minc-n-91-de-19-de-fevereiro-de-2026-687830348,36,34450782.97,True,Homologar os projetos culturais relacionados nos
"PORTARIA SEFIC/MINC Nº 92, DE 19 DE FEVEREIRO DE 2026",92,complementacao_valor,True,False,2026-02-19,2026-02-20,34,,35,Ministério da Cultura/Secretaria de Fomento e Incentivo à Cultura,https://www.in.gov.br/web/dou/-/portaria-sefic/minc-n-92-de-19-de-fevereiro-de-2026-687826245,portaria-sefic/minc-n-92-de-19-de-fevereiro-de-2026-687826245,27,12693788.32,True,Homologar a complementação de valor em favor do(s) projeto(s) cultural(is) relacionado(s) no(s)
"PORTARIA SEFIC/MINC Nº 93, DE 19 DE FEVEREIRO DE 2026",93,prorrogacao_prazo,True,False,2026-02-19,2026-02-20,34,,36,Ministério da Cultura/Secretaria de Fomento e Incentivo à Cultura,https://www.in.gov.br/web/dou/-/portaria-sefic/minc-n-93-de-19-de-fevereiro-de-2026-687831408,portaria-sefic/minc-n-93-de-19-de-fevereiro-de-2026-687831408,110,0.0,True,"Homologar a prorrogação do prazo de captação de recursos do(s) projeto(s) cultural(is), relacionado(s) no(s)"
"PORTARIA SEFIC/MINC Nº 94, DE 19 DE FEVEREIRO DE 2026",94,reducao_valor,False,False,2026-02-19,2026-02-20,34,,40,Ministério da Cultura/Secretaria de Fomento e Incentivo à Cultura,https://www.in.gov.br/web/dou/-/portaria-sefic/minc-n-94-de-19-de-fevereiro-de-2026-687828460,portaria-sefic/minc-n-94-de-19-de-fevereiro-de-2026-687828460,41,7091022.22,True,Homologar a redução de valor em favor do(s) projeto(s) cultural(is) relacionado(s) no(s)
"PORTARIA SEFIC/MINC Nº 95, DE 19 DE FEVEREIRO DE 2026",95,outra,False,False,2026-02-19,2026-02-20,34,,41,Ministério da Cultura/Secretaria de Fomento e Incentivo à Cultura,https://www.in.gov.br/web/dou/-/portaria-sefic/minc-n-95-de-19-de-fevereiro-de-2026-687818445,portaria-sefic/minc-n-95-de-19-de-fevereiro-de-2026-687818445,0,,False,"Tornar público os descredenciamentos dos peritos do Banco de Pareceristas da Secretaria de Fomento e Incentivo à Cultura, a pedido, conforme disposto no Art. 4º da Instrução Normativa MinC nº 31, de 31 de janeiro de 2026, o qual foi habilitado por meio do Edital de Chamamento Público SEFIC/MinC nº 2/2023, nas áreas e segmentos constantes no"
"PORTARIA SEFIC/MINC Nº 96, DE 20 DE FEVEREIRO DE 2026",96,homologacao_captacao,True,True,2026-02-20,2026-02-23,35,,89,Ministério da Cultura/Secretaria de Fomento e Incentivo à Cultura,https://www.in.gov.br/web/dou/-/portaria-sefic/minc-n-96-de-20-de-fevereiro-de-2026-688118250,portaria-sefic/minc-n-96-de-20-de-fevereiro-de-2026-688118250,60,45789998.14,True,Homologar os projetos culturais relacionados nos
"PORTARIA SEFIC/MINC Nº 97, DE 20 DE FEVEREIRO DE 2026",97,prorrogacao_prazo,True,False,2026-02-20,2026-02-23,35,,93,Ministério da Cultura/Secretaria de Fomento e Incentivo à Cultura,https://www.in.gov.br/web/dou/-/portaria-sefic/minc-n-97-de-20-de-fevereiro-de-2026-688124897,portaria-sefic/minc-n-97-de-20-de-fevereiro-de-2026-688124897,65,0.0,True,"Homologar a prorrogação do prazo de captação de recursos do(s) projeto(s) cultural(is), relacionado(s) no(s)"
"PORTARIA SEFIC/MINC Nº 98, DE 20 DE FEVEREIRO DE 2026",98,reducao_valor,False,False,2026-02-20,2026-02-23,35,,96,Ministério da Cultura/Secretaria de Fomento e Incentivo à Cultura,https://www.in.gov.br/web/dou/-/portaria-sefic/minc-n-98-de-20-de-fevereiro-de-2026-688113112,portaria-sefic/minc-n-98-de-20-de-fevereiro-de-2026-688113112,8,3604051.39,True,Homologar a redução de valor em favor do(s) projeto(s) cultural(is) relacionado(s) no(s)
"PORTARIA SEFIC/MINC Nº 99, DE 23 DE FEVEREIRO DE 2026",99,complementacao_valor,True,False,2026-02-23,2026-02-24,36,,12,Ministério da Cultura/Secretaria de Fomento e Incentivo à Cultura,https://www.in.gov.br/web/dou/-/portaria-sefic/minc-n-99-de-23-de-fevereiro-de-2026-688420098,portaria-sefic/minc-n-99-de-23-de-fevereiro-de-2026-688420098,6,12524566.7,True,Homologar a complementação de valor em favor do(s) projeto(s) cultural(is) relacionado(s) no(s)
"PORTARIA SEFIC/MINC Nº 100, DE 23 DE FEVEREIRO DE 2026",100,prorrogacao_prazo,True,False,2026-02-23,2026-02-24,36,,13,Ministério da Cultura/Secretaria de Fomento e Incentivo à Cultura,https://www.in.gov.br/web/dou/-/portaria-sefic/minc-n-100-de-23-de-fevereiro-de-2026-688412058,portaria-sefic/minc-n-100-de-23-de-fevereiro-de-2026-688412058,49,0.0,True,"Homologar a prorrogação do prazo de captação de recursos do(s) projeto(s) cultural(is), relacionado(s) no(s)"
"PORTARIA SEFIC/MINC Nº 101, DE 23 DE FEVEREIRO DE 2026",101,alteracao_projeto,False,False,2026-02-23,2026-02-24,36,,14,Ministério da Cultura/Secretaria de Fomento e Incentivo à Cultura,https://www.in.gov.br/web/dou/-/portaria-sefic/minc-n-101-de-23-de-fevereiro-de-2026-688405711,portaria-sefic/minc-n-101-de-23-de-fevereiro-de-2026-688405711,0,,False,"Homologar a(s) alteração(ões) do(s) nome(s) do(s) projeto(s) abaixo relacionado(s): PRONAC: 233268 - MASP 2024-2025 (Plano Bianual), publicado na portaria nº 0518/23 de 05/09/2023, no D.O.U. de 06/09/2023, para MASP 2024-2025 Expandido (Plano Bianual). PRONAC: 249471 - Liessin Cultural 2025, publicado na portaria nº 0772/24 de 23/10/2024, no D.O.U. de 24/10/2024, para Liessin Cultural 2025 / 2026."
"PORTARIA SEFIC/MINC Nº 102, DE 24 DE FEVEREIRO DE 2026",102,complementacao_valor,True,False,2026-02-24,2026-02-25,37,,23,Ministério da Cultura/Secretaria de Fomento e Incentivo à Cultura,https://www.in.gov.br/web/dou/-/portaria-sefic/minc-n-102-de-24-de-fevereiro-de-2026-688678807,portaria-sefic/minc-n-102-de-24-de-fevereiro-de-2026-688678807,9,839470.97,True,Homologar a complementação de valor em favor do(s) projeto(s) cultural(is) relacionado(s) no(s)
"PORTARIA SEFIC/MINC Nº 103, DE 24 DE FEVEREIRO DE 2026",103,prorrogacao_prazo,True,False,2026-02-24,2026-02-25,37,,23,Ministério da Cultura/Secretaria de Fomento e Incentivo à Cultura,https://www.in.gov.br/web/dou/-/portaria-sefic/minc-n-103-de-24-de-fevereiro-de-2026-688679443,portaria-sefic/minc-n-103-de-24-de-fevereiro-de-2026-688679443,16,0.0,True,"Homologar a prorrogação do prazo de captação de recursos do(s) projeto(s) cultural(is), relacionado(s) no(s)"
"PORTARIA SEFIC/MINC Nº 104, DE 24 DE FEVEREIRO DE 2026",104,reducao_valor,False,False,2026-02-24,2026-02-25,37,,24,Ministério da Cultura/Secretaria de Fomento e Incentivo à Cultura,https://www.in.gov.br/web/dou/-/portaria-sefic/minc-n-104-de-24-de-fevereiro-de-2026-688672039,portaria-sefic/minc-n-104-de-24-de-fevereiro-de-2026-688672039,4,443063.35000000003,True,Homologar a redução de valor em favor do(s) projeto(s) cultural(is) relacionado(s) no(s)
"PORTARIA SEFIC/MINC Nº 105, DE 25 DE FEVEREIRO DE 2026",105,homologacao_captacao,True,True,2026-02-25,2026-02-26,38,,4,Ministério da Cultura/Secretaria de Fomento e Incentivo à Cultura,https://www.in.gov.br/web/dou/-/portaria-sefic/minc-n-105-de-25-de-fevereiro-de-2026-688965584,portaria-sefic/minc-n-105-de-25-de-fevereiro-de-2026-688965584,96,106026458.44,True,Homologar os projetos culturais relacionados nos
"PORTARIA SEFIC/MINC Nº 106, DE 25 DE FEVEREIRO DE 2026",106,prorrogacao_prazo,True,False,2026-02-25,2026-02-26,38,,11,Ministério da Cultura/Secretaria de Fomento e Incentivo à Cultura,https://www.in.gov.br/web/dou/-/portaria-sefic/minc-n-106-de-25-de-fevereiro-de-2026-688955242,portaria-sefic/minc-n-106-de-25-de-fevereiro-de-2026-688955242,23,0.0,True,"Homologar a prorrogação do prazo de captação de recursos do(s) projeto(s) cultural(is), relacionado(s) no(s)"
"PORTARIA SEFIC/MINC Nº 107, DE 25 DE FEVEREIRO DE 2026",107,reducao_valor,False,False,2026-02-25,2026-02-26,38,,11,Ministério da Cultura/Secretaria de Fomento e Incentivo à Cultura,https://www.in.gov.br/web/dou/-/portaria-sefic/minc-n-107-de-25-de-fevereiro-de-2026-688965239,portaria-sefic/minc-n-107-de-25-de-fevereiro-de-2026-688965239,16,2529183.46,True,Homologar a redução de valor em favor do(s) projeto(s) cultural(is) relacionado(s) no(s)
"PORTARIA SEFIC/MINC Nº 108, DE 25 DE FEVEREIRO DE 2026",108,alteracao_projeto,False,False,2026-02-25,2026-02-26,38,,12,Ministério da Cultura/Secretaria de Fomento e Incentivo à Cultura,https://www.in.gov.br/web/dou/-/portaria-sefic/minc-n-108-de-25-de-fevereiro-de-2026-688963801,portaria-sefic/minc-n-108-de-25-de-fevereiro-de-2026-688963801,0,,False,"Homologar a(s) alteração(ões) do(s) nome(s) do(s) projeto(s) abaixo relacionado(s): PRONAC: 2411935 - Mostra Musical e Cultural de Raízes Afro-brasileiras na Praia do Cassino, publicado na portaria nº 0855/24 de 04/12/2024, no D.O.U. de 05/12/2024, para Mostra Musical e Cultural de Raízes Afro-brasileiras. PRONAC: 253418 - Tocando um Amanhã Ano III, publicado na portaria nº 0433/25 de 23/06/2025, no D.O.U. de 24/06/2025, para Tocando o Amanhã Ano III."
"PORTARIA SEFIC/MINC Nº 109, DE 26 DE FEVEREIRO DE 2026",109,prorrogacao_prazo,True,False,2026-02-26,2026-02-27,39,,16,Ministério da Cultura/Secretaria de Fomento e Incentivo à Cultura,https://www.in.gov.br/web/dou/-/portaria-sefic/minc-n-109-de-26-de-fevereiro-de-2026-689251196,portaria-sefic/minc-n-109-de-26-de-fevereiro-de-2026-689251196,24,0.0,True,"Homologar a prorrogação do prazo de captação de recursos do(s) projeto(s) cultural(is), relacionado(s) no(s)"
"PORTARIA SEFIC/MINC Nº 110, DE 26 DE FEVEREIRO DE 2026",110,reducao_valor,False,False,2026-02-26,2026-02-27,39,,17,Ministério da Cultura/Secretaria de Fomento e Incentivo à Cultura,https://www.in.gov.br/web/dou/-/portaria-sefic/minc-n-110-de-26-de-fevereiro-de-2026-689260077,portaria-sefic/minc-n-110-de-26-de-fevereiro-de-2026-689260077,7,664907.88,True,Homologar a redução de valor em favor do(s) projeto(s) cultural(is) relacionado(s) no(s)
"PORTARIA SEFIC/MINC Nº 112, DE 3 DE MARÇO DE 2026",112,homologacao_captacao,True,True,2026-03-03,2026-03-04,42,,17,Ministério da Cultura/Secretaria de Fomento e Incentivo à Cultura,https://www.in.gov.br/web/dou/-/portaria-sefic/minc-n-112-de-3-de-marco-de-2026-690199228,portaria-sefic/minc-n-112-de-3-de-marco-de-2026-690199228,65,73220673.59,True,Homologar os projetos culturais relacionados nos
"PORTARIA SEFIC/MINC Nº 113, DE 3 DE MARÇO DE 2026",113,complementacao_valor,True,False,2026-03-03,2026-03-04,42,,22,Ministério da Cultura/Secretaria de Fomento e Incentivo à Cultura,https://www.in.gov.br/web/dou/-/portaria-sefic/minc-n-113-de-3-de-marco-de-2026-690211328,portaria-sefic/minc-n-113-de-3-de-marco-de-2026-690211328,5,6329555.97,True,Homologar a complementação de valor em favor do(s) projeto(s) cultural(is) relacionado(s) no(s)
"PORTARIA SEFIC/MINC Nº 114, DE 3 DE MARÇO DE 2026",114,prorrogacao_prazo,True,False,2026-03-03,2026-03-04,42,,22,Ministério da Cultura/Secretaria de Fomento e Incentivo à Cultura,https://www.in.gov.br/web/dou/-/portaria-sefic/minc-n-114-de-3-de-marco-de-2026-690216765,portaria-sefic/minc-n-114-de-3-de-marco-de-2026-690216765,109,0.0,True,"Homologar a prorrogação do prazo de captação de recursos do(s) projeto(s) cultural(is), relacionado(s) no(s)"
"PORTARIA SEFIC/MINC Nº 115, DE 3 DE MARÇO DE 2026",115,reducao_valor,False,False,2026-03-03,2026-03-04,42,,26,Ministério da Cultura/Secretaria de Fomento e Incentivo à Cultura,https://www.in.gov.br/web/dou/-/portaria-sefic/minc-n-115-de-3-de-marco-de-2026-690210534,portaria-sefic/minc-n-115-de-3-de-marco-de-2026-690210534,2,1689.52,True,Homologar a redução de valor em favor do(s) projeto(s) cultural(is) relacionado(s) no(s)
"PORTARIA SEFIC/MINC Nº 116, DE 4 DE MARÇO DE 2026",116,homologacao_captacao,True,True,2026-03-04,2026-03-05,43,,18,Ministério da Cultura/Secretaria de Fomento e Incentivo à Cultura,https://www.in.gov.br/web/dou/-/portaria-sefic/minc-n-116-de-4-de-marco-de-2026-690546088,portaria-sefic/minc-n-116-de-4-de-marco-de-2026-690546088,189,189105733.03,True,Homologar os projetos culturais relacionados nos
"PORTARIA SEFIC/MINC Nº 117, DE 4 DE MARÇO DE 2026",117,complementacao_valor,True,False,2026-03-04,2026-03-05,43,,30,Ministério da Cultura/Secretaria de Fomento e Incentivo à Cultura,https://www.in.gov.br/web/dou/-/portaria-sefic/minc-n-117-de-4-de-marco-de-2026-690556050,portaria-sefic/minc-n-117-de-4-de-marco-de-2026-690556050,8,3529837.56,True,Homologar a complementação de valor em favor do(s) projeto(s) cultural(is) relacionado(s) no(s)
"PORTARIA SEFIC/MINC Nº 118, DE 4 DE MARÇO DE 2026",118,prorrogacao_prazo,True,False,2026-03-04,2026-03-05,43,,31,Ministério da Cultura/Secretaria de Fomento e Incentivo à Cultura,https://www.in.gov.br/web/dou/-/portaria-sefic/minc-n-118-de-4-de-marco-de-2026-690532424,portaria-sefic/minc-n-118-de-4-de-marco-de-2026-690532424,10,0.0,True,"Homologar a prorrogação do prazo de captação de recursos do(s) projeto(s) cultural(is), relacionado(s) no(s)"
"PORTARIA SEFIC/MINC Nº 119, DE 4 DE MARÇO DE 2026",119,reducao_valor,False,False,2026-03-04,2026-03-05,43,,31,Ministério da Cultura/Secretaria de Fomento e Incentivo à Cultura,https://www.in.gov.br/web/dou/-/portaria-sefic/minc-n-119-de-4-de-marco-de-2026-690547674,portaria-sefic/minc-n-119-de-4-de-marco-de-2026-690547674,16,2971018.49,True,Homologar a redução de valor em favor do(s) projeto(s) cultural(is) relacionado(s) no(s)
"PORTARIA SEFIC/MINC Nº 120, DE 5 DE MARÇO DE 2026",120,complementacao_valor,True,False,2026-03-05,2026-03-06,44,,10,Ministério da Cultura/Secretaria de Fomento e Incentivo à Cultura,https://www.in.gov.br/web/dou/-/portaria-sefic/minc-n-120-de-5-de-marco-de-2026-690852064,portaria-sefic/minc-n-120-de-5-de-marco-de-2026-690852064,6,7988931.14,True,Homologar a complementação de valor em favor do(s) projeto(s) cultural(is) relacionado(s) no(s)
"PORTARIA SEFIC/MINC Nº 121, DE 5 DE MARÇO DE 2026",121,prorrogacao_prazo,True,False,2026-03-05,2026-03-06,44,,10,Ministério da Cultura/Secretaria de Fomento e Incentivo à Cultura,https://www.in.gov.br/web/dou/-/portaria-sefic/minc-n-121-de-5-de-marco-de-2026-690834656,portaria-sefic/minc-n-121-de-5-de-marco-de-2026-690834656,5,0.0,True,"Homologar a prorrogação do prazo de captação de recursos do(s) projeto(s) cultural(is), relacionado(s) no(s)"
"PORTARIA SEFIC/MINC Nº 122, DE 5 DE MARÇO DE 2026",122,reducao_valor,False,False,2026-03-05,2026-03-06,44,,10,Ministério da Cultura/Secretaria de Fomento e Incentivo à Cultura,https://www.in.gov.br/web/dou/-/portaria-sefic/minc-n-122-de-5-de-marco-de-2026-690830507,portaria-sefic/minc-n-122-de-5-de-marco-de-2026-690830507,1,97396.2,True,Homologar a redução de valor em favor do(s) projeto(s) cultural(is) relacionado(s) no(s)
"PORTARIA SEFIC/MINC Nº 123, DE 10 DE MARÇO DE 2026",123,homologacao_captacao,True,True,2026-03-10,2026-03-11,47,,9,Ministério da Cultura/Secretaria de Fomento e Incentivo à Cultura,https://www.in.gov.br/web/dou/-/portaria-sefic/minc-n-123-de-10-de-marco-de-2026-691798342,portaria-sefic/minc-n-123-de-10-de-marco-de-2026-691798342,92,69473405.59,True,Homologar os projetos culturais relacionados nos
"PORTARIA SEFIC/MINC Nº 124, DE 10 DE MARÇO DE 2026",124,complementacao_valor,True,False,2026-03-10,2026-03-11,47,,16,Ministério da Cultura/Secretaria de Fomento e Incentivo à Cultura,https://www.in.gov.br/web/dou/-/portaria-sefic/minc-n-124-de-10-de-marco-de-2026-691795901,portaria-sefic/minc-n-124-de-10-de-marco-de-2026-691795901,4,105546.11,True,Homologar a complementação de valor em favor do(s) projeto(s) cultural(is) relacionado(s) no(s)
"PORTARIA SEFIC/MINC Nº 125, DE 10 DE MARÇO DE 2026",125,prorrogacao_prazo,True,False,2026-03-10,2026-03-11,47,,16,Ministério da Cultura/Secretaria de Fomento e Incentivo à Cultura,https://www.in.gov.br/web/dou/-/portaria-sefic/minc-n-125-de-10-de-marco-de-2026-691789079,portaria-sefic/minc-n-125-de-10-de-marco-de-2026-691789079,46,0.0,True,"Homologar a prorrogação do prazo de captação de recursos do(s) projeto(s) cultural(is), relacionado(s) no(s)"
"PORTARIA SEFIC/MINC Nº 126, DE 10 DE MARÇO DE 2026",126,reducao_valor,False,False,2026-03-10,2026-03-11,47,,17,Ministério da Cultura/Secretaria de Fomento e Incentivo à Cultura,https://www.in.gov.br/web/dou/-/portaria-sefic/minc-n-126-de-10-de-marco-de-2026-691789589,portaria-sefic/minc-n-126-de-10-de-marco-de-2026-691789589,10,1196580.99,True,Homologar a redução de valor em favor do(s) projeto(s) cultural(is) relacionado(s) no(s)
"PORTARIA SEFIC/MINC Nº 127, DE 10 DE MARÇO DE 2026",127,alteracao_projeto,False,False,2026-03-10,2026-03-11,47,,18,Ministério da Cultura/Secretaria de Fomento e Incentivo à Cultura,https://www.in.gov.br/web/dou/-/portaria-sefic/minc-n-127-de-10-de-marco-de-2026-691785196,portaria-sefic/minc-n-127-de-10-de-marco-de-2026-691785196,0,,False,"Homologar a(s) alteração(ões) do(s) nome(s) do(s) projeto(s) abaixo relacionado(s): PRONAC: 2413689 - Maria Pérola - Gravação EP e Circulação de Shows , publicado na portaria nº 0878/24 de 11/12/2024, no D.O.U. de 12/12/2024, para Maria Pérola - Circulação de shows. PRONAC: 2511892 - Espetáculo Inventor de Sutilezas, publicado na portaria nº 0812/25 de 05/12/2025, no D.O.U. de 08/12/2025, para Espetáculo Inventor de Inutilezas. PRONAC: 257576 - Costura e Patrimônio - Tecendo Saberes e Histórias, publicado na portaria nº 0676/25 de 06/10/2025, no D.O.U. de 07/10/2025, para Maria Anselmi | Projeto Tecer. PRONAC: 243975 - ITAPEBUSSU 2024 - FÉ, CULTURA E TRADIÇÃO., publicado na portaria nº 0393/24 de 07/06/2024, no D.O.U. de 10/06/2024, para ITAPEBUSSU - FÉ, CULTURA E TRADIÇÃO.. PRONAC: 232099 - Exposição Diálogo no Escuro 2024 , publicado na portaria nº 0412/23 de 24/07/2023, no D.O.U. de 25/07/2023, para Exposição Diálogo no Escuro."
"PORTARIA SEFIC/MINC Nº 128, DE 11 DE MARÇO DE 2026",128,homologacao_captacao,True,True,2026-03-11,2026-03-12,48,,18,Ministério da Cultura/Secretaria de Fomento e Incentivo à Cultura,https://www.in.gov.br/web/dou/-/portaria-sefic/minc-n-128-de-11-de-marco-de-2026-692088752,portaria-sefic/minc-n-128-de-11-de-marco-de-2026-692088752,24,16157836.010000002,True,Homologar os projetos culturais relacionados nos
"PORTARIA SEFIC/MINC Nº 129, DE 11 DE MARÇO DE 2026",129,complementacao_valor,True,False,2026-03-11,2026-03-12,48,,20,Ministério da Cultura/Secretaria de Fomento e Incentivo à Cultura,https://www.in.gov.br/web/dou/-/portaria-sefic/minc-n-129-de-11-de-marco-de-2026-692098506,portaria-sefic/minc-n-129-de-11-de-marco-de-2026-692098506,14,3655068.0500000003,True,Homologar a complementação de valor em favor do(s) projeto(s) cultural(is) relacionado(s) no(s)
"PORTARIA SEFIC/MINC Nº 130, DE 11 DE MARÇO DE 2026",130,prorrogacao_prazo,True,False,2026-03-11,2026-03-12,48,,21,Ministério da Cultura/Secretaria de Fomento e Incentivo à Cultura,https://www.in.gov.br/web/dou/-/portaria-sefic/minc-n-130-de-11-de-marco-de-2026-692100429,portaria-sefic/minc-n-130-de-11-de-marco-de-2026-692100429,11,0.0,True,"Homologar a prorrogação do prazo de captação de recursos do(s) projeto(s) cultural(is), relacionado(s) no(s)"
"PORTARIA SEFIC/MINC Nº 131, DE 11 DE MARÇO DE 2026",131,reducao_valor,False,False,2026-03-11,2026-03-12,48,,21,Ministério da Cultura/Secretaria de Fomento e Incentivo à Cultura,https://www.in.gov.br/web/dou/-/portaria-sefic/minc-n-131-de-11-de-marco-de-2026-692102254,portaria-sefic/minc-n-131-de-11-de-marco-de-2026-692102254,27,7298020.16,True,Homologar a redução de valor em favor do(s) projeto(s) cultural(is) relacionado(s) no(s)
"PORTARIA SEFIC/MINC Nº 132, DE 12 DE MARÇO DE 2026",132,homologacao_captacao,True,True,2026-03-12,2026-03-13,49,,28,Ministério da Cultura/Secretaria de Fomento e Incentivo à Cultura,https://www.in.gov.br/web/dou/-/portaria-sefic/minc-n-132-de-12-de-marco-de-2026-692424523,portaria-sefic/minc-n-132-de-12-de-marco-de-2026-692424523,31,36920158.589999996,True,Homologar os projetos culturais relacionados nos
"PORTARIA SEFIC/MINC Nº 133, DE 12 DE MARÇO DE 2026",133,complementacao_valor,True,False,2026-03-12,2026-03-13,49,,30,Ministério da Cultura/Secretaria de Fomento e Incentivo à Cultura,https://www.in.gov.br/web/dou/-/portaria-sefic/minc-n-133-de-12-de-marco-de-2026-692422526,portaria-sefic/minc-n-133-de-12-de-marco-de-2026-692422526,10,5195605.38,True,Homologar a complementação de valor em favor do(s) projeto(s) cultural(is) relacionado(s) no(s)
"PORTARIA SEFIC/MINC Nº 134, DE 12 DE MARÇO DE 2026",134,prorrogacao_prazo,True,False,2026-03-12,2026-03-13,49,,30,Ministério da Cultura/Secretaria de Fomento e Incentivo à Cultura,https://www.in.gov.br/web/dou/-/portaria-sefic/minc-n-134-de-12-de-marco-de-2026-692404656,portaria-sefic/minc-n-134-de-12-de-marco-de-2026-692404656,8,0.0,True,"Homologar a prorrogação do prazo de captação de recursos do(s) projeto(s) cultural(is), relacionado(s) no(s)"
"PORTARIA SEFIC/MINC Nº 135, DE 12 DE MARÇO DE 2026",135,reducao_valor,False,False,2026-03-12,2026-03-13,49,,30,Ministério da Cultura/Secretaria de Fomento e Incentivo à Cultura,https://www.in.gov.br/web/dou/-/portaria-sefic/minc-n-135-de-12-de-marco-de-2026-692419343,portaria-sefic/minc-n-135-de-12-de-marco-de-2026-692419343,55,25728989.790000003,True,Homologar a redução de valor em favor do(s) projeto(s) cultural(is) relacionado(s) no(s)
"PORTARIA SEFIC/MINC Nº 136, DE 12 DE MARÇO DE 2026",136,alteracao_projeto,False,False,2026-03-12,2026-03-13,49,,33,Ministério da Cultura/Secretaria de Fomento e Incentivo à Cultura,https://www.in.gov.br/web/dou/-/portaria-sefic/minc-n-136-de-12-de-marco-de-2026-692416681,portaria-sefic/minc-n-136-de-12-de-marco-de-2026-692416681,0,,False,"Homologar a(s) alteração(ões) do(s) resumo(s) do(s) projeto(s) abaixo relacionado(s): PRONAC: 244657 - Coleção FAMA [titulo provisório], publicado na portaria nº 0433/24 de 21/06/2024, no D.O.U. de 24/06/2024. Onde se lê: O projeto de livro COLEÇÃO FAMA [título provisório] visa a curadoria, edição e publicação de 1.500 exemplares de livro bilíngue sobre coleção do Museu FAMA - Fábrica de Arte Marcos Amaro. Apublicação apresentará um inédito recorte do acervo pertencente à Fundação Marcos Amaro, considerado um dos maiores museus da America Latina. O livro será amplamente divulgado e distribuído para comercialização com alcance em todo território nacional, além de contar com distribuição gratuita para bibliotecas de todo o país. Leia-se: O projeto de livro intitulado FAMA, Museu visa a curadoria, edição e publicação de 1.500 exemplares de livro bilíngue sobre coleção do Museu FAMA - Fábrica de Arte Marcos Amaro. Apublicação apresentará um inédito recorte do acervo pertencente à Fundação Marcos Amaro, considerado um dos maiores museus da America Latina. O livro será amplamente divulgado e distribuído para comercialização com alcance em todo território nacional, além de contar com distribuição gratuita para bibliotecas de todo o país. PRONAC: 234663 - Plano Plurianual de Atividades do Museu das Minas e do Metal - 2024 a 2026, publicado na portaria nº 0605/23 de 16/10/2023, no D.O.U. de 17/10/2023. Onde se lê: A proposta visa garantir os recursos necessários à execução do conjunto de atividades do MM Gerdau - Museu das Minas e do Metal programadas para os anos de 2024, 2025 e 2026 referente aos seus programas Educativo, Artístico, Cultural e de Salvaguarda do Patrimônio Cultural, que engloba o acervo e a edificação histórica tombada que o abriga, além do funcionamento e contratação de projetos de renovação das exposições tecnológicas permanentes e aquisição de acervo, contemplando itens concernentes a recursos humanos, materiais, equipamentos, projetos e serviços que viabilizem o seu pleno funcionamento, e, por conseguinte, a excelência de seus serviços e atendimento ao público. Leia-se: A proposta visa garantir os recursos necessários à execução do conjunto de atividades do MM Gerdau - Museu das Minas e do Metal programadas para os anos de 2024, 2025, 2026 e 2027 referente aos seus programas Educativo, Artístico, Cultural e de Salvaguarda do Patrimônio Cultural, que engloba o acervo e a edificação histórica tombada que o abriga, além do funcionamento e contratação de projetos de renovação das exposições tecnológicas permanentes e aquisição de acervo, contemplando itens concernentes a recursos humanos, materiais, equipamentos, projetos e serviços que viabilizem o seu pleno funcionamento, e, por conseguinte, a excelência de seus serviços e atendimento ao público."
"PORTARIA SEFIC/MINC Nº 137, DE 11 DE MARÇO DE 2026",137,outra,False,False,2026-03-11,2026-03-13,49,,33,Ministério da Cultura/Secretaria de Fomento e Incentivo à Cultura,https://www.in.gov.br/web/dou/-/portaria-sefic/minc-n-137-de-11-de-marco-de-2026-692401302,portaria-sefic/minc-n-137-de-11-de-marco-de-2026-692401302,0,,False,"Tornar público os descredenciamentos dos peritos do Banco de Pareceristas da Secretaria de Fomento e Incentivo à Cultura, a pedido, conforme disposto no Art. 4º da Instrução Normativa MinC nº 31, de 31 de janeiro de 2026, o qual foi habilitado por meio do Edital de Chamamento Público SEFIC/MinC nº 2/2023, nas áreas e segmentos constantes no"
"PORTARIA SEFIC/MINC Nº 138, DE 13 DE MARÇO DE 2026",138,prorrogacao_prazo,True,False,2026-03-13,2026-03-16,50,,56,Ministério da Cultura/Secretaria de Fomento e Incentivo à Cultura,https://www.in.gov.br/web/dou/-/portaria-sefic/minc-n-138-de-13-de-marco-de-2026-692751684,portaria-sefic/minc-n-138-de-13-de-marco-de-2026-692751684,11,0.0,True,"Homologar a prorrogação do prazo de captação de recursos do(s) projeto(s) cultural(is), relacionado(s) no(s)"
"PORTARIA SEFIC/MINC Nº 139, DE 16 DE MARÇO DE 2026",139,homologacao_captacao,True,True,2026-03-16,2026-03-17,51,,18,Ministério da Cultura/Secretaria de Fomento e Incentivo à Cultura,https://www.in.gov.br/web/dou/-/portaria-sefic/minc-n-139-de-16-de-marco-de-2026-693128471,portaria-sefic/minc-n-139-de-16-de-marco-de-2026-693128471,74,124724378.45,True,Homologar os projetos culturais relacionados nos
"PORTARIA SEFIC/MINC Nº 140, DE 16 DE MARÇO DE 2026",140,complementacao_valor,True,False,2026-03-16,2026-03-17,51,,23,Ministério da Cultura/Secretaria de Fomento e Incentivo à Cultura,https://www.in.gov.br/web/dou/-/portaria-sefic/minc-n-140-de-16-de-marco-de-2026-693130630,portaria-sefic/minc-n-140-de-16-de-marco-de-2026-693130630,9,14886617.829999998,True,Homologar a complementação de valor em favor do(s) projeto(s) cultural(is) relacionado(s) no(s)
"PORTARIA SEFIC/MINC Nº 141, DE 16 DE MARÇO DE 2026",141,prorrogacao_prazo,True,False,2026-03-16,2026-03-17,51,,24,Ministério da Cultura/Secretaria de Fomento e Incentivo à Cultura,https://www.in.gov.br/web/dou/-/portaria-sefic/minc-n-141-de-16-de-marco-de-2026-693106100,portaria-sefic/minc-n-141-de-16-de-marco-de-2026-693106100,37,0.0,True,"Homologar a prorrogação do prazo de captação de recursos do(s) projeto(s) cultural(is), relacionado(s) no(s)"
"PORTARIA SEFIC/MINC Nº 142, DE 16 DE MARÇO DE 2026",142,reducao_valor,False,False,2026-03-16,2026-03-17,51,,25,Ministério da Cultura/Secretaria de Fomento e Incentivo à Cultura,https://www.in.gov.br/web/dou/-/portaria-sefic/minc-n-142-de-16-de-marco-de-2026-693131667,portaria-sefic/minc-n-142-de-16-de-marco-de-2026-693131667,17,3620257.7,True,Homologar a redução de valor em favor do(s) projeto(s) cultural(is) relacionado(s) no(s)
"PORTARIA SEFIC/MINC N.º 143, DE 17 DE MARÇO DE 2026",143,homologacao_captacao,True,True,2026-03-17,2026-03-18,52,,10,Ministério da Cultura/Secretaria de Fomento e Incentivo à Cultura,https://www.in.gov.br/web/dou/-/portaria-sefic/minc-n.-143-de-17-de-marco-de-2026-693464903,portaria-sefic/minc-n.-143-de-17-de-marco-de-2026-693464903,103,114347740.55,True,Homologar os projetos culturais relacionados nos
"PORTARIA SEFIC/MINC Nº 144, DE 17 DE MARÇO DE 2026",144,complementacao_valor,True,False,2026-03-17,2026-03-18,52,,17,Ministério da Cultura/Secretaria de Fomento e Incentivo à Cultura,https://www.in.gov.br/web/dou/-/portaria-sefic/minc-n-144-de-17-de-marco-de-2026-693454288,portaria-sefic/minc-n-144-de-17-de-marco-de-2026-693454288,23,9561556.14,True,Homologar a complementação de valor em favor do(s) projeto(s) cultural(is) relacionado(s) no(s)
"PORTARIA SEFIC/MINC Nº 145, DE 17 DE MARÇO DE 2026",145,prorrogacao_prazo,True,False,2026-03-17,2026-03-18,52,,18,Ministério da Cultura/Secretaria de Fomento e Incentivo à Cultura,https://www.in.gov.br/web/dou/-/portaria-sefic/minc-n-145-de-17-de-marco-de-2026-693461061,portaria-sefic/minc-n-145-de-17-de-marco-de-2026-693461061,4,0.0,True,"Homologar a prorrogação do prazo de captação de recursos do(s) projeto(s) cultural(is), relacionado(s) no(s)"
"PORTARIA SEFIC/MINC Nº 146, DE 17 DE MARÇO DE 2026",146,reducao_valor,False,False,2026-03-17,2026-03-18,52,,18,Ministério da Cultura/Secretaria de Fomento e Incentivo à Cultura,https://www.in.gov.br/web/dou/-/portaria-sefic/minc-n-146-de-17-de-marco-de-2026-693454608,portaria-sefic/minc-n-146-de-17-de-marco-de-2026-693454608,77,12207265.83,True,Homologar a redução de valor em favor do(s) projeto(s) cultural(is) relacionado(s) no(s)
"PORTARIA SEFIC/MINC Nº 147, DE 17 DE MARÇO DE 2026",147,alteracao_projeto,False,False,2026-03-17,2026-03-18,52,,21,Ministério da Cultura/Secretaria de Fomento e Incentivo à Cultura,https://www.in.gov.br/web/dou/-/portaria-sefic/minc-n-147-de-17-de-marco-de-2026-693444582,portaria-sefic/minc-n-147-de-17-de-marco-de-2026-693444582,10,0.0,True,Autorizar a alteração dos projetos culturais relacionados nos
"PORTARIA SEFIC/MINC Nº 148, DE 18 DE MARÇO DE 2026",148,homologacao_captacao,True,True,2026-03-18,2026-03-19,53,,8,Ministério da Cultura/Secretaria de Fomento e Incentivo à Cultura,https://www.in.gov.br/web/dou/-/portaria-sefic/minc-n-148-de-18-de-marco-de-2026-693781233,portaria-sefic/minc-n-148-de-18-de-marco-de-2026-693781233,56,43460555.16,True,Homologar os projetos culturais relacionados nos
"PORTARIA SEFIC/MINC Nº 149, DE 18 DE MARÇO DE 2026",149,complementacao_valor,True,False,2026-03-18,2026-03-19,53,,12,Ministério da Cultura/Secretaria de Fomento e Incentivo à Cultura,https://www.in.gov.br/web/dou/-/portaria-sefic/minc-n-149-de-18-de-marco-de-2026-693798820,portaria-sefic/minc-n-149-de-18-de-marco-de-2026-693798820,10,1705850.18,True,Homologar a complementação de valor em favor do(s) projeto(s) cultural(is) relacionado(s) no(s)
"PORTARIA SEFIC/MINC Nº 150, DE 18 DE MARÇO DE 2026",150,prorrogacao_prazo,True,False,2026-03-18,2026-03-19,53,,12,Ministério da Cultura/Secretaria de Fomento e Incentivo à Cultura,https://www.in.gov.br/web/dou/-/portaria-sefic/minc-n-150-de-18-de-marco-de-2026-693795859,portaria-sefic/minc-n-150-de-18-de-marco-de-2026-693795859,21,0.0,True,"Homologar a prorrogação do prazo de captação de recursos do(s) projeto(s) cultural(is), relacionado(s) no(s)"
"PORTARIA SEFIC/MINC N.º 151, DE 18 DE MARÇO DE 2026",151,reducao_valor,False,False,2026-03-18,2026-03-19,53,,13,Ministério da Cultura/Secretaria de Fomento e Incentivo à Cultura,https://www.in.gov.br/web/dou/-/portaria-sefic/minc-n.-151-de-18-de-marco-de-2026-693799940,portaria-sefic/minc-n.-151-de-18-de-marco-de-2026-693799940,15,3842489.48,True,Homologar a redução de valor em favor do(s) projeto(s) cultural(is) relacionado(s) no(s)
"PORTARIA SEFIC/MINC Nº 152, DE 18 DE MARÇO DE 2026",152,alteracao_projeto,False,False,2026-03-18,2026-03-19,53,,13,Ministério da Cultura/Secretaria de Fomento e Incentivo à Cultura,https://www.in.gov.br/web/dou/-/portaria-sefic/minc-n-152-de-18-de-marco-de-2026-693787284,portaria-sefic/minc-n-152-de-18-de-marco-de-2026-693787284,2,0.0,True,Autorizar a alteração dos projetos culturais relacionados nos
"PORTARIA SEFIC/MINC Nº 153, DE 19 DE MARÇO DE 2026",153,homologacao_captacao,True,True,2026-03-19,2026-03-20,54,,10,Ministério da Cultura/Secretaria de Fomento e Incentivo à Cultura,https://www.in.gov.br/web/dou/-/portaria-sefic/minc-n-153-de-19-de-marco-de-2026-694434468,portaria-sefic/minc-n-153-de-19-de-marco-de-2026-694434468,30,37990090.300000004,True,Homologar os projetos culturais relacionados nos
"PORTARIA SEFIC/MINC Nº 154, DE 19 DE MARÇO DE 2026",154,complementacao_valor,True,False,2026-03-19,2026-03-20,54,,12,Ministério da Cultura/Secretaria de Fomento e Incentivo à Cultura,https://www.in.gov.br/web/dou/-/portaria-sefic/minc-n-154-de-19-de-marco-de-2026-694425920,portaria-sefic/minc-n-154-de-19-de-marco-de-2026-694425920,4,1662776.18,True,Homologar a complementação de valor em favor do(s) projeto(s) cultural(is) relacionado(s) no(s)
"PORTARIA SEFIC/MINC Nº 155, DE 19 DE MARÇO DE 2026",155,reducao_valor,False,False,2026-03-19,2026-03-20,54,,12,Ministério da Cultura/Secretaria de Fomento e Incentivo à Cultura,https://www.in.gov.br/web/dou/-/portaria-sefic/minc-n-155-de-19-de-marco-de-2026-694441773,portaria-sefic/minc-n-155-de-19-de-marco-de-2026-694441773,42,10004887.08,True,Homologar a redução de valor em favor do(s) projeto(s) cultural(is) relacionado(s) no(s)
"PORTARIA SEFIC/MINC Nº 156, DE 20 DE MARÇO DE 2026",156,complementacao_valor,True,False,2026-03-20,2026-03-23,55,,18,Ministério da Cultura/Secretaria de Fomento e Incentivo à Cultura,https://www.in.gov.br/web/dou/-/portaria-sefic/minc-n-156-de-20-de-marco-de-2026-694459173,portaria-sefic/minc-n-156-de-20-de-marco-de-2026-694459173,1,1212921.0,True,Homologar a complementação de valor em favor do(s) projeto(s) cultural(is) relacionado(s) no(s)
"PORTARIA SEFIC/MINC Nº 157, DE 20 DE MARÇO DE 2026",157,prorrogacao_prazo,True,False,2026-03-20,2026-03-23,55,,18,Ministério da Cultura/Secretaria de Fomento e Incentivo à Cultura,https://www.in.gov.br/web/dou/-/portaria-sefic/minc-n-157-de-20-de-marco-de-2026-694458034,portaria-sefic/minc-n-157-de-20-de-marco-de-2026-694458034,13,0.0,True,"Homologar a prorrogação do prazo de captação de recursos do(s) projeto(s) cultural(is), relacionado(s) no(s)"
"PORTARIA SEFIC/MINC Nº 158, DE 20 DE MARÇO DE 2026",158,reducao_valor,False,False,2026-03-20,2026-03-23,55,,18,Ministério da Cultura/Secretaria de Fomento e Incentivo à Cultura,https://www.in.gov.br/web/dou/-/portaria-sefic/minc-n-158-de-20-de-marco-de-2026-694479971,portaria-sefic/minc-n-158-de-20-de-marco-de-2026-694479971,5,468730.22000000003,True,Homologar a redução de valor em favor do(s) projeto(s) cultural(is) relacionado(s) no(s)
"PORTARIA SEFIC/MINC Nº 159, DE 20 DE MARÇO DE 2026",159,alteracao_projeto,False,False,2026-03-20,2026-03-23,55,,19,Ministério da Cultura/Secretaria de Fomento e Incentivo à Cultura,https://www.in.gov.br/web/dou/-/portaria-sefic/minc-n-159-de-20-de-marco-de-2026-694478181,portaria-sefic/minc-n-159-de-20-de-marco-de-2026-694478181,4,0.0,True,Autorizar a alteração dos projetos culturais relacionados nos
"PORTARIA SEFIC/MINC Nº 160, DE 23 DE MARÇO DE 2026",160,homologacao_captacao,True,True,2026-03-23,2026-03-24,56,,17,Ministério da Cultura/Secretaria de Fomento e Incentivo à Cultura,https://www.in.gov.br/web/dou/-/portaria-sefic/minc-n-160-de-23-de-marco-de-2026-694789581,portaria-sefic/minc-n-160-de-23-de-marco-de-2026-694789581,67,66545008.06,True,Homologar os projetos culturais relacionados nos
"PORTARIA SEFIC/MINC Nº 161, DE 23 DE MARÇO DE 2026",161,complementacao_valor,True,False,2026-03-23,2026-03-24,56,,22,Ministério da Cultura/Secretaria de Fomento e Incentivo à Cultura,https://www.in.gov.br/web/dou/-/portaria-sefic/minc-n-161-de-23-de-marco-de-2026-694779014,portaria-sefic/minc-n-161-de-23-de-marco-de-2026-694779014,5,689096.2,True,Homologar a complementação de valor em favor do(s) projeto(s) cultural(is) relacionado(s) no(s)
"PORTARIA SEFIC/MINC Nº 162, DE 23 DE MARÇO DE 2026",162,prorrogacao_prazo,True,False,2026-03-23,2026-03-24,56,,22,Ministério da Cultura/Secretaria de Fomento e Incentivo à Cultura,https://www.in.gov.br/web/dou/-/portaria-sefic/minc-n-162-de-23-de-marco-de-2026-694795657,portaria-sefic/minc-n-162-de-23-de-marco-de-2026-694795657,32,0.0,True,"Homologar a prorrogação do prazo de captação de recursos do(s) projeto(s) cultural(is), relacionado(s) no(s)"
"PORTARIA SEFIC/MINC N.º 163, DE 23 DE MARÇO DE 2026",163,reducao_valor,False,False,2026-03-23,2026-03-24,56,,23,Ministério da Cultura/Secretaria de Fomento e Incentivo à Cultura,https://www.in.gov.br/web/dou/-/portaria-sefic/minc-n.-163-de-23-de-marco-de-2026-694794381,portaria-sefic/minc-n.-163-de-23-de-marco-de-2026-694794381,13,10353759.24,True,Homologar a redução de valor em favor do(s) projeto(s) cultural(is) relacionado(s) no(s)
"PORTARIA SEFIC/MINC Nº 164, DE 23 DE MARÇO DE 2026",164,alteracao_projeto,False,False,2026-03-23,2026-03-24,56,,23,Ministério da Cultura/Secretaria de Fomento e Incentivo à Cultura,https://www.in.gov.br/web/dou/-/portaria-sefic/minc-n-164-de-23-de-marco-de-2026-694803389,portaria-sefic/minc-n-164-de-23-de-marco-de-2026-694803389,4,0.0,True,Autorizar a alteração dos projetos culturais relacionados nos
"PORTARIA SEFIC/MINC N.º 165, DE 24 DE MARÇO DE 2026",165,homologacao_captacao,True,True,2026-03-24,2026-03-25,57,,30,Ministério da Cultura/Secretaria de Fomento e Incentivo à Cultura,https://www.in.gov.br/web/dou/-/portaria-sefic/minc-n.-165-de-24-de-marco-de-2026-695073580,portaria-sefic/minc-n.-165-de-24-de-marco-de-2026-695073580,55,58489310.97,True,Homologar os projetos culturais relacionados nos
"PORTARIA SEFIC/MINC Nº 166, DE 24 DE MARÇO DE 2026",166,complementacao_valor,True,False,2026-03-24,2026-03-25,57,,34,Ministério da Cultura/Secretaria de Fomento e Incentivo à Cultura,https://www.in.gov.br/web/dou/-/portaria-sefic/minc-n-166-de-24-de-marco-de-2026-695052348,portaria-sefic/minc-n-166-de-24-de-marco-de-2026-695052348,1,520.83,True,Homologar a complementação de valor em favor do(s) projeto(s) cultural(is) relacionado(s) no(s)
"PORTARIA SEFIC/MINC Nº 167, DE 24 DE MARÇO DE 2026",167,prorrogacao_prazo,True,False,2026-03-24,2026-03-25,57,,34,Ministério da Cultura/Secretaria de Fomento e Incentivo à Cultura,https://www.in.gov.br/web/dou/-/portaria-sefic/minc-n-167-de-24-de-marco-de-2026-695056341,portaria-sefic/minc-n-167-de-24-de-marco-de-2026-695056341,9,0.0,True,"Homologar a prorrogação do prazo de captação de recursos do(s) projeto(s) cultural(is), relacionado(s) no(s)"
"PORTARIA SEFIC/MINC Nº 168, DE 24 DE MARÇO DE 2026",168,reducao_valor,False,False,2026-03-24,2026-03-25,57,,35,Ministério da Cultura/Secretaria de Fomento e Incentivo à Cultura,https://www.in.gov.br/web/dou/-/portaria-sefic/minc-n-168-de-24-de-marco-de-2026-695051976,portaria-sefic/minc-n-168-de-24-de-marco-de-2026-695051976,13,1832561.77,True,Homologar a redução de valor em favor do(s) projeto(s) cultural(is) relacionado(s) no(s)
"PORTARIA SEFIC/MINC Nº 169, DE 24 DE MARÇO DE 2026",169,alteracao_projeto,False,False,2026-03-24,2026-03-25,57,,35,Ministério da Cultura/Secretaria de Fomento e Incentivo à Cultura,https://www.in.gov.br/web/dou/-/portaria-sefic/minc-n-169-de-24-de-marco-de-2026-695048228,portaria-sefic/minc-n-169-de-24-de-marco-de-2026-695048228,2,0.0,True,Autorizar a alteração dos projetos culturais relacionados nos
"PORTARIA SEFIC/MINC Nº 170, DE 25 DE MARÇO DE 2026",170,complementacao_valor,True,False,2026-03-25,2026-03-26,58,,22,Ministério da Cultura/Secretaria de Fomento e Incentivo à Cultura,https://www.in.gov.br/web/dou/-/portaria-sefic/minc-n-170-de-25-de-marco-de-2026-695452100,portaria-sefic/minc-n-170-de-25-de-marco-de-2026-695452100,1,425452.5,True,Homologar a complementação de valor em favor do(s) projeto(s) cultural(is) relacionado(s) no(s)
"PORTARIA SEFIC/MINC Nº 171, DE 25 DE MARÇO DE 2026",171,prorrogacao_prazo,True,False,2026-03-25,2026-03-26,58,,22,Ministério da Cultura/Secretaria de Fomento e Incentivo à Cultura,https://www.in.gov.br/web/dou/-/portaria-sefic/minc-n-171-de-25-de-marco-de-2026-695446256,portaria-sefic/minc-n-171-de-25-de-marco-de-2026-695446256,28,0.0,True,"Homologar a prorrogação do prazo de captação de recursos do(s) projeto(s) cultural(is), relacionado(s) no(s)"
"PORTARIA SEFIC/MINC Nº 172, DE 25 DE MARÇO DE 2026",172,alteracao_projeto,False,False,2026-03-25,2026-03-26,58,,23,Ministério da Cultura/Secretaria de Fomento e Incentivo à Cultura,https://www.in.gov.br/web/dou/-/portaria-sefic/minc-n-172-de-25-de-marco-de-2026-695459199,portaria-sefic/minc-n-172-de-25-de-marco-de-2026-695459199,1,0.0,True,Autorizar a alteração dos projetos culturais relacionados nos
"PORTARIA SEFIC/MINC Nº 173, DE 26 DE MARÇO DE 2026",173,homologacao_captacao,True,True,2026-03-26,2026-03-27,59,,24,Ministério da Cultura/Secretaria de Fomento e Incentivo à Cultura,https://www.in.gov.br/web/dou/-/portaria-sefic/minc-n-173-de-26-de-marco-de-2026-696029961,portaria-sefic/minc-n-173-de-26-de-marco-de-2026-696029961,45,37091472.18,True,Homologar os projetos culturais relacionados nos
"PORTARIA SEFIC/MINC Nº 174, DE 26 DE MARÇO DE 2026",174,complementacao_valor,True,False,2026-03-26,2026-03-27,59,,27,Ministério da Cultura/Secretaria de Fomento e Incentivo à Cultura,https://www.in.gov.br/web/dou/-/portaria-sefic/minc-n-174-de-26-de-marco-de-2026-696044503,portaria-sefic/minc-n-174-de-26-de-marco-de-2026-696044503,1,17849.7,True,Homologar a complementação de valor em favor do(s) projeto(s) cultural(is) relacionado(s) no(s)
"PORTARIA SEFIC/MINC Nº 175, DE 26 DE MARÇO DE 2026",175,reducao_valor,False,False,2026-03-26,2026-03-27,59,,27,Ministério da Cultura/Secretaria de Fomento e Incentivo à Cultura,https://www.in.gov.br/web/dou/-/portaria-sefic/minc-n-175-de-26-de-marco-de-2026-696040685,portaria-sefic/minc-n-175-de-26-de-marco-de-2026-696040685,5,444658.61,True,Homologar a redução de valor em favor do(s) projeto(s) cultural(is) relacionado(s) no(s)
"PORTARIA SEFIC/MINC Nº 176, DE 26 DE MARÇO DE 2026",176,prorrogacao_prazo,True,False,2026-03-26,2026-03-27,59,,28,Ministério da Cultura/Secretaria de Fomento e Incentivo à Cultura,https://www.in.gov.br/web/dou/-/portaria-sefic/minc-n-176-de-26-de-marco-de-2026-696027099,portaria-sefic/minc-n-176-de-26-de-marco-de-2026-696027099,8,0.0,True,"Homologar a prorrogação do prazo de captação de recursos do(s) projeto(s) cultural(is), relacionado(s) no(s)"
"PORTARIA SEFIC/MINC Nº 177, DE 26 DE MARÇO DE 2026",177,alteracao_projeto,False,False,2026-03-26,2026-03-27,59,,28,Ministério da Cultura/Secretaria de Fomento e Incentivo à Cultura,https://www.in.gov.br/web/dou/-/portaria-sefic/minc-n-177-de-26-de-marco-de-2026-696034575,portaria-sefic/minc-n-177-de-26-de-marco-de-2026-696034575,2,0.0,True,Autorizar a alteração dos projetos culturais relacionados nos
"PORTARIA SEFIC/MINC Nº 178, DE 27 DE MARÇO DE 2026",178,homologacao_captacao,True,True,2026-03-27,2026-03-30,60,,36,Ministério da Cultura/Secretaria de Fomento e Incentivo à Cultura,https://www.in.gov.br/web/dou/-/portaria-sefic/minc-n-178-de-27-de-marco-de-2026-696052854,portaria-sefic/minc-n-178-de-27-de-marco-de-2026-696052854,73,66050365.85,True,Homologar os projetos culturais relacionados nos
"PORTARIA SEFIC/MINC Nº 179, DE 27 DE MARÇO DE 2026",179,complementacao_valor,True,False,2026-03-27,2026-03-30,60,,41,Ministério da Cultura/Secretaria de Fomento e Incentivo à Cultura,https://www.in.gov.br/web/dou/-/portaria-sefic/minc-n-179-de-27-de-marco-de-2026-696055868,portaria-sefic/minc-n-179-de-27-de-marco-de-2026-696055868,2,709315.38,True,Homologar a complementação de valor em favor do(s) projeto(s) cultural(is) relacionado(s) no(s)
"PORTARIA SEFIC/MINC Nº 180, DE 27 DE MARÇO DE 2026",180,prorrogacao_prazo,True,False,2026-03-27,2026-03-30,60,,42,Ministério da Cultura/Secretaria de Fomento e Incentivo à Cultura,https://www.in.gov.br/web/dou/-/portaria-sefic/minc-n-180-de-27-de-marco-de-2026-696059627,portaria-sefic/minc-n-180-de-27-de-marco-de-2026-696059627,13,0.0,True,"Homologar a prorrogação do prazo de captação de recursos do(s) projeto(s) cultural(is), relacionado(s) no(s)"
"PORTARIA SEFIC/MINC Nº 181, DE 27 DE MARÇO DE 2026",181,reducao_valor,False,False,2026-03-27,2026-03-30,60,,42,Ministério da Cultura/Secretaria de Fomento e Incentivo à Cultura,https://www.in.gov.br/web/dou/-/portaria-sefic/minc-n-181-de-27-de-marco-de-2026-696074713,portaria-sefic/minc-n-181-de-27-de-marco-de-2026-696074713,4,109978.95,True,Homologar a redução de valor em favor do(s) projeto(s) cultural(is) relacionado(s) no(s)
"PORTARIA SEFIC/MINC Nº 182, DE 27 DE MARÇO DE 2026",182,alteracao_projeto,False,False,2026-03-27,2026-03-30,60,,42,Ministério da Cultura/Secretaria de Fomento e Incentivo à Cultura,https://www.in.gov.br/web/dou/-/portaria-sefic/minc-n-182-de-27-de-marco-de-2026-696087409,portaria-sefic/minc-n-182-de-27-de-marco-de-2026-696087409,3,0.0,True,Autorizar a alteração dos projetos culturais relacionados nos
"PORTARIA SEFIC/MINC Nº 183, DE 30 DE MARÇO DE 2026",183,complementacao_valor,True,False,2026-03-30,2026-03-31,61,,46,Ministério da Cultura/Secretaria de Fomento e Incentivo à Cultura,https://www.in.gov.br/web/dou/-/portaria-sefic/minc-n-183-de-30-de-marco-de-2026-696682600,portaria-sefic/minc-n-183-de-30-de-marco-de-2026-696682600,1,88000.0,True,Homologar a complementação de valor em favor do(s) projeto(s) cultural(is) relacionado(s) no(s)
"PORTARIA SEFIC/MINC Nº 184, DE 30 DE MARÇO DE 2026",184,prorrogacao_prazo,True,False,2026-03-30,2026-03-31,61,,46,Ministério da Cultura/Secretaria de Fomento e Incentivo à Cultura,https://www.in.gov.br/web/dou/-/portaria-sefic/minc-n-184-de-30-de-marco-de-2026-696690725,portaria-sefic/minc-n-184-de-30-de-marco-de-2026-696690725,9,0.0,True,"Homologar a prorrogação do prazo de captação de recursos do(s) projeto(s) cultural(is), relacionado(s) no(s)"
"PORTARIA SEFIC/MINC Nº 185, DE 30 DE MARÇO DE 2026",185,reducao_valor,False,False,2026-03-30,2026-03-31,61,,47,Ministério da Cultura/Secretaria de Fomento e Incentivo à Cultura,https://www.in.gov.br/web/dou/-/portaria-sefic/minc-n-185-de-30-de-marco-de-2026-696687499,portaria-sefic/minc-n-185-de-30-de-marco-de-2026-696687499,1,295159.93,True,Homologar a redução de valor em favor do(s) projeto(s) cultural(is) relacionado(s) no(s)
"PORTARIA SEFIC/MINC Nº 186, DE 30 DE MARÇO DE 2026",186,alteracao_projeto,False,False,2026-03-30,2026-03-31,61,,47,Ministério da Cultura/Secretaria de Fomento e Incentivo à Cultura,https://www.in.gov.br/web/dou/-/portaria-sefic/minc-n-186-de-30-de-marco-de-2026-696691158,portaria-sefic/minc-n-186-de-30-de-marco-de-2026-696691158,3,0.0,True,Autorizar a alteração dos projetos culturais relacionados nos
"PORTARIA SEFIC/MINC Nº 187, DE 31 DE MARÇO DE 2026",187,complementacao_valor,True,False,2026-03-31,2026-04-01,62,,64,Ministério da Cultura/Secretaria de Fomento e Incentivo à Cultura,https://www.in.gov.br/web/dou/-/portaria-sefic/minc-n-187-de-31-de-marco-de-2026-697043330,portaria-sefic/minc-n-187-de-31-de-marco-de-2026-697043330,5,3578067.65,True,Homologar a complementação de valor em favor do(s) projeto(s) cultural(is) relacionado(s) no(s)
"PORTARIA SEFIC/MINC Nº 188, DE 31 DE MARÇO DE 2026",188,prorrogacao_prazo,True,False,2026-03-31,2026-04-01,62,,64,Ministério da Cultura/Secretaria de Fomento e Incentivo à Cultura,https://www.in.gov.br/web/dou/-/portaria-sefic/minc-n-188-de-31-de-marco-de-2026-697048512,portaria-sefic/minc-n-188-de-31-de-marco-de-2026-697048512,17,0.0,True,"Homologar a prorrogação do prazo de captação de recursos do(s) projeto(s) cultural(is), relacionado(s) no(s)"
"PORTARIA SEFIC/MINC Nº 189, DE 1º DE ABRIL DE 2026",189,prorrogacao_prazo,True,False,2026-04-01,2026-04-02,63,,23,Ministério da Cultura/Secretaria de Fomento e Incentivo à Cultura,https://www.in.gov.br/web/dou/-/portaria-sefic/minc-n-189-de-1-de-abril-de-2026-697090514,portaria-sefic/minc-n-189-de-1-de-abril-de-2026-697090514,67,0.0,True,"Homologar a prorrogação do prazo de captação de recursos do(s) projeto(s) cultural(is), relacionado(s) no(s)"
"PORTARIA SEFIC/MINC Nº 190, DE 2 DE ABRIL DE 2026",190,homologacao_captacao,True,True,2026-04-02,2026-04-06,64,,25,Ministério da Cultura/Secretaria de Fomento e Incentivo à Cultura,https://www.in.gov.br/web/dou/-/portaria-sefic/minc-n-190-de-2-de-abril-de-2026-697412223,portaria-sefic/minc-n-190-de-2-de-abril-de-2026-697412223,117,198204598.07,True,Homologar os projetos culturais relacionados nos
"PORTARIA SEFIC/MINC Nº 191, DE 2 DE ABRIL DE 2026",191,complementacao_valor,True,False,2026-04-02,2026-04-06,64,,34,Ministério da Cultura/Secretaria de Fomento e Incentivo à Cultura,https://www.in.gov.br/web/dou/-/portaria-sefic/minc-n-191-de-2-de-abril-de-2026-697393360,portaria-sefic/minc-n-191-de-2-de-abril-de-2026-697393360,1,14850.0,True,Homologar a complementação de valor em favor do(s) projeto(s) cultural(is) relacionado(s) no(s)
"PORTARIA SEFIC/MINC Nº 192, DE 2 DE ABRIL DE 2026",192,prorrogacao_prazo,True,False,2026-04-02,2026-04-06,64,,34,Ministério da Cultura/Secretaria de Fomento e Incentivo à Cultura,https://www.in.gov.br/web/dou/-/portaria-sefic/minc-n-192-de-2-de-abril-de-2026-697386311,portaria-sefic/minc-n-192-de-2-de-abril-de-2026-697386311,13,0.0,True,"Homologar a prorrogação do prazo de captação de recursos do(s) projeto(s) cultural(is), relacionado(s) no(s)"
"PORTARIA SEFIC/MINC Nº 193, DE 2 DE ABRIL DE 2026",193,reducao_valor,False,False,2026-04-02,2026-04-06,64,,34,Ministério da Cultura/Secretaria de Fomento e Incentivo à Cultura,https://www.in.gov.br/web/dou/-/portaria-sefic/minc-n-193-de-2-de-abril-de-2026-697375296,portaria-sefic/minc-n-193-de-2-de-abril-de-2026-697375296,14,368741.67,True,Homologar a redução de valor em favor do(s) projeto(s) cultural(is) relacionado(s) no(s)
"PORTARIA SEFIC/MINC Nº 194, DE 2 DE ABRIL DE 2026",194,alteracao_projeto,False,False,2026-04-02,2026-04-06,64,,35,Ministério da Cultura/Secretaria de Fomento e Incentivo à Cultura,https://www.in.gov.br/web/dou/-/portaria-sefic/minc-n-194-de-2-de-abril-de-2026-697406167,portaria-sefic/minc-n-194-de-2-de-abril-de-2026-697406167,4,0.0,True,Autorizar a alteração dos projetos culturais relacionados nos
"PORTARIA SEFIC/MINC Nº 195, DE 6 DE ABRIL DE 2026",195,complementacao_valor,True,False,2026-04-06,2026-04-07,65,,35,Ministério da Cultura/Secretaria de Fomento e Incentivo à Cultura,https://www.in.gov.br/web/dou/-/portaria-sefic/minc-n-195-de-6-de-abril-de-2026-697714371,portaria-sefic/minc-n-195-de-6-de-abril-de-2026-697714371,2,325597.58999999997,True,Homologar a complementação de valor em favor do(s) projeto(s) cultural(is) relacionado(s) no(s)
"PORTARIA SEFIC/MINC Nº 196, DE 6 DE ABRIL DE 2026",196,prorrogacao_prazo,True,False,2026-04-06,2026-04-07,65,,36,Ministério da Cultura/Secretaria de Fomento e Incentivo à Cultura,https://www.in.gov.br/web/dou/-/portaria-sefic/minc-n-196-de-6-de-abril-de-2026-697713174,portaria-sefic/minc-n-196-de-6-de-abril-de-2026-697713174,13,0.0,True,"Homologar a prorrogação do prazo de captação de recursos do(s) projeto(s) cultural(is), relacionado(s) no(s)"
"PORTARIA SEFIC/MINC Nº 197, DE 6 DE ABRIL DE 2026",197,reducao_valor,False,False,2026-04-06,2026-04-07,65,,36,Ministério da Cultura/Secretaria de Fomento e Incentivo à Cultura,https://www.in.gov.br/web/dou/-/portaria-sefic/minc-n-197-de-6-de-abril-de-2026-697693357,portaria-sefic/minc-n-197-de-6-de-abril-de-2026-697693357,2,64711.979999999996,True,Homologar a redução de valor em favor do(s) projeto(s) cultural(is) relacionado(s) no(s)
"PORTARIA SEFIC/MINC Nº 198, DE 6 DE ABRIL DE 2026",198,alteracao_projeto,False,False,2026-04-06,2026-04-07,65,,36,Ministério da Cultura/Secretaria de Fomento e Incentivo à Cultura,https://www.in.gov.br/web/dou/-/portaria-sefic/minc-n-198-de-6-de-abril-de-2026-697696660,portaria-sefic/minc-n-198-de-6-de-abril-de-2026-697696660,1,0.0,True,Autorizar a alteração dos projetos culturais relacionados nos
"PORTARIA SEFIC/MINC Nº 199, DE 6 DE ABRIL DE 2026",199,outra,False,False,2026-04-06,2026-04-07,65,,36,Ministério da Cultura/Secretaria de Fomento e Incentivo à Cultura,https://www.in.gov.br/web/dou/-/portaria-sefic/minc-n-199-de-6-de-abril-de-2026-697712190,portaria-sefic/minc-n-199-de-6-de-abril-de-2026-697712190,0,,False,"Tornar público os descredenciamentos dos peritos do Banco de Pareceristas da Secretaria de Fomento e Incentivo à Cultura, a pedido, conforme disposto no Art. 4º da Instrução Normativa MinC nº 31, de 31 de janeiro de 2026, o qual foi habilitado por meio do Edital de Chamamento Público SEFIC/MinC nº 2/2023, nas áreas e segmentos constantes no"
"PORTARIA SEFIC/MINC Nº 200, DE 7 DE ABRIL DE 2026",200,homologacao_captacao,True,True,2026-04-07,2026-04-08,66,,7,Ministério da Cultura/Secretaria de Fomento e Incentivo à Cultura,https://www.in.gov.br/web/dou/-/portaria-sefic/minc-n-200-de-7-de-abril-de-2026-698042099,portaria-sefic/minc-n-200-de-7-de-abril-de-2026-698042099,95,60199290.96,True,Homologar os projetos culturais relacionados nos
"PORTARIA SEFIC/MINC Nº 201, DE 7 DE ABRIL DE 2026",201,complementacao_valor,True,False,2026-04-07,2026-04-08,66,,14,Ministério da Cultura/Secretaria de Fomento e Incentivo à Cultura,https://www.in.gov.br/web/dou/-/portaria-sefic/minc-n-201-de-7-de-abril-de-2026-698016849,portaria-sefic/minc-n-201-de-7-de-abril-de-2026-698016849,2,171847.88,True,Homologar a complementação de valor em favor do(s) projeto(s) cultural(is) relacionado(s) no(s)
"PORTARIA SEFIC/MINC Nº 202, DE 7 DE ABRIL DE 2026",202,prorrogacao_prazo,True,False,2026-04-07,2026-04-08,66,,14,Ministério da Cultura/Secretaria de Fomento e Incentivo à Cultura,https://www.in.gov.br/web/dou/-/portaria-sefic/minc-n-202-de-7-de-abril-de-2026-698018038,portaria-sefic/minc-n-202-de-7-de-abril-de-2026-698018038,10,0.0,True,"Homologar a prorrogação do prazo de captação de recursos do(s) projeto(s) cultural(is), relacionado(s) no(s)"
"PORTARIA SEFIC/MINC Nº 203, DE 7 DE ABRIL DE 2026",203,reducao_valor,False,False,2026-04-07,2026-04-08,66,,14,Ministério da Cultura/Secretaria de Fomento e Incentivo à Cultura,https://www.in.gov.br/web/dou/-/portaria-sefic/minc-n-203-de-7-de-abril-de-2026-698021173,portaria-sefic/minc-n-203-de-7-de-abril-de-2026-698021173,1,44653.56,True,Homologar a redução de valor em favor do(s) projeto(s) cultural(is) relacionado(s) no(s)
"PORTARIA SEFIC/MINC Nº 204, DE 7 DE ABRIL DE 2026",204,alteracao_projeto,False,False,2026-04-07,2026-04-08,66,,14,Ministério da Cultura/Secretaria de Fomento e Incentivo à Cultura,https://www.in.gov.br/web/dou/-/portaria-sefic/minc-n-204-de-7-de-abril-de-2026-698028849,portaria-sefic/minc-n-204-de-7-de-abril-de-2026-698028849,10,0.0,True,Autorizar a alteração dos projetos culturais relacionados nos
"PORTARIA SEFIC/MINC Nº 205, DE 8 DE ABRIL DE 2026",205,prorrogacao_prazo,True,False,2026-04-08,2026-04-09,67,,14,Ministério da Cultura/Secretaria de Fomento e Incentivo à Cultura,https://www.in.gov.br/web/dou/-/portaria-sefic/minc-n-205-de-8-de-abril-de-2026-698608190,portaria-sefic/minc-n-205-de-8-de-abril-de-2026-698608190,5,0.0,True,"Homologar a prorrogação do prazo de captação de recursos do(s) projeto(s) cultural(is), relacionado(s) no(s)"
"PORTARIA SEFIC/MINC Nº 206, DE 9 DE ABRIL DE 2026",206,homologacao_captacao,True,True,2026-04-09,2026-04-10,68,,12,Ministério da Cultura/Secretaria de Fomento e Incentivo à Cultura,https://www.in.gov.br/web/dou/-/portaria-sefic/minc-n-206-de-9-de-abril-de-2026-698694377,portaria-sefic/minc-n-206-de-9-de-abril-de-2026-698694377,60,34379769.45,True,Homologar os projetos culturais relacionados nos
"PORTARIA SEFIC/MINC Nº 207, DE 9 DE ABRIL DE 2026",207,prorrogacao_prazo,True,False,2026-04-09,2026-04-10,68,,16,Ministério da Cultura/Secretaria de Fomento e Incentivo à Cultura,https://www.in.gov.br/web/dou/-/portaria-sefic/minc-n-207-de-9-de-abril-de-2026-698663632,portaria-sefic/minc-n-207-de-9-de-abril-de-2026-698663632,4,0.0,True,"Homologar a prorrogação do prazo de captação de recursos do(s) projeto(s) cultural(is), relacionado(s) no(s)"
"PORTARIA SEFIC/MINC Nº 208, DE 9 DE ABRIL DE 2026",208,reducao_valor,False,False,2026-04-09,2026-04-10,68,,17,Ministério da Cultura/Secretaria de Fomento e Incentivo à Cultura,https://www.in.gov.br/web/dou/-/portaria-sefic/minc-n-208-de-9-de-abril-de-2026-698698739,portaria-sefic/minc-n-208-de-9-de-abril-de-2026-698698739,4,354886.53,True,Homologar a redução de valor em favor do(s) projeto(s) cultural(is) relacionado(s) no(s)
"PORTARIA SEFIC/MINC Nº 209, DE 10 DE ABRIL DE 2026",209,complementacao_valor,True,False,2026-04-10,2026-04-13,69,,97,Ministério da Cultura/Secretaria de Fomento e Incentivo à Cultura,https://www.in.gov.br/web/dou/-/portaria-sefic/minc-n-209-de-10-de-abril-de-2026-698944672,portaria-sefic/minc-n-209-de-10-de-abril-de-2026-698944672,4,699025.4,True,Homologar a complementação de valor em favor do(s) projeto(s) cultural(is) relacionado(s) no(s)
"PORTARIA SEFIC/MINC Nº 210, DE 10 DE ABRIL DE 2026",210,prorrogacao_prazo,True,False,2026-04-10,2026-04-13,69,,97,Ministério da Cultura/Secretaria de Fomento e Incentivo à Cultura,https://www.in.gov.br/web/dou/-/portaria-sefic/minc-n-210-de-10-de-abril-de-2026-698945981,portaria-sefic/minc-n-210-de-10-de-abril-de-2026-698945981,7,0.0,True,"Homologar a prorrogação do prazo de captação de recursos do(s) projeto(s) cultural(is), relacionado(s) no(s)"
"PORTARIA SEFIC/MINC Nº 212, DE 10 DE ABRIL DE 2026",212,alteracao_projeto,False,False,2026-04-10,2026-04-13,69,,98,Ministério da Cultura/Secretaria de Fomento e Incentivo à Cultura,https://www.in.gov.br/web/dou/-/portaria-sefic/minc-n-212-de-10-de-abril-de-2026-698978230,portaria-sefic/minc-n-212-de-10-de-abril-de-2026-698978230,3,0.0,True,Autorizar a alteração dos projetos culturais relacionados nos
"PORTARIA SEFIC/MINC Nº 211, DE 14 DE ABRIL DE 2026",211,homologacao_captacao,True,True,2026-04-14,2026-04-15,71,,28,Ministério da Cultura/Secretaria de Fomento e Incentivo à Cultura,https://www.in.gov.br/web/dou/-/portaria-sefic/minc-n-211-de-14-de-abril-de-2026-699905832,portaria-sefic/minc-n-211-de-14-de-abril-de-2026-699905832,52,120274354.49,True,Homologar os projetos culturais relacionados nos
"PORTARIA SEFIC/MINC Nº 213, DE 14 DE ABRIL DE 2026",213,complementacao_valor,True,False,2026-04-14,2026-04-15,71,,32,Ministério da Cultura/Secretaria de Fomento e Incentivo à Cultura,https://www.in.gov.br/web/dou/-/portaria-sefic/minc-n-213-de-14-de-abril-de-2026-699915496,portaria-sefic/minc-n-213-de-14-de-abril-de-2026-699915496,5,381779.64999999997,True,Homologar a complementação de valor em favor do(s) projeto(s) cultural(is) relacionado(s) no(s)
"PORTARIA SEFIC/MINC Nº 214, DE 14 DE ABRIL DE 2026",214,prorrogacao_prazo,True,False,2026-04-14,2026-04-15,71,,32,Ministério da Cultura/Secretaria de Fomento e Incentivo à Cultura,https://www.in.gov.br/web/dou/-/portaria-sefic/minc-n-214-de-14-de-abril-de-2026-699843358,portaria-sefic/minc-n-214-de-14-de-abril-de-2026-699843358,14,0.0,True,"Homologar a prorrogação do prazo de captação de recursos do(s) projeto(s) cultural(is), relacionado(s) no(s)"
"PORTARIA SEFIC/MINC Nº 215, DE 14 DE ABRIL DE 2026",215,reducao_valor,False,False,2026-04-14,2026-04-15,71,,33,Ministério da Cultura/Secretaria de Fomento e Incentivo à Cultura,https://www.in.gov.br/web/dou/-/portaria-sefic/minc-n-215-de-14-de-abril-de-2026-699803708,portaria-sefic/minc-n-215-de-14-de-abril-de-2026-699803708,20,7897505.82,True,Homologar a redução de valor em favor do(s) projeto(s) cultural(is) relacionado(s) no(s)
"PORTARIA SEFIC/MINC Nº 216, DE 14 DE ABRIL DE 2026",216,alteracao_projeto,False,False,2026-04-14,2026-04-15,71,,33,Ministério da Cultura/Secretaria de Fomento e Incentivo à Cultura,https://www.in.gov.br/web/dou/-/portaria-sefic/minc-n-216-de-14-de-abril-de-2026-699911413,portaria-sefic/minc-n-216-de-14-de-abril-de-2026-699911413,2,0.0,True,Autorizar a alteração dos projetos culturais relacionados nos
"PORTARIA SEFIC/MINC Nº 217, DE 15 DE ABRIL DE 2026",217,homologacao_captacao,True,True,2026-04-15,2026-04-16,72,,34,Ministério da Cultura/Secretaria de Fomento e Incentivo à Cultura,https://www.in.gov.br/web/dou/-/portaria-sefic/minc-n-217-de-15-de-abril-de-2026-699940347,portaria-sefic/minc-n-217-de-15-de-abril-de-2026-699940347,8,8050809.2,True,Homologar os projetos culturais relacionados nos
"PORTARIA SEFIC/MINC Nº 218, DE 15 DE ABRIL DE 2026",218,complementacao_valor,True,False,2026-04-15,2026-04-16,72,,35,Ministério da Cultura/Secretaria de Fomento e Incentivo à Cultura,https://www.in.gov.br/web/dou/-/portaria-sefic/minc-n-218-de-15-de-abril-de-2026-699940268,portaria-sefic/minc-n-218-de-15-de-abril-de-2026-699940268,17,9524459.4,True,Homologar a complementação de valor em favor do(s) projeto(s) cultural(is) relacionado(s) no(s)
"PORTARIA SEFIC/MINC Nº 219, DE 15 DE ABRIL DE 2026",219,reducao_valor,False,False,2026-04-15,2026-04-16,72,,35,Ministério da Cultura/Secretaria de Fomento e Incentivo à Cultura,https://www.in.gov.br/web/dou/-/portaria-sefic/minc-n-219-de-15-de-abril-de-2026-699945120,portaria-sefic/minc-n-219-de-15-de-abril-de-2026-699945120,38,15648133.52,True,Homologar a redução de valor em favor do(s) projeto(s) cultural(is) relacionado(s) no(s)
"PORTARIA SEFIC/MINC Nº 220, DE 16 DE ABRIL DE 2026",220,homologacao_captacao,True,True,2026-04-16,2026-04-17,73,,42,Ministério da Cultura/Secretaria de Fomento e Incentivo à Cultura,https://www.in.gov.br/web/dou/-/portaria-sefic/minc-n-220-de-16-de-abril-de-2026-700243090,portaria-sefic/minc-n-220-de-16-de-abril-de-2026-700243090,2,5030656.79,True,Homologar os projetos culturais relacionados nos
"PORTARIA SEFIC/MINC Nº 221, DE 16 DE ABRIL DE 2026",221,complementacao_valor,True,False,2026-04-16,2026-04-17,73,,42,Ministério da Cultura/Secretaria de Fomento e Incentivo à Cultura,https://www.in.gov.br/web/dou/-/portaria-sefic/minc-n-221-de-16-de-abril-de-2026-700228345,portaria-sefic/minc-n-221-de-16-de-abril-de-2026-700228345,1,1032826.25,True,Homologar a complementação de valor em favor do(s) projeto(s) cultural(is) relacionado(s) no(s)
"PORTARIA SEFIC/MINC Nº 222, DE 16 DE ABRIL DE 2026",222,prorrogacao_prazo,True,False,2026-04-16,2026-04-17,73,,42,Ministério da Cultura/Secretaria de Fomento e Incentivo à Cultura,https://www.in.gov.br/web/dou/-/portaria-sefic/minc-n-222-de-16-de-abril-de-2026-700226793,portaria-sefic/minc-n-222-de-16-de-abril-de-2026-700226793,17,0.0,True,"Homologar a prorrogação do prazo de captação de recursos do(s) projeto(s) cultural(is), relacionado(s) no(s)"
"PORTARIA SEFIC/MINC Nº 223, DE 16 DE ABRIL DE 2026",223,reducao_valor,False,False,2026-04-16,2026-04-17,73,,43,Ministério da Cultura/Secretaria de Fomento e Incentivo à Cultura,https://www.in.gov.br/web/dou/-/portaria-sefic/minc-n-223-de-16-de-abril-de-2026-700245722,portaria-sefic/minc-n-223-de-16-de-abril-de-2026-700245722,2,20701.010000000002,True,Homologar a redução de valor em favor do(s) projeto(s) cultural(is) relacionado(s) no(s)
"PORTARIA SEFIC/MINC Nº 224, DE 16 DE ABRIL DE 2026",224,alteracao_projeto,False,False,2026-04-16,2026-04-17,73,,43,Ministério da Cultura/Secretaria de Fomento e Incentivo à Cultura,https://www.in.gov.br/web/dou/-/portaria-sefic/minc-n-224-de-16-de-abril-de-2026-700220733,portaria-sefic/minc-n-224-de-16-de-abril-de-2026-700220733,1,0.0,True,Autorizar a alteração dos projetos culturais relacionados nos
"PORTARIA SEFIC/MINC Nº 225, DE 17 DE ABRIL DE 2026",225,homologacao_captacao,True,True,2026-04-17,2026-04-22,74,,14,Ministério da Cultura/Secretaria de Fomento e Incentivo à Cultura,https://www.in.gov.br/web/dou/-/portaria-sefic/minc-n-225-de-17-de-abril-de-2026-700553150,portaria-sefic/minc-n-225-de-17-de-abril-de-2026-700553150,71,71816516.35,True,Homologar os projetos culturais relacionados nos
"PORTARIA SEFIC/MINC Nº 226, DE 17 DE ABRIL DE 2026",226,complementacao_valor,True,False,2026-04-17,2026-04-22,74,,19,Ministério da Cultura/Secretaria de Fomento e Incentivo à Cultura,https://www.in.gov.br/web/dou/-/portaria-sefic/minc-n-226-de-17-de-abril-de-2026-700572651,portaria-sefic/minc-n-226-de-17-de-abril-de-2026-700572651,14,2759654.12,True,Homologar a complementação de valor em favor do(s) projeto(s) cultural(is) relacionado(s) no(s)
"PORTARIA SEFIC/MINC Nº 227, DE 17 DE ABRIL DE 2026",227,prorrogacao_prazo,True,False,2026-04-17,2026-04-22,74,,19,Ministério da Cultura/Secretaria de Fomento e Incentivo à Cultura,https://www.in.gov.br/web/dou/-/portaria-sefic/minc-n-227-de-17-de-abril-de-2026-700555652,portaria-sefic/minc-n-227-de-17-de-abril-de-2026-700555652,10,0.0,True,"Homologar a prorrogação do prazo de captação de recursos do(s) projeto(s) cultural(is), relacionado(s) no(s)"
"PORTARIA SEFIC/MINC Nº 228, DE 17 DE ABRIL DE 2026",228,reducao_valor,False,False,2026-04-17,2026-04-22,74,,20,Ministério da Cultura/Secretaria de Fomento e Incentivo à Cultura,https://www.in.gov.br/web/dou/-/portaria-sefic/minc-n-228-de-17-de-abril-de-2026-700573866,portaria-sefic/minc-n-228-de-17-de-abril-de-2026-700573866,61,13546652.99,True,Homologar a redução de valor em favor do(s) projeto(s) cultural(is) relacionado(s) no(s)
"PORTARIA SEFIC/MINC Nº 229, DE 17 DE ABRIL DE 2026",229,alteracao_projeto,False,False,2026-04-17,2026-04-22,74,,22,Ministério da Cultura/Secretaria de Fomento e Incentivo à Cultura,https://www.in.gov.br/web/dou/-/portaria-sefic/minc-n-229-de-17-de-abril-de-2026-700569410,portaria-sefic/minc-n-229-de-17-de-abril-de-2026-700569410,22,0.0,True,Autorizar a alteração dos projetos culturais relacionados nos
"PORTARIA SEFIC/MINC Nº 230, DE 22 DE ABRIL DE 2026",230,homologacao_captacao,True,True,2026-04-22,2026-04-23,75,,12,Ministério da Cultura/Secretaria de Fomento e Incentivo à Cultura,https://www.in.gov.br/web/dou/-/portaria-sefic/minc-n-230-de-22-de-abril-de-2026-700857700,portaria-sefic/minc-n-230-de-22-de-abril-de-2026-700857700,43,62520919.71,True,Homologar os projetos culturais relacionados nos
"PORTARIA SEFIC/MINC Nº 231, DE 22 DE ABRIL DE 2026",231,complementacao_valor,True,False,2026-04-22,2026-04-23,75,,15,Ministério da Cultura/Secretaria de Fomento e Incentivo à Cultura,https://www.in.gov.br/web/dou/-/portaria-sefic/minc-n-231-de-22-de-abril-de-2026-700852782,portaria-sefic/minc-n-231-de-22-de-abril-de-2026-700852782,10,1875217.06,True,Homologar a complementação de valor em favor do(s) projeto(s) cultural(is) relacionado(s) no(s)
"PORTARIA SEFIC/MINC Nº 232, DE 22 DE ABRIL DE 2026",232,prorrogacao_prazo,True,False,2026-04-22,2026-04-23,75,,15,Ministério da Cultura/Secretaria de Fomento e Incentivo à Cultura,https://www.in.gov.br/web/dou/-/portaria-sefic/minc-n-232-de-22-de-abril-de-2026-700859165,portaria-sefic/minc-n-232-de-22-de-abril-de-2026-700859165,27,0.0,True,"Homologar a prorrogação do prazo de captação de recursos do(s) projeto(s) cultural(is), relacionado(s) no(s)"
"PORTARIA SEFIC/MINC Nº 233, DE 22 DE ABRIL DE 2026",233,reducao_valor,False,False,2026-04-22,2026-04-23,75,,16,Ministério da Cultura/Secretaria de Fomento e Incentivo à Cultura,https://www.in.gov.br/web/dou/-/portaria-sefic/minc-n-233-de-22-de-abril-de-2026-700866318,portaria-sefic/minc-n-233-de-22-de-abril-de-2026-700866318,33,13240829.84,True,Homologar a redução de valor em favor do(s) projeto(s) cultural(is) relacionado(s) no(s)
"PORTARIA SEFIC/MINC Nº 234, DE 22 DE ABRIL DE 2026",234,alteracao_projeto,False,False,2026-04-22,2026-04-23,75,,17,Ministério da Cultura/Secretaria de Fomento e Incentivo à Cultura,https://www.in.gov.br/web/dou/-/portaria-sefic/minc-n-234-de-22-de-abril-de-2026-700864469,portaria-sefic/minc-n-234-de-22-de-abril-de-2026-700864469,2,0.0,True,Autorizar a alteração dos projetos culturais relacionados nos
"PORTARIA SEFIC/MINC Nº 21, DE 22 DE ABRIL DE 2026",21,reducao_valor,False,False,2026-04-22,2026-04-24,76,,15,Ministério da Cultura/Secretaria do Audiovisual,https://www.in.gov.br/web/dou/-/portaria-sefic/minc-n-21-de-22-de-abril-de-2026-701135777,portaria-sefic/minc-n-21-de-22-de-abril-de-2026-701135777,24,20292097.68,True,"da Portaria nº 1.201, de 18 de dezembro de 2009, resolve: Art. 1.º - Homologar a redução de valor em favor do(s) projeto(s) cultural(is) relacionado(s) no(s)"
"PORTARIA SEFIC/MINC Nº 235, DE 23 DE ABRIL DE 2026",235,complementacao_valor,True,False,2026-04-23,2026-04-24,76,,17,Ministério da Cultura/Secretaria de Fomento e Incentivo à Cultura,https://www.in.gov.br/web/dou/-/portaria-sefic/minc-n-235-de-23-de-abril-de-2026-701163155,portaria-sefic/minc-n-235-de-23-de-abril-de-2026-701163155,1,50048.22,True,Homologar a complementação de valor em favor do(s) projeto(s) cultural(is) relacionado(s) no(s)
"PORTARIA SEFIC/MINC Nº 236, DE 23 DE ABRIL DE 2026",236,prorrogacao_prazo,True,False,2026-04-23,2026-04-24,76,,17,Ministério da Cultura/Secretaria de Fomento e Incentivo à Cultura,https://www.in.gov.br/web/dou/-/portaria-sefic/minc-n-236-de-23-de-abril-de-2026-701159881,portaria-sefic/minc-n-236-de-23-de-abril-de-2026-701159881,6,0.0,True,"Homologar a prorrogação do prazo de captação de recursos do(s) projeto(s) cultural(is), relacionado(s) no(s)"
"PORTARIA SEFIC/MINC Nº 237, DE 23 DE ABRIL DE 2026",237,alteracao_projeto,False,False,2026-04-23,2026-04-24,76,,17,Ministério da Cultura/Secretaria de Fomento e Incentivo à Cultura,https://www.in.gov.br/web/dou/-/portaria-sefic/minc-n-237-de-23-de-abril-de-2026-701164209,portaria-sefic/minc-n-237-de-23-de-abril-de-2026-701164209,5,0.0,True,Autorizar a alteração dos projetos culturais relacionados nos
"PORTARIA SEFIC/MINC Nº 238, DE 24 DE ABRIL DE 2026",238,homologacao_captacao,True,True,2026-04-24,2026-04-27,77,,10,Ministério da Cultura/Secretaria de Fomento e Incentivo à Cultura,https://www.in.gov.br/web/dou/-/portaria-sefic/minc-n-238-de-24-de-abril-de-2026-701373163,portaria-sefic/minc-n-238-de-24-de-abril-de-2026-701373163,70,65571591.519999996,True,Homologar os projetos culturais relacionados nos
"PORTARIA SEFIC/MINC Nº 239, DE 24 DE ABRIL DE 2026",239,complementacao_valor,True,False,2026-04-24,2026-04-27,77,,14,Ministério da Cultura/Secretaria de Fomento e Incentivo à Cultura,https://www.in.gov.br/web/dou/-/portaria-sefic/minc-n-239-de-24-de-abril-de-2026-701452668,portaria-sefic/minc-n-239-de-24-de-abril-de-2026-701452668,5,350185.7,True,Homologar a complementação de valor em favor do(s) projeto(s) cultural(is) relacionado(s) no(s)
"PORTARIA SEFIC/MINC Nº 240, DE 24 DE ABRIL DE 2026",240,prorrogacao_prazo,True,False,2026-04-24,2026-04-27,77,,15,Ministério da Cultura/Secretaria de Fomento e Incentivo à Cultura,https://www.in.gov.br/web/dou/-/portaria-sefic/minc-n-240-de-24-de-abril-de-2026-701479974,portaria-sefic/minc-n-240-de-24-de-abril-de-2026-701479974,8,0.0,True,"Homologar a prorrogação do prazo de captação de recursos do(s) projeto(s) cultural(is), relacionado(s) no(s)"
"PORTARIA SEFIC/MINC Nº 241, DE 24 DE ABRIL DE 2026",241,reducao_valor,False,False,2026-04-24,2026-04-27,77,,15,Ministério da Cultura/Secretaria de Fomento e Incentivo à Cultura,https://www.in.gov.br/web/dou/-/portaria-sefic/minc-n-241-de-24-de-abril-de-2026-701458658,portaria-sefic/minc-n-241-de-24-de-abril-de-2026-701458658,9,1677561.9300000002,True,Homologar a redução de valor em favor do(s) projeto(s) cultural(is) relacionado(s) no(s)
"PORTARIA SEFIC/MINC Nº 242, DE 24 DE ABRIL DE 2026",242,alteracao_projeto,False,False,2026-04-24,2026-04-27,77,,15,Ministério da Cultura/Secretaria de Fomento e Incentivo à Cultura,https://www.in.gov.br/web/dou/-/portaria-sefic/minc-n-242-de-24-de-abril-de-2026-701470716,portaria-sefic/minc-n-242-de-24-de-abril-de-2026-701470716,4,0.0,True,Autorizar a alteração dos projetos culturais relacionados nos
"PORTARIA SEFIC/MINC Nº 243, DE 27 DE ABRIL DE 2026",243,homologacao_captacao,True,True,2026-04-27,2026-04-28,78,,31,Ministério da Cultura/Secretaria de Fomento e Incentivo à Cultura,https://www.in.gov.br/web/dou/-/portaria-sefic/minc-n-243-de-27-de-abril-de-2026-702049122,portaria-sefic/minc-n-243-de-27-de-abril-de-2026-702049122,68,74256366.3,True,Homologar os projetos culturais relacionados nos
"PORTARIA SEFIC/MINC Nº 244, DE 27 DE ABRIL DE 2026",244,complementacao_valor,True,False,2026-04-27,2026-04-28,78,,36,Ministério da Cultura/Secretaria de Fomento e Incentivo à Cultura,https://www.in.gov.br/web/dou/-/portaria-sefic/minc-n-244-de-27-de-abril-de-2026-702068320,portaria-sefic/minc-n-244-de-27-de-abril-de-2026-702068320,7,4081999.4299999997,True,Homologar a complementação de valor em favor do(s) projeto(s) cultural(is) relacionado(s) no(s)
"PORTARIA SEFIC/MINC Nº 245, DE 27 DE ABRIL DE 2026",245,prorrogacao_prazo,True,False,2026-04-27,2026-04-28,78,,37,Ministério da Cultura/Secretaria de Fomento e Incentivo à Cultura,https://www.in.gov.br/web/dou/-/portaria-sefic/minc-n-245-de-27-de-abril-de-2026-702072941,portaria-sefic/minc-n-245-de-27-de-abril-de-2026-702072941,20,0.0,True,"Homologar a prorrogação do prazo de captação de recursos do(s) projeto(s) cultural(is), relacionado(s) no(s)"
"PORTARIA SEFIC/MINC Nº 246, DE 27 DE ABRIL DE 2026",246,reducao_valor,False,False,2026-04-27,2026-04-28,78,,37,Ministério da Cultura/Secretaria de Fomento e Incentivo à Cultura,https://www.in.gov.br/web/dou/-/portaria-sefic/minc-n-246-de-27-de-abril-de-2026-702059773,portaria-sefic/minc-n-246-de-27-de-abril-de-2026-702059773,7,1380472.38,True,Homologar a redução de valor em favor do(s) projeto(s) cultural(is) relacionado(s) no(s)
"PORTARIA SEFIC/MINC Nº 247, DE 27 DE ABRIL DE 2026",247,alteracao_projeto,False,False,2026-04-27,2026-04-28,78,,38,Ministério da Cultura/Secretaria de Fomento e Incentivo à Cultura,https://www.in.gov.br/web/dou/-/portaria-sefic/minc-n-247-de-27-de-abril-de-2026-702058287,portaria-sefic/minc-n-247-de-27-de-abril-de-2026-702058287,4,0.0,True,Autorizar a alteração dos projetos culturais relacionados nos
"PORTARIA SEFIC/MINC Nº 248, DE 28 DE ABRIL DE 2026",248,homologacao_captacao,True,True,2026-04-28,2026-04-29,79,,16,Ministério da Cultura/Secretaria de Fomento e Incentivo à Cultura,https://www.in.gov.br/web/dou/-/portaria-sefic/minc-n-248-de-28-de-abril-de-2026-702094525,portaria-sefic/minc-n-248-de-28-de-abril-de-2026-702094525,39,33290456.15,True,Homologar os projetos culturais relacionados nos
"PORTARIA SEFIC/MINC Nº 249, DE 28 DE ABRIL DE 2026",249,complementacao_valor,True,False,2026-04-28,2026-04-29,79,,19,Ministério da Cultura/Secretaria de Fomento e Incentivo à Cultura,https://www.in.gov.br/web/dou/-/portaria-sefic/minc-n-249-de-28-de-abril-de-2026-702087537,portaria-sefic/minc-n-249-de-28-de-abril-de-2026-702087537,3,1298957.47,True,Homologar a complementação de valor em favor do(s) projeto(s) cultural(is) relacionado(s) no(s)
"PORTARIA SEFIC/MINC Nº 250, DE 28 DE ABRIL DE 2026",250,prorrogacao_prazo,True,False,2026-04-28,2026-04-29,79,,19,Ministério da Cultura/Secretaria de Fomento e Incentivo à Cultura,https://www.in.gov.br/web/dou/-/portaria-sefic/minc-n-250-de-28-de-abril-de-2026-702097331,portaria-sefic/minc-n-250-de-28-de-abril-de-2026-702097331,7,0.0,True,"Homologar a prorrogação do prazo de captação de recursos do(s) projeto(s) cultural(is), relacionado(s) no(s)"
"PORTARIA SEFIC/MINC Nº 251, DE 28 DE ABRIL DE 2026",251,reducao_valor,False,False,2026-04-28,2026-04-29,79,,19,Ministério da Cultura/Secretaria de Fomento e Incentivo à Cultura,https://www.in.gov.br/web/dou/-/portaria-sefic/minc-n-251-de-28-de-abril-de-2026-702114767,portaria-sefic/minc-n-251-de-28-de-abril-de-2026-702114767,6,1092110.87,True,Homologar a redução de valor em favor do(s) projeto(s) cultural(is) relacionado(s) no(s)
"PORTARIA SEFIC/MINC Nº 252, DE 28 DE ABRIL DE 2026",252,alteracao_projeto,False,False,2026-04-28,2026-04-29,79,,20,Ministério da Cultura/Secretaria de Fomento e Incentivo à Cultura,https://www.in.gov.br/web/dou/-/portaria-sefic/minc-n-252-de-28-de-abril-de-2026-702100475,portaria-sefic/minc-n-252-de-28-de-abril-de-2026-702100475,1,0.0,True,Autorizar a alteração dos projetos culturais relacionados nos
"PORTARIA SEFIC/MINC Nº 253, DE 29 DE ABRIL DE 2026",253,homologacao_captacao,True,True,2026-04-29,2026-04-30,80,,74,Ministério da Cultura/Secretaria de Fomento e Incentivo à Cultura,https://www.in.gov.br/web/dou/-/portaria-sefic/minc-n-253-de-29-de-abril-de-2026-702415197,portaria-sefic/minc-n-253-de-29-de-abril-de-2026-702415197,108,78849241.28,True,Homologar os projetos culturais relacionados nos
"PORTARIA SEFIC/MINC Nº 254, DE 29 DE ABRIL DE 2026",254,complementacao_valor,True,False,2026-04-29,2026-04-30,80,,82,Ministério da Cultura/Secretaria de Fomento e Incentivo à Cultura,https://www.in.gov.br/web/dou/-/portaria-sefic/minc-n-254-de-29-de-abril-de-2026-702423045,portaria-sefic/minc-n-254-de-29-de-abril-de-2026-702423045,2,302007.07999999996,True,Homologar a complementação de valor em favor do(s) projeto(s) cultural(is) relacionado(s) no(s)
"PORTARIA SEFIC/MINC Nº 255, DE 29 DE ABRIL DE 2026",255,prorrogacao_prazo,True,False,2026-04-29,2026-04-30,80,,82,Ministério da Cultura/Secretaria de Fomento e Incentivo à Cultura,https://www.in.gov.br/web/dou/-/portaria-sefic/minc-n-255-de-29-de-abril-de-2026-702410577,portaria-sefic/minc-n-255-de-29-de-abril-de-2026-702410577,5,0.0,True,"Homologar a prorrogação do prazo de captação de recursos do(s) projeto(s) cultural(is), relacionado(s) no(s)"
"PORTARIA SEFIC/MINC Nº 256, DE 29 DE ABRIL DE 2026",256,reducao_valor,False,False,2026-04-29,2026-04-30,80,,82,Ministério da Cultura/Secretaria de Fomento e Incentivo à Cultura,https://www.in.gov.br/web/dou/-/portaria-sefic/minc-n-256-de-29-de-abril-de-2026-702423999,portaria-sefic/minc-n-256-de-29-de-abril-de-2026-702423999,10,413159.26,True,Homologar a redução de valor em favor do(s) projeto(s) cultural(is) relacionado(s) no(s)
"PORTARIA SEFIC/MINC Nº 257, DE 29 DE ABRIL DE 2026",257,outra,False,False,2026-04-29,2026-04-30,80,,82,Ministério da Cultura/Secretaria de Fomento e Incentivo à Cultura,https://www.in.gov.br/web/dou/-/portaria-sefic/minc-n-257-de-29-de-abril-de-2026-702408175,portaria-sefic/minc-n-257-de-29-de-abril-de-2026-702408175,0,,False,"Tornar público o descredenciamento do perito do Banco de Pareceristas da Secretaria de Economia Criativa e Fomento Cultura, a pedido, conforme disposto no Art. 19 da Instrução Normativa MinC nº 9, de 17 de novembro de 2023, o qual foi habilitado por meio do Edital de Chamamento Público SEFIC/MinC nº 2/2023, nas áreas e segmentos constantes no"
"PORTARIA SEFIC/MINC Nº 258, DE 30 DE ABRIL DE 2026",258,homologacao_captacao,True,True,2026-04-30,2026-05-04,81,,19,Ministério da Cultura/Secretaria de Fomento e Incentivo à Cultura,https://www.in.gov.br/web/dou/-/portaria-sefic/minc-n-258-de-30-de-abril-de-2026-702858163,portaria-sefic/minc-n-258-de-30-de-abril-de-2026-702858163,51,32417450.96,True,Homologar os projetos culturais relacionados nos
"PORTARIA SEFIC/MINC Nº 259, DE 30 DE ABRIL DE 2026",259,complementacao_valor,True,False,2026-04-30,2026-05-04,81,,23,Ministério da Cultura/Secretaria de Fomento e Incentivo à Cultura,https://www.in.gov.br/web/dou/-/portaria-sefic/minc-n-259-de-30-de-abril-de-2026-702850012,portaria-sefic/minc-n-259-de-30-de-abril-de-2026-702850012,1,144845.56,True,Homologar a complementação de valor em favor do(s) projeto(s) cultural(is) relacionado(s) no(s)
"PORTARIA SEFIC/MINC Nº 260, DE 30 DE ABRIL DE 2026",260,prorrogacao_prazo,True,False,2026-04-30,2026-05-04,81,,23,Ministério da Cultura/Secretaria de Fomento e Incentivo à Cultura,https://www.in.gov.br/web/dou/-/portaria-sefic/minc-n-260-de-30-de-abril-de-2026-702835702,portaria-sefic/minc-n-260-de-30-de-abril-de-2026-702835702,6,0.0,True,"Homologar a prorrogação do prazo de captação de recursos do(s) projeto(s) cultural(is), relacionado(s) no(s)"
"PORTARIA SEFIC/MINC Nº 261, DE 30 DE ABRIL DE 2026",261,reducao_valor,False,False,2026-04-30,2026-05-04,81,,23,Ministério da Cultura/Secretaria de Fomento e Incentivo à Cultura,https://www.in.gov.br/web/dou/-/portaria-sefic/minc-n-261-de-30-de-abril-de-2026-702829365,portaria-sefic/minc-n-261-de-30-de-abril-de-2026-702829365,9,11147339.91,True,Homologar a redução de valor em favor do(s) projeto(s) cultural(is) relacionado(s) no(s)
"PORTARIA SEFIC/MINC Nº 262, DE 4 DE MAIO DE 2026",262,homologacao_captacao,True,True,2026-05-04,2026-05-05,82,,21,Ministério da Cultura/Secretaria de Fomento e Incentivo à Cultura,https://www.in.gov.br/web/dou/-/portaria-sefic/minc-n-262-de-4-de-maio-de-2026-703203501,portaria-sefic/minc-n-262-de-4-de-maio-de-2026-703203501,77,186881717.54,True,Homologar os projetos culturais relacionados nos
"PORTARIA SEFIC/MINC Nº 263, DE 4 DE MAIO DE 2026",263,complementacao_valor,True,False,2026-05-04,2026-05-05,82,,26,Ministério da Cultura/Secretaria de Fomento e Incentivo à Cultura,https://www.in.gov.br/web/dou/-/portaria-sefic/minc-n-263-de-4-de-maio-de-2026-703196995,portaria-sefic/minc-n-263-de-4-de-maio-de-2026-703196995,1,64800.0,True,Homologar a complementação de valor em favor do(s) projeto(s) cultural(is) relacionado(s) no(s)
"PORTARIA SEFIC/MINC Nº 264, DE 4 DE MAIO DE 2026",264,prorrogacao_prazo,True,False,2026-05-04,2026-05-05,82,,26,Ministério da Cultura/Secretaria de Fomento e Incentivo à Cultura,https://www.in.gov.br/web/dou/-/portaria-sefic/minc-n-264-de-4-de-maio-de-2026-703168764,portaria-sefic/minc-n-264-de-4-de-maio-de-2026-703168764,71,0.0,True,"Homologar a prorrogação do prazo de captação de recursos do(s) projeto(s) cultural(is), relacionado(s) no(s)"
"PORTARIA SEFIC/MINC Nº 265, DE 4 DE MAIO DE 2026",265,reducao_valor,False,False,2026-05-04,2026-05-05,82,,29,Ministério da Cultura/Secretaria de Fomento e Incentivo à Cultura,https://www.in.gov.br/web/dou/-/portaria-sefic/minc-n-265-de-4-de-maio-de-2026-703185976,portaria-sefic/minc-n-265-de-4-de-maio-de-2026-703185976,7,1426931.6300000001,True,Homologar a redução de valor em favor do(s) projeto(s) cultural(is) relacionado(s) no(s)
"PORTARIA SEFIC/MINC Nº 266, DE 4 DE MAIO DE 2026",266,alteracao_projeto,False,False,2026-05-04,2026-05-05,82,,29,Ministério da Cultura/Secretaria de Fomento e Incentivo à Cultura,https://www.in.gov.br/web/dou/-/portaria-sefic/minc-n-266-de-4-de-maio-de-2026-703203000,portaria-sefic/minc-n-266-de-4-de-maio-de-2026-703203000,3,0.0,True,Autorizar a alteração dos projetos culturais relacionados nos
"PORTARIA SEFIC/MINC Nº 267, DE 5 DE MAIO DE 2026",267,homologacao_captacao,True,True,2026-05-05,2026-05-06,83,,45,Ministério da Cultura/Secretaria de Fomento e Incentivo à Cultura,https://www.in.gov.br/web/dou/-/portaria-sefic/minc-n-267-de-5-de-maio-de-2026-703471965,portaria-sefic/minc-n-267-de-5-de-maio-de-2026-703471965,57,65911161.48,True,Homologar os projetos culturais relacionados nos
"PORTARIA SEFIC/MINC Nº 268, DE 5 DE MAIO DE 2026",268,complementacao_valor,True,False,2026-05-05,2026-05-06,83,,49,Ministério da Cultura/Secretaria de Fomento e Incentivo à Cultura,https://www.in.gov.br/web/dou/-/portaria-sefic/minc-n-268-de-5-de-maio-de-2026-703473438,portaria-sefic/minc-n-268-de-5-de-maio-de-2026-703473438,1,47371.5,True,Homologar a complementação de valor em favor do(s) projeto(s) cultural(is) relacionado(s) no(s)
"PORTARIA SEFIC/MINC Nº 269, DE 5 DE MAIO DE 2026",269,prorrogacao_prazo,True,False,2026-05-05,2026-05-06,83,,49,Ministério da Cultura/Secretaria de Fomento e Incentivo à Cultura,https://www.in.gov.br/web/dou/-/portaria-sefic/minc-n-269-de-5-de-maio-de-2026-703468689,portaria-sefic/minc-n-269-de-5-de-maio-de-2026-703468689,10,0.0,True,"Homologar a prorrogação do prazo de captação de recursos do(s) projeto(s) cultural(is), relacionado(s) no(s)"
"PORTARIA SEFIC/MINC Nº 270, DE 5 DE MAIO DE 2026",270,reducao_valor,False,False,2026-05-05,2026-05-06,83,,49,Ministério da Cultura/Secretaria de Fomento e Incentivo à Cultura,https://www.in.gov.br/web/dou/-/portaria-sefic/minc-n-270-de-5-de-maio-de-2026-703481691,portaria-sefic/minc-n-270-de-5-de-maio-de-2026-703481691,4,94186.91,True,Homologar a redução de valor em favor do(s) projeto(s) cultural(is) relacionado(s) no(s)
"PORTARIA SEFIC/MINC Nº 271, DE 5 DE MAIO DE 2026",271,alteracao_projeto,False,False,2026-05-05,2026-05-06,83,,50,Ministério da Cultura/Secretaria de Fomento e Incentivo à Cultura,https://www.in.gov.br/web/dou/-/portaria-sefic/minc-n-271-de-5-de-maio-de-2026-703479995,portaria-sefic/minc-n-271-de-5-de-maio-de-2026-703479995,3,0.0,True,Autorizar a alteração dos projetos culturais relacionados nos
"PORTARIA SEFIC/MINC Nº 272, DE 6 DE MAIO DE 2026",272,homologacao_captacao,True,True,2026-05-06,2026-05-07,84,,35,Ministério da Cultura/Secretaria de Fomento e Incentivo à Cultura,https://www.in.gov.br/web/dou/-/portaria-sefic/minc-n-272-de-6-de-maio-de-2026-703867674,portaria-sefic/minc-n-272-de-6-de-maio-de-2026-703867674,142,350940753.21,True,Homologar os projetos culturais relacionados nos
"PORTARIA SEFIC/MINC Nº 273, DE 6 DE MAIO DE 2026",273,complementacao_valor,True,False,2026-05-06,2026-05-07,84,,45,Ministério da Cultura/Secretaria de Fomento e Incentivo à Cultura,https://www.in.gov.br/web/dou/-/portaria-sefic/minc-n-273-de-6-de-maio-de-2026-703866133,portaria-sefic/minc-n-273-de-6-de-maio-de-2026-703866133,7,213434.69,True,Homologar a complementação de valor em favor do(s) projeto(s) cultural(is) relacionado(s) no(s)
"PORTARIA SEFIC/MINC Nº 274, DE 6 DE MAIO DE 2026",274,prorrogacao_prazo,True,False,2026-05-06,2026-05-07,84,,45,Ministério da Cultura/Secretaria de Fomento e Incentivo à Cultura,https://www.in.gov.br/web/dou/-/portaria-sefic/minc-n-274-de-6-de-maio-de-2026-703849853,portaria-sefic/minc-n-274-de-6-de-maio-de-2026-703849853,5,0.0,True,"Homologar a prorrogação do prazo de captação de recursos do(s) projeto(s) cultural(is), relacionado(s) no(s)"
"PORTARIA SEFIC/MINC Nº 275, DE 6 DE MAIO DE 2026",275,reducao_valor,False,False,2026-05-06,2026-05-07,84,,45,Ministério da Cultura/Secretaria de Fomento e Incentivo à Cultura,https://www.in.gov.br/web/dou/-/portaria-sefic/minc-n-275-de-6-de-maio-de-2026-703851412,portaria-sefic/minc-n-275-de-6-de-maio-de-2026-703851412,8,251204.96,True,Homologar a redução de valor em favor do(s) projeto(s) cultural(is) relacionado(s) no(s)
"PORTARIA SEFIC/MINC Nº 276, DE 6 DE MAIO DE 2026",276,alteracao_projeto,False,False,2026-05-06,2026-05-07,84,,46,Ministério da Cultura/Secretaria de Fomento e Incentivo à Cultura,https://www.in.gov.br/web/dou/-/portaria-sefic/minc-n-276-de-6-de-maio-de-2026-703859281,portaria-sefic/minc-n-276-de-6-de-maio-de-2026-703859281,28,0.0,True,Autorizar a alteração dos projetos culturais relacionados nos
"PORTARIA SEFIC/MINC Nº 277, DE 7 DE MAIO DE 2026",277,complementacao_valor,True,False,2026-05-07,2026-05-08,85,,85,Ministério da Cultura/Secretaria de Fomento e Incentivo à Cultura,https://www.in.gov.br/web/dou/-/portaria-sefic/minc-n-277-de-7-de-maio-de-2026-704094713,portaria-sefic/minc-n-277-de-7-de-maio-de-2026-704094713,1,0.15,True,Homologar a complementação de valor em favor do(s) projeto(s) cultural(is) relacionado(s) no(s)
"PORTARIA SEFIC/MINC Nº 278, DE 7 DE MAIO DE 2026",278,prorrogacao_prazo,True,False,2026-05-07,2026-05-08,85,,86,Ministério da Cultura/Secretaria de Fomento e Incentivo à Cultura,https://www.in.gov.br/web/dou/-/portaria-sefic/minc-n-278-de-7-de-maio-de-2026-704105793,portaria-sefic/minc-n-278-de-7-de-maio-de-2026-704105793,8,0.0,True,"Homologar a prorrogação do prazo de captação de recursos do(s) projeto(s) cultural(is), relacionado(s) no(s)"
"PORTARIA SEFIC/MINC Nº 279, DE 7 DE MAIO DE 2026",279,alteracao_projeto,False,False,2026-05-07,2026-05-08,85,,86,Ministério da Cultura/Secretaria de Fomento e Incentivo à Cultura,https://www.in.gov.br/web/dou/-/portaria-sefic/minc-n-279-de-7-de-maio-de-2026-704105206,portaria-sefic/minc-n-279-de-7-de-maio-de-2026-704105206,1,0.0,True,Autorizar a alteração dos projetos culturais relacionados nos
"PORTARIA SEFIC/MINC Nº 280, DE 8 DE MAIO DE 2026",280,complementacao_valor,True,False,2026-05-08,2026-05-11,86,,16,Ministério da Cultura/Secretaria de Fomento e Incentivo à Cultura,https://www.in.gov.br/web/dou/-/portaria-sefic/minc-n-280-de-8-de-maio-de-2026-704422943,portaria-sefic/minc-n-280-de-8-de-maio-de-2026-704422943,1,207830.8,True,Homologar a complementação de valor em favor do(s) projeto(s) cultural(is) relacionado(s) no(s)
"PORTARIA SEFIC/MINC Nº 281, DE 8 DE MAIO DE 2026",281,prorrogacao_prazo,True,False,2026-05-08,2026-05-11,86,,16,Ministério da Cultura/Secretaria de Fomento e Incentivo à Cultura,https://www.in.gov.br/web/dou/-/portaria-sefic/minc-n-281-de-8-de-maio-de-2026-704412767,portaria-sefic/minc-n-281-de-8-de-maio-de-2026-704412767,6,0.0,True,"Homologar a prorrogação do prazo de captação de recursos do(s) projeto(s) cultural(is), relacionado(s) no(s)"
"PORTARIA SEFIC/MINC Nº 282, DE 8 DE MAIO DE 2026",282,alteracao_projeto,False,False,2026-05-08,2026-05-11,86,,16,Ministério da Cultura/Secretaria de Fomento e Incentivo à Cultura,https://www.in.gov.br/web/dou/-/portaria-sefic/minc-n-282-de-8-de-maio-de-2026-704413475,portaria-sefic/minc-n-282-de-8-de-maio-de-2026-704413475,8,0.0,True,Autorizar a alteração dos projetos culturais relacionados nos
"PORTARIA SEFIC/MINC Nº 283, DE 11 DE MAIO DE 2026",283,homologacao_captacao,True,True,2026-05-11,2026-05-12,87,,16,Ministério da Cultura/Secretaria de Fomento e Incentivo à Cultura,https://www.in.gov.br/web/dou/-/portaria-sefic/minc-n-283-de-11-de-maio-de-2026-704757520,portaria-sefic/minc-n-283-de-11-de-maio-de-2026-704757520,176,223110410.28,True,Homologar os projetos culturais relacionados nos
"PORTARIA SEFIC/MINC Nº 284, DE 11 DE MAIO DE 2026",284,complementacao_valor,True,False,2026-05-11,2026-05-12,87,,28,Ministério da Cultura/Secretaria de Fomento e Incentivo à Cultura,https://www.in.gov.br/web/dou/-/portaria-sefic/minc-n-284-de-11-de-maio-de-2026-704746460,portaria-sefic/minc-n-284-de-11-de-maio-de-2026-704746460,8,1620464.99,True,Homologar a complementação de valor em favor do(s) projeto(s) cultural(is) relacionado(s) no(s)
"PORTARIA SEFIC/MINC Nº 285, DE 11 DE MAIO DE 2026",285,prorrogacao_prazo,True,False,2026-05-11,2026-05-12,87,,29,Ministério da Cultura/Secretaria de Fomento e Incentivo à Cultura,https://www.in.gov.br/web/dou/-/portaria-sefic/minc-n-285-de-11-de-maio-de-2026-704743498,portaria-sefic/minc-n-285-de-11-de-maio-de-2026-704743498,11,0.0,True,"Homologar a prorrogação do prazo de captação de recursos do(s) projeto(s) cultural(is), relacionado(s) no(s)"
"PORTARIA SEFIC/MINC Nº 286, DE 11 DE MAIO DE 2026",286,reducao_valor,False,False,2026-05-11,2026-05-12,87,,29,Ministério da Cultura/Secretaria de Fomento e Incentivo à Cultura,https://www.in.gov.br/web/dou/-/portaria-sefic/minc-n-286-de-11-de-maio-de-2026-704745021,portaria-sefic/minc-n-286-de-11-de-maio-de-2026-704745021,23,5116235.66,True,Homologar a redução de valor em favor do(s) projeto(s) cultural(is) relacionado(s) no(s)
"PORTARIA SEFIC/MINC Nº 287, DE 12 DE MAIO DE 2026",287,homologacao_captacao,True,True,2026-05-12,2026-05-13,88,,13,Ministério da Cultura/Secretaria de Fomento e Incentivo à Cultura,https://www.in.gov.br/web/dou/-/portaria-sefic/minc-n-287-de-12-de-maio-de-2026-705063999,portaria-sefic/minc-n-287-de-12-de-maio-de-2026-705063999,62,66028437.63,True,Homologar os projetos culturais relacionados nos
"PORTARIA SEFIC/MINC Nº 288, DE 12 DE MAIO DE 2026",288,complementacao_valor,True,False,2026-05-12,2026-05-13,88,,18,Ministério da Cultura/Secretaria de Fomento e Incentivo à Cultura,https://www.in.gov.br/web/dou/-/portaria-sefic/minc-n-288-de-12-de-maio-de-2026-705062785,portaria-sefic/minc-n-288-de-12-de-maio-de-2026-705062785,11,918694.79,True,Homologar a complementação de valor em favor do(s) projeto(s) cultural(is) relacionado(s) no(s)
"PORTARIA SEFIC/MINC Nº 289, DE 12 DE MAIO DE 2026",289,prorrogacao_prazo,True,False,2026-05-12,2026-05-13,88,,18,Ministério da Cultura/Secretaria de Fomento e Incentivo à Cultura,https://www.in.gov.br/web/dou/-/portaria-sefic/minc-n-289-de-12-de-maio-de-2026-705064827,portaria-sefic/minc-n-289-de-12-de-maio-de-2026-705064827,2,0.0,True,"Homologar a prorrogação do prazo de captação de recursos do(s) projeto(s) cultural(is), relacionado(s) no(s)"
"PORTARIA SEFIC/MINC Nº 290, DE 12 DE MAIO DE 2026",290,reducao_valor,False,False,2026-05-12,2026-05-13,88,,19,Ministério da Cultura/Secretaria de Fomento e Incentivo à Cultura,https://www.in.gov.br/web/dou/-/portaria-sefic/minc-n-290-de-12-de-maio-de-2026-705087599,portaria-sefic/minc-n-290-de-12-de-maio-de-2026-705087599,30,12846958.99,True,Homologar a redução de valor em favor do(s) projeto(s) cultural(is) relacionado(s) no(s)
"PORTARIA SEFIC/MINC Nº 291, DE 12 DE MAIO DE 2026",291,alteracao_projeto,False,False,2026-05-12,2026-05-13,88,,20,Ministério da Cultura/Secretaria de Fomento e Incentivo à Cultura,https://www.in.gov.br/web/dou/-/portaria-sefic/minc-n-291-de-12-de-maio-de-2026-705083224,portaria-sefic/minc-n-291-de-12-de-maio-de-2026-705083224,15,0.0,True,Homologar a alteração dos projetos culturais relacionados nos
"PORTARIA SEFIC/MINC Nº 292, DE 13 DE MAIO DE 2026",292,complementacao_valor,True,False,2026-05-13,2026-05-14,89,,17,Ministério da Cultura/Secretaria de Fomento e Incentivo à Cultura,https://www.in.gov.br/web/dou/-/portaria-sefic/minc-n-292-de-13-de-maio-de-2026-705361756,portaria-sefic/minc-n-292-de-13-de-maio-de-2026-705361756,1,256220.8,True,Homologar a complementação de valor em favor do(s) projeto(s) cultural(is) relacionado(s) no(s)
"PORTARIA SEFIC/MINC Nº 293, DE 13 DE MAIO DE 2026",293,prorrogacao_prazo,True,False,2026-05-13,2026-05-14,89,,17,Ministério da Cultura/Secretaria de Fomento e Incentivo à Cultura,https://www.in.gov.br/web/dou/-/portaria-sefic/minc-n-293-de-13-de-maio-de-2026-705363384,portaria-sefic/minc-n-293-de-13-de-maio-de-2026-705363384,13,0.0,True,"Homologar a prorrogação do prazo de captação de recursos do(s) projeto(s) cultural(is), relacionado(s) no(s)"
"PORTARIA SEFIC/MINC Nº 294, DE 14 DE MAIO DE 2026",294,homologacao_captacao,True,True,2026-05-14,2026-05-15,90,,11,Ministério da Cultura/Secretaria de Fomento e Incentivo à Cultura,https://www.in.gov.br/web/dou/-/portaria-sefic/minc-n-294-de-14-de-maio-de-2026-705723222,portaria-sefic/minc-n-294-de-14-de-maio-de-2026-705723222,86,197262712.07999998,True,Homologar os projetos culturais relacionados nos
"PORTARIA SEFIC/MINC Nº 295, DE 14 DE MAIO DE 2026",295,complementacao_valor,True,False,2026-05-14,2026-05-15,90,,17,Ministério da Cultura/Secretaria de Fomento e Incentivo à Cultura,https://www.in.gov.br/web/dou/-/portaria-sefic/minc-n-295-de-14-de-maio-de-2026-705717773,portaria-sefic/minc-n-295-de-14-de-maio-de-2026-705717773,2,156026.24,True,Homologar a complementação de valor em favor do(s) projeto(s) cultural(is) relacionado(s) no(s)
"PORTARIA SEFIC/MINC Nº 296, DE 14 DE MAIO DE 2026",296,prorrogacao_prazo,True,False,2026-05-14,2026-05-15,90,,18,Ministério da Cultura/Secretaria de Fomento e Incentivo à Cultura,https://www.in.gov.br/web/dou/-/portaria-sefic/minc-n-296-de-14-de-maio-de-2026-705721905,portaria-sefic/minc-n-296-de-14-de-maio-de-2026-705721905,6,0.0,True,"Homologar a prorrogação do prazo de captação de recursos do(s) projeto(s) cultural(is), relacionado(s) no(s)"
"PORTARIA SEFIC/MINC Nº 297, DE 14 DE MAIO DE 2026",297,reducao_valor,False,False,2026-05-14,2026-05-15,90,,18,Ministério da Cultura/Secretaria de Fomento e Incentivo à Cultura,https://www.in.gov.br/web/dou/-/portaria-sefic/minc-n-297-de-14-de-maio-de-2026-705722387,portaria-sefic/minc-n-297-de-14-de-maio-de-2026-705722387,30,7178276.61,True,Homologar a redução de valor em favor do(s) projeto(s) cultural(is) relacionado(s) no(s)
"PORTARIA SEFIC/MINC Nº 298, DE 15 DE MAIO DE 2026",298,homologacao_captacao,True,True,2026-05-15,2026-05-18,91,,32,Ministério da Cultura/Secretaria de Fomento e Incentivo à Cultura,https://www.in.gov.br/web/dou/-/portaria-sefic/minc-n-298-de-15-de-maio-de-2026-706290957,portaria-sefic/minc-n-298-de-15-de-maio-de-2026-706290957,49,65731527.230000004,True,Homologar os projetos culturais relacionados nos
"PORTARIA SEFIC/MINC Nº 299, DE 15 DE MAIO DE 2026",299,complementacao_valor,True,False,2026-05-15,2026-05-18,91,,35,Ministério da Cultura/Secretaria de Fomento e Incentivo à Cultura,https://www.in.gov.br/web/dou/-/portaria-sefic/minc-n-299-de-15-de-maio-de-2026-706284220,portaria-sefic/minc-n-299-de-15-de-maio-de-2026-706284220,2,188657.92,True,Homologar a complementação de valor em favor do(s) projeto(s) cultural(is) relacionado(s) no(s)
"PORTARIA SEFIC/MINC Nº 300, DE 15 DE MAIO DE 2026",300,prorrogacao_prazo,True,False,2026-05-15,2026-05-18,91,,35,Ministério da Cultura/Secretaria de Fomento e Incentivo à Cultura,https://www.in.gov.br/web/dou/-/portaria-sefic/minc-n-300-de-15-de-maio-de-2026-706295096,portaria-sefic/minc-n-300-de-15-de-maio-de-2026-706295096,8,0.0,True,"Homologar a prorrogação do prazo de captação de recursos do(s) projeto(s) cultural(is), relacionado(s) no(s)"
"PORTARIA SEFIC/MINC Nº 301, DE 15 DE MAIO DE 2026",301,reducao_valor,False,False,2026-05-15,2026-05-18,91,,36,Ministério da Cultura/Secretaria de Fomento e Incentivo à Cultura,https://www.in.gov.br/web/dou/-/portaria-sefic/minc-n-301-de-15-de-maio-de-2026-706289147,portaria-sefic/minc-n-301-de-15-de-maio-de-2026-706289147,4,899383.0,True,Homologar a redução de valor em favor do(s) projeto(s) cultural(is) relacionado(s) no(s)
"PORTARIA SEFIC/MINC Nº 302, DE 15 DE MAIO DE 2026",302,alteracao_projeto,False,False,2026-05-15,2026-05-18,91,,36,Ministério da Cultura/Secretaria de Fomento e Incentivo à Cultura,https://www.in.gov.br/web/dou/-/portaria-sefic/minc-n-302-de-15-de-maio-de-2026-706283803,portaria-sefic/minc-n-302-de-15-de-maio-de-2026-706283803,15,0.0,True,Autorizar a alteração dos projetos culturais relacionados nos
"PORTARIA SEFIC/MINC Nº 303, DE 18 DE MAIO DE 2026",303,homologacao_captacao,True,True,2026-05-18,2026-05-19,92,,23,Ministério da Cultura/Secretaria de Fomento e Incentivo à Cultura,https://www.in.gov.br/web/dou/-/portaria-sefic/minc-n-303-de-18-de-maio-de-2026-706341586,portaria-sefic/minc-n-303-de-18-de-maio-de-2026-706341586,69,63249633.04,True,Homologar os projetos culturais relacionados nos
"PORTARIA SEFIC/MINC Nº 304, DE 18 DE MAIO DE 2026",304,complementacao_valor,True,False,2026-05-18,2026-05-19,92,,28,Ministério da Cultura/Secretaria de Fomento e Incentivo à Cultura,https://www.in.gov.br/web/dou/-/portaria-sefic/minc-n-304-de-18-de-maio-de-2026-706319369,portaria-sefic/minc-n-304-de-18-de-maio-de-2026-706319369,3,102070.83,True,Homologar a complementação de valor em favor do(s) projeto(s) cultural(is) relacionado(s) no(s)
"PORTARIA SEFIC/MINC Nº 305, DE 18 DE MAIO DE 2026",305,prorrogacao_prazo,True,False,2026-05-18,2026-05-19,92,,28,Ministério da Cultura/Secretaria de Fomento e Incentivo à Cultura,https://www.in.gov.br/web/dou/-/portaria-sefic/minc-n-305-de-18-de-maio-de-2026-706334463,portaria-sefic/minc-n-305-de-18-de-maio-de-2026-706334463,17,0.0,True,"Homologar a prorrogação do prazo de captação de recursos do(s) projeto(s) cultural(is), relacionado(s) no(s)"
"PORTARIA SEFIC/MINC Nº 306, DE 18 DE MAIO DE 2026",306,reducao_valor,False,False,2026-05-18,2026-05-19,92,,28,Ministério da Cultura/Secretaria de Fomento e Incentivo à Cultura,https://www.in.gov.br/web/dou/-/portaria-sefic/minc-n-306-de-18-de-maio-de-2026-706311106,portaria-sefic/minc-n-306-de-18-de-maio-de-2026-706311106,3,571696.7899999999,True,Homologar a redução de valor em favor do(s) projeto(s) cultural(is) relacionado(s) no(s)
"PORTARIA SEFIC/MINC Nº 307, DE 18 DE MAIO DE 2026",307,alteracao_projeto,False,False,2026-05-18,2026-05-19,92,,28,Ministério da Cultura/Secretaria de Fomento e Incentivo à Cultura,https://www.in.gov.br/web/dou/-/portaria-sefic/minc-n-307-de-18-de-maio-de-2026-706332432,portaria-sefic/minc-n-307-de-18-de-maio-de-2026-706332432,8,0.0,True,Autorizar a alteração dos projetos culturais relacionados nos
"PORTARIA SEFIC/MINC Nº 308, DE 19 DE MAIO DE 2026",308,homologacao_captacao,True,True,2026-05-19,2026-05-20,93,,16,Ministério da Cultura/Secretaria de Fomento e Incentivo à Cultura,https://www.in.gov.br/web/dou/-/portaria-sefic/minc-n-308-de-19-de-maio-de-2026-706578985,portaria-sefic/minc-n-308-de-19-de-maio-de-2026-706578985,70,74723517.9,True,Homologar os projetos culturais relacionados nos
"PORTARIA SEFIC/MINC Nº 309, DE 19 DE MAIO DE 2026",309,complementacao_valor,True,False,2026-05-19,2026-05-20,93,,21,Ministério da Cultura/Secretaria de Fomento e Incentivo à Cultura,https://www.in.gov.br/web/dou/-/portaria-sefic/minc-n-309-de-19-de-maio-de-2026-706585522,portaria-sefic/minc-n-309-de-19-de-maio-de-2026-706585522,2,69606.23999999999,True,Homologar a complementação de valor em favor do(s) projeto(s) cultural(is) relacionado(s) no(s)
"PORTARIA SEFIC/MINC Nº 310, DE 19 DE MAIO DE 2026",310,prorrogacao_prazo,True,False,2026-05-19,2026-05-20,93,,21,Ministério da Cultura/Secretaria de Fomento e Incentivo à Cultura,https://www.in.gov.br/web/dou/-/portaria-sefic/minc-n-310-de-19-de-maio-de-2026-706567745,portaria-sefic/minc-n-310-de-19-de-maio-de-2026-706567745,3,0.0,True,"Homologar a prorrogação do prazo de captação de recursos do(s) projeto(s) cultural(is), relacionado(s) no(s)"
"PORTARIA SEFIC/MINC Nº 311, DE 19 DE MAIO DE 2026",311,reducao_valor,False,False,2026-05-19,2026-05-20,93,,21,Ministério da Cultura/Secretaria de Fomento e Incentivo à Cultura,https://www.in.gov.br/web/dou/-/portaria-sefic/minc-n-311-de-19-de-maio-de-2026-706580312,portaria-sefic/minc-n-311-de-19-de-maio-de-2026-706580312,6,1405308.8,True,Homologar a redução de valor em favor do(s) projeto(s) cultural(is) relacionado(s) no(s)
"PORTARIA SEFIC/MINC Nº 312, DE 19 DE MAIO DE 2026",312,alteracao_projeto,False,False,2026-05-19,2026-05-20,93,,22,Ministério da Cultura/Secretaria de Fomento e Incentivo à Cultura,https://www.in.gov.br/web/dou/-/portaria-sefic/minc-n-312-de-19-de-maio-de-2026-706569844,portaria-sefic/minc-n-312-de-19-de-maio-de-2026-706569844,1,0.0,True,Homologar a alteração dos projetos culturais relacionados nos
"PORTARIA SEFIC/MINC Nº 25, DE 20 DE MAIO DE 2026",25,alteracao_projeto,False,False,2026-05-20,2026-05-21,94,,16,Ministério da Cultura/Secretaria do Audiovisual,https://www.in.gov.br/web/dou/-/portaria-sefic/minc-n-25-de-20-de-maio-de-2026-706907477,portaria-sefic/minc-n-25-de-20-de-maio-de-2026-706907477,22,0.0,True,Autorizar a alteração dos projetos culturais relacionados nos
"PORTARIA SEFIC/MINC Nº 313, DE 20 DE MAIO DE 2026",313,homologacao_captacao,True,True,2026-05-20,2026-05-21,94,,17,Ministério da Cultura/Secretaria de Fomento e Incentivo à Cultura,https://www.in.gov.br/web/dou/-/portaria-sefic/minc-n-313-de-20-de-maio-de-2026-706920897,portaria-sefic/minc-n-313-de-20-de-maio-de-2026-706920897,41,41450970.72,True,Homologar os projetos culturais relacionados nos
"PORTARIA SEFIC/MINC Nº 314, DE 20 DE MAIO DE 2026",314,complementacao_valor,True,False,2026-05-20,2026-05-21,94,,20,Ministério da Cultura/Secretaria de Fomento e Incentivo à Cultura,https://www.in.gov.br/web/dou/-/portaria-sefic/minc-n-314-de-20-de-maio-de-2026-706908374,portaria-sefic/minc-n-314-de-20-de-maio-de-2026-706908374,2,125005.19,True,Homologar a complementação de valor em favor do(s) projeto(s) cultural(is) relacionado(s) no(s)
"PORTARIA SEFIC/MINC Nº 315, DE 20 DE MAIO DE 2026",315,prorrogacao_prazo,True,False,2026-05-20,2026-05-21,94,,20,Ministério da Cultura/Secretaria de Fomento e Incentivo à Cultura,https://www.in.gov.br/web/dou/-/portaria-sefic/minc-n-315-de-20-de-maio-de-2026-706909848,portaria-sefic/minc-n-315-de-20-de-maio-de-2026-706909848,8,0.0,True,"Homologar a prorrogação do prazo de captação de recursos do(s) projeto(s) cultural(is), relacionado(s) no(s)"
"PORTARIA SEFIC/MINC Nº 316, DE 20 DE MAIO DE 2026",316,reducao_valor,False,False,2026-05-20,2026-05-21,94,,20,Ministério da Cultura/Secretaria de Fomento e Incentivo à Cultura,https://www.in.gov.br/web/dou/-/portaria-sefic/minc-n-316-de-20-de-maio-de-2026-706915676,portaria-sefic/minc-n-316-de-20-de-maio-de-2026-706915676,3,235719.19999999998,True,Homologar a redução de valor em favor do(s) projeto(s) cultural(is) relacionado(s) no(s)
"PORTARIA SEFIC/MINC Nº 317, DE 20 DE MAIO DE 2026",317,alteracao_projeto,False,False,2026-05-20,2026-05-21,94,,20,Ministério da Cultura/Secretaria de Fomento e Incentivo à Cultura,https://www.in.gov.br/web/dou/-/portaria-sefic/minc-n-317-de-20-de-maio-de-2026-706917386,portaria-sefic/minc-n-317-de-20-de-maio-de-2026-706917386,13,0.0,True,Autorizar a alteração dos projetos culturais relacionados nos
"PORTARIA SEFIC/MINC Nº 318, DE 20 DE MAIO DE 2026",318,outra,False,False,2026-05-20,2026-05-21,94,,21,Ministério da Cultura/Secretaria de Fomento e Incentivo à Cultura,https://www.in.gov.br/web/dou/-/portaria-sefic/minc-n-318-de-20-de-maio-de-2026-706916409,portaria-sefic/minc-n-318-de-20-de-maio-de-2026-706916409,0,,True,"Tornar pública a composição da Comissão de Seleção do Edital de Chamamento Público MinC n.º 1/2026 - Programa Rouanet no Interior I - Secretaria de Economia Criativa - SEC a) Titular: LUANNA DE SOUZA RIBEIRO b) Suplente: LUCAS SILVEIRA ANDRADE MARTINS III - Secretaria de Cidadania e Diversidade Cultural - SCDC: a) Titular: MARINA LEITE DA SILVEIRA b) Suplente: IVAN BOERE SOUZA IV - Secretaria de Formação Artística e Cultural, Livro e Leitura - SEFLI: a) Titular: MARCELLO GIOVANNI POCAI STELLA b) Suplente: LUCIO ENRICO VIEIRA ATTIA V - Secretaria de Articulação Federativa e Comitês de Cultura - SAFCC a) Titular: CLEIDE MARA VILELA DO CARMO b) Suplente: AMRCO ANTONIO VEZZANI VII - Instituto do Patrimônio Histórico e Artístico Nacional - IPHAN: a) Titular: MARÍLIA DE ALMEIDA GAMA b) Suplente: MARIANE DA SILVA PAULINO IX - Fundação Nacional de Artes - FUNARTE: a) Titular: SHARINE MACHADO CABRAL MELO b) Suplente: MARIANA DESTRO NOMELINI X - Neoenergia S/A a) Titular: RENATA FERREIRA CHAGAS b) Suplente: JULIANA VIANA RODRIGUES PIMENTEL"
"PORTARIA SEFIC/MINC Nº 319, DE 22 DE MAIO DE 2026",319,homologacao_captacao,True,True,2026-05-22,2026-05-25,96,,12,Ministério da Cultura/Secretaria de Fomento e Incentivo à Cultura,https://www.in.gov.br/web/dou/-/portaria-sefic/minc-n-319-de-22-de-maio-de-2026-707522153,portaria-sefic/minc-n-319-de-22-de-maio-de-2026-707522153,79,90772395.38,True,Homologar os projetos culturais relacionados nos
"PORTARIA SEFIC/MINC Nº 320, DE 22 DE MAIO DE 2026",320,complementacao_valor,True,False,2026-05-22,2026-05-25,96,,18,Ministério da Cultura/Secretaria de Fomento e Incentivo à Cultura,https://www.in.gov.br/web/dou/-/portaria-sefic/minc-n-320-de-22-de-maio-de-2026-707503452,portaria-sefic/minc-n-320-de-22-de-maio-de-2026-707503452,2,600867.3,True,Homologar a complementação de valor em favor do(s) projeto(s) cultural(is) relacionado(s) no(s)
"PORTARIA SEFIC/MINC Nº 321, DE 22 DE MAIO DE 2026",321,prorrogacao_prazo,True,False,2026-05-22,2026-05-25,96,,18,Ministério da Cultura/Secretaria de Fomento e Incentivo à Cultura,https://www.in.gov.br/web/dou/-/portaria-sefic/minc-n-321-de-22-de-maio-de-2026-707489801,portaria-sefic/minc-n-321-de-22-de-maio-de-2026-707489801,7,0.0,True,"Homologar a prorrogação do prazo de captação de recursos do(s) projeto(s) cultural(is), relacionado(s) no(s)"
"PORTARIA SEFIC/MINC Nº 322, DE 22 DE MAIO DE 2026",322,reducao_valor,False,False,2026-05-22,2026-05-25,96,,18,Ministério da Cultura/Secretaria de Fomento e Incentivo à Cultura,https://www.in.gov.br/web/dou/-/portaria-sefic/minc-n-322-de-22-de-maio-de-2026-707508847,portaria-sefic/minc-n-322-de-22-de-maio-de-2026-707508847,5,523902.62,True,Homologar a redução de valor em favor do(s) projeto(s) cultural(is) relacionado(s) no(s)
"PORTARIA SEFIC/MINC Nº 323, DE 22 DE MAIO DE 2026",323,alteracao_projeto,False,False,2026-05-22,2026-05-25,96,,18,Ministério da Cultura/Secretaria de Fomento e Incentivo à Cultura,https://www.in.gov.br/web/dou/-/portaria-sefic/minc-n-323-de-22-de-maio-de-2026-707511088,portaria-sefic/minc-n-323-de-22-de-maio-de-2026-707511088,12,0.0,True,Autorizar a alteração dos projetos culturais relacionados nos
"PORTARIA SEFIC/MINC Nº 324, DE 25 DE MAIO DE 2026",324,homologacao_captacao,True,True,2026-05-25,2026-05-26,97,,25,Ministério da Cultura/Secretaria de Fomento e Incentivo à Cultura,https://www.in.gov.br/web/dou/-/portaria-sefic/minc-n-324-de-25-de-maio-de-2026-708222844,portaria-sefic/minc-n-324-de-25-de-maio-de-2026-708222844,43,64971662.24,True,Homologar os projetos culturais relacionados nos
"PORTARIA SEFIC/MINC Nº 325, DE 25 DE MAIO DE 2026",325,complementacao_valor,True,False,2026-05-25,2026-05-26,97,,28,Ministério da Cultura/Secretaria de Fomento e Incentivo à Cultura,https://www.in.gov.br/web/dou/-/portaria-sefic/minc-n-325-de-25-de-maio-de-2026-708222795,portaria-sefic/minc-n-325-de-25-de-maio-de-2026-708222795,1,30722.76,True,Homologar a complementação de valor em favor do(s) projeto(s) cultural(is) relacionado(s) no(s)
"PORTARIA SEFIC/MINC Nº 326, DE 25 DE MAIO DE 2026",326,prorrogacao_prazo,True,False,2026-05-25,2026-05-26,97,,28,Ministério da Cultura/Secretaria de Fomento e Incentivo à Cultura,https://www.in.gov.br/web/dou/-/portaria-sefic/minc-n-326-de-25-de-maio-de-2026-708230157,portaria-sefic/minc-n-326-de-25-de-maio-de-2026-708230157,9,0.0,True,"Homologar a prorrogação do prazo de captação de recursos do(s) projeto(s) cultural(is), relacionado(s) no(s)"
"PORTARIA SEFIC/MINC Nº 327, DE 25 DE MAIO DE 2026",327,reducao_valor,False,False,2026-05-25,2026-05-26,97,,29,Ministério da Cultura/Secretaria de Fomento e Incentivo à Cultura,https://www.in.gov.br/web/dou/-/portaria-sefic/minc-n-327-de-25-de-maio-de-2026-708231214,portaria-sefic/minc-n-327-de-25-de-maio-de-2026-708231214,5,864156.76,True,Homologar a redução de valor em favor do(s) projeto(s) cultural(is) relacionado(s) no(s)
"PORTARIA SEFIC/MINC Nº 328, DE 25 DE MAIO DE 2026",328,alteracao_projeto,False,False,2026-05-25,2026-05-26,97,,29,Ministério da Cultura/Secretaria de Fomento e Incentivo à Cultura,https://www.in.gov.br/web/dou/-/portaria-sefic/minc-n-328-de-25-de-maio-de-2026-708234994,portaria-sefic/minc-n-328-de-25-de-maio-de-2026-708234994,3,0.0,True,Autorizar a alteração dos projetos culturais relacionados nos
"PORTARIA SEFIC/MINC Nº 329, DE 26 DE MAIO DE 2026",329,homologacao_captacao,True,True,2026-05-26,2026-05-27,98,,11,Ministério da Cultura/Secretaria de Fomento e Incentivo à Cultura,https://www.in.gov.br/web/dou/-/portaria-sefic/minc-n-329-de-26-de-maio-de-2026-708425517,portaria-sefic/minc-n-329-de-26-de-maio-de-2026-708425517,65,100833465.76,True,Homologar os projetos culturais relacionados nos
"PORTARIA SEFIC/MINC Nº 330, DE 26 DE MAIO DE 2026",330,prorrogacao_prazo,True,False,2026-05-26,2026-05-27,98,,16,Ministério da Cultura/Secretaria de Fomento e Incentivo à Cultura,https://www.in.gov.br/web/dou/-/portaria-sefic/minc-n-330-de-26-de-maio-de-2026-708433388,portaria-sefic/minc-n-330-de-26-de-maio-de-2026-708433388,4,0.0,True,"Homologar a prorrogação do prazo de captação de recursos do(s) projeto(s) cultural(is), relacionado(s) no(s)"
"PORTARIA SEFIC/MINC Nº 331, DE 26 DE MAIO DE 2026",331,reducao_valor,False,False,2026-05-26,2026-05-27,98,,16,Ministério da Cultura/Secretaria de Fomento e Incentivo à Cultura,https://www.in.gov.br/web/dou/-/portaria-sefic/minc-n-331-de-26-de-maio-de-2026-708427842,portaria-sefic/minc-n-331-de-26-de-maio-de-2026-708427842,11,1984459.06,True,Homologar a redução de valor em favor do(s) projeto(s) cultural(is) relacionado(s) no(s)
"PORTARIA SEFIC/MINC Nº 332, DE 26 DE MAIO DE 2026",332,alteracao_projeto,False,False,2026-05-26,2026-05-27,98,,16,Ministério da Cultura/Secretaria de Fomento e Incentivo à Cultura,https://www.in.gov.br/web/dou/-/portaria-sefic/minc-n-332-de-26-de-maio-de-2026-708428670,portaria-sefic/minc-n-332-de-26-de-maio-de-2026-708428670,7,0.0,True,Autorizar a alteração dos projetos culturais relacionados nos
"PORTARIA SEFIC/MINC Nº 333, DE 27 DE MAIO DE 2026",333,homologacao_captacao,True,True,2026-05-27,2026-05-28,99,,36,Ministério da Cultura/Secretaria de Fomento e Incentivo à Cultura,https://www.in.gov.br/web/dou/-/portaria-sefic/minc-n-333-de-27-de-maio-de-2026-709067262,portaria-sefic/minc-n-333-de-27-de-maio-de-2026-709067262,59,32442245.41,True,Homologar os projetos culturais relacionados nos
"PORTARIA SEFIC/MINC Nº 334, DE 27 DE MAIO DE 2026",334,complementacao_valor,True,False,2026-05-27,2026-05-28,99,,40,Ministério da Cultura/Secretaria de Fomento e Incentivo à Cultura,https://www.in.gov.br/web/dou/-/portaria-sefic/minc-n-334-de-27-de-maio-de-2026-709054365,portaria-sefic/minc-n-334-de-27-de-maio-de-2026-709054365,2,126101.29000000001,True,Homologar a complementação de valor em favor do(s) projeto(s) cultural(is) relacionado(s) no(s)
"PORTARIA SEFIC/MINC Nº 335, DE 27 DE MAIO DE 2026",335,prorrogacao_prazo,True,False,2026-05-27,2026-05-28,99,,40,Ministério da Cultura/Secretaria de Fomento e Incentivo à Cultura,https://www.in.gov.br/web/dou/-/portaria-sefic/minc-n-335-de-27-de-maio-de-2026-709070303,portaria-sefic/minc-n-335-de-27-de-maio-de-2026-709070303,4,0.0,True,"Homologar a prorrogação do prazo de captação de recursos do(s) projeto(s) cultural(is), relacionado(s) no(s)"
"PORTARIA SEFIC/MINC Nº 336, DE 27 DE MAIO DE 2026",336,alteracao_projeto,False,False,2026-05-27,2026-05-28,99,,40,Ministério da Cultura/Secretaria de Fomento e Incentivo à Cultura,https://www.in.gov.br/web/dou/-/portaria-sefic/minc-n-336-de-27-de-maio-de-2026-709056406,portaria-sefic/minc-n-336-de-27-de-maio-de-2026-709056406,1,0.0,True,Autorizar a alteração dos projetos culturais relacionados nos
"PORTARIA SEFIC/MINC Nº 337, DE 28 DE MAIO DE 2026",337,homologacao_captacao,True,True,2026-05-28,2026-05-29,100,,29,Ministério da Cultura/Secretaria de Fomento e Incentivo à Cultura,https://www.in.gov.br/web/dou/-/portaria-sefic/minc-n-337-de-28-de-maio-de-2026-709152825,portaria-sefic/minc-n-337-de-28-de-maio-de-2026-709152825,57,36540815.96,True,Homologar os projetos culturais relacionados nos
"PORTARIA SEFIC/MINC Nº 338, DE 28 DE MAIO DE 2026",338,complementacao_valor,True,False,2026-05-28,2026-05-29,100,,33,Ministério da Cultura/Secretaria de Fomento e Incentivo à Cultura,https://www.in.gov.br/web/dou/-/portaria-sefic/minc-n-338-de-28-de-maio-de-2026-709145146,portaria-sefic/minc-n-338-de-28-de-maio-de-2026-709145146,5,1209293.03,True,Homologar a complementação de valor em favor do(s) projeto(s) cultural(is) relacionado(s) no(s)
"PORTARIA SEFIC/MINC Nº 339, DE 28 DE MAIO DE 2026",339,prorrogacao_prazo,True,False,2026-05-28,2026-05-29,100,,33,Ministério da Cultura/Secretaria de Fomento e Incentivo à Cultura,https://www.in.gov.br/web/dou/-/portaria-sefic/minc-n-339-de-28-de-maio-de-2026-709152583,portaria-sefic/minc-n-339-de-28-de-maio-de-2026-709152583,8,0.0,True,"Homologar a prorrogação do prazo de captação de recursos do(s) projeto(s) cultural(is), relacionado(s) no(s)"
"PORTARIA SEFIC/MINC Nº 340, DE 28 DE MAIO DE 2026",340,alteracao_projeto,False,False,2026-05-28,2026-05-29,100,,34,Ministério da Cultura/Secretaria de Fomento e Incentivo à Cultura,https://www.in.gov.br/web/dou/-/portaria-sefic/minc-n-340-de-28-de-maio-de-2026-709148388,portaria-sefic/minc-n-340-de-28-de-maio-de-2026-709148388,5,0.0,True,Autorizar a alteração dos projetos culturais relacionados nos
"PORTARIA SEFIC/MINC Nº 341, DE 29 DE MAIO DE 2026",341,homologacao_captacao,True,True,2026-05-29,2026-06-01,101,,10,Ministério da Cultura/Secretaria de Fomento e Incentivo à Cultura,https://www.in.gov.br/web/dou/-/portaria-sefic/minc-n-341-de-29-de-maio-de-2026-709509042,portaria-sefic/minc-n-341-de-29-de-maio-de-2026-709509042,27,15279272.790000001,True,Homologar os projetos culturais relacionados nos
"PORTARIA SEFIC/MINC Nº 342, DE 29 DE MAIO DE 2026",342,prorrogacao_prazo,True,False,2026-05-29,2026-06-01,101,,12,Ministério da Cultura/Secretaria de Fomento e Incentivo à Cultura,https://www.in.gov.br/web/dou/-/portaria-sefic/minc-n-342-de-29-de-maio-de-2026-709511936,portaria-sefic/minc-n-342-de-29-de-maio-de-2026-709511936,2,0.0,True,"Homologar a prorrogação do prazo de captação de recursos do(s) projeto(s) cultural(is), relacionado(s) no(s)"
"PORTARIA SEFIC/MINC Nº 343, DE 29 DE MAIO DE 2026",343,reducao_valor,False,False,2026-05-29,2026-06-01,101,,13,Ministério da Cultura/Secretaria de Fomento e Incentivo à Cultura,https://www.in.gov.br/web/dou/-/portaria-sefic/minc-n-343-de-29-de-maio-de-2026-709517132,portaria-sefic/minc-n-343-de-29-de-maio-de-2026-709517132,1,-0.01,True,Homologar a redução de valor em favor do(s) projeto(s) cultural(is) relacionado(s) no(s)
"PORTARIA SEFIC/MINC Nº 344, DE 1º DE JUNHO DE 2026",344,homologacao_captacao,True,True,2026-06-01,2026-06-02,102,,16,Ministério da Cultura/Secretaria de Fomento e Incentivo à Cultura,https://www.in.gov.br/web/dou/-/portaria-sefic/minc-n-344-de-1-de-junho-de-2026-709826692,portaria-sefic/minc-n-344-de-1-de-junho-de-2026-709826692,56,248671664.88,True,Homologar os projetos culturais relacionados nos
"PORTARIA SEFIC/MINC Nº 345, DE 1º DE JUNHO DE 2026",345,complementacao_valor,True,False,2026-06-01,2026-06-02,102,,20,Ministério da Cultura/Secretaria de Fomento e Incentivo à Cultura,https://www.in.gov.br/web/dou/-/portaria-sefic/minc-n-345-de-1-de-junho-de-2026-709839628,portaria-sefic/minc-n-345-de-1-de-junho-de-2026-709839628,2,37861.19,True,Homologar a complementação de valor em favor do(s) projeto(s) cultural(is) relacionado(s) no(s)
"PORTARIA SEFIC/MINC Nº 346, DE 1º DE JUNHO DE 2026",346,prorrogacao_prazo,True,False,2026-06-01,2026-06-02,102,,21,Ministério da Cultura/Secretaria de Fomento e Incentivo à Cultura,https://www.in.gov.br/web/dou/-/portaria-sefic/minc-n-346-de-1-de-junho-de-2026-709828805,portaria-sefic/minc-n-346-de-1-de-junho-de-2026-709828805,72,0.0,True,"Homologar a prorrogação do prazo de captação de recursos do(s) projeto(s) cultural(is), relacionado(s) no(s)"
"PORTARIA SEFIC/MINC Nº 347, DE 1º DE JUNHO DE 2026",347,alteracao_projeto,False,False,2026-06-01,2026-06-02,102,,23,Ministério da Cultura/Secretaria de Fomento e Incentivo à Cultura,https://www.in.gov.br/web/dou/-/portaria-sefic/minc-n-347-de-1-de-junho-de-2026-709842581,portaria-sefic/minc-n-347-de-1-de-junho-de-2026-709842581,6,0.0,True,Autorizar a alteração dos projetos culturais relacionados nos
"PORTARIA SEFIC/MINC Nº 348, DE 2 DE JUNHO DE 2026",348,complementacao_valor,True,False,2026-06-02,2026-06-03,103,,30,Ministério da Cultura/Secretaria de Fomento e Incentivo à Cultura,https://www.in.gov.br/web/dou/-/portaria-sefic/minc-n-348-de-2-de-junho-de-2026-710151774,portaria-sefic/minc-n-348-de-2-de-junho-de-2026-710151774,1,81557.91,True,Homologar a complementação de valor em favor do(s) projeto(s) cultural(is) relacionado(s) no(s)
"PORTARIA SEFIC/MINC Nº 349, DE 2 DE JUNHO DE 2026",349,prorrogacao_prazo,True,False,2026-06-02,2026-06-03,103,,30,Ministério da Cultura/Secretaria de Fomento e Incentivo à Cultura,https://www.in.gov.br/web/dou/-/portaria-sefic/minc-n-349-de-2-de-junho-de-2026-710117417,portaria-sefic/minc-n-349-de-2-de-junho-de-2026-710117417,8,0.0,True,"Homologar a prorrogação do prazo de captação de recursos do(s) projeto(s) cultural(is), relacionado(s) no(s)"
"PORTARIA SEFIC/MINC Nº 350, DE 2 DE JUNHO DE 2026",350,alteracao_projeto,False,False,2026-06-02,2026-06-03,103,,31,Ministério da Cultura/Secretaria de Fomento e Incentivo à Cultura,https://www.in.gov.br/web/dou/-/portaria-sefic/minc-n-350-de-2-de-junho-de-2026-710146292,portaria-sefic/minc-n-350-de-2-de-junho-de-2026-710146292,3,0.0,True,Autorizar a alteração dos projetos culturais relacionados nos
"PORTARIA SEFIC/MINC Nº 351, DE 3 DE JUNHO DE 2026",351,homologacao_captacao,True,True,2026-06-03,2026-06-08,104,,160,Ministério da Cultura/Secretaria de Fomento e Incentivo à Cultura,https://www.in.gov.br/web/dou/-/portaria-sefic/minc-n-351-de-3-de-junho-de-2026-710492307,portaria-sefic/minc-n-351-de-3-de-junho-de-2026-710492307,75,50407591.42,True,Homologar os projetos culturais relacionados nos
"PORTARIA SEFIC/MINC Nº 352, DE 3 DE JUNHO DE 2026",352,complementacao_valor,True,False,2026-06-03,2026-06-08,104,,165,Ministério da Cultura/Secretaria de Fomento e Incentivo à Cultura,https://www.in.gov.br/web/dou/-/portaria-sefic/minc-n-352-de-3-de-junho-de-2026-710504088,portaria-sefic/minc-n-352-de-3-de-junho-de-2026-710504088,2,2913058.16,True,Homologar a complementação de valor em favor do(s) projeto(s) cultural(is) relacionado(s) no(s)
"PORTARIA SEFIC/MINC Nº 353, DE 3 DE JUNHO DE 2026",353,prorrogacao_prazo,True,False,2026-06-03,2026-06-08,104,,165,Ministério da Cultura/Secretaria de Fomento e Incentivo à Cultura,https://www.in.gov.br/web/dou/-/portaria-sefic/minc-n-353-de-3-de-junho-de-2026-710489904,portaria-sefic/minc-n-353-de-3-de-junho-de-2026-710489904,6,0.0,True,"Homologar a prorrogação do prazo de captação de recursos do(s) projeto(s) cultural(is), relacionado(s) no(s)"
"PORTARIA SEFIC/MINC Nº 354, DE 3 DE JUNHO DE 2026",354,reducao_valor,False,False,2026-06-03,2026-06-08,104,,165,Ministério da Cultura/Secretaria de Fomento e Incentivo à Cultura,https://www.in.gov.br/web/dou/-/portaria-sefic/minc-n-354-de-3-de-junho-de-2026-710496090,portaria-sefic/minc-n-354-de-3-de-junho-de-2026-710496090,1,-112.19,True,Homologar a redução de valor em favor do(s) projeto(s) cultural(is) relacionado(s) no(s)
"PORTARIA SEFIC/MINC Nº 355, DE 3 DE JUNHO DE 2026",355,alteracao_projeto,False,False,2026-06-03,2026-06-08,104,,166,Ministério da Cultura/Secretaria de Fomento e Incentivo à Cultura,https://www.in.gov.br/web/dou/-/portaria-sefic/minc-n-355-de-3-de-junho-de-2026-710502180,portaria-sefic/minc-n-355-de-3-de-junho-de-2026-710502180,2,0.0,True,Autorizar a alteração dos projetos culturais relacionados nos
"PORTARIA SEFIC/MINC Nº 356, DE 11 DE JUNHO DE 2026",356,complementacao_valor,True,False,2026-06-11,2026-06-12,108,,12,Ministério da Cultura/Secretaria de Fomento e Incentivo à Cultura,https://www.in.gov.br/web/dou/-/portaria-sefic/minc-n-356-de-11-de-junho-de-2026-711728149,portaria-sefic/minc-n-356-de-11-de-junho-de-2026-711728149,5,631775.05,True,Homologar o valor complementado de valor em favor do(s) projeto(s) cultural(is) relacionado(s) no(s)
"PORTARIA SEFIC/MINC Nº 357, DE 11 DE JUNHO DE 2026",357,prorrogacao_prazo,True,False,2026-06-11,2026-06-12,108,,12,Ministério da Cultura/Secretaria de Fomento e Incentivo à Cultura,https://www.in.gov.br/web/dou/-/portaria-sefic/minc-n-357-de-11-de-junho-de-2026-711739920,portaria-sefic/minc-n-357-de-11-de-junho-de-2026-711739920,19,0.0,True,"Homologar a prorrogação do prazo de captação de recursos do(s) projeto(s) cultural(is), relacionado(s) no(s)"
"PORTARIA SEFIC/MINC Nº 358, DE 11 DE JUNHO DE 2026",358,reducao_valor,False,False,2026-06-11,2026-06-12,108,,13,Ministério da Cultura/Secretaria de Fomento e Incentivo à Cultura,https://www.in.gov.br/web/dou/-/portaria-sefic/minc-n-358-de-11-de-junho-de-2026-711711319,portaria-sefic/minc-n-358-de-11-de-junho-de-2026-711711319,1,11776.05,True,Homologar o valor reduzido de valor em favor do(s) projeto(s) cultural(is) relacionado(s) no(s)
"PORTARIA SEFIC/MINC Nº 359, DE 11 DE JUNHO DE 2026",359,alteracao_projeto,False,False,2026-06-11,2026-06-12,108,,13,Ministério da Cultura/Secretaria de Fomento e Incentivo à Cultura,https://www.in.gov.br/web/dou/-/portaria-sefic/minc-n-359-de-11-de-junho-de-2026-711719521,portaria-sefic/minc-n-359-de-11-de-junho-de-2026-711719521,11,0.0,True,Homologar a alteração dos projetos culturais relacionados nos
"PORTARIA SEFIC/MINC Nº 360, DE 12 DE JUNHO DE 2026",360,homologacao_captacao,True,True,2026-06-12,2026-06-15,109,,13,Ministério da Cultura/Secretaria de Fomento e Incentivo à Cultura,https://www.in.gov.br/web/dou/-/portaria-sefic/minc-n-360-de-12-de-junho-de-2026-712071492,portaria-sefic/minc-n-360-de-12-de-junho-de-2026-712071492,224,479116539.74,True,Homologar os projetos culturais relacionados nos
"PORTARIA SEFIC/MINC Nº 361, DE 12 DE JUNHO DE 2026",361,complementacao_valor,True,False,2026-06-12,2026-06-15,109,,28,Ministério da Cultura/Secretaria de Fomento e Incentivo à Cultura,https://www.in.gov.br/web/dou/-/portaria-sefic/minc-n-361-de-12-de-junho-de-2026-712054256,portaria-sefic/minc-n-361-de-12-de-junho-de-2026-712054256,9,14846529.06,True,Homologar o valor complementado de valor em favor do(s) projeto(s) cultural(is) relacionado(s) no(s)
"PORTARIA SEFIC/MINC Nº 362, DE 12 DE JUNHO DE 2026",362,reducao_valor,False,False,2026-06-12,2026-06-15,109,,29,Ministério da Cultura/Secretaria de Fomento e Incentivo à Cultura,https://www.in.gov.br/web/dou/-/portaria-sefic/minc-n-362-de-12-de-junho-de-2026-712060538,portaria-sefic/minc-n-362-de-12-de-junho-de-2026-712060538,29,18535951.63,True,Homologar o valor reduzido de valor em favor do(s) projeto(s) cultural(is) relacionado(s) no(s)
"PORTARIA SEFIC/MINC Nº 363, DE 12 DE JUNHO DE 2026",363,alteracao_projeto,False,False,2026-06-12,2026-06-15,109,,30,Ministério da Cultura/Secretaria de Fomento e Incentivo à Cultura,https://www.in.gov.br/web/dou/-/portaria-sefic/minc-n-363-de-12-de-junho-de-2026-712075959,portaria-sefic/minc-n-363-de-12-de-junho-de-2026-712075959,1,0.0,True,Homologar a alteração dos projetos culturais relacionados nos
"PORTARIA SEFIC/MINC Nº 364, DE 12 DE JUNHO DE 2026",364,prorrogacao_prazo,True,False,2026-06-12,2026-06-15,109,,30,Ministério da Cultura/Secretaria de Fomento e Incentivo à Cultura,https://www.in.gov.br/web/dou/-/portaria-sefic/minc-n-364-de-12-de-junho-de-2026-712070015,portaria-sefic/minc-n-364-de-12-de-junho-de-2026-712070015,3,0.0,True,"Homologar a prorrogação do prazo de captação de recursos do(s) projeto(s) cultural(is), relacionado(s) no(s)"
"PORTARIA SEFIC/MINC Nº 365, DE 15 DE JUNHO DE 2026",365,homologacao_captacao,True,True,2026-06-15,2026-06-16,110,,30,Ministério da Cultura/Secretaria de Fomento e Incentivo à Cultura,https://www.in.gov.br/web/dou/-/portaria-sefic/minc-n-365-de-15-de-junho-de-2026-712353258,portaria-sefic/minc-n-365-de-15-de-junho-de-2026-712353258,69,42867285.56,True,Homologar os projetos culturais relacionados nos
"PORTARIA SEFIC/MINC Nº 366, DE 15 DE JUNHO DE 2026",366,prorrogacao_prazo,True,False,2026-06-15,2026-06-16,110,,35,Ministério da Cultura/Secretaria de Fomento e Incentivo à Cultura,https://www.in.gov.br/web/dou/-/portaria-sefic/minc-n-366-de-15-de-junho-de-2026-712361701,portaria-sefic/minc-n-366-de-15-de-junho-de-2026-712361701,7,0.0,True,"Homologar a prorrogação do prazo de captação de recursos do(s) projeto(s) cultural(is), relacionado(s) no(s)"
"PORTARIA SEFIC/MINC Nº 367, DE 15 DE JUNHO DE 2026",367,reducao_valor,False,False,2026-06-15,2026-06-16,110,,35,Ministério da Cultura/Secretaria de Fomento e Incentivo à Cultura,https://www.in.gov.br/web/dou/-/portaria-sefic/minc-n-367-de-15-de-junho-de-2026-712368358,portaria-sefic/minc-n-367-de-15-de-junho-de-2026-712368358,43,11327261.81,True,Homologar o valor reduzido de valor em favor do(s) projeto(s) cultural(is) relacionado(s) no(s)
"PORTARIA SEFIC/MINC Nº 368, DE 15 DE JUNHO DE 2026",368,alteracao_projeto,False,False,2026-06-15,2026-06-16,110,,37,Ministério da Cultura/Secretaria de Fomento e Incentivo à Cultura,https://www.in.gov.br/web/dou/-/portaria-sefic/minc-n-368-de-15-de-junho-de-2026-712381479,portaria-sefic/minc-n-368-de-15-de-junho-de-2026-712381479,18,0.0,True,Homologar a alteração dos projetos culturais relacionados nos
"PORTARIA SEFIC/MINC Nº 369, DE 16 DE JUNHO DE 2026",369,homologacao_captacao,True,True,2026-06-16,2026-06-17,111,,23,Ministério da Cultura/Secretaria de Fomento e Incentivo à Cultura,https://www.in.gov.br/web/dou/-/portaria-sefic/minc-n-369-de-16-de-junho-de-2026-712673738,portaria-sefic/minc-n-369-de-16-de-junho-de-2026-712673738,38,50802443.28,True,Homologar os projetos culturais relacionados nos
"PORTARIA SEFIC/MINC Nº 370, DE 16 DE JUNHO DE 2026",370,complementacao_valor,True,False,2026-06-16,2026-06-17,111,,26,Ministério da Cultura/Secretaria de Fomento e Incentivo à Cultura,https://www.in.gov.br/web/dou/-/portaria-sefic/minc-n-370-de-16-de-junho-de-2026-712664085,portaria-sefic/minc-n-370-de-16-de-junho-de-2026-712664085,22,5635152.95,True,Homologar o valor complementado de valor em favor do(s) projeto(s) cultural(is) relacionado(s) no(s)
"PORTARIA SEFIC/MINC Nº 371, DE 16 DE JUNHO DE 2026",371,prorrogacao_prazo,True,False,2026-06-16,2026-06-17,111,,27,Ministério da Cultura/Secretaria de Fomento e Incentivo à Cultura,https://www.in.gov.br/web/dou/-/portaria-sefic/minc-n-371-de-16-de-junho-de-2026-712673505,portaria-sefic/minc-n-371-de-16-de-junho-de-2026-712673505,6,0.0,True,"Homologar a prorrogação do prazo de captação de recursos do(s) projeto(s) cultural(is), relacionado(s) no(s)"
"PORTARIA SEFIC/MINC Nº 372, DE 16 DE JUNHO DE 2026",372,reducao_valor,False,False,2026-06-16,2026-06-17,111,,28,Ministério da Cultura/Secretaria de Fomento e Incentivo à Cultura,https://www.in.gov.br/web/dou/-/portaria-sefic/minc-n-372-de-16-de-junho-de-2026-712658974,portaria-sefic/minc-n-372-de-16-de-junho-de-2026-712658974,31,17326140.78,True,Homologar o valor reduzido de valor em favor do(s) projeto(s) cultural(is) relacionado(s) no(s)
"PORTARIA SEFIC/MINC Nº 373, DE 16 DE JUNHO DE 2026",373,alteracao_projeto,False,False,2026-06-16,2026-06-17,111,,29,Ministério da Cultura/Secretaria de Fomento e Incentivo à Cultura,https://www.in.gov.br/web/dou/-/portaria-sefic/minc-n-373-de-16-de-junho-de-2026-712662779,portaria-sefic/minc-n-373-de-16-de-junho-de-2026-712662779,3,0.0,True,Homologar a alteração dos projetos culturais relacionados nos
"PORTARIA SEFIC/MINC Nº 374, DE 17 DE JUNHO DE 2026",374,alteracao_projeto,False,False,2026-06-17,2026-06-18,112,,19,Ministério da Cultura/Secretaria de Fomento e Incentivo à Cultura,https://www.in.gov.br/web/dou/-/portaria-sefic/minc-n-374-de-17-de-junho-de-2026-713273423,portaria-sefic/minc-n-374-de-17-de-junho-de-2026-713273423,4,0.0,True,Homologar a alteração dos projetos culturais relacionados nos
"PORTARIA SEFIC/MINC Nº 375, DE 17 DE JUNHO DE 2026",375,prorrogacao_prazo,True,False,2026-06-17,2026-06-18,112,,19,Ministério da Cultura/Secretaria de Fomento e Incentivo à Cultura,https://www.in.gov.br/web/dou/-/portaria-sefic/minc-n-375-de-17-de-junho-de-2026-713268709,portaria-sefic/minc-n-375-de-17-de-junho-de-2026-713268709,5,0.0,True,"Homologar a prorrogação do prazo de captação de recursos do(s) projeto(s) cultural(is), relacionado(s) no(s)"
"PORTARIA SEFIC/MINC Nº 376, DE 18 DE JUNHO DE 2026",376,homologacao_captacao,True,True,2026-06-18,2026-06-19,113,,23,Ministério da Cultura/Secretaria de Fomento e Incentivo à Cultura,https://www.in.gov.br/web/dou/-/portaria-sefic/minc-n-376-de-18-de-junho-de-2026-713304032,portaria-sefic/minc-n-376-de-18-de-junho-de-2026-713304032,80,68835352.02,True,Homologar os projetos culturais relacionados nos
"PORTARIA SEFIC/MINC Nº 377, DE 18 DE JUNHO DE 2026",377,complementacao_valor,True,False,2026-06-18,2026-06-19,113,,29,Ministério da Cultura/Secretaria de Fomento e Incentivo à Cultura,https://www.in.gov.br/web/dou/-/portaria-sefic/minc-n-377-de-18-de-junho-de-2026-713289747,portaria-sefic/minc-n-377-de-18-de-junho-de-2026-713289747,4,2151022.97,True,Homologar o valor complementado de valor em favor do(s) projeto(s) cultural(is) relacionado(s) no(s)
"PORTARIA SEFIC/MINC Nº 378, DE 18 DE JUNHO DE 2026",378,prorrogacao_prazo,True,False,2026-06-18,2026-06-19,113,,29,Ministério da Cultura/Secretaria de Fomento e Incentivo à Cultura,https://www.in.gov.br/web/dou/-/portaria-sefic/minc-n-378-de-18-de-junho-de-2026-713304429,portaria-sefic/minc-n-378-de-18-de-junho-de-2026-713304429,10,0.0,True,"Homologar a prorrogação do prazo de captação de recursos do(s) projeto(s) cultural(is), relacionado(s) no(s)"
"PORTARIA SEFIC/MINC Nº 379, DE 18 DE JUNHO DE 2026",379,reducao_valor,False,False,2026-06-18,2026-06-19,113,,29,Ministério da Cultura/Secretaria de Fomento e Incentivo à Cultura,https://www.in.gov.br/web/dou/-/portaria-sefic/minc-n-379-de-18-de-junho-de-2026-713289452,portaria-sefic/minc-n-379-de-18-de-junho-de-2026-713289452,4,1486871.5,True,Homologar o valor reduzido de valor em favor do(s) projeto(s) cultural(is) relacionado(s) no(s)
"PORTARIA SEFIC/MINC Nº 380, DE 18 DE JUNHO DE 2026",380,alteracao_projeto,False,False,2026-06-18,2026-06-19,113,,29,Ministério da Cultura/Secretaria de Fomento e Incentivo à Cultura,https://www.in.gov.br/web/dou/-/portaria-sefic/minc-n-380-de-18-de-junho-de-2026-713281264,portaria-sefic/minc-n-380-de-18-de-junho-de-2026-713281264,8,0.0,True,Homologar a alteração dos projetos culturais relacionados nos
"PORTARIA SEFIC/MINC Nº 381, DE 19 DE JUNHO DE 2026",381,homologacao_captacao,True,True,2026-06-19,2026-06-22,114,,13,Ministério da Cultura/Secretaria de Fomento e Incentivo à Cultura,https://www.in.gov.br/web/dou/-/portaria-sefic/minc-n-381-de-19-de-junho-de-2026-713517499,portaria-sefic/minc-n-381-de-19-de-junho-de-2026-713517499,39,48665519.3,True,Homologar os projetos culturais relacionados nos
"PORTARIA SEFIC/MINC Nº 382, DE 19 DE JUNHO DE 2026",382,prorrogacao_prazo,True,False,2026-06-19,2026-06-22,114,,16,Ministério da Cultura/Secretaria de Fomento e Incentivo à Cultura,https://www.in.gov.br/web/dou/-/portaria-sefic/minc-n-382-de-19-de-junho-de-2026-713517645,portaria-sefic/minc-n-382-de-19-de-junho-de-2026-713517645,4,0.0,True,"Homologar a prorrogação do prazo de captação de recursos do(s) projeto(s) cultural(is), relacionado(s) no(s)"
"PORTARIA SEFIC/MINC Nº 383, DE 19 DE JUNHO DE 2026",383,reducao_valor,False,False,2026-06-19,2026-06-22,114,,16,Ministério da Cultura/Secretaria de Fomento e Incentivo à Cultura,https://www.in.gov.br/web/dou/-/portaria-sefic/minc-n-383-de-19-de-junho-de-2026-713585095,portaria-sefic/minc-n-383-de-19-de-junho-de-2026-713585095,2,55314.86,True,Homologar o valor reduzido de valor em favor do(s) projeto(s) cultural(is) relacionado(s) no(s)
"PORTARIA SEFIC/MINC Nº 384, DE 19 DE JUNHO DE 2026",384,alteracao_projeto,False,False,2026-06-19,2026-06-22,114,,16,Ministério da Cultura/Secretaria de Fomento e Incentivo à Cultura,https://www.in.gov.br/web/dou/-/portaria-sefic/minc-n-384-de-19-de-junho-de-2026-713585178,portaria-sefic/minc-n-384-de-19-de-junho-de-2026-713585178,4,0.0,True,Homologar a alteração dos projetos culturais relacionados nos
"PORTARIA SEFIC/MINC Nº 386, DE 22 DE JUNHO DE 2026",386,prorrogacao_prazo,True,False,2026-06-22,2026-06-23,115,,10,Ministério da Cultura/Secretaria de Fomento e Incentivo à Cultura,https://www.in.gov.br/web/dou/-/portaria-sefic/minc-n-386-de-22-de-junho-de-2026-713846984,portaria-sefic/minc-n-386-de-22-de-junho-de-2026-713846984,12,0.0,True,"Homologar a prorrogação do prazo de captação de recursos do(s) projeto(s) cultural(is), relacionado(s) no(s)"
"PORTARIA SEFIC/MINC Nº 388, DE 22 DE JUNHO DE 2026",388,alteracao_projeto,False,False,2026-06-22,2026-06-23,115,,10,Ministério da Cultura/Secretaria de Fomento e Incentivo à Cultura,https://www.in.gov.br/web/dou/-/portaria-sefic/minc-n-388-de-22-de-junho-de-2026-713856317,portaria-sefic/minc-n-388-de-22-de-junho-de-2026-713856317,3,0.0,True,Homologar a alteração dos projetos culturais relacionados nos
"PORTARIA SEFIC/MINC Nº 389, DE 23 DE JUNHO DE 2026",389,homologacao_captacao,True,True,2026-06-23,2026-06-24,116,,44,Ministério da Cultura/Secretaria de Fomento e Incentivo à Cultura,https://www.in.gov.br/web/dou/-/portaria-sefic/minc-n-389-de-23-de-junho-de-2026-714414769,portaria-sefic/minc-n-389-de-23-de-junho-de-2026-714414769,55,84308157.01,True,Homologar os projetos culturais relacionados nos
"PORTARIA SEFIC/MINC Nº 390, DE 23 DE JUNHO DE 2026",390,complementacao_valor,True,False,2026-06-23,2026-06-24,116,,48,Ministério da Cultura/Secretaria de Fomento e Incentivo à Cultura,https://www.in.gov.br/web/dou/-/portaria-sefic/minc-n-390-de-23-de-junho-de-2026-714420361,portaria-sefic/minc-n-390-de-23-de-junho-de-2026-714420361,5,308035.3,True,Homologar o valor complementado de valor em favor do(s) projeto(s) cultural(is) relacionado(s) no(s)
"PORTARIA SEFIC/MINC Nº 391, DE 23 DE JUNHO DE 2026",391,prorrogacao_prazo,True,False,2026-06-23,2026-06-24,116,,48,Ministério da Cultura/Secretaria de Fomento e Incentivo à Cultura,https://www.in.gov.br/web/dou/-/portaria-sefic/minc-n-391-de-23-de-junho-de-2026-714410191,portaria-sefic/minc-n-391-de-23-de-junho-de-2026-714410191,4,0.0,True,"Homologar a prorrogação do prazo de captação de recursos do(s) projeto(s) cultural(is), relacionado(s) no(s)"
"PORTARIA SEFIC/MINC Nº 392, DE 23 DE JUNHO DE 2026",392,reducao_valor,False,False,2026-06-23,2026-06-24,116,,48,Ministério da Cultura/Secretaria de Fomento e Incentivo à Cultura,https://www.in.gov.br/web/dou/-/portaria-sefic/minc-n-392-de-23-de-junho-de-2026-714436233,portaria-sefic/minc-n-392-de-23-de-junho-de-2026-714436233,10,2278422.62,True,Homologar o valor reduzido de valor em favor do(s) projeto(s) cultural(is) relacionado(s) no(s)
"PORTARIA SEFIC/MINC Nº 393, DE 23 DE JUNHO DE 2026",393,alteracao_projeto,False,False,2026-06-23,2026-06-24,116,,49,Ministério da Cultura/Secretaria de Fomento e Incentivo à Cultura,https://www.in.gov.br/web/dou/-/portaria-sefic/minc-n-393-de-23-de-junho-de-2026-714412952,portaria-sefic/minc-n-393-de-23-de-junho-de-2026-714412952,13,0.0,True,Homologar a alteração dos projetos culturais relacionados nos
"PORTARIA SEFIC/MINC Nº 394, DE 26 DE JUNHO DE 2026",394,homologacao_captacao,True,True,2026-06-26,2026-06-29,119,,9,Ministério da Cultura/Secretaria de Fomento e Incentivo à Cultura,https://www.in.gov.br/web/dou/-/portaria-sefic/minc-n-394-de-26-de-junho-de-2026-716767398,portaria-sefic/minc-n-394-de-26-de-junho-de-2026-716767398,49,82191257.14,True,Homologar os projetos culturais relacionados nos
"PORTARIA SEFIC/MINC Nº 395, DE 26 DE JUNHO DE 2026",395,complementacao_valor,True,False,2026-06-26,2026-06-29,119,,13,Ministério da Cultura/Secretaria de Fomento e Incentivo à Cultura,https://www.in.gov.br/web/dou/-/portaria-sefic/minc-n-395-de-26-de-junho-de-2026-715159788,portaria-sefic/minc-n-395-de-26-de-junho-de-2026-715159788,8,825803.01,True,Homologar o valor complementado de valor em favor do(s) projeto(s) cultural(is) relacionado(s) no(s)
"PORTARIA SEFIC/MINC Nº 397, DE 26 DE JUNHO DE 2026",397,reducao_valor,False,False,2026-06-26,2026-06-29,119,,13,Ministério da Cultura/Secretaria de Fomento e Incentivo à Cultura,https://www.in.gov.br/web/dou/-/portaria-sefic/minc-n-397-de-26-de-junho-de-2026-716767477,portaria-sefic/minc-n-397-de-26-de-junho-de-2026-716767477,20,4637658.33,True,Homologar o valor reduzido de valor em favor do(s) projeto(s) cultural(is) relacionado(s) no(s)
"PORTARIA SEFIC/MINC Nº 400, DE 30 DE JUNHO DE 2026",400,complementacao_valor,True,False,2026-06-30,2026-07-01,121,,67,Ministério da Cultura/Secretaria de Fomento e Incentivo à Cultura,https://www.in.gov.br/web/dou/-/portaria-sefic/minc-n-400-de-30-de-junho-de-2026-715759719,portaria-sefic/minc-n-400-de-30-de-junho-de-2026-715759719,8,2979704.8499999996,True,Homologar o valor complementado de valor em favor do(s) projeto(s) cultural(is) relacionado(s) no(s)
"PORTARIA SEFIC/MINC Nº 403, DE 1º DE JULHO DE 2026",403,homologacao_captacao,True,True,2026-07-01,2026-07-02,122,,13,Ministério da Cultura/Secretaria de Fomento e Incentivo à Cultura,https://www.in.gov.br/web/dou/-/portaria-sefic/minc-n-403-de-1-de-julho-de-2026-716320825,portaria-sefic/minc-n-403-de-1-de-julho-de-2026-716320825,40,36524794.06,True,Homologar os projetos culturais relacionados nos
"PORTARIA SEFIC/MINC Nº 405, DE 1º DE JULHO DE 2026",405,reducao_valor,False,False,2026-07-01,2026-07-02,122,,16,Ministério da Cultura/Secretaria de Fomento e Incentivo à Cultura,https://www.in.gov.br/web/dou/-/portaria-sefic/minc-n-405-de-1-de-julho-de-2026-716344435,portaria-sefic/minc-n-405-de-1-de-julho-de-2026-716344435,38,13522141.83,True,Homologar o valor reduzido de valor em favor do(s) projeto(s) cultural(is) relacionado(s) no(s)
"PORTARIA SEFIC/MINC Nº 406, DE 1º DE JULHO DE 2026",406,alteracao_projeto,False,False,2026-07-01,2026-07-02,122,,18,Ministério da Cultura/Secretaria de Fomento e Incentivo à Cultura,https://www.in.gov.br/web/dou/-/portaria-sefic/minc-n-406-de-1-de-julho-de-2026-716339401,portaria-sefic/minc-n-406-de-1-de-julho-de-2026-716339401,4,0.0,True,Homologar a alteração dos projetos culturais relacionados nos
"PORTARIA SEFIC/MINC Nº 407, DE 2 DE JULHO DE 2026",407,homologacao_captacao,True,True,2026-07-02,2026-07-03,123,,94,Ministério da Cultura/Secretaria de Fomento e Incentivo à Cultura,https://www.in.gov.br/web/dou/-/portaria-sefic/minc-n-407-de-2-de-julho-de-2026-716689504,portaria-sefic/minc-n-407-de-2-de-julho-de-2026-716689504,40,18963447.16,True,Homologar os projetos culturais relacionados nos
"PORTARIA SEFIC/MINC Nº 408, DE 2 DE JULHO DE 2026",408,complementacao_valor,True,False,2026-07-02,2026-07-03,123,,97,Ministério da Cultura/Secretaria de Fomento e Incentivo à Cultura,https://www.in.gov.br/web/dou/-/portaria-sefic/minc-n-408-de-2-de-julho-de-2026-716716607,portaria-sefic/minc-n-408-de-2-de-julho-de-2026-716716607,3,895320.19,True,Homologar o valor complementado de valor em favor do(s) projeto(s) cultural(is) relacionado(s) no(s)
"PORTARIA SEFIC/MINC Nº 409, DE 2 DE JULHO DE 2026",409,prorrogacao_prazo,True,False,2026-07-02,2026-07-03,123,,97,Ministério da Cultura/Secretaria de Fomento e Incentivo à Cultura,https://www.in.gov.br/web/dou/-/portaria-sefic/minc-n-409-de-2-de-julho-de-2026-716680637,portaria-sefic/minc-n-409-de-2-de-julho-de-2026-716680637,129,0.0,True,"Homologar a prorrogação do prazo de captação de recursos do(s) projeto(s) cultural(is), relacionado(s) no(s)"
"PORTARIA SEFIC/MINC Nº 410, DE 2 DE JULHO DE 2026",410,reducao_valor,False,False,2026-07-02,2026-07-03,123,,101,Ministério da Cultura/Secretaria de Fomento e Incentivo à Cultura,https://www.in.gov.br/web/dou/-/portaria-sefic/minc-n-410-de-2-de-julho-de-2026-716712601,portaria-sefic/minc-n-410-de-2-de-julho-de-2026-716712601,14,2771660.55,True,Homologar o valor reduzido de valor em favor do(s) projeto(s) cultural(is) relacionado(s) no(s)
"PORTARIA SEFIC/MINC Nº 411, DE 2 DE JULHO DE 2026",411,alteracao_projeto,False,False,2026-07-02,2026-07-03,123,,101,Ministério da Cultura/Secretaria de Fomento e Incentivo à Cultura,https://www.in.gov.br/web/dou/-/portaria-sefic/minc-n-411-de-2-de-julho-de-2026-716714212,portaria-sefic/minc-n-411-de-2-de-julho-de-2026-716714212,9,0.0,True,Homologar a alteração dos projetos culturais relacionados nos
"PORTARIA SEFIC/MINC Nº 412, DE 3 DE JULHO DE 2026",412,homologacao_captacao,True,True,2026-07-03,2026-07-06,124,,26,Ministério da Cultura/Secretaria de Fomento e Incentivo à Cultura,https://www.in.gov.br/web/dou/-/portaria-sefic/minc-n-412-de-3-de-julho-de-2026-716849782,portaria-sefic/minc-n-412-de-3-de-julho-de-2026-716849782,32,114397022.44,True,Homologar os projetos culturais relacionados nos
"PORTARIA SEFIC/MINC Nº 413, DE 3 DE JULHO DE 2026",413,complementacao_valor,True,False,2026-07-03,2026-07-06,124,,28,Ministério da Cultura/Secretaria de Fomento e Incentivo à Cultura,https://www.in.gov.br/web/dou/-/portaria-sefic/minc-n-413-de-3-de-julho-de-2026-716868941,portaria-sefic/minc-n-413-de-3-de-julho-de-2026-716868941,2,51977.22,True,Homologar o valor complementado de valor em favor do(s) projeto(s) cultural(is) relacionado(s) no(s)
"PORTARIA SEFIC/MINC Nº 414, DE 3 DE JULHO DE 2026",414,prorrogacao_prazo,True,False,2026-07-03,2026-07-06,124,,28,Ministério da Cultura/Secretaria de Fomento e Incentivo à Cultura,https://www.in.gov.br/web/dou/-/portaria-sefic/minc-n-414-de-3-de-julho-de-2026-716863755,portaria-sefic/minc-n-414-de-3-de-julho-de-2026-716863755,7,0.0,True,"Homologar a prorrogação do prazo de captação de recursos do(s) projeto(s) cultural(is), relacionado(s) no(s)"
"PORTARIA SEFIC/MINC Nº 415, DE 3 DE JULHO DE 2026",415,reducao_valor,False,False,2026-07-03,2026-07-06,124,,29,Ministério da Cultura/Secretaria de Fomento e Incentivo à Cultura,https://www.in.gov.br/web/dou/-/portaria-sefic/minc-n-415-de-3-de-julho-de-2026-716878225,portaria-sefic/minc-n-415-de-3-de-julho-de-2026-716878225,2,103123.2,True,Homologar o valor reduzido de valor em favor do(s) projeto(s) cultural(is) relacionado(s) no(s)
"PORTARIA SEFIC/MINC Nº 416, DE 3 DE JULHO DE 2026",416,alteracao_projeto,False,False,2026-07-03,2026-07-06,124,,29,Ministério da Cultura/Secretaria de Fomento e Incentivo à Cultura,https://www.in.gov.br/web/dou/-/portaria-sefic/minc-n-416-de-3-de-julho-de-2026-716880222,portaria-sefic/minc-n-416-de-3-de-julho-de-2026-716880222,3,0.0,True,Homologar a alteração dos projetos culturais relacionados nos
"PORTARIA SEFIC/MINC Nº 417, DE 7 DE JULHO DE 2026",417,complementacao_valor,True,False,2026-07-07,2026-07-08,126,,15,Ministério da Cultura/Secretaria de Fomento e Incentivo à Cultura,https://www.in.gov.br/web/dou/-/portaria-sefic/minc-n-417-de-7-de-julho-de-2026-717484586,portaria-sefic/minc-n-417-de-7-de-julho-de-2026-717484586,2,139002.25,True,Homologar o valor complementado de valor em favor do(s) projeto(s) cultural(is) relacionado(s) no(s)
"PORTARIA SEFIC/MINC Nº 418, DE 7 DE JULHO DE 2026",418,prorrogacao_prazo,True,False,2026-07-07,2026-07-08,126,,15,Ministério da Cultura/Secretaria de Fomento e Incentivo à Cultura,https://www.in.gov.br/web/dou/-/portaria-sefic/minc-n-418-de-7-de-julho-de-2026-717468208,portaria-sefic/minc-n-418-de-7-de-julho-de-2026-717468208,10,0.0,True,"Homologar a prorrogação do prazo de captação de recursos do(s) projeto(s) cultural(is), relacionado(s) no(s)"
"PORTARIA SEFIC/MINC Nº 419, DE 7 DE JULHO DE 2026",419,alteracao_projeto,False,False,2026-07-07,2026-07-08,126,,15,Ministério da Cultura/Secretaria de Fomento e Incentivo à Cultura,https://www.in.gov.br/web/dou/-/portaria-sefic/minc-n-419-de-7-de-julho-de-2026-717483007,portaria-sefic/minc-n-419-de-7-de-julho-de-2026-717483007,1,0.0,True,Homologar a alteração dos projetos culturais relacionados nos
"PORTARIA SEFIC/MINC Nº 420, DE 8 DE JULHO DE 2026",420,homologacao_captacao,True,True,2026-07-08,2026-07-09,127,,13,Ministério da Cultura/Secretaria de Fomento e Incentivo à Cultura,https://www.in.gov.br/web/dou/-/portaria-sefic/minc-n-420-de-8-de-julho-de-2026-717850796,portaria-sefic/minc-n-420-de-8-de-julho-de-2026-717850796,121,131362012.48,True,Homologar os projetos culturais relacionados nos
"PORTARIA SEFIC/MINC Nº 421, DE 8 DE JULHO DE 2026",421,complementacao_valor,True,False,2026-07-08,2026-07-09,127,,22,Ministério da Cultura/Secretaria de Fomento e Incentivo à Cultura,https://www.in.gov.br/web/dou/-/portaria-sefic/minc-n-421-de-8-de-julho-de-2026-717839908,portaria-sefic/minc-n-421-de-8-de-julho-de-2026-717839908,9,182943.51,True,Homologar o valor complementado de valor em favor do(s) projeto(s) cultural(is) relacionado(s) no(s)
"PORTARIA SEFIC/MINC Nº 422, DE 8 DE JULHO DE 2026",422,prorrogacao_prazo,True,False,2026-07-08,2026-07-09,127,,22,Ministério da Cultura/Secretaria de Fomento e Incentivo à Cultura,https://www.in.gov.br/web/dou/-/portaria-sefic/minc-n-422-de-8-de-julho-de-2026-717836876,portaria-sefic/minc-n-422-de-8-de-julho-de-2026-717836876,15,0.0,True,"Homologar a prorrogação do prazo de captação de recursos do(s) projeto(s) cultural(is), relacionado(s) no(s)"
"PORTARIA SEFIC/MINC Nº 423, DE 8 DE JULHO DE 2026",423,reducao_valor,False,False,2026-07-08,2026-07-09,127,,22,Ministério da Cultura/Secretaria de Fomento e Incentivo à Cultura,https://www.in.gov.br/web/dou/-/portaria-sefic/minc-n-423-de-8-de-julho-de-2026-717840676,portaria-sefic/minc-n-423-de-8-de-julho-de-2026-717840676,12,1727318.84,True,Homologar o valor reduzido de valor em favor do(s) projeto(s) cultural(is) relacionado(s) no(s)
"PORTARIA SEFIC/MINC Nº 424, DE 8 DE JULHO DE 2026",424,alteracao_projeto,False,False,2026-07-08,2026-07-09,127,,23,Ministério da Cultura/Secretaria de Fomento e Incentivo à Cultura,https://www.in.gov.br/web/dou/-/portaria-sefic/minc-n-424-de-8-de-julho-de-2026-717849128,portaria-sefic/minc-n-424-de-8-de-julho-de-2026-717849128,28,0.0,True,Homologar a alteração dos projetos culturais relacionados nos
"PORTARIA SEFIC/MINC Nº 425, DE 9 DE JULHO DE 2026",425,homologacao_captacao,True,True,2026-07-09,2026-07-10,128,,68,Ministério da Cultura/Secretaria de Fomento e Incentivo à Cultura,https://www.in.gov.br/web/dou/-/portaria-sefic/minc-n-425-de-9-de-julho-de-2026-718131755,portaria-sefic/minc-n-425-de-9-de-julho-de-2026-718131755,47,71166333.06,True,Homologar os projetos culturais relacionados nos
"PORTARIA SEFIC/MINC Nº 426, DE 9 DE JULHO DE 2026",426,complementacao_valor,True,False,2026-07-09,2026-07-10,128,,71,Ministério da Cultura/Secretaria de Fomento e Incentivo à Cultura,https://www.in.gov.br/web/dou/-/portaria-sefic/minc-n-426-de-9-de-julho-de-2026-718124068,portaria-sefic/minc-n-426-de-9-de-julho-de-2026-718124068,3,220020.4,True,Homologar o valor complementado de valor em favor do(s) projeto(s) cultural(is) relacionado(s) no(s)
"PORTARIA SEFIC/MINC Nº 427, DE 9 DE JULHO DE 2026",427,prorrogacao_prazo,True,False,2026-07-09,2026-07-10,128,,71,Ministério da Cultura/Secretaria de Fomento e Incentivo à Cultura,https://www.in.gov.br/web/dou/-/portaria-sefic/minc-n-427-de-9-de-julho-de-2026-718115631,portaria-sefic/minc-n-427-de-9-de-julho-de-2026-718115631,3,0.0,True,"Homologar a prorrogação do prazo de captação de recursos do(s) projeto(s) cultural(is), relacionado(s) no(s)"
"PORTARIA SEFIC/MINC Nº 428, DE 9 DE JULHO DE 2026",428,reducao_valor,False,False,2026-07-09,2026-07-10,128,,71,Ministério da Cultura/Secretaria de Fomento e Incentivo à Cultura,https://www.in.gov.br/web/dou/-/portaria-sefic/minc-n-428-de-9-de-julho-de-2026-718133081,portaria-sefic/minc-n-428-de-9-de-julho-de-2026-718133081,1,24.2,True,Homologar o valor reduzido de valor em favor do(s) projeto(s) cultural(is) relacionado(s) no(s)
"PORTARIA SEFIC/MINC Nº 429, DE 9 DE JULHO DE 2026",429,alteracao_projeto,False,False,2026-07-09,2026-07-10,128,,72,Ministério da Cultura/Secretaria de Fomento e Incentivo à Cultura,https://www.in.gov.br/web/dou/-/portaria-sefic/minc-n-429-de-9-de-julho-de-2026-718124664,portaria-sefic/minc-n-429-de-9-de-julho-de-2026-718124664,4,0.0,True,Homologar a alteração dos projetos culturais relacionados nos
"PORTARIA SEFIC/MINC Nº 430, DE 13 DE JULHO DE 2026",430,homologacao_captacao,True,True,2026-07-13,2026-07-14,130,,54,Ministério da Cultura/Secretaria de Fomento e Incentivo à Cultura,https://www.in.gov.br/web/dou/-/portaria-sefic/minc-n-430-de-13-de-julho-de-2026-718727502,portaria-sefic/minc-n-430-de-13-de-julho-de-2026-718727502,46,95046462.78,True,Homologar os projetos culturais relacionados nos
"PORTARIA SEFIC/MINC Nº 431, DE 13 DE JULHO DE 2026",431,prorrogacao_prazo,True,False,2026-07-13,2026-07-14,130,,57,Ministério da Cultura/Secretaria de Fomento e Incentivo à Cultura,https://www.in.gov.br/web/dou/-/portaria-sefic/minc-n-431-de-13-de-julho-de-2026-718705077,portaria-sefic/minc-n-431-de-13-de-julho-de-2026-718705077,8,0.0,True,"Homologar a prorrogação do prazo de captação de recursos do(s) projeto(s) cultural(is), relacionado(s) no(s)"
"PORTARIA SEFIC/MINC Nº 432, DE 13 DE JULHO DE 2026",432,reducao_valor,False,False,2026-07-13,2026-07-14,130,,57,Ministério da Cultura/Secretaria de Fomento e Incentivo à Cultura,https://www.in.gov.br/web/dou/-/portaria-sefic/minc-n-432-de-13-de-julho-de-2026-718717687,portaria-sefic/minc-n-432-de-13-de-julho-de-2026-718717687,1,0.13,True,Homologar o valor reduzido de valor em favor do(s) projeto(s) cultural(is) relacionado(s) no(s)
"PORTARIA SEFIC/MINC Nº 433, DE 13 DE JULHO DE 2026",433,alteracao_projeto,False,False,2026-07-13,2026-07-14,130,,57,Ministério da Cultura/Secretaria de Fomento e Incentivo à Cultura,https://www.in.gov.br/web/dou/-/portaria-sefic/minc-n-433-de-13-de-julho-de-2026-718706857,portaria-sefic/minc-n-433-de-13-de-julho-de-2026-718706857,5,0.0,True,Homologar a alteração dos projetos culturais relacionados nos
"PORTARIA SEFIC/MINC Nº 434, DE 14 DE JULHO DE 2026",434,homologacao_captacao,True,True,2026-07-14,2026-07-15,131,,11,Ministério da Cultura/Secretaria de Fomento e Incentivo à Cultura,https://www.in.gov.br/web/dou/-/portaria-sefic/minc-n-434-de-14-de-julho-de-2026-719003842,portaria-sefic/minc-n-434-de-14-de-julho-de-2026-719003842,71,47882585.08,True,Homologar os projetos culturais relacionados nos
"PORTARIA SEFIC/MINC Nº 435, DE 14 DE JULHO DE 2026",435,complementacao_valor,True,False,2026-07-14,2026-07-15,131,,16,Ministério da Cultura/Secretaria de Fomento e Incentivo à Cultura,https://www.in.gov.br/web/dou/-/portaria-sefic/minc-n-435-de-14-de-julho-de-2026-719000651,portaria-sefic/minc-n-435-de-14-de-julho-de-2026-719000651,2,22741457.29,True,Homologar o valor complementado de valor em favor do(s) projeto(s) cultural(is) relacionado(s) no(s)
"PORTARIA SEFIC/MINC Nº 436, DE 14 DE JULHO DE 2026",436,prorrogacao_prazo,True,False,2026-07-14,2026-07-15,131,,16,Ministério da Cultura/Secretaria de Fomento e Incentivo à Cultura,https://www.in.gov.br/web/dou/-/portaria-sefic/minc-n-436-de-14-de-julho-de-2026-719005651,portaria-sefic/minc-n-436-de-14-de-julho-de-2026-719005651,1,0.0,True,"Homologar a prorrogação do prazo de captação de recursos do(s) projeto(s) cultural(is), relacionado(s) no(s)"
"PORTARIA SEFIC/MINC Nº 437, DE 14 DE JULHO DE 2026",437,reducao_valor,False,False,2026-07-14,2026-07-15,131,,16,Ministério da Cultura/Secretaria de Fomento e Incentivo à Cultura,https://www.in.gov.br/web/dou/-/portaria-sefic/minc-n-437-de-14-de-julho-de-2026-718993844,portaria-sefic/minc-n-437-de-14-de-julho-de-2026-718993844,1,14438.05,True,Homologar o valor reduzido de valor em favor do(s) projeto(s) cultural(is) relacionado(s) no(s)
"PORTARIA SEFIC/MINC Nº 438, DE 14 DE JULHO DE 2026",438,alteracao_projeto,False,False,2026-07-14,2026-07-15,131,,16,Ministério da Cultura/Secretaria de Fomento e Incentivo à Cultura,https://www.in.gov.br/web/dou/-/portaria-sefic/minc-n-438-de-14-de-julho-de-2026-718992847,portaria-sefic/minc-n-438-de-14-de-julho-de-2026-718992847,6,0.0,True,Homologar a alteração dos projetos culturais relacionados nos
"PORTARIA SEFIC/MINC Nº 439, DE 15 DE JULHO DE 2026",439,homologacao_captacao,True,True,2026-07-15,2026-07-16,132,,32,Ministério da Cultura/Secretaria de Fomento e Incentivo à Cultura,https://www.in.gov.br/web/dou/-/portaria-sefic/minc-n-439-de-15-de-julho-de-2026-719509876,portaria-sefic/minc-n-439-de-15-de-julho-de-2026-719509876,43,104237742.97,True,Homologar os projetos culturais relacionados nos
"PORTARIA SEFIC/MINC Nº 440, DE 15 DE JULHO DE 2026",440,prorrogacao_prazo,True,False,2026-07-15,2026-07-16,132,,35,Ministério da Cultura/Secretaria de Fomento e Incentivo à Cultura,https://www.in.gov.br/web/dou/-/portaria-sefic/minc-n-440-de-15-de-julho-de-2026-719531070,portaria-sefic/minc-n-440-de-15-de-julho-de-2026-719531070,6,0.0,True,"Homologar a prorrogação do prazo de captação de recursos do(s) projeto(s) cultural(is), relacionado(s) no(s)"
"PORTARIA SEFIC/MINC Nº 441, DE 15 DE JULHO DE 2026",441,alteracao_projeto,False,False,2026-07-15,2026-07-16,132,,35,Ministério da Cultura/Secretaria de Fomento e Incentivo à Cultura,https://www.in.gov.br/web/dou/-/portaria-sefic/minc-n-441-de-15-de-julho-de-2026-719525770,portaria-sefic/minc-n-441-de-15-de-julho-de-2026-719525770,4,0.0,True,Homologar a alteração dos projetos culturais relacionados nos
"PORTARIA SEFIC/MINC Nº 443, DE 16 DE JULHO DE 2026",443,complementacao_valor,True,False,2026-07-16,2026-07-17,133,,88,Ministério da Cultura/Secretaria de Fomento e Incentivo à Cultura,https://www.in.gov.br/web/dou/-/portaria-sefic/minc-n-443-de-16-de-julho-de-2026-719814141,portaria-sefic/minc-n-443-de-16-de-julho-de-2026-719814141,1,21016.07,True,Homologar o valor complementado de valor em favor do(s) projeto(s) cultural(is) relacionado(s) no(s)
"PORTARIA SEFIC/MINC Nº 444, DE 16 DE JULHO DE 2026",444,prorrogacao_prazo,True,False,2026-07-16,2026-07-17,133,,88,Ministério da Cultura/Secretaria de Fomento e Incentivo à Cultura,https://www.in.gov.br/web/dou/-/portaria-sefic/minc-n-444-de-16-de-julho-de-2026-719781940,portaria-sefic/minc-n-444-de-16-de-julho-de-2026-719781940,3,0.0,True,"Homologar a prorrogação do prazo de captação de recursos do(s) projeto(s) cultural(is), relacionado(s) no(s)"
"PORTARIA SEFIC/MINC Nº 445, DE 16 DE JULHO DE 2026",445,reducao_valor,False,False,2026-07-16,2026-07-17,133,,88,Ministério da Cultura/Secretaria de Fomento e Incentivo à Cultura,https://www.in.gov.br/web/dou/-/portaria-sefic/minc-n-445-de-16-de-julho-de-2026-719811060,portaria-sefic/minc-n-445-de-16-de-julho-de-2026-719811060,2,55276.69,True,Homologar o valor reduzido de valor em favor do(s) projeto(s) cultural(is) relacionado(s) no(s)
"PORTARIA SEFIC/MINC Nº 446, DE 16 DE JULHO DE 2026",446,alteracao_projeto,False,False,2026-07-16,2026-07-17,133,,89,Ministério da Cultura/Secretaria de Fomento e Incentivo à Cultura,https://www.in.gov.br/web/dou/-/portaria-sefic/minc-n-446-de-16-de-julho-de-2026-719807476,portaria-sefic/minc-n-446-de-16-de-julho-de-2026-719807476,5,0.0,True,Homologar a alteração dos projetos culturais relacionados nos
"PORTARIA SEFIC/MINC Nº 447, DE 17 DE JULHO DE 2026",447,homologacao_captacao,True,True,2026-07-17,2026-07-20,134,,10,Ministério da Cultura/Secretaria de Fomento e Incentivo à Cultura,https://www.in.gov.br/web/dou/-/portaria-sefic/minc-n-447-de-17-de-julho-de-2026-720023961,portaria-sefic/minc-n-447-de-17-de-julho-de-2026-720023961,95,136920758.73,True,Homologar os projetos culturais relacionados nos
"PORTARIA SEFIC/MINC Nº 448, DE 17 DE JULHO DE 2026",448,complementacao_valor,True,False,2026-07-17,2026-07-20,134,,17,Ministério da Cultura/Secretaria de Fomento e Incentivo à Cultura,https://www.in.gov.br/web/dou/-/portaria-sefic/minc-n-448-de-17-de-julho-de-2026-720005067,portaria-sefic/minc-n-448-de-17-de-julho-de-2026-720005067,3,153015.07,True,Homologar o valor complementado de valor em favor do(s) projeto(s) cultural(is) relacionado(s) no(s)
"PORTARIA SEFIC/MINC Nº 449, DE 17 DE JULHO DE 2026",449,prorrogacao_prazo,True,False,2026-07-17,2026-07-20,134,,17,Ministério da Cultura/Secretaria de Fomento e Incentivo à Cultura,https://www.in.gov.br/web/dou/-/portaria-sefic/minc-n-449-de-17-de-julho-de-2026-720007181,portaria-sefic/minc-n-449-de-17-de-julho-de-2026-720007181,6,0.0,True,"Homologar a prorrogação do prazo de captação de recursos do(s) projeto(s) cultural(is), relacionado(s) no(s)"
"PORTARIA SEFIC/MINC Nº 450, DE 17 DE JULHO DE 2026",450,reducao_valor,False,False,2026-07-17,2026-07-20,134,,17,Ministério da Cultura/Secretaria de Fomento e Incentivo à Cultura,https://www.in.gov.br/web/dou/-/portaria-sefic/minc-n-450-de-17-de-julho-de-2026-720006146,portaria-sefic/minc-n-450-de-17-de-julho-de-2026-720006146,1,394070.8,True,Homologar o valor reduzido de valor em favor do(s) projeto(s) cultural(is) relacionado(s) no(s)
"PORTARIA SEFIC/MINC Nº 451, DE 17 DE JULHO DE 2026",451,alteracao_projeto,False,False,2026-07-17,2026-07-20,134,,17,Ministério da Cultura/Secretaria de Fomento e Incentivo à Cultura,https://www.in.gov.br/web/dou/-/portaria-sefic/minc-n-451-de-17-de-julho-de-2026-720014149,portaria-sefic/minc-n-451-de-17-de-julho-de-2026-720014149,7,0.0,True,Homologar a alteração dos projetos culturais relacionados nos
"PORTARIA SEFIC/MINC Nº 452, DE 20 DE JULHO DE 2026",452,homologacao_captacao,True,True,2026-07-20,2026-07-21,135,,79,Ministério da Cultura/Secretaria de Fomento e Incentivo à Cultura,https://www.in.gov.br/web/dou/-/portaria-sefic/minc-n-452-de-20-de-julho-de-2026-720515655,portaria-sefic/minc-n-452-de-20-de-julho-de-2026-720515655,38,25922141.82,True,Homologar os projetos culturais relacionados nos
"PORTARIA SEFIC/MINC Nº 453, DE 20 DE JULHO DE 2026",453,complementacao_valor,True,False,2026-07-20,2026-07-21,135,,81,Ministério da Cultura/Secretaria de Fomento e Incentivo à Cultura,https://www.in.gov.br/web/dou/-/portaria-sefic/minc-n-453-de-20-de-julho-de-2026-720507699,portaria-sefic/minc-n-453-de-20-de-julho-de-2026-720507699,1,25888.83,True,Homologar o valor complementado de valor em favor do(s) projeto(s) cultural(is) relacionado(s) no(s)
"PORTARIA SEFIC/MINC Nº 454, DE 20 DE JULHO DE 2026",454,prorrogacao_prazo,True,False,2026-07-20,2026-07-21,135,,81,Ministério da Cultura/Secretaria de Fomento e Incentivo à Cultura,https://www.in.gov.br/web/dou/-/portaria-sefic/minc-n-454-de-20-de-julho-de-2026-720510974,portaria-sefic/minc-n-454-de-20-de-julho-de-2026-720510974,4,0.0,True,"Homologar a prorrogação do prazo de captação de recursos do(s) projeto(s) cultural(is), relacionado(s) no(s)"
"PORTARIA SEFIC/MINC Nº 455, DE 20 DE JULHO DE 2026",455,reducao_valor,False,False,2026-07-20,2026-07-21,135,,82,Ministério da Cultura/Secretaria de Fomento e Incentivo à Cultura,https://www.in.gov.br/web/dou/-/portaria-sefic/minc-n-455-de-20-de-julho-de-2026-720480430,portaria-sefic/minc-n-455-de-20-de-julho-de-2026-720480430,2,2467.7799999999997,True,Homologar o valor reduzido de valor em favor do(s) projeto(s) cultural(is) relacionado(s) no(s)
"PORTARIA SEFIC/MINC Nº 456, DE 20 DE JULHO DE 2026",456,alteracao_projeto,False,False,2026-07-20,2026-07-21,135,,82,Ministério da Cultura/Secretaria de Fomento e Incentivo à Cultura,https://www.in.gov.br/web/dou/-/portaria-sefic/minc-n-456-de-20-de-julho-de-2026-720526098,portaria-sefic/minc-n-456-de-20-de-julho-de-2026-720526098,4,0.0,True,Homologar a alteração dos projetos culturais relacionados nos
"PORTARIA SEFIC/MINC Nº 457, DE 21 DE JULHO DE 2026",457,homologacao_captacao,True,True,2026-07-21,2026-07-22,136,,36,Ministério da Cultura/Secretaria de Fomento e Incentivo à Cultura,https://www.in.gov.br/web/dou/-/portaria-sefic/minc-n-457-de-21-de-julho-de-2026-720535762,portaria-sefic/minc-n-457-de-21-de-julho-de-2026-720535762,28,23493571.939999998,True,Homologar os projetos culturais relacionados nos
"PORTARIA SEFIC/MINC Nº 458, DE 21 DE JULHO DE 2026",458,complementacao_valor,True,False,2026-07-21,2026-07-22,136,,38,Ministério da Cultura/Secretaria de Fomento e Incentivo à Cultura,https://www.in.gov.br/web/dou/-/portaria-sefic/minc-n-458-de-21-de-julho-de-2026-720537669,portaria-sefic/minc-n-458-de-21-de-julho-de-2026-720537669,2,62336.2,True,Homologar o valor complementado de valor em favor do(s) projeto(s) cultural(is) relacionado(s) no(s)
"PORTARIA SEFIC/MINC Nº 459, DE 21 DE JULHO DE 2026",459,prorrogacao_prazo,True,False,2026-07-21,2026-07-22,136,,38,Ministério da Cultura/Secretaria de Fomento e Incentivo à Cultura,https://www.in.gov.br/web/dou/-/portaria-sefic/minc-n-459-de-21-de-julho-de-2026-720561133,portaria-sefic/minc-n-459-de-21-de-julho-de-2026-720561133,2,0.0,True,"Homologar a prorrogação do prazo de captação de recursos do(s) projeto(s) cultural(is), relacionado(s) no(s)"
"PORTARIA SEFIC/MINC Nº 460, DE 21 DE JULHO DE 2026",460,alteracao_projeto,False,False,2026-07-21,2026-07-22,136,,38,Ministério da Cultura/Secretaria de Fomento e Incentivo à Cultura,https://www.in.gov.br/web/dou/-/portaria-sefic/minc-n-460-de-21-de-julho-de-2026-720533801,portaria-sefic/minc-n-460-de-21-de-julho-de-2026-720533801,3,0.0,True,Homologar a alteração dos projetos culturais relacionados nos
"PORTARIA SEFIC/MINC Nº 461, DE 22 DE JULHO DE 2026",461,homologacao_captacao,True,True,2026-07-22,2026-07-23,137,,45,Ministério da Cultura/Secretaria de Fomento e Incentivo à Cultura,https://www.in.gov.br/web/dou/-/portaria-sefic/minc-n-461-de-22-de-julho-de-2026-720731792,portaria-sefic/minc-n-461-de-22-de-julho-de-2026-720731792,53,177164803.37,True,Homologar os projetos culturais relacionados nos
"PORTARIA SEFIC/MINC Nº 462, DE 22 DE JULHO DE 2026",462,prorrogacao_prazo,True,False,2026-07-22,2026-07-23,137,,48,Ministério da Cultura/Secretaria de Fomento e Incentivo à Cultura,https://www.in.gov.br/web/dou/-/portaria-sefic/minc-n-462-de-22-de-julho-de-2026-720811376,portaria-sefic/minc-n-462-de-22-de-julho-de-2026-720811376,3,0.0,True,"Homologar a prorrogação do prazo de captação de recursos do(s) projeto(s) cultural(is), relacionado(s) no(s)"
"PORTARIA SEFIC/MINC Nº 463, DE 23 DE JULHO DE 2026",463,homologacao_captacao,True,True,2026-07-23,2026-07-27,139,,13,Ministério da Cultura/Secretaria de Fomento e Incentivo à Cultura,https://www.in.gov.br/web/dou/-/portaria-sefic/minc-n-463-de-23-de-julho-de-2026-721365386,portaria-sefic/minc-n-463-de-23-de-julho-de-2026-721365386,51,27907269.11,True,Homologar os projetos culturais relacionados nos
"PORTARIA SEFIC/MINC Nº 463, DE 24 DE JULHO DE 2026",463,homologacao_captacao,True,True,2026-07-24,2026-07-27,139,,17,Ministério da Cultura/Secretaria de Fomento e Incentivo à Cultura,https://www.in.gov.br/web/dou/-/portaria-sefic/minc-n-463-de-24-de-julho-de-2026-721350178,portaria-sefic/minc-n-463-de-24-de-julho-de-2026-721350178,50,65451908.2,True,Homologar os projetos culturais relacionados nos
"PORTARIA SEFIC/MINC Nº 464, DE 23 DE JULHO DE 2026",464,complementacao_valor,True,False,2026-07-23,2026-07-27,139,,20,Ministério da Cultura/Secretaria de Fomento e Incentivo à Cultura,https://www.in.gov.br/web/dou/-/portaria-sefic/minc-n-464-de-23-de-julho-de-2026-721347143,portaria-sefic/minc-n-464-de-23-de-julho-de-2026-721347143,1,35695.01,True,Homologar o valor complementado de valor em favor do(s) projeto(s) cultural(is) relacionado(s) no(s)
"PORTARIA SEFIC/MINC Nº 464, DE 24 DE JULHO DE 2026",464,complementacao_valor,True,False,2026-07-24,2026-07-27,139,,20,Ministério da Cultura/Secretaria de Fomento e Incentivo à Cultura,https://www.in.gov.br/web/dou/-/portaria-sefic/minc-n-464-de-24-de-julho-de-2026-721367000,portaria-sefic/minc-n-464-de-24-de-julho-de-2026-721367000,1,35695.01,True,Homologar o valor complementado de valor em favor do(s) projeto(s) cultural(is) relacionado(s) no(s)
"PORTARIA SEFIC/MINC Nº 465, DE 23 DE JULHO DE 2026",465,alteracao_projeto,False,False,2026-07-23,2026-07-27,139,,20,Ministério da Cultura/Secretaria de Fomento e Incentivo à Cultura,https://www.in.gov.br/web/dou/-/portaria-sefic/minc-n-465-de-23-de-julho-de-2026-721343575,portaria-sefic/minc-n-465-de-23-de-julho-de-2026-721343575,1,0.0,True,Homologar a alteração dos projetos culturais relacionados nos
"PORTARIA SEFIC/MINC Nº 465, DE 24 DE JULHO DE 2026",465,alteracao_projeto,False,False,2026-07-24,2026-07-27,139,,20,Ministério da Cultura/Secretaria de Fomento e Incentivo à Cultura,https://www.in.gov.br/web/dou/-/portaria-sefic/minc-n-465-de-24-de-julho-de-2026-721363425,portaria-sefic/minc-n-465-de-24-de-julho-de-2026-721363425,3,0.0,True,Homologar a alteração dos projetos culturais relacionados nos
"PORTARIA SEFIC/MINC Nº 466, DE 27 DE JULHO DE 2026",466,homologacao_captacao,True,True,2026-07-27,2026-07-28,140,,20,Ministério da Cultura/Secretaria de Fomento e Incentivo à Cultura,https://www.in.gov.br/web/dou/-/portaria-sefic/minc-n-466-de-27-de-julho-de-2026-721624586,portaria-sefic/minc-n-466-de-27-de-julho-de-2026-721624586,79,84618937.25,True,Homologar os projetos culturais relacionados nos
"PORTARIA SEFIC/MINC Nº 467, DE 27 DE JULHO DE 2026",467,complementacao_valor,True,False,2026-07-27,2026-07-28,140,,26,Ministério da Cultura/Secretaria de Fomento e Incentivo à Cultura,https://www.in.gov.br/web/dou/-/portaria-sefic/minc-n-467-de-27-de-julho-de-2026-721612270,portaria-sefic/minc-n-467-de-27-de-julho-de-2026-721612270,1,102218.32,True,Homologar o valor complementado de valor em favor do(s) projeto(s) cultural(is) relacionado(s) no(s)
"PORTARIA SEFIC/MINC Nº 468, DE 27 DE JULHO DE 2026",468,prorrogacao_prazo,True,False,2026-07-27,2026-07-28,140,,26,Ministério da Cultura/Secretaria de Fomento e Incentivo à Cultura,https://www.in.gov.br/web/dou/-/portaria-sefic/minc-n-468-de-27-de-julho-de-2026-721637297,portaria-sefic/minc-n-468-de-27-de-julho-de-2026-721637297,4,0.0,True,"Homologar a prorrogação do prazo de captação de recursos do(s) projeto(s) cultural(is), relacionado(s) no(s)"
"PORTARIA SEFIC/MINC Nº 469, DE 27 DE JULHO DE 2026",469,reducao_valor,False,False,2026-07-27,2026-07-28,140,,27,Ministério da Cultura/Secretaria de Fomento e Incentivo à Cultura,https://www.in.gov.br/web/dou/-/portaria-sefic/minc-n-469-de-27-de-julho-de-2026-721626735,portaria-sefic/minc-n-469-de-27-de-julho-de-2026-721626735,1,135367.52,True,Homologar o valor reduzido de valor em favor do(s) projeto(s) cultural(is) relacionado(s) no(s)
"PORTARIA SEFIC/MINC Nº 470, DE 27 DE JULHO DE 2026",470,alteracao_projeto,False,False,2026-07-27,2026-07-28,140,,27,Ministério da Cultura/Secretaria de Fomento e Incentivo à Cultura,https://www.in.gov.br/web/dou/-/portaria-sefic/minc-n-470-de-27-de-julho-de-2026-721618745,portaria-sefic/minc-n-470-de-27-de-julho-de-2026-721618745,2,0.0,True,Homologar a alteração dos projetos culturais relacionados nos
"PORTARIA SEFIC/MINC Nº 471, DE 29 DE JULHO DE 2026",471,homologacao_captacao,True,True,2026-07-29,2026-07-30,142,,36,Ministério da Cultura/Secretaria de Fomento e Incentivo à Cultura,https://www.in.gov.br/web/dou/-/portaria-sefic/minc-n-471-de-29-de-julho-de-2026-722142592,portaria-sefic/minc-n-471-de-29-de-julho-de-2026-722142592,89,288178533.32,True,Homologar os projetos culturais relacionados nos
"PORTARIA SEFIC/MINC Nº 472, DE 29 DE JULHO DE 2026",472,complementacao_valor,True,False,2026-07-29,2026-07-30,142,,42,Ministério da Cultura/Secretaria de Fomento e Incentivo à Cultura,https://www.in.gov.br/web/dou/-/portaria-sefic/minc-n-472-de-29-de-julho-de-2026-722140809,portaria-sefic/minc-n-472-de-29-de-julho-de-2026-722140809,13,1820468.56,True,Homologar o valor complementado de valor em favor do(s) projeto(s) cultural(is) relacionado(s) no(s)
"PORTARIA SEFIC/MINC Nº 473, DE 29 DE JULHO DE 2026",473,prorrogacao_prazo,True,False,2026-07-29,2026-07-30,142,,43,Ministério da Cultura/Secretaria de Fomento e Incentivo à Cultura,https://www.in.gov.br/web/dou/-/portaria-sefic/minc-n-473-de-29-de-julho-de-2026-722138182,portaria-sefic/minc-n-473-de-29-de-julho-de-2026-722138182,6,0.0,True,"Homologar a prorrogação do prazo de captação de recursos do(s) projeto(s) cultural(is), relacionado(s) no(s)"
"PORTARIA SEFIC/MINC Nº 474, DE 29 DE JULHO DE 2026",474,reducao_valor,False,False,2026-07-29,2026-07-30,142,,43,Ministério da Cultura/Secretaria de Fomento e Incentivo à Cultura,https://www.in.gov.br/web/dou/-/portaria-sefic/minc-n-474-de-29-de-julho-de-2026-722118492,portaria-sefic/minc-n-474-de-29-de-julho-de-2026-722118492,49,21139609.98,True,Homologar o valor reduzido de valor em favor do(s) projeto(s) cultural(is) relacionado(s) no(s)
"PORTARIA SEFIC/MINC Nº 475, DE 29 DE JULHO DE 2026",475,alteracao_projeto,False,False,2026-07-29,2026-07-30,142,,45,Ministério da Cultura/Secretaria de Fomento e Incentivo à Cultura,https://www.in.gov.br/web/dou/-/portaria-sefic/minc-n-475-de-29-de-julho-de-2026-722140728,portaria-sefic/minc-n-475-de-29-de-julho-de-2026-722140728,1,0.0,True,Homologar a alteração dos projetos culturais relacionados nos
"PORTARIA SEFIC/MINC Nº 476, DE 30 DE JULHO DE 2026",476,homologacao_captacao,True,True,2026-07-30,2026-07-31,143,,12,Ministério da Cultura/Secretaria de Fomento e Incentivo à Cultura,https://www.in.gov.br/web/dou/-/portaria-sefic/minc-n-476-de-30-de-julho-de-2026-722696368,portaria-sefic/minc-n-476-de-30-de-julho-de-2026-722696368,44,50482855.1,True,Homologar os projetos culturais relacionados nos
"PORTARIA SEFIC/MINC Nº 477, DE 30 DE JULHO DE 2026",477,prorrogacao_prazo,True,False,2026-07-30,2026-07-31,143,,16,Ministério da Cultura/Secretaria de Fomento e Incentivo à Cultura,https://www.in.gov.br/web/dou/-/portaria-sefic/minc-n-477-de-30-de-julho-de-2026-722692649,portaria-sefic/minc-n-477-de-30-de-julho-de-2026-722692649,2,0.0,True,"Homologar a prorrogação do prazo de captação de recursos do(s) projeto(s) cultural(is), relacionado(s) no(s)"
"PORTARIA SEFIC/MINC Nº 478, DE 30 DE JULHO DE 2026",478,alteracao_projeto,False,False,2026-07-30,2026-07-31,143,,16,Ministério da Cultura/Secretaria de Fomento e Incentivo à Cultura,https://www.in.gov.br/web/dou/-/portaria-sefic/minc-n-478-de-30-de-julho-de-2026-722692731,portaria-sefic/minc-n-478-de-30-de-julho-de-2026-722692731,1,0.0,True,Homologar a alteração dos projetos culturais relacionados nos
"PORTARIA SEFIC/MINC Nº 479, DE 31 DE JULHO DE 2026",479,homologacao_captacao,True,True,2026-07-31,2026-08-03,144,,5,Ministério da Cultura/Secretaria de Fomento e Incentivo à Cultura,https://www.in.gov.br/web/dou/-/portaria-sefic/minc-n-479-de-31-de-julho-de-2026-722724619,portaria-sefic/minc-n-479-de-31-de-julho-de-2026-722724619,19,42088456.58,True,Homologar os projetos culturais relacionados nos
"PORTARIA SEFIC/MINC Nº 480, DE 31 DE JULHO DE 2026",480,complementacao_valor,True,False,2026-07-31,2026-08-03,144,,6,Ministério da Cultura/Secretaria de Fomento e Incentivo à Cultura,https://www.in.gov.br/web/dou/-/portaria-sefic/minc-n-480-de-31-de-julho-de-2026-722730077,portaria-sefic/minc-n-480-de-31-de-julho-de-2026-722730077,5,39639.89,True,Homologar o valor complementado de valor em favor do(s) projeto(s) cultural(is) relacionado(s) no(s)
"PORTARIA SEFIC/MINC Nº 481, DE 31 DE JULHO DE 2026",481,prorrogacao_prazo,True,False,2026-07-31,2026-08-03,144,,6,Ministério da Cultura/Secretaria de Fomento e Incentivo à Cultura,https://www.in.gov.br/web/dou/-/portaria-sefic/minc-n-481-de-31-de-julho-de-2026-722739498,portaria-sefic/minc-n-481-de-31-de-julho-de-2026-722739498,13,0.0,True,"Homologar a prorrogação do prazo de captação de recursos do(s) projeto(s) cultural(is), relacionado(s) no(s)"
"PORTARIA SEFIC/MINC Nº 482, DE 31 DE JULHO DE 2026",482,reducao_valor,False,False,2026-07-31,2026-08-03,144,,7,Ministério da Cultura/Secretaria de Fomento e Incentivo à Cultura,https://www.in.gov.br/web/dou/-/portaria-sefic/minc-n-482-de-31-de-julho-de-2026-722737107,portaria-sefic/minc-n-482-de-31-de-julho-de-2026-722737107,5,746988.31,True,Homologar o valor reduzido de valor em favor do(s) projeto(s) cultural(is) relacionado(s) no(s)
"PORTARIA SEFIC/MINC Nº 483, DE 31 DE JULHO DE 2026",483,alteracao_projeto,False,False,2026-07-31,2026-08-03,144,,7,Ministério da Cultura/Secretaria de Fomento e Incentivo à Cultura,https://www.in.gov.br/web/dou/-/portaria-sefic/minc-n-483-de-31-de-julho-de-2026-722740625,portaria-sefic/minc-n-483-de-31-de-julho-de-2026-722740625,26,0.0,True,Homologar a alteração dos projetos culturais relacionados nos
"PORTARIA SEFIC/MINC Nº 484, DE 3 DE AGOSTO DE 2026",484,homologacao_captacao,True,True,2026-08-03,2026-08-04,145,,16,Ministério da Cultura/Secretaria de Fomento e Incentivo à Cultura,https://www.in.gov.br/web/dou/-/portaria-sefic/minc-n-484-de-3-de-agosto-de-2026-723048022,portaria-sefic/minc-n-484-de-3-de-agosto-de-2026-723048022,57,61933778.27,True,Homologar os projetos culturais relacionados nos
"PORTARIA SEFIC/MINC Nº 485, DE 3 DE AGOSTO DE 2026",485,complementacao_valor,True,False,2026-08-03,2026-08-04,145,,20,Ministério da Cultura/Secretaria de Fomento e Incentivo à Cultura,https://www.in.gov.br/web/dou/-/portaria-sefic/minc-n-485-de-3-de-agosto-de-2026-723041086,portaria-sefic/minc-n-485-de-3-de-agosto-de-2026-723041086,3,171587.85,True,Homologar o valor complementado de valor em favor do(s) projeto(s) cultural(is) relacionado(s) no(s)
"PORTARIA SEFIC/MINC Nº 486, DE 3 DE AGOSTO DE 2026",486,prorrogacao_prazo,True,False,2026-08-03,2026-08-04,145,,20,Ministério da Cultura/Secretaria de Fomento e Incentivo à Cultura,https://www.in.gov.br/web/dou/-/portaria-sefic/minc-n-486-de-3-de-agosto-de-2026-723033502,portaria-sefic/minc-n-486-de-3-de-agosto-de-2026-723033502,92,0.0,True,"Homologar a prorrogação do prazo de captação de recursos do(s) projeto(s) cultural(is), relacionado(s) no(s)"
"PORTARIA SEFIC/MINC Nº 487, DE 3 DE AGOSTO DE 2026",487,reducao_valor,False,False,2026-08-03,2026-08-04,145,,23,Ministério da Cultura/Secretaria de Fomento e Incentivo à Cultura,https://www.in.gov.br/web/dou/-/portaria-sefic/minc-n-487-de-3-de-agosto-de-2026-723035776,portaria-sefic/minc-n-487-de-3-de-agosto-de-2026-723035776,25,4150538.02,True,Homologar o valor reduzido de valor em favor do(s) projeto(s) cultural(is) relacionado(s) no(s)
"PORTARIA SEFIC/MINC Nº 488, DE 3 DE AGOSTO DE 2026",488,alteracao_projeto,False,False,2026-08-03,2026-08-04,145,,24,Ministério da Cultura/Secretaria de Fomento e Incentivo à Cultura,https://www.in.gov.br/web/dou/-/portaria-sefic/minc-n-488-de-3-de-agosto-de-2026-723045060,portaria-sefic/minc-n-488-de-3-de-agosto-de-2026-723045060,19,0.0,True,Homologar a alteração dos projetos culturais relacionados nos
"PORTARIA SEFIC/MINC Nº 489, DE 4 DE AGOSTO DE 2026",489,complementacao_valor,True,False,2026-08-04,2026-08-05,146,,23,Ministério da Cultura/Secretaria de Fomento e Incentivo à Cultura,https://www.in.gov.br/web/dou/-/portaria-sefic/minc-n-489-de-4-de-agosto-de-2026-723530524,portaria-sefic/minc-n-489-de-4-de-agosto-de-2026-723530524,4,267742.02,True,Homologar o valor complementado de valor em favor do(s) projeto(s) cultural(is) relacionado(s) no(s)
"PORTARIA SEFIC/MINC Nº 490, DE 4 DE AGOSTO DE 2026",490,prorrogacao_prazo,True,False,2026-08-04,2026-08-05,146,,24,Ministério da Cultura/Secretaria de Fomento e Incentivo à Cultura,https://www.in.gov.br/web/dou/-/portaria-sefic/minc-n-490-de-4-de-agosto-de-2026-723531376,portaria-sefic/minc-n-490-de-4-de-agosto-de-2026-723531376,8,0.0,True,"Homologar a prorrogação do prazo de captação de recursos do(s) projeto(s) cultural(is), relacionado(s) no(s)"
"PORTARIA SEFIC/MINC Nº 491, DE 4 DE AGOSTO DE 2026",491,alteracao_projeto,False,False,2026-08-04,2026-08-05,146,,24,Ministério da Cultura/Secretaria de Fomento e Incentivo à Cultura,https://www.in.gov.br/web/dou/-/portaria-sefic/minc-n-491-de-4-de-agosto-de-2026-723527629,portaria-sefic/minc-n-491-de-4-de-agosto-de-2026-723527629,4,0.0,True,Homologar a alteração dos projetos culturais relacionados nos
"PORTARIA SEFIC/MINC Nº 492, DE 5 DE AGOSTO DE 2026",492,homologacao_captacao,True,True,2026-08-05,2026-08-06,147,,76,Ministério da Cultura/Secretaria de Fomento e Incentivo à Cultura,https://www.in.gov.br/web/dou/-/portaria-sefic/minc-n-492-de-5-de-agosto-de-2026-723802098,portaria-sefic/minc-n-492-de-5-de-agosto-de-2026-723802098,53,145578061.5,True,Homologar os projetos culturais relacionados nos
"PORTARIA SEFIC/MINC Nº 493, DE 5 DE AGOSTO DE 2026",493,complementacao_valor,True,False,2026-08-05,2026-08-06,147,,79,Ministério da Cultura/Secretaria de Fomento e Incentivo à Cultura,https://www.in.gov.br/web/dou/-/portaria-sefic/minc-n-493-de-5-de-agosto-de-2026-723809806,portaria-sefic/minc-n-493-de-5-de-agosto-de-2026-723809806,2,43638.619999999995,True,Homologar o valor complementado de valor em favor do(s) projeto(s) cultural(is) relacionado(s) no(s)
"PORTARIA SEFIC/MINC Nº 494, DE 5 DE AGOSTO DE 2026",494,prorrogacao_prazo,True,False,2026-08-05,2026-08-06,147,,79,Ministério da Cultura/Secretaria de Fomento e Incentivo à Cultura,https://www.in.gov.br/web/dou/-/portaria-sefic/minc-n-494-de-5-de-agosto-de-2026-723801119,portaria-sefic/minc-n-494-de-5-de-agosto-de-2026-723801119,7,0.0,True,"Homologar a prorrogação do prazo de captação de recursos do(s) projeto(s) cultural(is), relacionado(s) no(s)"
"PORTARIA SEFIC/MINC Nº 495, DE 5 DE AGOSTO DE 2026",495,reducao_valor,False,False,2026-08-05,2026-08-06,147,,80,Ministério da Cultura/Secretaria de Fomento e Incentivo à Cultura,https://www.in.gov.br/web/dou/-/portaria-sefic/minc-n-495-de-5-de-agosto-de-2026-723803134,portaria-sefic/minc-n-495-de-5-de-agosto-de-2026-723803134,3,8255.0,True,Homologar o valor reduzido de valor em favor do(s) projeto(s) cultural(is) relacionado(s) no(s)
"PORTARIA SEFIC/MINC Nº 496, DE 5 DE AGOSTO DE 2026",496,alteracao_projeto,False,False,2026-08-05,2026-08-06,147,,80,Ministério da Cultura/Secretaria de Fomento e Incentivo à Cultura,https://www.in.gov.br/web/dou/-/portaria-sefic/minc-n-496-de-5-de-agosto-de-2026-723813599,portaria-sefic/minc-n-496-de-5-de-agosto-de-2026-723813599,1,0.0,True,Homologar a alteração dos projetos culturais relacionados nos
"PORTARIA SEFIC/MINC Nº 497, DE 6 DE AGOSTO DE 2026",497,prorrogacao_prazo,True,False,2026-08-06,2026-08-07,148,,13,Ministério da Cultura/Secretaria de Fomento e Incentivo à Cultura,https://www.in.gov.br/web/dou/-/portaria-sefic/minc-n-497-de-6-de-agosto-de-2026-724079893,portaria-sefic/minc-n-497-de-6-de-agosto-de-2026-724079893,6,0.0,True,"Homologar a prorrogação do prazo de captação de recursos do(s) projeto(s) cultural(is), relacionado(s) no(s)"
"PORTARIA SEFIC/MINC Nº 498, DE 6 DE AGOSTO DE 2026",498,homologacao_captacao,True,True,2026-08-06,2026-08-07,148,,13,Ministério da Cultura/Secretaria de Fomento e Incentivo à Cultura,https://www.in.gov.br/web/dou/-/portaria-sefic/minc-n-498-de-6-de-agosto-de-2026-724035927,portaria-sefic/minc-n-498-de-6-de-agosto-de-2026-724035927,59,75992739.99,True,Homologar os projetos culturais relacionados nos
"PORTARIA SEFIC/MINC Nº 499, DE 6 DE AGOSTO DE 2026",499,complementacao_valor,True,False,2026-08-06,2026-08-07,148,,17,Ministério da Cultura/Secretaria de Fomento e Incentivo à Cultura,https://www.in.gov.br/web/dou/-/portaria-sefic/minc-n-499-de-6-de-agosto-de-2026-724084065,portaria-sefic/minc-n-499-de-6-de-agosto-de-2026-724084065,3,1030915.52,True,Homologar o valor complementado de valor em favor do(s) projeto(s) cultural(is) relacionado(s) no(s)
"PORTARIA SEFIC/MINC Nº 500, DE 6 DE AGOSTO DE 2026",500,reducao_valor,False,False,2026-08-06,2026-08-07,148,,17,Ministério da Cultura/Secretaria de Fomento e Incentivo à Cultura,https://www.in.gov.br/web/dou/-/portaria-sefic/minc-n-500-de-6-de-agosto-de-2026-724090089,portaria-sefic/minc-n-500-de-6-de-agosto-de-2026-724090089,1,530280.0,True,Homologar o valor reduzido de valor em favor do(s) projeto(s) cultural(is) relacionado(s) no(s)
"PORTARIA SEFIC/MINC Nº 501, DE 6 DE AGOSTO DE 2026",501,alteracao_projeto,False,False,2026-08-06,2026-08-07,148,,18,Ministério da Cultura/Secretaria de Fomento e Incentivo à Cultura,https://www.in.gov.br/web/dou/-/portaria-sefic/minc-n-501-de-6-de-agosto-de-2026-724082394,portaria-sefic/minc-n-501-de-6-de-agosto-de-2026-724082394,7,0.0,True,Homologar a alteração dos projetos culturais relacionados nos
"PORTARIA SEFIC/MINC Nº 502, DE 7 DE AGOSTO DE 2026",502,homologacao_captacao,True,True,2026-08-07,2026-08-10,149,,9,Ministério da Cultura/Secretaria de Fomento e Incentivo à Cultura,https://www.in.gov.br/web/dou/-/portaria-sefic/minc-n-502-de-7-de-agosto-de-2026-724197437,portaria-sefic/minc-n-502-de-7-de-agosto-de-2026-724197437,66,81841335.83,True,Homologar os projetos culturais relacionados nos
"PORTARIA SEFIC/MINC Nº 503, DE 7 DE AGOSTO DE 2026",503,prorrogacao_prazo,True,False,2026-08-07,2026-08-10,149,,13,Ministério da Cultura/Secretaria de Fomento e Incentivo à Cultura,https://www.in.gov.br/web/dou/-/portaria-sefic/minc-n-503-de-7-de-agosto-de-2026-724186894,portaria-sefic/minc-n-503-de-7-de-agosto-de-2026-724186894,7,0.0,True,"Homologar a prorrogação do prazo de captação de recursos do(s) projeto(s) cultural(is), relacionado(s) no(s)"
"PORTARIA SEFIC/MINC Nº 504, DE 7 DE AGOSTO DE 2026",504,alteracao_projeto,False,False,2026-08-07,2026-08-10,149,,14,Ministério da Cultura/Secretaria de Fomento e Incentivo à Cultura,https://www.in.gov.br/web/dou/-/portaria-sefic/minc-n-504-de-7-de-agosto-de-2026-724192669,portaria-sefic/minc-n-504-de-7-de-agosto-de-2026-724192669,1,0.0,True,Homologar a alteração dos projetos culturais relacionados nos
"PORTARIA SEFIC/MINC Nº 505, DE 10 DE AGOSTO DE 2026",505,homologacao_captacao,True,True,2026-08-10,2026-08-11,150,,11,Ministério da Cultura/Secretaria de Fomento e Incentivo à Cultura,https://www.in.gov.br/web/dou/-/portaria-sefic/minc-n-505-de-10-de-agosto-de-2026-724469204,portaria-sefic/minc-n-505-de-10-de-agosto-de-2026-724469204,41,48115145.38,True,Homologar os projetos culturais relacionados nos
"PORTARIA SEFIC/MINC Nº 506, DE 10 DE AGOSTO DE 2026",506,complementacao_valor,True,False,2026-08-10,2026-08-11,150,,13,Ministério da Cultura/Secretaria de Fomento e Incentivo à Cultura,https://www.in.gov.br/web/dou/-/portaria-sefic/minc-n-506-de-10-de-agosto-de-2026-724465768,portaria-sefic/minc-n-506-de-10-de-agosto-de-2026-724465768,5,611221.94,True,Homologar o valor complementado de valor em favor do(s) projeto(s) cultural(is) relacionado(s) no(s)
"PORTARIA SEFIC/MINC Nº 507, DE 10 DE AGOSTO DE 2026",507,prorrogacao_prazo,True,False,2026-08-10,2026-08-11,150,,14,Ministério da Cultura/Secretaria de Fomento e Incentivo à Cultura,https://www.in.gov.br/web/dou/-/portaria-sefic/minc-n-507-de-10-de-agosto-de-2026-724459475,portaria-sefic/minc-n-507-de-10-de-agosto-de-2026-724459475,7,0.0,True,"Homologar a prorrogação do prazo de captação de recursos do(s) projeto(s) cultural(is), relacionado(s) no(s)"
"PORTARIA SEFIC/MINC Nº 508, DE 10 DE AGOSTO DE 2026",508,reducao_valor,False,False,2026-08-10,2026-08-11,150,,14,Ministério da Cultura/Secretaria de Fomento e Incentivo à Cultura,https://www.in.gov.br/web/dou/-/portaria-sefic/minc-n-508-de-10-de-agosto-de-2026-724460706,portaria-sefic/minc-n-508-de-10-de-agosto-de-2026-724460706,4,5065122.72,True,Homologar o valor reduzido de valor em favor do(s) projeto(s) cultural(is) relacionado(s) no(s)
"PORTARIA SEFIC/MINC Nº 509, DE 10 DE AGOSTO DE 2026",509,alteracao_projeto,False,False,2026-08-10,2026-08-11,150,,14,Ministério da Cultura/Secretaria de Fomento e Incentivo à Cultura,https://www.in.gov.br/web/dou/-/portaria-sefic/minc-n-509-de-10-de-agosto-de-2026-724472897,portaria-sefic/minc-n-509-de-10-de-agosto-de-2026-724472897,1,0.0,True,Homologar a alteração dos projetos culturais relacionados nos
"PORTARIA SEFIC/MINC Nº 510, DE 11 DE AGOSTO DE 2026",510,complementacao_valor,True,False,2026-08-11,2026-08-12,151,,12,Ministério da Cultura/Secretaria de Fomento e Incentivo à Cultura,https://www.in.gov.br/web/dou/-/portaria-sefic/minc-n-510-de-11-de-agosto-de-2026-724719253,portaria-sefic/minc-n-510-de-11-de-agosto-de-2026-724719253,3,523088.4,True,Homologar o valor complementado de valor em favor do(s) projeto(s) cultural(is) relacionado(s) no(s)
"PORTARIA SEFIC/MINC Nº 511, DE 11 DE AGOSTO DE 2026",511,prorrogacao_prazo,True,False,2026-08-11,2026-08-12,151,,12,Ministério da Cultura/Secretaria de Fomento e Incentivo à Cultura,https://www.in.gov.br/web/dou/-/portaria-sefic/minc-n-511-de-11-de-agosto-de-2026-724745373,portaria-sefic/minc-n-511-de-11-de-agosto-de-2026-724745373,2,0.0,True,"Homologar a prorrogação do prazo de captação de recursos do(s) projeto(s) cultural(is), relacionado(s) no(s)"
"PORTARIA SEFIC/MINC Nº 512, DE 11 DE AGOSTO DE 2026",512,alteracao_projeto,False,False,2026-08-11,2026-08-12,151,,12,Ministério da Cultura/Secretaria de Fomento e Incentivo à Cultura,https://www.in.gov.br/web/dou/-/portaria-sefic/minc-n-512-de-11-de-agosto-de-2026-724725541,portaria-sefic/minc-n-512-de-11-de-agosto-de-2026-724725541,5,0.0,True,Homologar a alteração dos projetos culturais relacionados nos
"PORTARIA SEFIC/MINC Nº 513, DE 12 DE AGOSTO DE 2026",513,homologacao_captacao,True,True,2026-08-12,2026-08-13,152,,24,Ministério da Cultura/Secretaria de Fomento e Incentivo à Cultura,https://www.in.gov.br/web/dou/-/portaria-sefic/minc-n-513-de-12-de-agosto-de-2026-724999693,portaria-sefic/minc-n-513-de-12-de-agosto-de-2026-724999693,79,67851525.96,True,Homologar os projetos culturais relacionados nos
"PORTARIA SEFIC/MINC Nº 514, DE 12 DE AGOSTO DE 2026",514,complementacao_valor,True,False,2026-08-12,2026-08-13,152,,29,Ministério da Cultura/Secretaria de Fomento e Incentivo à Cultura,https://www.in.gov.br/web/dou/-/portaria-sefic/minc-n-514-de-12-de-agosto-de-2026-724996435,portaria-sefic/minc-n-514-de-12-de-agosto-de-2026-724996435,2,347418.11,True,Homologar o valor complementado de valor em favor do(s) projeto(s) cultural(is) relacionado(s) no(s)
"PORTARIA SEFIC/MINC Nº 515, DE 12 DE AGOSTO DE 2026",515,prorrogacao_prazo,True,False,2026-08-12,2026-08-13,152,,29,Ministério da Cultura/Secretaria de Fomento e Incentivo à Cultura,https://www.in.gov.br/web/dou/-/portaria-sefic/minc-n-515-de-12-de-agosto-de-2026-725002432,portaria-sefic/minc-n-515-de-12-de-agosto-de-2026-725002432,2,0.0,True,"Homologar a prorrogação do prazo de captação de recursos do(s) projeto(s) cultural(is), relacionado(s) no(s)"
"PORTARIA SEFIC/MINC Nº 516, DE 12 DE AGOSTO DE 2026",516,reducao_valor,False,False,2026-08-12,2026-08-13,152,,29,Ministério da Cultura/Secretaria de Fomento e Incentivo à Cultura,https://www.in.gov.br/web/dou/-/portaria-sefic/minc-n-516-de-12-de-agosto-de-2026-724994998,portaria-sefic/minc-n-516-de-12-de-agosto-de-2026-724994998,7,5778583.8,True,Homologar o valor reduzido de valor em favor do(s) projeto(s) cultural(is) relacionado(s) no(s)
"PORTARIA SEFIC/MINC Nº 517, DE 12 DE AGOSTO DE 2026",517,alteracao_projeto,False,False,2026-08-12,2026-08-13,152,,30,Ministério da Cultura/Secretaria de Fomento e Incentivo à Cultura,https://www.in.gov.br/web/dou/-/portaria-sefic/minc-n-517-de-12-de-agosto-de-2026-725007072,portaria-sefic/minc-n-517-de-12-de-agosto-de-2026-725007072,4,0.0,True,Homologar a alteração dos projetos culturais relacionados nos
"PORTARIA SEFIC/MINC Nº 519, DE 13 DE AGOSTO DE 2026",519,alteracao_projeto,False,False,2026-08-13,2026-08-14,153,,19,Ministério da Cultura/Secretaria de Fomento e Incentivo à Cultura,https://www.in.gov.br/web/dou/-/portaria-sefic/minc-n-519-de-13-de-agosto-de-2026-725486887,portaria-sefic/minc-n-519-de-13-de-agosto-de-2026-725486887,5,0.0,True,Homologar a alteração dos projetos culturais relacionados nos
"PORTARIA SEFIC/MINC Nº 520, DE 14 DE AGOSTO DE 2026",520,homologacao_captacao,True,True,2026-08-14,2026-08-17,154,,17,Ministério da Cultura/Secretaria de Fomento e Incentivo à Cultura,https://www.in.gov.br/web/dou/-/portaria-sefic/minc-n-520-de-14-de-agosto-de-2026-725635720,portaria-sefic/minc-n-520-de-14-de-agosto-de-2026-725635720,139,313813151.71,True,Homologar os projetos culturais relacionados nos
"PORTARIA SEFIC/MINC Nº 521, DE 14 DE AGOSTO DE 2026",521,complementacao_valor,True,False,2026-08-14,2026-08-17,154,,27,Ministério da Cultura/Secretaria de Fomento e Incentivo à Cultura,https://www.in.gov.br/web/dou/-/portaria-sefic/minc-n-521-de-14-de-agosto-de-2026-725632922,portaria-sefic/minc-n-521-de-14-de-agosto-de-2026-725632922,1,262418.47,True,Homologar o valor complementado de valor em favor do(s) projeto(s) cultural(is) relacionado(s) no(s)
"PORTARIA SEFIC/MINC Nº 522, DE 14 DE AGOSTO DE 2026",522,prorrogacao_prazo,True,False,2026-08-14,2026-08-17,154,,27,Ministério da Cultura/Secretaria de Fomento e Incentivo à Cultura,https://www.in.gov.br/web/dou/-/portaria-sefic/minc-n-522-de-14-de-agosto-de-2026-725602424,portaria-sefic/minc-n-522-de-14-de-agosto-de-2026-725602424,2,0.0,True,"Homologar a prorrogação do prazo de captação de recursos do(s) projeto(s) cultural(is), relacionado(s) no(s)"
"PORTARIA SEFIC/MINC Nº 523, DE 14 DE AGOSTO DE 2026",523,reducao_valor,False,False,2026-08-14,2026-08-17,154,,27,Ministério da Cultura/Secretaria de Fomento e Incentivo à Cultura,https://www.in.gov.br/web/dou/-/portaria-sefic/minc-n-523-de-14-de-agosto-de-2026-725618396,portaria-sefic/minc-n-523-de-14-de-agosto-de-2026-725618396,1,-611725.34,True,Homologar o valor reduzido de valor em favor do(s) projeto(s) cultural(is) relacionado(s) no(s)
"PORTARIA SEFIC/MINC Nº 524, DE 14 DE AGOSTO DE 2026",524,alteracao_projeto,False,False,2026-08-14,2026-08-17,154,,27,Ministério da Cultura/Secretaria de Fomento e Incentivo à Cultura,https://www.in.gov.br/web/dou/-/portaria-sefic/minc-n-524-de-14-de-agosto-de-2026-725612520,portaria-sefic/minc-n-524-de-14-de-agosto-de-2026-725612520,6,0.0,True,Homologar a alteração dos projetos culturais relacionados nos
"PORTARIA SEFIC/MINC Nº 525, DE 17 DE AGOSTO DE 2026",525,homologacao_captacao,True,True,2026-08-17,2026-08-18,155,,27,Ministério da Cultura/Secretaria de Fomento e Incentivo à Cultura,https://www.in.gov.br/web/dou/-/portaria-sefic/minc-n-525-de-17-de-agosto-de-2026-725920017,portaria-sefic/minc-n-525-de-17-de-agosto-de-2026-725920017,43,179792260.32,True,Homologar os projetos culturais relacionados nos
"PORTARIA SEFIC/MINC Nº 526, DE 17 DE AGOSTO DE 2026",526,complementacao_valor,True,False,2026-08-17,2026-08-18,155,,30,Ministério da Cultura/Secretaria de Fomento e Incentivo à Cultura,https://www.in.gov.br/web/dou/-/portaria-sefic/minc-n-526-de-17-de-agosto-de-2026-725899163,portaria-sefic/minc-n-526-de-17-de-agosto-de-2026-725899163,7,702098.54,True,Homologar o valor complementado de valor em favor do(s) projeto(s) cultural(is) relacionado(s) no(s)
"PORTARIA SEFIC/MINC Nº 527, DE 17 DE AGOSTO DE 2026",527,prorrogacao_prazo,True,False,2026-08-17,2026-08-18,155,,30,Ministério da Cultura/Secretaria de Fomento e Incentivo à Cultura,https://www.in.gov.br/web/dou/-/portaria-sefic/minc-n-527-de-17-de-agosto-de-2026-725902077,portaria-sefic/minc-n-527-de-17-de-agosto-de-2026-725902077,7,0.0,True,"Homologar a prorrogação do prazo de captação de recursos do(s) projeto(s) cultural(is), relacionado(s) no(s)"
"PORTARIA SEFIC/MINC Nº 528, DE 17 DE AGOSTO DE 2026",528,reducao_valor,False,False,2026-08-17,2026-08-18,155,,30,Ministério da Cultura/Secretaria de Fomento e Incentivo à Cultura,https://www.in.gov.br/web/dou/-/portaria-sefic/minc-n-528-de-17-de-agosto-de-2026-725914773,portaria-sefic/minc-n-528-de-17-de-agosto-de-2026-725914773,18,9123949.34,True,Homologar o valor reduzido de valor em favor do(s) projeto(s) cultural(is) relacionado(s) no(s)
"PORTARIA SEFIC/MINC Nº 529, DE 17 DE AGOSTO DE 2026",529,alteracao_projeto,False,False,2026-08-17,2026-08-18,155,,31,Ministério da Cultura/Secretaria de Fomento e Incentivo à Cultura,https://www.in.gov.br/web/dou/-/portaria-sefic/minc-n-529-de-17-de-agosto-de-2026-725903632,portaria-sefic/minc-n-529-de-17-de-agosto-de-2026-725903632,7,0.0,True,Homologar a alteração dos projetos culturais relacionados nos
"PORTARIA SEFIC/MINC Nº 530, DE 18 DE AGOSTO DE 2026",530,homologacao_captacao,True,True,2026-08-18,2026-08-19,156,,9,Ministério da Cultura/Secretaria de Fomento e Incentivo à Cultura,https://www.in.gov.br/web/dou/-/portaria-sefic/minc-n-530-de-18-de-agosto-de-2026-726421037,portaria-sefic/minc-n-530-de-18-de-agosto-de-2026-726421037,65,77602213.17999999,True,Homologar os projetos culturais relacionados nos
"PORTARIA SEFIC/MINC Nº 531, DE 18 DE AGOSTO DE 2026",531,complementacao_valor,True,False,2026-08-18,2026-08-19,156,,14,Ministério da Cultura/Secretaria de Fomento e Incentivo à Cultura,https://www.in.gov.br/web/dou/-/portaria-sefic/minc-n-531-de-18-de-agosto-de-2026-726434967,portaria-sefic/minc-n-531-de-18-de-agosto-de-2026-726434967,10,1583991.99,True,Homologar o valor complementado de valor em favor do(s) projeto(s) cultural(is) relacionado(s) no(s)
"PORTARIA SEFIC/MINC Nº 532, DE 18 DE AGOSTO DE 2026",532,prorrogacao_prazo,True,False,2026-08-18,2026-08-19,156,,14,Ministério da Cultura/Secretaria de Fomento e Incentivo à Cultura,https://www.in.gov.br/web/dou/-/portaria-sefic/minc-n-532-de-18-de-agosto-de-2026-726438588,portaria-sefic/minc-n-532-de-18-de-agosto-de-2026-726438588,2,0.0,True,"Homologar a prorrogação do prazo de captação de recursos do(s) projeto(s) cultural(is), relacionado(s) no(s)"
"PORTARIA SEFIC/MINC Nº 533, DE 18 DE AGOSTO DE 2026",533,reducao_valor,False,False,2026-08-18,2026-08-19,156,,14,Ministério da Cultura/Secretaria de Fomento e Incentivo à Cultura,https://www.in.gov.br/web/dou/-/portaria-sefic/minc-n-533-de-18-de-agosto-de-2026-726418965,portaria-sefic/minc-n-533-de-18-de-agosto-de-2026-726418965,34,13663932.27,True,Homologar o valor reduzido de valor em favor do(s) projeto(s) cultural(is) relacionado(s) no(s)
"PORTARIA SEFIC/MINC Nº 534, DE 19 DE AGOSTO DE 2026",534,prorrogacao_prazo,True,False,2026-08-19,2026-08-20,157,,10,Ministério da Cultura/Secretaria de Fomento e Incentivo à Cultura,https://www.in.gov.br/web/dou/-/portaria-sefic/minc-n-534-de-19-de-agosto-de-2026-726692941,portaria-sefic/minc-n-534-de-19-de-agosto-de-2026-726692941,4,0.0,True,"Homologar a prorrogação do prazo de captação de recursos do(s) projeto(s) cultural(is), relacionado(s) no(s)"
"PORTARIA SEFIC/MINC Nº 535, DE 19 DE AGOSTO DE 2026",535,reducao_valor,False,False,2026-08-19,2026-08-20,157,,10,Ministério da Cultura/Secretaria de Fomento e Incentivo à Cultura,https://www.in.gov.br/web/dou/-/portaria-sefic/minc-n-535-de-19-de-agosto-de-2026-726707078,portaria-sefic/minc-n-535-de-19-de-agosto-de-2026-726707078,1,-17893.54,True,Homologar o valor reduzido de valor em favor do(s) projeto(s) cultural(is) relacionado(s) no(s)
"PORTARIA SEFIC/MINC Nº 536, DE 19 DE AGOSTO DE 2026",536,alteracao_projeto,False,False,2026-08-19,2026-08-20,157,,10,Ministério da Cultura/Secretaria de Fomento e Incentivo à Cultura,https://www.in.gov.br/web/dou/-/portaria-sefic/minc-n-536-de-19-de-agosto-de-2026-726690767,portaria-sefic/minc-n-536-de-19-de-agosto-de-2026-726690767,2,0.0,True,Homologar a alteração dos projetos culturais relacionados nos
"PORTARIA SEFIC/MINC Nº 537, DE 20 DE AGOSTO DE 2026",537,homologacao_captacao,True,True,2026-08-20,2026-08-21,158,,13,Ministério da Cultura/Secretaria de Fomento e Incentivo à Cultura,https://www.in.gov.br/web/dou/-/portaria-sefic/minc-n-537-de-20-de-agosto-de-2026-727024101,portaria-sefic/minc-n-537-de-20-de-agosto-de-2026-727024101,61,65978885.97,True,Homologar os projetos culturais relacionados nos
"PORTARIA SEFIC/MINC Nº 538, DE 20 DE AGOSTO DE 2026",538,complementacao_valor,True,False,2026-08-20,2026-08-21,158,,18,Ministério da Cultura/Secretaria de Fomento e Incentivo à Cultura,https://www.in.gov.br/web/dou/-/portaria-sefic/minc-n-538-de-20-de-agosto-de-2026-726990737,portaria-sefic/minc-n-538-de-20-de-agosto-de-2026-726990737,1,26730.0,True,Homologar o valor complementado de valor em favor do(s) projeto(s) cultural(is) relacionado(s) no(s)
"PORTARIA SEFIC/MINC Nº 539, DE 20 DE AGOSTO DE 2026",539,prorrogacao_prazo,True,False,2026-08-20,2026-08-21,158,,18,Ministério da Cultura/Secretaria de Fomento e Incentivo à Cultura,https://www.in.gov.br/web/dou/-/portaria-sefic/minc-n-539-de-20-de-agosto-de-2026-727037041,portaria-sefic/minc-n-539-de-20-de-agosto-de-2026-727037041,5,0.0,True,"Homologar a prorrogação do prazo de captação de recursos do(s) projeto(s) cultural(is), relacionado(s) no(s)"
"PORTARIA SEFIC/MINC Nº 540, DE 20 DE AGOSTO DE 2026",540,reducao_valor,False,False,2026-08-20,2026-08-21,158,,18,Ministério da Cultura/Secretaria de Fomento e Incentivo à Cultura,https://www.in.gov.br/web/dou/-/portaria-sefic/minc-n-540-de-20-de-agosto-de-2026-726984182,portaria-sefic/minc-n-540-de-20-de-agosto-de-2026-726984182,14,3355777.4,True,Homologar o valor reduzido de valor em favor do(s) projeto(s) cultural(is) relacionado(s) no(s)
"PORTARIA SEFIC/MINC Nº 541, DE 20 DE AGOSTO DE 2026",541,alteracao_projeto,False,False,2026-08-20,2026-08-21,158,,19,Ministério da Cultura/Secretaria de Fomento e Incentivo à Cultura,https://www.in.gov.br/web/dou/-/portaria-sefic/minc-n-541-de-20-de-agosto-de-2026-726974824,portaria-sefic/minc-n-541-de-20-de-agosto-de-2026-726974824,10,0.0,True,Homologar a alteração dos projetos culturais relacionados nos
"PORTARIA SEFIC/MINC Nº 542, DE 21 DE AGOSTO DE 2026",542,complementacao_valor,True,False,2026-08-21,2026-08-24,159,,35,Ministério da Cultura/Secretaria de Fomento e Incentivo à Cultura,https://www.in.gov.br/web/dou/-/portaria-sefic/minc-n-542-de-21-de-agosto-de-2026-727247960,portaria-sefic/minc-n-542-de-21-de-agosto-de-2026-727247960,1,4201.64,True,Homologar o valor complementado de valor em favor do(s) projeto(s) cultural(is) relacionado(s) no(s)
"PORTARIA SEFIC/MINC Nº 543, DE 21 DE AGOSTO DE 2026",543,prorrogacao_prazo,True,False,2026-08-21,2026-08-24,159,,35,Ministério da Cultura/Secretaria de Fomento e Incentivo à Cultura,https://www.in.gov.br/web/dou/-/portaria-sefic/minc-n-543-de-21-de-agosto-de-2026-727239184,portaria-sefic/minc-n-543-de-21-de-agosto-de-2026-727239184,5,0.0,True,"Homologar a prorrogação do prazo de captação de recursos do(s) projeto(s) cultural(is), relacionado(s) no(s)"
"PORTARIA SEFIC/MINC Nº 544, DE 21 DE AGOSTO DE 2026",544,reducao_valor,False,False,2026-08-21,2026-08-24,159,,35,Ministério da Cultura/Secretaria de Fomento e Incentivo à Cultura,https://www.in.gov.br/web/dou/-/portaria-sefic/minc-n-544-de-21-de-agosto-de-2026-727309250,portaria-sefic/minc-n-544-de-21-de-agosto-de-2026-727309250,1,1527.24,True,Homologar o valor reduzido de valor em favor do(s) projeto(s) cultural(is) relacionado(s) no(s)
"PORTARIA SEFIC/MINC Nº 545, DE 21 DE AGOSTO DE 2026",545,alteracao_projeto,False,False,2026-08-21,2026-08-24,159,,35,Ministério da Cultura/Secretaria de Fomento e Incentivo à Cultura,https://www.in.gov.br/web/dou/-/portaria-sefic/minc-n-545-de-21-de-agosto-de-2026-727307030,portaria-sefic/minc-n-545-de-21-de-agosto-de-2026-727307030,4,0.0,True,Homologar a alteração dos projetos culturais relacionados nos
"PORTARIA SEFIC/MINC Nº 456, DE 24 DE AGOSTO DE 2026",456,outra,False,False,2026-08-24,2026-08-25,160,,30,Ministério da Cultura/Secretaria de Fomento e Incentivo à Cultura,https://www.in.gov.br/web/dou/-/portaria-sefic/minc-n-456-de-24-de-agosto-de-2026-727766630,portaria-sefic/minc-n-456-de-24-de-agosto-de-2026-727766630,0,,False,"Designar os integrantes da Comissão de contratação do Edital SEFIC/MinC nº 90001/2026, composta pelas unidades do Ministério da Cultura e Instituições Vinculadas, a seguir: I - Secretaria de Fomento e Incentivo à Cultura: a) Erika Freddi, que a coordenará; b) Dainara Francisca de Paulo Pôrto; c) Verena Santiago Ferreira de Castro; d) Julia Furia Costa Oliveira; e) Teresa Cristina Rocha Azevedo de Oliveira; f) Jessica Silva Querino; g) Francisco de Assis da Silva Santos; h) Isana Ângelo de Morais; i) Rafaela Alves da Silva Pinto; e j) Viviane de Azevedo Ramos. II - Secretaria-Executiva: a) Sandro Regueira Santos; e b) Rebecca Brandão Vargas. III - Subsecretaria de Gestão Interna: a) Francisco Samuel Pinheiro Salies; e b) Manuela Alves Ferreira Luiz; IV - Secretaria do Audiovisual: a) Patrízia Veloso Rodrigues; b) Milton Roberto da Silva Braga Martins; c) Helena Ferraz Monteiro; e d) Tiago Rocha Gonçalves de Canha; V - Secretaria da Economia Criativa: a) André Luís Gomes Lira; e b) Lucas Silveira Andrade Martins. VI - Fundação Nacional de Artes: a) Sharine Machado Cabral Melo; b) Mariana Destro Nomelini; e c) Oswaldo Vasconcelos de Carvalho. VII - Fundação Biblioteca Nacional: a) Ubaldo Miranda Santos; b) Elisangela Coutinho Barreto; c) Taise Costa da Silva; e d) Jorge Luiz Teles da Silva. VIII - Fundação Cultural Palmares: a) Nelson Luiz Rigaud Mendes; e b) Guilherme Bruno dos Santos. IX - Instituto Brasileiro de Museus: a) Rafaela Caroline Noronha Almeida; b) Daisy Conceição Santos; c) Flávio Costa Avalone; e d) Luciana Dutra Nascimento. X - Instituto do Patrimônio Histórico e Artístico Nacional: a) Marília de Almeida Gama; b) Mariane da Silva Paulino; c) Yvie Santos; e d) Juliane Sanches da Rocha."
"PORTARIA SEFIC/MINC Nº 547, DE 24 DE AGOSTO DE 2026",547,homologacao_captacao,True,True,2026-08-24,2026-08-25,160,,31,Ministério da Cultura/Secretaria de Fomento e Incentivo à Cultura,https://www.in.gov.br/web/dou/-/portaria-sefic/minc-n-547-de-24-de-agosto-de-2026-727774982,portaria-sefic/minc-n-547-de-24-de-agosto-de-2026-727774982,110,194993018.12,True,Homologar os projetos culturais relacionados nos
"PORTARIA SEFIC/MINC Nº 548, DE 24 DE AGOSTO DE 2026",548,complementacao_valor,True,False,2026-08-24,2026-08-25,160,,38,Ministério da Cultura/Secretaria de Fomento e Incentivo à Cultura,https://www.in.gov.br/web/dou/-/portaria-sefic/minc-n-548-de-24-de-agosto-de-2026-727766549,portaria-sefic/minc-n-548-de-24-de-agosto-de-2026-727766549,2,90010.34,True,Homologar o valor complementado de valor em favor do(s) projeto(s) cultural(is) relacionado(s) no(s)
"PORTARIA SEFIC/MINC Nº 549, DE 24 DE AGOSTO DE 2026",549,prorrogacao_prazo,True,False,2026-08-24,2026-08-25,160,,39,Ministério da Cultura/Secretaria de Fomento e Incentivo à Cultura,https://www.in.gov.br/web/dou/-/portaria-sefic/minc-n-549-de-24-de-agosto-de-2026-727771603,portaria-sefic/minc-n-549-de-24-de-agosto-de-2026-727771603,3,0.0,True,"Homologar a prorrogação do prazo de captação de recursos do(s) projeto(s) cultural(is), relacionado(s) no(s)"
"PORTARIA SEFIC/MINC Nº 550, DE 24 DE AGOSTO DE 2026",550,reducao_valor,False,False,2026-08-24,2026-08-25,160,,39,Ministério da Cultura/Secretaria de Fomento e Incentivo à Cultura,https://www.in.gov.br/web/dou/-/portaria-sefic/minc-n-550-de-24-de-agosto-de-2026-727761741,portaria-sefic/minc-n-550-de-24-de-agosto-de-2026-727761741,1,12289.2,True,Homologar o valor reduzido de valor em favor do(s) projeto(s) cultural(is) relacionado(s) no(s)
"PORTARIA SEFIC/MINC Nº 551, DE 24 DE AGOSTO DE 2026",551,alteracao_projeto,False,False,2026-08-24,2026-08-25,160,,39,Ministério da Cultura/Secretaria de Fomento e Incentivo à Cultura,https://www.in.gov.br/web/dou/-/portaria-sefic/minc-n-551-de-24-de-agosto-de-2026-727773600,portaria-sefic/minc-n-551-de-24-de-agosto-de-2026-727773600,1,0.0,True,Homologar a alteração dos projetos culturais relacionados nos
"PORTARIA SEFIC/MINC Nº 552, DE 25 DE AGOSTO DE 2026",552,homologacao_captacao,True,True,2026-08-25,2026-08-26,161,,8,Ministério da Cultura/Secretaria de Fomento e Incentivo à Cultura,https://www.in.gov.br/web/dou/-/portaria-sefic/minc-n-552-de-25-de-agosto-de-2026-728019134,portaria-sefic/minc-n-552-de-25-de-agosto-de-2026-728019134,56,55698761.519999996,True,Homologar os projetos culturais relacionados nos
"PORTARIA SEFIC/MINC Nº 553, DE 25 DE AGOSTO DE 2026",553,complementacao_valor,True,False,2026-08-25,2026-08-26,161,,12,Ministério da Cultura/Secretaria de Fomento e Incentivo à Cultura,https://www.in.gov.br/web/dou/-/portaria-sefic/minc-n-553-de-25-de-agosto-de-2026-728032009,portaria-sefic/minc-n-553-de-25-de-agosto-de-2026-728032009,1,17820.0,True,Homologar o valor complementado de valor em favor do(s) projeto(s) cultural(is) relacionado(s) no(s)
"PORTARIA SEFIC/MINC Nº 554, DE 25 DE AGOSTO DE 2026",554,prorrogacao_prazo,True,False,2026-08-25,2026-08-26,161,,12,Ministério da Cultura/Secretaria de Fomento e Incentivo à Cultura,https://www.in.gov.br/web/dou/-/portaria-sefic/minc-n-554-de-25-de-agosto-de-2026-728028991,portaria-sefic/minc-n-554-de-25-de-agosto-de-2026-728028991,1,0.0,True,"Homologar a prorrogação do prazo de captação de recursos do(s) projeto(s) cultural(is), relacionado(s) no(s)"
"PORTARIA SEFIC/MINC Nº 555, DE 25 DE AGOSTO DE 2026",555,reducao_valor,False,False,2026-08-25,2026-08-26,161,,12,Ministério da Cultura/Secretaria de Fomento e Incentivo à Cultura,https://www.in.gov.br/web/dou/-/portaria-sefic/minc-n-555-de-25-de-agosto-de-2026-727964096,portaria-sefic/minc-n-555-de-25-de-agosto-de-2026-727964096,2,171829.44,True,Homologar o valor reduzido de valor em favor do(s) projeto(s) cultural(is) relacionado(s) no(s)
"PORTARIA SEFIC/MINC Nº 556, DE 25 DE AGOSTO DE 2026",556,alteracao_projeto,False,False,2026-08-25,2026-08-26,161,,12,Ministério da Cultura/Secretaria de Fomento e Incentivo à Cultura,https://www.in.gov.br/web/dou/-/portaria-sefic/minc-n-556-de-25-de-agosto-de-2026-728033274,portaria-sefic/minc-n-556-de-25-de-agosto-de-2026-728033274,5,0.0,True,Homologar a alteração dos projetos culturais relacionados nos
"PORTARIA SEFIC/MINC Nº 557, DE 26 DE AGOSTO DE 2026",557,complementacao_valor,True,False,2026-08-26,2026-08-27,162,,8,Ministério da Cultura/Secretaria de Fomento e Incentivo à Cultura,https://www.in.gov.br/web/dou/-/portaria-sefic/minc-n-557-de-26-de-agosto-de-2026-728298961,portaria-sefic/minc-n-557-de-26-de-agosto-de-2026-728298961,4,1954555.43,True,Homologar o valor complementado de valor em favor do(s) projeto(s) cultural(is) relacionado(s) no(s)
"PORTARIA SEFIC/MINC Nº 558, DE 26 DE AGOSTO DE 2026",558,prorrogacao_prazo,True,False,2026-08-26,2026-08-27,162,,8,Ministério da Cultura/Secretaria de Fomento e Incentivo à Cultura,https://www.in.gov.br/web/dou/-/portaria-sefic/minc-n-558-de-26-de-agosto-de-2026-728293709,portaria-sefic/minc-n-558-de-26-de-agosto-de-2026-728293709,1,0.0,True,"Homologar a prorrogação do prazo de captação de recursos do(s) projeto(s) cultural(is), relacionado(s) no(s)"
"PORTARIA SEFIC/MINC Nº 559, DE 26 DE AGOSTO DE 2026",559,reducao_valor,False,False,2026-08-26,2026-08-27,162,,8,Ministério da Cultura/Secretaria de Fomento e Incentivo à Cultura,https://www.in.gov.br/web/dou/-/portaria-sefic/minc-n-559-de-26-de-agosto-de-2026-728286713,portaria-sefic/minc-n-559-de-26-de-agosto-de-2026-728286713,1,1875.0,True,Homologar o valor reduzido de valor em favor do(s) projeto(s) cultural(is) relacionado(s) no(s)
"PORTARIA SEFIC/MINC Nº 560, DE 26 DE AGOSTO DE 2026",560,alteracao_projeto,False,False,2026-08-26,2026-08-27,162,,8,Ministério da Cultura/Secretaria de Fomento e Incentivo à Cultura,https://www.in.gov.br/web/dou/-/portaria-sefic/minc-n-560-de-26-de-agosto-de-2026-728294686,portaria-sefic/minc-n-560-de-26-de-agosto-de-2026-728294686,4,0.0,True,Homologar a alteração dos projetos culturais relacionados nos
"PORTARIA SEFIC/MINC Nº 561, DE 26 DE AGOSTO DE 2026",561,homologacao_captacao,True,True,2026-08-26,2026-08-27,162,,8,Ministério da Cultura/Secretaria de Fomento e Incentivo à Cultura,https://www.in.gov.br/web/dou/-/portaria-sefic/minc-n-561-de-26-de-agosto-de-2026-728225075,portaria-sefic/minc-n-561-de-26-de-agosto-de-2026-728225075,28,19687254.74,True,Homologar os projetos culturais relacionados nos
"PORTARIA SEFIC/MINC Nº 562, DE 27 DE AGOSTO DE 2026",562,homologacao_captacao,True,True,2026-08-27,2026-08-28,163,,11,Ministério da Cultura/Secretaria de Fomento e Incentivo à Cultura,https://www.in.gov.br/web/dou/-/portaria-sefic/minc-n-562-de-27-de-agosto-de-2026-728575238,portaria-sefic/minc-n-562-de-27-de-agosto-de-2026-728575238,64,416656987.46999997,True,Homologar os projetos culturais relacionados nos
"PORTARIA SEFIC/MINC Nº 563, DE 27 DE AGOSTO DE 2026",563,complementacao_valor,True,False,2026-08-27,2026-08-28,163,,15,Ministério da Cultura/Secretaria de Fomento e Incentivo à Cultura,https://www.in.gov.br/web/dou/-/portaria-sefic/minc-n-563-de-27-de-agosto-de-2026-728575157,portaria-sefic/minc-n-563-de-27-de-agosto-de-2026-728575157,1,3045.0,True,Homologar o valor complementado de valor em favor do(s) projeto(s) cultural(is) relacionado(s) no(s)
"PORTARIA SEFIC/MINC Nº 564, DE 27 DE AGOSTO DE 2026",564,prorrogacao_prazo,True,False,2026-08-27,2026-08-28,163,,15,Ministério da Cultura/Secretaria de Fomento e Incentivo à Cultura,https://www.in.gov.br/web/dou/-/portaria-sefic/minc-n-564-de-27-de-agosto-de-2026-728572982,portaria-sefic/minc-n-564-de-27-de-agosto-de-2026-728572982,11,0.0,True,"Homologar a prorrogação do prazo de captação de recursos do(s) projeto(s) cultural(is), relacionado(s) no(s)"
"PORTARIA SEFIC/MINC Nº 565, DE 27 DE AGOSTO DE 2026",565,reducao_valor,False,False,2026-08-27,2026-08-28,163,,16,Ministério da Cultura/Secretaria de Fomento e Incentivo à Cultura,https://www.in.gov.br/web/dou/-/portaria-sefic/minc-n-565-de-27-de-agosto-de-2026-728578350,portaria-sefic/minc-n-565-de-27-de-agosto-de-2026-728578350,4,109734.58,True,Homologar o valor reduzido de valor em favor do(s) projeto(s) cultural(is) relacionado(s) no(s)
"PORTARIA SEFIC/MINC Nº 566, DE 27 DE AGOSTO DE 2026",566,alteracao_projeto,False,False,2026-08-27,2026-08-28,163,,16,Ministério da Cultura/Secretaria de Fomento e Incentivo à Cultura,https://www.in.gov.br/web/dou/-/portaria-sefic/minc-n-566-de-27-de-agosto-de-2026-728569943,portaria-sefic/minc-n-566-de-27-de-agosto-de-2026-728569943,9,0.0,True,Homologar a alteração dos projetos culturais relacionados nos
"PORTARIA SEFIC/MINC Nº 567, DE 27 DE AGOSTO DE 2026",567,outra,False,False,2026-08-27,2026-08-28,163,,16,Ministério da Cultura/Secretaria de Fomento e Incentivo à Cultura,https://www.in.gov.br/web/dou/-/portaria-sefic/minc-n-567-de-27-de-agosto-de-2026-728587924,portaria-sefic/minc-n-567-de-27-de-agosto-de-2026-728587924,0,,False,"Tornar público os descredenciamentos dos peritos do Banco de Pareceristas da Secretaria de Fomento e Incentivo à Cultura, a pedido, conforme disposto no Art. 4º da Instrução Normativa MinC nº 31, de 31 de janeiro de 2026, o qual foi habilitado por meio do Edital de Chamamento Público SEFIC/MinC nº 2/2023, nas áreas e segmentos constantes no"
"PORTARIA SEFIC/MINC Nº 567, DE 28 DE AGOSTO DE 2026",567,homologacao_captacao,True,True,2026-08-28,2026-08-31,164,,6,Ministério da Cultura/Secretaria de Fomento e Incentivo à Cultura,https://www.in.gov.br/web/dou/-/portaria-sefic/minc-n-567-de-28-de-agosto-de-2026-729094636,portaria-sefic/minc-n-567-de-28-de-agosto-de-2026-729094636,24,15749149.59,True,Homologar os projetos culturais relacionados nos
"PORTARIA SEFIC/MINC Nº 568, DE 28 DE AGOSTO DE 2026",568,prorrogacao_prazo,True,False,2026-08-28,2026-08-31,164,,7,Ministério da Cultura/Secretaria de Fomento e Incentivo à Cultura,https://www.in.gov.br/web/dou/-/portaria-sefic/minc-n-568-de-28-de-agosto-de-2026-729099796,portaria-sefic/minc-n-568-de-28-de-agosto-de-2026-729099796,1,0.0,True,"Homologar a prorrogação do prazo de captação de recursos do(s) projeto(s) cultural(is), relacionado(s) no(s)"
"PORTARIA SEFIC/MINC Nº 569, DE 28 DE AGOSTO DE 2026",569,alteracao_projeto,False,False,2026-08-28,2026-08-31,164,,7,Ministério da Cultura/Secretaria de Fomento e Incentivo à Cultura,https://www.in.gov.br/web/dou/-/portaria-sefic/minc-n-569-de-28-de-agosto-de-2026-729094243,portaria-sefic/minc-n-569-de-28-de-agosto-de-2026-729094243,1,0.0,True,Homologar a alteração dos projetos culturais relacionados nos
"PORTARIA SEFIC/MINC Nº 570, DE 31 DE AGOSTO DE 2026",570,homologacao_captacao,True,True,2026-08-31,2026-09-01,165,,13,Ministério da Cultura/Secretaria de Fomento e Incentivo à Cultura,https://www.in.gov.br/web/dou/-/portaria-sefic/minc-n-570-de-31-de-agosto-de-2026-729321641,portaria-sefic/minc-n-570-de-31-de-agosto-de-2026-729321641,50,167162497.1,True,Homologar os projetos culturais relacionados nos
"PORTARIA SEFIC/MINC Nº 571, DE 31 DE AGOSTO DE 2026",571,complementacao_valor,True,False,2026-08-31,2026-09-01,165,,17,Ministério da Cultura/Secretaria de Fomento e Incentivo à Cultura,https://www.in.gov.br/web/dou/-/portaria-sefic/minc-n-571-de-31-de-agosto-de-2026-729328297,portaria-sefic/minc-n-571-de-31-de-agosto-de-2026-729328297,1,33776.33,True,Homologar o valor complementado de valor em favor do(s) projeto(s) cultural(is) relacionado(s) no(s)
"PORTARIA SEFIC/MINC Nº 572, DE 31 DE AGOSTO DE 2026",572,prorrogacao_prazo,True,False,2026-08-31,2026-09-01,165,,17,Ministério da Cultura/Secretaria de Fomento e Incentivo à Cultura,https://www.in.gov.br/web/dou/-/portaria-sefic/minc-n-572-de-31-de-agosto-de-2026-729407843,portaria-sefic/minc-n-572-de-31-de-agosto-de-2026-729407843,23,0.0,True,"Homologar a prorrogação do prazo de captação de recursos do(s) projeto(s) cultural(is), relacionado(s) no(s)"
"PORTARIA SEFIC/MINC Nº 573, DE 31 DE AGOSTO DE 2026",573,reducao_valor,False,False,2026-08-31,2026-09-01,165,,18,Ministério da Cultura/Secretaria de Fomento e Incentivo à Cultura,https://www.in.gov.br/web/dou/-/portaria-sefic/minc-n-573-de-31-de-agosto-de-2026-729317297,portaria-sefic/minc-n-573-de-31-de-agosto-de-2026-729317297,8,3870241.9699999997,True,Homologar o valor reduzido de valor em favor do(s) projeto(s) cultural(is) relacionado(s) no(s)
"PORTARIA SEFIC/MINC Nº 574, DE 31 DE AGOSTO DE 2026",574,alteracao_projeto,False,False,2026-08-31,2026-09-01,165,,18,Ministério da Cultura/Secretaria de Fomento e Incentivo à Cultura,https://www.in.gov.br/web/dou/-/portaria-sefic/minc-n-574-de-31-de-agosto-de-2026-729399581,portaria-sefic/minc-n-574-de-31-de-agosto-de-2026-729399581,6,0.0,True,Homologar a alteração dos projetos culturais relacionados nos
"PORTARIA SEFIC/MINC Nº 575, DE 1º DE SETEMBRO DE 2026",575,homologacao_captacao,True,True,2026-09-01,2026-09-02,166,,8,Ministério da Cultura/Secretaria de Fomento e Incentivo à Cultura,https://www.in.gov.br/web/dou/-/portaria-sefic/minc-n-575-de-1-de-setembro-de-2026-729438503,portaria-sefic/minc-n-575-de-1-de-setembro-de-2026-729438503,95,147627322.91,True,Homologar os projetos culturais relacionados nos
"PORTARIA SEFIC/MINC Nº 576, DE 1º DE SETEMBRO DE 2026",576,prorrogacao_prazo,True,False,2026-09-01,2026-09-02,166,,15,Ministério da Cultura/Secretaria de Fomento e Incentivo à Cultura,https://www.in.gov.br/web/dou/-/portaria-sefic/minc-n-576-de-1-de-setembro-de-2026-729436511,portaria-sefic/minc-n-576-de-1-de-setembro-de-2026-729436511,52,0.0,True,"Homologar a prorrogação do prazo de captação de recursos do(s) projeto(s) cultural(is), relacionado(s) no(s)"
"PORTARIA SEFIC/MINC Nº 577, DE 1º DE SETEMBRO DE 2026",577,alteracao_projeto,False,False,2026-09-01,2026-09-02,166,,16,Ministério da Cultura/Secretaria de Fomento e Incentivo à Cultura,https://www.in.gov.br/web/dou/-/portaria-sefic/minc-n-577-de-1-de-setembro-de-2026-729428344,portaria-sefic/minc-n-577-de-1-de-setembro-de-2026-729428344,1,0.0,True,Homologar a alteração dos projetos culturais relacionados nos
"PORTARIA SEFIC/MINC Nº 578, DE 2 DE SETEMBRO DE 2026",578,complementacao_valor,True,False,2026-09-02,2026-09-03,167,,14,Ministério da Cultura/Secretaria de Fomento e Incentivo à Cultura,https://www.in.gov.br/web/dou/-/portaria-sefic/minc-n-578-de-2-de-setembro-de-2026-729851700,portaria-sefic/minc-n-578-de-2-de-setembro-de-2026-729851700,1,29864.8,True,Homologar o valor complementado de valor em favor do(s) projeto(s) cultural(is) relacionado(s) no(s)
"PORTARIA SEFIC/MINC Nº 579, DE 2 DE SETEMBRO DE 2026",579,prorrogacao_prazo,True,False,2026-09-02,2026-09-03,167,,14,Ministério da Cultura/Secretaria de Fomento e Incentivo à Cultura,https://www.in.gov.br/web/dou/-/portaria-sefic/minc-n-579-de-2-de-setembro-de-2026-729933681,portaria-sefic/minc-n-579-de-2-de-setembro-de-2026-729933681,12,0.0,True,"Homologar a prorrogação do prazo de captação de recursos do(s) projeto(s) cultural(is), relacionado(s) no(s)"
"PORTARIA SEFIC/MINC Nº 580, DE 2 DE SETEMBRO DE 2026",580,reducao_valor,False,False,2026-09-02,2026-09-03,167,,14,Ministério da Cultura/Secretaria de Fomento e Incentivo à Cultura,https://www.in.gov.br/web/dou/-/portaria-sefic/minc-n-580-de-2-de-setembro-de-2026-729950927,portaria-sefic/minc-n-580-de-2-de-setembro-de-2026-729950927,1,255.35,True,Homologar o valor reduzido de valor em favor do(s) projeto(s) cultural(is) relacionado(s) no(s)
"PORTARIA SEFIC/MINC Nº 581, DE 2 DE SETEMBRO DE 2026",581,alteracao_projeto,False,False,2026-09-02,2026-09-03,167,,14,Ministério da Cultura/Secretaria de Fomento e Incentivo à Cultura,https://www.in.gov.br/web/dou/-/portaria-sefic/minc-n-581-de-2-de-setembro-de-2026-729858117,portaria-sefic/minc-n-581-de-2-de-setembro-de-2026-729858117,5,0.0,True,Homologar a alteração dos projetos culturais relacionados nos
"PORTARIA SEFIC/MINC Nº 582, DE 3 DE SETEMBRO DE 2026",582,homologacao_captacao,True,True,2026-09-03,2026-09-04,168,,106,Ministério da Cultura/Secretaria de Fomento e Incentivo à Cultura,https://www.in.gov.br/web/dou/-/portaria-sefic/minc-n-582-de-3-de-setembro-de-2026-730155766,portaria-sefic/minc-n-582-de-3-de-setembro-de-2026-730155766,196,319934095.67,True,Homologar os projetos culturais relacionados nos
"PORTARIA SEFIC/MINC Nº 583, DE 3 DE SETEMBRO DE 2026",583,complementacao_valor,True,False,2026-09-03,2026-09-04,168,,119,Ministério da Cultura/Secretaria de Fomento e Incentivo à Cultura,https://www.in.gov.br/web/dou/-/portaria-sefic/minc-n-583-de-3-de-setembro-de-2026-730234172,portaria-sefic/minc-n-583-de-3-de-setembro-de-2026-730234172,2,46067.54,True,Homologar o valor complementado de valor em favor do(s) projeto(s) cultural(is) relacionado(s) no(s)
"PORTARIA SEFIC/MINC Nº 584, DE 3 DE SETEMBRO DE 2026",584,reducao_valor,False,False,2026-09-03,2026-09-04,168,,120,Ministério da Cultura/Secretaria de Fomento e Incentivo à Cultura,https://www.in.gov.br/web/dou/-/portaria-sefic/minc-n-584-de-3-de-setembro-de-2026-730147607,portaria-sefic/minc-n-584-de-3-de-setembro-de-2026-730147607,3,216940.71000000002,True,Homologar o valor reduzido de valor em favor do(s) projeto(s) cultural(is) relacionado(s) no(s)
"PORTARIA SEFIC/MINC Nº 585, DE 3 DE SETEMBRO DE 2026",585,alteracao_projeto,False,False,2026-09-03,2026-09-04,168,,120,Ministério da Cultura/Secretaria de Fomento e Incentivo à Cultura,https://www.in.gov.br/web/dou/-/portaria-sefic/minc-n-585-de-3-de-setembro-de-2026-730141795,portaria-sefic/minc-n-585-de-3-de-setembro-de-2026-730141795,6,0.0,True,Homologar a alteração dos projetos culturais relacionados nos
"PORTARIA SEFIC/MINC Nº 586, DE 3 DE SETEMBRO DE 2026",586,alteracao_projeto,False,False,2026-09-03,2026-09-04,168,,120,Ministério da Cultura/Secretaria de Fomento e Incentivo à Cultura,https://www.in.gov.br/web/dou/-/portaria-sefic/minc-n-586-de-3-de-setembro-de-2026-730137684,portaria-sefic/minc-n-586-de-3-de-setembro-de-2026-730137684,0,,False,"Homologar a(s) alteração(ões) do(s) proponente(s) do(s) projeto(s) abaixo relacionado(s): PRONAC: 2411633 - Coral Curumim 37 anos, publicado na portaria nº 852/24 de 03/12/2024, no D.O.U. de 04/12/2024. Onde se lê: CARLOS TODESCHINI CNPJ/CPF: 402.***.***-20 Leia-se: JOYCE MIRIAM TODESCHINI CNPJ/CPF: 357.***.***-53"
"PORTARIA SEFIC/MINC Nº 587, DE 4 DE SETEMBRO DE 2026",587,homologacao_captacao,True,True,2026-09-04,2026-09-08,169,,34,Ministério da Cultura/Secretaria de Fomento e Incentivo à Cultura,https://www.in.gov.br/web/dou/-/portaria-sefic/minc-n-587-de-4-de-setembro-de-2026-730276199,portaria-sefic/minc-n-587-de-4-de-setembro-de-2026-730276199,37,133031236.91,True,Homologar os projetos culturais relacionados nos
"PORTARIA SEFIC/MINC Nº 588, DE 4 DE SETEMBRO DE 2026",588,complementacao_valor,True,False,2026-09-04,2026-09-08,169,,36,Ministério da Cultura/Secretaria de Fomento e Incentivo à Cultura,https://www.in.gov.br/web/dou/-/portaria-sefic/minc-n-588-de-4-de-setembro-de-2026-730306177,portaria-sefic/minc-n-588-de-4-de-setembro-de-2026-730306177,2,1095937.63,True,Homologar o valor complementado de valor em favor do(s) projeto(s) cultural(is) relacionado(s) no(s)
"PORTARIA SEFIC/MINC Nº 589, DE 4 DE SETEMBRO DE 2026",589,prorrogacao_prazo,True,False,2026-09-04,2026-09-08,169,,36,Ministério da Cultura/Secretaria de Fomento e Incentivo à Cultura,https://www.in.gov.br/web/dou/-/portaria-sefic/minc-n-589-de-4-de-setembro-de-2026-730282394,portaria-sefic/minc-n-589-de-4-de-setembro-de-2026-730282394,3,0.0,True,"Homologar a prorrogação do prazo de captação de recursos do(s) projeto(s) cultural(is), relacionado(s) no(s)"
"PORTARIA SEFIC/MINC Nº 590, DE 4 DE SETEMBRO DE 2026",590,alteracao_projeto,False,False,2026-09-04,2026-09-08,169,,36,Ministério da Cultura/Secretaria de Fomento e Incentivo à Cultura,https://www.in.gov.br/web/dou/-/portaria-sefic/minc-n-590-de-4-de-setembro-de-2026-730251781,portaria-sefic/minc-n-590-de-4-de-setembro-de-2026-730251781,4,0.0,True,Homologar a alteração dos projetos culturais relacionados nos
"PORTARIA SEFIC/MINC Nº 591, DE 8 DE SETEMBRO DE 2026",591,homologacao_captacao,True,True,2026-09-08,2026-09-09,170,,19,Ministério da Cultura/Secretaria de Fomento e Incentivo à Cultura,https://www.in.gov.br/web/dou/-/portaria-sefic/minc-n-591-de-8-de-setembro-de-2026-730725338,portaria-sefic/minc-n-591-de-8-de-setembro-de-2026-730725338,58,44905311.24,True,Homologar os projetos culturais relacionados nos
"PORTARIA SEFIC/MINC Nº 592, DE 8 DE SETEMBRO DE 2026",592,complementacao_valor,True,False,2026-09-08,2026-09-09,170,,23,Ministério da Cultura/Secretaria de Fomento e Incentivo à Cultura,https://www.in.gov.br/web/dou/-/portaria-sefic/minc-n-592-de-8-de-setembro-de-2026-730784583,portaria-sefic/minc-n-592-de-8-de-setembro-de-2026-730784583,3,64212.9,True,Homologar o valor complementado de valor em favor do(s) projeto(s) cultural(is) relacionado(s) no(s)
"PORTARIA SEFIC/MINC Nº 593, DE 8 DE SETEMBRO DE 2026",593,prorrogacao_prazo,True,False,2026-09-08,2026-09-09,170,,23,Ministério da Cultura/Secretaria de Fomento e Incentivo à Cultura,https://www.in.gov.br/web/dou/-/portaria-sefic/minc-n-593-de-8-de-setembro-de-2026-730691644,portaria-sefic/minc-n-593-de-8-de-setembro-de-2026-730691644,4,0.0,True,"Homologar a prorrogação do prazo de captação de recursos do(s) projeto(s) cultural(is), relacionado(s) no(s)"
"PORTARIA SEFIC/MINC Nº 594, DE 8 DE SETEMBRO DE 2026",594,reducao_valor,False,False,2026-09-08,2026-09-09,170,,23,Ministério da Cultura/Secretaria de Fomento e Incentivo à Cultura,https://www.in.gov.br/web/dou/-/portaria-sefic/minc-n-594-de-8-de-setembro-de-2026-730723398,portaria-sefic/minc-n-594-de-8-de-setembro-de-2026-730723398,1,122.58,True,Homologar o valor reduzido de valor em favor do(s) projeto(s) cultural(is) relacionado(s) no(s)
"PORTARIA SEFIC/MINC Nº 595, DE 8 DE SETEMBRO DE 2026",595,alteracao_projeto,False,False,2026-09-08,2026-09-09,170,,23,Ministério da Cultura/Secretaria de Fomento e Incentivo à Cultura,https://www.in.gov.br/web/dou/-/portaria-sefic/minc-n-595-de-8-de-setembro-de-2026-730778755,portaria-sefic/minc-n-595-de-8-de-setembro-de-2026-730778755,2,0.0,True,Homologar a alteração dos projetos culturais relacionados nos
"PORTARIA SEFIC/MINC Nº 596, DE 9 DE SETEMBRO DE 2026",596,homologacao_captacao,True,True,2026-09-09,2026-09-10,171,,14,Ministério da Cultura/Secretaria de Fomento e Incentivo à Cultura,https://www.in.gov.br/web/dou/-/portaria-sefic/minc-n-596-de-9-de-setembro-de-2026-731063555,portaria-sefic/minc-n-596-de-9-de-setembro-de-2026-731063555,54,72836093.33,True,Homologar os projetos culturais relacionados nos
"PORTARIA SEFIC/MINC Nº 597, DE 9 DE SETEMBRO DE 2026",597,complementacao_valor,True,False,2026-09-09,2026-09-10,171,,18,Ministério da Cultura/Secretaria de Fomento e Incentivo à Cultura,https://www.in.gov.br/web/dou/-/portaria-sefic/minc-n-597-de-9-de-setembro-de-2026-731063470,portaria-sefic/minc-n-597-de-9-de-setembro-de-2026-731063470,2,49662.33,True,Homologar o valor complementado de valor em favor do(s) projeto(s) cultural(is) relacionado(s) no(s)
"PORTARIA SEFIC/MINC Nº 598, DE 9 DE SETEMBRO DE 2026",598,reducao_valor,False,False,2026-09-09,2026-09-10,171,,18,Ministério da Cultura/Secretaria de Fomento e Incentivo à Cultura,https://www.in.gov.br/web/dou/-/portaria-sefic/minc-n-598-de-9-de-setembro-de-2026-731037147,portaria-sefic/minc-n-598-de-9-de-setembro-de-2026-731037147,1,1700.86,True,Homologar o valor reduzido de valor em favor do(s) projeto(s) cultural(is) relacionado(s) no(s)
"PORTARIA SEFIC/MINC Nº 599, DE 9 DE SETEMBRO DE 2026",599,alteracao_projeto,False,False,2026-09-09,2026-09-10,171,,18,Ministério da Cultura/Secretaria de Fomento e Incentivo à Cultura,https://www.in.gov.br/web/dou/-/portaria-sefic/minc-n-599-de-9-de-setembro-de-2026-731060544,portaria-sefic/minc-n-599-de-9-de-setembro-de-2026-731060544,6,0.0,True,Homologar a alteração dos projetos culturais relacionados nos
"PORTARIA SEFIC/MINC Nº 600, DE 9 DE SETEMBRO DE 2026",600,prorrogacao_prazo,True,False,2026-09-09,2026-09-10,171,,18,Ministério da Cultura/Secretaria de Fomento e Incentivo à Cultura,https://www.in.gov.br/web/dou/-/portaria-sefic/minc-n-600-de-9-de-setembro-de-2026-730967835,portaria-sefic/minc-n-600-de-9-de-setembro-de-2026-730967835,2,0.0,True,"Homologar a prorrogação do prazo de captação de recursos do(s) projeto(s) cultural(is), relacionado(s) no(s)"
"PORTARIA SEFIC/MINC Nº 601, DE 10 DE SETEMBRO DE 2026",601,complementacao_valor,True,False,2026-09-10,2026-09-11,172,,13,Ministério da Cultura/Secretaria de Fomento e Incentivo à Cultura,https://www.in.gov.br/web/dou/-/portaria-sefic/minc-n-601-de-10-de-setembro-de-2026-731294439,portaria-sefic/minc-n-601-de-10-de-setembro-de-2026-731294439,3,369319.8,True,Homologar o valor complementado de valor em favor do(s) projeto(s) cultural(is) relacionado(s) no(s)
"PORTARIA SEFIC/MINC Nº 602, DE 10 DE SETEMBRO DE 2026",602,prorrogacao_prazo,True,False,2026-09-10,2026-09-11,172,,13,Ministério da Cultura/Secretaria de Fomento e Incentivo à Cultura,https://www.in.gov.br/web/dou/-/portaria-sefic/minc-n-602-de-10-de-setembro-de-2026-731286973,portaria-sefic/minc-n-602-de-10-de-setembro-de-2026-731286973,4,0.0,True,"Homologar a prorrogação do prazo de captação de recursos do(s) projeto(s) cultural(is), relacionado(s) no(s)"
"PORTARIA SEFIC/MINC Nº 603, DE 10 DE SETEMBRO DE 2026",603,alteracao_projeto,False,False,2026-09-10,2026-09-11,172,,13,Ministério da Cultura/Secretaria de Fomento e Incentivo à Cultura,https://www.in.gov.br/web/dou/-/portaria-sefic/minc-n-603-de-10-de-setembro-de-2026-731330875,portaria-sefic/minc-n-603-de-10-de-setembro-de-2026-731330875,5,0.0,True,Homologar a alteração dos projetos culturais relacionados nos
