Titulo/Contrato,Familia,Vencimento,Tipo_Divida,Quantidade,Valor_Estoque_R$,Valor_R$_bi,PU_implicito
AFD CBR 1122,AFD,22/12/2120,Dívida Externa,1.0,1124230411.87,1.12423041187,1124230411.87
AINSS A005,AINSS,19/03/2028,Dívida Interna,6.0,9143.04,9.143040000000001e-06,1523.8400000000001
AINSS A008,AINSS,20/08/2028,Dívida Interna,26.0,38630.28,3.863028e-05,1485.78
AINSS A011,AINSS,15/10/2028,Dívida Interna,8.0,11730.08,1.173008e-05,1466.26
AINSS A014,AINSS,17/12/2028,Dívida Interna,4.0,5778.2,5.7782e-06,1444.55
AINSS A015,AINSS,29/12/2028,Dívida Interna,85.0,123290.8,0.0001232908,1450.48
AINSS A017,AINSS,22/04/2029,Dívida Interna,2.0,2796.78,2.7967800000000004e-06,1398.39
AINSS A018,AINSS,18/06/2029,Dívida Interna,4.0,5576.32,5.57632e-06,1394.08
AINSS A021,AINSS,23/09/2029,Dívida Interna,3.0,4129.2,4.1292e-06,1376.3999999999999
AINSS A023,AINSS,18/11/2029,Dívida Interna,4.0,5505.32,5.505319999999999e-06,1376.33
AINSS A025,AINSS,17/02/2030,Dívida Interna,11.0,15022.59,1.502259e-05,1365.69
AINSS A031,AINSS,21/09/2030,Dívida Interna,11.0,14792.03,1.479203e-05,1344.73
AINSS A036,AINSS,22/03/2031,Dívida Interna,25.0,33352.0,3.3352e-05,1334.08
AINSS A037,AINSS,17/05/2031,Dívida Interna,20.0,26678.4,2.6678400000000002e-05,1333.92
AINSS A038,AINSS,16/08/2031,Dívida Interna,54.0,71530.56,7.153056e-05,1324.6399999999999
AINSS A043,AINSS,28/03/2032,Dívida Interna,77.0,100237.06,0.00010023706,1301.78
BBVA-P3/CLX,BBVA-P3,19/05/2105,Dívida Externa,1.0,36448550.41,0.036448550409999995,36448550.41
BID1628/OCBR,BID1628,14/09/2105,Dívida Externa,1.0,33832743.7,0.0338327437,33832743.7
BID1718/OCBR,BID1718,31/05/2106,Dívida Externa,1.0,78064245.84,0.07806424584,78064245.84
BID1811/OCBR,BID1811,23/11/2107,Dívida Externa,1.0,4339229.97,0.00433922997,4339229.97
BID1841/OCBR,BID1841,15/09/2109,Dívida Externa,1.0,11318197.63,0.01131819763,11318197.63
BID1864/OCBR,BID1864,10/12/2107,Dívida Externa,1.0,10515521.64,0.01051552164,10515521.64
BID2192/OCBR,BID2192,30/01/2112,Dívida Externa,1.0,13911615.29,0.013911615289999998,13911615.29
BID2229/OCBR,BID2229,12/11/2109,Dívida Externa,1.0,8561952.46,0.008561952460000001,8561952.46
BID2248/OCBR,BID2248,29/12/2109,Dívida Externa,1.0,401417459.14,0.40141745914,401417459.14
BID2580/OCBR,BID2580,26/03/2112,Dívida Externa,1.0,19933118.73,0.01993311873,19933118.73
BID2791/OCBR,BID2791,10/06/2113,Dívida Externa,1.0,19704306.09,0.01970430609,19704306.09
BID2919/OCBR,BID2919,17/12/2113,Dívida Externa,1.0,35686430.29,0.03568643029,35686430.29
BID3142/OCBR,BID3142,28/03/2114,Dívida Externa,1.0,28201792.94,0.02820179294,28201792.94
BID3391/OCBR,BID3391,28/12/2117,Dívida Externa,1.0,529796274.84,0.52979627484,529796274.84
BID4723/OCBR,BID4723,04/12/2119,Dívida Externa,1.0,504103737.27,0.50410373727,504103737.27
BID4732/OCBR,BID4732,04/12/2119,Dívida Externa,1.0,9345567.05,0.009345567050000001,9345567.05
BID5092/OCBR,BID5092,21/12/2120,Dívida Externa,1.0,5293103627.29,5.29310362729,5293103627.29
BID5130/OCBR,BID5130,01/12/2121,Dívida Externa,1.0,1058620725.45,1.05862072545,1058620725.45
BIRD7428-BR,BIRD7428-BR,17/07/2108,Dívida Externa,1.0,2068189.26,0.00206818926,2068189.26
BIRD7545-BR,BIRD7545-BR,09/09/2109,Dívida Externa,1.0,112185475.09,0.11218547509,112185475.09
BIRD7632-BR,BIRD7632-BR,22/12/2109,Dívida Externa,1.0,280406803.63,0.28040680363,280406803.63
BIRD7782-BR,BIRD7782-BR,22/12/2109,Dívida Externa,1.0,12991048.5,0.0129910485,12991048.5
BIRD7841-BR,BIRD7841-BR,21/09/2111,Dívida Externa,1.0,722612706.02,0.7226127060199999,722612706.02
BIRD7901-BR,BIRD7901-BR,05/10/2110,Dívida Externa,1.0,134066143.44,0.13406614344,134066143.44
BIRD8074-BR,BIRD8074-BR,15/12/2111,Dívida Externa,1.0,63972930.92,0.06397293092,63972930.92
BIRD8095-BR,BIRD8095-BR,01/03/2112,Dívida Externa,1.0,177102398.09,0.17710239809,177102398.09
BIRD8812-BR,BIRD8812-BR,24/05/2118,Dívida Externa,1.0,879157607.01,0.87915760701,879157607.01
BIRD8813-BR,BIRD8813-BR,24/05/2118,Dívida Externa,1.0,16074418.63,0.01607441863,16074418.63
BIRD9074-BR,BIRD9074-BR,21/07/2121,Dívida Externa,1.0,4076489.03,0.00407648903,4076489.03
BIRD9172-BR,BIRD9172-BR,17/06/2121,Dívida Externa,1.0,5289657880.43,5.28965788043,5289657880.43
BIRDTF019211,BIRDTF019211,01/06/2117,Dívida Externa,1.0,32376383.55,0.03237638355,32376383.55
BNCC920116,BNCC920116,16/07/2040,Dívida Interna,362.0,41642.0,4.1642e-05,115.03314917127072
CAF011395,CAF011395,21/12/2120,Dívida Externa,1.0,1828501890.11,1.8285018901099999,1828501890.11
CVSA970101,CVSA970101,01/01/2027,Dívida Interna,1235550.0,1068588242.65,1.06858824265,864.868473675691
CVSB970101,CVSB970101,01/01/2027,Dívida Interna,3265680.0,1883052045.86,1.88305204586,576.6186662073442
CVSC970101,CVSC970101,01/01/2027,Dívida Interna,120230.0,74982641.8,0.0749826418,623.66
CVSD970101,CVSD970101,01/01/2027,Dívida Interna,145566.0,71861567.22,0.07186156722,493.67
ECTN 0301,ECTN,01/01/2023,Dívida Interna,24263.0,103982483.32,0.10398248332,4285.639999999999
ECTN 0302,ECTN,01/02/2023,Dívida Interna,8135.0,33736495.8,0.033736495799999995,4147.08
ECTN 0303,ECTN,01/03/2023,Dívida Interna,63561.0,255622638.09,0.25562263809,4021.69
ECTN 0304,ECTN,01/04/2023,Dívida Interna,157965.0,619254393.0,0.619254393,3920.2
ECTN 0305,ECTN,01/05/2023,Dívida Interna,268.0,1032542.36,0.00103254236,3852.77
ECTN 0306,ECTN,01/06/2023,Dívida Interna,3778.0,14450434.42,0.01445043442,3824.89
ECTN 0307,ECTN,01/07/2023,Dívida Interna,8661.0,33150756.99,0.033150756989999995,3827.5899999999997
ECTN 0308,ECTN,01/08/2023,Dívida Interna,17201.0,65491603.43,0.06549160343,3807.43
ECTN 0309,ECTN,01/09/2023,Dívida Interna,282295.0,1059662033.3,1.0596620333,3753.74
ECTN 0402,ECTN,01/02/2024,Dívida Interna,802.0,2774735.54,0.00277473554,3459.77
ECTN 0403,ECTN,01/03/2024,Dívida Interna,6464.0,22019422.08,0.022019422079999997,3406.47
ECTN 0404,ECTN,01/04/2024,Dívida Interna,17950.0,59924100.5,0.0599241005,3338.39
ECTN 0406,ECTN,01/06/2024,Dívida Interna,62.0,197987.7,0.00019798770000000002,3193.3500000000004
ECTN 0407,ECTN,01/07/2024,Dívida Interna,349.0,1089564.04,0.00108956404,3121.96
ECTN 0408,ECTN,01/08/2024,Dívida Interna,3537.0,10787602.41,0.01078760241,3049.93
ESTF980615,ESTF980615,15/01/2023,Dívida Interna,188068.0,30908975.8,0.030908975800000002,164.35
FIDA436-SDR,FIDA436-SDR,22/08/2114,Dívida Externa,1.0,9285596.21,0.00928559621,9285596.21
FIDA437,FIDA437,22/08/2114,Dívida Externa,1.0,38206925.63,0.03820692563,38206925.63
Global 2023,Global,05/01/2023,Dívida Externa,2150000.0,11360973020.7,11.360973020700001,5284.173498
Global BRL 2024,Global,05/01/2024,Dívida Externa,3150000.0,3277071000.0,3.277071,1040.34
Global 2024,Global,15/04/2024,Dívida Externa,1029030.0,5224631779.15,5.224631779149999,5077.239516000505
Global 2024 B,Global,15/04/2024,Dívida Externa,85557.0,435295131.0,0.435295131,5087.779269960377
Global 2025A,Global,07/01/2025,Dívida Externa,4300000.0,22914447865.2,22.9144478652,5328.941364
Global 2025,Global,04/02/2025,Dívida Externa,688201.0,3718947042.14,3.71894704214,5403.867535996024
Global 2025B,Global,06/06/2025,Dívida Externa,1750000.0,9170786051.0,9.170786051,5240.449172
Global 2026,Global,07/04/2026,Dívida Externa,2176245.0,11621381684.86,11.621381684860001,5340.10724199711
Global 2027,Global,15/05/2027,Dívida Externa,765023.0,3947792158.13,3.94779215813,5160.3574770039595
Global BRL 2028,Global,10/01/2028,Dívida Externa,4764785.0,5117855568.5,5.1178555685,1074.1
Global 2028,Global,13/01/2028,Dívida Externa,3000000.0,15953796051.0,15.953796051,5317.932017
Global 2029,Global,30/05/2029,Dívida Externa,2000000.0,10487785708.0,10.487785708,5243.892854
Global 2030,Global,06/03/2030,Dívida Externa,237592.0,1250592995.65,1.2505929956500001,5263.615760000337
Global 2030A,Global,12/06/2030,Dívida Externa,3500000.0,18383939826.0,18.383939826,5252.554236
Global 2031,Global,12/09/2031,Dívida Externa,1500000.0,7842516162.0,7.842516162,5228.344108
Global 2034,Global,20/01/2034,Dívida Externa,1369310.0,7209665090.96,7.20966509096,5265.181069998758
Global 2037,Global,20/01/2037,Dívida Externa,1634303.0,8880333097.5,8.8803330975,5433.712780004687
Global 2041,Global,07/01/2041,Dívida Externa,2220621.0,12398170911.83,12.39817091183,5583.199885000638
Global 2045,Global,27/01/2045,Dívida Externa,3299754.0,17286167122.85,17.28616712285,5238.622977000709
Global 2047,Global,21/02/2047,Dívida Externa,2789332.0,14636854792.59,14.63685479259,5247.440890001621
Global 2050,Global,14/01/2050,Dívida Externa,4000000.0,21058428492.0,21.058428492,5264.607123
HCFIB10001,HCFIB10001,01/01/2030,Dívida Interna,34476.0,46542944.76,0.046542944759999996,1350.01
HCFIBB0131,HCFIBB0131,01/01/2031,Dívida Interna,16202.0,78310.14,7.831014e-05,4.833362547833601
HCFIBB0132,HCFIBB0132,01/01/2032,Dívida Interna,41602.0,185414.83,0.00018541482999999997,4.456872986875631
HCFIBB0133,HCFIBB0133,01/01/2033,Dívida Interna,439.0,1795.49,1.79549e-06,4.08995444191344
HCFIBB0134,HCFIBB0134,01/01/2034,Dívida Interna,695.0,2563.1,2.5631e-06,3.687913669064748
HCFIBB0135,HCFIBB0135,01/01/2035,Dívida Interna,14142.0,48357.22,4.835722e-05,3.419404610380427
HCFIBB0136,HCFIBB0136,01/01/2036,Dívida Interna,1219811.0,3828274.35,0.00382827435,3.1384159923135635
HCFTD10001,HCFTD10001,01/05/2031,Dívida Interna,110879.0,321407174.88,0.32140717488,2898.72
HCFTD10002,HCFTD10002,01/05/2031,Dívida Interna,540605.0,1567062525.6,1.5670625256,2898.72
HCFTEE0134,HCFTEE0134,01/01/2034,Dívida Interna,536162.0,3387289.75,0.00338728975,6.317660986791306
HCFTEE0135,HCFTEE0135,01/01/2035,Dívida Interna,1761795.0,11130423.56,0.01113042356,6.317660999151434
HCFTEE0136,HCFTEE0136,01/01/2036,Dívida Interna,4141571.0,26165041.58,0.02616504158,6.317660998688662
HCFTEE0138,HCFTEE0138,01/01/2038,Dívida Interna,18521002.0,117009412.01,0.11700941201000001,6.317660999658658
HCFTEE0139,HCFTEE0139,01/01/2039,Dívida Interna,11385578.0,71930222.09,0.07193022209000001,6.317660999731415
HCFTEE0140,HCFTEE0140,01/01/2040,Dívida Interna,15813358.0,99903435.11,0.09990343511,6.317660999643466
HCFTEE0141,HCFTEE0141,01/01/2041,Dívida Interna,16691045.0,105448364.04,0.10544836404,6.3176609996558035
HCFTEE0142,HCFTEE0142,01/01/2042,Dívida Interna,31424899.0,198531858.84,0.19853185884,6.317660999960573
HCFTEE0143,HCFTEE0143,01/01/2043,Dívida Interna,3889850.0,24574753.64,0.024574753640000002,6.3176609997814825
HCFTEE0144,HCFTEE0144,01/01/2044,Dívida Interna,21271441.0,134385753.21,0.13438575321000001,6.317660999553345
HCFTEE0145,HCFTEE0145,01/01/2045,Dívida Interna,332495006.0,2100590399.6,2.1005903995999997,6.317659999982075
HCFTEE0146,HCFTEE0146,01/01/2046,Dívida Interna,446631354.0,2821665486.54,2.82166548654,6.317660999993296
HCFTEE0148,HCFTEE0148,01/01/2048,Dívida Interna,78873163.0,498293905.83,0.49829390583,6.317660999977901
HCFTEE0431,HCFTEE0431,01/04/2031,Dívida Interna,345274.0,2018103.05,0.00201810305,5.844931996037929
HCFTEE0533,HCFTEE0533,01/05/2033,Dívida Interna,15738.0,99427.34,9.942733999999999e-05,6.317660439700089
HCFTEE0631,HCFTEE0631,01/06/2031,Dívida Interna,489059.0,2805987.26,0.0028059872599999996,5.7375229982476545
HCFTEE1230,HCFTEE1230,01/12/2030,Dívida Interna,647552.0,3862832.23,0.00386283223,5.965284996417276
HCFTEE1232,HCFTEE1232,01/12/2032,Dívida Interna,21048.0,132974.12,0.00013297411999999999,6.317660585328772
HSTN A001,HSTN,15/09/2028,Dívida Interna,49901.0,1606906013.88,1.6069060138800002,32201.88
HSTN B003,HSTN,01/11/2028,Dívida Interna,208.0,1247.15,1.24715e-06,5.995913461538462
HSTN B012,HSTN,01/01/2029,Dívida Interna,163.0,955.33,9.5533e-07,5.860920245398773
HSTN B007,HSTN,01/10/2029,Dívida Interna,55.0,294.03,2.9403e-07,5.345999999999999
HSTN B009,HSTN,01/12/2029,Dívida Interna,126.0,664.27,6.6427e-07,5.271984126984127
HSTN B013,HSTN,01/01/2030,Dívida Interna,14721.0,77019.91,7.701991e-05,5.231975409279261
JBICBZ-P14,JBICBZ-P14,30/04/2103,Dívida Externa,1.0,41205719.37,0.04120571937,41205719.37
JUST920116,JUST920116,16/07/2040,Dívida Interna,65234.0,7503878.63,0.0075038786299999995,115.03017797467578
KfW30089,KFW30089,18/02/2122,Dívida Externa,1.0,1949883303.88,1.94988330388,1949883303.88
LFT 010323,LFT,01/03/2023,Dívida Interna,14402966.97,181881440064.65,181.88144006465,12628.053681126368
LFT 010923,LFT,01/09/2023,Dívida Interna,23153056.0,292234668379.59,292.23466837959,12621.861596999983
LFT 010324,LFT,01/03/2024,Dívida Interna,11666054.0,147308421083.89,147.30842108389,12627.09919599978
LFT 010924,LFT,01/09/2024,Dívida Interna,15845460.66,200023796554.68,200.02379655468,12623.41315577
LFT 010325,LFT,01/03/2025,Dívida Interna,11785420.59,148728738357.3,148.7287383573,12619.722581941387
LFT 010925,LFT,01/09/2025,Dívida Interna,14445717.0,182327535660.86,182.32753566085998,12621.563585999918
LFT 010326,LFT,01/03/2026,Dívida Interna,14402804.0,181751678872.71,181.75167887271,12619.187129999824
LFT 010926,LFT,01/09/2026,Dívida Interna,3978106.0,50163221756.48,50.163221756480006,12609.825317998064
LFT 010327,LFT,01/03/2027,Dívida Interna,17646202.65,219856112036.88,219.85611203688,12459.117488196818
LFT 010927,LFT,01/09/2027,Dívida Interna,20644379.0,257102833338.83,257.10283333883,12453.89039499953
LFT 010328,LFT,01/03/2028,Dívida Interna,13331895.0,166355603279.87,166.35560327987,12478.016311999907
LFT 010928,LFT,01/09/2028,Dívida Interna,14006480.0,175132883461.52,175.13288346151998,12503.70424699996
LFT 010329,LFT,01/03/2029,Dívida Interna,5579181.0,69705137355.1,69.7051373551,12493.793865999329
LTN 010123,LTN,01/01/2023,Dívida Interna,146337956.56,146337956560.0,146.33795656,1000.0
LTN 010423,LTN,01/04/2023,Dívida Interna,26237273.0,25432463541.56,25.43246354156,969.3257199999406
LTN 010723,LTN,01/07/2023,Dívida Interna,198321204.0,191088112376.19,191.08811237619,963.5283999999818
LTN 011023,LTN,01/10/2023,Dívida Interna,9918356.0,9024146817.78,9.02414681778,909.8430039998565
LTN 010124,LTN,01/01/2024,Dívida Interna,280908663.0,266024686871.9,266.0246868719,947.0148909999974
LTN 010424,LTN,01/04/2024,Dívida Interna,75589425.0,65343717011.09,65.34371701108999,864.455801999949
LTN 010724,LTN,01/07/2024,Dívida Interna,92859074.35,83095675346.36,83.09567534636,894.8578900664005
LTN 011024,LTN,01/10/2024,Dívida Interna,39179516.0,31897082467.85,31.897082467849998,814.126505999972
LTN 010125,LTN,01/01/2025,Dívida Interna,85879881.11,71095349361.3,71.09534936130001,827.8463877964258
LTN 010725,LTN,01/07/2025,Dívida Interna,114409794.0,86301470645.76,86.30147064575999,754.318905999953
LTN 010126,LTN,01/01/2026,Dívida Interna,176512295.73,125835422666.99,125.83542266699,712.8989068244442
LTN 010129,LTN,01/01/2029,Dívida Interna,2059854.28,1016142356.21,1.01614235621,493.307883997503
NDB-20BR02,NDB-20BR02,24/12/2120,Dívida Externa,1.0,5295507202.96,5.29550720296,5295507202.96
NTN-A3 150424,NTN-A3,15/04/2024,Dívida Interna,4025239.0,19122928548.04,19.12292854804,4750.756053998284
NTN-B 150323,NTN-B,15/03/2023,Dívida Interna,5414.0,22027214.67,0.022027214670000003,4068.5656944957523
NTN-B 150523,NTN-B,15/05/2023,Dívida Interna,45767110.0,185916970143.62,185.91697014362,4062.239676999924
NTN-B 150824,NTN-B,15/08/2024,Dívida Interna,51759335.9,216040412947.88,216.04041294788001,4173.940974924294
NTN-B Principal 150824,NTN-B,15/08/2024,Dívida Interna,3155622.24,11615829696.93,11.61582969693,3680.9950030425694
NTN-B 150525,NTN-B,15/05/2025,Dívida Interna,33523057.0,142526010171.47,142.52601017147,4251.581535999834
NTN-B 150826,NTN-B,15/08/2026,Dívida Interna,34317784.06,147004227292.13,147.00422729213,4283.616536403196
NTN-B Principal 150826,NTN-B,15/08/2026,Dívida Interna,4109375.59,14055770956.56,14.05577095656,3420.415254999848
NTN-B 150527,NTN-B,15/05/2027,Dívida Interna,20553080.0,83734709470.07,83.73470947007,4074.071110999909
NTN-B 150828,NTN-B,15/08/2028,Dívida Interna,20643713.0,92527853283.39,92.52785328339,4482.132321999923
NTN-B 150830,NTN-B,15/08/2030,Dívida Interna,28066729.44,124163960043.75,124.16396004375,4423.884168947545
NTN-B 150832,NTN-B,15/08/2032,Dívida Interna,9046790.88,37492323437.05,37.492323437050004,4144.26772259491
NTN-B 150535,NTN-B,15/05/2035,Dívida Interna,32000803.74,127254302733.22,127.25430273322,3976.5970807213234
NTN-B Principal 150535,NTN-B,15/05/2035,Dívida Interna,5864200.66,12438188872.69,12.43818887269,2121.0373917679003
NTN-B 150840,NTN-B,15/08/2040,Dívida Interna,17702758.66,79876036713.53,79.87603671353,4512.067200803719
NTN-B 150545,NTN-B,15/05/2045,Dívida Interna,27064990.05,100440208176.43,100.44020817642999,3711.075008373409
NTN-B Principal 150545,NTN-B,15/05/2045,Dívida Interna,3337996.68,4531033494.84,4.53103349484,1357.411024998383
NTN-B 150850,NTN-B,15/08/2050,Dívida Interna,41175946.5,182339056162.31,182.33905616231,4428.290583734608
NTN-B 150555,NTN-B,15/05/2055,Dívida Interna,26882390.55,126468599924.48,126.46859992447999,4704.514640885611
NTN-B 150860,NTN-B,15/08/2060,Dívida Interna,5302349.0,21940939267.06,21.940939267060003,4137.965883999715
NTN-C 010131,NTN-C,01/01/2031,Dívida Interna,11041889.23,80281599813.43,80.28159981342999,7270.639846242144
NTN-F 010123,NTN-F,01/01/2023,Dívida Interna,124000885.63,130053226256.58,130.05322625658,1048.8088499999853
NTN-F 010125,NTN-F,01/01/2025,Dívida Interna,104942806.42,108435438805.75,108.43543880575,1033.2812939247294
NTN-F 010127,NTN-F,01/01/2027,Dívida Interna,110293482.11,114592905864.18,114.59290586418,1038.981666658162
NTN-F 010129,NTN-F,01/01/2029,Dívida Interna,77623616.01,85146059786.7,85.1460597867,1096.9092160784019
NTN-F 010131,NTN-F,01/01/2031,Dívida Interna,38949865.63,44068099944.28,44.06809994428,1131.4056988771183
NTN-F 010133,NTN-F,01/01/2033,Dívida Interna,15020808.38,14080928366.39,14.08092836639,937.4281337040795
NTN-I 150123,NTN-I,15/01/2023,Dívida Interna,5045761.0,52730018.92,0.05273001892,10.450359999215182
NTN-I 150223,NTN-I,15/02/2023,Dívida Interna,4160834.0,43482213.2,0.0434822132,10.45035999994232
NTN-I 150323,NTN-I,15/03/2023,Dívida Interna,5401708.0,56449793.21,0.05644979321,10.450359999096582
NTN-I 150423,NTN-I,15/04/2023,Dívida Interna,4873770.0,50932651.05,0.05093265105,10.450359998522703
NTN-I 150523,NTN-I,15/05/2023,Dívida Interna,4483186.0,46850907.64,0.04685090764,10.450359998447533
NTN-I 150623,NTN-I,15/06/2023,Dívida Interna,3781885.0,39522059.72,0.039522059719999995,10.450359997726002
NTN-I 150723,NTN-I,15/07/2023,Dívida Interna,4354601.0,45507148.1,0.0455071481,10.450359998539476
NTN-I 150823,NTN-I,15/08/2023,Dívida Interna,3710549.0,38776572.84,0.03877657284,10.450359997941007
NTN-I 150923,NTN-I,15/09/2023,Dívida Interna,4871418.0,50908071.81,0.050908071810000004,10.450359999901467
NTN-I 151023,NTN-I,15/10/2023,Dívida Interna,4268187.0,44604090.69,0.04460409069,10.450359998284986
NTN-I 151123,NTN-I,15/11/2023,Dívida Interna,3684377.0,38503066.02,0.038503066020000004,10.4503599984475
NTN-I 151223,NTN-I,15/12/2023,Dívida Interna,3252496.0,33989754.09,0.033989754090000004,10.450359997368176
NTN-I 150124,NTN-I,15/01/2024,Dívida Interna,3777471.0,39475931.83,0.03947593183,10.450359997469207
NTN-I 150224,NTN-I,15/02/2024,Dívida Interna,3069252.0,32074788.33,0.03207478833,10.450359999765414
NTN-I 150324,NTN-I,15/03/2024,Dívida Interna,4224800.0,44150680.92,0.044150680920000004,10.45035999810642
NTN-I 150424,NTN-I,15/04/2024,Dívida Interna,3664652.0,38296932.67,0.03829693267,10.45035999871202
NTN-I 150524,NTN-I,15/05/2024,Dívida Interna,3140767.0,32822145.82,0.03282214582,10.450359998051432
NTN-I 150624,NTN-I,15/06/2024,Dívida Interna,2820732.0,29477664.86,0.02947766486,10.450359998752097
NTN-I 150724,NTN-I,15/07/2024,Dívida Interna,3175043.0,33180342.36,0.03318034236,10.450359998274038
NTN-I 150824,NTN-I,15/08/2024,Dívida Interna,2498076.0,26105793.5,0.0261057935,10.450359997053733
NTN-I 150924,NTN-I,15/09/2024,Dívida Interna,3603326.0,37656053.89,0.03765605389,10.450359997957444
NTN-I 151024,NTN-I,15/10/2024,Dívida Interna,3033937.0,31705733.86,0.03170573386,10.450359997587293
NTN-I 151124,NTN-I,15/11/2024,Dívida Interna,2731527.0,28545440.49,0.028545440489999997,10.45035999644155
NTN-I 151224,NTN-I,15/12/2024,Dívida Interna,2393797.0,25016040.41,0.02501604041,10.450359997109196
NTN-I 150125,NTN-I,15/01/2025,Dívida Interna,2751592.0,28755126.97,0.02875512697,10.45035999886611
NTN-I 150225,NTN-I,15/02/2025,Dívida Interna,2086824.0,21808062.05,0.02180806205,10.45035999681813
NTN-I 150325,NTN-I,15/03/2025,Dívida Interna,3105824.0,32456978.89,0.03245697889,10.450359997862082
NTN-I 150425,NTN-I,15/04/2025,Dívida Interna,2476159.0,25876752.96,0.025876752960000002,10.450359997076117
NTN-I 150525,NTN-I,15/05/2025,Dívida Interna,2304531.0,24083178.58,0.02408317858,10.450359999496643
NTN-I 150625,NTN-I,15/06/2025,Dívida Interna,1947232.0,20349275.4,0.0203492754,10.450359998192305
NTN-I 150725,NTN-I,15/07/2025,Dívida Interna,2285550.0,23884820.29,0.02388482029,10.450359996499747
NTN-I 150825,NTN-I,15/08/2025,Dívida Interna,1770129.0,18498485.29,0.018498485289999998,10.450359996361847
NTN-I 150925,NTN-I,15/09/2025,Dívida Interna,2657077.0,27767411.19,0.02776741119,10.450359997094552
NTN-I 151025,NTN-I,15/10/2025,Dívida Interna,2080305.0,21739936.15,0.02173993615,10.450359995289151
NTN-I 151125,NTN-I,15/11/2025,Dívida Interna,1899483.0,19850281.16,0.01985028116,10.450359997957339
NTN-I 151225,NTN-I,15/12/2025,Dívida Interna,1642273.0,17162344.06,0.017162344059999998,10.450359994958207
NTN-I 150126,NTN-I,15/01/2026,Dívida Interna,1922059.0,20086208.49,0.020086208489999997,10.450359999354857
NTN-I 150226,NTN-I,15/02/2026,Dívida Interna,1447381.0,15125652.5,0.0151256525,10.450359995053134
NTN-I 150326,NTN-I,15/03/2026,Dívida Interna,2303047.0,24067670.24,0.02406767024,10.450359996995283
NTN-I 150426,NTN-I,15/04/2026,Dívida Interna,1656604.0,17312108.17,0.017312108170000003,10.450359995508885
NTN-I 150526,NTN-I,15/05/2026,Dívida Interna,1579301.0,16504263.99,0.01650426399,10.450359994706519
NTN-I 150626,NTN-I,15/06/2026,Dívida Interna,1330440.0,13903576.95,0.01390357695,10.450359993686298
NTN-I 150726,NTN-I,15/07/2026,Dívida Interna,1583518.0,16548333.16,0.01654833316,10.450359995907846
NTN-I 150826,NTN-I,15/08/2026,Dívida Interna,1197647.0,12515842.3,0.012515842300000002,10.450359997561886
NTN-I 150926,NTN-I,15/09/2026,Dívida Interna,1961916.0,20502728.48,0.02050272848,10.450359995025272
NTN-I 151026,NTN-I,15/10/2026,Dívida Interna,1432422.0,14969325.57,0.01496932557,10.450359998659613
NTN-I 151126,NTN-I,15/11/2026,Dívida Interna,1264862.0,13218263.25,0.01321826325,10.450359999747008
NTN-I 151226,NTN-I,15/12/2026,Dívida Interna,1087753.0,11367410.44,0.01136741044,10.450359999007127
NTN-I 150127,NTN-I,15/01/2027,Dívida Interna,1311529.0,13705950.2,0.013705950199999999,10.450359999664514
NTN-I 150227,NTN-I,15/02/2027,Dívida Interna,966177.0,10096897.47,0.010096897470000001,10.450359996149775
NTN-I 150327,NTN-I,15/03/2027,Dívida Interna,1663268.0,17381749.37,0.01738174937,10.450359996104057
NTN-I 150427,NTN-I,15/04/2027,Dívida Interna,1148284.0,11999981.18,0.011999981179999999,10.450359998049263
NTN-I 150527,NTN-I,15/05/2027,Dívida Interna,1050202.0,10974988.97,0.01097498897,10.450359997410022
NTN-I 150627,NTN-I,15/06/2027,Dívida Interna,848515.0,8867287.21,0.008867287210000002,10.450359993635942
NTN-I 150727,NTN-I,15/07/2027,Dívida Interna,1073974.0,11223414.93,0.01122341493,10.450359999404082
NTN-I 150827,NTN-I,15/08/2027,Dívida Interna,765584.0,8000628.41,0.00800062841,10.450359999686514
NTN-I 150927,NTN-I,15/09/2027,Dívida Interna,1446343.0,15114805.03,0.01511480503,10.450359997593932
NTN-I 151027,NTN-I,15/10/2027,Dívida Interna,921303.0,9627948.01,0.00962794801,10.450359990144394
NTN-I 151127,NTN-I,15/11/2027,Dívida Interna,871523.0,9107729.09,0.00910772909,10.45035999049939
NTN-I 151227,NTN-I,15/12/2027,Dívida Interna,679325.0,7099190.8,0.007099190799999999,10.450359989695654
NTN-I 150128,NTN-I,15/01/2028,Dívida Interna,901129.0,9417122.45,0.009417122449999999,10.450359992853409
NTN-I 150228,NTN-I,15/02/2028,Dívida Interna,601738.0,6288378.72,0.00628837872,10.450359990560676
NTN-I 150328,NTN-I,15/03/2028,Dívida Interna,1229697.0,12850776.34,0.01285077634,10.450359999251848
NTN-I 150428,NTN-I,15/04/2028,Dívida Interna,719265.0,7516578.18,0.00751657818,10.450359992492336
NTN-I 150528,NTN-I,15/05/2028,Dívida Interna,723853.0,7564524.43,0.00756452443,10.450359990219008
NTN-I 150628,NTN-I,15/06/2028,Dívida Interna,528506.0,5523077.96,0.00552307796,10.450359995913008
NTN-I 150728,NTN-I,15/07/2028,Dívida Interna,740718.0,7740769.75,0.00774076975,10.450359988551648
NTN-I 150828,NTN-I,15/08/2028,Dívida Interna,473200.0,4945110.35,0.004945110349999999,10.450359995773457
NTN-I 150928,NTN-I,15/09/2028,Dívida Interna,1059280.0,11069857.34,0.01106985734,10.45035999924477
NTN-I 151028,NTN-I,15/10/2028,Dívida Interna,562796.0,5881420.8,0.0058814207999999995,10.45035998834391
NTN-I 151128,NTN-I,15/11/2028,Dívida Interna,611678.0,6392255.3,0.0063922553,10.450359993329824
NTN-I 151228,NTN-I,15/12/2028,Dívida Interna,409408.0,4278460.98,0.004278460980000001,10.450359983195249
NTN-I 150129,NTN-I,15/01/2029,Dívida Interna,635634.0,6642604.12,0.00664260412,10.450359987036565
NTN-I 150229,NTN-I,15/02/2029,Dívida Interna,367775.0,3843381.14,0.00384338114,10.450359975528517
NTN-I 150329,NTN-I,15/03/2029,Dívida Interna,888897.0,9289293.65,0.00928929365,10.450359996715031
NTN-I 150429,NTN-I,15/04/2029,Dívida Interna,435190.0,4547892.16,0.00454789216,10.450359980698087
NTN-I 150529,NTN-I,15/05/2029,Dívida Interna,512625.0,5357115.79,0.00535711579,10.450359990246282
NTN-I 150629,NTN-I,15/06/2029,Dívida Interna,335770.0,3508917.37,0.00350891737,10.450359978556751
NTN-I 150729,NTN-I,15/07/2029,Dívida Interna,538564.0,5628187.68,0.00562818768,10.45035999435536
NTN-I 150829,NTN-I,15/08/2029,Dívida Interna,304131.0,3178278.43,0.00317827843,10.450359976457515
NTN-I 150929,NTN-I,15/09/2029,Dívida Interna,766337.0,8008497.53,0.00800849753,10.45035999827752
NTN-I 151029,NTN-I,15/10/2029,Dívida Interna,338021.0,3532441.13,0.00353244113,10.450359977634525
NTN-I 151129,NTN-I,15/11/2029,Dívida Interna,439940.0,4597531.37,0.0045975313700000004,10.450359980906487
NTN-I 151229,NTN-I,15/12/2029,Dívida Interna,278760.0,2913142.35,0.00291314235,10.450359987085665
NTN-I 150130,NTN-I,15/01/2030,Dívida Interna,467807.0,4888751.56,0.00488875156,10.45035999888843
NTN-I 150230,NTN-I,15/02/2030,Dívida Interna,245051.0,2560871.16,0.00256087116,10.450359965884653
NTN-I 150330,NTN-I,15/03/2030,Dívida Interna,635958.0,6645990.04,0.00664599004,10.450359992326538
NTN-I 150430,NTN-I,15/04/2030,Dívida Interna,252954.0,2643460.36,0.0026434603599999997,10.45035998640069
NTN-I 150530,NTN-I,15/05/2030,Dívida Interna,364083.0,3804798.41,0.00380479841,10.450359972863332
NTN-I 150630,NTN-I,15/06/2030,Dívida Interna,221814.0,2318036.15,0.0023180361499999997,10.450359986294822
NTN-I 150730,NTN-I,15/07/2030,Dívida Interna,391383.0,4090093.24,0.00409009324,10.45035997986627
NTN-I 150830,NTN-I,15/08/2030,Dívida Interna,193740.0,2024652.74,0.00202465274,10.450359966966037
NTN-I 150930,NTN-I,15/09/2030,Dívida Interna,532337.0,5563113.29,0.00556311329,10.450359997520367
NTN-I 151030,NTN-I,15/10/2030,Dívida Interna,188835.0,1973393.73,0.00197339373,10.450359996822623
NTN-I 151130,NTN-I,15/11/2030,Dívida Interna,307527.0,3213767.85,0.0032137678500000003,10.45035996839302
NTN-I 151230,NTN-I,15/12/2030,Dívida Interna,178080.0,1861000.1,0.0018610001,10.450359950584009
NTN-I 150131,NTN-I,15/01/2031,Dívida Interna,335879.0,3510056.46,0.00351005646,10.450359980826429
NTN-I 150231,NTN-I,15/02/2031,Dívida Interna,152608.0,1594808.53,0.0015948085300000001,10.450359941811701
NTN-I 150331,NTN-I,15/03/2031,Dívida Interna,431057.0,4504700.83,0.00450470083,10.450359998793664
NTN-I 150431,NTN-I,15/04/2031,Dívida Interna,133112.0,1391068.32,0.00139106832,10.45035999759601
NTN-I 150531,NTN-I,15/05/2031,Dívida Interna,256884.0,2684530.27,0.00268453027,10.450359967923266
NTN-I 150631,NTN-I,15/06/2031,Dívida Interna,140608.0,1469404.21,0.00146940421,10.450359936845699
NTN-I 150731,NTN-I,15/07/2031,Dívida Interna,280941.0,2935934.58,0.00293593458,10.450359968819075
NTN-I 150831,NTN-I,15/08/2031,Dívida Interna,124772.0,1303912.31,0.00130391231,10.45035993652422
NTN-I 150931,NTN-I,15/09/2031,Dívida Interna,363993.0,3803857.88,0.00380385788,10.450359979450154
NTN-I 151031,NTN-I,15/10/2031,Dívida Interna,102415.0,1070273.61,0.00107027361,10.450359908216571
NTN-I 151131,NTN-I,15/11/2031,Dívida Interna,219953.0,2298588.03,0.0022985880299999997,10.450359985997007
NTN-I 151231,NTN-I,15/12/2031,Dívida Interna,108979.0,1138869.78,0.00113886978,10.450359977610365
NTN-I 150132,NTN-I,15/01/2032,Dívida Interna,244086.0,2550786.57,0.0025507865699999997,10.45035999606696
NTN-I 150232,NTN-I,15/02/2032,Dívida Interna,101046.0,1055967.07,0.00105596707,10.450359935079074
NTN-I 150332,NTN-I,15/03/2032,Dívida Interna,295315.0,3086148.06,0.00308614806,10.45035998848687
NTN-I 150432,NTN-I,15/04/2032,Dívida Interna,78944.0,824993.21,0.0008249932099999999,10.450359875354682
NTN-I 150532,NTN-I,15/05/2032,Dívida Interna,182044.0,1902425.33,0.00190242533,10.450359967919844
NTN-I 150632,NTN-I,15/06/2032,Dívida Interna,81510.0,851808.84,0.00085180884,10.45035995583364
NTN-I 150732,NTN-I,15/07/2032,Dívida Interna,204531.0,2137422.58,0.0021374225800000002,10.450359994328489
NTN-I 150832,NTN-I,15/08/2032,Dívida Interna,81183.0,848391.57,0.00084839157,10.450359927571043
NTN-I 150932,NTN-I,15/09/2032,Dívida Interna,237707.0,2484123.72,0.00248412372,10.450359980984995
ntn-i 151032,NTN-I,15/10/2032,Dívida Interna,60355.0,630731.47,0.00063073147,10.450359870764641
NTN-I 151132,NTN-I,15/11/2032,Dívida Interna,150798.0,1575893.38,0.0015758933799999999,10.450359951723497
NTN-I 151232,NTN-I,15/12/2032,Dívida Interna,58517.0,611523.71,0.00061152371,10.450359895415007
NTN-I 150133,NTN-I,15/01/2033,Dívida Interna,176881.0,1848470.12,0.00184847012,10.450359959520808
NTN-I 150233,NTN-I,15/02/2033,Dívida Interna,62537.0,653534.16,0.00065353416,10.450359946911428
NTN-I 150333,NTN-I,15/03/2033,Dívida Interna,179660.0,1877511.67,0.0018775116699999998,10.450359957697874
NTN-I 150433,NTN-I,15/04/2033,Dívida Interna,43516.0,454757.86,0.00045475786,10.450359867634893
NTN-I 150533,NTN-I,15/05/2033,Dívida Interna,118149.0,1234699.58,0.00123469958,10.450359969191446
NTN-I 150633,NTN-I,15/06/2033,Dívida Interna,38497.0,402307.5,0.0004023075,10.450359768293634
NTN-I 150733,NTN-I,15/07/2033,Dívida Interna,146307.0,1528960.82,0.00152896082,10.45035999644583
NTN-I 150833,NTN-I,15/08/2033,Dívida Interna,45940.0,480089.53,0.00048008953000000005,10.450359817152808
NTN-I 150933,NTN-I,15/09/2033,Dívida Interna,147270.0,1539024.51,0.00153902451,10.450359951110206
NTN-I 151033,NTN-I,15/10/2033,Dívida Interna,29472.0,307993.0,0.000307993,10.450359663409337
NTN-I 151133,NTN-I,15/11/2033,Dívida Interna,97003.0,1013716.27,0.00101371627,10.450359988866325
NTN-I 151233,NTN-I,15/12/2033,Dívida Interna,25730.0,268887.76,0.00026888776,10.450359891177614
NTN-I 150134,NTN-I,15/01/2034,Dívida Interna,121276.0,1267377.85,0.0012673778500000002,10.450359922820674
NTN-I 150234,NTN-I,15/02/2034,Dívida Interna,29677.0,310135.33,0.00031013533,10.450359874650403
NTN-I 150334,NTN-I,15/03/2034,Dívida Interna,114265.0,1194110.38,0.00119411038,10.450359952741433
NTN-I 150434,NTN-I,15/04/2034,Dívida Interna,17416.0,182003.46,0.00018200346,10.450359439595774
NTN-I 150534,NTN-I,15/05/2034,Dívida Interna,74442.0,777945.69,0.0007779456899999999,10.450359877488514
NTN-I 150634,NTN-I,15/06/2034,Dívida Interna,15134.0,158155.74,0.00015815574,10.450359455530593
NTN-I 150734,NTN-I,15/07/2034,Dívida Interna,94539.0,987966.58,0.00098796658,10.450359957266313
NTN-I 150834,NTN-I,15/08/2034,Dívida Interna,20373.0,212905.18,0.00021290517999999998,10.450359789918028
NTN-I 150934,NTN-I,15/09/2034,Dívida Interna,91259.0,953689.4,0.0009536894,10.450359964496652
NTN-I 151034,NTN-I,15/10/2034,Dívida Interna,10877.0,113668.56,0.00011366856,10.450359474119702
NTN-I 151134,NTN-I,15/11/2034,Dívida Interna,56135.0,586630.95,0.00058663095,10.450359846797896
NTN-I 151234,NTN-I,15/12/2034,Dívida Interna,7095.0,74145.3,7.41453e-05,10.450359408033828
NTN-I 150135,NTN-I,15/01/2035,Dívida Interna,71847.0,750827.01,0.00075082701,10.450359931521149
NTN-I 150235,NTN-I,15/02/2035,Dívida Interna,13103.0,136931.06,0.00013693106,10.450359459665725
NTN-I 150335,NTN-I,15/03/2035,Dívida Interna,66991.0,700080.06,0.00070008006,10.450359899090923
NTN-I 150435,NTN-I,15/04/2035,Dívida Interna,4383.0,45803.92,4.580392e-05,10.450358202144649
NTN-I 150535,NTN-I,15/05/2035,Dívida Interna,37317.0,389976.08,0.00038997608,10.450359889594555
NTN-I 150635,NTN-I,15/06/2035,Dívida Interna,5005.0,52304.05,5.230405e-05,10.450359640359641
NTN-I 150735,NTN-I,15/07/2035,Dívida Interna,57330.0,599119.13,0.00059911913,10.450359846502703
NTN-I 150835,NTN-I,15/08/2035,Dívida Interna,9653.0,100877.32,0.00010087732000000001,10.450359473738734
NTN-I 150935,NTN-I,15/09/2035,Dívida Interna,49330.0,515516.25,0.00051551625,10.450359821609569
NTN-I 151035,NTN-I,15/10/2035,Dívida Interna,3119.0,32594.67,3.259467e-05,10.450359089451746
NTN-I 151135,NTN-I,15/11/2035,Dívida Interna,23121.0,241622.77,0.00024162277,10.450359846027421
NTN-I 151235,NTN-I,15/12/2035,Dívida Interna,3097.0,32364.76,3.2364759999999996e-05,10.450358411365837
NTN-I 150136,NTN-I,15/01/2036,Dívida Interna,45030.0,470579.71,0.00047057971000000003,10.450359982234067
NTN-I 150236,NTN-I,15/02/2036,Dívida Interna,6330.0,66150.77,6.615077000000001e-05,10.450358609794629
NTN-I 150336,NTN-I,15/03/2036,Dívida Interna,30896.0,322874.32,0.00032287432,10.450359917141379
NTN-I 150436,NTN-I,15/04/2036,Dívida Interna,1890.0,19751.18,1.975118e-05,10.450359788359789
NTN-I 150536,NTN-I,15/05/2036,Dívida Interna,8730.0,91231.64,9.123164e-05,10.450359679266896
NTN-I 150636,NTN-I,15/06/2036,Dívida Interna,1159.0,12111.96,1.2111959999999999e-05,10.450353753235547
NTN-I 150736,NTN-I,15/07/2036,Dívida Interna,31852.0,332864.86,0.00033286485999999997,10.450359789024237
NTN-I 150836,NTN-I,15/08/2036,Dívida Interna,3255.0,34015.92,3.4015919999999995e-05,10.450359447004608
NTN-I 150936,NTN-I,15/09/2036,Dívida Interna,14078.0,147120.16,0.00014712016,10.450359426054838
NTN-I 151036,NTN-I,15/10/2036,Dívida Interna,709.0,7409.3,7.4093e-06,10.450352609308887
NTN-I 151136,NTN-I,15/11/2036,Dívida Interna,3809.0,39805.42,3.980542e-05,10.450359674455237
NTN-I 150137,NTN-I,15/01/2037,Dívida Interna,20393.0,213114.19,0.00021311419,10.450359927426078
NTN-I 150237,NTN-I,15/02/2037,Dívida Interna,907.0,9478.47,9.478469999999999e-06,10.450352811466372
NTN-I 150337,NTN-I,15/03/2037,Dívida Interna,314.0,3281.41,3.28141e-06,10.450350318471337
NTN-I 150437,NTN-I,15/04/2037,Dívida Interna,272.0,2842.49,2.8424899999999996e-06,10.45033088235294
NTN-I 150537,NTN-I,15/05/2037,Dívida Interna,1861.0,19448.11,1.9448110000000002e-05,10.450354648038688
NTN-I 150737,NTN-I,15/07/2037,Dívida Interna,9915.0,103615.31,0.00010361531,10.450359051941502
NTN-P 010124-010108,NTN-P,01/01/2024,Dívida Interna,219545.0,591183.75,0.00059118375,2.69276799744927
NTN-P 010125-010109,NTN-P,01/01/2025,Dívida Interna,156072.0,389918.11,0.00038991811,2.4983219924137576
NTN-P 010127-010111,NTN-P,01/01/2027,Dívida Interna,338364.0,742114.81,0.00074211481,2.1932439916776016
NTN-P 010130-010114,NTN-P,01/01/2030,Dívida Interna,129355394.0,234563757.89,0.23456375788999997,1.8133279999904757
PROSUB1BRNAV,PROSUB1BRNAV,02/12/2109,Dívida Externa,1.0,1467592106.86,1.46759210686,1467592106.86
SEK-FX2-SEK,SEK-FX2-SEK,25/08/2115,Dívida Externa,1.0,10558855329.01,10.558855329010001,10558855329.01
SEK-FX2-USD,SEK-FX2-USD,25/08/2115,Dívida Externa,1.0,512325477.75,0.51232547775,512325477.75
SOCGENPROJ-H,SOCGENPROJ-H,24/02/2109,Dívida Externa,1.0,1627525100.21,1.62752510021,1627525100.21
SUMA920199,SUMA920199,16/07/2040,Dívida Interna,2.0,230.06,2.3006e-07,115.03
TDA96110600,TDA,01/11/1996,Dívida Interna,0.0,0.0,0.0,
TDA97110600,TDA,01/11/1997,Dívida Interna,0.0,0.0,0.0,
TDA98110600,TDA,01/11/1998,Dívida Interna,0.0,0.0,0.0,
TDA99110600,TDA,01/11/1999,Dívida Interna,0.0,0.0,0.0,
TDA13040300,TDA,01/04/2013,Dívida Interna,0.0,0.0,0.0,
TDA14040300,TDA,01/04/2014,Dívida Interna,0.0,0.0,0.0,
TDA14110600,TDA,01/11/2014,Dívida Interna,0.0,0.0,0.0,
TDA15040300,TDA,01/04/2015,Dívida Interna,0.0,0.0,0.0,
TDA15110600,TDA,01/11/2015,Dívida Interna,0.0,0.0,0.0,
TDA15120600,TDA,01/12/2015,Dívida Interna,0.0,0.0,0.0,
TDA16040300,TDA,01/04/2016,Dívida Interna,0.0,0.0,0.0,
TDA16060600,TDA,01/06/2016,Dívida Interna,0.0,0.0,0.0,
TDA16110600,TDA,01/11/2016,Dívida Interna,0.0,0.0,0.0,
TDA16120600,TDA,01/12/2016,Dívida Interna,0.0,0.0,0.0,
TDA17030300,TDA,01/03/2017,Dívida Interna,0.0,0.0,0.0,
TDA17060600,TDA,01/06/2017,Dívida Interna,0.0,0.0,0.0,
TDA17070300,TDA,01/07/2017,Dívida Interna,0.0,0.0,0.0,
TDA17120300,TDA,01/12/2017,Dívida Interna,0.0,0.0,0.0,
TDA17120600,TDA,01/12/2017,Dívida Interna,0.0,0.0,0.0,
TDA18010300,TDA,01/01/2018,Dívida Interna,0.0,0.0,0.0,
TDA18020300,TDA,01/02/2018,Dívida Interna,0.0,0.0,0.0,
TDA18030300,TDA,01/03/2018,Dívida Interna,0.0,0.0,0.0,
TDA18060600,TDA,01/06/2018,Dívida Interna,0.0,0.0,0.0,
TDA18120600,TDA,01/12/2018,Dívida Interna,0.0,0.0,0.0,
TDA19010300,TDA,01/01/2019,Dívida Interna,0.0,0.0,0.0,
TDA19030300,TDA,01/03/2019,Dívida Interna,0.0,0.0,0.0,
TDA19050600,TDA,01/05/2019,Dívida Interna,0.0,0.0,0.0,
TDA20010300,TDA,01/01/2020,Dívida Interna,0.0,0.0,0.0,
TDA23010300,TDA,01/01/2023,Dívida Interna,1232.0,127154.72,0.00012715472,103.21000000000001
TDAD06A339,TDA,01/01/2023,Dívida Interna,9835.0,1005235.35,0.00100523535,102.21
TDAD08A238,TDA,01/01/2023,Dívida Interna,614.0,63370.94,6.337094e-05,103.21000000000001
TDAD10A236,TDA,01/01/2023,Dívida Interna,124.0,12798.04,1.2798040000000001e-05,103.21000000000001
TDAD11A235,TDA,01/01/2023,Dívida Interna,323.0,33336.83,3.3336830000000005e-05,103.21000000000001
TDAD12A234,TDA,01/01/2023,Dívida Interna,503.0,51914.63,5.1914629999999995e-05,103.21
TDA23020300,TDA,01/02/2023,Dívida Interna,13.0,1338.48,1.33848e-06,102.96000000000001
TDAD05B340,TDA,01/02/2023,Dívida Interna,5630.0,574485.2,0.0005744852,102.03999999999999
TDAD05B416,TDA,01/02/2023,Dívida Interna,1583.0,160072.96,0.00016007296,101.11999999999999
TDAD06B415,TDA,01/02/2023,Dívida Interna,4710.0,476275.2,0.00047627520000000003,101.12
TDAD07B338,TDA,01/02/2023,Dívida Interna,5160.0,526526.4,0.0005265264000000001,102.04
TDAD08B238,TDA,01/02/2023,Dívida Interna,443.0,45611.28,4.561128e-05,102.96
TDAD09B237,TDA,01/02/2023,Dívida Interna,116.0,11943.36,1.194336e-05,102.96000000000001
TDAD09B336,TDA,01/02/2023,Dívida Interna,478.0,48775.12,4.877512e-05,102.04
TDAD10B236,TDA,01/02/2023,Dívida Interna,37.0,3809.52,3.80952e-06,102.96
TDAE120254,TDA,01/02/2023,Dívida Interna,10680.0,1129089.6,0.0011290896,105.72000000000001
TDA23030100,TDA,01/03/2023,Dívida Interna,19232.0,1943201.28,0.00194320128,101.04
TDA23030300,TDA,01/03/2023,Dívida Interna,4868.0,499992.28,0.0004999922800000001,102.71000000000001
TDAD04C417,TDA,01/03/2023,Dívida Interna,875.0,88410.0,8.841e-05,101.04
TDAD05C340,TDA,01/03/2023,Dívida Interna,952.0,96989.76,9.698975999999999e-05,101.88
TDAD06C339,TDA,01/03/2023,Dívida Interna,8542.0,870258.96,0.00087025896,101.88
TDAD08C238,TDA,01/03/2023,Dívida Interna,539.0,55360.69,5.536069e-05,102.71000000000001
TDAD09C237,TDA,01/03/2023,Dívida Interna,18901.0,1941321.71,0.00194132171,102.71
TDAD09C336,TDA,01/03/2023,Dívida Interna,2480.0,252662.4,0.0002526624,101.88
TDAD10C236,TDA,01/03/2023,Dívida Interna,15515.0,1593545.65,0.0015935456499999998,102.71
TDAD10C335,TDA,01/03/2023,Dívida Interna,1067.0,108705.96,0.00010870596000000001,101.88000000000001
TDAD10C411,TDA,01/03/2023,Dívida Interna,5601.0,565925.04,0.0005659250400000001,101.04
TDAD11C235,TDA,01/03/2023,Dívida Interna,473.0,48581.83,4.8581830000000005e-05,102.71000000000001
TDAD12C234,TDA,01/03/2023,Dívida Interna,870.0,89357.7,8.93577e-05,102.71
TDAD12C333,TDA,01/03/2023,Dívida Interna,32.0,3260.16,3.26016e-06,101.88
TDAE090357,TDA,01/03/2023,Dívida Interna,30811.0,3241933.42,0.00324193342,105.22
TDAE100356,TDA,01/03/2023,Dívida Interna,1983.0,208651.26,0.00020865126,105.22
TDAE100371,TDA,01/03/2023,Dívida Interna,991.0,104273.02,0.00010427302000000001,105.22
TDAH090357,TDA,01/03/2023,Dívida Interna,1026.0,107955.72,0.00010795572,105.22
TDA23040300,TDA,01/04/2023,Dívida Interna,847.0,86783.62,8.678362e-05,102.46
TDAD04D417,TDA,01/04/2023,Dívida Interna,287.0,28975.52,2.8975520000000002e-05,100.96000000000001
TDAD05D340,TDA,01/04/2023,Dívida Interna,7267.0,739126.57,0.00073912657,101.71
TDAD05D416,TDA,01/04/2023,Dívida Interna,2208.0,222919.68,0.00022291968,100.96
TDAD06D339,TDA,01/04/2023,Dívida Interna,13735.0,1396986.85,0.00139698685,101.71000000000001
TDAD07D338,TDA,01/04/2023,Dívida Interna,3537.0,359748.27,0.00035974827,101.71000000000001
TDAD07D414,TDA,01/04/2023,Dívida Interna,8.0,807.68,8.0768e-07,100.96
TDAD08D238,TDA,01/04/2023,Dívida Interna,8283.0,848676.18,0.0008486761800000001,102.46000000000001
TDAD08D337,TDA,01/04/2023,Dívida Interna,2744.0,279092.24,0.00027909224,101.71
TDAD08D413,TDA,01/04/2023,Dívida Interna,2177.0,219789.92,0.00021978992,100.96000000000001
TDAD09D237,TDA,01/04/2023,Dívida Interna,2265.0,232071.9,0.0002320719,102.46
TDAD10D236,TDA,01/04/2023,Dívida Interna,20372.0,2087315.12,0.00208731512,102.46000000000001
TDAD10D335,TDA,01/04/2023,Dívida Interna,7167.0,728955.57,0.00072895557,101.71
TDAD11D235,TDA,01/04/2023,Dívida Interna,186.0,19057.56,1.9057560000000003e-05,102.46000000000001
TDAD12D234,TDA,01/04/2023,Dívida Interna,18579.0,1903604.34,0.00190360434,102.46000000000001
TDAD12D333,TDA,01/04/2023,Dívida Interna,3068.0,312046.28,0.00031204628000000003,101.71000000000001
TDAD12D409,TDA,01/04/2023,Dívida Interna,182.0,18374.72,1.837472e-05,100.96000000000001
TDA23050200,TDA,01/05/2023,Dívida Interna,1312.0,133220.48,0.00013322048,101.54
TDA23050300,TDA,01/05/2023,Dívida Interna,3617.0,369693.57,0.00036969357,102.21000000000001
TDAD03E418,TDA,01/05/2023,Dívida Interna,3503.0,353347.61,0.00035334761,100.86999999999999
TDAD05E340,TDA,01/05/2023,Dívida Interna,729.0,74022.66,7.402266000000001e-05,101.54
TDAD06E339,TDA,01/05/2023,Dívida Interna,5023.0,510035.42,0.00051003542,101.53999999999999
TDAD07E338,TDA,01/05/2023,Dívida Interna,247.0,25080.38,2.508038e-05,101.54
TDAD08E238,TDA,01/05/2023,Dívida Interna,3966.0,405364.86,0.00040536486,102.21
TDAD08E337,TDA,01/05/2023,Dívida Interna,6522.0,662243.88,0.00066224388,101.54
TDAD09E237,TDA,01/05/2023,Dívida Interna,2159.0,220671.39,0.00022067139000000002,102.21000000000001
TDAD10E236,TDA,01/05/2023,Dívida Interna,10876.0,1111635.96,0.00111163596,102.21
TDAD11E235,TDA,01/05/2023,Dívida Interna,12385.0,1265870.85,0.0012658708500000002,102.21000000000001
TDAD11E334,TDA,01/05/2023,Dívida Interna,3929.0,398950.66,0.00039895066,101.53999999999999
TDAD13E233,TDA,01/05/2023,Dívida Interna,2364.0,241624.44,0.00024162444,102.21000000000001
TDAE110555,TDA,01/05/2023,Dívida Interna,11231.0,1170382.51,0.00117038251,104.21
TDA23060300,TDA,01/06/2023,Dívida Interna,249.0,25388.04,2.538804e-05,101.96000000000001
TDA23060600,TDA,01/06/2023,Dívida Interna,6534.0,677641.14,0.00067764114,103.71000000000001
TDAD05F340,TDA,01/06/2023,Dívida Interna,2282.0,231326.34,0.00023132633999999998,101.37
TDAD05F416,TDA,01/06/2023,Dívida Interna,50173.0,5056936.67,0.00505693667,100.78999999999999
TDAD06F339,TDA,01/06/2023,Dívida Interna,7928.0,803661.36,0.00080366136,101.37
TDAD06F415,TDA,01/06/2023,Dívida Interna,409.0,41223.11,4.122311e-05,100.79
TDAD07F338,TDA,01/06/2023,Dívida Interna,10036.0,1017349.32,0.0010173493199999999,101.36999999999999
TDAD08F238,TDA,01/06/2023,Dívida Interna,16373.0,1669391.08,0.00166939108,101.96000000000001
TDAD08F337,TDA,01/06/2023,Dívida Interna,321.0,32539.77,3.253977e-05,101.37
TDAD09F237,TDA,01/06/2023,Dívida Interna,9103.0,928141.88,0.00092814188,101.96
TDAD10F236,TDA,01/06/2023,Dívida Interna,89.0,9074.44,9.07444e-06,101.96000000000001
TDAD11F235,TDA,01/06/2023,Dívida Interna,9338.0,952102.48,0.00095210248,101.96
TDAD12F234,TDA,01/06/2023,Dívida Interna,2254.0,229817.84,0.00022981784,101.96
TDAD13F233,TDA,01/06/2023,Dívida Interna,3916.0,399275.36,0.00039927535999999996,101.96
TDA23070200,TDA,01/07/2023,Dívida Interna,192.0,19432.32,1.9432319999999998e-05,101.21
TDA23070300,TDA,01/07/2023,Dívida Interna,11998.0,1220316.58,0.00122031658,101.71000000000001
TDAD04G417,TDA,01/07/2023,Dívida Interna,1548.0,155899.08,0.00015589907999999998,100.71
TDAD06G339,TDA,01/07/2023,Dívida Interna,3817.0,386318.57,0.00038631857,101.21000000000001
TDAD06G415,TDA,01/07/2023,Dívida Interna,5633.0,567299.43,0.0005672994300000001,100.71000000000001
TDAD07G414,TDA,01/07/2023,Dívida Interna,1948.0,196183.08,0.00019618307999999998,100.71
TDAD08G238,TDA,01/07/2023,Dívida Interna,11789.0,1199059.19,0.00119905919,101.71
TDAD08G337,TDA,01/07/2023,Dívida Interna,1009.0,102120.89,0.00010212089,101.21
TDAD10G236,TDA,01/07/2023,Dívida Interna,3109.0,316216.39,0.00031621639000000004,101.71000000000001
TDAD10G335,TDA,01/07/2023,Dívida Interna,234.0,23683.14,2.368314e-05,101.21
TDAD11G235,TDA,01/07/2023,Dívida Interna,33831.0,3440951.01,0.0034409510099999998,101.71
TDAD11G334,TDA,01/07/2023,Dívida Interna,9393.0,950665.53,0.00095066553,101.21000000000001
TDAD11G410,TDA,01/07/2023,Dívida Interna,17740.0,1786595.4,0.0017865954,100.71
TDAD13G233,TDA,01/07/2023,Dívida Interna,329.0,33462.59,3.346259e-05,101.71
TDAE040777,TDA,01/07/2023,Dívida Interna,26883.0,2774594.43,0.00277459443,103.21000000000001
TDAE050776,TDA,01/07/2023,Dívida Interna,582.0,60068.22,6.006822e-05,103.21000000000001
TDA23080100,TDA,01/08/2023,Dívida Interna,490.0,49303.8,4.93038e-05,100.62
TDA23080200,TDA,01/08/2023,Dívida Interna,5.0,505.2,5.051999999999999e-07,101.03999999999999
TDA23080300,TDA,01/08/2023,Dívida Interna,16421.0,1666074.66,0.00166607466,101.46
TDA23080600,TDA,01/08/2023,Dívida Interna,414.0,42521.94,4.252194e-05,102.71000000000001
TDAD04H417,TDA,01/08/2023,Dívida Interna,26240.0,2640268.8,0.0026402687999999997,100.61999999999999
TDAD05H340,TDA,01/08/2023,Dívida Interna,2431.0,245628.24,0.00024562824,101.03999999999999
TDAD06H339,TDA,01/08/2023,Dívida Interna,553.0,55875.12,5.5875120000000005e-05,101.04
TDAD06H415,TDA,01/08/2023,Dívida Interna,595.0,59868.9,5.98689e-05,100.62
TDAD07H338,TDA,01/08/2023,Dívida Interna,196.0,19803.84,1.980384e-05,101.04
TDAD07H414,TDA,01/08/2023,Dívida Interna,1856.0,186750.72,0.00018675072,100.62
TDAD08H238,TDA,01/08/2023,Dívida Interna,674.0,68384.04,6.838403999999999e-05,101.46
TDAD09H237,TDA,01/08/2023,Dívida Interna,479.0,48599.34,4.859934e-05,101.46
TDAD09H336,TDA,01/08/2023,Dívida Interna,8861.0,895315.44,0.0008953154399999999,101.03999999999999
TDAD09H412,TDA,01/08/2023,Dívida Interna,98.0,9860.76,9.86076e-06,100.62
TDAD10H236,TDA,01/08/2023,Dívida Interna,532.0,53976.72,5.397672e-05,101.46000000000001
TDAD12H234,TDA,01/08/2023,Dívida Interna,13868.0,1407047.28,0.00140704728,101.46000000000001
TDAD13H233,TDA,01/08/2023,Dívida Interna,239.0,24248.94,2.424894e-05,101.46
TDA23090300,TDA,01/09/2023,Dívida Interna,872.0,88255.12,8.825512e-05,101.21
TDAD03I418,TDA,01/09/2023,Dívida Interna,3740.0,376019.6,0.0003760196,100.53999999999999
TDAD04I417,TDA,01/09/2023,Dívida Interna,28.0,2815.12,2.81512e-06,100.53999999999999
TDAD05I340,TDA,01/09/2023,Dívida Interna,5628.0,567696.36,0.00056769636,100.87
TDAD05I416,TDA,01/09/2023,Dívida Interna,246.0,24732.84,2.473284e-05,100.54
TDAD06I339,TDA,01/09/2023,Dívida Interna,19681.0,1985222.47,0.00198522247,100.87
TDAD08I238,TDA,01/09/2023,Dívida Interna,7196.0,728307.16,0.00072830716,101.21000000000001
TDAD09I237,TDA,01/09/2023,Dívida Interna,11525.0,1166445.25,0.00116644525,101.21
TDAD09I336,TDA,01/09/2023,Dívida Interna,5771.0,582120.77,0.0005821207700000001,100.87
TDAD09I412,TDA,01/09/2023,Dívida Interna,1913.0,192333.02,0.00019233302,100.53999999999999
TDAD10I236,TDA,01/09/2023,Dívida Interna,7.0,708.47,7.0847e-07,101.21000000000001
TDAD12I234,TDA,01/09/2023,Dívida Interna,1839.0,186125.19,0.00018612519,101.21000000000001
TDAD13I233,TDA,01/09/2023,Dívida Interna,515.0,52123.15,5.212315e-05,101.21000000000001
TDAE070974,TDA,01/09/2023,Dívida Interna,12035.0,1230097.35,0.00123009735,102.21000000000001
TDAH080958,TDA,01/09/2023,Dívida Interna,549.0,56113.29,5.611329e-05,102.21000000000001
TDA23100200,TDA,01/10/2023,Dívida Interna,5764.0,580492.44,0.0005804924399999999,100.71
TDA23100300,TDA,01/10/2023,Dívida Interna,4644.0,468858.24,0.00046885823999999997,100.96
TDA23100600,TDA,01/10/2023,Dívida Interna,4830.0,491259.3,0.0004912593,101.71
TDAD03J418,TDA,01/10/2023,Dívida Interna,425.0,42695.5,4.26955e-05,100.46
TDAD05J340,TDA,01/10/2023,Dívida Interna,1151.0,115917.21,0.00011591721000000001,100.71000000000001
TDAD05J416,TDA,01/10/2023,Dívida Interna,1491.0,149785.86,0.00014978586,100.46
TDAD06J339,TDA,01/10/2023,Dívida Interna,6761.0,680900.31,0.0006809003100000001,100.71000000000001
TDAD06J415,TDA,01/10/2023,Dívida Interna,10164.0,1021075.44,0.00102107544,100.46
TDAD08J238,TDA,01/10/2023,Dívida Interna,7122.0,719037.12,0.00071903712,100.96
TDAD08J337,TDA,01/10/2023,Dívida Interna,571.0,57505.41,5.750541e-05,100.71000000000001
TDAD09J237,TDA,01/10/2023,Dívida Interna,157.0,15850.72,1.585072e-05,100.96
TDAD09J336,TDA,01/10/2023,Dívida Interna,110.0,11078.1,1.10781e-05,100.71000000000001
TDAD09J412,TDA,01/10/2023,Dívida Interna,2573.0,258483.58,0.00025848358,100.46
TDAD10J236,TDA,01/10/2023,Dívida Interna,478.0,48258.88,4.825888e-05,100.96
TDAD11J235,TDA,01/10/2023,Dívida Interna,605.0,61080.8,6.10808e-05,100.96000000000001
TDAD12J234,TDA,01/10/2023,Dívida Interna,11162.0,1126915.52,0.0011269155200000001,100.96000000000001
TDAD12J333,TDA,01/10/2023,Dívida Interna,3428.0,345233.88,0.00034523388000000003,100.71000000000001
TDAD12J409,TDA,01/10/2023,Dívida Interna,7213.0,724617.98,0.00072461798,100.46
TDAD13J233,TDA,01/10/2023,Dívida Interna,31686.0,3199018.56,0.00319901856,100.96000000000001
TDA23110300,TDA,01/11/2023,Dívida Interna,7585.0,763885.35,0.00076388535,100.71
TDAD03K418,TDA,01/11/2023,Dívida Interna,751.0,75377.87,7.537787e-05,100.36999999999999
TDAD05K340,TDA,01/11/2023,Dívida Interna,2395.0,240793.3,0.0002407933,100.53999999999999
TDAD05K416,TDA,01/11/2023,Dívida Interna,18192.0,1825931.04,0.00182593104,100.37
TDAD06K339,TDA,01/11/2023,Dívida Interna,10619.0,1067634.26,0.00106763426,100.54
TDAD06K415,TDA,01/11/2023,Dívida Interna,4678.0,469530.86,0.00046953086,100.36999999999999
TDAD07K338,TDA,01/11/2023,Dívida Interna,9510.0,956135.4,0.0009561354,100.54
TDAD08K238,TDA,01/11/2023,Dívida Interna,2969.0,299007.99,0.00029900799,100.71
TDAD08K337,TDA,01/11/2023,Dívida Interna,169.0,16991.26,1.699126e-05,100.53999999999999
TDAD08K413,TDA,01/11/2023,Dívida Interna,972.0,97559.64,9.755964e-05,100.37
TDAD09K237,TDA,01/11/2023,Dívida Interna,2811.0,283095.81,0.00028309581,100.71
TDAD09K336,TDA,01/11/2023,Dívida Interna,2810.0,282517.4,0.0002825174,100.54
TDAD12K234,TDA,01/11/2023,Dívida Interna,18962.0,1909663.02,0.00190966302,100.71000000000001
TDAD12K333,TDA,01/11/2023,Dívida Interna,4110.0,413219.4,0.0004132194,100.54
TDA23120200,TDA,01/12/2023,Dívida Interna,14090.0,1414213.3,0.0014142133,100.37
TDA23120300,TDA,01/12/2023,Dívida Interna,50255.0,5048617.3,0.0050486173,100.46
TDA23120600,TDA,01/12/2023,Dívida Interna,10940.0,1101767.4,0.0011017674,100.71
TDAD03L418,TDA,01/12/2023,Dívida Interna,4973.0,498742.17,0.00049874217,100.28999999999999
TDAD04L417,TDA,01/12/2023,Dívida Interna,2633.0,264063.57,0.00026406357,100.29
TDAD05L340,TDA,01/12/2023,Dívida Interna,1776.0,178257.12,0.00017825712,100.36999999999999
TDAD05L416,TDA,01/12/2023,Dívida Interna,31.0,3108.99,3.10899e-06,100.28999999999999
TDAD06L339,TDA,01/12/2023,Dívida Interna,2449.0,245806.13,0.00024580613,100.37
TDAD07L338,TDA,01/12/2023,Dívida Interna,11809.0,1185269.33,0.00118526933,100.37
TDAD07L414,TDA,01/12/2023,Dívida Interna,1644.0,164876.76,0.00016487676,100.29
TDAD09L237,TDA,01/12/2023,Dívida Interna,37.0,3717.02,3.71702e-06,100.46
TDAD10L236,TDA,01/12/2023,Dívida Interna,137.0,13763.02,1.376302e-05,100.46000000000001
TDAD11L235,TDA,01/12/2023,Dívida Interna,36265.0,3643181.9,0.0036431819,100.46
TDAD11L334,TDA,01/12/2023,Dívida Interna,5634.0,565484.58,0.00056548458,100.36999999999999
TDAD11L410,TDA,01/12/2023,Dívida Interna,7454.0,747561.66,0.0007475616600000001,100.29
TDAD12L234,TDA,01/12/2023,Dívida Interna,19896.0,1998752.16,0.0019987521599999997,100.46
TDAD12L333,TDA,01/12/2023,Dívida Interna,40459.0,4060869.83,0.00406086983,100.37
TDAD13L233,TDA,01/12/2023,Dívida Interna,11086.0,1113699.56,0.00111369956,100.46000000000001
TDAD13L332,TDA,01/12/2023,Dívida Interna,7901.0,793023.37,0.0007930233699999999,100.37
TDAE041277,TDA,01/12/2023,Dívida Interna,5885.0,592678.35,0.00059267835,100.71
TDAE071274,TDA,01/12/2023,Dívida Interna,32930.0,3316380.3,0.0033163803,100.71
TDAH071274,TDA,01/12/2023,Dívida Interna,3041.0,306259.11,0.00030625910999999996,100.71
TDA24010300,TDA,01/01/2024,Dívida Interna,1232.0,127154.72,0.00012715472,103.21000000000001
TDAD06A340,TDA,01/01/2024,Dívida Interna,9857.0,1007483.97,0.00100748397,102.21
TDAD10A237,TDA,01/01/2024,Dívida Interna,115.0,11869.15,1.186915e-05,103.21
TDAD11A236,TDA,01/01/2024,Dívida Interna,323.0,33336.83,3.3336830000000005e-05,103.21000000000001
TDAD12A235,TDA,01/01/2024,Dívida Interna,503.0,51914.63,5.1914629999999995e-05,103.21
TDA24020300,TDA,01/02/2024,Dívida Interna,13.0,1338.48,1.33848e-06,102.96000000000001
TDAD05B417,TDA,01/02/2024,Dívida Interna,1583.0,160072.96,0.00016007296,101.11999999999999
TDAD06B416,TDA,01/02/2024,Dívida Interna,5154.0,521172.48,0.00052117248,101.11999999999999
TDAD07B339,TDA,01/02/2024,Dívida Interna,5160.0,526526.4,0.0005265264000000001,102.04
TDAD09B238,TDA,01/02/2024,Dívida Interna,123.0,12664.08,1.266408e-05,102.96
TDAD09B337,TDA,01/02/2024,Dívida Interna,478.0,48775.12,4.877512e-05,102.04
TDAD10B237,TDA,01/02/2024,Dívida Interna,46.0,4736.16,4.73616e-06,102.96
TDAE120255,TDA,01/02/2024,Dívida Interna,10680.0,1129089.6,0.0011290896,105.72000000000001
TDA24030100,TDA,01/03/2024,Dívida Interna,17126.0,1730411.04,0.0017304110400000001,101.04
TDA24030300,TDA,01/03/2024,Dívida Interna,4868.0,499992.28,0.0004999922800000001,102.71000000000001
TDAD04C418,TDA,01/03/2024,Dívida Interna,885.0,89420.4,8.94204e-05,101.03999999999999
TDAD06C340,TDA,01/03/2024,Dívida Interna,9571.0,975093.48,0.0009750934799999999,101.88
TDAD09C238,TDA,01/03/2024,Dívida Interna,19163.0,1968231.73,0.00196823173,102.71
TDAD09C337,TDA,01/03/2024,Dívida Interna,2833.0,288626.04,0.00028862604,101.88
TDAD10C237,TDA,01/03/2024,Dívida Interna,15522.0,1594264.62,0.00159426462,102.71000000000001
TDAD10C336,TDA,01/03/2024,Dívida Interna,1067.0,108705.96,0.00010870596000000001,101.88000000000001
TDAD10C412,TDA,01/03/2024,Dívida Interna,5601.0,565925.04,0.0005659250400000001,101.04
TDAD11C236,TDA,01/03/2024,Dívida Interna,473.0,48581.83,4.8581830000000005e-05,102.71000000000001
TDAD12C235,TDA,01/03/2024,Dívida Interna,870.0,89357.7,8.93577e-05,102.71
TDAD12C334,TDA,01/03/2024,Dívida Interna,32.0,3260.16,3.26016e-06,101.88
TDAE090358,TDA,01/03/2024,Dívida Interna,30802.0,3240986.44,0.00324098644,105.22
TDAE100357,TDA,01/03/2024,Dívida Interna,1983.0,208651.26,0.00020865126,105.22
TDAE100372,TDA,01/03/2024,Dívida Interna,991.0,104273.02,0.00010427302000000001,105.22
TDAH090358,TDA,01/03/2024,Dívida Interna,1038.0,109218.36,0.00010921836,105.22
TDA24040300,TDA,01/04/2024,Dívida Interna,847.0,86783.62,8.678362e-05,102.46
TDAD04D418,TDA,01/04/2024,Dívida Interna,302.0,30489.92,3.048992e-05,100.96
TDAD05D417,TDA,01/04/2024,Dívida Interna,2208.0,222919.68,0.00022291968,100.96
TDAD06D340,TDA,01/04/2024,Dívida Interna,13753.0,1398817.63,0.00139881763,101.71
TDAD07D339,TDA,01/04/2024,Dívida Interna,3726.0,378971.46,0.00037897146000000003,101.71000000000001
TDAD07D415,TDA,01/04/2024,Dívida Interna,8.0,807.68,8.0768e-07,100.96
TDAD08D338,TDA,01/04/2024,Dívida Interna,2744.0,279092.24,0.00027909224,101.71
TDAD08D414,TDA,01/04/2024,Dívida Interna,2177.0,219789.92,0.00021978992,100.96000000000001
TDAD09D238,TDA,01/04/2024,Dívida Interna,2352.0,240985.92,0.00024098592000000002,102.46000000000001
TDAD10D237,TDA,01/04/2024,Dívida Interna,20214.0,2071126.44,0.00207112644,102.46
TDAD10D336,TDA,01/04/2024,Dívida Interna,6968.0,708715.28,0.00070871528,101.71000000000001
TDAD11D236,TDA,01/04/2024,Dívida Interna,186.0,19057.56,1.9057560000000003e-05,102.46000000000001
TDAD12D235,TDA,01/04/2024,Dívida Interna,18509.0,1896432.14,0.0018964321399999999,102.46
TDAD12D334,TDA,01/04/2024,Dívida Interna,3068.0,312046.28,0.00031204628000000003,101.71000000000001
TDAD12D410,TDA,01/04/2024,Dívida Interna,182.0,18374.72,1.837472e-05,100.96000000000001
TDA24050200,TDA,01/05/2024,Dívida Interna,1312.0,133220.48,0.00013322048,101.54
TDA24050300,TDA,01/05/2024,Dívida Interna,3621.0,370102.41,0.00037010240999999996,102.21
TDAD06E340,TDA,01/05/2024,Dívida Interna,5084.0,516229.36,0.00051622936,101.53999999999999
TDAD07E339,TDA,01/05/2024,Dívida Interna,247.0,25080.38,2.508038e-05,101.54
TDAD08E338,TDA,01/05/2024,Dívida Interna,7672.0,779014.88,0.00077901488,101.54
TDAD09E238,TDA,01/05/2024,Dívida Interna,2488.0,254298.48,0.00025429848,102.21000000000001
TDAD10E237,TDA,01/05/2024,Dívida Interna,11283.0,1153235.43,0.0011532354299999999,102.21
TDAD11E236,TDA,01/05/2024,Dívida Interna,12500.0,1277625.0,0.001277625,102.21
TDAD11E335,TDA,01/05/2024,Dívida Interna,3929.0,398950.66,0.00039895066,101.53999999999999
TDAD13E234,TDA,01/05/2024,Dívida Interna,2364.0,241624.44,0.00024162444,102.21000000000001
TDAE110556,TDA,01/05/2024,Dívida Interna,11231.0,1170382.51,0.00117038251,104.21
TDA24060300,TDA,01/06/2024,Dívida Interna,176.0,17944.96,1.794496e-05,101.96
TDA24060600,TDA,01/06/2024,Dívida Interna,6534.0,677641.14,0.00067764114,103.71000000000001
TDAD05F417,TDA,01/06/2024,Dívida Interna,50173.0,5056936.67,0.00505693667,100.78999999999999
TDAD06F340,TDA,01/06/2024,Dívida Interna,8288.0,840154.56,0.00084015456,101.37
TDAD06F416,TDA,01/06/2024,Dívida Interna,409.0,41223.11,4.122311e-05,100.79
TDAD07F339,TDA,01/06/2024,Dívida Interna,10036.0,1017349.32,0.0010173493199999999,101.36999999999999
TDAD08F338,TDA,01/06/2024,Dívida Interna,321.0,32539.77,3.253977e-05,101.37
TDAD09F238,TDA,01/06/2024,Dívida Interna,9142.0,932118.32,0.0009321183199999999,101.96
TDAD10F237,TDA,01/06/2024,Dívida Interna,89.0,9074.44,9.07444e-06,101.96000000000001
TDAD11F236,TDA,01/06/2024,Dívida Interna,9520.0,970659.2,0.0009706592,101.96
TDAD12F235,TDA,01/06/2024,Dívida Interna,2254.0,229817.84,0.00022981784,101.96
TDAD13F234,TDA,01/06/2024,Dívida Interna,3916.0,399275.36,0.00039927535999999996,101.96
TDA24070200,TDA,01/07/2024,Dívida Interna,192.0,19432.32,1.9432319999999998e-05,101.21
TDA24070300,TDA,01/07/2024,Dívida Interna,11997.0,1220214.87,0.00122021487,101.71000000000001
TDAD04G418,TDA,01/07/2024,Dívida Interna,1548.0,155899.08,0.00015589907999999998,100.71
TDAD06G340,TDA,01/07/2024,Dívida Interna,3818.0,386419.78,0.00038641978,101.21000000000001
TDAD06G416,TDA,01/07/2024,Dívida Interna,5633.0,567299.43,0.0005672994300000001,100.71000000000001
TDAD07G415,TDA,01/07/2024,Dívida Interna,1955.0,196888.05,0.00019688804999999998,100.71
TDAD08G338,TDA,01/07/2024,Dívida Interna,1113.0,112646.73,0.00011264673,101.21
TDAD10G237,TDA,01/07/2024,Dívida Interna,3109.0,316216.39,0.00031621639000000004,101.71000000000001
TDAD10G336,TDA,01/07/2024,Dívida Interna,234.0,23683.14,2.368314e-05,101.21
TDAD11G236,TDA,01/07/2024,Dívida Interna,33688.0,3426406.48,0.00342640648,101.71
TDAD11G335,TDA,01/07/2024,Dívida Interna,9393.0,950665.53,0.00095066553,101.21000000000001
TDAD11G411,TDA,01/07/2024,Dívida Interna,17740.0,1786595.4,0.0017865954,100.71
TDAD13G234,TDA,01/07/2024,Dívida Interna,329.0,33462.59,3.346259e-05,101.71
TDAE040778,TDA,01/07/2024,Dívida Interna,26897.0,2776039.37,0.00277603937,103.21000000000001
TDAE050777,TDA,01/07/2024,Dívida Interna,582.0,60068.22,6.006822e-05,103.21000000000001
TDA24080100,TDA,01/08/2024,Dívida Interna,490.0,49303.8,4.93038e-05,100.62
TDA24080200,TDA,01/08/2024,Dívida Interna,5.0,505.2,5.051999999999999e-07,101.03999999999999
TDA24080300,TDA,01/08/2024,Dívida Interna,16421.0,1666074.66,0.00166607466,101.46
TDAD04H418,TDA,01/08/2024,Dívida Interna,25577.0,2573557.74,0.0025735577400000003,100.62
TDAD06H340,TDA,01/08/2024,Dívida Interna,790.0,79821.6,7.982160000000001e-05,101.04
TDAD06H416,TDA,01/08/2024,Dívida Interna,595.0,59868.9,5.98689e-05,100.62
TDAD07H339,TDA,01/08/2024,Dívida Interna,196.0,19803.84,1.980384e-05,101.04
TDAD07H415,TDA,01/08/2024,Dívida Interna,1856.0,186750.72,0.00018675072,100.62
TDAD09H238,TDA,01/08/2024,Dívida Interna,558.0,56614.68,5.661468e-05,101.46
TDAD09H337,TDA,01/08/2024,Dívida Interna,8861.0,895315.44,0.0008953154399999999,101.03999999999999
TDAD09H413,TDA,01/08/2024,Dívida Interna,98.0,9860.76,9.86076e-06,100.62
TDAD10H237,TDA,01/08/2024,Dívida Interna,532.0,53976.72,5.397672e-05,101.46000000000001
TDAD12H235,TDA,01/08/2024,Dívida Interna,13810.0,1401162.6,0.0014011626,101.46000000000001
TDAD13H234,TDA,01/08/2024,Dívida Interna,239.0,24248.94,2.424894e-05,101.46
TDA24090300,TDA,01/09/2024,Dívida Interna,169.0,17104.49,1.710449e-05,101.21000000000001
TDAD04I418,TDA,01/09/2024,Dívida Interna,78.0,7842.12,7.84212e-06,100.53999999999999
TDAD05I417,TDA,01/09/2024,Dívida Interna,246.0,24732.84,2.473284e-05,100.54
TDAD06I340,TDA,01/09/2024,Dívida Interna,19802.0,1997427.74,0.00199742774,100.87
TDAD09I238,TDA,01/09/2024,Dívida Interna,11780.0,1192253.8,0.0011922538,101.21000000000001
TDAD09I337,TDA,01/09/2024,Dívida Interna,5651.0,570016.37,0.0005700163699999999,100.87
TDAD09I413,TDA,01/09/2024,Dívida Interna,2219.0,223098.26,0.00022309826000000002,100.54
TDAD10I237,TDA,01/09/2024,Dívida Interna,7.0,708.47,7.0847e-07,101.21000000000001
TDAD12I235,TDA,01/09/2024,Dívida Interna,1839.0,186125.19,0.00018612519,101.21000000000001
TDAD13I234,TDA,01/09/2024,Dívida Interna,515.0,52123.15,5.212315e-05,101.21000000000001
TDAE070975,TDA,01/09/2024,Dívida Interna,12035.0,1230097.35,0.00123009735,102.21000000000001
TDA24100200,TDA,01/10/2024,Dívida Interna,5710.0,575054.1,0.0005750541,100.71
TDA24100300,TDA,01/10/2024,Dívida Interna,4644.0,468858.24,0.00046885823999999997,100.96
TDAD05J417,TDA,01/10/2024,Dívida Interna,1491.0,149785.86,0.00014978586,100.46
TDAD06J340,TDA,01/10/2024,Dívida Interna,6796.0,684425.16,0.00068442516,100.71000000000001
TDAD06J416,TDA,01/10/2024,Dívida Interna,10164.0,1021075.44,0.00102107544,100.46
TDAD08J338,TDA,01/10/2024,Dívida Interna,542.0,54584.82,5.458482e-05,100.71
TDAD09J238,TDA,01/10/2024,Dívida Interna,164.0,16557.44,1.6557439999999998e-05,100.96
TDAD09J337,TDA,01/10/2024,Dívida Interna,110.0,11078.1,1.10781e-05,100.71000000000001
TDAD09J413,TDA,01/10/2024,Dívida Interna,2573.0,258483.58,0.00025848358,100.46
TDAD10J237,TDA,01/10/2024,Dívida Interna,478.0,48258.88,4.825888e-05,100.96
TDAD11J236,TDA,01/10/2024,Dívida Interna,605.0,61080.8,6.10808e-05,100.96000000000001
TDAD12J235,TDA,01/10/2024,Dívida Interna,11181.0,1128833.76,0.00112883376,100.96
TDAD12J334,TDA,01/10/2024,Dívida Interna,3249.0,327206.79,0.00032720678999999996,100.71
TDAD12J410,TDA,01/10/2024,Dívida Interna,7213.0,724617.98,0.00072461798,100.46
TDAD13J234,TDA,01/10/2024,Dívida Interna,31551.0,3185388.96,0.00318538896,100.96
TDA24110300,TDA,01/11/2024,Dívida Interna,2990.0,301122.9,0.0003011229,100.71000000000001
TDAD05K417,TDA,01/11/2024,Dívida Interna,18185.0,1825228.45,0.0018252284499999999,100.36999999999999
TDAD06K340,TDA,01/11/2024,Dívida Interna,10062.0,1011633.48,0.0010116334799999999,100.53999999999999
TDAD06K416,TDA,01/11/2024,Dívida Interna,4678.0,469530.86,0.00046953086,100.36999999999999
TDAD07K339,TDA,01/11/2024,Dívida Interna,9510.0,956135.4,0.0009561354,100.54
TDAD08K338,TDA,01/11/2024,Dívida Interna,169.0,16991.26,1.699126e-05,100.53999999999999
TDAD08K414,TDA,01/11/2024,Dívida Interna,854.0,85715.98,8.571598e-05,100.36999999999999
TDAD09K238,TDA,01/11/2024,Dívida Interna,2892.0,291253.32,0.00029125332,100.71000000000001
TDAD09K337,TDA,01/11/2024,Dívida Interna,2813.0,282819.02,0.00028281902,100.54
TDAD12K235,TDA,01/11/2024,Dívida Interna,18984.0,1911878.64,0.00191187864,100.71
TDAD12K334,TDA,01/11/2024,Dívida Interna,3924.0,394518.96,0.00039451896,100.54
TDA24120200,TDA,01/12/2024,Dívida Interna,14090.0,1414213.3,0.0014142133,100.37
TDA24120300,TDA,01/12/2024,Dívida Interna,50282.0,5051329.72,0.00505132972,100.46
TDA24120600,TDA,01/12/2024,Dívida Interna,4720.0,475351.2,0.0004753512,100.71000000000001
TDAD04L418,TDA,01/12/2024,Dívida Interna,2779.0,278705.91,0.00027870590999999996,100.28999999999999
TDAD05L417,TDA,01/12/2024,Dívida Interna,56.0,5616.24,5.61624e-06,100.28999999999999
TDAD06L340,TDA,01/12/2024,Dívida Interna,2466.0,247512.42,0.00024751242000000003,100.37
TDAD07L339,TDA,01/12/2024,Dívida Interna,11809.0,1185269.33,0.00118526933,100.37
TDAD07L415,TDA,01/12/2024,Dívida Interna,1664.0,166882.56,0.00016688256,100.28999999999999
TDAD09L238,TDA,01/12/2024,Dívida Interna,38.0,3817.48,3.81748e-06,100.46
TDAD10L237,TDA,01/12/2024,Dívida Interna,137.0,13763.02,1.376302e-05,100.46000000000001
TDAD11L236,TDA,01/12/2024,Dívida Interna,36096.0,3626204.16,0.0036262041600000003,100.46000000000001
TDAD11L335,TDA,01/12/2024,Dívida Interna,5634.0,565484.58,0.00056548458,100.36999999999999
TDAD11L411,TDA,01/12/2024,Dívida Interna,6604.0,662315.16,0.00066231516,100.29
TDAD12L235,TDA,01/12/2024,Dívida Interna,20098.0,2019045.08,0.0020190450800000002,100.46000000000001
TDAD12L334,TDA,01/12/2024,Dívida Interna,40459.0,4060869.83,0.00406086983,100.37
TDAD13L234,TDA,01/12/2024,Dívida Interna,11086.0,1113699.56,0.00111369956,100.46000000000001
TDAD13L333,TDA,01/12/2024,Dívida Interna,7901.0,793023.37,0.0007930233699999999,100.37
TDAE041278,TDA,01/12/2024,Dívida Interna,5889.0,593081.19,0.00059308119,100.71
TDAE071275,TDA,01/12/2024,Dívida Interna,32602.0,3283347.42,0.00328334742,100.71
TDAH071275,TDA,01/12/2024,Dívida Interna,3041.0,306259.11,0.00030625910999999996,100.71
TDA25010300,TDA,01/01/2025,Dívida Interna,1232.0,127154.72,0.00012715472,103.21000000000001
TDAD10A238,TDA,01/01/2025,Dívida Interna,130.0,13417.3,1.34173e-05,103.21
TDAD11A237,TDA,01/01/2025,Dívida Interna,323.0,33336.83,3.3336830000000005e-05,103.21000000000001
TDAD12A236,TDA,01/01/2025,Dívida Interna,503.0,51914.63,5.1914629999999995e-05,103.21
TDA25020300,TDA,01/02/2025,Dívida Interna,13.0,1338.48,1.33848e-06,102.96000000000001
TDAD05B418,TDA,01/02/2025,Dívida Interna,1595.0,161286.4,0.0001612864,101.11999999999999
TDAD06B417,TDA,01/02/2025,Dívida Interna,5154.0,521172.48,0.00052117248,101.11999999999999
TDAD07B340,TDA,01/02/2025,Dívida Interna,5187.0,529281.48,0.00052928148,102.03999999999999
TDAD09B338,TDA,01/02/2025,Dívida Interna,478.0,48775.12,4.877512e-05,102.04
TDAD10B238,TDA,01/02/2025,Dívida Interna,63.0,6486.48,6.48648e-06,102.96
TDAE120256,TDA,01/02/2025,Dívida Interna,10680.0,1129089.6,0.0011290896,105.72000000000001
TDA25030100,TDA,01/03/2025,Dívida Interna,18787.0,1898238.48,0.00189823848,101.03999999999999
TDA25030300,TDA,01/03/2025,Dívida Interna,4878.0,501019.38,0.00050101938,102.71000000000001
TDAD09C338,TDA,01/03/2025,Dívida Interna,2853.0,290663.64,0.00029066364,101.88000000000001
TDAD10C238,TDA,01/03/2025,Dívida Interna,15833.0,1626207.43,0.00162620743,102.71
TDAD10C337,TDA,01/03/2025,Dívida Interna,1067.0,108705.96,0.00010870596000000001,101.88000000000001
TDAD10C413,TDA,01/03/2025,Dívida Interna,5601.0,565925.04,0.0005659250400000001,101.04
TDAD11C237,TDA,01/03/2025,Dívida Interna,473.0,48581.83,4.8581830000000005e-05,102.71000000000001
TDAD12C236,TDA,01/03/2025,Dívida Interna,870.0,89357.7,8.93577e-05,102.71
TDAD12C335,TDA,01/03/2025,Dívida Interna,32.0,3260.16,3.26016e-06,101.88
TDAE100358,TDA,01/03/2025,Dívida Interna,1715.0,180452.3,0.0001804523,105.22
TDAE100373,TDA,01/03/2025,Dívida Interna,917.0,96486.74,9.648674000000001e-05,105.22
TDA25040300,TDA,01/04/2025,Dívida Interna,856.0,87705.76,8.770576e-05,102.46
TDAD05D418,TDA,01/04/2025,Dívida Interna,2225.0,224636.0,0.000224636,100.96
TDAD07D340,TDA,01/04/2025,Dívida Interna,4170.0,424130.7,0.0004241307,101.71000000000001
TDAD07D416,TDA,01/04/2025,Dívida Interna,8.0,807.68,8.0768e-07,100.96
TDAD08D339,TDA,01/04/2025,Dívida Interna,2744.0,279092.24,0.00027909224,101.71
TDAD08D415,TDA,01/04/2025,Dívida Interna,2177.0,219789.92,0.00021978992,100.96000000000001
TDAD10D238,TDA,01/04/2025,Dívida Interna,20531.0,2103606.26,0.00210360626,102.46
TDAD10D337,TDA,01/04/2025,Dívida Interna,7280.0,740448.8,0.0007404488,101.71000000000001
TDAD11D237,TDA,01/04/2025,Dívida Interna,186.0,19057.56,1.9057560000000003e-05,102.46000000000001
TDAD12D236,TDA,01/04/2025,Dívida Interna,18613.0,1907087.98,0.00190708798,102.46
TDAD12D335,TDA,01/04/2025,Dívida Interna,3068.0,312046.28,0.00031204628000000003,101.71000000000001
TDAD12D411,TDA,01/04/2025,Dívida Interna,182.0,18374.72,1.837472e-05,100.96000000000001
TDA25050200,TDA,01/05/2025,Dívida Interna,1312.0,133220.48,0.00013322048,101.54
TDA25050300,TDA,01/05/2025,Dívida Interna,2090.0,213618.9,0.00021361889999999998,102.21
TDAD07E340,TDA,01/05/2025,Dívida Interna,253.0,25689.62,2.568962e-05,101.53999999999999
TDAD08E339,TDA,01/05/2025,Dívida Interna,7672.0,779014.88,0.00077901488,101.54
TDAD10E238,TDA,01/05/2025,Dívida Interna,11085.0,1132997.85,0.00113299785,102.21000000000001
TDAD11E237,TDA,01/05/2025,Dívida Interna,12500.0,1277625.0,0.001277625,102.21
TDAD11E336,TDA,01/05/2025,Dívida Interna,3929.0,398950.66,0.00039895066,101.53999999999999
TDAD13E235,TDA,01/05/2025,Dívida Interna,2364.0,241624.44,0.00024162444,102.21000000000001
TDAE110557,TDA,01/05/2025,Dívida Interna,11231.0,1170382.51,0.00117038251,104.21
TDA25060300,TDA,01/06/2025,Dívida Interna,176.0,17944.96,1.794496e-05,101.96
TDAD05F418,TDA,01/06/2025,Dívida Interna,50201.0,5059758.79,0.0050597587900000005,100.79
TDAD06F417,TDA,01/06/2025,Dívida Interna,409.0,41223.11,4.122311e-05,100.79
TDAD07F340,TDA,01/06/2025,Dívida Interna,10061.0,1019883.57,0.00101988357,101.36999999999999
TDAD08F339,TDA,01/06/2025,Dívida Interna,321.0,32539.77,3.253977e-05,101.37
TDAD10F238,TDA,01/06/2025,Dívida Interna,70.0,7137.2,7.1372e-06,101.96
TDAD11F237,TDA,01/06/2025,Dívida Interna,9520.0,970659.2,0.0009706592,101.96
TDAD12F236,TDA,01/06/2025,Dívida Interna,2254.0,229817.84,0.00022981784,101.96
TDAD13F235,TDA,01/06/2025,Dívida Interna,3916.0,399275.36,0.00039927535999999996,101.96
TDA25070200,TDA,01/07/2025,Dívida Interna,192.0,19432.32,1.9432319999999998e-05,101.21
TDA25070300,TDA,01/07/2025,Dívida Interna,11998.0,1220316.58,0.00122031658,101.71000000000001
TDAD06G417,TDA,01/07/2025,Dívida Interna,5633.0,567299.43,0.0005672994300000001,100.71000000000001
TDAD07G416,TDA,01/07/2025,Dívida Interna,2129.0,214411.59,0.00021441159,100.71
TDAD08G339,TDA,01/07/2025,Dívida Interna,1226.0,124083.46,0.00012408346000000002,101.21000000000001
TDAD10G238,TDA,01/07/2025,Dívida Interna,3154.0,320793.34,0.00032079334000000004,101.71000000000001
TDAD10G337,TDA,01/07/2025,Dívida Interna,234.0,23683.14,2.368314e-05,101.21
TDAD11G237,TDA,01/07/2025,Dívida Interna,33828.0,3440645.88,0.00344064588,101.71
TDAD11G336,TDA,01/07/2025,Dívida Interna,9393.0,950665.53,0.00095066553,101.21000000000001
TDAD11G412,TDA,01/07/2025,Dívida Interna,17740.0,1786595.4,0.0017865954,100.71
TDAD13G235,TDA,01/07/2025,Dívida Interna,329.0,33462.59,3.346259e-05,101.71
TDAE050778,TDA,01/07/2025,Dívida Interna,583.0,60171.43,6.017143e-05,103.21
TDA25080100,TDA,01/08/2025,Dívida Interna,490.0,49303.8,4.93038e-05,100.62
TDA25080200,TDA,01/08/2025,Dívida Interna,5.0,505.2,5.051999999999999e-07,101.03999999999999
TDA25080300,TDA,01/08/2025,Dívida Interna,16431.0,1667089.26,0.0016670892600000001,101.46
TDAD06H417,TDA,01/08/2025,Dívida Interna,595.0,59868.9,5.98689e-05,100.62
TDAD07H340,TDA,01/08/2025,Dívida Interna,199.0,20106.96,2.010696e-05,101.03999999999999
TDAD07H416,TDA,01/08/2025,Dívida Interna,1856.0,186750.72,0.00018675072,100.62
TDAD09H338,TDA,01/08/2025,Dívida Interna,8861.0,895315.44,0.0008953154399999999,101.03999999999999
TDAD09H414,TDA,01/08/2025,Dívida Interna,98.0,9860.76,9.86076e-06,100.62
TDAD10H238,TDA,01/08/2025,Dívida Interna,544.0,55194.24,5.519424e-05,101.46
TDAD12H236,TDA,01/08/2025,Dívida Interna,14048.0,1425310.08,0.00142531008,101.46000000000001
TDAD13H235,TDA,01/08/2025,Dívida Interna,239.0,24248.94,2.424894e-05,101.46
TDA25090300,TDA,01/09/2025,Dívida Interna,169.0,17104.49,1.710449e-05,101.21000000000001
TDAD05I418,TDA,01/09/2025,Dívida Interna,255.0,25637.7,2.56377e-05,100.54
TDAD09I338,TDA,01/09/2025,Dívida Interna,5771.0,582120.77,0.0005821207700000001,100.87
TDAD09I414,TDA,01/09/2025,Dívida Interna,2219.0,223098.26,0.00022309826000000002,100.54
TDAD10I238,TDA,01/09/2025,Dívida Interna,11.0,1113.31,1.1133099999999998e-06,101.21
TDAD12I236,TDA,01/09/2025,Dívida Interna,1839.0,186125.19,0.00018612519,101.21000000000001
TDAD13I235,TDA,01/09/2025,Dívida Interna,515.0,52123.15,5.212315e-05,101.21000000000001
TDAE070976,TDA,01/09/2025,Dívida Interna,11959.0,1222329.39,0.0012223293899999998,102.21
TDA25100200,TDA,01/10/2025,Dívida Interna,5188.0,522483.48,0.0005224834799999999,100.71
TDA25100300,TDA,01/10/2025,Dívida Interna,4644.0,468858.24,0.00046885823999999997,100.96
TDAD05J418,TDA,01/10/2025,Dívida Interna,1516.0,152297.36,0.00015229736,100.46
TDAD06J417,TDA,01/10/2025,Dívida Interna,10164.0,1021075.44,0.00102107544,100.46
TDAD08J339,TDA,01/10/2025,Dívida Interna,542.0,54584.82,5.458482e-05,100.71
TDAD09J338,TDA,01/10/2025,Dívida Interna,102.0,10272.42,1.027242e-05,100.71
TDAD09J414,TDA,01/10/2025,Dívida Interna,2573.0,258483.58,0.00025848358,100.46
TDAD10J238,TDA,01/10/2025,Dívida Interna,494.0,49874.24,4.987424e-05,100.96
TDAD11J237,TDA,01/10/2025,Dívida Interna,605.0,61080.8,6.10808e-05,100.96000000000001
TDAD12J236,TDA,01/10/2025,Dívida Interna,11181.0,1128833.76,0.00112883376,100.96
TDAD12J335,TDA,01/10/2025,Dívida Interna,3143.0,316531.53,0.00031653153000000005,100.71000000000001
TDAD12J411,TDA,01/10/2025,Dívida Interna,7213.0,724617.98,0.00072461798,100.46
TDAD13J235,TDA,01/10/2025,Dívida Interna,30951.0,3124812.96,0.00312481296,100.96
TDA25110300,TDA,01/11/2025,Dívida Interna,2970.0,299108.7,0.0002991087,100.71000000000001
TDAD05K418,TDA,01/11/2025,Dívida Interna,17105.0,1716828.85,0.0017168288500000002,100.37
TDAD06K417,TDA,01/11/2025,Dívida Interna,4678.0,469530.86,0.00046953086,100.36999999999999
TDAD07K340,TDA,01/11/2025,Dívida Interna,9605.0,965686.7,0.0009656866999999999,100.53999999999999
TDAD08K339,TDA,01/11/2025,Dívida Interna,169.0,16991.26,1.699126e-05,100.53999999999999
TDAD08K415,TDA,01/11/2025,Dívida Interna,733.0,73571.21,7.357121e-05,100.37
TDAD09K338,TDA,01/11/2025,Dívida Interna,2813.0,282819.02,0.00028281902,100.54
TDAD12K236,TDA,01/11/2025,Dívida Interna,18910.0,1904426.1,0.0019044261000000001,100.71000000000001
TDAD12K335,TDA,01/11/2025,Dívida Interna,3849.0,386978.46,0.00038697846,100.54
TDA25120200,TDA,01/12/2025,Dívida Interna,14090.0,1414213.3,0.0014142133,100.37
TDA25120300,TDA,01/12/2025,Dívida Interna,50447.0,5067905.62,0.00506790562,100.46000000000001
TDAD05L418,TDA,01/12/2025,Dívida Interna,65.0,6518.85,6.51885e-06,100.29
TDAD07L340,TDA,01/12/2025,Dívida Interna,11836.0,1187979.32,0.00118797932,100.37
TDAD07L416,TDA,01/12/2025,Dívida Interna,1697.0,170192.13,0.00017019213,100.29
TDAD10L238,TDA,01/12/2025,Dívida Interna,138.0,13863.48,1.3863479999999999e-05,100.46
TDAD11L237,TDA,01/12/2025,Dívida Interna,36228.0,3639464.88,0.0036394648799999998,100.46
TDAD11L336,TDA,01/12/2025,Dívida Interna,5634.0,565484.58,0.00056548458,100.36999999999999
TDAD11L412,TDA,01/12/2025,Dívida Interna,6361.0,637944.69,0.0006379446899999999,100.28999999999999
TDAD12L236,TDA,01/12/2025,Dívida Interna,20209.0,2030196.14,0.00203019614,100.46
TDAD12L335,TDA,01/12/2025,Dívida Interna,40459.0,4060869.83,0.00406086983,100.37
TDAD13L235,TDA,01/12/2025,Dívida Interna,11086.0,1113699.56,0.00111369956,100.46000000000001
TDAD13L334,TDA,01/12/2025,Dívida Interna,7901.0,793023.37,0.0007930233699999999,100.37
TDAE071276,TDA,01/12/2025,Dívida Interna,32383.0,3261291.93,0.00326129193,100.71000000000001
TDAH071276,TDA,01/12/2025,Dívida Interna,3041.0,306259.11,0.00030625910999999996,100.71
TDA26010300,TDA,01/01/2026,Dívida Interna,1242.0,128186.82,0.00012818682,103.21000000000001
TDAD11A238,TDA,01/01/2026,Dívida Interna,323.0,33336.83,3.3336830000000005e-05,103.21000000000001
TDAD12A237,TDA,01/01/2026,Dívida Interna,503.0,51914.63,5.1914629999999995e-05,103.21
TDA26020300,TDA,01/02/2026,Dívida Interna,13.0,1338.48,1.33848e-06,102.96000000000001
TDAD06B418,TDA,01/02/2026,Dívida Interna,5175.0,523296.0,0.000523296,101.12
TDAD09B339,TDA,01/02/2026,Dívida Interna,478.0,48775.12,4.877512e-05,102.04
TDAE120257,TDA,01/02/2026,Dívida Interna,10680.0,1129089.6,0.0011290896,105.72000000000001
TDA26030100,TDA,01/03/2026,Dívida Interna,18922.0,1911878.88,0.0019118788799999998,101.03999999999999
TDA26030300,TDA,01/03/2026,Dívida Interna,4564.0,468768.44,0.00046876844,102.71
TDAD09C339,TDA,01/03/2026,Dívida Interna,2860.0,291376.8,0.0002913768,101.88
TDAD10C338,TDA,01/03/2026,Dívida Interna,1067.0,108705.96,0.00010870596000000001,101.88000000000001
TDAD10C414,TDA,01/03/2026,Dívida Interna,5601.0,565925.04,0.0005659250400000001,101.04
TDAD11C238,TDA,01/03/2026,Dívida Interna,479.0,49198.09,4.919809e-05,102.71
TDAD12C237,TDA,01/03/2026,Dívida Interna,870.0,89357.7,8.93577e-05,102.71
TDAD12C336,TDA,01/03/2026,Dívida Interna,32.0,3260.16,3.26016e-06,101.88
TDAE100374,TDA,01/03/2026,Dívida Interna,991.0,104273.02,0.00010427302000000001,105.22
TDA26040300,TDA,01/04/2026,Dívida Interna,808.0,82787.68,8.278768e-05,102.46
TDAD07D417,TDA,01/04/2026,Dívida Interna,8.0,807.68,8.0768e-07,100.96
TDAD08D340,TDA,01/04/2026,Dívida Interna,2759.0,280617.89,0.00028061789,101.71000000000001
TDAD08D416,TDA,01/04/2026,Dívida Interna,2177.0,219789.92,0.00021978992,100.96000000000001
TDAD10D338,TDA,01/04/2026,Dívida Interna,7198.0,732108.58,0.0007321085799999999,101.71
TDAD11D238,TDA,01/04/2026,Dívida Interna,194.0,19877.24,1.9877240000000003e-05,102.46000000000001
TDAD12D237,TDA,01/04/2026,Dívida Interna,19157.0,1962826.22,0.00196282622,102.46
TDAD12D336,TDA,01/04/2026,Dívida Interna,3068.0,312046.28,0.00031204628000000003,101.71000000000001
TDAD12D412,TDA,01/04/2026,Dívida Interna,182.0,18374.72,1.837472e-05,100.96000000000001
TDA26050200,TDA,01/05/2026,Dívida Interna,1312.0,133220.48,0.00013322048,101.54
TDA26050300,TDA,01/05/2026,Dívida Interna,2090.0,213618.9,0.00021361889999999998,102.21
TDAD08E340,TDA,01/05/2026,Dívida Interna,7699.0,781756.46,0.00078175646,101.53999999999999
TDAD11E238,TDA,01/05/2026,Dívida Interna,12650.0,1292956.5,0.0012929565,102.21
TDAD11E337,TDA,01/05/2026,Dívida Interna,3929.0,398950.66,0.00039895066,101.53999999999999
TDAD13E236,TDA,01/05/2026,Dívida Interna,2364.0,241624.44,0.00024162444,102.21000000000001
TDAE110558,TDA,01/05/2026,Dívida Interna,11254.0,1172779.34,0.00117277934,104.21000000000001
TDA26060300,TDA,01/06/2026,Dívida Interna,176.0,17944.96,1.794496e-05,101.96
TDAD06F418,TDA,01/06/2026,Dívida Interna,417.0,42029.43,4.202943e-05,100.79
TDAD08F340,TDA,01/06/2026,Dívida Interna,337.0,34161.69,3.416169e-05,101.37
TDAD11F238,TDA,01/06/2026,Dívida Interna,9567.0,975451.32,0.0009754513199999999,101.96
TDAD12F237,TDA,01/06/2026,Dívida Interna,2254.0,229817.84,0.00022981784,101.96
TDAD13F236,TDA,01/06/2026,Dívida Interna,3872.0,394789.12,0.00039478912,101.96
TDA26070200,TDA,01/07/2026,Dívida Interna,192.0,19432.32,1.9432319999999998e-05,101.21
TDA26070300,TDA,01/07/2026,Dívida Interna,12003.0,1220825.13,0.00122082513,101.71
TDAD06G418,TDA,01/07/2026,Dívida Interna,5645.0,568507.95,0.00056850795,100.71
TDAD07G417,TDA,01/07/2026,Dívida Interna,2910.0,293066.1,0.00029306609999999996,100.71
TDAD08G340,TDA,01/07/2026,Dívida Interna,1255.0,127018.55,0.00012701855,101.21000000000001
TDAD10G338,TDA,01/07/2026,Dívida Interna,234.0,23683.14,2.368314e-05,101.21
TDAD11G238,TDA,01/07/2026,Dívida Interna,34270.0,3485601.7,0.0034856017000000003,101.71000000000001
TDAD11G337,TDA,01/07/2026,Dívida Interna,9393.0,950665.53,0.00095066553,101.21000000000001
TDAD11G413,TDA,01/07/2026,Dívida Interna,17740.0,1786595.4,0.0017865954,100.71
TDAD13G236,TDA,01/07/2026,Dívida Interna,329.0,33462.59,3.346259e-05,101.71
TDA26080100,TDA,01/08/2026,Dívida Interna,490.0,49303.8,4.93038e-05,100.62
TDA26080200,TDA,01/08/2026,Dívida Interna,5.0,505.2,5.051999999999999e-07,101.03999999999999
TDA26080300,TDA,01/08/2026,Dívida Interna,16068.0,1630259.28,0.00163025928,101.46000000000001
TDAD06H418,TDA,01/08/2026,Dívida Interna,621.0,62485.02,6.248502e-05,100.61999999999999
TDAD07H417,TDA,01/08/2026,Dívida Interna,1856.0,186750.72,0.00018675072,100.62
TDAD09H339,TDA,01/08/2026,Dívida Interna,8861.0,895315.44,0.0008953154399999999,101.03999999999999
TDAD09H415,TDA,01/08/2026,Dívida Interna,98.0,9860.76,9.86076e-06,100.62
TDAD12H237,TDA,01/08/2026,Dívida Interna,14040.0,1424498.4,0.0014244983999999999,101.46
TDAD13H236,TDA,01/08/2026,Dívida Interna,239.0,24248.94,2.424894e-05,101.46
TDA26090300,TDA,01/09/2026,Dívida Interna,169.0,17104.49,1.710449e-05,101.21000000000001
TDAD09I339,TDA,01/09/2026,Dívida Interna,5582.0,563056.34,0.00056305634,100.86999999999999
TDAD09I415,TDA,01/09/2026,Dívida Interna,2219.0,223098.26,0.00022309826000000002,100.54
TDAD12I237,TDA,01/09/2026,Dívida Interna,1839.0,186125.19,0.00018612519,101.21000000000001
TDAD13I236,TDA,01/09/2026,Dívida Interna,515.0,52123.15,5.212315e-05,101.21000000000001
TDAE070977,TDA,01/09/2026,Dívida Interna,11698.0,1195652.58,0.00119565258,102.21000000000001
TDA26100200,TDA,01/10/2026,Dívida Interna,5476.0,551487.96,0.00055148796,100.71
TDA26100300,TDA,01/10/2026,Dívida Interna,4644.0,468858.24,0.00046885823999999997,100.96
TDAD06J418,TDA,01/10/2026,Dívida Interna,10202.0,1024892.92,0.0010248929200000001,100.46000000000001
TDAD08J340,TDA,01/10/2026,Dívida Interna,443.0,44614.53,4.461453e-05,100.71
TDAD09J339,TDA,01/10/2026,Dívida Interna,104.0,10473.84,1.047384e-05,100.71000000000001
TDAD09J415,TDA,01/10/2026,Dívida Interna,2559.0,257077.14,0.00025707714,100.46000000000001
TDAD11J238,TDA,01/10/2026,Dívida Interna,606.0,61181.76,6.118176000000001e-05,100.96000000000001
TDAD12J237,TDA,01/10/2026,Dívida Interna,11181.0,1128833.76,0.00112883376,100.96
TDAD12J336,TDA,01/10/2026,Dívida Interna,2996.0,301727.16,0.00030172715999999996,100.71
TDAD12J412,TDA,01/10/2026,Dívida Interna,7213.0,724617.98,0.00072461798,100.46
TDAD13J236,TDA,01/10/2026,Dívida Interna,31548.0,3185086.08,0.0031850860800000003,100.96000000000001
TDA26110300,TDA,01/11/2026,Dívida Interna,2171.0,218641.41,0.00021864141,100.71000000000001
TDAD06K418,TDA,01/11/2026,Dívida Interna,4684.0,470133.08,0.00047013308,100.37
TDAD08K340,TDA,01/11/2026,Dívida Interna,170.0,17091.8,1.7091799999999998e-05,100.53999999999999
TDAD08K416,TDA,01/11/2026,Dívida Interna,917.0,92039.29,9.203929e-05,100.36999999999999
TDAD09K339,TDA,01/11/2026,Dívida Interna,2813.0,282819.02,0.00028281902,100.54
TDAD12K237,TDA,01/11/2026,Dívida Interna,19182.0,1931819.22,0.00193181922,100.71
TDAD12K336,TDA,01/11/2026,Dívida Interna,3576.0,359531.04,0.00035953103999999996,100.53999999999999
TDA26120200,TDA,01/12/2026,Dívida Interna,14090.0,1414213.3,0.0014142133,100.37
TDA26120300,TDA,01/12/2026,Dívida Interna,48848.0,4907270.08,0.00490727008,100.46000000000001
TDAD07L417,TDA,01/12/2026,Dívida Interna,1793.0,179819.97,0.00017981997,100.29
TDAD11L238,TDA,01/12/2026,Dívida Interna,36862.0,3703156.52,0.00370315652,100.46
TDAD11L337,TDA,01/12/2026,Dívida Interna,5634.0,565484.58,0.00056548458,100.36999999999999
TDAD11L413,TDA,01/12/2026,Dívida Interna,5887.0,590407.23,0.00059040723,100.28999999999999
TDAD12L237,TDA,01/12/2026,Dívida Interna,20201.0,2029392.46,0.00202939246,100.46
TDAD12L336,TDA,01/12/2026,Dívida Interna,40459.0,4060869.83,0.00406086983,100.37
TDAD13L236,TDA,01/12/2026,Dívida Interna,11086.0,1113699.56,0.00111369956,100.46000000000001
TDAD13L335,TDA,01/12/2026,Dívida Interna,7901.0,793023.37,0.0007930233699999999,100.37
TDAE071277,TDA,01/12/2026,Dívida Interna,30131.0,3034493.01,0.0030344930099999996,100.71
TDAH071277,TDA,01/12/2026,Dívida Interna,3041.0,306259.11,0.00030625910999999996,100.71
TDA27010300,TDA,01/01/2027,Dívida Interna,72.0,7431.12,7.43112e-06,103.21
TDAD12A238,TDA,01/01/2027,Dívida Interna,509.0,52533.89,5.253389e-05,103.21
TDA27020300,TDA,01/02/2027,Dívida Interna,21.0,2162.16,2.16216e-06,102.96
TDAD09B340,TDA,01/02/2027,Dívida Interna,484.0,49387.36,4.938736e-05,102.04
TDAE120258,TDA,01/02/2027,Dívida Interna,10693.0,1130463.96,0.00113046396,105.72
TDA27030100,TDA,01/03/2027,Dívida Interna,17805.0,1799017.2,0.0017990172,101.03999999999999
TDA27030300,TDA,01/03/2027,Dívida Interna,4564.0,468768.44,0.00046876844,102.71
TDAD09C340,TDA,01/03/2027,Dívida Interna,2779.0,283124.52,0.00028312452000000003,101.88000000000001
TDAD10C339,TDA,01/03/2027,Dívida Interna,1067.0,108705.96,0.00010870596000000001,101.88000000000001
TDAD10C415,TDA,01/03/2027,Dívida Interna,5601.0,565925.04,0.0005659250400000001,101.04
TDAD12C238,TDA,01/03/2027,Dívida Interna,888.0,91206.48,9.120648e-05,102.71
TDAD12C337,TDA,01/03/2027,Dívida Interna,32.0,3260.16,3.26016e-06,101.88
TDAE100375,TDA,01/03/2027,Dívida Interna,950.0,99959.0,9.9959e-05,105.22
TDA27040300,TDA,01/04/2027,Dívida Interna,808.0,82787.68,8.278768e-05,102.46
TDAD07D418,TDA,01/04/2027,Dívida Interna,14.0,1413.44,1.4134400000000001e-06,100.96000000000001
TDAD08D417,TDA,01/04/2027,Dívida Interna,2177.0,219789.92,0.00021978992,100.96000000000001
TDAD10D339,TDA,01/04/2027,Dívida Interna,7315.0,744008.65,0.00074400865,101.71000000000001
TDAD12D238,TDA,01/04/2027,Dívida Interna,19324.0,1979937.04,0.00197993704,102.46000000000001
TDAD12D337,TDA,01/04/2027,Dívida Interna,3068.0,312046.28,0.00031204628000000003,101.71000000000001
TDAD12D413,TDA,01/04/2027,Dívida Interna,182.0,18374.72,1.837472e-05,100.96000000000001
TDA27050200,TDA,01/05/2027,Dívida Interna,1312.0,133220.48,0.00013322048,101.54
TDA27050300,TDA,01/05/2027,Dívida Interna,2094.0,214027.74,0.00021402774,102.21
TDAD11E338,TDA,01/05/2027,Dívida Interna,3929.0,398950.66,0.00039895066,101.53999999999999
TDAD13E237,TDA,01/05/2027,Dívida Interna,2364.0,241624.44,0.00024162444,102.21000000000001
TDA27060300,TDA,01/06/2027,Dívida Interna,182.0,18556.72,1.8556720000000003e-05,101.96000000000001
TDAD12F238,TDA,01/06/2027,Dívida Interna,2256.0,230021.76,0.00023002176,101.96000000000001
TDAD13F237,TDA,01/06/2027,Dívida Interna,3711.0,378373.56,0.00037837356,101.96
TDA27070200,TDA,01/07/2027,Dívida Interna,192.0,19432.32,1.9432319999999998e-05,101.21
TDA27070300,TDA,01/07/2027,Dívida Interna,11950.0,1215434.5,0.0012154345,101.71
TDAD07G418,TDA,01/07/2027,Dívida Interna,2170.0,218540.7,0.0002185407,100.71000000000001
TDAD10G339,TDA,01/07/2027,Dívida Interna,234.0,23683.14,2.368314e-05,101.21
TDAD11G338,TDA,01/07/2027,Dívida Interna,9393.0,950665.53,0.00095066553,101.21000000000001
TDAD11G414,TDA,01/07/2027,Dívida Interna,17740.0,1786595.4,0.0017865954,100.71
TDAD13G237,TDA,01/07/2027,Dívida Interna,329.0,33462.59,3.346259e-05,101.71
TDA27080100,TDA,01/08/2027,Dívida Interna,490.0,49303.8,4.93038e-05,100.62
TDA27080200,TDA,01/08/2027,Dívida Interna,5.0,505.2,5.051999999999999e-07,101.03999999999999
TDA27080300,TDA,01/08/2027,Dívida Interna,13854.0,1405626.84,0.00140562684,101.46000000000001
TDAD07H418,TDA,01/08/2027,Dívida Interna,1864.0,187555.68,0.00018755568,100.61999999999999
TDAD09H340,TDA,01/08/2027,Dívida Interna,8870.0,896224.8,0.0008962248000000001,101.04
TDAD09H416,TDA,01/08/2027,Dívida Interna,98.0,9860.76,9.86076e-06,100.62
TDAD12H238,TDA,01/08/2027,Dívida Interna,14021.0,1422570.66,0.00142257066,101.46
TDAD13H237,TDA,01/08/2027,Dívida Interna,239.0,24248.94,2.424894e-05,101.46
TDA27090300,TDA,01/09/2027,Dívida Interna,169.0,17104.49,1.710449e-05,101.21000000000001
TDAD09I340,TDA,01/09/2027,Dívida Interna,5796.0,584642.52,0.00058464252,100.87
TDAD09I416,TDA,01/09/2027,Dívida Interna,2219.0,223098.26,0.00022309826000000002,100.54
TDAD12I238,TDA,01/09/2027,Dívida Interna,1842.0,186428.82,0.00018642882000000001,101.21000000000001
TDAD13I237,TDA,01/09/2027,Dívida Interna,515.0,52123.15,5.212315e-05,101.21000000000001
TDAE070978,TDA,01/09/2027,Dívida Interna,12039.0,1230506.19,0.00123050619,102.21
TDA27100200,TDA,01/10/2027,Dívida Interna,5624.0,566393.04,0.00056639304,100.71000000000001
TDA27100300,TDA,01/10/2027,Dívida Interna,4644.0,468858.24,0.00046885823999999997,100.96
TDAD09J340,TDA,01/10/2027,Dívida Interna,124.0,12488.04,1.248804e-05,100.71000000000001
TDAD09J416,TDA,01/10/2027,Dívida Interna,2573.0,258483.58,0.00025848358,100.46
TDAD12J238,TDA,01/10/2027,Dívida Interna,11322.0,1143069.12,0.0011430691200000002,100.96000000000001
TDAD12J337,TDA,01/10/2027,Dívida Interna,2982.0,300317.22,0.00030031721999999997,100.71
TDAD12J413,TDA,01/10/2027,Dívida Interna,7213.0,724617.98,0.00072461798,100.46
TDAD13J237,TDA,01/10/2027,Dívida Interna,31471.0,3177312.16,0.00317731216,100.96000000000001
TDA27110300,TDA,01/11/2027,Dívida Interna,2171.0,218641.41,0.00021864141,100.71000000000001
TDAD08K417,TDA,01/11/2027,Dívida Interna,1148.0,115224.76,0.00011522475999999999,100.36999999999999
TDAD09K340,TDA,01/11/2027,Dívida Interna,2820.0,283522.8,0.0002835228,100.53999999999999
TDAD12K238,TDA,01/11/2027,Dívida Interna,19369.0,1950651.99,0.00195065199,100.71
TDAD12K337,TDA,01/11/2027,Dívida Interna,4110.0,413219.4,0.0004132194,100.54
TDA27120200,TDA,01/12/2027,Dívida Interna,14090.0,1414213.3,0.0014142133,100.37
TDA27120300,TDA,01/12/2027,Dívida Interna,47628.0,4784708.88,0.00478470888,100.46
TDAD07L418,TDA,01/12/2027,Dívida Interna,1854.0,185937.66,0.00018593766,100.29
TDAD11L338,TDA,01/12/2027,Dívida Interna,5634.0,565484.58,0.00056548458,100.36999999999999
TDAD11L414,TDA,01/12/2027,Dívida Interna,7454.0,747561.66,0.0007475616600000001,100.29
TDAD12L238,TDA,01/12/2027,Dívida Interna,20126.0,2021857.96,0.00202185796,100.46
TDAD12L337,TDA,01/12/2027,Dívida Interna,40459.0,4060869.83,0.00406086983,100.37
TDAD13L237,TDA,01/12/2027,Dívida Interna,11086.0,1113699.56,0.00111369956,100.46000000000001
TDAD13L336,TDA,01/12/2027,Dívida Interna,7901.0,793023.37,0.0007930233699999999,100.37
TDAE071278,TDA,01/12/2027,Dívida Interna,30361.0,3057656.31,0.0030576563100000002,100.71000000000001
TDAH071278,TDA,01/12/2027,Dívida Interna,3056.0,307769.76,0.00030776976,100.71000000000001
TDA28010300,TDA,01/01/2028,Dívida Interna,72.0,7431.12,7.43112e-06,103.21
TDA28030100,TDA,01/03/2028,Dívida Interna,19232.0,1943201.28,0.00194320128,101.04
TDA28030300,TDA,01/03/2028,Dívida Interna,4564.0,468768.44,0.00046876844,102.71
TDAD10C340,TDA,01/03/2028,Dívida Interna,1080.0,110030.4,0.00011003039999999999,101.88
TDAD10C416,TDA,01/03/2028,Dívida Interna,5601.0,565925.04,0.0005659250400000001,101.04
TDAD12C338,TDA,01/03/2028,Dívida Interna,32.0,3260.16,3.26016e-06,101.88
TDAE100376,TDA,01/03/2028,Dívida Interna,560.0,58923.2,5.89232e-05,105.22
TDA28040300,TDA,01/04/2028,Dívida Interna,808.0,82787.68,8.278768e-05,102.46
TDAD08D418,TDA,01/04/2028,Dívida Interna,2180.0,220092.8,0.0002200928,100.96
TDAD10D340,TDA,01/04/2028,Dívida Interna,7191.0,731396.61,0.00073139661,101.71
TDAD12D338,TDA,01/04/2028,Dívida Interna,3068.0,312046.28,0.00031204628000000003,101.71000000000001
TDAD12D414,TDA,01/04/2028,Dívida Interna,182.0,18374.72,1.837472e-05,100.96000000000001
TDA28050200,TDA,01/05/2028,Dívida Interna,1312.0,133220.48,0.00013322048,101.54
TDA28050300,TDA,01/05/2028,Dívida Interna,2006.0,205033.26,0.00020503326000000002,102.21000000000001
TDAD11E339,TDA,01/05/2028,Dívida Interna,3929.0,398950.66,0.00039895066,101.53999999999999
TDAD13E238,TDA,01/05/2028,Dívida Interna,2376.0,242850.96,0.00024285095999999998,102.21
TDA28060300,TDA,01/06/2028,Dívida Interna,94.0,9584.24,9.58424e-06,101.96
TDAD13F238,TDA,01/06/2028,Dívida Interna,3829.0,390404.84,0.00039040484,101.96000000000001
TDA28070200,TDA,01/07/2028,Dívida Interna,192.0,19432.32,1.9432319999999998e-05,101.21
TDA28070300,TDA,01/07/2028,Dívida Interna,11990.0,1219502.9,0.0012195029,101.71
TDAD10G340,TDA,01/07/2028,Dívida Interna,288.0,29148.48,2.914848e-05,101.21
TDAD11G339,TDA,01/07/2028,Dívida Interna,9393.0,950665.53,0.00095066553,101.21000000000001
TDAD11G415,TDA,01/07/2028,Dívida Interna,17740.0,1786595.4,0.0017865954,100.71
TDAD13G238,TDA,01/07/2028,Dívida Interna,340.0,34581.4,3.45814e-05,101.71000000000001
TDA28080100,TDA,01/08/2028,Dívida Interna,490.0,49303.8,4.93038e-05,100.62
TDA28080200,TDA,01/08/2028,Dívida Interna,5.0,505.2,5.051999999999999e-07,101.03999999999999
TDA28080300,TDA,01/08/2028,Dívida Interna,15665.0,1589370.9,0.0015893709,101.46
TDAD09H417,TDA,01/08/2028,Dívida Interna,98.0,9860.76,9.86076e-06,100.62
TDAD13H238,TDA,01/08/2028,Dívida Interna,258.0,26176.68,2.617668e-05,101.46000000000001
TDA28090300,TDA,01/09/2028,Dívida Interna,181.0,18319.01,1.831901e-05,101.21
TDAD09I417,TDA,01/09/2028,Dívida Interna,2219.0,223098.26,0.00022309826000000002,100.54
TDAD13I238,TDA,01/09/2028,Dívida Interna,537.0,54349.77,5.434977e-05,101.21
TDA28100200,TDA,01/10/2028,Dívida Interna,5764.0,580492.44,0.0005804924399999999,100.71
TDA28100300,TDA,01/10/2028,Dívida Interna,4653.0,469766.88,0.00046976688,100.96000000000001
TDAD09J417,TDA,01/10/2028,Dívida Interna,2473.0,248437.58,0.00024843757999999997,100.46
TDAD12J338,TDA,01/10/2028,Dívida Interna,3483.0,350772.93,0.00035077293,100.71
TDAD12J414,TDA,01/10/2028,Dívida Interna,7213.0,724617.98,0.00072461798,100.46
TDAD13J238,TDA,01/10/2028,Dívida Interna,31819.0,3212446.24,0.0032124462400000002,100.96000000000001
TDA28110300,TDA,01/11/2028,Dívida Interna,2178.0,219346.38,0.00021934638,100.71000000000001
TDAD08K418,TDA,01/11/2028,Dívida Interna,1108.0,111209.96,0.00011120996000000001,100.37
TDAD12K338,TDA,01/11/2028,Dívida Interna,4110.0,413219.4,0.0004132194,100.54
TDA28120200,TDA,01/12/2028,Dívida Interna,14090.0,1414213.3,0.0014142133,100.37
TDA28120300,TDA,01/12/2028,Dívida Interna,48307.0,4852921.22,0.00485292122,100.46
TDAD11L339,TDA,01/12/2028,Dívida Interna,5634.0,565484.58,0.00056548458,100.36999999999999
TDAD11L415,TDA,01/12/2028,Dívida Interna,6974.0,699422.46,0.00069942246,100.28999999999999
TDAD12L338,TDA,01/12/2028,Dívida Interna,40459.0,4060869.83,0.00406086983,100.37
TDAD13L238,TDA,01/12/2028,Dívida Interna,11177.0,1122841.42,0.00112284142,100.46
TDAD13L337,TDA,01/12/2028,Dívida Interna,7666.0,769436.42,0.00076943642,100.37
TDA29010300,TDA,01/01/2029,Dívida Interna,72.0,7431.12,7.43112e-06,103.21
TDA29030100,TDA,01/03/2029,Dívida Interna,17622.0,1780526.88,0.00178052688,101.03999999999999
TDA29030300,TDA,01/03/2029,Dívida Interna,4572.0,469590.12,0.00046959012,102.71
TDAD10C417,TDA,01/03/2029,Dívida Interna,5601.0,565925.04,0.0005659250400000001,101.04
TDAD12C339,TDA,01/03/2029,Dívida Interna,32.0,3260.16,3.26016e-06,101.88
TDAE100377,TDA,01/03/2029,Dívida Interna,991.0,104273.02,0.00010427302000000001,105.22
TDA29040300,TDA,01/04/2029,Dívida Interna,808.0,82787.68,8.278768e-05,102.46
TDAD12D339,TDA,01/04/2029,Dívida Interna,3068.0,312046.28,0.00031204628000000003,101.71000000000001
TDAD12D415,TDA,01/04/2029,Dívida Interna,182.0,18374.72,1.837472e-05,100.96000000000001
TDA29050200,TDA,01/05/2029,Dívida Interna,1312.0,133220.48,0.00013322048,101.54
TDA29050300,TDA,01/05/2029,Dívida Interna,1944.0,198696.24,0.00019869623999999999,102.21
TDAD11E340,TDA,01/05/2029,Dívida Interna,3940.0,400067.6,0.0004000676,101.53999999999999
TDA29060300,TDA,01/06/2029,Dívida Interna,95.0,9686.2,9.6862e-06,101.96000000000001
TDA29070200,TDA,01/07/2029,Dívida Interna,206.0,20849.26,2.0849259999999998e-05,101.21
TDA29070300,TDA,01/07/2029,Dívida Interna,11752.0,1195295.92,0.0011952959199999999,101.71
TDAD11G340,TDA,01/07/2029,Dívida Interna,9497.0,961191.37,0.00096119137,101.21
TDAD11G416,TDA,01/07/2029,Dívida Interna,17740.0,1786595.4,0.0017865954,100.71
TDA29080100,TDA,01/08/2029,Dívida Interna,490.0,49303.8,4.93038e-05,100.62
TDA29080200,TDA,01/08/2029,Dívida Interna,5.0,505.2,5.051999999999999e-07,101.03999999999999
TDA29080300,TDA,01/08/2029,Dívida Interna,14991.0,1520986.86,0.00152098686,101.46000000000001
TDAD09H418,TDA,01/08/2029,Dívida Interna,91.0,9156.42,9.15642e-06,100.62
TDAD09I418,TDA,01/09/2029,Dívida Interna,2254.0,226617.16,0.00022661716,100.54
TDA29100200,TDA,01/10/2029,Dívida Interna,5714.0,575456.94,0.0005754569399999999,100.71
TDA29100300,TDA,01/10/2029,Dívida Interna,1715.0,173146.4,0.0001731464,100.96
TDAD09J418,TDA,01/10/2029,Dívida Interna,2528.0,253962.88,0.00025396288,100.46000000000001
TDAD12J339,TDA,01/10/2029,Dívida Interna,3579.0,360441.09,0.00036044109000000005,100.71000000000001
TDAD12J415,TDA,01/10/2029,Dívida Interna,7213.0,724617.98,0.00072461798,100.46
TDA29110300,TDA,01/11/2029,Dívida Interna,1576.0,158718.96,0.00015871895999999998,100.71
TDAD12K339,TDA,01/11/2029,Dívida Interna,4110.0,413219.4,0.0004132194,100.54
TDA29120200,TDA,01/12/2029,Dívida Interna,14090.0,1414213.3,0.0014142133,100.37
TDA29120300,TDA,01/12/2029,Dívida Interna,14351.0,1441701.46,0.00144170146,100.46
TDAD11L340,TDA,01/12/2029,Dívida Interna,5677.0,569800.49,0.00056980049,100.37
TDAD11L416,TDA,01/12/2029,Dívida Interna,7009.0,702932.61,0.00070293261,100.28999999999999
TDAD12L339,TDA,01/12/2029,Dívida Interna,40459.0,4060869.83,0.00406086983,100.37
TDAD13L338,TDA,01/12/2029,Dívida Interna,7901.0,793023.37,0.0007930233699999999,100.37
TDA30010300,TDA,01/01/2030,Dívida Interna,72.0,7431.12,7.43112e-06,103.21
TDA30030100,TDA,01/03/2030,Dívida Interna,17486.0,1766785.44,0.0017667854399999999,101.03999999999999
TDA30030300,TDA,01/03/2030,Dívida Interna,4129.0,424089.59,0.00042408959,102.71000000000001
TDAD10C418,TDA,01/03/2030,Dívida Interna,5613.0,567137.52,0.00056713752,101.04
TDAD12C340,TDA,01/03/2030,Dívida Interna,39.0,3973.32,3.97332e-06,101.88000000000001
TDAE100378,TDA,01/03/2030,Dívida Interna,1026.0,107955.72,0.00010795572,105.22
TDA30040300,TDA,01/04/2030,Dívida Interna,808.0,82787.68,8.278768e-05,102.46
TDAD12D340,TDA,01/04/2030,Dívida Interna,3107.0,316012.97,0.00031601297,101.71
TDAD12D416,TDA,01/04/2030,Dívida Interna,182.0,18374.72,1.837472e-05,100.96000000000001
TDA30050200,TDA,01/05/2030,Dívida Interna,1312.0,133220.48,0.00013322048,101.54
TDA30050300,TDA,01/05/2030,Dívida Interna,1709.0,174676.89,0.00017467689000000001,102.21000000000001
TDA30070300,TDA,01/07/2030,Dívida Interna,6485.0,659589.35,0.0006595893499999999,101.71
TDAD11G417,TDA,01/07/2030,Dívida Interna,17740.0,1786595.4,0.0017865954,100.71
TDA30080100,TDA,01/08/2030,Dívida Interna,498.0,50108.76,5.010876e-05,100.62
TDA30080200,TDA,01/08/2030,Dívida Interna,7.0,707.28,7.0728e-07,101.03999999999999
TDA30080300,TDA,01/08/2030,Dívida Interna,11852.0,1202503.92,0.00120250392,101.46
TDA30100200,TDA,01/10/2030,Dívida Interna,5764.0,580492.44,0.0005804924399999999,100.71
TDA30100300,TDA,01/10/2030,Dívida Interna,457.0,46138.72,4.613872e-05,100.96000000000001
TDAD12J340,TDA,01/10/2030,Dívida Interna,3542.0,356714.82,0.00035671482000000003,100.71000000000001
TDAD12J416,TDA,01/10/2030,Dívida Interna,7213.0,724617.98,0.00072461798,100.46
TDA30110300,TDA,01/11/2030,Dívida Interna,725.0,73014.75,7.301475e-05,100.71
TDAD12K340,TDA,01/11/2030,Dívida Interna,3930.0,395122.2,0.0003951222,100.54
TDA30120200,TDA,01/12/2030,Dívida Interna,14090.0,1414213.3,0.0014142133,100.37
TDA30120300,TDA,01/12/2030,Dívida Interna,12984.0,1304372.64,0.0013043726399999999,100.46
TDAD11L417,TDA,01/12/2030,Dívida Interna,7071.0,709150.59,0.00070915059,100.28999999999999
TDAD12L340,TDA,01/12/2030,Dívida Interna,40575.0,4072512.75,0.00407251275,100.37
TDAD13L339,TDA,01/12/2030,Dívida Interna,7901.0,793023.37,0.0007930233699999999,100.37
TDA31010300,TDA,01/01/2031,Dívida Interna,72.0,7431.12,7.43112e-06,103.21
TDA31030300,TDA,01/03/2031,Dívida Interna,3892.0,399747.32,0.00039974732,102.71000000000001
TDA31040300,TDA,01/04/2031,Dívida Interna,816.0,83607.36,8.360736e-05,102.46
TDAD12D417,TDA,01/04/2031,Dívida Interna,182.0,18374.72,1.837472e-05,100.96000000000001
TDA31050200,TDA,01/05/2031,Dívida Interna,1312.0,133220.48,0.00013322048,101.54
TDA31050300,TDA,01/05/2031,Dívida Interna,1709.0,174676.89,0.00017467689000000001,102.21000000000001
TDA31070300,TDA,01/07/2031,Dívida Interna,132.0,13425.72,1.3425719999999999e-05,101.71
TDAD11G418,TDA,01/07/2031,Dívida Interna,17770.0,1789616.7,0.0017896167,100.71
TDA31080300,TDA,01/08/2031,Dívida Interna,11155.0,1131786.3,0.0011317863,101.46000000000001
TDA31100200,TDA,01/10/2031,Dívida Interna,5764.0,580492.44,0.0005804924399999999,100.71
TDAD12J417,TDA,01/10/2031,Dívida Interna,7213.0,724617.98,0.00072461798,100.46
TDA31110300,TDA,01/11/2031,Dívida Interna,815.0,82078.65,8.207865e-05,100.71
TDA31120200,TDA,01/12/2031,Dívida Interna,14098.0,1415016.26,0.00141501626,100.37
TDA31120300,TDA,01/12/2031,Dívida Interna,6698.0,672881.08,0.00067288108,100.46
TDAD11L418,TDA,01/12/2031,Dívida Interna,6514.0,653289.06,0.00065328906,100.29
TDAD13L340,TDA,01/12/2031,Dívida Interna,7912.0,794127.44,0.0007941274399999999,100.36999999999999
TDAD12D418,TDA,01/04/2032,Dívida Interna,185.0,18677.6,1.86776e-05,100.96
TDA32050200,TDA,01/05/2032,Dívida Interna,1312.0,133220.48,0.00013322048,101.54
TDA32050300,TDA,01/05/2032,Dívida Interna,1715.0,175290.15,0.00017529015,102.21
TDA32080300,TDA,01/08/2032,Dívida Interna,267.0,27089.82,2.708982e-05,101.46
TDA32100200,TDA,01/10/2032,Dívida Interna,5779.0,582003.09,0.00058200309,100.71
TDAD12J418,TDA,01/10/2032,Dívida Interna,7233.0,726627.18,0.00072662718,100.46000000000001
TDA32120300,TDA,01/12/2032,Dívida Interna,6745.0,677602.7,0.0006776026999999999,100.46
TDA33050200,TDA,01/05/2033,Dívida Interna,1312.0,133220.48,0.00013322048,101.54
TDA33080300,TDA,01/08/2033,Dívida Interna,279.0,28307.34,2.830734e-05,101.46
TDA33120300,TDA,01/12/2033,Dívida Interna,977.0,98149.42,9.814942e-05,100.46
TDA34050200,TDA,01/05/2034,Dívida Interna,1312.0,133220.48,0.00013322048,101.54
TDA34120300,TDA,01/12/2034,Dívida Interna,977.0,98149.42,9.814942e-05,100.46
TDA35050200,TDA,01/05/2035,Dívida Interna,1316.0,133626.64,0.00013362664000000002,101.54
