Titulo,Familia,Vencimento,Tipo_Divida,Ano,Tipo_Resgate,Quantidade,Valor_R$,Valor_R$_bi,Fonte
LFT 010322,LFT,01/03/2022,Dívida Interna,2022,Vencimento,23577623.0,268889685094.07,268.88968509407,Vencimento (estoque Mercado — última posição)
TDA22090300,TDA,01/09/2022,Dívida Interna,2022,Vencimento,869.0,89089.88,8.908988000000001e-05,Vencimento (estoque Mercado — última posição)
TDAD06J337,TDA,01/10/2021,Dívida Interna,2021,Vencimento,7298.0,734105.82,0.00073410582,Vencimento (estoque Mercado — última posição)
TDAD06K337,TDA,01/11/2021,Dívida Interna,2021,Vencimento,11490.0,1155894.0,0.001155894,Vencimento (estoque Mercado — última posição)
TDAJ12EC17,TDA,01/05/2021,Dívida Interna,2021,Vencimento,2765.0,280868.7,0.0002808687,Vencimento (estoque Mercado — última posição)
TDAJ11LC18,TDA,01/12/2021,Dívida Interna,2021,Vencimento,218.0,22144.44,2.214444e-05,Vencimento (estoque Mercado — última posição)
TDAJ10DC18,TDA,01/04/2020,Dívida Interna,2020,Vencimento,151.0,15335.56,1.533556e-05,Vencimento (estoque Mercado — última posição)
Global 2021,Global,22/01/2021,Dívida Externa,2021,Vencimento,2713192.0,14405747187.84,14.40574718784,Vencimento (estoque Mercado — última posição)
ECTN 0009,ECTN,01/09/2020,Dívida Interna,2020,Vencimento,21093.0,91757081.16,0.09175708115999999,Vencimento (estoque Mercado — última posição)
TDAD09H234,TDA,01/08/2020,Dívida Interna,2020,Vencimento,472.0,47941.04,4.7941040000000003e-05,Vencimento (estoque Mercado — última posição)
TDAD09H334,TDA,01/08/2021,Dívida Interna,2021,Vencimento,8861.0,891416.6,0.0008914166,Vencimento (estoque Mercado — última posição)
TDAD09I409,TDA,01/09/2020,Dívida Interna,2020,Vencimento,2219.0,221034.59,0.00022103459,Vencimento (estoque Mercado — última posição)
TDA22120300,TDA,01/12/2022,Dívida Interna,2022,Vencimento,50431.0,5193888.69,0.0051938886900000005,Vencimento (estoque Mercado — última posição)
TDA20050300,TDA,01/05/2020,Dívida Interna,2020,Vencimento,3617.0,367342.52,0.00036734252000000003,Vencimento (estoque Mercado — última posição)
TDAD05K413,TDA,01/11/2020,Dívida Interna,2020,Vencimento,17307.0,1723950.27,0.00172395027,Vencimento (estoque Mercado — última posição)
TDAD05L339,TDA,01/12/2022,Dívida Interna,2022,Vencimento,1696.0,172975.04,0.00017297504000000002,Vencimento (estoque Mercado — última posição)
TDAD06D337,TDA,01/04/2021,Dívida Interna,2021,Vencimento,13735.0,1381741.0,0.001381741,Vencimento (estoque Mercado — última posição)
TDAJ10LC18,TDA,01/12/2020,Dívida Interna,2020,Vencimento,1408.0,143024.64,0.00014302464000000002,Vencimento (estoque Mercado — última posição)
TDAJ11IC18,TDA,01/09/2021,Dívida Interna,2021,Vencimento,2863.0,290823.54,0.00029082353999999996,Vencimento (estoque Mercado — última posição)
NTN-P 010121-010105,NTN-P,01/01/2021,Dívida Interna,2021,Vencimento,38438914.0,114750536.79,0.11475053679000001,Vencimento (estoque Mercado — última posição)
NTN-I 151222,NTN-I,15/12/2022,Dívida Interna,2022,Vencimento,4386680.0,46500799.55,0.04650079955,Vencimento (estoque Mercado — última posição)
TDA21020300,TDA,01/02/2021,Dívida Interna,2021,Vencimento,13.0,1320.54,1.32054e-06,Vencimento (estoque Mercado — última posição)
TDA19030300,TDA,01/03/2019,Dívida Interna,2019,Vencimento,4560.0,463113.6,0.00046311359999999996,Vencimento (estoque Mercado — última posição)
TDA21070300,TDA,01/07/2021,Dívida Interna,2021,Vencimento,11998.0,1218756.84,0.00121875684,Vencimento (estoque Mercado — última posição)
TDAD05K238,TDA,01/11/2020,Dívida Interna,2020,Vencimento,6051.0,614660.58,0.0006146605799999999,Vencimento (estoque Mercado — última posição)
TDAJ11LA17,TDA,01/12/2020,Dívida Interna,2020,Vencimento,4782.0,476335.02,0.00047633502,Vencimento (estoque Mercado — última posição)
TDAD12L330,TDA,01/12/2020,Dívida Interna,2020,Vencimento,40459.0,4069770.81,0.00406977081,Vencimento (estoque Mercado — última posição)
ECTN 0108,ECTN,01/08/2021,Dívida Interna,2021,Vencimento,11788.0,61618823.0,0.061618823,Vencimento (estoque Mercado — última posição)
TDAD07H336,TDA,01/08/2021,Dívida Interna,2021,Vencimento,196.0,19717.6,1.97176e-05,Vencimento (estoque Mercado — última posição)
TDAD07H411,TDA,01/08/2020,Dívida Interna,2020,Vencimento,1856.0,184857.6,0.0001848576,Vencimento (estoque Mercado — última posição)
TDAD07I238,TDA,01/09/2022,Dívida Interna,2022,Vencimento,4042.0,414385.84,0.00041438584000000003,Vencimento (estoque Mercado — última posição)
TDAD07I337,TDA,01/09/2022,Dívida Interna,2022,Vencimento,1131.0,113778.6,0.00011377860000000001,Vencimento (estoque Mercado — última posição)
TDAD07L238,TDA,01/12/2022,Dívida Interna,2022,Vencimento,18240.0,1878537.6,0.0018785376,Vencimento (estoque Mercado — última posição)
TDAD07L411,TDA,01/12/2020,Dívida Interna,2020,Vencimento,1794.0,178700.34,0.00017870034,Vencimento (estoque Mercado — última posição)
TDAD07L412,TDA,01/12/2021,Dívida Interna,2021,Vencimento,1790.0,178301.9,0.0001783019,Vencimento (estoque Mercado — última posição)
TDAD11L333,TDA,01/12/2022,Dívida Interna,2022,Vencimento,5634.0,574611.66,0.00057461166,Vencimento (estoque Mercado — última posição)
TDA20080200,TDA,01/08/2020,Dívida Interna,2020,Vencimento,5.0,502.95,5.0295e-07,Vencimento (estoque Mercado — última posição)
TDAD06L338,TDA,01/12/2022,Dívida Interna,2022,Vencimento,2449.0,249773.51,0.00024977351000000003,Vencimento (estoque Mercado — última posição)
TDAD07C238,TDA,01/03/2022,Dívida Interna,2022,Vencimento,5348.0,543624.2,0.0005436242,Vencimento (estoque Mercado — última posição)
TDAD07D236,TDA,01/04/2020,Dívida Interna,2020,Vencimento,1869.0,189815.64,0.00018981564000000002,Vencimento (estoque Mercado — última posição)
TDAD07D238,TDA,01/04/2022,Dívida Interna,2022,Vencimento,1968.0,200283.36,0.00020028336,Vencimento (estoque Mercado — última posição)
TDAD07D413,TDA,01/04/2022,Dívida Interna,2022,Vencimento,8.0,798.32,7.983200000000001e-07,Vencimento (estoque Mercado — última posição)
TDAD07E336,TDA,01/05/2021,Dívida Interna,2021,Vencimento,247.0,24845.73,2.484573e-05,Vencimento (estoque Mercado — última posição)
TDAD12C330,TDA,01/03/2020,Dívida Interna,2020,Vencimento,32.0,3219.2,3.2192e-06,Vencimento (estoque Mercado — última posição)
TDAD12C331,TDA,01/03/2021,Dívida Interna,2021,Vencimento,32.0,3218.56,3.21856e-06,Vencimento (estoque Mercado — última posição)
TDAD12K232,TDA,01/11/2021,Dívida Interna,2021,Vencimento,19814.0,2012706.12,0.00201270612,Vencimento (estoque Mercado — última posição)
ECTN 0102,ECTN,01/02/2021,Dívida Interna,2021,Vencimento,2160.0,10502179.2,0.0105021792,Vencimento (estoque Mercado — última posição)
ECTN 0207,ECTN,01/07/2022,Dívida Interna,2022,Vencimento,121293.0,645361239.24,0.64536123924,Vencimento (estoque Mercado — última posição)
ECTN 0204,ECTN,01/04/2022,Dívida Interna,2022,Vencimento,9683.0,51709543.92,0.05170954392,Vencimento (estoque Mercado — última posição)
ECTN 0205,ECTN,01/05/2022,Dívida Interna,2022,Vencimento,11649.0,62767724.25,0.06276772425,Vencimento (estoque Mercado — última posição)
TDAD09K234,TDA,01/11/2020,Dívida Interna,2020,Vencimento,2865.0,291026.7,0.0002910267,Vencimento (estoque Mercado — última posição)
TDAD10A234,TDA,01/01/2021,Dívida Interna,2021,Vencimento,124.0,12595.92,1.259592e-05,Vencimento (estoque Mercado — última posição)
TDAD10B235,TDA,01/02/2022,Dívida Interna,2022,Vencimento,37.0,3762.16,3.76216e-06,Vencimento (estoque Mercado — última posição)
TDAD10C409,TDA,01/03/2021,Dívida Interna,2021,Vencimento,5601.0,557859.6,0.0005578596,Vencimento (estoque Mercado — última posição)
TDAD10C410,TDA,01/03/2022,Dívida Interna,2022,Vencimento,5601.0,558363.69,0.0005583636899999999,Vencimento (estoque Mercado — última posição)
TDA20010300,TDA,01/01/2020,Dívida Interna,2020,Vencimento,2628.0,294912.88,0.00029491288,Vencimento (estoque Mercado — última posição)
TDAD06E238,TDA,01/05/2021,Dívida Interna,2021,Vencimento,5900.0,599322.0,0.000599322,Vencimento (estoque Mercado — última posição)
TDAD06F337,TDA,01/06/2021,Dívida Interna,2021,Vencimento,8598.0,864958.8,0.0008649588,Vencimento (estoque Mercado — última posição)
TDAD06G336,TDA,01/07/2020,Dívida Interna,2020,Vencimento,3817.0,383913.86,0.00038391386,Vencimento (estoque Mercado — última posição)
TDAD06H237,TDA,01/08/2020,Dívida Interna,2020,Vencimento,20065.0,2038002.05,0.00203800205,Vencimento (estoque Mercado — última posição)
TDAD06H238,TDA,01/08/2021,Dívida Interna,2021,Vencimento,20149.0,2046735.42,0.00204673542,Vencimento (estoque Mercado — última posição)
TDAD11C233,TDA,01/03/2021,Dívida Interna,2021,Vencimento,473.0,48037.88,4.8037879999999995e-05,Vencimento (estoque Mercado — última posição)
ECTN 0008,ECTN,01/08/2020,Dívida Interna,2020,Vencimento,9556.0,41429464.64,0.041429464640000004,Vencimento (estoque Mercado — última posição)
ECTN 0010,ECTN,01/10/2020,Dívida Interna,2020,Vencimento,66024.0,296092550.88,0.29609255087999997,Vencimento (estoque Mercado — última posição)
ECTN 0203,ECTN,01/03/2022,Dívida Interna,2022,Vencimento,35670.0,187459047.9,0.1874590479,Vencimento (estoque Mercado — última posição)
TDAD09J236,TDA,01/10/2022,Dívida Interna,2022,Vencimento,157.0,16123.9,1.61239e-05,Vencimento (estoque Mercado — última posição)
TDAD09K236,TDA,01/11/2022,Dívida Interna,2022,Vencimento,2865.0,294665.25,0.00029466525,Vencimento (estoque Mercado — última posição)
TDAD10A235,TDA,01/01/2022,Dívida Interna,2022,Vencimento,124.0,12602.12,1.260212e-05,Vencimento (estoque Mercado — última posição)
TDA21100200,TDA,01/10/2021,Dívida Interna,2021,Vencimento,5764.0,579800.76,0.00057980076,Vencimento (estoque Mercado — última posição)
TDA22100200,TDA,01/10/2022,Dívida Interna,2022,Vencimento,5764.0,586198.8,0.0005861988000000001,Vencimento (estoque Mercado — última posição)
TDA22030100,TDA,01/03/2022,Dívida Interna,2022,Vencimento,18253.0,1819641.57,0.00181964157,Vencimento (estoque Mercado — última posição)
TDAD06E337,TDA,01/05/2021,Dívida Interna,2021,Vencimento,5051.0,508080.09,0.00050808009,Vencimento (estoque Mercado — última posição)
ECTN 0208,ECTN,01/08/2022,Dívida Interna,2022,Vencimento,18980.0,99308484.6,0.0993084846,Vencimento (estoque Mercado — última posição)
ECTN 0206,ECTN,01/06/2022,Dívida Interna,2022,Vencimento,51918.0,278872864.38,0.27887286438,Vencimento (estoque Mercado — última posição)
ECTN 0209,ECTN,01/09/2022,Dívida Interna,2022,Vencimento,28635.0,145390489.95,0.14539048994999998,Vencimento (estoque Mercado — última posição)
ECTN 0212,ECTN,01/12/2022,Dívida Interna,2022,Vencimento,66744.0,295419623.04,0.29541962304,Vencimento (estoque Mercado — última posição)
NTN-I 150521,NTN-I,15/05/2021,Dívida Interna,2021,Vencimento,6542900.0,66417370.47,0.06641737047,Vencimento (estoque Mercado — última posição)
TDAD08G336,TDA,01/07/2022,Dívida Interna,2022,Vencimento,1238.0,125186.56,0.00012518656,Vencimento (estoque Mercado — última posição)
TDAD08H236,TDA,01/08/2021,Dívida Interna,2021,Vencimento,678.0,68871.24,6.887124e-05,Vencimento (estoque Mercado — última posição)
TDAD08K335,TDA,01/11/2021,Dívida Interna,2021,Vencimento,169.0,17001.4,1.7001400000000003e-05,Vencimento (estoque Mercado — última posição)
TDAD12D407,TDA,01/04/2021,Dívida Interna,2021,Vencimento,182.0,18129.02,1.812902e-05,Vencimento (estoque Mercado — última posição)
TDAD12J332,TDA,01/10/2022,Dívida Interna,2022,Vencimento,2961.0,301133.7,0.0003011337,Vencimento (estoque Mercado — última posição)
TDA20110600,TDA,01/11/2020,Dívida Interna,2020,Vencimento,14721.0,1538933.34,0.00153893334,Vencimento (estoque Mercado — última posição)
LTN 011020,LTN,01/10/2020,Dívida Interna,2020,Vencimento,92136971.0,92116255844.81,92.11625584481,Vencimento (estoque Mercado — última posição)
TDAD07F337,TDA,01/06/2022,Dívida Interna,2022,Vencimento,9794.0,989096.06,0.00098909606,Vencimento (estoque Mercado — última posição)
TDAD13G230,TDA,01/07/2020,Dívida Interna,2020,Vencimento,329.0,33416.53,3.3416529999999996e-05,Vencimento (estoque Mercado — última posição)
NTN-I 150720,NTN-I,15/07/2020,Dívida Interna,2020,Vencimento,7468734.0,74622959.51,0.07462295951,Vencimento (estoque Mercado — última posição)
NTN-I 151120,NTN-I,15/11/2020,Dívida Interna,2020,Vencimento,6587277.0,70658051.26,0.07065805126000001,Vencimento (estoque Mercado — última posição)
TDAD10E233,TDA,01/05/2020,Dívida Interna,2020,Vencimento,11283.0,1145901.48,0.00114590148,Vencimento (estoque Mercado — última posição)
TDAD10H235,TDA,01/08/2022,Dívida Interna,2022,Vencimento,532.0,54418.28,5.441828e-05,Vencimento (estoque Mercado — última posição)
TDAD06I337,TDA,01/09/2021,Dívida Interna,2021,Vencimento,19732.0,1985039.2,0.0019850392,Vencimento (estoque Mercado — última posição)
TDAD06J414,TDA,01/10/2022,Dívida Interna,2022,Vencimento,10164.0,1023616.44,0.00102361644,Vencimento (estoque Mercado — última posição)
TDAD06K237,TDA,01/11/2020,Dívida Interna,2020,Vencimento,10109.0,1026872.22,0.00102687222,Vencimento (estoque Mercado — última posição)
TDAD06K412,TDA,01/11/2020,Dívida Interna,2020,Vencimento,4678.0,465975.58,0.00046597558,Vencimento (estoque Mercado — última posição)
TDAD06K413,TDA,01/11/2021,Dívida Interna,2021,Vencimento,4678.0,465975.58,0.00046597558,Vencimento (estoque Mercado — última posição)
TDAD06K414,TDA,01/11/2022,Dívida Interna,2022,Vencimento,4678.0,471776.3,0.00047177629999999997,Vencimento (estoque Mercado — última posição)
TDAD07B336,TDA,01/02/2021,Dívida Interna,2021,Vencimento,5160.0,519096.0,0.000519096,Vencimento (estoque Mercado — última posição)
TDAD12C233,TDA,01/03/2022,Dívida Interna,2022,Vencimento,870.0,88435.5,8.84355e-05,Vencimento (estoque Mercado — última posição)
TDAD12C332,TDA,01/03/2022,Dívida Interna,2022,Vencimento,32.0,3221.44,3.22144e-06,Vencimento (estoque Mercado — última posição)
TDAD09J333,TDA,01/10/2020,Dívida Interna,2020,Vencimento,110.0,11064.9,1.10649e-05,Vencimento (estoque Mercado — última posição)
TDAD11J234,TDA,01/10/2022,Dívida Interna,2022,Vencimento,605.0,62133.5,6.21335e-05,Vencimento (estoque Mercado — última posição)
ECTN 0011,ECTN,01/11/2020,Dívida Interna,2020,Vencimento,45654.0,210714210.84,0.21071421084,Vencimento (estoque Mercado — última posição)
ECTN 0201,ECTN,01/01/2022,Dívida Interna,2022,Vencimento,57515.0,292742722.75,0.29274272275,Vencimento (estoque Mercado — última posição)
TDAD10D234,TDA,01/04/2021,Dívida Interna,2021,Vencimento,20028.0,2034444.24,0.00203444424,Vencimento (estoque Mercado — última posição)
TDAD10D334,TDA,01/04/2022,Dívida Interna,2022,Vencimento,7315.0,737205.7,0.0007372056999999999,Vencimento (estoque Mercado — última posição)
TDAD10E235,TDA,01/05/2022,Dívida Interna,2022,Vencimento,11283.0,1148722.23,0.00114872223,Vencimento (estoque Mercado — última posição)
TDAD10F234,TDA,01/06/2021,Dívida Interna,2021,Vencimento,89.0,9040.62,9.040620000000001e-06,Vencimento (estoque Mercado — última posição)
TDAD10G234,TDA,01/07/2021,Dívida Interna,2021,Vencimento,3109.0,315812.22,0.00031581222,Vencimento (estoque Mercado — última posição)
LFT 010921,LFT,01/09/2021,Dívida Interna,2021,Vencimento,21310802.0,234025387940.5,234.0253879405,Vencimento (estoque Mercado — última posição)
TDA20090600,TDA,01/09/2020,Dívida Interna,2020,Vencimento,981.0,102553.74,0.00010255374,Vencimento (estoque Mercado — última posição)
TDAD06H414,TDA,01/08/2022,Dívida Interna,2022,Vencimento,595.0,59684.45,5.968445e-05,Vencimento (estoque Mercado — última posição)
TDAD06J238,TDA,01/10/2021,Dívida Interna,2021,Vencimento,17778.0,1805889.24,0.0018058892399999999,Vencimento (estoque Mercado — última posição)
TDAD06I338,TDA,01/09/2022,Dívida Interna,2022,Vencimento,19655.0,1995572.15,0.00199557215,Vencimento (estoque Mercado — última posição)
TDAD10L235,TDA,01/12/2022,Dívida Interna,2022,Vencimento,137.0,14109.63,1.410963e-05,Vencimento (estoque Mercado — última posição)
TDAD12L232,TDA,01/12/2021,Dívida Interna,2021,Vencimento,26866.0,2729048.28,0.0027290482799999997,Vencimento (estoque Mercado — última posição)
TDAD12L233,TDA,01/12/2022,Dívida Interna,2022,Vencimento,19941.0,2053723.59,0.00205372359,Vencimento (estoque Mercado — última posição)
NTN-I 150821,NTN-I,15/08/2021,Dívida Interna,2021,Vencimento,5324316.0,52040806.98,0.05204080698,Vencimento (estoque Mercado — última posição)
NTN-I 150822,NTN-I,15/08/2022,Dívida Interna,2022,Vencimento,4684388.0,48003514.3,0.048003514299999994,Vencimento (estoque Mercado — última posição)
ECTN 0012,ECTN,01/12/2020,Dívida Interna,2020,Vencimento,271718.0,1290905046.2,1.2909050462,Vencimento (estoque Mercado — última posição)
TDAD09J234,TDA,01/10/2020,Dívida Interna,2020,Vencimento,157.0,15948.06,1.5948059999999998e-05,Vencimento (estoque Mercado — última posição)
TDAD09J235,TDA,01/10/2021,Dívida Interna,2021,Vencimento,157.0,15948.06,1.5948059999999998e-05,Vencimento (estoque Mercado — última posição)
TDAE041274,TDA,01/12/2020,Dívida Interna,2020,Vencimento,5885.0,615159.05,0.00061515905,Vencimento (estoque Mercado — última posição)
TDAE041276,TDA,01/12/2022,Dívida Interna,2022,Vencimento,5885.0,623692.3,0.0006236923,Vencimento (estoque Mercado — última posição)
TDAE070971,TDA,01/09/2020,Dívida Interna,2020,Vencimento,12035.0,1258138.9,0.0012581388999999999,Vencimento (estoque Mercado — última posição)
TDAD07L337,TDA,01/12/2022,Dívida Interna,2022,Vencimento,11809.0,1204399.91,0.00120439991,Vencimento (estoque Mercado — última posição)
TDAD08C235,TDA,01/03/2020,Dívida Interna,2020,Vencimento,646.0,65620.68,6.562067999999999e-05,Vencimento (estoque Mercado — última posição)
TDAD08D334,TDA,01/04/2020,Dívida Interna,2020,Vencimento,2744.0,276018.96,0.00027601896,Vencimento (estoque Mercado — última posição)
TDAD12I231,TDA,01/09/2020,Dívida Interna,2020,Vencimento,1839.0,186805.62,0.00018680562,Vencimento (estoque Mercado — última posição)
TDAD09J409,TDA,01/10/2020,Dívida Interna,2020,Vencimento,2573.0,256296.53,0.00025629653,Vencimento (estoque Mercado — última posição)
TDAJ12HC16,TDA,01/08/2020,Dívida Interna,2020,Vencimento,690.0,70083.3,7.008330000000001e-05,Vencimento (estoque Mercado — última posição)
TDAD10J235,TDA,01/10/2022,Dívida Interna,2022,Vencimento,478.0,49090.6,4.90906e-05,Vencimento (estoque Mercado — última posição)
TDAD11F234,TDA,01/06/2022,Dívida Interna,2022,Vencimento,9520.0,970849.6,0.0009708496,Vencimento (estoque Mercado — última posição)
TDAD11G234,TDA,01/07/2022,Dívida Interna,2022,Vencimento,37155.0,3793897.05,0.00379389705,Vencimento (estoque Mercado — última posição)
TDAD11G331,TDA,01/07/2020,Dívida Interna,2020,Vencimento,9393.0,944747.94,0.0009447479399999999,Vencimento (estoque Mercado — última posição)
NTN-B 150521,NTN-B,15/05/2021,Dívida Interna,2021,Vencimento,22074104.0,79785904445.38,79.78590444538,Vencimento (estoque Mercado — última posição)
TDA20120100,TDA,01/12/2020,Dívida Interna,2020,Vencimento,2034.0,202606.74,0.00020260674,Vencimento (estoque Mercado — última posição)
TDA21090300,TDA,01/09/2021,Dívida Interna,2021,Vencimento,1103.0,112042.74,0.00011204274,Vencimento (estoque Mercado — última posição)
TDA20060600,TDA,01/06/2020,Dívida Interna,2020,Vencimento,21664.0,2264754.56,0.0022647545600000003,Vencimento (estoque Mercado — última posição)
TDAD07F237,TDA,01/06/2021,Dívida Interna,2021,Vencimento,20620.0,2094579.6,0.0020945796000000003,Vencimento (estoque Mercado — última posição)
TDAD07H236,TDA,01/08/2020,Dívida Interna,2020,Vencimento,6024.0,611857.68,0.00061185768,Vencimento (estoque Mercado — última posição)
NTN-I 150921,NTN-I,15/09/2021,Dívida Interna,2021,Vencimento,6357642.0,63217213.22,0.06321721322,Vencimento (estoque Mercado — última posição)
TDAD10J234,TDA,01/10/2021,Dívida Interna,2021,Vencimento,478.0,48555.24,4.8555239999999995e-05,Vencimento (estoque Mercado — última posição)
TDAD11E234,TDA,01/05/2022,Dívida Interna,2022,Vencimento,12500.0,1272625.0,0.001272625,Vencimento (estoque Mercado — última posição)
TDAD11E332,TDA,01/05/2021,Dívida Interna,2021,Vencimento,3929.0,395218.11,0.00039521810999999996,Vencimento (estoque Mercado — última posição)
TDAD11G332,TDA,01/07/2021,Dívida Interna,2021,Vencimento,9393.0,944841.87,0.00094484187,Vencimento (estoque Mercado — última posição)
TDA21030600,TDA,01/03/2021,Dívida Interna,2021,Vencimento,96711.0,10105332.39,0.010105332390000001,Vencimento (estoque Mercado — última posição)
TDAD07C237,TDA,01/03/2021,Dívida Interna,2021,Vencimento,5164.0,524455.84,0.00052445584,Vencimento (estoque Mercado — última posição)
TDAD07D336,TDA,01/04/2021,Dívida Interna,2021,Vencimento,3846.0,386907.6,0.00038690759999999996,Vencimento (estoque Mercado — última posição)
TDAD07F336,TDA,01/06/2021,Dívida Interna,2021,Vencimento,10036.0,1009621.6,0.0010096216,Vencimento (estoque Mercado — última posição)
TDAH090355,TDA,01/03/2021,Dívida Interna,2021,Vencimento,1026.0,107206.74,0.00010720674,Vencimento (estoque Mercado — última posição)
TDAD13E231,TDA,01/05/2021,Dívida Interna,2021,Vencimento,2364.0,240135.12,0.00024013512,Vencimento (estoque Mercado — última posição)
TDAD13F231,TDA,01/06/2021,Dívida Interna,2021,Vencimento,3917.0,397888.86,0.00039788886,Vencimento (estoque Mercado — última posição)
TDAD05I338,TDA,01/09/2021,Dívida Interna,2021,Vencimento,5649.0,568289.4,0.0005682894000000001,Vencimento (estoque Mercado — última posição)
TDAD05I339,TDA,01/09/2022,Dívida Interna,2022,Vencimento,5566.0,565115.98,0.00056511598,Vencimento (estoque Mercado — última posição)
TDAD05I413,TDA,01/09/2020,Dívida Interna,2020,Vencimento,246.0,24504.06,2.4504060000000002e-05,Vencimento (estoque Mercado — última posição)
TDAD05J415,TDA,01/10/2022,Dívida Interna,2022,Vencimento,1491.0,150158.61,0.00015015860999999998,Vencimento (estoque Mercado — última posição)
TDAE071271,TDA,01/12/2020,Dívida Interna,2020,Vencimento,32930.0,3442172.9,0.0034421728999999997,Vencimento (estoque Mercado — última posição)
TDAE100369,TDA,01/03/2021,Dívida Interna,2021,Vencimento,991.0,103549.59,0.00010354959,Vencimento (estoque Mercado — última posição)
TDAD08F335,TDA,01/06/2021,Dívida Interna,2021,Vencimento,287.0,28872.2,2.88722e-05,Vencimento (estoque Mercado — última posição)
TDAD08G236,TDA,01/07/2021,Dívida Interna,2021,Vencimento,11709.0,1189400.22,0.00118940022,Vencimento (estoque Mercado — última posição)
TDAD08G335,TDA,01/07/2021,Dívida Interna,2021,Vencimento,1096.0,110246.64,0.00011024664,Vencimento (estoque Mercado — última posição)
TDAD08H235,TDA,01/08/2020,Dívida Interna,2020,Vencimento,678.0,68864.46,6.886446e-05,Vencimento (estoque Mercado — última posição)
TDAD00K418,TDA,01/11/2020,Dívida Interna,2020,Vencimento,1301.0,129592.61,0.00012959261,Vencimento (estoque Mercado — última posição)
TDAD02H417,TDA,01/08/2021,Dívida Interna,2021,Vencimento,3250.0,323732.5,0.0003237325,Vencimento (estoque Mercado — última posição)
TDAD11L409,TDA,01/12/2022,Dívida Interna,2022,Vencimento,7436.0,750961.64,0.00075096164,Vencimento (estoque Mercado — última posição)
TDAD07H337,TDA,01/08/2022,Dívida Interna,2022,Vencimento,196.0,19854.8,1.98548e-05,Vencimento (estoque Mercado — última posição)
TDAD07K335,TDA,01/11/2020,Dívida Interna,2020,Vencimento,9510.0,956706.0,0.000956706,Vencimento (estoque Mercado — última posição)
TDAJ11AC18,TDA,01/01/2021,Dívida Interna,2021,Vencimento,296.0,30067.68,3.006768e-05,Vencimento (estoque Mercado — última posição)
TDAD13H232,TDA,01/08/2022,Dívida Interna,2022,Vencimento,239.0,24447.31,2.4447310000000003e-05,Vencimento (estoque Mercado — última posição)
TDAD01A418,TDA,01/01/2021,Dívida Interna,2021,Vencimento,155.0,15439.55,1.543955e-05,Vencimento (estoque Mercado — última posição)
TDAD07K238,TDA,01/11/2022,Dívida Interna,2022,Vencimento,14302.0,1470960.7,0.0014709607,Vencimento (estoque Mercado — última posição)
TDAD07L236,TDA,01/12/2020,Dívida Interna,2020,Vencimento,18540.0,1883293.2,0.0018832932,Vencimento (estoque Mercado — última posição)
TDAD12A232,TDA,01/01/2021,Dívida Interna,2021,Vencimento,503.0,51094.74,5.109474e-05,Vencimento (estoque Mercado — última posição)
TDAD11D233,TDA,01/04/2021,Dívida Interna,2021,Vencimento,186.0,18893.88,1.889388e-05,Vencimento (estoque Mercado — última posição)
TDAD13I232,TDA,01/09/2022,Dívida Interna,2022,Vencimento,515.0,52797.8,5.2797800000000005e-05,Vencimento (estoque Mercado — última posição)
TDAD02I340,TDA,01/09/2020,Dívida Interna,2020,Vencimento,1612.0,162167.2,0.00016216720000000002,Vencimento (estoque Mercado — última posição)
TDAD03I339,TDA,01/09/2020,Dívida Interna,2020,Vencimento,2291.0,230474.6,0.0002304746,Vencimento (estoque Mercado — última posição)
TDAD03K340,TDA,01/11/2021,Dívida Interna,2021,Vencimento,1291.0,129874.6,0.0001298746,Vencimento (estoque Mercado — última posição)
TDAD03K416,TDA,01/11/2021,Dívida Interna,2021,Vencimento,734.0,73113.74,7.311374e-05,Vencimento (estoque Mercado — última posição)
TDAD06C337,TDA,01/03/2021,Dívida Interna,2021,Vencimento,9872.0,992925.76,0.00099292576,Vencimento (estoque Mercado — última posição)
TDAD06D336,TDA,01/04/2020,Dívida Interna,2020,Vencimento,13735.0,1381603.65,0.00138160365,Vencimento (estoque Mercado — última posição)
TDAD06F336,TDA,01/06/2020,Dívida Interna,2020,Vencimento,8290.0,833974.0,0.000833974,Vencimento (estoque Mercado — última posição)
TDAE111238,TDA,01/12/2021,Dívida Interna,2021,Vencimento,11435.0,1195300.55,0.00119530055,Vencimento (estoque Mercado — última posição)
TDAJ10FC18,TDA,01/06/2020,Dívida Interna,2020,Vencimento,4074.0,413836.92,0.00041383692,Vencimento (estoque Mercado — última posição)
HSTN A827,HSTN,15/11/2020,Dívida Interna,2020,Vencimento,4.0,210041.76,0.00021004176,Vencimento (estoque Mercado — última posição)
HSTN A833,HSTN,15/05/2021,Dívida Interna,2021,Vencimento,4.0,255173.0,0.000255173,Vencimento (estoque Mercado — última posição)
HSTN A843,HSTN,15/03/2022,Dívida Interna,2022,Vencimento,3.0,233206.83,0.00023320682999999998,Vencimento (estoque Mercado — última posição)
TDAD09C333,TDA,01/03/2020,Dívida Interna,2020,Vencimento,4149.0,417389.4,0.0004173894,Vencimento (estoque Mercado — última posição)
TDAD13L331,TDA,01/12/2022,Dívida Interna,2022,Vencimento,7901.0,805822.99,0.00080582299,Vencimento (estoque Mercado — última posição)
TDAD03J340,TDA,01/10/2021,Dívida Interna,2021,Vencimento,5415.0,544694.85,0.0005446948499999999,Vencimento (estoque Mercado — última posição)
TDAD04C339,TDA,01/03/2021,Dívida Interna,2021,Vencimento,1297.0,130452.26,0.00013045226,Vencimento (estoque Mercado — última posição)
TDAD04C340,TDA,01/03/2022,Dívida Interna,2022,Vencimento,1323.0,133186.41,0.00013318641,Vencimento (estoque Mercado — última posição)
TDAD04D416,TDA,01/04/2022,Dívida Interna,2022,Vencimento,287.0,28639.73,2.8639729999999998e-05,Vencimento (estoque Mercado — última posição)
TDAD04E339,TDA,01/05/2021,Dívida Interna,2021,Vencimento,3615.0,363632.85,0.00036363285,Vencimento (estoque Mercado — última posição)
TDAD04F339,TDA,01/06/2021,Dívida Interna,2021,Vencimento,349.0,35109.4,3.51094e-05,Vencimento (estoque Mercado — última posição)
TDAD12D331,TDA,01/04/2021,Dívida Interna,2021,Vencimento,3068.0,308640.8,0.0003086408,Vencimento (estoque Mercado — última posição)
TDAD12H231,TDA,01/08/2020,Dívida Interna,2020,Vencimento,12978.0,1318175.46,0.0013181754599999999,Vencimento (estoque Mercado — última posição)
TDAD12J231,TDA,01/10/2020,Dívida Interna,2020,Vencimento,11181.0,1135765.98,0.00113576598,Vencimento (estoque Mercado — última posição)
TDAD06F414,TDA,01/06/2022,Dívida Interna,2022,Vencimento,409.0,40900.0,4.09e-05,Vencimento (estoque Mercado — última posição)
TDAD06G237,TDA,01/07/2020,Dívida Interna,2020,Vencimento,3506.0,356104.42,0.00035610442,Vencimento (estoque Mercado — última posição)
TDAD06G238,TDA,01/07/2021,Dívida Interna,2021,Vencimento,3492.0,354717.36,0.00035471735999999997,Vencimento (estoque Mercado — última posição)
TDAJ10GC18,TDA,01/07/2020,Dívida Interna,2020,Vencimento,2565.0,260527.05,0.00026052705,Vencimento (estoque Mercado — última posição)
TDAJ10JC18,TDA,01/10/2020,Dívida Interna,2020,Vencimento,1423.0,144548.34,0.00014454834,Vencimento (estoque Mercado — última posição)
TDAJ11LA18,TDA,01/12/2021,Dívida Interna,2021,Vencimento,5056.0,503628.16,0.00050362816,Vencimento (estoque Mercado — última posição)
HSTN A840,HSTN,15/12/2021,Dívida Interna,2021,Vencimento,3.0,218395.26,0.00021839526000000002,Vencimento (estoque Mercado — última posição)
HSTN A841,HSTN,15/01/2022,Dívida Interna,2022,Vencimento,4.0,294991.28,0.00029499128,Vencimento (estoque Mercado — última posição)
TDAD09B235,TDA,01/02/2021,Dívida Interna,2021,Vencimento,116.0,11783.28,1.1783280000000001e-05,Vencimento (estoque Mercado — última posição)
TDAD09E236,TDA,01/05/2022,Dívida Interna,2022,Vencimento,2483.0,252794.23,0.00025279423000000004,Vencimento (estoque Mercado — última posição)
TDA20100300,TDA,01/10/2020,Dívida Interna,2020,Vencimento,7611.0,773125.38,0.00077312538,Vencimento (estoque Mercado — última posição)
TDAD05E238,TDA,01/05/2020,Dívida Interna,2020,Vencimento,17310.0,1758003.6,0.0017580036000000002,Vencimento (estoque Mercado — última posição)
TDAD05H415,TDA,01/08/2022,Dívida Interna,2022,Vencimento,454.0,44923.3,4.4923300000000004e-05,Vencimento (estoque Mercado — última posição)
TDAE111237,TDA,01/12/2020,Dívida Interna,2020,Vencimento,11419.0,1193628.07,0.0011936280700000001,Vencimento (estoque Mercado — última posição)
LTN 010422,LTN,01/04/2022,Dívida Interna,2022,Vencimento,126205950.0,126182585744.88,126.18258574488,Vencimento (estoque Mercado — última posição)
HSTN A828,HSTN,15/12/2020,Dívida Interna,2020,Vencimento,4.0,218402.16,0.00021840216,Vencimento (estoque Mercado — última posição)
HSTN A829,HSTN,15/01/2021,Dívida Interna,2021,Vencimento,4.0,224335.48,0.00022433548000000002,Vencimento (estoque Mercado — última posição)
HSTN A836,HSTN,15/08/2021,Dívida Interna,2021,Vencimento,3.0,207669.66,0.00020766966,Vencimento (estoque Mercado — última posição)
HSTN A839,HSTN,15/11/2021,Dívida Interna,2021,Vencimento,4.0,287347.64,0.00028734764,Vencimento (estoque Mercado — última posição)
TDAD09B335,TDA,01/02/2022,Dívida Interna,2022,Vencimento,478.0,48129.82,4.812982e-05,Vencimento (estoque Mercado — última posição)
TDAD09C334,TDA,01/03/2021,Dívida Interna,2021,Vencimento,3574.0,359472.92,0.00035947291999999996,Vencimento (estoque Mercado — última posição)
TDA20120200,TDA,01/12/2020,Dívida Interna,2020,Vencimento,14090.0,1417313.1,0.0014173131000000002,Vencimento (estoque Mercado — última posição)
TDAD05G238,TDA,01/07/2020,Dívida Interna,2020,Vencimento,9304.0,945007.28,0.0009450072800000001,Vencimento (estoque Mercado — última posição)
TDAE100370,TDA,01/03/2022,Dívida Interna,2022,Vencimento,991.0,103648.69,0.00010364869,Vencimento (estoque Mercado — última posição)
TDAE110554,TDA,01/05/2022,Dívida Interna,2022,Vencimento,11231.0,1176671.87,0.00117667187,Vencimento (estoque Mercado — última posição)
TDAH080955,TDA,01/09/2020,Dívida Interna,2020,Vencimento,548.0,57287.92,5.728792e-05,Vencimento (estoque Mercado — última posição)
TDAH080956,TDA,01/09/2021,Dívida Interna,2021,Vencimento,548.0,57287.92,5.728792e-05,Vencimento (estoque Mercado — última posição)
TDAH080957,TDA,01/09/2022,Dívida Interna,2022,Vencimento,548.0,57819.48,5.781948e-05,Vencimento (estoque Mercado — última posição)
HSTN A835,HSTN,15/07/2021,Dívida Interna,2021,Vencimento,4.0,271991.52,0.00027199152,Vencimento (estoque Mercado — última posição)
TDAD06H412,TDA,01/08/2020,Dívida Interna,2020,Vencimento,595.0,59262.0,5.9262e-05,Vencimento (estoque Mercado — última posição)
TDAD06H413,TDA,01/08/2021,Dívida Interna,2021,Vencimento,595.0,59267.95,5.926795e-05,Vencimento (estoque Mercado — última posição)
TDAD06J338,TDA,01/10/2022,Dívida Interna,2022,Vencimento,6763.0,687797.1,0.0006877971,Vencimento (estoque Mercado — última posição)
TDAD06J336,TDA,01/10/2020,Dívida Interna,2020,Vencimento,7570.0,761466.3,0.0007614663,Vencimento (estoque Mercado — última posição)
TDAD06J413,TDA,01/10/2021,Dívida Interna,2021,Vencimento,10164.0,1012436.04,0.00101243604,Vencimento (estoque Mercado — última posição)
TDAD06K338,TDA,01/11/2022,Dívida Interna,2022,Vencimento,11490.0,1170256.5,0.0011702565,Vencimento (estoque Mercado — última posição)
TDA21120300,TDA,01/12/2021,Dívida Interna,2021,Vencimento,50538.0,5133650.04,0.00513365004,Vencimento (estoque Mercado — última posição)
TDA22120200,TDA,01/12/2022,Dívida Interna,2022,Vencimento,14090.0,1437039.1,0.0014370391,Vencimento (estoque Mercado — última posição)
TDAD07H238,TDA,01/08/2022,Dívida Interna,2022,Vencimento,2324.0,237721.96,0.00023772196,Vencimento (estoque Mercado — última posição)
TDAD07I237,TDA,01/09/2021,Dívida Interna,2021,Vencimento,5016.0,509525.28,0.00050952528,Vencimento (estoque Mercado — última posição)
TDAD07E238,TDA,01/05/2022,Dívida Interna,2022,Vencimento,7096.0,722443.76,0.00072244376,Vencimento (estoque Mercado — última posição)
NTN-I 151122,NTN-I,15/11/2022,Dívida Interna,2022,Vencimento,4985763.0,53082077.49,0.053082077490000004,Vencimento (estoque Mercado — última posição)
NTN-I 150222,NTN-I,15/02/2022,Dívida Interna,2022,Vencimento,4918639.0,51530367.41,0.05153036741,Vencimento (estoque Mercado — última posição)
NTN-I 151021,NTN-I,15/10/2021,Dívida Interna,2021,Vencimento,6479307.0,67373168.92,0.06737316892,Vencimento (estoque Mercado — última posição)
TDAE070857,TDA,01/08/2021,Dívida Interna,2021,Vencimento,222.0,23207.88,2.320788e-05,Vencimento (estoque Mercado — última posição)
TDAD10E234,TDA,01/05/2021,Dívida Interna,2021,Vencimento,11283.0,1146127.14,0.00114612714,Vencimento (estoque Mercado — última posição)
TDAD10G333,TDA,01/07/2021,Dívida Interna,2021,Vencimento,234.0,23538.06,2.353806e-05,Vencimento (estoque Mercado — última posição)
TDAD10I234,TDA,01/09/2021,Dívida Interna,2021,Vencimento,7.0,711.06,7.110599999999999e-07,Vencimento (estoque Mercado — última posição)
TDAD08K336,TDA,01/11/2022,Dívida Interna,2022,Vencimento,169.0,17212.65,1.7212650000000002e-05,Vencimento (estoque Mercado — última posição)
TDAD08F237,TDA,01/06/2022,Dívida Interna,2022,Vencimento,15996.0,1631272.08,0.0016312720800000001,Vencimento (estoque Mercado — última posição)
TDAD07L336,TDA,01/12/2021,Dívida Interna,2021,Vencimento,11809.0,1187867.31,0.00118786731,Vencimento (estoque Mercado — última posição)
TDAD07L413,TDA,01/12/2022,Dívida Interna,2022,Vencimento,1691.0,170774.09,0.00017077409,Vencimento (estoque Mercado — última posição)
TDA22060300,TDA,01/06/2022,Dívida Interna,2022,Vencimento,246.0,25087.08,2.508708e-05,Vencimento (estoque Mercado — última posição)
TDAD07K336,TDA,01/11/2021,Dívida Interna,2021,Vencimento,9510.0,956706.0,0.000956706,Vencimento (estoque Mercado — última posição)
TDAD08D412,TDA,01/04/2022,Dívida Interna,2022,Vencimento,2177.0,217242.83,0.00021724283,Vencimento (estoque Mercado — última posição)
TDAD08E237,TDA,01/05/2022,Dívida Interna,2022,Vencimento,3885.0,395531.85,0.00039553185,Vencimento (estoque Mercado — última posição)
TDAD08C237,TDA,01/03/2022,Dívida Interna,2022,Vencimento,483.0,49096.95,4.909695e-05,Vencimento (estoque Mercado — última posição)
TDAD08D336,TDA,01/04/2022,Dívida Interna,2022,Vencimento,2744.0,276540.32,0.00027654032,Vencimento (estoque Mercado — última posição)
NTN-I 151221,NTN-I,15/12/2021,Dívida Interna,2021,Vencimento,5009766.0,54275248.75,0.05427524875,Vencimento (estoque Mercado — última posição)
TDAD11J233,TDA,01/10/2021,Dívida Interna,2021,Vencimento,605.0,61455.9,6.14559e-05,Vencimento (estoque Mercado — última posição)
TDAD11F233,TDA,01/06/2021,Dívida Interna,2021,Vencimento,9520.0,967041.6,0.0009670416,Vencimento (estoque Mercado — última posição)
TDA21060100,TDA,01/06/2021,Dívida Interna,2021,Vencimento,9316.0,927966.76,0.00092796676,Vencimento (estoque Mercado — última posição)
TDAD09H411,TDA,01/08/2022,Dívida Interna,2022,Vencimento,98.0,9830.38,9.830379999999999e-06,Vencimento (estoque Mercado — última posição)
TDAD09I411,TDA,01/09/2022,Dívida Interna,2022,Vencimento,1904.0,191409.12,0.00019140912,Vencimento (estoque Mercado — última posição)
TDA21120600,TDA,01/12/2021,Dívida Interna,2021,Vencimento,24785.0,2590776.05,0.0025907760499999997,Vencimento (estoque Mercado — última posição)
TDAD08K237,TDA,01/11/2022,Dívida Interna,2022,Vencimento,2816.0,289625.6,0.0002896256,Vencimento (estoque Mercado — última posição)
TDA22110300,TDA,01/11/2022,Dívida Interna,2022,Vencimento,7584.0,780014.4,0.0007800144,Vencimento (estoque Mercado — última posição)
TDAD08B237,TDA,01/02/2022,Dívida Interna,2022,Vencimento,771.0,78395.28,7.839528e-05,Vencimento (estoque Mercado — última posição)
TDAD08F336,TDA,01/06/2022,Dívida Interna,2022,Vencimento,312.0,31508.88,3.150888e-05,Vencimento (estoque Mercado — última posição)
TDA21110300,TDA,01/11/2021,Dívida Interna,2021,Vencimento,7938.0,806342.04,0.00080634204,Vencimento (estoque Mercado — última posição)
TDAD08J236,TDA,01/10/2021,Dívida Interna,2021,Vencimento,7213.0,732696.54,0.00073269654,Vencimento (estoque Mercado — última posição)
TDAD08J335,TDA,01/10/2021,Dívida Interna,2021,Vencimento,571.0,57436.89,5.743689e-05,Vencimento (estoque Mercado — última posição)
TDAD08K412,TDA,01/11/2022,Dívida Interna,2022,Vencimento,1099.0,110834.15,0.00011083415,Vencimento (estoque Mercado — última posição)
TDAD08K236,TDA,01/11/2021,Dívida Interna,2021,Vencimento,2746.0,278938.68,0.00027893868,Vencimento (estoque Mercado — última posição)
TDA22100300,TDA,01/10/2022,Dívida Interna,2022,Vencimento,5036.0,517197.2,0.0005171972,Vencimento (estoque Mercado — última posição)
TDAD13G232,TDA,01/07/2022,Dívida Interna,2022,Vencimento,329.0,33594.19,3.3594190000000004e-05,Vencimento (estoque Mercado — última posição)
TDAD02A418,TDA,01/01/2022,Dívida Interna,2022,Vencimento,12555.0,1251105.75,0.00125110575,Vencimento (estoque Mercado — última posição)
TDAD01E418,TDA,01/05/2021,Dívida Interna,2021,Vencimento,614.0,61160.54,6.116054e-05,Vencimento (estoque Mercado — última posição)
TDAD04D415,TDA,01/04/2021,Dívida Interna,2021,Vencimento,287.0,28588.07,2.858807e-05,Vencimento (estoque Mercado — última posição)
TDAD12L332,TDA,01/12/2022,Dívida Interna,2022,Vencimento,40459.0,4126413.41,0.00412641341,Vencimento (estoque Mercado — última posição)
ECTN 0105,ECTN,01/05/2021,Dívida Interna,2021,Vencimento,14573.0,74559985.63,0.07455998562999999,Vencimento (estoque Mercado — última posição)
ECTN 0106,ECTN,01/06/2021,Dívida Interna,2021,Vencimento,60813.0,320853644.91,0.32085364491,Vencimento (estoque Mercado — última posição)
TDAD12D408,TDA,01/04/2022,Dívida Interna,2022,Vencimento,182.0,18161.78,1.8161779999999998e-05,Vencimento (estoque Mercado — última posição)
TDAD13G231,TDA,01/07/2021,Dívida Interna,2021,Vencimento,329.0,33419.82,3.341982e-05,Vencimento (estoque Mercado — última posição)
TDAJ12HC17,TDA,01/08/2021,Dívida Interna,2021,Vencimento,695.0,70598.1,7.059810000000001e-05,Vencimento (estoque Mercado — última posição)
TDAJ12HC18,TDA,01/08/2022,Dívida Interna,2022,Vencimento,700.0,71603.0,7.1603e-05,Vencimento (estoque Mercado — última posição)
TDAD02C418,TDA,01/03/2022,Dívida Interna,2022,Vencimento,1839.0,183329.91,0.00018332991,Vencimento (estoque Mercado — última posição)
TDAD03E417,TDA,01/05/2022,Dívida Interna,2022,Vencimento,3985.0,397862.4,0.00039786240000000005,Vencimento (estoque Mercado — última posição)
TDAD03I340,TDA,01/09/2021,Dívida Interna,2021,Vencimento,2367.0,238120.2,0.00023812020000000002,Vencimento (estoque Mercado — última posição)
TDAD03L416,TDA,01/12/2021,Dívida Interna,2021,Vencimento,4952.0,493268.72,0.00049326872,Vencimento (estoque Mercado — última posição)
TDAD04C416,TDA,01/03/2022,Dívida Interna,2022,Vencimento,875.0,87228.75,8.722875e-05,Vencimento (estoque Mercado — última posição)
TDAD04G340,TDA,01/07/2022,Dívida Interna,2022,Vencimento,1636.0,165432.32,0.00016543232000000002,Vencimento (estoque Mercado — última posição)
NTN-B 150822,NTN-B,15/08/2022,Dívida Interna,2022,Vencimento,42321739.0,173279573113.57,173.27957311357,Vencimento (estoque Mercado — última posição)
ECTN 0211,ECTN,01/11/2022,Dívida Interna,2022,Vencimento,183645.0,859989334.05,0.85998933405,Vencimento (estoque Mercado — última posição)
TDAE020278,TDA,01/02/2022,Dívida Interna,2022,Vencimento,1420.0,148588.8,0.00014858879999999998,Vencimento (estoque Mercado — última posição)
TDAE070858,TDA,01/08/2022,Dívida Interna,2022,Vencimento,406.0,42739.62,4.273962e-05,Vencimento (estoque Mercado — última posição)
TDAE070957,TDA,01/09/2021,Dívida Interna,2021,Vencimento,5559.0,581137.86,0.0005811378599999999,Vencimento (estoque Mercado — última posição)
TDAE070973,TDA,01/09/2022,Dívida Interna,2022,Vencimento,12035.0,1269812.85,0.00126981285,Vencimento (estoque Mercado — última posição)
TDAE070958,TDA,01/09/2022,Dívida Interna,2022,Vencimento,5559.0,586530.09,0.00058653009,Vencimento (estoque Mercado — última posição)
TDAE071272,TDA,01/12/2021,Dívida Interna,2021,Vencimento,32930.0,3442172.9,0.0034421728999999997,Vencimento (estoque Mercado — última posição)
TDAE120238,TDA,01/02/2022,Dívida Interna,2022,Vencimento,13265.0,1388049.6,0.0013880496000000001,Vencimento (estoque Mercado — última posição)
TDA21120100,TDA,01/12/2021,Dívida Interna,2021,Vencimento,2038.0,203005.18,0.00020300517999999998,Vencimento (estoque Mercado — última posição)
TDAD08I236,TDA,01/09/2021,Dívida Interna,2021,Vencimento,7146.0,725890.68,0.0007258906800000001,Vencimento (estoque Mercado — última posição)
TDAD08J336,TDA,01/10/2022,Dívida Interna,2022,Vencimento,557.0,56646.9,5.66469e-05,Vencimento (estoque Mercado — última posição)
TDAD13I231,TDA,01/09/2021,Dívida Interna,2021,Vencimento,515.0,52313.7,5.23137e-05,Vencimento (estoque Mercado — última posição)
ESTI980815,ESTI980815,15/01/2022,Dívida Interna,2022,Vencimento,328662.0,284923661.04,0.28492366104,Vencimento (estoque Mercado — última posição)
TDAD04H415,TDA,01/08/2021,Dívida Interna,2021,Vencimento,27676.0,2756806.36,0.00275680636,Vencimento (estoque Mercado — última posição)
TDAD04L415,TDA,01/12/2021,Dívida Interna,2021,Vencimento,2798.0,278708.78,0.00027870878000000004,Vencimento (estoque Mercado — última posição)
TDAD04L416,TDA,01/12/2022,Dívida Interna,2022,Vencimento,3120.0,315088.8,0.0003150888,Vencimento (estoque Mercado — última posição)
TDAD05H339,TDA,01/08/2022,Dívida Interna,2022,Vencimento,2546.0,257909.8,0.0002579098,Vencimento (estoque Mercado — última posição)
TDAD05H414,TDA,01/08/2021,Dívida Interna,2021,Vencimento,454.0,45222.94,4.522294e-05,Vencimento (estoque Mercado — última posição)
TDAD12L331,TDA,01/12/2021,Dívida Interna,2021,Vencimento,40459.0,4069770.81,0.00406977081,Vencimento (estoque Mercado — última posição)
NTN-I 150322,NTN-I,15/03/2022,Dívida Interna,2022,Vencimento,6223719.0,62277849.55,0.06227784955,Vencimento (estoque Mercado — última posição)
NTN-I 150522,NTN-I,15/05/2022,Dívida Interna,2022,Vencimento,5507977.0,53059642.32,0.05305964232,Vencimento (estoque Mercado — última posição)
ECTN 0202,ECTN,01/02/2022,Dívida Interna,2022,Vencimento,19626.0,101312355.9,0.10131235590000001,Vencimento (estoque Mercado — última posição)
NTN-I 150122,NTN-I,15/01/2022,Dívida Interna,2022,Vencimento,5868484.0,63408764.22,0.06340876422,Vencimento (estoque Mercado — última posição)
ECTN 0111,ECTN,01/11/2021,Dívida Interna,2021,Vencimento,112701.0,576374327.19,0.57637432719,Vencimento (estoque Mercado — última posição)
HSTN A842,HSTN,15/02/2022,Dívida Interna,2022,Vencimento,3.0,227015.13,0.00022701513,Vencimento (estoque Mercado — última posição)
TDAD09H236,TDA,01/08/2022,Dívida Interna,2022,Vencimento,400.0,40916.0,4.0916e-05,Vencimento (estoque Mercado — última posição)
TDA19050600,TDA,01/05/2019,Dívida Interna,2019,Vencimento,40921.0,4276653.71,0.00427665371,Vencimento (estoque Mercado — última posição)
TDA21100600,TDA,01/10/2021,Dívida Interna,2021,Vencimento,4829.0,504775.37,0.00050477537,Vencimento (estoque Mercado — última posição)
TDA22100600,TDA,01/10/2022,Dívida Interna,2022,Vencimento,4829.0,510328.72,0.0005103287199999999,Vencimento (estoque Mercado — última posição)
TDAD13L330,TDA,01/12/2021,Dívida Interna,2021,Vencimento,7901.0,794761.59,0.00079476159,Vencimento (estoque Mercado — última posição)
TDAD13E232,TDA,01/05/2022,Dívida Interna,2022,Vencimento,2364.0,240678.84,0.00024067884,Vencimento (estoque Mercado — última posição)
TDAD02K418,TDA,01/11/2022,Dívida Interna,2022,Vencimento,767.0,77351.95,7.735195e-05,Vencimento (estoque Mercado — última posição)
TDAD02L418,TDA,01/12/2022,Dívida Interna,2022,Vencimento,421.0,42516.79,4.251679e-05,Vencimento (estoque Mercado — última posição)
NTN-I 151121,NTN-I,15/11/2021,Dívida Interna,2021,Vencimento,6003053.0,65212845.59,0.06521284559,Vencimento (estoque Mercado — última posição)
TDAD09H335,TDA,01/08/2022,Dívida Interna,2022,Vencimento,8861.0,897619.3,0.0008976193,Vencimento (estoque Mercado — última posição)
TDAD09C236,TDA,01/03/2022,Dívida Interna,2022,Vencimento,20441.0,2077827.65,0.00207782765,Vencimento (estoque Mercado — última posição)
TDAD09F236,TDA,01/06/2022,Dívida Interna,2022,Vencimento,9103.0,928323.94,0.0009283239399999999,Vencimento (estoque Mercado — última posição)
TDA22020300,TDA,01/02/2022,Dívida Interna,2022,Vencimento,13.0,1321.84,1.3218399999999998e-06,Vencimento (estoque Mercado — última posição)
TDAD04I340,TDA,01/09/2022,Dívida Interna,2022,Vencimento,10769.0,1093376.57,0.00109337657,Vencimento (estoque Mercado — última posição)
TDAD04I415,TDA,01/09/2021,Dívida Interna,2021,Vencimento,23.0,2291.03,2.29103e-06,Vencimento (estoque Mercado — última posição)
TDAD04J339,TDA,01/10/2021,Dívida Interna,2021,Vencimento,187.0,18810.33,1.881033e-05,Vencimento (estoque Mercado — última posição)
TDAD05E338,TDA,01/05/2021,Dívida Interna,2021,Vencimento,714.0,71821.26,7.182126e-05,Vencimento (estoque Mercado — última posição)
TDAD12H232,TDA,01/08/2021,Dívida Interna,2021,Vencimento,14104.0,1432684.32,0.00143268432,Vencimento (estoque Mercado — última posição)
TDAD12J232,TDA,01/10/2021,Dívida Interna,2021,Vencimento,11181.0,1135765.98,0.00113576598,Vencimento (estoque Mercado — última posição)
LTN 010722,LTN,01/07/2022,Dívida Interna,2022,Vencimento,110946026.0,110912457282.8,110.9124572828,Vencimento (estoque Mercado — última posição)
TDAD09I334,TDA,01/09/2021,Dívida Interna,2021,Vencimento,5771.0,580562.6,0.0005805626,Vencimento (estoque Mercado — última posição)
TDAD09K335,TDA,01/11/2022,Dívida Interna,2022,Vencimento,2805.0,285689.25,0.00028568925,Vencimento (estoque Mercado — última posição)
TDAD09H410,TDA,01/08/2021,Dívida Interna,2021,Vencimento,98.0,9761.78,9.76178e-06,Vencimento (estoque Mercado — última posição)
TDAD09I235,TDA,01/09/2021,Dívida Interna,2021,Vencimento,11161.0,1133734.38,0.00113373438,Vencimento (estoque Mercado — última posição)
TDAD09I236,TDA,01/09/2022,Dívida Interna,2022,Vencimento,11397.0,1168420.44,0.0011684204399999999,Vencimento (estoque Mercado — última posição)
TDAD10C334,TDA,01/03/2022,Dívida Interna,2022,Vencimento,1067.0,107414.89,0.00010741488999999999,Vencimento (estoque Mercado — última posição)
TDAD09L235,TDA,01/12/2021,Dívida Interna,2021,Vencimento,37.0,3758.46,3.75846e-06,Vencimento (estoque Mercado — última posição)
TDAD05J338,TDA,01/10/2021,Dívida Interna,2021,Vencimento,908.0,91335.72,9.133572e-05,Vencimento (estoque Mercado — última posição)
TDAD02H418,TDA,01/08/2022,Dívida Interna,2022,Vencimento,3269.0,327913.39,0.00032791339,Vencimento (estoque Mercado — última posição)
TDAE070972,TDA,01/09/2021,Dívida Interna,2021,Vencimento,12035.0,1258138.9,0.0012581388999999999,Vencimento (estoque Mercado — última posição)
TDAD11L234,TDA,01/12/2022,Dívida Interna,2022,Vencimento,36265.0,3734932.35,0.00373493235,Vencimento (estoque Mercado — última posição)
TDA22080100,TDA,01/08/2022,Dívida Interna,2022,Vencimento,490.0,49151.9,4.91519e-05,Vencimento (estoque Mercado — última posição)
LFT 010922,LFT,01/09/2022,Dívida Interna,2022,Vencimento,15022646.0,181799263373.43,181.79926337343,Vencimento (estoque Mercado — última posição)
TDA22040300,TDA,01/04/2022,Dívida Interna,2022,Vencimento,1035.0,105331.95,0.00010533195,Vencimento (estoque Mercado — última posição)
TDA21040300,TDA,01/04/2021,Dívida Interna,2021,Vencimento,1027.0,104322.66,0.00010432266,Vencimento (estoque Mercado — última posição)
TDAD06H337,TDA,01/08/2021,Dívida Interna,2021,Vencimento,574.0,57744.4,5.77444e-05,Vencimento (estoque Mercado — última posição)
TDAD06H338,TDA,01/08/2022,Dívida Interna,2022,Vencimento,553.0,56018.9,5.60189e-05,Vencimento (estoque Mercado — última posição)
TDAD12I233,TDA,01/09/2022,Dívida Interna,2022,Vencimento,1839.0,188534.28,0.00018853428,Vencimento (estoque Mercado — última posição)
TDAD09J411,TDA,01/10/2022,Dívida Interna,2022,Vencimento,2573.0,259126.83,0.00025912683,Vencimento (estoque Mercado — última posição)
TDAJ11DB18,TDA,01/04/2021,Dívida Interna,2021,Vencimento,289.0,29073.4,2.9073400000000002e-05,Vencimento (estoque Mercado — última posição)
TDAD03E340,TDA,01/05/2021,Dívida Interna,2021,Vencimento,5385.0,541677.15,0.00054167715,Vencimento (estoque Mercado — última posição)
TDA22050600,TDA,01/05/2022,Dívida Interna,2022,Vencimento,4494.0,470836.38,0.00047083638000000003,Vencimento (estoque Mercado — última posição)
TDAD11E333,TDA,01/05/2022,Dívida Interna,2022,Vencimento,3929.0,396161.07,0.00039616107,Vencimento (estoque Mercado — última posição)
TDAD06K238,TDA,01/11/2021,Dívida Interna,2021,Vencimento,9326.0,947335.08,0.00094733508,Vencimento (estoque Mercado — última posição)
TDAD06L337,TDA,01/12/2021,Dívida Interna,2021,Vencimento,2449.0,246344.91,0.00024634491,Vencimento (estoque Mercado — última posição)
TDAD13J232,TDA,01/10/2022,Dívida Interna,2022,Vencimento,31844.0,3270378.8,0.0032703788,Vencimento (estoque Mercado — última posição)
TDAD13L232,TDA,01/12/2022,Dívida Interna,2022,Vencimento,11086.0,1141747.14,0.00114174714,Vencimento (estoque Mercado — última posição)
TDAD04I339,TDA,01/09/2021,Dívida Interna,2021,Vencimento,10906.0,1097143.6,0.0010971436,Vencimento (estoque Mercado — última posição)
TDAD05H338,TDA,01/08/2021,Dívida Interna,2021,Vencimento,2363.0,237717.8,0.00023771779999999998,Vencimento (estoque Mercado — última posição)
TDAE040775,TDA,01/07/2021,Dívida Interna,2021,Vencimento,26883.0,2810079.99,0.0028100799900000004,Vencimento (estoque Mercado — última posição)
TDAD12D233,TDA,01/04/2022,Dívida Interna,2022,Vencimento,19313.0,1965484.01,0.00196548401,Vencimento (estoque Mercado — última posição)
TDAD11L332,TDA,01/12/2021,Dívida Interna,2021,Vencimento,5634.0,566724.06,0.0005667240600000001,Vencimento (estoque Mercado — última posição)
TDAD12D332,TDA,01/04/2022,Dívida Interna,2022,Vencimento,3068.0,309193.04,0.00030919304,Vencimento (estoque Mercado — última posição)
TDA22060600,TDA,01/06/2022,Dívida Interna,2022,Vencimento,6534.0,685743.3,0.0006857433,Vencimento (estoque Mercado — última posição)
TDAD07H237,TDA,01/08/2021,Dívida Interna,2021,Vencimento,5014.0,509322.12,0.00050932212,Vencimento (estoque Mercado — última posição)
TDAD05L415,TDA,01/12/2022,Dívida Interna,2022,Vencimento,55.0,5554.45,5.55445e-06,Vencimento (estoque Mercado — última posição)
TDAD12K332,TDA,01/11/2022,Dívida Interna,2022,Vencimento,3780.0,384993.0,0.000384993,Vencimento (estoque Mercado — última posição)
TDAD12F233,TDA,01/06/2022,Dívida Interna,2022,Vencimento,2254.0,229862.92,0.00022986292,Vencimento (estoque Mercado — última posição)
TDAD12H233,TDA,01/08/2022,Dívida Interna,2022,Vencimento,14100.0,1442289.0,0.001442289,Vencimento (estoque Mercado — última posição)
HSTN A838,HSTN,15/10/2021,Dívida Interna,2021,Vencimento,4.0,282974.92,0.00028297492,Vencimento (estoque Mercado — última posição)
TDAD12J233,TDA,01/10/2022,Dívida Interna,2022,Vencimento,11163.0,1146440.1,0.0011464401000000001,Vencimento (estoque Mercado — última posição)
TDAE050775,TDA,01/07/2022,Dívida Interna,2022,Vencimento,582.0,61156.56,6.115656e-05,Vencimento (estoque Mercado — última posição)
TDA21030100,TDA,01/03/2021,Dívida Interna,2021,Vencimento,19232.0,1915507.2,0.0019155072,Vencimento (estoque Mercado — última posição)
TDAD07L237,TDA,01/12/2021,Dívida Interna,2021,Vencimento,18580.0,1887356.4,0.0018873564,Vencimento (estoque Mercado — última posição)
TDAD08D236,TDA,01/04/2021,Dívida Interna,2021,Vencimento,7861.0,798520.38,0.00079852038,Vencimento (estoque Mercado — última posição)
TDA21100300,TDA,01/10/2021,Dívida Interna,2021,Vencimento,5030.0,510947.4,0.0005109474,Vencimento (estoque Mercado — última posição)
TDA21050300,TDA,01/05/2021,Dívida Interna,2021,Vencimento,3617.0,367414.86,0.00036741485999999997,Vencimento (estoque Mercado — última posição)
TDA21050600,TDA,01/05/2021,Dívida Interna,2021,Vencimento,4490.0,469339.7,0.0004693397,Vencimento (estoque Mercado — última posição)
HSTN A834,HSTN,15/06/2021,Dívida Interna,2021,Vencimento,4.0,265085.64,0.00026508564,Vencimento (estoque Mercado — última posição)
HSTN A837,HSTN,15/09/2021,Dívida Interna,2021,Vencimento,3.0,210951.75,0.00021095175,Vencimento (estoque Mercado — última posição)
LTN 010421,LTN,01/04/2021,Dívida Interna,2021,Vencimento,283547580.0,283511892134.48,283.51189213448,Vencimento (estoque Mercado — última posição)
TDA21120200,TDA,01/12/2021,Dívida Interna,2021,Vencimento,14090.0,1417313.1,0.0014173131000000002,Vencimento (estoque Mercado — última posição)
TDAD07D337,TDA,01/04/2022,Dívida Interna,2022,Vencimento,4984.0,502287.52,0.00050228752,Vencimento (estoque Mercado — última posição)
TDAD05K414,TDA,01/11/2021,Dívida Interna,2021,Vencimento,18623.0,1855037.03,0.00185503703,Vencimento (estoque Mercado — última posição)
TDAD06A338,TDA,01/01/2022,Dívida Interna,2022,Vencimento,9835.0,989794.4,0.0009897944,Vencimento (estoque Mercado — última posição)
TDAD05L414,TDA,01/12/2021,Dívida Interna,2021,Vencimento,30.0,2988.3,2.9883000000000003e-06,Vencimento (estoque Mercado — última posição)
TDAD09L236,TDA,01/12/2022,Dívida Interna,2022,Vencimento,37.0,3810.63,3.81063e-06,Vencimento (estoque Mercado — última posição)
TDAD05J339,TDA,01/10/2022,Dívida Interna,2022,Vencimento,908.0,92343.6,9.234360000000001e-05,Vencimento (estoque Mercado — última posição)
TDAD05K339,TDA,01/11/2022,Dívida Interna,2022,Vencimento,2354.0,239754.9,0.0002397549,Vencimento (estoque Mercado — última posição)
TDAD13L231,TDA,01/12/2021,Dívida Interna,2021,Vencimento,11086.0,1126115.88,0.00112611588,Vencimento (estoque Mercado — última posição)
TDAE090356,TDA,01/03/2022,Dívida Interna,2022,Vencimento,30811.0,3222522.49,0.00322252249,Vencimento (estoque Mercado — última posição)
TDAD11G408,TDA,01/07/2021,Dívida Interna,2021,Vencimento,17740.0,1767081.4,0.0017670814,Vencimento (estoque Mercado — última posição)
TDAD11L408,TDA,01/12/2021,Dívida Interna,2021,Vencimento,7454.0,742492.94,0.0007424929399999999,Vencimento (estoque Mercado — última posição)
TDAD09I335,TDA,01/09/2022,Dívida Interna,2022,Vencimento,5771.0,585929.63,0.00058592963,Vencimento (estoque Mercado — última posição)
TDAD09I410,TDA,01/09/2021,Dívida Interna,2021,Vencimento,2219.0,221034.59,0.00022103459,Vencimento (estoque Mercado — última posição)
TDAD07H413,TDA,01/08/2022,Dívida Interna,2022,Vencimento,1856.0,186175.36,0.00018617535999999998,Vencimento (estoque Mercado — última posição)
TDAD07K237,TDA,01/11/2021,Dívida Interna,2021,Vencimento,14200.0,1442436.0,0.001442436,Vencimento (estoque Mercado — última posição)
TDA21070200,TDA,01/07/2021,Dívida Interna,2021,Vencimento,192.0,19313.28,1.931328e-05,Vencimento (estoque Mercado — última posição)
TDA19010300,TDA,01/01/2019,Dívida Interna,2019,Vencimento,4909.0,498558.04,0.00049855804,Vencimento (estoque Mercado — última posição)
TDAE110738,TDA,01/07/2021,Dívida Interna,2021,Vencimento,4077.0,426168.81,0.00042616881,Vencimento (estoque Mercado — última posição)
ECTN 0104,ECTN,01/04/2021,Dívida Interna,2021,Vencimento,10098.0,51383168.1,0.0513831681,Vencimento (estoque Mercado — última posição)
TDA22120600,TDA,01/12/2022,Dívida Interna,2022,Vencimento,24795.0,2627774.1,0.0026277741000000003,Vencimento (estoque Mercado — última posição)
TDAD08D237,TDA,01/04/2022,Dívida Interna,2022,Vencimento,8016.0,815788.32,0.0008157883199999999,Vencimento (estoque Mercado — última posição)
TDAD07E337,TDA,01/05/2022,Dívida Interna,2022,Vencimento,247.0,24905.01,2.4905009999999997e-05,Vencimento (estoque Mercado — última posição)
TDAD07G412,TDA,01/07/2021,Dívida Interna,2021,Vencimento,1925.0,191749.25,0.00019174925,Vencimento (estoque Mercado — última posição)
TDA22080300,TDA,01/08/2022,Dívida Interna,2022,Vencimento,16421.0,1679704.09,0.00167970409,Vencimento (estoque Mercado — última posição)
TDAD11G333,TDA,01/07/2022,Dívida Interna,2022,Vencimento,9393.0,949820.16,0.00094982016,Vencimento (estoque Mercado — última posição)
TDAD02K417,TDA,01/11/2021,Dívida Interna,2021,Vencimento,738.0,73512.18,7.351218e-05,Vencimento (estoque Mercado — última posição)
TDAD12A233,TDA,01/01/2022,Dívida Interna,2022,Vencimento,503.0,51119.89,5.111989e-05,Vencimento (estoque Mercado — última posição)
TDA22050300,TDA,01/05/2022,Dívida Interna,2022,Vencimento,3617.0,368246.77,0.00036824677000000004,Vencimento (estoque Mercado — última posição)
TDAD07B238,TDA,01/02/2022,Dívida Interna,2022,Vencimento,24267.0,2467468.56,0.00246746856,Vencimento (estoque Mercado — última posição)
TDAD07G238,TDA,01/07/2022,Dívida Interna,2022,Vencimento,5717.0,583762.87,0.00058376287,Vencimento (estoque Mercado — última posição)
TDA22070300,TDA,01/07/2022,Dívida Interna,2022,Vencimento,11998.0,1225115.78,0.00122511578,Vencimento (estoque Mercado — última posição)
TDAD09D236,TDA,01/04/2022,Dívida Interna,2022,Vencimento,2200.0,223894.0,0.000223894,Vencimento (estoque Mercado — última posição)
TDA22110600,TDA,01/11/2022,Dívida Interna,2022,Vencimento,3481.0,368463.85,0.00036846385,Vencimento (estoque Mercado — última posição)
NTN-I 151022,NTN-I,15/10/2022,Dívida Interna,2022,Vencimento,5271835.0,56452469.8,0.056452469799999995,Vencimento (estoque Mercado — última posição)
TDAJ12EC18,TDA,01/05/2022,Dívida Interna,2022,Vencimento,2427.0,247092.87,0.00024709287,Vencimento (estoque Mercado — última posição)
TDAD03I417,TDA,01/09/2022,Dívida Interna,2022,Vencimento,4377.0,440019.81,0.00044001981,Vencimento (estoque Mercado — última posição)
TDAD04F340,TDA,01/06/2022,Dívida Interna,2022,Vencimento,481.0,48576.19,4.8576190000000004e-05,Vencimento (estoque Mercado — última posição)
TDAD05F415,TDA,01/06/2022,Dívida Interna,2022,Vencimento,50173.0,5017300.0,0.0050173,Vencimento (estoque Mercado — última posição)
TDAD08A237,TDA,01/01/2022,Dívida Interna,2022,Vencimento,588.0,59758.44,5.975844e-05,Vencimento (estoque Mercado — última posição)
TDAD08E336,TDA,01/05/2022,Dívida Interna,2022,Vencimento,7559.0,762173.97,0.00076217397,Vencimento (estoque Mercado — última posição)
TDAD03E416,TDA,01/05/2021,Dívida Interna,2021,Vencimento,4080.0,406408.8,0.0004064088,Vencimento (estoque Mercado — última posição)
TDAD03J338,TDA,01/10/2019,Dívida Interna,2019,Vencimento,5383.0,541475.97,0.00054147597,Vencimento (estoque Mercado — última posição)
TDAD03J339,TDA,01/10/2020,Dívida Interna,2020,Vencimento,5378.0,540973.02,0.0005409730200000001,Vencimento (estoque Mercado — última posição)
TDAD03J417,TDA,01/10/2022,Dívida Interna,2022,Vencimento,320.0,32227.2,3.22272e-05,Vencimento (estoque Mercado — última posição)
TDAD03K414,TDA,01/11/2019,Dívida Interna,2019,Vencimento,734.0,73106.4,7.310639999999999e-05,Vencimento (estoque Mercado — última posição)
TDAD03K415,TDA,01/11/2020,Dívida Interna,2020,Vencimento,734.0,73113.74,7.311374e-05,Vencimento (estoque Mercado — última posição)
TDAD09I408,TDA,01/09/2019,Dívida Interna,2019,Vencimento,2209.0,220038.49,0.00022003849,Vencimento (estoque Mercado — última posição)
TDAH121137,TDA,01/11/2021,Dívida Interna,2021,Vencimento,9892.0,1034109.68,0.00103410968,Vencimento (estoque Mercado — última posição)
TDAD13J231,TDA,01/10/2021,Dívida Interna,2021,Vencimento,31843.0,3234611.94,0.00323461194,Vencimento (estoque Mercado — última posição)
NTN-I 151220,NTN-I,15/12/2020,Dívida Interna,2020,Vencimento,5818202.0,58011453.59,0.058011453590000005,Vencimento (estoque Mercado — última posição)
ECTN 0007,ECTN,01/07/2020,Dívida Interna,2020,Vencimento,309935.0,1335351848.15,1.3353518481500002,Vencimento (estoque Mercado — última posição)
ECTN 9907,ECTN,01/07/2019,Dívida Interna,2019,Vencimento,93120.0,428113612.8,0.4281136128,Vencimento (estoque Mercado — última posição)
TDAD02H415,TDA,01/08/2019,Dívida Interna,2019,Vencimento,2974.0,296210.4,0.0002962104,Vencimento (estoque Mercado — última posição)
TDAD02L416,TDA,01/12/2020,Dívida Interna,2020,Vencimento,473.0,47115.53,4.711553e-05,Vencimento (estoque Mercado — última posição)
TDAD03C339,TDA,01/03/2020,Dívida Interna,2020,Vencimento,4935.0,496461.0,0.000496461,Vencimento (estoque Mercado — última posição)
TDAD10B234,TDA,01/02/2021,Dívida Interna,2021,Vencimento,38.0,3860.04,3.86004e-06,Vencimento (estoque Mercado — última posição)
TDAD10D233,TDA,01/04/2020,Dívida Interna,2020,Vencimento,20331.0,2064816.36,0.00206481636,Vencimento (estoque Mercado — última posição)
TDA19080300,TDA,01/08/2019,Dívida Interna,2019,Vencimento,18767.0,1905976.52,0.00190597652,Vencimento (estoque Mercado — última posição)
TDA19050300,TDA,01/05/2019,Dívida Interna,2019,Vencimento,194.0,21995.72,2.199572e-05,Vencimento (estoque Mercado — última posição)
TDA20120300,TDA,01/12/2020,Dívida Interna,2020,Vencimento,53070.0,5390850.6,0.005390850599999999,Vencimento (estoque Mercado — última posição)
TDAD03L340,TDA,01/12/2021,Dívida Interna,2021,Vencimento,12674.0,1274877.66,0.00127487766,Vencimento (estoque Mercado — última posição)
TDAD04C338,TDA,01/03/2020,Dívida Interna,2020,Vencimento,1297.0,130478.2,0.0001304782,Vencimento (estoque Mercado — última posição)
TDAD04D339,TDA,01/04/2021,Dívida Interna,2021,Vencimento,5744.0,577846.4,0.0005778464,Vencimento (estoque Mercado — última posição)
TDAD04D340,TDA,01/04/2022,Dívida Interna,2022,Vencimento,5812.0,585733.36,0.00058573336,Vencimento (estoque Mercado — última posição)
TDAD04D414,TDA,01/04/2020,Dívida Interna,2020,Vencimento,287.0,28585.2,2.8585200000000002e-05,Vencimento (estoque Mercado — última posição)
TDAD04E338,TDA,01/05/2020,Dívida Interna,2020,Vencimento,3615.0,363632.85,0.00036363285,Vencimento (estoque Mercado — última posição)
TDAD04G416,TDA,01/07/2022,Dívida Interna,2022,Vencimento,1548.0,155001.24,0.00015500123999999998,Vencimento (estoque Mercado — última posição)
TDAD04H238,TDA,01/08/2019,Dívida Interna,2019,Vencimento,8509.0,864174.04,0.00086417404,Vencimento (estoque Mercado — última posição)
TDAD04H339,TDA,01/08/2021,Dívida Interna,2021,Vencimento,519.0,52211.4,5.22114e-05,Vencimento (estoque Mercado — última posição)
TDAD11E331,TDA,01/05/2020,Dívida Interna,2020,Vencimento,3929.0,395218.11,0.00039521810999999996,Vencimento (estoque Mercado — última posição)
TDAD02A416,TDA,01/01/2020,Dívida Interna,2020,Vencimento,24361.0,2426355.6,0.0024263556,Vencimento (estoque Mercado — última posição)
TDAD02J339,TDA,01/10/2019,Dívida Interna,2019,Vencimento,4354.0,437968.86,0.00043796886,Vencimento (estoque Mercado — última posição)
TDAD03L417,TDA,01/12/2022,Dívida Interna,2022,Vencimento,4952.0,500102.48,0.00050010248,Vencimento (estoque Mercado — última posição)
TDAD10H233,TDA,01/08/2020,Dívida Interna,2020,Vencimento,532.0,54035.24,5.403524e-05,Vencimento (estoque Mercado — última posição)
TDA20040300,TDA,01/04/2020,Dívida Interna,2020,Vencimento,1027.0,104302.12,0.00010430212,Vencimento (estoque Mercado — última posição)
TDAD04D238,TDA,01/04/2019,Dívida Interna,2019,Vencimento,3146.0,319570.68,0.00031957067999999997,Vencimento (estoque Mercado — última posição)
TDAD04E238,TDA,01/05/2019,Dívida Interna,2019,Vencimento,8814.0,895149.84,0.0008951498399999999,Vencimento (estoque Mercado — última posição)
TDAD04F238,TDA,01/06/2019,Dívida Interna,2019,Vencimento,603.0,61240.68,6.124068e-05,Vencimento (estoque Mercado — última posição)
TDAD04F337,TDA,01/06/2019,Dívida Interna,2019,Vencimento,349.0,35105.91,3.5105910000000006e-05,Vencimento (estoque Mercado — última posição)
TDAD04G338,TDA,01/07/2020,Dívida Interna,2020,Vencimento,1569.0,157810.02,0.00015781001999999998,Vencimento (estoque Mercado — última posição)
TDAD10D331,TDA,01/04/2019,Dívida Interna,2019,Vencimento,7315.0,735889.0,0.000735889,Vencimento (estoque Mercado — última posição)
TDAD10D333,TDA,01/04/2021,Dívida Interna,2021,Vencimento,7315.0,735889.0,0.000735889,Vencimento (estoque Mercado — última posição)
TDAD00I418,TDA,01/09/2020,Dívida Interna,2020,Vencimento,1417.0,141147.37,0.00014114737,Vencimento (estoque Mercado — última posição)
TDAD00K417,TDA,01/11/2019,Dívida Interna,2019,Vencimento,1276.0,127089.6,0.0001270896,Vencimento (estoque Mercado — última posição)
TDAD01D417,TDA,01/04/2020,Dívida Interna,2020,Vencimento,7136.0,710745.6,0.0007107456,Vencimento (estoque Mercado — última posição)
TDAD01E340,TDA,01/05/2019,Dívida Interna,2019,Vencimento,1381.0,138914.79,0.00013891479,Vencimento (estoque Mercado — última posição)
TDAD01E417,TDA,01/05/2020,Dívida Interna,2020,Vencimento,723.0,72010.8,7.20108e-05,Vencimento (estoque Mercado — última posição)
TDAD02H340,TDA,01/08/2020,Dívida Interna,2020,Vencimento,4754.0,478204.86,0.00047820486,Vencimento (estoque Mercado — última posição)
TDAD09K233,TDA,01/11/2019,Dívida Interna,2019,Vencimento,2865.0,290969.4,0.0002909694,Vencimento (estoque Mercado — última posição)
TDAD04L340,TDA,01/12/2022,Dívida Interna,2022,Vencimento,37552.0,3829928.48,0.00382992848,Vencimento (estoque Mercado — última posição)
TDAD05B415,TDA,01/02/2022,Dívida Interna,2022,Vencimento,1583.0,157825.1,0.0001578251,Vencimento (estoque Mercado — última posição)
TDAD05D339,TDA,01/04/2022,Dívida Interna,2022,Vencimento,7151.0,720677.78,0.00072067778,Vencimento (estoque Mercado — última posição)
TDAD04I416,TDA,01/09/2022,Dívida Interna,2022,Vencimento,27.0,2714.31,2.71431e-06,Vencimento (estoque Mercado — última posição)
TDAD11C234,TDA,01/03/2022,Dívida Interna,2022,Vencimento,473.0,48080.45,4.808045e-05,Vencimento (estoque Mercado — última posição)
TDAD09J335,TDA,01/10/2022,Dívida Interna,2022,Vencimento,110.0,11187.0,1.1187e-05,Vencimento (estoque Mercado — última posição)
TDAD05E339,TDA,01/05/2022,Dívida Interna,2022,Vencimento,714.0,71992.62,7.199262e-05,Vencimento (estoque Mercado — última posição)
TDAD05I415,TDA,01/09/2022,Dívida Interna,2022,Vencimento,246.0,24730.38,2.473038e-05,Vencimento (estoque Mercado — última posição)
TDAD06B414,TDA,01/02/2022,Dívida Interna,2022,Vencimento,2753.0,274474.1,0.00027447409999999995,Vencimento (estoque Mercado — última posição)
TDAD10D235,TDA,01/04/2022,Dívida Interna,2022,Vencimento,19890.0,2024205.3,0.0020242053,Vencimento (estoque Mercado — última posição)
TDAD06F338,TDA,01/06/2022,Dívida Interna,2022,Vencimento,8684.0,876997.16,0.00087699716,Vencimento (estoque Mercado — última posição)
TDAD05C339,TDA,01/03/2022,Dívida Interna,2022,Vencimento,946.0,95233.82,9.523382e-05,Vencimento (estoque Mercado — última posição)
TDAD08H237,TDA,01/08/2022,Dívida Interna,2022,Vencimento,678.0,69352.62,6.935262e-05,Vencimento (estoque Mercado — última posição)
TDA22050200,TDA,01/05/2022,Dívida Interna,2022,Vencimento,1312.0,132288.96,0.00013228896,Vencimento (estoque Mercado — última posição)
TDAD11G409,TDA,01/07/2022,Dívida Interna,2022,Vencimento,17740.0,1776306.2,0.0017763062,Vencimento (estoque Mercado — última posição)
NTN-I 150922,NTN-I,15/09/2022,Dívida Interna,2022,Vencimento,5785622.0,58003342.58,0.05800334258,Vencimento (estoque Mercado — última posição)
TDAH121138,TDA,01/11/2022,Dívida Interna,2022,Vencimento,9893.0,1047174.05,0.0010471740500000001,Vencimento (estoque Mercado — última posição)
TDAD11A232,TDA,01/01/2020,Dívida Interna,2020,Vencimento,323.0,32803.88,3.280388e-05,Vencimento (estoque Mercado — última posição)
TDA20070300,TDA,01/07/2020,Dívida Interna,2020,Vencimento,12179.0,1237021.03,0.00123702103,Vencimento (estoque Mercado — última posição)
TDAD05D338,TDA,01/04/2021,Dívida Interna,2021,Vencimento,7155.0,719793.0,0.000719793,Vencimento (estoque Mercado — última posição)
TDAD05H237,TDA,01/08/2019,Dívida Interna,2019,Vencimento,52913.0,5373844.28,0.005373844280000001,Vencimento (estoque Mercado — última posição)
TDAD05H238,TDA,01/08/2020,Dívida Interna,2020,Vencimento,52949.0,5378029.93,0.00537802993,Vencimento (estoque Mercado — última posição)
TDAD05I238,TDA,01/09/2020,Dívida Interna,2020,Vencimento,22887.0,2324861.46,0.00232486146,Vencimento (estoque Mercado — última posição)
TDA20090300,TDA,01/09/2020,Dívida Interna,2020,Vencimento,1152.0,117020.16,0.00011702016,Vencimento (estoque Mercado — última posição)
TDA21060600,TDA,01/06/2021,Dívida Interna,2021,Vencimento,21666.0,2264963.64,0.00226496364,Vencimento (estoque Mercado — última posição)
TDAD04G414,TDA,01/07/2020,Dívida Interna,2020,Vencimento,1548.0,154180.8,0.0001541808,Vencimento (estoque Mercado — última posição)
TDAD04H416,TDA,01/08/2022,Dívida Interna,2022,Vencimento,26642.0,2672459.02,0.00267245902,Vencimento (estoque Mercado — última posição)
TDAD04I337,TDA,01/09/2019,Dívida Interna,2019,Vencimento,11478.0,1154686.8,0.0011546868,Vencimento (estoque Mercado — última posição)
TDAD05B414,TDA,01/02/2021,Dívida Interna,2021,Vencimento,1583.0,157682.63,0.00015768263,Vencimento (estoque Mercado — última posição)
TDAD05C238,TDA,01/03/2020,Dívida Interna,2020,Vencimento,9407.0,955563.06,0.0009555630600000001,Vencimento (estoque Mercado — última posição)
TDAD05C237,TDA,01/03/2019,Dívida Interna,2019,Vencimento,9369.0,951515.64,0.00095151564,Vencimento (estoque Mercado — última posição)
TDAD05E237,TDA,01/05/2019,Dívida Interna,2019,Vencimento,16946.0,1721035.76,0.00172103576,Vencimento (estoque Mercado — última posição)
TDAD11L233,TDA,01/12/2021,Dívida Interna,2021,Vencimento,38012.0,3861258.96,0.00386125896,Vencimento (estoque Mercado — última posição)
TDA19110300,TDA,01/11/2019,Dívida Interna,2019,Vencimento,10796.0,1096441.76,0.00109644176,Vencimento (estoque Mercado — última posição)
TDAD05C338,TDA,01/03/2021,Dívida Interna,2021,Vencimento,946.0,95148.68,9.514868e-05,Vencimento (estoque Mercado — última posição)
TDAD05F414,TDA,01/06/2021,Dívida Interna,2021,Vencimento,50173.0,4997732.53,0.00499773253,Vencimento (estoque Mercado — última posição)
TDAD05H336,TDA,01/08/2019,Dívida Interna,2019,Vencimento,1928.0,193937.52,0.00019393752,Vencimento (estoque Mercado — última posição)
TDAD11E233,TDA,01/05/2021,Dívida Interna,2021,Vencimento,12474.0,1267108.92,0.0012671089199999999,Vencimento (estoque Mercado — última posição)
TDAD11G233,TDA,01/07/2021,Dívida Interna,2021,Vencimento,39813.0,4044204.54,0.00404420454,Vencimento (estoque Mercado — última posição)
TDA22070200,TDA,01/07/2022,Dívida Interna,2022,Vencimento,192.0,19415.04,1.9415040000000002e-05,Vencimento (estoque Mercado — última posição)
TDA22030300,TDA,01/03/2022,Dívida Interna,2022,Vencimento,4868.0,494832.2,0.0004948322,Vencimento (estoque Mercado — última posição)
TDAD04G339,TDA,01/07/2021,Dívida Interna,2021,Vencimento,1600.0,160944.0,0.000160944,Vencimento (estoque Mercado — última posição)
TDAD04L338,TDA,01/12/2020,Dívida Interna,2020,Vencimento,37146.0,3736516.14,0.00373651614,Vencimento (estoque Mercado — última posição)
TDAD04L413,TDA,01/12/2019,Dívida Interna,2019,Vencimento,2650.0,263966.5,0.0002639665,Vencimento (estoque Mercado — última posição)
TDAD04L414,TDA,01/12/2020,Dívida Interna,2020,Vencimento,3053.0,304109.33,0.00030410933000000003,Vencimento (estoque Mercado — última posição)
TDAD05D337,TDA,01/04/2020,Dívida Interna,2020,Vencimento,7392.0,743561.28,0.0007435612800000001,Vencimento (estoque Mercado — última posição)
TDAD05D415,TDA,01/04/2022,Dívida Interna,2022,Vencimento,1981.0,197683.99,0.00019768398999999999,Vencimento (estoque Mercado — última posição)
TDAD11G407,TDA,01/07/2020,Dívida Interna,2020,Vencimento,17740.0,1766904.0,0.001766904,Vencimento (estoque Mercado — última posição)
TDAD05K336,TDA,01/11/2019,Dívida Interna,2019,Vencimento,2354.0,236788.86,0.00023678886,Vencimento (estoque Mercado — última posição)
TDAD05L338,TDA,01/12/2021,Dívida Interna,2021,Vencimento,1650.0,165973.5,0.0001659735,Vencimento (estoque Mercado — última posição)
TDAD12J230,TDA,01/10/2019,Dívida Interna,2019,Vencimento,11181.0,1135542.36,0.00113554236,Vencimento (estoque Mercado — última posição)
TDA20030600,TDA,01/03/2020,Dívida Interna,2020,Vencimento,96709.0,10109958.86,0.010109958859999999,Vencimento (estoque Mercado — última posição)
TDAD04J337,TDA,01/10/2019,Dívida Interna,2019,Vencimento,187.0,18810.33,1.881033e-05,Vencimento (estoque Mercado — última posição)
TDAD05B337,TDA,01/02/2020,Dívida Interna,2020,Vencimento,4493.0,451950.87,0.00045195087,Vencimento (estoque Mercado — última posição)
TDAD05H412,TDA,01/08/2019,Dívida Interna,2019,Vencimento,454.0,45218.4,4.52184e-05,Vencimento (estoque Mercado — última posição)
TDAD05I237,TDA,01/09/2019,Dívida Interna,2019,Vencimento,22610.0,2296723.8,0.0022967238,Vencimento (estoque Mercado — última posição)
TDAD05J337,TDA,01/10/2020,Dívida Interna,2020,Vencimento,939.0,94454.01,9.445401e-05,Vencimento (estoque Mercado — última posição)
TDAD05K338,TDA,01/11/2021,Dívida Interna,2021,Vencimento,2354.0,236812.4,0.00023681239999999998,Vencimento (estoque Mercado — última posição)
LTN 010121,LTN,01/01/2021,Dívida Interna,2021,Vencimento,1117620.95,1117128820.14,1.11712882014,Vencimento (estoque Mercado — última posição)
TDA19060600,TDA,01/06/2019,Dívida Interna,2019,Vencimento,44303.0,4630106.53,0.004630106530000001,Vencimento (estoque Mercado — última posição)
TDA20080600,TDA,01/08/2020,Dívida Interna,2020,Vencimento,30031.0,3139140.43,0.0031391404300000003,Vencimento (estoque Mercado — última posição)
TDAD05I336,TDA,01/09/2019,Dívida Interna,2019,Vencimento,6151.0,618790.6,0.0006187906,Vencimento (estoque Mercado — última posição)
TDAD05J414,TDA,01/10/2021,Dívida Interna,2021,Vencimento,1491.0,148518.51,0.00014851851,Vencimento (estoque Mercado — última posição)
TDAD05K415,TDA,01/11/2022,Dívida Interna,2022,Vencimento,18092.0,1824578.2,0.0018245782,Vencimento (estoque Mercado — última posição)
TDAD11L406,TDA,01/12/2019,Dívida Interna,2019,Vencimento,7038.0,701055.18,0.0007010551800000001,Vencimento (estoque Mercado — última posição)
TDAD04G413,TDA,01/07/2019,Dívida Interna,2019,Vencimento,1548.0,154196.28,0.00015419628,Vencimento (estoque Mercado — última posição)
TDAD04G415,TDA,01/07/2021,Dívida Interna,2021,Vencimento,1548.0,154196.28,0.00015419628,Vencimento (estoque Mercado — última posição)
TDAD04H338,TDA,01/08/2020,Dívida Interna,2020,Vencimento,519.0,52206.21,5.220621e-05,Vencimento (estoque Mercado — última posição)
TDAD04J340,TDA,01/10/2022,Dívida Interna,2022,Vencimento,192.0,19526.4,1.95264e-05,Vencimento (estoque Mercado — última posição)
TDAD04L238,TDA,01/12/2019,Dívida Interna,2019,Vencimento,42619.0,4329238.02,0.00432923802,Vencimento (estoque Mercado — última posição)
TDA19100200,TDA,01/10/2019,Dívida Interna,2019,Vencimento,5764.0,579800.76,0.00057980076,Vencimento (estoque Mercado — última posição)
TDAD05F338,TDA,01/06/2021,Dívida Interna,2021,Vencimento,2231.0,224438.6,0.0002244386,Vencimento (estoque Mercado — última posição)
TDAD05I337,TDA,01/09/2020,Dívida Interna,2020,Vencimento,5706.0,574023.6,0.0005740236,Vencimento (estoque Mercado — última posição)
LTN 010120,LTN,01/01/2020,Dívida Interna,2020,Vencimento,91717785.21,91671689719.28,91.67168971928,Vencimento (estoque Mercado — última posição)
TDAD06A238,TDA,01/01/2021,Dívida Interna,2021,Vencimento,8539.0,867391.62,0.00086739162,Vencimento (estoque Mercado — última posição)
TDAD06B237,TDA,01/02/2020,Dívida Interna,2020,Vencimento,3484.0,353835.04,0.00035383504,Vencimento (estoque Mercado — última posição)
TDAD06D238,TDA,01/04/2021,Dívida Interna,2021,Vencimento,15017.0,1525426.86,0.0015254268600000001,Vencimento (estoque Mercado — última posição)
TDAE041258,TDA,01/12/2019,Dívida Interna,2019,Vencimento,2477.0,258945.58,0.00025894557999999997,Vencimento (estoque Mercado — última posição)
TDAE050774,TDA,01/07/2021,Dívida Interna,2021,Vencimento,582.0,60836.46,6.0836459999999997e-05,Vencimento (estoque Mercado — última posição)
TDAE070956,TDA,01/09/2020,Dívida Interna,2020,Vencimento,5559.0,581137.86,0.0005811378599999999,Vencimento (estoque Mercado — última posição)
TDAE070970,TDA,01/09/2019,Dívida Interna,2019,Vencimento,12035.0,1258138.9,0.0012581388999999999,Vencimento (estoque Mercado — última posição)
TDAE090354,TDA,01/03/2020,Dívida Interna,2020,Vencimento,30811.0,3220981.94,0.00322098194,Vencimento (estoque Mercado — última posição)
TDAD05H413,TDA,01/08/2020,Dívida Interna,2020,Vencimento,454.0,45218.4,4.52184e-05,Vencimento (estoque Mercado — última posição)
TDAD05I412,TDA,01/09/2019,Dívida Interna,2019,Vencimento,246.0,24504.06,2.4504060000000002e-05,Vencimento (estoque Mercado — última posição)
TDAD05K412,TDA,01/11/2019,Dívida Interna,2019,Vencimento,16771.0,1670391.6,0.0016703916,Vencimento (estoque Mercado — última posição)
TDAD05L336,TDA,01/12/2019,Dívida Interna,2019,Vencimento,1531.0,154018.6,0.0001540186,Vencimento (estoque Mercado — última posição)
TDAD06B412,TDA,01/02/2020,Dívida Interna,2020,Vencimento,2224.0,221510.4,0.00022151039999999999,Vencimento (estoque Mercado — última posição)
TDAD06C237,TDA,01/03/2020,Dívida Interna,2020,Vencimento,2719.0,276196.02,0.00027619602,Vencimento (estoque Mercado — última posição)
TDAD12D330,TDA,01/04/2020,Dívida Interna,2020,Vencimento,3068.0,308610.12,0.00030861011999999997,Vencimento (estoque Mercado — última posição)
TDAD12D232,TDA,01/04/2021,Dívida Interna,2021,Vencimento,19313.0,1961814.54,0.00196181454,Vencimento (estoque Mercado — última posição)
TDAD12D406,TDA,01/04/2020,Dívida Interna,2020,Vencimento,182.0,18127.2,1.81272e-05,Vencimento (estoque Mercado — última posição)
TDA19070600,TDA,01/07/2019,Dívida Interna,2019,Vencimento,160103.0,16737167.62,0.01673716762,Vencimento (estoque Mercado — última posição)
TDA20050600,TDA,01/05/2020,Dívida Interna,2020,Vencimento,44232.0,4622686.32,0.0046226863200000004,Vencimento (estoque Mercado — última posição)
TDAD05D414,TDA,01/04/2021,Dívida Interna,2021,Vencimento,1104.0,109969.44,0.00010996944000000001,Vencimento (estoque Mercado — última posição)
TDAD12J408,TDA,01/10/2022,Dívida Interna,2022,Vencimento,7213.0,726421.23,0.0007264212299999999,Vencimento (estoque Mercado — última posição)
TDAE041275,TDA,01/12/2021,Dívida Interna,2021,Vencimento,5885.0,615159.05,0.00061515905,Vencimento (estoque Mercado — última posição)
TDAD13L329,TDA,01/12/2020,Dívida Interna,2020,Vencimento,7901.0,794761.59,0.00079476159,Vencimento (estoque Mercado — última posição)
TDAD02K416,TDA,01/11/2020,Dívida Interna,2020,Vencimento,738.0,73512.18,7.351218e-05,Vencimento (estoque Mercado — última posição)
TDAD03I338,TDA,01/09/2019,Dívida Interna,2019,Vencimento,2291.0,230474.6,0.0002304746,Vencimento (estoque Mercado — última posição)
TDAD11A234,TDA,01/01/2022,Dívida Interna,2022,Vencimento,323.0,32826.49,3.282649e-05,Vencimento (estoque Mercado — última posição)
TDAD05I414,TDA,01/09/2021,Dívida Interna,2021,Vencimento,246.0,24504.06,2.4504060000000002e-05,Vencimento (estoque Mercado — última posição)
TDAD05J413,TDA,01/10/2020,Dívida Interna,2020,Vencimento,1491.0,148518.51,0.00014851851,Vencimento (estoque Mercado — última posição)
TDAD05K337,TDA,01/11/2020,Dívida Interna,2020,Vencimento,2354.0,236812.4,0.00023681239999999998,Vencimento (estoque Mercado — última posição)
TDAD05L238,TDA,01/12/2020,Dívida Interna,2020,Vencimento,9771.0,992538.18,0.00099253818,Vencimento (estoque Mercado — última posição)
TDAD05L413,TDA,01/12/2020,Dívida Interna,2020,Vencimento,30.0,2988.3,2.9883000000000003e-06,Vencimento (estoque Mercado — última posição)
TDAE000278,TDA,01/02/2020,Dívida Interna,2020,Vencimento,156.0,16303.56,1.6303559999999998e-05,Vencimento (estoque Mercado — última posição)
TDAD07J238,TDA,01/10/2022,Dívida Interna,2022,Vencimento,514.0,52787.8,5.27878e-05,Vencimento (estoque Mercado — última posição)
TDAD07K236,TDA,01/11/2020,Dívida Interna,2020,Vencimento,14041.0,1426284.78,0.00142628478,Vencimento (estoque Mercado — última posição)
TDAD08C236,TDA,01/03/2021,Dívida Interna,2021,Vencimento,646.0,65607.76,6.560776e-05,Vencimento (estoque Mercado — última posição)
TDAD12K331,TDA,01/11/2021,Dívida Interna,2021,Vencimento,4052.0,407631.2,0.0004076312,Vencimento (estoque Mercado — última posição)
TDAD13E230,TDA,01/05/2020,Dívida Interna,2020,Vencimento,2364.0,240087.84,0.00024008784,Vencimento (estoque Mercado — última posição)
NTN-I 150920,NTN-I,15/09/2020,Dívida Interna,2020,Vencimento,6382251.0,64466574.85,0.06446657485,Vencimento (estoque Mercado — última posição)
NTN-I 151219,NTN-I,15/12/2019,Dívida Interna,2019,Vencimento,7393849.0,55964641.98,0.05596464197999999,Vencimento (estoque Mercado — última posição)
ECTN 0004,ECTN,01/04/2020,Dívida Interna,2020,Vencimento,118326.0,503599005.78,0.5035990057799999,Vencimento (estoque Mercado — última posição)
TDA20030300,TDA,01/03/2020,Dívida Interna,2020,Vencimento,5035.0,511455.3,0.0005114553,Vencimento (estoque Mercado — última posição)
TDAD05H337,TDA,01/08/2020,Dívida Interna,2020,Vencimento,2058.0,207014.22,0.00020701422,Vencimento (estoque Mercado — última posição)
TDAE071273,TDA,01/12/2022,Dívida Interna,2022,Vencimento,32930.0,3489921.4,0.0034899213999999997,Vencimento (estoque Mercado — última posição)
TDA20080100,TDA,01/08/2020,Dívida Interna,2020,Vencimento,490.0,48804.0,4.8804e-05,Vencimento (estoque Mercado — última posição)
TDA20060300,TDA,01/06/2020,Dívida Interna,2020,Vencimento,6211.0,630913.38,0.00063091338,Vencimento (estoque Mercado — última posição)
TDAD04C415,TDA,01/03/2021,Dívida Interna,2021,Vencimento,875.0,87150.0,8.715e-05,Vencimento (estoque Mercado — última posição)
TDAD04F414,TDA,01/06/2020,Dívida Interna,2020,Vencimento,14759.0,1470143.99,0.00147014399,Vencimento (estoque Mercado — última posição)
TDAD11L232,TDA,01/12/2020,Dívida Interna,2020,Vencimento,38019.0,3861970.02,0.00386197002,Vencimento (estoque Mercado — última posição)
TDA19100600,TDA,01/10/2019,Dívida Interna,2019,Vencimento,237947.0,24867840.97,0.02486784097,Vencimento (estoque Mercado — última posição)
TDAD06E237,TDA,01/05/2020,Dívida Interna,2020,Vencimento,5799.0,588946.44,0.0005889464399999999,Vencimento (estoque Mercado — última posição)
TDAE100368,TDA,01/03/2020,Dívida Interna,2020,Vencimento,991.0,103599.14,0.00010359914,Vencimento (estoque Mercado — última posição)
TDAE110737,TDA,01/07/2020,Dívida Interna,2020,Vencimento,4048.0,423096.96,0.00042309696000000004,Vencimento (estoque Mercado — última posição)
HSTN A822,HSTN,15/06/2020,Dívida Interna,2020,Vencimento,4.0,175354.44,0.00017535444,Vencimento (estoque Mercado — última posição)
TDAH071270,TDA,01/12/2019,Dívida Interna,2019,Vencimento,3041.0,317906.14,0.00031790614,Vencimento (estoque Mercado — última posição)
TDAE100438,TDA,01/04/2020,Dívida Interna,2020,Vencimento,12199.0,1274917.49,0.00127491749,Vencimento (estoque Mercado — última posição)
TDAE110552,TDA,01/05/2020,Dívida Interna,2020,Vencimento,11231.0,1173751.81,0.00117375181,Vencimento (estoque Mercado — última posição)
TDAE120251,TDA,01/02/2020,Dívida Interna,2020,Vencimento,10680.0,1116166.8,0.0011161668,Vencimento (estoque Mercado — última posição)
TDAE120253,TDA,01/02/2022,Dívida Interna,2022,Vencimento,10680.0,1117555.2,0.0011175552,Vencimento (estoque Mercado — última posição)
TDAH100538,TDA,01/05/2020,Dívida Interna,2020,Vencimento,1078.0,112661.78,0.00011266178,Vencimento (estoque Mercado — última posição)
HSTN A830,HSTN,15/02/2021,Dívida Interna,2021,Vencimento,4.0,230682.92,0.00023068292000000002,Vencimento (estoque Mercado — última posição)
HSTN A831,HSTN,15/03/2021,Dívida Interna,2021,Vencimento,4.0,239069.72,0.00023906972,Vencimento (estoque Mercado — última posição)
TDAD06G337,TDA,01/07/2021,Dívida Interna,2021,Vencimento,3817.0,383952.03,0.00038395203,Vencimento (estoque Mercado — última posição)
TDAD06I238,TDA,01/09/2021,Dívida Interna,2021,Vencimento,16211.0,1646713.38,0.00164671338,Vencimento (estoque Mercado — última posição)
TDAH110138,TDA,01/01/2021,Dívida Interna,2021,Vencimento,2290.0,239396.6,0.0002393966,Vencimento (estoque Mercado — última posição)
TDAJ09KC18,TDA,01/11/2019,Dívida Interna,2019,Vencimento,6986.0,709498.16,0.00070949816,Vencimento (estoque Mercado — última posição)
TDAJ10JB18,TDA,01/10/2020,Dívida Interna,2020,Vencimento,1014.0,101998.26,0.00010199826,Vencimento (estoque Mercado — última posição)
TDAD08K409,TDA,01/11/2019,Dívida Interna,2019,Vencimento,1042.0,103783.2,0.00010378319999999999,Vencimento (estoque Mercado — última posição)
TDAD01D418,TDA,01/04/2021,Dívida Interna,2021,Vencimento,7151.0,712311.11,0.00071231111,Vencimento (estoque Mercado — última posição)
TDAD02A340,TDA,01/01/2020,Dívida Interna,2020,Vencimento,1558.0,156719.22,0.00015671922,Vencimento (estoque Mercado — última posição)
TDAD02C340,TDA,01/03/2020,Dívida Interna,2020,Vencimento,485.0,48791.0,4.8791e-05,Vencimento (estoque Mercado — última posição)
TDAD02A417,TDA,01/01/2021,Dívida Interna,2021,Vencimento,24591.0,2449509.51,0.0024495095099999996,Vencimento (estoque Mercado — última posição)
TDAD02C416,TDA,01/03/2020,Dívida Interna,2020,Vencimento,1927.0,191948.47,0.00019194847,Vencimento (estoque Mercado — última posição)
TDAD02K340,TDA,01/11/2020,Dívida Interna,2020,Vencimento,1103.0,110961.8,0.0001109618,Vencimento (estoque Mercado — última posição)
TDAD02L415,TDA,01/12/2019,Dívida Interna,2019,Vencimento,464.0,46219.04,4.621904e-05,Vencimento (estoque Mercado — última posição)
TDAD03C340,TDA,01/03/2021,Dívida Interna,2021,Vencimento,4970.0,499882.6,0.0004998826,Vencimento (estoque Mercado — última posição)
TDAD03H340,TDA,01/08/2021,Dívida Interna,2021,Vencimento,2717.0,273330.2,0.00027333020000000003,Vencimento (estoque Mercado — última posição)
TDAD11A233,TDA,01/01/2021,Dívida Interna,2021,Vencimento,323.0,32810.34,3.2810339999999996e-05,Vencimento (estoque Mercado — última posição)
TDA19120100,TDA,01/12/2019,Dívida Interna,2019,Vencimento,2034.0,202606.74,0.00020260674,Vencimento (estoque Mercado — última posição)
TDAD06I237,TDA,01/09/2020,Dívida Interna,2020,Vencimento,16627.0,1688970.66,0.0016889706599999999,Vencimento (estoque Mercado — última posição)
NTN-C 010421,NTN-C,01/04/2021,Dívida Interna,2021,Vencimento,8276956.64,46870147190.4,46.870147190400004,Vencimento (estoque Mercado — última posição)
TDAD05L337,TDA,01/12/2020,Dívida Interna,2020,Vencimento,1581.0,159032.79,0.00015903279000000002,Vencimento (estoque Mercado — última posição)
TDAD06A337,TDA,01/01/2021,Dívida Interna,2021,Vencimento,9835.0,989401.0,0.000989401,Vencimento (estoque Mercado — última posição)
TDAD12J405,TDA,01/10/2019,Dívida Interna,2019,Vencimento,7213.0,718414.8,0.0007184148000000001,Vencimento (estoque Mercado — última posição)
TDA21040600,TDA,01/04/2021,Dívida Interna,2021,Vencimento,47037.0,4917247.98,0.004917247980000001,Vencimento (estoque Mercado — última posição)
TDAD06I236,TDA,01/09/2019,Dívida Interna,2019,Vencimento,16757.0,1702176.06,0.00170217606,Vencimento (estoque Mercado — última posição)
TDAD06J237,TDA,01/10/2020,Dívida Interna,2020,Vencimento,17133.0,1740370.14,0.0017403701399999999,Vencimento (estoque Mercado — última posição)
TDAE110553,TDA,01/05/2021,Dívida Interna,2021,Vencimento,11231.0,1173976.43,0.00117397643,Vencimento (estoque Mercado — última posição)
TDAE110638,TDA,01/06/2021,Dívida Interna,2021,Vencimento,3263.0,341114.02,0.00034111402000000003,Vencimento (estoque Mercado — última posição)
HSTN A813,HSTN,15/09/2019,Dívida Interna,2019,Vencimento,248.0,9427330.64,0.00942733064,Vencimento (estoque Mercado — última posição)
TDAD06F236,TDA,01/06/2019,Dívida Interna,2019,Vencimento,17166.0,1743378.96,0.00174337896,Vencimento (estoque Mercado — última posição)
TDAD06G338,TDA,01/07/2022,Dívida Interna,2022,Vencimento,3817.0,385975.04,0.00038597504,Vencimento (estoque Mercado — última posição)
TDAE050772,TDA,01/07/2019,Dívida Interna,2019,Vencimento,582.0,60842.28,6.084228e-05,Vencimento (estoque Mercado — última posição)
TDAE070955,TDA,01/09/2019,Dívida Interna,2019,Vencimento,5559.0,581137.86,0.0005811378599999999,Vencimento (estoque Mercado — última posição)
TDA21080200,TDA,01/08/2021,Dívida Interna,2021,Vencimento,5.0,503.0,5.03e-07,Vencimento (estoque Mercado — última posição)
TDA19110600,TDA,01/11/2019,Dívida Interna,2019,Vencimento,8541.0,892619.91,0.00089261991,Vencimento (estoque Mercado — última posição)
TDA19030600,TDA,01/03/2019,Dívida Interna,2019,Vencimento,96709.0,10107057.59,0.01010705759,Vencimento (estoque Mercado — última posição)
TDAD06F238,TDA,01/06/2021,Dívida Interna,2021,Vencimento,16617.0,1687954.86,0.00168795486,Vencimento (estoque Mercado — última posição)
TDAD06F335,TDA,01/06/2019,Dívida Interna,2019,Vencimento,8269.0,831778.71,0.00083177871,Vencimento (estoque Mercado — última posição)
TDAD12J406,TDA,01/10/2020,Dívida Interna,2020,Vencimento,7213.0,718486.93,0.00071848693,Vencimento (estoque Mercado — última posição)
TDAE040776,TDA,01/07/2022,Dívida Interna,2022,Vencimento,26883.0,2824865.64,0.0028248656400000002,Vencimento (estoque Mercado — última posição)
TDAD05J237,TDA,01/10/2019,Dívida Interna,2019,Vencimento,20992.0,2131947.52,0.00213194752,Vencimento (estoque Mercado — última posição)
TDAD12F230,TDA,01/06/2019,Dívida Interna,2019,Vencimento,2254.0,228916.24,0.00022891623999999998,Vencimento (estoque Mercado — última posição)
TDAD12F231,TDA,01/06/2020,Dívida Interna,2020,Vencimento,2254.0,228961.32,0.00022896132000000001,Vencimento (estoque Mercado — última posição)
TDAE041273,TDA,01/12/2019,Dívida Interna,2019,Vencimento,5885.0,615217.9,0.0006152179,Vencimento (estoque Mercado — última posição)
TDA21050200,TDA,01/05/2021,Dívida Interna,2021,Vencimento,1312.0,131974.08,0.00013197407999999999,Vencimento (estoque Mercado — última posição)
LTN 011019,LTN,01/10/2019,Dívida Interna,2019,Vencimento,106790750.0,106758383645.9,106.7583836459,Vencimento (estoque Mercado — última posição)
LTN 010721,LTN,01/07/2021,Dívida Interna,2021,Vencimento,87745152.0,87713647805.13,87.71364780513001,Vencimento (estoque Mercado — última posição)
TDA21110600,TDA,01/11/2021,Dívida Interna,2021,Vencimento,14725.0,1539351.5,0.0015393515,Vencimento (estoque Mercado — última posição)
TDAE990778,TDA,01/07/2019,Dívida Interna,2019,Vencimento,893.0,93354.22,9.335422e-05,Vencimento (estoque Mercado — última posição)
TDAJ10HC17,TDA,01/08/2019,Dívida Interna,2019,Vencimento,888.0,90185.28,9.018528e-05,Vencimento (estoque Mercado — última posição)
HSTN A821,HSTN,15/05/2020,Dívida Interna,2020,Vencimento,5.0,215791.55,0.00021579154999999998,Vencimento (estoque Mercado — última posição)
HSTN A824,HSTN,15/08/2020,Dívida Interna,2020,Vencimento,4.0,184522.48,0.00018452248,Vencimento (estoque Mercado — última posição)
HSTN A826,HSTN,15/10/2020,Dívida Interna,2020,Vencimento,4.0,200845.32,0.00020084532,Vencimento (estoque Mercado — última posição)
HSTN A832,HSTN,15/04/2021,Dívida Interna,2021,Vencimento,4.0,247542.72,0.00024754272,Vencimento (estoque Mercado — última posição)
TDA20060200,TDA,01/06/2020,Dívida Interna,2020,Vencimento,7926.0,797355.6,0.0007973556,Vencimento (estoque Mercado — última posição)
TDA20060100,TDA,01/06/2020,Dívida Interna,2020,Vencimento,9266.0,922986.26,0.00092298626,Vencimento (estoque Mercado — última posição)
TDAD06I336,TDA,01/09/2020,Dívida Interna,2020,Vencimento,19729.0,1984737.4,0.0019847374,Vencimento (estoque Mercado — última posição)
TDAD06J236,TDA,01/10/2019,Dívida Interna,2019,Vencimento,18030.0,1831126.8,0.0018311268,Vencimento (estoque Mercado — última posição)
TDAE090338,TDA,01/03/2019,Dívida Interna,2019,Vencimento,29404.0,3073012.04,0.0030730120400000002,Vencimento (estoque Mercado — última posição)
TDAE100338,TDA,01/03/2020,Dívida Interna,2020,Vencimento,12254.0,1281033.16,0.00128103316,Vencimento (estoque Mercado — última posição)
TDAE100367,TDA,01/03/2019,Dívida Interna,2019,Vencimento,991.0,103569.41,0.00010356941,Vencimento (estoque Mercado — última posição)
TDAD06J411,TDA,01/10/2019,Dívida Interna,2019,Vencimento,10164.0,1012334.4,0.0010123344,Vencimento (estoque Mercado — última posição)
TDAE050758,TDA,01/07/2020,Dívida Interna,2020,Vencimento,253.0,26443.56,2.6443560000000003e-05,Vencimento (estoque Mercado — última posição)
TDAE090355,TDA,01/03/2021,Dívida Interna,2021,Vencimento,30811.0,3219441.39,0.00321944139,Vencimento (estoque Mercado — última posição)
TDA21080600,TDA,01/08/2021,Dívida Interna,2021,Vencimento,26061.0,2724416.94,0.00272441694,Vencimento (estoque Mercado — última posição)
TDA19080200,TDA,01/08/2019,Dívida Interna,2019,Vencimento,5.0,502.95,5.0295e-07,Vencimento (estoque Mercado — última posição)
TDAD06A237,TDA,01/01/2020,Dívida Interna,2020,Vencimento,8411.0,854221.16,0.0008542211600000001,Vencimento (estoque Mercado — última posição)
TDAD12J330,TDA,01/10/2020,Dívida Interna,2020,Vencimento,3099.0,311728.41,0.00031172841,Vencimento (estoque Mercado — última posição)
TDAE050458,TDA,01/04/2020,Dívida Interna,2020,Vencimento,190.0,19856.9,1.9856900000000003e-05,Vencimento (estoque Mercado — última posição)
TDAD06G411,TDA,01/07/2019,Dívida Interna,2019,Vencimento,14970.0,1491161.7,0.0014911617,Vencimento (estoque Mercado — última posição)
TDAD06H335,TDA,01/08/2019,Dívida Interna,2019,Vencimento,553.0,55626.27,5.562627e-05,Vencimento (estoque Mercado — última posição)
TDAD06H411,TDA,01/08/2019,Dívida Interna,2019,Vencimento,595.0,59262.0,5.9262e-05,Vencimento (estoque Mercado — última posição)
TDAD07D412,TDA,01/04/2021,Dívida Interna,2021,Vencimento,8.0,796.88,7.9688e-07,Vencimento (estoque Mercado — última posição)
Global 2019,Global,14/10/2019,Dívida Externa,2019,Vencimento,639043.0,2769752951.46,2.76975295146,Vencimento (estoque Mercado — última posição)
TDA22040600,TDA,01/04/2022,Dívida Interna,2022,Vencimento,17947.0,1879589.31,0.0018795893100000001,Vencimento (estoque Mercado — última posição)
HSTN A807,HSTN,15/03/2019,Dívida Interna,2019,Vencimento,275.0,9552774.0,0.009552774,Vencimento (estoque Mercado — última posição)
HSTN A817,HSTN,15/01/2020,Dívida Interna,2020,Vencimento,232.0,9394420.08,0.00939442008,Vencimento (estoque Mercado — última posição)
HSTN A818,HSTN,15/02/2020,Dívida Interna,2020,Vencimento,228.0,9398531.64,0.00939853164,Vencimento (estoque Mercado — última posição)
HSTN A819,HSTN,15/03/2020,Dívida Interna,2020,Vencimento,224.0,9330191.36,0.00933019136,Vencimento (estoque Mercado — última posição)
TDAD06K411,TDA,01/11/2019,Dívida Interna,2019,Vencimento,4678.0,465928.8,0.0004659288,Vencimento (estoque Mercado — última posição)
TDAD06L238,TDA,01/12/2021,Dívida Interna,2021,Vencimento,10037.0,1019558.46,0.00101955846,Vencimento (estoque Mercado — última posição)
TDAD07B236,TDA,01/02/2020,Dívida Interna,2020,Vencimento,23596.0,2396409.76,0.00239640976,Vencimento (estoque Mercado — última posição)
TDAD07D335,TDA,01/04/2020,Dívida Interna,2020,Vencimento,3611.0,363230.49,0.00036323048999999997,Vencimento (estoque Mercado — última posição)
TDAE991178,TDA,01/11/2019,Dívida Interna,2019,Vencimento,4820.0,503738.2,0.0005037382000000001,Vencimento (estoque Mercado — última posição)
TDAE991278,TDA,01/12/2019,Dívida Interna,2019,Vencimento,19043.0,1990755.22,0.00199075522,Vencimento (estoque Mercado — última posição)
HSTN A810,HSTN,15/06/2019,Dívida Interna,2019,Vencimento,261.0,9586973.7,0.0095869737,Vencimento (estoque Mercado — última posição)
HSTN A811,HSTN,15/07/2019,Dívida Interna,2019,Vencimento,257.0,9582414.62,0.009582414619999998,Vencimento (estoque Mercado — última posição)
HSTN A814,HSTN,15/10/2019,Dívida Interna,2019,Vencimento,244.0,9359556.96,0.009359556960000001,Vencimento (estoque Mercado — última posição)
TDAD06J412,TDA,01/10/2020,Dívida Interna,2020,Vencimento,10164.0,1012436.04,0.00101243604,Vencimento (estoque Mercado — última posição)
TDAD09L233,TDA,01/12/2019,Dívida Interna,2019,Vencimento,37.0,3758.46,3.75846e-06,Vencimento (estoque Mercado — última posição)
TDAD02J340,TDA,01/10/2020,Dívida Interna,2020,Vencimento,4450.0,447625.5,0.0004476255,Vencimento (estoque Mercado — última posição)
TDAD03I416,TDA,01/09/2021,Dívida Interna,2021,Vencimento,4479.0,446153.19,0.00044615319,Vencimento (estoque Mercado — última posição)
TDAD11L407,TDA,01/12/2020,Dívida Interna,2020,Vencimento,7454.0,742492.94,0.0007424929399999999,Vencimento (estoque Mercado — última posição)
TDAD08G237,TDA,01/07/2022,Dívida Interna,2022,Vencimento,11567.0,1181106.37,0.0011811063700000002,Vencimento (estoque Mercado — última posição)
TDAD08K234,TDA,01/11/2019,Dívida Interna,2019,Vencimento,2859.0,290360.04,0.00029036004,Vencimento (estoque Mercado — última posição)
TDAD09J408,TDA,01/10/2019,Dívida Interna,2019,Vencimento,2573.0,256270.8,0.0002562708,Vencimento (estoque Mercado — última posição)
TDAJ12JC18,TDA,01/10/2022,Dívida Interna,2022,Vencimento,27.0,2772.9,2.7729e-06,Vencimento (estoque Mercado — última posição)
TDAD09K334,TDA,01/11/2021,Dívida Interna,2021,Vencimento,2813.0,282987.8,0.0002829878,Vencimento (estoque Mercado — última posição)
TDAD10A233,TDA,01/01/2020,Dívida Interna,2020,Vencimento,124.0,12593.44,1.259344e-05,Vencimento (estoque Mercado — última posição)
TDA19120300,TDA,01/12/2019,Dívida Interna,2019,Vencimento,418.0,43793.86,4.379386e-05,Vencimento (estoque Mercado — última posição)
TDAD04F415,TDA,01/06/2021,Dívida Interna,2021,Vencimento,14759.0,1461731.36,0.00146173136,Vencimento (estoque Mercado — última posição)
TDAD04H340,TDA,01/08/2022,Dívida Interna,2022,Vencimento,533.0,53992.9,5.39929e-05,Vencimento (estoque Mercado — última posição)
TDAD11L331,TDA,01/12/2020,Dívida Interna,2020,Vencimento,5634.0,566724.06,0.0005667240600000001,Vencimento (estoque Mercado — última posição)
TDAD12D231,TDA,01/04/2020,Dívida Interna,2020,Vencimento,19313.0,1961428.28,0.00196142828,Vencimento (estoque Mercado — última posição)
TDAD07E236,TDA,01/05/2020,Dívida Interna,2020,Vencimento,7034.0,714373.04,0.0007143730400000001,Vencimento (estoque Mercado — última posição)
TDAJ11EB17,TDA,01/05/2020,Dívida Interna,2020,Vencimento,11336.0,1140288.24,0.00114028824,Vencimento (estoque Mercado — última posição)
TDAD09D235,TDA,01/04/2021,Dívida Interna,2021,Vencimento,2345.0,238205.1,0.0002382051,Vencimento (estoque Mercado — última posição)
TDAD09E234,TDA,01/05/2020,Dívida Interna,2020,Vencimento,1787.0,181487.72,0.00018148772,Vencimento (estoque Mercado — última posição)
LFT 010321,LFT,01/03/2021,Dívida Interna,2021,Vencimento,12821001.81,138354889650.61,138.35488965060998,Vencimento (estoque Mercado — última posição)
TDAD13L328,TDA,01/12/2019,Dívida Interna,2019,Vencimento,7901.0,794840.6,0.0007948406,Vencimento (estoque Mercado — última posição)
TDAD04I414,TDA,01/09/2020,Dívida Interna,2020,Vencimento,27.0,2689.47,2.68947e-06,Vencimento (estoque Mercado — última posição)
TDA20040600,TDA,01/04/2020,Dívida Interna,2020,Vencimento,47037.0,4915836.87,0.00491583687,Vencimento (estoque Mercado — última posição)
TDAD08K410,TDA,01/11/2020,Dívida Interna,2020,Vencimento,1144.0,113953.84,0.00011395384,Vencimento (estoque Mercado — última posição)
TDAD09C335,TDA,01/03/2022,Dívida Interna,2022,Vencimento,3418.0,344090.06,0.00034409006,Vencimento (estoque Mercado — última posição)
TDAD09F234,TDA,01/06/2020,Dívida Interna,2020,Vencimento,9490.0,963994.2,0.0009639942,Vencimento (estoque Mercado — última posição)
TDAD10F235,TDA,01/06/2022,Dívida Interna,2022,Vencimento,89.0,9076.22,9.07622e-06,Vencimento (estoque Mercado — última posição)
TDAD10G235,TDA,01/07/2022,Dívida Interna,2022,Vencimento,3109.0,317459.99,0.00031745998999999997,Vencimento (estoque Mercado — última posição)
TDA21080300,TDA,01/08/2021,Dívida Interna,2021,Vencimento,19034.0,1933473.72,0.00193347372,Vencimento (estoque Mercado — última posição)
TDA21010300,TDA,01/01/2021,Dívida Interna,2021,Vencimento,1284.0,130428.72,0.00013042872,Vencimento (estoque Mercado — última posição)
TDAD05D238,TDA,01/04/2020,Dívida Interna,2020,Vencimento,13340.0,1354810.4,0.0013548103999999998,Vencimento (estoque Mercado — última posição)
TDAD05F238,TDA,01/06/2020,Dívida Interna,2020,Vencimento,10788.0,1095845.04,0.00109584504,Vencimento (estoque Mercado — última posição)
TDAD05F337,TDA,01/06/2020,Dívida Interna,2020,Vencimento,2142.0,215485.2,0.0002154852,Vencimento (estoque Mercado — última posição)
TDAD12F232,TDA,01/06/2021,Dívida Interna,2021,Vencimento,2254.0,228961.32,0.00022896132000000001,Vencimento (estoque Mercado — última posição)
TDAD07E237,TDA,01/05/2021,Dívida Interna,2021,Vencimento,7010.0,712075.8,0.0007120758,Vencimento (estoque Mercado — última posição)
TDAD12K230,TDA,01/11/2019,Dívida Interna,2019,Vencimento,19398.0,1970060.88,0.00197006088,Vencimento (estoque Mercado — última posição)
TDAD09K235,TDA,01/11/2021,Dívida Interna,2021,Vencimento,2816.0,286049.28,0.00028604928000000005,Vencimento (estoque Mercado — última posição)
TDAD09K333,TDA,01/11/2020,Dívida Interna,2020,Vencimento,2813.0,282987.8,0.0002829878,Vencimento (estoque Mercado — última posição)
TDA20080300,TDA,01/08/2020,Dívida Interna,2020,Vencimento,19034.0,1933283.38,0.0019332833799999998,Vencimento (estoque Mercado — última posição)
TDAD05F339,TDA,01/06/2022,Dívida Interna,2022,Vencimento,2231.0,225308.69,0.00022530869,Vencimento (estoque Mercado — última posição)
TDAD03H339,TDA,01/08/2020,Dívida Interna,2020,Vencimento,2710.0,272598.9,0.0002725989,Vencimento (estoque Mercado — última posição)
TDAD03I414,TDA,01/09/2019,Dívida Interna,2019,Vencimento,4532.0,451432.52,0.00045143252,Vencimento (estoque Mercado — última posição)
TDAD03J414,TDA,01/10/2019,Dívida Interna,2019,Vencimento,310.0,30876.0,3.0876e-05,Vencimento (estoque Mercado — última posição)
TDAD11D231,TDA,01/04/2019,Dívida Interna,2019,Vencimento,186.0,18893.88,1.889388e-05,Vencimento (estoque Mercado — última posição)
TDAH121136,TDA,01/11/2020,Dívida Interna,2020,Vencimento,9892.0,1034109.68,0.00103410968,Vencimento (estoque Mercado — última posição)
TDAD09H235,TDA,01/08/2021,Dívida Interna,2021,Vencimento,412.0,41850.96,4.185096e-05,Vencimento (estoque Mercado — última posição)
TDAD09I332,TDA,01/09/2019,Dívida Interna,2019,Vencimento,5771.0,580562.6,0.0005805626,Vencimento (estoque Mercado — última posição)
TDAD01I340,TDA,01/09/2019,Dívida Interna,2019,Vencimento,2832.0,284899.2,0.00028489920000000004,Vencimento (estoque Mercado — última posição)
TDAD02H339,TDA,01/08/2019,Dívida Interna,2019,Vencimento,4715.0,474281.85,0.00047428184999999997,Vencimento (estoque Mercado — última posição)
TDAD02I339,TDA,01/09/2019,Dívida Interna,2019,Vencimento,1599.0,160859.4,0.0001608594,Vencimento (estoque Mercado — última posição)
TDAD10C332,TDA,01/03/2020,Dívida Interna,2020,Vencimento,1067.0,107340.2,0.0001073402,Vencimento (estoque Mercado — última posição)
TDAD10C333,TDA,01/03/2021,Dívida Interna,2021,Vencimento,1067.0,107318.86,0.00010731886,Vencimento (estoque Mercado — última posição)
TDAD10D332,TDA,01/04/2020,Dívida Interna,2020,Vencimento,7315.0,735815.85,0.00073581585,Vencimento (estoque Mercado — última posição)
TDA19120200,TDA,01/12/2019,Dívida Interna,2019,Vencimento,14090.0,1417454.0,0.001417454,Vencimento (estoque Mercado — última posição)
TDAD01C418,TDA,01/03/2021,Dívida Interna,2021,Vencimento,365.0,36335.75,3.633575e-05,Vencimento (estoque Mercado — última posição)
TDAD01H417,TDA,01/08/2020,Dívida Interna,2020,Vencimento,68.0,6772.8,6.7728e-06,Vencimento (estoque Mercado — última posição)
TDAD01H418,TDA,01/08/2021,Dívida Interna,2021,Vencimento,83.0,8267.63,8.267629999999999e-06,Vencimento (estoque Mercado — última posição)
TDAD01K340,TDA,01/11/2019,Dívida Interna,2019,Vencimento,3754.0,377614.86,0.00037761486,Vencimento (estoque Mercado — última posição)
TDAD02H416,TDA,01/08/2020,Dívida Interna,2020,Vencimento,3250.0,323700.0,0.0003237,Vencimento (estoque Mercado — última posição)
TDAD03L415,TDA,01/12/2020,Dívida Interna,2020,Vencimento,4952.0,493268.72,0.00049326872,Vencimento (estoque Mercado — última posição)
TDAD04C238,TDA,01/03/2019,Dívida Interna,2019,Vencimento,28585.0,2903092.6,0.0029030926,Vencimento (estoque Mercado — última posição)
TDAD10G232,TDA,01/07/2019,Dívida Interna,2019,Vencimento,3109.0,315812.22,0.00031581222,Vencimento (estoque Mercado — última posição)
TDA19060300,TDA,01/06/2019,Dívida Interna,2019,Vencimento,458.0,46514.48,4.651448e-05,Vencimento (estoque Mercado — última posição)
NTN-B 150519,NTN-B,15/05/2019,Dívida Interna,2019,Vencimento,22812535.0,75345716695.6,75.3457166956,Vencimento (estoque Mercado — última posição)
TDAD03I415,TDA,01/09/2020,Dívida Interna,2020,Vencimento,4069.0,405313.09,0.00040531309000000005,Vencimento (estoque Mercado — última posição)
TDAD03K339,TDA,01/11/2020,Dívida Interna,2020,Vencimento,1539.0,154823.4,0.0001548234,Vencimento (estoque Mercado — última posição)
TDAD10F233,TDA,01/06/2020,Dívida Interna,2020,Vencimento,89.0,9040.62,9.040620000000001e-06,Vencimento (estoque Mercado — última posição)
TDAD10G332,TDA,01/07/2020,Dívida Interna,2020,Vencimento,234.0,23535.72,2.353572e-05,Vencimento (estoque Mercado — última posição)
TDAD04H413,TDA,01/08/2019,Dívida Interna,2019,Vencimento,27593.0,2748262.8,0.0027482628,Vencimento (estoque Mercado — última posição)
TDAD04I238,TDA,01/09/2019,Dívida Interna,2019,Vencimento,15658.0,1590539.64,0.0015905396399999998,Vencimento (estoque Mercado — última posição)
TDAD04L339,TDA,01/12/2021,Dívida Interna,2021,Vencimento,36233.0,3644677.47,0.00364467747,Vencimento (estoque Mercado — última posição)
TDAD05B339,TDA,01/02/2022,Dívida Interna,2022,Vencimento,6071.0,611288.99,0.00061128899,Vencimento (estoque Mercado — última posição)
TDA20030100,TDA,01/03/2020,Dívida Interna,2020,Vencimento,19232.0,1915699.52,0.00191569952,Vencimento (estoque Mercado — última posição)
TDA20070600,TDA,01/07/2020,Dívida Interna,2020,Vencimento,29024.0,3033588.48,0.00303358848,Vencimento (estoque Mercado — última posição)
TDA19090600,TDA,01/09/2019,Dívida Interna,2019,Vencimento,2782.0,290830.28,0.00029083028,Vencimento (estoque Mercado — última posição)
TDAD03E415,TDA,01/05/2020,Dívida Interna,2020,Vencimento,4335.0,431766.0,0.000431766,Vencimento (estoque Mercado — última posição)
TDAD04L337,TDA,01/12/2019,Dívida Interna,2019,Vencimento,36959.0,3718075.4,0.0037180754,Vencimento (estoque Mercado — última posição)
TDAD04I413,TDA,01/09/2019,Dívida Interna,2019,Vencimento,14.0,1394.54,1.39454e-06,Vencimento (estoque Mercado — última posição)
TDAD13F232,TDA,01/06/2022,Dívida Interna,2022,Vencimento,3917.0,399455.66,0.00039945565999999997,Vencimento (estoque Mercado — última posição)
TDAD10L234,TDA,01/12/2021,Dívida Interna,2021,Vencimento,137.0,13916.46,1.3916459999999999e-05,Vencimento (estoque Mercado — última posição)
NTN-I 150622,NTN-I,15/06/2022,Dívida Interna,2022,Vencimento,4512063.0,41840901.64,0.04184090164,Vencimento (estoque Mercado — última posição)
ECTN 0210,ECTN,01/10/2022,Dívida Interna,2022,Vencimento,222245.0,1091671884.9,1.0916718849,Vencimento (estoque Mercado — última posição)
TDAD10I235,TDA,01/09/2022,Dívida Interna,2022,Vencimento,7.0,717.64,7.1764e-07,Vencimento (estoque Mercado — última posição)
TDAD06C338,TDA,01/03/2022,Dívida Interna,2022,Vencimento,9794.0,985961.98,0.00098596198,Vencimento (estoque Mercado — última posição)
TDAD07B337,TDA,01/02/2022,Dívida Interna,2022,Vencimento,5160.0,519560.4,0.0005195604,Vencimento (estoque Mercado — última posição)
TDA22080200,TDA,01/08/2022,Dívida Interna,2022,Vencimento,5.0,506.5,5.065e-07,Vencimento (estoque Mercado — última posição)
TDAD06G414,TDA,01/07/2022,Dívida Interna,2022,Vencimento,14952.0,1497143.76,0.00149714376,Vencimento (estoque Mercado — última posição)
TDAD10C235,TDA,01/03/2022,Dívida Interna,2022,Vencimento,15515.0,1577099.75,0.00157709975,Vencimento (estoque Mercado — última posição)
NTN-I 150722,NTN-I,15/07/2022,Dívida Interna,2022,Vencimento,5386207.0,55445016.98,0.05544501698,Vencimento (estoque Mercado — última posição)
TDAD03K417,TDA,01/11/2022,Dívida Interna,2022,Vencimento,734.0,74023.9,7.402389999999999e-05,Vencimento (estoque Mercado — última posição)
TDAD11D234,TDA,01/04/2022,Dívida Interna,2022,Vencimento,186.0,18929.22,1.892922e-05,Vencimento (estoque Mercado — última posição)
TDAH071273,TDA,01/12/2022,Dívida Interna,2022,Vencimento,3041.0,322285.18,0.00032228518,Vencimento (estoque Mercado — última posição)
TDAD07K337,TDA,01/11/2022,Dívida Interna,2022,Vencimento,9510.0,968593.5,0.0009685935,Vencimento (estoque Mercado — última posição)
TDAD10G334,TDA,01/07/2022,Dívida Interna,2022,Vencimento,234.0,23662.08,2.366208e-05,Vencimento (estoque Mercado — última posição)
TDAD00H417,TDA,01/08/2019,Dívida Interna,2019,Vencimento,263.0,26194.8,2.61948e-05,Vencimento (estoque Mercado — última posição)
TDAD00H418,TDA,01/08/2020,Dívida Interna,2020,Vencimento,294.0,29282.4,2.9282400000000003e-05,Vencimento (estoque Mercado — última posição)
TDAD03K338,TDA,01/11/2019,Dívida Interna,2019,Vencimento,1575.0,158429.25,0.00015842925,Vencimento (estoque Mercado — última posição)
TDAD10C234,TDA,01/03/2021,Dívida Interna,2021,Vencimento,15570.0,1581289.2,0.0015812892,Vencimento (estoque Mercado — última posição)
TDAD10C331,TDA,01/03/2019,Dívida Interna,2019,Vencimento,1067.0,107329.53,0.00010732953,Vencimento (estoque Mercado — última posição)
HCFTE51001,HCFTE51001,01/03/2022,Dívida Interna,2022,Vencimento,237543.0,10501776.03,0.01050177603,Vencimento (estoque Mercado — última posição)
LFT 010920,LFT,01/09/2020,Dívida Interna,2020,Vencimento,6743327.0,72103598377.81,72.10359837781,Vencimento (estoque Mercado — última posição)
TDAD05B338,TDA,01/02/2021,Dívida Interna,2021,Vencimento,4753.0,478151.8,0.0004781518,Vencimento (estoque Mercado — última posição)
TDAE120437,TDA,01/04/2021,Dívida Interna,2021,Vencimento,477.0,49865.58,4.9865580000000004e-05,Vencimento (estoque Mercado — última posição)
TDAD04I338,TDA,01/09/2020,Dívida Interna,2020,Vencimento,10597.0,1066058.2,0.0010660582,Vencimento (estoque Mercado — última posição)
TDAD07F238,TDA,01/06/2022,Dívida Interna,2022,Vencimento,20900.0,2131382.0,0.002131382,Vencimento (estoque Mercado — última posição)
TDAJ11EB18,TDA,01/05/2021,Dívida Interna,2021,Vencimento,11675.0,1174388.25,0.00117438825,Vencimento (estoque Mercado — última posição)
TDAJ11LC17,TDA,01/12/2020,Dívida Interna,2020,Vencimento,210.0,21331.8,2.1331799999999998e-05,Vencimento (estoque Mercado — última posição)
NTN-I 150121,NTN-I,15/01/2021,Dívida Interna,2021,Vencimento,6846871.0,66520124.74,0.06652012474,Vencimento (estoque Mercado — última posição)
ECTN 0101,ECTN,01/01/2021,Dívida Interna,2021,Vencimento,49748.0,237297960.0,0.23729796,Vencimento (estoque Mercado — última posição)
TDAD10J233,TDA,01/10/2020,Dívida Interna,2020,Vencimento,478.0,48555.24,4.8555239999999995e-05,Vencimento (estoque Mercado — última posição)
TDAD08D335,TDA,01/04/2021,Dívida Interna,2021,Vencimento,2744.0,276046.4,0.00027604640000000003,Vencimento (estoque Mercado — última posição)
TDAD06C238,TDA,01/03/2021,Dívida Interna,2021,Vencimento,2767.0,281016.52,0.00028101652,Vencimento (estoque Mercado — última posição)
TDAD12K233,TDA,01/11/2022,Dívida Interna,2022,Vencimento,19503.0,2005883.55,0.00200588355,Vencimento (estoque Mercado — última posição)
TDAD12J331,TDA,01/10/2021,Dívida Interna,2021,Vencimento,3066.0,308408.94,0.00030840894,Vencimento (estoque Mercado — última posição)
TDAD12J407,TDA,01/10/2021,Dívida Interna,2021,Vencimento,7213.0,718486.93,0.00071848693,Vencimento (estoque Mercado — última posição)
TDAD08J235,TDA,01/10/2020,Dívida Interna,2020,Vencimento,7239.0,735337.62,0.00073533762,Vencimento (estoque Mercado — última posição)
TDAD08J237,TDA,01/10/2022,Dívida Interna,2022,Vencimento,6674.0,685419.8,0.0006854198,Vencimento (estoque Mercado — última posição)
ECTN 0110,ECTN,01/10/2021,Dívida Interna,2021,Vencimento,6664.0,34263222.56,0.03426322256,Vencimento (estoque Mercado — última posição)
TDAE100355,TDA,01/03/2022,Dívida Interna,2022,Vencimento,1983.0,207401.97,0.00020740197,Vencimento (estoque Mercado — última posição)
TDAE120438,TDA,01/04/2022,Dívida Interna,2022,Vencimento,482.0,50479.86,5.047986e-05,Vencimento (estoque Mercado — última posição)
TDAD06B238,TDA,01/02/2021,Dívida Interna,2021,Vencimento,3479.0,353396.82,0.00035339682,Vencimento (estoque Mercado — última posição)
TDAD06D338,TDA,01/04/2022,Dívida Interna,2022,Vencimento,13735.0,1384213.3,0.0013842133000000001,Vencimento (estoque Mercado — última posição)
TDAD08E335,TDA,01/05/2021,Dívida Interna,2021,Vencimento,6967.0,700810.53,0.00070081053,Vencimento (estoque Mercado — última posição)
TDAD08F236,TDA,01/06/2021,Dívida Interna,2021,Vencimento,16222.0,1647830.76,0.00164783076,Vencimento (estoque Mercado — última posição)
TDAD12I232,TDA,01/09/2021,Dívida Interna,2021,Vencimento,1839.0,186805.62,0.00018680562,Vencimento (estoque Mercado — última posição)
TDAE110538,TDA,01/05/2021,Dívida Interna,2021,Vencimento,28175.0,2945132.75,0.00294513275,Vencimento (estoque Mercado — última posição)
TDAD06F413,TDA,01/06/2021,Dívida Interna,2021,Vencimento,409.0,40740.49,4.074049e-05,Vencimento (estoque Mercado — última posição)
TDAD06G413,TDA,01/07/2021,Dívida Interna,2021,Vencimento,14970.0,1491161.7,0.0014911617,Vencimento (estoque Mercado — última posição)
TDA20100600,TDA,01/10/2020,Dívida Interna,2020,Vencimento,18253.0,1907986.09,0.00190798609,Vencimento (estoque Mercado — última posição)
TDAD12L231,TDA,01/12/2020,Dívida Interna,2020,Vencimento,27034.0,2746113.72,0.0027461137200000003,Vencimento (estoque Mercado — última posição)
TDAD09F235,TDA,01/06/2021,Dívida Interna,2021,Vencimento,9126.0,927019.08,0.00092701908,Vencimento (estoque Mercado — última posição)
TDAH071272,TDA,01/12/2021,Dívida Interna,2021,Vencimento,3041.0,317875.73,0.00031787572999999997,Vencimento (estoque Mercado — última posição)
TDAE120237,TDA,01/02/2021,Dívida Interna,2021,Vencimento,13264.0,1386618.56,0.00138661856,Vencimento (estoque Mercado — última posição)
TDAE120252,TDA,01/02/2021,Dívida Interna,2021,Vencimento,10680.0,1116487.2,0.0011164872,Vencimento (estoque Mercado — última posição)
ECTN 0103,ECTN,01/03/2021,Dívida Interna,2021,Vencimento,30247.0,150428010.04,0.15042801004,Vencimento (estoque Mercado — última posição)
TDA22010300,TDA,01/01/2022,Dívida Interna,2022,Vencimento,1232.0,125208.16,0.00012520816,Vencimento (estoque Mercado — última posição)
TDAD13L230,TDA,01/12/2020,Dívida Interna,2020,Vencimento,11086.0,1126115.88,0.00112611588,Vencimento (estoque Mercado — última posição)
TDAD09B236,TDA,01/02/2022,Dívida Interna,2022,Vencimento,116.0,11794.88,1.179488e-05,Vencimento (estoque Mercado — última posição)
TDAD07G413,TDA,01/07/2022,Dívida Interna,2022,Vencimento,2157.0,215980.41,0.00021598041,Vencimento (estoque Mercado — última posição)
TDAD07J236,TDA,01/10/2020,Dívida Interna,2020,Vencimento,465.0,47234.7,4.72347e-05,Vencimento (estoque Mercado — última posição)
TDAD02C417,TDA,01/03/2021,Dívida Interna,2021,Vencimento,1823.0,181570.8,0.00018157079999999999,Vencimento (estoque Mercado — última posição)
TDA22080600,TDA,01/08/2022,Dívida Interna,2022,Vencimento,413.0,43476.51,4.3476510000000004e-05,Vencimento (estoque Mercado — última posição)
TDAD08A236,TDA,01/01/2021,Dívida Interna,2021,Vencimento,588.0,59729.04,5.972904e-05,Vencimento (estoque Mercado — última posição)
TDAD08B236,TDA,01/02/2021,Dívida Interna,2021,Vencimento,606.0,61557.48,6.155748e-05,Vencimento (estoque Mercado — última posição)
TDAD08I237,TDA,01/09/2022,Dívida Interna,2022,Vencimento,7089.0,726764.28,0.00072676428,Vencimento (estoque Mercado — última posição)
TDAD07G236,TDA,01/07/2020,Dívida Interna,2020,Vencimento,5588.0,567573.16,0.00056757316,Vencimento (estoque Mercado — última posição)
TDAD07H335,TDA,01/08/2020,Dívida Interna,2020,Vencimento,196.0,19715.64,1.971564e-05,Vencimento (estoque Mercado — última posição)
TDAD07H410,TDA,01/08/2019,Dívida Interna,2019,Vencimento,1856.0,184857.6,0.0001848576,Vencimento (estoque Mercado — última posição)
NTN-I 151019,NTN-I,15/10/2019,Dívida Interna,2019,Vencimento,10192047.0,75449043.43,0.07544904343,Vencimento (estoque Mercado — última posição)
NTN-I 151119,NTN-I,15/11/2019,Dívida Interna,2019,Vencimento,9192117.0,65958651.4,0.0659586514,Vencimento (estoque Mercado — última posição)
TDAD08J333,TDA,01/10/2019,Dívida Interna,2019,Vencimento,565.0,56833.35,5.683335e-05,Vencimento (estoque Mercado — última posição)
TDAD08K411,TDA,01/11/2021,Dívida Interna,2021,Vencimento,1038.0,103395.18,0.00010339518,Vencimento (estoque Mercado — última posição)
TDAD09B234,TDA,01/02/2020,Dívida Interna,2020,Vencimento,116.0,11780.96,1.1780959999999998e-05,Vencimento (estoque Mercado — última posição)
TDAD09B334,TDA,01/02/2021,Dívida Interna,2021,Vencimento,478.0,48086.8,4.80868e-05,Vencimento (estoque Mercado — última posição)
TDAD12I230,TDA,01/09/2019,Dívida Interna,2019,Vencimento,1839.0,186805.62,0.00018680562,Vencimento (estoque Mercado — última posição)
NTN-I 150820,NTN-I,15/08/2020,Dívida Interna,2020,Vencimento,6260914.0,59773628.39,0.05977362839,Vencimento (estoque Mercado — última posição)
TDAD08G333,TDA,01/07/2019,Dívida Interna,2019,Vencimento,1040.0,104624.0,0.000104624,Vencimento (estoque Mercado — última posição)
TDAD11J232,TDA,01/10/2020,Dívida Interna,2020,Vencimento,605.0,61455.9,6.14559e-05,Vencimento (estoque Mercado — última posição)
TDAD10L232,TDA,01/12/2019,Dívida Interna,2019,Vencimento,137.0,13916.46,1.3916459999999999e-05,Vencimento (estoque Mercado — última posição)
Global BRL 2022,Global,05/01/2022,Dívida Externa,2022,Vencimento,2216399.0,2350956583.29,2.35095658329,Vencimento (estoque Mercado — última posição)
ECTN 9911,ECTN,01/11/2019,Dívida Interna,2019,Vencimento,10056.0,43601810.4,0.043601810399999996,Vencimento (estoque Mercado — última posição)
ECTN 0001,ECTN,01/01/2020,Dívida Interna,2020,Vencimento,90353.0,384680608.09,0.38468060809,Vencimento (estoque Mercado — última posição)
TDAD08E235,TDA,01/05/2020,Dívida Interna,2020,Vencimento,3883.0,394357.48,0.00039435748,Vencimento (estoque Mercado — última posição)
TDAD12L230,TDA,01/12/2019,Dívida Interna,2019,Vencimento,27036.0,2746316.88,0.00274631688,Vencimento (estoque Mercado — última posição)
NTN-I 150620,NTN-I,15/06/2020,Dívida Interna,2020,Vencimento,6224314.0,61670702.29,0.06167070229,Vencimento (estoque Mercado — última posição)
TDAJ12HC15,TDA,01/08/2019,Dívida Interna,2019,Vencimento,695.0,70584.2,7.05842e-05,Vencimento (estoque Mercado — última posição)
TDAD13H229,TDA,01/08/2019,Dívida Interna,2019,Vencimento,239.0,24272.84,2.427284e-05,Vencimento (estoque Mercado — última posição)
NTN-F 010121,NTN-F,01/01/2021,Dívida Interna,2021,Vencimento,99710849.67,104528636235.5,104.5286362355,Vencimento (estoque Mercado — última posição)
NTN-I 150420,NTN-I,15/04/2020,Dívida Interna,2020,Vencimento,9249087.0,86565775.38,0.08656577538,Vencimento (estoque Mercado — última posição)
TDAD13H231,TDA,01/08/2021,Dívida Interna,2021,Vencimento,239.0,24277.62,2.4277619999999997e-05,Vencimento (estoque Mercado — última posição)
TDAH090354,TDA,01/03/2020,Dívida Interna,2020,Vencimento,1026.0,107258.04,0.00010725804,Vencimento (estoque Mercado — última posição)
TDAD13E229,TDA,01/05/2019,Dívida Interna,2019,Vencimento,2364.0,240087.84,0.00024008784,Vencimento (estoque Mercado — última posição)
NTN-I 150120,NTN-I,15/01/2020,Dívida Interna,2020,Vencimento,8341856.0,60436696.66,0.06043669666,Vencimento (estoque Mercado — última posição)
NTN-I 150519,NTN-I,15/05/2019,Dívida Interna,2019,Vencimento,9998053.0,68999843.11,0.06899984311,Vencimento (estoque Mercado — última posição)
TDAD08I235,TDA,01/09/2020,Dívida Interna,2020,Vencimento,7146.0,725890.68,0.0007258906800000001,Vencimento (estoque Mercado — última posição)
TDAD08J334,TDA,01/10/2020,Dívida Interna,2020,Vencimento,513.0,51602.67,5.160267e-05,Vencimento (estoque Mercado — última posição)
TDAD09H408,TDA,01/08/2019,Dívida Interna,2019,Vencimento,98.0,9760.8,9.7608e-06,Vencimento (estoque Mercado — última posição)
TDAD09H409,TDA,01/08/2020,Dívida Interna,2020,Vencimento,98.0,9760.8,9.7608e-06,Vencimento (estoque Mercado — última posição)
TDAD09I233,TDA,01/09/2019,Dívida Interna,2019,Vencimento,11508.0,1168982.64,0.0011689826399999999,Vencimento (estoque Mercado — última posição)
NTN-B 150820,NTN-B,15/08/2020,Dívida Interna,2020,Vencimento,18730588.48,63557340083.03,63.55734008303,Vencimento (estoque Mercado — última posição)
TDAD10C408,TDA,01/03/2020,Dívida Interna,2020,Vencimento,5601.0,557915.61,0.00055791561,Vencimento (estoque Mercado — última posição)
TDAD02C415,TDA,01/03/2019,Dívida Interna,2019,Vencimento,1906.0,189837.6,0.0001898376,Vencimento (estoque Mercado — última posição)
TDAD02C339,TDA,01/03/2019,Dívida Interna,2019,Vencimento,789.0,79365.51,7.936550999999999e-05,Vencimento (estoque Mercado — última posição)
TDAD13J230,TDA,01/10/2020,Dívida Interna,2020,Vencimento,31844.0,3234713.52,0.00323471352,Vencimento (estoque Mercado — última posição)
TDAD00L418,TDA,01/12/2020,Dívida Interna,2020,Vencimento,331.0,32970.91,3.297091e-05,Vencimento (estoque Mercado — última posição)
TDAD01D416,TDA,01/04/2019,Dívida Interna,2019,Vencimento,7136.0,710816.96,0.0007108169599999999,Vencimento (estoque Mercado — última posição)
TDAD01E416,TDA,01/05/2019,Dívida Interna,2019,Vencimento,953.0,94918.8,9.49188e-05,Vencimento (estoque Mercado — última posição)
TDAD01G340,TDA,01/07/2019,Dívida Interna,2019,Vencimento,2355.0,236913.0,0.000236913,Vencimento (estoque Mercado — última posição)
TDAD09E233,TDA,01/05/2019,Dívida Interna,2019,Vencimento,2483.0,252173.48,0.00025217348,Vencimento (estoque Mercado — última posição)
TDAD09H333,TDA,01/08/2020,Dívida Interna,2020,Vencimento,8861.0,891327.99,0.00089132799,Vencimento (estoque Mercado — última posição)
TDAJ11DB16,TDA,01/04/2019,Dívida Interna,2019,Vencimento,282.0,28369.2,2.83692e-05,Vencimento (estoque Mercado — última posição)
TDAJ09EC18,TDA,01/05/2019,Dívida Interna,2019,Vencimento,2767.0,281016.52,0.00028101652,Vencimento (estoque Mercado — última posição)
TDAJ10EB18,TDA,01/05/2020,Dívida Interna,2020,Vencimento,31.0,3118.29,3.11829e-06,Vencimento (estoque Mercado — última posição)
TDAD13H230,TDA,01/08/2020,Dívida Interna,2020,Vencimento,239.0,24275.23,2.427523e-05,Vencimento (estoque Mercado — última posição)
NTN-I 150819,NTN-I,15/08/2019,Dívida Interna,2019,Vencimento,8922808.0,59823198.22,0.05982319822,Vencimento (estoque Mercado — última posição)
TDAD12A231,TDA,01/01/2020,Dívida Interna,2020,Vencimento,503.0,51084.68,5.108468e-05,Vencimento (estoque Mercado — última posição)
TDAD02L417,TDA,01/12/2021,Dívida Interna,2021,Vencimento,467.0,46517.87,4.651787e-05,Vencimento (estoque Mercado — última posição)
TDAH090356,TDA,01/03/2022,Dívida Interna,2022,Vencimento,1026.0,107309.34,0.00010730934,Vencimento (estoque Mercado — última posição)
LTN 010122,LTN,01/01/2022,Dívida Interna,2022,Vencimento,115662411.93,115628356713.72,115.62835671372,Vencimento (estoque Mercado — última posição)
Euro 2021,Euro,01/04/2021,Dívida Externa,2021,Vencimento,1000000.0,6883250000.0,6.88325,Vencimento (estoque Mercado — última posição)
NTN-I 151020,NTN-I,15/10/2020,Dívida Interna,2020,Vencimento,7776029.0,81441306.6,0.0814413066,Vencimento (estoque Mercado — última posição)
TDAD09C235,TDA,01/03/2021,Dívida Interna,2021,Vencimento,20925.0,2125143.0,0.002125143,Vencimento (estoque Mercado — última posição)
TDA20070200,TDA,01/07/2020,Dívida Interna,2020,Vencimento,192.0,19311.36,1.931136e-05,Vencimento (estoque Mercado — última posição)
TDAD07I236,TDA,01/09/2020,Dívida Interna,2020,Vencimento,5036.0,511556.88,0.00051155688,Vencimento (estoque Mercado — última posição)
TDAD07I335,TDA,01/09/2020,Dívida Interna,2020,Vencimento,1131.0,113778.6,0.00011377860000000001,Vencimento (estoque Mercado — última posição)
TDAD07L335,TDA,01/12/2020,Dívida Interna,2020,Vencimento,11809.0,1187867.31,0.00118786731,Vencimento (estoque Mercado — última posição)
TDAJ11DB17,TDA,01/04/2020,Dívida Interna,2020,Vencimento,282.0,28366.38,2.8366380000000002e-05,Vencimento (estoque Mercado — última posição)
TDAD07G237,TDA,01/07/2021,Dívida Interna,2021,Vencimento,5566.0,565394.28,0.0005653942800000001,Vencimento (estoque Mercado — última posição)
ECTN 0112,ECTN,01/12/2021,Dívida Interna,2021,Vencimento,157189.0,795137412.72,0.79513741272,Vencimento (estoque Mercado — última posição)
NTN-I 150422,NTN-I,15/04/2022,Dívida Interna,2022,Vencimento,5877569.0,54517585.21,0.054517585210000004,Vencimento (estoque Mercado — última posição)
TDAD07I336,TDA,01/09/2021,Dívida Interna,2021,Vencimento,1131.0,113778.6,0.00011377860000000001,Vencimento (estoque Mercado — última posição)
TDAJ12JC17,TDA,01/10/2021,Dívida Interna,2021,Vencimento,23.0,2336.34,2.3363400000000002e-06,Vencimento (estoque Mercado — última posição)
TDAE050773,TDA,01/07/2020,Dívida Interna,2020,Vencimento,92.0,9615.84,9.61584e-06,Vencimento (estoque Mercado — última posição)
TDAD09J410,TDA,01/10/2021,Dívida Interna,2021,Vencimento,2573.0,256296.53,0.00025629653,Vencimento (estoque Mercado — última posição)
TDAD04E340,TDA,01/05/2022,Dívida Interna,2022,Vencimento,3627.0,365710.41,0.00036571041,Vencimento (estoque Mercado — última posição)
TDA21060300,TDA,01/06/2021,Dívida Interna,2021,Vencimento,6167.0,626443.86,0.00062644386,Vencimento (estoque Mercado — última posição)
TDAD10I233,TDA,01/09/2020,Dívida Interna,2020,Vencimento,7.0,711.06,7.110599999999999e-07,Vencimento (estoque Mercado — última posição)
TDAE100354,TDA,01/03/2021,Dívida Interna,2021,Vencimento,1983.0,207203.67,0.00020720367000000002,Vencimento (estoque Mercado — última posição)
TDAE110537,TDA,01/05/2020,Dívida Interna,2020,Vencimento,28158.0,2942792.58,0.00294279258,Vencimento (estoque Mercado — última posição)
TDAD10H234,TDA,01/08/2021,Dívida Interna,2021,Vencimento,532.0,54040.56,5.4040559999999996e-05,Vencimento (estoque Mercado — última posição)
LTN 011021,LTN,01/10/2021,Dívida Interna,2021,Vencimento,267708017.0,267673207997.38,267.67320799738,Vencimento (estoque Mercado — última posição)
HSTN A825,HSTN,15/09/2020,Dívida Interna,2020,Vencimento,4.0,192186.68,0.00019218668,Vencimento (estoque Mercado — última posição)
TDAD08F235,TDA,01/06/2020,Dívida Interna,2020,Vencimento,16220.0,1647627.6,0.0016476276,Vencimento (estoque Mercado — última posição)
TDAE040774,TDA,01/07/2020,Dívida Interna,2020,Vencimento,26883.0,2809811.16,0.00280981116,Vencimento (estoque Mercado — última posição)
TDAD04H414,TDA,01/08/2020,Dívida Interna,2020,Vencimento,24881.0,2478147.6,0.0024781476,Vencimento (estoque Mercado — última posição)
TDAD06E338,TDA,01/05/2022,Dívida Interna,2022,Vencimento,5118.0,516047.94,0.00051604794,Vencimento (estoque Mercado — última posição)
ECTN 0107,ECTN,01/07/2021,Dívida Interna,2021,Vencimento,145141.0,763736296.23,0.7637362962300001,Vencimento (estoque Mercado — última posição)
TDAD07J237,TDA,01/10/2021,Dívida Interna,2021,Vencimento,463.0,47031.54,4.703154e-05,Vencimento (estoque Mercado — última posição)
TDA21080100,TDA,01/08/2021,Dívida Interna,2021,Vencimento,490.0,48808.9,4.88089e-05,Vencimento (estoque Mercado — última posição)
TDAD08D411,TDA,01/04/2021,Dívida Interna,2021,Vencimento,2177.0,216850.97,0.00021685097,Vencimento (estoque Mercado — última posição)
TDAD09L234,TDA,01/12/2020,Dívida Interna,2020,Vencimento,37.0,3758.46,3.75846e-06,Vencimento (estoque Mercado — última posição)
TDAD09J334,TDA,01/10/2021,Dívida Interna,2021,Vencimento,106.0,10662.54,1.0662540000000001e-05,Vencimento (estoque Mercado — última posição)
TDAD03J415,TDA,01/10/2020,Dívida Interna,2020,Vencimento,294.0,29285.34,2.9285340000000002e-05,Vencimento (estoque Mercado — última posição)
TDAD03J416,TDA,01/10/2021,Dívida Interna,2021,Vencimento,318.0,31675.98,3.167598e-05,Vencimento (estoque Mercado — última posição)
TDAD04J338,TDA,01/10/2020,Dívida Interna,2020,Vencimento,185.0,18609.15,1.860915e-05,Vencimento (estoque Mercado — última posição)
TDAD07D411,TDA,01/04/2020,Dívida Interna,2020,Vencimento,8.0,796.8,7.967999999999999e-07,Vencimento (estoque Mercado — última posição)
TDAD10C233,TDA,01/03/2020,Dívida Interna,2020,Vencimento,15570.0,1581600.6,0.0015816006,Vencimento (estoque Mercado — última posição)
TDAD05F413,TDA,01/06/2020,Dívida Interna,2020,Vencimento,50173.0,4997732.53,0.00499773253,Vencimento (estoque Mercado — última posição)
LTN 011022,LTN,01/10/2022,Dívida Interna,2022,Vencimento,105841709.0,105817398535.38,105.81739853538001,Vencimento (estoque Mercado — última posição)
HSTN A823,HSTN,15/07/2020,Dívida Interna,2020,Vencimento,5.0,223988.45,0.00022398845000000002,Vencimento (estoque Mercado — última posição)
TDAJ10HC18,TDA,01/08/2020,Dívida Interna,2020,Vencimento,892.0,90600.44,9.060044e-05,Vencimento (estoque Mercado — última posição)
NTN-I 150621,NTN-I,15/06/2021,Dívida Interna,2021,Vencimento,5449746.0,54057856.23,0.05405785623,Vencimento (estoque Mercado — última posição)
TDAD08B235,TDA,01/02/2020,Dívida Interna,2020,Vencimento,611.0,62053.16,6.205316000000001e-05,Vencimento (estoque Mercado — última posição)
TDAD08G235,TDA,01/07/2020,Dívida Interna,2020,Vencimento,11979.0,1216707.03,0.0012167070300000001,Vencimento (estoque Mercado — última posição)
TDAD11G232,TDA,01/07/2020,Dívida Interna,2020,Vencimento,39761.0,4038524.77,0.00403852477,Vencimento (estoque Mercado — última posição)
LTN 010720,LTN,01/07/2020,Dívida Interna,2020,Vencimento,182074677.0,181999643661.45,181.99964366145002,Vencimento (estoque Mercado — última posição)
TDAJ12EC16,TDA,01/05/2020,Dívida Interna,2020,Vencimento,2287.0,232267.72,0.00023226772,Vencimento (estoque Mercado — última posição)
NTN-I 150721,NTN-I,15/07/2021,Dívida Interna,2021,Vencimento,6095894.0,57357699.18,0.05735769918,Vencimento (estoque Mercado — última posição)
TDAD04D338,TDA,01/04/2020,Dívida Interna,2020,Vencimento,5807.0,584126.13,0.00058412613,Vencimento (estoque Mercado — última posição)
TDAD07E335,TDA,01/05/2020,Dívida Interna,2020,Vencimento,247.0,24845.73,2.484573e-05,Vencimento (estoque Mercado — última posição)
TDAD07G411,TDA,01/07/2020,Dívida Interna,2020,Vencimento,1969.0,196112.4,0.0001961124,Vencimento (estoque Mercado — última posição)
TDAD10L233,TDA,01/12/2020,Dívida Interna,2020,Vencimento,137.0,13916.46,1.3916459999999999e-05,Vencimento (estoque Mercado — última posição)
TDAD06J335,TDA,01/10/2019,Dívida Interna,2019,Vencimento,7637.0,768205.83,0.0007682058299999999,Vencimento (estoque Mercado — última posição)
TDAJ10BC18,TDA,01/02/2020,Dívida Interna,2020,Vencimento,1404.0,142590.24,0.00014259024,Vencimento (estoque Mercado — última posição)
TDAJ11IC16,TDA,01/09/2019,Dívida Interna,2019,Vencimento,2863.0,290823.54,0.00029082353999999996,Vencimento (estoque Mercado — última posição)
TDAD08E236,TDA,01/05/2021,Dívida Interna,2021,Vencimento,3821.0,388137.18,0.00038813717999999997,Vencimento (estoque Mercado — última posição)
TDAD00L417,TDA,01/12/2019,Dívida Interna,2019,Vencimento,330.0,32871.3,3.2871300000000005e-05,Vencimento (estoque Mercado — última posição)
TDAD06A336,TDA,01/01/2020,Dívida Interna,2020,Vencimento,9835.0,989302.65,0.00098930265,Vencimento (estoque Mercado — última posição)
TDAE070856,TDA,01/08/2020,Dívida Interna,2020,Vencimento,222.0,23205.66,2.320566e-05,Vencimento (estoque Mercado — última posição)
TDAD06L336,TDA,01/12/2020,Dívida Interna,2020,Vencimento,2449.0,246344.91,0.00024634491,Vencimento (estoque Mercado — última posição)
TDAD12L329,TDA,01/12/2019,Dívida Interna,2019,Vencimento,40459.0,4070175.4,0.0040701754,Vencimento (estoque Mercado — última posição)
TDAD08J234,TDA,01/10/2019,Dívida Interna,2019,Vencimento,7389.0,750426.84,0.00075042684,Vencimento (estoque Mercado — última posição)
TDAD11E232,TDA,01/05/2020,Dívida Interna,2020,Vencimento,12354.0,1254672.24,0.00125467224,Vencimento (estoque Mercado — última posição)
TDAD06B413,TDA,01/02/2021,Dívida Interna,2021,Vencimento,2331.0,232190.91,0.00023219091,Vencimento (estoque Mercado — última posição)
TDAD06C336,TDA,01/03/2020,Dívida Interna,2020,Vencimento,8987.0,904092.2,0.0009040922,Vencimento (estoque Mercado — última posição)
TDAE120236,TDA,01/02/2020,Dívida Interna,2020,Vencimento,13264.0,1386220.64,0.00138622064,Vencimento (estoque Mercado — última posição)
TDAE090938,TDA,01/09/2019,Dívida Interna,2019,Vencimento,3735.0,390456.9,0.0003904569,Vencimento (estoque Mercado — última posição)
TDA19080100,TDA,01/08/2019,Dívida Interna,2019,Vencimento,490.0,48804.0,4.8804e-05,Vencimento (estoque Mercado — última posição)
TDAD08K334,TDA,01/11/2020,Dívida Interna,2020,Vencimento,169.0,17001.4,1.7001400000000003e-05,Vencimento (estoque Mercado — última posição)
TDAD13J229,TDA,01/10/2019,Dívida Interna,2019,Vencimento,31844.0,3234076.64,0.0032340766400000003,Vencimento (estoque Mercado — última posição)
TDAD04F338,TDA,01/06/2020,Dívida Interna,2020,Vencimento,349.0,35109.4,3.51094e-05,Vencimento (estoque Mercado — última posição)
TDAD04F416,TDA,01/06/2022,Dívida Interna,2022,Vencimento,14759.0,1461731.36,0.00146173136,Vencimento (estoque Mercado — última posição)
TDAD09C234,TDA,01/03/2020,Dívida Interna,2020,Vencimento,20655.0,2098134.9,0.0020981349,Vencimento (estoque Mercado — última posição)
LFT 010320,LFT,01/03/2020,Dívida Interna,2020,Vencimento,9749249.0,102778594510.79,102.77859451078999,Vencimento (estoque Mercado — última posição)
TDAJ09IA18,TDA,01/09/2019,Dívida Interna,2019,Vencimento,554.0,55183.94,5.518394e-05,Vencimento (estoque Mercado — última posição)
TDAD07I235,TDA,01/09/2019,Dívida Interna,2019,Vencimento,5005.0,508407.9,0.0005084079,Vencimento (estoque Mercado — última posição)
NTN-I 150220,NTN-I,15/02/2020,Dívida Interna,2020,Vencimento,7378143.0,56541513.5,0.0565415135,Vencimento (estoque Mercado — última posição)
NTN-I 150321,NTN-I,15/03/2021,Dívida Interna,2021,Vencimento,5993306.0,62322884.77,0.06232288477,Vencimento (estoque Mercado — última posição)
NTN-I 150421,NTN-I,15/04/2021,Dívida Interna,2021,Vencimento,7252619.0,78853643.16,0.07885364316,Vencimento (estoque Mercado — última posição)
TDAD09E235,TDA,01/05/2021,Dívida Interna,2021,Vencimento,2483.0,252223.14,0.00025222314,Vencimento (estoque Mercado — última posição)
ECTN 0109,ECTN,01/09/2021,Dívida Interna,2021,Vencimento,4650.0,24125176.5,0.0241251765,Vencimento (estoque Mercado — última posição)
TDAD07D237,TDA,01/04/2021,Dívida Interna,2021,Vencimento,1606.0,163137.48,0.00016313748,Vencimento (estoque Mercado — última posição)
TDAD09B333,TDA,01/02/2020,Dívida Interna,2020,Vencimento,478.0,48082.02,4.808202e-05,Vencimento (estoque Mercado — última posição)
ECTN 0005,ECTN,01/05/2020,Dívida Interna,2020,Vencimento,25448.0,108937798.4,0.10893779840000001,Vencimento (estoque Mercado — última posição)
TDA19100300,TDA,01/10/2019,Dívida Interna,2019,Vencimento,15529.0,1577125.24,0.00157712524,Vencimento (estoque Mercado — última posição)
TDA20050200,TDA,01/05/2020,Dívida Interna,2020,Vencimento,1312.0,131974.08,0.00013197407999999999,Vencimento (estoque Mercado — última posição)
TDAD07B237,TDA,01/02/2021,Dívida Interna,2021,Vencimento,24496.0,2488303.68,0.00248830368,Vencimento (estoque Mercado — última posição)
TDAD09I333,TDA,01/09/2020,Dívida Interna,2020,Vencimento,5771.0,580562.6,0.0005805626,Vencimento (estoque Mercado — última posição)
TDA20020300,TDA,01/02/2020,Dívida Interna,2020,Vencimento,13.0,1320.28,1.32028e-06,Vencimento (estoque Mercado — última posição)
TDAD11L330,TDA,01/12/2019,Dívida Interna,2019,Vencimento,5634.0,566780.4,0.0005667804,Vencimento (estoque Mercado — última posição)
TDAD09I234,TDA,01/09/2020,Dívida Interna,2020,Vencimento,11588.0,1177109.04,0.00117710904,Vencimento (estoque Mercado — última posição)
TDAD05B413,TDA,01/02/2020,Dívida Interna,2020,Vencimento,1583.0,157666.8,0.0001576668,Vencimento (estoque Mercado — última posição)
NTN-I 150520,NTN-I,15/05/2020,Dívida Interna,2020,Vencimento,8247158.0,81470861.6,0.0814708616,Vencimento (estoque Mercado — última posição)
TDAD10B233,TDA,01/02/2020,Dívida Interna,2020,Vencimento,37.0,3757.72,3.7577199999999997e-06,Vencimento (estoque Mercado — última posição)
TDAD12C231,TDA,01/03/2020,Dívida Interna,2020,Vencimento,870.0,88374.6,8.83746e-05,Vencimento (estoque Mercado — última posição)
TDAD03L339,TDA,01/12/2020,Dívida Interna,2020,Vencimento,12481.0,1255463.79,0.00125546379,Vencimento (estoque Mercado — última posição)
TDA19080600,TDA,01/08/2019,Dívida Interna,2019,Vencimento,29613.0,3094854.63,0.00309485463,Vencimento (estoque Mercado — última posição)
TDA20120600,TDA,01/12/2020,Dívida Interna,2020,Vencimento,173392.0,18124665.76,0.018124665760000002,Vencimento (estoque Mercado — última posição)
TDAD06D237,TDA,01/04/2020,Dívida Interna,2020,Vencimento,14946.0,1517915.76,0.00151791576,Vencimento (estoque Mercado — última posição)
TDAE100353,TDA,01/03/2020,Dívida Interna,2020,Vencimento,1983.0,207302.82,0.00020730282,Vencimento (estoque Mercado — última posição)
TDAE111236,TDA,01/12/2019,Dívida Interna,2019,Vencimento,11419.0,1193742.26,0.00119374226,Vencimento (estoque Mercado — última posição)
TDAD07H412,TDA,01/08/2021,Dívida Interna,2021,Vencimento,1856.0,184876.16,0.00018487616,Vencimento (estoque Mercado — última posição)
TDAD07J235,TDA,01/10/2019,Dívida Interna,2019,Vencimento,538.0,54639.28,5.4639279999999996e-05,Vencimento (estoque Mercado — última posição)
TDAD07L410,TDA,01/12/2019,Dívida Interna,2019,Vencimento,1794.0,178700.34,0.00017870034,Vencimento (estoque Mercado — última posição)
TDAD12K231,TDA,01/11/2020,Dívida Interna,2020,Vencimento,19269.0,1957345.02,0.00195734502,Vencimento (estoque Mercado — última posição)
TDAD12K330,TDA,01/11/2020,Dívida Interna,2020,Vencimento,4110.0,413466.0,0.000413466,Vencimento (estoque Mercado — última posição)
TDAD11D232,TDA,01/04/2020,Dívida Interna,2020,Vencimento,186.0,18890.16,1.889016e-05,Vencimento (estoque Mercado — última posição)
TDAD07L235,TDA,01/12/2019,Dívida Interna,2019,Vencimento,18401.0,1869173.58,0.00186917358,Vencimento (estoque Mercado — última posição)
ECTN 0003,ECTN,01/03/2020,Dívida Interna,2020,Vencimento,263811.0,1111659982.35,1.11165998235,Vencimento (estoque Mercado — última posição)
TDAD07I334,TDA,01/09/2019,Dívida Interna,2019,Vencimento,1131.0,113778.6,0.00011377860000000001,Vencimento (estoque Mercado — última posição)
LFT 010319,LFT,01/03/2019,Dívida Interna,2019,Vencimento,6694890.0,66836035402.01,66.83603540201,Vencimento (estoque Mercado — última posição)
TDAJ10JB17,TDA,01/10/2019,Dívida Interna,2019,Vencimento,1008.0,101394.72,0.00010139472,Vencimento (estoque Mercado — última posição)
TDAD08D409,TDA,01/04/2019,Dívida Interna,2019,Vencimento,2177.0,216850.97,0.00021685097,Vencimento (estoque Mercado — última posição)
TDAD05B237,TDA,01/02/2019,Dívida Interna,2019,Vencimento,17340.0,1761050.4,0.0017610503999999998,Vencimento (estoque Mercado — última posição)
TDAD11E330,TDA,01/05/2019,Dívida Interna,2019,Vencimento,3929.0,395218.11,0.00039521810999999996,Vencimento (estoque Mercado — última posição)
TDAD10E232,TDA,01/05/2019,Dívida Interna,2019,Vencimento,11283.0,1145901.48,0.00114590148,Vencimento (estoque Mercado — última posição)
TDAD10G233,TDA,01/07/2020,Dívida Interna,2020,Vencimento,3109.0,315781.13,0.00031578113,Vencimento (estoque Mercado — última posição)
TDA20110300,TDA,01/11/2020,Dívida Interna,2020,Vencimento,7584.0,770382.72,0.00077038272,Vencimento (estoque Mercado — última posição)
TDAE110637,TDA,01/06/2020,Dívida Interna,2020,Vencimento,3255.0,340277.7,0.0003402777,Vencimento (estoque Mercado — última posição)
TDAD08G334,TDA,01/07/2020,Dívida Interna,2020,Vencimento,1028.0,103396.24,0.00010339624,Vencimento (estoque Mercado — última posição)
TDAD11F232,TDA,01/06/2020,Dívida Interna,2020,Vencimento,9520.0,967041.6,0.0009670416,Vencimento (estoque Mercado — última posição)
TDAD12C230,TDA,01/03/2019,Dívida Interna,2019,Vencimento,870.0,88357.2,8.83572e-05,Vencimento (estoque Mercado — última posição)
Global 2020,Global,15/01/2020,Dívida Externa,2020,Vencimento,86645.0,369516664.4,0.3695166644,Vencimento (estoque Mercado — última posição)
ECTN 9903,ECTN,01/03/2019,Dívida Interna,2019,Vencimento,57772.0,265940692.16,0.26594069216,Vencimento (estoque Mercado — última posição)
ECTN 9904,ECTN,01/04/2019,Dívida Interna,2019,Vencimento,238549.0,1081636032.27,1.08163603227,Vencimento (estoque Mercado — última posição)
ECTN 9906,ECTN,01/06/2019,Dívida Interna,2019,Vencimento,132001.0,604051096.11,0.60405109611,Vencimento (estoque Mercado — última posição)
ECTN 9912,ECTN,01/12/2019,Dívida Interna,2019,Vencimento,108481.0,461038825.95,0.46103882595,Vencimento (estoque Mercado — última posição)
TDAD07K235,TDA,01/11/2019,Dívida Interna,2019,Vencimento,14754.0,1498416.24,0.00149841624,Vencimento (estoque Mercado — última posição)
TDAD11L231,TDA,01/12/2019,Dívida Interna,2019,Vencimento,38021.0,3862173.18,0.00386217318,Vencimento (estoque Mercado — última posição)
TDA19040600,TDA,01/04/2019,Dívida Interna,2019,Vencimento,60926.0,6369204.04,0.00636920404,Vencimento (estoque Mercado — última posição)
TDAD04K238,TDA,01/11/2019,Dívida Interna,2019,Vencimento,4151.0,421575.56,0.00042157556,Vencimento (estoque Mercado — última posição)
TDAD11E231,TDA,01/05/2019,Dívida Interna,2019,Vencimento,12501.0,1269601.56,0.0012696015600000001,Vencimento (estoque Mercado — última posição)
NTN-I 150419,NTN-I,15/04/2019,Dívida Interna,2019,Vencimento,11349736.0,77293699.71,0.07729369971,Vencimento (estoque Mercado — última posição)
TDAD08F334,TDA,01/06/2020,Dívida Interna,2020,Vencimento,275.0,27665.0,2.7665e-05,Vencimento (estoque Mercado — última posição)
TDAD08A235,TDA,01/01/2020,Dívida Interna,2020,Vencimento,588.0,59717.28,5.971728e-05,Vencimento (estoque Mercado — última posição)
TDAD08D333,TDA,01/04/2019,Dívida Interna,2019,Vencimento,2744.0,276046.4,0.00027604640000000003,Vencimento (estoque Mercado — última posição)
TDAD05G237,TDA,01/07/2019,Dívida Interna,2019,Vencimento,9112.0,925596.96,0.00092559696,Vencimento (estoque Mercado — última posição)
TDAD05J412,TDA,01/10/2019,Dívida Interna,2019,Vencimento,1491.0,148503.6,0.0001485036,Vencimento (estoque Mercado — última posição)
TDAD05F237,TDA,01/06/2019,Dívida Interna,2019,Vencimento,10509.0,1067294.04,0.00106729404,Vencimento (estoque Mercado — última posição)
TDAD05F336,TDA,01/06/2019,Dívida Interna,2019,Vencimento,2093.0,210534.87,0.00021053487,Vencimento (estoque Mercado — última posição)
TDAD11G406,TDA,01/07/2019,Dívida Interna,2019,Vencimento,17740.0,1767081.4,0.0017670814,Vencimento (estoque Mercado — última posição)
ECTN 0006,ECTN,01/06/2020,Dívida Interna,2020,Vencimento,99038.0,424121321.58,0.42412132158,Vencimento (estoque Mercado — última posição)
TDAD13F230,TDA,01/06/2020,Dívida Interna,2020,Vencimento,3917.0,397888.86,0.00039788886,Vencimento (estoque Mercado — última posição)
TDAD08H234,TDA,01/08/2019,Dívida Interna,2019,Vencimento,678.0,68857.68,6.885767999999999e-05,Vencimento (estoque Mercado — última posição)
TDAD06B411,TDA,01/02/2019,Dívida Interna,2019,Vencimento,3021.0,300891.6,0.00030089159999999995,Vencimento (estoque Mercado — última posição)
TDAD06C236,TDA,01/03/2019,Dívida Interna,2019,Vencimento,2719.0,276141.64,0.00027614164000000003,Vencimento (estoque Mercado — última posição)
TDAD12D405,TDA,01/04/2019,Dívida Interna,2019,Vencimento,182.0,18129.02,1.812902e-05,Vencimento (estoque Mercado — última posição)
TDAD13L229,TDA,01/12/2019,Dívida Interna,2019,Vencimento,11183.0,1135969.14,0.00113596914,Vencimento (estoque Mercado — última posição)
TDAD09D233,TDA,01/04/2019,Dívida Interna,2019,Vencimento,2377.0,241455.66,0.00024145566,Vencimento (estoque Mercado — última posição)
TDAD09H332,TDA,01/08/2019,Dívida Interna,2019,Vencimento,8861.0,891327.99,0.00089132799,Vencimento (estoque Mercado — última posição)
TDAH071271,TDA,01/12/2020,Dívida Interna,2020,Vencimento,3041.0,317875.73,0.00031787572999999997,Vencimento (estoque Mercado — última posição)
TDAD09B233,TDA,01/02/2019,Dívida Interna,2019,Vencimento,116.0,11780.96,1.1780959999999998e-05,Vencimento (estoque Mercado — última posição)
TDAD06D236,TDA,01/04/2019,Dívida Interna,2019,Vencimento,14447.0,1467526.26,0.00146752626,Vencimento (estoque Mercado — última posição)
TDAD06E336,TDA,01/05/2020,Dívida Interna,2020,Vencimento,5133.0,516328.47,0.00051632847,Vencimento (estoque Mercado — última posição)
TDAE050457,TDA,01/04/2019,Dívida Interna,2019,Vencimento,181.0,18921.74,1.892174e-05,Vencimento (estoque Mercado — última posição)
TDAD06B236,TDA,01/02/2019,Dívida Interna,2019,Vencimento,3484.0,353835.04,0.00035383504,Vencimento (estoque Mercado — última posição)
TDAD01J340,TDA,01/10/2019,Dívida Interna,2019,Vencimento,2239.0,225221.01,0.00022522101000000002,Vencimento (estoque Mercado — última posição)
TDAD09J233,TDA,01/10/2019,Dívida Interna,2019,Vencimento,157.0,15944.92,1.594492e-05,Vencimento (estoque Mercado — última posição)
TDAD06I335,TDA,01/09/2019,Dívida Interna,2019,Vencimento,19732.0,1985039.2,0.0019850392,Vencimento (estoque Mercado — última posição)
TDAD06G236,TDA,01/07/2019,Dívida Interna,2019,Vencimento,3385.0,343848.3,0.0003438483,Vencimento (estoque Mercado — última posição)
TDAD06F412,TDA,01/06/2020,Dívida Interna,2020,Vencimento,409.0,40740.49,4.074049e-05,Vencimento (estoque Mercado — última posição)
TDAD06G335,TDA,01/07/2019,Dívida Interna,2019,Vencimento,3817.0,383990.2,0.00038399020000000003,Vencimento (estoque Mercado — última posição)
TDAD06G412,TDA,01/07/2020,Dívida Interna,2020,Vencimento,14970.0,1491012.0,0.001491012,Vencimento (estoque Mercado — última posição)
TDAE000277,TDA,01/02/2019,Dívida Interna,2019,Vencimento,146.0,15258.46,1.5258459999999999e-05,Vencimento (estoque Mercado — última posição)
TDAD02K415,TDA,01/11/2019,Dívida Interna,2019,Vencimento,738.0,73504.8,7.350480000000001e-05,Vencimento (estoque Mercado — última posição)
TDAD03H338,TDA,01/08/2019,Dívida Interna,2019,Vencimento,2710.0,272598.9,0.0002725989,Vencimento (estoque Mercado — última posição)
TDA19040300,TDA,01/04/2019,Dívida Interna,2019,Vencimento,1027.0,104322.66,0.00010432266,Vencimento (estoque Mercado — última posição)
HSTN A806,HSTN,15/02/2019,Dívida Interna,2019,Vencimento,279.0,9533602.98,0.00953360298,Vencimento (estoque Mercado — última posição)
TDAD06K335,TDA,01/11/2019,Dívida Interna,2019,Vencimento,11490.0,1155779.1,0.0011557791,Vencimento (estoque Mercado — última posição)
TDAD07B335,TDA,01/02/2020,Dívida Interna,2020,Vencimento,5127.0,515724.93,0.00051572493,Vencimento (estoque Mercado — última posição)
TDAD07D235,TDA,01/04/2019,Dívida Interna,2019,Vencimento,1869.0,189853.02,0.00018985302,Vencimento (estoque Mercado — última posição)
TDAE110536,TDA,01/05/2019,Dívida Interna,2019,Vencimento,28158.0,2942792.58,0.00294279258,Vencimento (estoque Mercado — última posição)
TDAE110736,TDA,01/07/2019,Dívida Interna,2019,Vencimento,4048.0,423177.92,0.00042317791999999996,Vencimento (estoque Mercado — última posição)
TDAE120436,TDA,01/04/2020,Dívida Interna,2020,Vencimento,477.0,49851.27,4.985127e-05,Vencimento (estoque Mercado — última posição)
TDAD04G337,TDA,01/07/2019,Dívida Interna,2019,Vencimento,1563.0,157237.8,0.0001572378,Vencimento (estoque Mercado — última posição)
TDAD10D232,TDA,01/04/2019,Dívida Interna,2019,Vencimento,20400.0,2072232.0,0.002072232,Vencimento (estoque Mercado — última posição)
TDAD07D410,TDA,01/04/2019,Dívida Interna,2019,Vencimento,8.0,796.88,7.9688e-07,Vencimento (estoque Mercado — última posição)
TDAD07E235,TDA,01/05/2019,Dívida Interna,2019,Vencimento,6925.0,703303.0,0.000703303,Vencimento (estoque Mercado — última posição)
TDAE990378,TDA,01/03/2019,Dívida Interna,2019,Vencimento,4699.0,491092.49,0.00049109249,Vencimento (estoque Mercado — última posição)
TDAH090638,TDA,01/06/2019,Dívida Interna,2019,Vencimento,148.0,15467.48,1.546748e-05,Vencimento (estoque Mercado — última posição)
TDAH040658,TDA,01/06/2019,Dívida Interna,2019,Vencimento,217.0,22678.67,2.2678669999999998e-05,Vencimento (estoque Mercado — última posição)
ECTN 0002,ECTN,01/02/2020,Dívida Interna,2020,Vencimento,162919.0,688784060.63,0.68878406063,Vencimento (estoque Mercado — última posição)
TDAE990978,TDA,01/09/2019,Dívida Interna,2019,Vencimento,736.0,76941.44,7.694144e-05,Vencimento (estoque Mercado — última posição)
TDAJ11LA16,TDA,01/12/2019,Dívida Interna,2019,Vencimento,4844.0,482510.84,0.00048251084,Vencimento (estoque Mercado — última posição)
TDAD08D410,TDA,01/04/2020,Dívida Interna,2020,Vencimento,2177.0,216829.2,0.00021682920000000002,Vencimento (estoque Mercado — última posição)
TDA19120600,TDA,01/12/2019,Dívida Interna,2019,Vencimento,184694.0,19307910.76,0.01930791076,Vencimento (estoque Mercado — última posição)
TDA21030300,TDA,01/03/2021,Dívida Interna,2021,Vencimento,4868.0,494394.08,0.00049439408,Vencimento (estoque Mercado — última posição)
TDAD05B238,TDA,01/02/2020,Dívida Interna,2020,Vencimento,16827.0,1708950.12,0.00170895012,Vencimento (estoque Mercado — última posição)
TDAJ12JC16,TDA,01/10/2020,Dívida Interna,2020,Vencimento,23.0,2336.34,2.3363400000000002e-06,Vencimento (estoque Mercado — última posição)
TDAD06K336,TDA,01/11/2020,Dívida Interna,2020,Vencimento,11490.0,1155894.0,0.001155894,Vencimento (estoque Mercado — última posição)
TDAD13I230,TDA,01/09/2020,Dívida Interna,2020,Vencimento,515.0,52313.7,5.23137e-05,Vencimento (estoque Mercado — última posição)
TDAD01A417,TDA,01/01/2020,Dívida Interna,2020,Vencimento,145.0,14442.0,1.4442e-05,Vencimento (estoque Mercado — última posição)
TDAD01L340,TDA,01/12/2019,Dívida Interna,2019,Vencimento,1727.0,173736.2,0.0001737362,Vencimento (estoque Mercado — última posição)
TDAD03E339,TDA,01/05/2020,Dívida Interna,2020,Vencimento,5384.0,541576.56,0.00054157656,Vencimento (estoque Mercado — última posição)
TDAH110137,TDA,01/01/2020,Dívida Interna,2020,Vencimento,2286.0,238909.86,0.00023890986,Vencimento (estoque Mercado — última posição)
TDAJ11IC17,TDA,01/09/2020,Dívida Interna,2020,Vencimento,2863.0,290823.54,0.00029082353999999996,Vencimento (estoque Mercado — última posição)
HSTN A820,HSTN,15/04/2020,Dívida Interna,2020,Vencimento,198.0,8396384.04,0.00839638404,Vencimento (estoque Mercado — última posição)
TDAD08K235,TDA,01/11/2020,Dívida Interna,2020,Vencimento,2873.0,291839.34,0.00029183934,Vencimento (estoque Mercado — última posição)
TDAD07F236,TDA,01/06/2020,Dívida Interna,2020,Vencimento,20593.0,2091836.94,0.00209183694,Vencimento (estoque Mercado — última posição)
TDAD07F335,TDA,01/06/2020,Dívida Interna,2020,Vencimento,10036.0,1009621.6,0.0010096216,Vencimento (estoque Mercado — última posição)
TDAD12C232,TDA,01/03/2021,Dívida Interna,2021,Vencimento,870.0,88357.2,8.83572e-05,Vencimento (estoque Mercado — última posição)
TDAD06L236,TDA,01/12/2019,Dívida Interna,2019,Vencimento,10295.0,1045766.1,0.0010457660999999999,Vencimento (estoque Mercado — última posição)
TDAH090838,TDA,01/08/2019,Dívida Interna,2019,Vencimento,676.0,70648.76,7.064875999999999e-05,Vencimento (estoque Mercado — última posição)
NTN-I 150221,NTN-I,15/02/2021,Dívida Interna,2021,Vencimento,5474959.0,56215784.02,0.056215784020000006,Vencimento (estoque Mercado — última posição)
TDAD06L335,TDA,01/12/2019,Dívida Interna,2019,Vencimento,2449.0,246369.4,0.0002463694,Vencimento (estoque Mercado — última posição)
TDAD11C232,TDA,01/03/2020,Dívida Interna,2020,Vencimento,473.0,48047.34,4.804734e-05,Vencimento (estoque Mercado — última posição)
TDAD09K332,TDA,01/11/2019,Dívida Interna,2019,Vencimento,2813.0,282959.67,0.00028295967,Vencimento (estoque Mercado — última posição)
TDAD05D413,TDA,01/04/2020,Dívida Interna,2020,Vencimento,1104.0,109958.4,0.0001099584,Vencimento (estoque Mercado — última posição)
TDAE020277,TDA,01/02/2021,Dívida Interna,2021,Vencimento,1410.0,147401.4,0.0001474014,Vencimento (estoque Mercado — última posição)
LTN 010420,LTN,01/04/2020,Dívida Interna,2020,Vencimento,116628881.0,116597310961.45,116.59731096144999,Vencimento (estoque Mercado — última posição)
TDAD03L338,TDA,01/12/2019,Dívida Interna,2019,Vencimento,12514.0,1258908.4,0.0012589084,Vencimento (estoque Mercado — última posição)
TDAD04C414,TDA,01/03/2020,Dívida Interna,2020,Vencimento,875.0,87158.75,8.715875e-05,Vencimento (estoque Mercado — última posição)
TDAD10H232,TDA,01/08/2019,Dívida Interna,2019,Vencimento,532.0,54029.92,5.402992e-05,Vencimento (estoque Mercado — última posição)
TDAD10I232,TDA,01/09/2019,Dívida Interna,2019,Vencimento,7.0,711.06,7.110599999999999e-07,Vencimento (estoque Mercado — última posição)
TDAD11F231,TDA,01/06/2019,Dívida Interna,2019,Vencimento,9520.0,966851.2,0.0009668512,Vencimento (estoque Mercado — última posição)
TDAD10G331,TDA,01/07/2019,Dívida Interna,2019,Vencimento,234.0,23540.4,2.3540400000000003e-05,Vencimento (estoque Mercado — última posição)
TDAJ10FC17,TDA,01/06/2019,Dívida Interna,2019,Vencimento,4069.0,413247.64,0.00041324764000000004,Vencimento (estoque Mercado — última posição)
TDAD08C234,TDA,01/03/2019,Dívida Interna,2019,Vencimento,646.0,65607.76,6.560776e-05,Vencimento (estoque Mercado — última posição)
TDAD12C329,TDA,01/03/2019,Dívida Interna,2019,Vencimento,32.0,3218.88,3.21888e-06,Vencimento (estoque Mercado — última posição)
ECTN 9909,ECTN,01/09/2019,Dívida Interna,2019,Vencimento,56017.0,249149611.75,0.24914961175,Vencimento (estoque Mercado — última posição)
TDAJ11LC16,TDA,01/12/2019,Dívida Interna,2019,Vencimento,210.0,21331.8,2.1331799999999998e-05,Vencimento (estoque Mercado — última posição)
TDAD08I234,TDA,01/09/2019,Dívida Interna,2019,Vencimento,7146.0,725890.68,0.0007258906800000001,Vencimento (estoque Mercado — última posição)
TDAD01C417,TDA,01/03/2020,Dívida Interna,2020,Vencimento,347.0,34536.91,3.4536910000000005e-05,Vencimento (estoque Mercado — última posição)
TDAD05L237,TDA,01/12/2019,Dívida Interna,2019,Vencimento,9496.0,964603.68,0.0009646036800000001,Vencimento (estoque Mercado — última posição)
TDAD05D237,TDA,01/04/2019,Dívida Interna,2019,Vencimento,12921.0,1312515.18,0.00131251518,Vencimento (estoque Mercado — última posição)
TDAD05E336,TDA,01/05/2019,Dívida Interna,2019,Vencimento,714.0,71821.26,7.182126e-05,Vencimento (estoque Mercado — última posição)
TDAD07L334,TDA,01/12/2019,Dívida Interna,2019,Vencimento,11809.0,1187985.4,0.0011879853999999998,Vencimento (estoque Mercado — última posição)
NTN-I 150619,NTN-I,15/06/2019,Dívida Interna,2019,Vencimento,8240970.0,57543141.65,0.05754314165,Vencimento (estoque Mercado — última posição)
TDAD08F234,TDA,01/06/2019,Dívida Interna,2019,Vencimento,16226.0,1647912.56,0.00164791256,Vencimento (estoque Mercado — última posição)
TDAD04H337,TDA,01/08/2019,Dívida Interna,2019,Vencimento,519.0,52206.21,5.220621e-05,Vencimento (estoque Mercado — última posição)
TDAD12K329,TDA,01/11/2019,Dívida Interna,2019,Vencimento,4110.0,413424.9,0.0004134249,Vencimento (estoque Mercado — última posição)
TDAJ11AC17,TDA,01/01/2020,Dívida Interna,2020,Vencimento,282.0,28639.92,2.8639919999999998e-05,Vencimento (estoque Mercado — última posição)
TDAD03L414,TDA,01/12/2019,Dívida Interna,2019,Vencimento,4952.0,493268.72,0.00049326872,Vencimento (estoque Mercado — última posição)
TDAD05C337,TDA,01/03/2020,Dívida Interna,2020,Vencimento,946.0,95167.6,9.516760000000001e-05,Vencimento (estoque Mercado — última posição)
TDA20100200,TDA,01/10/2020,Dívida Interna,2020,Vencimento,5764.0,579800.76,0.00057980076,Vencimento (estoque Mercado — última posição)
TDAD05J336,TDA,01/10/2019,Dívida Interna,2019,Vencimento,929.0,93448.11,9.344811e-05,Vencimento (estoque Mercado — última posição)
TDAD12J329,TDA,01/10/2019,Dívida Interna,2019,Vencimento,3579.0,360011.61,0.00036001161,Vencimento (estoque Mercado — última posição)
TDAE020276,TDA,01/02/2020,Dívida Interna,2020,Vencimento,1410.0,147359.1,0.00014735910000000002,Vencimento (estoque Mercado — última posição)
TDAE040758,TDA,01/07/2019,Dívida Interna,2019,Vencimento,19047.0,1991173.38,0.00199117338,Vencimento (estoque Mercado — última posição)
TDAD08B234,TDA,01/02/2019,Dívida Interna,2019,Vencimento,809.0,82162.04,8.216203999999999e-05,Vencimento (estoque Mercado — última posição)
TDAD04F413,TDA,01/06/2019,Dívida Interna,2019,Vencimento,14759.0,1469996.4,0.0014699963999999998,Vencimento (estoque Mercado — última posição)
TDAD08E334,TDA,01/05/2020,Dívida Interna,2020,Vencimento,6176.0,621243.84,0.00062124384,Vencimento (estoque Mercado — última posição)
TDA19070300,TDA,01/07/2019,Dívida Interna,2019,Vencimento,15851.0,1610144.58,0.00161014458,Vencimento (estoque Mercado — última posição)
TDAE090838,TDA,01/08/2019,Dívida Interna,2019,Vencimento,52409.0,5477264.59,0.00547726459,Vencimento (estoque Mercado — última posição)
TDAD06C335,TDA,01/03/2019,Dívida Interna,2019,Vencimento,9394.0,944942.46,0.0009449424599999999,Vencimento (estoque Mercado — última posição)
TDAD12H230,TDA,01/08/2019,Dívida Interna,2019,Vencimento,14104.0,1432402.24,0.00143240224,Vencimento (estoque Mercado — última posição)
TDAD05K237,TDA,01/11/2019,Dívida Interna,2019,Vencimento,5048.0,512674.88,0.00051267488,Vencimento (estoque Mercado — última posição)
TDAD05F412,TDA,01/06/2019,Dívida Interna,2019,Vencimento,50173.0,4997230.8,0.0049972307999999995,Vencimento (estoque Mercado — última posição)
TDAD05L412,TDA,01/12/2019,Dívida Interna,2019,Vencimento,28.0,2789.08,2.78908e-06,Vencimento (estoque Mercado — última posição)
TDAD06H336,TDA,01/08/2020,Dívida Interna,2020,Vencimento,553.0,55626.27,5.562627e-05,Vencimento (estoque Mercado — última posição)
TDAJ10EB17,TDA,01/05/2019,Dívida Interna,2019,Vencimento,29.0,2917.11,2.9171100000000003e-06,Vencimento (estoque Mercado — última posição)
TDAD01H340,TDA,01/08/2019,Dívida Interna,2019,Vencimento,443.0,44561.37,4.456137e-05,Vencimento (estoque Mercado — última posição)
TDAD06A236,TDA,01/01/2019,Dívida Interna,2019,Vencimento,8411.0,854221.16,0.0008542211600000001,Vencimento (estoque Mercado — última posição)
TDAD06A335,TDA,01/01/2019,Dívida Interna,2019,Vencimento,9835.0,989302.65,0.00098930265,Vencimento (estoque Mercado — última posição)
TDAE040773,TDA,01/07/2019,Dívida Interna,2019,Vencimento,26883.0,2810348.82,0.00281034882,Vencimento (estoque Mercado — última posição)
TDAE070855,TDA,01/08/2019,Dívida Interna,2019,Vencimento,1108.0,115797.08,0.00011579708000000001,Vencimento (estoque Mercado — última posição)
LTN 010419,LTN,01/04/2019,Dívida Interna,2019,Vencimento,121701511.0,121701511000.0,121.701511,Vencimento (estoque Mercado — última posição)
TDA19090300,TDA,01/09/2019,Dívida Interna,2019,Vencimento,1232.0,125146.56,0.00012514656,Vencimento (estoque Mercado — última posição)
TDAD05J238,TDA,01/10/2020,Dívida Interna,2020,Vencimento,21226.0,2156137.08,0.00215613708,Vencimento (estoque Mercado — última posição)
TDAD06E236,TDA,01/05/2019,Dívida Interna,2019,Vencimento,5896.0,598797.76,0.00059879776,Vencimento (estoque Mercado — última posição)
TDAD06E335,TDA,01/05/2019,Dívida Interna,2019,Vencimento,4949.0,497819.91,0.00049781991,Vencimento (estoque Mercado — última posição)
TDAD06H236,TDA,01/08/2019,Dívida Interna,2019,Vencimento,20126.0,2043996.56,0.00204399656,Vencimento (estoque Mercado — última posição)
TDAD03E338,TDA,01/05/2019,Dívida Interna,2019,Vencimento,5384.0,541576.56,0.00054157656,Vencimento (estoque Mercado — última posição)
TDAH121135,TDA,01/11/2019,Dívida Interna,2019,Vencimento,9892.0,1033812.92,0.00103381292,Vencimento (estoque Mercado — última posição)
TDA19070200,TDA,01/07/2019,Dívida Interna,2019,Vencimento,192.0,19315.2,1.93152e-05,Vencimento (estoque Mercado — última posição)
NTN-P 010120-010104,NTN-P,01/01/2020,Dívida Interna,2020,Vencimento,405583.0,1232823.06,0.00123282306,Vencimento (estoque Mercado — última posição)
TDAE990678,TDA,01/06/2019,Dívida Interna,2019,Vencimento,759.0,79323.09,7.932308999999999e-05,Vencimento (estoque Mercado — última posição)
TDAH100537,TDA,01/05/2019,Dívida Interna,2019,Vencimento,1078.0,112661.78,0.00011266178,Vencimento (estoque Mercado — última posição)
HSTN A809,HSTN,15/05/2019,Dívida Interna,2019,Vencimento,266.0,9619858.08,0.00961985808,Vencimento (estoque Mercado — última posição)
TDAD04E337,TDA,01/05/2019,Dívida Interna,2019,Vencimento,3615.0,363632.85,0.00036363285,Vencimento (estoque Mercado — última posição)
TDAD03E414,TDA,01/05/2019,Dívida Interna,2019,Vencimento,4319.0,430172.4,0.0004301724,Vencimento (estoque Mercado — última posição)
TDAD04C413,TDA,01/03/2019,Dívida Interna,2019,Vencimento,875.0,87150.0,8.715e-05,Vencimento (estoque Mercado — última posição)
TDAD07C236,TDA,01/03/2020,Dívida Interna,2020,Vencimento,4993.0,507188.94,0.00050718894,Vencimento (estoque Mercado — última posição)
TDAD05E337,TDA,01/05/2020,Dívida Interna,2020,Vencimento,714.0,71821.26,7.182126e-05,Vencimento (estoque Mercado — última posição)
TDA19060200,TDA,01/06/2019,Dívida Interna,2019,Vencimento,7925.0,797175.75,0.00079717575,Vencimento (estoque Mercado — última posição)
TDAD07H235,TDA,01/08/2019,Dívida Interna,2019,Vencimento,6061.0,615555.16,0.0006155551600000001,Vencimento (estoque Mercado — última posição)
TDAE991078,TDA,01/10/2019,Dívida Interna,2019,Vencimento,8574.0,896068.74,0.0008960687399999999,Vencimento (estoque Mercado — última posição)
TDAH080954,TDA,01/09/2019,Dívida Interna,2019,Vencimento,548.0,57287.92,5.728792e-05,Vencimento (estoque Mercado — última posição)
TDAH110136,TDA,01/01/2019,Dívida Interna,2019,Vencimento,2286.0,238909.86,0.00023890986,Vencimento (estoque Mercado — última posição)
TDAJ10LC17,TDA,01/12/2019,Dívida Interna,2019,Vencimento,1438.0,146072.04,0.00014607204,Vencimento (estoque Mercado — última posição)
BIRD7227-BR,BIRD7227-BR,15/01/2020,Dívida Externa,2020,Vencimento,1.0,15201318.65,0.01520131865,Vencimento (estoque Mercado — última posição)
BID1194/OCBR-C,BID1194,18/05/2021,Dívida Externa,2021,Vencimento,1.0,76933444.5,0.0769334445,Vencimento (estoque Mercado — última posição)
TDAD06K236,TDA,01/11/2019,Dívida Interna,2019,Vencimento,10021.0,1017732.76,0.00101773276,Vencimento (estoque Mercado — última posição)
HSTN A816,HSTN,15/12/2019,Dívida Interna,2019,Vencimento,236.0,9342956.8,0.009342956800000001,Vencimento (estoque Mercado — última posição)
TDAD07C235,TDA,01/03/2019,Dívida Interna,2019,Vencimento,4226.0,429192.56,0.00042919256,Vencimento (estoque Mercado — última posição)
TDAE120235,TDA,01/02/2019,Dívida Interna,2019,Vencimento,13264.0,1386220.64,0.00138622064,Vencimento (estoque Mercado — última posição)
TDAD08D235,TDA,01/04/2020,Dívida Interna,2020,Vencimento,8009.0,813394.04,0.00081339404,Vencimento (estoque Mercado — última posição)
TDAJ12JC15,TDA,01/10/2019,Dívida Interna,2019,Vencimento,23.0,2335.88,2.3358800000000002e-06,Vencimento (estoque Mercado — última posição)
TDAD09D234,TDA,01/04/2020,Dívida Interna,2020,Vencimento,2364.0,240087.84,0.00024008784,Vencimento (estoque Mercado — última posição)
NTN-I 150320,NTN-I,15/03/2020,Dívida Interna,2020,Vencimento,7173482.0,58363191.3,0.0583631913,Vencimento (estoque Mercado — última posição)
TDAD06L237,TDA,01/12/2020,Dívida Interna,2020,Vencimento,9655.0,980754.9,0.0009807549,Vencimento (estoque Mercado — última posição)
TDAD10J232,TDA,01/10/2019,Dívida Interna,2019,Vencimento,478.0,48545.68,4.854568e-05,Vencimento (estoque Mercado — última posição)
TDAD07K334,TDA,01/11/2019,Dívida Interna,2019,Vencimento,9510.0,956610.9,0.0009566109,Vencimento (estoque Mercado — última posição)
TDAD06F237,TDA,01/06/2020,Dívida Interna,2020,Vencimento,17719.0,1799896.02,0.00179989602,Vencimento (estoque Mercado — última posição)
TDAD11G330,TDA,01/07/2019,Dívida Interna,2019,Vencimento,9393.0,944935.8,0.0009449358,Vencimento (estoque Mercado — última posição)
TDA19050200,TDA,01/05/2019,Dívida Interna,2019,Vencimento,1312.0,131974.08,0.00013197407999999999,Vencimento (estoque Mercado — última posição)
TDAD05D412,TDA,01/04/2019,Dívida Interna,2019,Vencimento,820.0,81680.2,8.168019999999999e-05,Vencimento (estoque Mercado — última posição)
TDAE990878,TDA,01/08/2019,Dívida Interna,2019,Vencimento,5073.0,530179.23,0.0005301792299999999,Vencimento (estoque Mercado — última posição)
TDA19060100,TDA,01/06/2019,Dívida Interna,2019,Vencimento,9277.0,923989.2,0.0009239891999999999,Vencimento (estoque Mercado — última posição)
TDAD07H334,TDA,01/08/2019,Dívida Interna,2019,Vencimento,196.0,19715.64,1.971564e-05,Vencimento (estoque Mercado — última posição)
NTN-B Principal 150519,NTN-B,15/05/2019,Dívida Interna,2019,Vencimento,2576008.26,8263454268.95,8.26345426895,Vencimento (estoque Mercado — última posição)
TDAJ12EC15,TDA,01/05/2019,Dívida Interna,2019,Vencimento,2485.0,252376.6,0.0002523766,Vencimento (estoque Mercado — última posição)
ECTN 9910,ECTN,01/10/2019,Dívida Interna,2019,Vencimento,39456.0,172865021.76,0.17286502176,Vencimento (estoque Mercado — última posição)
TDAD09J332,TDA,01/10/2019,Dívida Interna,2019,Vencimento,110.0,11064.9,1.10649e-05,Vencimento (estoque Mercado — última posição)
HSTN A812,HSTN,15/08/2019,Dívida Interna,2019,Vencimento,253.0,9548080.85,0.00954808085,Vencimento (estoque Mercado — última posição)
HSTN A815,HSTN,15/11/2019,Dívida Interna,2019,Vencimento,240.0,9343231.2,0.0093432312,Vencimento (estoque Mercado — última posição)
TDAD07F235,TDA,01/06/2019,Dívida Interna,2019,Vencimento,20540.0,2086042.4,0.0020860424,Vencimento (estoque Mercado — última posição)
TDAD06F411,TDA,01/06/2019,Dívida Interna,2019,Vencimento,409.0,40736.4,4.07364e-05,Vencimento (estoque Mercado — última posição)
TDAD07E334,TDA,01/05/2019,Dívida Interna,2019,Vencimento,247.0,24845.73,2.484573e-05,Vencimento (estoque Mercado — última posição)
TDAD07F334,TDA,01/06/2019,Dívida Interna,2019,Vencimento,10036.0,1009521.24,0.00100952124,Vencimento (estoque Mercado — última posição)
TDAJ09HB18,TDA,01/08/2019,Dívida Interna,2019,Vencimento,623.0,62667.57,6.266757e-05,Vencimento (estoque Mercado — última posição)
TDAE100437,TDA,01/04/2019,Dívida Interna,2019,Vencimento,12196.0,1274969.84,0.00127496984,Vencimento (estoque Mercado — última posição)
TDAE110636,TDA,01/06/2019,Dívida Interna,2019,Vencimento,3255.0,340180.05,0.00034018005,Vencimento (estoque Mercado — última posição)
TDAD07G235,TDA,01/07/2019,Dívida Interna,2019,Vencimento,5370.0,545484.6,0.0005454845999999999,Vencimento (estoque Mercado — última posição)
TDAE120435,TDA,01/04/2019,Dívida Interna,2019,Vencimento,477.0,49865.58,4.9865580000000004e-05,Vencimento (estoque Mercado — última posição)
TDAH090938,TDA,01/09/2019,Dívida Interna,2019,Vencimento,147.0,15367.38,1.536738e-05,Vencimento (estoque Mercado — última posição)
TDAD11J231,TDA,01/10/2019,Dívida Interna,2019,Vencimento,605.0,61443.8,6.14438e-05,Vencimento (estoque Mercado — última posição)
TDAD08K333,TDA,01/11/2019,Dívida Interna,2019,Vencimento,169.0,16999.71,1.699971e-05,Vencimento (estoque Mercado — última posição)
TDAJ11EB16,TDA,01/05/2019,Dívida Interna,2019,Vencimento,10826.0,1088987.34,0.0010889873400000002,Vencimento (estoque Mercado — última posição)
NTN-I 150719,NTN-I,15/07/2019,Dívida Interna,2019,Vencimento,9724327.0,65746515.19,0.06574651519,Vencimento (estoque Mercado — última posição)
TDAD08E333,TDA,01/05/2019,Dívida Interna,2019,Vencimento,5558.0,559079.22,0.00055907922,Vencimento (estoque Mercado — última posição)
TDAD00I417,TDA,01/09/2019,Dívida Interna,2019,Vencimento,1388.0,138258.68,0.00013825867999999998,Vencimento (estoque Mercado — última posição)
TDAD09C332,TDA,01/03/2019,Dívida Interna,2019,Vencimento,4063.0,408697.17,0.00040869717,Vencimento (estoque Mercado — última posição)
TDAD13F229,TDA,01/06/2019,Dívida Interna,2019,Vencimento,3917.0,397810.52,0.00039781052,Vencimento (estoque Mercado — última posição)
ECTN 9908,ECTN,01/08/2019,Dívida Interna,2019,Vencimento,348672.0,1584306293.76,1.58430629376,Vencimento (estoque Mercado — última posição)
TDAD08E234,TDA,01/05/2019,Dívida Interna,2019,Vencimento,3734.0,379225.04,0.00037922503999999996,Vencimento (estoque Mercado — última posição)
TDAD09H233,TDA,01/08/2019,Dívida Interna,2019,Vencimento,464.0,47123.84,4.7123839999999994e-05,Vencimento (estoque Mercado — última posição)
TDAD09F233,TDA,01/06/2019,Dívida Interna,2019,Vencimento,9103.0,924500.68,0.0009245006800000001,Vencimento (estoque Mercado — última posição)
TDA19020300,TDA,01/02/2019,Dívida Interna,2019,Vencimento,13.0,1320.28,1.32028e-06,Vencimento (estoque Mercado — última posição)
TDAD10C232,TDA,01/03/2019,Dívida Interna,2019,Vencimento,15570.0,1581289.2,0.0015812892,Vencimento (estoque Mercado — última posição)
TDAE090638,TDA,01/06/2019,Dívida Interna,2019,Vencimento,27638.0,2888447.38,0.00288844738,Vencimento (estoque Mercado — última posição)
TDAD07D334,TDA,01/04/2019,Dívida Interna,2019,Vencimento,5190.0,522114.0,0.000522114,Vencimento (estoque Mercado — última posição)
TDAE110551,TDA,01/05/2019,Dívida Interna,2019,Vencimento,11231.0,1173751.81,0.00117375181,Vencimento (estoque Mercado — última posição)
TDAH090338,TDA,01/03/2019,Dívida Interna,2019,Vencimento,4170.0,435806.7,0.00043580670000000003,Vencimento (estoque Mercado — última posição)
TDAD08D234,TDA,01/04/2019,Dívida Interna,2019,Vencimento,8026.0,815281.08,0.00081528108,Vencimento (estoque Mercado — última posição)
TDAJ10DC17,TDA,01/04/2019,Dívida Interna,2019,Vencimento,151.0,15338.58,1.533858e-05,Vencimento (estoque Mercado — última posição)
ECTN 9902,ECTN,01/02/2019,Dívida Interna,2019,Vencimento,180169.0,852049829.73,0.85204982973,Vencimento (estoque Mercado — última posição)
TDA19010200,TDA,01/01/2019,Dívida Interna,2019,Vencimento,11734.0,1180323.06,0.00118032306,Vencimento (estoque Mercado — última posição)
TDAD05B412,TDA,01/02/2019,Dívida Interna,2019,Vencimento,1583.0,157666.8,0.0001576668,Vencimento (estoque Mercado — última posição)
TDAD12D230,TDA,01/04/2019,Dívida Interna,2019,Vencimento,19313.0,1961814.54,0.00196181454,Vencimento (estoque Mercado — última posição)
TDAD12D329,TDA,01/04/2019,Dívida Interna,2019,Vencimento,3068.0,308640.8,0.0003086408,Vencimento (estoque Mercado — última posição)
TDA19030100,TDA,01/03/2019,Dívida Interna,2019,Vencimento,19232.0,1915507.2,0.0019155072,Vencimento (estoque Mercado — última posição)
TDAD13G229,TDA,01/07/2019,Dívida Interna,2019,Vencimento,329.0,33419.82,3.341982e-05,Vencimento (estoque Mercado — última posição)
TDAE071270,TDA,01/12/2019,Dívida Interna,2019,Vencimento,32930.0,3442502.2,0.0034425022,Vencimento (estoque Mercado — última posição)
TDAD01H416,TDA,01/08/2019,Dívida Interna,2019,Vencimento,68.0,6772.8,6.7728e-06,Vencimento (estoque Mercado — última posição)
TDAD06D335,TDA,01/04/2019,Dívida Interna,2019,Vencimento,13735.0,1381741.0,0.001381741,Vencimento (estoque Mercado — última posição)
TDAE020275,TDA,01/02/2019,Dívida Interna,2019,Vencimento,1410.0,147359.1,0.00014735910000000002,Vencimento (estoque Mercado — última posição)
TDAD10A232,TDA,01/01/2019,Dívida Interna,2019,Vencimento,120.0,12187.2,1.21872e-05,Vencimento (estoque Mercado — última posição)
TDAE090353,TDA,01/03/2019,Dívida Interna,2019,Vencimento,30811.0,3220057.61,0.00322005761,Vencimento (estoque Mercado — última posição)
TDAD04D413,TDA,01/04/2019,Dívida Interna,2019,Vencimento,287.0,28588.07,2.858807e-05,Vencimento (estoque Mercado — última posição)
TDAD07G410,TDA,01/07/2019,Dívida Interna,2019,Vencimento,2881.0,286976.41,0.00028697640999999997,Vencimento (estoque Mercado — última posição)
HSTN A808,HSTN,15/04/2019,Dívida Interna,2019,Vencimento,270.0,9579737.7,0.009579737699999999,Vencimento (estoque Mercado — última posição)
TDAD04C337,TDA,01/03/2019,Dívida Interna,2019,Vencimento,1628.0,163760.52,0.00016376052,Vencimento (estoque Mercado — última posição)
ECTN 9901,ECTN,01/01/2019,Dívida Interna,2019,Vencimento,114408.0,545742177.12,0.54574217712,Vencimento (estoque Mercado — última posição)
TDAD10F232,TDA,01/06/2019,Dívida Interna,2019,Vencimento,89.0,9038.84,9.03884e-06,Vencimento (estoque Mercado — última posição)
TDAD11G231,TDA,01/07/2019,Dívida Interna,2019,Vencimento,39821.0,4045017.18,0.00404501718,Vencimento (estoque Mercado — última posição)
TDAD04G238,TDA,01/07/2019,Dívida Interna,2019,Vencimento,21406.0,2174421.48,0.00217442148,Vencimento (estoque Mercado — última posição)
TDAD11C231,TDA,01/03/2019,Dívida Interna,2019,Vencimento,473.0,48037.88,4.8037879999999995e-05,Vencimento (estoque Mercado — última posição)
TDAD11A231,TDA,01/01/2019,Dívida Interna,2019,Vencimento,323.0,32803.88,3.280388e-05,Vencimento (estoque Mercado — última posição)
TDAD04D337,TDA,01/04/2019,Dívida Interna,2019,Vencimento,5807.0,584184.2,0.0005841841999999999,Vencimento (estoque Mercado — última posição)
TDAE050757,TDA,01/07/2019,Dívida Interna,2019,Vencimento,244.0,25507.76,2.5507759999999997e-05,Vencimento (estoque Mercado — última posição)
TDAD08G234,TDA,01/07/2019,Dívida Interna,2019,Vencimento,11931.0,1211950.98,0.00121195098,Vencimento (estoque Mercado — última posição)
TDAD08F333,TDA,01/06/2019,Dívida Interna,2019,Vencimento,321.0,32289.39,3.228939e-05,Vencimento (estoque Mercado — última posição)
NTN-I 150919,NTN-I,15/09/2019,Dívida Interna,2019,Vencimento,7765972.0,57058196.07,0.05705819607,Vencimento (estoque Mercado — última posição)
LTN 010719,LTN,01/07/2019,Dívida Interna,2019,Vencimento,46596952.0,46596952000.0,46.596952,Vencimento (estoque Mercado — última posição)
TDAD07B334,TDA,01/02/2019,Dívida Interna,2019,Vencimento,5160.0,519044.4,0.0005190444,Vencimento (estoque Mercado — última posição)
TDAJ10GC17,TDA,01/07/2019,Dívida Interna,2019,Vencimento,2556.0,259638.48,0.00025963848,Vencimento (estoque Mercado — última posição)
TDAD02K339,TDA,01/11/2019,Dívida Interna,2019,Vencimento,1222.0,122920.98,0.00012292097999999998,Vencimento (estoque Mercado — última posição)
TDAD13I229,TDA,01/09/2019,Dívida Interna,2019,Vencimento,515.0,52313.7,5.23137e-05,Vencimento (estoque Mercado — última posição)
TDAJ10BC17,TDA,01/02/2019,Dívida Interna,2019,Vencimento,1394.0,141574.64,0.00014157464000000001,Vencimento (estoque Mercado — última posição)
TDAD08A234,TDA,01/01/2019,Dívida Interna,2019,Vencimento,588.0,59717.28,5.971728e-05,Vencimento (estoque Mercado — última posição)
TDAD05C336,TDA,01/03/2019,Dívida Interna,2019,Vencimento,946.0,95158.14,9.515814e-05,Vencimento (estoque Mercado — última posição)
TDAD05D336,TDA,01/04/2019,Dívida Interna,2019,Vencimento,7460.0,750476.0,0.000750476,Vencimento (estoque Mercado — última posição)
TDAD09C233,TDA,01/03/2019,Dívida Interna,2019,Vencimento,21395.0,2172876.2,0.0021728762000000003,Vencimento (estoque Mercado — última posição)
TDAD01D340,TDA,01/04/2019,Dívida Interna,2019,Vencimento,2503.0,251801.8,0.0002518018,Vencimento (estoque Mercado — última posição)
ECTN 9905,ECTN,01/05/2019,Dívida Interna,2019,Vencimento,117695.0,534562451.35,0.53456245135,Vencimento (estoque Mercado — última posição)
NTN-I 150319,NTN-I,15/03/2019,Dívida Interna,2019,Vencimento,8914144.0,58031255.72,0.05803125572,Vencimento (estoque Mercado — última posição)
TDAJ10JC17,TDA,01/10/2019,Dívida Interna,2019,Vencimento,1418.0,144012.08,0.00014401207999999998,Vencimento (estoque Mercado — última posição)
NTN-I 150219,NTN-I,15/02/2019,Dívida Interna,2019,Vencimento,9691217.0,62496749.26,0.06249674926,Vencimento (estoque Mercado — última posição)
TDAH090353,TDA,01/03/2019,Dívida Interna,2019,Vencimento,1026.0,107227.26,0.00010722726,Vencimento (estoque Mercado — última posição)
TDAD10C407,TDA,01/03/2019,Dívida Interna,2019,Vencimento,5601.0,557859.6,0.0005578596,Vencimento (estoque Mercado — última posição)
TDAD01B340,TDA,01/02/2019,Dívida Interna,2019,Vencimento,2822.0,283864.98,0.00028386498,Vencimento (estoque Mercado — última posição)
TDAD01C416,TDA,01/03/2019,Dívida Interna,2019,Vencimento,347.0,34561.2,3.45612e-05,Vencimento (estoque Mercado — última posição)
TDAE100337,TDA,01/03/2019,Dívida Interna,2019,Vencimento,12236.0,1278784.36,0.0012787843600000001,Vencimento (estoque Mercado — última posição)
LTN 010119,LTN,01/01/2019,Dívida Interna,2019,Vencimento,109255623.79,109202964850.61,109.20296485061,Vencimento (estoque Mercado — última posição)
TDAD05B336,TDA,01/02/2019,Dívida Interna,2019,Vencimento,8977.0,902996.43,0.00090299643,Vencimento (estoque Mercado — última posição)
HSTN A805,HSTN,15/01/2019,Dívida Interna,2019,Vencimento,284.0,9635168.6,0.009635168599999999,Vencimento (estoque Mercado — última posição)
TDAD07B235,TDA,01/02/2019,Dívida Interna,2019,Vencimento,24504.0,2488626.24,0.00248862624,Vencimento (estoque Mercado — última posição)
TDAE120250,TDA,01/02/2019,Dívida Interna,2019,Vencimento,10680.0,1116166.8,0.0011161668,Vencimento (estoque Mercado — última posição)
TDAE100352,TDA,01/03/2019,Dívida Interna,2019,Vencimento,1983.0,207243.33,0.00020724332999999998,Vencimento (estoque Mercado — última posição)
NTN-F 010119,NTN-F,01/01/2019,Dívida Interna,2019,Vencimento,11168201.0,11708420585.75,11.70842058575,Vencimento (estoque Mercado — última posição)
TDAJ09CC18,TDA,01/03/2019,Dívida Interna,2019,Vencimento,2088.0,212057.28,0.00021205728,Vencimento (estoque Mercado — última posição)
TDAD12A230,TDA,01/01/2019,Dívida Interna,2019,Vencimento,503.0,51084.68,5.108468e-05,Vencimento (estoque Mercado — última posição)
TDAD03C338,TDA,01/03/2019,Dívida Interna,2019,Vencimento,4935.0,496411.65,0.00049641165,Vencimento (estoque Mercado — última posição)
TDAD10B232,TDA,01/02/2019,Dívida Interna,2019,Vencimento,44.0,4468.64,4.46864e-06,Vencimento (estoque Mercado — última posição)
TDAE990178,TDA,01/01/2019,Dívida Interna,2019,Vencimento,8774.0,916970.74,0.00091697074,Vencimento (estoque Mercado — última posição)
TDAE990278,TDA,01/02/2019,Dívida Interna,2019,Vencimento,4972.0,519623.72,0.0005196237199999999,Vencimento (estoque Mercado — última posição)
TDAD09B332,TDA,01/02/2019,Dívida Interna,2019,Vencimento,478.0,48082.02,4.808202e-05,Vencimento (estoque Mercado — última posição)
NTN-I 150119,NTN-I,15/01/2019,Dívida Interna,2019,Vencimento,9936679.0,66651367.42,0.06665136742,Vencimento (estoque Mercado — última posição)
TDAJ11AC16,TDA,01/01/2019,Dívida Interna,2019,Vencimento,282.0,28639.92,2.8639919999999998e-05,Vencimento (estoque Mercado — última posição)
TDAD01A416,TDA,01/01/2019,Dívida Interna,2019,Vencimento,151.0,15039.6,1.50396e-05,Vencimento (estoque Mercado — última posição)
TDAD02A415,TDA,01/01/2019,Dívida Interna,2019,Vencimento,24643.0,2454442.8,0.0024544427999999997,Vencimento (estoque Mercado — última posição)
TDAD02A339,TDA,01/01/2019,Dívida Interna,2019,Vencimento,1537.0,154606.83,0.00015460683,Vencimento (estoque Mercado — última posição)
LTN,LTN,01/07/2023,Dívida Interna,2020,Compra antecipada (leilão),910000.0,716656900.05,0.7166569000499999,Leilão de compra (oferta pública)
NTN-B,NTN-B,15/08/2024,Dívida Interna,2020,Compra antecipada (leilão),1093350.0,4018918608.05,4.01891860805,Leilão de compra (oferta pública)
NTN-B,NTN-B,15/05/2025,Dívida Interna,2020,Compra antecipada (leilão),528600.0,1976980437.86,1.97698043786,Leilão de compra (oferta pública)
NTN-B,NTN-B,15/08/2026,Dívida Interna,2020,Compra antecipada (leilão),678350.0,2518031838.75,2.51803183875,Leilão de compra (oferta pública)
NTN-B,NTN-B,15/08/2028,Dívida Interna,2020,Compra antecipada (leilão),337500.0,1269598114.79,1.26959811479,Leilão de compra (oferta pública)
NTN-B,NTN-B,15/08/2030,Dívida Interna,2020,Compra antecipada (leilão),136250.0,516050675.54,0.5160506755400001,Leilão de compra (oferta pública)
NTN-F,NTN-F,01/01/2025,Dívida Interna,2020,Compra antecipada (leilão),25000.0,27192073.3,0.0271920733,Leilão de compra (oferta pública)
NTN-F,NTN-F,01/01/2027,Dívida Interna,2020,Compra antecipada (leilão),15000.0,16103495.5,0.0161034955,Leilão de compra (oferta pública)
NTN-F,NTN-F,01/01/2029,Dívida Interna,2020,Compra antecipada (leilão),159800.0,171928763.43,0.17192876343000002,Leilão de compra (oferta pública)
NTN-B,NTN-B,15/05/2035,Dívida Interna,2020,Compra antecipada (leilão),54400.0,223735505.66,0.22373550566,Leilão de compra (oferta pública)
NTN-B,NTN-B,15/05/2045,Dívida Interna,2020,Compra antecipada (leilão),5900.0,24096957.27,0.02409695727,Leilão de compra (oferta pública)
NTN-B,NTN-B,15/08/2050,Dívida Interna,2020,Compra antecipada (leilão),20250.0,83662238.84,0.08366223884,Leilão de compra (oferta pública)
NTN-B,NTN-B,15/05/2055,Dívida Interna,2020,Compra antecipada (leilão),2500.0,10519661.46,0.010519661460000001,Leilão de compra (oferta pública)
NTN-B,NTN-B,15/08/2024,Dívida Interna,2020,Compra antecipada (leilão),364550.0,1343502437.33,1.34350243733,Leilão de compra (oferta pública)
NTN-B,NTN-B,15/05/2025,Dívida Interna,2020,Compra antecipada (leilão),341200.0,1290059591.34,1.29005959134,Leilão de compra (oferta pública)
NTN-B,NTN-B,15/08/2026,Dívida Interna,2020,Compra antecipada (leilão),30250.0,114047628.76,0.11404762876,Leilão de compra (oferta pública)
NTN-B,NTN-B,15/08/2028,Dívida Interna,2020,Compra antecipada (leilão),203900.0,782724288.09,0.78272428809,Leilão de compra (oferta pública)
NTN-B,NTN-B,15/08/2030,Dívida Interna,2020,Compra antecipada (leilão),60000.0,235450318.68,0.23545031868000002,Leilão de compra (oferta pública)
NTN-B,NTN-B,15/05/2035,Dívida Interna,2020,Compra antecipada (leilão),146750.0,600620344.12,0.60062034412,Leilão de compra (oferta pública)
NTN-B,NTN-B,15/05/2045,Dívida Interna,2020,Compra antecipada (leilão),88350.0,363382708.81,0.36338270881,Leilão de compra (oferta pública)
NTN-B,NTN-B,15/08/2050,Dívida Interna,2020,Compra antecipada (leilão),267700.0,1106227443.93,1.1062274439300002,Leilão de compra (oferta pública)
NTN-B,NTN-B,15/05/2055,Dívida Interna,2020,Compra antecipada (leilão),4000.0,16762376.79,0.01676237679,Leilão de compra (oferta pública)
NTN-F,NTN-F,01/01/2025,Dívida Interna,2020,Compra antecipada (leilão),42000.0,47138656.99,0.04713865699,Leilão de compra (oferta pública)
NTN-F,NTN-F,01/01/2027,Dívida Interna,2020,Compra antecipada (leilão),544000.0,613941387.46,0.61394138746,Leilão de compra (oferta pública)
NTN-F,NTN-F,01/01/2029,Dívida Interna,2020,Compra antecipada (leilão),10000.0,11133028.3,0.0111330283,Leilão de compra (oferta pública)
NTN-B,NTN-B,15/08/2024,Dívida Interna,2020,Compra antecipada (leilão),58950.0,221315786.33,0.22131578633000001,Leilão de compra (oferta pública)
NTN-B,NTN-B,15/05/2025,Dívida Interna,2020,Compra antecipada (leilão),204000.0,783560061.78,0.7835600617799999,Leilão de compra (oferta pública)
NTN-B,NTN-B,15/08/2026,Dívida Interna,2020,Compra antecipada (leilão),70000.0,268303666.12,0.26830366612,Leilão de compra (oferta pública)
NTN-B,NTN-B,15/08/2028,Dívida Interna,2020,Compra antecipada (leilão),670200.0,2609088426.41,2.60908842641,Leilão de compra (oferta pública)
NTN-B,NTN-B,15/08/2030,Dívida Interna,2020,Compra antecipada (leilão),10000.0,39710696.93,0.03971069693,Leilão de compra (oferta pública)
NTN-B,NTN-B,15/05/2035,Dívida Interna,2020,Compra antecipada (leilão),31450.0,130251674.85,0.13025167485,Leilão de compra (oferta pública)
NTN-B,NTN-B,15/05/2045,Dívida Interna,2020,Compra antecipada (leilão),50000.0,208495303.3,0.20849530330000002,Leilão de compra (oferta pública)
NTN-B,NTN-B,15/08/2050,Dívida Interna,2020,Compra antecipada (leilão),103000.0,432936471.95,0.43293647195,Leilão de compra (oferta pública)
NTN-B,NTN-B,15/05/2055,Dívida Interna,2020,Compra antecipada (leilão),40000.0,172345161.6,0.1723451616,Leilão de compra (oferta pública)
NTN-F,NTN-F,01/01/2027,Dívida Interna,2020,Compra antecipada (leilão),500000.0,576662809.0,0.576662809,Leilão de compra (oferta pública)
NTN-F,NTN-F,01/01/2029,Dívida Interna,2020,Compra antecipada (leilão),500000.0,584000312.0,0.584000312,Leilão de compra (oferta pública)
LTN,LTN,01/07/2023,Dívida Interna,2020,Compra antecipada (leilão),100000.0,80189739.1,0.08018973909999999,Leilão de compra (oferta pública)
NTN-B,NTN-B,15/08/2024,Dívida Interna,2020,Compra antecipada (leilão),405700.0,1507104087.46,1.5071040874600001,Leilão de compra (oferta pública)
NTN-B,NTN-B,15/05/2035,Dívida Interna,2020,Compra antecipada (leilão),24800.0,100018020.87,0.10001802087,Leilão de compra (oferta pública)
NTN-B,NTN-B,15/05/2045,Dívida Interna,2020,Compra antecipada (leilão),201700.0,813229314.96,0.8132293149600001,Leilão de compra (oferta pública)
NTN-B,NTN-B,15/08/2050,Dívida Interna,2020,Compra antecipada (leilão),211300.0,855221802.41,0.85522180241,Leilão de compra (oferta pública)
NTN-B,NTN-B,15/05/2055,Dívida Interna,2020,Compra antecipada (leilão),20000.0,82877791.16,0.08287779115999999,Leilão de compra (oferta pública)
NTN-F,NTN-F,01/01/2027,Dívida Interna,2020,Compra antecipada (leilão),1000000.0,1077519158.0,1.077519158,Leilão de compra (oferta pública)
LTN,LTN,01/07/2023,Dívida Interna,2020,Compra antecipada (leilão),200000.0,155809791.6,0.1558097916,Leilão de compra (oferta pública)
NTN-B,NTN-B,15/08/2024,Dívida Interna,2020,Compra antecipada (leilão),3700.0,13185560.54,0.013185560539999999,Leilão de compra (oferta pública)
NTN-B,NTN-B,15/05/2025,Dívida Interna,2020,Compra antecipada (leilão),24700.0,90247268.35,0.09024726834999999,Leilão de compra (oferta pública)
NTN-B,NTN-B,15/08/2026,Dívida Interna,2020,Compra antecipada (leilão),83550.0,305407915.19,0.30540791519,Leilão de compra (oferta pública)
NTN-B,NTN-B,15/08/2028,Dívida Interna,2020,Compra antecipada (leilão),3400.0,12638706.66,0.01263870666,Leilão de compra (oferta pública)
NTN-B,NTN-B,15/08/2030,Dívida Interna,2020,Compra antecipada (leilão),10000.0,37774505.47,0.03777450547,Leilão de compra (oferta pública)
NTN-B,NTN-B,15/05/2035,Dívida Interna,2020,Compra antecipada (leilão),30100.0,117714581.3,0.1177145813,Leilão de compra (oferta pública)
NTN-B,NTN-B,15/05/2045,Dívida Interna,2020,Compra antecipada (leilão),12500.0,49404300.16,0.04940430016,Leilão de compra (oferta pública)
NTN-B,NTN-B,15/08/2050,Dívida Interna,2020,Compra antecipada (leilão),14600.0,58139214.5,0.0581392145,Leilão de compra (oferta pública)
NTN-F,NTN-F,01/01/2025,Dívida Interna,2020,Compra antecipada (leilão),483750.0,517477687.58,0.51747768758,Leilão de compra (oferta pública)
NTN-F,NTN-F,01/01/2027,Dívida Interna,2020,Compra antecipada (leilão),800000.0,840290591.2,0.8402905912,Leilão de compra (oferta pública)
NTN-F,NTN-F,01/01/2029,Dívida Interna,2020,Compra antecipada (leilão),123600.0,128191385.63,0.12819138563,Leilão de compra (oferta pública)
NTN-F,NTN-F,01/01/2031,Dívida Interna,2020,Compra antecipada (leilão),92650.0,95107552.92,0.09510755292,Leilão de compra (oferta pública)
NTN-B,NTN-B,15/08/2024,Dívida Interna,2020,Compra antecipada (leilão),80000.0,289503803.12,0.28950380312,Leilão de compra (oferta pública)
NTN-B,NTN-B,15/08/2030,Dívida Interna,2020,Compra antecipada (leilão),40000.0,152306778.68,0.15230677868,Leilão de compra (oferta pública)
NTN-F,NTN-F,01/01/2025,Dívida Interna,2020,Compra antecipada (leilão),614100.0,671121592.27,0.67112159227,Leilão de compra (oferta pública)
NTN-F,NTN-F,01/01/2027,Dívida Interna,2020,Compra antecipada (leilão),800000.0,857019430.4,0.8570194304,Leilão de compra (oferta pública)
NTN-F,NTN-F,01/01/2031,Dívida Interna,2020,Compra antecipada (leilão),85900.0,90696425.53,0.09069642553,Leilão de compra (oferta pública)
NTN-F,NTN-F,01/01/2027,Dívida Interna,2020,Compra antecipada (leilão),174500.0,184772377.87,0.18477237787,Leilão de compra (oferta pública)
NTN-B,NTN-B,15/08/2022,Dívida Interna,2020,Compra antecipada (leilão),265000.0,933223082.04,0.9332230820399999,Leilão de compra (oferta pública)
NTN-B,NTN-B,15/08/2024,Dívida Interna,2020,Compra antecipada (leilão),60000.0,213962525.4,0.2139625254,Leilão de compra (oferta pública)
NTN-B,NTN-B,15/05/2025,Dívida Interna,2020,Compra antecipada (leilão),50000.0,182033054.1,0.18203305409999998,Leilão de compra (oferta pública)
NTN-B,NTN-B,15/08/2026,Dívida Interna,2020,Compra antecipada (leilão),40000.0,144424936.44,0.14442493643999998,Leilão de compra (oferta pública)
NTN-F,NTN-F,01/01/2023,Dívida Interna,2020,Compra antecipada (leilão),600000.0,655865548.2,0.6558655482000001,Leilão de compra (oferta pública)
NTN-F,NTN-F,01/01/2027,Dívida Interna,2020,Compra antecipada (leilão),50000.0,53035075.5,0.0530350755,Leilão de compra (oferta pública)
NTN-B,NTN-B,15/08/2022,Dívida Interna,2020,Compra antecipada (leilão),20000.0,70935129.4,0.0709351294,Leilão de compra (oferta pública)
LFT,LFT,01/03/2022,Dívida Interna,2021,Troca (leilão),1202600.0,12946522424.02,12.946522424020001,Leilão de troca (oferta pública)
LFT,LFT,01/09/2023,Dívida Interna,2021,Troca (leilão),261000.0,2805507263.21,2.80550726321,Leilão de troca (oferta pública)
LFT,LFT,01/03/2027,Dívida Interna,2021,Troca (leilão),190000.0,2008274538.1,2.0082745381,Leilão de troca (oferta pública)
LFT,LFT,01/03/2022,Dívida Interna,2021,Troca (leilão),1291700.0,13910805882.91,13.91080588291,Leilão de troca (oferta pública)
LFT,LFT,01/09/2023,Dívida Interna,2021,Troca (leilão),427000.0,4590968638.86,4.59096863886,Leilão de troca (oferta pública)
LFT,LFT,01/03/2027,Dívida Interna,2021,Troca (leilão),100000.0,1057131219.0,1.057131219,Leilão de troca (oferta pública)
LFT,LFT,01/03/2022,Dívida Interna,2021,Troca (leilão),649350.0,6996988115.32,6.99698811532,Leilão de troca (oferta pública)
LFT,LFT,01/09/2023,Dívida Interna,2021,Troca (leilão),65000.0,698907486.61,0.69890748661,Leilão de troca (oferta pública)
LFT,LFT,01/03/2027,Dívida Interna,2021,Troca (leilão),127750.0,1350990420.04,1.35099042004,Leilão de troca (oferta pública)
LTN,LTN,01/04/2022,Dívida Interna,2021,Troca (leilão),25000.0,23819104.05,0.02381910405,Leilão de troca (oferta pública)
NTN-F,NTN-F,01/01/2025,Dívida Interna,2021,Troca (leilão),300000.0,326113008.1,0.32611300810000005,Leilão de troca (oferta pública)
LTN,LTN,01/04/2022,Dívida Interna,2021,Troca (leilão),10000000.0,9532139936.0,9.532139936,Leilão de troca (oferta pública)
NTN-F,NTN-F,01/01/2025,Dívida Interna,2021,Troca (leilão),2000000.0,2192114368.0,2.192114368,Leilão de troca (oferta pública)
LTN,LTN,01/04/2022,Dívida Interna,2021,Troca (leilão),2000000.0,1903150485.0,1.903150485,Leilão de troca (oferta pública)
LTN,LTN,01/07/2024,Dívida Interna,2021,Troca (leilão),500000.0,393384238.5,0.3933842385,Leilão de troca (oferta pública)
NTN-F,NTN-F,01/01/2025,Dívida Interna,2021,Troca (leilão),1500000.0,1639522149.0,1.639522149,Leilão de troca (oferta pública)
LTN,LTN,01/04/2022,Dívida Interna,2021,Troca (leilão),5623000.0,5334532092.52,5.334532092520001,Leilão de troca (oferta pública)
NTN-F,NTN-F,01/01/2025,Dívida Interna,2021,Troca (leilão),500000.0,537937327.0,0.537937327,Leilão de troca (oferta pública)
