Titulo/Contrato,Familia,Vencimento,Tipo_Divida,Mes_Ultima_Posicao,Ano_Resgate,Quantidade,Valor_R$,PU_implicito,Fonte
LFT 010322,LFT,01/03/2022,Dívida Interna,02/2022,2022,23577623.0,268889685094.07,11404.444166999787,Vencimento (estoque Mercado — última posição)
TDA22090300,TDA,01/09/2022,Dívida Interna,08/2022,2022,869.0,89089.88,102.52000000000001,Vencimento (estoque Mercado — última posição)
TDAD06J337,TDA,01/10/2021,Dívida Interna,09/2021,2021,7298.0,734105.82,100.58999999999999,Vencimento (estoque Mercado — última posição)
TDAD06K337,TDA,01/11/2021,Dívida Interna,10/2021,2021,11490.0,1155894.0,100.6,Vencimento (estoque Mercado — última posição)
TDAJ12EC17,TDA,01/05/2021,Dívida Interna,04/2021,2021,2765.0,280868.7,101.58,Vencimento (estoque Mercado — última posição)
TDAJ11LC18,TDA,01/12/2021,Dívida Interna,11/2021,2021,218.0,22144.44,101.58,Vencimento (estoque Mercado — última posição)
TDAJ10DC18,TDA,01/04/2020,Dívida Interna,03/2020,2020,151.0,15335.56,101.56,Vencimento (estoque Mercado — última posição)
Global 2021,Global,22/01/2021,Dívida Externa,12/2020,2021,2713192.0,14405747187.84,5309.52,Vencimento (estoque Mercado — última posição)
ECTN 0009,ECTN,01/09/2020,Dívida Interna,08/2020,2020,21093.0,91757081.16,4350.12,Vencimento (estoque Mercado — última posição)
TDAD09H234,TDA,01/08/2020,Dívida Interna,07/2020,2020,472.0,47941.04,101.57000000000001,Vencimento (estoque Mercado — última posição)
TDAD09H334,TDA,01/08/2021,Dívida Interna,07/2021,2021,8861.0,891416.6,100.6,Vencimento (estoque Mercado — última posição)
TDAD09I409,TDA,01/09/2020,Dívida Interna,08/2020,2020,2219.0,221034.59,99.61,Vencimento (estoque Mercado — última posição)
TDA22120300,TDA,01/12/2022,Dívida Interna,11/2022,2022,50431.0,5193888.69,102.99000000000001,Vencimento (estoque Mercado — última posição)
TDA20050300,TDA,01/05/2020,Dívida Interna,04/2020,2020,3617.0,367342.52,101.56,Vencimento (estoque Mercado — última posição)
TDAD05K413,TDA,01/11/2020,Dívida Interna,10/2020,2020,17307.0,1723950.27,99.61,Vencimento (estoque Mercado — última posição)
TDAD05L339,TDA,01/12/2022,Dívida Interna,11/2022,2022,1696.0,172975.04,101.99000000000001,Vencimento (estoque Mercado — última posição)
TDAD06D337,TDA,01/04/2021,Dívida Interna,03/2021,2021,13735.0,1381741.0,100.6,Vencimento (estoque Mercado — última posição)
TDAJ10LC18,TDA,01/12/2020,Dívida Interna,11/2020,2020,1408.0,143024.64,101.58000000000001,Vencimento (estoque Mercado — última posição)
TDAJ11IC18,TDA,01/09/2021,Dívida Interna,08/2021,2021,2863.0,290823.54,101.58,Vencimento (estoque Mercado — última posição)
NTN-P 010121-010105,NTN-P,01/01/2021,Dívida Interna,12/2020,2021,38438914.0,114750536.79,2.9852699998236165,Vencimento (estoque Mercado — última posição)
NTN-I 151222,NTN-I,15/12/2022,Dívida Interna,11/2022,2022,4386680.0,46500799.55,10.60045399937994,Vencimento (estoque Mercado — última posição)
TDA21020300,TDA,01/02/2021,Dívida Interna,01/2021,2021,13.0,1320.54,101.58,Vencimento (estoque Mercado — última posição)
TDA19030300,TDA,01/03/2019,Dívida Interna,02/2019,2019,4560.0,463113.6,101.55999999999999,Vencimento (estoque Mercado — última posição)
TDA21070300,TDA,01/07/2021,Dívida Interna,06/2021,2021,11998.0,1218756.84,101.58000000000001,Vencimento (estoque Mercado — última posição)
TDAD05K238,TDA,01/11/2020,Dívida Interna,10/2020,2020,6051.0,614660.58,101.58,Vencimento (estoque Mercado — última posição)
TDAJ11LA17,TDA,01/12/2020,Dívida Interna,11/2020,2020,4782.0,476335.02,99.61,Vencimento (estoque Mercado — última posição)
TDAD12L330,TDA,01/12/2020,Dívida Interna,11/2020,2020,40459.0,4069770.81,100.59,Vencimento (estoque Mercado — última posição)
ECTN 0108,ECTN,01/08/2021,Dívida Interna,07/2021,2021,11788.0,61618823.0,5227.25,Vencimento (estoque Mercado — última posição)
TDAD07H336,TDA,01/08/2021,Dívida Interna,07/2021,2021,196.0,19717.6,100.6,Vencimento (estoque Mercado — última posição)
TDAD07H411,TDA,01/08/2020,Dívida Interna,07/2020,2020,1856.0,184857.6,99.60000000000001,Vencimento (estoque Mercado — última posição)
TDAD07I238,TDA,01/09/2022,Dívida Interna,08/2022,2022,4042.0,414385.84,102.52000000000001,Vencimento (estoque Mercado — última posição)
TDAD07I337,TDA,01/09/2022,Dívida Interna,08/2021,2022,1131.0,113778.6,100.60000000000001,Vencimento (estoque Mercado — última posição)
TDAD07L238,TDA,01/12/2022,Dívida Interna,11/2022,2022,18240.0,1878537.6,102.99000000000001,Vencimento (estoque Mercado — última posição)
TDAD07L411,TDA,01/12/2020,Dívida Interna,11/2020,2020,1794.0,178700.34,99.61,Vencimento (estoque Mercado — última posição)
TDAD07L412,TDA,01/12/2021,Dívida Interna,11/2021,2021,1790.0,178301.9,99.61,Vencimento (estoque Mercado — última posição)
TDAD11L333,TDA,01/12/2022,Dívida Interna,11/2022,2022,5634.0,574611.66,101.99000000000001,Vencimento (estoque Mercado — última posição)
TDA20080200,TDA,01/08/2020,Dívida Interna,07/2020,2020,5.0,502.95,100.59,Vencimento (estoque Mercado — última posição)
TDAD06L338,TDA,01/12/2022,Dívida Interna,11/2022,2022,2449.0,249773.51,101.99000000000001,Vencimento (estoque Mercado — última posição)
TDAD07C238,TDA,01/03/2022,Dívida Interna,02/2022,2022,5348.0,543624.2,101.64999999999999,Vencimento (estoque Mercado — última posição)
TDAD07D236,TDA,01/04/2020,Dívida Interna,03/2020,2020,1869.0,189815.64,101.56,Vencimento (estoque Mercado — última posição)
TDAD07D238,TDA,01/04/2022,Dívida Interna,03/2022,2022,1968.0,200283.36,101.77,Vencimento (estoque Mercado — última posição)
TDAD07D413,TDA,01/04/2022,Dívida Interna,03/2022,2022,8.0,798.32,99.79,Vencimento (estoque Mercado — última posição)
TDAD07E336,TDA,01/05/2021,Dívida Interna,04/2021,2021,247.0,24845.73,100.59,Vencimento (estoque Mercado — última posição)
TDAD12C330,TDA,01/03/2020,Dívida Interna,02/2020,2020,32.0,3219.2,100.6,Vencimento (estoque Mercado — última posição)
TDAD12C331,TDA,01/03/2021,Dívida Interna,02/2021,2021,32.0,3218.56,100.58,Vencimento (estoque Mercado — última posição)
TDAD12K232,TDA,01/11/2021,Dívida Interna,10/2021,2021,19814.0,2012706.12,101.58000000000001,Vencimento (estoque Mercado — última posição)
ECTN 0102,ECTN,01/02/2021,Dívida Interna,01/2021,2021,2160.0,10502179.2,4862.12,Vencimento (estoque Mercado — última posição)
ECTN 0207,ECTN,01/07/2022,Dívida Interna,06/2022,2022,121293.0,645361239.24,5320.68,Vencimento (estoque Mercado — última posição)
ECTN 0204,ECTN,01/04/2022,Dívida Interna,03/2022,2022,9683.0,51709543.92,5340.24,Vencimento (estoque Mercado — última posição)
ECTN 0205,ECTN,01/05/2022,Dívida Interna,04/2022,2022,11649.0,62767724.25,5388.25,Vencimento (estoque Mercado — última posição)
TDAD09K234,TDA,01/11/2020,Dívida Interna,10/2020,2020,2865.0,291026.7,101.58,Vencimento (estoque Mercado — última posição)
TDAD10A234,TDA,01/01/2021,Dívida Interna,12/2020,2021,124.0,12595.92,101.58,Vencimento (estoque Mercado — última posição)
TDAD10B235,TDA,01/02/2022,Dívida Interna,01/2022,2022,37.0,3762.16,101.67999999999999,Vencimento (estoque Mercado — última posição)
TDAD10C409,TDA,01/03/2021,Dívida Interna,02/2021,2021,5601.0,557859.6,99.6,Vencimento (estoque Mercado — última posição)
TDAD10C410,TDA,01/03/2022,Dívida Interna,02/2022,2022,5601.0,558363.69,99.68999999999998,Vencimento (estoque Mercado — última posição)
TDA20010300,TDA,01/01/2020,Dívida Interna,12/2019,2020,2628.0,294912.88,112.21951293759513,Vencimento (estoque Mercado — última posição)
TDAD06E238,TDA,01/05/2021,Dívida Interna,04/2021,2021,5900.0,599322.0,101.58,Vencimento (estoque Mercado — última posição)
TDAD06F337,TDA,01/06/2021,Dívida Interna,05/2021,2021,8598.0,864958.8,100.60000000000001,Vencimento (estoque Mercado — última posição)
TDAD06G336,TDA,01/07/2020,Dívida Interna,06/2020,2020,3817.0,383913.86,100.58,Vencimento (estoque Mercado — última posição)
TDAD06H237,TDA,01/08/2020,Dívida Interna,07/2020,2020,20065.0,2038002.05,101.57000000000001,Vencimento (estoque Mercado — última posição)
TDAD06H238,TDA,01/08/2021,Dívida Interna,07/2021,2021,20149.0,2046735.42,101.58,Vencimento (estoque Mercado — última posição)
TDAD11C233,TDA,01/03/2021,Dívida Interna,02/2021,2021,473.0,48037.88,101.55999999999999,Vencimento (estoque Mercado — última posição)
ECTN 0008,ECTN,01/08/2020,Dívida Interna,07/2020,2020,9556.0,41429464.64,4335.4400000000005,Vencimento (estoque Mercado — última posição)
ECTN 0010,ECTN,01/10/2020,Dívida Interna,09/2020,2020,66024.0,296092550.88,4484.62,Vencimento (estoque Mercado — última posição)
ECTN 0203,ECTN,01/03/2022,Dívida Interna,02/2022,2022,35670.0,187459047.9,5255.37,Vencimento (estoque Mercado — última posição)
TDAD09J236,TDA,01/10/2022,Dívida Interna,09/2022,2022,157.0,16123.9,102.7,Vencimento (estoque Mercado — última posição)
TDAD09K236,TDA,01/11/2022,Dívida Interna,10/2022,2022,2865.0,294665.25,102.85,Vencimento (estoque Mercado — última posição)
TDAD10A235,TDA,01/01/2022,Dívida Interna,12/2021,2022,124.0,12602.12,101.63000000000001,Vencimento (estoque Mercado — última posição)
TDA21100200,TDA,01/10/2021,Dívida Interna,09/2021,2021,5764.0,579800.76,100.59,Vencimento (estoque Mercado — última posição)
TDA22100200,TDA,01/10/2022,Dívida Interna,09/2022,2022,5764.0,586198.8,101.7,Vencimento (estoque Mercado — última posição)
TDA22030100,TDA,01/03/2022,Dívida Interna,02/2022,2022,18253.0,1819641.57,99.69,Vencimento (estoque Mercado — última posição)
TDAD06E337,TDA,01/05/2021,Dívida Interna,04/2021,2021,5051.0,508080.09,100.59,Vencimento (estoque Mercado — última posição)
ECTN 0208,ECTN,01/08/2022,Dívida Interna,07/2022,2022,18980.0,99308484.6,5232.2699999999995,Vencimento (estoque Mercado — última posição)
ECTN 0206,ECTN,01/06/2022,Dívida Interna,05/2022,2022,51918.0,278872864.38,5371.41,Vencimento (estoque Mercado — última posição)
ECTN 0209,ECTN,01/09/2022,Dívida Interna,08/2022,2022,28635.0,145390489.95,5077.37,Vencimento (estoque Mercado — última posição)
ECTN 0212,ECTN,01/12/2022,Dívida Interna,11/2022,2022,66744.0,295419623.04,4426.160000000001,Vencimento (estoque Mercado — última posição)
NTN-I 150521,NTN-I,15/05/2021,Dívida Interna,04/2021,2021,6542900.0,66417370.47,10.15105999938865,Vencimento (estoque Mercado — última posição)
TDAD08G336,TDA,01/07/2022,Dívida Interna,06/2022,2022,1238.0,125186.56,101.12,Vencimento (estoque Mercado — última posição)
TDAD08H236,TDA,01/08/2021,Dívida Interna,07/2021,2021,678.0,68871.24,101.58000000000001,Vencimento (estoque Mercado — última posição)
TDAD08K335,TDA,01/11/2021,Dívida Interna,10/2021,2021,169.0,17001.4,100.60000000000001,Vencimento (estoque Mercado — última posição)
TDAD12D407,TDA,01/04/2021,Dívida Interna,03/2021,2021,182.0,18129.02,99.61,Vencimento (estoque Mercado — última posição)
TDAD12J332,TDA,01/10/2022,Dívida Interna,09/2022,2022,2961.0,301133.7,101.7,Vencimento (estoque Mercado — última posição)
TDA20110600,TDA,01/11/2020,Dívida Interna,10/2020,2020,14721.0,1538933.34,104.54,Vencimento (estoque Mercado — última posição)
LTN 011020,LTN,01/10/2020,Dívida Interna,09/2020,2020,92136971.0,92116255844.81,999.7751699999992,Vencimento (estoque Mercado — última posição)
TDAD07F337,TDA,01/06/2022,Dívida Interna,05/2022,2022,9794.0,989096.06,100.99000000000001,Vencimento (estoque Mercado — última posição)
TDAD13G230,TDA,01/07/2020,Dívida Interna,06/2020,2020,329.0,33416.53,101.57,Vencimento (estoque Mercado — última posição)
NTN-I 150720,NTN-I,15/07/2020,Dívida Interna,06/2020,2020,7468734.0,74622959.51,9.991379999609038,Vencimento (estoque Mercado — última posição)
NTN-I 151120,NTN-I,15/11/2020,Dívida Interna,10/2020,2020,6587277.0,70658051.26,10.726442999133026,Vencimento (estoque Mercado — última posição)
TDAD10E233,TDA,01/05/2020,Dívida Interna,04/2020,2020,11283.0,1145901.48,101.56,Vencimento (estoque Mercado — última posição)
TDAD10H235,TDA,01/08/2022,Dívida Interna,07/2022,2022,532.0,54418.28,102.28999999999999,Vencimento (estoque Mercado — última posição)
TDAD06I337,TDA,01/09/2021,Dívida Interna,08/2021,2021,19732.0,1985039.2,100.6,Vencimento (estoque Mercado — última posição)
TDAD06J414,TDA,01/10/2022,Dívida Interna,09/2022,2022,10164.0,1023616.44,100.71,Vencimento (estoque Mercado — última posição)
TDAD06K237,TDA,01/11/2020,Dívida Interna,10/2020,2020,10109.0,1026872.22,101.58,Vencimento (estoque Mercado — última posição)
TDAD06K412,TDA,01/11/2020,Dívida Interna,10/2020,2020,4678.0,465975.58,99.61,Vencimento (estoque Mercado — última posição)
TDAD06K413,TDA,01/11/2021,Dívida Interna,10/2021,2021,4678.0,465975.58,99.61,Vencimento (estoque Mercado — última posição)
TDAD06K414,TDA,01/11/2022,Dívida Interna,10/2022,2022,4678.0,471776.3,100.85,Vencimento (estoque Mercado — última posição)
TDAD07B336,TDA,01/02/2021,Dívida Interna,01/2021,2021,5160.0,519096.0,100.6,Vencimento (estoque Mercado — última posição)
TDAD12C233,TDA,01/03/2022,Dívida Interna,02/2022,2022,870.0,88435.5,101.65,Vencimento (estoque Mercado — última posição)
TDAD12C332,TDA,01/03/2022,Dívida Interna,02/2022,2022,32.0,3221.44,100.67,Vencimento (estoque Mercado — última posição)
TDAD09J333,TDA,01/10/2020,Dívida Interna,09/2020,2020,110.0,11064.9,100.59,Vencimento (estoque Mercado — última posição)
TDAD11J234,TDA,01/10/2022,Dívida Interna,09/2022,2022,605.0,62133.5,102.7,Vencimento (estoque Mercado — última posição)
ECTN 0011,ECTN,01/11/2020,Dívida Interna,10/2020,2020,45654.0,210714210.84,4615.46,Vencimento (estoque Mercado — última posição)
ECTN 0201,ECTN,01/01/2022,Dívida Interna,12/2021,2022,57515.0,292742722.75,5089.85,Vencimento (estoque Mercado — última posição)
TDAD10D234,TDA,01/04/2021,Dívida Interna,03/2021,2021,20028.0,2034444.24,101.58,Vencimento (estoque Mercado — última posição)
TDAD10D334,TDA,01/04/2022,Dívida Interna,03/2022,2022,7315.0,737205.7,100.77999999999999,Vencimento (estoque Mercado — última posição)
TDAD10E235,TDA,01/05/2022,Dívida Interna,04/2022,2022,11283.0,1148722.23,101.81,Vencimento (estoque Mercado — última posição)
TDAD10F234,TDA,01/06/2021,Dívida Interna,05/2021,2021,89.0,9040.62,101.58000000000001,Vencimento (estoque Mercado — última posição)
TDAD10G234,TDA,01/07/2021,Dívida Interna,06/2021,2021,3109.0,315812.22,101.57999999999998,Vencimento (estoque Mercado — última posição)
LFT 010921,LFT,01/09/2021,Dívida Interna,08/2021,2021,21310802.0,234025387940.5,10981.538279999973,Vencimento (estoque Mercado — última posição)
TDA20090600,TDA,01/09/2020,Dívida Interna,08/2020,2020,981.0,102553.74,104.54,Vencimento (estoque Mercado — última posição)
TDAD06H414,TDA,01/08/2022,Dívida Interna,07/2022,2022,595.0,59684.45,100.30999999999999,Vencimento (estoque Mercado — última posição)
TDAD06J238,TDA,01/10/2021,Dívida Interna,09/2021,2021,17778.0,1805889.24,101.58,Vencimento (estoque Mercado — última posição)
TDAD06I338,TDA,01/09/2022,Dívida Interna,08/2022,2022,19655.0,1995572.15,101.53,Vencimento (estoque Mercado — última posição)
TDAD10L235,TDA,01/12/2022,Dívida Interna,11/2022,2022,137.0,14109.63,102.99,Vencimento (estoque Mercado — última posição)
TDAD12L232,TDA,01/12/2021,Dívida Interna,11/2021,2021,26866.0,2729048.28,101.58,Vencimento (estoque Mercado — última posição)
TDAD12L233,TDA,01/12/2022,Dívida Interna,11/2022,2022,19941.0,2053723.59,102.99000000000001,Vencimento (estoque Mercado — última posição)
NTN-I 150821,NTN-I,15/08/2021,Dívida Interna,07/2021,2021,5324316.0,52040806.98,9.77417699851023,Vencimento (estoque Mercado — última posição)
NTN-I 150822,NTN-I,15/08/2022,Dívida Interna,07/2022,2022,4684388.0,48003514.3,10.24755299945265,Vencimento (estoque Mercado — última posição)
ECTN 0012,ECTN,01/12/2020,Dívida Interna,11/2020,2020,271718.0,1290905046.2,4750.900000000001,Vencimento (estoque Mercado — última posição)
TDAD09J234,TDA,01/10/2020,Dívida Interna,09/2020,2020,157.0,15948.06,101.58,Vencimento (estoque Mercado — última posição)
TDAD09J235,TDA,01/10/2021,Dívida Interna,09/2021,2021,157.0,15948.06,101.58,Vencimento (estoque Mercado — última posição)
TDAE041274,TDA,01/12/2020,Dívida Interna,11/2020,2020,5885.0,615159.05,104.53,Vencimento (estoque Mercado — última posição)
TDAE041276,TDA,01/12/2022,Dívida Interna,11/2022,2022,5885.0,623692.3,105.98,Vencimento (estoque Mercado — última posição)
TDAE070971,TDA,01/09/2020,Dívida Interna,08/2020,2020,12035.0,1258138.9,104.53999999999999,Vencimento (estoque Mercado — última posição)
TDAD07L337,TDA,01/12/2022,Dívida Interna,11/2022,2022,11809.0,1204399.91,101.99,Vencimento (estoque Mercado — última posição)
TDAD08C235,TDA,01/03/2020,Dívida Interna,02/2020,2020,646.0,65620.68,101.57999999999998,Vencimento (estoque Mercado — última posição)
TDAD08D334,TDA,01/04/2020,Dívida Interna,03/2020,2020,2744.0,276018.96,100.59,Vencimento (estoque Mercado — última posição)
TDAD12I231,TDA,01/09/2020,Dívida Interna,08/2020,2020,1839.0,186805.62,101.58,Vencimento (estoque Mercado — última posição)
TDAD09J409,TDA,01/10/2020,Dívida Interna,09/2020,2020,2573.0,256296.53,99.61,Vencimento (estoque Mercado — última posição)
TDAJ12HC16,TDA,01/08/2020,Dívida Interna,07/2020,2020,690.0,70083.3,101.57000000000001,Vencimento (estoque Mercado — última posição)
TDAD10J235,TDA,01/10/2022,Dívida Interna,09/2022,2022,478.0,49090.6,102.7,Vencimento (estoque Mercado — última posição)
TDAD11F234,TDA,01/06/2022,Dívida Interna,05/2022,2022,9520.0,970849.6,101.98,Vencimento (estoque Mercado — última posição)
TDAD11G234,TDA,01/07/2022,Dívida Interna,06/2022,2022,37155.0,3793897.05,102.11,Vencimento (estoque Mercado — última posição)
TDAD11G331,TDA,01/07/2020,Dívida Interna,06/2020,2020,9393.0,944747.94,100.58,Vencimento (estoque Mercado — última posição)
NTN-B 150521,NTN-B,15/05/2021,Dívida Interna,04/2021,2021,22074104.0,79785904445.38,3614.4572139997167,Vencimento (estoque Mercado — última posição)
TDA20120100,TDA,01/12/2020,Dívida Interna,11/2020,2020,2034.0,202606.74,99.61,Vencimento (estoque Mercado — última posição)
TDA21090300,TDA,01/09/2021,Dívida Interna,08/2021,2021,1103.0,112042.74,101.58,Vencimento (estoque Mercado — última posição)
TDA20060600,TDA,01/06/2020,Dívida Interna,05/2020,2020,21664.0,2264754.56,104.54,Vencimento (estoque Mercado — última posição)
TDAD07F237,TDA,01/06/2021,Dívida Interna,05/2021,2021,20620.0,2094579.6,101.58,Vencimento (estoque Mercado — última posição)
TDAD07H236,TDA,01/08/2020,Dívida Interna,07/2020,2020,6024.0,611857.68,101.57000000000001,Vencimento (estoque Mercado — última posição)
NTN-I 150921,NTN-I,15/09/2021,Dívida Interna,08/2021,2021,6357642.0,63217213.22,9.943499998898963,Vencimento (estoque Mercado — última posição)
TDAD10J234,TDA,01/10/2021,Dívida Interna,09/2021,2021,478.0,48555.24,101.58,Vencimento (estoque Mercado — última posição)
TDAD11E234,TDA,01/05/2022,Dívida Interna,04/2022,2022,12500.0,1272625.0,101.81,Vencimento (estoque Mercado — última posição)
TDAD11E332,TDA,01/05/2021,Dívida Interna,04/2021,2021,3929.0,395218.11,100.59,Vencimento (estoque Mercado — última posição)
TDAD11G332,TDA,01/07/2021,Dívida Interna,06/2021,2021,9393.0,944841.87,100.59,Vencimento (estoque Mercado — última posição)
TDA21030600,TDA,01/03/2021,Dívida Interna,02/2021,2021,96711.0,10105332.39,104.49000000000001,Vencimento (estoque Mercado — última posição)
TDAD07C237,TDA,01/03/2021,Dívida Interna,02/2021,2021,5164.0,524455.84,101.55999999999999,Vencimento (estoque Mercado — última posição)
TDAD07D336,TDA,01/04/2021,Dívida Interna,03/2021,2021,3846.0,386907.6,100.6,Vencimento (estoque Mercado — última posição)
TDAD07F336,TDA,01/06/2021,Dívida Interna,05/2021,2021,10036.0,1009621.6,100.6,Vencimento (estoque Mercado — última posição)
TDAH090355,TDA,01/03/2021,Dívida Interna,02/2021,2021,1026.0,107206.74,104.49000000000001,Vencimento (estoque Mercado — última posição)
TDAD13E231,TDA,01/05/2021,Dívida Interna,04/2021,2021,2364.0,240135.12,101.58,Vencimento (estoque Mercado — última posição)
TDAD13F231,TDA,01/06/2021,Dívida Interna,05/2021,2021,3917.0,397888.86,101.58,Vencimento (estoque Mercado — última posição)
TDAD05I338,TDA,01/09/2021,Dívida Interna,08/2021,2021,5649.0,568289.4,100.60000000000001,Vencimento (estoque Mercado — última posição)
TDAD05I339,TDA,01/09/2022,Dívida Interna,08/2022,2022,5566.0,565115.98,101.53,Vencimento (estoque Mercado — última posição)
TDAD05I413,TDA,01/09/2020,Dívida Interna,08/2020,2020,246.0,24504.06,99.61,Vencimento (estoque Mercado — última posição)
TDAD05J415,TDA,01/10/2022,Dívida Interna,09/2022,2022,1491.0,150158.61,100.71,Vencimento (estoque Mercado — última posição)
TDAE071271,TDA,01/12/2020,Dívida Interna,11/2020,2020,32930.0,3442172.9,104.53,Vencimento (estoque Mercado — última posição)
TDAE100369,TDA,01/03/2021,Dívida Interna,02/2021,2021,991.0,103549.59,104.49,Vencimento (estoque Mercado — última posição)
TDAD08F335,TDA,01/06/2021,Dívida Interna,05/2021,2021,287.0,28872.2,100.60000000000001,Vencimento (estoque Mercado — última posição)
TDAD08G236,TDA,01/07/2021,Dívida Interna,06/2021,2021,11709.0,1189400.22,101.58,Vencimento (estoque Mercado — última posição)
TDAD08G335,TDA,01/07/2021,Dívida Interna,06/2021,2021,1096.0,110246.64,100.59,Vencimento (estoque Mercado — última posição)
TDAD08H235,TDA,01/08/2020,Dívida Interna,07/2020,2020,678.0,68864.46,101.57000000000001,Vencimento (estoque Mercado — última posição)
TDAD00K418,TDA,01/11/2020,Dívida Interna,10/2020,2020,1301.0,129592.61,99.61,Vencimento (estoque Mercado — última posição)
TDAD02H417,TDA,01/08/2021,Dívida Interna,07/2021,2021,3250.0,323732.5,99.61,Vencimento (estoque Mercado — última posição)
TDAD11L409,TDA,01/12/2022,Dívida Interna,11/2022,2022,7436.0,750961.64,100.99,Vencimento (estoque Mercado — última posição)
TDAD07H337,TDA,01/08/2022,Dívida Interna,07/2022,2022,196.0,19854.8,101.3,Vencimento (estoque Mercado — última posição)
TDAD07K335,TDA,01/11/2020,Dívida Interna,10/2020,2020,9510.0,956706.0,100.6,Vencimento (estoque Mercado — última posição)
TDAJ11AC18,TDA,01/01/2021,Dívida Interna,12/2020,2021,296.0,30067.68,101.58,Vencimento (estoque Mercado — última posição)
TDAD13H232,TDA,01/08/2022,Dívida Interna,07/2022,2022,239.0,24447.31,102.29,Vencimento (estoque Mercado — última posição)
TDAD01A418,TDA,01/01/2021,Dívida Interna,12/2020,2021,155.0,15439.55,99.61,Vencimento (estoque Mercado — última posição)
TDAD07K238,TDA,01/11/2022,Dívida Interna,10/2022,2022,14302.0,1470960.7,102.85,Vencimento (estoque Mercado — última posição)
TDAD07L236,TDA,01/12/2020,Dívida Interna,11/2020,2020,18540.0,1883293.2,101.58,Vencimento (estoque Mercado — última posição)
TDAD12A232,TDA,01/01/2021,Dívida Interna,12/2020,2021,503.0,51094.74,101.58,Vencimento (estoque Mercado — última posição)
TDAD11D233,TDA,01/04/2021,Dívida Interna,03/2021,2021,186.0,18893.88,101.58000000000001,Vencimento (estoque Mercado — última posição)
TDAD13I232,TDA,01/09/2022,Dívida Interna,08/2022,2022,515.0,52797.8,102.52000000000001,Vencimento (estoque Mercado — última posição)
TDAD02I340,TDA,01/09/2020,Dívida Interna,08/2020,2020,1612.0,162167.2,100.60000000000001,Vencimento (estoque Mercado — última posição)
TDAD03I339,TDA,01/09/2020,Dívida Interna,08/2020,2020,2291.0,230474.6,100.60000000000001,Vencimento (estoque Mercado — última posição)
TDAD03K340,TDA,01/11/2021,Dívida Interna,10/2021,2021,1291.0,129874.6,100.60000000000001,Vencimento (estoque Mercado — última posição)
TDAD03K416,TDA,01/11/2021,Dívida Interna,10/2021,2021,734.0,73113.74,99.61000000000001,Vencimento (estoque Mercado — última posição)
TDAD06C337,TDA,01/03/2021,Dívida Interna,02/2021,2021,9872.0,992925.76,100.58,Vencimento (estoque Mercado — última posição)
TDAD06D336,TDA,01/04/2020,Dívida Interna,03/2020,2020,13735.0,1381603.65,100.58999999999999,Vencimento (estoque Mercado — última posição)
TDAD06F336,TDA,01/06/2020,Dívida Interna,05/2020,2020,8290.0,833974.0,100.6,Vencimento (estoque Mercado — última posição)
TDAE111238,TDA,01/12/2021,Dívida Interna,11/2021,2021,11435.0,1195300.55,104.53,Vencimento (estoque Mercado — última posição)
TDAJ10FC18,TDA,01/06/2020,Dívida Interna,05/2020,2020,4074.0,413836.92,101.58,Vencimento (estoque Mercado — última posição)
HSTN A827,HSTN,15/11/2020,Dívida Interna,10/2020,2020,4.0,210041.76,52510.44,Vencimento (estoque Mercado — última posição)
HSTN A833,HSTN,15/05/2021,Dívida Interna,04/2021,2021,4.0,255173.0,63793.25,Vencimento (estoque Mercado — última posição)
HSTN A843,HSTN,15/03/2022,Dívida Interna,02/2022,2022,3.0,233206.83,77735.61,Vencimento (estoque Mercado — última posição)
TDAD09C333,TDA,01/03/2020,Dívida Interna,02/2020,2020,4149.0,417389.4,100.60000000000001,Vencimento (estoque Mercado — última posição)
TDAD13L331,TDA,01/12/2022,Dívida Interna,11/2022,2022,7901.0,805822.99,101.99,Vencimento (estoque Mercado — última posição)
TDAD03J340,TDA,01/10/2021,Dívida Interna,09/2021,2021,5415.0,544694.85,100.58999999999999,Vencimento (estoque Mercado — última posição)
TDAD04C339,TDA,01/03/2021,Dívida Interna,02/2021,2021,1297.0,130452.26,100.58,Vencimento (estoque Mercado — última posição)
TDAD04C340,TDA,01/03/2022,Dívida Interna,02/2022,2022,1323.0,133186.41,100.67,Vencimento (estoque Mercado — última posição)
TDAD04D416,TDA,01/04/2022,Dívida Interna,03/2022,2022,287.0,28639.73,99.78999999999999,Vencimento (estoque Mercado — última posição)
TDAD04E339,TDA,01/05/2021,Dívida Interna,04/2021,2021,3615.0,363632.85,100.58999999999999,Vencimento (estoque Mercado — última posição)
TDAD04F339,TDA,01/06/2021,Dívida Interna,05/2021,2021,349.0,35109.4,100.60000000000001,Vencimento (estoque Mercado — última posição)
TDAD12D331,TDA,01/04/2021,Dívida Interna,03/2021,2021,3068.0,308640.8,100.6,Vencimento (estoque Mercado — última posição)
TDAD12H231,TDA,01/08/2020,Dívida Interna,07/2020,2020,12978.0,1318175.46,101.57,Vencimento (estoque Mercado — última posição)
TDAD12J231,TDA,01/10/2020,Dívida Interna,09/2020,2020,11181.0,1135765.98,101.58,Vencimento (estoque Mercado — última posição)
TDAD06F414,TDA,01/06/2022,Dívida Interna,05/2022,2022,409.0,40900.0,100.0,Vencimento (estoque Mercado — última posição)
TDAD06G237,TDA,01/07/2020,Dívida Interna,06/2020,2020,3506.0,356104.42,101.57,Vencimento (estoque Mercado — última posição)
TDAD06G238,TDA,01/07/2021,Dívida Interna,06/2021,2021,3492.0,354717.36,101.58,Vencimento (estoque Mercado — última posição)
TDAJ10GC18,TDA,01/07/2020,Dívida Interna,06/2020,2020,2565.0,260527.05,101.57,Vencimento (estoque Mercado — última posição)
TDAJ10JC18,TDA,01/10/2020,Dívida Interna,09/2020,2020,1423.0,144548.34,101.58,Vencimento (estoque Mercado — última posição)
TDAJ11LA18,TDA,01/12/2021,Dívida Interna,11/2021,2021,5056.0,503628.16,99.61,Vencimento (estoque Mercado — última posição)
HSTN A840,HSTN,15/12/2021,Dívida Interna,11/2021,2021,3.0,218395.26,72798.42,Vencimento (estoque Mercado — última posição)
HSTN A841,HSTN,15/01/2022,Dívida Interna,12/2021,2022,4.0,294991.28,73747.82,Vencimento (estoque Mercado — última posição)
TDAD09B235,TDA,01/02/2021,Dívida Interna,01/2021,2021,116.0,11783.28,101.58000000000001,Vencimento (estoque Mercado — última posição)
TDAD09E236,TDA,01/05/2022,Dívida Interna,04/2022,2022,2483.0,252794.23,101.81,Vencimento (estoque Mercado — última posição)
TDA20100300,TDA,01/10/2020,Dívida Interna,09/2020,2020,7611.0,773125.38,101.58,Vencimento (estoque Mercado — última posição)
TDAD05E238,TDA,01/05/2020,Dívida Interna,04/2020,2020,17310.0,1758003.6,101.56,Vencimento (estoque Mercado — última posição)
TDAD05H415,TDA,01/08/2022,Dívida Interna,11/2021,2022,454.0,44923.3,98.95,Vencimento (estoque Mercado — última posição)
TDAE111237,TDA,01/12/2020,Dívida Interna,11/2020,2020,11419.0,1193628.07,104.53,Vencimento (estoque Mercado — última posição)
LTN 010422,LTN,01/04/2022,Dívida Interna,03/2022,2022,126205950.0,126182585744.88,999.8148719999335,Vencimento (estoque Mercado — última posição)
HSTN A828,HSTN,15/12/2020,Dívida Interna,11/2020,2020,4.0,218402.16,54600.54,Vencimento (estoque Mercado — última posição)
HSTN A829,HSTN,15/01/2021,Dívida Interna,12/2020,2021,4.0,224335.48,56083.87,Vencimento (estoque Mercado — última posição)
HSTN A836,HSTN,15/08/2021,Dívida Interna,07/2021,2021,3.0,207669.66,69223.22,Vencimento (estoque Mercado — última posição)
HSTN A839,HSTN,15/11/2021,Dívida Interna,10/2021,2021,4.0,287347.64,71836.91,Vencimento (estoque Mercado — última posição)
TDAD09B335,TDA,01/02/2022,Dívida Interna,01/2022,2022,478.0,48129.82,100.69,Vencimento (estoque Mercado — última posição)
TDAD09C334,TDA,01/03/2021,Dívida Interna,02/2021,2021,3574.0,359472.92,100.58,Vencimento (estoque Mercado — última posição)
TDA20120200,TDA,01/12/2020,Dívida Interna,11/2020,2020,14090.0,1417313.1,100.59,Vencimento (estoque Mercado — última posição)
TDAD05G238,TDA,01/07/2020,Dívida Interna,06/2020,2020,9304.0,945007.28,101.57000000000001,Vencimento (estoque Mercado — última posição)
TDAE100370,TDA,01/03/2022,Dívida Interna,02/2022,2022,991.0,103648.69,104.59,Vencimento (estoque Mercado — última posição)
TDAE110554,TDA,01/05/2022,Dívida Interna,04/2022,2022,11231.0,1176671.87,104.77000000000001,Vencimento (estoque Mercado — última posição)
TDAH080955,TDA,01/09/2020,Dívida Interna,08/2020,2020,548.0,57287.92,104.53999999999999,Vencimento (estoque Mercado — última posição)
TDAH080956,TDA,01/09/2021,Dívida Interna,08/2021,2021,548.0,57287.92,104.53999999999999,Vencimento (estoque Mercado — última posição)
TDAH080957,TDA,01/09/2022,Dívida Interna,08/2022,2022,548.0,57819.48,105.51,Vencimento (estoque Mercado — última posição)
HSTN A835,HSTN,15/07/2021,Dívida Interna,06/2021,2021,4.0,271991.52,67997.88,Vencimento (estoque Mercado — última posição)
TDAD06H412,TDA,01/08/2020,Dívida Interna,07/2020,2020,595.0,59262.0,99.6,Vencimento (estoque Mercado — última posição)
TDAD06H413,TDA,01/08/2021,Dívida Interna,07/2021,2021,595.0,59267.95,99.61,Vencimento (estoque Mercado — última posição)
TDAD06J338,TDA,01/10/2022,Dívida Interna,09/2022,2022,6763.0,687797.1,101.7,Vencimento (estoque Mercado — última posição)
TDAD06J336,TDA,01/10/2020,Dívida Interna,09/2020,2020,7570.0,761466.3,100.59,Vencimento (estoque Mercado — última posição)
TDAD06J413,TDA,01/10/2021,Dívida Interna,09/2021,2021,10164.0,1012436.04,99.61,Vencimento (estoque Mercado — última posição)
TDAD06K338,TDA,01/11/2022,Dívida Interna,10/2022,2022,11490.0,1170256.5,101.85,Vencimento (estoque Mercado — última posição)
TDA21120300,TDA,01/12/2021,Dívida Interna,11/2021,2021,50538.0,5133650.04,101.58,Vencimento (estoque Mercado — última posição)
TDA22120200,TDA,01/12/2022,Dívida Interna,11/2022,2022,14090.0,1437039.1,101.99000000000001,Vencimento (estoque Mercado — última posição)
TDAD07H238,TDA,01/08/2022,Dívida Interna,07/2022,2022,2324.0,237721.96,102.28999999999999,Vencimento (estoque Mercado — última posição)
TDAD07I237,TDA,01/09/2021,Dívida Interna,08/2021,2021,5016.0,509525.28,101.58000000000001,Vencimento (estoque Mercado — última posição)
TDAD07E238,TDA,01/05/2022,Dívida Interna,04/2022,2022,7096.0,722443.76,101.81,Vencimento (estoque Mercado — última posição)
NTN-I 151122,NTN-I,15/11/2022,Dívida Interna,10/2022,2022,4985763.0,53082077.49,10.64673099984897,Vencimento (estoque Mercado — última posição)
NTN-I 150222,NTN-I,15/02/2022,Dívida Interna,01/2022,2022,4918639.0,51530367.41,10.476549998891969,Vencimento (estoque Mercado — última posição)
NTN-I 151021,NTN-I,15/10/2021,Dívida Interna,09/2021,2021,6479307.0,67373168.92,10.398205999499638,Vencimento (estoque Mercado — última posição)
TDAE070857,TDA,01/08/2021,Dívida Interna,07/2021,2021,222.0,23207.88,104.54,Vencimento (estoque Mercado — última posição)
TDAD10E234,TDA,01/05/2021,Dívida Interna,04/2021,2021,11283.0,1146127.14,101.57999999999998,Vencimento (estoque Mercado — última posição)
TDAD10G333,TDA,01/07/2021,Dívida Interna,06/2021,2021,234.0,23538.06,100.59,Vencimento (estoque Mercado — última posição)
TDAD10I234,TDA,01/09/2021,Dívida Interna,08/2021,2021,7.0,711.06,101.58,Vencimento (estoque Mercado — última posição)
TDAD08K336,TDA,01/11/2022,Dívida Interna,10/2022,2022,169.0,17212.65,101.85000000000001,Vencimento (estoque Mercado — última posição)
TDAD08F237,TDA,01/06/2022,Dívida Interna,05/2022,2022,15996.0,1631272.08,101.98,Vencimento (estoque Mercado — última posição)
TDAD07L336,TDA,01/12/2021,Dívida Interna,11/2021,2021,11809.0,1187867.31,100.59,Vencimento (estoque Mercado — última posição)
TDAD07L413,TDA,01/12/2022,Dívida Interna,11/2022,2022,1691.0,170774.09,100.99,Vencimento (estoque Mercado — última posição)
TDA22060300,TDA,01/06/2022,Dívida Interna,05/2022,2022,246.0,25087.08,101.98,Vencimento (estoque Mercado — última posição)
TDAD07K336,TDA,01/11/2021,Dívida Interna,10/2021,2021,9510.0,956706.0,100.6,Vencimento (estoque Mercado — última posição)
TDAD08D412,TDA,01/04/2022,Dívida Interna,03/2022,2022,2177.0,217242.83,99.78999999999999,Vencimento (estoque Mercado — última posição)
TDAD08E237,TDA,01/05/2022,Dívida Interna,04/2022,2022,3885.0,395531.85,101.80999999999999,Vencimento (estoque Mercado — última posição)
TDAD08C237,TDA,01/03/2022,Dívida Interna,02/2022,2022,483.0,49096.95,101.64999999999999,Vencimento (estoque Mercado — última posição)
TDAD08D336,TDA,01/04/2022,Dívida Interna,03/2022,2022,2744.0,276540.32,100.78,Vencimento (estoque Mercado — última posição)
NTN-I 151221,NTN-I,15/12/2021,Dívida Interna,11/2021,2021,5009766.0,54275248.75,10.833888998009089,Vencimento (estoque Mercado — última posição)
TDAD11J233,TDA,01/10/2021,Dívida Interna,09/2021,2021,605.0,61455.9,101.58,Vencimento (estoque Mercado — última posição)
TDAD11F233,TDA,01/06/2021,Dívida Interna,05/2021,2021,9520.0,967041.6,101.58,Vencimento (estoque Mercado — última posição)
TDA21060100,TDA,01/06/2021,Dívida Interna,05/2021,2021,9316.0,927966.76,99.61,Vencimento (estoque Mercado — última posição)
TDAD09H411,TDA,01/08/2022,Dívida Interna,07/2022,2022,98.0,9830.38,100.30999999999999,Vencimento (estoque Mercado — última posição)
TDAD09I411,TDA,01/09/2022,Dívida Interna,08/2022,2022,1904.0,191409.12,100.53,Vencimento (estoque Mercado — última posição)
TDA21120600,TDA,01/12/2021,Dívida Interna,11/2021,2021,24785.0,2590776.05,104.52999999999999,Vencimento (estoque Mercado — última posição)
TDAD08K237,TDA,01/11/2022,Dívida Interna,10/2022,2022,2816.0,289625.6,102.85,Vencimento (estoque Mercado — última posição)
TDA22110300,TDA,01/11/2022,Dívida Interna,10/2022,2022,7584.0,780014.4,102.85000000000001,Vencimento (estoque Mercado — última posição)
TDAD08B237,TDA,01/02/2022,Dívida Interna,01/2022,2022,771.0,78395.28,101.67999999999999,Vencimento (estoque Mercado — última posição)
TDAD08F336,TDA,01/06/2022,Dívida Interna,05/2022,2022,312.0,31508.88,100.99000000000001,Vencimento (estoque Mercado — última posição)
TDA21110300,TDA,01/11/2021,Dívida Interna,10/2021,2021,7938.0,806342.04,101.58,Vencimento (estoque Mercado — última posição)
TDAD08J236,TDA,01/10/2021,Dívida Interna,09/2021,2021,7213.0,732696.54,101.58,Vencimento (estoque Mercado — última posição)
TDAD08J335,TDA,01/10/2021,Dívida Interna,09/2021,2021,571.0,57436.89,100.59,Vencimento (estoque Mercado — última posição)
TDAD08K412,TDA,01/11/2022,Dívida Interna,10/2022,2022,1099.0,110834.15,100.85,Vencimento (estoque Mercado — última posição)
TDAD08K236,TDA,01/11/2021,Dívida Interna,10/2021,2021,2746.0,278938.68,101.58,Vencimento (estoque Mercado — última posição)
TDA22100300,TDA,01/10/2022,Dívida Interna,09/2022,2022,5036.0,517197.2,102.7,Vencimento (estoque Mercado — última posição)
TDAD13G232,TDA,01/07/2022,Dívida Interna,06/2022,2022,329.0,33594.19,102.11000000000001,Vencimento (estoque Mercado — última posição)
TDAD02A418,TDA,01/01/2022,Dívida Interna,12/2021,2022,12555.0,1251105.75,99.65,Vencimento (estoque Mercado — última posição)
TDAD01E418,TDA,01/05/2021,Dívida Interna,04/2021,2021,614.0,61160.54,99.61,Vencimento (estoque Mercado — última posição)
TDAD04D415,TDA,01/04/2021,Dívida Interna,03/2021,2021,287.0,28588.07,99.61,Vencimento (estoque Mercado — última posição)
TDAD12L332,TDA,01/12/2022,Dívida Interna,11/2022,2022,40459.0,4126413.41,101.99000000000001,Vencimento (estoque Mercado — última posição)
ECTN 0105,ECTN,01/05/2021,Dívida Interna,04/2021,2021,14573.0,74559985.63,5116.3099999999995,Vencimento (estoque Mercado — última posição)
ECTN 0106,ECTN,01/06/2021,Dívida Interna,05/2021,2021,60813.0,320853644.91,5276.070000000001,Vencimento (estoque Mercado — última posição)
TDAD12D408,TDA,01/04/2022,Dívida Interna,03/2022,2022,182.0,18161.78,99.78999999999999,Vencimento (estoque Mercado — última posição)
TDAD13G231,TDA,01/07/2021,Dívida Interna,06/2021,2021,329.0,33419.82,101.58,Vencimento (estoque Mercado — última posição)
TDAJ12HC17,TDA,01/08/2021,Dívida Interna,07/2021,2021,695.0,70598.1,101.58000000000001,Vencimento (estoque Mercado — última posição)
TDAJ12HC18,TDA,01/08/2022,Dívida Interna,07/2022,2022,700.0,71603.0,102.29,Vencimento (estoque Mercado — última posição)
TDAD02C418,TDA,01/03/2022,Dívida Interna,02/2022,2022,1839.0,183329.91,99.69,Vencimento (estoque Mercado — última posição)
TDAD03E417,TDA,01/05/2022,Dívida Interna,04/2022,2022,3985.0,397862.4,99.84,Vencimento (estoque Mercado — última posição)
TDAD03I340,TDA,01/09/2021,Dívida Interna,08/2021,2021,2367.0,238120.2,100.60000000000001,Vencimento (estoque Mercado — última posição)
TDAD03L416,TDA,01/12/2021,Dívida Interna,11/2021,2021,4952.0,493268.72,99.61,Vencimento (estoque Mercado — última posição)
TDAD04C416,TDA,01/03/2022,Dívida Interna,02/2022,2022,875.0,87228.75,99.69,Vencimento (estoque Mercado — última posição)
TDAD04G340,TDA,01/07/2022,Dívida Interna,06/2022,2022,1636.0,165432.32,101.12,Vencimento (estoque Mercado — última posição)
NTN-B 150822,NTN-B,15/08/2022,Dívida Interna,07/2022,2022,42321739.0,173279573113.57,4094.339627999927,Vencimento (estoque Mercado — última posição)
ECTN 0211,ECTN,01/11/2022,Dívida Interna,10/2022,2022,183645.0,859989334.05,4682.889999999999,Vencimento (estoque Mercado — última posição)
TDAE020278,TDA,01/02/2022,Dívida Interna,01/2022,2022,1420.0,148588.8,104.63999999999999,Vencimento (estoque Mercado — última posição)
TDAE070858,TDA,01/08/2022,Dívida Interna,07/2022,2022,406.0,42739.62,105.27000000000001,Vencimento (estoque Mercado — última posição)
TDAE070957,TDA,01/09/2021,Dívida Interna,08/2021,2021,5559.0,581137.86,104.53999999999999,Vencimento (estoque Mercado — última posição)
TDAE070973,TDA,01/09/2022,Dívida Interna,08/2022,2022,12035.0,1269812.85,105.51,Vencimento (estoque Mercado — última posição)
TDAE070958,TDA,01/09/2022,Dívida Interna,08/2022,2022,5559.0,586530.09,105.50999999999999,Vencimento (estoque Mercado — última posição)
TDAE071272,TDA,01/12/2021,Dívida Interna,11/2021,2021,32930.0,3442172.9,104.53,Vencimento (estoque Mercado — última posição)
TDAE120238,TDA,01/02/2022,Dívida Interna,01/2022,2022,13265.0,1388049.6,104.64,Vencimento (estoque Mercado — última posição)
TDA21120100,TDA,01/12/2021,Dívida Interna,11/2021,2021,2038.0,203005.18,99.61,Vencimento (estoque Mercado — última posição)
TDAD08I236,TDA,01/09/2021,Dívida Interna,08/2021,2021,7146.0,725890.68,101.58000000000001,Vencimento (estoque Mercado — última posição)
TDAD08J336,TDA,01/10/2022,Dívida Interna,09/2022,2022,557.0,56646.9,101.7,Vencimento (estoque Mercado — última posição)
TDAD13I231,TDA,01/09/2021,Dívida Interna,08/2021,2021,515.0,52313.7,101.58,Vencimento (estoque Mercado — última posição)
ESTI980815,ESTI980815,15/01/2022,Dívida Interna,12/2021,2022,328662.0,284923661.04,866.9200000000001,Vencimento (estoque Mercado — última posição)
TDAD04H415,TDA,01/08/2021,Dívida Interna,07/2021,2021,27676.0,2756806.36,99.61,Vencimento (estoque Mercado — última posição)
TDAD04L415,TDA,01/12/2021,Dívida Interna,11/2021,2021,2798.0,278708.78,99.61000000000001,Vencimento (estoque Mercado — última posição)
TDAD04L416,TDA,01/12/2022,Dívida Interna,11/2022,2022,3120.0,315088.8,100.99,Vencimento (estoque Mercado — última posição)
TDAD05H339,TDA,01/08/2022,Dívida Interna,07/2022,2022,2546.0,257909.8,101.3,Vencimento (estoque Mercado — última posição)
TDAD05H414,TDA,01/08/2021,Dívida Interna,07/2021,2021,454.0,45222.94,99.61,Vencimento (estoque Mercado — última posição)
TDAD12L331,TDA,01/12/2021,Dívida Interna,11/2021,2021,40459.0,4069770.81,100.59,Vencimento (estoque Mercado — última posição)
NTN-I 150322,NTN-I,15/03/2022,Dívida Interna,02/2022,2022,6223719.0,62277849.55,10.006532998999472,Vencimento (estoque Mercado — última posição)
NTN-I 150522,NTN-I,15/05/2022,Dívida Interna,04/2022,2022,5507977.0,53059642.32,9.633235999351486,Vencimento (estoque Mercado — última posição)
ECTN 0202,ECTN,01/02/2022,Dívida Interna,01/2022,2022,19626.0,101312355.9,5162.150000000001,Vencimento (estoque Mercado — última posição)
NTN-I 150122,NTN-I,15/01/2022,Dívida Interna,12/2021,2022,5868484.0,63408764.22,10.804964999478571,Vencimento (estoque Mercado — última posição)
ECTN 0111,ECTN,01/11/2021,Dívida Interna,10/2021,2021,112701.0,576374327.19,5114.1900000000005,Vencimento (estoque Mercado — última posição)
HSTN A842,HSTN,15/02/2022,Dívida Interna,01/2022,2022,3.0,227015.13,75671.71,Vencimento (estoque Mercado — última posição)
TDAD09H236,TDA,01/08/2022,Dívida Interna,07/2022,2022,400.0,40916.0,102.29,Vencimento (estoque Mercado — última posição)
TDA19050600,TDA,01/05/2019,Dívida Interna,04/2019,2019,40921.0,4276653.71,104.51,Vencimento (estoque Mercado — última posição)
TDA21100600,TDA,01/10/2021,Dívida Interna,09/2021,2021,4829.0,504775.37,104.53,Vencimento (estoque Mercado — última posição)
TDA22100600,TDA,01/10/2022,Dívida Interna,09/2022,2022,4829.0,510328.72,105.67999999999999,Vencimento (estoque Mercado — última posição)
TDAD13L330,TDA,01/12/2021,Dívida Interna,11/2021,2021,7901.0,794761.59,100.58999999999999,Vencimento (estoque Mercado — última posição)
TDAD13E232,TDA,01/05/2022,Dívida Interna,04/2022,2022,2364.0,240678.84,101.81,Vencimento (estoque Mercado — última posição)
TDAD02K418,TDA,01/11/2022,Dívida Interna,10/2022,2022,767.0,77351.95,100.85,Vencimento (estoque Mercado — última posição)
TDAD02L418,TDA,01/12/2022,Dívida Interna,11/2022,2022,421.0,42516.79,100.99000000000001,Vencimento (estoque Mercado — última posição)
NTN-I 151121,NTN-I,15/11/2021,Dívida Interna,10/2021,2021,6003053.0,65212845.59,10.863279999360326,Vencimento (estoque Mercado — última posição)
TDAD09H335,TDA,01/08/2022,Dívida Interna,07/2022,2022,8861.0,897619.3,101.30000000000001,Vencimento (estoque Mercado — última posição)
TDAD09C236,TDA,01/03/2022,Dívida Interna,02/2022,2022,20441.0,2077827.65,101.64999999999999,Vencimento (estoque Mercado — última posição)
TDAD09F236,TDA,01/06/2022,Dívida Interna,05/2022,2022,9103.0,928323.94,101.97999999999999,Vencimento (estoque Mercado — última posição)
TDA22020300,TDA,01/02/2022,Dívida Interna,01/2022,2022,13.0,1321.84,101.67999999999999,Vencimento (estoque Mercado — última posição)
TDAD04I340,TDA,01/09/2022,Dívida Interna,08/2022,2022,10769.0,1093376.57,101.53,Vencimento (estoque Mercado — última posição)
TDAD04I415,TDA,01/09/2021,Dívida Interna,08/2021,2021,23.0,2291.03,99.61000000000001,Vencimento (estoque Mercado — última posição)
TDAD04J339,TDA,01/10/2021,Dívida Interna,09/2021,2021,187.0,18810.33,100.59,Vencimento (estoque Mercado — última posição)
TDAD05E338,TDA,01/05/2021,Dívida Interna,04/2021,2021,714.0,71821.26,100.58999999999999,Vencimento (estoque Mercado — última posição)
TDAD12H232,TDA,01/08/2021,Dívida Interna,07/2021,2021,14104.0,1432684.32,101.58,Vencimento (estoque Mercado — última posição)
TDAD12J232,TDA,01/10/2021,Dívida Interna,09/2021,2021,11181.0,1135765.98,101.58,Vencimento (estoque Mercado — última posição)
LTN 010722,LTN,01/07/2022,Dívida Interna,06/2022,2022,110946026.0,110912457282.8,999.6974319999529,Vencimento (estoque Mercado — última posição)
TDAD09I334,TDA,01/09/2021,Dívida Interna,08/2021,2021,5771.0,580562.6,100.6,Vencimento (estoque Mercado — última posição)
TDAD09K335,TDA,01/11/2022,Dívida Interna,10/2022,2022,2805.0,285689.25,101.85,Vencimento (estoque Mercado — última posição)
TDAD09H410,TDA,01/08/2021,Dívida Interna,07/2021,2021,98.0,9761.78,99.61000000000001,Vencimento (estoque Mercado — última posição)
TDAD09I235,TDA,01/09/2021,Dívida Interna,08/2021,2021,11161.0,1133734.38,101.57999999999998,Vencimento (estoque Mercado — última posição)
TDAD09I236,TDA,01/09/2022,Dívida Interna,08/2022,2022,11397.0,1168420.44,102.52,Vencimento (estoque Mercado — última posição)
TDAD10C334,TDA,01/03/2022,Dívida Interna,02/2022,2022,1067.0,107414.89,100.67,Vencimento (estoque Mercado — última posição)
TDAD09L235,TDA,01/12/2021,Dívida Interna,11/2021,2021,37.0,3758.46,101.58,Vencimento (estoque Mercado — última posição)
TDAD05J338,TDA,01/10/2021,Dívida Interna,09/2021,2021,908.0,91335.72,100.59,Vencimento (estoque Mercado — última posição)
TDAD02H418,TDA,01/08/2022,Dívida Interna,07/2022,2022,3269.0,327913.39,100.31,Vencimento (estoque Mercado — última posição)
TDAE070972,TDA,01/09/2021,Dívida Interna,08/2021,2021,12035.0,1258138.9,104.53999999999999,Vencimento (estoque Mercado — última posição)
TDAD11L234,TDA,01/12/2022,Dívida Interna,11/2022,2022,36265.0,3734932.35,102.99000000000001,Vencimento (estoque Mercado — última posição)
TDA22080100,TDA,01/08/2022,Dívida Interna,07/2022,2022,490.0,49151.9,100.31,Vencimento (estoque Mercado — última posição)
LFT 010922,LFT,01/09/2022,Dívida Interna,08/2022,2022,15022646.0,181799263373.43,12101.680580999511,Vencimento (estoque Mercado — última posição)
TDA22040300,TDA,01/04/2022,Dívida Interna,03/2022,2022,1035.0,105331.95,101.77,Vencimento (estoque Mercado — última posição)
TDA21040300,TDA,01/04/2021,Dívida Interna,03/2021,2021,1027.0,104322.66,101.58,Vencimento (estoque Mercado — última posição)
TDAD06H337,TDA,01/08/2021,Dívida Interna,07/2021,2021,574.0,57744.4,100.60000000000001,Vencimento (estoque Mercado — última posição)
TDAD06H338,TDA,01/08/2022,Dívida Interna,07/2022,2022,553.0,56018.9,101.3,Vencimento (estoque Mercado — última posição)
TDAD12I233,TDA,01/09/2022,Dívida Interna,08/2022,2022,1839.0,188534.28,102.52,Vencimento (estoque Mercado — última posição)
TDAD09J411,TDA,01/10/2022,Dívida Interna,09/2022,2022,2573.0,259126.83,100.71,Vencimento (estoque Mercado — última posição)
TDAJ11DB18,TDA,01/04/2021,Dívida Interna,03/2021,2021,289.0,29073.4,100.60000000000001,Vencimento (estoque Mercado — última posição)
TDAD03E340,TDA,01/05/2021,Dívida Interna,04/2021,2021,5385.0,541677.15,100.59,Vencimento (estoque Mercado — última posição)
TDA22050600,TDA,01/05/2022,Dívida Interna,04/2022,2022,4494.0,470836.38,104.77,Vencimento (estoque Mercado — última posição)
TDAD11E333,TDA,01/05/2022,Dívida Interna,04/2022,2022,3929.0,396161.07,100.83,Vencimento (estoque Mercado — última posição)
TDAD06K238,TDA,01/11/2021,Dívida Interna,10/2021,2021,9326.0,947335.08,101.58,Vencimento (estoque Mercado — última posição)
TDAD06L337,TDA,01/12/2021,Dívida Interna,11/2021,2021,2449.0,246344.91,100.59,Vencimento (estoque Mercado — última posição)
TDAD13J232,TDA,01/10/2022,Dívida Interna,09/2022,2022,31844.0,3270378.8,102.69999999999999,Vencimento (estoque Mercado — última posição)
TDAD13L232,TDA,01/12/2022,Dívida Interna,11/2022,2022,11086.0,1141747.14,102.99,Vencimento (estoque Mercado — última posição)
TDAD04I339,TDA,01/09/2021,Dívida Interna,08/2021,2021,10906.0,1097143.6,100.60000000000001,Vencimento (estoque Mercado — última posição)
TDAD05H338,TDA,01/08/2021,Dívida Interna,07/2021,2021,2363.0,237717.8,100.6,Vencimento (estoque Mercado — última posição)
TDAE040775,TDA,01/07/2021,Dívida Interna,06/2021,2021,26883.0,2810079.99,104.53000000000002,Vencimento (estoque Mercado — última posição)
TDAD12D233,TDA,01/04/2022,Dívida Interna,03/2022,2022,19313.0,1965484.01,101.77,Vencimento (estoque Mercado — última posição)
TDAD11L332,TDA,01/12/2021,Dívida Interna,11/2021,2021,5634.0,566724.06,100.59,Vencimento (estoque Mercado — última posição)
TDAD12D332,TDA,01/04/2022,Dívida Interna,03/2022,2022,3068.0,309193.04,100.77999999999999,Vencimento (estoque Mercado — última posição)
TDA22060600,TDA,01/06/2022,Dívida Interna,05/2022,2022,6534.0,685743.3,104.95,Vencimento (estoque Mercado — última posição)
TDAD07H237,TDA,01/08/2021,Dívida Interna,07/2021,2021,5014.0,509322.12,101.58,Vencimento (estoque Mercado — última posição)
TDAD05L415,TDA,01/12/2022,Dívida Interna,11/2022,2022,55.0,5554.45,100.99,Vencimento (estoque Mercado — última posição)
TDAD12K332,TDA,01/11/2022,Dívida Interna,10/2022,2022,3780.0,384993.0,101.85,Vencimento (estoque Mercado — última posição)
TDAD12F233,TDA,01/06/2022,Dívida Interna,05/2022,2022,2254.0,229862.92,101.98,Vencimento (estoque Mercado — última posição)
TDAD12H233,TDA,01/08/2022,Dívida Interna,07/2022,2022,14100.0,1442289.0,102.29,Vencimento (estoque Mercado — última posição)
HSTN A838,HSTN,15/10/2021,Dívida Interna,09/2021,2021,4.0,282974.92,70743.73,Vencimento (estoque Mercado — última posição)
TDAD12J233,TDA,01/10/2022,Dívida Interna,09/2022,2022,11163.0,1146440.1,102.7,Vencimento (estoque Mercado — última posição)
TDAE050775,TDA,01/07/2022,Dívida Interna,06/2022,2022,582.0,61156.56,105.08,Vencimento (estoque Mercado — última posição)
TDA21030100,TDA,01/03/2021,Dívida Interna,02/2021,2021,19232.0,1915507.2,99.6,Vencimento (estoque Mercado — última posição)
TDAD07L237,TDA,01/12/2021,Dívida Interna,11/2021,2021,18580.0,1887356.4,101.58,Vencimento (estoque Mercado — última posição)
TDAD08D236,TDA,01/04/2021,Dívida Interna,03/2021,2021,7861.0,798520.38,101.58,Vencimento (estoque Mercado — última posição)
TDA21100300,TDA,01/10/2021,Dívida Interna,09/2021,2021,5030.0,510947.4,101.58,Vencimento (estoque Mercado — última posição)
TDA21050300,TDA,01/05/2021,Dívida Interna,04/2021,2021,3617.0,367414.86,101.58,Vencimento (estoque Mercado — última posição)
TDA21050600,TDA,01/05/2021,Dívida Interna,04/2021,2021,4490.0,469339.7,104.53,Vencimento (estoque Mercado — última posição)
HSTN A834,HSTN,15/06/2021,Dívida Interna,05/2021,2021,4.0,265085.64,66271.41,Vencimento (estoque Mercado — última posição)
HSTN A837,HSTN,15/09/2021,Dívida Interna,08/2021,2021,3.0,210951.75,70317.25,Vencimento (estoque Mercado — última posição)
LTN 010421,LTN,01/04/2021,Dívida Interna,03/2021,2021,283547580.0,283511892134.48,999.8741379999786,Vencimento (estoque Mercado — última posição)
TDA21120200,TDA,01/12/2021,Dívida Interna,11/2021,2021,14090.0,1417313.1,100.59,Vencimento (estoque Mercado — última posição)
TDAD07D337,TDA,01/04/2022,Dívida Interna,03/2022,2022,4984.0,502287.52,100.78,Vencimento (estoque Mercado — última posição)
TDAD05K414,TDA,01/11/2021,Dívida Interna,10/2021,2021,18623.0,1855037.03,99.61,Vencimento (estoque Mercado — última posição)
TDAD06A338,TDA,01/01/2022,Dívida Interna,12/2021,2022,9835.0,989794.4,100.64,Vencimento (estoque Mercado — última posição)
TDAD05L414,TDA,01/12/2021,Dívida Interna,11/2021,2021,30.0,2988.3,99.61,Vencimento (estoque Mercado — última posição)
TDAD09L236,TDA,01/12/2022,Dívida Interna,11/2022,2022,37.0,3810.63,102.99000000000001,Vencimento (estoque Mercado — última posição)
TDAD05J339,TDA,01/10/2022,Dívida Interna,09/2022,2022,908.0,92343.6,101.7,Vencimento (estoque Mercado — última posição)
TDAD05K339,TDA,01/11/2022,Dívida Interna,10/2022,2022,2354.0,239754.9,101.85,Vencimento (estoque Mercado — última posição)
TDAD13L231,TDA,01/12/2021,Dívida Interna,11/2021,2021,11086.0,1126115.88,101.57999999999998,Vencimento (estoque Mercado — última posição)
TDAE090356,TDA,01/03/2022,Dívida Interna,02/2022,2022,30811.0,3222522.49,104.59,Vencimento (estoque Mercado — última posição)
TDAD11G408,TDA,01/07/2021,Dívida Interna,06/2021,2021,17740.0,1767081.4,99.61,Vencimento (estoque Mercado — última posição)
TDAD11L408,TDA,01/12/2021,Dívida Interna,11/2021,2021,7454.0,742492.94,99.61,Vencimento (estoque Mercado — última posição)
TDAD09I335,TDA,01/09/2022,Dívida Interna,08/2022,2022,5771.0,585929.63,101.53,Vencimento (estoque Mercado — última posição)
TDAD09I410,TDA,01/09/2021,Dívida Interna,08/2021,2021,2219.0,221034.59,99.61,Vencimento (estoque Mercado — última posição)
TDAD07H413,TDA,01/08/2022,Dívida Interna,07/2022,2022,1856.0,186175.36,100.30999999999999,Vencimento (estoque Mercado — última posição)
TDAD07K237,TDA,01/11/2021,Dívida Interna,10/2021,2021,14200.0,1442436.0,101.58,Vencimento (estoque Mercado — última posição)
TDA21070200,TDA,01/07/2021,Dívida Interna,06/2021,2021,192.0,19313.28,100.58999999999999,Vencimento (estoque Mercado — última posição)
TDA19010300,TDA,01/01/2019,Dívida Interna,12/2018,2019,4909.0,498558.04,101.56,Vencimento (estoque Mercado — última posição)
TDAE110738,TDA,01/07/2021,Dívida Interna,06/2021,2021,4077.0,426168.81,104.53,Vencimento (estoque Mercado — última posição)
ECTN 0104,ECTN,01/04/2021,Dívida Interna,03/2021,2021,10098.0,51383168.1,5088.45,Vencimento (estoque Mercado — última posição)
TDA22120600,TDA,01/12/2022,Dívida Interna,11/2022,2022,24795.0,2627774.1,105.98,Vencimento (estoque Mercado — última posição)
TDAD08D237,TDA,01/04/2022,Dívida Interna,03/2022,2022,8016.0,815788.32,101.77,Vencimento (estoque Mercado — última posição)
TDAD07E337,TDA,01/05/2022,Dívida Interna,04/2022,2022,247.0,24905.01,100.83,Vencimento (estoque Mercado — última posição)
TDAD07G412,TDA,01/07/2021,Dívida Interna,06/2021,2021,1925.0,191749.25,99.61,Vencimento (estoque Mercado — última posição)
TDA22080300,TDA,01/08/2022,Dívida Interna,07/2022,2022,16421.0,1679704.09,102.29,Vencimento (estoque Mercado — última posição)
TDAD11G333,TDA,01/07/2022,Dívida Interna,06/2022,2022,9393.0,949820.16,101.12,Vencimento (estoque Mercado — última posição)
TDAD02K417,TDA,01/11/2021,Dívida Interna,10/2021,2021,738.0,73512.18,99.60999999999999,Vencimento (estoque Mercado — última posição)
TDAD12A233,TDA,01/01/2022,Dívida Interna,12/2021,2022,503.0,51119.89,101.63,Vencimento (estoque Mercado — última posição)
TDA22050300,TDA,01/05/2022,Dívida Interna,04/2022,2022,3617.0,368246.77,101.81,Vencimento (estoque Mercado — última posição)
TDAD07B238,TDA,01/02/2022,Dívida Interna,01/2022,2022,24267.0,2467468.56,101.68,Vencimento (estoque Mercado — última posição)
TDAD07G238,TDA,01/07/2022,Dívida Interna,06/2022,2022,5717.0,583762.87,102.11,Vencimento (estoque Mercado — última posição)
TDA22070300,TDA,01/07/2022,Dívida Interna,06/2022,2022,11998.0,1225115.78,102.11,Vencimento (estoque Mercado — última posição)
TDAD09D236,TDA,01/04/2022,Dívida Interna,03/2022,2022,2200.0,223894.0,101.77,Vencimento (estoque Mercado — última posição)
TDA22110600,TDA,01/11/2022,Dívida Interna,10/2022,2022,3481.0,368463.85,105.85,Vencimento (estoque Mercado — última posição)
NTN-I 151022,NTN-I,15/10/2022,Dívida Interna,09/2022,2022,5271835.0,56452469.8,10.708314998477759,Vencimento (estoque Mercado — última posição)
TDAJ12EC18,TDA,01/05/2022,Dívida Interna,04/2022,2022,2427.0,247092.87,101.81,Vencimento (estoque Mercado — última posição)
TDAD03I417,TDA,01/09/2022,Dívida Interna,08/2022,2022,4377.0,440019.81,100.53,Vencimento (estoque Mercado — última posição)
TDAD04F340,TDA,01/06/2022,Dívida Interna,05/2022,2022,481.0,48576.19,100.99000000000001,Vencimento (estoque Mercado — última posição)
TDAD05F415,TDA,01/06/2022,Dívida Interna,05/2022,2022,50173.0,5017300.0,100.0,Vencimento (estoque Mercado — última posição)
TDAD08A237,TDA,01/01/2022,Dívida Interna,12/2021,2022,588.0,59758.44,101.63000000000001,Vencimento (estoque Mercado — última posição)
TDAD08E336,TDA,01/05/2022,Dívida Interna,04/2022,2022,7559.0,762173.97,100.83,Vencimento (estoque Mercado — última posição)
TDAD03E416,TDA,01/05/2021,Dívida Interna,04/2021,2021,4080.0,406408.8,99.61,Vencimento (estoque Mercado — última posição)
TDAD03J338,TDA,01/10/2019,Dívida Interna,09/2019,2019,5383.0,541475.97,100.58999999999999,Vencimento (estoque Mercado — última posição)
TDAD03J339,TDA,01/10/2020,Dívida Interna,09/2020,2020,5378.0,540973.02,100.59,Vencimento (estoque Mercado — última posição)
TDAD03J417,TDA,01/10/2022,Dívida Interna,09/2022,2022,320.0,32227.2,100.71000000000001,Vencimento (estoque Mercado — última posição)
TDAD03K414,TDA,01/11/2019,Dívida Interna,10/2019,2019,734.0,73106.4,99.6,Vencimento (estoque Mercado — última posição)
TDAD03K415,TDA,01/11/2020,Dívida Interna,10/2020,2020,734.0,73113.74,99.61000000000001,Vencimento (estoque Mercado — última posição)
TDAD09I408,TDA,01/09/2019,Dívida Interna,08/2019,2019,2209.0,220038.49,99.61,Vencimento (estoque Mercado — última posição)
TDAH121137,TDA,01/11/2021,Dívida Interna,10/2021,2021,9892.0,1034109.68,104.54,Vencimento (estoque Mercado — última posição)
TDAD13J231,TDA,01/10/2021,Dívida Interna,09/2021,2021,31843.0,3234611.94,101.58,Vencimento (estoque Mercado — última posição)
NTN-I 151220,NTN-I,15/12/2020,Dívida Interna,11/2020,2020,5818202.0,58011453.59,9.970683999971126,Vencimento (estoque Mercado — última posição)
ECTN 0007,ECTN,01/07/2020,Dívida Interna,06/2020,2020,309935.0,1335351848.15,4308.490000000001,Vencimento (estoque Mercado — última posição)
ECTN 9907,ECTN,01/07/2019,Dívida Interna,06/2019,2019,93120.0,428113612.8,4597.4400000000005,Vencimento (estoque Mercado — última posição)
TDAD02H415,TDA,01/08/2019,Dívida Interna,07/2019,2019,2974.0,296210.4,99.60000000000001,Vencimento (estoque Mercado — última posição)
TDAD02L416,TDA,01/12/2020,Dívida Interna,11/2020,2020,473.0,47115.53,99.61,Vencimento (estoque Mercado — última posição)
TDAD03C339,TDA,01/03/2020,Dívida Interna,02/2020,2020,4935.0,496461.0,100.6,Vencimento (estoque Mercado — última posição)
TDAD10B234,TDA,01/02/2021,Dívida Interna,01/2021,2021,38.0,3860.04,101.58,Vencimento (estoque Mercado — última posição)
TDAD10D233,TDA,01/04/2020,Dívida Interna,03/2020,2020,20331.0,2064816.36,101.56,Vencimento (estoque Mercado — última posição)
TDA19080300,TDA,01/08/2019,Dívida Interna,07/2019,2019,18767.0,1905976.52,101.56,Vencimento (estoque Mercado — última posição)
TDA19050300,TDA,01/05/2019,Dívida Interna,05/2019,2019,194.0,21995.72,113.38000000000001,Vencimento (estoque Mercado — última posição)
TDA20120300,TDA,01/12/2020,Dívida Interna,11/2020,2020,53070.0,5390850.6,101.58,Vencimento (estoque Mercado — última posição)
TDAD03L340,TDA,01/12/2021,Dívida Interna,11/2021,2021,12674.0,1274877.66,100.58999999999999,Vencimento (estoque Mercado — última posição)
TDAD04C338,TDA,01/03/2020,Dívida Interna,02/2020,2020,1297.0,130478.2,100.6,Vencimento (estoque Mercado — última posição)
TDAD04D339,TDA,01/04/2021,Dívida Interna,03/2021,2021,5744.0,577846.4,100.60000000000001,Vencimento (estoque Mercado — última posição)
TDAD04D340,TDA,01/04/2022,Dívida Interna,03/2022,2022,5812.0,585733.36,100.78,Vencimento (estoque Mercado — última posição)
TDAD04D414,TDA,01/04/2020,Dívida Interna,03/2020,2020,287.0,28585.2,99.60000000000001,Vencimento (estoque Mercado — última posição)
TDAD04E338,TDA,01/05/2020,Dívida Interna,04/2020,2020,3615.0,363632.85,100.58999999999999,Vencimento (estoque Mercado — última posição)
TDAD04G416,TDA,01/07/2022,Dívida Interna,06/2022,2022,1548.0,155001.24,100.13,Vencimento (estoque Mercado — última posição)
TDAD04H238,TDA,01/08/2019,Dívida Interna,07/2019,2019,8509.0,864174.04,101.56,Vencimento (estoque Mercado — última posição)
TDAD04H339,TDA,01/08/2021,Dívida Interna,07/2021,2021,519.0,52211.4,100.60000000000001,Vencimento (estoque Mercado — última posição)
TDAD11E331,TDA,01/05/2020,Dívida Interna,04/2020,2020,3929.0,395218.11,100.59,Vencimento (estoque Mercado — última posição)
TDAD02A416,TDA,01/01/2020,Dívida Interna,12/2019,2020,24361.0,2426355.6,99.60000000000001,Vencimento (estoque Mercado — última posição)
TDAD02J339,TDA,01/10/2019,Dívida Interna,09/2019,2019,4354.0,437968.86,100.59,Vencimento (estoque Mercado — última posição)
TDAD03L417,TDA,01/12/2022,Dívida Interna,11/2022,2022,4952.0,500102.48,100.99,Vencimento (estoque Mercado — última posição)
TDAD10H233,TDA,01/08/2020,Dívida Interna,07/2020,2020,532.0,54035.24,101.57,Vencimento (estoque Mercado — última posição)
TDA20040300,TDA,01/04/2020,Dívida Interna,03/2020,2020,1027.0,104302.12,101.56,Vencimento (estoque Mercado — última posição)
TDAD04D238,TDA,01/04/2019,Dívida Interna,03/2019,2019,3146.0,319570.68,101.58,Vencimento (estoque Mercado — última posição)
TDAD04E238,TDA,01/05/2019,Dívida Interna,04/2019,2019,8814.0,895149.84,101.56,Vencimento (estoque Mercado — última posição)
TDAD04F238,TDA,01/06/2019,Dívida Interna,05/2019,2019,603.0,61240.68,101.56,Vencimento (estoque Mercado — última posição)
TDAD04F337,TDA,01/06/2019,Dívida Interna,05/2019,2019,349.0,35105.91,100.59,Vencimento (estoque Mercado — última posição)
TDAD04G338,TDA,01/07/2020,Dívida Interna,06/2020,2020,1569.0,157810.02,100.58,Vencimento (estoque Mercado — última posição)
TDAD10D331,TDA,01/04/2019,Dívida Interna,03/2019,2019,7315.0,735889.0,100.6,Vencimento (estoque Mercado — última posição)
TDAD10D333,TDA,01/04/2021,Dívida Interna,03/2021,2021,7315.0,735889.0,100.6,Vencimento (estoque Mercado — última posição)
TDAD00I418,TDA,01/09/2020,Dívida Interna,08/2020,2020,1417.0,141147.37,99.61,Vencimento (estoque Mercado — última posição)
TDAD00K417,TDA,01/11/2019,Dívida Interna,10/2019,2019,1276.0,127089.6,99.60000000000001,Vencimento (estoque Mercado — última posição)
TDAD01D417,TDA,01/04/2020,Dívida Interna,03/2020,2020,7136.0,710745.6,99.6,Vencimento (estoque Mercado — última posição)
TDAD01E340,TDA,01/05/2019,Dívida Interna,04/2019,2019,1381.0,138914.79,100.59,Vencimento (estoque Mercado — última posição)
TDAD01E417,TDA,01/05/2020,Dívida Interna,04/2020,2020,723.0,72010.8,99.60000000000001,Vencimento (estoque Mercado — última posição)
TDAD02H340,TDA,01/08/2020,Dívida Interna,07/2020,2020,4754.0,478204.86,100.59,Vencimento (estoque Mercado — última posição)
TDAD09K233,TDA,01/11/2019,Dívida Interna,10/2019,2019,2865.0,290969.4,101.56,Vencimento (estoque Mercado — última posição)
TDAD04L340,TDA,01/12/2022,Dívida Interna,11/2022,2022,37552.0,3829928.48,101.99,Vencimento (estoque Mercado — última posição)
TDAD05B415,TDA,01/02/2022,Dívida Interna,01/2022,2022,1583.0,157825.1,99.7,Vencimento (estoque Mercado — última posição)
TDAD05D339,TDA,01/04/2022,Dívida Interna,03/2022,2022,7151.0,720677.78,100.78,Vencimento (estoque Mercado — última posição)
TDAD04I416,TDA,01/09/2022,Dívida Interna,08/2022,2022,27.0,2714.31,100.53,Vencimento (estoque Mercado — última posição)
TDAD11C234,TDA,01/03/2022,Dívida Interna,02/2022,2022,473.0,48080.45,101.64999999999999,Vencimento (estoque Mercado — última posição)
TDAD09J335,TDA,01/10/2022,Dívida Interna,09/2022,2022,110.0,11187.0,101.7,Vencimento (estoque Mercado — última posição)
TDAD05E339,TDA,01/05/2022,Dívida Interna,04/2022,2022,714.0,71992.62,100.83,Vencimento (estoque Mercado — última posição)
TDAD05I415,TDA,01/09/2022,Dívida Interna,08/2022,2022,246.0,24730.38,100.53,Vencimento (estoque Mercado — última posição)
TDAD06B414,TDA,01/02/2022,Dívida Interna,01/2022,2022,2753.0,274474.1,99.69999999999999,Vencimento (estoque Mercado — última posição)
TDAD10D235,TDA,01/04/2022,Dívida Interna,03/2022,2022,19890.0,2024205.3,101.77,Vencimento (estoque Mercado — última posição)
TDAD06F338,TDA,01/06/2022,Dívida Interna,05/2022,2022,8684.0,876997.16,100.99000000000001,Vencimento (estoque Mercado — última posição)
TDAD05C339,TDA,01/03/2022,Dívida Interna,02/2022,2022,946.0,95233.82,100.67,Vencimento (estoque Mercado — última posição)
TDAD08H237,TDA,01/08/2022,Dívida Interna,07/2022,2022,678.0,69352.62,102.28999999999999,Vencimento (estoque Mercado — última posição)
TDA22050200,TDA,01/05/2022,Dívida Interna,04/2022,2022,1312.0,132288.96,100.83,Vencimento (estoque Mercado — última posição)
TDAD11G409,TDA,01/07/2022,Dívida Interna,06/2022,2022,17740.0,1776306.2,100.13,Vencimento (estoque Mercado — última posição)
NTN-I 150922,NTN-I,15/09/2022,Dívida Interna,08/2022,2022,5785622.0,58003342.58,10.025428999682315,Vencimento (estoque Mercado — última posição)
TDAH121138,TDA,01/11/2022,Dívida Interna,10/2022,2022,9893.0,1047174.05,105.85000000000001,Vencimento (estoque Mercado — última posição)
TDAD11A232,TDA,01/01/2020,Dívida Interna,12/2019,2020,323.0,32803.88,101.55999999999999,Vencimento (estoque Mercado — última posição)
TDA20070300,TDA,01/07/2020,Dívida Interna,06/2020,2020,12179.0,1237021.03,101.57000000000001,Vencimento (estoque Mercado — última posição)
TDAD05D338,TDA,01/04/2021,Dívida Interna,03/2021,2021,7155.0,719793.0,100.6,Vencimento (estoque Mercado — última posição)
TDAD05H237,TDA,01/08/2019,Dívida Interna,07/2019,2019,52913.0,5373844.28,101.56,Vencimento (estoque Mercado — última posição)
TDAD05H238,TDA,01/08/2020,Dívida Interna,07/2020,2020,52949.0,5378029.93,101.57,Vencimento (estoque Mercado — última posição)
TDAD05I238,TDA,01/09/2020,Dívida Interna,08/2020,2020,22887.0,2324861.46,101.58,Vencimento (estoque Mercado — última posição)
TDA20090300,TDA,01/09/2020,Dívida Interna,08/2020,2020,1152.0,117020.16,101.58,Vencimento (estoque Mercado — última posição)
TDA21060600,TDA,01/06/2021,Dívida Interna,05/2021,2021,21666.0,2264963.64,104.54,Vencimento (estoque Mercado — última posição)
TDAD04G414,TDA,01/07/2020,Dívida Interna,06/2020,2020,1548.0,154180.8,99.6,Vencimento (estoque Mercado — última posição)
TDAD04H416,TDA,01/08/2022,Dívida Interna,07/2022,2022,26642.0,2672459.02,100.31,Vencimento (estoque Mercado — última posição)
TDAD04I337,TDA,01/09/2019,Dívida Interna,08/2019,2019,11478.0,1154686.8,100.60000000000001,Vencimento (estoque Mercado — última posição)
TDAD05B414,TDA,01/02/2021,Dívida Interna,01/2021,2021,1583.0,157682.63,99.61,Vencimento (estoque Mercado — última posição)
TDAD05C238,TDA,01/03/2020,Dívida Interna,02/2020,2020,9407.0,955563.06,101.58000000000001,Vencimento (estoque Mercado — última posição)
TDAD05C237,TDA,01/03/2019,Dívida Interna,02/2019,2019,9369.0,951515.64,101.56,Vencimento (estoque Mercado — última posição)
TDAD05E237,TDA,01/05/2019,Dívida Interna,04/2019,2019,16946.0,1721035.76,101.56,Vencimento (estoque Mercado — última posição)
TDAD11L233,TDA,01/12/2021,Dívida Interna,11/2021,2021,38012.0,3861258.96,101.58,Vencimento (estoque Mercado — última posição)
TDA19110300,TDA,01/11/2019,Dívida Interna,10/2019,2019,10796.0,1096441.76,101.56,Vencimento (estoque Mercado — última posição)
TDAD05C338,TDA,01/03/2021,Dívida Interna,02/2021,2021,946.0,95148.68,100.58,Vencimento (estoque Mercado — última posição)
TDAD05F414,TDA,01/06/2021,Dívida Interna,05/2021,2021,50173.0,4997732.53,99.61,Vencimento (estoque Mercado — última posição)
TDAD05H336,TDA,01/08/2019,Dívida Interna,07/2019,2019,1928.0,193937.52,100.58999999999999,Vencimento (estoque Mercado — última posição)
TDAD11E233,TDA,01/05/2021,Dívida Interna,04/2021,2021,12474.0,1267108.92,101.58,Vencimento (estoque Mercado — última posição)
TDAD11G233,TDA,01/07/2021,Dívida Interna,06/2021,2021,39813.0,4044204.54,101.58,Vencimento (estoque Mercado — última posição)
TDA22070200,TDA,01/07/2022,Dívida Interna,06/2022,2022,192.0,19415.04,101.12,Vencimento (estoque Mercado — última posição)
TDA22030300,TDA,01/03/2022,Dívida Interna,02/2022,2022,4868.0,494832.2,101.65,Vencimento (estoque Mercado — última posição)
TDAD04G339,TDA,01/07/2021,Dívida Interna,06/2021,2021,1600.0,160944.0,100.59,Vencimento (estoque Mercado — última posição)
TDAD04L338,TDA,01/12/2020,Dívida Interna,11/2020,2020,37146.0,3736516.14,100.59,Vencimento (estoque Mercado — última posição)
TDAD04L413,TDA,01/12/2019,Dívida Interna,11/2019,2019,2650.0,263966.5,99.61,Vencimento (estoque Mercado — última posição)
TDAD04L414,TDA,01/12/2020,Dívida Interna,11/2020,2020,3053.0,304109.33,99.61,Vencimento (estoque Mercado — última posição)
TDAD05D337,TDA,01/04/2020,Dívida Interna,03/2020,2020,7392.0,743561.28,100.59,Vencimento (estoque Mercado — última posição)
TDAD05D415,TDA,01/04/2022,Dívida Interna,03/2022,2022,1981.0,197683.99,99.78999999999999,Vencimento (estoque Mercado — última posição)
TDAD11G407,TDA,01/07/2020,Dívida Interna,06/2020,2020,17740.0,1766904.0,99.6,Vencimento (estoque Mercado — última posição)
TDAD05K336,TDA,01/11/2019,Dívida Interna,10/2019,2019,2354.0,236788.86,100.58999999999999,Vencimento (estoque Mercado — última posição)
TDAD05L338,TDA,01/12/2021,Dívida Interna,11/2021,2021,1650.0,165973.5,100.59,Vencimento (estoque Mercado — última posição)
TDAD12J230,TDA,01/10/2019,Dívida Interna,09/2019,2019,11181.0,1135542.36,101.56,Vencimento (estoque Mercado — última posição)
TDA20030600,TDA,01/03/2020,Dívida Interna,02/2020,2020,96709.0,10109958.86,104.53999999999999,Vencimento (estoque Mercado — última posição)
TDAD04J337,TDA,01/10/2019,Dívida Interna,09/2019,2019,187.0,18810.33,100.59,Vencimento (estoque Mercado — última posição)
TDAD05B337,TDA,01/02/2020,Dívida Interna,01/2020,2020,4493.0,451950.87,100.59,Vencimento (estoque Mercado — última posição)
TDAD05H412,TDA,01/08/2019,Dívida Interna,07/2019,2019,454.0,45218.4,99.60000000000001,Vencimento (estoque Mercado — última posição)
TDAD05I237,TDA,01/09/2019,Dívida Interna,08/2019,2019,22610.0,2296723.8,101.58,Vencimento (estoque Mercado — última posição)
TDAD05J337,TDA,01/10/2020,Dívida Interna,09/2020,2020,939.0,94454.01,100.58999999999999,Vencimento (estoque Mercado — última posição)
TDAD05K338,TDA,01/11/2021,Dívida Interna,10/2021,2021,2354.0,236812.4,100.6,Vencimento (estoque Mercado — última posição)
LTN 010121,LTN,01/01/2021,Dívida Interna,12/2020,2021,1117620.95,1117128820.14,999.5596629966539,Vencimento (estoque Mercado — última posição)
TDA19060600,TDA,01/06/2019,Dívida Interna,05/2019,2019,44303.0,4630106.53,104.51,Vencimento (estoque Mercado — última posição)
TDA20080600,TDA,01/08/2020,Dívida Interna,07/2020,2020,30031.0,3139140.43,104.53,Vencimento (estoque Mercado — última posição)
TDAD05I336,TDA,01/09/2019,Dívida Interna,08/2019,2019,6151.0,618790.6,100.6,Vencimento (estoque Mercado — última posição)
TDAD05J414,TDA,01/10/2021,Dívida Interna,09/2021,2021,1491.0,148518.51,99.61,Vencimento (estoque Mercado — última posição)
TDAD05K415,TDA,01/11/2022,Dívida Interna,10/2022,2022,18092.0,1824578.2,100.85,Vencimento (estoque Mercado — última posição)
TDAD11L406,TDA,01/12/2019,Dívida Interna,11/2019,2019,7038.0,701055.18,99.61000000000001,Vencimento (estoque Mercado — última posição)
TDAD04G413,TDA,01/07/2019,Dívida Interna,06/2019,2019,1548.0,154196.28,99.61,Vencimento (estoque Mercado — última posição)
TDAD04G415,TDA,01/07/2021,Dívida Interna,06/2021,2021,1548.0,154196.28,99.61,Vencimento (estoque Mercado — última posição)
TDAD04H338,TDA,01/08/2020,Dívida Interna,07/2020,2020,519.0,52206.21,100.59,Vencimento (estoque Mercado — última posição)
TDAD04J340,TDA,01/10/2022,Dívida Interna,09/2022,2022,192.0,19526.4,101.7,Vencimento (estoque Mercado — última posição)
TDAD04L238,TDA,01/12/2019,Dívida Interna,11/2019,2019,42619.0,4329238.02,101.57999999999998,Vencimento (estoque Mercado — última posição)
TDA19100200,TDA,01/10/2019,Dívida Interna,09/2019,2019,5764.0,579800.76,100.59,Vencimento (estoque Mercado — última posição)
TDAD05F338,TDA,01/06/2021,Dívida Interna,05/2021,2021,2231.0,224438.6,100.60000000000001,Vencimento (estoque Mercado — última posição)
TDAD05I337,TDA,01/09/2020,Dívida Interna,08/2020,2020,5706.0,574023.6,100.6,Vencimento (estoque Mercado — última posição)
LTN 010120,LTN,01/01/2020,Dívida Interna,12/2019,2020,91717785.21,91671689719.28,999.497420368204,Vencimento (estoque Mercado — última posição)
TDAD06A238,TDA,01/01/2021,Dívida Interna,12/2020,2021,8539.0,867391.62,101.58,Vencimento (estoque Mercado — última posição)
TDAD06B237,TDA,01/02/2020,Dívida Interna,01/2020,2020,3484.0,353835.04,101.55999999999999,Vencimento (estoque Mercado — última posição)
TDAD06D238,TDA,01/04/2021,Dívida Interna,03/2021,2021,15017.0,1525426.86,101.58000000000001,Vencimento (estoque Mercado — última posição)
TDAE041258,TDA,01/12/2019,Dívida Interna,11/2019,2019,2477.0,258945.58,104.53999999999999,Vencimento (estoque Mercado — última posição)
TDAE050774,TDA,01/07/2021,Dívida Interna,06/2021,2021,582.0,60836.46,104.53,Vencimento (estoque Mercado — última posição)
TDAE070956,TDA,01/09/2020,Dívida Interna,08/2020,2020,5559.0,581137.86,104.53999999999999,Vencimento (estoque Mercado — última posição)
TDAE070970,TDA,01/09/2019,Dívida Interna,08/2019,2019,12035.0,1258138.9,104.53999999999999,Vencimento (estoque Mercado — última posição)
TDAE090354,TDA,01/03/2020,Dívida Interna,02/2020,2020,30811.0,3220981.94,104.53999999999999,Vencimento (estoque Mercado — última posição)
TDAD05H413,TDA,01/08/2020,Dívida Interna,07/2020,2020,454.0,45218.4,99.60000000000001,Vencimento (estoque Mercado — última posição)
TDAD05I412,TDA,01/09/2019,Dívida Interna,08/2019,2019,246.0,24504.06,99.61,Vencimento (estoque Mercado — última posição)
TDAD05K412,TDA,01/11/2019,Dívida Interna,10/2019,2019,16771.0,1670391.6,99.60000000000001,Vencimento (estoque Mercado — última posição)
TDAD05L336,TDA,01/12/2019,Dívida Interna,11/2019,2019,1531.0,154018.6,100.60000000000001,Vencimento (estoque Mercado — última posição)
TDAD06B412,TDA,01/02/2020,Dívida Interna,01/2020,2020,2224.0,221510.4,99.6,Vencimento (estoque Mercado — última posição)
TDAD06C237,TDA,01/03/2020,Dívida Interna,02/2020,2020,2719.0,276196.02,101.58000000000001,Vencimento (estoque Mercado — última posição)
TDAD12D330,TDA,01/04/2020,Dívida Interna,03/2020,2020,3068.0,308610.12,100.59,Vencimento (estoque Mercado — última posição)
TDAD12D232,TDA,01/04/2021,Dívida Interna,03/2021,2021,19313.0,1961814.54,101.58,Vencimento (estoque Mercado — última posição)
TDAD12D406,TDA,01/04/2020,Dívida Interna,03/2020,2020,182.0,18127.2,99.60000000000001,Vencimento (estoque Mercado — última posição)
TDA19070600,TDA,01/07/2019,Dívida Interna,06/2019,2019,160103.0,16737167.62,104.53999999999999,Vencimento (estoque Mercado — última posição)
TDA20050600,TDA,01/05/2020,Dívida Interna,04/2020,2020,44232.0,4622686.32,104.51,Vencimento (estoque Mercado — última posição)
TDAD05D414,TDA,01/04/2021,Dívida Interna,03/2021,2021,1104.0,109969.44,99.61,Vencimento (estoque Mercado — última posição)
TDAD12J408,TDA,01/10/2022,Dívida Interna,09/2022,2022,7213.0,726421.23,100.71,Vencimento (estoque Mercado — última posição)
TDAE041275,TDA,01/12/2021,Dívida Interna,11/2021,2021,5885.0,615159.05,104.53,Vencimento (estoque Mercado — última posição)
TDAD13L329,TDA,01/12/2020,Dívida Interna,11/2020,2020,7901.0,794761.59,100.58999999999999,Vencimento (estoque Mercado — última posição)
TDAD02K416,TDA,01/11/2020,Dívida Interna,10/2020,2020,738.0,73512.18,99.60999999999999,Vencimento (estoque Mercado — última posição)
TDAD03I338,TDA,01/09/2019,Dívida Interna,08/2019,2019,2291.0,230474.6,100.60000000000001,Vencimento (estoque Mercado — última posição)
TDAD11A234,TDA,01/01/2022,Dívida Interna,12/2021,2022,323.0,32826.49,101.63,Vencimento (estoque Mercado — última posição)
TDAD05I414,TDA,01/09/2021,Dívida Interna,08/2021,2021,246.0,24504.06,99.61,Vencimento (estoque Mercado — última posição)
TDAD05J413,TDA,01/10/2020,Dívida Interna,09/2020,2020,1491.0,148518.51,99.61,Vencimento (estoque Mercado — última posição)
TDAD05K337,TDA,01/11/2020,Dívida Interna,10/2020,2020,2354.0,236812.4,100.6,Vencimento (estoque Mercado — última posição)
TDAD05L238,TDA,01/12/2020,Dívida Interna,11/2020,2020,9771.0,992538.18,101.58,Vencimento (estoque Mercado — última posição)
TDAD05L413,TDA,01/12/2020,Dívida Interna,11/2020,2020,30.0,2988.3,99.61,Vencimento (estoque Mercado — última posição)
TDAE000278,TDA,01/02/2020,Dívida Interna,01/2020,2020,156.0,16303.56,104.50999999999999,Vencimento (estoque Mercado — última posição)
TDAD07J238,TDA,01/10/2022,Dívida Interna,09/2022,2022,514.0,52787.8,102.7,Vencimento (estoque Mercado — última posição)
TDAD07K236,TDA,01/11/2020,Dívida Interna,10/2020,2020,14041.0,1426284.78,101.58,Vencimento (estoque Mercado — última posição)
TDAD08C236,TDA,01/03/2021,Dívida Interna,02/2021,2021,646.0,65607.76,101.55999999999999,Vencimento (estoque Mercado — última posição)
TDAD12K331,TDA,01/11/2021,Dívida Interna,10/2021,2021,4052.0,407631.2,100.60000000000001,Vencimento (estoque Mercado — última posição)
TDAD13E230,TDA,01/05/2020,Dívida Interna,04/2020,2020,2364.0,240087.84,101.56,Vencimento (estoque Mercado — última posição)
NTN-I 150920,NTN-I,15/09/2020,Dívida Interna,08/2020,2020,6382251.0,64466574.85,10.100914998485644,Vencimento (estoque Mercado — última posição)
NTN-I 151219,NTN-I,15/12/2019,Dívida Interna,11/2019,2019,7393849.0,55964641.98,7.569080999625499,Vencimento (estoque Mercado — última posição)
ECTN 0004,ECTN,01/04/2020,Dívida Interna,03/2020,2020,118326.0,503599005.78,4256.03,Vencimento (estoque Mercado — última posição)
TDA20030300,TDA,01/03/2020,Dívida Interna,02/2020,2020,5035.0,511455.3,101.58,Vencimento (estoque Mercado — última posição)
TDAD05H337,TDA,01/08/2020,Dívida Interna,07/2020,2020,2058.0,207014.22,100.59,Vencimento (estoque Mercado — última posição)
TDAE071273,TDA,01/12/2022,Dívida Interna,11/2022,2022,32930.0,3489921.4,105.98,Vencimento (estoque Mercado — última posição)
TDA20080100,TDA,01/08/2020,Dívida Interna,07/2020,2020,490.0,48804.0,99.6,Vencimento (estoque Mercado — última posição)
TDA20060300,TDA,01/06/2020,Dívida Interna,05/2020,2020,6211.0,630913.38,101.58,Vencimento (estoque Mercado — última posição)
TDAD04C415,TDA,01/03/2021,Dívida Interna,02/2021,2021,875.0,87150.0,99.6,Vencimento (estoque Mercado — última posição)
TDAD04F414,TDA,01/06/2020,Dívida Interna,05/2020,2020,14759.0,1470143.99,99.61,Vencimento (estoque Mercado — última posição)
TDAD11L232,TDA,01/12/2020,Dívida Interna,11/2020,2020,38019.0,3861970.02,101.58,Vencimento (estoque Mercado — última posição)
TDA19100600,TDA,01/10/2019,Dívida Interna,09/2019,2019,237947.0,24867840.97,104.50999999999999,Vencimento (estoque Mercado — última posição)
TDAD06E237,TDA,01/05/2020,Dívida Interna,04/2020,2020,5799.0,588946.44,101.55999999999999,Vencimento (estoque Mercado — última posição)
TDAE100368,TDA,01/03/2020,Dívida Interna,02/2020,2020,991.0,103599.14,104.54,Vencimento (estoque Mercado — última posição)
TDAE110737,TDA,01/07/2020,Dívida Interna,06/2020,2020,4048.0,423096.96,104.52000000000001,Vencimento (estoque Mercado — última posição)
HSTN A822,HSTN,15/06/2020,Dívida Interna,05/2020,2020,4.0,175354.44,43838.61,Vencimento (estoque Mercado — última posição)
TDAH071270,TDA,01/12/2019,Dívida Interna,11/2019,2019,3041.0,317906.14,104.54,Vencimento (estoque Mercado — última posição)
TDAE100438,TDA,01/04/2020,Dívida Interna,03/2020,2020,12199.0,1274917.49,104.51,Vencimento (estoque Mercado — última posição)
TDAE110552,TDA,01/05/2020,Dívida Interna,04/2020,2020,11231.0,1173751.81,104.51,Vencimento (estoque Mercado — última posição)
TDAE120251,TDA,01/02/2020,Dívida Interna,01/2020,2020,10680.0,1116166.8,104.51,Vencimento (estoque Mercado — última posição)
TDAE120253,TDA,01/02/2022,Dívida Interna,01/2022,2022,10680.0,1117555.2,104.64,Vencimento (estoque Mercado — última posição)
TDAH100538,TDA,01/05/2020,Dívida Interna,04/2020,2020,1078.0,112661.78,104.51,Vencimento (estoque Mercado — última posição)
HSTN A830,HSTN,15/02/2021,Dívida Interna,01/2021,2021,4.0,230682.92,57670.73,Vencimento (estoque Mercado — última posição)
HSTN A831,HSTN,15/03/2021,Dívida Interna,02/2021,2021,4.0,239069.72,59767.43,Vencimento (estoque Mercado — última posição)
TDAD06G337,TDA,01/07/2021,Dívida Interna,06/2021,2021,3817.0,383952.03,100.59,Vencimento (estoque Mercado — última posição)
TDAD06I238,TDA,01/09/2021,Dívida Interna,08/2021,2021,16211.0,1646713.38,101.58,Vencimento (estoque Mercado — última posição)
TDAH110138,TDA,01/01/2021,Dívida Interna,12/2020,2021,2290.0,239396.6,104.54,Vencimento (estoque Mercado — última posição)
TDAJ09KC18,TDA,01/11/2019,Dívida Interna,10/2019,2019,6986.0,709498.16,101.56,Vencimento (estoque Mercado — última posição)
TDAJ10JB18,TDA,01/10/2020,Dívida Interna,09/2020,2020,1014.0,101998.26,100.58999999999999,Vencimento (estoque Mercado — última posição)
TDAD08K409,TDA,01/11/2019,Dívida Interna,10/2019,2019,1042.0,103783.2,99.6,Vencimento (estoque Mercado — última posição)
TDAD01D418,TDA,01/04/2021,Dívida Interna,03/2021,2021,7151.0,712311.11,99.61,Vencimento (estoque Mercado — última posição)
TDAD02A340,TDA,01/01/2020,Dívida Interna,12/2019,2020,1558.0,156719.22,100.59,Vencimento (estoque Mercado — última posição)
TDAD02C340,TDA,01/03/2020,Dívida Interna,02/2020,2020,485.0,48791.0,100.6,Vencimento (estoque Mercado — última posição)
TDAD02A417,TDA,01/01/2021,Dívida Interna,12/2020,2021,24591.0,2449509.51,99.60999999999999,Vencimento (estoque Mercado — última posição)
TDAD02C416,TDA,01/03/2020,Dívida Interna,02/2020,2020,1927.0,191948.47,99.61,Vencimento (estoque Mercado — última posição)
TDAD02K340,TDA,01/11/2020,Dívida Interna,10/2020,2020,1103.0,110961.8,100.60000000000001,Vencimento (estoque Mercado — última posição)
TDAD02L415,TDA,01/12/2019,Dívida Interna,11/2019,2019,464.0,46219.04,99.61,Vencimento (estoque Mercado — última posição)
TDAD03C340,TDA,01/03/2021,Dívida Interna,02/2021,2021,4970.0,499882.6,100.58,Vencimento (estoque Mercado — última posição)
TDAD03H340,TDA,01/08/2021,Dívida Interna,07/2021,2021,2717.0,273330.2,100.60000000000001,Vencimento (estoque Mercado — última posição)
TDAD11A233,TDA,01/01/2021,Dívida Interna,12/2020,2021,323.0,32810.34,101.57999999999998,Vencimento (estoque Mercado — última posição)
TDA19120100,TDA,01/12/2019,Dívida Interna,11/2019,2019,2034.0,202606.74,99.61,Vencimento (estoque Mercado — última posição)
TDAD06I237,TDA,01/09/2020,Dívida Interna,08/2020,2020,16627.0,1688970.66,101.58,Vencimento (estoque Mercado — última posição)
NTN-C 010421,NTN-C,01/04/2021,Dívida Interna,03/2021,2021,8276956.64,46870147190.4,5662.727162770301,Vencimento (estoque Mercado — última posição)
TDAD05L337,TDA,01/12/2020,Dívida Interna,11/2020,2020,1581.0,159032.79,100.59,Vencimento (estoque Mercado — última posição)
TDAD06A337,TDA,01/01/2021,Dívida Interna,12/2020,2021,9835.0,989401.0,100.6,Vencimento (estoque Mercado — última posição)
TDAD12J405,TDA,01/10/2019,Dívida Interna,09/2019,2019,7213.0,718414.8,99.60000000000001,Vencimento (estoque Mercado — última posição)
TDA21040600,TDA,01/04/2021,Dívida Interna,03/2021,2021,47037.0,4917247.98,104.54,Vencimento (estoque Mercado — última posição)
TDAD06I236,TDA,01/09/2019,Dívida Interna,08/2019,2019,16757.0,1702176.06,101.58,Vencimento (estoque Mercado — última posição)
TDAD06J237,TDA,01/10/2020,Dívida Interna,09/2020,2020,17133.0,1740370.14,101.58,Vencimento (estoque Mercado — última posição)
TDAE110553,TDA,01/05/2021,Dívida Interna,04/2021,2021,11231.0,1173976.43,104.53,Vencimento (estoque Mercado — última posição)
TDAE110638,TDA,01/06/2021,Dívida Interna,05/2021,2021,3263.0,341114.02,104.54,Vencimento (estoque Mercado — última posição)
HSTN A813,HSTN,15/09/2019,Dívida Interna,08/2019,2019,248.0,9427330.64,38013.43,Vencimento (estoque Mercado — última posição)
TDAD06F236,TDA,01/06/2019,Dívida Interna,05/2019,2019,17166.0,1743378.96,101.56,Vencimento (estoque Mercado — última posição)
TDAD06G338,TDA,01/07/2022,Dívida Interna,06/2022,2022,3817.0,385975.04,101.11999999999999,Vencimento (estoque Mercado — última posição)
TDAE050772,TDA,01/07/2019,Dívida Interna,06/2019,2019,582.0,60842.28,104.53999999999999,Vencimento (estoque Mercado — última posição)
TDAE070955,TDA,01/09/2019,Dívida Interna,08/2019,2019,5559.0,581137.86,104.53999999999999,Vencimento (estoque Mercado — última posição)
TDA21080200,TDA,01/08/2021,Dívida Interna,07/2021,2021,5.0,503.0,100.6,Vencimento (estoque Mercado — última posição)
TDA19110600,TDA,01/11/2019,Dívida Interna,10/2019,2019,8541.0,892619.91,104.51,Vencimento (estoque Mercado — última posição)
TDA19030600,TDA,01/03/2019,Dívida Interna,02/2019,2019,96709.0,10107057.59,104.51,Vencimento (estoque Mercado — última posição)
TDAD06F238,TDA,01/06/2021,Dívida Interna,05/2021,2021,16617.0,1687954.86,101.58000000000001,Vencimento (estoque Mercado — última posição)
TDAD06F335,TDA,01/06/2019,Dívida Interna,05/2019,2019,8269.0,831778.71,100.58999999999999,Vencimento (estoque Mercado — última posição)
TDAD12J406,TDA,01/10/2020,Dívida Interna,09/2020,2020,7213.0,718486.93,99.61000000000001,Vencimento (estoque Mercado — última posição)
TDAE040776,TDA,01/07/2022,Dívida Interna,06/2022,2022,26883.0,2824865.64,105.08,Vencimento (estoque Mercado — última posição)
TDAD05J237,TDA,01/10/2019,Dívida Interna,09/2019,2019,20992.0,2131947.52,101.56,Vencimento (estoque Mercado — última posição)
TDAD12F230,TDA,01/06/2019,Dívida Interna,05/2019,2019,2254.0,228916.24,101.56,Vencimento (estoque Mercado — última posição)
TDAD12F231,TDA,01/06/2020,Dívida Interna,05/2020,2020,2254.0,228961.32,101.58,Vencimento (estoque Mercado — última posição)
TDAE041273,TDA,01/12/2019,Dívida Interna,11/2019,2019,5885.0,615217.9,104.54,Vencimento (estoque Mercado — última posição)
TDA21050200,TDA,01/05/2021,Dívida Interna,04/2021,2021,1312.0,131974.08,100.58999999999999,Vencimento (estoque Mercado — última posição)
LTN 011019,LTN,01/10/2019,Dívida Interna,09/2019,2019,106790750.0,106758383645.9,999.6969179999204,Vencimento (estoque Mercado — última posição)
LTN 010721,LTN,01/07/2021,Dívida Interna,06/2021,2021,87745152.0,87713647805.13,999.6409579999361,Vencimento (estoque Mercado — última posição)
TDA21110600,TDA,01/11/2021,Dívida Interna,10/2021,2021,14725.0,1539351.5,104.54,Vencimento (estoque Mercado — última posição)
TDAE990778,TDA,01/07/2019,Dívida Interna,06/2019,2019,893.0,93354.22,104.54,Vencimento (estoque Mercado — última posição)
TDAJ10HC17,TDA,01/08/2019,Dívida Interna,07/2019,2019,888.0,90185.28,101.56,Vencimento (estoque Mercado — última posição)
HSTN A821,HSTN,15/05/2020,Dívida Interna,04/2020,2020,5.0,215791.55,43158.31,Vencimento (estoque Mercado — última posição)
HSTN A824,HSTN,15/08/2020,Dívida Interna,07/2020,2020,4.0,184522.48,46130.62,Vencimento (estoque Mercado — última posição)
HSTN A826,HSTN,15/10/2020,Dívida Interna,09/2020,2020,4.0,200845.32,50211.33,Vencimento (estoque Mercado — última posição)
HSTN A832,HSTN,15/04/2021,Dívida Interna,03/2021,2021,4.0,247542.72,61885.68,Vencimento (estoque Mercado — última posição)
TDA20060200,TDA,01/06/2020,Dívida Interna,05/2020,2020,7926.0,797355.6,100.6,Vencimento (estoque Mercado — última posição)
TDA20060100,TDA,01/06/2020,Dívida Interna,05/2020,2020,9266.0,922986.26,99.61,Vencimento (estoque Mercado — última posição)
TDAD06I336,TDA,01/09/2020,Dívida Interna,08/2020,2020,19729.0,1984737.4,100.6,Vencimento (estoque Mercado — última posição)
TDAD06J236,TDA,01/10/2019,Dívida Interna,09/2019,2019,18030.0,1831126.8,101.56,Vencimento (estoque Mercado — última posição)
TDAE090338,TDA,01/03/2019,Dívida Interna,02/2019,2019,29404.0,3073012.04,104.51,Vencimento (estoque Mercado — última posição)
TDAE100338,TDA,01/03/2020,Dívida Interna,02/2020,2020,12254.0,1281033.16,104.53999999999999,Vencimento (estoque Mercado — última posição)
TDAE100367,TDA,01/03/2019,Dívida Interna,02/2019,2019,991.0,103569.41,104.51,Vencimento (estoque Mercado — última posição)
TDAD06J411,TDA,01/10/2019,Dívida Interna,09/2019,2019,10164.0,1012334.4,99.60000000000001,Vencimento (estoque Mercado — última posição)
TDAE050758,TDA,01/07/2020,Dívida Interna,06/2020,2020,253.0,26443.56,104.52000000000001,Vencimento (estoque Mercado — última posição)
TDAE090355,TDA,01/03/2021,Dívida Interna,02/2021,2021,30811.0,3219441.39,104.49000000000001,Vencimento (estoque Mercado — última posição)
TDA21080600,TDA,01/08/2021,Dívida Interna,07/2021,2021,26061.0,2724416.94,104.53999999999999,Vencimento (estoque Mercado — última posição)
TDA19080200,TDA,01/08/2019,Dívida Interna,07/2019,2019,5.0,502.95,100.59,Vencimento (estoque Mercado — última posição)
TDAD06A237,TDA,01/01/2020,Dívida Interna,12/2019,2020,8411.0,854221.16,101.56,Vencimento (estoque Mercado — última posição)
TDAD12J330,TDA,01/10/2020,Dívida Interna,09/2020,2020,3099.0,311728.41,100.58999999999999,Vencimento (estoque Mercado — última posição)
TDAE050458,TDA,01/04/2020,Dívida Interna,03/2020,2020,190.0,19856.9,104.51,Vencimento (estoque Mercado — última posição)
TDAD06G411,TDA,01/07/2019,Dívida Interna,06/2019,2019,14970.0,1491161.7,99.61,Vencimento (estoque Mercado — última posição)
TDAD06H335,TDA,01/08/2019,Dívida Interna,07/2019,2019,553.0,55626.27,100.58999999999999,Vencimento (estoque Mercado — última posição)
TDAD06H411,TDA,01/08/2019,Dívida Interna,07/2019,2019,595.0,59262.0,99.6,Vencimento (estoque Mercado — última posição)
TDAD07D412,TDA,01/04/2021,Dívida Interna,03/2021,2021,8.0,796.88,99.61,Vencimento (estoque Mercado — última posição)
Global 2019,Global,14/10/2019,Dívida Externa,09/2019,2019,639043.0,2769752951.46,4334.22,Vencimento (estoque Mercado — última posição)
TDA22040600,TDA,01/04/2022,Dívida Interna,03/2022,2022,17947.0,1879589.31,104.73,Vencimento (estoque Mercado — última posição)
HSTN A807,HSTN,15/03/2019,Dívida Interna,02/2019,2019,275.0,9552774.0,34737.36,Vencimento (estoque Mercado — última posição)
HSTN A817,HSTN,15/01/2020,Dívida Interna,12/2019,2020,232.0,9394420.08,40493.19,Vencimento (estoque Mercado — última posição)
HSTN A818,HSTN,15/02/2020,Dívida Interna,01/2020,2020,228.0,9398531.64,41221.630000000005,Vencimento (estoque Mercado — última posição)
HSTN A819,HSTN,15/03/2020,Dívida Interna,02/2020,2020,224.0,9330191.36,41652.64,Vencimento (estoque Mercado — última posição)
TDAD06K411,TDA,01/11/2019,Dívida Interna,10/2019,2019,4678.0,465928.8,99.6,Vencimento (estoque Mercado — última posição)
TDAD06L238,TDA,01/12/2021,Dívida Interna,11/2021,2021,10037.0,1019558.46,101.58,Vencimento (estoque Mercado — última posição)
TDAD07B236,TDA,01/02/2020,Dívida Interna,01/2020,2020,23596.0,2396409.76,101.55999999999999,Vencimento (estoque Mercado — última posição)
TDAD07D335,TDA,01/04/2020,Dívida Interna,03/2020,2020,3611.0,363230.49,100.59,Vencimento (estoque Mercado — última posição)
TDAE991178,TDA,01/11/2019,Dívida Interna,10/2019,2019,4820.0,503738.2,104.51,Vencimento (estoque Mercado — última posição)
TDAE991278,TDA,01/12/2019,Dívida Interna,11/2019,2019,19043.0,1990755.22,104.53999999999999,Vencimento (estoque Mercado — última posição)
HSTN A810,HSTN,15/06/2019,Dívida Interna,05/2019,2019,261.0,9586973.7,36731.7,Vencimento (estoque Mercado — última posição)
HSTN A811,HSTN,15/07/2019,Dívida Interna,06/2019,2019,257.0,9582414.62,37285.659999999996,Vencimento (estoque Mercado — última posição)
HSTN A814,HSTN,15/10/2019,Dívida Interna,09/2019,2019,244.0,9359556.96,38358.840000000004,Vencimento (estoque Mercado — última posição)
TDAD06J412,TDA,01/10/2020,Dívida Interna,09/2020,2020,10164.0,1012436.04,99.61,Vencimento (estoque Mercado — última posição)
TDAD09L233,TDA,01/12/2019,Dívida Interna,11/2019,2019,37.0,3758.46,101.58,Vencimento (estoque Mercado — última posição)
TDAD02J340,TDA,01/10/2020,Dívida Interna,09/2020,2020,4450.0,447625.5,100.59,Vencimento (estoque Mercado — última posição)
TDAD03I416,TDA,01/09/2021,Dívida Interna,08/2021,2021,4479.0,446153.19,99.61,Vencimento (estoque Mercado — última posição)
TDAD11L407,TDA,01/12/2020,Dívida Interna,11/2020,2020,7454.0,742492.94,99.61,Vencimento (estoque Mercado — última posição)
TDAD08G237,TDA,01/07/2022,Dívida Interna,06/2022,2022,11567.0,1181106.37,102.11000000000001,Vencimento (estoque Mercado — última posição)
TDAD08K234,TDA,01/11/2019,Dívida Interna,10/2019,2019,2859.0,290360.04,101.55999999999999,Vencimento (estoque Mercado — última posição)
TDAD09J408,TDA,01/10/2019,Dívida Interna,09/2019,2019,2573.0,256270.8,99.6,Vencimento (estoque Mercado — última posição)
TDAJ12JC18,TDA,01/10/2022,Dívida Interna,09/2022,2022,27.0,2772.9,102.7,Vencimento (estoque Mercado — última posição)
TDAD09K334,TDA,01/11/2021,Dívida Interna,10/2021,2021,2813.0,282987.8,100.6,Vencimento (estoque Mercado — última posição)
TDAD10A233,TDA,01/01/2020,Dívida Interna,12/2019,2020,124.0,12593.44,101.56,Vencimento (estoque Mercado — última posição)
TDA19120300,TDA,01/12/2019,Dívida Interna,12/2019,2019,418.0,43793.86,104.77,Vencimento (estoque Mercado — última posição)
TDAD04F415,TDA,01/06/2021,Dívida Interna,10/2020,2021,14759.0,1461731.36,99.04,Vencimento (estoque Mercado — última posição)
TDAD04H340,TDA,01/08/2022,Dívida Interna,07/2022,2022,533.0,53992.9,101.3,Vencimento (estoque Mercado — última posição)
TDAD11L331,TDA,01/12/2020,Dívida Interna,11/2020,2020,5634.0,566724.06,100.59,Vencimento (estoque Mercado — última posição)
TDAD12D231,TDA,01/04/2020,Dívida Interna,03/2020,2020,19313.0,1961428.28,101.56,Vencimento (estoque Mercado — última posição)
TDAD07E236,TDA,01/05/2020,Dívida Interna,04/2020,2020,7034.0,714373.04,101.56,Vencimento (estoque Mercado — última posição)
TDAJ11EB17,TDA,01/05/2020,Dívida Interna,04/2020,2020,11336.0,1140288.24,100.59,Vencimento (estoque Mercado — última posição)
TDAD09D235,TDA,01/04/2021,Dívida Interna,03/2021,2021,2345.0,238205.1,101.58,Vencimento (estoque Mercado — última posição)
TDAD09E234,TDA,01/05/2020,Dívida Interna,04/2020,2020,1787.0,181487.72,101.56,Vencimento (estoque Mercado — última posição)
LFT 010321,LFT,01/03/2021,Dívida Interna,02/2021,2021,12821001.81,138354889650.61,10791.269800983671,Vencimento (estoque Mercado — última posição)
TDAD13L328,TDA,01/12/2019,Dívida Interna,11/2019,2019,7901.0,794840.6,100.6,Vencimento (estoque Mercado — última posição)
TDAD04I414,TDA,01/09/2020,Dívida Interna,08/2020,2020,27.0,2689.47,99.61,Vencimento (estoque Mercado — última posição)
TDA20040600,TDA,01/04/2020,Dívida Interna,03/2020,2020,47037.0,4915836.87,104.51,Vencimento (estoque Mercado — última posição)
TDAD08K410,TDA,01/11/2020,Dívida Interna,10/2020,2020,1144.0,113953.84,99.61,Vencimento (estoque Mercado — última posição)
TDAD09C335,TDA,01/03/2022,Dívida Interna,02/2022,2022,3418.0,344090.06,100.67,Vencimento (estoque Mercado — última posição)
TDAD09F234,TDA,01/06/2020,Dívida Interna,05/2020,2020,9490.0,963994.2,101.58,Vencimento (estoque Mercado — última posição)
TDAD10F235,TDA,01/06/2022,Dívida Interna,05/2022,2022,89.0,9076.22,101.97999999999999,Vencimento (estoque Mercado — última posição)
TDAD10G235,TDA,01/07/2022,Dívida Interna,06/2022,2022,3109.0,317459.99,102.11,Vencimento (estoque Mercado — última posição)
TDA21080300,TDA,01/08/2021,Dívida Interna,07/2021,2021,19034.0,1933473.72,101.58,Vencimento (estoque Mercado — última posição)
TDA21010300,TDA,01/01/2021,Dívida Interna,12/2020,2021,1284.0,130428.72,101.58,Vencimento (estoque Mercado — última posição)
TDAD05D238,TDA,01/04/2020,Dívida Interna,03/2020,2020,13340.0,1354810.4,101.55999999999999,Vencimento (estoque Mercado — última posição)
TDAD05F238,TDA,01/06/2020,Dívida Interna,05/2020,2020,10788.0,1095845.04,101.58,Vencimento (estoque Mercado — última posição)
TDAD05F337,TDA,01/06/2020,Dívida Interna,05/2020,2020,2142.0,215485.2,100.60000000000001,Vencimento (estoque Mercado — última posição)
TDAD12F232,TDA,01/06/2021,Dívida Interna,05/2021,2021,2254.0,228961.32,101.58,Vencimento (estoque Mercado — última posição)
TDAD07E237,TDA,01/05/2021,Dívida Interna,04/2021,2021,7010.0,712075.8,101.58000000000001,Vencimento (estoque Mercado — última posição)
TDAD12K230,TDA,01/11/2019,Dívida Interna,10/2019,2019,19398.0,1970060.88,101.55999999999999,Vencimento (estoque Mercado — última posição)
TDAD09K235,TDA,01/11/2021,Dívida Interna,10/2021,2021,2816.0,286049.28,101.58000000000001,Vencimento (estoque Mercado — última posição)
TDAD09K333,TDA,01/11/2020,Dívida Interna,10/2020,2020,2813.0,282987.8,100.6,Vencimento (estoque Mercado — última posição)
TDA20080300,TDA,01/08/2020,Dívida Interna,07/2020,2020,19034.0,1933283.38,101.57,Vencimento (estoque Mercado — última posição)
TDAD05F339,TDA,01/06/2022,Dívida Interna,05/2022,2022,2231.0,225308.69,100.99,Vencimento (estoque Mercado — última posição)
TDAD03H339,TDA,01/08/2020,Dívida Interna,07/2020,2020,2710.0,272598.9,100.59,Vencimento (estoque Mercado — última posição)
TDAD03I414,TDA,01/09/2019,Dívida Interna,08/2019,2019,4532.0,451432.52,99.61,Vencimento (estoque Mercado — última posição)
TDAD03J414,TDA,01/10/2019,Dívida Interna,09/2019,2019,310.0,30876.0,99.6,Vencimento (estoque Mercado — última posição)
TDAD11D231,TDA,01/04/2019,Dívida Interna,03/2019,2019,186.0,18893.88,101.58000000000001,Vencimento (estoque Mercado — última posição)
TDAH121136,TDA,01/11/2020,Dívida Interna,10/2020,2020,9892.0,1034109.68,104.54,Vencimento (estoque Mercado — última posição)
TDAD09H235,TDA,01/08/2021,Dívida Interna,07/2021,2021,412.0,41850.96,101.58,Vencimento (estoque Mercado — última posição)
TDAD09I332,TDA,01/09/2019,Dívida Interna,08/2019,2019,5771.0,580562.6,100.6,Vencimento (estoque Mercado — última posição)
TDAD01I340,TDA,01/09/2019,Dívida Interna,08/2019,2019,2832.0,284899.2,100.60000000000001,Vencimento (estoque Mercado — última posição)
TDAD02H339,TDA,01/08/2019,Dívida Interna,07/2019,2019,4715.0,474281.85,100.58999999999999,Vencimento (estoque Mercado — última posição)
TDAD02I339,TDA,01/09/2019,Dívida Interna,08/2019,2019,1599.0,160859.4,100.6,Vencimento (estoque Mercado — última posição)
TDAD10C332,TDA,01/03/2020,Dívida Interna,02/2020,2020,1067.0,107340.2,100.6,Vencimento (estoque Mercado — última posição)
TDAD10C333,TDA,01/03/2021,Dívida Interna,02/2021,2021,1067.0,107318.86,100.58,Vencimento (estoque Mercado — última posição)
TDAD10D332,TDA,01/04/2020,Dívida Interna,03/2020,2020,7315.0,735815.85,100.59,Vencimento (estoque Mercado — última posição)
TDA19120200,TDA,01/12/2019,Dívida Interna,11/2019,2019,14090.0,1417454.0,100.6,Vencimento (estoque Mercado — última posição)
TDAD01C418,TDA,01/03/2021,Dívida Interna,01/2020,2021,365.0,36335.75,99.55,Vencimento (estoque Mercado — última posição)
TDAD01H417,TDA,01/08/2020,Dívida Interna,07/2020,2020,68.0,6772.8,99.60000000000001,Vencimento (estoque Mercado — última posição)
TDAD01H418,TDA,01/08/2021,Dívida Interna,07/2021,2021,83.0,8267.63,99.60999999999999,Vencimento (estoque Mercado — última posição)
TDAD01K340,TDA,01/11/2019,Dívida Interna,10/2019,2019,3754.0,377614.86,100.58999999999999,Vencimento (estoque Mercado — última posição)
TDAD02H416,TDA,01/08/2020,Dívida Interna,07/2020,2020,3250.0,323700.0,99.6,Vencimento (estoque Mercado — última posição)
TDAD03L415,TDA,01/12/2020,Dívida Interna,11/2020,2020,4952.0,493268.72,99.61,Vencimento (estoque Mercado — última posição)
TDAD04C238,TDA,01/03/2019,Dívida Interna,02/2019,2019,28585.0,2903092.6,101.56,Vencimento (estoque Mercado — última posição)
TDAD10G232,TDA,01/07/2019,Dívida Interna,06/2019,2019,3109.0,315812.22,101.57999999999998,Vencimento (estoque Mercado — última posição)
TDA19060300,TDA,01/06/2019,Dívida Interna,05/2019,2019,458.0,46514.48,101.56,Vencimento (estoque Mercado — última posição)
NTN-B 150519,NTN-B,15/05/2019,Dívida Interna,04/2019,2019,22812535.0,75345716695.6,3302.8208699997613,Vencimento (estoque Mercado — última posição)
TDAD03I415,TDA,01/09/2020,Dívida Interna,08/2020,2020,4069.0,405313.09,99.61,Vencimento (estoque Mercado — última posição)
TDAD03K339,TDA,01/11/2020,Dívida Interna,10/2020,2020,1539.0,154823.4,100.6,Vencimento (estoque Mercado — última posição)
TDAD10F233,TDA,01/06/2020,Dívida Interna,05/2020,2020,89.0,9040.62,101.58000000000001,Vencimento (estoque Mercado — última posição)
TDAD10G332,TDA,01/07/2020,Dívida Interna,06/2020,2020,234.0,23535.72,100.58,Vencimento (estoque Mercado — última posição)
TDAD04H413,TDA,01/08/2019,Dívida Interna,07/2019,2019,27593.0,2748262.8,99.6,Vencimento (estoque Mercado — última posição)
TDAD04I238,TDA,01/09/2019,Dívida Interna,08/2019,2019,15658.0,1590539.64,101.58,Vencimento (estoque Mercado — última posição)
TDAD04L339,TDA,01/12/2021,Dívida Interna,11/2021,2021,36233.0,3644677.47,100.59,Vencimento (estoque Mercado — última posição)
TDAD05B339,TDA,01/02/2022,Dívida Interna,01/2022,2022,6071.0,611288.99,100.69,Vencimento (estoque Mercado — última posição)
TDA20030100,TDA,01/03/2020,Dívida Interna,02/2020,2020,19232.0,1915699.52,99.61,Vencimento (estoque Mercado — última posição)
TDA20070600,TDA,01/07/2020,Dívida Interna,06/2020,2020,29024.0,3033588.48,104.52,Vencimento (estoque Mercado — última posição)
TDA19090600,TDA,01/09/2019,Dívida Interna,08/2019,2019,2782.0,290830.28,104.54,Vencimento (estoque Mercado — última posição)
TDAD03E415,TDA,01/05/2020,Dívida Interna,04/2020,2020,4335.0,431766.0,99.6,Vencimento (estoque Mercado — última posição)
TDAD04L337,TDA,01/12/2019,Dívida Interna,11/2019,2019,36959.0,3718075.4,100.6,Vencimento (estoque Mercado — última posição)
TDAD04I413,TDA,01/09/2019,Dívida Interna,08/2019,2019,14.0,1394.54,99.61,Vencimento (estoque Mercado — última posição)
TDAD13F232,TDA,01/06/2022,Dívida Interna,05/2022,2022,3917.0,399455.66,101.97999999999999,Vencimento (estoque Mercado — última posição)
TDAD10L234,TDA,01/12/2021,Dívida Interna,11/2021,2021,137.0,13916.46,101.58,Vencimento (estoque Mercado — última posição)
NTN-I 150622,NTN-I,15/06/2022,Dívida Interna,05/2022,2022,4512063.0,41840901.64,9.27311999854612,Vencimento (estoque Mercado — última posição)
ECTN 0210,ECTN,01/10/2022,Dívida Interna,09/2022,2022,222245.0,1091671884.9,4912.02,Vencimento (estoque Mercado — última posição)
TDAD10I235,TDA,01/09/2022,Dívida Interna,08/2022,2022,7.0,717.64,102.52,Vencimento (estoque Mercado — última posição)
TDAD06C338,TDA,01/03/2022,Dívida Interna,02/2022,2022,9794.0,985961.98,100.67,Vencimento (estoque Mercado — última posição)
TDAD07B337,TDA,01/02/2022,Dívida Interna,01/2022,2022,5160.0,519560.4,100.69,Vencimento (estoque Mercado — última posição)
TDA22080200,TDA,01/08/2022,Dívida Interna,07/2022,2022,5.0,506.5,101.3,Vencimento (estoque Mercado — última posição)
TDAD06G414,TDA,01/07/2022,Dívida Interna,06/2022,2022,14952.0,1497143.76,100.13,Vencimento (estoque Mercado — última posição)
TDAD10C235,TDA,01/03/2022,Dívida Interna,02/2022,2022,15515.0,1577099.75,101.65,Vencimento (estoque Mercado — última posição)
NTN-I 150722,NTN-I,15/07/2022,Dívida Interna,06/2022,2022,5386207.0,55445016.98,10.293888998324794,Vencimento (estoque Mercado — última posição)
TDAD03K417,TDA,01/11/2022,Dívida Interna,10/2022,2022,734.0,74023.9,100.85,Vencimento (estoque Mercado — última posição)
TDAD11D234,TDA,01/04/2022,Dívida Interna,03/2022,2022,186.0,18929.22,101.77000000000001,Vencimento (estoque Mercado — última posição)
TDAH071273,TDA,01/12/2022,Dívida Interna,11/2022,2022,3041.0,322285.18,105.98,Vencimento (estoque Mercado — última posição)
TDAD07K337,TDA,01/11/2022,Dívida Interna,10/2022,2022,9510.0,968593.5,101.85,Vencimento (estoque Mercado — última posição)
TDAD10G334,TDA,01/07/2022,Dívida Interna,06/2022,2022,234.0,23662.08,101.12,Vencimento (estoque Mercado — última posição)
TDAD00H417,TDA,01/08/2019,Dívida Interna,07/2019,2019,263.0,26194.8,99.6,Vencimento (estoque Mercado — última posição)
TDAD00H418,TDA,01/08/2020,Dívida Interna,07/2020,2020,294.0,29282.4,99.60000000000001,Vencimento (estoque Mercado — última posição)
TDAD03K338,TDA,01/11/2019,Dívida Interna,10/2019,2019,1575.0,158429.25,100.59,Vencimento (estoque Mercado — última posição)
TDAD10C234,TDA,01/03/2021,Dívida Interna,02/2021,2021,15570.0,1581289.2,101.56,Vencimento (estoque Mercado — última posição)
TDAD10C331,TDA,01/03/2019,Dívida Interna,02/2019,2019,1067.0,107329.53,100.59,Vencimento (estoque Mercado — última posição)
HCFTE51001,HCFTE51001,01/03/2022,Dívida Interna,02/2022,2022,237543.0,10501776.03,44.209999999999994,Vencimento (estoque Mercado — última posição)
LFT 010920,LFT,01/09/2020,Dívida Interna,08/2020,2020,6743327.0,72103598377.81,10692.585184999925,Vencimento (estoque Mercado — última posição)
TDAD05B338,TDA,01/02/2021,Dívida Interna,01/2021,2021,4753.0,478151.8,100.6,Vencimento (estoque Mercado — última posição)
TDAE120437,TDA,01/04/2021,Dívida Interna,03/2021,2021,477.0,49865.58,104.54,Vencimento (estoque Mercado — última posição)
TDAD04I338,TDA,01/09/2020,Dívida Interna,08/2020,2020,10597.0,1066058.2,100.6,Vencimento (estoque Mercado — última posição)
TDAD07F238,TDA,01/06/2022,Dívida Interna,05/2022,2022,20900.0,2131382.0,101.98,Vencimento (estoque Mercado — última posição)
TDAJ11EB18,TDA,01/05/2021,Dívida Interna,04/2021,2021,11675.0,1174388.25,100.59,Vencimento (estoque Mercado — última posição)
TDAJ11LC17,TDA,01/12/2020,Dívida Interna,11/2020,2020,210.0,21331.8,101.58,Vencimento (estoque Mercado — última posição)
NTN-I 150121,NTN-I,15/01/2021,Dívida Interna,12/2020,2021,6846871.0,66520124.74,9.715404998867367,Vencimento (estoque Mercado — última posição)
ECTN 0101,ECTN,01/01/2021,Dívida Interna,12/2020,2021,49748.0,237297960.0,4770.0,Vencimento (estoque Mercado — última posição)
TDAD10J233,TDA,01/10/2020,Dívida Interna,09/2020,2020,478.0,48555.24,101.58,Vencimento (estoque Mercado — última posição)
TDAD08D335,TDA,01/04/2021,Dívida Interna,03/2021,2021,2744.0,276046.4,100.60000000000001,Vencimento (estoque Mercado — última posição)
TDAD06C238,TDA,01/03/2021,Dívida Interna,02/2021,2021,2767.0,281016.52,101.56,Vencimento (estoque Mercado — última posição)
TDAD12K233,TDA,01/11/2022,Dívida Interna,10/2022,2022,19503.0,2005883.55,102.85000000000001,Vencimento (estoque Mercado — última posição)
TDAD12J331,TDA,01/10/2021,Dívida Interna,09/2021,2021,3066.0,308408.94,100.59,Vencimento (estoque Mercado — última posição)
TDAD12J407,TDA,01/10/2021,Dívida Interna,09/2021,2021,7213.0,718486.93,99.61000000000001,Vencimento (estoque Mercado — última posição)
TDAD08J235,TDA,01/10/2020,Dívida Interna,09/2020,2020,7239.0,735337.62,101.58,Vencimento (estoque Mercado — última posição)
TDAD08J237,TDA,01/10/2022,Dívida Interna,09/2022,2022,6674.0,685419.8,102.7,Vencimento (estoque Mercado — última posição)
ECTN 0110,ECTN,01/10/2021,Dívida Interna,09/2021,2021,6664.0,34263222.56,5141.54,Vencimento (estoque Mercado — última posição)
TDAE100355,TDA,01/03/2022,Dívida Interna,02/2022,2022,1983.0,207401.97,104.59,Vencimento (estoque Mercado — última posição)
TDAE120438,TDA,01/04/2022,Dívida Interna,03/2022,2022,482.0,50479.86,104.73,Vencimento (estoque Mercado — última posição)
TDAD06B238,TDA,01/02/2021,Dívida Interna,01/2021,2021,3479.0,353396.82,101.58,Vencimento (estoque Mercado — última posição)
TDAD06D338,TDA,01/04/2022,Dívida Interna,03/2022,2022,13735.0,1384213.3,100.78,Vencimento (estoque Mercado — última posição)
TDAD08E335,TDA,01/05/2021,Dívida Interna,04/2021,2021,6967.0,700810.53,100.59,Vencimento (estoque Mercado — última posição)
TDAD08F236,TDA,01/06/2021,Dívida Interna,05/2021,2021,16222.0,1647830.76,101.58,Vencimento (estoque Mercado — última posição)
TDAD12I232,TDA,01/09/2021,Dívida Interna,08/2021,2021,1839.0,186805.62,101.58,Vencimento (estoque Mercado — última posição)
TDAE110538,TDA,01/05/2021,Dívida Interna,04/2021,2021,28175.0,2945132.75,104.53,Vencimento (estoque Mercado — última posição)
TDAD06F413,TDA,01/06/2021,Dívida Interna,05/2021,2021,409.0,40740.49,99.61,Vencimento (estoque Mercado — última posição)
TDAD06G413,TDA,01/07/2021,Dívida Interna,06/2021,2021,14970.0,1491161.7,99.61,Vencimento (estoque Mercado — última posição)
TDA20100600,TDA,01/10/2020,Dívida Interna,09/2020,2020,18253.0,1907986.09,104.53,Vencimento (estoque Mercado — última posição)
TDAD12L231,TDA,01/12/2020,Dívida Interna,11/2020,2020,27034.0,2746113.72,101.58000000000001,Vencimento (estoque Mercado — última posição)
TDAD09F235,TDA,01/06/2021,Dívida Interna,05/2021,2021,9126.0,927019.08,101.58,Vencimento (estoque Mercado — última posição)
TDAH071272,TDA,01/12/2021,Dívida Interna,11/2021,2021,3041.0,317875.73,104.52999999999999,Vencimento (estoque Mercado — última posição)
TDAE120237,TDA,01/02/2021,Dívida Interna,01/2021,2021,13264.0,1386618.56,104.54,Vencimento (estoque Mercado — última posição)
TDAE120252,TDA,01/02/2021,Dívida Interna,01/2021,2021,10680.0,1116487.2,104.53999999999999,Vencimento (estoque Mercado — última posição)
ECTN 0103,ECTN,01/03/2021,Dívida Interna,02/2021,2021,30247.0,150428010.04,4973.32,Vencimento (estoque Mercado — última posição)
TDA22010300,TDA,01/01/2022,Dívida Interna,12/2021,2022,1232.0,125208.16,101.63000000000001,Vencimento (estoque Mercado — última posição)
TDAD13L230,TDA,01/12/2020,Dívida Interna,11/2020,2020,11086.0,1126115.88,101.57999999999998,Vencimento (estoque Mercado — última posição)
TDAD09B236,TDA,01/02/2022,Dívida Interna,01/2022,2022,116.0,11794.88,101.67999999999999,Vencimento (estoque Mercado — última posição)
TDAD07G413,TDA,01/07/2022,Dívida Interna,06/2022,2022,2157.0,215980.41,100.13,Vencimento (estoque Mercado — última posição)
TDAD07J236,TDA,01/10/2020,Dívida Interna,09/2020,2020,465.0,47234.7,101.58,Vencimento (estoque Mercado — última posição)
TDAD02C417,TDA,01/03/2021,Dívida Interna,02/2021,2021,1823.0,181570.8,99.6,Vencimento (estoque Mercado — última posição)
TDA22080600,TDA,01/08/2022,Dívida Interna,07/2022,2022,413.0,43476.51,105.27000000000001,Vencimento (estoque Mercado — última posição)
TDAD08A236,TDA,01/01/2021,Dívida Interna,12/2020,2021,588.0,59729.04,101.58,Vencimento (estoque Mercado — última posição)
TDAD08B236,TDA,01/02/2021,Dívida Interna,01/2021,2021,606.0,61557.48,101.58,Vencimento (estoque Mercado — última posição)
TDAD08I237,TDA,01/09/2022,Dívida Interna,08/2022,2022,7089.0,726764.28,102.52000000000001,Vencimento (estoque Mercado — última posição)
TDAD07G236,TDA,01/07/2020,Dívida Interna,06/2020,2020,5588.0,567573.16,101.57000000000001,Vencimento (estoque Mercado — última posição)
TDAD07H335,TDA,01/08/2020,Dívida Interna,07/2020,2020,196.0,19715.64,100.59,Vencimento (estoque Mercado — última posição)
TDAD07H410,TDA,01/08/2019,Dívida Interna,07/2019,2019,1856.0,184857.6,99.60000000000001,Vencimento (estoque Mercado — última posição)
NTN-I 151019,NTN-I,15/10/2019,Dívida Interna,09/2019,2019,10192047.0,75449043.43,7.402736999741073,Vencimento (estoque Mercado — última posição)
NTN-I 151119,NTN-I,15/11/2019,Dívida Interna,10/2019,2019,9192117.0,65958651.4,7.175566999419176,Vencimento (estoque Mercado — última posição)
TDAD08J333,TDA,01/10/2019,Dívida Interna,09/2019,2019,565.0,56833.35,100.59,Vencimento (estoque Mercado — última posição)
TDAD08K411,TDA,01/11/2021,Dívida Interna,10/2021,2021,1038.0,103395.18,99.61,Vencimento (estoque Mercado — última posição)
TDAD09B234,TDA,01/02/2020,Dívida Interna,01/2020,2020,116.0,11780.96,101.55999999999999,Vencimento (estoque Mercado — última posição)
TDAD09B334,TDA,01/02/2021,Dívida Interna,01/2021,2021,478.0,48086.8,100.60000000000001,Vencimento (estoque Mercado — última posição)
TDAD12I230,TDA,01/09/2019,Dívida Interna,08/2019,2019,1839.0,186805.62,101.58,Vencimento (estoque Mercado — última posição)
NTN-I 150820,NTN-I,15/08/2020,Dívida Interna,07/2020,2020,6260914.0,59773628.39,9.547108998781967,Vencimento (estoque Mercado — última posição)
TDAD08G333,TDA,01/07/2019,Dívida Interna,06/2019,2019,1040.0,104624.0,100.6,Vencimento (estoque Mercado — última posição)
TDAD11J232,TDA,01/10/2020,Dívida Interna,09/2020,2020,605.0,61455.9,101.58,Vencimento (estoque Mercado — última posição)
TDAD10L232,TDA,01/12/2019,Dívida Interna,11/2019,2019,137.0,13916.46,101.58,Vencimento (estoque Mercado — última posição)
Global BRL 2022,Global,05/01/2022,Dívida Externa,12/2021,2022,2216399.0,2350956583.29,1060.71,Vencimento (estoque Mercado — última posição)
ECTN 9911,ECTN,01/11/2019,Dívida Interna,10/2019,2019,10056.0,43601810.4,4335.9,Vencimento (estoque Mercado — última posição)
ECTN 0001,ECTN,01/01/2020,Dívida Interna,12/2019,2020,90353.0,384680608.09,4257.53,Vencimento (estoque Mercado — última posição)
TDAD08E235,TDA,01/05/2020,Dívida Interna,04/2020,2020,3883.0,394357.48,101.56,Vencimento (estoque Mercado — última posição)
TDAD12L230,TDA,01/12/2019,Dívida Interna,11/2019,2019,27036.0,2746316.88,101.58,Vencimento (estoque Mercado — última posição)
NTN-I 150620,NTN-I,15/06/2020,Dívida Interna,05/2020,2020,6224314.0,61670702.29,9.908031999992287,Vencimento (estoque Mercado — última posição)
TDAJ12HC15,TDA,01/08/2019,Dívida Interna,07/2019,2019,695.0,70584.2,101.56,Vencimento (estoque Mercado — última posição)
TDAD13H229,TDA,01/08/2019,Dívida Interna,07/2019,2019,239.0,24272.84,101.56,Vencimento (estoque Mercado — última posição)
NTN-F 010121,NTN-F,01/01/2021,Dívida Interna,12/2020,2021,99710849.67,104528636235.5,1048.3175760856998,Vencimento (estoque Mercado — última posição)
NTN-I 150420,NTN-I,15/04/2020,Dívida Interna,03/2020,2020,9249087.0,86565775.38,9.359385999937075,Vencimento (estoque Mercado — última posição)
TDAD13H231,TDA,01/08/2021,Dívida Interna,07/2021,2021,239.0,24277.62,101.58,Vencimento (estoque Mercado — última posição)
TDAH090354,TDA,01/03/2020,Dívida Interna,02/2020,2020,1026.0,107258.04,104.53999999999999,Vencimento (estoque Mercado — última posição)
TDAD13E229,TDA,01/05/2019,Dívida Interna,04/2019,2019,2364.0,240087.84,101.56,Vencimento (estoque Mercado — última posição)
NTN-I 150120,NTN-I,15/01/2020,Dívida Interna,12/2019,2020,8341856.0,60436696.66,7.244993998937407,Vencimento (estoque Mercado — última posição)
NTN-I 150519,NTN-I,15/05/2019,Dívida Interna,04/2019,2019,9998053.0,68999843.11,6.901327999561515,Vencimento (estoque Mercado — última posição)
TDAD08I235,TDA,01/09/2020,Dívida Interna,08/2020,2020,7146.0,725890.68,101.58000000000001,Vencimento (estoque Mercado — última posição)
TDAD08J334,TDA,01/10/2020,Dívida Interna,09/2020,2020,513.0,51602.67,100.59,Vencimento (estoque Mercado — última posição)
TDAD09H408,TDA,01/08/2019,Dívida Interna,07/2019,2019,98.0,9760.8,99.6,Vencimento (estoque Mercado — última posição)
TDAD09H409,TDA,01/08/2020,Dívida Interna,07/2020,2020,98.0,9760.8,99.6,Vencimento (estoque Mercado — última posição)
TDAD09I233,TDA,01/09/2019,Dívida Interna,08/2019,2019,11508.0,1168982.64,101.57999999999998,Vencimento (estoque Mercado — última posição)
NTN-B 150820,NTN-B,15/08/2020,Dívida Interna,07/2020,2020,18730588.48,63557340083.03,3393.237759235101,Vencimento (estoque Mercado — última posição)
TDAD10C408,TDA,01/03/2020,Dívida Interna,02/2020,2020,5601.0,557915.61,99.61,Vencimento (estoque Mercado — última posição)
TDAD02C415,TDA,01/03/2019,Dívida Interna,02/2019,2019,1906.0,189837.6,99.60000000000001,Vencimento (estoque Mercado — última posição)
TDAD02C339,TDA,01/03/2019,Dívida Interna,02/2019,2019,789.0,79365.51,100.58999999999999,Vencimento (estoque Mercado — última posição)
TDAD13J230,TDA,01/10/2020,Dívida Interna,09/2020,2020,31844.0,3234713.52,101.58,Vencimento (estoque Mercado — última posição)
TDAD00L418,TDA,01/12/2020,Dívida Interna,11/2020,2020,331.0,32970.91,99.61000000000001,Vencimento (estoque Mercado — última posição)
TDAD01D416,TDA,01/04/2019,Dívida Interna,03/2019,2019,7136.0,710816.96,99.61,Vencimento (estoque Mercado — última posição)
TDAD01E416,TDA,01/05/2019,Dívida Interna,04/2019,2019,953.0,94918.8,99.60000000000001,Vencimento (estoque Mercado — última posição)
TDAD01G340,TDA,01/07/2019,Dívida Interna,06/2019,2019,2355.0,236913.0,100.6,Vencimento (estoque Mercado — última posição)
TDAD09E233,TDA,01/05/2019,Dívida Interna,04/2019,2019,2483.0,252173.48,101.56,Vencimento (estoque Mercado — última posição)
TDAD09H333,TDA,01/08/2020,Dívida Interna,07/2020,2020,8861.0,891327.99,100.59,Vencimento (estoque Mercado — última posição)
TDAJ11DB16,TDA,01/04/2019,Dívida Interna,03/2019,2019,282.0,28369.2,100.60000000000001,Vencimento (estoque Mercado — última posição)
TDAJ09EC18,TDA,01/05/2019,Dívida Interna,04/2019,2019,2767.0,281016.52,101.56,Vencimento (estoque Mercado — última posição)
TDAJ10EB18,TDA,01/05/2020,Dívida Interna,04/2020,2020,31.0,3118.29,100.59,Vencimento (estoque Mercado — última posição)
TDAD13H230,TDA,01/08/2020,Dívida Interna,07/2020,2020,239.0,24275.23,101.57,Vencimento (estoque Mercado — última posição)
NTN-I 150819,NTN-I,15/08/2019,Dívida Interna,07/2019,2019,8922808.0,59823198.22,6.704525998990452,Vencimento (estoque Mercado — última posição)
TDAD12A231,TDA,01/01/2020,Dívida Interna,12/2019,2020,503.0,51084.68,101.56,Vencimento (estoque Mercado — última posição)
TDAD02L417,TDA,01/12/2021,Dívida Interna,11/2021,2021,467.0,46517.87,99.61,Vencimento (estoque Mercado — última posição)
TDAH090356,TDA,01/03/2022,Dívida Interna,02/2022,2022,1026.0,107309.34,104.59,Vencimento (estoque Mercado — última posição)
LTN 010122,LTN,01/01/2022,Dívida Interna,12/2021,2022,115662411.93,115628356713.72,999.7055636683366,Vencimento (estoque Mercado — última posição)
Euro 2021,Euro,01/04/2021,Dívida Externa,03/2021,2021,1000000.0,6883250000.0,6883.25,Vencimento (estoque Mercado — última posição)
NTN-I 151020,NTN-I,15/10/2020,Dívida Interna,09/2020,2020,7776029.0,81441306.6,10.473379998968625,Vencimento (estoque Mercado — última posição)
TDAD09C235,TDA,01/03/2021,Dívida Interna,02/2021,2021,20925.0,2125143.0,101.56,Vencimento (estoque Mercado — última posição)
TDA20070200,TDA,01/07/2020,Dívida Interna,06/2020,2020,192.0,19311.36,100.58,Vencimento (estoque Mercado — última posição)
TDAD07I236,TDA,01/09/2020,Dívida Interna,08/2020,2020,5036.0,511556.88,101.58,Vencimento (estoque Mercado — última posição)
TDAD07I335,TDA,01/09/2020,Dívida Interna,08/2020,2020,1131.0,113778.6,100.60000000000001,Vencimento (estoque Mercado — última posição)
TDAD07L335,TDA,01/12/2020,Dívida Interna,11/2020,2020,11809.0,1187867.31,100.59,Vencimento (estoque Mercado — última posição)
TDAJ11DB17,TDA,01/04/2020,Dívida Interna,03/2020,2020,282.0,28366.38,100.59,Vencimento (estoque Mercado — última posição)
TDAD07G237,TDA,01/07/2021,Dívida Interna,06/2021,2021,5566.0,565394.28,101.58,Vencimento (estoque Mercado — última posição)
ECTN 0112,ECTN,01/12/2021,Dívida Interna,11/2021,2021,157189.0,795137412.72,5058.4800000000005,Vencimento (estoque Mercado — última posição)
NTN-I 150422,NTN-I,15/04/2022,Dívida Interna,03/2022,2022,5877569.0,54517585.21,9.275532998421626,Vencimento (estoque Mercado — última posição)
TDAD07I336,TDA,01/09/2021,Dívida Interna,08/2021,2021,1131.0,113778.6,100.60000000000001,Vencimento (estoque Mercado — última posição)
TDAJ12JC17,TDA,01/10/2021,Dívida Interna,09/2021,2021,23.0,2336.34,101.58000000000001,Vencimento (estoque Mercado — última posição)
TDAE050773,TDA,01/07/2020,Dívida Interna,06/2020,2020,92.0,9615.84,104.52,Vencimento (estoque Mercado — última posição)
TDAD09J410,TDA,01/10/2021,Dívida Interna,09/2021,2021,2573.0,256296.53,99.61,Vencimento (estoque Mercado — última posição)
TDAD04E340,TDA,01/05/2022,Dívida Interna,04/2022,2022,3627.0,365710.41,100.83,Vencimento (estoque Mercado — última posição)
TDA21060300,TDA,01/06/2021,Dívida Interna,05/2021,2021,6167.0,626443.86,101.58,Vencimento (estoque Mercado — última posição)
TDAD10I233,TDA,01/09/2020,Dívida Interna,08/2020,2020,7.0,711.06,101.58,Vencimento (estoque Mercado — última posição)
TDAE100354,TDA,01/03/2021,Dívida Interna,02/2021,2021,1983.0,207203.67,104.49000000000001,Vencimento (estoque Mercado — última posição)
TDAE110537,TDA,01/05/2020,Dívida Interna,04/2020,2020,28158.0,2942792.58,104.51,Vencimento (estoque Mercado — última posição)
TDAD10H234,TDA,01/08/2021,Dívida Interna,07/2021,2021,532.0,54040.56,101.58,Vencimento (estoque Mercado — última posição)
LTN 011021,LTN,01/10/2021,Dívida Interna,09/2021,2021,267708017.0,267673207997.38,999.8699739999942,Vencimento (estoque Mercado — última posição)
HSTN A825,HSTN,15/09/2020,Dívida Interna,08/2020,2020,4.0,192186.68,48046.67,Vencimento (estoque Mercado — última posição)
TDAD08F235,TDA,01/06/2020,Dívida Interna,05/2020,2020,16220.0,1647627.6,101.58000000000001,Vencimento (estoque Mercado — última posição)
TDAE040774,TDA,01/07/2020,Dívida Interna,06/2020,2020,26883.0,2809811.16,104.52000000000001,Vencimento (estoque Mercado — última posição)
TDAD04H414,TDA,01/08/2020,Dívida Interna,07/2020,2020,24881.0,2478147.6,99.60000000000001,Vencimento (estoque Mercado — última posição)
TDAD06E338,TDA,01/05/2022,Dívida Interna,04/2022,2022,5118.0,516047.94,100.83,Vencimento (estoque Mercado — última posição)
ECTN 0107,ECTN,01/07/2021,Dívida Interna,06/2021,2021,145141.0,763736296.23,5262.03,Vencimento (estoque Mercado — última posição)
TDAD07J237,TDA,01/10/2021,Dívida Interna,09/2021,2021,463.0,47031.54,101.58,Vencimento (estoque Mercado — última posição)
TDA21080100,TDA,01/08/2021,Dívida Interna,07/2021,2021,490.0,48808.9,99.61,Vencimento (estoque Mercado — última posição)
TDAD08D411,TDA,01/04/2021,Dívida Interna,03/2021,2021,2177.0,216850.97,99.61,Vencimento (estoque Mercado — última posição)
TDAD09L234,TDA,01/12/2020,Dívida Interna,11/2020,2020,37.0,3758.46,101.58,Vencimento (estoque Mercado — última posição)
TDAD09J334,TDA,01/10/2021,Dívida Interna,09/2021,2021,106.0,10662.54,100.59,Vencimento (estoque Mercado — última posição)
TDAD03J415,TDA,01/10/2020,Dívida Interna,09/2020,2020,294.0,29285.34,99.61,Vencimento (estoque Mercado — última posição)
TDAD03J416,TDA,01/10/2021,Dívida Interna,09/2021,2021,318.0,31675.98,99.61,Vencimento (estoque Mercado — última posição)
TDAD04J338,TDA,01/10/2020,Dívida Interna,09/2020,2020,185.0,18609.15,100.59,Vencimento (estoque Mercado — última posição)
TDAD07D411,TDA,01/04/2020,Dívida Interna,03/2020,2020,8.0,796.8,99.6,Vencimento (estoque Mercado — última posição)
TDAD10C233,TDA,01/03/2020,Dívida Interna,02/2020,2020,15570.0,1581600.6,101.58000000000001,Vencimento (estoque Mercado — última posição)
TDAD05F413,TDA,01/06/2020,Dívida Interna,05/2020,2020,50173.0,4997732.53,99.61,Vencimento (estoque Mercado — última posição)
LTN 011022,LTN,01/10/2022,Dívida Interna,09/2022,2022,105841709.0,105817398535.38,999.7703129999536,Vencimento (estoque Mercado — última posição)
HSTN A823,HSTN,15/07/2020,Dívida Interna,06/2020,2020,5.0,223988.45,44797.69,Vencimento (estoque Mercado — última posição)
TDAJ10HC18,TDA,01/08/2020,Dívida Interna,07/2020,2020,892.0,90600.44,101.57000000000001,Vencimento (estoque Mercado — última posição)
NTN-I 150621,NTN-I,15/06/2021,Dívida Interna,05/2021,2021,5449746.0,54057856.23,9.919334998365061,Vencimento (estoque Mercado — última posição)
TDAD08B235,TDA,01/02/2020,Dívida Interna,01/2020,2020,611.0,62053.16,101.56,Vencimento (estoque Mercado — última posição)
TDAD08G235,TDA,01/07/2020,Dívida Interna,06/2020,2020,11979.0,1216707.03,101.57000000000001,Vencimento (estoque Mercado — última posição)
TDAD11G232,TDA,01/07/2020,Dívida Interna,06/2020,2020,39761.0,4038524.77,101.57000000000001,Vencimento (estoque Mercado — última posição)
LTN 010720,LTN,01/07/2020,Dívida Interna,06/2020,2020,182074677.0,181999643661.45,999.5878979999509,Vencimento (estoque Mercado — última posição)
TDAJ12EC16,TDA,01/05/2020,Dívida Interna,04/2020,2020,2287.0,232267.72,101.56,Vencimento (estoque Mercado — última posição)
NTN-I 150721,NTN-I,15/07/2021,Dívida Interna,06/2021,2021,6095894.0,57357699.18,9.40923499982119,Vencimento (estoque Mercado — última posição)
TDAD04D338,TDA,01/04/2020,Dívida Interna,03/2020,2020,5807.0,584126.13,100.59,Vencimento (estoque Mercado — última posição)
TDAD07E335,TDA,01/05/2020,Dívida Interna,04/2020,2020,247.0,24845.73,100.59,Vencimento (estoque Mercado — última posição)
TDAD07G411,TDA,01/07/2020,Dívida Interna,06/2020,2020,1969.0,196112.4,99.6,Vencimento (estoque Mercado — última posição)
TDAD10L233,TDA,01/12/2020,Dívida Interna,11/2020,2020,137.0,13916.46,101.58,Vencimento (estoque Mercado — última posição)
TDAD06J335,TDA,01/10/2019,Dívida Interna,09/2019,2019,7637.0,768205.83,100.58999999999999,Vencimento (estoque Mercado — última posição)
TDAJ10BC18,TDA,01/02/2020,Dívida Interna,01/2020,2020,1404.0,142590.24,101.55999999999999,Vencimento (estoque Mercado — última posição)
TDAJ11IC16,TDA,01/09/2019,Dívida Interna,08/2019,2019,2863.0,290823.54,101.58,Vencimento (estoque Mercado — última posição)
TDAD08E236,TDA,01/05/2021,Dívida Interna,04/2021,2021,3821.0,388137.18,101.58,Vencimento (estoque Mercado — última posição)
TDAD00L417,TDA,01/12/2019,Dívida Interna,11/2019,2019,330.0,32871.3,99.61000000000001,Vencimento (estoque Mercado — última posição)
TDAD06A336,TDA,01/01/2020,Dívida Interna,12/2019,2020,9835.0,989302.65,100.59,Vencimento (estoque Mercado — última posição)
TDAE070856,TDA,01/08/2020,Dívida Interna,07/2020,2020,222.0,23205.66,104.53,Vencimento (estoque Mercado — última posição)
TDAD06L336,TDA,01/12/2020,Dívida Interna,11/2020,2020,2449.0,246344.91,100.59,Vencimento (estoque Mercado — última posição)
TDAD12L329,TDA,01/12/2019,Dívida Interna,11/2019,2019,40459.0,4070175.4,100.6,Vencimento (estoque Mercado — última posição)
TDAD08J234,TDA,01/10/2019,Dívida Interna,09/2019,2019,7389.0,750426.84,101.56,Vencimento (estoque Mercado — última posição)
TDAD11E232,TDA,01/05/2020,Dívida Interna,04/2020,2020,12354.0,1254672.24,101.56,Vencimento (estoque Mercado — última posição)
TDAD06B413,TDA,01/02/2021,Dívida Interna,01/2021,2021,2331.0,232190.91,99.61,Vencimento (estoque Mercado — última posição)
TDAD06C336,TDA,01/03/2020,Dívida Interna,02/2020,2020,8987.0,904092.2,100.6,Vencimento (estoque Mercado — última posição)
TDAE120236,TDA,01/02/2020,Dívida Interna,01/2020,2020,13264.0,1386220.64,104.50999999999999,Vencimento (estoque Mercado — última posição)
TDAE090938,TDA,01/09/2019,Dívida Interna,08/2019,2019,3735.0,390456.9,104.54,Vencimento (estoque Mercado — última posição)
TDA19080100,TDA,01/08/2019,Dívida Interna,07/2019,2019,490.0,48804.0,99.6,Vencimento (estoque Mercado — última posição)
TDAD08K334,TDA,01/11/2020,Dívida Interna,10/2020,2020,169.0,17001.4,100.60000000000001,Vencimento (estoque Mercado — última posição)
TDAD13J229,TDA,01/10/2019,Dívida Interna,09/2019,2019,31844.0,3234076.64,101.56,Vencimento (estoque Mercado — última posição)
TDAD04F338,TDA,01/06/2020,Dívida Interna,05/2020,2020,349.0,35109.4,100.60000000000001,Vencimento (estoque Mercado — última posição)
TDAD04F416,TDA,01/06/2022,Dívida Interna,10/2020,2022,14759.0,1461731.36,99.04,Vencimento (estoque Mercado — última posição)
TDAD09C234,TDA,01/03/2020,Dívida Interna,02/2020,2020,20655.0,2098134.9,101.58,Vencimento (estoque Mercado — última posição)
LFT 010320,LFT,01/03/2020,Dívida Interna,02/2020,2020,9749249.0,102778594510.79,10542.20632899929,Vencimento (estoque Mercado — última posição)
TDAJ09IA18,TDA,01/09/2019,Dívida Interna,08/2019,2019,554.0,55183.94,99.61,Vencimento (estoque Mercado — última posição)
TDAD07I235,TDA,01/09/2019,Dívida Interna,08/2019,2019,5005.0,508407.9,101.58,Vencimento (estoque Mercado — última posição)
NTN-I 150220,NTN-I,15/02/2020,Dívida Interna,01/2020,2020,7378143.0,56541513.5,7.6633799995473115,Vencimento (estoque Mercado — última posição)
NTN-I 150321,NTN-I,15/03/2021,Dívida Interna,02/2021,2021,5993306.0,62322884.77,10.39874899930022,Vencimento (estoque Mercado — última posição)
NTN-I 150421,NTN-I,15/04/2021,Dívida Interna,03/2021,2021,7252619.0,78853643.16,10.872436999654882,Vencimento (estoque Mercado — última posição)
TDAD09E235,TDA,01/05/2021,Dívida Interna,04/2021,2021,2483.0,252223.14,101.58000000000001,Vencimento (estoque Mercado — última posição)
ECTN 0109,ECTN,01/09/2021,Dívida Interna,08/2021,2021,4650.0,24125176.5,5188.21,Vencimento (estoque Mercado — última posição)
TDAD07D237,TDA,01/04/2021,Dívida Interna,03/2021,2021,1606.0,163137.48,101.58000000000001,Vencimento (estoque Mercado — última posição)
TDAD09B333,TDA,01/02/2020,Dívida Interna,01/2020,2020,478.0,48082.02,100.58999999999999,Vencimento (estoque Mercado — última posição)
ECTN 0005,ECTN,01/05/2020,Dívida Interna,04/2020,2020,25448.0,108937798.4,4280.8,Vencimento (estoque Mercado — última posição)
TDA19100300,TDA,01/10/2019,Dívida Interna,09/2019,2019,15529.0,1577125.24,101.56,Vencimento (estoque Mercado — última posição)
TDA20050200,TDA,01/05/2020,Dívida Interna,04/2020,2020,1312.0,131974.08,100.58999999999999,Vencimento (estoque Mercado — última posição)
TDAD07B237,TDA,01/02/2021,Dívida Interna,01/2021,2021,24496.0,2488303.68,101.58000000000001,Vencimento (estoque Mercado — última posição)
TDAD09I333,TDA,01/09/2020,Dívida Interna,08/2020,2020,5771.0,580562.6,100.6,Vencimento (estoque Mercado — última posição)
TDA20020300,TDA,01/02/2020,Dívida Interna,01/2020,2020,13.0,1320.28,101.56,Vencimento (estoque Mercado — última posição)
TDAD11L330,TDA,01/12/2019,Dívida Interna,11/2019,2019,5634.0,566780.4,100.60000000000001,Vencimento (estoque Mercado — última posição)
TDAD09I234,TDA,01/09/2020,Dívida Interna,08/2020,2020,11588.0,1177109.04,101.58,Vencimento (estoque Mercado — última posição)
TDAD05B413,TDA,01/02/2020,Dívida Interna,01/2020,2020,1583.0,157666.8,99.6,Vencimento (estoque Mercado — última posição)
NTN-I 150520,NTN-I,15/05/2020,Dívida Interna,04/2020,2020,8247158.0,81470861.6,9.878658999863953,Vencimento (estoque Mercado — última posição)
TDAD10B233,TDA,01/02/2020,Dívida Interna,01/2020,2020,37.0,3757.72,101.55999999999999,Vencimento (estoque Mercado — última posição)
TDAD12C231,TDA,01/03/2020,Dívida Interna,02/2020,2020,870.0,88374.6,101.58000000000001,Vencimento (estoque Mercado — última posição)
TDAD03L339,TDA,01/12/2020,Dívida Interna,11/2020,2020,12481.0,1255463.79,100.59,Vencimento (estoque Mercado — última posição)
TDA19080600,TDA,01/08/2019,Dívida Interna,07/2019,2019,29613.0,3094854.63,104.50999999999999,Vencimento (estoque Mercado — última posição)
TDA20120600,TDA,01/12/2020,Dívida Interna,11/2020,2020,173392.0,18124665.76,104.53000000000002,Vencimento (estoque Mercado — última posição)
TDAD06D237,TDA,01/04/2020,Dívida Interna,03/2020,2020,14946.0,1517915.76,101.56,Vencimento (estoque Mercado — última posição)
TDAE100353,TDA,01/03/2020,Dívida Interna,02/2020,2020,1983.0,207302.82,104.54,Vencimento (estoque Mercado — última posição)
TDAE111236,TDA,01/12/2019,Dívida Interna,11/2019,2019,11419.0,1193742.26,104.54,Vencimento (estoque Mercado — última posição)
TDAD07H412,TDA,01/08/2021,Dívida Interna,07/2021,2021,1856.0,184876.16,99.61,Vencimento (estoque Mercado — última posição)
TDAD07J235,TDA,01/10/2019,Dívida Interna,09/2019,2019,538.0,54639.28,101.56,Vencimento (estoque Mercado — última posição)
TDAD07L410,TDA,01/12/2019,Dívida Interna,11/2019,2019,1794.0,178700.34,99.61,Vencimento (estoque Mercado — última posição)
TDAD12K231,TDA,01/11/2020,Dívida Interna,10/2020,2020,19269.0,1957345.02,101.58,Vencimento (estoque Mercado — última posição)
TDAD12K330,TDA,01/11/2020,Dívida Interna,10/2020,2020,4110.0,413466.0,100.6,Vencimento (estoque Mercado — última posição)
TDAD11D232,TDA,01/04/2020,Dívida Interna,03/2020,2020,186.0,18890.16,101.56,Vencimento (estoque Mercado — última posição)
TDAD07L235,TDA,01/12/2019,Dívida Interna,11/2019,2019,18401.0,1869173.58,101.58,Vencimento (estoque Mercado — última posição)
ECTN 0003,ECTN,01/03/2020,Dívida Interna,02/2020,2020,263811.0,1111659982.35,4213.849999999999,Vencimento (estoque Mercado — última posição)
TDAD07I334,TDA,01/09/2019,Dívida Interna,08/2019,2019,1131.0,113778.6,100.60000000000001,Vencimento (estoque Mercado — última posição)
LFT 010319,LFT,01/03/2019,Dívida Interna,02/2019,2019,6694890.0,66836035402.01,9983.141679999224,Vencimento (estoque Mercado — última posição)
TDAJ10JB17,TDA,01/10/2019,Dívida Interna,09/2019,2019,1008.0,101394.72,100.59,Vencimento (estoque Mercado — última posição)
TDAD08D409,TDA,01/04/2019,Dívida Interna,03/2019,2019,2177.0,216850.97,99.61,Vencimento (estoque Mercado — última posição)
TDAD05B237,TDA,01/02/2019,Dívida Interna,01/2019,2019,17340.0,1761050.4,101.55999999999999,Vencimento (estoque Mercado — última posição)
TDAD11E330,TDA,01/05/2019,Dívida Interna,04/2019,2019,3929.0,395218.11,100.59,Vencimento (estoque Mercado — última posição)
TDAD10E232,TDA,01/05/2019,Dívida Interna,04/2019,2019,11283.0,1145901.48,101.56,Vencimento (estoque Mercado — última posição)
TDAD10G233,TDA,01/07/2020,Dívida Interna,06/2020,2020,3109.0,315781.13,101.57000000000001,Vencimento (estoque Mercado — última posição)
TDA20110300,TDA,01/11/2020,Dívida Interna,10/2020,2020,7584.0,770382.72,101.58,Vencimento (estoque Mercado — última posição)
TDAE110637,TDA,01/06/2020,Dívida Interna,05/2020,2020,3255.0,340277.7,104.54,Vencimento (estoque Mercado — última posição)
TDAD08G334,TDA,01/07/2020,Dívida Interna,06/2020,2020,1028.0,103396.24,100.58,Vencimento (estoque Mercado — última posição)
TDAD11F232,TDA,01/06/2020,Dívida Interna,05/2020,2020,9520.0,967041.6,101.58,Vencimento (estoque Mercado — última posição)
TDAD12C230,TDA,01/03/2019,Dívida Interna,02/2019,2019,870.0,88357.2,101.56,Vencimento (estoque Mercado — última posição)
Global 2020,Global,15/01/2020,Dívida Externa,12/2019,2020,86645.0,369516664.4,4264.719999999999,Vencimento (estoque Mercado — última posição)
ECTN 9903,ECTN,01/03/2019,Dívida Interna,02/2019,2019,57772.0,265940692.16,4603.28,Vencimento (estoque Mercado — última posição)
ECTN 9904,ECTN,01/04/2019,Dívida Interna,03/2019,2019,238549.0,1081636032.27,4534.23,Vencimento (estoque Mercado — última posição)
ECTN 9906,ECTN,01/06/2019,Dívida Interna,05/2019,2019,132001.0,604051096.11,4576.11,Vencimento (estoque Mercado — última posição)
ECTN 9912,ECTN,01/12/2019,Dívida Interna,11/2019,2019,108481.0,461038825.95,4249.95,Vencimento (estoque Mercado — última posição)
TDAD07K235,TDA,01/11/2019,Dívida Interna,10/2019,2019,14754.0,1498416.24,101.56,Vencimento (estoque Mercado — última posição)
TDAD11L231,TDA,01/12/2019,Dívida Interna,11/2019,2019,38021.0,3862173.18,101.58,Vencimento (estoque Mercado — última posição)
TDA19040600,TDA,01/04/2019,Dívida Interna,03/2019,2019,60926.0,6369204.04,104.54,Vencimento (estoque Mercado — última posição)
TDAD04K238,TDA,01/11/2019,Dívida Interna,10/2019,2019,4151.0,421575.56,101.56,Vencimento (estoque Mercado — última posição)
TDAD11E231,TDA,01/05/2019,Dívida Interna,04/2019,2019,12501.0,1269601.56,101.56,Vencimento (estoque Mercado — última posição)
NTN-I 150419,NTN-I,15/04/2019,Dívida Interna,03/2019,2019,11349736.0,77293699.71,6.81017599968845,Vencimento (estoque Mercado — última posição)
TDAD08F334,TDA,01/06/2020,Dívida Interna,05/2020,2020,275.0,27665.0,100.6,Vencimento (estoque Mercado — última posição)
TDAD08A235,TDA,01/01/2020,Dívida Interna,12/2019,2020,588.0,59717.28,101.56,Vencimento (estoque Mercado — última posição)
TDAD08D333,TDA,01/04/2019,Dívida Interna,03/2019,2019,2744.0,276046.4,100.60000000000001,Vencimento (estoque Mercado — última posição)
TDAD05G237,TDA,01/07/2019,Dívida Interna,06/2019,2019,9112.0,925596.96,101.58,Vencimento (estoque Mercado — última posição)
TDAD05J412,TDA,01/10/2019,Dívida Interna,09/2019,2019,1491.0,148503.6,99.60000000000001,Vencimento (estoque Mercado — última posição)
TDAD05F237,TDA,01/06/2019,Dívida Interna,05/2019,2019,10509.0,1067294.04,101.56,Vencimento (estoque Mercado — última posição)
TDAD05F336,TDA,01/06/2019,Dívida Interna,05/2019,2019,2093.0,210534.87,100.59,Vencimento (estoque Mercado — última posição)
TDAD11G406,TDA,01/07/2019,Dívida Interna,06/2019,2019,17740.0,1767081.4,99.61,Vencimento (estoque Mercado — última posição)
ECTN 0006,ECTN,01/06/2020,Dívida Interna,05/2020,2020,99038.0,424121321.58,4282.41,Vencimento (estoque Mercado — última posição)
TDAD13F230,TDA,01/06/2020,Dívida Interna,05/2020,2020,3917.0,397888.86,101.58,Vencimento (estoque Mercado — última posição)
TDAD08H234,TDA,01/08/2019,Dívida Interna,07/2019,2019,678.0,68857.68,101.55999999999999,Vencimento (estoque Mercado — última posição)
TDAD06B411,TDA,01/02/2019,Dívida Interna,01/2019,2019,3021.0,300891.6,99.6,Vencimento (estoque Mercado — última posição)
TDAD06C236,TDA,01/03/2019,Dívida Interna,02/2019,2019,2719.0,276141.64,101.56,Vencimento (estoque Mercado — última posição)
TDAD12D405,TDA,01/04/2019,Dívida Interna,03/2019,2019,182.0,18129.02,99.61,Vencimento (estoque Mercado — última posição)
TDAD13L229,TDA,01/12/2019,Dívida Interna,11/2019,2019,11183.0,1135969.14,101.57999999999998,Vencimento (estoque Mercado — última posição)
TDAD09D233,TDA,01/04/2019,Dívida Interna,03/2019,2019,2377.0,241455.66,101.58,Vencimento (estoque Mercado — última posição)
TDAD09H332,TDA,01/08/2019,Dívida Interna,07/2019,2019,8861.0,891327.99,100.59,Vencimento (estoque Mercado — última posição)
TDAH071271,TDA,01/12/2020,Dívida Interna,11/2020,2020,3041.0,317875.73,104.52999999999999,Vencimento (estoque Mercado — última posição)
TDAD09B233,TDA,01/02/2019,Dívida Interna,01/2019,2019,116.0,11780.96,101.55999999999999,Vencimento (estoque Mercado — última posição)
TDAD06D236,TDA,01/04/2019,Dívida Interna,03/2019,2019,14447.0,1467526.26,101.58,Vencimento (estoque Mercado — última posição)
TDAD06E336,TDA,01/05/2020,Dívida Interna,04/2020,2020,5133.0,516328.47,100.58999999999999,Vencimento (estoque Mercado — última posição)
TDAE050457,TDA,01/04/2019,Dívida Interna,03/2019,2019,181.0,18921.74,104.54,Vencimento (estoque Mercado — última posição)
TDAD06B236,TDA,01/02/2019,Dívida Interna,01/2019,2019,3484.0,353835.04,101.55999999999999,Vencimento (estoque Mercado — última posição)
TDAD01J340,TDA,01/10/2019,Dívida Interna,09/2019,2019,2239.0,225221.01,100.59,Vencimento (estoque Mercado — última posição)
TDAD09J233,TDA,01/10/2019,Dívida Interna,09/2019,2019,157.0,15944.92,101.56,Vencimento (estoque Mercado — última posição)
TDAD06I335,TDA,01/09/2019,Dívida Interna,08/2019,2019,19732.0,1985039.2,100.6,Vencimento (estoque Mercado — última posição)
TDAD06G236,TDA,01/07/2019,Dívida Interna,06/2019,2019,3385.0,343848.3,101.58,Vencimento (estoque Mercado — última posição)
TDAD06F412,TDA,01/06/2020,Dívida Interna,05/2020,2020,409.0,40740.49,99.61,Vencimento (estoque Mercado — última posição)
TDAD06G335,TDA,01/07/2019,Dívida Interna,06/2019,2019,3817.0,383990.2,100.60000000000001,Vencimento (estoque Mercado — última posição)
TDAD06G412,TDA,01/07/2020,Dívida Interna,06/2020,2020,14970.0,1491012.0,99.6,Vencimento (estoque Mercado — última posição)
TDAE000277,TDA,01/02/2019,Dívida Interna,01/2019,2019,146.0,15258.46,104.50999999999999,Vencimento (estoque Mercado — última posição)
TDAD02K415,TDA,01/11/2019,Dívida Interna,10/2019,2019,738.0,73504.8,99.60000000000001,Vencimento (estoque Mercado — última posição)
TDAD03H338,TDA,01/08/2019,Dívida Interna,07/2019,2019,2710.0,272598.9,100.59,Vencimento (estoque Mercado — última posição)
TDA19040300,TDA,01/04/2019,Dívida Interna,03/2019,2019,1027.0,104322.66,101.58,Vencimento (estoque Mercado — última posição)
HSTN A806,HSTN,15/02/2019,Dívida Interna,01/2019,2019,279.0,9533602.98,34170.62,Vencimento (estoque Mercado — última posição)
TDAD06K335,TDA,01/11/2019,Dívida Interna,10/2019,2019,11490.0,1155779.1,100.59,Vencimento (estoque Mercado — última posição)
TDAD07B335,TDA,01/02/2020,Dívida Interna,01/2020,2020,5127.0,515724.93,100.59,Vencimento (estoque Mercado — última posição)
TDAD07D235,TDA,01/04/2019,Dívida Interna,03/2019,2019,1869.0,189853.02,101.58,Vencimento (estoque Mercado — última posição)
TDAE110536,TDA,01/05/2019,Dívida Interna,04/2019,2019,28158.0,2942792.58,104.51,Vencimento (estoque Mercado — última posição)
TDAE110736,TDA,01/07/2019,Dívida Interna,06/2019,2019,4048.0,423177.92,104.53999999999999,Vencimento (estoque Mercado — última posição)
TDAE120436,TDA,01/04/2020,Dívida Interna,03/2020,2020,477.0,49851.27,104.50999999999999,Vencimento (estoque Mercado — última posição)
TDAD04G337,TDA,01/07/2019,Dívida Interna,06/2019,2019,1563.0,157237.8,100.6,Vencimento (estoque Mercado — última posição)
TDAD10D232,TDA,01/04/2019,Dívida Interna,03/2019,2019,20400.0,2072232.0,101.58,Vencimento (estoque Mercado — última posição)
TDAD07D410,TDA,01/04/2019,Dívida Interna,03/2019,2019,8.0,796.88,99.61,Vencimento (estoque Mercado — última posição)
TDAD07E235,TDA,01/05/2019,Dívida Interna,04/2019,2019,6925.0,703303.0,101.56,Vencimento (estoque Mercado — última posição)
TDAE990378,TDA,01/03/2019,Dívida Interna,02/2019,2019,4699.0,491092.49,104.51,Vencimento (estoque Mercado — última posição)
TDAH090638,TDA,01/06/2019,Dívida Interna,05/2019,2019,148.0,15467.48,104.50999999999999,Vencimento (estoque Mercado — última posição)
TDAH040658,TDA,01/06/2019,Dívida Interna,05/2019,2019,217.0,22678.67,104.50999999999999,Vencimento (estoque Mercado — última posição)
ECTN 0002,ECTN,01/02/2020,Dívida Interna,01/2020,2020,162919.0,688784060.63,4227.7699999999995,Vencimento (estoque Mercado — última posição)
TDAE990978,TDA,01/09/2019,Dívida Interna,08/2019,2019,736.0,76941.44,104.54,Vencimento (estoque Mercado — última posição)
TDAJ11LA16,TDA,01/12/2019,Dívida Interna,11/2019,2019,4844.0,482510.84,99.61,Vencimento (estoque Mercado — última posição)
TDAD08D410,TDA,01/04/2020,Dívida Interna,03/2020,2020,2177.0,216829.2,99.60000000000001,Vencimento (estoque Mercado — última posição)
TDA19120600,TDA,01/12/2019,Dívida Interna,11/2019,2019,184694.0,19307910.76,104.54,Vencimento (estoque Mercado — última posição)
TDA21030300,TDA,01/03/2021,Dívida Interna,02/2021,2021,4868.0,494394.08,101.56,Vencimento (estoque Mercado — última posição)
TDAD05B238,TDA,01/02/2020,Dívida Interna,01/2020,2020,16827.0,1708950.12,101.56,Vencimento (estoque Mercado — última posição)
TDAJ12JC16,TDA,01/10/2020,Dívida Interna,09/2020,2020,23.0,2336.34,101.58000000000001,Vencimento (estoque Mercado — última posição)
TDAD06K336,TDA,01/11/2020,Dívida Interna,10/2020,2020,11490.0,1155894.0,100.6,Vencimento (estoque Mercado — última posição)
TDAD13I230,TDA,01/09/2020,Dívida Interna,08/2020,2020,515.0,52313.7,101.58,Vencimento (estoque Mercado — última posição)
TDAD01A417,TDA,01/01/2020,Dívida Interna,12/2019,2020,145.0,14442.0,99.6,Vencimento (estoque Mercado — última posição)
TDAD01L340,TDA,01/12/2019,Dívida Interna,11/2019,2019,1727.0,173736.2,100.60000000000001,Vencimento (estoque Mercado — última posição)
TDAD03E339,TDA,01/05/2020,Dívida Interna,04/2020,2020,5384.0,541576.56,100.59,Vencimento (estoque Mercado — última posição)
TDAH110137,TDA,01/01/2020,Dívida Interna,12/2019,2020,2286.0,238909.86,104.50999999999999,Vencimento (estoque Mercado — última posição)
TDAJ11IC17,TDA,01/09/2020,Dívida Interna,08/2020,2020,2863.0,290823.54,101.58,Vencimento (estoque Mercado — última posição)
HSTN A820,HSTN,15/04/2020,Dívida Interna,03/2020,2020,198.0,8396384.04,42405.979999999996,Vencimento (estoque Mercado — última posição)
TDAD08K235,TDA,01/11/2020,Dívida Interna,10/2020,2020,2873.0,291839.34,101.58000000000001,Vencimento (estoque Mercado — última posição)
TDAD07F236,TDA,01/06/2020,Dívida Interna,05/2020,2020,20593.0,2091836.94,101.58,Vencimento (estoque Mercado — última posição)
TDAD07F335,TDA,01/06/2020,Dívida Interna,05/2020,2020,10036.0,1009621.6,100.6,Vencimento (estoque Mercado — última posição)
TDAD12C232,TDA,01/03/2021,Dívida Interna,02/2021,2021,870.0,88357.2,101.56,Vencimento (estoque Mercado — última posição)
TDAD06L236,TDA,01/12/2019,Dívida Interna,11/2019,2019,10295.0,1045766.1,101.58,Vencimento (estoque Mercado — última posição)
TDAH090838,TDA,01/08/2019,Dívida Interna,07/2019,2019,676.0,70648.76,104.50999999999999,Vencimento (estoque Mercado — última posição)
NTN-I 150221,NTN-I,15/02/2021,Dívida Interna,01/2021,2021,5474959.0,56215784.02,10.26779999996347,Vencimento (estoque Mercado — última posição)
TDAD06L335,TDA,01/12/2019,Dívida Interna,11/2019,2019,2449.0,246369.4,100.6,Vencimento (estoque Mercado — última posição)
TDAD11C232,TDA,01/03/2020,Dívida Interna,02/2020,2020,473.0,48047.34,101.58,Vencimento (estoque Mercado — última posição)
TDAD09K332,TDA,01/11/2019,Dívida Interna,10/2019,2019,2813.0,282959.67,100.58999999999999,Vencimento (estoque Mercado — última posição)
TDAD05D413,TDA,01/04/2020,Dívida Interna,03/2020,2020,1104.0,109958.4,99.6,Vencimento (estoque Mercado — última posição)
TDAE020277,TDA,01/02/2021,Dívida Interna,01/2021,2021,1410.0,147401.4,104.53999999999999,Vencimento (estoque Mercado — última posição)
LTN 010420,LTN,01/04/2020,Dívida Interna,03/2020,2020,116628881.0,116597310961.45,999.7293119999154,Vencimento (estoque Mercado — última posição)
TDAD03L338,TDA,01/12/2019,Dívida Interna,11/2019,2019,12514.0,1258908.4,100.6,Vencimento (estoque Mercado — última posição)
TDAD04C414,TDA,01/03/2020,Dívida Interna,02/2020,2020,875.0,87158.75,99.61,Vencimento (estoque Mercado — última posição)
TDAD10H232,TDA,01/08/2019,Dívida Interna,07/2019,2019,532.0,54029.92,101.56,Vencimento (estoque Mercado — última posição)
TDAD10I232,TDA,01/09/2019,Dívida Interna,08/2019,2019,7.0,711.06,101.58,Vencimento (estoque Mercado — última posição)
TDAD11F231,TDA,01/06/2019,Dívida Interna,05/2019,2019,9520.0,966851.2,101.55999999999999,Vencimento (estoque Mercado — última posição)
TDAD10G331,TDA,01/07/2019,Dívida Interna,06/2019,2019,234.0,23540.4,100.60000000000001,Vencimento (estoque Mercado — última posição)
TDAJ10FC17,TDA,01/06/2019,Dívida Interna,05/2019,2019,4069.0,413247.64,101.56,Vencimento (estoque Mercado — última posição)
TDAD08C234,TDA,01/03/2019,Dívida Interna,02/2019,2019,646.0,65607.76,101.55999999999999,Vencimento (estoque Mercado — última posição)
TDAD12C329,TDA,01/03/2019,Dívida Interna,02/2019,2019,32.0,3218.88,100.59,Vencimento (estoque Mercado — última posição)
ECTN 9909,ECTN,01/09/2019,Dívida Interna,08/2019,2019,56017.0,249149611.75,4447.75,Vencimento (estoque Mercado — última posição)
TDAJ11LC16,TDA,01/12/2019,Dívida Interna,11/2019,2019,210.0,21331.8,101.58,Vencimento (estoque Mercado — última posição)
TDAD08I234,TDA,01/09/2019,Dívida Interna,08/2019,2019,7146.0,725890.68,101.58000000000001,Vencimento (estoque Mercado — última posição)
TDAD01C417,TDA,01/03/2020,Dívida Interna,01/2020,2020,347.0,34536.91,99.53000000000002,Vencimento (estoque Mercado — última posição)
TDAD05L237,TDA,01/12/2019,Dívida Interna,11/2019,2019,9496.0,964603.68,101.58,Vencimento (estoque Mercado — última posição)
TDAD05D237,TDA,01/04/2019,Dívida Interna,03/2019,2019,12921.0,1312515.18,101.58,Vencimento (estoque Mercado — última posição)
TDAD05E336,TDA,01/05/2019,Dívida Interna,04/2019,2019,714.0,71821.26,100.58999999999999,Vencimento (estoque Mercado — última posição)
TDAD07L334,TDA,01/12/2019,Dívida Interna,11/2019,2019,11809.0,1187985.4,100.6,Vencimento (estoque Mercado — última posição)
NTN-I 150619,NTN-I,15/06/2019,Dívida Interna,05/2019,2019,8240970.0,57543141.65,6.982568999765804,Vencimento (estoque Mercado — última posição)
TDAD08F234,TDA,01/06/2019,Dívida Interna,05/2019,2019,16226.0,1647912.56,101.56,Vencimento (estoque Mercado — última posição)
TDAD04H337,TDA,01/08/2019,Dívida Interna,07/2019,2019,519.0,52206.21,100.59,Vencimento (estoque Mercado — última posição)
TDAD12K329,TDA,01/11/2019,Dívida Interna,10/2019,2019,4110.0,413424.9,100.59,Vencimento (estoque Mercado — última posição)
TDAJ11AC17,TDA,01/01/2020,Dívida Interna,12/2019,2020,282.0,28639.92,101.55999999999999,Vencimento (estoque Mercado — última posição)
TDAD03L414,TDA,01/12/2019,Dívida Interna,11/2019,2019,4952.0,493268.72,99.61,Vencimento (estoque Mercado — última posição)
TDAD05C337,TDA,01/03/2020,Dívida Interna,02/2020,2020,946.0,95167.6,100.60000000000001,Vencimento (estoque Mercado — última posição)
TDA20100200,TDA,01/10/2020,Dívida Interna,09/2020,2020,5764.0,579800.76,100.59,Vencimento (estoque Mercado — última posição)
TDAD05J336,TDA,01/10/2019,Dívida Interna,09/2019,2019,929.0,93448.11,100.59,Vencimento (estoque Mercado — última posição)
TDAD12J329,TDA,01/10/2019,Dívida Interna,09/2019,2019,3579.0,360011.61,100.58999999999999,Vencimento (estoque Mercado — última posição)
TDAE020276,TDA,01/02/2020,Dívida Interna,01/2020,2020,1410.0,147359.1,104.51,Vencimento (estoque Mercado — última posição)
TDAE040758,TDA,01/07/2019,Dívida Interna,06/2019,2019,19047.0,1991173.38,104.53999999999999,Vencimento (estoque Mercado — última posição)
TDAD08B234,TDA,01/02/2019,Dívida Interna,01/2019,2019,809.0,82162.04,101.55999999999999,Vencimento (estoque Mercado — última posição)
TDAD04F413,TDA,01/06/2019,Dívida Interna,05/2019,2019,14759.0,1469996.4,99.6,Vencimento (estoque Mercado — última posição)
TDAD08E334,TDA,01/05/2020,Dívida Interna,04/2020,2020,6176.0,621243.84,100.58999999999999,Vencimento (estoque Mercado — última posição)
TDA19070300,TDA,01/07/2019,Dívida Interna,06/2019,2019,15851.0,1610144.58,101.58,Vencimento (estoque Mercado — última posição)
TDAE090838,TDA,01/08/2019,Dívida Interna,07/2019,2019,52409.0,5477264.59,104.50999999999999,Vencimento (estoque Mercado — última posição)
TDAD06C335,TDA,01/03/2019,Dívida Interna,02/2019,2019,9394.0,944942.46,100.58999999999999,Vencimento (estoque Mercado — última posição)
TDAD12H230,TDA,01/08/2019,Dívida Interna,07/2019,2019,14104.0,1432402.24,101.56,Vencimento (estoque Mercado — última posição)
TDAD05K237,TDA,01/11/2019,Dívida Interna,10/2019,2019,5048.0,512674.88,101.56,Vencimento (estoque Mercado — última posição)
TDAD05F412,TDA,01/06/2019,Dívida Interna,05/2019,2019,50173.0,4997230.8,99.6,Vencimento (estoque Mercado — última posição)
TDAD05L412,TDA,01/12/2019,Dívida Interna,11/2019,2019,28.0,2789.08,99.61,Vencimento (estoque Mercado — última posição)
TDAD06H336,TDA,01/08/2020,Dívida Interna,07/2020,2020,553.0,55626.27,100.58999999999999,Vencimento (estoque Mercado — última posição)
TDAJ10EB17,TDA,01/05/2019,Dívida Interna,04/2019,2019,29.0,2917.11,100.59,Vencimento (estoque Mercado — última posição)
TDAD01H340,TDA,01/08/2019,Dívida Interna,07/2019,2019,443.0,44561.37,100.59,Vencimento (estoque Mercado — última posição)
TDAD06A236,TDA,01/01/2019,Dívida Interna,12/2018,2019,8411.0,854221.16,101.56,Vencimento (estoque Mercado — última posição)
TDAD06A335,TDA,01/01/2019,Dívida Interna,12/2018,2019,9835.0,989302.65,100.59,Vencimento (estoque Mercado — última posição)
TDAE040773,TDA,01/07/2019,Dívida Interna,06/2019,2019,26883.0,2810348.82,104.53999999999999,Vencimento (estoque Mercado — última posição)
TDAE070855,TDA,01/08/2019,Dívida Interna,07/2019,2019,1108.0,115797.08,104.51,Vencimento (estoque Mercado — última posição)
LTN 010419,LTN,01/04/2019,Dívida Interna,03/2019,2019,121701511.0,121701511000.0,1000.0,Vencimento (estoque Mercado — última posição)
TDA19090300,TDA,01/09/2019,Dívida Interna,08/2019,2019,1232.0,125146.56,101.58,Vencimento (estoque Mercado — última posição)
TDAD05J238,TDA,01/10/2020,Dívida Interna,09/2020,2020,21226.0,2156137.08,101.58,Vencimento (estoque Mercado — última posição)
TDAD06E236,TDA,01/05/2019,Dívida Interna,04/2019,2019,5896.0,598797.76,101.56,Vencimento (estoque Mercado — última posição)
TDAD06E335,TDA,01/05/2019,Dívida Interna,04/2019,2019,4949.0,497819.91,100.58999999999999,Vencimento (estoque Mercado — última posição)
TDAD06H236,TDA,01/08/2019,Dívida Interna,07/2019,2019,20126.0,2043996.56,101.56,Vencimento (estoque Mercado — última posição)
TDAD03E338,TDA,01/05/2019,Dívida Interna,04/2019,2019,5384.0,541576.56,100.59,Vencimento (estoque Mercado — última posição)
TDAH121135,TDA,01/11/2019,Dívida Interna,10/2019,2019,9892.0,1033812.92,104.51,Vencimento (estoque Mercado — última posição)
TDA19070200,TDA,01/07/2019,Dívida Interna,06/2019,2019,192.0,19315.2,100.60000000000001,Vencimento (estoque Mercado — última posição)
NTN-P 010120-010104,NTN-P,01/01/2020,Dívida Interna,12/2019,2020,405583.0,1232823.06,3.03963198654776,Vencimento (estoque Mercado — última posição)
TDAE990678,TDA,01/06/2019,Dívida Interna,05/2019,2019,759.0,79323.09,104.50999999999999,Vencimento (estoque Mercado — última posição)
TDAH100537,TDA,01/05/2019,Dívida Interna,04/2019,2019,1078.0,112661.78,104.51,Vencimento (estoque Mercado — última posição)
HSTN A809,HSTN,15/05/2019,Dívida Interna,04/2019,2019,266.0,9619858.08,36164.88,Vencimento (estoque Mercado — última posição)
TDAD04E337,TDA,01/05/2019,Dívida Interna,04/2019,2019,3615.0,363632.85,100.58999999999999,Vencimento (estoque Mercado — última posição)
TDAD03E414,TDA,01/05/2019,Dívida Interna,04/2019,2019,4319.0,430172.4,99.60000000000001,Vencimento (estoque Mercado — última posição)
TDAD04C413,TDA,01/03/2019,Dívida Interna,02/2019,2019,875.0,87150.0,99.6,Vencimento (estoque Mercado — última posição)
TDAD07C236,TDA,01/03/2020,Dívida Interna,02/2020,2020,4993.0,507188.94,101.58,Vencimento (estoque Mercado — última posição)
TDAD05E337,TDA,01/05/2020,Dívida Interna,04/2020,2020,714.0,71821.26,100.58999999999999,Vencimento (estoque Mercado — última posição)
TDA19060200,TDA,01/06/2019,Dívida Interna,05/2019,2019,7925.0,797175.75,100.59,Vencimento (estoque Mercado — última posição)
TDAD07H235,TDA,01/08/2019,Dívida Interna,07/2019,2019,6061.0,615555.16,101.56,Vencimento (estoque Mercado — última posição)
TDAE991078,TDA,01/10/2019,Dívida Interna,09/2019,2019,8574.0,896068.74,104.51,Vencimento (estoque Mercado — última posição)
TDAH080954,TDA,01/09/2019,Dívida Interna,08/2019,2019,548.0,57287.92,104.53999999999999,Vencimento (estoque Mercado — última posição)
TDAH110136,TDA,01/01/2019,Dívida Interna,12/2018,2019,2286.0,238909.86,104.50999999999999,Vencimento (estoque Mercado — última posição)
TDAJ10LC17,TDA,01/12/2019,Dívida Interna,11/2019,2019,1438.0,146072.04,101.58000000000001,Vencimento (estoque Mercado — última posição)
BIRD7227-BR,BIRD7227-BR,15/01/2020,Dívida Externa,12/2019,2020,1.0,15201318.65,15201318.65,Vencimento (estoque Mercado — última posição)
BID1194/OCBR-C,BID1194,18/05/2021,Dívida Externa,04/2021,2021,1.0,76933444.5,76933444.5,Vencimento (estoque Mercado — última posição)
TDAD06K236,TDA,01/11/2019,Dívida Interna,10/2019,2019,10021.0,1017732.76,101.56,Vencimento (estoque Mercado — última posição)
HSTN A816,HSTN,15/12/2019,Dívida Interna,11/2019,2019,236.0,9342956.8,39588.8,Vencimento (estoque Mercado — última posição)
TDAD07C235,TDA,01/03/2019,Dívida Interna,02/2019,2019,4226.0,429192.56,101.56,Vencimento (estoque Mercado — última posição)
TDAE120235,TDA,01/02/2019,Dívida Interna,01/2019,2019,13264.0,1386220.64,104.50999999999999,Vencimento (estoque Mercado — última posição)
TDAD08D235,TDA,01/04/2020,Dívida Interna,03/2020,2020,8009.0,813394.04,101.56,Vencimento (estoque Mercado — última posição)
TDAJ12JC15,TDA,01/10/2019,Dívida Interna,09/2019,2019,23.0,2335.88,101.56,Vencimento (estoque Mercado — última posição)
TDAD09D234,TDA,01/04/2020,Dívida Interna,03/2020,2020,2364.0,240087.84,101.56,Vencimento (estoque Mercado — última posição)
NTN-I 150320,NTN-I,15/03/2020,Dívida Interna,02/2020,2020,7173482.0,58363191.3,8.135963999073253,Vencimento (estoque Mercado — última posição)
TDAD06L237,TDA,01/12/2020,Dívida Interna,11/2020,2020,9655.0,980754.9,101.58,Vencimento (estoque Mercado — última posição)
TDAD10J232,TDA,01/10/2019,Dívida Interna,09/2019,2019,478.0,48545.68,101.56,Vencimento (estoque Mercado — última posição)
TDAD07K334,TDA,01/11/2019,Dívida Interna,10/2019,2019,9510.0,956610.9,100.59,Vencimento (estoque Mercado — última posição)
TDAD06F237,TDA,01/06/2020,Dívida Interna,05/2020,2020,17719.0,1799896.02,101.58,Vencimento (estoque Mercado — última posição)
TDAD11G330,TDA,01/07/2019,Dívida Interna,06/2019,2019,9393.0,944935.8,100.60000000000001,Vencimento (estoque Mercado — última posição)
TDA19050200,TDA,01/05/2019,Dívida Interna,04/2019,2019,1312.0,131974.08,100.58999999999999,Vencimento (estoque Mercado — última posição)
TDAD05D412,TDA,01/04/2019,Dívida Interna,03/2019,2019,820.0,81680.2,99.61,Vencimento (estoque Mercado — última posição)
TDAE990878,TDA,01/08/2019,Dívida Interna,07/2019,2019,5073.0,530179.23,104.50999999999999,Vencimento (estoque Mercado — última posição)
TDA19060100,TDA,01/06/2019,Dívida Interna,05/2019,2019,9277.0,923989.2,99.6,Vencimento (estoque Mercado — última posição)
TDAD07H334,TDA,01/08/2019,Dívida Interna,07/2019,2019,196.0,19715.64,100.59,Vencimento (estoque Mercado — última posição)
NTN-B Principal 150519,NTN-B,15/05/2019,Dívida Interna,04/2019,2019,2576008.26,8263454268.95,3207.852395997364,Vencimento (estoque Mercado — última posição)
TDAJ12EC15,TDA,01/05/2019,Dívida Interna,04/2019,2019,2485.0,252376.6,101.56,Vencimento (estoque Mercado — última posição)
ECTN 9910,ECTN,01/10/2019,Dívida Interna,09/2019,2019,39456.0,172865021.76,4381.21,Vencimento (estoque Mercado — última posição)
TDAD09J332,TDA,01/10/2019,Dívida Interna,09/2019,2019,110.0,11064.9,100.59,Vencimento (estoque Mercado — última posição)
HSTN A812,HSTN,15/08/2019,Dívida Interna,07/2019,2019,253.0,9548080.85,37739.45,Vencimento (estoque Mercado — última posição)
HSTN A815,HSTN,15/11/2019,Dívida Interna,10/2019,2019,240.0,9343231.2,38930.13,Vencimento (estoque Mercado — última posição)
TDAD07F235,TDA,01/06/2019,Dívida Interna,05/2019,2019,20540.0,2086042.4,101.56,Vencimento (estoque Mercado — última posição)
TDAD06F411,TDA,01/06/2019,Dívida Interna,05/2019,2019,409.0,40736.4,99.60000000000001,Vencimento (estoque Mercado — última posição)
TDAD07E334,TDA,01/05/2019,Dívida Interna,04/2019,2019,247.0,24845.73,100.59,Vencimento (estoque Mercado — última posição)
TDAD07F334,TDA,01/06/2019,Dívida Interna,05/2019,2019,10036.0,1009521.24,100.59,Vencimento (estoque Mercado — última posição)
TDAJ09HB18,TDA,01/08/2019,Dívida Interna,07/2019,2019,623.0,62667.57,100.59,Vencimento (estoque Mercado — última posição)
TDAE100437,TDA,01/04/2019,Dívida Interna,03/2019,2019,12196.0,1274969.84,104.54,Vencimento (estoque Mercado — última posição)
TDAE110636,TDA,01/06/2019,Dívida Interna,05/2019,2019,3255.0,340180.05,104.50999999999999,Vencimento (estoque Mercado — última posição)
TDAD07G235,TDA,01/07/2019,Dívida Interna,06/2019,2019,5370.0,545484.6,101.58,Vencimento (estoque Mercado — última posição)
TDAE120435,TDA,01/04/2019,Dívida Interna,03/2019,2019,477.0,49865.58,104.54,Vencimento (estoque Mercado — última posição)
TDAH090938,TDA,01/09/2019,Dívida Interna,08/2019,2019,147.0,15367.38,104.53999999999999,Vencimento (estoque Mercado — última posição)
TDAD11J231,TDA,01/10/2019,Dívida Interna,09/2019,2019,605.0,61443.8,101.56,Vencimento (estoque Mercado — última posição)
TDAD08K333,TDA,01/11/2019,Dívida Interna,10/2019,2019,169.0,16999.71,100.58999999999999,Vencimento (estoque Mercado — última posição)
TDAJ11EB16,TDA,01/05/2019,Dívida Interna,04/2019,2019,10826.0,1088987.34,100.59,Vencimento (estoque Mercado — última posição)
NTN-I 150719,NTN-I,15/07/2019,Dívida Interna,06/2019,2019,9724327.0,65746515.19,6.761034999131559,Vencimento (estoque Mercado — última posição)
TDAD08E333,TDA,01/05/2019,Dívida Interna,04/2019,2019,5558.0,559079.22,100.58999999999999,Vencimento (estoque Mercado — última posição)
TDAD00I417,TDA,01/09/2019,Dívida Interna,08/2019,2019,1388.0,138258.68,99.61,Vencimento (estoque Mercado — última posição)
TDAD09C332,TDA,01/03/2019,Dívida Interna,02/2019,2019,4063.0,408697.17,100.58999999999999,Vencimento (estoque Mercado — última posição)
TDAD13F229,TDA,01/06/2019,Dívida Interna,05/2019,2019,3917.0,397810.52,101.56,Vencimento (estoque Mercado — última posição)
ECTN 9908,ECTN,01/08/2019,Dívida Interna,07/2019,2019,348672.0,1584306293.76,4543.83,Vencimento (estoque Mercado — última posição)
TDAD08E234,TDA,01/05/2019,Dívida Interna,04/2019,2019,3734.0,379225.04,101.55999999999999,Vencimento (estoque Mercado — última posição)
TDAD09H233,TDA,01/08/2019,Dívida Interna,07/2019,2019,464.0,47123.84,101.55999999999999,Vencimento (estoque Mercado — última posição)
TDAD09F233,TDA,01/06/2019,Dívida Interna,05/2019,2019,9103.0,924500.68,101.56,Vencimento (estoque Mercado — última posição)
TDA19020300,TDA,01/02/2019,Dívida Interna,01/2019,2019,13.0,1320.28,101.56,Vencimento (estoque Mercado — última posição)
TDAD10C232,TDA,01/03/2019,Dívida Interna,02/2019,2019,15570.0,1581289.2,101.56,Vencimento (estoque Mercado — última posição)
TDAE090638,TDA,01/06/2019,Dívida Interna,05/2019,2019,27638.0,2888447.38,104.50999999999999,Vencimento (estoque Mercado — última posição)
TDAD07D334,TDA,01/04/2019,Dívida Interna,03/2019,2019,5190.0,522114.0,100.6,Vencimento (estoque Mercado — última posição)
TDAE110551,TDA,01/05/2019,Dívida Interna,04/2019,2019,11231.0,1173751.81,104.51,Vencimento (estoque Mercado — última posição)
TDAH090338,TDA,01/03/2019,Dívida Interna,02/2019,2019,4170.0,435806.7,104.51,Vencimento (estoque Mercado — última posição)
TDAD08D234,TDA,01/04/2019,Dívida Interna,03/2019,2019,8026.0,815281.08,101.58,Vencimento (estoque Mercado — última posição)
TDAJ10DC17,TDA,01/04/2019,Dívida Interna,03/2019,2019,151.0,15338.58,101.58,Vencimento (estoque Mercado — última posição)
ECTN 9902,ECTN,01/02/2019,Dívida Interna,01/2019,2019,180169.0,852049829.73,4729.17,Vencimento (estoque Mercado — última posição)
TDA19010200,TDA,01/01/2019,Dívida Interna,12/2018,2019,11734.0,1180323.06,100.59,Vencimento (estoque Mercado — última posição)
TDAD05B412,TDA,01/02/2019,Dívida Interna,01/2019,2019,1583.0,157666.8,99.6,Vencimento (estoque Mercado — última posição)
TDAD12D230,TDA,01/04/2019,Dívida Interna,03/2019,2019,19313.0,1961814.54,101.58,Vencimento (estoque Mercado — última posição)
TDAD12D329,TDA,01/04/2019,Dívida Interna,03/2019,2019,3068.0,308640.8,100.6,Vencimento (estoque Mercado — última posição)
TDA19030100,TDA,01/03/2019,Dívida Interna,02/2019,2019,19232.0,1915507.2,99.6,Vencimento (estoque Mercado — última posição)
TDAD13G229,TDA,01/07/2019,Dívida Interna,06/2019,2019,329.0,33419.82,101.58,Vencimento (estoque Mercado — última posição)
TDAE071270,TDA,01/12/2019,Dívida Interna,11/2019,2019,32930.0,3442502.2,104.54,Vencimento (estoque Mercado — última posição)
TDAD01H416,TDA,01/08/2019,Dívida Interna,07/2019,2019,68.0,6772.8,99.60000000000001,Vencimento (estoque Mercado — última posição)
TDAD06D335,TDA,01/04/2019,Dívida Interna,03/2019,2019,13735.0,1381741.0,100.6,Vencimento (estoque Mercado — última posição)
TDAE020275,TDA,01/02/2019,Dívida Interna,01/2019,2019,1410.0,147359.1,104.51,Vencimento (estoque Mercado — última posição)
TDAD10A232,TDA,01/01/2019,Dívida Interna,12/2018,2019,120.0,12187.2,101.56,Vencimento (estoque Mercado — última posição)
TDAE090353,TDA,01/03/2019,Dívida Interna,02/2019,2019,30811.0,3220057.61,104.50999999999999,Vencimento (estoque Mercado — última posição)
TDAD04D413,TDA,01/04/2019,Dívida Interna,03/2019,2019,287.0,28588.07,99.61,Vencimento (estoque Mercado — última posição)
TDAD07G410,TDA,01/07/2019,Dívida Interna,06/2019,2019,2881.0,286976.41,99.60999999999999,Vencimento (estoque Mercado — última posição)
HSTN A808,HSTN,15/04/2019,Dívida Interna,03/2019,2019,270.0,9579737.7,35480.509999999995,Vencimento (estoque Mercado — última posição)
TDAD04C337,TDA,01/03/2019,Dívida Interna,02/2019,2019,1628.0,163760.52,100.58999999999999,Vencimento (estoque Mercado — última posição)
ECTN 9901,ECTN,01/01/2019,Dívida Interna,12/2018,2019,114408.0,545742177.12,4770.14,Vencimento (estoque Mercado — última posição)
TDAD10F232,TDA,01/06/2019,Dívida Interna,05/2019,2019,89.0,9038.84,101.56,Vencimento (estoque Mercado — última posição)
TDAD11G231,TDA,01/07/2019,Dívida Interna,06/2019,2019,39821.0,4045017.18,101.58,Vencimento (estoque Mercado — última posição)
TDAD04G238,TDA,01/07/2019,Dívida Interna,06/2019,2019,21406.0,2174421.48,101.58,Vencimento (estoque Mercado — última posição)
TDAD11C231,TDA,01/03/2019,Dívida Interna,02/2019,2019,473.0,48037.88,101.55999999999999,Vencimento (estoque Mercado — última posição)
TDAD11A231,TDA,01/01/2019,Dívida Interna,12/2018,2019,323.0,32803.88,101.55999999999999,Vencimento (estoque Mercado — última posição)
TDAD04D337,TDA,01/04/2019,Dívida Interna,03/2019,2019,5807.0,584184.2,100.6,Vencimento (estoque Mercado — última posição)
TDAE050757,TDA,01/07/2019,Dívida Interna,06/2019,2019,244.0,25507.76,104.53999999999999,Vencimento (estoque Mercado — última posição)
TDAD08G234,TDA,01/07/2019,Dívida Interna,06/2019,2019,11931.0,1211950.98,101.58,Vencimento (estoque Mercado — última posição)
TDAD08F333,TDA,01/06/2019,Dívida Interna,05/2019,2019,321.0,32289.39,100.59,Vencimento (estoque Mercado — última posição)
NTN-I 150919,NTN-I,15/09/2019,Dívida Interna,08/2019,2019,7765972.0,57058196.07,7.347205999455059,Vencimento (estoque Mercado — última posição)
LTN 010719,LTN,01/07/2019,Dívida Interna,06/2019,2019,46596952.0,46596952000.0,1000.0,Vencimento (estoque Mercado — última posição)
TDAD07B334,TDA,01/02/2019,Dívida Interna,01/2019,2019,5160.0,519044.4,100.59,Vencimento (estoque Mercado — última posição)
TDAJ10GC17,TDA,01/07/2019,Dívida Interna,06/2019,2019,2556.0,259638.48,101.58,Vencimento (estoque Mercado — última posição)
TDAD02K339,TDA,01/11/2019,Dívida Interna,10/2019,2019,1222.0,122920.98,100.59,Vencimento (estoque Mercado — última posição)
TDAD13I229,TDA,01/09/2019,Dívida Interna,08/2019,2019,515.0,52313.7,101.58,Vencimento (estoque Mercado — última posição)
TDAJ10BC17,TDA,01/02/2019,Dívida Interna,01/2019,2019,1394.0,141574.64,101.56000000000002,Vencimento (estoque Mercado — última posição)
TDAD08A234,TDA,01/01/2019,Dívida Interna,12/2018,2019,588.0,59717.28,101.56,Vencimento (estoque Mercado — última posição)
TDAD05C336,TDA,01/03/2019,Dívida Interna,02/2019,2019,946.0,95158.14,100.59,Vencimento (estoque Mercado — última posição)
TDAD05D336,TDA,01/04/2019,Dívida Interna,03/2019,2019,7460.0,750476.0,100.6,Vencimento (estoque Mercado — última posição)
TDAD09C233,TDA,01/03/2019,Dívida Interna,02/2019,2019,21395.0,2172876.2,101.56,Vencimento (estoque Mercado — última posição)
TDAD01D340,TDA,01/04/2019,Dívida Interna,03/2019,2019,2503.0,251801.8,100.6,Vencimento (estoque Mercado — última posição)
ECTN 9905,ECTN,01/05/2019,Dívida Interna,04/2019,2019,117695.0,534562451.35,4541.93,Vencimento (estoque Mercado — última posição)
NTN-I 150319,NTN-I,15/03/2019,Dívida Interna,02/2019,2019,8914144.0,58031255.72,6.510019999676918,Vencimento (estoque Mercado — última posição)
TDAJ10JC17,TDA,01/10/2019,Dívida Interna,09/2019,2019,1418.0,144012.08,101.55999999999999,Vencimento (estoque Mercado — última posição)
NTN-I 150219,NTN-I,15/02/2019,Dívida Interna,01/2019,2019,9691217.0,62496749.26,6.448802999664541,Vencimento (estoque Mercado — última posição)
TDAH090353,TDA,01/03/2019,Dívida Interna,02/2019,2019,1026.0,107227.26,104.50999999999999,Vencimento (estoque Mercado — última posição)
TDAD10C407,TDA,01/03/2019,Dívida Interna,02/2019,2019,5601.0,557859.6,99.6,Vencimento (estoque Mercado — última posição)
TDAD01B340,TDA,01/02/2019,Dívida Interna,01/2019,2019,2822.0,283864.98,100.58999999999999,Vencimento (estoque Mercado — última posição)
TDAD01C416,TDA,01/03/2019,Dívida Interna,02/2019,2019,347.0,34561.2,99.6,Vencimento (estoque Mercado — última posição)
TDAE100337,TDA,01/03/2019,Dívida Interna,02/2019,2019,12236.0,1278784.36,104.51,Vencimento (estoque Mercado — última posição)
LTN 010119,LTN,01/01/2019,Dívida Interna,12/2018,2019,109255623.79,109202964850.61,999.5180207886486,Vencimento (estoque Mercado — última posição)
TDAD05B336,TDA,01/02/2019,Dívida Interna,01/2019,2019,8977.0,902996.43,100.59,Vencimento (estoque Mercado — última posição)
HSTN A805,HSTN,15/01/2019,Dívida Interna,12/2018,2019,284.0,9635168.6,33926.65,Vencimento (estoque Mercado — última posição)
TDAD07B235,TDA,01/02/2019,Dívida Interna,01/2019,2019,24504.0,2488626.24,101.56,Vencimento (estoque Mercado — última posição)
TDAE120250,TDA,01/02/2019,Dívida Interna,01/2019,2019,10680.0,1116166.8,104.51,Vencimento (estoque Mercado — última posição)
TDAE100352,TDA,01/03/2019,Dívida Interna,02/2019,2019,1983.0,207243.33,104.50999999999999,Vencimento (estoque Mercado — última posição)
NTN-F 010119,NTN-F,01/01/2019,Dívida Interna,12/2018,2019,11168201.0,11708420585.75,1048.3712269997648,Vencimento (estoque Mercado — última posição)
TDAJ09CC18,TDA,01/03/2019,Dívida Interna,02/2019,2019,2088.0,212057.28,101.56,Vencimento (estoque Mercado — última posição)
TDAD12A230,TDA,01/01/2019,Dívida Interna,12/2018,2019,503.0,51084.68,101.56,Vencimento (estoque Mercado — última posição)
TDAD03C338,TDA,01/03/2019,Dívida Interna,02/2019,2019,4935.0,496411.65,100.59,Vencimento (estoque Mercado — última posição)
TDAD10B232,TDA,01/02/2019,Dívida Interna,01/2019,2019,44.0,4468.64,101.56,Vencimento (estoque Mercado — última posição)
TDAE990178,TDA,01/01/2019,Dívida Interna,12/2018,2019,8774.0,916970.74,104.51,Vencimento (estoque Mercado — última posição)
TDAE990278,TDA,01/02/2019,Dívida Interna,01/2019,2019,4972.0,519623.72,104.50999999999999,Vencimento (estoque Mercado — última posição)
TDAD09B332,TDA,01/02/2019,Dívida Interna,01/2019,2019,478.0,48082.02,100.58999999999999,Vencimento (estoque Mercado — última posição)
NTN-I 150119,NTN-I,15/01/2019,Dívida Interna,12/2018,2019,9936679.0,66651367.42,6.707609999276419,Vencimento (estoque Mercado — última posição)
TDAJ11AC16,TDA,01/01/2019,Dívida Interna,12/2018,2019,282.0,28639.92,101.55999999999999,Vencimento (estoque Mercado — última posição)
TDAD01A416,TDA,01/01/2019,Dívida Interna,12/2018,2019,151.0,15039.6,99.60000000000001,Vencimento (estoque Mercado — última posição)
TDAD02A415,TDA,01/01/2019,Dívida Interna,12/2018,2019,24643.0,2454442.8,99.6,Vencimento (estoque Mercado — última posição)
TDAD02A339,TDA,01/01/2019,Dívida Interna,12/2018,2019,1537.0,154606.83,100.58999999999999,Vencimento (estoque Mercado — última posição)
