Titulo,Familia,Vencimento,Tipo_Divida,Tipo_Resgate,Quantidade,Valor_R$,Ano,Valor_R$_bi
NTN-B,NTN-B,15/08/2024,Dívida Interna,Compra antecipada (leilão),2066250.0,7607492808.2300005,2020,7.607492808230001
NTN-B,NTN-B,15/08/2028,Dívida Interna,Compra antecipada (leilão),1215000.0,4674049535.95,2020,4.67404953595
NTN-B,NTN-B,15/05/2025,Dívida Interna,Compra antecipada (leilão),1148500.0,4322880413.429999,2020,4.322880413429999
NTN-F,NTN-F,01/01/2027,Dívida Interna,Compra antecipada (leilão),3883500.0,4219344324.9300003,2020,4.219344324930001
NTN-B,NTN-B,15/08/2026,Dívida Interna,Compra antecipada (leilão),902150.0,3350215985.26,2020,3.35021598526
NTN-B,NTN-B,15/08/2050,Dívida Interna,Compra antecipada (leilão),616850.0,2536187171.63,2020,2.53618717163
NTN-B,NTN-B,15/05/2045,Dívida Interna,Compra antecipada (leilão),358450.0,1458608584.5,2020,1.4586085845
NTN-F,NTN-F,01/01/2025,Dívida Interna,Compra antecipada (leilão),1164850.0,1262930010.1399999,2020,1.2629300101399998
NTN-B,NTN-B,15/05/2035,Dívida Interna,Compra antecipada (leilão),287500.0,1172340126.8,2020,1.1723401268
NTN-B,NTN-B,15/08/2022,Dívida Interna,Compra antecipada (leilão),285000.0,1004158211.4399999,2020,1.0041582114399998
NTN-B,NTN-B,15/08/2030,Dívida Interna,Compra antecipada (leilão),256250.0,981292975.3000001,2020,0.9812929753
LTN,LTN,01/07/2023,Dívida Interna,Compra antecipada (leilão),1210000.0,952656430.75,2020,0.95265643075
NTN-F,NTN-F,01/01/2029,Dívida Interna,Compra antecipada (leilão),793400.0,895253489.36,2020,0.89525348936
NTN-F,NTN-F,01/01/2023,Dívida Interna,Compra antecipada (leilão),600000.0,655865548.2,2020,0.6558655482000001
NTN-B,NTN-B,15/05/2055,Dívida Interna,Compra antecipada (leilão),66500.0,282504991.01,2020,0.28250499101
NTN-F,NTN-F,01/01/2031,Dívida Interna,Compra antecipada (leilão),178550.0,185803978.45,2020,0.18580397845
LFT,LFT,01/03/2022,Dívida Interna,Troca (leilão),3143650.0,33854316422.25,2021,33.85431642225
LTN,LTN,01/04/2022,Dívida Interna,Troca (leilão),17648000.0,16793641617.57,2021,16.79364161757
LFT,LFT,01/09/2023,Dívida Interna,Troca (leilão),753000.0,8095383388.679999,2021,8.09538338868
NTN-F,NTN-F,01/01/2025,Dívida Interna,Troca (leilão),4300000.0,4695686852.1,2021,4.695686852100001
LFT,LFT,01/03/2027,Dívida Interna,Troca (leilão),417750.0,4416396177.139999,2021,4.416396177139999
LTN,LTN,01/07/2024,Dívida Interna,Troca (leilão),500000.0,393384238.5,2021,0.3933842385
LTN 010421,LTN,01/04/2021,Dívida Interna,Vencimento,283547580.0,283511892134.48,2021,283.51189213448
LFT 010322,LFT,01/03/2022,Dívida Interna,Vencimento,23577623.0,268889685094.07,2022,268.88968509407
LTN 011021,LTN,01/10/2021,Dívida Interna,Vencimento,267708017.0,267673207997.38,2021,267.67320799738
LFT 010921,LFT,01/09/2021,Dívida Interna,Vencimento,21310802.0,234025387940.5,2021,234.0253879405
LTN 010720,LTN,01/07/2020,Dívida Interna,Vencimento,182074677.0,181999643661.45,2020,181.99964366145002
LFT 010922,LFT,01/09/2022,Dívida Interna,Vencimento,15022646.0,181799263373.43,2022,181.79926337343
NTN-B 150822,NTN-B,15/08/2022,Dívida Interna,Vencimento,42321739.0,173279573113.57,2022,173.27957311357
LFT 010321,LFT,01/03/2021,Dívida Interna,Vencimento,12821001.81,138354889650.61,2021,138.35488965060998
LTN 010422,LTN,01/04/2022,Dívida Interna,Vencimento,126205950.0,126182585744.88,2022,126.18258574488
LTN 010419,LTN,01/04/2019,Dívida Interna,Vencimento,121701511.0,121701511000.0,2019,121.701511
LTN 010420,LTN,01/04/2020,Dívida Interna,Vencimento,116628881.0,116597310961.45,2020,116.59731096144999
LTN 010122,LTN,01/01/2022,Dívida Interna,Vencimento,115662411.93,115628356713.72,2022,115.62835671372
LTN 010722,LTN,01/07/2022,Dívida Interna,Vencimento,110946026.0,110912457282.8,2022,110.9124572828
LTN 010119,LTN,01/01/2019,Dívida Interna,Vencimento,109255623.79,109202964850.61,2019,109.20296485061
LTN 011019,LTN,01/10/2019,Dívida Interna,Vencimento,106790750.0,106758383645.9,2019,106.7583836459
LTN 011022,LTN,01/10/2022,Dívida Interna,Vencimento,105841709.0,105817398535.38,2022,105.81739853538001
NTN-F 010121,NTN-F,01/01/2021,Dívida Interna,Vencimento,99710849.67,104528636235.5,2021,104.5286362355
LFT 010320,LFT,01/03/2020,Dívida Interna,Vencimento,9749249.0,102778594510.79,2020,102.77859451078999
LTN 011020,LTN,01/10/2020,Dívida Interna,Vencimento,92136971.0,92116255844.81,2020,92.11625584481
LTN 010120,LTN,01/01/2020,Dívida Interna,Vencimento,91717785.21,91671689719.28,2020,91.67168971928
LTN 010721,LTN,01/07/2021,Dívida Interna,Vencimento,87745152.0,87713647805.13,2021,87.71364780513001
NTN-B 150521,NTN-B,15/05/2021,Dívida Interna,Vencimento,22074104.0,79785904445.38,2021,79.78590444538
NTN-B 150519,NTN-B,15/05/2019,Dívida Interna,Vencimento,22812535.0,75345716695.6,2019,75.3457166956
LFT 010920,LFT,01/09/2020,Dívida Interna,Vencimento,6743327.0,72103598377.81,2020,72.10359837781
LFT 010319,LFT,01/03/2019,Dívida Interna,Vencimento,6694890.0,66836035402.01,2019,66.83603540201
NTN-B 150820,NTN-B,15/08/2020,Dívida Interna,Vencimento,18730588.48,63557340083.03,2020,63.55734008303
NTN-C 010421,NTN-C,01/04/2021,Dívida Interna,Vencimento,8276956.64,46870147190.4,2021,46.870147190400004
LTN 010719,LTN,01/07/2019,Dívida Interna,Vencimento,46596952.0,46596952000.0,2019,46.596952
Global 2021,Global,22/01/2021,Dívida Externa,Vencimento,2713192.0,14405747187.84,2021,14.40574718784
NTN-F 010119,NTN-F,01/01/2019,Dívida Interna,Vencimento,11168201.0,11708420585.75,2019,11.70842058575
NTN-B Principal 150519,NTN-B,15/05/2019,Dívida Interna,Vencimento,2576008.26,8263454268.95,2019,8.26345426895
Euro 2021,Euro,01/04/2021,Dívida Externa,Vencimento,1000000.0,6883250000.0,2021,6.88325
Global 2019,Global,14/10/2019,Dívida Externa,Vencimento,639043.0,2769752951.46,2019,2.76975295146
Global BRL 2022,Global,05/01/2022,Dívida Externa,Vencimento,2216399.0,2350956583.29,2022,2.35095658329
ECTN 9908,ECTN,01/08/2019,Dívida Interna,Vencimento,348672.0,1584306293.76,2019,1.58430629376
ECTN 0007,ECTN,01/07/2020,Dívida Interna,Vencimento,309935.0,1335351848.15,2020,1.3353518481500002
ECTN 0012,ECTN,01/12/2020,Dívida Interna,Vencimento,271718.0,1290905046.2,2020,1.2909050462
LTN 010121,LTN,01/01/2021,Dívida Interna,Vencimento,1117620.95,1117128820.14,2021,1.11712882014
ECTN 0003,ECTN,01/03/2020,Dívida Interna,Vencimento,263811.0,1111659982.35,2020,1.11165998235
ECTN 0210,ECTN,01/10/2022,Dívida Interna,Vencimento,222245.0,1091671884.9,2022,1.0916718849
ECTN 9904,ECTN,01/04/2019,Dívida Interna,Vencimento,238549.0,1081636032.27,2019,1.08163603227
ECTN 0211,ECTN,01/11/2022,Dívida Interna,Vencimento,183645.0,859989334.05,2022,0.85998933405
ECTN 9902,ECTN,01/02/2019,Dívida Interna,Vencimento,180169.0,852049829.73,2019,0.85204982973
ECTN 0112,ECTN,01/12/2021,Dívida Interna,Vencimento,157189.0,795137412.72,2021,0.79513741272
ECTN 0107,ECTN,01/07/2021,Dívida Interna,Vencimento,145141.0,763736296.23,2021,0.7637362962300001
ECTN 0002,ECTN,01/02/2020,Dívida Interna,Vencimento,162919.0,688784060.63,2020,0.68878406063
ECTN 0207,ECTN,01/07/2022,Dívida Interna,Vencimento,121293.0,645361239.24,2022,0.64536123924
ECTN 9906,ECTN,01/06/2019,Dívida Interna,Vencimento,132001.0,604051096.11,2019,0.60405109611
ECTN 0111,ECTN,01/11/2021,Dívida Interna,Vencimento,112701.0,576374327.19,2021,0.57637432719
ECTN 9901,ECTN,01/01/2019,Dívida Interna,Vencimento,114408.0,545742177.12,2019,0.54574217712
ECTN 9905,ECTN,01/05/2019,Dívida Interna,Vencimento,117695.0,534562451.35,2019,0.53456245135
ECTN 0004,ECTN,01/04/2020,Dívida Interna,Vencimento,118326.0,503599005.78,2020,0.5035990057799999
ECTN 9912,ECTN,01/12/2019,Dívida Interna,Vencimento,108481.0,461038825.95,2019,0.46103882595
ECTN 9907,ECTN,01/07/2019,Dívida Interna,Vencimento,93120.0,428113612.8,2019,0.4281136128
ECTN 0006,ECTN,01/06/2020,Dívida Interna,Vencimento,99038.0,424121321.58,2020,0.42412132158
ECTN 0001,ECTN,01/01/2020,Dívida Interna,Vencimento,90353.0,384680608.09,2020,0.38468060809
Global 2020,Global,15/01/2020,Dívida Externa,Vencimento,86645.0,369516664.4,2020,0.3695166644
ECTN 0106,ECTN,01/06/2021,Dívida Interna,Vencimento,60813.0,320853644.91,2021,0.32085364491
ECTN 0010,ECTN,01/10/2020,Dívida Interna,Vencimento,66024.0,296092550.88,2020,0.29609255087999997
ECTN 0212,ECTN,01/12/2022,Dívida Interna,Vencimento,66744.0,295419623.04,2022,0.29541962304
ECTN 0201,ECTN,01/01/2022,Dívida Interna,Vencimento,57515.0,292742722.75,2022,0.29274272275
ESTI980815,ESTI980815,15/01/2022,Dívida Interna,Vencimento,328662.0,284923661.04,2022,0.28492366104
ECTN 0206,ECTN,01/06/2022,Dívida Interna,Vencimento,51918.0,278872864.38,2022,0.27887286438
ECTN 9903,ECTN,01/03/2019,Dívida Interna,Vencimento,57772.0,265940692.16,2019,0.26594069216
ECTN 9909,ECTN,01/09/2019,Dívida Interna,Vencimento,56017.0,249149611.75,2019,0.24914961175
ECTN 0101,ECTN,01/01/2021,Dívida Interna,Vencimento,49748.0,237297960.0,2021,0.23729796
ECTN 0011,ECTN,01/11/2020,Dívida Interna,Vencimento,45654.0,210714210.84,2020,0.21071421084
ECTN 0203,ECTN,01/03/2022,Dívida Interna,Vencimento,35670.0,187459047.9,2022,0.1874590479
ECTN 9910,ECTN,01/10/2019,Dívida Interna,Vencimento,39456.0,172865021.76,2019,0.17286502176
ECTN 0103,ECTN,01/03/2021,Dívida Interna,Vencimento,30247.0,150428010.04,2021,0.15042801004
ECTN 0209,ECTN,01/09/2022,Dívida Interna,Vencimento,28635.0,145390489.95,2022,0.14539048994999998
NTN-P 010121-010105,NTN-P,01/01/2021,Dívida Interna,Vencimento,38438914.0,114750536.79,2021,0.11475053679000001
ECTN 0005,ECTN,01/05/2020,Dívida Interna,Vencimento,25448.0,108937798.4,2020,0.10893779840000001
ECTN 0202,ECTN,01/02/2022,Dívida Interna,Vencimento,19626.0,101312355.9,2022,0.10131235590000001
ECTN 0208,ECTN,01/08/2022,Dívida Interna,Vencimento,18980.0,99308484.6,2022,0.0993084846
ECTN 0009,ECTN,01/09/2020,Dívida Interna,Vencimento,21093.0,91757081.16,2020,0.09175708115999999
NTN-I 150420,NTN-I,15/04/2020,Dívida Interna,Vencimento,9249087.0,86565775.38,2020,0.08656577538
NTN-I 150520,NTN-I,15/05/2020,Dívida Interna,Vencimento,8247158.0,81470861.6,2020,0.0814708616
NTN-I 151020,NTN-I,15/10/2020,Dívida Interna,Vencimento,7776029.0,81441306.6,2020,0.0814413066
NTN-I 150421,NTN-I,15/04/2021,Dívida Interna,Vencimento,7252619.0,78853643.16,2021,0.07885364316
NTN-I 150419,NTN-I,15/04/2019,Dívida Interna,Vencimento,11349736.0,77293699.71,2019,0.07729369971
BID1194/OCBR-C,BID1194,18/05/2021,Dívida Externa,Vencimento,1.0,76933444.5,2021,0.0769334445
NTN-I 151019,NTN-I,15/10/2019,Dívida Interna,Vencimento,10192047.0,75449043.43,2019,0.07544904343
NTN-I 150720,NTN-I,15/07/2020,Dívida Interna,Vencimento,7468734.0,74622959.51,2020,0.07462295951
ECTN 0105,ECTN,01/05/2021,Dívida Interna,Vencimento,14573.0,74559985.63,2021,0.07455998562999999
NTN-I 151120,NTN-I,15/11/2020,Dívida Interna,Vencimento,6587277.0,70658051.26,2020,0.07065805126000001
NTN-I 150519,NTN-I,15/05/2019,Dívida Interna,Vencimento,9998053.0,68999843.11,2019,0.06899984311
NTN-I 151021,NTN-I,15/10/2021,Dívida Interna,Vencimento,6479307.0,67373168.92,2021,0.06737316892
NTN-I 150119,NTN-I,15/01/2019,Dívida Interna,Vencimento,9936679.0,66651367.42,2019,0.06665136742
NTN-I 150121,NTN-I,15/01/2021,Dívida Interna,Vencimento,6846871.0,66520124.74,2021,0.06652012474
NTN-I 150521,NTN-I,15/05/2021,Dívida Interna,Vencimento,6542900.0,66417370.47,2021,0.06641737047
NTN-I 151119,NTN-I,15/11/2019,Dívida Interna,Vencimento,9192117.0,65958651.4,2019,0.0659586514
NTN-I 150719,NTN-I,15/07/2019,Dívida Interna,Vencimento,9724327.0,65746515.19,2019,0.06574651519
NTN-I 151121,NTN-I,15/11/2021,Dívida Interna,Vencimento,6003053.0,65212845.59,2021,0.06521284559
NTN-I 150920,NTN-I,15/09/2020,Dívida Interna,Vencimento,6382251.0,64466574.85,2020,0.06446657485
NTN-I 150122,NTN-I,15/01/2022,Dívida Interna,Vencimento,5868484.0,63408764.22,2022,0.06340876422
NTN-I 150921,NTN-I,15/09/2021,Dívida Interna,Vencimento,6357642.0,63217213.22,2021,0.06321721322
ECTN 0205,ECTN,01/05/2022,Dívida Interna,Vencimento,11649.0,62767724.25,2022,0.06276772425
NTN-I 150219,NTN-I,15/02/2019,Dívida Interna,Vencimento,9691217.0,62496749.26,2019,0.06249674926
NTN-I 150321,NTN-I,15/03/2021,Dívida Interna,Vencimento,5993306.0,62322884.77,2021,0.06232288477
NTN-I 150322,NTN-I,15/03/2022,Dívida Interna,Vencimento,6223719.0,62277849.55,2022,0.06227784955
NTN-I 150620,NTN-I,15/06/2020,Dívida Interna,Vencimento,6224314.0,61670702.29,2020,0.06167070229
ECTN 0108,ECTN,01/08/2021,Dívida Interna,Vencimento,11788.0,61618823.0,2021,0.061618823
NTN-I 150120,NTN-I,15/01/2020,Dívida Interna,Vencimento,8341856.0,60436696.66,2020,0.06043669666
NTN-I 150819,NTN-I,15/08/2019,Dívida Interna,Vencimento,8922808.0,59823198.22,2019,0.05982319822
NTN-I 150820,NTN-I,15/08/2020,Dívida Interna,Vencimento,6260914.0,59773628.39,2020,0.05977362839
NTN-I 150320,NTN-I,15/03/2020,Dívida Interna,Vencimento,7173482.0,58363191.3,2020,0.0583631913
NTN-I 150319,NTN-I,15/03/2019,Dívida Interna,Vencimento,8914144.0,58031255.72,2019,0.05803125572
NTN-I 151220,NTN-I,15/12/2020,Dívida Interna,Vencimento,5818202.0,58011453.59,2020,0.058011453590000005
NTN-I 150922,NTN-I,15/09/2022,Dívida Interna,Vencimento,5785622.0,58003342.58,2022,0.05800334258
NTN-I 150619,NTN-I,15/06/2019,Dívida Interna,Vencimento,8240970.0,57543141.65,2019,0.05754314165
NTN-I 150721,NTN-I,15/07/2021,Dívida Interna,Vencimento,6095894.0,57357699.18,2021,0.05735769918
NTN-I 150919,NTN-I,15/09/2019,Dívida Interna,Vencimento,7765972.0,57058196.07,2019,0.05705819607
NTN-I 150220,NTN-I,15/02/2020,Dívida Interna,Vencimento,7378143.0,56541513.5,2020,0.0565415135
NTN-I 151022,NTN-I,15/10/2022,Dívida Interna,Vencimento,5271835.0,56452469.8,2022,0.056452469799999995
NTN-I 150221,NTN-I,15/02/2021,Dívida Interna,Vencimento,5474959.0,56215784.02,2021,0.056215784020000006
NTN-I 151219,NTN-I,15/12/2019,Dívida Interna,Vencimento,7393849.0,55964641.98,2019,0.05596464197999999
NTN-I 150722,NTN-I,15/07/2022,Dívida Interna,Vencimento,5386207.0,55445016.98,2022,0.05544501698
NTN-I 150422,NTN-I,15/04/2022,Dívida Interna,Vencimento,5877569.0,54517585.21,2022,0.054517585210000004
NTN-I 151221,NTN-I,15/12/2021,Dívida Interna,Vencimento,5009766.0,54275248.75,2021,0.05427524875
NTN-I 150621,NTN-I,15/06/2021,Dívida Interna,Vencimento,5449746.0,54057856.23,2021,0.05405785623
NTN-I 151122,NTN-I,15/11/2022,Dívida Interna,Vencimento,4985763.0,53082077.49,2022,0.053082077490000004
NTN-I 150522,NTN-I,15/05/2022,Dívida Interna,Vencimento,5507977.0,53059642.32,2022,0.05305964232
NTN-I 150821,NTN-I,15/08/2021,Dívida Interna,Vencimento,5324316.0,52040806.98,2021,0.05204080698
ECTN 0204,ECTN,01/04/2022,Dívida Interna,Vencimento,9683.0,51709543.92,2022,0.05170954392
NTN-I 150222,NTN-I,15/02/2022,Dívida Interna,Vencimento,4918639.0,51530367.41,2022,0.05153036741
ECTN 0104,ECTN,01/04/2021,Dívida Interna,Vencimento,10098.0,51383168.1,2021,0.0513831681
NTN-I 150822,NTN-I,15/08/2022,Dívida Interna,Vencimento,4684388.0,48003514.3,2022,0.048003514299999994
NTN-I 151222,NTN-I,15/12/2022,Dívida Interna,Vencimento,4386680.0,46500799.55,2022,0.04650079955
ECTN 9911,ECTN,01/11/2019,Dívida Interna,Vencimento,10056.0,43601810.4,2019,0.043601810399999996
NTN-I 150622,NTN-I,15/06/2022,Dívida Interna,Vencimento,4512063.0,41840901.64,2022,0.04184090164
ECTN 0008,ECTN,01/08/2020,Dívida Interna,Vencimento,9556.0,41429464.64,2020,0.041429464640000004
ECTN 0110,ECTN,01/10/2021,Dívida Interna,Vencimento,6664.0,34263222.56,2021,0.03426322256
TDA19100600,TDA,01/10/2019,Dívida Interna,Vencimento,237947.0,24867840.97,2019,0.02486784097
ECTN 0109,ECTN,01/09/2021,Dívida Interna,Vencimento,4650.0,24125176.5,2021,0.0241251765
TDA19120600,TDA,01/12/2019,Dívida Interna,Vencimento,184694.0,19307910.76,2019,0.01930791076
TDA20120600,TDA,01/12/2020,Dívida Interna,Vencimento,173392.0,18124665.76,2020,0.018124665760000002
TDA19070600,TDA,01/07/2019,Dívida Interna,Vencimento,160103.0,16737167.62,2019,0.01673716762
BIRD7227-BR,BIRD7227-BR,15/01/2020,Dívida Externa,Vencimento,1.0,15201318.65,2020,0.01520131865
ECTN 0102,ECTN,01/02/2021,Dívida Interna,Vencimento,2160.0,10502179.2,2021,0.0105021792
HCFTE51001,HCFTE51001,01/03/2022,Dívida Interna,Vencimento,237543.0,10501776.03,2022,0.01050177603
TDA20030600,TDA,01/03/2020,Dívida Interna,Vencimento,96709.0,10109958.86,2020,0.010109958859999999
TDA19030600,TDA,01/03/2019,Dívida Interna,Vencimento,96709.0,10107057.59,2019,0.01010705759
TDA21030600,TDA,01/03/2021,Dívida Interna,Vencimento,96711.0,10105332.39,2021,0.010105332390000001
HSTN A805,HSTN,15/01/2019,Dívida Interna,Vencimento,284.0,9635168.6,2019,0.009635168599999999
HSTN A809,HSTN,15/05/2019,Dívida Interna,Vencimento,266.0,9619858.08,2019,0.00961985808
HSTN A810,HSTN,15/06/2019,Dívida Interna,Vencimento,261.0,9586973.7,2019,0.0095869737
HSTN A811,HSTN,15/07/2019,Dívida Interna,Vencimento,257.0,9582414.62,2019,0.009582414619999998
HSTN A808,HSTN,15/04/2019,Dívida Interna,Vencimento,270.0,9579737.7,2019,0.009579737699999999
HSTN A807,HSTN,15/03/2019,Dívida Interna,Vencimento,275.0,9552774.0,2019,0.009552774
HSTN A812,HSTN,15/08/2019,Dívida Interna,Vencimento,253.0,9548080.85,2019,0.00954808085
HSTN A806,HSTN,15/02/2019,Dívida Interna,Vencimento,279.0,9533602.98,2019,0.00953360298
HSTN A813,HSTN,15/09/2019,Dívida Interna,Vencimento,248.0,9427330.64,2019,0.00942733064
HSTN A818,HSTN,15/02/2020,Dívida Interna,Vencimento,228.0,9398531.64,2020,0.00939853164
HSTN A817,HSTN,15/01/2020,Dívida Interna,Vencimento,232.0,9394420.08,2020,0.00939442008
HSTN A814,HSTN,15/10/2019,Dívida Interna,Vencimento,244.0,9359556.96,2019,0.009359556960000001
HSTN A815,HSTN,15/11/2019,Dívida Interna,Vencimento,240.0,9343231.2,2019,0.0093432312
HSTN A816,HSTN,15/12/2019,Dívida Interna,Vencimento,236.0,9342956.8,2019,0.009342956800000001
HSTN A819,HSTN,15/03/2020,Dívida Interna,Vencimento,224.0,9330191.36,2020,0.00933019136
HSTN A820,HSTN,15/04/2020,Dívida Interna,Vencimento,198.0,8396384.04,2020,0.00839638404
TDA19040600,TDA,01/04/2019,Dívida Interna,Vencimento,60926.0,6369204.04,2019,0.00636920404
TDAE090838,TDA,01/08/2019,Dívida Interna,Vencimento,52409.0,5477264.59,2019,0.00547726459
TDA20120300,TDA,01/12/2020,Dívida Interna,Vencimento,53070.0,5390850.6,2020,0.005390850599999999
TDAD05H238,TDA,01/08/2020,Dívida Interna,Vencimento,52949.0,5378029.93,2020,0.00537802993
TDAD05H237,TDA,01/08/2019,Dívida Interna,Vencimento,52913.0,5373844.28,2019,0.005373844280000001
TDA22120300,TDA,01/12/2022,Dívida Interna,Vencimento,50431.0,5193888.69,2022,0.0051938886900000005
TDA21120300,TDA,01/12/2021,Dívida Interna,Vencimento,50538.0,5133650.04,2021,0.00513365004
TDAD05F415,TDA,01/06/2022,Dívida Interna,Vencimento,50173.0,5017300.0,2022,0.0050173
TDAD05F413,TDA,01/06/2020,Dívida Interna,Vencimento,50173.0,4997732.53,2020,0.00499773253
TDAD05F414,TDA,01/06/2021,Dívida Interna,Vencimento,50173.0,4997732.53,2021,0.00499773253
TDAD05F412,TDA,01/06/2019,Dívida Interna,Vencimento,50173.0,4997230.8,2019,0.0049972307999999995
TDA21040600,TDA,01/04/2021,Dívida Interna,Vencimento,47037.0,4917247.98,2021,0.004917247980000001
TDA20040600,TDA,01/04/2020,Dívida Interna,Vencimento,47037.0,4915836.87,2020,0.00491583687
TDA19060600,TDA,01/06/2019,Dívida Interna,Vencimento,44303.0,4630106.53,2019,0.004630106530000001
TDA20050600,TDA,01/05/2020,Dívida Interna,Vencimento,44232.0,4622686.32,2020,0.0046226863200000004
TDAD04L238,TDA,01/12/2019,Dívida Interna,Vencimento,42619.0,4329238.02,2019,0.00432923802
TDA19050600,TDA,01/05/2019,Dívida Interna,Vencimento,40921.0,4276653.71,2019,0.00427665371
TDAD12L332,TDA,01/12/2022,Dívida Interna,Vencimento,40459.0,4126413.41,2022,0.00412641341
TDAD12L329,TDA,01/12/2019,Dívida Interna,Vencimento,40459.0,4070175.4,2019,0.0040701754
TDAD12L330,TDA,01/12/2020,Dívida Interna,Vencimento,40459.0,4069770.81,2020,0.00406977081
TDAD12L331,TDA,01/12/2021,Dívida Interna,Vencimento,40459.0,4069770.81,2021,0.00406977081
TDAD11G231,TDA,01/07/2019,Dívida Interna,Vencimento,39821.0,4045017.18,2019,0.00404501718
TDAD11G233,TDA,01/07/2021,Dívida Interna,Vencimento,39813.0,4044204.54,2021,0.00404420454
TDAD11G232,TDA,01/07/2020,Dívida Interna,Vencimento,39761.0,4038524.77,2020,0.00403852477
TDAD11L231,TDA,01/12/2019,Dívida Interna,Vencimento,38021.0,3862173.18,2019,0.00386217318
TDAD11L232,TDA,01/12/2020,Dívida Interna,Vencimento,38019.0,3861970.02,2020,0.00386197002
TDAD11L233,TDA,01/12/2021,Dívida Interna,Vencimento,38012.0,3861258.96,2021,0.00386125896
TDAD04L340,TDA,01/12/2022,Dívida Interna,Vencimento,37552.0,3829928.48,2022,0.00382992848
TDAD11G234,TDA,01/07/2022,Dívida Interna,Vencimento,37155.0,3793897.05,2022,0.00379389705
TDAD04L338,TDA,01/12/2020,Dívida Interna,Vencimento,37146.0,3736516.14,2020,0.00373651614
TDAD11L234,TDA,01/12/2022,Dívida Interna,Vencimento,36265.0,3734932.35,2022,0.00373493235
TDAD04L337,TDA,01/12/2019,Dívida Interna,Vencimento,36959.0,3718075.4,2019,0.0037180754
TDAD04L339,TDA,01/12/2021,Dívida Interna,Vencimento,36233.0,3644677.47,2021,0.00364467747
TDAE071273,TDA,01/12/2022,Dívida Interna,Vencimento,32930.0,3489921.4,2022,0.0034899213999999997
TDAE071270,TDA,01/12/2019,Dívida Interna,Vencimento,32930.0,3442502.2,2019,0.0034425022
TDAE071271,TDA,01/12/2020,Dívida Interna,Vencimento,32930.0,3442172.9,2020,0.0034421728999999997
TDAE071272,TDA,01/12/2021,Dívida Interna,Vencimento,32930.0,3442172.9,2021,0.0034421728999999997
TDAD13J232,TDA,01/10/2022,Dívida Interna,Vencimento,31844.0,3270378.8,2022,0.0032703788
TDAD13J230,TDA,01/10/2020,Dívida Interna,Vencimento,31844.0,3234713.52,2020,0.00323471352
TDAD13J231,TDA,01/10/2021,Dívida Interna,Vencimento,31843.0,3234611.94,2021,0.00323461194
TDAD13J229,TDA,01/10/2019,Dívida Interna,Vencimento,31844.0,3234076.64,2019,0.0032340766400000003
TDAE090356,TDA,01/03/2022,Dívida Interna,Vencimento,30811.0,3222522.49,2022,0.00322252249
TDAE090354,TDA,01/03/2020,Dívida Interna,Vencimento,30811.0,3220981.94,2020,0.00322098194
TDAE090353,TDA,01/03/2019,Dívida Interna,Vencimento,30811.0,3220057.61,2019,0.00322005761
TDAE090355,TDA,01/03/2021,Dívida Interna,Vencimento,30811.0,3219441.39,2021,0.00321944139
TDA20080600,TDA,01/08/2020,Dívida Interna,Vencimento,30031.0,3139140.43,2020,0.0031391404300000003
TDA19080600,TDA,01/08/2019,Dívida Interna,Vencimento,29613.0,3094854.63,2019,0.00309485463
TDAE090338,TDA,01/03/2019,Dívida Interna,Vencimento,29404.0,3073012.04,2019,0.0030730120400000002
TDA20070600,TDA,01/07/2020,Dívida Interna,Vencimento,29024.0,3033588.48,2020,0.00303358848
TDAE110538,TDA,01/05/2021,Dívida Interna,Vencimento,28175.0,2945132.75,2021,0.00294513275
TDAE110536,TDA,01/05/2019,Dívida Interna,Vencimento,28158.0,2942792.58,2019,0.00294279258
TDAE110537,TDA,01/05/2020,Dívida Interna,Vencimento,28158.0,2942792.58,2020,0.00294279258
TDAD04C238,TDA,01/03/2019,Dívida Interna,Vencimento,28585.0,2903092.6,2019,0.0029030926
TDAE090638,TDA,01/06/2019,Dívida Interna,Vencimento,27638.0,2888447.38,2019,0.00288844738
TDAE040776,TDA,01/07/2022,Dívida Interna,Vencimento,26883.0,2824865.64,2022,0.0028248656400000002
TDAE040773,TDA,01/07/2019,Dívida Interna,Vencimento,26883.0,2810348.82,2019,0.00281034882
TDAE040775,TDA,01/07/2021,Dívida Interna,Vencimento,26883.0,2810079.99,2021,0.0028100799900000004
TDAE040774,TDA,01/07/2020,Dívida Interna,Vencimento,26883.0,2809811.16,2020,0.00280981116
TDAD04H415,TDA,01/08/2021,Dívida Interna,Vencimento,27676.0,2756806.36,2021,0.00275680636
TDAD04H413,TDA,01/08/2019,Dívida Interna,Vencimento,27593.0,2748262.8,2019,0.0027482628
TDAD12L230,TDA,01/12/2019,Dívida Interna,Vencimento,27036.0,2746316.88,2019,0.00274631688
TDAD12L231,TDA,01/12/2020,Dívida Interna,Vencimento,27034.0,2746113.72,2020,0.0027461137200000003
TDAD12L232,TDA,01/12/2021,Dívida Interna,Vencimento,26866.0,2729048.28,2021,0.0027290482799999997
TDA21080600,TDA,01/08/2021,Dívida Interna,Vencimento,26061.0,2724416.94,2021,0.00272441694
TDAD04H416,TDA,01/08/2022,Dívida Interna,Vencimento,26642.0,2672459.02,2022,0.00267245902
TDA22120600,TDA,01/12/2022,Dívida Interna,Vencimento,24795.0,2627774.1,2022,0.0026277741000000003
TDA21120600,TDA,01/12/2021,Dívida Interna,Vencimento,24785.0,2590776.05,2021,0.0025907760499999997
TDAD07B235,TDA,01/02/2019,Dívida Interna,Vencimento,24504.0,2488626.24,2019,0.00248862624
TDAD07B237,TDA,01/02/2021,Dívida Interna,Vencimento,24496.0,2488303.68,2021,0.00248830368
TDAD04H414,TDA,01/08/2020,Dívida Interna,Vencimento,24881.0,2478147.6,2020,0.0024781476
TDAD07B238,TDA,01/02/2022,Dívida Interna,Vencimento,24267.0,2467468.56,2022,0.00246746856
TDAD02A415,TDA,01/01/2019,Dívida Interna,Vencimento,24643.0,2454442.8,2019,0.0024544427999999997
TDAD02A417,TDA,01/01/2021,Dívida Interna,Vencimento,24591.0,2449509.51,2021,0.0024495095099999996
TDAD02A416,TDA,01/01/2020,Dívida Interna,Vencimento,24361.0,2426355.6,2020,0.0024263556
TDAD07B236,TDA,01/02/2020,Dívida Interna,Vencimento,23596.0,2396409.76,2020,0.00239640976
TDAD05I238,TDA,01/09/2020,Dívida Interna,Vencimento,22887.0,2324861.46,2020,0.00232486146
TDAD05I237,TDA,01/09/2019,Dívida Interna,Vencimento,22610.0,2296723.8,2019,0.0022967238
TDA21060600,TDA,01/06/2021,Dívida Interna,Vencimento,21666.0,2264963.64,2021,0.00226496364
TDA20060600,TDA,01/06/2020,Dívida Interna,Vencimento,21664.0,2264754.56,2020,0.0022647545600000003
TDAD04G238,TDA,01/07/2019,Dívida Interna,Vencimento,21406.0,2174421.48,2019,0.00217442148
TDAD09C233,TDA,01/03/2019,Dívida Interna,Vencimento,21395.0,2172876.2,2019,0.0021728762000000003
TDAD05J238,TDA,01/10/2020,Dívida Interna,Vencimento,21226.0,2156137.08,2020,0.00215613708
TDAD05J237,TDA,01/10/2019,Dívida Interna,Vencimento,20992.0,2131947.52,2019,0.00213194752
TDAD07F238,TDA,01/06/2022,Dívida Interna,Vencimento,20900.0,2131382.0,2022,0.002131382
TDAD09C235,TDA,01/03/2021,Dívida Interna,Vencimento,20925.0,2125143.0,2021,0.002125143
TDAD09C234,TDA,01/03/2020,Dívida Interna,Vencimento,20655.0,2098134.9,2020,0.0020981349
TDAD07F237,TDA,01/06/2021,Dívida Interna,Vencimento,20620.0,2094579.6,2021,0.0020945796000000003
TDAD07F236,TDA,01/06/2020,Dívida Interna,Vencimento,20593.0,2091836.94,2020,0.00209183694
TDAD07F235,TDA,01/06/2019,Dívida Interna,Vencimento,20540.0,2086042.4,2019,0.0020860424
TDAD09C236,TDA,01/03/2022,Dívida Interna,Vencimento,20441.0,2077827.65,2022,0.00207782765
TDAD10D232,TDA,01/04/2019,Dívida Interna,Vencimento,20400.0,2072232.0,2019,0.002072232
TDAD10D233,TDA,01/04/2020,Dívida Interna,Vencimento,20331.0,2064816.36,2020,0.00206481636
TDAD12L233,TDA,01/12/2022,Dívida Interna,Vencimento,19941.0,2053723.59,2022,0.00205372359
TDAD06H238,TDA,01/08/2021,Dívida Interna,Vencimento,20149.0,2046735.42,2021,0.00204673542
TDAD06H236,TDA,01/08/2019,Dívida Interna,Vencimento,20126.0,2043996.56,2019,0.00204399656
TDAD06H237,TDA,01/08/2020,Dívida Interna,Vencimento,20065.0,2038002.05,2020,0.00203800205
TDAD10D234,TDA,01/04/2021,Dívida Interna,Vencimento,20028.0,2034444.24,2021,0.00203444424
TDAD10D235,TDA,01/04/2022,Dívida Interna,Vencimento,19890.0,2024205.3,2022,0.0020242053
TDAD12K232,TDA,01/11/2021,Dívida Interna,Vencimento,19814.0,2012706.12,2021,0.00201270612
TDAD12K233,TDA,01/11/2022,Dívida Interna,Vencimento,19503.0,2005883.55,2022,0.00200588355
TDAD06I338,TDA,01/09/2022,Dívida Interna,Vencimento,19655.0,1995572.15,2022,0.00199557215
TDAE040758,TDA,01/07/2019,Dívida Interna,Vencimento,19047.0,1991173.38,2019,0.00199117338
TDAE991278,TDA,01/12/2019,Dívida Interna,Vencimento,19043.0,1990755.22,2019,0.00199075522
TDAD06I335,TDA,01/09/2019,Dívida Interna,Vencimento,19732.0,1985039.2,2019,0.0019850392
TDAD06I337,TDA,01/09/2021,Dívida Interna,Vencimento,19732.0,1985039.2,2021,0.0019850392
TDAD06I336,TDA,01/09/2020,Dívida Interna,Vencimento,19729.0,1984737.4,2020,0.0019847374
TDAD12K230,TDA,01/11/2019,Dívida Interna,Vencimento,19398.0,1970060.88,2019,0.00197006088
TDAD12D233,TDA,01/04/2022,Dívida Interna,Vencimento,19313.0,1965484.01,2022,0.00196548401
TDAD12D230,TDA,01/04/2019,Dívida Interna,Vencimento,19313.0,1961814.54,2019,0.00196181454
TDAD12D232,TDA,01/04/2021,Dívida Interna,Vencimento,19313.0,1961814.54,2021,0.00196181454
TDAD12D231,TDA,01/04/2020,Dívida Interna,Vencimento,19313.0,1961428.28,2020,0.00196142828
TDAD12K231,TDA,01/11/2020,Dívida Interna,Vencimento,19269.0,1957345.02,2020,0.00195734502
TDA21080300,TDA,01/08/2021,Dívida Interna,Vencimento,19034.0,1933473.72,2021,0.00193347372
TDA20080300,TDA,01/08/2020,Dívida Interna,Vencimento,19034.0,1933283.38,2020,0.0019332833799999998
TDA20030100,TDA,01/03/2020,Dívida Interna,Vencimento,19232.0,1915699.52,2020,0.00191569952
TDA19030100,TDA,01/03/2019,Dívida Interna,Vencimento,19232.0,1915507.2,2019,0.0019155072
TDA21030100,TDA,01/03/2021,Dívida Interna,Vencimento,19232.0,1915507.2,2021,0.0019155072
TDA20100600,TDA,01/10/2020,Dívida Interna,Vencimento,18253.0,1907986.09,2020,0.00190798609
TDA19080300,TDA,01/08/2019,Dívida Interna,Vencimento,18767.0,1905976.52,2019,0.00190597652
TDAD07L237,TDA,01/12/2021,Dívida Interna,Vencimento,18580.0,1887356.4,2021,0.0018873564
TDAD07L236,TDA,01/12/2020,Dívida Interna,Vencimento,18540.0,1883293.2,2020,0.0018832932
TDA22040600,TDA,01/04/2022,Dívida Interna,Vencimento,17947.0,1879589.31,2022,0.0018795893100000001
TDAD07L238,TDA,01/12/2022,Dívida Interna,Vencimento,18240.0,1878537.6,2022,0.0018785376
TDAD07L235,TDA,01/12/2019,Dívida Interna,Vencimento,18401.0,1869173.58,2019,0.00186917358
TDAD05K414,TDA,01/11/2021,Dívida Interna,Vencimento,18623.0,1855037.03,2021,0.00185503703
TDAD06J236,TDA,01/10/2019,Dívida Interna,Vencimento,18030.0,1831126.8,2019,0.0018311268
TDAD05K415,TDA,01/11/2022,Dívida Interna,Vencimento,18092.0,1824578.2,2022,0.0018245782
TDA22030100,TDA,01/03/2022,Dívida Interna,Vencimento,18253.0,1819641.57,2022,0.00181964157
TDAD06J238,TDA,01/10/2021,Dívida Interna,Vencimento,17778.0,1805889.24,2021,0.0018058892399999999
TDAD06F237,TDA,01/06/2020,Dívida Interna,Vencimento,17719.0,1799896.02,2020,0.00179989602
TDAD11G409,TDA,01/07/2022,Dívida Interna,Vencimento,17740.0,1776306.2,2022,0.0017763062
TDAD11G406,TDA,01/07/2019,Dívida Interna,Vencimento,17740.0,1767081.4,2019,0.0017670814
TDAD11G408,TDA,01/07/2021,Dívida Interna,Vencimento,17740.0,1767081.4,2021,0.0017670814
TDAD11G407,TDA,01/07/2020,Dívida Interna,Vencimento,17740.0,1766904.0,2020,0.001766904
TDAD05B237,TDA,01/02/2019,Dívida Interna,Vencimento,17340.0,1761050.4,2019,0.0017610503999999998
TDAD05E238,TDA,01/05/2020,Dívida Interna,Vencimento,17310.0,1758003.6,2020,0.0017580036000000002
TDAD06F236,TDA,01/06/2019,Dívida Interna,Vencimento,17166.0,1743378.96,2019,0.00174337896
TDAD06J237,TDA,01/10/2020,Dívida Interna,Vencimento,17133.0,1740370.14,2020,0.0017403701399999999
TDAD05K413,TDA,01/11/2020,Dívida Interna,Vencimento,17307.0,1723950.27,2020,0.00172395027
TDAD05E237,TDA,01/05/2019,Dívida Interna,Vencimento,16946.0,1721035.76,2019,0.00172103576
TDAD05B238,TDA,01/02/2020,Dívida Interna,Vencimento,16827.0,1708950.12,2020,0.00170895012
TDAD06I236,TDA,01/09/2019,Dívida Interna,Vencimento,16757.0,1702176.06,2019,0.00170217606
TDAD06I237,TDA,01/09/2020,Dívida Interna,Vencimento,16627.0,1688970.66,2020,0.0016889706599999999
TDAD06F238,TDA,01/06/2021,Dívida Interna,Vencimento,16617.0,1687954.86,2021,0.00168795486
TDA22080300,TDA,01/08/2022,Dívida Interna,Vencimento,16421.0,1679704.09,2022,0.00167970409
TDAD05K412,TDA,01/11/2019,Dívida Interna,Vencimento,16771.0,1670391.6,2019,0.0016703916
TDAD08F234,TDA,01/06/2019,Dívida Interna,Vencimento,16226.0,1647912.56,2019,0.00164791256
TDAD08F236,TDA,01/06/2021,Dívida Interna,Vencimento,16222.0,1647830.76,2021,0.00164783076
TDAD08F235,TDA,01/06/2020,Dívida Interna,Vencimento,16220.0,1647627.6,2020,0.0016476276
TDAD06I238,TDA,01/09/2021,Dívida Interna,Vencimento,16211.0,1646713.38,2021,0.00164671338
TDAD08F237,TDA,01/06/2022,Dívida Interna,Vencimento,15996.0,1631272.08,2022,0.0016312720800000001
TDA19070300,TDA,01/07/2019,Dívida Interna,Vencimento,15851.0,1610144.58,2019,0.00161014458
TDAD04I238,TDA,01/09/2019,Dívida Interna,Vencimento,15658.0,1590539.64,2019,0.0015905396399999998
TDAD10C233,TDA,01/03/2020,Dívida Interna,Vencimento,15570.0,1581600.6,2020,0.0015816006
TDAD10C232,TDA,01/03/2019,Dívida Interna,Vencimento,15570.0,1581289.2,2019,0.0015812892
TDAD10C234,TDA,01/03/2021,Dívida Interna,Vencimento,15570.0,1581289.2,2021,0.0015812892
TDA19100300,TDA,01/10/2019,Dívida Interna,Vencimento,15529.0,1577125.24,2019,0.00157712524
TDAD10C235,TDA,01/03/2022,Dívida Interna,Vencimento,15515.0,1577099.75,2022,0.00157709975
TDA21110600,TDA,01/11/2021,Dívida Interna,Vencimento,14725.0,1539351.5,2021,0.0015393515
TDA20110600,TDA,01/11/2020,Dívida Interna,Vencimento,14721.0,1538933.34,2020,0.00153893334
TDAD06D238,TDA,01/04/2021,Dívida Interna,Vencimento,15017.0,1525426.86,2021,0.0015254268600000001
TDAD06D237,TDA,01/04/2020,Dívida Interna,Vencimento,14946.0,1517915.76,2020,0.00151791576
TDAD07K235,TDA,01/11/2019,Dívida Interna,Vencimento,14754.0,1498416.24,2019,0.00149841624
TDAD06G414,TDA,01/07/2022,Dívida Interna,Vencimento,14952.0,1497143.76,2022,0.00149714376
TDAD06G411,TDA,01/07/2019,Dívida Interna,Vencimento,14970.0,1491161.7,2019,0.0014911617
TDAD06G413,TDA,01/07/2021,Dívida Interna,Vencimento,14970.0,1491161.7,2021,0.0014911617
TDAD06G412,TDA,01/07/2020,Dívida Interna,Vencimento,14970.0,1491012.0,2020,0.001491012
TDAD07K238,TDA,01/11/2022,Dívida Interna,Vencimento,14302.0,1470960.7,2022,0.0014709607
TDAD04F414,TDA,01/06/2020,Dívida Interna,Vencimento,14759.0,1470143.99,2020,0.00147014399
TDAD04F413,TDA,01/06/2019,Dívida Interna,Vencimento,14759.0,1469996.4,2019,0.0014699963999999998
TDAD06D236,TDA,01/04/2019,Dívida Interna,Vencimento,14447.0,1467526.26,2019,0.00146752626
TDAD04F415,TDA,01/06/2021,Dívida Interna,Vencimento,14759.0,1461731.36,2021,0.00146173136
TDAD04F416,TDA,01/06/2022,Dívida Interna,Vencimento,14759.0,1461731.36,2022,0.00146173136
TDAD07K237,TDA,01/11/2021,Dívida Interna,Vencimento,14200.0,1442436.0,2021,0.001442436
TDAD12H233,TDA,01/08/2022,Dívida Interna,Vencimento,14100.0,1442289.0,2022,0.001442289
TDA22120200,TDA,01/12/2022,Dívida Interna,Vencimento,14090.0,1437039.1,2022,0.0014370391
TDAD12H232,TDA,01/08/2021,Dívida Interna,Vencimento,14104.0,1432684.32,2021,0.00143268432
TDAD12H230,TDA,01/08/2019,Dívida Interna,Vencimento,14104.0,1432402.24,2019,0.00143240224
TDAD07K236,TDA,01/11/2020,Dívida Interna,Vencimento,14041.0,1426284.78,2020,0.00142628478
TDA19120200,TDA,01/12/2019,Dívida Interna,Vencimento,14090.0,1417454.0,2019,0.001417454
TDA20120200,TDA,01/12/2020,Dívida Interna,Vencimento,14090.0,1417313.1,2020,0.0014173131000000002
TDA21120200,TDA,01/12/2021,Dívida Interna,Vencimento,14090.0,1417313.1,2021,0.0014173131000000002
TDAE120238,TDA,01/02/2022,Dívida Interna,Vencimento,13265.0,1388049.6,2022,0.0013880496000000001
TDAE120237,TDA,01/02/2021,Dívida Interna,Vencimento,13264.0,1386618.56,2021,0.00138661856
TDAE120235,TDA,01/02/2019,Dívida Interna,Vencimento,13264.0,1386220.64,2019,0.00138622064
TDAE120236,TDA,01/02/2020,Dívida Interna,Vencimento,13264.0,1386220.64,2020,0.00138622064
TDAD06D338,TDA,01/04/2022,Dívida Interna,Vencimento,13735.0,1384213.3,2022,0.0013842133000000001
TDAD06D335,TDA,01/04/2019,Dívida Interna,Vencimento,13735.0,1381741.0,2019,0.001381741
TDAD06D337,TDA,01/04/2021,Dívida Interna,Vencimento,13735.0,1381741.0,2021,0.001381741
TDAD06D336,TDA,01/04/2020,Dívida Interna,Vencimento,13735.0,1381603.65,2020,0.00138160365
TDAD05D238,TDA,01/04/2020,Dívida Interna,Vencimento,13340.0,1354810.4,2020,0.0013548103999999998
TDAD12H231,TDA,01/08/2020,Dívida Interna,Vencimento,12978.0,1318175.46,2020,0.0013181754599999999
TDAD05D237,TDA,01/04/2019,Dívida Interna,Vencimento,12921.0,1312515.18,2019,0.00131251518
TDAE100338,TDA,01/03/2020,Dívida Interna,Vencimento,12254.0,1281033.16,2020,0.00128103316
TDAE100337,TDA,01/03/2019,Dívida Interna,Vencimento,12236.0,1278784.36,2019,0.0012787843600000001
TDAE100437,TDA,01/04/2019,Dívida Interna,Vencimento,12196.0,1274969.84,2019,0.00127496984
TDAE100438,TDA,01/04/2020,Dívida Interna,Vencimento,12199.0,1274917.49,2020,0.00127491749
TDAD03L340,TDA,01/12/2021,Dívida Interna,Vencimento,12674.0,1274877.66,2021,0.00127487766
TDAD11E234,TDA,01/05/2022,Dívida Interna,Vencimento,12500.0,1272625.0,2022,0.001272625
TDAE070973,TDA,01/09/2022,Dívida Interna,Vencimento,12035.0,1269812.85,2022,0.00126981285
TDAD11E231,TDA,01/05/2019,Dívida Interna,Vencimento,12501.0,1269601.56,2019,0.0012696015600000001
TDAD11E233,TDA,01/05/2021,Dívida Interna,Vencimento,12474.0,1267108.92,2021,0.0012671089199999999
TDAD03L338,TDA,01/12/2019,Dívida Interna,Vencimento,12514.0,1258908.4,2019,0.0012589084
TDAE070970,TDA,01/09/2019,Dívida Interna,Vencimento,12035.0,1258138.9,2019,0.0012581388999999999
TDAE070971,TDA,01/09/2020,Dívida Interna,Vencimento,12035.0,1258138.9,2020,0.0012581388999999999
TDAE070972,TDA,01/09/2021,Dívida Interna,Vencimento,12035.0,1258138.9,2021,0.0012581388999999999
TDAD03L339,TDA,01/12/2020,Dívida Interna,Vencimento,12481.0,1255463.79,2020,0.00125546379
TDAD11E232,TDA,01/05/2020,Dívida Interna,Vencimento,12354.0,1254672.24,2020,0.00125467224
TDAD02A418,TDA,01/01/2022,Dívida Interna,Vencimento,12555.0,1251105.75,2022,0.00125110575
TDA20070300,TDA,01/07/2020,Dívida Interna,Vencimento,12179.0,1237021.03,2020,0.00123702103
NTN-P 010120-010104,NTN-P,01/01/2020,Dívida Interna,Vencimento,405583.0,1232823.06,2020,0.00123282306
TDA22070300,TDA,01/07/2022,Dívida Interna,Vencimento,11998.0,1225115.78,2022,0.00122511578
TDA21070300,TDA,01/07/2021,Dívida Interna,Vencimento,11998.0,1218756.84,2021,0.00121875684
TDAD08G235,TDA,01/07/2020,Dívida Interna,Vencimento,11979.0,1216707.03,2020,0.0012167070300000001
TDAD08G234,TDA,01/07/2019,Dívida Interna,Vencimento,11931.0,1211950.98,2019,0.00121195098
TDAD07L337,TDA,01/12/2022,Dívida Interna,Vencimento,11809.0,1204399.91,2022,0.00120439991
TDAE111238,TDA,01/12/2021,Dívida Interna,Vencimento,11435.0,1195300.55,2021,0.00119530055
TDAE111236,TDA,01/12/2019,Dívida Interna,Vencimento,11419.0,1193742.26,2019,0.00119374226
TDAE111237,TDA,01/12/2020,Dívida Interna,Vencimento,11419.0,1193628.07,2020,0.0011936280700000001
TDAD08G236,TDA,01/07/2021,Dívida Interna,Vencimento,11709.0,1189400.22,2021,0.00118940022
TDAD07L334,TDA,01/12/2019,Dívida Interna,Vencimento,11809.0,1187985.4,2019,0.0011879853999999998
TDAD07L335,TDA,01/12/2020,Dívida Interna,Vencimento,11809.0,1187867.31,2020,0.00118786731
TDAD07L336,TDA,01/12/2021,Dívida Interna,Vencimento,11809.0,1187867.31,2021,0.00118786731
TDAD08G237,TDA,01/07/2022,Dívida Interna,Vencimento,11567.0,1181106.37,2022,0.0011811063700000002
TDA19010200,TDA,01/01/2019,Dívida Interna,Vencimento,11734.0,1180323.06,2019,0.00118032306
TDAD09I234,TDA,01/09/2020,Dívida Interna,Vencimento,11588.0,1177109.04,2020,0.00117710904
TDAE110554,TDA,01/05/2022,Dívida Interna,Vencimento,11231.0,1176671.87,2022,0.00117667187
TDAJ11EB18,TDA,01/05/2021,Dívida Interna,Vencimento,11675.0,1174388.25,2021,0.00117438825
TDAE110553,TDA,01/05/2021,Dívida Interna,Vencimento,11231.0,1173976.43,2021,0.00117397643
TDAE110551,TDA,01/05/2019,Dívida Interna,Vencimento,11231.0,1173751.81,2019,0.00117375181
TDAE110552,TDA,01/05/2020,Dívida Interna,Vencimento,11231.0,1173751.81,2020,0.00117375181
TDAD06K338,TDA,01/11/2022,Dívida Interna,Vencimento,11490.0,1170256.5,2022,0.0011702565
TDAD09I233,TDA,01/09/2019,Dívida Interna,Vencimento,11508.0,1168982.64,2019,0.0011689826399999999
TDAD09I236,TDA,01/09/2022,Dívida Interna,Vencimento,11397.0,1168420.44,2022,0.0011684204399999999
TDAD06K336,TDA,01/11/2020,Dívida Interna,Vencimento,11490.0,1155894.0,2020,0.001155894
TDAD06K337,TDA,01/11/2021,Dívida Interna,Vencimento,11490.0,1155894.0,2021,0.001155894
TDAD06K335,TDA,01/11/2019,Dívida Interna,Vencimento,11490.0,1155779.1,2019,0.0011557791
TDAD04I337,TDA,01/09/2019,Dívida Interna,Vencimento,11478.0,1154686.8,2019,0.0011546868
TDAD10E235,TDA,01/05/2022,Dívida Interna,Vencimento,11283.0,1148722.23,2022,0.00114872223
TDAD12J233,TDA,01/10/2022,Dívida Interna,Vencimento,11163.0,1146440.1,2022,0.0011464401000000001
TDAD10E234,TDA,01/05/2021,Dívida Interna,Vencimento,11283.0,1146127.14,2021,0.00114612714
TDAD10E232,TDA,01/05/2019,Dívida Interna,Vencimento,11283.0,1145901.48,2019,0.00114590148
TDAD10E233,TDA,01/05/2020,Dívida Interna,Vencimento,11283.0,1145901.48,2020,0.00114590148
TDAD13L232,TDA,01/12/2022,Dívida Interna,Vencimento,11086.0,1141747.14,2022,0.00114174714
TDAJ11EB17,TDA,01/05/2020,Dívida Interna,Vencimento,11336.0,1140288.24,2020,0.00114028824
TDAD13L229,TDA,01/12/2019,Dívida Interna,Vencimento,11183.0,1135969.14,2019,0.00113596914
TDAD12J231,TDA,01/10/2020,Dívida Interna,Vencimento,11181.0,1135765.98,2020,0.00113576598
TDAD12J232,TDA,01/10/2021,Dívida Interna,Vencimento,11181.0,1135765.98,2021,0.00113576598
TDAD12J230,TDA,01/10/2019,Dívida Interna,Vencimento,11181.0,1135542.36,2019,0.00113554236
TDAD09I235,TDA,01/09/2021,Dívida Interna,Vencimento,11161.0,1133734.38,2021,0.00113373438
TDAD13L230,TDA,01/12/2020,Dívida Interna,Vencimento,11086.0,1126115.88,2020,0.00112611588
TDAD13L231,TDA,01/12/2021,Dívida Interna,Vencimento,11086.0,1126115.88,2021,0.00112611588
TDAE120253,TDA,01/02/2022,Dívida Interna,Vencimento,10680.0,1117555.2,2022,0.0011175552
TDAE120252,TDA,01/02/2021,Dívida Interna,Vencimento,10680.0,1116487.2,2021,0.0011164872
TDAE120250,TDA,01/02/2019,Dívida Interna,Vencimento,10680.0,1116166.8,2019,0.0011161668
TDAE120251,TDA,01/02/2020,Dívida Interna,Vencimento,10680.0,1116166.8,2020,0.0011161668
TDAD04I339,TDA,01/09/2021,Dívida Interna,Vencimento,10906.0,1097143.6,2021,0.0010971436
TDA19110300,TDA,01/11/2019,Dívida Interna,Vencimento,10796.0,1096441.76,2019,0.00109644176
TDAD05F238,TDA,01/06/2020,Dívida Interna,Vencimento,10788.0,1095845.04,2020,0.00109584504
TDAD04I340,TDA,01/09/2022,Dívida Interna,Vencimento,10769.0,1093376.57,2022,0.00109337657
TDAJ11EB16,TDA,01/05/2019,Dívida Interna,Vencimento,10826.0,1088987.34,2019,0.0010889873400000002
TDAD05F237,TDA,01/06/2019,Dívida Interna,Vencimento,10509.0,1067294.04,2019,0.00106729404
TDAD04I338,TDA,01/09/2020,Dívida Interna,Vencimento,10597.0,1066058.2,2020,0.0010660582
TDAH121138,TDA,01/11/2022,Dívida Interna,Vencimento,9893.0,1047174.05,2022,0.0010471740500000001
TDAD06L236,TDA,01/12/2019,Dívida Interna,Vencimento,10295.0,1045766.1,2019,0.0010457660999999999
TDAH121136,TDA,01/11/2020,Dívida Interna,Vencimento,9892.0,1034109.68,2020,0.00103410968
TDAH121137,TDA,01/11/2021,Dívida Interna,Vencimento,9892.0,1034109.68,2021,0.00103410968
TDAH121135,TDA,01/11/2019,Dívida Interna,Vencimento,9892.0,1033812.92,2019,0.00103381292
TDAD06K237,TDA,01/11/2020,Dívida Interna,Vencimento,10109.0,1026872.22,2020,0.00102687222
TDAD06J414,TDA,01/10/2022,Dívida Interna,Vencimento,10164.0,1023616.44,2022,0.00102361644
TDAD06L238,TDA,01/12/2021,Dívida Interna,Vencimento,10037.0,1019558.46,2021,0.00101955846
TDAD06K236,TDA,01/11/2019,Dívida Interna,Vencimento,10021.0,1017732.76,2019,0.00101773276
TDAD06J412,TDA,01/10/2020,Dívida Interna,Vencimento,10164.0,1012436.04,2020,0.00101243604
TDAD06J413,TDA,01/10/2021,Dívida Interna,Vencimento,10164.0,1012436.04,2021,0.00101243604
TDAD06J411,TDA,01/10/2019,Dívida Interna,Vencimento,10164.0,1012334.4,2019,0.0010123344
TDAD07F335,TDA,01/06/2020,Dívida Interna,Vencimento,10036.0,1009621.6,2020,0.0010096216
TDAD07F336,TDA,01/06/2021,Dívida Interna,Vencimento,10036.0,1009621.6,2021,0.0010096216
TDAD07F334,TDA,01/06/2019,Dívida Interna,Vencimento,10036.0,1009521.24,2019,0.00100952124
TDAD06C337,TDA,01/03/2021,Dívida Interna,Vencimento,9872.0,992925.76,2021,0.00099292576
TDAD05L238,TDA,01/12/2020,Dívida Interna,Vencimento,9771.0,992538.18,2020,0.00099253818
TDAD06A338,TDA,01/01/2022,Dívida Interna,Vencimento,9835.0,989794.4,2022,0.0009897944
TDAD06A337,TDA,01/01/2021,Dívida Interna,Vencimento,9835.0,989401.0,2021,0.000989401
TDAD06A335,TDA,01/01/2019,Dívida Interna,Vencimento,9835.0,989302.65,2019,0.00098930265
TDAD06A336,TDA,01/01/2020,Dívida Interna,Vencimento,9835.0,989302.65,2020,0.00098930265
TDAD07F337,TDA,01/06/2022,Dívida Interna,Vencimento,9794.0,989096.06,2022,0.00098909606
TDAD06C338,TDA,01/03/2022,Dívida Interna,Vencimento,9794.0,985961.98,2022,0.00098596198
TDAD06L237,TDA,01/12/2020,Dívida Interna,Vencimento,9655.0,980754.9,2020,0.0009807549
TDAD11F234,TDA,01/06/2022,Dívida Interna,Vencimento,9520.0,970849.6,2022,0.0009708496
TDAD07K337,TDA,01/11/2022,Dívida Interna,Vencimento,9510.0,968593.5,2022,0.0009685935
TDAD11F232,TDA,01/06/2020,Dívida Interna,Vencimento,9520.0,967041.6,2020,0.0009670416
TDAD11F233,TDA,01/06/2021,Dívida Interna,Vencimento,9520.0,967041.6,2021,0.0009670416
TDAD11F231,TDA,01/06/2019,Dívida Interna,Vencimento,9520.0,966851.2,2019,0.0009668512
TDAD05L237,TDA,01/12/2019,Dívida Interna,Vencimento,9496.0,964603.68,2019,0.0009646036800000001
TDAD09F234,TDA,01/06/2020,Dívida Interna,Vencimento,9490.0,963994.2,2020,0.0009639942
TDAD07K335,TDA,01/11/2020,Dívida Interna,Vencimento,9510.0,956706.0,2020,0.000956706
TDAD07K336,TDA,01/11/2021,Dívida Interna,Vencimento,9510.0,956706.0,2021,0.000956706
TDAD07K334,TDA,01/11/2019,Dívida Interna,Vencimento,9510.0,956610.9,2019,0.0009566109
TDAD05C238,TDA,01/03/2020,Dívida Interna,Vencimento,9407.0,955563.06,2020,0.0009555630600000001
TDAD05C237,TDA,01/03/2019,Dívida Interna,Vencimento,9369.0,951515.64,2019,0.00095151564
TDAD11G333,TDA,01/07/2022,Dívida Interna,Vencimento,9393.0,949820.16,2022,0.00094982016
TDAD06K238,TDA,01/11/2021,Dívida Interna,Vencimento,9326.0,947335.08,2021,0.00094733508
TDAD05G238,TDA,01/07/2020,Dívida Interna,Vencimento,9304.0,945007.28,2020,0.0009450072800000001
TDAD06C335,TDA,01/03/2019,Dívida Interna,Vencimento,9394.0,944942.46,2019,0.0009449424599999999
TDAD11G330,TDA,01/07/2019,Dívida Interna,Vencimento,9393.0,944935.8,2019,0.0009449358
TDAD11G332,TDA,01/07/2021,Dívida Interna,Vencimento,9393.0,944841.87,2021,0.00094484187
TDAD11G331,TDA,01/07/2020,Dívida Interna,Vencimento,9393.0,944747.94,2020,0.0009447479399999999
TDAD09F236,TDA,01/06/2022,Dívida Interna,Vencimento,9103.0,928323.94,2022,0.0009283239399999999
TDA21060100,TDA,01/06/2021,Dívida Interna,Vencimento,9316.0,927966.76,2021,0.00092796676
TDAD09F235,TDA,01/06/2021,Dívida Interna,Vencimento,9126.0,927019.08,2021,0.00092701908
TDAD05G237,TDA,01/07/2019,Dívida Interna,Vencimento,9112.0,925596.96,2019,0.00092559696
TDAD09F233,TDA,01/06/2019,Dívida Interna,Vencimento,9103.0,924500.68,2019,0.0009245006800000001
TDA19060100,TDA,01/06/2019,Dívida Interna,Vencimento,9277.0,923989.2,2019,0.0009239891999999999
TDA20060100,TDA,01/06/2020,Dívida Interna,Vencimento,9266.0,922986.26,2020,0.00092298626
TDAE990178,TDA,01/01/2019,Dívida Interna,Vencimento,8774.0,916970.74,2019,0.00091697074
TDAD06C336,TDA,01/03/2020,Dívida Interna,Vencimento,8987.0,904092.2,2020,0.0009040922
TDAD05B336,TDA,01/02/2019,Dívida Interna,Vencimento,8977.0,902996.43,2019,0.00090299643
TDAD09H335,TDA,01/08/2022,Dívida Interna,Vencimento,8861.0,897619.3,2022,0.0008976193
TDAE991078,TDA,01/10/2019,Dívida Interna,Vencimento,8574.0,896068.74,2019,0.0008960687399999999
TDAD04E238,TDA,01/05/2019,Dívida Interna,Vencimento,8814.0,895149.84,2019,0.0008951498399999999
TDA19110600,TDA,01/11/2019,Dívida Interna,Vencimento,8541.0,892619.91,2019,0.00089261991
TDAD09H334,TDA,01/08/2021,Dívida Interna,Vencimento,8861.0,891416.6,2021,0.0008914166
TDAD09H332,TDA,01/08/2019,Dívida Interna,Vencimento,8861.0,891327.99,2019,0.00089132799
TDAD09H333,TDA,01/08/2020,Dívida Interna,Vencimento,8861.0,891327.99,2020,0.00089132799
TDAD06F338,TDA,01/06/2022,Dívida Interna,Vencimento,8684.0,876997.16,2022,0.00087699716
TDAD06A238,TDA,01/01/2021,Dívida Interna,Vencimento,8539.0,867391.62,2021,0.00086739162
TDAD06F337,TDA,01/06/2021,Dívida Interna,Vencimento,8598.0,864958.8,2021,0.0008649588
TDAD04H238,TDA,01/08/2019,Dívida Interna,Vencimento,8509.0,864174.04,2019,0.00086417404
TDAD06A236,TDA,01/01/2019,Dívida Interna,Vencimento,8411.0,854221.16,2019,0.0008542211600000001
TDAD06A237,TDA,01/01/2020,Dívida Interna,Vencimento,8411.0,854221.16,2020,0.0008542211600000001
TDAD06F336,TDA,01/06/2020,Dívida Interna,Vencimento,8290.0,833974.0,2020,0.000833974
TDAD06F335,TDA,01/06/2019,Dívida Interna,Vencimento,8269.0,831778.71,2019,0.00083177871
TDAD08D237,TDA,01/04/2022,Dívida Interna,Vencimento,8016.0,815788.32,2022,0.0008157883199999999
TDAD08D234,TDA,01/04/2019,Dívida Interna,Vencimento,8026.0,815281.08,2019,0.00081528108
TDAD08D235,TDA,01/04/2020,Dívida Interna,Vencimento,8009.0,813394.04,2020,0.00081339404
TDA21110300,TDA,01/11/2021,Dívida Interna,Vencimento,7938.0,806342.04,2021,0.00080634204
TDAD13L331,TDA,01/12/2022,Dívida Interna,Vencimento,7901.0,805822.99,2022,0.00080582299
TDAD08D236,TDA,01/04/2021,Dívida Interna,Vencimento,7861.0,798520.38,2021,0.00079852038
TDA20060200,TDA,01/06/2020,Dívida Interna,Vencimento,7926.0,797355.6,2020,0.0007973556
TDA19060200,TDA,01/06/2019,Dívida Interna,Vencimento,7925.0,797175.75,2019,0.00079717575
TDAD13L328,TDA,01/12/2019,Dívida Interna,Vencimento,7901.0,794840.6,2019,0.0007948406
TDAD13L329,TDA,01/12/2020,Dívida Interna,Vencimento,7901.0,794761.59,2020,0.00079476159
TDAD13L330,TDA,01/12/2021,Dívida Interna,Vencimento,7901.0,794761.59,2021,0.00079476159
TDA22110300,TDA,01/11/2022,Dívida Interna,Vencimento,7584.0,780014.4,2022,0.0007800144
TDA20100300,TDA,01/10/2020,Dívida Interna,Vencimento,7611.0,773125.38,2020,0.00077312538
TDA20110300,TDA,01/11/2020,Dívida Interna,Vencimento,7584.0,770382.72,2020,0.00077038272
TDAD06J335,TDA,01/10/2019,Dívida Interna,Vencimento,7637.0,768205.83,2019,0.0007682058299999999
TDAD08E336,TDA,01/05/2022,Dívida Interna,Vencimento,7559.0,762173.97,2022,0.00076217397
TDAD06J336,TDA,01/10/2020,Dívida Interna,Vencimento,7570.0,761466.3,2020,0.0007614663
TDAD11L409,TDA,01/12/2022,Dívida Interna,Vencimento,7436.0,750961.64,2022,0.00075096164
TDAD05D336,TDA,01/04/2019,Dívida Interna,Vencimento,7460.0,750476.0,2019,0.000750476
TDAD08J234,TDA,01/10/2019,Dívida Interna,Vencimento,7389.0,750426.84,2019,0.00075042684
TDAD05D337,TDA,01/04/2020,Dívida Interna,Vencimento,7392.0,743561.28,2020,0.0007435612800000001
TDAD11L407,TDA,01/12/2020,Dívida Interna,Vencimento,7454.0,742492.94,2020,0.0007424929399999999
TDAD11L408,TDA,01/12/2021,Dívida Interna,Vencimento,7454.0,742492.94,2021,0.0007424929399999999
TDAD10D334,TDA,01/04/2022,Dívida Interna,Vencimento,7315.0,737205.7,2022,0.0007372056999999999
TDAD10D331,TDA,01/04/2019,Dívida Interna,Vencimento,7315.0,735889.0,2019,0.000735889
TDAD10D333,TDA,01/04/2021,Dívida Interna,Vencimento,7315.0,735889.0,2021,0.000735889
TDAD10D332,TDA,01/04/2020,Dívida Interna,Vencimento,7315.0,735815.85,2020,0.00073581585
TDAD08J235,TDA,01/10/2020,Dívida Interna,Vencimento,7239.0,735337.62,2020,0.00073533762
TDAD06J337,TDA,01/10/2021,Dívida Interna,Vencimento,7298.0,734105.82,2021,0.00073410582
TDAD08J236,TDA,01/10/2021,Dívida Interna,Vencimento,7213.0,732696.54,2021,0.00073269654
TDAD08I237,TDA,01/09/2022,Dívida Interna,Vencimento,7089.0,726764.28,2022,0.00072676428
TDAD12J408,TDA,01/10/2022,Dívida Interna,Vencimento,7213.0,726421.23,2022,0.0007264212299999999
TDAD08I234,TDA,01/09/2019,Dívida Interna,Vencimento,7146.0,725890.68,2019,0.0007258906800000001
TDAD08I235,TDA,01/09/2020,Dívida Interna,Vencimento,7146.0,725890.68,2020,0.0007258906800000001
TDAD08I236,TDA,01/09/2021,Dívida Interna,Vencimento,7146.0,725890.68,2021,0.0007258906800000001
TDAD07E238,TDA,01/05/2022,Dívida Interna,Vencimento,7096.0,722443.76,2022,0.00072244376
TDAD05D339,TDA,01/04/2022,Dívida Interna,Vencimento,7151.0,720677.78,2022,0.00072067778
TDAD05D338,TDA,01/04/2021,Dívida Interna,Vencimento,7155.0,719793.0,2021,0.000719793
TDAD12J406,TDA,01/10/2020,Dívida Interna,Vencimento,7213.0,718486.93,2020,0.00071848693
TDAD12J407,TDA,01/10/2021,Dívida Interna,Vencimento,7213.0,718486.93,2021,0.00071848693
TDAD12J405,TDA,01/10/2019,Dívida Interna,Vencimento,7213.0,718414.8,2019,0.0007184148000000001
TDAD07E236,TDA,01/05/2020,Dívida Interna,Vencimento,7034.0,714373.04,2020,0.0007143730400000001
TDAD01D418,TDA,01/04/2021,Dívida Interna,Vencimento,7151.0,712311.11,2021,0.00071231111
TDAD07E237,TDA,01/05/2021,Dívida Interna,Vencimento,7010.0,712075.8,2021,0.0007120758
TDAD01D416,TDA,01/04/2019,Dívida Interna,Vencimento,7136.0,710816.96,2019,0.0007108169599999999
TDAD01D417,TDA,01/04/2020,Dívida Interna,Vencimento,7136.0,710745.6,2020,0.0007107456
TDAJ09KC18,TDA,01/11/2019,Dívida Interna,Vencimento,6986.0,709498.16,2019,0.00070949816
TDAD07E235,TDA,01/05/2019,Dívida Interna,Vencimento,6925.0,703303.0,2019,0.000703303
TDAD11L406,TDA,01/12/2019,Dívida Interna,Vencimento,7038.0,701055.18,2019,0.0007010551800000001
TDAD08E335,TDA,01/05/2021,Dívida Interna,Vencimento,6967.0,700810.53,2021,0.00070081053
TDAD06J338,TDA,01/10/2022,Dívida Interna,Vencimento,6763.0,687797.1,2022,0.0006877971
TDA22060600,TDA,01/06/2022,Dívida Interna,Vencimento,6534.0,685743.3,2022,0.0006857433
TDAD08J237,TDA,01/10/2022,Dívida Interna,Vencimento,6674.0,685419.8,2022,0.0006854198
TDA20060300,TDA,01/06/2020,Dívida Interna,Vencimento,6211.0,630913.38,2020,0.00063091338
TDA21060300,TDA,01/06/2021,Dívida Interna,Vencimento,6167.0,626443.86,2021,0.00062644386
TDAE041276,TDA,01/12/2022,Dívida Interna,Vencimento,5885.0,623692.3,2022,0.0006236923
TDAD08E334,TDA,01/05/2020,Dívida Interna,Vencimento,6176.0,621243.84,2020,0.00062124384
TDAD05I336,TDA,01/09/2019,Dívida Interna,Vencimento,6151.0,618790.6,2019,0.0006187906
TDAD07H235,TDA,01/08/2019,Dívida Interna,Vencimento,6061.0,615555.16,2019,0.0006155551600000001
TDAE041273,TDA,01/12/2019,Dívida Interna,Vencimento,5885.0,615217.9,2019,0.0006152179
TDAE041274,TDA,01/12/2020,Dívida Interna,Vencimento,5885.0,615159.05,2020,0.00061515905
TDAE041275,TDA,01/12/2021,Dívida Interna,Vencimento,5885.0,615159.05,2021,0.00061515905
TDAD05K238,TDA,01/11/2020,Dívida Interna,Vencimento,6051.0,614660.58,2020,0.0006146605799999999
TDAD07H236,TDA,01/08/2020,Dívida Interna,Vencimento,6024.0,611857.68,2020,0.00061185768
TDAD05B339,TDA,01/02/2022,Dívida Interna,Vencimento,6071.0,611288.99,2022,0.00061128899
TDAD06E238,TDA,01/05/2021,Dívida Interna,Vencimento,5900.0,599322.0,2021,0.000599322
TDAD06E236,TDA,01/05/2019,Dívida Interna,Vencimento,5896.0,598797.76,2019,0.00059879776
TDAD06E237,TDA,01/05/2020,Dívida Interna,Vencimento,5799.0,588946.44,2020,0.0005889464399999999
TDAE070958,TDA,01/09/2022,Dívida Interna,Vencimento,5559.0,586530.09,2022,0.00058653009
TDA22100200,TDA,01/10/2022,Dívida Interna,Vencimento,5764.0,586198.8,2022,0.0005861988000000001
TDAD09I335,TDA,01/09/2022,Dívida Interna,Vencimento,5771.0,585929.63,2022,0.00058592963
TDAD04D340,TDA,01/04/2022,Dívida Interna,Vencimento,5812.0,585733.36,2022,0.00058573336
TDAD04D337,TDA,01/04/2019,Dívida Interna,Vencimento,5807.0,584184.2,2019,0.0005841841999999999
TDAD04D338,TDA,01/04/2020,Dívida Interna,Vencimento,5807.0,584126.13,2020,0.00058412613
TDAD07G238,TDA,01/07/2022,Dívida Interna,Vencimento,5717.0,583762.87,2022,0.00058376287
TDAE070955,TDA,01/09/2019,Dívida Interna,Vencimento,5559.0,581137.86,2019,0.0005811378599999999
TDAE070956,TDA,01/09/2020,Dívida Interna,Vencimento,5559.0,581137.86,2020,0.0005811378599999999
TDAE070957,TDA,01/09/2021,Dívida Interna,Vencimento,5559.0,581137.86,2021,0.0005811378599999999
TDAD09I332,TDA,01/09/2019,Dívida Interna,Vencimento,5771.0,580562.6,2019,0.0005805626
TDAD09I333,TDA,01/09/2020,Dívida Interna,Vencimento,5771.0,580562.6,2020,0.0005805626
TDAD09I334,TDA,01/09/2021,Dívida Interna,Vencimento,5771.0,580562.6,2021,0.0005805626
TDA19100200,TDA,01/10/2019,Dívida Interna,Vencimento,5764.0,579800.76,2019,0.00057980076
TDA20100200,TDA,01/10/2020,Dívida Interna,Vencimento,5764.0,579800.76,2020,0.00057980076
TDA21100200,TDA,01/10/2021,Dívida Interna,Vencimento,5764.0,579800.76,2021,0.00057980076
TDAD04D339,TDA,01/04/2021,Dívida Interna,Vencimento,5744.0,577846.4,2021,0.0005778464
TDAD11L333,TDA,01/12/2022,Dívida Interna,Vencimento,5634.0,574611.66,2022,0.00057461166
TDAD05I337,TDA,01/09/2020,Dívida Interna,Vencimento,5706.0,574023.6,2020,0.0005740236
TDAD05I338,TDA,01/09/2021,Dívida Interna,Vencimento,5649.0,568289.4,2021,0.0005682894000000001
TDAD07G236,TDA,01/07/2020,Dívida Interna,Vencimento,5588.0,567573.16,2020,0.00056757316
TDAD11L330,TDA,01/12/2019,Dívida Interna,Vencimento,5634.0,566780.4,2019,0.0005667804
TDAD11L331,TDA,01/12/2020,Dívida Interna,Vencimento,5634.0,566724.06,2020,0.0005667240600000001
TDAD11L332,TDA,01/12/2021,Dívida Interna,Vencimento,5634.0,566724.06,2021,0.0005667240600000001
TDAD07G237,TDA,01/07/2021,Dívida Interna,Vencimento,5566.0,565394.28,2021,0.0005653942800000001
TDAD05I339,TDA,01/09/2022,Dívida Interna,Vencimento,5566.0,565115.98,2022,0.00056511598
TDAD08E333,TDA,01/05/2019,Dívida Interna,Vencimento,5558.0,559079.22,2019,0.00055907922
TDAD10C410,TDA,01/03/2022,Dívida Interna,Vencimento,5601.0,558363.69,2022,0.0005583636899999999
TDAD10C408,TDA,01/03/2020,Dívida Interna,Vencimento,5601.0,557915.61,2020,0.00055791561
TDAD10C407,TDA,01/03/2019,Dívida Interna,Vencimento,5601.0,557859.6,2019,0.0005578596
TDAD10C409,TDA,01/03/2021,Dívida Interna,Vencimento,5601.0,557859.6,2021,0.0005578596
TDAD07G235,TDA,01/07/2019,Dívida Interna,Vencimento,5370.0,545484.6,2019,0.0005454845999999999
TDAD03J340,TDA,01/10/2021,Dívida Interna,Vencimento,5415.0,544694.85,2021,0.0005446948499999999
TDAD07C238,TDA,01/03/2022,Dívida Interna,Vencimento,5348.0,543624.2,2022,0.0005436242
TDAD03E340,TDA,01/05/2021,Dívida Interna,Vencimento,5385.0,541677.15,2021,0.00054167715
TDAD03E338,TDA,01/05/2019,Dívida Interna,Vencimento,5384.0,541576.56,2019,0.00054157656
TDAD03E339,TDA,01/05/2020,Dívida Interna,Vencimento,5384.0,541576.56,2020,0.00054157656
TDAD03J338,TDA,01/10/2019,Dívida Interna,Vencimento,5383.0,541475.97,2019,0.00054147597
TDAD03J339,TDA,01/10/2020,Dívida Interna,Vencimento,5378.0,540973.02,2020,0.0005409730200000001
TDAE990878,TDA,01/08/2019,Dívida Interna,Vencimento,5073.0,530179.23,2019,0.0005301792299999999
TDAD07C237,TDA,01/03/2021,Dívida Interna,Vencimento,5164.0,524455.84,2021,0.00052445584
TDAD07D334,TDA,01/04/2019,Dívida Interna,Vencimento,5190.0,522114.0,2019,0.000522114
TDAE990278,TDA,01/02/2019,Dívida Interna,Vencimento,4972.0,519623.72,2019,0.0005196237199999999
TDAD07B337,TDA,01/02/2022,Dívida Interna,Vencimento,5160.0,519560.4,2022,0.0005195604
TDAD07B336,TDA,01/02/2021,Dívida Interna,Vencimento,5160.0,519096.0,2021,0.000519096
TDAD07B334,TDA,01/02/2019,Dívida Interna,Vencimento,5160.0,519044.4,2019,0.0005190444
TDA22100300,TDA,01/10/2022,Dívida Interna,Vencimento,5036.0,517197.2,2022,0.0005171972
TDAD06E336,TDA,01/05/2020,Dívida Interna,Vencimento,5133.0,516328.47,2020,0.00051632847
TDAD06E338,TDA,01/05/2022,Dívida Interna,Vencimento,5118.0,516047.94,2022,0.00051604794
TDAD07B335,TDA,01/02/2020,Dívida Interna,Vencimento,5127.0,515724.93,2020,0.00051572493
TDAD05K237,TDA,01/11/2019,Dívida Interna,Vencimento,5048.0,512674.88,2019,0.00051267488
TDAD07I236,TDA,01/09/2020,Dívida Interna,Vencimento,5036.0,511556.88,2020,0.00051155688
TDA20030300,TDA,01/03/2020,Dívida Interna,Vencimento,5035.0,511455.3,2020,0.0005114553
TDA21100300,TDA,01/10/2021,Dívida Interna,Vencimento,5030.0,510947.4,2021,0.0005109474
TDA22100600,TDA,01/10/2022,Dívida Interna,Vencimento,4829.0,510328.72,2022,0.0005103287199999999
TDAD07I237,TDA,01/09/2021,Dívida Interna,Vencimento,5016.0,509525.28,2021,0.00050952528
TDAD07H237,TDA,01/08/2021,Dívida Interna,Vencimento,5014.0,509322.12,2021,0.00050932212
TDAD07I235,TDA,01/09/2019,Dívida Interna,Vencimento,5005.0,508407.9,2019,0.0005084079
TDAD06E337,TDA,01/05/2021,Dívida Interna,Vencimento,5051.0,508080.09,2021,0.00050808009
TDAD07C236,TDA,01/03/2020,Dívida Interna,Vencimento,4993.0,507188.94,2020,0.00050718894
TDA21100600,TDA,01/10/2021,Dívida Interna,Vencimento,4829.0,504775.37,2021,0.00050477537
TDAE991178,TDA,01/11/2019,Dívida Interna,Vencimento,4820.0,503738.2,2019,0.0005037382000000001
TDAJ11LA18,TDA,01/12/2021,Dívida Interna,Vencimento,5056.0,503628.16,2021,0.00050362816
TDAD07D337,TDA,01/04/2022,Dívida Interna,Vencimento,4984.0,502287.52,2022,0.00050228752
TDAD03L417,TDA,01/12/2022,Dívida Interna,Vencimento,4952.0,500102.48,2022,0.00050010248
TDAD03C340,TDA,01/03/2021,Dívida Interna,Vencimento,4970.0,499882.6,2021,0.0004998826
TDA19010300,TDA,01/01/2019,Dívida Interna,Vencimento,4909.0,498558.04,2019,0.00049855804
TDAD06E335,TDA,01/05/2019,Dívida Interna,Vencimento,4949.0,497819.91,2019,0.00049781991
TDAD03C339,TDA,01/03/2020,Dívida Interna,Vencimento,4935.0,496461.0,2020,0.000496461
TDAD03C338,TDA,01/03/2019,Dívida Interna,Vencimento,4935.0,496411.65,2019,0.00049641165
TDA22030300,TDA,01/03/2022,Dívida Interna,Vencimento,4868.0,494832.2,2022,0.0004948322
TDA21030300,TDA,01/03/2021,Dívida Interna,Vencimento,4868.0,494394.08,2021,0.00049439408
TDAD03L414,TDA,01/12/2019,Dívida Interna,Vencimento,4952.0,493268.72,2019,0.00049326872
TDAD03L415,TDA,01/12/2020,Dívida Interna,Vencimento,4952.0,493268.72,2020,0.00049326872
TDAD03L416,TDA,01/12/2021,Dívida Interna,Vencimento,4952.0,493268.72,2021,0.00049326872
TDAE990378,TDA,01/03/2019,Dívida Interna,Vencimento,4699.0,491092.49,2019,0.00049109249
TDAJ11LA16,TDA,01/12/2019,Dívida Interna,Vencimento,4844.0,482510.84,2019,0.00048251084
TDAD02H340,TDA,01/08/2020,Dívida Interna,Vencimento,4754.0,478204.86,2020,0.00047820486
TDAD05B338,TDA,01/02/2021,Dívida Interna,Vencimento,4753.0,478151.8,2021,0.0004781518
TDAJ11LA17,TDA,01/12/2020,Dívida Interna,Vencimento,4782.0,476335.02,2020,0.00047633502
TDAD02H339,TDA,01/08/2019,Dívida Interna,Vencimento,4715.0,474281.85,2019,0.00047428184999999997
TDAD06K414,TDA,01/11/2022,Dívida Interna,Vencimento,4678.0,471776.3,2022,0.00047177629999999997
TDA22050600,TDA,01/05/2022,Dívida Interna,Vencimento,4494.0,470836.38,2022,0.00047083638000000003
TDA21050600,TDA,01/05/2021,Dívida Interna,Vencimento,4490.0,469339.7,2021,0.0004693397
TDAD06K412,TDA,01/11/2020,Dívida Interna,Vencimento,4678.0,465975.58,2020,0.00046597558
TDAD06K413,TDA,01/11/2021,Dívida Interna,Vencimento,4678.0,465975.58,2021,0.00046597558
TDAD06K411,TDA,01/11/2019,Dívida Interna,Vencimento,4678.0,465928.8,2019,0.0004659288
TDA19030300,TDA,01/03/2019,Dívida Interna,Vencimento,4560.0,463113.6,2019,0.00046311359999999996
TDAD05B337,TDA,01/02/2020,Dívida Interna,Vencimento,4493.0,451950.87,2020,0.00045195087
TDAD03I414,TDA,01/09/2019,Dívida Interna,Vencimento,4532.0,451432.52,2019,0.00045143252
TDAD02J340,TDA,01/10/2020,Dívida Interna,Vencimento,4450.0,447625.5,2020,0.0004476255
TDAD03I416,TDA,01/09/2021,Dívida Interna,Vencimento,4479.0,446153.19,2021,0.00044615319
TDAD03I417,TDA,01/09/2022,Dívida Interna,Vencimento,4377.0,440019.81,2022,0.00044001981
TDAD02J339,TDA,01/10/2019,Dívida Interna,Vencimento,4354.0,437968.86,2019,0.00043796886
TDAH090338,TDA,01/03/2019,Dívida Interna,Vencimento,4170.0,435806.7,2019,0.00043580670000000003
TDAD03E415,TDA,01/05/2020,Dívida Interna,Vencimento,4335.0,431766.0,2020,0.000431766
TDAD03E414,TDA,01/05/2019,Dívida Interna,Vencimento,4319.0,430172.4,2019,0.0004301724
TDAD07C235,TDA,01/03/2019,Dívida Interna,Vencimento,4226.0,429192.56,2019,0.00042919256
TDAE110738,TDA,01/07/2021,Dívida Interna,Vencimento,4077.0,426168.81,2021,0.00042616881
TDAE110736,TDA,01/07/2019,Dívida Interna,Vencimento,4048.0,423177.92,2019,0.00042317791999999996
TDAE110737,TDA,01/07/2020,Dívida Interna,Vencimento,4048.0,423096.96,2020,0.00042309696000000004
TDAD04K238,TDA,01/11/2019,Dívida Interna,Vencimento,4151.0,421575.56,2019,0.00042157556
TDAD09C333,TDA,01/03/2020,Dívida Interna,Vencimento,4149.0,417389.4,2020,0.0004173894
TDAD07I238,TDA,01/09/2022,Dívida Interna,Vencimento,4042.0,414385.84,2022,0.00041438584000000003
TDAJ10FC18,TDA,01/06/2020,Dívida Interna,Vencimento,4074.0,413836.92,2020,0.00041383692
TDAD12K330,TDA,01/11/2020,Dívida Interna,Vencimento,4110.0,413466.0,2020,0.000413466
TDAD12K329,TDA,01/11/2019,Dívida Interna,Vencimento,4110.0,413424.9,2019,0.0004134249
TDAJ10FC17,TDA,01/06/2019,Dívida Interna,Vencimento,4069.0,413247.64,2019,0.00041324764000000004
TDAD09C332,TDA,01/03/2019,Dívida Interna,Vencimento,4063.0,408697.17,2019,0.00040869717
TDAD12K331,TDA,01/11/2021,Dívida Interna,Vencimento,4052.0,407631.2,2021,0.0004076312
TDAD03E416,TDA,01/05/2021,Dívida Interna,Vencimento,4080.0,406408.8,2021,0.0004064088
TDAD03I415,TDA,01/09/2020,Dívida Interna,Vencimento,4069.0,405313.09,2020,0.00040531309000000005
TDAD13F232,TDA,01/06/2022,Dívida Interna,Vencimento,3917.0,399455.66,2022,0.00039945565999999997
TDAD13F230,TDA,01/06/2020,Dívida Interna,Vencimento,3917.0,397888.86,2020,0.00039788886
TDAD13F231,TDA,01/06/2021,Dívida Interna,Vencimento,3917.0,397888.86,2021,0.00039788886
TDAD03E417,TDA,01/05/2022,Dívida Interna,Vencimento,3985.0,397862.4,2022,0.00039786240000000005
TDAD13F229,TDA,01/06/2019,Dívida Interna,Vencimento,3917.0,397810.52,2019,0.00039781052
TDAD11E333,TDA,01/05/2022,Dívida Interna,Vencimento,3929.0,396161.07,2022,0.00039616107
TDAD08E237,TDA,01/05/2022,Dívida Interna,Vencimento,3885.0,395531.85,2022,0.00039553185
TDAD11E330,TDA,01/05/2019,Dívida Interna,Vencimento,3929.0,395218.11,2019,0.00039521810999999996
TDAD11E331,TDA,01/05/2020,Dívida Interna,Vencimento,3929.0,395218.11,2020,0.00039521810999999996
TDAD11E332,TDA,01/05/2021,Dívida Interna,Vencimento,3929.0,395218.11,2021,0.00039521810999999996
TDAD08E235,TDA,01/05/2020,Dívida Interna,Vencimento,3883.0,394357.48,2020,0.00039435748
TDAE090938,TDA,01/09/2019,Dívida Interna,Vencimento,3735.0,390456.9,2019,0.0003904569
TDAD08E236,TDA,01/05/2021,Dívida Interna,Vencimento,3821.0,388137.18,2021,0.00038813717999999997
TDAD07D336,TDA,01/04/2021,Dívida Interna,Vencimento,3846.0,386907.6,2021,0.00038690759999999996
TDAD06G338,TDA,01/07/2022,Dívida Interna,Vencimento,3817.0,385975.04,2022,0.00038597504
TDAD12K332,TDA,01/11/2022,Dívida Interna,Vencimento,3780.0,384993.0,2022,0.000384993
TDAD06G335,TDA,01/07/2019,Dívida Interna,Vencimento,3817.0,383990.2,2019,0.00038399020000000003
TDAD06G337,TDA,01/07/2021,Dívida Interna,Vencimento,3817.0,383952.03,2021,0.00038395203
TDAD06G336,TDA,01/07/2020,Dívida Interna,Vencimento,3817.0,383913.86,2020,0.00038391386
TDAD08E234,TDA,01/05/2019,Dívida Interna,Vencimento,3734.0,379225.04,2019,0.00037922503999999996
TDAD01K340,TDA,01/11/2019,Dívida Interna,Vencimento,3754.0,377614.86,2019,0.00037761486
TDA22110600,TDA,01/11/2022,Dívida Interna,Vencimento,3481.0,368463.85,2022,0.00036846385
TDA22050300,TDA,01/05/2022,Dívida Interna,Vencimento,3617.0,368246.77,2022,0.00036824677000000004
TDA21050300,TDA,01/05/2021,Dívida Interna,Vencimento,3617.0,367414.86,2021,0.00036741485999999997
TDA20050300,TDA,01/05/2020,Dívida Interna,Vencimento,3617.0,367342.52,2020,0.00036734252000000003
TDAD04E340,TDA,01/05/2022,Dívida Interna,Vencimento,3627.0,365710.41,2022,0.00036571041
TDAD04E337,TDA,01/05/2019,Dívida Interna,Vencimento,3615.0,363632.85,2019,0.00036363285
TDAD04E338,TDA,01/05/2020,Dívida Interna,Vencimento,3615.0,363632.85,2020,0.00036363285
TDAD04E339,TDA,01/05/2021,Dívida Interna,Vencimento,3615.0,363632.85,2021,0.00036363285
TDAD07D335,TDA,01/04/2020,Dívida Interna,Vencimento,3611.0,363230.49,2020,0.00036323048999999997
TDAD12J329,TDA,01/10/2019,Dívida Interna,Vencimento,3579.0,360011.61,2019,0.00036001161
TDAD09C334,TDA,01/03/2021,Dívida Interna,Vencimento,3574.0,359472.92,2021,0.00035947291999999996
TDAD06G237,TDA,01/07/2020,Dívida Interna,Vencimento,3506.0,356104.42,2020,0.00035610442
TDAD06G238,TDA,01/07/2021,Dívida Interna,Vencimento,3492.0,354717.36,2021,0.00035471735999999997
TDAD06B236,TDA,01/02/2019,Dívida Interna,Vencimento,3484.0,353835.04,2019,0.00035383504
TDAD06B237,TDA,01/02/2020,Dívida Interna,Vencimento,3484.0,353835.04,2020,0.00035383504
TDAD06B238,TDA,01/02/2021,Dívida Interna,Vencimento,3479.0,353396.82,2021,0.00035339682
TDAD09C335,TDA,01/03/2022,Dívida Interna,Vencimento,3418.0,344090.06,2022,0.00034409006
TDAD06G236,TDA,01/07/2019,Dívida Interna,Vencimento,3385.0,343848.3,2019,0.0003438483
TDAE110638,TDA,01/06/2021,Dívida Interna,Vencimento,3263.0,341114.02,2021,0.00034111402000000003
TDAE110637,TDA,01/06/2020,Dívida Interna,Vencimento,3255.0,340277.7,2020,0.0003402777
TDAE110636,TDA,01/06/2019,Dívida Interna,Vencimento,3255.0,340180.05,2019,0.00034018005
TDAD02H418,TDA,01/08/2022,Dívida Interna,Vencimento,3269.0,327913.39,2022,0.00032791339
TDAD02H417,TDA,01/08/2021,Dívida Interna,Vencimento,3250.0,323732.5,2021,0.0003237325
TDAD02H416,TDA,01/08/2020,Dívida Interna,Vencimento,3250.0,323700.0,2020,0.0003237
TDAH071273,TDA,01/12/2022,Dívida Interna,Vencimento,3041.0,322285.18,2022,0.00032228518
TDAD04D238,TDA,01/04/2019,Dívida Interna,Vencimento,3146.0,319570.68,2019,0.00031957067999999997
TDAH071270,TDA,01/12/2019,Dívida Interna,Vencimento,3041.0,317906.14,2019,0.00031790614
TDAH071271,TDA,01/12/2020,Dívida Interna,Vencimento,3041.0,317875.73,2020,0.00031787572999999997
TDAH071272,TDA,01/12/2021,Dívida Interna,Vencimento,3041.0,317875.73,2021,0.00031787572999999997
TDAD10G235,TDA,01/07/2022,Dívida Interna,Vencimento,3109.0,317459.99,2022,0.00031745998999999997
TDAD10G232,TDA,01/07/2019,Dívida Interna,Vencimento,3109.0,315812.22,2019,0.00031581222
TDAD10G234,TDA,01/07/2021,Dívida Interna,Vencimento,3109.0,315812.22,2021,0.00031581222
TDAD10G233,TDA,01/07/2020,Dívida Interna,Vencimento,3109.0,315781.13,2020,0.00031578113
TDAD04L416,TDA,01/12/2022,Dívida Interna,Vencimento,3120.0,315088.8,2022,0.0003150888
TDAD12J330,TDA,01/10/2020,Dívida Interna,Vencimento,3099.0,311728.41,2020,0.00031172841
TDAD12D332,TDA,01/04/2022,Dívida Interna,Vencimento,3068.0,309193.04,2022,0.00030919304
TDAD12D329,TDA,01/04/2019,Dívida Interna,Vencimento,3068.0,308640.8,2019,0.0003086408
TDAD12D331,TDA,01/04/2021,Dívida Interna,Vencimento,3068.0,308640.8,2021,0.0003086408
TDAD12D330,TDA,01/04/2020,Dívida Interna,Vencimento,3068.0,308610.12,2020,0.00030861011999999997
TDAD12J331,TDA,01/10/2021,Dívida Interna,Vencimento,3066.0,308408.94,2021,0.00030840894
TDAD04L414,TDA,01/12/2020,Dívida Interna,Vencimento,3053.0,304109.33,2020,0.00030410933000000003
TDAD12J332,TDA,01/10/2022,Dívida Interna,Vencimento,2961.0,301133.7,2022,0.0003011337
TDAD06B411,TDA,01/02/2019,Dívida Interna,Vencimento,3021.0,300891.6,2019,0.00030089159999999995
TDAD02H415,TDA,01/08/2019,Dívida Interna,Vencimento,2974.0,296210.4,2019,0.0002962104
HSTN A841,HSTN,15/01/2022,Dívida Interna,Vencimento,4.0,294991.28,2022,0.00029499128
TDA20010300,TDA,01/01/2020,Dívida Interna,Vencimento,2628.0,294912.88,2020,0.00029491288
TDAD09K236,TDA,01/11/2022,Dívida Interna,Vencimento,2865.0,294665.25,2022,0.00029466525
TDAD08K235,TDA,01/11/2020,Dívida Interna,Vencimento,2873.0,291839.34,2020,0.00029183934
TDAD09K234,TDA,01/11/2020,Dívida Interna,Vencimento,2865.0,291026.7,2020,0.0002910267
TDAD09K233,TDA,01/11/2019,Dívida Interna,Vencimento,2865.0,290969.4,2019,0.0002909694
TDA19090600,TDA,01/09/2019,Dívida Interna,Vencimento,2782.0,290830.28,2019,0.00029083028
TDAJ11IC16,TDA,01/09/2019,Dívida Interna,Vencimento,2863.0,290823.54,2019,0.00029082353999999996
TDAJ11IC17,TDA,01/09/2020,Dívida Interna,Vencimento,2863.0,290823.54,2020,0.00029082353999999996
TDAJ11IC18,TDA,01/09/2021,Dívida Interna,Vencimento,2863.0,290823.54,2021,0.00029082353999999996
TDAD08K234,TDA,01/11/2019,Dívida Interna,Vencimento,2859.0,290360.04,2019,0.00029036004
TDAD08K237,TDA,01/11/2022,Dívida Interna,Vencimento,2816.0,289625.6,2022,0.0002896256
HSTN A839,HSTN,15/11/2021,Dívida Interna,Vencimento,4.0,287347.64,2021,0.00028734764
TDAD07G410,TDA,01/07/2019,Dívida Interna,Vencimento,2881.0,286976.41,2019,0.00028697640999999997
TDAD09K235,TDA,01/11/2021,Dívida Interna,Vencimento,2816.0,286049.28,2021,0.00028604928000000005
TDAD09K335,TDA,01/11/2022,Dívida Interna,Vencimento,2805.0,285689.25,2022,0.00028568925
TDAD01I340,TDA,01/09/2019,Dívida Interna,Vencimento,2832.0,284899.2,2019,0.00028489920000000004
TDAD01B340,TDA,01/02/2019,Dívida Interna,Vencimento,2822.0,283864.98,2019,0.00028386498
TDAD09K333,TDA,01/11/2020,Dívida Interna,Vencimento,2813.0,282987.8,2020,0.0002829878
TDAD09K334,TDA,01/11/2021,Dívida Interna,Vencimento,2813.0,282987.8,2021,0.0002829878
HSTN A838,HSTN,15/10/2021,Dívida Interna,Vencimento,4.0,282974.92,2021,0.00028297492
TDAD09K332,TDA,01/11/2019,Dívida Interna,Vencimento,2813.0,282959.67,2019,0.00028295967
TDAD06C238,TDA,01/03/2021,Dívida Interna,Vencimento,2767.0,281016.52,2021,0.00028101652
TDAJ09EC18,TDA,01/05/2019,Dívida Interna,Vencimento,2767.0,281016.52,2019,0.00028101652
TDAJ12EC17,TDA,01/05/2021,Dívida Interna,Vencimento,2765.0,280868.7,2021,0.0002808687
TDAD08K236,TDA,01/11/2021,Dívida Interna,Vencimento,2746.0,278938.68,2021,0.00027893868
TDAD04L415,TDA,01/12/2021,Dívida Interna,Vencimento,2798.0,278708.78,2021,0.00027870878000000004
TDAD08D336,TDA,01/04/2022,Dívida Interna,Vencimento,2744.0,276540.32,2022,0.00027654032
TDAD06C237,TDA,01/03/2020,Dívida Interna,Vencimento,2719.0,276196.02,2020,0.00027619602
TDAD06C236,TDA,01/03/2019,Dívida Interna,Vencimento,2719.0,276141.64,2019,0.00027614164000000003
TDAD08D333,TDA,01/04/2019,Dívida Interna,Vencimento,2744.0,276046.4,2019,0.00027604640000000003
TDAD08D335,TDA,01/04/2021,Dívida Interna,Vencimento,2744.0,276046.4,2021,0.00027604640000000003
TDAD08D334,TDA,01/04/2020,Dívida Interna,Vencimento,2744.0,276018.96,2020,0.00027601896
TDAD06B414,TDA,01/02/2022,Dívida Interna,Vencimento,2753.0,274474.1,2022,0.00027447409999999995
TDAD03H340,TDA,01/08/2021,Dívida Interna,Vencimento,2717.0,273330.2,2021,0.00027333020000000003
TDAD03H338,TDA,01/08/2019,Dívida Interna,Vencimento,2710.0,272598.9,2019,0.0002725989
TDAD03H339,TDA,01/08/2020,Dívida Interna,Vencimento,2710.0,272598.9,2020,0.0002725989
HSTN A835,HSTN,15/07/2021,Dívida Interna,Vencimento,4.0,271991.52,2021,0.00027199152
HSTN A834,HSTN,15/06/2021,Dívida Interna,Vencimento,4.0,265085.64,2021,0.00026508564
TDAD04L413,TDA,01/12/2019,Dívida Interna,Vencimento,2650.0,263966.5,2019,0.0002639665
TDAJ10GC18,TDA,01/07/2020,Dívida Interna,Vencimento,2565.0,260527.05,2020,0.00026052705
TDAJ10GC17,TDA,01/07/2019,Dívida Interna,Vencimento,2556.0,259638.48,2019,0.00025963848
TDAD09J411,TDA,01/10/2022,Dívida Interna,Vencimento,2573.0,259126.83,2022,0.00025912683
TDAE041258,TDA,01/12/2019,Dívida Interna,Vencimento,2477.0,258945.58,2019,0.00025894557999999997
TDAD05H339,TDA,01/08/2022,Dívida Interna,Vencimento,2546.0,257909.8,2022,0.0002579098
TDAD09J409,TDA,01/10/2020,Dívida Interna,Vencimento,2573.0,256296.53,2020,0.00025629653
TDAD09J410,TDA,01/10/2021,Dívida Interna,Vencimento,2573.0,256296.53,2021,0.00025629653
TDAD09J408,TDA,01/10/2019,Dívida Interna,Vencimento,2573.0,256270.8,2019,0.0002562708
HSTN A833,HSTN,15/05/2021,Dívida Interna,Vencimento,4.0,255173.0,2021,0.000255173
TDAD09E236,TDA,01/05/2022,Dívida Interna,Vencimento,2483.0,252794.23,2022,0.00025279423000000004
TDAJ12EC15,TDA,01/05/2019,Dívida Interna,Vencimento,2485.0,252376.6,2019,0.0002523766
TDAD09E235,TDA,01/05/2021,Dívida Interna,Vencimento,2483.0,252223.14,2021,0.00025222314
TDAD09E233,TDA,01/05/2019,Dívida Interna,Vencimento,2483.0,252173.48,2019,0.00025217348
TDAD01D340,TDA,01/04/2019,Dívida Interna,Vencimento,2503.0,251801.8,2019,0.0002518018
TDAD06L338,TDA,01/12/2022,Dívida Interna,Vencimento,2449.0,249773.51,2022,0.00024977351000000003
HSTN A832,HSTN,15/04/2021,Dívida Interna,Vencimento,4.0,247542.72,2021,0.00024754272
TDAJ12EC18,TDA,01/05/2022,Dívida Interna,Vencimento,2427.0,247092.87,2022,0.00024709287
TDAD06L335,TDA,01/12/2019,Dívida Interna,Vencimento,2449.0,246369.4,2019,0.0002463694
TDAD06L336,TDA,01/12/2020,Dívida Interna,Vencimento,2449.0,246344.91,2020,0.00024634491
TDAD06L337,TDA,01/12/2021,Dívida Interna,Vencimento,2449.0,246344.91,2021,0.00024634491
TDAD09D233,TDA,01/04/2019,Dívida Interna,Vencimento,2377.0,241455.66,2019,0.00024145566
TDAD13E232,TDA,01/05/2022,Dívida Interna,Vencimento,2364.0,240678.84,2022,0.00024067884
TDAD13E231,TDA,01/05/2021,Dívida Interna,Vencimento,2364.0,240135.12,2021,0.00024013512
TDAD09D234,TDA,01/04/2020,Dívida Interna,Vencimento,2364.0,240087.84,2020,0.00024008784
TDAD13E229,TDA,01/05/2019,Dívida Interna,Vencimento,2364.0,240087.84,2019,0.00024008784
TDAD13E230,TDA,01/05/2020,Dívida Interna,Vencimento,2364.0,240087.84,2020,0.00024008784
TDAD05K339,TDA,01/11/2022,Dívida Interna,Vencimento,2354.0,239754.9,2022,0.0002397549
TDAH110138,TDA,01/01/2021,Dívida Interna,Vencimento,2290.0,239396.6,2021,0.0002393966
HSTN A831,HSTN,15/03/2021,Dívida Interna,Vencimento,4.0,239069.72,2021,0.00023906972
TDAH110136,TDA,01/01/2019,Dívida Interna,Vencimento,2286.0,238909.86,2019,0.00023890986
TDAH110137,TDA,01/01/2020,Dívida Interna,Vencimento,2286.0,238909.86,2020,0.00023890986
TDAD09D235,TDA,01/04/2021,Dívida Interna,Vencimento,2345.0,238205.1,2021,0.0002382051
TDAD03I340,TDA,01/09/2021,Dívida Interna,Vencimento,2367.0,238120.2,2021,0.00023812020000000002
TDAD07H238,TDA,01/08/2022,Dívida Interna,Vencimento,2324.0,237721.96,2022,0.00023772196
TDAD05H338,TDA,01/08/2021,Dívida Interna,Vencimento,2363.0,237717.8,2021,0.00023771779999999998
TDAD01G340,TDA,01/07/2019,Dívida Interna,Vencimento,2355.0,236913.0,2019,0.000236913
TDAD05K337,TDA,01/11/2020,Dívida Interna,Vencimento,2354.0,236812.4,2020,0.00023681239999999998
TDAD05K338,TDA,01/11/2021,Dívida Interna,Vencimento,2354.0,236812.4,2021,0.00023681239999999998
TDAD05K336,TDA,01/11/2019,Dívida Interna,Vencimento,2354.0,236788.86,2019,0.00023678886
HSTN A843,HSTN,15/03/2022,Dívida Interna,Vencimento,3.0,233206.83,2022,0.00023320682999999998
TDAJ12EC16,TDA,01/05/2020,Dívida Interna,Vencimento,2287.0,232267.72,2020,0.00023226772
TDAD06B413,TDA,01/02/2021,Dívida Interna,Vencimento,2331.0,232190.91,2021,0.00023219091
HSTN A830,HSTN,15/02/2021,Dívida Interna,Vencimento,4.0,230682.92,2021,0.00023068292000000002
TDAD03I338,TDA,01/09/2019,Dívida Interna,Vencimento,2291.0,230474.6,2019,0.0002304746
TDAD03I339,TDA,01/09/2020,Dívida Interna,Vencimento,2291.0,230474.6,2020,0.0002304746
TDAD12F233,TDA,01/06/2022,Dívida Interna,Vencimento,2254.0,229862.92,2022,0.00022986292
TDAD12F231,TDA,01/06/2020,Dívida Interna,Vencimento,2254.0,228961.32,2020,0.00022896132000000001
TDAD12F232,TDA,01/06/2021,Dívida Interna,Vencimento,2254.0,228961.32,2021,0.00022896132000000001
TDAD12F230,TDA,01/06/2019,Dívida Interna,Vencimento,2254.0,228916.24,2019,0.00022891623999999998
HSTN A842,HSTN,15/02/2022,Dívida Interna,Vencimento,3.0,227015.13,2022,0.00022701513
TDAD05F339,TDA,01/06/2022,Dívida Interna,Vencimento,2231.0,225308.69,2022,0.00022530869
TDAD01J340,TDA,01/10/2019,Dívida Interna,Vencimento,2239.0,225221.01,2019,0.00022522101000000002
TDAD05F338,TDA,01/06/2021,Dívida Interna,Vencimento,2231.0,224438.6,2021,0.0002244386
HSTN A829,HSTN,15/01/2021,Dívida Interna,Vencimento,4.0,224335.48,2021,0.00022433548000000002
HSTN A823,HSTN,15/07/2020,Dívida Interna,Vencimento,5.0,223988.45,2020,0.00022398845000000002
TDAD09D236,TDA,01/04/2022,Dívida Interna,Vencimento,2200.0,223894.0,2022,0.000223894
TDAD06B412,TDA,01/02/2020,Dívida Interna,Vencimento,2224.0,221510.4,2020,0.00022151039999999999
TDAD09I409,TDA,01/09/2020,Dívida Interna,Vencimento,2219.0,221034.59,2020,0.00022103459
TDAD09I410,TDA,01/09/2021,Dívida Interna,Vencimento,2219.0,221034.59,2021,0.00022103459
TDAD09I408,TDA,01/09/2019,Dívida Interna,Vencimento,2209.0,220038.49,2019,0.00022003849
HSTN A828,HSTN,15/12/2020,Dívida Interna,Vencimento,4.0,218402.16,2020,0.00021840216
HSTN A840,HSTN,15/12/2021,Dívida Interna,Vencimento,3.0,218395.26,2021,0.00021839526000000002
TDAD08D412,TDA,01/04/2022,Dívida Interna,Vencimento,2177.0,217242.83,2022,0.00021724283
TDAD08D409,TDA,01/04/2019,Dívida Interna,Vencimento,2177.0,216850.97,2019,0.00021685097
TDAD08D411,TDA,01/04/2021,Dívida Interna,Vencimento,2177.0,216850.97,2021,0.00021685097
TDAD08D410,TDA,01/04/2020,Dívida Interna,Vencimento,2177.0,216829.2,2020,0.00021682920000000002
TDAD07G413,TDA,01/07/2022,Dívida Interna,Vencimento,2157.0,215980.41,2022,0.00021598041
HSTN A821,HSTN,15/05/2020,Dívida Interna,Vencimento,5.0,215791.55,2020,0.00021579154999999998
TDAD05F337,TDA,01/06/2020,Dívida Interna,Vencimento,2142.0,215485.2,2020,0.0002154852
TDAJ09CC18,TDA,01/03/2019,Dívida Interna,Vencimento,2088.0,212057.28,2019,0.00021205728
HSTN A837,HSTN,15/09/2021,Dívida Interna,Vencimento,3.0,210951.75,2021,0.00021095175
TDAD05F336,TDA,01/06/2019,Dívida Interna,Vencimento,2093.0,210534.87,2019,0.00021053487
HSTN A827,HSTN,15/11/2020,Dívida Interna,Vencimento,4.0,210041.76,2020,0.00021004176
HSTN A836,HSTN,15/08/2021,Dívida Interna,Vencimento,3.0,207669.66,2021,0.00020766966
TDAE100355,TDA,01/03/2022,Dívida Interna,Vencimento,1983.0,207401.97,2022,0.00020740197
TDAE100353,TDA,01/03/2020,Dívida Interna,Vencimento,1983.0,207302.82,2020,0.00020730282
TDAE100352,TDA,01/03/2019,Dívida Interna,Vencimento,1983.0,207243.33,2019,0.00020724332999999998
TDAE100354,TDA,01/03/2021,Dívida Interna,Vencimento,1983.0,207203.67,2021,0.00020720367000000002
TDAD05H337,TDA,01/08/2020,Dívida Interna,Vencimento,2058.0,207014.22,2020,0.00020701422
TDA21120100,TDA,01/12/2021,Dívida Interna,Vencimento,2038.0,203005.18,2021,0.00020300517999999998
TDA19120100,TDA,01/12/2019,Dívida Interna,Vencimento,2034.0,202606.74,2019,0.00020260674
TDA20120100,TDA,01/12/2020,Dívida Interna,Vencimento,2034.0,202606.74,2020,0.00020260674
HSTN A826,HSTN,15/10/2020,Dívida Interna,Vencimento,4.0,200845.32,2020,0.00020084532
TDAD07D238,TDA,01/04/2022,Dívida Interna,Vencimento,1968.0,200283.36,2022,0.00020028336
TDAD05D415,TDA,01/04/2022,Dívida Interna,Vencimento,1981.0,197683.99,2022,0.00019768398999999999
TDAD07G411,TDA,01/07/2020,Dívida Interna,Vencimento,1969.0,196112.4,2020,0.0001961124
TDAD05H336,TDA,01/08/2019,Dívida Interna,Vencimento,1928.0,193937.52,2019,0.00019393752
HSTN A825,HSTN,15/09/2020,Dívida Interna,Vencimento,4.0,192186.68,2020,0.00019218668
TDAD02C416,TDA,01/03/2020,Dívida Interna,Vencimento,1927.0,191948.47,2020,0.00019194847
TDAD07G412,TDA,01/07/2021,Dívida Interna,Vencimento,1925.0,191749.25,2021,0.00019174925
TDAD09I411,TDA,01/09/2022,Dívida Interna,Vencimento,1904.0,191409.12,2022,0.00019140912
TDAD07D235,TDA,01/04/2019,Dívida Interna,Vencimento,1869.0,189853.02,2019,0.00018985302
TDAD02C415,TDA,01/03/2019,Dívida Interna,Vencimento,1906.0,189837.6,2019,0.0001898376
TDAD07D236,TDA,01/04/2020,Dívida Interna,Vencimento,1869.0,189815.64,2020,0.00018981564000000002
TDAD12I233,TDA,01/09/2022,Dívida Interna,Vencimento,1839.0,188534.28,2022,0.00018853428
TDAD12I230,TDA,01/09/2019,Dívida Interna,Vencimento,1839.0,186805.62,2019,0.00018680562
TDAD12I231,TDA,01/09/2020,Dívida Interna,Vencimento,1839.0,186805.62,2020,0.00018680562
TDAD12I232,TDA,01/09/2021,Dívida Interna,Vencimento,1839.0,186805.62,2021,0.00018680562
TDAD07H413,TDA,01/08/2022,Dívida Interna,Vencimento,1856.0,186175.36,2022,0.00018617535999999998
TDAD07H412,TDA,01/08/2021,Dívida Interna,Vencimento,1856.0,184876.16,2021,0.00018487616
TDAD07H410,TDA,01/08/2019,Dívida Interna,Vencimento,1856.0,184857.6,2019,0.0001848576
TDAD07H411,TDA,01/08/2020,Dívida Interna,Vencimento,1856.0,184857.6,2020,0.0001848576
HSTN A824,HSTN,15/08/2020,Dívida Interna,Vencimento,4.0,184522.48,2020,0.00018452248
TDAD02C418,TDA,01/03/2022,Dívida Interna,Vencimento,1839.0,183329.91,2022,0.00018332991
TDAD02C417,TDA,01/03/2021,Dívida Interna,Vencimento,1823.0,181570.8,2021,0.00018157079999999999
TDAD09E234,TDA,01/05/2020,Dívida Interna,Vencimento,1787.0,181487.72,2020,0.00018148772
TDAD07L410,TDA,01/12/2019,Dívida Interna,Vencimento,1794.0,178700.34,2019,0.00017870034
TDAD07L411,TDA,01/12/2020,Dívida Interna,Vencimento,1794.0,178700.34,2020,0.00017870034
TDAD07L412,TDA,01/12/2021,Dívida Interna,Vencimento,1790.0,178301.9,2021,0.0001783019
HSTN A822,HSTN,15/06/2020,Dívida Interna,Vencimento,4.0,175354.44,2020,0.00017535444
TDAD01L340,TDA,01/12/2019,Dívida Interna,Vencimento,1727.0,173736.2,2019,0.0001737362
TDAD05L339,TDA,01/12/2022,Dívida Interna,Vencimento,1696.0,172975.04,2022,0.00017297504000000002
TDAD07L413,TDA,01/12/2022,Dívida Interna,Vencimento,1691.0,170774.09,2022,0.00017077409
TDAD05L338,TDA,01/12/2021,Dívida Interna,Vencimento,1650.0,165973.5,2021,0.0001659735
TDAD04G340,TDA,01/07/2022,Dívida Interna,Vencimento,1636.0,165432.32,2022,0.00016543232000000002
TDAD04C337,TDA,01/03/2019,Dívida Interna,Vencimento,1628.0,163760.52,2019,0.00016376052
TDAD07D237,TDA,01/04/2021,Dívida Interna,Vencimento,1606.0,163137.48,2021,0.00016313748
TDAD02I340,TDA,01/09/2020,Dívida Interna,Vencimento,1612.0,162167.2,2020,0.00016216720000000002
TDAD04G339,TDA,01/07/2021,Dívida Interna,Vencimento,1600.0,160944.0,2021,0.000160944
TDAD02I339,TDA,01/09/2019,Dívida Interna,Vencimento,1599.0,160859.4,2019,0.0001608594
TDAD05L337,TDA,01/12/2020,Dívida Interna,Vencimento,1581.0,159032.79,2020,0.00015903279000000002
TDAD03K338,TDA,01/11/2019,Dívida Interna,Vencimento,1575.0,158429.25,2019,0.00015842925
TDAD05B415,TDA,01/02/2022,Dívida Interna,Vencimento,1583.0,157825.1,2022,0.0001578251
TDAD04G338,TDA,01/07/2020,Dívida Interna,Vencimento,1569.0,157810.02,2020,0.00015781001999999998
TDAD05B414,TDA,01/02/2021,Dívida Interna,Vencimento,1583.0,157682.63,2021,0.00015768263
TDAD05B412,TDA,01/02/2019,Dívida Interna,Vencimento,1583.0,157666.8,2019,0.0001576668
TDAD05B413,TDA,01/02/2020,Dívida Interna,Vencimento,1583.0,157666.8,2020,0.0001576668
TDAD04G337,TDA,01/07/2019,Dívida Interna,Vencimento,1563.0,157237.8,2019,0.0001572378
TDAD02A340,TDA,01/01/2020,Dívida Interna,Vencimento,1558.0,156719.22,2020,0.00015671922
TDAD04G416,TDA,01/07/2022,Dívida Interna,Vencimento,1548.0,155001.24,2022,0.00015500123999999998
TDAD03K339,TDA,01/11/2020,Dívida Interna,Vencimento,1539.0,154823.4,2020,0.0001548234
TDAD02A339,TDA,01/01/2019,Dívida Interna,Vencimento,1537.0,154606.83,2019,0.00015460683
TDAD04G413,TDA,01/07/2019,Dívida Interna,Vencimento,1548.0,154196.28,2019,0.00015419628
TDAD04G415,TDA,01/07/2021,Dívida Interna,Vencimento,1548.0,154196.28,2021,0.00015419628
TDAD04G414,TDA,01/07/2020,Dívida Interna,Vencimento,1548.0,154180.8,2020,0.0001541808
TDAD05L336,TDA,01/12/2019,Dívida Interna,Vencimento,1531.0,154018.6,2019,0.0001540186
TDAD05J415,TDA,01/10/2022,Dívida Interna,Vencimento,1491.0,150158.61,2022,0.00015015860999999998
TDAE020278,TDA,01/02/2022,Dívida Interna,Vencimento,1420.0,148588.8,2022,0.00014858879999999998
TDAD05J413,TDA,01/10/2020,Dívida Interna,Vencimento,1491.0,148518.51,2020,0.00014851851
TDAD05J414,TDA,01/10/2021,Dívida Interna,Vencimento,1491.0,148518.51,2021,0.00014851851
TDAD05J412,TDA,01/10/2019,Dívida Interna,Vencimento,1491.0,148503.6,2019,0.0001485036
TDAE020277,TDA,01/02/2021,Dívida Interna,Vencimento,1410.0,147401.4,2021,0.0001474014
TDAE020275,TDA,01/02/2019,Dívida Interna,Vencimento,1410.0,147359.1,2019,0.00014735910000000002
TDAE020276,TDA,01/02/2020,Dívida Interna,Vencimento,1410.0,147359.1,2020,0.00014735910000000002
TDAJ10LC17,TDA,01/12/2019,Dívida Interna,Vencimento,1438.0,146072.04,2019,0.00014607204
TDAJ10JC18,TDA,01/10/2020,Dívida Interna,Vencimento,1423.0,144548.34,2020,0.00014454834
TDAJ10JC17,TDA,01/10/2019,Dívida Interna,Vencimento,1418.0,144012.08,2019,0.00014401207999999998
TDAJ10LC18,TDA,01/12/2020,Dívida Interna,Vencimento,1408.0,143024.64,2020,0.00014302464000000002
TDAJ10BC18,TDA,01/02/2020,Dívida Interna,Vencimento,1404.0,142590.24,2020,0.00014259024
TDAJ10BC17,TDA,01/02/2019,Dívida Interna,Vencimento,1394.0,141574.64,2019,0.00014157464000000001
TDAD00I418,TDA,01/09/2020,Dívida Interna,Vencimento,1417.0,141147.37,2020,0.00014114737
TDAD01E340,TDA,01/05/2019,Dívida Interna,Vencimento,1381.0,138914.79,2019,0.00013891479
TDAD00I417,TDA,01/09/2019,Dívida Interna,Vencimento,1388.0,138258.68,2019,0.00013825867999999998
TDAD04C340,TDA,01/03/2022,Dívida Interna,Vencimento,1323.0,133186.41,2022,0.00013318641
TDA22050200,TDA,01/05/2022,Dívida Interna,Vencimento,1312.0,132288.96,2022,0.00013228896
TDA19050200,TDA,01/05/2019,Dívida Interna,Vencimento,1312.0,131974.08,2019,0.00013197407999999999
TDA20050200,TDA,01/05/2020,Dívida Interna,Vencimento,1312.0,131974.08,2020,0.00013197407999999999
TDA21050200,TDA,01/05/2021,Dívida Interna,Vencimento,1312.0,131974.08,2021,0.00013197407999999999
TDAD04C338,TDA,01/03/2020,Dívida Interna,Vencimento,1297.0,130478.2,2020,0.0001304782
TDAD04C339,TDA,01/03/2021,Dívida Interna,Vencimento,1297.0,130452.26,2021,0.00013045226
TDA21010300,TDA,01/01/2021,Dívida Interna,Vencimento,1284.0,130428.72,2021,0.00013042872
TDAD03K340,TDA,01/11/2021,Dívida Interna,Vencimento,1291.0,129874.6,2021,0.0001298746
TDAD00K418,TDA,01/11/2020,Dívida Interna,Vencimento,1301.0,129592.61,2020,0.00012959261
TDAD00K417,TDA,01/11/2019,Dívida Interna,Vencimento,1276.0,127089.6,2019,0.0001270896
TDA22010300,TDA,01/01/2022,Dívida Interna,Vencimento,1232.0,125208.16,2022,0.00012520816
TDAD08G336,TDA,01/07/2022,Dívida Interna,Vencimento,1238.0,125186.56,2022,0.00012518656
TDA19090300,TDA,01/09/2019,Dívida Interna,Vencimento,1232.0,125146.56,2019,0.00012514656
TDAD02K339,TDA,01/11/2019,Dívida Interna,Vencimento,1222.0,122920.98,2019,0.00012292097999999998
TDA20090300,TDA,01/09/2020,Dívida Interna,Vencimento,1152.0,117020.16,2020,0.00011702016
TDAE070855,TDA,01/08/2019,Dívida Interna,Vencimento,1108.0,115797.08,2019,0.00011579708000000001
TDAD08K410,TDA,01/11/2020,Dívida Interna,Vencimento,1144.0,113953.84,2020,0.00011395384
TDAD07I334,TDA,01/09/2019,Dívida Interna,Vencimento,1131.0,113778.6,2019,0.00011377860000000001
TDAD07I335,TDA,01/09/2020,Dívida Interna,Vencimento,1131.0,113778.6,2020,0.00011377860000000001
TDAD07I336,TDA,01/09/2021,Dívida Interna,Vencimento,1131.0,113778.6,2021,0.00011377860000000001
TDAD07I337,TDA,01/09/2022,Dívida Interna,Vencimento,1131.0,113778.6,2022,0.00011377860000000001
TDAH100537,TDA,01/05/2019,Dívida Interna,Vencimento,1078.0,112661.78,2019,0.00011266178
TDAH100538,TDA,01/05/2020,Dívida Interna,Vencimento,1078.0,112661.78,2020,0.00011266178
TDA21090300,TDA,01/09/2021,Dívida Interna,Vencimento,1103.0,112042.74,2021,0.00011204274
TDAD02K340,TDA,01/11/2020,Dívida Interna,Vencimento,1103.0,110961.8,2020,0.0001109618
TDAD08K412,TDA,01/11/2022,Dívida Interna,Vencimento,1099.0,110834.15,2022,0.00011083415
TDAD08G335,TDA,01/07/2021,Dívida Interna,Vencimento,1096.0,110246.64,2021,0.00011024664
TDAD05D414,TDA,01/04/2021,Dívida Interna,Vencimento,1104.0,109969.44,2021,0.00010996944000000001
TDAD05D413,TDA,01/04/2020,Dívida Interna,Vencimento,1104.0,109958.4,2020,0.0001099584
TDAD10C334,TDA,01/03/2022,Dívida Interna,Vencimento,1067.0,107414.89,2022,0.00010741488999999999
TDAD10C332,TDA,01/03/2020,Dívida Interna,Vencimento,1067.0,107340.2,2020,0.0001073402
TDAD10C331,TDA,01/03/2019,Dívida Interna,Vencimento,1067.0,107329.53,2019,0.00010732953
TDAD10C333,TDA,01/03/2021,Dívida Interna,Vencimento,1067.0,107318.86,2021,0.00010731886
TDAH090356,TDA,01/03/2022,Dívida Interna,Vencimento,1026.0,107309.34,2022,0.00010730934
TDAH090354,TDA,01/03/2020,Dívida Interna,Vencimento,1026.0,107258.04,2020,0.00010725804
TDAH090353,TDA,01/03/2019,Dívida Interna,Vencimento,1026.0,107227.26,2019,0.00010722726
TDAH090355,TDA,01/03/2021,Dívida Interna,Vencimento,1026.0,107206.74,2021,0.00010720674
TDA22040300,TDA,01/04/2022,Dívida Interna,Vencimento,1035.0,105331.95,2022,0.00010533195
TDAD08G333,TDA,01/07/2019,Dívida Interna,Vencimento,1040.0,104624.0,2019,0.000104624
TDA19040300,TDA,01/04/2019,Dívida Interna,Vencimento,1027.0,104322.66,2019,0.00010432266
TDA21040300,TDA,01/04/2021,Dívida Interna,Vencimento,1027.0,104322.66,2021,0.00010432266
TDA20040300,TDA,01/04/2020,Dívida Interna,Vencimento,1027.0,104302.12,2020,0.00010430212
TDAD08K409,TDA,01/11/2019,Dívida Interna,Vencimento,1042.0,103783.2,2019,0.00010378319999999999
TDAE100370,TDA,01/03/2022,Dívida Interna,Vencimento,991.0,103648.69,2022,0.00010364869
TDAE100368,TDA,01/03/2020,Dívida Interna,Vencimento,991.0,103599.14,2020,0.00010359914
TDAE100367,TDA,01/03/2019,Dívida Interna,Vencimento,991.0,103569.41,2019,0.00010356941
TDAE100369,TDA,01/03/2021,Dívida Interna,Vencimento,991.0,103549.59,2021,0.00010354959
TDAD08G334,TDA,01/07/2020,Dívida Interna,Vencimento,1028.0,103396.24,2020,0.00010339624
TDAD08K411,TDA,01/11/2021,Dívida Interna,Vencimento,1038.0,103395.18,2021,0.00010339518
TDA20090600,TDA,01/09/2020,Dívida Interna,Vencimento,981.0,102553.74,2020,0.00010255374
TDAJ10JB18,TDA,01/10/2020,Dívida Interna,Vencimento,1014.0,101998.26,2020,0.00010199826
TDAJ10JB17,TDA,01/10/2019,Dívida Interna,Vencimento,1008.0,101394.72,2019,0.00010139472
TDAD05C339,TDA,01/03/2022,Dívida Interna,Vencimento,946.0,95233.82,2022,9.523382e-05
TDAD05C337,TDA,01/03/2020,Dívida Interna,Vencimento,946.0,95167.6,2020,9.516760000000001e-05
TDAD05C336,TDA,01/03/2019,Dívida Interna,Vencimento,946.0,95158.14,2019,9.515814e-05
TDAD05C338,TDA,01/03/2021,Dívida Interna,Vencimento,946.0,95148.68,2021,9.514868e-05
TDAD01E416,TDA,01/05/2019,Dívida Interna,Vencimento,953.0,94918.8,2019,9.49188e-05
TDAD05J337,TDA,01/10/2020,Dívida Interna,Vencimento,939.0,94454.01,2020,9.445401e-05
TDAD05J336,TDA,01/10/2019,Dívida Interna,Vencimento,929.0,93448.11,2019,9.344811e-05
TDAE990778,TDA,01/07/2019,Dívida Interna,Vencimento,893.0,93354.22,2019,9.335422e-05
TDAD05J339,TDA,01/10/2022,Dívida Interna,Vencimento,908.0,92343.6,2022,9.234360000000001e-05
TDAD05J338,TDA,01/10/2021,Dívida Interna,Vencimento,908.0,91335.72,2021,9.133572e-05
TDAJ10HC18,TDA,01/08/2020,Dívida Interna,Vencimento,892.0,90600.44,2020,9.060044e-05
TDAJ10HC17,TDA,01/08/2019,Dívida Interna,Vencimento,888.0,90185.28,2019,9.018528e-05
TDA22090300,TDA,01/09/2022,Dívida Interna,Vencimento,869.0,89089.88,2022,8.908988000000001e-05
TDAD12C233,TDA,01/03/2022,Dívida Interna,Vencimento,870.0,88435.5,2022,8.84355e-05
TDAD12C231,TDA,01/03/2020,Dívida Interna,Vencimento,870.0,88374.6,2020,8.83746e-05
TDAD12C230,TDA,01/03/2019,Dívida Interna,Vencimento,870.0,88357.2,2019,8.83572e-05
TDAD12C232,TDA,01/03/2021,Dívida Interna,Vencimento,870.0,88357.2,2021,8.83572e-05
TDAD04C416,TDA,01/03/2022,Dívida Interna,Vencimento,875.0,87228.75,2022,8.722875e-05
TDAD04C414,TDA,01/03/2020,Dívida Interna,Vencimento,875.0,87158.75,2020,8.715875e-05
TDAD04C413,TDA,01/03/2019,Dívida Interna,Vencimento,875.0,87150.0,2019,8.715e-05
TDAD04C415,TDA,01/03/2021,Dívida Interna,Vencimento,875.0,87150.0,2021,8.715e-05
TDAD08B234,TDA,01/02/2019,Dívida Interna,Vencimento,809.0,82162.04,2019,8.216203999999999e-05
TDAD05D412,TDA,01/04/2019,Dívida Interna,Vencimento,820.0,81680.2,2019,8.168019999999999e-05
TDAD02C339,TDA,01/03/2019,Dívida Interna,Vencimento,789.0,79365.51,2019,7.936550999999999e-05
TDAE990678,TDA,01/06/2019,Dívida Interna,Vencimento,759.0,79323.09,2019,7.932308999999999e-05
TDAD08B237,TDA,01/02/2022,Dívida Interna,Vencimento,771.0,78395.28,2022,7.839528e-05
TDAD02K418,TDA,01/11/2022,Dívida Interna,Vencimento,767.0,77351.95,2022,7.735195e-05
TDAE990978,TDA,01/09/2019,Dívida Interna,Vencimento,736.0,76941.44,2019,7.694144e-05
TDAD03K417,TDA,01/11/2022,Dívida Interna,Vencimento,734.0,74023.9,2022,7.402389999999999e-05
TDAD02K416,TDA,01/11/2020,Dívida Interna,Vencimento,738.0,73512.18,2020,7.351218e-05
TDAD02K417,TDA,01/11/2021,Dívida Interna,Vencimento,738.0,73512.18,2021,7.351218e-05
TDAD02K415,TDA,01/11/2019,Dívida Interna,Vencimento,738.0,73504.8,2019,7.350480000000001e-05
TDAD03K415,TDA,01/11/2020,Dívida Interna,Vencimento,734.0,73113.74,2020,7.311374e-05
TDAD03K416,TDA,01/11/2021,Dívida Interna,Vencimento,734.0,73113.74,2021,7.311374e-05
TDAD03K414,TDA,01/11/2019,Dívida Interna,Vencimento,734.0,73106.4,2019,7.310639999999999e-05
TDAD01E417,TDA,01/05/2020,Dívida Interna,Vencimento,723.0,72010.8,2020,7.20108e-05
TDAD05E339,TDA,01/05/2022,Dívida Interna,Vencimento,714.0,71992.62,2022,7.199262e-05
TDAD05E336,TDA,01/05/2019,Dívida Interna,Vencimento,714.0,71821.26,2019,7.182126e-05
TDAD05E337,TDA,01/05/2020,Dívida Interna,Vencimento,714.0,71821.26,2020,7.182126e-05
TDAD05E338,TDA,01/05/2021,Dívida Interna,Vencimento,714.0,71821.26,2021,7.182126e-05
TDAJ12HC18,TDA,01/08/2022,Dívida Interna,Vencimento,700.0,71603.0,2022,7.1603e-05
TDAH090838,TDA,01/08/2019,Dívida Interna,Vencimento,676.0,70648.76,2019,7.064875999999999e-05
TDAJ12HC17,TDA,01/08/2021,Dívida Interna,Vencimento,695.0,70598.1,2021,7.059810000000001e-05
TDAJ12HC15,TDA,01/08/2019,Dívida Interna,Vencimento,695.0,70584.2,2019,7.05842e-05
TDAJ12HC16,TDA,01/08/2020,Dívida Interna,Vencimento,690.0,70083.3,2020,7.008330000000001e-05
TDAD08H237,TDA,01/08/2022,Dívida Interna,Vencimento,678.0,69352.62,2022,6.935262e-05
TDAD08H236,TDA,01/08/2021,Dívida Interna,Vencimento,678.0,68871.24,2021,6.887124e-05
TDAD08H235,TDA,01/08/2020,Dívida Interna,Vencimento,678.0,68864.46,2020,6.886446e-05
TDAD08H234,TDA,01/08/2019,Dívida Interna,Vencimento,678.0,68857.68,2019,6.885767999999999e-05
TDAD08C235,TDA,01/03/2020,Dívida Interna,Vencimento,646.0,65620.68,2020,6.562067999999999e-05
TDAD08C234,TDA,01/03/2019,Dívida Interna,Vencimento,646.0,65607.76,2019,6.560776e-05
TDAD08C236,TDA,01/03/2021,Dívida Interna,Vencimento,646.0,65607.76,2021,6.560776e-05
TDAJ09HB18,TDA,01/08/2019,Dívida Interna,Vencimento,623.0,62667.57,2019,6.266757e-05
TDAD11J234,TDA,01/10/2022,Dívida Interna,Vencimento,605.0,62133.5,2022,6.21335e-05
TDAD08B235,TDA,01/02/2020,Dívida Interna,Vencimento,611.0,62053.16,2020,6.205316000000001e-05
TDAD08B236,TDA,01/02/2021,Dívida Interna,Vencimento,606.0,61557.48,2021,6.155748e-05
TDAD11J232,TDA,01/10/2020,Dívida Interna,Vencimento,605.0,61455.9,2020,6.14559e-05
TDAD11J233,TDA,01/10/2021,Dívida Interna,Vencimento,605.0,61455.9,2021,6.14559e-05
TDAD11J231,TDA,01/10/2019,Dívida Interna,Vencimento,605.0,61443.8,2019,6.14438e-05
TDAD04F238,TDA,01/06/2019,Dívida Interna,Vencimento,603.0,61240.68,2019,6.124068e-05
TDAD01E418,TDA,01/05/2021,Dívida Interna,Vencimento,614.0,61160.54,2021,6.116054e-05
TDAE050775,TDA,01/07/2022,Dívida Interna,Vencimento,582.0,61156.56,2022,6.115656e-05
TDAE050772,TDA,01/07/2019,Dívida Interna,Vencimento,582.0,60842.28,2019,6.084228e-05
TDAE050774,TDA,01/07/2021,Dívida Interna,Vencimento,582.0,60836.46,2021,6.0836459999999997e-05
TDAD08A237,TDA,01/01/2022,Dívida Interna,Vencimento,588.0,59758.44,2022,5.975844e-05
TDAD08A236,TDA,01/01/2021,Dívida Interna,Vencimento,588.0,59729.04,2021,5.972904e-05
TDAD08A234,TDA,01/01/2019,Dívida Interna,Vencimento,588.0,59717.28,2019,5.971728e-05
TDAD08A235,TDA,01/01/2020,Dívida Interna,Vencimento,588.0,59717.28,2020,5.971728e-05
TDAD06H414,TDA,01/08/2022,Dívida Interna,Vencimento,595.0,59684.45,2022,5.968445e-05
TDAD06H413,TDA,01/08/2021,Dívida Interna,Vencimento,595.0,59267.95,2021,5.926795e-05
TDAD06H411,TDA,01/08/2019,Dívida Interna,Vencimento,595.0,59262.0,2019,5.9262e-05
TDAD06H412,TDA,01/08/2020,Dívida Interna,Vencimento,595.0,59262.0,2020,5.9262e-05
TDAH080957,TDA,01/09/2022,Dívida Interna,Vencimento,548.0,57819.48,2022,5.781948e-05
TDAD06H337,TDA,01/08/2021,Dívida Interna,Vencimento,574.0,57744.4,2021,5.77444e-05
TDAD08J335,TDA,01/10/2021,Dívida Interna,Vencimento,571.0,57436.89,2021,5.743689e-05
TDAH080954,TDA,01/09/2019,Dívida Interna,Vencimento,548.0,57287.92,2019,5.728792e-05
TDAH080955,TDA,01/09/2020,Dívida Interna,Vencimento,548.0,57287.92,2020,5.728792e-05
TDAH080956,TDA,01/09/2021,Dívida Interna,Vencimento,548.0,57287.92,2021,5.728792e-05
TDAD08J333,TDA,01/10/2019,Dívida Interna,Vencimento,565.0,56833.35,2019,5.683335e-05
TDAD08J336,TDA,01/10/2022,Dívida Interna,Vencimento,557.0,56646.9,2022,5.66469e-05
TDAD06H338,TDA,01/08/2022,Dívida Interna,Vencimento,553.0,56018.9,2022,5.60189e-05
TDAD06H335,TDA,01/08/2019,Dívida Interna,Vencimento,553.0,55626.27,2019,5.562627e-05
TDAD06H336,TDA,01/08/2020,Dívida Interna,Vencimento,553.0,55626.27,2020,5.562627e-05
TDAJ09IA18,TDA,01/09/2019,Dívida Interna,Vencimento,554.0,55183.94,2019,5.518394e-05
TDAD07J235,TDA,01/10/2019,Dívida Interna,Vencimento,538.0,54639.28,2019,5.4639279999999996e-05
TDAD10H235,TDA,01/08/2022,Dívida Interna,Vencimento,532.0,54418.28,2022,5.441828e-05
TDAD10H234,TDA,01/08/2021,Dívida Interna,Vencimento,532.0,54040.56,2021,5.4040559999999996e-05
TDAD10H233,TDA,01/08/2020,Dívida Interna,Vencimento,532.0,54035.24,2020,5.403524e-05
TDAD10H232,TDA,01/08/2019,Dívida Interna,Vencimento,532.0,54029.92,2019,5.402992e-05
TDAD04H340,TDA,01/08/2022,Dívida Interna,Vencimento,533.0,53992.9,2022,5.39929e-05
TDAD13I232,TDA,01/09/2022,Dívida Interna,Vencimento,515.0,52797.8,2022,5.2797800000000005e-05
TDAD07J238,TDA,01/10/2022,Dívida Interna,Vencimento,514.0,52787.8,2022,5.27878e-05
TDAD13I229,TDA,01/09/2019,Dívida Interna,Vencimento,515.0,52313.7,2019,5.23137e-05
TDAD13I230,TDA,01/09/2020,Dívida Interna,Vencimento,515.0,52313.7,2020,5.23137e-05
TDAD13I231,TDA,01/09/2021,Dívida Interna,Vencimento,515.0,52313.7,2021,5.23137e-05
TDAD04H339,TDA,01/08/2021,Dívida Interna,Vencimento,519.0,52211.4,2021,5.22114e-05
TDAD04H337,TDA,01/08/2019,Dívida Interna,Vencimento,519.0,52206.21,2019,5.220621e-05
TDAD04H338,TDA,01/08/2020,Dívida Interna,Vencimento,519.0,52206.21,2020,5.220621e-05
TDAD08J334,TDA,01/10/2020,Dívida Interna,Vencimento,513.0,51602.67,2020,5.160267e-05
TDAD12A233,TDA,01/01/2022,Dívida Interna,Vencimento,503.0,51119.89,2022,5.111989e-05
TDAD12A232,TDA,01/01/2021,Dívida Interna,Vencimento,503.0,51094.74,2021,5.109474e-05
TDAD12A230,TDA,01/01/2019,Dívida Interna,Vencimento,503.0,51084.68,2019,5.108468e-05
TDAD12A231,TDA,01/01/2020,Dívida Interna,Vencimento,503.0,51084.68,2020,5.108468e-05
TDAE120438,TDA,01/04/2022,Dívida Interna,Vencimento,482.0,50479.86,2022,5.047986e-05
TDAE120435,TDA,01/04/2019,Dívida Interna,Vencimento,477.0,49865.58,2019,4.9865580000000004e-05
TDAE120437,TDA,01/04/2021,Dívida Interna,Vencimento,477.0,49865.58,2021,4.9865580000000004e-05
TDAE120436,TDA,01/04/2020,Dívida Interna,Vencimento,477.0,49851.27,2020,4.985127e-05
TDA22080100,TDA,01/08/2022,Dívida Interna,Vencimento,490.0,49151.9,2022,4.91519e-05
TDAD08C237,TDA,01/03/2022,Dívida Interna,Vencimento,483.0,49096.95,2022,4.909695e-05
TDAD10J235,TDA,01/10/2022,Dívida Interna,Vencimento,478.0,49090.6,2022,4.90906e-05
TDA21080100,TDA,01/08/2021,Dívida Interna,Vencimento,490.0,48808.9,2021,4.88089e-05
TDA19080100,TDA,01/08/2019,Dívida Interna,Vencimento,490.0,48804.0,2019,4.8804e-05
TDA20080100,TDA,01/08/2020,Dívida Interna,Vencimento,490.0,48804.0,2020,4.8804e-05
TDAD02C340,TDA,01/03/2020,Dívida Interna,Vencimento,485.0,48791.0,2020,4.8791e-05
TDAD04F340,TDA,01/06/2022,Dívida Interna,Vencimento,481.0,48576.19,2022,4.8576190000000004e-05
TDAD10J233,TDA,01/10/2020,Dívida Interna,Vencimento,478.0,48555.24,2020,4.8555239999999995e-05
TDAD10J234,TDA,01/10/2021,Dívida Interna,Vencimento,478.0,48555.24,2021,4.8555239999999995e-05
TDAD10J232,TDA,01/10/2019,Dívida Interna,Vencimento,478.0,48545.68,2019,4.854568e-05
TDAD09B335,TDA,01/02/2022,Dívida Interna,Vencimento,478.0,48129.82,2022,4.812982e-05
TDAD09B334,TDA,01/02/2021,Dívida Interna,Vencimento,478.0,48086.8,2021,4.80868e-05
TDAD09B332,TDA,01/02/2019,Dívida Interna,Vencimento,478.0,48082.02,2019,4.808202e-05
TDAD09B333,TDA,01/02/2020,Dívida Interna,Vencimento,478.0,48082.02,2020,4.808202e-05
TDAD11C234,TDA,01/03/2022,Dívida Interna,Vencimento,473.0,48080.45,2022,4.808045e-05
TDAD11C232,TDA,01/03/2020,Dívida Interna,Vencimento,473.0,48047.34,2020,4.804734e-05
TDAD11C231,TDA,01/03/2019,Dívida Interna,Vencimento,473.0,48037.88,2019,4.8037879999999995e-05
TDAD11C233,TDA,01/03/2021,Dívida Interna,Vencimento,473.0,48037.88,2021,4.8037879999999995e-05
TDAD09H234,TDA,01/08/2020,Dívida Interna,Vencimento,472.0,47941.04,2020,4.7941040000000003e-05
TDAD07J236,TDA,01/10/2020,Dívida Interna,Vencimento,465.0,47234.7,2020,4.72347e-05
TDAD09H233,TDA,01/08/2019,Dívida Interna,Vencimento,464.0,47123.84,2019,4.7123839999999994e-05
TDAD02L416,TDA,01/12/2020,Dívida Interna,Vencimento,473.0,47115.53,2020,4.711553e-05
TDAD07J237,TDA,01/10/2021,Dívida Interna,Vencimento,463.0,47031.54,2021,4.703154e-05
TDAD02L417,TDA,01/12/2021,Dívida Interna,Vencimento,467.0,46517.87,2021,4.651787e-05
TDA19060300,TDA,01/06/2019,Dívida Interna,Vencimento,458.0,46514.48,2019,4.651448e-05
TDAD02L415,TDA,01/12/2019,Dívida Interna,Vencimento,464.0,46219.04,2019,4.621904e-05
TDAD05H414,TDA,01/08/2021,Dívida Interna,Vencimento,454.0,45222.94,2021,4.522294e-05
TDAD05H412,TDA,01/08/2019,Dívida Interna,Vencimento,454.0,45218.4,2019,4.52184e-05
TDAD05H413,TDA,01/08/2020,Dívida Interna,Vencimento,454.0,45218.4,2020,4.52184e-05
TDAD05H415,TDA,01/08/2022,Dívida Interna,Vencimento,454.0,44923.3,2022,4.4923300000000004e-05
TDAD01H340,TDA,01/08/2019,Dívida Interna,Vencimento,443.0,44561.37,2019,4.456137e-05
TDA19120300,TDA,01/12/2019,Dívida Interna,Vencimento,418.0,43793.86,2019,4.379386e-05
TDA22080600,TDA,01/08/2022,Dívida Interna,Vencimento,413.0,43476.51,2022,4.3476510000000004e-05
TDAE070858,TDA,01/08/2022,Dívida Interna,Vencimento,406.0,42739.62,2022,4.273962e-05
TDAD02L418,TDA,01/12/2022,Dívida Interna,Vencimento,421.0,42516.79,2022,4.251679e-05
TDAD09H235,TDA,01/08/2021,Dívida Interna,Vencimento,412.0,41850.96,2021,4.185096e-05
TDAD09H236,TDA,01/08/2022,Dívida Interna,Vencimento,400.0,40916.0,2022,4.0916e-05
TDAD06F414,TDA,01/06/2022,Dívida Interna,Vencimento,409.0,40900.0,2022,4.09e-05
TDAD06F412,TDA,01/06/2020,Dívida Interna,Vencimento,409.0,40740.49,2020,4.074049e-05
TDAD06F413,TDA,01/06/2021,Dívida Interna,Vencimento,409.0,40740.49,2021,4.074049e-05
TDAD06F411,TDA,01/06/2019,Dívida Interna,Vencimento,409.0,40736.4,2019,4.07364e-05
TDAD01C418,TDA,01/03/2021,Dívida Interna,Vencimento,365.0,36335.75,2021,3.633575e-05
TDAD04F338,TDA,01/06/2020,Dívida Interna,Vencimento,349.0,35109.4,2020,3.51094e-05
TDAD04F339,TDA,01/06/2021,Dívida Interna,Vencimento,349.0,35109.4,2021,3.51094e-05
TDAD04F337,TDA,01/06/2019,Dívida Interna,Vencimento,349.0,35105.91,2019,3.5105910000000006e-05
TDAD01C416,TDA,01/03/2019,Dívida Interna,Vencimento,347.0,34561.2,2019,3.45612e-05
TDAD01C417,TDA,01/03/2020,Dívida Interna,Vencimento,347.0,34536.91,2020,3.4536910000000005e-05
TDAD13G232,TDA,01/07/2022,Dívida Interna,Vencimento,329.0,33594.19,2022,3.3594190000000004e-05
TDAD13G229,TDA,01/07/2019,Dívida Interna,Vencimento,329.0,33419.82,2019,3.341982e-05
TDAD13G231,TDA,01/07/2021,Dívida Interna,Vencimento,329.0,33419.82,2021,3.341982e-05
TDAD13G230,TDA,01/07/2020,Dívida Interna,Vencimento,329.0,33416.53,2020,3.3416529999999996e-05
TDAD00L418,TDA,01/12/2020,Dívida Interna,Vencimento,331.0,32970.91,2020,3.297091e-05
TDAD00L417,TDA,01/12/2019,Dívida Interna,Vencimento,330.0,32871.3,2019,3.2871300000000005e-05
TDAD11A234,TDA,01/01/2022,Dívida Interna,Vencimento,323.0,32826.49,2022,3.282649e-05
TDAD11A233,TDA,01/01/2021,Dívida Interna,Vencimento,323.0,32810.34,2021,3.2810339999999996e-05
TDAD11A231,TDA,01/01/2019,Dívida Interna,Vencimento,323.0,32803.88,2019,3.280388e-05
TDAD11A232,TDA,01/01/2020,Dívida Interna,Vencimento,323.0,32803.88,2020,3.280388e-05
TDAD08F333,TDA,01/06/2019,Dívida Interna,Vencimento,321.0,32289.39,2019,3.228939e-05
TDAD03J417,TDA,01/10/2022,Dívida Interna,Vencimento,320.0,32227.2,2022,3.22272e-05
TDAD03J416,TDA,01/10/2021,Dívida Interna,Vencimento,318.0,31675.98,2021,3.167598e-05
TDAD08F336,TDA,01/06/2022,Dívida Interna,Vencimento,312.0,31508.88,2022,3.150888e-05
TDAD03J414,TDA,01/10/2019,Dívida Interna,Vencimento,310.0,30876.0,2019,3.0876e-05
TDAJ11AC18,TDA,01/01/2021,Dívida Interna,Vencimento,296.0,30067.68,2021,3.006768e-05
TDAD03J415,TDA,01/10/2020,Dívida Interna,Vencimento,294.0,29285.34,2020,2.9285340000000002e-05
TDAD00H418,TDA,01/08/2020,Dívida Interna,Vencimento,294.0,29282.4,2020,2.9282400000000003e-05
TDAJ11DB18,TDA,01/04/2021,Dívida Interna,Vencimento,289.0,29073.4,2021,2.9073400000000002e-05
TDAD08F335,TDA,01/06/2021,Dívida Interna,Vencimento,287.0,28872.2,2021,2.88722e-05
TDAJ11AC16,TDA,01/01/2019,Dívida Interna,Vencimento,282.0,28639.92,2019,2.8639919999999998e-05
TDAJ11AC17,TDA,01/01/2020,Dívida Interna,Vencimento,282.0,28639.92,2020,2.8639919999999998e-05
TDAD04D416,TDA,01/04/2022,Dívida Interna,Vencimento,287.0,28639.73,2022,2.8639729999999998e-05
TDAD04D413,TDA,01/04/2019,Dívida Interna,Vencimento,287.0,28588.07,2019,2.858807e-05
TDAD04D415,TDA,01/04/2021,Dívida Interna,Vencimento,287.0,28588.07,2021,2.858807e-05
TDAD04D414,TDA,01/04/2020,Dívida Interna,Vencimento,287.0,28585.2,2020,2.8585200000000002e-05
TDAJ11DB16,TDA,01/04/2019,Dívida Interna,Vencimento,282.0,28369.2,2019,2.83692e-05
TDAJ11DB17,TDA,01/04/2020,Dívida Interna,Vencimento,282.0,28366.38,2020,2.8366380000000002e-05
TDAD08F334,TDA,01/06/2020,Dívida Interna,Vencimento,275.0,27665.0,2020,2.7665e-05
TDAE050758,TDA,01/07/2020,Dívida Interna,Vencimento,253.0,26443.56,2020,2.6443560000000003e-05
TDAD00H417,TDA,01/08/2019,Dívida Interna,Vencimento,263.0,26194.8,2019,2.61948e-05
TDAE050757,TDA,01/07/2019,Dívida Interna,Vencimento,244.0,25507.76,2019,2.5507759999999997e-05
TDA22060300,TDA,01/06/2022,Dívida Interna,Vencimento,246.0,25087.08,2022,2.508708e-05
TDAD07E337,TDA,01/05/2022,Dívida Interna,Vencimento,247.0,24905.01,2022,2.4905009999999997e-05
TDAD07E334,TDA,01/05/2019,Dívida Interna,Vencimento,247.0,24845.73,2019,2.484573e-05
TDAD07E335,TDA,01/05/2020,Dívida Interna,Vencimento,247.0,24845.73,2020,2.484573e-05
TDAD07E336,TDA,01/05/2021,Dívida Interna,Vencimento,247.0,24845.73,2021,2.484573e-05
TDAD05I415,TDA,01/09/2022,Dívida Interna,Vencimento,246.0,24730.38,2022,2.473038e-05
TDAD05I412,TDA,01/09/2019,Dívida Interna,Vencimento,246.0,24504.06,2019,2.4504060000000002e-05
TDAD05I413,TDA,01/09/2020,Dívida Interna,Vencimento,246.0,24504.06,2020,2.4504060000000002e-05
TDAD05I414,TDA,01/09/2021,Dívida Interna,Vencimento,246.0,24504.06,2021,2.4504060000000002e-05
TDAD13H232,TDA,01/08/2022,Dívida Interna,Vencimento,239.0,24447.31,2022,2.4447310000000003e-05
TDAD13H231,TDA,01/08/2021,Dívida Interna,Vencimento,239.0,24277.62,2021,2.4277619999999997e-05
TDAD13H230,TDA,01/08/2020,Dívida Interna,Vencimento,239.0,24275.23,2020,2.427523e-05
TDAD13H229,TDA,01/08/2019,Dívida Interna,Vencimento,239.0,24272.84,2019,2.427284e-05
TDAD10G334,TDA,01/07/2022,Dívida Interna,Vencimento,234.0,23662.08,2022,2.366208e-05
TDAD10G331,TDA,01/07/2019,Dívida Interna,Vencimento,234.0,23540.4,2019,2.3540400000000003e-05
TDAD10G333,TDA,01/07/2021,Dívida Interna,Vencimento,234.0,23538.06,2021,2.353806e-05
TDAD10G332,TDA,01/07/2020,Dívida Interna,Vencimento,234.0,23535.72,2020,2.353572e-05
TDAE070857,TDA,01/08/2021,Dívida Interna,Vencimento,222.0,23207.88,2021,2.320788e-05
TDAE070856,TDA,01/08/2020,Dívida Interna,Vencimento,222.0,23205.66,2020,2.320566e-05
TDAH040658,TDA,01/06/2019,Dívida Interna,Vencimento,217.0,22678.67,2019,2.2678669999999998e-05
TDAJ11LC18,TDA,01/12/2021,Dívida Interna,Vencimento,218.0,22144.44,2021,2.214444e-05
TDA19050300,TDA,01/05/2019,Dívida Interna,Vencimento,194.0,21995.72,2019,2.199572e-05
TDAJ11LC16,TDA,01/12/2019,Dívida Interna,Vencimento,210.0,21331.8,2019,2.1331799999999998e-05
TDAJ11LC17,TDA,01/12/2020,Dívida Interna,Vencimento,210.0,21331.8,2020,2.1331799999999998e-05
TDAE050458,TDA,01/04/2020,Dívida Interna,Vencimento,190.0,19856.9,2020,1.9856900000000003e-05
TDAD07H337,TDA,01/08/2022,Dívida Interna,Vencimento,196.0,19854.8,2022,1.98548e-05
TDAD07H336,TDA,01/08/2021,Dívida Interna,Vencimento,196.0,19717.6,2021,1.97176e-05
TDAD07H334,TDA,01/08/2019,Dívida Interna,Vencimento,196.0,19715.64,2019,1.971564e-05
TDAD07H335,TDA,01/08/2020,Dívida Interna,Vencimento,196.0,19715.64,2020,1.971564e-05
TDAD04J340,TDA,01/10/2022,Dívida Interna,Vencimento,192.0,19526.4,2022,1.95264e-05
TDA22070200,TDA,01/07/2022,Dívida Interna,Vencimento,192.0,19415.04,2022,1.9415040000000002e-05
TDA19070200,TDA,01/07/2019,Dívida Interna,Vencimento,192.0,19315.2,2019,1.93152e-05
TDA21070200,TDA,01/07/2021,Dívida Interna,Vencimento,192.0,19313.28,2021,1.931328e-05
TDA20070200,TDA,01/07/2020,Dívida Interna,Vencimento,192.0,19311.36,2020,1.931136e-05
TDAD11D234,TDA,01/04/2022,Dívida Interna,Vencimento,186.0,18929.22,2022,1.892922e-05
TDAE050457,TDA,01/04/2019,Dívida Interna,Vencimento,181.0,18921.74,2019,1.892174e-05
TDAD11D231,TDA,01/04/2019,Dívida Interna,Vencimento,186.0,18893.88,2019,1.889388e-05
TDAD11D233,TDA,01/04/2021,Dívida Interna,Vencimento,186.0,18893.88,2021,1.889388e-05
TDAD11D232,TDA,01/04/2020,Dívida Interna,Vencimento,186.0,18890.16,2020,1.889016e-05
TDAD04J337,TDA,01/10/2019,Dívida Interna,Vencimento,187.0,18810.33,2019,1.881033e-05
TDAD04J339,TDA,01/10/2021,Dívida Interna,Vencimento,187.0,18810.33,2021,1.881033e-05
TDAD04J338,TDA,01/10/2020,Dívida Interna,Vencimento,185.0,18609.15,2020,1.860915e-05
TDAD12D408,TDA,01/04/2022,Dívida Interna,Vencimento,182.0,18161.78,2022,1.8161779999999998e-05
TDAD12D405,TDA,01/04/2019,Dívida Interna,Vencimento,182.0,18129.02,2019,1.812902e-05
TDAD12D407,TDA,01/04/2021,Dívida Interna,Vencimento,182.0,18129.02,2021,1.812902e-05
TDAD12D406,TDA,01/04/2020,Dívida Interna,Vencimento,182.0,18127.2,2020,1.81272e-05
TDAD08K336,TDA,01/11/2022,Dívida Interna,Vencimento,169.0,17212.65,2022,1.7212650000000002e-05
TDAD08K334,TDA,01/11/2020,Dívida Interna,Vencimento,169.0,17001.4,2020,1.7001400000000003e-05
TDAD08K335,TDA,01/11/2021,Dívida Interna,Vencimento,169.0,17001.4,2021,1.7001400000000003e-05
TDAD08K333,TDA,01/11/2019,Dívida Interna,Vencimento,169.0,16999.71,2019,1.699971e-05
TDAE000278,TDA,01/02/2020,Dívida Interna,Vencimento,156.0,16303.56,2020,1.6303559999999998e-05
TDAD09J236,TDA,01/10/2022,Dívida Interna,Vencimento,157.0,16123.9,2022,1.61239e-05
TDAD09J234,TDA,01/10/2020,Dívida Interna,Vencimento,157.0,15948.06,2020,1.5948059999999998e-05
TDAD09J235,TDA,01/10/2021,Dívida Interna,Vencimento,157.0,15948.06,2021,1.5948059999999998e-05
TDAD09J233,TDA,01/10/2019,Dívida Interna,Vencimento,157.0,15944.92,2019,1.594492e-05
TDAH090638,TDA,01/06/2019,Dívida Interna,Vencimento,148.0,15467.48,2019,1.546748e-05
TDAD01A418,TDA,01/01/2021,Dívida Interna,Vencimento,155.0,15439.55,2021,1.543955e-05
TDAH090938,TDA,01/09/2019,Dívida Interna,Vencimento,147.0,15367.38,2019,1.536738e-05
TDAJ10DC17,TDA,01/04/2019,Dívida Interna,Vencimento,151.0,15338.58,2019,1.533858e-05
TDAJ10DC18,TDA,01/04/2020,Dívida Interna,Vencimento,151.0,15335.56,2020,1.533556e-05
TDAE000277,TDA,01/02/2019,Dívida Interna,Vencimento,146.0,15258.46,2019,1.5258459999999999e-05
TDAD01A416,TDA,01/01/2019,Dívida Interna,Vencimento,151.0,15039.6,2019,1.50396e-05
TDAD01A417,TDA,01/01/2020,Dívida Interna,Vencimento,145.0,14442.0,2020,1.4442e-05
TDAD10L235,TDA,01/12/2022,Dívida Interna,Vencimento,137.0,14109.63,2022,1.410963e-05
TDAD10L232,TDA,01/12/2019,Dívida Interna,Vencimento,137.0,13916.46,2019,1.3916459999999999e-05
TDAD10L233,TDA,01/12/2020,Dívida Interna,Vencimento,137.0,13916.46,2020,1.3916459999999999e-05
TDAD10L234,TDA,01/12/2021,Dívida Interna,Vencimento,137.0,13916.46,2021,1.3916459999999999e-05
TDAD10A235,TDA,01/01/2022,Dívida Interna,Vencimento,124.0,12602.12,2022,1.260212e-05
TDAD10A234,TDA,01/01/2021,Dívida Interna,Vencimento,124.0,12595.92,2021,1.259592e-05
TDAD10A233,TDA,01/01/2020,Dívida Interna,Vencimento,124.0,12593.44,2020,1.259344e-05
TDAD10A232,TDA,01/01/2019,Dívida Interna,Vencimento,120.0,12187.2,2019,1.21872e-05
TDAD09B236,TDA,01/02/2022,Dívida Interna,Vencimento,116.0,11794.88,2022,1.179488e-05
TDAD09B235,TDA,01/02/2021,Dívida Interna,Vencimento,116.0,11783.28,2021,1.1783280000000001e-05
TDAD09B233,TDA,01/02/2019,Dívida Interna,Vencimento,116.0,11780.96,2019,1.1780959999999998e-05
TDAD09B234,TDA,01/02/2020,Dívida Interna,Vencimento,116.0,11780.96,2020,1.1780959999999998e-05
TDAD09J335,TDA,01/10/2022,Dívida Interna,Vencimento,110.0,11187.0,2022,1.1187e-05
TDAD09J332,TDA,01/10/2019,Dívida Interna,Vencimento,110.0,11064.9,2019,1.10649e-05
TDAD09J333,TDA,01/10/2020,Dívida Interna,Vencimento,110.0,11064.9,2020,1.10649e-05
TDAD09J334,TDA,01/10/2021,Dívida Interna,Vencimento,106.0,10662.54,2021,1.0662540000000001e-05
TDAD09H411,TDA,01/08/2022,Dívida Interna,Vencimento,98.0,9830.38,2022,9.830379999999999e-06
TDAD09H410,TDA,01/08/2021,Dívida Interna,Vencimento,98.0,9761.78,2021,9.76178e-06
TDAD09H408,TDA,01/08/2019,Dívida Interna,Vencimento,98.0,9760.8,2019,9.7608e-06
TDAD09H409,TDA,01/08/2020,Dívida Interna,Vencimento,98.0,9760.8,2020,9.7608e-06
TDAE050773,TDA,01/07/2020,Dívida Interna,Vencimento,92.0,9615.84,2020,9.61584e-06
TDAD10F235,TDA,01/06/2022,Dívida Interna,Vencimento,89.0,9076.22,2022,9.07622e-06
TDAD10F233,TDA,01/06/2020,Dívida Interna,Vencimento,89.0,9040.62,2020,9.040620000000001e-06
TDAD10F234,TDA,01/06/2021,Dívida Interna,Vencimento,89.0,9040.62,2021,9.040620000000001e-06
TDAD10F232,TDA,01/06/2019,Dívida Interna,Vencimento,89.0,9038.84,2019,9.03884e-06
TDAD01H418,TDA,01/08/2021,Dívida Interna,Vencimento,83.0,8267.63,2021,8.267629999999999e-06
TDAD01H416,TDA,01/08/2019,Dívida Interna,Vencimento,68.0,6772.8,2019,6.7728e-06
TDAD01H417,TDA,01/08/2020,Dívida Interna,Vencimento,68.0,6772.8,2020,6.7728e-06
TDAD05L415,TDA,01/12/2022,Dívida Interna,Vencimento,55.0,5554.45,2022,5.55445e-06
TDAD10B232,TDA,01/02/2019,Dívida Interna,Vencimento,44.0,4468.64,2019,4.46864e-06
TDAD10B234,TDA,01/02/2021,Dívida Interna,Vencimento,38.0,3860.04,2021,3.86004e-06
TDAD09L236,TDA,01/12/2022,Dívida Interna,Vencimento,37.0,3810.63,2022,3.81063e-06
TDAD10B235,TDA,01/02/2022,Dívida Interna,Vencimento,37.0,3762.16,2022,3.76216e-06
TDAD09L233,TDA,01/12/2019,Dívida Interna,Vencimento,37.0,3758.46,2019,3.75846e-06
TDAD09L234,TDA,01/12/2020,Dívida Interna,Vencimento,37.0,3758.46,2020,3.75846e-06
TDAD09L235,TDA,01/12/2021,Dívida Interna,Vencimento,37.0,3758.46,2021,3.75846e-06
TDAD10B233,TDA,01/02/2020,Dívida Interna,Vencimento,37.0,3757.72,2020,3.7577199999999997e-06
TDAD12C332,TDA,01/03/2022,Dívida Interna,Vencimento,32.0,3221.44,2022,3.22144e-06
TDAD12C330,TDA,01/03/2020,Dívida Interna,Vencimento,32.0,3219.2,2020,3.2192e-06
TDAD12C329,TDA,01/03/2019,Dívida Interna,Vencimento,32.0,3218.88,2019,3.21888e-06
TDAD12C331,TDA,01/03/2021,Dívida Interna,Vencimento,32.0,3218.56,2021,3.21856e-06
TDAJ10EB18,TDA,01/05/2020,Dívida Interna,Vencimento,31.0,3118.29,2020,3.11829e-06
TDAD05L413,TDA,01/12/2020,Dívida Interna,Vencimento,30.0,2988.3,2020,2.9883000000000003e-06
TDAD05L414,TDA,01/12/2021,Dívida Interna,Vencimento,30.0,2988.3,2021,2.9883000000000003e-06
TDAJ10EB17,TDA,01/05/2019,Dívida Interna,Vencimento,29.0,2917.11,2019,2.9171100000000003e-06
TDAD05L412,TDA,01/12/2019,Dívida Interna,Vencimento,28.0,2789.08,2019,2.78908e-06
TDAJ12JC18,TDA,01/10/2022,Dívida Interna,Vencimento,27.0,2772.9,2022,2.7729e-06
TDAD04I416,TDA,01/09/2022,Dívida Interna,Vencimento,27.0,2714.31,2022,2.71431e-06
TDAD04I414,TDA,01/09/2020,Dívida Interna,Vencimento,27.0,2689.47,2020,2.68947e-06
TDAJ12JC16,TDA,01/10/2020,Dívida Interna,Vencimento,23.0,2336.34,2020,2.3363400000000002e-06
TDAJ12JC17,TDA,01/10/2021,Dívida Interna,Vencimento,23.0,2336.34,2021,2.3363400000000002e-06
TDAJ12JC15,TDA,01/10/2019,Dívida Interna,Vencimento,23.0,2335.88,2019,2.3358800000000002e-06
TDAD04I415,TDA,01/09/2021,Dívida Interna,Vencimento,23.0,2291.03,2021,2.29103e-06
TDAD04I413,TDA,01/09/2019,Dívida Interna,Vencimento,14.0,1394.54,2019,1.39454e-06
TDA22020300,TDA,01/02/2022,Dívida Interna,Vencimento,13.0,1321.84,2022,1.3218399999999998e-06
TDA21020300,TDA,01/02/2021,Dívida Interna,Vencimento,13.0,1320.54,2021,1.32054e-06
TDA19020300,TDA,01/02/2019,Dívida Interna,Vencimento,13.0,1320.28,2019,1.32028e-06
TDA20020300,TDA,01/02/2020,Dívida Interna,Vencimento,13.0,1320.28,2020,1.32028e-06
TDAD07D413,TDA,01/04/2022,Dívida Interna,Vencimento,8.0,798.32,2022,7.983200000000001e-07
TDAD07D410,TDA,01/04/2019,Dívida Interna,Vencimento,8.0,796.88,2019,7.9688e-07
TDAD07D412,TDA,01/04/2021,Dívida Interna,Vencimento,8.0,796.88,2021,7.9688e-07
TDAD07D411,TDA,01/04/2020,Dívida Interna,Vencimento,8.0,796.8,2020,7.967999999999999e-07
TDAD10I235,TDA,01/09/2022,Dívida Interna,Vencimento,7.0,717.64,2022,7.1764e-07
TDAD10I232,TDA,01/09/2019,Dívida Interna,Vencimento,7.0,711.06,2019,7.110599999999999e-07
TDAD10I233,TDA,01/09/2020,Dívida Interna,Vencimento,7.0,711.06,2020,7.110599999999999e-07
TDAD10I234,TDA,01/09/2021,Dívida Interna,Vencimento,7.0,711.06,2021,7.110599999999999e-07
TDA22080200,TDA,01/08/2022,Dívida Interna,Vencimento,5.0,506.5,2022,5.065e-07
TDA21080200,TDA,01/08/2021,Dívida Interna,Vencimento,5.0,503.0,2021,5.03e-07
TDA19080200,TDA,01/08/2019,Dívida Interna,Vencimento,5.0,502.95,2019,5.0295e-07
TDA20080200,TDA,01/08/2020,Dívida Interna,Vencimento,5.0,502.95,2020,5.0295e-07
