codigo_tse,uf,nome_municipio,codigo_ibge,POP_2022
1120,AC,ACRELÂNDIA,1200013,12707
1570,AC,ASSIS BRASIL,1200054,8157
1058,AC,BRASILÉIA,1200104,25786
1007,AC,BUJARI,1200138,11962
1015,AC,CAPIXABA,1200179,9737
1074,AC,CRUZEIRO DO SUL,1200203,94345
1112,AC,EPITACIOLÂNDIA,1200252,18697
1139,AC,FEIJÓ,1200302,35035
1104,AC,JORDÃO,1200328,11105
1554,AC,MANOEL URBANO,1200344,12246
1040,AC,MARECHAL THAUMATURGO,1200351,16825
1090,AC,MÂNCIO LIMA,1200336,19172
1511,AC,PLÁCIDO DE CASTRO,1200385,16313
1023,AC,PORTO ACRE,1200807,16218
1066,AC,PORTO WALTER,1200393,10706
1392,AC,RIO BRANCO,1200401,364368
1082,AC,RODRIGUES ALVES,1200427,16072
1031,AC,SANTA ROSA DO PURUS,1200435,7672
1457,AC,SENA MADUREIRA,1200500,39746
1538,AC,SENADOR GUIOMARD,1200450,21658
1473,AC,TARAUACÁ,1200609,43072
1490,AC,XAPURI,1200708,18181
27030,AL,ANADIA,2700201,13960
27057,AL,ARAPIRACA,2700300,235085
27073,AL,ATALAIA,2700409,37356
27090,AL,BARRA DE SANTO ANTÔNIO,2700508,16405
27111,AL,BARRA DE SÃO MIGUEL,2700607,7952
27138,AL,BATALHA,2700706,16016
27170,AL,BELO MONTE,2700904,5935
27154,AL,BELÉM,2700805,4589
27197,AL,BOCA DA MATA,2701001,21175
27219,AL,BRANQUINHA,2701100,9474
27235,AL,CACIMBINHAS,2701209,10387
27251,AL,CAJUEIRO,2701308,16035
27081,AL,CAMPESTRE,2701357,6656
27278,AL,CAMPO ALEGRE,2701407,32020
27294,AL,CAMPO GRANDE,2701506,8138
27316,AL,CANAPI,2701605,15434
27332,AL,CAPELA,2701704,15023
27359,AL,CARNEIROS,2701803,8992
27375,AL,CHÃ PRETA,2701902,5908
27391,AL,COITÉ DO NÓIA,2702009,10791
27413,AL,COLÔNIA LEOPOLDINA,2702108,15673
27430,AL,COQUEIRO SECO,2702207,5579
27456,AL,CORURIPE,2702306,49951
28894,AL,CRAÍBAS,2702355,25330
27472,AL,DELMIRO GOUVEIA,2702405,51215
27499,AL,DOIS RIACHOS,2702504,9754
27049,AL,ESTRELA DE ALAGOAS,2702553,15322
27510,AL,FEIRA GRANDE,2702603,22701
27537,AL,FELIZ DESERTO,2702702,3947
27553,AL,FLEXEIRAS,2702801,9520
27570,AL,GIRAU DO PONCIANO,2702900,35899
27596,AL,IBATEGUARA,2703007,13699
27618,AL,IGACI,2703106,23996
27634,AL,IGREJA NOVA,2703205,21227
27650,AL,INHAPI,2703304,15158
27677,AL,JACARÉ DOS HOMENS,2703403,5071
27693,AL,JACUÍPE,2703502,5340
27715,AL,JAPARATINGA,2703601,9307
27731,AL,JARAMATAIA,2703700,4992
27065,AL,JEQUIÁ DA PRAIA,2703759,9480
27758,AL,JOAQUIM GOMES,2703809,17080
27774,AL,JUNDIÁ,2703908,4088
27790,AL,JUNQUEIRO,2704005,23902
27812,AL,LAGOA DA CANOA,2704104,18480
27839,AL,LIMOEIRO DE ANADIA,2704203,24698
27855,AL,MACEIÓ,2704302,960667
27871,AL,MAJOR ISIDORO,2704401,18081
27979,AL,MAR VERMELHO,2704906,3155
27898,AL,MARAGOGI,2704500,32540
27910,AL,MARAVILHA,2704609,9515
27936,AL,MARECHAL DEODORO,2704708,61177
27952,AL,MARIBONDO,2704807,13677
27995,AL,MATA GRANDE,2705002,21627
28010,AL,MATRIZ DE CAMARAGIBE,2705101,23871
28037,AL,MESSIAS,2705200,15418
28053,AL,MINADOR DO NEGRÃO,2705309,4838
28070,AL,MONTEIRÓPOLIS,2705408,7201
28096,AL,MURICI,2705507,25221
28118,AL,NOVO LINO,2705606,10011
28134,AL,OLHO D'ÁGUA DAS FLORES,2705705,20702
28150,AL,OLHO D'ÁGUA DO CASADO,2705804,8345
28177,AL,OLHO D'ÁGUA GRANDE,2705903,4333
28193,AL,OLIVENÇA,2706000,10744
28215,AL,OURO BRANCO,2706109,11382
28231,AL,PALESTINA,2706208,4328
28258,AL,PALMEIRA DOS ÍNDIOS,2706307,68534
27022,AL,PARICONHA,2706422,10573
27006,AL,PARIPUEIRA,2706448,13991
28290,AL,PASSO DE CAMARAGIBE,2706505,13870
28312,AL,PAULO JACINTO,2706604,6570
28339,AL,PENEDO,2706703,58654
28355,AL,PIAÇABUÇU,2706802,15834
28371,AL,PILAR,2706901,35433
28398,AL,PINDOBA,2707008,2734
28410,AL,PIRANHAS,2707107,22589
28452,AL,PORTO CALVO,2707305,23708
28479,AL,PORTO DE PEDRAS,2707404,9373
28495,AL,PORTO REAL DO COLÉGIO,2707503,20048
28436,AL,POÇO DAS TRINCHEIRAS,2707206,12480
28274,AL,PÃO DE AÇÚCAR,2706406,23721
28517,AL,QUEBRANGULO,2707602,11069
28533,AL,RIO LARGO,2707701,93729
28550,AL,ROTEIRO,2707800,6482
28576,AL,SANTA LUZIA DO NORTE,2707909,6946
28592,AL,SANTANA DO IPANEMA,2708006,46258
28614,AL,SANTANA DO MUNDAÚ,2708105,11307
28770,AL,SATUBA,2708907,24087
28916,AL,SENADOR RUI PALMEIRA,2708956,12300
28630,AL,SÃO BRÁS,2708204,6463
28657,AL,SÃO JOSÉ DA LAJE,2708303,20742
28673,AL,SÃO JOSÉ DA TAPERA,2708402,30359
28690,AL,SÃO LUÍS DO QUITUNDE,2708501,30922
28711,AL,SÃO MIGUEL DOS CAMPOS,2708600,51978
28738,AL,SÃO MIGUEL DOS MILAGRES,2708709,8711
28754,AL,SÃO SEBASTIÃO,2708808,31788
28797,AL,TANQUE D'ARCA,2709004,5746
28819,AL,TAQUARANA,2709103,19004
28932,AL,TEOTÔNIO VILELA,2709152,37999
28835,AL,TRAIPU,2709202,23486
28851,AL,UNIÃO DOS PALMARES,2709301,59093
28878,AL,VIÇOSA,2709400,24089
27014,AL,ÁGUA BRANCA,2700102,19011
2895,AM,ALVARÃES,1300029,15916
2917,AM,AMATURÁ,1300060,10814
2933,AM,ANAMÃ,1300086,9927
2038,AM,ANORI,1300102,17052
2003,AM,APUÍ,1300144,21403
2054,AM,ATALAIA DO NORTE,1300201,15440
2070,AM,AUTAZES,1300300,41672
2097,AM,BARCELOS,1300409,18399
2119,AM,BARREIRINHA,1300508,30990
2135,AM,BENJAMIN CONSTANT,1300607,37436
2950,AM,BERURI,1300631,20807
2976,AM,BOA VISTA DO RAMOS,1300680,24018
2151,AM,BOCA DO ACRE,1300706,35964
2178,AM,BORBA,1300805,33209
2992,AM,CAAPIRANGA,1300839,13851
2194,AM,CANUTAMA,1300904,17362
2216,AM,CARAUARI,1301001,29176
2232,AM,CAREIRO,1301100,30819
2046,AM,CAREIRO DA VÁRZEA,1301159,19615
2259,AM,COARI,1301209,71130
2275,AM,CODAJÁS,1301308,24071
2291,AM,EIRUNEPÉ,1301407,33173
2313,AM,ENVIRA,1301506,17034
2330,AM,FONTE BOA,1301605,27692
2020,AM,GUAJARÁ,1301654,13809
2356,AM,HUMAITÁ,1301704,59504
2399,AM,IPIXUNA,1301803,24387
98353,AM,IRANDUBA,1301852,59767
2410,AM,ITACOATIARA,1301902,103826
98370,AM,ITAMARATI,1301951,10783
2437,AM,ITAPIRANGA,1302009,10183
2453,AM,JAPURÁ,1302108,9281
2470,AM,JURUÁ,1302207,10501
2496,AM,JUTAÍ,1302306,25048
2518,AM,LÁBREA,1302405,47003
2534,AM,MANACAPURU,1302504,102736
98396,AM,MANAQUIRI,1302553,17333
2550,AM,MANAUS,1302603,2054731
2577,AM,MANICORÉ,1302702,59225
2593,AM,MARAÃ,1302801,15706
2615,AM,MAUÉS,1302900,61167
2631,AM,NHAMUNDÁ,1303007,20249
2658,AM,NOVA OLINDA DO NORTE,1303106,27088
2011,AM,NOVO AIRÃO,1303205,15819
2674,AM,NOVO ARIPUANÃ,1303304,24251
2690,AM,PARINTINS,1303403,96251
2712,AM,PAUINI,1303502,20351
98418,AM,PRESIDENTE FIGUEIREDO,1303536,30762
98434,AM,RIO PRETO DA EVA,1303569,24807
2372,AM,SANTA ISABEL DO RIO NEGRO,1303601,14305
2739,AM,SANTO ANTÔNIO DO IÇÁ,1303700,28233
2771,AM,SILVES,1304005,11572
2836,AM,SÃO GABRIEL DA CACHOEIRA,1303809,51921
2755,AM,SÃO PAULO DE OLIVENÇA,1303908,32727
98450,AM,SÃO SEBASTIÃO DO UATUMÃ,1303957,11697
98477,AM,TABATINGA,1304062,66837
2798,AM,TAPAUÁ,1304104,21914
2810,AM,TEFÉ,1304203,74142
98515,AM,TONANTINS,1304237,20180
98493,AM,UARINI,1304260,14597
2852,AM,URUCARÁ,1304302,18582
2879,AM,URUCURITUBA,1304401,24017
6017,AP,AMAPÁ,1600105,7944
6033,AP,CALÇOENE,1600204,10613
6068,AP,CUTIAS,1600212,4388
6114,AP,FERREIRA GOMES,1600238,6689
6041,AP,ITAUBAL,1600253,5477
6130,AP,LARANJAL DO JARI,1600279,35038
6050,AP,MACAPÁ,1600303,478448
6076,AP,MAZAGÃO,1600402,22105
6092,AP,OIAPOQUE,1600501,27778
6025,AP,PORTO GRANDE,1600535,17923
6009,AP,PRACUÚBA,1600550,3803
6157,AP,SANTANA,1600600,114995
6106,AP,SERRA DO NAVIO,1600055,4744
6173,AP,TARTARUGALZINHO,1600709,10511
6122,AP,VITÓRIA DO JARI,1600808,11447
6084,AP,ÁGUA BRANCA DO AMAPARI,1600154,12365
33030,BA,ABARÉ,2900207,18766
33014,BA,ABAÍRA,2900108,7290
33057,BA,ACAJUTIBA,2900306,13715
33065,BA,ADUSTINA,2900355,14166
33111,BA,AIQUARA,2900603,4566
33138,BA,ALAGOINHAS,2900702,157864
33154,BA,ALCOBAÇA,2900801,23633
33170,BA,ALMADINA,2900900,5195
33197,BA,AMARGOSA,2901007,36260
33219,BA,AMÉLIA RODRIGUES,2901106,23639
30716,BA,AMÉRICA DOURADA,2901155,15104
33235,BA,ANAGÉ,2901205,25452
33251,BA,ANDARAÍ,2901304,13406
33260,BA,ANDORINHA,2901353,15011
33278,BA,ANGICAL,2901403,14973
33294,BA,ANGUERA,2901502,11019
33316,BA,ANTAS,2901601,14453
33332,BA,ANTÔNIO CARDOSO,2901700,11268
33359,BA,ANTÔNIO GONÇALVES,2901809,11921
33375,BA,APORÁ,2901908,16909
33405,BA,APUAREMA,2901957,6900
33391,BA,ARACATU,2902005,13819
33413,BA,ARACI,2902104,51377
33430,BA,ARAMARI,2902203,9781
30732,BA,ARATACA,2902252,8219
33456,BA,ARATUÍPE,2902302,10006
33383,BA,ARAÇÁS,2902054,12605
33472,BA,AURELINO LEAL,2902401,11782
33499,BA,BAIANÓPOLIS,2902500,13618
33510,BA,BAIXA GRANDE,2902609,17880
33529,BA,BANZAÊ,2902658,11869
33537,BA,BARRA,2902708,50543
33553,BA,BARRA DA ESTIVA,2902807,26031
33570,BA,BARRA DO CHOÇA,2902906,40025
33596,BA,BARRA DO MENDES,2903003,13852
33618,BA,BARRA DO ROCHA,2903102,6682
33634,BA,BARREIRAS,2903201,165413
30759,BA,BARRO ALTO,2903235,13761
33650,BA,BARRO PRETO,2903300,5820
30775,BA,BARROCAS,2903276,15396
33677,BA,BELMONTE,2903409,20565
33693,BA,BELO CAMPO,2903508,18399
33715,BA,BIRITINGA,2903607,15151
33731,BA,BOA NOVA,2903706,14160
33758,BA,BOA VISTA DO TUPIM,2903805,19320
33774,BA,BOM JESUS DA LAPA,2903904,74040
33782,BA,BOM JESUS DA SERRA,2903953,9572
33790,BA,BONINAL,2904001,13653
33804,BA,BONITO,2904050,15837
33812,BA,BOQUIRA,2904100,20588
33839,BA,BOTUPORÃ,2904209,11040
33871,BA,BREJOLÂNDIA,2904407,9114
33855,BA,BREJÕES,2904308,12914
33898,BA,BROTAS DE MACAÚBAS,2904506,12467
33910,BA,BRUMADO,2904605,70268
33936,BA,BUERAREMA,2904704,16880
30791,BA,BURITIRAMA,2904753,19514
33952,BA,CAATIBA,2904803,6915
33960,BA,CABACEIRAS DO PARAGUAÇU,2904852,19432
33979,BA,CACHOEIRA,2904902,31982
33995,BA,CACULÉ,2905008,22412
34010,BA,CAEM,2905107,10360
34029,BA,CAETANOS,2905156,13242
34037,BA,CAETITÉ,2905206,52099
34053,BA,CAFARNAUM,2905305,17975
34070,BA,CAIRU,2905404,17591
34096,BA,CALDEIRÃO GRANDE,2905503,13063
34118,BA,CAMACAN,2905602,22460
34150,BA,CAMAMU,2905800,30480
34134,BA,CAMAÇARI,2905701,334195
34177,BA,CAMPO ALEGRE DE LOURDES,2905909,30659
34193,BA,CAMPO FORMOSO,2906006,68571
34231,BA,CANARANA,2906204,23491
34258,BA,CANAVIEIRAS,2906303,33080
34274,BA,CANDEAL,2906402,7785
34290,BA,CANDEIAS,2906501,77026
34312,BA,CANDIBA,2906600,13007
34355,BA,CANSANÇÃO,2906808,39475
30856,BA,CANUDOS,2906824,15906
34215,BA,CANÁPOLIS,2906105,10225
30813,BA,CAPELA DO ALTO ALEGRE,2906857,10754
30830,BA,CAPIM GROSSO,2906873,33344
34371,BA,CARAVELAS,2906907,21612
34363,BA,CARAÍBAS,2906899,9938
34398,BA,CARDEAL DA SILVA,2907004,8376
34410,BA,CARINHANHA,2907103,28869
34436,BA,CASA NOVA,2907202,71572
34452,BA,CASTRO ALVES,2907301,24700
34479,BA,CATOLÂNDIA,2907400,3480
34495,BA,CATU,2907509,48137
34509,BA,CATURAMA,2907558,8847
34517,BA,CENTRAL,2907608,16223
34533,BA,CHORROCHÓ,2907707,10587
34576,BA,CIPÓ,2907905,17246
34592,BA,COARACI,2908002,17949
34614,BA,COCOS,2908101,19156
34630,BA,CONCEIÇÃO DA FEIRA,2908200,22936
34657,BA,CONCEIÇÃO DO ALMEIDA,2908309,15401
34673,BA,CONCEIÇÃO DO COITÉ,2908408,70202
34690,BA,CONCEIÇÃO DO JACUÍPE,2908507,34994
34711,BA,CONDE,2908606,24433
34738,BA,CONDEÚBA,2908705,17059
34754,BA,CONTENDAS DO SINCORÁ,2908804,4750
34770,BA,CORAÇÃO DE MARIA,2908903,28340
34797,BA,CORDEIROS,2909000,7555
34819,BA,CORIBE,2909109,14158
34835,BA,CORONEL JOÃO SÁ,2909208,17000
34851,BA,CORRENTINA,2909307,32709
34878,BA,COTEGIPE,2909406,13059
34894,BA,CRAVOLÂNDIA,2909505,4445
34932,BA,CRISTÓPOLIS,2909703,14002
34916,BA,CRISÓPOLIS,2909604,19720
34959,BA,CRUZ DAS ALMAS,2909802,60633
34975,BA,CURAÇÁ,2909901,33603
34339,BA,CÂNDIDO SALES,2906709,25278
34550,BA,CÍCERO DANTAS,2907806,30836
30872,BA,DIAS D'ÁVILA,2910057,69211
35017,BA,DOM BASÍLIO,2910107,11905
35033,BA,DOM MACEDO COSTA,2910206,4418
34991,BA,DÁRIO MEIRA,2910008,10025
35050,BA,ELÍSIO MEDRADO,2910305,7782
35076,BA,ENCRUZILHADA,2910404,19111
35092,BA,ENTRE RIOS,2910503,38880
35114,BA,ESPLANADA,2910602,34033
35130,BA,EUCLIDES DA CUNHA,2910701,65187
30058,BA,EUNÁPOLIS,2910727,112477
35149,BA,FEIRA DA MATA,2910776,5618
35157,BA,FEIRA DE SANTANA,2910800,652592
30910,BA,FILADÉLFIA,2910859,17892
35173,BA,FIRMINO ALVES,2910909,5925
35190,BA,FLORESTA AZUL,2911006,11068
35211,BA,FORMOSA DO RIO PRETO,2911105,25185
30899,BA,FÁTIMA,2910750,17899
35238,BA,GANDU,2911204,29776
30937,BA,GAVIÃO,2911253,4357
35254,BA,GENTIO DO OURO,2911303,11896
35270,BA,GLÓRIA,2911402,16698
35297,BA,GONGOGI,2911501,5549
35319,BA,GOVERNADOR MANGABEIRA,2911600,20604
30953,BA,GUAJERU,2911659,8054
35335,BA,GUANAMBI,2911709,87580
35351,BA,GUARATINGA,2911808,20338
30970,BA,HELIÓPOLIS,2911857,12301
35378,BA,IAÇU,2911907,25178
35394,BA,IBIASSUCÊ,2912004,10426
35416,BA,IBICARAÍ,2912103,21688
35432,BA,IBICOARA,2912202,20874
35459,BA,IBICUÍ,2912301,13791
35475,BA,IBIPEBA,2912400,18540
35513,BA,IBIPITANGA,2912509,13905
35530,BA,IBIQUERA,2912608,3722
35556,BA,IBIRAPITANGA,2912707,27341
35572,BA,IBIRAPUÃ,2912806,8331
35599,BA,IBIRATAIA,2912905,19613
35610,BA,IBITIARA,2913002,14622
35637,BA,IBITITÁ,2913101,17954
35653,BA,IBOTIRAMA,2913200,26611
35670,BA,ICHU,2913309,6192
35696,BA,IGAPORÃ,2913408,17022
35700,BA,IGRAPIÚNA,2913457,13077
35718,BA,IGUAÍ,2913507,25114
35734,BA,ILHÉUS,2913606,197163
35750,BA,INHAMBUPE,2913705,33771
35777,BA,IPECAETÁ,2913804,16230
35793,BA,IPIAÚ,2913903,43078
35815,BA,IPIRÁ,2914000,58094
35831,BA,IPUPIARA,2914109,9925
35858,BA,IRAJUBA,2914208,6100
35874,BA,IRAMAIA,2914307,10755
35890,BA,IRAQUARA,2914406,25590
35912,BA,IRARÁ,2914505,27984
35939,BA,IRECÊ,2914604,76491
35947,BA,ITABELA,2914653,27691
35955,BA,ITABERABA,2914703,67605
35971,BA,ITABUNA,2914802,185500
35998,BA,ITACARÉ,2914901,28214
36013,BA,ITAETÉ,2915007,14031
36030,BA,ITAGI,2915106,13925
36056,BA,ITAGIBÁ,2915205,15556
36072,BA,ITAGIMIRIM,2915304,7037
36080,BA,ITAGUAÇU DA BAHIA,2915353,13116
36099,BA,ITAJU DO COLÔNIA,2915403,6033
36110,BA,ITAJUÍPE,2915502,19913
36137,BA,ITAMARAJU,2915601,60831
36153,BA,ITAMARI,2915700,7050
36170,BA,ITAMBÉ,2915809,26420
36196,BA,ITANAGRA,2915908,5814
36218,BA,ITANHÉM,2916005,19025
36234,BA,ITAPARICA,2916104,19738
36277,BA,ITAPEBI,2916302,9779
36293,BA,ITAPETINGA,2916401,68704
36315,BA,ITAPICURU,2916500,32793
36331,BA,ITAPITANGA,2916609,10320
36250,BA,ITAPÉ,2916203,10327
36358,BA,ITAQUARA,2916708,8175
36374,BA,ITARANTIM,2916807,17035
36382,BA,ITATIM,2916856,15749
36390,BA,ITIRUÇU,2916906,11016
36412,BA,ITIÚBA,2917003,33671
36439,BA,ITORORÓ,2917102,17729
36455,BA,ITUAÇU,2917201,18992
36471,BA,ITUBERÁ,2917300,21974
30660,BA,IUIU,2917334,11101
30678,BA,JABORANDI,2917359,9269
36498,BA,JACARACI,2917409,14625
36510,BA,JACOBINA,2917508,88296
36536,BA,JAGUAQUARA,2917607,46026
36552,BA,JAGUARARI,2917706,32495
36579,BA,JAGUARIPE,2917805,20237
36595,BA,JANDAÍRA,2917904,9112
36617,BA,JEQUIÉ,2918001,156408
36633,BA,JEREMOABO,2918100,37519
36650,BA,JIQUIRIÇÁ,2918209,13623
36676,BA,JITAÚNA,2918308,14614
30996,BA,JOÃO DOURADO,2918357,26186
36692,BA,JUAZEIRO,2918407,244406
36706,BA,JUCURUÇU,2918456,9971
36714,BA,JUSSARA,2918506,16922
30694,BA,JUSSARI,2918555,5902
36730,BA,JUSSIAPE,2918605,7381
36757,BA,LAFAIETE COUTINHO,2918704,4044
36765,BA,LAGOA REAL,2918803,23198
36773,BA,LAJE,2918902,4550
36811,BA,LAJEDINHO,2919058,7486
36820,BA,LAJEDO DO TABOCAL,2918753,13990
36790,BA,LAJEDÃO,2919009,4102
36838,BA,LAMARÃO,2919108,9062
39730,BA,LAPÃO,2919157,25713
36854,BA,LAURO DE FREITAS,2919207,220437
36870,BA,LENÇÓIS,2919306,11022
36897,BA,LICÍNIO DE ALMEIDA,2919405,11848
36919,BA,LIVRAMENTO DE NOSSA SENHORA,2919504,43898
30007,BA,LUÍS EDUARDO MAGALHÃES,2919553,108271
36935,BA,MACAJUBA,2919603,10463
36951,BA,MACARANI,2919702,21556
36978,BA,MACAÚBAS,2919801,41631
36994,BA,MACURURÉ,2919900,7600
39748,BA,MADRE DE DEUS,2919926,18767
39756,BA,MAETINGA,2919959,6968
37010,BA,MAIQUINIQUE,2920007,9452
37036,BA,MAIRI,2920106,16122
37052,BA,MALHADA,2920205,15426
37079,BA,MALHADA DE PEDRAS,2920304,8673
37095,BA,MANOEL VITORINO,2920403,13327
39772,BA,MANSIDÃO,2920452,13902
37117,BA,MARACÁS,2920502,27747
37133,BA,MARAGOGIPE,2920601,38394
37150,BA,MARAÚ,2920700,24713
37176,BA,MARCIONÍLIO SOUZA,2920809,9256
37192,BA,MASCOTE,2920908,11991
37214,BA,MATA DE SÃO JOÃO,2921005,48698
37222,BA,MATINA,2921054,10338
37230,BA,MEDEIROS NETO,2921104,23096
37257,BA,MIGUEL CALMON,2921203,27817
37273,BA,MILAGRES,2921302,11076
37290,BA,MIRANGABA,2921401,15050
37303,BA,MIRANTE,2921450,10072
37311,BA,MONTE SANTO,2921500,47758
37338,BA,MORPARÁ,2921609,8303
37354,BA,MORRO DO CHAPÉU,2921708,33389
37370,BA,MORTUGABA,2921807,11131
37397,BA,MUCUGÊ,2921906,12988
37419,BA,MUCURI,2922003,38082
37427,BA,MULUNGU DO MORRO,2922052,13166
37435,BA,MUNDO NOVO,2922102,20564
37451,BA,MUNIZ FERREIRA,2922201,7165
37460,BA,MUQUÉM DO SÃO FRANCISCO,2922250,11029
37478,BA,MURITIBA,2922300,28558
37494,BA,MUTUÍPE,2922409,20028
37516,BA,NAZARÉ,2922508,28181
37532,BA,NILO PEÇANHA,2922607,12032
39799,BA,NORDESTINA,2922656,18536
37559,BA,NOVA CANAÃ,2922706,15959
37567,BA,NOVA FÁTIMA,2922730,7958
39969,BA,NOVA IBIÁ,2922755,8325
37575,BA,NOVA ITARANA,2922805,7820
37583,BA,NOVA REDENÇÃO,2922854,7525
37591,BA,NOVA SOURE,2922904,24206
37613,BA,NOVA VIÇOSA,2923001,41089
39942,BA,NOVO HORIZONTE,2923035,11163
37621,BA,NOVO TRIUNFO,2923050,10666
37630,BA,OLINDINA,2923100,22615
37656,BA,OLIVEIRA DOS BREJINHOS,2923209,22850
37672,BA,OURIÇANGAS,2923308,7728
37680,BA,OUROLÂNDIA,2923357,19322
37699,BA,PALMAS DE MONTE ALTO,2923407,20091
37710,BA,PALMEIRAS,2923506,10383
37737,BA,PARAMIRIM,2923605,20378
37753,BA,PARATINGA,2923704,28947
37770,BA,PARIPIRANGA,2923803,26609
37796,BA,PAU BRASIL,2923902,10669
37818,BA,PAULO AFONSO,2924009,118412
37850,BA,PEDRO ALEXANDRE,2924207,14056
37834,BA,PEDRÃO,2924108,6229
37877,BA,PIATÃ,2924306,20098
37893,BA,PILÃO ARCADO,2924405,35326
37915,BA,PINDAÍ,2924504,14740
37931,BA,PINDOBAÇU,2924603,19133
39837,BA,PINTADAS,2924652,9805
37940,BA,PIRAÍ DO NORTE,2924678,10200
37958,BA,PIRIPÁ,2924702,9158
37974,BA,PIRITIBA,2924801,17549
37990,BA,PLANALTINO,2924900,8012
38016,BA,PLANALTO,2925006,23290
38059,BA,POJUCA,2925204,33079
38067,BA,PONTO NOVO,2925253,17941
38075,BA,PORTO SEGURO,2925303,158736
38091,BA,POTIRAGUÁ,2925402,11524
38032,BA,POÇÕES,2925105,48197
38113,BA,PRADO,2925501,31715
38130,BA,PRESIDENTE DUTRA,2925600,15133
38156,BA,PRESIDENTE JÂNIO QUADROS,2925709,12627
38164,BA,PRESIDENTE TANCREDO NEVES,2925758,27662
39810,BA,PÉ DE SERRA,2924058,13242
38172,BA,QUEIMADAS,2925808,26027
38199,BA,QUINJINGUE,2925907,27317
39845,BA,QUIXABEIRA,2925931,9429
39853,BA,RAFAEL JAMBEIRO,2925956,20242
38210,BA,REMANSO,2926004,40531
38237,BA,RETIROLÂNDIA,2926103,13654
38296,BA,RIACHO DE SANTANA,2926400,39127
38253,BA,RIACHÃO DAS NEVES,2926202,22289
38270,BA,RIACHÃO DO JACUÍPE,2926301,33422
38318,BA,RIBEIRA DO AMPARO,2926509,13831
38334,BA,RIBEIRA DO POMBAL,2926608,53997
38342,BA,RIBEIRÃO DO LARGO,2926657,10382
38350,BA,RIO DE CONTAS,2926707,13634
38377,BA,RIO DO ANTÔNIO,2926806,13098
38393,BA,RIO DO PIRES,2926905,9585
38415,BA,RIO REAL,2927002,35378
38431,BA,RODELAS,2927101,10303
38458,BA,RUY BARBOSA,2927200,30172
38474,BA,SALINAS DA MARGARIDA,2927309,14989
38490,BA,SALVADOR,2927408,2610987
38539,BA,SANTA BRÍGIDA,2927606,14979
38512,BA,SANTA BÁRBARA,2927507,22446
38555,BA,SANTA CRUZ CABRÁLIA,2927705,30385
38571,BA,SANTA CRUZ DA VITÓRIA,2927804,4672
38598,BA,SANTA INÊS,2927903,10293
39870,BA,SANTA LUZIA,2928059,11776
38636,BA,SANTA MARIA DA VITÓRIA,2928109,38686
35491,BA,SANTA RITA DE CÁSSIA,2928406,28084
38695,BA,SANTA TEREZINHA,2928505,9790
38610,BA,SANTALUZ,2928000,37079
38652,BA,SANTANA,2928208,24778
38679,BA,SANTANÓPOLIS,2928307,9831
38717,BA,SANTO AMARO,2928604,55935
38733,BA,SANTO ANTÔNIO DE JESUS,2928703,103055
38750,BA,SANTO ESTEVÃO,2928802,55696
38911,BA,SAPEAÇU,2929602,17993
38946,BA,SAUBARA,2929750,11433
38954,BA,SAÚDE,2929800,10482
38970,BA,SEABRA,2929909,49587
38997,BA,SEBASTIÃO LARANJEIRAS,2930006,9373
39012,BA,SENHOR DO BONFIM,2930105,77514
39039,BA,SENTO SÉ,2930204,37389
39047,BA,SERRA DO RAMALHO,2930154,34270
39055,BA,SERRA DOURADA,2930303,16691
39071,BA,SERRA PRETA,2930402,18090
39098,BA,SERRINHA,2930501,85696
39110,BA,SERROLÂNDIA,2930600,13320
39136,BA,SIMÕES FILHO,2930709,127093
39985,BA,SOBRADINHO,2930774,24799
39152,BA,SOUTO SOARES,2930808,16904
38938,BA,SÁTIRO DIAS,2929701,16021
38776,BA,SÃO DESIDÉRIO,2928901,36793
38806,BA,SÃO DOMINGOS,2928950,8417
38814,BA,SÃO FELIPE,2929107,20286
38830,BA,SÃO FRANCISCO DO CONDE,2929206,37892
38792,BA,SÃO FÉLIX,2929008,10946
38822,BA,SÃO FÉLIX DO CORIBE,2929057,15704
39896,BA,SÃO GABRIEL,2929255,18417
38857,BA,SÃO GONÇALO DOS CAMPOS,2929305,39570
39926,BA,SÃO JOSÉ DA VITÓRIA,2929354,5321
38865,BA,SÃO JOSÉ DO JACUÍPE,2929370,10195
38873,BA,SÃO MIGUEL DAS MATAS,2929404,10334
38890,BA,SÃO SEBASTIÃO DO PASSÉ,2929503,40376
39144,BA,SÍTIO DO MATO,2930758,13408
39900,BA,SÍTIO DO QUINTO,2930766,14778
39179,BA,TABOCAS DO BREJO VELHO,2930907,11990
39195,BA,TANHAÇU,2931004,21407
39918,BA,TANQUE NOVO,2931053,18459
39217,BA,TANQUINHO,2931103,7729
39233,BA,TAPEROÁ,2931202,18016
39250,BA,TAPIRAMUTÁ,2931301,15884
39934,BA,TEIXEIRA DE FREITAS,2931350,147454
39276,BA,TEODORO SAMPAIO,2931400,7220
39292,BA,TEOFILÂNDIA,2931509,21811
39314,BA,TEOLÂNDIA,2931608,15892
39330,BA,TERRA NOVA,2931707,10802
39357,BA,TREMEDAL,2931806,17497
39373,BA,TUCANO,2931905,48062
39390,BA,UAUÁ,2932002,24654
39438,BA,UBAITABA,2932200,17626
39454,BA,UBATÃ,2932309,18161
39411,BA,UBAÍRA,2932101,18605
39470,BA,UIBAÍ,2932408,14844
39489,BA,UMBURANAS,2932457,13511
39497,BA,UNA,2932507,17998
39519,BA,URANDI,2932606,15365
39535,BA,URUÇUCA,2932705,21365
39551,BA,UTINGA,2932804,16285
39594,BA,VALENTE,2933000,23683
39578,BA,VALENÇA,2932903,96226
39624,BA,VARZEDO,2933174,9913
39632,BA,VERA CRUZ,2933208,40915
39640,BA,VEREDA,2933257,7072
39659,BA,VITÓRIA DA CONQUISTA,2933307,387524
39977,BA,VÁRZEA DA ROÇA,2933059,13043
39616,BA,VÁRZEA DO POÇO,2933109,8115
39950,BA,VÁRZEA NOVA,2933158,13369
39675,BA,WAGNER,2933406,8861
39993,BA,WANDERLEY,2933455,13071
39691,BA,WENCESLAU GUIMARÃES,2933505,26279
39713,BA,XIQUE-XIQUE,2933604,46328
33073,BA,ÁGUA FRIA,2900405,17398
33090,BA,ÉRICO CARDOSO,2900504,10581
13013,CE,ABAIARA,2300101,9670
13145,CE,ACARAPE,2300150,13553
13030,CE,ACARAÚ,2300200,64551
13056,CE,ACOPIARA,2300309,44601
13072,CE,AIUABA,2300408,13661
13099,CE,ALCÂNTARAS,2300507,11359
13110,CE,ALTANEIRA,2300606,6782
13137,CE,ALTO SANTO,2300705,14157
15873,CE,AMONTADA,2300754,47486
13153,CE,ANTONINA DO NORTE,2300804,7054
13170,CE,APUIARÉS,2300903,12974
13196,CE,AQUIRAZ,2301000,92281
13218,CE,ARACATI,2301109,82476
13234,CE,ARACOIABA,2301208,25522
13420,CE,ARARENDÁ,2301257,11096
13250,CE,ARARIPE,2301307,19791
13277,CE,ARATUBA,2301406,12110
13293,CE,ARNEIROZ,2301505,7304
13315,CE,ASSARÉ,2301604,21703
13331,CE,AURORA,2301703,23173
13358,CE,BAIXIO,2301802,5697
13382,CE,BANABUIÚ,2301851,16447
13374,CE,BARBALHA,2301901,72700
13129,CE,BARREIRA,2301950,22412
13390,CE,BARRO,2302008,19313
13404,CE,BARROQUINHA,2302057,14563
13412,CE,BATURITÉ,2302107,33335
13439,CE,BEBERIBE,2302206,52726
13455,CE,BELA CRUZ,2302305,30050
13471,CE,BOA VIAGEM,2302404,48213
13498,CE,BREJO SANTO,2302503,51034
13510,CE,CAMOCIM,2302602,62419
13536,CE,CAMPOS SALES,2302701,25132
13552,CE,CANINDÉ,2302800,73969
13579,CE,CAPISTRANO,2302909,16005
13595,CE,CARIDADE,2303006,15898
13633,CE,CARIRIAÇU,2303204,26236
13617,CE,CARIRÉ,2303105,17633
13650,CE,CARIÚS,2303303,16398
13676,CE,CARNAUBAL,2303402,17211
13692,CE,CASCAVEL,2303501,70498
13714,CE,CATARINA,2303600,9950
13447,CE,CATUNDA,2303659,10425
13730,CE,CAUCAIA,2303709,372413
13757,CE,CEDRO,2303808,22216
13773,CE,CHAVAL,2303907,12443
13161,CE,CHOROZINHO,2303956,20174
13463,CE,CHORÓ,2303931,11414
13811,CE,COREAÚ,2304004,20944
13838,CE,CRATEÚS,2304103,75394
13854,CE,CRATO,2304202,130858
15881,CE,CROATÁ,2304236,17492
15890,CE,CRUZ,2304251,29360
15989,CE,DEPUTADO IRAPUAN PINHEIRO,2304269,8470
13200,CE,ERERÊ,2304277,6466
13226,CE,EUSÉBIO,2304285,73667
13870,CE,FARIAS BRITO,2304301,18226
15911,CE,FORQUILHA,2304350,22848
13897,CE,FORTALEZA,2304400,2596157
13501,CE,FORTIM,2304459,17308
13919,CE,FRECHEIRINHA,2304509,15660
13935,CE,GENERAL SAMPAIO,2304608,6734
13951,CE,GRANJA,2304707,53352
13978,CE,GRANJEIRO,2304806,4843
13064,CE,GRAÇA,2304657,13805
13994,CE,GROAÍRAS,2304905,10889
13242,CE,GUAIÚBA,2304954,22283
14010,CE,GUARACIABA DO NORTE,2305001,42063
14036,CE,GUARAMIRANGA,2305100,5676
14052,CE,HIDROLÂNDIA,2305209,17854
13188,CE,HORIZONTE,2305233,69999
14060,CE,IBARETAMA,2305266,11927
14079,CE,IBIAPINA,2305308,23966
15920,CE,IBICUITINGA,2305332,11582
15938,CE,ICAPUÍ,2305357,21400
14095,CE,ICÓ,2305407,62125
14117,CE,IGUATU,2305506,97733
14133,CE,INDEPENDÊNCIA,2305605,24047
13340,CE,IPAPORANGA,2305654,11575
14150,CE,IPAUMIRIM,2305704,12204
14176,CE,IPU,2305803,41083
14192,CE,IPUEIRAS,2305902,36751
14214,CE,IRACEMA,2306009,13993
14230,CE,IRAUÇUBA,2306108,23944
13480,CE,ITAITINGA,2306256,60706
14257,CE,ITAIÇABA,2306207,7532
14273,CE,ITAPAGÉ,2306306,46495
14290,CE,ITAPIPOCA,2306405,132711
14311,CE,ITAPIÚNA,2306504,17211
15954,CE,ITAREMA,2306553,42698
14338,CE,ITATIRA,2306603,20444
14354,CE,JAGUARETAMA,2306702,17255
14370,CE,JAGUARIBARA,2306801,10344
14397,CE,JAGUARIBE,2306900,32945
14419,CE,JAGUARUANA,2307007,30181
14435,CE,JARDIM,2307106,27335
14451,CE,JATI,2307205,7821
13005,CE,JIJOCA DE JERICOACOARA,2307254,29472
14478,CE,JUAZEIRO DO NORTE,2307304,269435
14494,CE,JUCÁS,2307403,22926
14516,CE,LAVRAS DA MANGABEIRA,2307502,30693
14532,CE,LIMOEIRO DO NORTE,2307601,59515
13021,CE,MADALENA,2307635,16127
15857,CE,MARACANAÚ,2307650,231121
14559,CE,MARANGUAPE,2307700,93155
14575,CE,MARCO,2307809,25790
14591,CE,MARTINÓPOLE,2307908,10846
14613,CE,MASSAPÊ,2308005,37717
14630,CE,MAURITI,2308104,45365
14656,CE,MERUOCA,2308203,15164
14672,CE,MILAGRES,2308302,25761
15970,CE,MILHÃ,2308351,14135
14680,CE,MIRAÍMA,2308377,14260
14699,CE,MISSÃO VELHA,2308401,36719
14710,CE,MOMBAÇA,2308500,37707
14737,CE,MONSENHOR TABOSA,2308609,17171
14753,CE,MORADA NOVA,2308708,60940
14770,CE,MORAÚJO,2308807,8264
14796,CE,MORRINHOS,2308906,22311
14818,CE,MUCAMBO,2309003,13670
14834,CE,MULUNGU,2309102,9851
14850,CE,NOVA OLINDA,2309201,15437
14877,CE,NOVA RUSSAS,2309300,30518
14893,CE,NOVO ORIENTE,2309409,27566
13307,CE,OCARA,2309458,24483
14915,CE,ORÓS,2309508,19675
14931,CE,PACAJUS,2309607,67168
14958,CE,PACATUBA,2309706,82432
14974,CE,PACOTI,2309805,10467
14990,CE,PACUJÁ,2309904,6136
15016,CE,PALHANO,2310001,9335
15032,CE,PALMÁCIA,2310100,10173
15059,CE,PARACURU,2310209,40046
15997,CE,PARAIPABA,2310258,32278
15075,CE,PARAMBU,2310308,31066
15091,CE,PARAMOTI,2310407,10369
15113,CE,PEDRA BRANCA,2310506,37661
15130,CE,PENAFORTE,2310605,8839
15156,CE,PENTECOSTE,2310704,37853
15172,CE,PEREIRO,2310803,15279
13285,CE,PINDORETAMA,2310852,24329
15199,CE,PIQUET CARNEIRO,2310902,16926
13048,CE,PIRES FERREIRA,2310951,10603
15210,CE,PORANGA,2311009,11742
15237,CE,PORTEIRAS,2311108,17060
15253,CE,POTENGI,2311207,9637
13269,CE,POTIRETAMA,2311231,5977
13102,CE,QUITERIANÓPOLIS,2311264,19624
15270,CE,QUIXADÁ,2311306,80701
98531,CE,QUIXELÔ,2311355,15896
15296,CE,QUIXERAMOBIM,2311405,78502
15318,CE,QUIXERÉ,2311504,20863
15334,CE,REDENÇÃO,2311603,25813
15350,CE,RERIUTABA,2311702,18603
15377,CE,RUSSAS,2311801,72609
15393,CE,SABOEIRO,2311900,13755
15440,CE,SALITRE,2311959,16635
15458,CE,SANTA QUITÉRIA,2312205,40239
15415,CE,SANTANA DO ACARAÚ,2312007,28436
15431,CE,SANTANA DO CARIRI,2312106,16981
15555,CE,SENADOR POMPEU,2312700,24256
15571,CE,SENADOR SÁ,2312809,7262
15598,CE,SOBRAL,2312908,219030
15610,CE,SOLONÓPOLE,2313005,18083
15474,CE,SÃO BENEDITO,2312304,47657
15490,CE,SÃO GONÇALO DO AMARANTE,2312403,60126
15512,CE,SÃO JOÃO DO JAGUARIBE,2312502,5855
15539,CE,SÃO LUÍS DO CURU,2312601,10856
15636,CE,TABULEIRO DO NORTE,2313104,30655
15652,CE,TAMBORIL,2313203,24812
13366,CE,TARRAFAS,2313252,7530
15679,CE,TAUÁ,2313302,56086
13323,CE,TEJUÇUOCA,2313351,17149
15695,CE,TIANGUÁ,2313401,81656
15717,CE,TRAIRI,2313500,58122
13080,CE,TURURU,2313559,15432
15733,CE,UBAJARA,2313609,32778
15750,CE,UMARI,2313708,6874
98558,CE,UMIRIM,2313757,17491
15776,CE,URUBURETAMA,2313807,20259
15792,CE,URUOCA,2313906,13651
98574,CE,VARJOTA,2313955,18105
15830,CE,VIÇOSA DO CEARÁ,2314102,59470
15814,CE,VÁRZEA ALEGRE,2314003,38825
97012,DF,BRASÍLIA,5300108,2923369
56014,ES,AFONSO CLÁUDIO,3200102,30603
56030,ES,ALEGRE,3200201,26397
56057,ES,ALFREDO CHAVES,3200300,13303
56065,ES,ALTO RIO NOVO,3200359,7438
56073,ES,ANCHIETA,3200409,29613
56090,ES,APIACÁ,3200508,7178
56111,ES,ARACRUZ,3200607,99336
56138,ES,ATÍLIO VIVÁCQUA,3200706,11218
56154,ES,BAIXO GUANDU,3200805,30676
56170,ES,BARRA DE SÃO FRANCISCO,3200904,40753
56197,ES,BOA ESPERANÇA,3201001,13134
56219,ES,BOM JESUS DO NORTE,3201100,9832
56146,ES,BREJETUBA,3201159,12933
56235,ES,CACHOEIRO DE ITAPEMIRIM,3201209,196133
56251,ES,CARIACICA,3201308,375500
56278,ES,CASTELO,3201407,39372
56294,ES,COLATINA,3201506,124575
56316,ES,CONCEIÇÃO DA BARRA,3201605,27947
56332,ES,CONCEIÇÃO DO CASTELO,3201704,12219
56359,ES,DIVINO DE SÃO LOURENÇO,3201803,5089
56375,ES,DOMINGOS MARTINS,3201902,35937
56391,ES,DORES DO RIO PRETO,3202009,6669
56413,ES,ECOPORANGA,3202108,21995
56430,ES,FUNDÃO,3202207,17884
56308,ES,GOVERNADOR LINDENBERG,3202256,11073
56472,ES,GUARAPARI,3202405,132915
56456,ES,GUAÇUÍ,3202306,28727
57096,ES,IBATIBA,3202454,25296
56499,ES,IBIRAÇU,3202504,12561
56502,ES,IBITIRAMA,3202553,9550
56510,ES,ICONHA,3202603,12055
56049,ES,IRUPI,3202652,13328
56537,ES,ITAGUAÇU,3202702,14368
56553,ES,ITAPEMIRIM,3202801,45801
56570,ES,ITARANA,3202900,12452
56596,ES,IÚNA,3203007,27846
57134,ES,JAGUARÉ,3203056,28911
56618,ES,JERÔNIMO MONTEIRO,3203106,11627
56626,ES,JOÃO NEIVA,3203130,15431
57916,ES,LARANJA DA TERRA,3203163,11068
56634,ES,LINHARES,3203205,171265
56650,ES,MANTENÓPOLIS,3203304,12259
56120,ES,MARATAÍZES,3203320,46198
56103,ES,MARECHAL FLORIANO,3203346,19594
57070,ES,MARILÂNDIA,3203353,12975
56677,ES,MIMOSO DO SUL,3203403,24769
56693,ES,MONTANHA,3203502,18851
56715,ES,MUCURICI,3203601,5467
56731,ES,MUNIZ FREIRE,3203700,18169
56758,ES,MUQUI,3203809,15736
56774,ES,NOVA VENÉCIA,3203908,48220
56790,ES,PANCAS,3204005,18923
57150,ES,PEDRO CANÁRIO,3204054,21343
56812,ES,PINHEIROS,3204104,23674
56839,ES,PIÚMA,3204203,21124
56200,ES,PONTO BELO,3204252,6486
56855,ES,PRESIDENTE KENNEDY,3204302,14718
57118,ES,RIO BANANAL,3204351,19035
56871,ES,RIO NOVO DO SUL,3204401,11017
56898,ES,SANTA LEOPOLDINA,3204500,15830
57932,ES,SANTA MARIA DE JETIBÁ,3204559,46523
56910,ES,SANTA TERESA,3204609,25755
56995,ES,SERRA,3205002,546405
56189,ES,SOORETAMA,3205010,27255
56006,ES,SÃO DOMINGOS DO NORTE,3204658,8588
56936,ES,SÃO GABRIEL DA PALHA,3204708,34198
56952,ES,SÃO JOSÉ DO CALÇADO,3204807,10875
56979,ES,SÃO MATEUS,3204906,122386
56162,ES,SÃO ROQUE DO CANAÃ,3204955,10594
57959,ES,VARGEM ALTA,3205036,22285
57975,ES,VENDA NOVA DO IMIGRANTE,3205069,23964
57010,ES,VIANA,3205101,71443
56081,ES,VILA PAVÃO,3205150,8890
56227,ES,VILA VALÉRIO,3205176,14764
57037,ES,VILA VELHA,3205200,493242
57053,ES,VITÓRIA,3205309,331785
56022,ES,ÁGUA DOCE DO NORTE,3200169,12038
57991,ES,ÁGUIA BRANCA,3200136,9714
93360,GO,ABADIA DE GOIÁS,5200050,19141
92010,GO,ABADIÂNIA,5200100,15498
96458,GO,ACREÚNA,5200134,20506
96911,GO,ADELÂNDIA,5200159,2393
92053,GO,ALEXÂNIA,5200308,28690
92096,GO,ALOÂNDIA,5200506,1891
92940,GO,ALTO HORIZONTE,5200555,6061
92118,GO,ALTO PARAÍSO DE GOIÁS,5200605,10414
92150,GO,ALVORADA DO NORTE,5200803,8412
93386,GO,AMARALINA,5200829,3796
96610,GO,AMERICANO DO BRASIL,5200852,4937
92177,GO,AMORINÓPOLIS,5200902,2982
92231,GO,ANHANGÜERA,5201207,927
92258,GO,ANICUNS,5201306,19762
92215,GO,ANÁPOLIS,5201108,393417
92274,GO,APARECIDA DE GOIÂNIA,5201405,500760
93009,GO,APARECIDA DO RIO DOCE,5201454,2918
92290,GO,APORÉ,5201504,4067
92339,GO,ARAGARÇAS,5201702,18096
92355,GO,ARAGOIÂNIA,5201801,11614
96695,GO,ARAGUAPAZ,5202155,6986
92312,GO,ARAÇU,5201603,3859
96717,GO,ARENÓPOLIS,5202353,2964
92495,GO,ARUANÃ,5202502,8139
92517,GO,AURILÂNDIA,5202601,3390
92550,GO,AVELINÓPOLIS,5202809,2470
92614,GO,BALIZA,5203104,3342
92630,GO,BARRO ALTO,5203203,11252
92657,GO,BELA VISTA DE GOIÁS,5203302,33912
92673,GO,BOM JARDIM DE GOIÁS,5203401,7676
92690,GO,BOM JESUS DE GOIÁS,5203500,22320
92029,GO,BONFINÓPOLIS,5203559,10300
93408,GO,BONÓPOLIS,5203575,3171
92711,GO,BRAZABRANTES,5203609,3981
92754,GO,BRITÂNIA,5203807,6008
92770,GO,BURITI ALEGRE,5203906,10892
93106,GO,BURITI DE GOIÁS,5203939,2720
93262,GO,BURITINÓPOLIS,5203962,3110
92797,GO,CABECEIRAS,5204003,7342
92819,GO,CACHOEIRA ALTA,5204102,12488
92835,GO,CACHOEIRA DE GOIÁS,5204201,1384
96733,GO,CACHOEIRA DOURADA,5204250,7566
92878,GO,CAIAPÔNIA,5204409,17108
92894,GO,CALDAS NOVAS,5204508,93483
93122,GO,CALDAZINHA,5204557,4450
92916,GO,CAMPESTRE DE GOIÁS,5204607,3735
96873,GO,CAMPINAÇU,5204656,3707
92932,GO,CAMPINORTE,5204706,13016
92959,GO,CAMPO ALEGRE DE GOIÁS,5204805,7424
93580,GO,CAMPO LIMPO DE GOIÁS,5204854,8081
92975,GO,CAMPOS BELOS,5204904,18357
92061,GO,CAMPOS VERDES,5204953,4446
92991,GO,CARMO DO RIO VERDE,5205000,9484
92967,GO,CASTELÂNDIA,5205059,2978
93017,GO,CATALÃO,5205109,110612
93033,GO,CATURAÍ,5205208,5259
93050,GO,CAVALCANTE,5205307,10991
92851,GO,CAÇU,5204300,15049
93076,GO,CERES,5205406,21633
92100,GO,CEZARINA,5205455,7722
92924,GO,CHAPADÃO DO CÉU,5205471,13250
93025,GO,CIDADE OCIDENTAL,5205497,84581
92886,GO,COCALZINHO DE GOIÁS,5205513,24018
92126,GO,COLINAS DO SUL,5205521,3967
93190,GO,CORUMBAÍBA,5205901,8739
93173,GO,CORUMBÁ DE GOIÁS,5205802,9801
93254,GO,CRISTALINA,5206206,58940
93270,GO,CRISTIANÓPOLIS,5206305,3682
93297,GO,CRIXÁS,5206404,20227
93319,GO,CROMÍNIA,5206503,3926
93335,GO,CUMARI,5206602,2915
93157,GO,CÓRREGO DO OURO,5205703,2424
93351,GO,DAMIANÓPOLIS,5206701,3790
93378,GO,DAMOLÂNDIA,5206800,2724
93394,GO,DAVINÓPOLIS,5206909,1798
93432,GO,DIORAMA,5207105,2071
93092,GO,DIVINÓPOLIS DE GOIÁS,5208301,4441
96750,GO,DOVERLÂNDIA,5207253,6853
92207,GO,EDEALINA,5207352,3900
93491,GO,EDÉIA,5207402,12666
93513,GO,ESTRELA DO NORTE,5207501,3186
92223,GO,FAINA,5207535,7054
93530,GO,FAZENDA NOVA,5207600,5871
93572,GO,FIRMINÓPOLIS,5207808,9904
93599,GO,FLORES DE GOIÁS,5207907,11627
93610,GO,FORMOSA,5208004,112542
93637,GO,FORMOSO,5208103,4658
93564,GO,GAMELEIRA DE GOIÁS,5208152,3450
93696,GO,GOIANDIRA,5208509,5023
93750,GO,GOIANIRA,5208806,69511
93670,GO,GOIANÁPOLIS,5208400,14036
93718,GO,GOIANÉSIA,5208608,73201
93793,GO,GOIATUBA,5209101,36936
93777,GO,GOIÁS,5208905,23485
93734,GO,GOIÂNIA,5208707,1414483
92266,GO,GOUVELÂNDIA,5209150,5127
93815,GO,GUAPÓ,5209200,17463
93831,GO,GUARANI DE GOIÁS,5209408,4024
93149,GO,GUARAÍTA,5209291,2169
92860,GO,GUARINOS,5209457,2167
93874,GO,HEITORAÍ,5209606,3146
93912,GO,HIDROLINA,5209804,4848
93890,GO,HIDROLÂNDIA,5209705,27530
93939,GO,IACIARA,5209903,11462
93165,GO,INACIOLÂNDIA,5209937,5958
96814,GO,INDIARA,5209952,16829
93955,GO,INHUMAS,5210000,53315
93971,GO,IPAMERI,5210109,24617
93548,GO,IPIRANGA DE GOIÁS,5210158,2907
93998,GO,IPORÁ,5210208,35284
94013,GO,ISRAELÂNDIA,5210307,2543
94030,GO,ITABERAÍ,5210406,47016
92282,GO,ITAGUARI,5210562,4939
94072,GO,ITAGUARU,5210604,4906
94110,GO,ITAJÁ,5210802,4468
94137,GO,ITAPACI,5210901,21547
94153,GO,ITAPIRAPUÃ,5211008,7987
94196,GO,ITAPURANGA,5211206,28522
94218,GO,ITARUMÃ,5211305,7029
94234,GO,ITAUÇU,5211404,8693
94250,GO,ITUMBIARA,5211503,113838
94277,GO,IVOLÂNDIA,5211602,2664
94293,GO,JANDAIA,5211701,6273
94315,GO,JARAGUÁ,5211800,43928
94331,GO,JATAÍ,5211909,104656
94358,GO,JAUPACI,5212006,2934
92983,GO,JESÚPOLIS,5212055,2113
94374,GO,JOVIÂNIA,5212105,7164
94390,GO,JUSSARA,5212204,19582
93602,GO,LAGOA SANTA,5212253,1568
94439,GO,LEOPOLDO DE BULHÕES,5212303,8777
94455,GO,LUZIÂNIA,5212501,196416
94471,GO,MAIRIPOTABA,5212600,2476
94498,GO,MAMBAÍ,5212709,8144
94510,GO,MARA ROSA,5212808,10705
94536,GO,MARZAGÃO,5212907,2764
92320,GO,MATRINCHÃ,5212956,4042
94579,GO,MAURILÂNDIA,5213004,9684
92347,GO,MIMOSO DE GOIÁS,5213053,2572
96474,GO,MINAÇU,5213087,26994
94595,GO,MINEIROS,5213103,71108
94650,GO,MOIPORÁ,5213400,1701
94676,GO,MONTE ALEGRE DE GOIÁS,5213509,6643
94714,GO,MONTES CLAROS DE GOIÁS,5213707,9530
92363,GO,MONTIVIDIU,5213756,12716
93181,GO,MONTIVIDIU DO NORTE,5213772,3647
94730,GO,MORRINHOS,5213806,49965
92169,GO,MORRO AGUDO DE GOIÁS,5213855,2440
94757,GO,MOSSÂMEDES,5213905,4791
94773,GO,MOZARLÂNDIA,5214002,15284
96512,GO,MUNDO NOVO,5214051,6273
94790,GO,MUTUNÓPOLIS,5214101,3574
94854,GO,NAZÁRIO,5214408,9247
94870,GO,NERÓPOLIS,5214507,33898
94897,GO,NIQUELÂNDIA,5214606,35609
94919,GO,NOVA AMÉRICA,5214705,2331
94935,GO,NOVA AURORA,5214804,2103
96539,GO,NOVA CRIXÁS,5214838,13325
96555,GO,NOVA GLÓRIA,5214861,8307
93084,GO,NOVA IGUAÇU DE GOIÁS,5214879,3010
94951,GO,NOVA ROMA,5214903,3076
94978,GO,NOVA VENEZA,5215009,9152
95010,GO,NOVO BRASIL,5215207,3605
93327,GO,NOVO GAMA,5215231,97976
92444,GO,NOVO PLANALTO,5215256,3698
95036,GO,ORIZONA,5215306,16127
95052,GO,OURO VERDE DE GOIÁS,5215405,4060
95079,GO,OUVIDOR,5215504,7192
95095,GO,PADRE BERNARDO,5215603,34314
92460,GO,PALESTINA DE GOIÁS,5215652,3505
95117,GO,PALMEIRAS DE GOIÁS,5215702,32004
95133,GO,PALMELO,5215801,2293
95150,GO,PALMINÓPOLIS,5215900,3848
95176,GO,PANAMÁ,5216007,2968
94552,GO,PARANAIGUARA,5216304,9497
95230,GO,PARAÚNA,5216403,10383
93068,GO,PEROLÂNDIA,5216452,3175
95311,GO,PETROLINA DE GOIÁS,5216809,8854
95354,GO,PILAR DE GOIÁS,5216908,2332
95397,GO,PIRACANJUBA,5217104,23771
95419,GO,PIRANHAS,5217203,11532
95435,GO,PIRENÓPOLIS,5217302,26598
95451,GO,PIRES DO RIO,5217401,33193
95958,GO,PLANALTINA,5217609,108846
95494,GO,PONTALINA,5217708,18843
95559,GO,PORANGATU,5218003,44061
93424,GO,PORTEIRÃO,5218052,4085
95575,GO,PORTELÂNDIA,5218102,3322
95613,GO,POSSE,5218300,34450
93041,GO,PROFESSOR JAMIL,5218391,3325
95630,GO,QUIRINÓPOLIS,5218508,50540
95656,GO,RIALMA,5218607,12054
95672,GO,RIANÁPOLIS,5218706,3972
92827,GO,RIO QUENTE,5218789,3967
95710,GO,RIO VERDE,5218805,214607
95737,GO,RUBIATABA,5218904,19803
95753,GO,SANCLERLÂNDIA,5219001,8300
95770,GO,SANTA BÁRBARA DE GOIÁS,5219100,6182
95796,GO,SANTA CRUZ DE GOIÁS,5219209,3107
92568,GO,SANTA FÉ DE GOIÁS,5219258,4985
95818,GO,SANTA HELENA DE GOIÁS,5219308,37193
96890,GO,SANTA ISABEL,5219357,3510
95834,GO,SANTA RITA DO ARAGUAIA,5219407,7239
93440,GO,SANTA RITA DO NOVO DESTINO,5219456,2948
95850,GO,SANTA ROSA DE GOIÁS,5219506,2810
95877,GO,SANTA TEREZA DE GOIÁS,5219605,3322
95893,GO,SANTA TEREZINHA DE GOIÁS,5219704,10370
93203,GO,SANTO ANTÔNIO DA BARRA,5219712,4287
92908,GO,SANTO ANTÔNIO DE GOIÁS,5219738,7448
96776,GO,SANTO ANTÔNIO DO DESCOBERTO,5219753,68654
92703,GO,SENADOR CANEDO,5220454,153522
96075,GO,SERRANÓPOLIS,5220504,8295
96091,GO,SILVÂNIA,5220603,22230
92720,GO,SIMOLÂNDIA,5220686,5715
95915,GO,SÃO DOMINGOS,5219803,9710
95931,GO,SÃO FRANCISCO DE GOIÁS,5219902,6379
95974,GO,SÃO JOÃO D'ALIANÇA,5220009,11275
92622,GO,SÃO JOÃO DA PARAÚNA,5220058,1898
92649,GO,SÃO LUIZ DO NORTE,5220157,4947
95990,GO,SÃO LUÍS DE MONTES BELOS,5220108,33279
96016,GO,SÃO MIGUEL DO ARAGUAIA,5220207,22738
92665,GO,SÃO MIGUEL DO PASSA QUATRO,5220264,4234
93483,GO,SÃO PATRÍCIO,5220280,2138
96059,GO,SÃO SIMÃO,5220405,17619
96113,GO,SÍTIO D'ABADIA,5220702,2939
96172,GO,TAQUARAL DE GOIÁS,5221007,4038
92762,GO,TERESINA DE GOIÁS,5221080,2695
93220,GO,TEREZÓPOLIS DE GOIÁS,5221197,7842
96253,GO,TRINDADE,5221403,149167
92789,GO,TROMBAS,5221452,3123
96237,GO,TRÊS RANCHOS,5221304,2906
92800,GO,TURVELÂNDIA,5221551,4847
96318,GO,TURVÂNIA,5221502,4462
93246,GO,UIRAPURU,5221577,3874
96350,GO,URUANA,5221700,13681
96334,GO,URUAÇU,5221601,43728
96377,GO,URUTAÍ,5221809,3119
93300,GO,VALPARAÍSO DE GOIÁS,5221858,196967
96393,GO,VARJÃO,5221908,3720
96415,GO,VIANÓPOLIS,5222005,14046
96571,GO,VICENTINÓPOLIS,5222054,8776
93289,GO,VILA BOA,5222203,3686
93505,GO,VILA PROPÍCIO,5222302,5646
96938,GO,ÁGUA FRIA DE GOIÁS,5200175,5546
92037,GO,ÁGUA LIMPA,5200209,1853
93343,GO,ÁGUAS LINDAS DE GOIÁS,5200258,208892
7013,MA,AFONSO CUNHA,2100105,6144
7030,MA,ALCÂNTARA,2100204,18446
7056,MA,ALDEIAS ALTAS,2100303,22549
7072,MA,ALTAMIRA DO MARANHÃO,2100402,6451
7021,MA,ALTO ALEGRE DO MARANHÃO,2100436,23270
7048,MA,ALTO ALEGRE DO PINDARÉ,2100477,25673
7099,MA,ALTO PARNAÍBA,2100501,11076
7080,MA,AMAPÁ DO MARANHÃO,2100550,7162
7110,MA,AMARANTE DO MARANHÃO,2100600,36266
7137,MA,ANAJATUBA,2100709,23968
7153,MA,ANAPURUS,2100808,13795
7064,MA,APICUM-AÇU,2100832,17533
7102,MA,ARAGUANÃ,2100873,11169
7170,MA,ARAIOSES,2100907,38980
9679,MA,ARAME,2100956,25646
7196,MA,ARARI,2101004,29302
7218,MA,AXIXÁ,2101103,11797
9610,MA,AÇAILÂNDIA,2100055,107263
7234,MA,BACABAL,2101202,104352
7129,MA,BACABEIRA,2101251,17073
7250,MA,BACURI,2101301,16206
7145,MA,BACURITUBA,2101350,5196
7277,MA,BALSAS,2101400,100257
7315,MA,BARRA DO CORDA,2101608,84708
7331,MA,BARREIRINHAS,2101707,69312
7293,MA,BARÃO DE GRAJAÚ,2101509,19310
7188,MA,BELA VISTA DO MARANHÃO,2101772,11911
7161,MA,BELÁGUA,2101731,8504
7358,MA,BENEDITO LEITE,2101806,5472
7374,MA,BEQUIMÃO,2101905,19572
7200,MA,BERNARDO DO MEARIM,2101939,5842
7323,MA,BOA VISTA DO GURUPI,2101970,7622
9555,MA,BOM JARDIM,2102002,32894
7269,MA,BOM JESUS DAS SELVAS,2102036,28589
7285,MA,BOM LUGAR,2102077,11675
7390,MA,BREJO,2102101,34116
7307,MA,BREJO DE AREIA,2102150,9224
7412,MA,BURITI,2102200,29693
7439,MA,BURITI BRAVO,2102309,22427
7340,MA,BURITICUPU,2102325,52395
7366,MA,BURITIRANA,2102358,12870
7226,MA,CACHOEIRA GRANDE,2102374,10227
7455,MA,CAJAPIÓ,2102408,10032
7471,MA,CAJARI,2102507,16296
7382,MA,CAMPESTRE DO MARANHÃO,2102556,12185
7510,MA,CANTANHEDE,2102705,17355
7404,MA,CAPINZAL DO NORTE,2102754,11372
7536,MA,CAROLINA,2102804,24056
7552,MA,CARUTAPERA,2102903,24263
7579,MA,CAXIAS,2103000,153634
7595,MA,CEDRAL,2103109,10214
7420,MA,CENTRAL DO MARANHÃO,2103125,7086
7447,MA,CENTRO DO GUILHERME,2103158,12384
7463,MA,CENTRO NOVO DO MARANHÃO,2103174,16254
7617,MA,CHAPADINHA,2103208,81339
7480,MA,CIDELÂNDIA,2103257,12857
7633,MA,CODÓ,2103307,112110
7650,MA,COELHO NETO,2103406,41353
7676,MA,COLINAS,2103505,40322
7501,MA,CONCEIÇÃO DO LAGO-AÇU,2103554,14921
7692,MA,COROATÁ,2103604,59563
7714,MA,CURURUPU,2103703,31662
7498,MA,CÂNDIDO MENDES,2102606,19805
7242,MA,DAVINÓPOLIS,2103752,14467
7730,MA,DOM PEDRO,2103802,23111
7757,MA,DUQUE BACELAR,2103901,10223
7773,MA,ESPERANTINÓPOLIS,2104008,18355
9636,MA,ESTREITO,2104057,33245
7528,MA,FEIRA NOVA DO MARANHÃO,2104073,8048
7544,MA,FERNANDO FALCÃO,2104081,10875
7560,MA,FORMOSA DA SERRA NEGRA,2104099,17758
7790,MA,FORTALEZA DOS NOGUEIRAS,2104107,12642
7811,MA,FORTUNA,2104206,17075
7838,MA,GODOFREDO VIANA,2104305,9894
7854,MA,GONÇALVES DIAS,2104404,17432
7870,MA,GOVERNADOR ARCHER,2104503,10294
7609,MA,GOVERNADOR EDISON LOBÃO,2104552,18375
7897,MA,GOVERNADOR EUGÊNIO BARROS,2104602,13918
7625,MA,GOVERNADOR LUIZ ROCHA,2104628,7061
7641,MA,GOVERNADOR NEWTON BELLO,2104651,10708
7668,MA,GOVERNADOR NUNES FREIRE,2104677,22754
7935,MA,GRAJAÚ,2104800,73942
7919,MA,GRAÇA ARANHA,2104701,6012
7951,MA,GUIMARÃES,2104909,10285
7978,MA,HUMBERTO DE CAMPOS,2105005,25656
7994,MA,ICATU,2105104,24719
7684,MA,IGARAPÉ DO MEIO,2105153,13483
8010,MA,IGARAPÉ GRANDE,2105203,10222
8036,MA,IMPERATRIZ,2105302,273027
7706,MA,ITAIPAVA DO GRAJAÚ,2105351,13847
8079,MA,ITAPECURU MIRIM,2105401,65721
7722,MA,ITINGA DO MARANHÃO,2105427,23904
7749,MA,JATOBÁ,2105450,8239
7765,MA,JENIPAPO DOS VIEIRAS,2105476,17066
8117,MA,JOSELÂNDIA,2105609,14942
8095,MA,JOÃO LISBOA,2105500,24609
7781,MA,JUNCO DO MARANHÃO,2105658,5146
8133,MA,LAGO DA PEDRA,2105708,44422
8150,MA,LAGO DO JUNCO,2105807,9491
7803,MA,LAGO DOS RODRIGUES,2105948,8755
8176,MA,LAGO VERDE,2105906,14678
7820,MA,LAGOA DO MATO,2105922,10583
7846,MA,LAGOA GRANDE DO MARANHÃO,2105963,11417
7862,MA,LAJEADO NOVO,2105989,7051
8192,MA,LIMA CAMPOS,2106003,11320
8214,MA,LORETO,2106102,11526
8230,MA,LUÍS DOMINGUES,2106201,7159
8257,MA,MAGALHÃES DE ALMEIDA,2106300,13747
7889,MA,MARACAÇUMÉ,2106326,21106
7900,MA,MARAJÁ DO SENA,2106359,7200
7927,MA,MARANHÃOZINHO,2106375,13797
8273,MA,MATA ROMA,2106409,16919
8290,MA,MATINHA,2106508,21808
8311,MA,MATÕES,2106607,31954
7943,MA,MATÕES DO NORTE,2106631,17582
7960,MA,MILAGRES DO MARANHÃO,2106672,8812
8338,MA,MIRADOR,2106706,20998
9695,MA,MIRANDA DO NORTE,2106755,20562
8354,MA,MIRINZAL,2106805,13958
8397,MA,MONTES ALTOS,2107001,10286
8370,MA,MONÇÃO,2106904,27620
8419,MA,MORROS,2107100,18054
8435,MA,NINA RODRIGUES,2107209,12477
7986,MA,NOVA COLINAS,2107258,5021
8451,MA,NOVA IORQUE,2107308,4308
8001,MA,NOVA OLINDA DO MARANHÃO,2107357,14277
8478,MA,OLHO D'ÁGUA DAS CUNHÃS,2107407,17937
8028,MA,OLINDA NOVA DO MARANHÃO,2107456,13320
8516,MA,PALMEIRÂNDIA,2107605,21056
8532,MA,PARAIBANO,2107704,19530
8559,MA,PARNARAMA,2107803,31179
8575,MA,PASSAGEM FRANCA,2107902,17244
8591,MA,PASTOS BONS,2108009,18724
8044,MA,PAULINO NEVES,2108058,17054
9598,MA,PAULO RAMOS,2108108,20183
8494,MA,PAÇO DO LUMIAR,2107506,145752
8613,MA,PEDREIRAS,2108207,36980
8060,MA,PEDRO DO ROSÁRIO,2108256,24260
8630,MA,PENALVA,2108306,32436
8656,MA,PERI MIRIM,2108405,11093
8087,MA,PERITORÓ,2108454,20471
8672,MA,PINDARÉ-MIRIM,2108504,29440
8699,MA,PINHEIRO,2108603,85054
8710,MA,PIO XII,2108702,21941
8737,MA,PIRAPEMAS,2108801,14819
8770,MA,PORTO FRANCO,2109007,23565
8109,MA,PORTO RICO DO MARANHÃO,2109056,5961
8753,MA,POÇÃO DE PEDRAS,2108900,17133
8796,MA,PRESIDENTE DUTRA,2109106,45102
8818,MA,PRESIDENTE JUSCELINO,2109205,11293
8125,MA,PRESIDENTE MÉDICI,2109239,4575
8141,MA,PRESIDENTE SARNEY,2109270,17542
8834,MA,PRESIDENTE VARGAS,2109304,9616
8850,MA,PRIMEIRA CRUZ,2109403,13095
8168,MA,RAPOSA,2109452,31667
8877,MA,RIACHÃO,2109502,22153
8184,MA,RIBAMAR FIQUENE,2109551,7424
8915,MA,ROSÁRIO,2109601,36688
8931,MA,SAMBAÍBA,2109700,5568
8206,MA,SANTA FILOMENA DO MARANHÃO,2109759,6698
8958,MA,SANTA HELENA,2109809,41221
9571,MA,SANTA INÊS,2109908,85261
8974,MA,SANTA LUZIA,2110005,57189
9652,MA,SANTA LUZIA DO PARUÁ,2110039,23413
8990,MA,SANTA QUITÉRIA DO MARANHÃO,2110104,23782
9016,MA,SANTA RITA,2110203,35231
8222,MA,SANTANA DO MARANHÃO,2110237,10325
8249,MA,SANTO AMARO DO MARANHÃO,2110278,13193
9032,MA,SANTO ANTÔNIO DOS LOPES,2110302,14298
8460,MA,SATUBINHA,2111722,8821
8486,MA,SENADOR ALEXANDRE COSTA,2111748,10087
8508,MA,SENADOR LA ROCQUE,2111763,14688
8524,MA,SERRANO DO MARANHÃO,2111789,10194
9318,MA,SUCUPIRA DO NORTE,2111904,10247
8540,MA,SUCUPIRA DO RIACHÃO,2111953,4966
9059,MA,SÃO BENEDITO DO RIO PRETO,2110401,18306
9075,MA,SÃO BENTO,2110500,46307
9091,MA,SÃO BERNARDO,2110609,26899
8265,MA,SÃO DOMINGOS DO AZEITÃO,2110658,7937
9113,MA,SÃO DOMINGOS DO MARANHÃO,2110708,33837
8281,MA,SÃO FRANCISCO DO BREJÃO,2110856,8837
9156,MA,SÃO FRANCISCO DO MARANHÃO,2110906,12049
9130,MA,SÃO FÉLIX DE BALSAS,2110807,4402
8893,MA,SÃO JOSÉ DE RIBAMAR,2111201,269657
8362,MA,SÃO JOSÉ DOS BASÍLIOS,2111250,6977
9172,MA,SÃO JOÃO BATISTA,2111003,18559
8303,MA,SÃO JOÃO DO CARÚ,2111029,12297
8320,MA,SÃO JOÃO DO PARAÍSO,2111052,9622
8346,MA,SÃO JOÃO DO SOTER,2111078,16083
9199,MA,SÃO JOÃO DOS PATOS,2111102,25452
9210,MA,SÃO LUÍS,2111300,1061374
8052,MA,SÃO LUÍS GONZAGA DO MARANHÃO,2111409,17870
9237,MA,SÃO MATEUS DO MARANHÃO,2111508,38902
8389,MA,SÃO PEDRO DA ÁGUA BRANCA,2111532,14379
8400,MA,SÃO PEDRO DOS CRENTES,2111573,5764
9253,MA,SÃO RAIMUNDO DAS MANGABEIRAS,2111607,18593
8427,MA,SÃO RAIMUNDO DO DOCA BEZERRA,2111631,5646
8443,MA,SÃO ROBERTO,2111672,4548
9270,MA,SÃO VICENTE FERRER,2111706,19446
9296,MA,SÍTIO NOVO,2111805,16626
9334,MA,TASSO FRAGOSO,2112001,8891
9350,MA,TIMBIRAS,2112100,26501
9377,MA,TIMON,2112209,175044
8567,MA,TRIZIDELA DO VALE,2112233,22438
8583,MA,TUFILÂNDIA,2112274,5502
9393,MA,TUNTUM,2112308,34411
9415,MA,TURIAÇU,2112407,37522
8605,MA,TURILÂNDIA,2112456,31875
9431,MA,TUTÓIA,2112506,53346
9458,MA,URBANO SANTOS,2112605,32792
9474,MA,VARGEM GRANDE,2112704,48430
9490,MA,VIANA,2112803,51449
8621,MA,VILA NOVA DOS MARTÍRIOS,2112852,10138
9539,MA,VITORINO FREIRE,2113009,30067
9512,MA,VITÓRIA DO MEARIM,2112902,30478
9717,MA,ZÉ DOCA,2114007,40786
7005,MA,ÁGUA DOCE DO MARANHÃO,2100154,12154
40010,MG,ABADIA DOS DOURADOS,3100104,6235
40037,MG,ABAETÉ,3100203,22492
40053,MG,ABRE CAMPO,3100302,13882
40070,MG,ACAIACA,3100401,3920
40150,MG,AGUANIL,3100807,4362
40215,MG,AIMORÉS,3101102,24934
40231,MG,AIURUOCA,3101201,6225
40258,MG,ALAGOA,3101300,2646
40274,MG,ALBERTINA,3101409,2941
40312,MG,ALFENAS,3101607,79175
40002,MG,ALFREDO VASCONCELOS,3101631,6938
40339,MG,ALMENARA,3101706,39915
40355,MG,ALPERCATA,3101805,6403
40371,MG,ALPINÓPOLIS,3101904,17883
40398,MG,ALTEROSA,3102001,13697
41661,MG,ALTO CAPARAÓ,3102050,5796
50695,MG,ALTO JEQUITIBÁ,3153509,8394
40410,MG,ALTO RIO DOCE,3102100,10894
40436,MG,ALVARENGA,3102209,3858
40452,MG,ALVINÓPOLIS,3102308,15178
40479,MG,ALVORADA DE MINAS,3102407,4065
40290,MG,ALÉM PARAÍBA,3101508,30608
40495,MG,AMPARO DO SERRA,3102506,4472
40517,MG,ANDRADAS,3102605,40522
40550,MG,ANDRELÂNDIA,3102803,11730
41688,MG,ANGELÂNDIA,3102852,7730
40576,MG,ANTÔNIO CARLOS,3102902,11095
40592,MG,ANTÔNIO DIAS,3103009,9248
40614,MG,ANTÔNIO PRADO DE MINAS,3103108,1537
40657,MG,ARACITABA,3103306,1804
40690,MG,ARAGUARI,3103504,121424
40711,MG,ARANTINA,3103603,2916
40738,MG,ARAPONGA,3103702,8048
40029,MG,ARAPORÃ,3103751,8543
40754,MG,ARAPUÁ,3103801,2621
40797,MG,ARAXÁ,3104007,116561
40630,MG,ARAÇAÍ,3103207,2174
40673,MG,ARAÇUAÍ,3103405,34807
40770,MG,ARAÚJOS,3103900,9192
40819,MG,ARCEBURGO,3104106,9278
40835,MG,ARCOS,3104205,41635
40851,MG,AREADO,3104304,13752
40878,MG,ARGIRITA,3104403,2717
41700,MG,ARICANDUVA,3104452,4721
40894,MG,ARINOS,3104502,18526
40916,MG,ASTOLFO DUTRA,3104601,14239
40932,MG,ATALÉIA,3104700,13744
40959,MG,AUGUSTO DE LIMA,3104809,4507
40096,MG,AÇUCENA,3100500,9229
40975,MG,BAEPENDI,3104908,18261
40991,MG,BALDIM,3105004,7336
41017,MG,BAMBUÍ,3105103,23545
41033,MG,BANDEIRA,3105202,4606
41050,MG,BANDEIRA DO SUL,3105301,5968
41114,MG,BARBACENA,3105608,122894
41130,MG,BARRA LONGA,3105707,5678
41173,MG,BARROSO,3105905,19802
41076,MG,BARÃO DE COCAIS,3105400,30643
41092,MG,BARÃO DE MONTE ALTO,3105509,4965
41190,MG,BELA VISTA DE MINAS,3106002,9505
41211,MG,BELMIRO BRAGA,3106101,2905
41238,MG,BELO HORIZONTE,3106200,2392678
41254,MG,BELO ORIENTE,3106309,22149
41270,MG,BELO VALE,3106408,8632
41297,MG,BERILO,3106507,9615
41726,MG,BERIZAL,3106655,4191
41319,MG,BERTÓPOLIS,3106606,4457
41335,MG,BETIM,3106705,428956
41351,MG,BIAS FORTES,3106804,3357
41378,MG,BICAS,3106903,13935
41394,MG,BIQUINHAS,3107000,2356
41416,MG,BOA ESPERANÇA,3107109,41060
41432,MG,BOCAINA DE MINAS,3107208,5316
41459,MG,BOCAIÚVA,3107307,50185
41475,MG,BOM DESPACHO,3107406,53750
41491,MG,BOM JARDIM DE MINAS,3107505,6771
41513,MG,BOM JESUS DA PENHA,3107604,4479
41530,MG,BOM JESUS DO AMPARO,3107703,5592
41556,MG,BOM JESUS DO GALHO,3107802,14668
41572,MG,BOM REPOUSO,3107901,12645
41599,MG,BOM SUCESSO,3108008,18045
41610,MG,BONFIM,3108107,7377
41637,MG,BONFINÓPOLIS DE MINAS,3108206,5729
41742,MG,BONITO DE MINAS,3108255,9917
41653,MG,BORDA DA MATA,3108305,17581
41670,MG,BOTELHOS,3108404,14703
41696,MG,BOTUMIRIM,3108503,5760
40045,MG,BRASILÂNDIA DE MINAS,3108552,14696
41718,MG,BRASÍLIA DE MINAS,3108602,31246
41777,MG,BRAZÓPOLIS,3108909,13981
41750,MG,BRAÚNAS,3108800,4443
41793,MG,BRUMADINHO,3109006,38640
41734,MG,BRÁS PIRES,3108701,4258
41815,MG,BUENO BRANDÃO,3109105,10761
41831,MG,BUENÓPOLIS,3109204,9058
41769,MG,BUGRE,3109253,4041
41858,MG,BURITIS,3109303,25223
41874,MG,BURITIZEIRO,3109402,23687
41785,MG,CABECEIRA GRANDE,3109451,6485
41890,MG,CABO VERDE,3109501,11276
41912,MG,CACHOEIRA DA PRATA,3109600,3707
41939,MG,CACHOEIRA DE MINAS,3109709,11759
40533,MG,CACHOEIRA DE PAJEÚ,3102704,9020
41955,MG,CACHOEIRA DOURADA,3109808,2310
41971,MG,CAETANÓPOLIS,3109907,11425
41998,MG,CAETÉ,3110004,39578
42013,MG,CAIANA,3110103,5307
42030,MG,CAJURI,3110202,4080
42056,MG,CALDAS,3110301,15082
42072,MG,CAMACHO,3110400,3028
42099,MG,CAMANDUCAIA,3110509,27942
42137,MG,CAMBUQUIRA,3110707,12309
42110,MG,CAMBUÍ,3110608,29584
42170,MG,CAMPANHA,3110905,15856
42153,MG,CAMPANÁRIO,3110806,2737
42196,MG,CAMPESTRE,3111002,21585
42218,MG,CAMPINA VERDE,3111101,17817
41807,MG,CAMPO AZUL,3111150,3615
42234,MG,CAMPO BELO,3111200,52318
42250,MG,CAMPO DO MEIO,3111309,11268
42277,MG,CAMPO FLORIDO,3111408,8181
42293,MG,CAMPOS ALTOS,3111507,13359
42315,MG,CAMPOS GERAIS,3111606,25972
42374,MG,CANA VERDE,3111903,5272
42331,MG,CANAÃ,3111705,4715
42390,MG,CANDEIAS,3112000,14017
41823,MG,CANTAGALO,3112059,3937
42358,MG,CANÁPOLIS,3111804,9844
42412,MG,CAPARAÓ,3112109,4978
42439,MG,CAPELA NOVA,3112208,4369
42455,MG,CAPELINHA,3112307,39472
42471,MG,CAPETINGA,3112406,6473
42498,MG,CAPIM BRANCO,3112505,10706
42510,MG,CAPINÓPOLIS,3112604,14392
40061,MG,CAPITÃO ANDRADE,3112653,4483
42536,MG,CAPITÃO ENÉAS,3112703,14633
42552,MG,CAPITÓLIO,3112802,9794
42579,MG,CAPUTIRA,3112901,8976
42617,MG,CARANAÍBA,3113107,2937
42633,MG,CARANDAÍ,3113206,23826
42650,MG,CARANGOLA,3113305,30778
42676,MG,CARATINGA,3113404,88311
42595,MG,CARAÍ,3113008,19251
42692,MG,CARBONITA,3113503,8480
42714,MG,CAREAÇU,3113602,6739
42730,MG,CARLOS CHAGAS,3113701,18531
42773,MG,CARMO DA CACHOEIRA,3113909,11537
42790,MG,CARMO DA MATA,3114006,10940
42811,MG,CARMO DE MINAS,3114105,13286
42838,MG,CARMO DO CAJURU,3114204,23374
42854,MG,CARMO DO PARANAÍBA,3114303,28883
42870,MG,CARMO DO RIO CLARO,3114402,20725
42757,MG,CARMÉSIA,3113800,2614
42897,MG,CARMÓPOLIS DE MINAS,3114501,17596
40088,MG,CARNEIRINHO,3114550,9401
42919,MG,CARRANCAS,3114600,4049
42951,MG,CARVALHOS,3114808,4374
42935,MG,CARVALHÓPOLIS,3114709,3333
42978,MG,CASA GRANDE,3114907,2210
42994,MG,CASCALHO RICO,3115003,2705
43052,MG,CATAGUASES,3115300,68214
41840,MG,CATAS ALTAS,3115359,5486
43079,MG,CATAS ALTAS DA NORUEGA,3115409,2918
40100,MG,CATUJI,3115458,7035
41866,MG,CATUTI,3115474,4730
43095,MG,CAXAMBU,3115508,21011
43117,MG,CEDRO DO ABAETÉ,3115607,1072
43133,MG,CENTRAL DE MINAS,3115706,6149
43150,MG,CENTRALINA,3115805,10207
43192,MG,CHALÉ,3116001,6079
43214,MG,CHAPADA DO NORTE,3116100,9913
41882,MG,CHAPADA GAÚCHA,3116159,12237
43230,MG,CHIADOR,3116209,2800
43176,MG,CHÁCARA,3115904,3092
43257,MG,CIPOTÂNEA,3116308,5623
43273,MG,CLARAVAL,3116407,4658
43290,MG,CLARO DOS POÇÕES,3116506,7011
43311,MG,CLÁUDIO,3116605,31388
43338,MG,COIMBRA,3116704,7078
43354,MG,COLUNA,3116803,8072
43370,MG,COMENDADOR GOMES,3116902,2708
43397,MG,COMERCINHO,3117009,6681
43419,MG,CONCEIÇÃO DA APARECIDA,3117108,10408
43036,MG,CONCEIÇÃO DA BARRA DE MINAS,3115201,3588
43451,MG,CONCEIÇÃO DAS ALAGOAS,3117306,26423
43435,MG,CONCEIÇÃO DAS PEDRAS,3117207,2752
43478,MG,CONCEIÇÃO DE IPANEMA,3117405,4366
43494,MG,CONCEIÇÃO DO MATO DENTRO,3117504,23345
43516,MG,CONCEIÇÃO DO PARÁ,3117603,5303
43532,MG,CONCEIÇÃO DO RIO VERDE,3117702,12495
43559,MG,CONCEIÇÃO DOS OUROS,3117801,10774
41920,MG,CONFINS,3117876,7428
43575,MG,CONGONHAL,3117900,10969
43591,MG,CONGONHAS,3118007,55562
43613,MG,CONGONHAS DO NORTE,3118106,4830
43630,MG,CONQUISTA,3118205,6679
43656,MG,CONSELHEIRO LAFAIETE,3118304,134537
43672,MG,CONSELHEIRO PENA,3118403,19998
43699,MG,CONSOLAÇÃO,3118502,1552
43710,MG,CONTAGEM,3118601,615621
43737,MG,COQUEIRAL,3118700,9002
43753,MG,CORAÇÃO DE JESUS,3118809,24951
43770,MG,CORDISBURGO,3118908,7548
43796,MG,CORDISLÂNDIA,3119005,3208
43818,MG,CORINTO,3119104,22992
43834,MG,COROACI,3119203,10870
43850,MG,COROMANDEL,3119302,29233
43877,MG,CORONEL FABRICIANO,3119401,96621
43893,MG,CORONEL MURTA,3119500,8128
43915,MG,CORONEL PACHECO,3119609,2702
43931,MG,CORONEL XAVIER CHAVES,3119708,3474
44016,MG,COUTO DE MAGALHÃES DE MINAS,3120102,4217
44032,MG,CRISTAIS,3120201,12184
44075,MG,CRISTIANO OTONI,3120409,4671
44091,MG,CRISTINA,3120508,10379
44059,MG,CRISTÁLIA,3120300,4977
41963,MG,CRISÓLITA,3120151,4979
44113,MG,CRUCILÂNDIA,3120607,5779
44130,MG,CRUZEIRO DA FORTALEZA,3120706,3492
44156,MG,CRUZÍLIA,3120805,15223
41980,MG,CUPARAQUE,3120839,3963
42005,MG,CURRAL DE DENTRO,3120870,7406
44172,MG,CURVELO,3120904,82335
43010,MG,CÁSSIA,3115102,16923
43958,MG,CÓRREGO DANTA,3119807,3304
43974,MG,CÓRREGO DO BOM JESUS,3119906,4263
41947,MG,CÓRREGO FUNDO,3119955,6105
43990,MG,CÓRREGO NOVO,3120003,2876
41904,MG,CÔNEGO MARINHO,3117836,7246
44199,MG,DATAS,3121001,5459
44210,MG,DELFIM MOREIRA,3121100,7820
44237,MG,DELFINÓPOLIS,3121209,8343
42021,MG,DELTA,3121258,9852
44253,MG,DESCOBERTO,3121308,4917
44270,MG,DESTERRO DE ENTRE RIOS,3121407,7633
44296,MG,DESTERRO DO MELO,3121506,2997
44318,MG,DIAMANTINA,3121605,47798
44334,MG,DIOGO DE VASCONCELOS,3121704,3548
44350,MG,DIONÍSIO,3121803,7010
44393,MG,DIVINO,3122009,20705
44415,MG,DIVINO DAS LARANJEIRAS,3122108,4128
44431,MG,DIVINOLÂNDIA DE MINAS,3122207,6457
44377,MG,DIVINÉSIA,3121902,4190
44458,MG,DIVINÓPOLIS,3122306,248581
40126,MG,DIVISA ALEGRE,3122355,6321
44474,MG,DIVISA NOVA,3122405,5791
40142,MG,DIVISÓPOLIS,3122454,10206
42048,MG,DOM BOSCO,3122470,3698
44490,MG,DOM CAVATI,3122504,4904
44512,MG,DOM JOAQUIM,3122603,4920
44539,MG,DOM SILVÉRIO,3122702,4991
44555,MG,DOM VIÇOSO,3122801,3095
44571,MG,DONA EUSÉBIA,3122900,6122
44598,MG,DORES DE CAMPOS,3123007,9956
44610,MG,DORES DE GUANHÃES,3123106,4984
44636,MG,DORES DO INDAIÁ,3123205,12534
44652,MG,DORES DO TURVO,3123304,4988
44679,MG,DORESÓPOLIS,3123403,1378
44695,MG,DOURADOQUARA,3123502,1779
40169,MG,DURANDÉ,3123528,7832
44717,MG,ELÓI MENDES,3123601,26283
44733,MG,ENGENHEIRO CALDAS,3123700,13629
44750,MG,ENGENHEIRO NAVARRO,3123809,6318
40185,MG,ENTRE FOLHAS,3123858,4862
44776,MG,ENTRE RIOS DE MINAS,3123908,14952
44792,MG,ERVÁLIA,3124005,20028
44814,MG,ESMERALDAS,3124104,102608
44830,MG,ESPERA FELIZ,3124203,24081
44857,MG,ESPINOSA,3124302,29650
44873,MG,ESPÍRITO SANTO DO DOURADO,3124401,5832
44890,MG,ESTIVA,3124500,11520
44911,MG,ESTRELA DALVA,3124609,2142
44938,MG,ESTRELA DO INDAIÁ,3124708,2764
44954,MG,ESTRELA DO SUL,3124807,6717
44970,MG,EUGENÓPOLIS,3124906,10805
44997,MG,EWBANK DA CÂMARA,3125002,3863
45012,MG,EXTREMA,3125101,53520
45039,MG,FAMA,3125200,2542
45055,MG,FARIA LEMOS,3125309,3209
45110,MG,FELISBURGO,3125606,6424
45136,MG,FELIXLÂNDIA,3125705,14084
45071,MG,FELÍCIO DOS SANTOS,3125408,5126
45152,MG,FERNANDES TOURINHO,3125804,2653
45179,MG,FERROS,3125903,9210
40207,MG,FERVEDOURO,3125952,10452
45195,MG,FLORESTAL,3126000,8201
45217,MG,FORMIGA,3126109,68099
45233,MG,FORMOSO,3126208,7801
45250,MG,FORTALEZA DE MINAS,3126307,3479
45276,MG,FORTUNA DE MINAS,3126406,3102
45292,MG,FRANCISCO BADARÓ,3126505,8795
45314,MG,FRANCISCO DUMONT,3126604,4472
45330,MG,FRANCISCO SÁ,3126703,21504
40223,MG,FRANCISCÓPOLIS,3126752,5040
45357,MG,FREI GASPAR,3126802,5617
45373,MG,FREI INOCÊNCIO,3126901,8190
42064,MG,FREI LAGONEGRO,3126950,3391
45390,MG,FRONTEIRA,3127008,13668
49352,MG,FRONTEIRA DOS VALES,3127057,4336
42080,MG,FRUTA DE LEITE,3127073,4594
45411,MG,FRUTAL,3127107,63663
45438,MG,FUNILÂNDIA,3127206,4699
45454,MG,GALILÉIA,3127305,6168
42102,MG,GAMELEIRAS,3127339,4782
42129,MG,GLAUCILÂNDIA,3127354,2637
42145,MG,GOIABEIRA,3127370,2816
42161,MG,GOIANÁ,3127388,4064
45497,MG,GONZAGA,3127503,5189
45470,MG,GONÇALVES,3127404,4649
45519,MG,GOUVEIA,3127602,11398
45535,MG,GOVERNADOR VALADARES,3127701,262499
45578,MG,GRUPIARA,3127909,1392
45551,MG,GRÃO MOGOL,3127800,13094
45594,MG,GUANHÃES,3128006,31702
45616,MG,GUAPÉ,3128105,13781
45632,MG,GUARACIABA,3128204,10487
42188,MG,GUARACIAMA,3128253,5010
45675,MG,GUARANI,3128402,7487
45659,MG,GUARANÉSIA,3128303,19209
45691,MG,GUARARÁ,3128501,3070
45713,MG,GUARDA-MOR,3128600,6539
45730,MG,GUAXUPÉ,3128709,51015
45756,MG,GUIDOVAL,3128808,7163
45772,MG,GUIMARÂNIA,3128907,8600
45799,MG,GUIRICEMA,3129004,7708
45810,MG,GURINHATÃ,3129103,5140
45837,MG,HELIODORA,3129202,6325
45853,MG,IAPU,3129301,12012
45870,MG,IBERTIOGA,3129400,5204
45918,MG,IBIAÍ,3129608,6314
42200,MG,IBIRACATU,3129657,5409
45934,MG,IBIRACI,3129707,10780
45950,MG,IBIRITÉ,3129806,181943
45977,MG,IBITIÚRA DE MINAS,3129905,3368
45993,MG,IBITURUNA,3130002,2464
45896,MG,IBIÁ,3129509,24271
40240,MG,ICARAÍ DE MINAS,3130051,10682
46019,MG,IGARAPÉ,3130101,44920
46035,MG,IGARATINGA,3130200,11095
46051,MG,IGUATAMA,3130309,6749
46078,MG,IJACI,3130408,6263
46094,MG,ILICÍNEA,3130507,12741
42226,MG,IMBÉ DE MINAS,3130556,6992
46116,MG,INCONFIDENTES,3130606,7274
42242,MG,INDAIABIRA,3130655,6346
46132,MG,INDIANÓPOLIS,3130705,6104
46159,MG,INGAÍ,3130804,2476
46175,MG,INHAPIM,3130903,22327
46191,MG,INHAÚMA,3131000,6213
46213,MG,INIMUTABA,3131109,7434
40266,MG,IPABA,3131158,16552
46230,MG,IPANEMA,3131208,19209
46256,MG,IPATINGA,3131307,211094
46272,MG,IPIAÇU,3131406,3715
46299,MG,IPUIÚNA,3131505,9104
46310,MG,IRAÍ DE MINAS,3131604,7868
46337,MG,ITABIRA,3131703,110335
46353,MG,ITABIRINHA,3131802,10112
46370,MG,ITABIRITO,3131901,58544
46396,MG,ITACAMBIRA,3132008,3880
46418,MG,ITACARAMBI,3132107,16355
46434,MG,ITAGUARA,3132206,14408
46450,MG,ITAIPÉ,3132305,10302
46477,MG,ITAJUBÁ,3132404,90776
46493,MG,ITAMARANDIBA,3132503,32321
46515,MG,ITAMARATI DE MINAS,3132602,3696
46531,MG,ITAMBACURI,3132701,21080
46558,MG,ITAMBÉ DO MATO DENTRO,3132800,2140
46574,MG,ITAMOGI,3132909,10781
46590,MG,ITAMONTE,3133006,14569
46612,MG,ITANHANDU,3133105,15226
46639,MG,ITANHOMI,3133204,11158
46655,MG,ITAOBIM,3133303,19025
46671,MG,ITAPAGIPE,3133402,14896
46698,MG,ITAPECERICA,3133501,21534
46710,MG,ITAPEVA,3133600,12305
46736,MG,ITATIAIUÇU,3133709,16257
46779,MG,ITAVERAVA,3133907,5650
54453,MG,ITAÚ DE MINAS,3133758,14293
46752,MG,ITAÚNA,3133808,95967
46795,MG,ITINGA,3134004,12569
46817,MG,ITUETA,3134103,5804
46833,MG,ITUIUTABA,3134202,97409
46850,MG,ITUMIRIM,3134301,6642
46876,MG,ITURAMA,3134400,38172
46892,MG,ITUTINGA,3134509,4218
46914,MG,JABOTICATUBAS,3134608,19697
46930,MG,JACINTO,3134707,10793
46973,MG,JACUTINGA,3134905,25538
46957,MG,JACUÍ,3134806,7515
46990,MG,JAGUARAÇU,3135001,3106
40304,MG,JAMPRUCA,3135076,4261
47015,MG,JANAÚBA,3135100,70001
47031,MG,JANUÁRIA,3135209,65279
47058,MG,JAPARAÍBA,3135308,4509
42269,MG,JAPONVAR,3135357,7861
40282,MG,JAÍBA,3135050,36945
47074,MG,JECEABA,3135407,6344
42285,MG,JENIPAPO DE MINAS,3135456,6000
47090,MG,JEQUERI,3135506,12693
47112,MG,JEQUITAÍ,3135605,6449
47139,MG,JEQUITIBÁ,3135704,5900
47155,MG,JEQUITINHONHA,3135803,22262
47171,MG,JESUÂNIA,3135902,5138
47210,MG,JOANÉSIA,3136108,4333
47279,MG,JOAQUIM FELÍCIO,3136405,3778
47198,MG,JOAÍMA,3136009,12732
47295,MG,JORDÂNIA,3136504,8866
40924,MG,JOSENÓPOLIS,3136579,3607
42307,MG,JOSÉ GONÇALVES DE MINAS,3136520,3922
42323,MG,JOSÉ RAYDAN,3136553,4267
47236,MG,JOÃO MONLEVADE,3136207,75838
47252,MG,JOÃO PINHEIRO,3136306,47702
40320,MG,JUATUBA,3136652,31409
47333,MG,JUIZ DE FORA,3136702,557777
47350,MG,JURAMENTO,3136801,3585
47376,MG,JURUAIA,3136900,11000
40940,MG,JUVENÍLIA,3136959,5793
47392,MG,LADAINHA,3137007,13868
47414,MG,LAGAMAR,3137106,7106
47430,MG,LAGOA DA PRATA,3137205,52051
47457,MG,LAGOA DOS PATOS,3137304,3293
47473,MG,LAGOA DOURADA,3137403,12611
47490,MG,LAGOA FORMOSA,3137502,19050
40347,MG,LAGOA GRANDE,3137536,9096
47511,MG,LAGOA SANTA,3137601,70678
47538,MG,LAJINHA,3137700,20667
47554,MG,LAMBARI,3137809,20449
47570,MG,LAMIM,3137908,3184
47597,MG,LARANJAL,3138005,5806
47619,MG,LASSANCE,3138104,7089
47635,MG,LAVRAS,3138203,98602
47651,MG,LEANDRO FERREIRA,3138302,3121
40967,MG,LEME DO PRADO,3138351,4312
47678,MG,LEOPOLDINA,3138401,49020
47694,MG,LIBERDADE,3138500,4713
47716,MG,LIMA DUARTE,3138609,17248
40363,MG,LIMEIRA DO OESTE,3138625,8582
40380,MG,LONTRA,3138658,8778
40983,MG,LUISBURGO,3138674,6961
41009,MG,LUISLÂNDIA,3138682,6158
47732,MG,LUMINÁRIAS,3138708,5586
47759,MG,LUZ,3138807,17972
47775,MG,MACHACALIS,3138906,6440
47791,MG,MACHADO,3139003,36932
47813,MG,MADRE DE DEUS DE MINAS,3139102,5191
47830,MG,MALACACHETA,3139201,16905
40401,MG,MAMONAS,3139250,5993
47856,MG,MANGA,3139300,18882
47872,MG,MANHUAÇU,3139409,88787
47899,MG,MANHUMIRIM,3139508,19812
47910,MG,MANTENA,3139607,26352
47953,MG,MAR DE ESPANHA,3139805,12400
47937,MG,MARAVILHAS,3139706,7300
47970,MG,MARIA DA FÉ,3139904,14241
47996,MG,MARIANA,3140001,64890
48011,MG,MARILAC,3140100,4044
48038,MG,MARIPÁ DE MINAS,3140209,3383
48054,MG,MARLIÉRIA,3140308,4577
48070,MG,MARMELÓPOLIS,3140407,3169
48097,MG,MARTINHO CAMPOS,3140506,13979
41041,MG,MARTINS SOARES,3140530,8267
40428,MG,MATA VERDE,3140555,10096
48119,MG,MATERLÂNDIA,3140605,3845
48135,MG,MATEUS LEME,3140704,43996
54313,MG,MATHIAS LOBATO,3171501,2912
48151,MG,MATIAS BARBOSA,3140803,14019
40444,MG,MATIAS CARDOSO,3140852,8879
48178,MG,MATIPÓ,3140902,18506
48194,MG,MATO VERDE,3141009,12045
48216,MG,MATOZINHOS,3141108,36927
48232,MG,MATUTINA,3141207,3807
48259,MG,MEDEIROS,3141306,3965
48275,MG,MEDINA,3141405,19199
48291,MG,MENDES PIMENTEL,3141504,5535
48313,MG,MERCÊS,3141603,9865
48330,MG,MESQUITA,3141702,5043
48356,MG,MINAS NOVAS,3141801,24117
48372,MG,MINDURI,3141900,3690
48399,MG,MIRABELA,3142007,13286
48410,MG,MIRADOURO,3142106,8935
41068,MG,MIRAVÂNIA,3142254,3984
48437,MG,MIRAÍ,3142205,13630
48453,MG,MOEDA,3142304,5186
48470,MG,MOEMA,3142403,8302
48496,MG,MONJOLOS,3142502,2154
48518,MG,MONSENHOR PAULO,3142601,8336
48534,MG,MONTALVÂNIA,3142700,14065
48550,MG,MONTE ALEGRE DE MINAS,3142809,20004
48577,MG,MONTE AZUL,3142908,20345
48593,MG,MONTE BELO,3143005,13092
48615,MG,MONTE CARMELO,3143104,47267
41084,MG,MONTE FORMOSO,3143153,4381
48631,MG,MONTE SANTO DE MINAS,3143203,20881
48674,MG,MONTE SIÃO,3143401,23715
48658,MG,MONTES CLAROS,3143302,436970
40460,MG,MONTEZUMA,3143450,6901
48690,MG,MORADA NOVA DE MINAS,3143500,8988
48712,MG,MORRO DA GARÇA,3143609,2593
48739,MG,MORRO DO PILAR,3143708,2977
48755,MG,MUNHOZ,3143807,7618
48771,MG,MURIAÉ,3143906,103649
48798,MG,MUTUM,3144003,27634
48810,MG,MUZAMBINHO,3144102,21935
41025,MG,MÁRIO CAMPOS,3140159,15969
48836,MG,NACIP RAYDAN,3144201,2513
48852,MG,NANUQUE,3144300,34668
40487,MG,NAQUE,3144359,6331
41106,MG,NATALÂNDIA,3144375,3514
48879,MG,NATÉRCIA,3144409,4580
48895,MG,NAZARENO,3144508,8192
48917,MG,NEPOMUCENO,3144607,24869
41122,MG,NINHEIRA,3144656,9331
41149,MG,NOVA BELÉM,3144672,3049
48933,MG,NOVA ERA,3144706,16920
48950,MG,NOVA LIMA,3144805,117819
48976,MG,NOVA MÓDICA,3144904,3614
48992,MG,NOVA PONTE,3145000,15731
41165,MG,NOVA PORTEIRINHA,3145059,6660
49018,MG,NOVA RESENDE,3145109,16545
49034,MG,NOVA SERRANA,3145208,114497
47317,MG,NOVA UNIÃO,3136603,5729
49050,MG,NOVO CRUZEIRO,3145307,26850
40509,MG,NOVO ORIENTE DE MINAS,3145356,10086
41181,MG,NOVORIZONTE,3145372,4545
49077,MG,OLARIA,3145406,1936
41203,MG,OLHOS D'ÁGUA,3145455,5340
49115,MG,OLIVEIRA,3145604,39256
49131,MG,OLIVEIRA FORTES,3145703,1996
49093,MG,OLÍMPIO NORONHA,3145505,2555
49158,MG,ONÇA DE PITANGUI,3145802,2908
41220,MG,ORATÓRIOS,3145851,4910
41246,MG,ORIZÂNIA,3145877,8451
49174,MG,OURO BRANCO,3145901,39206
49190,MG,OURO FINO,3146008,32131
49212,MG,OURO PRETO,3146107,76069
49239,MG,OURO VERDE DE MINAS,3146206,5607
41262,MG,PADRE CARVALHO,3146255,5031
49255,MG,PADRE PARAÍSO,3146305,17163
41289,MG,PAI PEDRO,3146552,5568
49271,MG,PAINEIRAS,3146404,4199
49298,MG,PAINS,3146503,7455
49310,MG,PAIVA,3146602,1474
49336,MG,PALMA,3146701,5692
40525,MG,PALMÓPOLIS,3146750,6307
49379,MG,PAPAGAIOS,3146909,13724
49395,MG,PARACATU,3147006,94300
49433,MG,PARAGUAÇU,3147204,21580
49450,MG,PARAISÓPOLIS,3147303,20463
49476,MG,PARAOPEBA,3147402,23776
49417,MG,PARÁ DE MINAS,3147105,97507
49514,MG,PASSA QUATRO,3147600,15387
49530,MG,PASSA TEMPO,3147709,9204
49557,MG,PASSA VINTE,3147808,2232
49492,MG,PASSABÉM,3147501,1604
49573,MG,PASSOS,3147907,110555
41300,MG,PATIS,3147956,5917
49590,MG,PATOS DE MINAS,3148004,159434
49611,MG,PATROCÍNIO,3148103,91901
49638,MG,PATROCÍNIO DO MURIAÉ,3148202,5579
49654,MG,PAULA CÂNDIDO,3148301,8697
49670,MG,PAULISTAS,3148400,4269
49697,MG,PAVÃO,3148509,8044
49735,MG,PEDRA AZUL,3148707,24452
41327,MG,PEDRA BONITA,3148756,7320
49751,MG,PEDRA DO ANTA,3148806,3511
49778,MG,PEDRA DO INDAIÁ,3148905,3725
49794,MG,PEDRA DOURADA,3149002,2752
49816,MG,PEDRALVA,3149101,10750
40541,MG,PEDRAS DE MARIA DA CRUZ,3149150,10445
49832,MG,PEDRINÓPOLIS,3149200,3359
49859,MG,PEDRO LEOPOLDO,3149309,60154
49875,MG,PEDRO TEIXEIRA,3149408,1806
49891,MG,PEQUERI,3149507,3351
49913,MG,PEQUI,3149606,4042
49930,MG,PERDIGÃO,3149705,12014
49956,MG,PERDIZES,3149804,17999
49972,MG,PERDÕES,3149903,21329
40568,MG,PERIQUITO,3149952,6566
49999,MG,PESCADOR,3150000,3537
49719,MG,PEÇANHA,3148608,17358
50016,MG,PIAU,3150109,2530
41343,MG,PIEDADE DE CARATINGA,3150158,8345
50032,MG,PIEDADE DE PONTE NOVA,3150208,3941
50059,MG,PIEDADE DO RIO GRANDE,3150307,4560
50075,MG,PIEDADE DOS GERAIS,3150406,5215
50091,MG,PIMENTA,3150505,8210
41360,MG,PINGO D'ÁGUA,3150539,4714
41386,MG,PINTÓPOLIS,3150570,6922
50113,MG,PIRACEMA,3150604,7451
50130,MG,PIRAJUBA,3150703,5438
50156,MG,PIRANGA,3150802,15308
50199,MG,PIRANGUINHO,3151008,9109
50172,MG,PIRANGUÇU,3150901,5848
50210,MG,PIRAPETINGA,3151107,11110
50237,MG,PIRAPORA,3151206,55876
50253,MG,PIRAÚBA,3151305,11547
50270,MG,PITANGUI,3151404,26568
50296,MG,PIUMHI,3151503,34834
50318,MG,PLANURA,3151602,10503
50377,MG,POCRANE,3151909,8715
50393,MG,POMPÉU,3152006,30493
50415,MG,PONTE NOVA,3152105,58779
41408,MG,PONTO CHIQUE,3152131,3775
40584,MG,PONTO DOS VOLANTES,3152170,10584
50431,MG,PORTEIRINHA,3152204,37321
50458,MG,PORTO FIRME,3152303,10571
50474,MG,POTÉ,3152402,13643
50490,MG,POUSO ALEGRE,3152501,162028
50512,MG,POUSO ALTO,3152600,6567
50334,MG,POÇO FUNDO,3151701,15831
50350,MG,POÇOS DE CALDAS,3151800,172869
50539,MG,PRADOS,3152709,8964
50555,MG,PRATA,3152808,28678
50598,MG,PRATINHA,3153004,3566
50571,MG,PRATÁPOLIS,3152907,8416
50610,MG,PRESIDENTE BERNARDES,3153103,4845
50636,MG,PRESIDENTE JUSCELINO,3153202,3630
50652,MG,PRESIDENTE KUBITSCHEK,3153301,3075
50679,MG,PRESIDENTE OLEGÁRIO,3153400,19471
50717,MG,PRUDENTE DE MORAIS,3153608,12224
50733,MG,QUARTEL GERAL,3153707,3150
50750,MG,QUELUZITO,3153806,1778
50776,MG,RAPOSOS,3153905,16266
50792,MG,RAUL SOARES,3154002,23387
50814,MG,RECREIO,3154101,11016
41424,MG,REDUTO,3154150,7865
50830,MG,RESENDE COSTA,3154200,11004
50857,MG,RESPLENDOR,3154309,15775
50873,MG,RESSAQUINHA,3154408,4548
40606,MG,RIACHINHO,3154457,8197
50890,MG,RIACHO DOS MACHADOS,3154507,8757
50911,MG,RIBEIRÃO DAS NEVES,3154606,327968
50938,MG,RIBEIRÃO VERMELHO,3154705,3953
50954,MG,RIO ACIMA,3154804,10263
50970,MG,RIO CASCA,3154903,12795
51012,MG,RIO DO PRADO,3155108,4631
50997,MG,RIO DOCE,3155009,2121
51039,MG,RIO ESPERA,3155207,5432
51055,MG,RIO MANSO,3155306,5527
51071,MG,RIO NOVO,3155405,8450
51098,MG,RIO PARANAÍBA,3155504,14602
51110,MG,RIO PARDO DE MINAS,3155603,27708
51136,MG,RIO PIRACICABA,3155702,14120
51152,MG,RIO POMBA,3155801,17721
51179,MG,RIO PRETO,3155900,5040
51195,MG,RIO VERMELHO,3156007,12457
51217,MG,RITÁPOLIS,3156106,4984
51233,MG,ROCHEDO DE MINAS,3156205,2292
51250,MG,RODEIRO,3156304,8596
51276,MG,ROMARIA,3156403,3104
40622,MG,ROSÁRIO DA LIMEIRA,3156452,4736
51292,MG,RUBELITA,3156502,5695
51314,MG,RUBIM,3156601,10321
51330,MG,SABARÁ,3156700,131294
51357,MG,SABINÓPOLIS,3156809,13797
51373,MG,SACRAMENTO,3156908,25888
51390,MG,SALINAS,3157005,39969
51411,MG,SALTO DA DIVISA,3157104,6015
51438,MG,SANTA BÁRBARA,3157203,29491
40649,MG,SANTA BÁRBARA DO LESTE,3157252,7990
41440,MG,SANTA BÁRBARA DO MONTE VERDE,3157278,2963
51454,MG,SANTA BÁRBARA DO TUGÚRIO,3157302,4204
41467,MG,SANTA CRUZ DE MINAS,3157336,8074
41483,MG,SANTA CRUZ DE SALINAS,3157377,3908
51470,MG,SANTA CRUZ DO ESCALVADO,3157401,4852
51497,MG,SANTA EFIGÊNIA DE MINAS,3157500,4272
51519,MG,SANTA FÉ DE MINAS,3157609,3521
41505,MG,SANTA HELENA DE MINAS,3157658,5897
51535,MG,SANTA JULIANA,3157708,15786
51551,MG,SANTA LUZIA,3157807,213709
51578,MG,SANTA MARGARIDA,3157906,16414
51594,MG,SANTA MARIA DE ITABIRA,3158003,10133
51616,MG,SANTA MARIA DO SALTO,3158102,4666
51632,MG,SANTA MARIA DO SUAÇUÍ,3158201,12652
51837,MG,SANTA RITA DE CALDAS,3159209,8400
51870,MG,SANTA RITA DE IBITIPOCA,3159407,3303
51853,MG,SANTA RITA DE JACUTINGA,3159308,4768
40665,MG,SANTA RITA DE MINAS,3159357,6214
51896,MG,SANTA RITA DO ITUETO,3159506,5831
51918,MG,SANTA RITA DO SAPUCAÍ,3159605,40719
51934,MG,SANTA ROSA DA SERRA,3159704,3414
51950,MG,SANTA VITÓRIA,3159803,20538
51659,MG,SANTANA DA VARGEM,3158300,6561
51675,MG,SANTANA DE CATAGUASES,3158409,3503
51691,MG,SANTANA DE PIRAPAMA,3158508,7014
51713,MG,SANTANA DO DESERTO,3158607,3732
51730,MG,SANTANA DO GARAMBÉU,3158706,2140
51756,MG,SANTANA DO JACARÉ,3158805,4214
51772,MG,SANTANA DO MANHUAÇU,3158904,9010
40681,MG,SANTANA DO PARAÍSO,3158953,37113
51799,MG,SANTANA DO RIACHO,3159001,5754
51810,MG,SANTANA DOS MONTES,3159100,3469
51977,MG,SANTO ANTÔNIO DO AMPARO,3159902,16723
51993,MG,SANTO ANTÔNIO DO AVENTUREIRO,3160009,3770
52019,MG,SANTO ANTÔNIO DO GRAMA,3160108,4229
52035,MG,SANTO ANTÔNIO DO ITAMBÉ,3160207,3846
52051,MG,SANTO ANTÔNIO DO JACINTO,3160306,10251
52078,MG,SANTO ANTÔNIO DO MONTE,3160405,28345
41521,MG,SANTO ANTÔNIO DO RETIRO,3160454,6621
52094,MG,SANTO ANTÔNIO DO RIO ABAIXO,3160504,1808
52116,MG,SANTO HIPÓLITO,3160603,2593
52132,MG,SANTOS DUMONT,3160702,44140
53074,MG,SAPUCAÍ-MIRIM,3165404,6288
53090,MG,SARDOÁ,3165503,4774
40800,MG,SARZEDO,3165537,36581
40827,MG,SEM PEIXE,3165560,2382
40843,MG,SENADOR AMARAL,3165578,6208
53112,MG,SENADOR CORTES,3165602,2237
53139,MG,SENADOR FIRMINO,3165701,7716
53155,MG,SENADOR JOSÉ BENTO,3165800,2071
53171,MG,SENADOR MODESTINO GONÇALVES,3165909,3926
53198,MG,SENHORA DE OLIVEIRA,3166006,5295
53210,MG,SENHORA DO PORTO,3166105,3032
53236,MG,SENHORA DOS REMÉDIOS,3166204,9925
53252,MG,SERICITA,3166303,7345
53279,MG,SERITINGA,3166402,1812
53295,MG,SERRA AZUL DE MINAS,3166501,3906
53317,MG,SERRA DA SAUDADE,3166600,836
53350,MG,SERRA DO SALITRE,3166808,13152
53333,MG,SERRA DOS AIMORÉS,3166709,6847
53376,MG,SERRANIA,3166907,7518
53392,MG,SERRANOS,3167004,1952
42382,MG,SERRANÓPOLIS DE MINAS,3166956,4398
53414,MG,SERRO,3167103,21813
53430,MG,SETE LAGOAS,3167202,233398
42404,MG,SETUBINHA,3165552,9797
53457,MG,SILVEIRÂNIA,3167301,2322
53473,MG,SILVIANÓPOLIS,3167400,6061
53511,MG,SIMONÉSIA,3167608,19807
53490,MG,SIMÃO PEREIRA,3167509,2913
53538,MG,SOBRÁLIA,3167707,4893
53554,MG,SOLEDADE DE MINAS,3167806,5602
52159,MG,SÃO BENTO ABADE,3160801,4710
52175,MG,SÃO BRÁS DO SUAÇUÍ,3160900,3987
41548,MG,SÃO DOMINGOS DAS DORES,3160959,5621
52191,MG,SÃO DOMINGOS DO PRATA,3161007,17399
52213,MG,SÃO FRANCISCO,3161106,51321
52230,MG,SÃO FRANCISCO DE PAULA,3161205,6429
52256,MG,SÃO FRANCISCO DE SALES,3161304,5532
52272,MG,SÃO FRANCISCO DO GLÓRIA,3161403,4796
41564,MG,SÃO FÉLIX DE MINAS,3161056,3204
52299,MG,SÃO GERALDO,3161502,10270
52310,MG,SÃO GERALDO DA PIEDADE,3161601,3307
41580,MG,SÃO GERALDO DO BAIXIO,3161650,3104
52337,MG,SÃO GONÇALO DO ABAETÉ,3161700,7152
52353,MG,SÃO GONÇALO DO PARÁ,3161809,11688
52370,MG,SÃO GONÇALO DO RIO ABAIXO,3161908,12466
45098,MG,SÃO GONÇALO DO RIO PRETO,3125507,3035
52396,MG,SÃO GONÇALO DO SAPUCAÍ,3162005,23792
52418,MG,SÃO GOTARDO,3162104,41114
41629,MG,SÃO JOAQUIM DE BICAS,3162922,34677
41645,MG,SÃO JOSÉ DA BARRA,3162948,7862
40789,MG,SÃO JOSÉ DA LAPA,3162955,27125
52590,MG,SÃO JOSÉ DA SAFIRA,3163003,3769
52612,MG,SÃO JOSÉ DA VARGINHA,3163102,4392
52639,MG,SÃO JOSÉ DO ALEGRE,3163201,4125
52655,MG,SÃO JOSÉ DO DIVINO,3163300,3437
52671,MG,SÃO JOSÉ DO GOIABAL,3163409,5400
52698,MG,SÃO JOSÉ DO JACURI,3163508,6098
52710,MG,SÃO JOSÉ DO MANTIMENTO,3163607,2768
52434,MG,SÃO JOÃO BATISTA DO GLÓRIA,3162203,7455
40703,MG,SÃO JOÃO DA LAGOA,3162252,4818
52450,MG,SÃO JOÃO DA MATA,3162302,2803
52477,MG,SÃO JOÃO DA PONTE,3162401,23840
41602,MG,SÃO JOÃO DAS MISSÕES,3162450,12986
52493,MG,SÃO JOÃO DEL REI,3162500,93778
40720,MG,SÃO JOÃO DO MANHUAÇU,3162559,11245
40746,MG,SÃO JOÃO DO MANTENINHA,3162575,5329
52515,MG,SÃO JOÃO DO ORIENTE,3162609,7049
40762,MG,SÃO JOÃO DO PACUÍ,3162658,3884
52531,MG,SÃO JOÃO DO PARAÍSO,3162708,20502
52558,MG,SÃO JOÃO EVANGELISTA,3162807,14864
52574,MG,SÃO JOÃO NEPOMUCENO,3162906,24970
52736,MG,SÃO LOURENÇO,3163706,44432
52752,MG,SÃO MIGUEL DO ANTA,3163805,6219
52779,MG,SÃO PEDRO DA UNIÃO,3163904,4869
52817,MG,SÃO PEDRO DO SUAÇUÍ,3164100,5108
52795,MG,SÃO PEDRO DOS FERROS,3164001,7122
52833,MG,SÃO ROMÃO,3164209,9783
52850,MG,SÃO ROQUE DE MINAS,3164308,6893
52876,MG,SÃO SEBASTIÃO DA BELA VISTA,3164407,6390
42340,MG,SÃO SEBASTIÃO DA VARGEM ALEGRE,3164431,3113
42366,MG,SÃO SEBASTIÃO DO ANTA,3164472,6195
52892,MG,SÃO SEBASTIÃO DO MARANHÃO,3164506,9918
52914,MG,SÃO SEBASTIÃO DO OESTE,3164605,8819
52930,MG,SÃO SEBASTIÃO DO PARAÍSO,3164704,70976
52957,MG,SÃO SEBASTIÃO DO RIO PRETO,3164803,1231
52973,MG,SÃO SEBASTIÃO DO RIO VERDE,3164902,2299
53031,MG,SÃO THOMÉ DAS LETRAS,3165206,6782
52990,MG,SÃO TIAGO,3165008,11741
53015,MG,SÃO TOMÁS DE AQUINO,3165107,6745
53058,MG,SÃO VICENTE DE MINAS,3165305,6669
53570,MG,TABULEIRO,3167905,3926
53597,MG,TAIOBEIRAS,3168002,33071
42420,MG,TAPARUBA,3168051,3390
53619,MG,TAPIRA,3168101,3975
53635,MG,TAPIRAÍ,3168200,1689
53651,MG,TAQUARAÇU DE MINAS,3168309,4135
53678,MG,TARUMIRIM,3168408,11900
53694,MG,TEIXEIRAS,3168507,12105
53716,MG,TEÓFILO OTONI,3168606,142030
53732,MG,TIMÓTEO,3168705,77856
53759,MG,TIRADENTES,3168804,7508
53775,MG,TIROS,3168903,8152
53791,MG,TOCANTINS,3169000,14912
42587,MG,TOCOS DO MOJI,3169059,4086
53813,MG,TOLEDO,3169109,7190
53830,MG,TOMBOS,3169208,8621
53856,MG,TRÊS CORAÇÕES,3169307,75313
41157,MG,TRÊS MARIAS,3169356,28320
53872,MG,TRÊS PONTAS,3169406,53511
53899,MG,TUMIRITINGA,3169505,5611
53910,MG,TUPACIGUARA,3169604,25500
53937,MG,TURMALINA,3169703,19933
53953,MG,TURVOLÂNDIA,3169802,4859
40860,MG,UBAPORANGA,3170057,12805
53996,MG,UBAÍ,3170008,11606
54011,MG,UBERABA,3170107,359090
54038,MG,UBERLÂNDIA,3170206,725536
53970,MG,UBÁ,3169901,98705
54054,MG,UMBURATIBA,3170305,2686
54070,MG,UNAÍ,3170404,86867
42447,MG,UNIÃO DE MINAS,3170438,3671
42463,MG,URUANA DE MINAS,3170479,3268
40886,MG,URUCUIA,3170529,17433
54097,MG,URUCÂNIA,3170503,10480
40908,MG,VARGEM ALEGRE,3170578,6195
54119,MG,VARGEM BONITA,3170602,1984
42480,MG,VARGEM GRANDE DO RIO PARDO,3170651,4631
54135,MG,VARGINHA,3170701,137078
42501,MG,VARJÃO DE MINAS,3170750,7023
54178,MG,VARZELÂNDIA,3170909,18842
54194,MG,VAZANTE,3171006,20771
42528,MG,VERDELÂNDIA,3171030,7348
42544,MG,VEREDINHA,3171071,5148
42560,MG,VERMELHO NOVO,3171154,4916
54232,MG,VERÍSSIMO,3171105,3289
54259,MG,VESPASIANO,3171204,137821
54291,MG,VIEIRAS,3171402,3701
54330,MG,VIRGEM DA LAPA,3171600,11513
54372,MG,VIRGINÓPOLIS,3171808,10336
54399,MG,VIRGOLÂNDIA,3171907,4848
54356,MG,VIRGÍNIA,3171709,8933
54410,MG,VISCONDE DO RIO BRANCO,3172004,38493
54275,MG,VIÇOSA,3171303,85119
54437,MG,VOLTA GRANDE,3172103,4367
54151,MG,VÁRZEA DA PALMA,3170800,32885
54216,MG,WENCESLAU BRAZ,3172202,2279
40118,MG,ÁGUA BOA,3100609,12390
40134,MG,ÁGUA COMPRIDA,3100708,2085
40177,MG,ÁGUAS FORMOSAS,3100906,18430
40193,MG,ÁGUAS VERMELHAS,3101003,14026
55018,MS,ALCINÓPOLIS,5000252,4670
90115,MS,AMAMBAI,5000609,38251
90131,MS,ANASTÁCIO,5000708,23338
90158,MS,ANAURILÂNDIA,5000807,7805
91693,MS,ANGÉLICA,5000856,10663
90174,MS,ANTÔNIO JOÃO,5000906,8796
90190,MS,APARECIDA DO TABOADO,5001003,27862
90212,MS,AQUIDAUANA,5001102,44437
91715,MS,ARAL MOREIRA,5001243,10670
90298,MS,BANDEIRANTES,5001508,7925
90379,MS,BATAGUASSU,5001904,23837
90395,MS,BATAYPORÃ,5002001,11231
90417,MS,BELA VISTA,5002100,23594
98019,MS,BODOQUENA,5002159,8944
90433,MS,BONITO,5002209,25185
90450,MS,BRASILÂNDIA,5002308,11634
90557,MS,CAARAPÓ,5002407,33471
90492,MS,CAMAPUÃ,5002605,12428
90514,MS,CAMPO GRANDE,5002704,942140
90530,MS,CARACOL,5002803,5281
90573,MS,CASSILÂNDIA,5002902,20951
91782,MS,CHAPADÃO DO SUL,5002951,30497
90611,MS,CORGUINHO,5003108,6025
98590,MS,CORONEL SAPUCAIA,5003157,13228
90638,MS,CORUMBÁ,5003207,94874
98035,MS,COSTA RICA,5003256,26187
90654,MS,COXIM,5003306,32302
91758,MS,DEODÁPOLIS,5003454,13454
91804,MS,DOIS IRMÃOS DO BURITI,5003488,11134
98051,MS,DOURADINA,5003504,5800
90735,MS,DOURADOS,5003702,261019
91731,MS,ELDORADO,5003751,12107
55069,MS,FIGUEIRÃO,5003900,3520
90751,MS,FÁTIMA DO SUL,5003801,20381
90794,MS,GLÓRIA DE DOURADOS,5004007,9998
90816,MS,GUIA LOPES DA LAGUNA,5004106,9912
90859,MS,IGUATEMI,5004304,13808
90875,MS,INOCÊNCIA,5004403,8424
90891,MS,ITAPORÃ,5004502,23818
98078,MS,ITAQUIRAÍ,5004601,19453
90930,MS,IVINHEMA,5004700,29890
55034,MS,JAPORÃ,5004809,7966
90972,MS,JARAGUARI,5004908,8819
90999,MS,JARDIM,5005004,26214
91014,MS,JATEÍ,5005103,3315
91820,MS,JUTI,5005152,6988
91030,MS,LADÁRIO,5005202,20995
55026,MS,LAGUNA CARAPÃ,5005251,7090
91073,MS,MARACAJU,5005400,43247
91111,MS,MIRANDA,5005608,24553
91790,MS,MUNDO NOVO,5005681,18738
91138,MS,NAVIRAÍ,5005707,50868
91154,MS,NIOAQUE,5005806,15255
55000,MS,NOVA ALVORADA DO SUL,5006002,21476
91235,MS,NOVA ANDRADINA,5006200,52221
55042,MS,NOVO HORIZONTE DO SUL,5006259,5278
91251,MS,PARANAÍBA,5006309,40713
91847,MS,PARANHOS,5006358,12926
55050,MS,PARAÍSO DAS ÁGUAS,5006275,5360
91278,MS,PEDRO GOMES,5006408,6842
91316,MS,PONTA PORÃ,5006606,90756
91375,MS,PORTO MURTINHO,5006903,12625
91413,MS,RIBAS DO RIO PARDO,5007109,23085
91430,MS,RIO BRILHANTE,5007208,38362
91456,MS,RIO NEGRO,5007307,4691
91472,MS,RIO VERDE DE MATO GROSSO,5007406,19810
91499,MS,ROCHEDO,5007505,5340
91863,MS,SANTA RITA DO PARDO,5007554,7293
98116,MS,SELVÍRIA,5007802,8000
98132,MS,SETE QUEDAS,5007703,10994
91570,MS,SIDROLÂNDIA,5007901,51075
91880,MS,SONORA,5007935,14345
98094,MS,SÃO GABRIEL DO OESTE,5007695,31846
98159,MS,TACURU,5007950,10749
98175,MS,TAQUARUSSU,5007976,3634
91596,MS,TERENOS,5008008,17342
91650,MS,TRÊS LAGOAS,5008305,132651
91901,MS,VICENTINA,5008404,6264
90034,MS,ÁGUA CLARA,5000203,17072
90018,MT,ACORIZAL,5100102,5509
89877,MT,ALTA FLORESTA,5100250,56461
90050,MT,ALTO ARAGUAIA,5100300,15358
90042,MT,ALTO BOA VISTA,5100359,6551
90077,MT,ALTO GARÇAS,5100409,11786
90093,MT,ALTO PARAGUAI,5100508,11178
98612,MT,ALTO TAQUARI,5100607,10729
90263,MT,APIACÁS,5100805,9367
98639,MT,ARAGUAIANA,5101001,3689
90239,MT,ARAGUAINHA,5101209,998
89893,MT,ARAPUTANGA,5101258,13538
90255,MT,ARENÁPOLIS,5101308,10484
90271,MT,ARIPUANÃ,5101407,24499
90336,MT,BARRA DO BUGRES,5101704,27586
90352,MT,BARRA DO GARÇAS,5101803,68975
90310,MT,BARÃO DE MELGAÇO,5101605,7247
90905,MT,BOM JESUS DO ARAGUAIA,5101852,7671
90468,MT,BRASNORTE,5101902,18407
98655,MT,CAMPINÁPOLIS,5102603,15203
90484,MT,CAMPO NOVO DO PARECIS,5102637,43785
90506,MT,CAMPO VERDE,5102678,46741
90743,MT,CAMPOS DE JÚLIO,5102686,9039
90085,MT,CANABRAVA DO NORTE,5102694,4463
91936,MT,CANARANA,5102702,25907
90760,MT,CARLINDA,5102793,10138
90549,MT,CASTANHEIRA,5102850,8863
90590,MT,CHAPADA DOS GUIMARÃES,5103007,19728
90522,MT,CLÁUDIA,5103056,12118
98671,MT,COCALINHO,5103106,6331
89788,MT,COLNIZA,5103254,28840
89796,MT,COLÍDER,5103205,30768
99015,MT,COMODORO,5103304,20283
90280,MT,CONFRESA,5103353,35514
91006,MT,CONQUISTA D'OESTE,5103361,3687
90425,MT,COTRIGUAÇU,5103379,10735
90670,MT,CUIABÁ,5103403,694244
89800,MT,CURVELÂNDIA,5103437,4880
90476,MT,CÁCERES,5102504,92639
98337,MT,DENISE,5103452,7003
90697,MT,DIAMANTINO,5103502,22284
90719,MT,DOM AQUINO,5103601,8515
90786,MT,FELIZ NATAL,5103700,10551
99031,MT,FIGUEIRÓPOLIS D'OESTE,5103809,3159
90824,MT,GAÚCHA DO NORTE,5103858,7886
90778,MT,GENERAL CARNEIRO,5103908,5200
90204,MT,GLÓRIA D'OESTE,5103957,3247
99058,MT,GUARANTÃ DO NORTE,5104104,36190
90832,MT,GUIRATINGA,5104203,12122
99074,MT,INDIAVAÍ,5104500,1918
91081,MT,IPIRANGA DO NORTE,5104526,7772
91103,MT,ITANHANGÁ,5104542,6723
98698,MT,ITAÚBA,5104559,5273
90913,MT,ITIQUIRA,5104609,11856
90956,MT,JACIARA,5104807,26713
90565,MT,JANGADA,5104906,7237
89915,MT,JAURU,5105002,8323
98191,MT,JUARA,5105101,37369
90581,MT,JURUENA,5105176,9635
91898,MT,JUSCIMEIRA,5105200,10526
98310,MT,JUÍNA,5105150,49530
90301,MT,LAMBARI D'OESTE,5105234,5860
90603,MT,LUCAS DO RIO VERDE,5105259,83770
91057,MT,LUCIARA,5105309,2163
98710,MT,MARCELÂNDIA,5105580,13412
90620,MT,MATUPÁ,5105606,21238
91774,MT,MIRASSOL D'OESTE,5105622,28023
91170,MT,NOBRES,5105903,17118
91197,MT,NORTELÂNDIA,5106000,5817
91219,MT,NOSSA SENHORA DO LIVRAMENTO,5106109,12455
90387,MT,NOVA BANDEIRANTES,5106158,12365
89818,MT,NOVA BRASILÂNDIA,5106208,3691
98752,MT,NOVA CANAÃ DO NORTE,5106216,13791
90140,MT,NOVA GUARITA,5108808,5027
90867,MT,NOVA LACERDA,5106182,6432
90166,MT,NOVA MARILÂNDIA,5108857,3624
90123,MT,NOVA MARINGÁ,5108907,5810
90360,MT,NOVA MONTE VERDE,5108956,8931
90646,MT,NOVA MUTUM,5106224,58832
90964,MT,NOVA NAZARÉ,5106174,4188
98736,MT,NOVA OLÍMPIA,5106232,16147
89826,MT,NOVA SANTA HELENA,5106190,4281
90883,MT,NOVA UBIRATÃ,5106240,12936
91952,MT,NOVA XAVANTINA,5106257,26467
98795,MT,NOVO HORIZONTE DO NORTE,5106273,4391
90808,MT,NOVO MUNDO,5106265,7383
90948,MT,NOVO SANTO ANTÔNIO,5106315,2106
98779,MT,NOVO SÃO JOAQUIM,5106281,7155
89834,MT,PARANATINGA,5106307,26908
98833,MT,PARANAÍTA,5106299,13211
91812,MT,PEDRA PRETA,5106372,19559
98817,MT,PEIXOTO DE AZEVEDO,5106422,34493
90344,MT,PLANALTO DA SERRA,5106455,3164
91294,MT,POCONÉ,5106505,30278
90700,MT,PONTAL DO ARAGUAIA,5106653,7554
91332,MT,PONTE BRANCA,5106703,1887
89990,MT,PONTES E LACERDA,5106752,55050
98850,MT,PORTO ALEGRE DO NORTE,5106778,10752
91359,MT,PORTO DOS GAÚCHOS,5106802,6325
98876,MT,PORTO ESPERIDIÃO,5106828,10781
90182,MT,PORTO ESTRELA,5106851,3208
91391,MT,POXORÉU,5107008,20970
98892,MT,PRIMAVERA DO LESTE,5107040,93263
90069,MT,QUERÊNCIA,5107065,29280
98914,MT,RESERVA DO CABAÇAL,5107156,2046
90662,MT,RIBEIRÃO CASCALHEIRA,5107180,9959
90441,MT,RIBEIRÃOZINHO,5107198,2484
89958,MT,RIO BRANCO,5107206,4721
89960,MT,RONDOLÂNDIA,5107578,3423
91510,MT,RONDONÓPOLIS,5107602,253388
91537,MT,ROSÁRIO OESTE,5107701,16127
89974,MT,SALTO DO CÉU,5107750,4401
90107,MT,SANTA CARMEM,5107248,5427
90980,MT,SANTA CRUZ DO XINGU,5107743,2340
91049,MT,SANTA RITA DO TRIVELATO,5107768,3371
91979,MT,SANTA TEREZINHA,5107776,7591
90328,MT,SANTO AFONSO,5107263,2731
89843,MT,SANTO ANTÔNIO DO LESTE,5107792,4340
91553,MT,SANTO ANTÔNIO DO LEVERGER,5107800,13739
90727,MT,SAPEZAL,5107875,29240
90921,MT,SERRA NOVA DOURADA,5107883,1792
89850,MT,SINOP,5107909,199698
98930,MT,SORRISO,5107925,117605
91839,MT,SÃO FÉLIX DO ARAGUAIA,5107859,11384
90026,MT,SÃO JOSÉ DO POVO,5107297,2781
91995,MT,SÃO JOSÉ DO RIO CLARO,5107305,14950
90247,MT,SÃO JOSÉ DO XINGU,5107354,7039
89931,MT,SÃO JOSÉ DOS QUATRO MARCOS,5107107,16979
90409,MT,SÃO PEDRO DA CIPA,5107404,4122
90220,MT,TABAPORÃ,5107941,11280
91855,MT,TANGARÁ DA SERRA,5107958,100784
90689,MT,TAPURAH,5108006,15030
98957,MT,TERRA NOVA DO NORTE,5108055,10760
91618,MT,TESOURO,5108105,3119
91634,MT,TORIXORÉU,5108204,3926
90840,MT,UNIÃO DO SUL,5108303,3947
91022,MT,VALE DE SÃO DOMINGOS,5108352,2754
98973,MT,VERA,5108501,13876
91090,MT,VILA BELA DA SANTÍSSIMA TRINDADE,5105507,17435
98990,MT,VILA RICA,5108600,20077
91677,MT,VÁRZEA GRANDE,5108402,315711
91910,MT,ÁGUA BOA,5100201,30795
4014,PA,ABAETETUBA,1500107,158042
4502,PA,ABEL FIGUEIREDO,1500131,6119
4030,PA,ACARÁ,1500206,63268
4057,PA,AFUÁ,1500305,38020
4073,PA,ALENQUER,1500404,86096
4090,PA,ALMEIRIM,1500503,38843
4111,PA,ALTAMIRA,1500602,135067
4138,PA,ANAJÁS,1500701,34065
4154,PA,ANANINDEUA,1500800,515745
4723,PA,ANAPU,1500859,33566
4170,PA,AUGUSTO CORRÊA,1500909,43691
4340,PA,AURORA DO PARÁ,1500958,32772
4197,PA,AVEIRO,1501006,18343
4219,PA,BAGRE,1501105,35265
4235,PA,BAIÃO,1501204,51844
4588,PA,BANNACH,1501253,3730
4251,PA,BARCARENA,1501303,126733
4804,PA,BELTERRA,1501451,18060
4278,PA,BELÉM,1501402,1367336
4294,PA,BENEVIDES,1501501,56152
4049,PA,BOM JESUS DO TOCANTINS,1501576,14511
4316,PA,BONITO,1501600,12892
4332,PA,BRAGANÇA,1501709,121793
4227,PA,BRASIL NOVO,1501725,30214
5932,PA,BREJO GRANDE DO ARAGUAIA,1501758,6791
4448,PA,BREU BRANCO,1501782,40157
4359,PA,BREVES,1501808,114628
4375,PA,BUJARU,1501907,27049
4391,PA,CACHOEIRA DO ARARI,1502004,22950
4766,PA,CACHOEIRA DO PIRIÁ,1501956,26510
4413,PA,CAMETÁ,1502103,134734
4707,PA,CANAÃ DOS CARAJÁS,1502152,75433
4430,PA,CAPANEMA,1502202,70321
4456,PA,CAPITÃO POÇO,1502301,56331
4472,PA,CASTANHAL,1502400,200003
4499,PA,CHAVES,1502509,20630
4510,PA,COLARES,1502608,11923
4537,PA,CONCEIÇÃO DO ARAGUAIA,1502707,44765
5819,PA,CONCÓRDIA DO PARÁ,1502756,26869
4529,PA,CUMARU DO NORTE,1502764,12397
5851,PA,CURIONÓPOLIS,1502772,19929
4553,PA,CURRALINHO,1502806,38060
4740,PA,CURUÁ,1502855,14126
4570,PA,CURUÇÁ,1502905,44493
5975,PA,DOM ELISEU,1502939,58444
4120,PA,ELDORADO DOS CARAJÁS,1502954,30264
4596,PA,FARO,1503002,8728
4561,PA,FLORESTA DO ARAGUAIA,1503044,17896
5878,PA,GARRAFÃO DO NORTE,1503077,24716
4006,PA,GOIANÉSIA DO PARÁ,1503093,23806
4618,PA,GURUPÁ,1503101,31945
4634,PA,IGARAPÉ-AÇU,1503200,35788
4650,PA,IGARAPÉ-MIRI,1503309,66369
4677,PA,INHANGAPI,1503408,10334
4189,PA,IPIXUNA DO PARÁ,1503457,29116
4693,PA,IRITUIA,1503507,30627
4715,PA,ITAITUBA,1503606,137170
4731,PA,ITUPIRANGA,1503705,53873
4200,PA,JACAREACANGA,1503754,24742
4758,PA,JACUNDÁ,1503804,36184
4774,PA,JURUTI,1503903,57837
4790,PA,LIMOEIRO DO AJURU,1504000,29617
4812,PA,MAGALHÃES BARATA,1504109,8090
4839,PA,MARABÁ,1504208,271321
4855,PA,MARACANÃ,1504307,25929
4871,PA,MARAPANIM,1504406,30867
4642,PA,MARITUBA,1504422,123890
5770,PA,MEDICILÂNDIA,1504455,26438
4898,PA,MELGAÇO,1504505,26770
4910,PA,MOCAJUBA,1504604,27265
4936,PA,MOJU,1504703,81364
4863,PA,MOJUÍ DOS CAMPOS,1504752,22845
4952,PA,MONTE ALEGRE,1504802,59890
4979,PA,MUANÁ,1504901,60117
4103,PA,MÃE DO RIO,1504059,34566
4480,PA,NOVA ESPERANÇA DO PIRIÁ,1504950,21132
4600,PA,NOVA IPIXUNA,1504976,13318
4995,PA,NOVA TIMBOTEUA,1505007,12737
4383,PA,NOVO PROGRESSO,1505031,33636
4421,PA,NOVO REPARTIMENTO,1505064,60438
5037,PA,OEIRAS DO PARÁ,1505205,33886
5053,PA,ORIXIMINÁ,1505304,76140
5959,PA,OURILÂNDIA DO NORTE,1505437,26570
5070,PA,OURÉM,1505403,17836
5916,PA,PACAJÁ,1505486,43527
4162,PA,PALESTINA DO PARÁ,1505494,6872
5096,PA,PARAGOMINAS,1505502,104883
5835,PA,PARAUAPEBAS,1505536,271577
4308,PA,PAU D'ARCO,1505551,6772
5118,PA,PEIXE-BOI,1505601,8315
4782,PA,PIÇARRA,1505635,12794
4626,PA,PLACAS,1505650,18602
5134,PA,PONTA DE PEDRAS,1505700,24913
5150,PA,PORTEL,1505809,67288
5177,PA,PORTO DE MOZ,1505908,40709
5193,PA,PRAINHA,1506005,35655
5215,PA,PRIMAVERA,1506104,10700
4685,PA,QUATIPURU,1506112,11534
5673,PA,REDENÇÃO,1506138,91227
5690,PA,RIO MARIA,1506161,17965
5738,PA,RONDON DO PARÁ,1506187,35182
5894,PA,RURÓPOLIS,1506195,41975
5231,PA,SALINÓPOLIS,1506203,44451
5258,PA,SALVATERRA,1506302,24701
4243,PA,SANTA BÁRBARA DO PARÁ,1506351,21089
5274,PA,SANTA CRUZ DO ARARI,1506401,6820
5290,PA,SANTA ISABEL DO PARÁ,1506500,68963
4146,PA,SANTA LUZIA DO PARÁ,1506559,20341
5991,PA,SANTA MARIA DAS BARREIRAS,1506583,17639
5312,PA,SANTA MARIA DO PARÁ,1506609,24583
5339,PA,SANTANA DO ARAGUAIA,1506708,44526
5355,PA,SANTARÉM,1506807,351220
5371,PA,SANTARÉM NOVO,1506906,6116
5398,PA,SANTO ANTÔNIO DO TAUÁ,1507003,28282
4847,PA,SAPUCAIA,1507755,5295
5550,PA,SENADOR JOSÉ PORFÍRIO,1507805,22651
5576,PA,SOURE,1507904,24183
5410,PA,SÃO CAETANO DE ODIVELAS,1507102,15226
4464,PA,SÃO DOMINGOS DO ARAGUAIA,1507151,20970
5436,PA,SÃO DOMINGOS DO CAPIM,1507201,30144
5479,PA,SÃO FRANCISCO DO PARÁ,1507409,14912
5452,PA,SÃO FÉLIX DO XINGU,1507300,81161
5797,PA,SÃO GERALDO DO ARAGUAIA,1507458,24243
4820,PA,SÃO JOÃO DA PONTA,1507466,4264
4065,PA,SÃO JOÃO DE PIRABAS,1507474,20593
5495,PA,SÃO JOÃO DO ARAGUAIA,1507508,13446
5517,PA,SÃO MIGUEL DO GUAMÁ,1507607,52810
5533,PA,SÃO SEBASTIÃO DA BOA VISTA,1507706,31336
4022,PA,TAILÂNDIA,1507953,84206
4545,PA,TERRA ALTA,1507961,10404
4367,PA,TERRA SANTA,1507979,18804
5592,PA,TOMÉ-AÇU,1508001,76055
4669,PA,TRACUATEUA,1508035,28015
4286,PA,TRAIRÃO,1508050,18924
4081,PA,TUCUMÃ,1508084,34812
5614,PA,TUCURUÍ,1508100,90232
4324,PA,ULIANÓPOLIS,1508126,56562
5754,PA,URUARÁ,1508159,48511
5630,PA,VIGIA,1508209,49096
5657,PA,VISEU,1508308,58095
4405,PA,VITÓRIA DO XINGU,1508357,15104
5711,PA,XINGUARA,1508407,56127
4260,PA,ÁGUA AZUL DO NORTE,1500347,16672
5010,PA,ÓBIDOS,1505106,58121
19038,PB,AGUIAR,2500205,5011
19054,PB,ALAGOA GRANDE,2500304,26081
19070,PB,ALAGOA NOVA,2500403,21009
19097,PB,ALAGOINHA,2500502,13698
19763,PB,ALCANTIL,2500536,5578
19925,PB,ALGODÃO DE JANDAÍRA,2500577,2953
19119,PB,ALHANDRA,2500601,21632
19585,PB,AMPARO,2500734,2166
19844,PB,APARECIDA,2500775,7962
19178,PB,ARARA,2500908,11408
19194,PB,ARARUNA,2501005,17203
19151,PB,ARAÇAGI,2500809,16589
19216,PB,AREIA,2501104,22634
19909,PB,AREIA DE BARAÚNAS,2501153,2005
19232,PB,AREIAL,2501203,7139
19259,PB,AROEIRAS,2501302,18702
19321,PB,ASSUNÇÃO,2501351,4152
19313,PB,BANANEIRAS,2501500,23107
19305,PB,BARAÚNA,2501534,4754
19330,PB,BARRA DE SANTA ROSA,2501609,12894
19780,PB,BARRA DE SANTANA,2501575,8062
19356,PB,BARRA DE SÃO MIGUEL,2501708,5893
19372,PB,BAYEUX,2501807,81932
19291,PB,BAÍA DA TRAIÇÃO,2501401,9147
19399,PB,BELÉM,2501906,16189
19410,PB,BELÉM DO BREJO DO CRUZ,2502003,6268
19500,PB,BERNARDINO BATISTA,2502052,3504
19437,PB,BOA VENTURA,2502102,5210
19941,PB,BOA VISTA,2502151,6356
19453,PB,BOM JESUS,2502201,2286
19470,PB,BOM SUCESSO,2502300,4660
19496,PB,BONITO DE SANTA FÉ,2502409,9880
19518,PB,BOQUEIRÃO,2502508,17599
19550,PB,BORBOREMA,2502706,4211
19577,PB,BREJO DO CRUZ,2502805,13613
19593,PB,BREJO DOS SANTOS,2502904,5977
19615,PB,CAAPORÃ,2503001,21290
19631,PB,CABACEIRAS,2503100,5325
19658,PB,CABEDELO,2503209,68744
19674,PB,CACHOEIRA DOS ÍNDIOS,2503308,8944
19690,PB,CACIMBA DE AREIA,2503407,3292
19712,PB,CACIMBA DE DENTRO,2503506,15975
19364,PB,CACIMBAS,2503555,7225
19739,PB,CAIÇARA,2503605,6615
19755,PB,CAJAZEIRAS,2503704,63118
19380,PB,CAJAZEIRINHAS,2503753,2740
19771,PB,CALDAS BRANDÃO,2503803,5755
19798,PB,CAMALAÚ,2503902,6031
19810,PB,CAMPINA GRANDE,2504009,418140
19062,PB,CAPIM,2504033,6976
19240,PB,CARAÚBAS,2504074,3948
19836,PB,CARRAPATEIRA,2504108,2311
19607,PB,CASSERENGUE,2504157,6889
19852,PB,CATINGUEIRA,2504207,4492
19879,PB,CATOLÉ DO ROCHA,2504306,30656
19801,PB,CATURITÉ,2504355,5253
19895,PB,CONCEIÇÃO,2504405,18239
19917,PB,CONDADO,2504504,6449
19933,PB,CONDE,2504603,27344
19950,PB,CONGO,2504702,4936
19976,PB,COREMAS,2504801,14680
19704,PB,COXIXOLA,2504850,1823
19992,PB,CRUZ DO ESPÍRITO SANTO,2504900,16828
20010,PB,CUBATI,2505006,7579
20052,PB,CUITEGI,2505204,6730
20036,PB,CUITÉ,2505105,19718
19089,PB,CUITÉ DE MAMANGUAPE,2505238,6261
19100,PB,CURRAL DE CIMA,2505279,5303
20079,PB,CURRAL VELHO,2505303,2198
19275,PB,DAMIÃO,2505352,4980
20095,PB,DESTERRO,2505402,8067
20133,PB,DIAMANTE,2505600,6291
20150,PB,DONA INÊS,2505709,10374
20176,PB,DUAS ESTRADAS,2505808,3340
20192,PB,EMAS,2505907,3014
20214,PB,ESPERANÇA,2506004,31241
20230,PB,FAGUNDES,2506103,11051
20257,PB,FREI MARTINHO,2506202,2846
19623,PB,GADO BRAVO,2506251,8179
20273,PB,GUARABIRA,2506301,57661
20290,PB,GURINHÉM,2506400,13767
20311,PB,GURJÃO,2506509,3242
20338,PB,IBIARA,2506608,5633
19534,PB,IGARACY,2502607,5650
20354,PB,IMACULADA,2506707,9656
20370,PB,INGÁ,2506806,17664
20397,PB,ITABAIANA,2506905,23187
20419,PB,ITAPORANGA,2507002,23623
20435,PB,ITAPOROROCA,2507101,18461
20451,PB,ITATUBA,2507200,10385
20478,PB,JACARAÚ,2507309,14719
20494,PB,JERICÓ,2507408,7396
20516,PB,JOÃO PESSOA,2507507,889618
20532,PB,JUAREZ TÁVORA,2507606,7792
20559,PB,JUAZEIRINHO,2507705,17004
20575,PB,JUNCO DO SERIDÓ,2507804,6792
20591,PB,JURIPIRANGA,2507903,9741
20613,PB,JURU,2508000,9237
20630,PB,LAGOA,2508109,4417
20656,PB,LAGOA DE DENTRO,2508208,7819
20672,PB,LAGOA SECA,2508307,27739
20699,PB,LASTRO,2508406,3162
20710,PB,LIVRAMENTO,2508505,6881
19160,PB,LOGRADOURO,2508554,4807
20737,PB,LUCENA,2508604,12910
20770,PB,MALTA,2508802,6045
20796,PB,MAMANGUAPE,2508901,44599
20818,PB,MANAÍRA,2509008,10447
19968,PB,MARCAÇÃO,2509057,9807
20834,PB,MARI,2509107,21251
19461,PB,MARIZÓPOLIS,2509156,6711
20850,PB,MASSARANDUBA,2509206,14145
20877,PB,MATARACA,2509305,8324
19143,PB,MATINHAS,2509339,4567
19488,PB,MATO GROSSO,2509370,2538
19984,PB,MATURÉIA,2509396,6431
20893,PB,MOGEIRO,2509404,14381
20915,PB,MONTADAS,2509503,5818
20931,PB,MONTE HOREBE,2509602,4338
20958,PB,MONTEIRO,2509701,32266
20974,PB,MULUNGU,2509800,8812
20753,PB,MÃE D'ÁGUA,2508703,3583
20990,PB,NATUBA,2509909,8937
21016,PB,NAZAREZINHO,2510006,7218
21032,PB,NOVA FLORESTA,2510105,9539
21059,PB,NOVA OLINDA,2510204,5787
21075,PB,NOVA PALMEIRA,2510303,4267
21091,PB,OLHO D'ÁGUA,2510402,6061
21113,PB,OLIVEDOS,2510501,3579
21130,PB,OURO VELHO,2510600,2910
19720,PB,PARARI,2510659,1720
21156,PB,PASSAGEM,2510709,2463
21172,PB,PATOS,2510808,103199
21199,PB,PAULISTA,2510907,11829
21210,PB,PEDRA BRANCA,2511004,3739
21237,PB,PEDRA LAVRADA,2511103,6859
21253,PB,PEDRAS DE FOGO,2511202,29625
19747,PB,PEDRO RÉGIS,2512721,5719
21270,PB,PIANCÓ,2511301,16471
21296,PB,PICUÍ,2511400,18361
21318,PB,PILAR,2511509,12213
21334,PB,PILÕES,2511608,6818
21350,PB,PILÕEZINHOS,2511707,5320
21377,PB,PIRPIRITUBA,2511806,9229
21393,PB,PITIMBU,2511905,17696
21415,PB,POCINHOS,2512002,17428
21431,PB,POMBAL,2512101,32499
19640,PB,POÇO DANTAS,2512036,3830
19526,PB,POÇO DE JOSÉ DE MOURA,2512077,4006
21458,PB,PRATA,2512200,3916
21474,PB,PRINCESA ISABEL,2512309,21148
21490,PB,PUXINANÃ,2512408,14279
21512,PB,QUEIMADAS,2512507,47665
21539,PB,QUIXABA,2512606,1745
21555,PB,REMÍGIO,2512705,17888
19828,PB,RIACHO DE SANTO ANTÔNIO,2512788,1956
21571,PB,RIACHO DOS CAVALOS,2512804,8498
19208,PB,RIACHÃO,2512747,2927
19127,PB,RIACHÃO DO BACAMARTE,2512754,4685
19003,PB,RIACHÃO DO POÇO,2512762,4706
21598,PB,RIO TINTO,2512903,27352
21610,PB,SALGADINHO,2513000,3358
21636,PB,SALGADO DE SÃO FÉLIX,2513109,12318
20001,PB,SANTA CECÍLIA,2513158,7678
21652,PB,SANTA CRUZ,2513208,5947
21679,PB,SANTA HELENA,2513307,5869
19569,PB,SANTA INÊS,2513356,3230
21695,PB,SANTA LUZIA,2513406,14954
21750,PB,SANTA RITA,2513703,148479
21776,PB,SANTA TERESINHA,2513802,4402
21717,PB,SANTANA DE MANGUEIRA,2513505,5010
21733,PB,SANTANA DOS GARROTES,2513604,6577
19666,PB,SANTARÉM,2513653,2543
19267,PB,SANTO ANDRÉ,2513851,2622
22071,PB,SAPÉ,2515302,51142
22110,PB,SERRA BRANCA,2515500,13614
22136,PB,SERRA DA RAIZ,2515609,3094
22152,PB,SERRA GRANDE,2515708,2942
22179,PB,SERRA REDONDA,2515807,6829
22195,PB,SERRARIA,2515906,4885
19186,PB,SERTÃOZINHO,2515930,5099
19020,PB,SOBRADO,2515971,8230
22233,PB,SOLEDADE,2516102,13955
22217,PB,SOLÂNEA,2516003,26777
19283,PB,SOSSÊGO,2516151,3337
22250,PB,SOUSA,2516201,67425
22276,PB,SUMÉ,2516300,16539
19402,PB,SÃO BENTINHO,2513927,4330
21792,PB,SÃO BENTO,2513901,32252
19429,PB,SÃO DOMINGOS DE POMBAL,2513968,2595
19224,PB,SÃO DOMINGOS DO CARIRI,2513943,2585
19860,PB,SÃO FRANCISCO,2513984,3137
21857,PB,SÃO JOSÉ DA LAGOA TAPADA,2514206,7119
21873,PB,SÃO JOSÉ DE CAIANA,2514305,5037
21890,PB,SÃO JOSÉ DE ESPINHARAS,2514404,4072
21911,PB,SÃO JOSÉ DE PIRANHAS,2514503,19116
19445,PB,SÃO JOSÉ DE PRINCESA,2514552,3423
21938,PB,SÃO JOSÉ DO BONFIM,2514602,3242
19542,PB,SÃO JOSÉ DO BREJO DO CRUZ,2514651,1699
21954,PB,SÃO JOSÉ DO SABUGI,2514701,4139
21970,PB,SÃO JOSÉ DOS CORDEIROS,2514800,3411
19046,PB,SÃO JOSÉ DOS RAMOS,2514453,5880
21814,PB,SÃO JOÃO DO CARIRI,2514008,4221
19135,PB,SÃO JOÃO DO RIO DO PEIXE,2500700,17560
21830,PB,SÃO JOÃO DO TIGRE,2514107,4233
21997,PB,SÃO MAMEDE,2514909,7469
22012,PB,SÃO MIGUEL DE TAIPU,2515005,7751
22039,PB,SÃO SEBASTIÃO DE LAGOA DE ROÇA,2515104,11046
22055,PB,SÃO SEBASTIÃO DO UMBUZEIRO,2515203,3279
22098,PB,SÃO VICENTE DO SERIDÓ,2515401,10298
22292,PB,TACIMA,2516409,7967
22314,PB,TAPEROÁ,2516508,14093
22330,PB,TAVARES,2516607,14141
22357,PB,TEIXEIRA,2516706,14630
19682,PB,TENÓRIO,2516755,2966
22373,PB,TRIUNFO,2516805,9868
22390,PB,UIRAÚNA,2516904,14943
22411,PB,UMBUZEIRO,2517001,9124
19887,PB,VIEIRÓPOLIS,2517209,4864
20117,PB,VISTA SERRANA,2505501,3644
22438,PB,VÁRZEA,2517100,2668
19348,PB,ZABELÊ,2517407,2229
19011,PB,ÁGUA BRANCA,2500106,9308
26310,PE,ABREU E LIMA,2600054,99331
23019,PE,AFOGADOS DA INGAZEIRA,2600104,40120
23035,PE,AFRÂNIO,2600203,16486
23051,PE,AGRESTINA,2600302,23739
23116,PE,ALAGOINHA,2600609,13256
23132,PE,ALIANÇA,2600708,35245
23159,PE,ALTINHO,2600807,20657
23175,PE,AMARAJI,2600906,18236
23191,PE,ANGELIM,2601003,9965
23213,PE,ARARIPINA,2601102,85135
23205,PE,ARAÇOIABA,2601052,19314
23230,PE,ARCOVERDE,2601201,77660
23256,PE,BARRA DE GUABIRABA,2601300,12299
23272,PE,BARREIROS,2601409,39993
23337,PE,BELO JARDIM,2601706,79143
23299,PE,BELÉM DE MARIA,2601508,10339
23310,PE,BELÉM DE SÃO FRANCISCO,2601607,18321
23353,PE,BETÂNIA,2601805,11320
23370,PE,BEZERROS,2601904,61398
23396,PE,BODOCÓ,2602001,34469
23418,PE,BOM CONSELHO,2602100,43577
23434,PE,BOM JARDIM,2602209,37190
23450,PE,BONITO,2602308,37953
23493,PE,BREJINHO,2602506,7706
23515,PE,BREJO DA MADRE DE DEUS,2602605,48313
23477,PE,BREJÃO,2602407,9084
23531,PE,BUENOS AIRES,2602704,12818
23558,PE,BUÍQUE,2602803,49786
23574,PE,CABO DE SANTO AGOSTINHO,2602902,203084
23590,PE,CABROBÓ,2603009,30695
23612,PE,CACHOEIRINHA,2603108,19789
23639,PE,CAETÉS,2603207,28848
23671,PE,CALUMBI,2603405,5241
23655,PE,CALÇADO,2603306,11113
26298,PE,CAMARAGIBE,2603454,146912
23698,PE,CAMOCIM DE SÃO FÉLIX,2603504,17362
23710,PE,CAMUTANGA,2603603,7764
23736,PE,CANHOTINHO,2603702,24340
23752,PE,CAPOEIRAS,2603801,18445
23167,PE,CARNAUBEIRA DA PENHA,2603926,12226
23779,PE,CARNAÍBA,2603900,18437
23795,PE,CARPINA,2604007,78865
23817,PE,CARUARU,2604106,378180
23221,PE,CASINHAS,2604155,12629
23833,PE,CATENDE,2604205,31975
23850,PE,CEDRO,2604304,10512
23876,PE,CHÃ DE ALEGRIA,2604403,12387
23892,PE,CHÃ GRANDE,2604502,20494
23914,PE,CONDADO,2604601,24586
23930,PE,CORRENTES,2604700,17153
23957,PE,CORTÊS,2604809,10361
23973,PE,CUMARU,2604908,15824
23990,PE,CUPIRA,2605004,23474
24015,PE,CUSTÓDIA,2605103,35915
23140,PE,DORMENTES,2605152,16159
24031,PE,ESCADA,2605202,59526
24058,PE,EXU,2605301,31803
24074,PE,FEIRA NOVA,2605400,21362
30015,PE,FERNANDO DE NORONHA,2605459,2947
24090,PE,FERREIROS,2605509,15040
24112,PE,FLORES,2605608,20213
24139,PE,FLORESTA,2605707,30110
24155,PE,FREI MIGUELINHO,2605806,13666
24171,PE,GAMELEIRA,2605905,18012
24198,PE,GARANHUNS,2606002,142286
24210,PE,GLÓRIA DO GOITÁ,2606101,29123
24236,PE,GOIANA,2606200,80983
24252,PE,GRANITO,2606309,6971
24279,PE,GRAVATÁ,2606408,85983
24295,PE,IATI,2606507,17118
24317,PE,IBIMIRIM,2606606,27406
24333,PE,IBIRAJUBA,2606705,7127
24350,PE,IGARASSU,2606804,115281
24376,PE,IGUARACI,2606903,10950
24511,PE,ILHA DE ITAMARACÁ,2607604,22879
24392,PE,INAJÁ,2607000,23871
24414,PE,INGAZEIRA,2607109,4750
24430,PE,IPOJUCA,2607208,98762
24457,PE,IPUBI,2607307,28838
24473,PE,ITACURUBA,2607406,4394
25976,PE,ITAMBÉ,2607653,34925
24538,PE,ITAPETIM,2607703,13492
26336,PE,ITAPISSUMA,2607752,27565
24554,PE,ITAQUITINGA,2607802,16562
24490,PE,ITAÍBA,2607505,33498
24570,PE,JABOATÃO DOS GUARARAPES,2607901,653793
23302,PE,JAQUEIRA,2607950,10237
24597,PE,JATAÚBA,2608008,15419
23264,PE,JATOBÁ,2608057,14002
24635,PE,JOAQUIM NABUCO,2608206,13099
24619,PE,JOÃO ALFREDO,2608107,27710
23124,PE,JUCATI,2608255,11536
24651,PE,JUPI,2608305,15336
24678,PE,JUREMA,2608404,12713
24694,PE,LAGOA DE ITAENGA,2608503,18813
23027,PE,LAGOA DO CARRO,2608453,17368
24716,PE,LAGOA DO OURO,2608602,11859
24732,PE,LAGOA DOS GATOS,2608701,14139
23183,PE,LAGOA GRANDE,2608750,23580
24759,PE,LAJEDO,2608800,39436
24775,PE,LIMOEIRO,2608909,55917
24791,PE,MACAPARANA,2609006,23187
24813,PE,MACHADOS,2609105,11068
23248,PE,MANARI,2609154,24255
24830,PE,MARAIAL,2609204,8935
24856,PE,MIRANDIBA,2609303,13359
25852,PE,MOREILÂNDIA,2614303,10503
24872,PE,MORENO,2609402,54637
24899,PE,NAZARÉ DA MATA,2609501,30589
24910,PE,OLINDA,2609600,349920
24937,PE,OROBÓ,2609709,21173
24953,PE,OROCÓ,2609808,13670
24970,PE,OURICURI,2609907,65200
24996,PE,PALMARES,2610004,53987
25011,PE,PALMEIRINA,2610103,7032
25038,PE,PANELAS,2610202,22412
25054,PE,PARANATAMA,2610301,12181
25070,PE,PARNAMIRIM,2610400,18563
25097,PE,PASSIRA,2610509,28235
25119,PE,PAUDALHO,2610608,55072
25135,PE,PAULISTA,2610707,348253
25151,PE,PEDRA,2610806,22884
25178,PE,PESQUEIRA,2610905,60853
25216,PE,PETROLINA,2611101,388145
25194,PE,PETROLÂNDIA,2611002,34302
25259,PE,POMBOS,2611309,29499
25232,PE,POÇÃO,2611200,10499
25275,PE,PRIMAVERA,2611408,13536
25291,PE,QUIPAPÁ,2611507,17873
23000,PE,QUIXABA,2611533,6508
25313,PE,RECIFE,2611606,1494586
25330,PE,RIACHO DAS ALMAS,2611705,20307
25356,PE,RIBEIRÃO,2611804,33484
25372,PE,RIO FORMOSO,2611903,19905
25399,PE,SAIRÉ,2612000,10910
25410,PE,SALGADINHO,2612109,5733
25437,PE,SALGUEIRO,2612208,62206
25453,PE,SALOÁ,2612307,13530
25470,PE,SANHARÓ,2612406,18606
23108,PE,SANTA CRUZ,2612455,14178
23043,PE,SANTA CRUZ DA BAIXA VERDE,2612471,11598
25496,PE,SANTA CRUZ DO CAPIBARIBE,2612505,97386
23329,PE,SANTA FILOMENA,2612554,11613
25518,PE,SANTA MARIA DA BOA VISTA,2612604,40464
25534,PE,SANTA MARIA DO CAMBUCÁ,2612703,13715
25550,PE,SANTA TEREZINHA,2612802,10164
25771,PE,SERRA TALHADA,2613909,91624
25798,PE,SERRITA,2614006,18204
25810,PE,SERTÂNIA,2614105,31593
25836,PE,SIRINHAÉM,2614204,37503
25879,PE,SOLIDÃO,2614402,5246
25895,PE,SURUBIM,2614501,63979
25577,PE,SÃO BENEDITO DO SUL,2612901,15605
25593,PE,SÃO BENTO DO UNA,2613008,48621
25615,PE,SÃO CAITANO,2613107,36982
25658,PE,SÃO JOAQUIM DO MONTE,2613305,20098
25674,PE,SÃO JOSÉ DA COROA GRANDE,2613404,18802
25690,PE,SÃO JOSÉ DO BELMONTE,2613503,34836
25712,PE,SÃO JOSÉ DO EGITO,2613602,31154
25631,PE,SÃO JOÃO,2613206,23411
25739,PE,SÃO LOURENÇO DA MATA,2613701,110765
25755,PE,SÃO VICENTE FERRÉR,2613800,16331
25917,PE,TABIRA,2614600,27505
25933,PE,TACAIMBÓ,2614709,13608
25950,PE,TACARATU,2614808,23166
23280,PE,TAMANDARÉ,2614857,23494
25992,PE,TAQUARITINGA DO NORTE,2615003,24335
26018,PE,TEREZINHA,2615102,6646
26034,PE,TERRA NOVA,2615201,8832
26050,PE,TIMBAÚBA,2615300,46004
26077,PE,TORITAMA,2615409,40375
26093,PE,TRACUNHAÉM,2615508,13874
26115,PE,TRINDADE,2615607,30231
26131,PE,TRIUNFO,2615706,14647
26158,PE,TUPANATINGA,2615805,28352
26174,PE,TUPARETAMA,2615904,8018
26190,PE,VENTUROSA,2616001,17676
26212,PE,VERDEJANTE,2616100,9170
23086,PE,VERTENTE DO LÉRIO,2616183,7549
26239,PE,VERTENTES,2616209,21393
26255,PE,VICÊNCIA,2616308,26254
26271,PE,VITÓRIA DE SANTO ANTÃO,2616407,135182
23060,PE,XEXÉU,2616506,11288
23078,PE,ÁGUA PRETA,2600401,26473
23094,PE,ÁGUAS BELAS,2600500,41549
12327,PI,ACAUÃ,2200053,6422
10014,PI,AGRICOLÂNDIA,2200103,4962
12319,PI,ALAGOINHA DO PIAUÍ,2200251,6819
10022,PI,ALEGRETE DO PIAUÍ,2200277,4571
10057,PI,ALTO LONGÁ,2200301,13185
10073,PI,ALTOS,2200400,46826
12084,PI,ALVORADA DO GURGUÉIA,2200459,5327
10090,PI,AMARANTE,2200509,17194
10111,PI,ANGICAL DO PIAUÍ,2200608,6827
10154,PI,ANTÔNIO ALMEIDA,2200806,3155
10138,PI,ANÍSIO DE ABREU,2200707,9401
10170,PI,AROAZES,2200905,5369
12734,PI,AROEIRAS DO ITAIM,2200954,2709
10197,PI,ARRAIAL,2201002,4519
12106,PI,ASSUNÇÃO DO PIAUÍ,2201051,7467
10219,PI,AVELINO LOPES,2201101,10806
10049,PI,BAIXA GRANDE DO RIBEIRO,2201150,13273
10600,PI,BARRA D'ALCÂNTARA,2201176,3998
10235,PI,BARRAS,2201200,47909
10251,PI,BARREIRAS DO PIAUÍ,2201309,3271
10278,PI,BARRO DURO,2201408,6641
10294,PI,BATALHA,2201507,26300
10626,PI,BELA VISTA DO PIAUÍ,2201556,4093
12335,PI,BELÉM DO PIAUÍ,2201572,3425
10316,PI,BENEDITINOS,2201606,9803
10332,PI,BERTOLÍNIA,2201705,5579
12122,PI,BETÂNIA DO PIAUÍ,2201739,6222
10669,PI,BOA HORA,2201770,6989
10359,PI,BOCAINA,2201804,4078
10375,PI,BOM JESUS,2201903,28857
10065,PI,BOM PRINCÍPIO DO PIAUÍ,2201919,5636
10081,PI,BONFIM DO PIAUÍ,2201929,5918
12149,PI,BOQUEIRÃO DO PIAUÍ,2201945,6594
10006,PI,BRASILEIRA,2201960,8438
10642,PI,BREJO DO PIAUÍ,2201988,3899
10391,PI,BURITI DOS LOPES,2202000,19545
10103,PI,BURITI DOS MONTES,2202026,7440
10120,PI,CABECEIRAS DO PIAUÍ,2202059,10001
12343,PI,CAJAZEIRAS DO PIAUÍ,2202075,3113
12572,PI,CAJUEIRO DA PRAIA,2202083,7963
10146,PI,CALDEIRÃO GRANDE DO PIAUÍ,2202091,5503
10413,PI,CAMPINAS DO PIAUÍ,2202109,4948
12351,PI,CAMPO ALEGRE DO FIDALGO,2202117,4605
10723,PI,CAMPO GRANDE DO PIAUÍ,2202133,6011
10740,PI,CAMPO LARGO DO PIAUÍ,2202174,7422
10430,PI,CAMPO MAIOR,2202208,45252
10162,PI,CANAVIEIRA,2202251,3409
10456,PI,CANTO DO BURITI,2202307,19355
10472,PI,CAPITÃO DE CAMPOS,2202406,11108
10707,PI,CAPITÃO GERVÁSIO OLIVEIRA,2202455,3974
10499,PI,CARACOL,2202505,10326
12670,PI,CARAÚBAS DO PIAUÍ,2202539,5626
12165,PI,CARIDADE DO PIAUÍ,2202554,5040
10510,PI,CASTELO DO PIAUÍ,2202604,19266
12688,PI,CAXINGÓ,2202653,5497
10537,PI,COCAL,2202703,28121
12360,PI,COCAL DE TELHA,2202711,4927
12696,PI,COCAL DOS ALVES,2202729,6362
10189,PI,COIVARAS,2202737,4110
10200,PI,COLÔNIA DO GURGUÉIA,2202752,6157
10227,PI,COLÔNIA DO PIAUÍ,2202778,6991
10553,PI,CONCEIÇÃO DO CANINDÉ,2202802,4943
10243,PI,CORONEL JOSÉ DIAS,2202851,4243
10570,PI,CORRENTE,2202901,27419
10596,PI,CRISTALÂNDIA DO PIAUÍ,2203008,7369
10618,PI,CRISTINO CASTRO,2203107,10509
10634,PI,CURIMATÁ,2203206,11044
10766,PI,CURRAIS,2203230,4832
12181,PI,CURRAL NOVO DO PIAUÍ,2203271,5073
12580,PI,CURRALINHOS,2203255,4396
10650,PI,DEMERVAL LOBÃO,2203305,16359
12297,PI,DIRCEU ARCOVERDE,2203354,7061
10677,PI,DOM EXPEDITO LOPES,2203404,6315
10685,PI,DOM INOCÊNCIO,2203453,9036
11410,PI,DOMINGOS MOURÃO,2203420,4071
10693,PI,ELESBÃO VELOSO,2203503,13574
10715,PI,ELISEU MARTINS,2203602,4377
10731,PI,ESPERANTINA,2203701,40968
10260,PI,FARTURA DO PIAUÍ,2203750,5284
10758,PI,FLORES DO PIAUÍ,2203800,4415
12637,PI,FLORESTA DO PIAUÍ,2203859,2334
10774,PI,FLORIANO,2203909,62593
10790,PI,FRANCINÓPOLIS,2204006,4506
10812,PI,FRANCISCO AYRES,2204105,4407
12378,PI,FRANCISCO MACEDO,2204154,2921
10839,PI,FRANCISCO SANTOS,2204204,8257
10855,PI,FRONTEIRAS,2204303,10293
10782,PI,GEMINIANO,2204352,5447
10871,PI,GILBUÉS,2204402,10926
10898,PI,GUADALUPE,2204501,10305
10804,PI,GUARIBAS,2204550,4281
10910,PI,HUGO NAPOLEÃO,2204600,3526
10820,PI,ILHA GRANDE,2204659,9207
10936,PI,INHUMA,2204709,14803
10952,PI,IPIRANGA DO PIAUÍ,2204808,9275
10979,PI,ISAÍAS COELHO,2204907,7782
10995,PI,ITAINÓPOLIS,2205003,10614
11010,PI,ITAUEIRA,2205102,9939
10286,PI,JACOBINA DO PIAUÍ,2205151,5630
11037,PI,JAICÓS,2205201,17408
10308,PI,JARDIM DO MULATO,2205250,4178
12394,PI,JATOBÁ DO PIAUÍ,2205276,4495
11053,PI,JERUMENHA,2205300,4435
11070,PI,JOAQUIM PIRES,2205409,13893
12408,PI,JOCA MARQUES,2205458,5390
11096,PI,JOSÉ DE FREITAS,2205508,42575
12386,PI,JOÃO COSTA,2205359,2971
12416,PI,JUAZEIRO DO PIAUÍ,2205516,5215
10847,PI,JUREMA,2205532,4426
12203,PI,JÚLIO BORGES,2205524,5388
10324,PI,LAGOA ALEGRE,2205557,8263
10863,PI,LAGOA DE SÃO FRANCISCO,2205573,6329
10340,PI,LAGOA DO BARRO DO PIAUÍ,2205565,4997
12424,PI,LAGOA DO PIAUÍ,2205581,4805
12220,PI,LAGOA DO SÍTIO,2205599,4529
12432,PI,LAGOINHA DO PIAUÍ,2205540,2934
11118,PI,LANDRI SALES,2205607,5315
11134,PI,LUIS CORREIA,2205706,30701
11150,PI,LUZILÂNDIA,2205805,25382
12440,PI,MADEIRO,2205854,8046
11177,PI,MANOEL EMÍDIO,2205904,5212
10367,PI,MARCOLÂNDIA,2205953,8541
11193,PI,MARCOS PARENTE,2206001,4729
12467,PI,MASSAPÊ DO PIAUÍ,2206050,5233
11215,PI,MATIAS OLÍMPIO,2206100,10712
11231,PI,MIGUEL ALVES,2206209,32151
11258,PI,MIGUEL LEÃO,2206308,1318
12246,PI,MILTON BRANDÃO,2206357,6543
11274,PI,MONSENHOR GIL,2206407,10260
11290,PI,MONSENHOR HIPÓLITO,2206506,7550
11312,PI,MONTE ALEGRE DO PIAUÍ,2206605,10683
10880,PI,MORRO CABEÇA NO TEMPO,2206654,4361
12459,PI,MORRO DO CHAPÉU DO PIAUÍ,2206670,6422
12475,PI,MURICI DOS PORTELAS,2206696,9841
11339,PI,NAZARÉ DO PIAUÍ,2206704,6660
12726,PI,NAZÁRIA,2206720,10278
10928,PI,NOSSA SENHORA DE NAZARÉ,2206753,5195
11355,PI,NOSSA SENHORA DOS REMÉDIOS,2206803,8523
10960,PI,NOVA SANTA RITA,2207959,4059
11371,PI,NOVO ORIENTE DO PIAUÍ,2206902,6081
10901,PI,NOVO SANTO ANTÔNIO,2206951,2820
11398,PI,OEIRAS,2207009,38192
12483,PI,OLHO D'ÁGUA DO PIAUÍ,2207108,2646
11436,PI,PADRE MARCOS,2207207,6379
11452,PI,PAES LANDIM,2207306,4100
12262,PI,PAJEÚ DO PIAUÍ,2207355,3001
11479,PI,PALMEIRA DO PIAUÍ,2207405,4954
11495,PI,PALMEIRAIS,2207504,13156
10944,PI,PAQUETÁ,2207553,3818
11517,PI,PARNAGUÁ,2207603,9429
11533,PI,PARNAÍBA,2207702,163087
10405,PI,PASSAGEM FRANCA DO PIAUÍ,2207751,4144
10383,PI,PATOS DO PIAUÍ,2207777,5425
12718,PI,PAU D'ARCO DO PIAUÍ,2207793,3879
11550,PI,PAULISTANA,2207801,21080
12289,PI,PAVUSSU,2207850,3620
11576,PI,PEDRO II,2207900,37945
12491,PI,PEDRO LAURENTINO,2207934,2458
11592,PI,PICOS,2208007,82028
11614,PI,PIMENTEIRAS,2208106,11172
11630,PI,PIO IX,2208205,17586
11657,PI,PIRACURUCA,2208304,28906
11673,PI,PIRIPIRI,2208403,65762
11690,PI,PORTO,2208502,12122
12599,PI,PORTO ALEGRE DO PIAUÍ,2208551,2342
11711,PI,PRATA DO PIAUÍ,2208601,3042
10421,PI,QUEIMADA NOVA,2208650,8734
11738,PI,REDENÇÃO DO GURGUÉIA,2208700,8393
11754,PI,REGENERAÇÃO,2208809,17108
12300,PI,RIACHO FRIO,2208858,4112
12602,PI,RIBEIRA DO PIAUÍ,2208874,4043
11770,PI,RIBEIRO GONÇALVES,2208908,6164
11797,PI,RIO GRANDE DO PIAUÍ,2209005,5789
11819,PI,SANTA CRUZ DO PIAUÍ,2209104,5834
10448,PI,SANTA CRUZ DOS MILAGRES,2209153,3432
11835,PI,SANTA FILOMENA,2209203,6084
11851,PI,SANTA LUZ,2209302,5339
10464,PI,SANTA ROSA DO PIAUÍ,2209377,4645
10480,PI,SANTANA DO PIAUÍ,2209351,4124
11878,PI,SANTO ANTÔNIO DE LISBOA,2209401,5842
12653,PI,SANTO ANTÔNIO DOS MILAGRES,2209450,2141
11894,PI,SANTO INÁCIO DO PIAUÍ,2209500,3645
12041,PI,SEBASTIÃO BARROS,2210623,3187
12068,PI,SEBASTIÃO LEAL,2210631,4427
10545,PI,SIGEFREDO PACHECO,2210656,9465
12157,PI,SIMPLÍCIO MENDES,2210805,13842
12130,PI,SIMÕES,2210706,14344
12173,PI,SOCORRO DO PIAUÍ,2210904,4151
12513,PI,SUSSUAPARA,2210938,6221
10502,PI,SÃO BRAZ DO PIAUÍ,2209559,4359
12505,PI,SÃO FRANCISCO DE ASSIS DO PIAUÍ,2209658,5561
11932,PI,SÃO FRANCISCO DO PIAUÍ,2209708,5386
11916,PI,SÃO FÉLIX DO PIAUÍ,2209609,2842
12610,PI,SÃO GONÇALO DO GURGUÉIA,2209757,2960
11959,PI,SÃO GONÇALO DO PIAUÍ,2209807,4842
10529,PI,SÃO JOSÉ DO DIVINO,2210052,4842
12017,PI,SÃO JOSÉ DO PEIXE,2210102,3288
12033,PI,SÃO JOSÉ DO PIAUÍ,2210201,6600
11088,PI,SÃO JOÃO DA CANABRAVA,2209856,4190
12009,PI,SÃO JOÃO DA FRONTEIRA,2209872,5525
11975,PI,SÃO JOÃO DA SERRA,2209906,6118
12025,PI,SÃO JOÃO DA VARJOTA,2209955,4375
10987,PI,SÃO JOÃO DO ARRAIAL,2209971,8202
11991,PI,SÃO JOÃO DO PIAUÍ,2210003,21506
12050,PI,SÃO JULIÃO,2210300,5998
10561,PI,SÃO LOURENÇO DO PIAUÍ,2210359,4411
12629,PI,SÃO LUIS DO PIAUÍ,2210375,2279
12661,PI,SÃO MIGUEL DA BAIXA GRANDE,2210383,2269
12700,PI,SÃO MIGUEL DO FIDALGO,2210391,2824
12076,PI,SÃO MIGUEL DO TAPUIO,2210409,17544
12092,PI,SÃO PEDRO DO PIAUÍ,2210508,13776
12114,PI,SÃO RAIMUNDO NONATO,2210607,39036
12530,PI,TAMBORIL DO PIAUÍ,2210953,2949
12521,PI,TANQUE DO PIAUÍ,2210979,2294
12190,PI,TERESINA,2211001,868523
12211,PI,UNIÃO,2211100,46136
12238,PI,URUÇUÍ,2211209,25166
12254,PI,VALENÇA DO PIAUÍ,2211308,22316
12556,PI,VERA MENDES,2211506,3084
12548,PI,VILA NOVA DO PIAUÍ,2211605,2764
10588,PI,VÁRZEA BRANCA,2211357,5055
12270,PI,VÁRZEA GRANDE,2211407,4418
12564,PI,WALL FERRAZ,2211704,4020
10030,PI,ÁGUA BRANCA,2200202,17642
74012,PR,ABATIÁ,4100103,7321
74039,PR,ADRIANÓPOLIS,4100202,8556
74055,PR,AGUDOS DO SUL,4100301,10092
74071,PR,ALMIRANTE TAMANDARÉ,4100400,122032
84557,PR,ALTAMIRA DO PARANÁ,4100459,3435
74098,PR,ALTO PARANÁ,4100608,13897
74926,PR,ALTO PARAÍSO,4128625,3059
74110,PR,ALTO PIQUIRI,4100707,9646
79510,PR,ALTÔNIA,4100509,18735
74136,PR,ALVORADA DO SUL,4100806,11672
74152,PR,AMAPORÃ,4100905,4765
74179,PR,AMPÉRE,4101002,19506
74101,PR,ANAHY,4101051,3107
74195,PR,ANDIRÁ,4101101,20234
74217,PR,ANTONINA,4101200,17261
74233,PR,ANTONIO OLINTO,4101309,6520
74250,PR,APUCARANA,4101408,135969
74276,PR,ARAPONGAS,4101507,118573
74292,PR,ARAPOTI,4101606,25541
75108,PR,ARAPUÃ,4101655,3537
74314,PR,ARARUNA,4101705,14520
74357,PR,ARAUCÁRIA,4101804,166699
75086,PR,ARIRANHA DO IVAÍ,4101853,2340
74373,PR,ASSAÍ,4101903,17628
79537,PR,ASSIS CHATEAUBRIAND,4102000,36400
74390,PR,ASTORGA,4102109,25477
74411,PR,ATALAIA,4102208,3978
74438,PR,BALSA NOVA,4102307,14608
74454,PR,BANDEIRANTES,4102406,31309
74470,PR,BARBOSA FERRAZ,4102505,10766
74519,PR,BARRA DO JACARÉ,4102703,3022
74497,PR,BARRACÃO,4102604,9886
75124,PR,BELA VISTA DA CAROBA,4102752,3416
74535,PR,BELA VISTA DO PARAÍSO,4102802,14789
74551,PR,BITURUNA,4102901,15443
74578,PR,BOA ESPERANÇA,4103008,4552
74144,PR,BOA ESPERANÇA DO IGUAÇU,4103024,2411
75140,PR,BOA VENTURA DE SÃO ROQUE,4103040,6347
79812,PR,BOA VISTA DA APARECIDA,4103057,7876
74594,PR,BOCAIÚVA DO SUL,4103107,16292
75167,PR,BOM JESUS DO SUL,4103156,3942
74616,PR,BOM SUCESSO,4103206,6583
74160,PR,BOM SUCESSO DO SUL,4103222,3540
74632,PR,BORRAZÓPOLIS,4103305,7706
79839,PR,BRAGANEY,4103354,5212
74187,PR,BRASILÂNDIA DO SUL,4103370,3703
74659,PR,CAFEARA,4103404,2620
79855,PR,CAFELÂNDIA,4103453,18262
74209,PR,CAFEZAL DO SUL,4103479,4474
74675,PR,CALIFÓRNIA,4103503,9438
74691,PR,CAMBARÁ,4103602,23956
74730,PR,CAMBIRA,4103800,10482
74713,PR,CAMBÉ,4103701,107220
74756,PR,CAMPINA DA LAGOA,4103909,15737
75183,PR,CAMPINA DO SIMÃO,4103958,3937
74772,PR,CAMPINA GRANDE DO SUL,4104006,52083
74780,PR,CAMPO BONITO,4104055,4266
74799,PR,CAMPO DO TENENTE,4104105,7583
74810,PR,CAMPO LARGO,4104204,144165
75205,PR,CAMPO MAGRO,4104253,31678
74837,PR,CAMPO MOURÃO,4104303,99170
74225,PR,CANDÓI,4104428,14922
84514,PR,CANTAGALO,4104451,10589
74870,PR,CAPANEMA,4104501,19205
74896,PR,CAPITÃO LEÔNIDAS MARQUES,4104600,14644
75221,PR,CARAMBEÍ,4104659,23386
74918,PR,CARLÓPOLIS,4104709,16908
74934,PR,CASCAVEL,4104808,350644
74950,PR,CASTRO,4104907,75956
74977,PR,CATANDUVAS,4105003,11246
74993,PR,CENTENÁRIO DO SUL,4105102,10836
75019,PR,CERRO AZUL,4105201,16145
75035,PR,CHOPINZINHO,4105409,21646
75051,PR,CIANORTE,4105508,82232
75078,PR,CIDADE GAÚCHA,4105607,11467
75094,PR,CLEVELÂNDIA,4105706,17321
75132,PR,COLOMBO,4105805,238780
75159,PR,COLORADO,4105904,22902
75175,PR,CONGONHINHAS,4106001,8336
75191,PR,CONSELHEIRO MAIRINCK,4106100,4354
75213,PR,CONTENDA,4106209,17435
75230,PR,CORBÉLIA,4106308,17466
75256,PR,CORNÉLIO PROCÓPIO,4106407,44599
75248,PR,CORONEL DOMINGOS SOARES,4106456,7007
75272,PR,CORONEL VIVIDA,4106506,26413
75280,PR,CORUMBATAÍ DO SUL,4106555,3752
75337,PR,CRUZ MACHADO,4106803,15993
74241,PR,CRUZEIRO DO IGUAÇU,4106571,4137
75299,PR,CRUZEIRO DO OESTE,4106605,23852
75310,PR,CRUZEIRO DO SUL,4106704,4495
75264,PR,CRUZMALTINA,4106852,3150
75353,PR,CURITIBA,4106902,1871789
75370,PR,CURIÚVA,4107009,13272
74853,PR,CÂNDIDO DE ABREU,4104402,16727
79570,PR,CÉU AZUL,4105300,11081
75400,PR,DIAMANTE D'OESTE,4107157,5106
75396,PR,DIAMANTE DO NORTE,4107108,5151
74268,PR,DIAMANTE DO SUL,4107124,3173
75418,PR,DOIS VIZINHOS,4107207,44828
84654,PR,DOURADINA,4107256,9168
75434,PR,DOUTOR CAMARGO,4107306,6290
74942,PR,DOUTOR ULYSSES,4128633,6216
75477,PR,ENGENHEIRO BELTRÃO,4107504,12444
74284,PR,ENTRE RIOS DO OESTE,4107538,4511
75450,PR,ENÉAS MARQUES,4107405,5995
75302,PR,ESPERANÇA NOVA,4107520,1845
75329,PR,ESPIGÃO ALTO DO IGUAÇU,4107546,5915
74306,PR,FAROL,4107553,3052
75493,PR,FAXINAL,4107603,16338
74322,PR,FAZENDA RIO GRANDE,4107652,167315
75345,PR,FERNANDES PINHEIRO,4107736,6288
84573,PR,FIGUEIRA,4107751,8064
74349,PR,FLOR DA SERRA DO SUL,4107850,4230
75531,PR,FLORAÍ,4107801,6569
75558,PR,FLORESTA,4107900,11559
75574,PR,FLORESTÓPOLIS,4108007,11475
75590,PR,FLÓRIDA,4108106,2651
75612,PR,FORMOSA DO OESTE,4108205,7641
75639,PR,FOZ DO IGUAÇU,4108304,286323
75361,PR,FOZ DO JORDÃO,4108452,4845
79774,PR,FRANCISCO ALVES,4108320,8141
75655,PR,FRANCISCO BELTRÃO,4108403,96622
75515,PR,FÊNIX,4107702,4492
75671,PR,GENERAL CARNEIRO,4108502,11053
74004,PR,GODOY MOREIRA,4108551,2977
75698,PR,GOIOERÊ,4108601,28470
75388,PR,GOIOXIM,4108650,6570
79596,PR,GRANDES RIOS,4108700,5625
75736,PR,GUAIRAÇÁ,4108908,6582
75426,PR,GUAMIRANGA,4108957,7856
75752,PR,GUAPIRAMA,4109005,4627
75779,PR,GUAPOREMA,4109104,2186
75795,PR,GUARACI,4109203,4751
75817,PR,GUARANIAÇU,4109302,14398
75833,PR,GUARAPUAVA,4109401,190342
75850,PR,GUARAQUEÇABA,4109500,7446
75876,PR,GUARATUBA,4109609,42801
75710,PR,GUAÍRA,4108809,31971
74365,PR,HONÓRIO SERPA,4109658,5471
75892,PR,IBAITI,4109708,30943
74020,PR,IBEMA,4109757,6218
75914,PR,IBIPORÃ,4109807,54917
75930,PR,ICARAÍMA,4109906,8992
75957,PR,IGUARAÇU,4110003,5478
74381,PR,IGUATU,4110052,2142
75442,PR,IMBAÚ,4110078,11619
75973,PR,IMBITUVA,4110102,29893
76015,PR,INAJÁ,4110300,2529
79618,PR,INDIANÓPOLIS,4110409,4223
75990,PR,INÁCIO MARTINS,4110201,10776
76031,PR,IPIRANGA,4110508,14230
76058,PR,IPORÃ,4110607,15730
74403,PR,IRACEMA DO OESTE,4110656,2347
76074,PR,IRATI,4110706,59253
76090,PR,IRETAMA,4110805,10681
76112,PR,ITAGUAJÉ,4110904,4489
75000,PR,ITAIPULÂNDIA,4110953,10909
76139,PR,ITAMBARACÁ,4111001,5920
76155,PR,ITAMBÉ,4111100,6734
76171,PR,ITAPEJARA D'OESTE,4111209,13177
74446,PR,ITAPERUÇU,4111258,31843
76198,PR,ITAÚNA DO SUL,4111308,3566
76236,PR,IVAIPORÃ,4111506,32604
76252,PR,IVATUBA,4111605,2786
74462,PR,IVATÉ,4111555,6771
76210,PR,IVAÍ,4111407,13142
76279,PR,JABOTI,4111704,5425
76295,PR,JACAREZINHO,4111803,40356
76317,PR,JAGUAPITÃ,4111902,15193
76333,PR,JAGUARIAÍVA,4112009,35527
76350,PR,JANDAIA DO SUL,4112108,23006
76376,PR,JANIÓPOLIS,4112207,5862
76392,PR,JAPIRA,4112306,4971
76414,PR,JAPURÁ,4112405,9127
76430,PR,JARDIM ALEGRE,4112504,12070
76457,PR,JARDIM OLINDA,4112603,1280
76473,PR,JATAIZINHO,4112702,11857
79979,PR,JESUÍTAS,4112751,10508
76490,PR,JOAQUIM TÁVORA,4112801,11870
76511,PR,JUNDIAÍ DO SUL,4112900,3446
84638,PR,JURANDA,4112959,7773
76538,PR,JUSSARA,4113007,7477
76554,PR,KALORÉ,4113106,4579
76570,PR,LAPA,4113205,45620
74985,PR,LARANJAL,4113254,5628
76597,PR,LARANJEIRAS DO SUL,4113304,31953
76619,PR,LEÓPOLIS,4113403,3940
74489,PR,LIDIANÓPOLIS,4113429,3936
74047,PR,LINDOESTE,4113452,5147
76635,PR,LOANDA,4113502,23149
76651,PR,LOBATO,4113601,4600
76678,PR,LONDRINA,4113700,588125
75809,PR,LUIZIANA,4113734,6711
84590,PR,LUNARDELLI,4113759,5027
76694,PR,LUPIONÓPOLIS,4113809,4812
76716,PR,MALLET,4113908,13378
76732,PR,MAMBORÊ,4114005,13404
76775,PR,MANDAGUARI,4114203,36827
76759,PR,MANDAGUAÇU,4114104,31544
76791,PR,MANDIRITUBA,4114302,33795
75469,PR,MANFRINÓPOLIS,4114351,2775
75116,PR,MANGUEIRINHA,4114401,17287
76813,PR,MANOEL RIBAS,4114500,13702
76830,PR,MARECHAL CÂNDIDO RONDON,4114609,56530
76856,PR,MARIA HELENA,4114708,5872
76872,PR,MARIALVA,4114807,47028
79758,PR,MARILENA,4115002,7220
76899,PR,MARILUZ,4115101,9846
74330,PR,MARILÂNDIA DO SUL,4114906,9757
76910,PR,MARINGÁ,4115200,454146
74500,PR,MARIPÁ,4115358,6639
76937,PR,MARIÓPOLIS,4115309,6356
76953,PR,MARMELEIRO,4115408,15873
75485,PR,MARQUINHO,4115457,4348
76970,PR,MARUMBI,4115507,4700
76996,PR,MATELÂNDIA,4115606,18472
79634,PR,MATINHOS,4115705,39212
74527,PR,MATO RICO,4115739,3279
74543,PR,MAUÁ DA SERRA,4115754,8937
77011,PR,MEDIANEIRA,4115804,54390
74560,PR,MERCEDES,4115853,5945
77038,PR,MIRADOR,4115903,2240
77054,PR,MIRASELVA,4116000,1965
84697,PR,MISSAL,4116059,12951
77070,PR,MOREIRA SALES,4116109,11170
77097,PR,MORRETES,4116208,18396
77119,PR,MUNHOZ DE MELO,4116307,3937
77135,PR,NOSSA SENHORA DAS GRAÇAS,4116406,3677
77151,PR,NOVA ALIANÇA DO IVAÍ,4116505,1315
77178,PR,NOVA AMÉRICA DA COLINA,4116604,3277
79650,PR,NOVA AURORA,4116703,12848
77194,PR,NOVA CANTU,4116802,6781
77216,PR,NOVA ESPERANÇA,4116901,26616
75027,PR,NOVA ESPERANÇA DO SUDOESTE,4116950,5592
77232,PR,NOVA FÁTIMA,4117008,7225
74586,PR,NOVA LARANJEIRAS,4117057,14132
77259,PR,NOVA LONDRINA,4117107,12911
79677,PR,NOVA OLÍMPIA,4117206,5834
79952,PR,NOVA PRATA DO IGUAÇU,4117255,10780
74608,PR,NOVA SANTA BÁRBARA,4117214,4183
79790,PR,NOVA SANTA ROSA,4117222,8292
75760,PR,NOVA TEBAS,4117271,6848
74420,PR,NOVO ITACOLOMI,4117297,4061
77275,PR,ORTIGUEIRA,4117305,26078
77291,PR,OURIZONA,4117404,3184
74063,PR,OURO VERDE DO OESTE,4117453,6808
77313,PR,PAIÇANDU,4117503,49999
77330,PR,PALMAS,4117602,43769
77356,PR,PALMEIRA,4117701,36384
77372,PR,PALMITAL,4117800,13080
77399,PR,PALOTINA,4117909,35063
77437,PR,PARANACITY,4118105,9561
77453,PR,PARANAGUÁ,4118204,157043
77470,PR,PARANAPOEMA,4118303,2406
77496,PR,PARANAVAÍ,4118402,90969
77410,PR,PARAÍSO DO NORTE,4118006,13246
74624,PR,PATO BRAGADO,4118451,5976
77518,PR,PATO BRANCO,4118501,94239
77534,PR,PAULA FREITAS,4118600,5616
77550,PR,PAULO FRONTIN,4118709,6460
77577,PR,PEABIRU,4118808,13345
75507,PR,PEROBAL,4118857,7132
75043,PR,PINHAIS,4119152,131048
74640,PR,PINHAL DE SÃO BENTO,4119251,2762
77631,PR,PINHALÃO,4119202,6564
77658,PR,PINHÃO,4119301,29931
77690,PR,PIRAQUARA,4119509,131101
77674,PR,PIRAÍ DO SUL,4119400,23514
77712,PR,PITANGA,4119608,33640
74667,PR,PITANGUEIRAS,4119657,3016
77615,PR,PIÊN,4119103,13552
77739,PR,PLANALTINA DO PARANÁ,4119707,4063
77755,PR,PLANALTO,4119806,14300
77771,PR,PONTA GROSSA,4119905,391654
75523,PR,PONTAL DO PARANÁ,4119954,32985
77798,PR,PORECATU,4120002,11596
77810,PR,PORTO AMAZONAS,4120101,5543
75540,PR,PORTO BARREIRO,4120150,3111
77836,PR,PORTO RICO,4120200,3194
77852,PR,PORTO VITÓRIA,4120309,3484
75566,PR,PRADO FERREIRA,4120333,3663
79910,PR,PRANCHITA,4120358,5705
77879,PR,PRESIDENTE CASTELO BRANCO,4120408,4334
77895,PR,PRIMEIRO DE MAIO,4120507,10239
77917,PR,PRUDENTÓPOLIS,4120606,49395
79693,PR,PÉROLA,4118907,11885
77593,PR,PÉROLA D'OESTE,4119004,6197
75582,PR,QUARTO CENTENÁRIO,4120655,4213
77933,PR,QUATIGUÁ,4120705,8092
77950,PR,QUATRO BARRAS,4120804,26452
74683,PR,QUATRO PONTES,4120853,4051
79553,PR,QUEDAS DO IGUAÇU,4120903,30785
77976,PR,QUERÊNCIA DO NORTE,4121000,10708
77992,PR,QUINTA DO SOL,4121109,5009
78018,PR,QUITANDINHA,4121208,19240
74705,PR,RAMILÂNDIA,4121257,4848
78034,PR,RANCHO ALEGRE,4121307,3511
74721,PR,RANCHO ALEGRE D'OESTE,4121356,2615
78050,PR,REALEZA,4121406,18928
78077,PR,REBOUÇAS,4121505,14524
78093,PR,RENASCENÇA,4121604,6839
78115,PR,RESERVA,4121703,26786
75604,PR,RESERVA DO IGUAÇU,4121752,7009
78131,PR,RIBEIRÃO CLARO,4121802,12357
78158,PR,RIBEIRÃO DO PINHAL,4121901,13053
78174,PR,RIO AZUL,4122008,14032
78190,PR,RIO BOM,4122107,3755
74748,PR,RIO BONITO DO IGUAÇU,4122156,13955
75620,PR,RIO BRANCO DO IVAÍ,4122172,3866
78212,PR,RIO BRANCO DO SUL,4122206,32566
78239,PR,RIO NEGRO,4122305,31406
78255,PR,ROLÂNDIA,4122404,71344
78271,PR,RONCADOR,4122503,11253
78298,PR,RONDON,4122602,9093
75744,PR,ROSÁRIO DO IVAÍ,4122651,5697
78310,PR,SABÁUDIA,4122701,8819
78336,PR,SALGADO FILHO,4122800,4144
78352,PR,SALTO DO ITARARÉ,4122909,5195
78379,PR,SALTO DO LONTRA,4123006,14006
78395,PR,SANTA AMÉLIA,4123105,3396
78417,PR,SANTA CECÍLIA DO PAVÃO,4123204,3361
78433,PR,SANTA CRUZ DE MONTE CASTELO,4123303,8630
78450,PR,SANTA FÉ,4123402,11397
79715,PR,SANTA HELENA,4123501,24917
78476,PR,SANTA INÊS,4123600,1744
78492,PR,SANTA ISABEL DO IVAÍ,4123709,8897
78514,PR,SANTA IZABEL DO OESTE,4123808,12444
74764,PR,SANTA LÚCIA,4123824,3668
74802,PR,SANTA MARIA DO OESTE,4123857,9811
78530,PR,SANTA MARIANA,4123907,11111
74829,PR,SANTA MÔNICA,4123956,3357
74080,PR,SANTA TEREZA DO OESTE,4124020,12928
84670,PR,SANTA TEREZINHA DE ITAIPU,4124053,23236
78557,PR,SANTANA DO ITARARÉ,4124004,5514
78611,PR,SANTO ANTONIO DO CAIUÁ,4124202,2499
78590,PR,SANTO ANTÔNIO DA PLATINA,4124103,45261
78638,PR,SANTO ANTÔNIO DO PARAÍSO,4124301,2122
78573,PR,SANTO ANTÔNIO DO SUDOESTE,4124400,19677
78654,PR,SANTO INÁCIO,4124509,6184
78999,PR,SAPOPEMA,4126207,6444
84611,PR,SARANDI,4126256,126057
75060,PR,SAUDADE DO IGUAÇU,4126272,6137
79014,PR,SENGÉS,4126306,17112
75647,PR,SERRANÓPOLIS DO IGUAÇU,4126355,5034
79030,PR,SERTANEJA,4126405,5761
79057,PR,SERTANÓPOLIS,4126504,16694
79073,PR,SIQUEIRA CAMPOS,4126603,24083
75787,PR,SULINA,4126652,3440
78670,PR,SÃO CARLOS DO IVAÍ,4124608,6588
78697,PR,SÃO JERÔNIMO DA SERRA,4124707,10742
78816,PR,SÃO JORGE D'OESTE,4125209,9308
78794,PR,SÃO JORGE DO IVAÍ,4125308,5159
79995,PR,SÃO JORGE DO PATROCÍNIO,4125357,6520
78832,PR,SÃO JOSÉ DA BOA VISTA,4125407,5968
84719,PR,SÃO JOSÉ DAS PALMEIRAS,4125456,4063
78859,PR,SÃO JOSÉ DOS PINHAIS,4125506,327746
78719,PR,SÃO JOÃO,4124806,11683
78735,PR,SÃO JOÃO DO CAIUÁ,4124905,5585
78751,PR,SÃO JOÃO DO IVAÍ,4125001,10665
78778,PR,SÃO JOÃO DO TRIUNFO,4125100,13725
74845,PR,SÃO MANOEL DO PARANÁ,4125555,2132
78875,PR,SÃO MATEUS DO SUL,4125605,44313
78891,PR,SÃO MIGUEL DO IGUAÇU,4125704,29285
74861,PR,SÃO PEDRO DO IGUAÇU,4125753,6854
78913,PR,SÃO PEDRO DO IVAÍ,4125803,8691
78930,PR,SÃO PEDRO DO PARANÁ,4125902,2654
78956,PR,SÃO SEBASTIÃO DA AMOREIRA,4126009,8070
78972,PR,SÃO TOMÉ,4126108,5385
75663,PR,TAMARANA,4126678,12115
79090,PR,TAMBOARA,4126702,4879
79111,PR,TAPEJARA,4126801,15659
79731,PR,TAPIRA,4126900,5743
79138,PR,TEIXEIRA SOARES,4127007,9565
79154,PR,TELÊMACO BORBA,4127106,73331
79170,PR,TERRA BOA,4127205,18654
79197,PR,TERRA RICA,4127304,14862
79219,PR,TERRA ROXA,4127403,18448
79235,PR,TIBAGI,4127502,18612
79251,PR,TIJUCAS DO SUL,4127601,17717
79278,PR,TOLEDO,4127700,156123
79294,PR,TOMAZINA,4127809,9659
79871,PR,TRÊS BARRAS DO PARANÁ,4127858,11142
74888,PR,TUNAS DO PARANÁ,4127882,8617
79316,PR,TUNEIRAS DO OESTE,4127908,10332
79936,PR,TUPÃSSI,4127957,8088
84530,PR,TURVO,4127965,16147
79332,PR,UBIRATÃ,4128005,24733
79359,PR,UMUARAMA,4128104,117148
79391,PR,UNIFLOR,4128302,2136
79375,PR,UNIÃO DA VITÓRIA,4128203,55238
79413,PR,URAÍ,4128401,10378
74900,PR,VENTANIA,4128534,9682
79898,PR,VERA CRUZ DO OESTE,4128559,9326
79456,PR,VERÊ,4128609,7929
74969,PR,VIRMOND,4128658,3813
79472,PR,VITORINO,4128708,9942
79430,PR,WENCESLAU BRAZ,4128500,18894
79499,PR,XAMBRÊ,4128807,5769
74128,PR,ÂNGULO,4101150,3447
58017,RJ,ANGRA DOS REIS,3300100,181228
58181,RJ,APERIBÉ,3300159,10893
58033,RJ,ARARUAMA,3300209,126726
58220,RJ,AREAL,3300225,11765
58408,RJ,ARMAÇÃO DOS BÚZIOS,3300233,39033
59277,RJ,ARRAIAL DO CABO,3300258,31030
58050,RJ,BARRA DO PIRAÍ,3300308,91025
58076,RJ,BARRA MANSA,3300407,166654
58041,RJ,BELFORD ROXO,3300456,446731
58092,RJ,BOM JARDIM,3300506,28166
58114,RJ,BOM JESUS DO ITABAPOANA,3300605,35797
58130,RJ,CABO FRIO,3300704,214057
58157,RJ,CACHOEIRAS DE MACACU,3300803,53887
58173,RJ,CAMBUCI,3300902,14245
58190,RJ,CAMPOS DOS GOYTACAZES,3301009,474667
58211,RJ,CANTAGALO,3301108,19443
58300,RJ,CARAPEBUS,3300936,13360
58068,RJ,CARDOSO MOREIRA,3301157,12686
58238,RJ,CARMO,3301207,17149
58254,RJ,CASIMIRO DE ABREU,3301306,45570
58165,RJ,COMENDADOR LEVY GASPARIAN,3300951,8769
58270,RJ,CONCEIÇÃO DE MACABU,3301405,20814
58297,RJ,CORDEIRO,3301504,20843
58319,RJ,DUAS BARRAS,3301603,11102
58335,RJ,DUQUE DE CAXIAS,3301702,782799
58351,RJ,ENGENHEIRO PAULO DE FRONTIN,3301801,11822
58106,RJ,GUAPIMIRIM,3301850,50409
58262,RJ,IGUABA GRANDE,3301876,27651
58378,RJ,ITABORAÍ,3301900,231004
58394,RJ,ITAGUAÍ,3302007,132867
59293,RJ,ITALVA,3302056,13729
58416,RJ,ITAOCARA,3302106,22989
58432,RJ,ITAPERUNA,3302205,99300
58440,RJ,ITATIAIA,3302254,30766
58149,RJ,JAPERI,3302270,96595
58459,RJ,LAJE DO MURIAÉ,3302304,6767
58475,RJ,MACAÉ,3302403,262692
58386,RJ,MACUCO,3302452,5446
58491,RJ,MAGÉ,3302502,248208
58513,RJ,MANGARATIBA,3302601,38953
58530,RJ,MARICÁ,3302700,223938
58556,RJ,MENDES,3302809,17461
58467,RJ,MESQUITA,3302858,168849
58572,RJ,MIGUEL PEREIRA,3302908,26301
58599,RJ,MIRACEMA,3303005,26644
58610,RJ,NATIVIDADE,3303104,14938
58637,RJ,NILÓPOLIS,3303203,150281
58653,RJ,NITERÓI,3303302,523664
58670,RJ,NOVA FRIBURGO,3303401,204625
58696,RJ,NOVA IGUAÇU,3303500,819134
58718,RJ,PARACAMBI,3303609,41146
58750,RJ,PARATY,3303807,50592
58734,RJ,PARAÍBA DO SUL,3303708,41786
59315,RJ,PATY DO ALFERES,3303856,29390
58777,RJ,PETRÓPOLIS,3303906,304758
58246,RJ,PINHEIRAL,3303955,24553
58793,RJ,PIRAÍ,3304003,27996
58815,RJ,PORCIÚNCULA,3304102,16958
58327,RJ,PORTO REAL,3304110,20375
58025,RJ,QUATIS,3304128,12646
58122,RJ,QUEIMADOS,3304144,139194
58009,RJ,QUISSAMÃ,3304151,21749
58831,RJ,RESENDE,3304201,128460
58858,RJ,RIO BONITO,3304300,55068
58874,RJ,RIO CLARO,3304409,18544
58890,RJ,RIO DAS FLORES,3304508,9387
58203,RJ,RIO DAS OSTRAS,3304524,149562
60011,RJ,RIO DE JANEIRO,3304557,6625849
58912,RJ,SANTA MARIA MADALENA,3304607,9704
58939,RJ,SANTO ANTÔNIO DE PÁDUA,3304706,40870
59072,RJ,SAPUCAIA,3305406,18585
59099,RJ,SAQUAREMA,3305505,88755
58424,RJ,SEROPÉDICA,3305554,85359
59110,RJ,SILVA JARDIM,3305604,21509
59137,RJ,SUMIDOURO,3305703,18286
58955,RJ,SÃO FIDÉLIS,3304805,38711
58289,RJ,SÃO FRANCISCO DE ITABAPOANA,3304755,44939
58971,RJ,SÃO GONÇALO,3304904,929446
58343,RJ,SÃO JOSÉ DE UBÁ,3305133,7070
59331,RJ,SÃO JOSÉ DO VALE DO RIO PRETO,3305158,22125
58998,RJ,SÃO JOÃO DA BARRA,3305000,36518
59013,RJ,SÃO JOÃO DE MERITI,3305109,393773
59030,RJ,SÃO PEDRO DA ALDEIA,3305208,102290
59056,RJ,SÃO SEBASTIÃO DO ALTO,3305307,7707
58360,RJ,TANGUÁ,3305752,31169
59153,RJ,TERESÓPOLIS,3305802,189036
59170,RJ,TRAJANO DE MORAIS,3305901,10303
59196,RJ,TRÊS RIOS,3306008,76789
59218,RJ,VALENÇA,3306107,72264
58084,RJ,VARRE-SAI,3306156,10209
59234,RJ,VASSOURAS,3306206,38081
59250,RJ,VOLTA REDONDA,3306305,270543
16012,RN,ACARI,2400109,10589
16055,RN,AFONSO BEZERRA,2400307,10838
16098,RN,ALEXANDRIA,2400505,13211
16110,RN,ALMINO AFONSO,2400604,4689
16136,RN,ALTO DO RODRIGUES,2400703,12538
16152,RN,ANGICOS,2400802,11641
16179,RN,ANTÔNIO MARTINS,2400901,6577
16195,RN,APODI,2401008,36118
16217,RN,AREIA BRANCA,2401107,24076
16233,RN,ARÊS,2401206,13268
16039,RN,ASSÚ,2400208,56482
30031,RN,BARAÚNA,2401453,26949
16292,RN,BARCELONA,2401503,4003
16276,RN,BAÍA FORMOSA,2401404,8825
16314,RN,BENTO FERNANDES,2401602,4796
17035,RN,BOA SAÚDE,2405306,9054
16101,RN,BODÓ,2401651,2309
16330,RN,BOM JESUS,2401701,9713
16357,RN,BREJINHO,2401800,12205
16390,RN,CAICÓ,2402006,61160
16047,RN,CAIÇARA DO NORTE,2401859,6282
16373,RN,CAIÇARA DO RIO DO VENTO,2401909,3274
16250,RN,CAMPO GRANDE,2401305,10319
16411,RN,CAMPO REDONDO,2402105,10217
16438,RN,CANGUARETAMA,2402204,29377
16454,RN,CARAÚBAS,2402303,19766
16497,RN,CARNAUBAIS,2402501,9704
16470,RN,CARNAÚBA DOS DANTAS,2402402,7949
16519,RN,CEARÁ-MIRIM,2402600,78486
16535,RN,CERRO CORÁ,2402709,11002
16551,RN,CORONEL EZEQUIEL,2402808,5092
16578,RN,CORONEL JOÃO PESSOA,2402907,4237
16594,RN,CRUZETA,2403004,8008
16616,RN,CURRAIS NOVOS,2403103,41341
16632,RN,DOUTOR SEVERIANO,2403202,7049
16659,RN,ENCANTO,2403301,6017
16675,RN,EQUADOR,2403400,5355
16691,RN,ESPÍRITO SANTO,2403509,10622
16713,RN,EXTREMOZ,2403608,61381
16730,RN,FELIPE GUERRA,2403707,5970
16144,RN,FERNANDO PEDROZA,2403756,2937
16756,RN,FLORÂNIA,2403806,10199
16772,RN,FRANCISCO DANTAS,2403905,2700
17515,RN,FRUTUOSO GOMES,2404002,4122
16799,RN,GALINHOS,2404101,2105
16810,RN,GOIANINHA,2404200,27079
16837,RN,GOVERNADOR DIX-SEPT ROSADO,2404309,11926
16853,RN,GROSSOS,2404408,9742
16870,RN,GUAMARÉ,2404507,15312
16896,RN,IELMO MARINHO,2404606,11614
16918,RN,IPANGUAÇU,2404705,14164
16934,RN,IPUEIRA,2404804,2035
16080,RN,ITAJÁ,2404853,7298
16950,RN,ITAÚ,2404903,5317
16993,RN,JANDAÍRA,2405108,6570
17019,RN,JANDUÍS,2405207,4767
17051,RN,JAPI,2405405,5123
17078,RN,JARDIM DE ANGICOS,2405504,2436
17094,RN,JARDIM DE PIRANHAS,2405603,13969
17116,RN,JARDIM DO SERIDÓ,2405702,11623
16977,RN,JAÇANÃ,2405009,10247
17175,RN,JOSÉ DA PENHA,2406007,5799
17132,RN,JOÃO CÂMARA,2405801,33191
17159,RN,JOÃO DIAS,2405900,2076
17191,RN,JUCURUTU,2406106,17779
16306,RN,JUNDIÁ,2406155,3737
17230,RN,LAGOA D'ANTA,2406205,6680
17256,RN,LAGOA DE PEDRAS,2406304,7340
17272,RN,LAGOA DE VELHOS,2406403,2569
17299,RN,LAGOA NOVA,2406502,15584
17310,RN,LAGOA SALGADA,2406601,8334
17337,RN,LAJES,2406700,9866
17353,RN,LAJES PINTADAS,2406809,4779
17370,RN,LUCRÉCIA,2406908,3490
17396,RN,LUÍS GOMES,2407005,9083
17434,RN,MACAU,2407203,27395
17418,RN,MACAÍBA,2407104,81584
16160,RN,MAJOR SALES,2407252,3924
17450,RN,MARCELINO VIEIRA,2407302,7896
17477,RN,MARTINS,2407401,8178
17493,RN,MAXARANGUAPE,2407500,10262
17213,RN,MESSIAS TARGINO,2407609,4283
17531,RN,MONTANHAS,2407708,11459
17558,RN,MONTE ALEGRE,2407807,22950
17574,RN,MONTE DAS GAMELEIRAS,2407906,2277
17590,RN,MOSSORÓ,2408003,264181
17612,RN,NATAL,2408102,751932
17655,RN,NOVA CRUZ,2408300,34252
17639,RN,NÍSIA FLORESTA,2408201,30952
17671,RN,OLHO D'ÁGUA DO BORGES,2408409,3896
17698,RN,OURO BRANCO,2408508,4912
17710,RN,PARANÁ,2408607,3934
17752,RN,PARAZINHO,2408805,4796
17736,RN,PARAÚ,2408706,3589
17779,RN,PARELHAS,2408904,21464
17795,RN,PARNAMIRIM,2403251,252950
17817,RN,PASSA E FICA,2409100,10892
17833,RN,PASSAGEM,2409209,3119
17850,RN,PATU,2409308,11001
17876,RN,PAU DOS FERROS,2409407,30403
17892,RN,PEDRA GRANDE,2409506,3611
17914,RN,PEDRA PRETA,2409605,2450
17930,RN,PEDRO AVELINO,2409704,6241
17957,RN,PEDRO VELHO,2409803,13860
17973,RN,PENDÊNCIAS,2409902,12273
17990,RN,PILÕES,2410009,2963
18031,RN,PORTALEGRE,2410207,7601
16284,RN,PORTO DO MANGUE,2410256,5253
18015,RN,POÇO BRANCO,2410108,12389
18074,RN,PUREZA,2410405,9358
18090,RN,RAFAEL FERNANDES,2410504,5432
18937,RN,RAFAEL GODEIRO,2410603,2931
18112,RN,RIACHO DA CRUZ,2410702,2693
18139,RN,RIACHO DE SANTANA,2410801,4134
18155,RN,RIACHUELO,2410900,7389
16268,RN,RIO DO FOGO,2408953,10268
18171,RN,RODOLFO FERNANDES,2411007,4234
18198,RN,RUY BARBOSA,2411106,3203
18236,RN,SANTA CRUZ,2411205,37232
16241,RN,SANTA MARIA,2409332,4843
18279,RN,SANTANA DO MATOS,2411403,12460
18252,RN,SANTANA DO SERIDÓ,2411429,2696
18295,RN,SANTO ANTÔNIO,2411502,22150
18597,RN,SENADOR ELÓI DE SOUZA,2413102,5964
18619,RN,SENADOR GEORGINO AVELINO,2413201,4064
18058,RN,SERRA CAIADA,2410306,9964
18635,RN,SERRA DE SÃO BENTO,2413300,5706
16020,RN,SERRA DO MEL,2413359,13110
18651,RN,SERRA NEGRA DO NORTE,2413409,7593
18678,RN,SERRINHA,2413508,6444
16209,RN,SERRINHA DOS PINTOS,2413557,4659
18694,RN,SEVERIANO MELO,2413607,5497
18317,RN,SÃO BENTO DO NORTE,2411601,3252
18333,RN,SÃO BENTO DO TRAIRÍ,2411700,3788
18350,RN,SÃO FERNANDO,2411809,3480
18210,RN,SÃO FRANCISCO DO OESTE,2411908,4172
18376,RN,SÃO GONÇALO DO AMARANTE,2412005,115467
18414,RN,SÃO JOSÉ DE MIPIBU,2412203,47279
18430,RN,SÃO JOSÉ DO CAMPESTRE,2412302,13691
18457,RN,SÃO JOSÉ DO SERIDÓ,2412401,4548
18392,RN,SÃO JOÃO DO SABUGI,2412104,5956
18473,RN,SÃO MIGUEL,2412500,23494
16063,RN,SÃO MIGUEL DO GOSTOSO,2412559,10250
18490,RN,SÃO PAULO DO POTENGI,2412609,16586
18511,RN,SÃO PEDRO,2412708,5786
18538,RN,SÃO RAFAEL,2412807,7707
18554,RN,SÃO TOMÉ,2412906,9720
18570,RN,SÃO VICENTE,2413003,6311
18716,RN,SÍTIO NOVO,2413706,4662
18732,RN,TABOLEIRO GRANDE,2413805,2333
18759,RN,TAIPU,2413904,11438
18775,RN,TANGARÁ,2414001,13266
18791,RN,TENENTE ANANIAS,2414100,10262
16004,RN,TENENTE LAURENTINO CRUZ,2414159,5892
16225,RN,TIBAU,2411056,5389
18813,RN,TIBAU DO SUL,2414209,17210
18830,RN,TIMBAÚBA DOS BATISTAS,2414308,2336
18856,RN,TOUROS,2414407,33008
16128,RN,TRIUNFO POTIGUAR,2414456,3358
18872,RN,UMARIZAL,2414506,9972
18899,RN,UPANEMA,2414605,13434
16187,RN,VENHA-VER,2414753,3013
18953,RN,VERA CRUZ,2414803,10487
18996,RN,VILA FLOR,2415008,3174
18970,RN,VIÇOSA,2414902,1822
18910,RN,VÁRZEA,2414704,5232
16071,RN,ÁGUA NOVA,2400406,2951
310,RO,ALTA FLORESTA DO OESTE,1100015,21558
736,RO,ALTO ALEGRE DOS PARECIS,1100379,13023
639,RO,ALTO PARAÍSO,1100403,17140
337,RO,ALVORADA DO OESTE,1100346,13092
78,RO,ARIQUEMES,1100023,100896
779,RO,BURITIS,1100452,28178
450,RO,CABIXI,1100031,5107
620,RO,CACAULÂNDIA,1100601,4157
94,RO,CACOAL,1100049,92202
671,RO,CAMPO NOVO DE RONDÔNIA,1100700,8840
477,RO,CANDEIAS DO JAMARI,1100809,22564
531,RO,CASTANHEIRAS,1100908,3269
272,RO,CEREJEIRAS,1100056,15237
809,RO,CHUPINGUAIA,1100924,9351
230,RO,COLORADO DO OESTE,1100064,15747
655,RO,CORUMBIARA,1100072,7503
213,RO,COSTA MARQUES,1100080,12633
680,RO,CUJUBIM,1100940,14338
256,RO,ESPIGÃO DO OESTE,1100098,29722
612,RO,GOVERNADOR JORGE TEIXEIRA,1101005,8012
19,RO,GUAJARÁ-MIRIM,1100106,39396
493,RO,ITAPUÃ DO OESTE,1101104,9465
159,RO,JARU,1100114,52090
51,RO,JI-PARANÁ,1100122,136825
396,RO,MACHADINHO DO OESTE,1100130,30626
604,RO,MINISTRO ANDREAZZA,1101203,6440
574,RO,MIRANTE DA SERRA,1101302,9200
663,RO,MONTE NEGRO,1101401,11966
370,RO,NOVA BRASILÂNDIA DO OESTE,1100148,17355
434,RO,NOVA MAMORÉ,1100338,25452
744,RO,NOVA UNIÃO,1101435,6194
515,RO,NOVO HORIZONTE DO OESTE,1100502,7653
175,RO,OURO PRETO DO OESTE,1100155,36753
701,RO,PARECIS,1101450,3953
116,RO,PIMENTA BUENO,1100189,37464
787,RO,PIMENTEIRAS DO OESTE,1101468,2180
35,RO,PORTO VELHO,1100205,461748
191,RO,PRESIDENTE MÉDICI,1100254,19316
728,RO,PRIMAVERA DE RONDÔNIA,1101476,3071
647,RO,RIO CRESPO,1100262,3476
299,RO,ROLIM DE MOURA,1100288,57180
353,RO,SANTA LUZIA DO OESTE,1100296,7394
582,RO,SERINGUEIRAS,1101500,11183
710,RO,SÃO FELIPE DO OESTE,1101484,5259
795,RO,SÃO FRANCISCO DO GUAPORÉ,1101492,16302
418,RO,SÃO MIGUEL DO GUAPORÉ,1100320,21612
752,RO,TEIXEIRÓPOLIS,1101559,4284
590,RO,THEOBROMA,1101609,9253
566,RO,URUPÁ,1101708,10828
698,RO,VALE DO ANARI,1101757,7806
558,RO,VALE DO PARAÍSO,1101807,6487
132,RO,VILHENA,1100304,95599
3050,RR,ALTO ALEGRE,1400050,23582
3042,RR,AMAJARI,1400027,16994
3018,RR,BOA VISTA,1400100,408157
3077,RR,BONFIM,1400159,16169
3069,RR,CANTÁ,1400175,18030
3034,RR,CARACARAÍ,1400209,20780
3000,RR,CAROEBE,1400233,10555
3026,RR,IRACEMA,1400282,11000
3093,RR,MUCAJAÍ,1400308,17058
3115,RR,NORMANDIA,1400407,15264
3123,RR,PACARAIMA,1400456,19317
3085,RR,RORAINÓPOLIS,1400472,29932
3131,RR,SÃO JOÃO DA BALIZA,1400506,8011
3158,RR,SÃO LUIZ,1400605,6192
3107,RR,UIRAMUTÃ,1400704,13764
88986,RS,ACEGUÁ,4300034,4156
85014,RS,AGUDO,4300109,16740
85030,RS,AJURICABA,4300208,6707
85057,RS,ALECRIM,4300307,6169
85073,RS,ALEGRETE,4300406,71945
85545,RS,ALEGRIA,4300455,3652
89001,RS,ALMIRANTE TAMANDARÉ DO SUL,4300471,1967
85090,RS,ALPESTRE,4300505,7065
84808,RS,ALTO ALEGRE,4300554,1800
86282,RS,ALTO FELIZ,4300570,3061
85111,RS,ALVORADA,4300604,185921
86045,RS,AMARAL FERRADOR,4300638,5268
86304,RS,AMETISTA DO SUL,4300646,7529
86100,RS,ANDRÉ DA ROCHA,4300661,1129
85138,RS,ANTA GORDA,4300703,5962
85154,RS,ANTÔNIO PRADO,4300802,14292
86320,RS,ARAMBARÉ,4300851,4109
88862,RS,ARARICÁ,4300877,8293
85170,RS,ARATIBA,4300901,6495
85197,RS,ARROIO DO MEIO,4301008,21961
89028,RS,ARROIO DO PADRE,4301073,2638
85308,RS,ARROIO DO SAL,4301057,11082
85235,RS,ARROIO DO TIGRE,4301206,12022
85219,RS,ARROIO DOS RATOS,4301107,14555
85251,RS,ARROIO GRANDE,4301305,17440
85278,RS,ARVOREZINHA,4301404,10328
85294,RS,AUGUSTO PESTANA,4301503,7146
85316,RS,BAGÉ,4301602,113173
88927,RS,BALNEÁRIO PINHAL,4301636,14769
86363,RS,BARRA DO GUARITA,4301859,3161
88625,RS,BARRA DO QUARAÍ,4301875,4053
85375,RS,BARRA DO RIBEIRO,4301909,11925
86380,RS,BARRA DO RIO AZUL,4301925,1695
86401,RS,BARRA FUNDA,4301958,2497
85359,RS,BARRACÃO,4301800,5115
85391,RS,BARROS CASSAL,4302006,9299
86223,RS,BARÃO,4301651,6476
85332,RS,BARÃO DE COTEGIPE,4301701,7150
86347,RS,BARÃO DO TRIUNFO,4301750,5893
88420,RS,BENJAMIN CONSTANT DO SUL,4302055,1981
85413,RS,BENTO GONÇALVES,4302105,129430
86428,RS,BOA VISTA DAS MISSÕES,4302154,1899
85430,RS,BOA VISTA DO BURICÁ,4302204,7030
89044,RS,BOA VISTA DO CADEADO,4302220,2222
89060,RS,BOA VISTA DO INCRA,4302238,2267
88161,RS,BOA VISTA DO SUL,4302253,2746
85456,RS,BOM JESUS,4302303,10725
98230,RS,BOM PRINCÍPIO,4302352,15619
86444,RS,BOM PROGRESSO,4302378,2106
85472,RS,BOM RETIRO DO SUL,4302402,12245
84921,RS,BOQUEIRÃO DO LEÃO,4302451,6231
85499,RS,BOSSOROCA,4302501,5886
89087,RS,BOZANO,4302584,2135
85510,RS,BRAGA,4302600,3264
85065,RS,BROCHIER,4302659,5895
85537,RS,BUTIÁ,4302709,18711
85570,RS,CACEQUI,4302907,11166
85596,RS,CACHOEIRA DO SUL,4303004,79778
85618,RS,CACHOEIRINHA,4303103,134545
85634,RS,CACIQUE DOBLE,4303202,4602
85650,RS,CAIBATÉ,4303301,4707
85677,RS,CAIÇARA,4303400,4810
85693,RS,CAMAQUÃ,4303509,61598
85960,RS,CAMARGO,4303558,3204
85715,RS,CAMBARÁ DO SUL,4303608,6263
86460,RS,CAMPESTRE DA SERRA,4303673,3243
85731,RS,CAMPINA DAS MISSÕES,4303707,5882
85758,RS,CAMPINAS DO SUL,4303806,5266
85774,RS,CAMPO BOM,4303905,65380
85790,RS,CAMPO NOVO,4304002,4992
85200,RS,CAMPOS BORGES,4304101,3606
85812,RS,CANDELÁRIA,4304200,28249
86487,RS,CANDIOTA,4304358,10418
85855,RS,CANELA,4304408,53348
85871,RS,CANGUÇU,4304507,48922
85898,RS,CANOAS,4304606,339133
89109,RS,CANUDOS DO VALE,4304614,1660
84891,RS,CAPELA DE SANTANA,4304689,10970
86509,RS,CAPITÃO,4304697,2888
88200,RS,CAPIVARI DO SUL,4304671,3986
89125,RS,CAPÃO BONITO DO SUL,4304622,1724
89150,RS,CAPÃO DA CANOA,4304630,62040
89141,RS,CAPÃO DO CIPÓ,4304655,3122
89737,RS,CAPÃO DO LEÃO,4304663,27071
85910,RS,CARAZINHO,4304705,60983
88340,RS,CARAÁ,4304713,8957
85936,RS,CARLOS BARBOSA,4304804,29834
86525,RS,CARLOS GOMES,4304853,1355
85952,RS,CASCA,4304903,9464
85880,RS,CASEIROS,4304952,3000
85979,RS,CATUÍPE,4305009,8679
85995,RS,CAXIAS DO SUL,4305108,503068
85553,RS,CAÇAPAVA DO SUL,4302808,32447
86541,RS,CENTENÁRIO,4305116,2725
88641,RS,CERRITO,4305124,5847
86088,RS,CERRO BRANCO,4305132,3803
85227,RS,CERRO GRANDE,4305157,2318
85944,RS,CERRO GRANDE DO SUL,4305173,9054
86010,RS,CERRO LARGO,4305207,13710
86037,RS,CHAPADA,4305306,9475
86932,RS,CHARQUEADAS,4305355,34954
86568,RS,CHARRUA,4305371,3345
86053,RS,CHIAPETTA,4305405,3901
88269,RS,CHUVISCA,4305447,4583
88846,RS,CHUÍ,4305439,6438
85804,RS,CIDREIRA,4305454,16742
86070,RS,CIRÍACO,4305504,4142
86584,RS,COLINAS,4305587,2415
86096,RS,COLORADO,4305603,3258
86118,RS,CONDOR,4305702,6406
86134,RS,CONSTANTINA,4305801,10383
89168,RS,COQUEIRO BAIXO,4305835,1284
86606,RS,COQUEIROS DO SUL,4305850,2204
86622,RS,CORONEL BARROS,4305871,2819
86150,RS,CORONEL BICACO,4305900,6082
89184,RS,CORONEL PILAR,4305934,1592
89770,RS,COTIPORÃ,4305959,3850
86649,RS,COXILHA,4305975,3172
86177,RS,CRISSIUMAL,4306007,12852
85464,RS,CRISTAL,4306056,7352
88528,RS,CRISTAL DO SUL,4306072,2694
86193,RS,CRUZ ALTA,4306106,59057
89206,RS,CRUZALTENSE,4306130,1635
86215,RS,CRUZEIRO DO SUL,4306205,11618
85839,RS,CÂNDIDO GODÓI,4304309,6291
86231,RS,DAVID CANABARRO,4306304,4324
86665,RS,DERRUBADAS,4306320,2749
85049,RS,DEZESSEIS DE NOVEMBRO,4306353,2506
88188,RS,DILERMANDO DE AGUIAR,4306379,2806
86258,RS,DOIS IRMÃOS,4306403,30551
86681,RS,DOIS IRMÃOS DAS MISSÕES,4306429,2063
84824,RS,DOIS LAJEADOS,4306452,2965
86274,RS,DOM FELICIANO,4306502,13059
86290,RS,DOM PEDRITO,4306601,36559
88463,RS,DOM PEDRO DE ALCÂNTARA,4306551,2499
86312,RS,DONA FRANCISCA,4306700,3079
84883,RS,DOUTOR MAURÍCIO CARDOSO,4306734,4470
88307,RS,DOUTOR RICARDO,4306759,1866
86240,RS,ELDORADO DO SUL,4306767,39330
86339,RS,ENCANTADO,4306809,22391
86355,RS,ENCRUZILHADA DO SUL,4306908,22276
86703,RS,ENGENHO VELHO,4306924,1291
85928,RS,ENTRE RIOS DO SUL,4306957,2681
85103,RS,ENTRE-IJUÍS,4306932,9157
85081,RS,EREBANGO,4306973,3037
86371,RS,ERECHIM,4307005,105428
85022,RS,ERNESTINA,4307054,3021
86410,RS,ERVAL GRANDE,4307203,4908
86436,RS,ERVAL SECO,4307302,6748
86452,RS,ESMERALDA,4307401,3175
88285,RS,ESPERANÇA DO SUL,4307450,3225
86479,RS,ESPUMOSO,4307500,15118
85286,RS,ESTAÇÃO,4307559,5517
86517,RS,ESTEIO,4307708,74653
86533,RS,ESTRELA,4307807,31909
88404,RS,ESTRELA VELHA,4307815,3066
86495,RS,ESTÂNCIA VELHA,4307609,48682
85448,RS,EUGÊNIO DE CASTRO,4307831,2633
84930,RS,FAGUNDES VARELA,4307864,2566
86550,RS,FARROUPILHA,4307906,74879
86576,RS,FAXINAL DO SOTURNO,4308003,6686
86029,RS,FAXINALZINHO,4308052,2521
88366,RS,FAZENDA VILANOVA,4308078,4298
86592,RS,FELIZ,4308102,15174
86614,RS,FLORES DA CUNHA,4308201,33430
88242,RS,FLORIANO PEIXOTO,4308250,2038
86630,RS,FONTOURA XAVIER,4308300,9573
86657,RS,FORMIGUEIRO,4308409,6439
89222,RS,FORQUETINHA,4308433,2521
98272,RS,FORTALEZA DOS VALOS,4308458,4455
86673,RS,FREDERICO WESTPHALEN,4308508,32284
86690,RS,GARIBALDI,4308607,35219
86720,RS,GARRUCHOS,4308656,2615
86711,RS,GAURAMA,4308706,5676
86738,RS,GENERAL CÂMARA,4308805,7346
86746,RS,GENTIL,4308854,1745
86770,RS,GETÚLIO VARGAS,4308904,18111
86797,RS,GIRUÁ,4309001,15971
85502,RS,GLORINHA,4309050,7653
86819,RS,GRAMADO,4309100,44643
86762,RS,GRAMADO DOS LOUREIROS,4309126,2003
86789,RS,GRAMADO XAVIER,4309159,3304
86835,RS,GRAVATAÍ,4309209,279205
84867,RS,GUABIJU,4309258,1396
86878,RS,GUAPORÉ,4309407,24958
86894,RS,GUARANI DAS MISSÕES,4309506,7554
86851,RS,GUAÍBA,4309308,91304
85189,RS,HARMONIA,4309555,5660
86398,RS,HERVAL,4307104,6380
88323,RS,HERVEIRAS,4309571,2559
86916,RS,HORIZONTINA,4309605,18852
86800,RS,HULHA NEGRA,4309654,5851
86959,RS,HUMAITÁ,4309704,4690
84972,RS,IBARAMA,4309753,3722
86975,RS,IBIAÇÁ,4309803,4560
86991,RS,IBIRAIARAS,4309902,6764
84964,RS,IBIRAPUITÃ,4309951,4159
87017,RS,IBIRUBÁ,4310009,21733
87033,RS,IGREJINHA,4310108,33173
87050,RS,IJUÍ,4310207,85135
87076,RS,ILÓPOLIS,4310306,4094
85685,RS,IMBÉ,4310330,27053
85782,RS,IMIGRANTE,4310363,3082
87092,RS,INDEPENDÊNCIA,4310405,6519
86827,RS,INHACORÁ,4310413,2011
85243,RS,IPIRANGA DO SUL,4310462,1714
84999,RS,IPÊ,4310439,6554
87114,RS,IRAÍ,4310504,7489
88382,RS,ITAARA,4310538,5747
85901,RS,ITACURUBI,4310553,2995
86843,RS,ITAPUCA,4310579,1937
87130,RS,ITAQUI,4310603,35408
89249,RS,ITATI,4310652,2941
87157,RS,ITATIBA DO SUL,4310702,3206
85626,RS,IVORÁ,4310751,2012
87173,RS,IVOTI,4310801,22911
84786,RS,JABOTICABA,4310850,3754
89265,RS,JACUIZINHO,4310876,2028
87190,RS,JACUTINGA,4310900,3198
87238,RS,JAGUARI,4311106,10527
87211,RS,JAGUARÃO,4311007,26583
84905,RS,JAQUIRANA,4311122,3692
88587,RS,JARI,4311130,3349
98299,RS,JÓIA,4311155,7123
87254,RS,JÚLIO DE CASTILHOS,4311205,18121
89281,RS,LAGOA BONITA DO SUL,4311239,2253
86886,RS,LAGOA DOS TRÊS CANTOS,4311270,1726
87270,RS,LAGOA VERMELHA,4311304,27598
85260,RS,LAGOÃO,4311254,5343
87297,RS,LAJEADO,4311403,97432
86860,RS,LAJEADO DO BUGRE,4311429,2569
87319,RS,LAVRAS DO SUL,4311502,7458
87335,RS,LIBERATO SALZANO,4311601,4664
86908,RS,LINDOLFO COLLOR,4311627,6156
86924,RS,LINHA NOVA,4311643,1763
87351,RS,MACHADINHO,4311700,5729
88943,RS,MAMPITUBA,4311734,2954
86940,RS,MANOEL VIANA,4311759,6732
86967,RS,MAQUINÉ,4311775,8222
86983,RS,MARATÁ,4311791,2515
87378,RS,MARAU,4311809,46643
87394,RS,MARCELINO RAMOS,4311908,4314
87009,RS,MARIANA PIMENTEL,4311981,3889
87416,RS,MARIANO MORO,4312005,1856
88820,RS,MARQUES DE SOUZA,4312054,3928
87432,RS,MATA,4312104,4697
87025,RS,MATO CASTELHANO,4312138,2552
87041,RS,MATO LEITÃO,4312153,4848
89303,RS,MATO QUEIMADO,4312179,1793
87459,RS,MAXIMILIANO DE ALMEIDA,4312203,4763
88447,RS,MAÇAMBARÁ,4311718,4427
87068,RS,MINAS DO LEÃO,4312252,7470
87475,RS,MIRAGUAÍ,4312302,4388
85820,RS,MONTAURI,4312351,1495
88803,RS,MONTE ALEGRE DOS CAMPOS,4312377,3610
87084,RS,MONTE BELO DO SUL,4312385,2584
87491,RS,MONTENEGRO,4312401,66878
87106,RS,MORMAÇO,4312427,2748
87122,RS,MORRINHOS DO SUL,4312443,3091
86185,RS,MORRO REDONDO,4312450,5568
87149,RS,MORRO REUTER,4312476,6124
87513,RS,MOSTARDAS,4312500,13035
88544,RS,MUITOS CAPÕES,4312617,2811
87165,RS,MULITERNO,4312625,1718
87530,RS,MUÇUM,4312609,4492
87181,RS,NICOLAU VERGUEIRO,4312674,1935
87572,RS,NONOAI,4312708,13466
86169,RS,NOVA ALVORADA,4312757,3169
87599,RS,NOVA ARAÇÁ,4312807,4968
87610,RS,NOVA BASSANO,4312906,9582
87203,RS,NOVA BOA VISTA,4312955,2040
87637,RS,NOVA BRÉSCIA,4313003,3037
88226,RS,NOVA CANDELÁRIA,4313011,3056
85120,RS,NOVA ESPERANÇA DO SUL,4313037,4858
84816,RS,NOVA HARTZ,4313060,19799
87653,RS,NOVA PALMA,4313102,5328
87670,RS,NOVA PETRÓPOLIS,4313201,28579
87696,RS,NOVA PRATA,4313300,25656
87220,RS,NOVA PÁDUA,4313086,2334
88560,RS,NOVA RAMADA,4313334,2157
84751,RS,NOVA ROMA DO SUL,4313359,3468
87246,RS,NOVA SANTA RITA,4313375,28290
87262,RS,NOVO BARREIRO,4313490,4233
88684,RS,NOVO CABRAIS,4313391,3550
87718,RS,NOVO HAMBURGO,4313409,241306
87289,RS,NOVO MACHADO,4313425,3198
87300,RS,NOVO TIRADENTES,4313441,2115
89320,RS,NOVO XINGU,4313466,1646
87556,RS,NÃO-ME-TOQUE,4312658,17821
87734,RS,OSÓRIO,4313508,50395
87750,RS,PAIM FILHO,4313607,3979
89672,RS,PALMARES DO SUL,4313656,12969
87777,RS,PALMEIRA DAS MISSÕES,4313706,32873
87793,RS,PALMITINHO,4313805,7830
87815,RS,PANAMBI,4313904,43320
84980,RS,PANTANO GRANDE,4313953,10255
87831,RS,PARAÍ,4314001,7205
85987,RS,PARAÍSO DO SUL,4314027,6472
87327,RS,PARECI NOVO,4314035,4072
98256,RS,PAROBÉ,4314050,54095
88889,RS,PASSA SETE,4314068,3943
87343,RS,PASSO DO SOBRADO,4314076,6006
87858,RS,PASSO FUNDO,4314100,217240
89346,RS,PAULO BENTO,4314134,2144
85146,RS,PAVERAMA,4314159,7933
89567,RS,PEDRAS ALTAS,4314175,2213
87874,RS,PEDRO OSÓRIO,4314209,7652
87890,RS,PEJUÇARA,4314308,3733
87912,RS,PELOTAS,4314407,324026
87360,RS,PICADA CAFÉ,4314423,5732
85340,RS,PINHAL,4314456,2895
89362,RS,PINHAL DA SERRA,4314464,2243
87386,RS,PINHAL GRANDE,4314472,4049
87408,RS,PINHEIRINHO DO VALE,4314498,4539
87939,RS,PINHEIRO MACHADO,4314506,11380
89540,RS,PINTO BANDEIRA,4314548,2712
84778,RS,PIRAPÓ,4314555,2250
87955,RS,PIRATINI,4314605,17434
87971,RS,PLANALTO,4314704,10240
87440,RS,PONTE PRETA,4314787,1572
87424,RS,PONTÃO,4314779,3278
88013,RS,PORTO ALEGRE,4314902,1404269
88030,RS,PORTO LUCENA,4315008,4364
87467,RS,PORTO MAUÁ,4315057,2143
87483,RS,PORTO VERA CRUZ,4315073,1560
88056,RS,PORTO XAVIER,4315107,9821
87998,RS,PORTÃO,4314803,36410
85421,RS,POUSO NOVO,4315131,1752
86126,RS,POÇO DAS ANTAS,4314753,2152
87505,RS,PRESIDENTE LUCENA,4315149,3077
84760,RS,PROGRESSO,4315156,5325
85405,RS,PROTÁSIO ALVES,4315172,2025
88072,RS,PUTINGA,4315206,3710
88099,RS,QUARAÍ,4315305,23475
89389,RS,QUATRO IRMÃOS,4315313,1552
87521,RS,QUEVEDOS,4315321,2502
84875,RS,QUINZE DE NOVEMBRO,4315354,3910
88110,RS,REDENTORA,4315404,9244
85766,RS,RELVADO,4315453,1895
88137,RS,RESTINGA SÊCA,4315503,15129
87548,RS,RIO DOS ÍNDIOS,4315552,3374
88153,RS,RIO GRANDE,4315602,191719
88170,RS,RIO PARDO,4315701,34447
85740,RS,RIOZINHO,4315750,4453
88196,RS,ROCA SALES,4315800,10397
88218,RS,RODEIO BONITO,4315909,6644
89400,RS,ROLADOR,4315958,2277
88234,RS,ROLANTE,4316006,21288
88250,RS,RONDA ALTA,4316105,9750
88277,RS,RONDINHA,4316204,4989
88293,RS,ROQUE GONZALES,4316303,6579
88315,RS,ROSÁRIO DO SUL,4316402,36343
87564,RS,SAGRADA FAMÍLIA,4316428,2466
85561,RS,SALDANHA MARINHO,4316436,2581
89753,RS,SALTO DO JACUÍ,4316451,10200
87580,RS,SALVADOR DAS MISSÕES,4316477,2878
88331,RS,SALVADOR DO SUL,4316501,7411
88358,RS,SANANDUVA,4316600,17130
88374,RS,SANTA BÁRBARA DO SUL,4316709,8083
89247,RS,SANTA CECÍLIA DO SUL,4316733,1676
87602,RS,SANTA CLARA DO SUL,4316758,6845
88390,RS,SANTA CRUZ DO SUL,4316808,133136
89443,RS,SANTA MARGARIDA DO SUL,4316972,2593
88412,RS,SANTA MARIA,4316907,296081
86207,RS,SANTA MARIA DO HERVAL,4316956,6541
88471,RS,SANTA ROSA,4317202,77519
87629,RS,SANTA TEREZA,4317251,1668
88498,RS,SANTA VITÓRIA DO PALMAR,4317301,30953
88439,RS,SANTANA DA BOA VISTA,4317004,7120
88455,RS,SANTANA DO LIVRAMENTO,4317103,83764
88510,RS,SANTIAGO,4317400,48959
88552,RS,SANTO ANTÔNIO DA PATRULHA,4317608,42904
88579,RS,SANTO ANTÔNIO DAS MISSÕES,4317707,10292
87645,RS,SANTO ANTÔNIO DO PALMA,4317558,2091
87661,RS,SANTO ANTÔNIO DO PLANALTO,4317756,2097
88595,RS,SANTO AUGUSTO,4317806,13641
88617,RS,SANTO CRISTO,4317905,15325
87688,RS,SANTO EXPEDITO DO SUL,4317954,2348
88536,RS,SANTO ÂNGELO,4317509,76768
88994,RS,SAPIRANGA,4319901,75613
89010,RS,SAPUCAIA DO SUL,4320008,130554
89036,RS,SARANDI,4320107,22693
89052,RS,SEBERI,4320206,11932
85707,RS,SEDE NOVA,4320230,2712
85529,RS,SEGREDO,4320263,6046
89079,RS,SELBACH,4320305,5108
88765,RS,SENADOR SALGADO FILHO,4320321,2671
87882,RS,SENTINELA DO SUL,4320354,5221
89095,RS,SERAFINA CORRÊA,4320404,16839
89117,RS,SERTÃO,4320503,6512
87920,RS,SERTÃO SANTANA,4320552,6062
88706,RS,SETE DE SETEMBRO,4320578,1824
89133,RS,SEVERIANO DE ALMEIDA,4320602,3827
84956,RS,SILVEIRA MARTINS,4320651,2070
87947,RS,SINIMBU,4320677,8578
89176,RS,SOBRADINHO,4320701,14209
89192,RS,SOLEDADE,4320800,30060
88633,RS,SÃO BORJA,4318002,58757
84832,RS,SÃO DOMINGOS DO SUL,4318051,2755
88650,RS,SÃO FRANCISCO DE ASSIS,4318101,17634
88676,RS,SÃO FRANCISCO DE PAULA,4318200,23682
88692,RS,SÃO GABRIEL,4318309,58263
88714,RS,SÃO JERÔNIMO,4318408,20909
84794,RS,SÃO JORGE,4318440,2912
87769,RS,SÃO JOSÉ DAS MISSÕES,4318457,2345
85588,RS,SÃO JOSÉ DO HERVAL,4318465,1883
85324,RS,SÃO JOSÉ DO HORTÊNCIO,4318481,4667
87742,RS,SÃO JOSÉ DO INHACORÁ,4318499,2596
88730,RS,SÃO JOSÉ DO NORTE,4318507,25491
88757,RS,SÃO JOSÉ DO OURO,4318606,6847
89460,RS,SÃO JOSÉ DO SUL,4318614,2676
87726,RS,SÃO JOSÉ DOS AUSENTES,4318622,3128
84859,RS,SÃO JOÃO DA URTIGA,4318424,4433
87700,RS,SÃO JOÃO DO POLÊSINE,4318432,2549
88773,RS,SÃO LEOPOLDO,4318705,216964
88790,RS,SÃO LOURENÇO DO SUL,4318804,41756
88811,RS,SÃO LUIZ GONZAGA,4318903,34690
88838,RS,SÃO MARCOS,4319000,21027
88854,RS,SÃO MARTINHO,4319109,5479
87785,RS,SÃO MARTINHO DA SERRA,4319125,2919
85480,RS,SÃO MIGUEL DAS MISSÕES,4319158,6986
88870,RS,SÃO NICOLAU,4319208,5114
88897,RS,SÃO PAULO DAS MISSÕES,4319307,5837
87807,RS,SÃO PEDRO DA SERRA,4319356,3818
89486,RS,SÃO PEDRO DAS MISSÕES,4319364,1753
87823,RS,SÃO PEDRO DO BUTIÁ,4319372,3069
88919,RS,SÃO PEDRO DO SUL,4319406,15535
88935,RS,SÃO SEBASTIÃO DO CAÍ,4319505,26300
88951,RS,SÃO SEPÉ,4319604,21189
88978,RS,SÃO VALENTIM,4319703,3262
87840,RS,SÃO VALENTIM DO SUL,4319711,2029
87866,RS,SÃO VALÉRIO DO SUL,4319737,2547
85383,RS,SÃO VENDELINO,4319752,2259
86754,RS,SÃO VICENTE DO SUL,4319802,8154
87904,RS,SÉRIO,4320453,1941
88722,RS,TABAÍ,4320859,4552
89214,RS,TAPEJARA,4320909,24539
89230,RS,TAPERA,4321006,10570
89257,RS,TAPES,4321105,14547
89273,RS,TAQUARA,4321204,53164
89290,RS,TAQUARI,4321303,25004
85669,RS,TAQUARUÇU DO SUL,4321329,3087
89710,RS,TAVARES,4321352,5554
89311,RS,TENENTE PORTELA,4321402,14494
85162,RS,TERRA DE AREIA,4321436,11122
98213,RS,TEUTÔNIA,4321451,32776
89508,RS,TIO HUGO,4321469,3422
87963,RS,TIRADENTES DO SUL,4321477,5132
88900,RS,TOROPI,4321493,2546
89338,RS,TORRES,4321501,41709
89354,RS,TRAMANDAÍ,4321600,51872
87980,RS,TRAVESSEIRO,4321626,2123
85006,RS,TRINDADE DO SUL,4321956,7065
89435,RS,TRIUNFO,4322004,32859
84743,RS,TRÊS ARROIOS,4321634,2589
85367,RS,TRÊS CACHOEIRAS,4321667,11551
89370,RS,TRÊS COROAS,4321709,25344
89397,RS,TRÊS DE MAIO,4321808,25006
88005,RS,TRÊS FORQUILHAS,4321832,3139
86142,RS,TRÊS PALMEIRAS,4321857,4707
89419,RS,TRÊS PASSOS,4321907,25467
89451,RS,TUCUNDUVA,4322103,5512
84840,RS,TUNAS,4322152,3685
88021,RS,TUPANCI DO SUL,4322186,1371
89478,RS,TUPANCIRETÃ,4322202,19997
85723,RS,TUPANDI,4322251,4981
89494,RS,TUPARENDI,4322301,8342
88501,RS,TURUÇU,4322327,3410
88609,RS,UBIRETAMA,4322343,1994
88480,RS,UNISTALDA,4322376,2180
88048,RS,UNIÃO DA SERRA,4322350,1171
89516,RS,URUGUAIANA,4322400,115100
89532,RS,VACARIA,4322509,64033
88064,RS,VALE DO SOL,4322533,9907
88080,RS,VALE REAL,4322541,6152
88668,RS,VALE VERDE,4322525,3137
84913,RS,VANINI,4322558,2004
89559,RS,VENÂNCIO AIRES,4322608,68420
89575,RS,VERA CRUZ,4322707,26702
89591,RS,VERANÓPOLIS,4322806,23878
88781,RS,VESPASIANO CORRÊA,4322855,1821
89613,RS,VIADUTOS,4322905,4767
89630,RS,VIAMÃO,4323002,223679
89656,RS,VICENTE DUTRA,4323101,4660
89699,RS,VICTOR GRAEFF,4323200,2685
86061,RS,VILA FLORES,4323309,3608
88749,RS,VILA LÂNGARO,4323358,2118
85642,RS,VILA MARIA,4323408,4425
88102,RS,VILA NOVA DO SUL,4323457,3629
85600,RS,VISTA ALEGRE,4323507,2655
85863,RS,VISTA ALEGRE DO PRATA,4323606,1608
85847,RS,VISTA GAÚCHA,4323705,2785
88129,RS,VITÓRIA DAS MISSÕES,4323754,3266
89524,RS,WESTFÁLIA,4323770,3096
88145,RS,XANGRI-LÁ,4323804,16178
84948,RS,ÁGUA SANTA,4300059,4345
84735,RS,ÁUREA,4301552,3401
80225,SC,ABDON BATISTA,4200051,2600
80012,SC,ABELARDO LUZ,4200101,17389
80039,SC,AGROLÂNDIA,4200200,11010
80055,SC,AGRONÔMICA,4200309,6055
80136,SC,ALFREDO WAGNER,4200705,10455
81302,SC,ALTO BELA VISTA,4200754,1859
80152,SC,ANCHIETA,4200804,5942
80179,SC,ANGELINA,4200903,5497
80195,SC,ANITA GARIBALDI,4201000,8286
80217,SC,ANITÁPOLIS,4201109,3463
80233,SC,ANTÔNIO CARLOS,4201208,11295
80063,SC,APIÚNA,4201257,11926
80489,SC,ARABUTÃ,4201273,4378
80250,SC,ARAQUARI,4201307,45462
80276,SC,ARARANGUÁ,4201406,72138
80292,SC,ARMAZÉM,4201505,8825
80314,SC,ARROIO TRINTA,4201604,3556
80802,SC,ARVOREDO,4201653,2539
80330,SC,ASCURRA,4201703,8408
80357,SC,ATALANTA,4201802,3218
80373,SC,AURORA,4201901,6810
81728,SC,BALNEÁRIO ARROIO DO SILVA,4201950,15693
80683,SC,BALNEÁRIO BARRA DO SUL,4202057,14885
80390,SC,BALNEÁRIO CAMBORIÚ,4202008,140036
81744,SC,BALNEÁRIO GAIVOTA,4202073,15353
82511,SC,BALNEÁRIO PIÇARRAS,4212809,28177
83909,SC,BALNEÁRIO RINCÃO,4220000,15880
81582,SC,BANDEIRANTE,4202081,3144
81760,SC,BARRA BONITA,4202099,1608
80411,SC,BARRA VELHA,4202107,45633
81221,SC,BELA VISTA DO TOLDO,4202131,5863
80748,SC,BELMONTE,4202156,2703
80438,SC,BENEDITO NOVO,4202206,10484
80454,SC,BIGUAÇU,4202305,78623
80470,SC,BLUMENAU,4202404,363340
81280,SC,BOCAINA DO SUL,4202438,3514
83895,SC,BOM JARDIM DA SERRA,4202503,4362
81388,SC,BOM JESUS,4202537,2721
81469,SC,BOM JESUS DO OESTE,4202578,2182
80497,SC,BOM RETIRO,4202602,8698
80985,SC,BOMBINHAS,4202453,24416
80519,SC,BOTUVERÁ,4202701,5368
80535,SC,BRAÇO DO NORTE,4202800,34113
80420,SC,BRAÇO DO TROMBUDO,4202859,3954
81787,SC,BRUNÓPOLIS,4202875,2488
80551,SC,BRUSQUE,4202909,141676
80594,SC,CAIBI,4203105,6199
80667,SC,CALMON,4203154,3465
80616,SC,CAMBORIÚ,4203204,112167
80632,SC,CAMPO ALEGRE,4203303,12318
80659,SC,CAMPO BELO DO SUL,4203402,7345
80675,SC,CAMPO ERÊ,4203501,9562
80691,SC,CAMPOS NOVOS,4203600,36976
80713,SC,CANELINHA,4203709,12759
80730,SC,CANOINHAS,4203808,54848
80756,SC,CAPINZAL,4203907,23184
81027,SC,CAPIVARI DE BAIXO,4203956,22873
81248,SC,CAPÃO ALTO,4203253,2892
80772,SC,CATANDUVAS,4204004,10565
80799,SC,CAXAMBU DO SUL,4204103,4614
80578,SC,CAÇADOR,4203006,74105
80268,SC,CELSO RAMOS,4204152,2802
80381,SC,CERRO NEGRO,4204178,3318
81701,SC,CHAPADÃO DO LAGEADO,4204194,2949
80810,SC,CHAPECÓ,4204202,251150
80306,SC,COCAL DO SUL,4204251,17241
80837,SC,CONCÓRDIA,4204301,81625
81043,SC,CORDILHEIRA ALTA,4204350,4735
80853,SC,CORONEL FREITAS,4204400,10303
81108,SC,CORONEL MARTINS,4204459,2069
83950,SC,CORREIA PINTO,4204558,15720
80870,SC,CORUPÁ,4204509,15287
80896,SC,CRICIÚMA,4204608,231088
80918,SC,CUNHA PORÃ,4204707,10904
81620,SC,CUNHATAÍ,4204756,1757
80934,SC,CURITIBANOS,4204806,40289
80950,SC,DESCANSO,4204905,8559
80977,SC,DIONÍSIO CERQUEIRA,4205001,14989
80993,SC,DONA EMMA,4205100,4006
80080,SC,DOUTOR PEDRINHO,4205159,3670
81426,SC,ENTRE RIOS,4205175,3322
81167,SC,ERMO,4205191,2270
81019,SC,ERVAL VELHO,4205209,4824
81035,SC,FAXINAL DOS GUEDES,4205308,10965
81604,SC,FLOR DO SERTÃO,4205357,1784
81051,SC,FLORIANÓPOLIS,4205407,574200
80888,SC,FORMOSA DO SUL,4205431,2682
81060,SC,FORQUILHINHA,4205456,31692
81078,SC,FRAIBURGO,4205506,33662
81329,SC,FREI ROGÉRIO,4205555,2411
81094,SC,GALVÃO,4205605,3219
81132,SC,GAROPABA,4205704,29801
81159,SC,GARUVA,4205803,18697
81175,SC,GASPAR,4205902,73053
81116,SC,GOVERNADOR CELSO RAMOS,4206009,17306
81213,SC,GRAVATAL,4206207,14022
81191,SC,GRÃO-PARÁ,4206108,6149
81230,SC,GUABIRUBA,4206306,24578
81256,SC,GUARACIABA,4206405,11154
81272,SC,GUARAMIRIM,4206504,46502
81299,SC,GUARUJÁ DO SUL,4206603,4819
80527,SC,GUATAMBÚ,4206652,8400
81310,SC,HERVAL D'OESTE,4206702,21339
81400,SC,IBIAM,4206751,2003
81337,SC,IBICARÉ,4206801,3267
81353,SC,IBIRAMA,4206900,21425
81396,SC,ILHOTA,4207106,20319
81418,SC,IMARUÍ,4207205,12331
81434,SC,IMBITUBA,4207304,54258
81450,SC,IMBUIA,4207403,5988
81477,SC,INDAIAL,4207502,71369
81361,SC,IOMERÊ,4207577,2865
81493,SC,IPIRA,4207601,4580
80020,SC,IPORÃ DO OESTE,4207650,9333
80829,SC,IPUAÇU,4207684,7726
81515,SC,IPUMIRIM,4207700,7815
80187,SC,IRACEMINHA,4207759,3987
81531,SC,IRANI,4207809,10014
80861,SC,IRATI,4207858,2069
81558,SC,IRINEÓPOLIS,4207908,10298
81590,SC,ITAIÓPOLIS,4208104,22065
81612,SC,ITAJAÍ,4208203,291169
81639,SC,ITAPEMA,4208302,76247
81655,SC,ITAPIRANGA,4208401,16503
81663,SC,ITAPOÁ,4208450,30731
81671,SC,ITUPORANGA,4208500,26694
81574,SC,ITÁ,4208005,7063
81370,SC,IÇARA,4207007,64456
81698,SC,JABORÁ,4208609,4314
81710,SC,JACINTO MACHADO,4208708,10624
81736,SC,JAGUARUNA,4208807,19538
81752,SC,JARAGUÁ DO SUL,4208906,193304
81140,SC,JARDINÓPOLIS,4208955,1785
81779,SC,JOAÇABA,4209003,29976
81795,SC,JOINVILLE,4209102,617979
80101,SC,JOSÉ BOITEUX,4209151,5991
81540,SC,JUPIÁ,4209177,2542
81817,SC,LACERDÓPOLIS,4209201,2256
81833,SC,LAGES,4209300,164881
81850,SC,LAGUNA,4209409,41269
80586,SC,LAJEADO GRANDE,4209458,1682
81876,SC,LAURENTINO,4209508,7524
81892,SC,LAURO MÜLLER,4209607,14192
81914,SC,LEBON RÉGIS,4209706,11553
81930,SC,LEOBERTO LEAL,4209805,3334
80047,SC,LINDÓIA DO SUL,4209854,4549
81957,SC,LONTRAS,4209904,12913
81809,SC,LUZERNA,4210035,5760
81973,SC,LUÍS ALVES,4210001,12249
80900,SC,MACIEIRA,4210050,1778
81990,SC,MAFRA,4210100,55463
82015,SC,MAJOR GERCINO,4210209,3887
82031,SC,MAJOR VIEIRA,4210308,7359
83917,SC,MARACAJÁ,4210407,7825
82058,SC,MARAVILHA,4210506,28045
82066,SC,MAREMA,4210555,2177
82074,SC,MASSARANDUBA,4210605,18922
82090,SC,MATOS COSTA,4210704,2762
82112,SC,MELEIRO,4210803,6940
80365,SC,MIRIM DOCE,4210852,2502
82139,SC,MODELO,4210902,4085
82155,SC,MONDAÍ,4211009,9961
80004,SC,MONTE CARLO,4211058,9131
82171,SC,MONTE CASTELO,4211108,7754
82198,SC,MORRO DA FUMAÇA,4211207,18687
81086,SC,MORRO GRANDE,4211256,2982
82210,SC,NAVEGANTES,4211306,88655
82236,SC,NOVA ERECHIM,4211405,5179
80322,SC,NOVA ITABERABA,4211454,4432
82252,SC,NOVA TRENTO,4211504,13645
82279,SC,NOVA VENEZA,4211603,13396
80764,SC,NOVO HORIZONTE,4211652,2652
82295,SC,ORLEANS,4211702,23531
83976,SC,OTACÍLIO COSTA,4211751,17357
82317,SC,OURO,4211801,7025
80845,SC,OURO VERDE,4211850,2168
81442,SC,PAIAL,4211876,1931
81264,SC,PAINEL,4211892,2199
82333,SC,PALHOÇA,4211900,236638
82350,SC,PALMA SOLA,4212007,7601
81566,SC,PALMEIRA,4212056,2627
82376,SC,PALMITOS,4212106,15627
82392,SC,PAPANDUVA,4212205,19132
80705,SC,PARAÍSO,4212239,4437
80403,SC,PASSO DE TORRES,4212254,12875
80624,SC,PASSOS MAIA,4212270,4025
82414,SC,PAULO LOPES,4212304,9326
82430,SC,PEDRAS GRANDES,4212403,4233
82457,SC,PENHA,4212502,33400
82473,SC,PERITIBA,4212601,2993
83925,SC,PESCARIA BRAVA,4212650,10224
82490,SC,PETROLÂNDIA,4212700,6718
82538,SC,PINHALZINHO,4212908,21495
82554,SC,PINHEIRO PRETO,4213005,3469
82570,SC,PIRATUBA,4213104,5746
80543,SC,PLANALTO ALEGRE,4213153,2946
82597,SC,POMERODE,4213203,34699
82619,SC,PONTE ALTA,4213302,4437
80926,SC,PONTE ALTA DO NORTE,4213351,3217
82635,SC,PONTE SERRADA,4213401,10414
82651,SC,PORTO BELO,4213500,27726
82678,SC,PORTO UNIÃO,4213609,32190
82694,SC,POUSO REDONDO,4213708,17143
82716,SC,PRAIA GRANDE,4213807,8131
82732,SC,PRESIDENTE CASTELO BRANCO,4213906,1692
82759,SC,PRESIDENTE GETÚLIO,4214003,21231
82775,SC,PRESIDENTE NEREU,4214102,2300
81647,SC,PRINCESA,4214151,2964
82791,SC,QUILOMBO,4214201,11027
82813,SC,RANCHO QUEIMADO,4214300,3252
82830,SC,RIO DAS ANTAS,4214409,6221
82856,SC,RIO DO CAMPO,4214508,6447
82872,SC,RIO DO OESTE,4214607,7623
82910,SC,RIO DO SUL,4214805,70952
82899,SC,RIO DOS CEDROS,4214706,10879
82937,SC,RIO FORTUNA,4214904,4885
82953,SC,RIO NEGRINHO,4215000,38531
80608,SC,RIO RUFINO,4215059,2432
80560,SC,RIQUEZA,4215075,4769
82970,SC,RODEIO,4215109,12715
82996,SC,ROMELÂNDIA,4215208,4826
83011,SC,SALETE,4215307,7502
81523,SC,SALTINHO,4215356,3626
83038,SC,SALTO VELOSO,4215406,4416
81000,SC,SANGÃO,4215455,12995
83054,SC,SANTA CECÍLIA,4215505,15247
80721,SC,SANTA HELENA,4215554,2427
83070,SC,SANTA ROSA DE LIMA,4215604,2002
80241,SC,SANTA ROSA DO SUL,4215653,9308
80349,SC,SANTA TEREZINHA,4215679,8061
81507,SC,SANTA TEREZINHA DO PROGRESSO,4215695,1642
81205,SC,SANTIAGO DO SUL,4215687,2580
83097,SC,SANTO AMARO DA IMPERATRIZ,4215703,28260
83410,SC,SAUDADES,4217303,10272
83437,SC,SCHROEDER,4217402,20213
83453,SC,SEARA,4217501,18623
80284,SC,SERRA ALTA,4217550,3314
83470,SC,SIDERÓPOLIS,4217600,13862
83496,SC,SOMBRIO,4217709,29503
80446,SC,SUL BRASIL,4217758,2878
83119,SC,SÃO BENTO DO SUL,4215802,82760
81485,SC,SÃO BERNARDINO,4215752,2651
83135,SC,SÃO BONIFÁCIO,4215901,2950
83151,SC,SÃO CARLOS,4216008,10279
80942,SC,SÃO CRISTÓVÃO DO SUL,4216057,6092
83178,SC,SÃO DOMINGOS,4216107,8984
83194,SC,SÃO FRANCISCO DO SUL,4216206,52428
83259,SC,SÃO JOAQUIM,4216503,26026
83275,SC,SÃO JOSÉ,4216602,287409
83291,SC,SÃO JOSÉ DO CEDRO,4216701,15100
83313,SC,SÃO JOSÉ DO CERRITO,4216800,8708
83216,SC,SÃO JOÃO BATISTA,4216305,32360
81124,SC,SÃO JOÃO DO ITAPERIÚ,4216354,4484
80640,SC,SÃO JOÃO DO OESTE,4216255,6287
83232,SC,SÃO JOÃO DO SUL,4216404,8642
83330,SC,SÃO LOURENÇO DO OESTE,4216909,24774
83356,SC,SÃO LUDGERO,4217006,13431
83372,SC,SÃO MARTINHO,4217105,3654
80780,SC,SÃO MIGUEL DA BOA VISTA,4217154,1768
83399,SC,SÃO MIGUEL DO OESTE,4217204,43946
81183,SC,SÃO PEDRO DE ALCÂNTARA,4217253,5693
83518,SC,TAIÓ,4217808,18282
83534,SC,TANGARÁ,4217907,8153
81680,SC,TIGRINHOS,4217956,2325
83550,SC,TIJUCAS,4218004,49474
83933,SC,TIMBÉ DO SUL,4218103,5377
83577,SC,TIMBÓ,4218202,46144
80209,SC,TIMBÓ GRANDE,4218251,7368
81345,SC,TREVISO,4218350,3783
83615,SC,TREZE DE MAIO,4218400,7354
83631,SC,TREZE TÍLIAS,4218509,8803
83658,SC,TROMBUDO CENTRAL,4218608,7074
83593,SC,TRÊS BARRAS,4218301,19782
83674,SC,TUBARÃO,4218707,114389
83682,SC,TUNÁPOLIS,4218756,5018
83690,SC,TURVO,4218806,12993
80144,SC,UNIÃO DO OESTE,4218855,2782
83712,SC,URUBICI,4218905,11156
80160,SC,URUPEMA,4218954,2719
83739,SC,URUSSANGA,4219002,20915
80462,SC,VARGEM,4219150,2621
80969,SC,VARGEM BONITA,4219176,4572
83755,SC,VARGEÃO,4219101,3585
83771,SC,VIDAL RAMOS,4219200,6160
83798,SC,VIDEIRA,4219309,55921
80128,SC,VITOR MEIRELES,4219358,5362
83810,SC,WITMARSUM,4219408,4314
83836,SC,XANXERÊ,4219507,50998
83852,SC,XAVANTINA,4219606,3654
83879,SC,XAXIM,4219705,31625
81825,SC,ZORTÉA,4219853,3925
80071,SC,ÁGUA DOCE,4200408,6286
80098,SC,ÁGUAS DE CHAPECÓ,4200507,5872
80500,SC,ÁGUAS FRIAS,4200556,2802
80110,SC,ÁGUAS MORNAS,4200606,6765
31011,SE,AMPARO DE SÃO FRANCISCO,2800100,2174
31038,SE,AQUIDABÃ,2800209,20126
31054,SE,ARACAJU,2800308,605309
31070,SE,ARAUÁ,2800407,10338
31097,SE,AREIA BRANCA,2800506,18101
31119,SE,BARRA DOS COQUEIROS,2800605,41644
31151,SE,BOQUIM,2800670,24669
31135,SE,BREJO GRANDE,2800704,7838
31194,SE,CAMPO DO BRITO,2801009,18151
31216,SE,CANHOBA,2801108,3792
31232,SE,CANINDÉ DE SÃO FRANCISCO,2801207,26871
31259,SE,CAPELA,2801306,31674
31275,SE,CARIRA,2801405,19935
31291,SE,CARMÓPOLIS,2801504,13904
31313,SE,CEDRO DE SÃO JOÃO,2801603,5384
31330,SE,CRISTINÁPOLIS,2801702,17002
31372,SE,CUMBE,2801900,3829
31399,SE,DIVINA PASTORA,2802007,4359
31410,SE,ESTÂNCIA,2802106,64771
31437,SE,FEIRA NOVA,2802205,5978
31453,SE,FREI PAULO,2802304,14561
31496,SE,GARARU,2802403,11089
31470,SE,GENERAL MAYNARD,2802502,3035
31518,SE,GRACCHO CARDOSO,2802601,5835
31534,SE,ILHA DAS FLORES,2802700,8289
31550,SE,INDIAROBA,2802809,16082
31577,SE,ITABAIANA,2802908,103620
31593,SE,ITABAIANINHA,2803005,40313
31615,SE,ITABI,2803104,4746
31631,SE,ITAPORANGA D'AJUDA,2803203,34414
31658,SE,JAPARATUBA,2803302,15848
31674,SE,JAPOATÃ,2803401,13416
31690,SE,LAGARTO,2803500,101642
31712,SE,LARANJEIRAS,2803609,24003
31739,SE,MACAMBIRA,2803708,6839
31755,SE,MALHADA DOS BOIS,2803807,3580
31771,SE,MALHADOR,2803906,11532
31798,SE,MARUIM,2804003,15783
31810,SE,MOITA BONITA,2804102,11061
31836,SE,MONTE ALEGRE DE SERGIPE,2804201,14346
31852,SE,MURIBECA,2804300,7821
31879,SE,NEÓPOLIS,2804409,16450
31356,SE,NOSSA SENHORA APARECIDA,2804458,9243
31895,SE,NOSSA SENHORA DA GLÓRIA,2804508,41267
31917,SE,NOSSA SENHORA DAS DORES,2804607,25000
31933,SE,NOSSA SENHORA DE LOURDES,2804706,6263
31950,SE,NOSSA SENHORA DO SOCORRO,2804805,192375
31976,SE,PACATUBA,2804904,12493
31992,SE,PEDRA MOLE,2805000,2787
32018,SE,PEDRINHAS,2805109,7393
32034,SE,PINHÃO,2805208,5674
32050,SE,PIRAMBU,2805307,7908
32115,SE,PORTO DA FOLHA,2805604,26630
32077,SE,POÇO REDONDO,2805406,33462
32093,SE,POÇO VERDE,2805505,21776
32131,SE,PROPRIÁ,2805703,26648
32174,SE,RIACHUELO,2805901,8744
32158,SE,RIACHÃO DO DANTAS,2805802,18321
32190,SE,RIBEIRÓPOLIS,2806008,17032
32212,SE,ROSÁRIO DO CATETE,2806107,9315
32239,SE,SALGADO,2806206,20294
32255,SE,SANTA LUZIA DO ITANHY,2806305,13480
32298,SE,SANTA ROSA DE LIMA,2806503,3940
31003,SE,SANTANA DO SÃO FRANCISCO,2806404,7347
32310,SE,SANTO AMARO DAS BROTAS,2806602,11128
32417,SE,SIMÃO DIAS,2807105,42712
32433,SE,SIRIRI,2807204,7841
32336,SE,SÃO CRISTÓVÃO,2806701,95700
32352,SE,SÃO DOMINGOS,2806800,10332
32379,SE,SÃO FRANCISCO,2806909,3246
32395,SE,SÃO MIGUEL DO ALEIXO,2807006,3433
32450,SE,TELHA,2807303,3279
32476,SE,TOBIAS BARRETO,2807402,50583
32492,SE,TOMAR DO GERU,2807501,12029
32514,SE,UMBAÚBA,2807600,24039
61018,SP,ADAMANTINA,3500105,34357
61034,SP,ADOLFO,3500204,4339
61050,SP,AGUAÍ,3500303,31561
61131,SP,AGUDOS,3500709,37525
61581,SP,ALAMBARI,3500758,6086
61158,SP,ALFREDO MARCONDES,3500808,4458
61174,SP,ALTAIR,3500907,3383
61190,SP,ALTINÓPOLIS,3501004,16845
61212,SP,ALTO ALEGRE,3501103,3837
61220,SP,ALUMÍNIO,3501152,17170
61298,SP,ALVINLÂNDIA,3501509,2893
61310,SP,AMERICANA,3501608,243674
61379,SP,AMPARO,3501905,69952
61336,SP,AMÉRICO BRASILIENSE,3501707,31996
61352,SP,AMÉRICO DE CAMPOS,3501806,5790
61395,SP,ANALÂNDIA,3502002,4577
61417,SP,ANDRADINA,3502101,59464
61433,SP,ANGATUBA,3502200,23928
61450,SP,ANHEMBI,3502309,5659
61476,SP,ANHUMAS,3502408,4005
61492,SP,APARECIDA,3502507,32927
61514,SP,APARECIDA D'OESTE,3502606,4030
61530,SP,APIAÍ,3502705,24978
61590,SP,ARAMINA,3503000,5419
61611,SP,ARANDU,3503109,6654
61646,SP,ARAPEÍ,3503158,2469
61638,SP,ARARAQUARA,3503208,250304
61654,SP,ARARAS,3503307,131300
61263,SP,ARAÇARIGUAMA,3502754,22673
61557,SP,ARAÇATUBA,3502804,213929
61573,SP,ARAÇOIABA DA SERRA,3502903,32922
62065,SP,ARCO-ÍRIS,3503356,2044
61670,SP,AREALVA,3503406,8079
61697,SP,AREIAS,3503505,3616
61719,SP,AREIÓPOLIS,3503604,9805
61735,SP,ARIRANHA,3503703,7595
61751,SP,ARTUR NOGUEIRA,3503802,55352
61778,SP,ARUJÁ,3503901,97595
61522,SP,ASPÁSIA,3503950,1860
61794,SP,ASSIS,3504008,100447
61816,SP,ATIBAIA,3504107,171672
61832,SP,AURIFLAMA,3504206,13432
61875,SP,AVANHANDAVA,3504404,11257
61891,SP,AVARÉ,3504503,92659
61859,SP,AVAÍ,3504305,4553
61913,SP,BADY BASSITT,3504602,26991
61930,SP,BALBINOS,3504701,3886
61972,SP,BANANAL,3504909,9690
61999,SP,BARBOSA,3505104,5623
62030,SP,BARIRI,3505203,31584
62057,SP,BARRA BONITA,3505302,34430
61360,SP,BARRA DO CHAPÉU,3505351,5135
62073,SP,BARRA DO TURVO,3505401,7318
62090,SP,BARRETOS,3505500,119427
62111,SP,BARRINHA,3505609,32465
62138,SP,BARUERI,3505708,342613
62014,SP,BARÃO DE ANTONINA,3505005,3533
62154,SP,BASTOS,3505807,21516
62170,SP,BATATAIS,3505906,59342
62197,SP,BAURU,3506003,388686
62219,SP,BEBEDOURO,3506102,75709
62235,SP,BENTO DE ABREU,3506201,2606
62251,SP,BERNARDINO DE CAMPOS,3506300,11623
61280,SP,BERTIOGA,3506359,64018
62278,SP,BILAC,3506409,7310
62294,SP,BIRIGUI,3506508,118365
62316,SP,BIRITIBA MIRIM,3506607,30195
62332,SP,BOA ESPERANÇA DO SUL,3506706,12722
62359,SP,BOCAINA,3506805,11265
62375,SP,BOFETE,3506904,9943
62391,SP,BOITUVA,3507001,64799
62413,SP,BOM JESUS DOS PERDÕES,3507100,24365
61786,SP,BOM SUCESSO DE ITARARÉ,3507159,3585
62456,SP,BORACÉIA,3507308,4720
62472,SP,BORBOREMA,3507407,13366
61026,SP,BOREBI,3507456,2722
62430,SP,BORÁ,3507209,877
62499,SP,BOTUCATU,3507506,145272
62510,SP,BRAGANÇA PAULISTA,3507605,181556
62553,SP,BRAÚNA,3507704,5358
62081,SP,BREJO ALEGRE,3507753,2561
62570,SP,BRODOWSKI,3507803,25334
62596,SP,BROTAS,3507902,23751
62618,SP,BURI,3508009,20038
62634,SP,BURITAMA,3508108,17203
62650,SP,BURITIZAL,3508207,4253
61956,SP,BÁLSAMO,3504800,9598
62693,SP,CABREÚVA,3508405,45941
62677,SP,CABRÁLIA PAULISTA,3508306,4299
62731,SP,CACHOEIRA PAULISTA,3508603,32390
62758,SP,CACONDE,3508702,16947
62774,SP,CAFELÂNDIA,3508801,16478
62790,SP,CAIABU,3508900,3712
62812,SP,CAIEIRAS,3509007,98600
62839,SP,CAIUÁ,3509106,5437
62855,SP,CAJAMAR,3509205,101500
61484,SP,CAJATI,3509254,28834
62871,SP,CAJOBI,3509304,9129
62898,SP,CAJURU,3509403,23845
61506,SP,CAMPINA DO MONTE ALEGRE,3509452,5992
62910,SP,CAMPINAS,3509502,1170247
62936,SP,CAMPO LIMPO PAULISTA,3509601,81355
62952,SP,CAMPOS DO JORDÃO,3509700,45177
62979,SP,CAMPOS NOVOS PAULISTA,3509809,4837
62995,SP,CANANÉIA,3509908,13615
62103,SP,CANAS,3509957,4954
61344,SP,CANITAR,3510153,6369
63070,SP,CAPELA DO ALTO,3510302,22679
63096,SP,CAPIVARI,3510401,50954
63053,SP,CAPÃO BONITO,3510203,46215
63118,SP,CARAGUATATUBA,3510500,132558
63134,SP,CARAPICUÍBA,3510609,406221
63150,SP,CARDOSO,3510708,11288
63177,SP,CASA BRANCA,3510807,28107
63215,SP,CASTILHO,3511003,19902
63231,SP,CATANDUVA,3511102,114953
63258,SP,CATIGUÁ,3511201,7004
62715,SP,CAÇAPAVA,3508504,96530
63274,SP,CEDRAL,3511300,11922
63290,SP,CERQUEIRA CÉSAR,3511409,21440
63312,SP,CERQUILHO,3511508,44024
63339,SP,CESÁRIO LANGE,3511607,18811
63355,SP,CHARQUEADA,3511706,15739
63371,SP,CHAVANTES,3557204,12090
63398,SP,CLEMENTINA,3511904,7005
63410,SP,COLINA,3512001,18411
63436,SP,COLÔMBIA,3512100,6642
63452,SP,CONCHAL,3512209,28184
63479,SP,CONCHAS,3512308,17184
63495,SP,CORDEIRÓPOLIS,3512407,26585
63517,SP,COROADOS,3512506,5395
63533,SP,CORONEL MACEDO,3512605,4226
63550,SP,CORUMBATAÍ,3512704,4667
63592,SP,COSMORAMA,3512902,9315
63576,SP,COSMÓPOLIS,3512803,59715
63614,SP,COTIA,3513009,289622
63630,SP,CRAVINHOS,3513108,33252
63657,SP,CRISTAIS PAULISTA,3513207,9375
63690,SP,CRUZEIRO,3513405,75592
63673,SP,CRUZÁLIA,3513306,2086
63711,SP,CUBATÃO,3513504,128645
63738,SP,CUNHA,3513603,22125
63193,SP,CÁSSIA DOS COQUEIROS,3510906,2777
63010,SP,CÂNDIDO MOTA,3510005,29530
63037,SP,CÂNDIDO RODRIGUES,3510104,2907
63754,SP,DESCALVADO,3513702,31916
63770,SP,DIADEMA,3513801,404738
61123,SP,DIRCE REIS,3513850,1621
63797,SP,DIVINOLÂNDIA,3513900,11137
63819,SP,DOBRADA,3514007,8765
63835,SP,DOIS CÓRREGOS,3514106,24170
63851,SP,DOLCINÓPOLIS,3514205,2511
63878,SP,DOURADO,3514304,8233
63894,SP,DRACENA,3514403,45248
63916,SP,DUARTINA,3514502,12329
63932,SP,DUMONT,3514601,9476
63959,SP,ECHAPORÃ,3514700,6157
63975,SP,ELDORADO,3514809,13402
63991,SP,ELIAS FAUSTO,3514908,17832
61760,SP,ELISIÁRIO,3514924,3141
61182,SP,EMBAÚBA,3514957,2331
64017,SP,EMBU DAS ARTES,3515004,277249
64033,SP,EMBU-GUAÇU,3515103,63129
61387,SP,EMILIANÓPOLIS,3515129,3002
61689,SP,ENGENHEIRO COELHO,3515152,20119
68659,SP,ESPÍRITO SANTO DO PINHAL,3515186,39700
61140,SP,ESPÍRITO SANTO DO TURVO,3515194,4095
61662,SP,ESTIVA GERBI,3557303,11394
64050,SP,ESTRELA D'OESTE,3515202,9405
64076,SP,ESTRELA DO NORTE,3515301,2596
61000,SP,EUCLIDES DA CUNHA PAULISTA,3515350,7831
64092,SP,FARTURA,3515400,16782
64130,SP,FERNANDO PRESTES,3515608,5925
64114,SP,FERNANDÓPOLIS,3515509,71826
62286,SP,FERNÃO,3515657,1660
64157,SP,FERRAZ DE VASCONCELOS,3515707,187253
64173,SP,FLORA RICA,3515806,1487
64190,SP,FLOREAL,3515905,2735
64238,SP,FLORÍNEA,3516101,3860
64211,SP,FLÓRIDA PAULISTA,3516002,13009
64254,SP,FRANCA,3516200,370378
64270,SP,FRANCISCO MORATO,3516309,182265
64297,SP,FRANCO DA ROCHA,3516408,159367
64319,SP,GABRIEL MONTEIRO,3516507,2760
64351,SP,GARÇA,3516705,41395
64378,SP,GASTÃO VIDIGAL,3516804,3234
62308,SP,GAVIÃO PEIXOTO,3516853,4688
64394,SP,GENERAL SALGADO,3516903,10301
64416,SP,GETULINA,3517000,10011
64432,SP,GLICÉRIO,3517109,4132
64475,SP,GUAIMBÉ,3517307,5439
64459,SP,GUAIÇARA,3517208,11214
64530,SP,GUAPIARA,3517604,16579
64513,SP,GUAPIAÇU,3517505,21664
64599,SP,GUARACI,3517901,10347
64610,SP,GUARANI D'OESTE,3518008,1948
64637,SP,GUARANTÃ,3518107,6427
64653,SP,GUARARAPES,3518206,31017
64670,SP,GUARAREMA,3518305,32579
64696,SP,GUARATINGUETÁ,3518404,116847
64572,SP,GUARAÇAÍ,3517802,7344
64718,SP,GUAREÍ,3518503,15027
64734,SP,GUARIBA,3518602,37022
64750,SP,GUARUJÁ,3518701,311116
64777,SP,GUARULHOS,3518800,1383272
64556,SP,GUARÁ,3517703,18607
61107,SP,GUATAPARÁ,3518859,7435
64491,SP,GUAÍRA,3517406,39351
64793,SP,GUZOLÂNDIA,3518909,4238
64335,SP,GÁLIA,3516606,6054
64815,SP,HERCULÂNDIA,3519006,9109
61743,SP,HOLAMBRA,3519055,16194
61727,SP,HORTOLÂNDIA,3519071,246449
64831,SP,IACANGA,3519105,10104
64858,SP,IACRI,3519204,6144
61085,SP,IARAS,3519253,8009
64874,SP,IBATÉ,3519303,32068
64912,SP,IBIRAREMA,3519501,6321
64890,SP,IBIRÁ,3519402,11155
64939,SP,IBITINGA,3519600,59371
64955,SP,IBIÚNA,3519709,84820
64971,SP,ICÉM,3519808,7700
64998,SP,IEPÊ,3519907,7596
65030,SP,IGARAPAVA,3520103,25926
65056,SP,IGARATÁ,3520202,11703
65013,SP,IGARAÇU DO TIETÊ,3520004,22743
65072,SP,IGUAPE,3520301,30054
62006,SP,ILHA COMPRIDA,3520426,13447
61204,SP,ILHA SOLTEIRA,3520442,25564
65099,SP,ILHABELA,3520400,38239
65110,SP,INDAIATUBA,3520509,266593
65137,SP,INDIANA,3520608,5094
65153,SP,INDIAPORÃ,3520707,4087
65170,SP,INÚBIA PAULISTA,3520806,3611
65196,SP,IPAUSSU,3520905,14464
65218,SP,IPERÓ,3521002,40132
65234,SP,IPEÚNA,3521101,7538
62243,SP,IPIGUÁ,3521150,6551
65250,SP,IPORANGA,3521200,4053
65277,SP,IPUÃ,3521309,14463
65293,SP,IRACEMÁPOLIS,3521408,21768
65331,SP,IRAPURU,3521606,7065
65315,SP,IRAPUÃ,3521507,6927
65358,SP,ITABERÁ,3521705,17971
65390,SP,ITAJOBI,3521903,16824
65412,SP,ITAJU,3522000,3652
65439,SP,ITANHAÉM,3522109,107927
61603,SP,ITAOCA,3522158,3407
65455,SP,ITAPECERICA DA SERRA,3522208,172898
65471,SP,ITAPETININGA,3522307,166959
65498,SP,ITAPEVA,3522406,95528
65510,SP,ITAPEVI,3522505,239084
65536,SP,ITAPIRA,3522604,70438
61948,SP,ITAPIRAPUÃ PAULISTA,3522653,4339
65579,SP,ITAPORANGA,3522802,14058
65617,SP,ITAPURA,3523008,3945
65595,SP,ITAPUÍ,3522901,13655
65633,SP,ITAQUAQUECETUBA,3523107,392218
65650,SP,ITARARÉ,3523206,44490
65676,SP,ITARIRI,3523305,15225
65692,SP,ITATIBA,3523404,116275
65714,SP,ITATINGA,3523503,19219
65374,SP,ITAÍ,3521804,24856
65730,SP,ITIRAPINA,3523602,16157
65757,SP,ITIRAPUÃ,3523701,5793
65773,SP,ITOBI,3523800,8044
65790,SP,ITU,3523909,176548
65811,SP,ITUPEVA,3524006,72711
65838,SP,ITUVERAVA,3524105,37375
65552,SP,ITÁPOLIS,3522703,39533
65854,SP,JABORANDI,3524204,6223
65870,SP,JABOTICABAL,3524303,72001
65897,SP,JACAREÍ,3524402,251591
65919,SP,JACI,3524501,7618
65935,SP,JACUPIRANGA,3524600,16850
65951,SP,JAGUARIÚNA,3524709,60816
65978,SP,JALES,3524808,48766
65994,SP,JAMBEIRO,3524907,6421
66010,SP,JANDIRA,3525003,127476
66036,SP,JARDINÓPOLIS,3525102,45328
66052,SP,JARINU,3525201,40302
66079,SP,JAÚ,3525300,132351
66095,SP,JERIQUARA,3525409,3785
66117,SP,JOANÓPOLIS,3525508,12820
66150,SP,JOSÉ BONIFÁCIO,3525706,36502
66133,SP,JOÃO RAMALHO,3525607,4381
62324,SP,JUMIRIM,3525854,3052
66192,SP,JUNDIAÍ,3525904,459789
66214,SP,JUNQUEIRÓPOLIS,3526001,20395
66257,SP,JUQUITIBA,3526209,26372
66230,SP,JUQUIÁ,3526100,19390
66176,SP,JÚLIO MESQUITA,3525805,4254
66273,SP,LAGOINHA,3526308,5071
66290,SP,LARANJAL PAULISTA,3526407,28981
66338,SP,LAVRINHAS,3526605,7258
66311,SP,LAVÍNIA,3526506,9596
66354,SP,LEME,3526704,97516
66370,SP,LENÇÓIS PAULISTA,3526803,65696
66397,SP,LIMEIRA,3526902,305169
66419,SP,LINDÓIA,3527009,6994
66435,SP,LINS,3527108,74068
66451,SP,LORENA,3527207,84988
62022,SP,LOURDES,3527256,1926
66478,SP,LOUVEIRA,3527306,53526
66516,SP,LUCIANÓPOLIS,3527504,2361
66494,SP,LUCÉLIA,3527405,20046
66559,SP,LUIZIÂNIA,3527702,4711
66575,SP,LUPÉRCIO,3527801,3935
66591,SP,LUTÉCIA,3527900,2555
66532,SP,LUÍS ANTÔNIO,3527603,13680
66613,SP,MACATUBA,3528007,16489
66630,SP,MACAUBAL,3528106,7460
66656,SP,MACEDÔNIA,3528205,3961
66672,SP,MAGDA,3528304,3159
66699,SP,MAIRINQUE,3528403,48097
66710,SP,MAIRIPORÃ,3528502,113573
66737,SP,MANDURI,3528601,9852
66753,SP,MARABÁ PAULISTA,3528700,4531
66770,SP,MARACAÍ,3528809,12700
61867,SP,MARAPOAMA,3528858,3295
66834,SP,MARINÓPOLIS,3529104,1889
66796,SP,MARIÁPOLIS,3528908,3450
66850,SP,MARTINÓPOLIS,3529203,24896
66818,SP,MARÍLIA,3529005,238605
66877,SP,MATÃO,3529302,77149
66893,SP,MAUÁ,3529401,383280
66915,SP,MENDONÇA,3529500,6170
66931,SP,MERIDIANO,3529609,4545
61964,SP,MESÓPOLIS,3529658,1930
66958,SP,MIGUELÓPOLIS,3529708,19119
66974,SP,MINEIROS DO TIETÊ,3529807,11233
67016,SP,MIRA ESTRELA,3530003,3075
66990,SP,MIRACATU,3529906,20234
67032,SP,MIRANDÓPOLIS,3530102,27936
67059,SP,MIRANTE DO PARANAPANEMA,3530201,15482
67075,SP,MIRASSOL,3530300,63555
67091,SP,MIRASSOLÂNDIA,3530409,4605
67113,SP,MOCOCA,3530508,65469
67130,SP,MOGI DAS CRUZES,3530607,471602
67156,SP,MOGI GUAÇU,3530706,154487
67172,SP,MOGI MIRIM,3530805,90997
67199,SP,MOMBUCA,3530904,3724
67237,SP,MONGAGUÁ,3531100,61062
67253,SP,MONTE ALEGRE DO SUL,3531209,8057
67270,SP,MONTE ALTO,3531308,47478
67296,SP,MONTE APRAZÍVEL,3531407,21470
67318,SP,MONTE AZUL PAULISTA,3531506,18152
67334,SP,MONTE CASTELO,3531605,4219
67377,SP,MONTE MOR,3531803,68781
67350,SP,MONTEIRO LOBATO,3531704,4127
67210,SP,MONÇÕES,3531001,1948
67393,SP,MORRO AGUDO,3531902,26806
67415,SP,MORUNGABA,3532009,14590
61069,SP,MOTUCA,3532058,4034
67431,SP,MURUTINGA DO SUL,3532108,3675
62340,SP,NANTES,3532157,2627
67458,SP,NARANDIBA,3532207,5703
67474,SP,NATIVIDADE DA SERRA,3532306,6963
67490,SP,NAZARÉ PAULISTA,3532405,21214
67512,SP,NEVES PAULISTA,3532504,9719
67539,SP,NHANDEARA,3532603,9670
67555,SP,NIPOÃ,3532702,4756
67571,SP,NOVA ALIANÇA,3532801,6712
61980,SP,NOVA CAMPINA,3532827,8445
61425,SP,NOVA CANAÃ PAULISTA,3532843,2031
62367,SP,NOVA CASTILHO,3532868,1059
67598,SP,NOVA EUROPA,3532900,9638
67610,SP,NOVA GRANADA,3533007,19358
67636,SP,NOVA GUATAPORANGA,3533106,2151
67652,SP,NOVA INDEPENDÊNCIA,3533205,4619
67679,SP,NOVA LUZITÂNIA,3533304,2837
67695,SP,NOVA ODESSA,3533403,61935
61409,SP,NOVAIS,3533254,4410
67717,SP,NOVO HORIZONTE,3533502,38539
67733,SP,NUPORANGA,3533601,7370
67750,SP,OCAUÇU,3533700,4329
67792,SP,OLÍMPIA,3533908,56037
67814,SP,ONDA VERDE,3534005,4770
67830,SP,ORIENTE,3534104,6073
67857,SP,ORINDIÚVA,3534203,6022
67873,SP,ORLÂNDIA,3534302,37916
67890,SP,OSASCO,3534401,777048
67911,SP,OSCAR BRESSANE,3534500,2475
67938,SP,OSVALDO CRUZ,3534609,31222
67954,SP,OURINHOS,3534708,108678
67970,SP,OURO VERDE,3534807,7766
62383,SP,OUROESTE,3534757,10288
67997,SP,PACAEMBU,3534906,12682
68012,SP,PALESTINA,3535002,11259
68039,SP,PALMARES PAULISTA,3535101,9475
68055,SP,PALMEIRA D'OESTE,3535200,8904
68071,SP,PALMITAL,3535309,19559
68098,SP,PANORAMA,3535408,14942
68110,SP,PARAGUAÇU PAULISTA,3535507,41062
68136,SP,PARAIBUNA,3535606,18107
68179,SP,PARANAPANEMA,3535804,19412
68195,SP,PARANAPUÃ,3535903,4044
68217,SP,PARAPUÃ,3536000,10577
68152,SP,PARAÍSO,3535705,6099
68233,SP,PARDINHO,3536109,7107
68250,SP,PARIQUERA-AÇU,3536208,19260
61824,SP,PARISI,3536257,2895
68276,SP,PATROCÍNIO PAULISTA,3536307,14527
68292,SP,PAULICÉIA,3536406,7944
62405,SP,PAULISTÂNIA,3536570,2098
68330,SP,PAULO DE FARIA,3536604,7416
68314,SP,PAULÍNIA,3536505,115870
68357,SP,PEDERNEIRAS,3536703,43897
68373,SP,PEDRA BELA,3536802,6558
68390,SP,PEDRANÓPOLIS,3536901,2774
68411,SP,PEDREGULHO,3537008,15580
68438,SP,PEDREIRA,3537107,43084
61247,SP,PEDRINHAS PAULISTA,3537156,2790
68454,SP,PEDRO DE TOLEDO,3537206,11387
68470,SP,PENÁPOLIS,3537305,62093
68497,SP,PEREIRA BARRETO,3537404,23871
68519,SP,PEREIRAS,3537503,9520
68535,SP,PERUÍBE,3537602,69321
68551,SP,PIACATU,3537701,5511
68578,SP,PIEDADE,3537800,51542
68594,SP,PILAR DO SUL,3537909,29785
68616,SP,PINDAMONHANGABA,3538006,164932
68632,SP,PINDORAMA,3538105,14590
68675,SP,PINHALZINHO,3538204,14971
68691,SP,PIQUEROBI,3538303,3267
68713,SP,PIQUETE,3538501,12597
68730,SP,PIRACAIA,3538600,29876
68756,SP,PIRACICABA,3538709,434432
68772,SP,PIRAJU,3538808,29027
68799,SP,PIRAJUÍ,3538907,22451
68810,SP,PIRANGI,3539004,10885
68837,SP,PIRAPORA DO BOM JESUS,3539103,20578
68853,SP,PIRAPOZINHO,3539202,25376
68870,SP,PIRASSUNUNGA,3539301,73436
68896,SP,PIRATININGA,3539400,15120
68918,SP,PITANGUEIRAS,3539509,33731
68934,SP,PLANALTO,3539608,4392
68950,SP,PLATINA,3539707,2990
68993,SP,POLONI,3539905,5592
69019,SP,POMPÉIA,3540002,20171
69035,SP,PONGAÍ,3540101,3395
69051,SP,PONTAL,3540200,37526
61808,SP,PONTALINDA,3540259,4129
69078,SP,PONTES GESTAL,3540309,2332
69094,SP,POPULINA,3540408,4154
69116,SP,PORANGABA,3540507,9634
69132,SP,PORTO FELIZ,3540606,59306
69159,SP,PORTO FERREIRA,3540705,52551
61565,SP,POTIM,3540754,20342
69175,SP,POTIRENDABA,3540804,20227
68977,SP,POÁ,3539806,109450
62120,SP,PRACINHA,3540853,2581
69191,SP,PRADÓPOLIS,3540903,17035
69213,SP,PRAIA GRANDE,3541000,344834
62146,SP,PRATÂNIA,3541059,5127
69230,SP,PRESIDENTE ALVES,3541109,3819
69256,SP,PRESIDENTE BERNARDES,3541208,14371
69272,SP,PRESIDENTE EPITÁCIO,3541307,38992
69299,SP,PRESIDENTE PRUDENTE,3541406,226692
69310,SP,PRESIDENTE VENCESLAU,3541505,35039
69337,SP,PROMISSÃO,3541604,35142
62162,SP,QUADRA,3541653,3341
69353,SP,QUATÁ,3541703,12849
69370,SP,QUEIROZ,3541802,3274
69396,SP,QUELUZ,3541901,9387
69418,SP,QUINTANA,3542008,7043
69434,SP,RAFARD,3542107,9333
69450,SP,RANCHARIA,3542206,28569
69477,SP,REDENÇÃO DA SERRA,3542305,3726
69493,SP,REGENTE FEIJÓ,3542404,20151
69515,SP,REGINÓPOLIS,3542503,7632
69531,SP,REGISTRO,3542602,63034
69558,SP,RESTINGA,3542701,6440
69574,SP,RIBEIRA,3542800,3085
69590,SP,RIBEIRÃO BONITO,3542909,11004
69612,SP,RIBEIRÃO BRANCO,3543006,18494
69639,SP,RIBEIRÃO CORRENTE,3543105,4638
69655,SP,RIBEIRÃO DO SUL,3543204,4667
62421,SP,RIBEIRÃO DOS ÍNDIOS,3543238,1999
61700,SP,RIBEIRÃO GRANDE,3543253,7348
69671,SP,RIBEIRÃO PIRES,3543303,116174
69698,SP,RIBEIRÃO PRETO,3543402,702739
69736,SP,RIFAINA,3543600,3958
69752,SP,RINCÃO,3543709,8731
69779,SP,RINÓPOLIS,3543808,9251
69795,SP,RIO CLARO,3543907,206950
69817,SP,RIO DAS PEDRAS,3544004,31503
69833,SP,RIO GRANDE DA SERRA,3544103,45183
69850,SP,RIOLÂNDIA,3544202,10358
69710,SP,RIVERSUL,3543501,5604
61166,SP,ROSANA,3544251,17237
69876,SP,ROSEIRA,3544301,10787
69914,SP,RUBINÉIA,3544509,3837
69892,SP,RUBIÁCEA,3544400,2680
69930,SP,SABINO,3544608,5112
69957,SP,SAGRES,3544707,2467
69973,SP,SALES,3544806,6468
69990,SP,SALES OLIVEIRA,3544905,11420
70017,SP,SALESÓPOLIS,3545001,15289
70033,SP,SALMOURÃO,3545100,4758
61441,SP,SALTINHO,3545159,8353
70050,SP,SALTO,3545209,141988
70076,SP,SALTO DE PIRAPORA,3545308,44921
70092,SP,SALTO GRANDE,3545407,9051
70114,SP,SANDOVALINA,3545506,3657
70130,SP,SANTA ADÉLIA,3545605,14018
70157,SP,SANTA ALBERTINA,3545704,6388
70211,SP,SANTA BRANCA,3546009,13441
70173,SP,SANTA BÁRBARA D'OESTE,3545803,183447
70238,SP,SANTA CLARA D'OESTE,3546108,2596
70254,SP,SANTA CRUZ DA CONCEIÇÃO,3546207,4179
62189,SP,SANTA CRUZ DA ESPERANÇA,3546256,2129
70270,SP,SANTA CRUZ DAS PALMEIRAS,3546306,28861
70297,SP,SANTA CRUZ DO RIO PARDO,3546405,46105
70319,SP,SANTA ERNESTINA,3546504,6123
70335,SP,SANTA FÉ DO SUL,3546603,34762
70351,SP,SANTA GERTRUDES,3546702,23721
70378,SP,SANTA ISABEL,3546801,56635
70394,SP,SANTA LÚCIA,3546900,7004
70416,SP,SANTA MARIA DA SERRA,3547007,5753
70432,SP,SANTA MERCEDES,3547106,2952
70491,SP,SANTA RITA D'OESTE,3547403,2736
70513,SP,SANTA RITA DO PASSA QUATRO,3547502,24858
70530,SP,SANTA ROSA DE VITERBO,3547601,23783
62200,SP,SANTA SALETE,3547650,1644
70459,SP,SANTANA DA PONTE PENSA,3547205,1669
70475,SP,SANTANA DE PARNAÍBA,3547304,163348
70556,SP,SANTO ANASTÁCIO,3547700,17875
70572,SP,SANTO ANDRÉ,3547809,776640
70599,SP,SANTO ANTÔNIO DA ALEGRIA,3547908,6775
70610,SP,SANTO ANTÔNIO DE POSSE,3548005,23102
61328,SP,SANTO ANTÔNIO DO ARACANGUÁ,3548054,8322
70637,SP,SANTO ANTÔNIO DO JARDIM,3548104,6114
70653,SP,SANTO ANTÔNIO DO PINHAL,3548203,7071
70670,SP,SANTO EXPEDITO,3548302,3004
70718,SP,SANTOS,3548500,414029
70696,SP,SANTÓPOLIS DO AGUAPEÍ,3548401,3899
71234,SP,SARAPUÍ,3551108,10334
71250,SP,SARUTAIÁ,3551207,3713
71277,SP,SEBASTIANÓPOLIS DO SUL,3551306,3184
71293,SP,SERRA AZUL,3551405,10429
71331,SP,SERRA NEGRA,3551603,29915
71315,SP,SERRANA,3551504,44495
71358,SP,SERTÃOZINHO,3551702,127670
71374,SP,SETE BARRAS,3551801,13694
71390,SP,SEVERÍNIA,3551900,14020
71412,SP,SILVEIRAS,3552007,6169
71439,SP,SOCORRO,3552106,40323
71455,SP,SOROCABA,3552205,738128
71471,SP,SUD MENNUCCI,3552304,6997
71498,SP,SUMARÉ,3552403,294128
71510,SP,SUZANO,3552502,330710
61301,SP,SUZANÁPOLIS,3552551,3315
70734,SP,SÃO BENTO DO SAPUCAÍ,3548609,11427
70750,SP,SÃO BERNARDO DO CAMPO,3548708,832347
70777,SP,SÃO CAETANO DO SUL,3548807,166847
70793,SP,SÃO CARLOS,3548906,256898
70815,SP,SÃO FRANCISCO,3549003,2602
70890,SP,SÃO JOAQUIM DA BARRA,3549409,48058
70912,SP,SÃO JOSÉ DA BELA VISTA,3549508,7642
70939,SP,SÃO JOSÉ DO BARREIRO,3549607,4313
70955,SP,SÃO JOSÉ DO RIO PARDO,3549706,51668
70971,SP,SÃO JOSÉ DO RIO PRETO,3549805,475643
70998,SP,SÃO JOSÉ DOS CAMPOS,3549904,725419
70831,SP,SÃO JOÃO DA BOA VISTA,3549102,92319
70858,SP,SÃO JOÃO DAS DUAS PONTES,3549201,2569
61883,SP,SÃO JOÃO DE IRACEMA,3549250,1843
70874,SP,SÃO JOÃO DO PAU D'ALHO,3549300,2226
61905,SP,SÃO LOURENÇO DA SERRA,3549953,15992
71013,SP,SÃO LUÍS DO PARAITINGA,3550001,10181
71030,SP,SÃO MANUEL,3550100,39467
71056,SP,SÃO MIGUEL ARCANJO,3550209,32062
71072,SP,SÃO PAULO,3550308,12200180
71099,SP,SÃO PEDRO,3550407,38991
71110,SP,SÃO PEDRO DO TURVO,3550506,7155
71137,SP,SÃO ROQUE,3550605,85848
71153,SP,SÃO SEBASTIÃO,3550704,87939
71170,SP,SÃO SEBASTIÃO DA GRAMA,3550803,10023
71196,SP,SÃO SIMÃO,3550902,13374
71218,SP,SÃO VICENTE,3551009,334632
71536,SP,TABAPUÃ,3552601,11323
71552,SP,TABATINGA,3552700,14585
71579,SP,TABOÃO DA SERRA,3552809,283419
71595,SP,TACIBA,3552908,6243
71617,SP,TAGUAÍ,3553005,12637
71633,SP,TAIAÇU,3553104,5677
71650,SP,TAIÚVA,3553203,6549
71676,SP,TAMBAÚ,3553302,21475
71692,SP,TANABI,3553401,25370
71730,SP,TAPIRATIBA,3553609,11730
71714,SP,TAPIRAÍ,3553500,7987
62260,SP,TAQUARAL,3553658,2620
71757,SP,TAQUARITINGA,3553708,51833
71773,SP,TAQUARITUBA,3553807,24366
61840,SP,TAQUARIVAÍ,3553856,7057
71790,SP,TARABAI,3553906,6535
61042,SP,TARUMÃ,3553955,14899
71811,SP,TATUÍ,3554003,122991
71838,SP,TAUBATÉ,3554102,311912
71854,SP,TEJUPÁ,3554201,4139
71870,SP,TEODORO SAMPAIO,3554300,22217
71897,SP,TERRA ROXA,3554409,7903
71919,SP,TIETÊ,3554508,38336
71935,SP,TIMBURI,3554607,2434
62049,SP,TORRE DE PEDRA,3554656,2044
71951,SP,TORRINHA,3554706,9303
62448,SP,TRABIJU,3554755,1729
71978,SP,TREMEMBÉ,3554805,51489
71994,SP,TRÊS FRONTEIRAS,3554904,6802
61620,SP,TUIUTI,3554953,6831
72036,SP,TUPI PAULISTA,3555109,15839
72010,SP,TUPÃ,3555000,63551
72052,SP,TURIÚBA,3555208,1798
72079,SP,TURMALINA,3555307,1689
61468,SP,UBARANA,3555356,5365
72095,SP,UBATUBA,3555406,97382
72117,SP,UBIRAJARA,3555505,5124
72133,SP,UCHOA,3555604,10067
72150,SP,UNIÃO PAULISTA,3555703,1535
72192,SP,URU,3555901,1387
72214,SP,URUPÊS,3556008,13540
72176,SP,URÂNIA,3555802,8840
72230,SP,VALENTIM GENTIL,3556107,14132
72257,SP,VALINHOS,3556206,132846
72273,SP,VALPARAÍSO,3556305,23775
61549,SP,VARGEM,3556354,9948
72311,SP,VARGEM GRANDE DO SUL,3556404,39539
72737,SP,VARGEM GRANDE PAULISTA,3556453,53777
72354,SP,VERA CRUZ,3556602,10194
72370,SP,VINHEDO,3556701,82029
72397,SP,VIRADOURO,3556800,17413
72419,SP,VISTA ALEGRE DO ALTO,3556909,8108
62227,SP,VITÓRIA BRASIL,3556958,1796
72435,SP,VOTORANTIM,3557006,137319
72451,SP,VOTUPORANGA,3557105,96795
72338,SP,VÁRZEA PAULISTA,3556503,125054
61921,SP,ZACARIAS,3557154,2680
61077,SP,ÁGUAS DA PRATA,3500402,7075
61093,SP,ÁGUAS DE LINDÓIA,3500501,18859
70190,SP,ÁGUAS DE SANTA BÁRBARA,3500550,7118
61115,SP,ÁGUAS DE SÃO PEDRO,3500600,3097
61239,SP,ÁLVARES FLORENCE,3501202,3881
61255,SP,ÁLVARES MACHADO,3501301,27361
61271,SP,ÁLVARO DE CARVALHO,3501400,4716
67776,SP,ÓLEO,3533809,2508
73008,TO,ABREULÂNDIA,1700251,2463
73512,TO,AGUIARNÓPOLIS,1700301,4787
96954,TO,ALIANÇA DO TOCANTINS,1700350,4932
92070,TO,ALMAS,1700400,9044
92134,TO,ALVORADA,1700707,8821
92193,TO,ANANÁS,1701002,10368
73075,TO,ANGICO,1701051,3062
96970,TO,APARECIDA DO RIO NEGRO,1701101,4965
73334,TO,ARAGOMINAS,1701309,6914
92371,TO,ARAGUACEMA,1701903,5913
73318,TO,ARAGUANÃ,1702158,4316
92436,TO,ARAGUATINS,1702208,31719
92398,TO,ARAGUAÇU,1702000,8666
92410,TO,ARAGUAÍNA,1702109,186867
92452,TO,ARAPOEMA,1702307,5443
92479,TO,ARRAIAS,1702406,10253
96857,TO,AUGUSTINÓPOLIS,1702554,17471
92533,TO,AURORA DO TOCANTINS,1702703,3338
92576,TO,AXIXÁ DO TOCANTINS,1702901,10267
92592,TO,BABAÇULÂNDIA,1703008,8218
73580,TO,BANDEIRANTES DO TOCANTINS,1703057,3548
73610,TO,BARRA DO OURO,1703073,4643
96997,TO,BARROLÂNDIA,1703107,4875
92002,TO,BERNARDO SAYÃO,1703206,4217
73121,TO,BOM JESUS DO TOCANTINS,1703305,4087
73245,TO,BRASILÂNDIA DO TOCANTINS,1703602,1947
92738,TO,BREJINHO DE NAZARÉ,1703701,4753
92045,TO,BURITI DO TOCANTINS,1703800,10346
73067,TO,CACHOEIRINHA,1703826,1964
73091,TO,CAMPOS LINDOS,1703842,8661
73300,TO,CARIRI DO TOCANTINS,1703867,3555
73326,TO,CARMOLÂNDIA,1703883,2203
73423,TO,CARRASCO BONITO,1703891,3343
92088,TO,CASEARA,1703909,4764
73210,TO,CENTENÁRIO,1704105,2133
73482,TO,CHAPADA DA NATIVIDADE,1705102,3118
73474,TO,CHAPADA DE AREIA,1704600,1358
93114,TO,COLINAS DO TOCANTINS,1705508,33967
95290,TO,COLMÉIA,1716703,8476
92142,TO,COMBINADO,1705557,4751
93130,TO,CONCEIÇÃO DO TOCANTINS,1705607,3891
93211,TO,COUTO DE MAGALHÃES,1706001,5254
93238,TO,CRISTALÂNDIA,1706100,6331
73555,TO,CRIXÁS DO TOCANTINS,1706258,1411
73032,TO,DARCINÓPOLIS,1706506,6357
93416,TO,DIANÓPOLIS,1707009,17658
92185,TO,DIVINÓPOLIS DO TOCANTINS,1707108,7065
93459,TO,DOIS IRMÃOS DO TOCANTINS,1707207,6735
93475,TO,DUERÉ,1707306,4284
73296,TO,ESPERANTINA,1707405,7510
96679,TO,FIGUEIRÓPOLIS,1707652,5185
93556,TO,FILADÉLFIA,1707702,10590
93653,TO,FORMOSO DO ARAGUAIA,1708205,20471
73199,TO,FORTALEZA DO TABOCÃO,1708254,3458
96830,TO,FÁTIMA,1707553,3445
92240,TO,GOIANORTE,1708304,4779
95338,TO,GOIATINS,1709005,12798
96270,TO,GUARAÍ,1709302,26444
93858,TO,GURUPI,1709500,83817
73598,TO,IPUEIRAS,1709807,1597
94056,TO,ITACAJÁ,1710508,6780
94099,TO,ITAGUATINS,1710706,5187
73202,TO,ITAPIRATINS,1710904,3936
94170,TO,ITAPORÃ DO TOCANTINS,1711100,2407
73369,TO,JAÚ DO TOCANTINS,1711506,3475
73253,TO,JUARINA,1711803,2240
73385,TO,LAGOA DA CONFUSÃO,1711902,16117
73113,TO,LAGOA DO TOCANTINS,1711951,3501
73407,TO,LAJEADO,1712009,3652
73601,TO,LAVANDEIRA,1712157,1625
95699,TO,LIZARDA,1712405,2994
73520,TO,LUZINÓPOLIS,1712454,2989
92304,TO,MARIANÓPOLIS DO TOCANTINS,1712504,4460
73270,TO,MATEIROS,1712702,2076
73059,TO,MAURILÂNDIA DO TOCANTINS,1712801,3234
94617,TO,MIRACEMA DO TOCANTINS,1713205,19561
94633,TO,MIRANORTE,1713304,13027
94692,TO,MONTE DO CARMO,1713601,5874
73563,TO,MONTE SANTO DO TOCANTINS,1713700,2290
73342,TO,MURICILÂNDIA,1713957,3722
94811,TO,NATIVIDADE,1714203,8643
94838,TO,NAZARÉ,1714302,4664
96636,TO,NOVA OLINDA,1714880,10353
92401,TO,NOVA ROSALÂNDIA,1715002,3334
94994,TO,NOVO ACORDO,1715101,3828
73148,TO,NOVO ALEGRE,1715150,1845
73172,TO,NOVO JARDIM,1715259,2235
73466,TO,OLIVEIRA DE FÁTIMA,1715507,1172
73440,TO,PALMAS,1721000,334454
73083,TO,PALMEIRANTE,1715705,4947
73040,TO,PALMEIRAS DO TOCANTINS,1713809,5359
96490,TO,PALMEIRÓPOLIS,1715754,7262
95214,TO,PARANÃ,1716208,10492
95192,TO,PARAÍSO DO TOCANTINS,1716109,51494
73261,TO,PAU D'ARCO,1716307,4017
95257,TO,PEDRO AFONSO,1716505,14675
95273,TO,PEIXE,1716604,9431
92487,TO,PEQUIZEIRO,1716653,4893
95370,TO,PINDORAMA DO TOCANTINS,1717008,4128
73016,TO,PIRAQUÊ,1717206,2278
95478,TO,PIUM,1717503,7132
95516,TO,PONTE ALTA DO BOM JESUS,1717800,4222
95532,TO,PONTE ALTA DO TOCANTINS,1717909,7284
92509,TO,PORTO ALEGRE DO TOCANTINS,1718006,2869
95591,TO,PORTO NACIONAL,1718204,71101
92525,TO,PRAIA NORTE,1718303,8808
96296,TO,PRESIDENTE KENNEDY,1718402,2963
73571,TO,PUGMIL,1718451,2185
73229,TO,RECURSOLÂNDIA,1718501,3380
73024,TO,RIACHINHO,1718550,3962
73431,TO,RIO DA CONCEIÇÃO,1718659,1747
73415,TO,RIO DOS BOIS,1718709,2737
96792,TO,RIO SONO,1718758,5600
92541,TO,SAMPAIO,1718808,4203
73156,TO,SANDOLÂNDIA,1718840,4631
73350,TO,SANTA FÉ DO ARAGUAIA,1718865,7919
73130,TO,SANTA MARIA DO TOCANTINS,1718881,2557
73547,TO,SANTA RITA DO TOCANTINS,1718899,2177
92584,TO,SANTA ROSA DO TOCANTINS,1718907,4701
92606,TO,SANTA TEREZA DO TOCANTINS,1719004,2715
73539,TO,SANTA TEREZINHA DO TOCANTINS,1720002,2560
96598,TO,SILVANÓPOLIS,1720655,5126
73377,TO,SUCUPIRA,1720853,1576
73288,TO,SÃO BENTO DO TOCANTINS,1720101,5387
73105,TO,SÃO FÉLIX DO TOCANTINS,1720150,1780
73180,TO,SÃO MIGUEL DO TOCANTINS,1720200,14103
73393,TO,SÃO SALVADOR DO TOCANTINS,1720259,2481
96032,TO,SÃO SEBASTIÃO DO TOCANTINS,1720309,4100
92681,TO,SÃO VALÉRIO DA NATIVIDADE,1720499,4399
96130,TO,SÍTIO NOVO DO TOCANTINS,1720804,10830
96156,TO,TAGUATINGA,1720903,13986
73164,TO,TAIPAS DO TOCANTINS,1720937,2023
73504,TO,TALISMÃ,1720978,2661
96210,TO,TOCANTINÓPOLIS,1721208,23847
96199,TO,TOCANTÍNIA,1721109,8518
73458,TO,TUPIRAMA,1721257,1803
73237,TO,TUPIRATINS,1721307,1861
96652,TO,WANDERLÂNDIA,1722081,11586
96431,TO,XAMBIOÁ,1722107,10519
