ano;mes;mes_nome;mes_ordem;produto;volume_importacao_barris;dispendio_importacao_usd_fob;volume_producao_barris;preco_importacao_usd_por_barril;peso_importacao;peso_producao;custo_producao_nacional_usd_por_barril;custo_medio_ponderado_usd_por_barril;unidade_custo
2010;JAN;Janeiro;1;GASOLINA A;0,0;0,0;11579418,60281346;;0,0;1,0;25,0;25,0;US$/barril
2010;FEV;Fevereiro;2;GASOLINA A;1178427,6916233157;101161412,0;10755317,1548919;85,8443947974843;0,09874751863556304;0,901252481364437;25,0;31,008233009134138;US$/barril
2010;MAR;Março;3;GASOLINA A;1189748,790152345;111634448,0;10881661,360877959;93,83026814064289;0,09855922177002652;0,9014407782299735;25,0;31,78385766216401;US$/barril
2010;ABR;Abril;4;GASOLINA A;773893,8822615634;68618678,0;10933716,39452086;88,66677922233272;0,06610178029211364;0,9338982197078864;25,0;29,208487452061146;US$/barril
2010;MAI;Maio;5;GASOLINA A;3,611130808625337;3724,0;10408671,86934047;1031,2559132737783;3,469347099350468e-07;0,99999965306529;25,0;25,000349105103393;US$/barril
2010;JUN;Junho;6;GASOLINA A;34968,93617946092;3279915,0;10688438,7373277;93,79510383637192;0,0032609910248823076;0,9967390089751177;25,0;25,224340216166254;US$/barril
2010;JUL;Julho;7;GASOLINA A;33,500443557951485;22590,0;11470516,21607208;674,3194298583596;2,920561297050703e-06;0,999997079438703;25,0;25,001896377196267;US$/barril
2010;AGO;Agosto;8;GASOLINA A;10,307828787061995;5650,0;11126552,39603004;548,1270708620685;9,264162762042508e-07;0,9999990735837238;25,0;25,00048463343297;US$/barril
2010;SET;Setembro;9;GASOLINA A;8,66332320754717;535,0;10773010,28349513;61,754593148957845;8,04168566890506e-07;0,9999991958314332;25,0;25,0000295568885;US$/barril
2010;OUT;Outubro;10;GASOLINA A;32,8816347574124;27470,0;11732496,38195271;835,4207509043488;2,802604111925151e-06;0,9999971973958881;25,0;25,002271288528874;US$/barril
2010;NOV;Novembro;11;GASOLINA A;0,0;0,0;11810662,25353013;;0,0;1,0;25,0;25,0;US$/barril
2010;DEZ;Dezembro;12;GASOLINA A;12,57962;3843,0;13109498,11836919;305,49412462379627;9,595796738568993e-07;0,9999990404203262;25,0;25,000269156460625;US$/barril
2011;JAN;Janeiro;1;GASOLINA A;5,51841820754717;1796,0;12619104,48983873;325,4555802863457;4,3730645060835174e-07;0,9999995626935494;25,0;25,000131391163382;US$/barril
2011;FEV;Fevereiro;2;GASOLINA A;25,15924;10623,0;11526189,26164356;422,23056022359975;2,182784310728741e-06;0,9999978172156893;25,0;25,000867068634598;US$/barril
2011;MAR;Março;3;GASOLINA A;0,0;0,0;12890605,5033775;;0,0;1,0;25,0;25,0;US$/barril
2011;ABR;Abril;4;GASOLINA A;1078457,11241;134353513,0;12139478,68266834;124,57937497371935;0,08159043356917807;0,9184095664308219;25,0;33,124724378653525;US$/barril
2011;MAI;Maio;5;GASOLINA A;1520567,85731;195963458,0;13846005,28210295;128,87518110942725;0,0989529574040143;0,9010470425959857;25,0;35,278756371655426;US$/barril
2011;JUN;Junho;6;GASOLINA A;0,0;0,0;11532678,85487859;;0,0;1,0;25,0;25,0;US$/barril
2011;JUL;Julho;7;GASOLINA A;0,0;0,0;12681332,8320005;;0,0;1,0;25,0;25,0;US$/barril
2011;AGO;Agosto;8;GASOLINA A;599835,698872911;74259759,0;13075191,8026703;123,8001658446368;0,04386358263668722;0,9561364173633128;25,0;29,33372923904463;US$/barril
2011;SET;Setembro;9;GASOLINA A;2093657,60565;253543814,0;12965902,90081461;121,1008969736885;0,13902514650087278;0,8609748534991272;25,0;38,36044128063233;US$/barril
2011;OUT;Outubro;10;GASOLINA A;3198676,58569;387667795,0;12411389,307503741;121,19630872790302;0,20491115204610882;0,7950888479538912;25,0;44,71169644401776;US$/barril
2011;NOV;Novembro;11;GASOLINA A;1819453,3387;214004866,0;12067879,30983282;117,62042007238644;0,13101532056209678;0,8689846794379033;25,0;37,134694026379776;US$/barril
2011;DEZ;Dezembro;12;GASOLINA A;3443749,3460326;384480579,0;12872927,18727682;111,64592435943227;0,2110570335204239;0,7889429664795762;25,0;43,28723176193681;US$/barril
2012;JAN;Janeiro;1;GASOLINA A;1978722,6953328976;229826929,0;13774454,88172809;116,14913476359264;0,12560784550630708;0,8743921544936929;25,0;36,44904643741891;US$/barril
2012;FEV;Fevereiro;2;GASOLINA A;2700868,4542980595;330743882,0;12958198,84590554;122,45834537911935;0,17247952272757286;0,8275204772724272;25,0;41,80956889680946;US$/barril
2012;MAR;Março;3;GASOLINA A;3035106,575708019;397665624,0;14012297,17211576;131,02196383572922;0,17803922641859596;0,8219607735814041;25,0;43,876068424693585;US$/barril
2012;ABR;Abril;4;GASOLINA A;1840103,2596326417;251978486,0;13911239,75089688;136,93714452215306;0,11682199152177448;0,8831780084782255;25,0;38,07672014833861;US$/barril
2012;MAI;Maio;5;GASOLINA A;1234680,5141131538;170256792,0;13907835,171091031;137,89542319155498;0,08153734424191915;0,9184626557580808;25,0;34,205192984106965;US$/barril
2012;JUN;Junho;6;GASOLINA A;1431510,513811496;188389609,0;13450337,42497525;131,60197370705967;0,09619171756758328;0,9038082824324167;25,0;35,254226946976424;US$/barril
2012;JUL;Julho;7;GASOLINA A;1224810,3865920622;140240444,0;13775848,48348074;114,49971810755778;0,08165043930407824;0,9183495606959218;25,0;32,30769130107326;US$/barril
2012;AGO;Agosto;8;GASOLINA A;1061743,2392904311;125355764,0;14281047,73979887;118,0659874827891;0,06920144064645616;0,9307985593535438;25,0;31,440300408994062;US$/barril
2012;SET;Setembro;9;GASOLINA A;607475,7496756874;70209791,0;13501662,362632591;115,57628602867332;0,043055482541895916;0,956944517458104;25,0;28,899805701817314;US$/barril
2012;OUT;Outubro;10;GASOLINA A;3391829,080978235;417245709,0;13832474,4226876;123,01495713329471;0,19692111673812268;0,8030788832618774;25,0;44,30121481572762;US$/barril
2012;NOV;Novembro;11;GASOLINA A;4024367,2397918873;523416748,0;13352332,76303987;130,0618747773793;0,23159559865429366;0,7684044013457063;25,0;49,33186778480959;US$/barril
2012;DEZ;Dezembro;12;GASOLINA A;1245511,9483906336;156888128,0;14229145,3787141;125,96276430966418;0,0804872070549213;0,9195127929450787;25,0;33,12621091582916;US$/barril
2013;JAN;Janeiro;1;GASOLINA A;4335008,215012061;509164278,0;14498903,59282864;117,45405146794707;0,23017035755723164;0,7698296424427684;25,0;46,280182083992074;US$/barril
2013;FEV;Fevereiro;2;GASOLINA A;3692651,9340470624;428207716,0;12465741,86407401;115,96211168776314;0,22852840326718926;0,7714715967328107;25,0;45,78742614181624;US$/barril
2013;MAR;Março;3;GASOLINA A;2205274,6835762667;263224163,0;13951280,77570403;119,36116845686209;0,13649411157806912;0,8635058884219309;25,0;37,87974385598791;US$/barril
2013;ABR;Abril;4;GASOLINA A;1850195,7260034503;228244981,0;14711129,22936368;123,3626139073539;0,1117178565718467;0,8882821434281534;25,0;35,9888603925337;US$/barril
2013;MAI;Maio;5;GASOLINA A;2442543,4908396904;298736562,0;16020771,50354716;122,30552418835384;0,13229170880647725;0,8677082911935227;25,0;37,87271407118733;US$/barril
2013;JUN;Junho;6;GASOLINA A;621318,1549935983;73340393,0;15013427,00186659;118,03999675617985;0,03973957674142053;0,9602604232585795;25,0;28,69737009111373;US$/barril
2013;JUL;Julho;7;GASOLINA A;569912,3940237197;64438005,0;15971583,17660796;113,06650930163504;0,03445349857213401;0,9655465014278659;25,0;28,034199352476705;US$/barril
2013;AGO;Agosto;8;GASOLINA A;0,0;0,0;16022532,40504457;;0,0;1,0;25,0;25,0;US$/barril
2013;SET;Setembro;9;GASOLINA A;894136,0104949055;106383314,0;15230117,95063531;118,97889443141507;0,05545286080524074;0,9445471391947592;25,0;30,211398551535673;US$/barril
2013;OUT;Outubro;10;GASOLINA A;303217,3718682615;33121880,0;16030866,59198887;109,23477040883537;0,018563475768778873;0,9814365242312211;25,0;26,563690119373064;US$/barril
2013;NOV;Novembro;11;GASOLINA A;890863,3341928436;106262922,0;15378204,35670191;119,28083458084879;0,054758106064764216;0,9452418939352357;25,0;30,162639939852607;US$/barril
2013;DEZ;Dezembro;12;GASOLINA A;297215,1129933558;32760209,0;14678120,68387228;110,22390035977865;0,019846974854184133;0,9801530251458158;25,0;26,69143660741602;US$/barril
2014;JAN;Janeiro;1;GASOLINA A;287288,72473241243;33333258,0;14627247,29796465;116,0270317989242;0,01926233067493445;0,9807376693250656;25,0;26,753392786868652;US$/barril
2014;FEV;Fevereiro;2;GASOLINA A;2360866,1967257415;273640893,0;13844538,68081544;115,9069892988893;0,14568387612441755;0,8543161238755824;25,0;38,24368256786314;US$/barril
2014;MAR;Março;3;GASOLINA A;1280443,7136578977;148918310,0;15129318,22293213;116,3021134092484;0,07802938998175228;0,9219706100182478;25,0;32,12424821336842;US$/barril
2014;ABR;Abril;4;GASOLINA A;1497654,5880899732;171378412,0;14534001,61949185;114,43120019988498;0,09341858187937502;0,906581418120625;25,0;33,354535898443736;US$/barril
2014;MAI;Maio;5;GASOLINA A;1797149,6300558355;206196258,0;15281083,60176583;114,73516425763263;0,10523041849008295;0,8947695815099171;25,0;34,44286888810702;US$/barril
2014;JUN;Junho;6;GASOLINA A;1044168,0182278438;119858192,0;15465746,45433614;114,78822364567597;0,06324490777726512;0,9367550922227349;25,0;30,678647923955232;US$/barril
2014;JUL;Julho;7;GASOLINA A;1648883,2194601619;192160402,0;15631455,09026765;116,53972806085842;0,09541961447201168;0,9045803855279883;25,0;33,7346855604399;US$/barril
2014;AGO;Agosto;8;GASOLINA A;746374,4800658086;89275002,0;16187719,081093231;119,61154137012902;0,04407525430104708;0,9559247456989529;25,0;29,17002774570247;US$/barril
2014;SET;Setembro;9;GASOLINA A;459324,68334506743;55304064,0;15205475,30531023;120,40298726653201;0,02932209052638513;0,9706779094736148;25,0;27,797415029116816;US$/barril
2014;OUT;Outubro;10;GASOLINA A;460979,34417037736;58648203,0;15432828,34373292;127,22522981056544;0,02900370718095618;0,9709962928190439;25,0;27,964910631931595;US$/barril
2014;NOV;Novembro;11;GASOLINA A;1057049,2100345285;123013585,0;15384090,96472167;116,37451107501586;0,06429293825117595;0,935707061748824;25,0;30,874735798277385;US$/barril
2014;DEZ;Dezembro;12;GASOLINA A;1052690,9057449999;110612052,0;14875173,01548629;105,07552729518333;0,06609115390179843;0,9339088460982016;25,0;30,292283998233625;US$/barril
2015;JAN;Janeiro;1;GASOLINA A;2265195,872450364;192198148,0;13744497,17712814;84,84835697324958;0,141489025769298;0,8585109742307021;25,0;33,46788572203826;US$/barril
2015;FEV;Fevereiro;2;GASOLINA A;2207656,3514970485;163801084,0;12744680,590517402;74,196821388856;0,14764624152454542;0,8523537584754546;25,0;32,263725773018955;US$/barril
2015;MAR;Março;3;GASOLINA A;1933295,6022120079;103821707,0;12323828,0196592;53,70193098314138;0,13560207889663148;0,8643979211033685;25,0;28,89204150966161;US$/barril
2015;ABR;Abril;4;GASOLINA A;2588182,006949798;152115408,0;12687528,53386328;58,77307221499068;0,16943120256401753;0,8305687974359826;25,0;30,72221223966728;US$/barril
2015;MAI;Maio;5;GASOLINA A;2012999,421815876;131950007,0;14327666,04408226;65,54895424707635;0,1231895620173407;0,8768104379826593;25,0;29,995207913958524;US$/barril
2015;JUN;Junho;6;GASOLINA A;1409099,7088606737;94875996,0;13606021,7642766;67,33093151847423;0,09384537523599902;0,906154624764001;25,0;28,97256215244059;US$/barril
2015;JUL;Julho;7;GASOLINA A;714903,2801014825;53240666,0;13926339,81098046;74,47254402363679;0,04882804524548424;0,9511719547545158;25,0;27,415647617995347;US$/barril
2015;AGO;Agosto;8;GASOLINA A;294929,1400390027;22130037,0;12572656,22427888;75,03509825130683;0,02292031734693971;0,9770796826530603;25,0;26,146820330405262;US$/barril
2015;SET;Setembro;9;GASOLINA A;44478,86611764151;2440712,0;13711411,6821012;54,8735211357366;0,003233441409098794;0,9967665585909012;25,0;25,096594280275877;US$/barril
2015;OUT;Outubro;10;GASOLINA A;281116,0560860378;18411441,0;14245167,6633195;65,4940925692449;0,019352234991148992;0,9806477650088511;25,0;25,783651195153368;US$/barril
2015;NOV;Novembro;11;GASOLINA A;1035657,5068866981;67737919,0;13565699,26418214;65,40571429219659;0,07092885429241427;0,9290711457075858;25,0;27,865931021612134;US$/barril
2015;DEZ;Dezembro;12;GASOLINA A;745650,4144313476;44946305,0;14369888,04792729;60,27798567546861;0,04933005967919689;0,9506699403208031;25,0;26,74026513873272;US$/barril
2016;JAN;Janeiro;1;GASOLINA A;0,025430498652291106;262,0;14131420,56300524;10302,589956347383;1,7995712811139326e-09;0,9999999982004287;25,0;25,000018495255723;US$/barril
2016;FEV;Fevereiro;2;GASOLINA A;1618157,692577318;83193707,0;13503642,56464546;51,412607919252515;0,10700827051358658;0,8929917294864135;25,0;27,82636749319267;US$/barril
2016;MAR;Março;3;GASOLINA A;2076702,8463703643;96699329,0;14420880,00304323;46,56387367552845;0,12587921911507058;0,8741207808849295;25,0;27,714443579371547;US$/barril
2016;ABR;Abril;4;GASOLINA A;1272941,7165554715;55313051,0;14475454,5899065;43,45293290385271;0,08082992653881531;0,9191700734611847;25,0;26,491549211044102;US$/barril
2016;MAI;Maio;5;GASOLINA A;1453304,6885078303;59264532,0;13914041,873831501;40,779151452989126;0,09457095814247046;0,9054290418575295;25,0;26,492249471584334;US$/barril
2016;JUN;Junho;6;GASOLINA A;2371695,6474243263;109759554,0;13108847,56332089;46,27893723176473;0,1532049370062225;0,8467950629937776;25,0;28,260038238151882;US$/barril
2016;JUL;Julho;7;GASOLINA A;2095146,3833326008;105000092,0;13965668,25063309;50,11587392427626;0,13045081654212912;0,8695491834578709;25,0;28,276386261591007;US$/barril
2016;AGO;Agosto;8;GASOLINA A;1872633,2923156873;102306692,0;13275345,49492968;54,632528653534806;0,12362265082470597;0,876377349175294;25,0;28,66325174278903;US$/barril
2016;SET;Setembro;9;GASOLINA A;1886013,6000425876;96649326,0;13154423,30643754;51,24529642724612;0,12539619771484192;0,8746038022851581;25,0;28,29106037987559;US$/barril
2016;OUT;Outubro;10;GASOLINA A;1215268,6261464015;63002485,0;14696496,061876401;51,84243519869342;0,0763754775145189;0,9236245224854811;25,0;27,05010380595274;US$/barril
2016;NOV;Novembro;11;GASOLINA A;1000753,6049691242;55226259,0;13796358,38398608;55,184671557294934;0,06763168419054356;0,9323683158094564;25,0;27,041440174158254;US$/barril
2016;DEZ;Dezembro;12;GASOLINA A;1542512,3771143665;88663529,0;14326896,18391788;57,479946556970944;0,09720036957785853;0,9027996304221415;25,0;28,15706280920667;US$/barril
2017;JAN;Janeiro;1;GASOLINA A;2038045,1824540568;115274214,0;14089934,215337811;56,561167040073016;0,1263670502166621;0,8736329497833378;25,0;28,988291580249367;US$/barril
2017;FEV;Fevereiro;2;GASOLINA A;4516014,27341434;263418318,0;12939965,69308514;58,329824055414726;0,25870872228779;0,74129127771221;25,0;33,622716195453194;US$/barril
2017;MAR;Março;3;GASOLINA A;3215032,6177861993;201064455,0;14945820,6708809;62,538853847911675;0,1770309228692725;0,8229690771307274;25,0;31,645537940150543;US$/barril
2017;ABR;Abril;4;GASOLINA A;2615042,979628113;159032884,0;14363549,02645385;60,814634879391605;0,154020014067796;0,8459799859322039;25,0;30,51617056795687;US$/barril
2017;MAI;Maio;5;GASOLINA A;1785019,4856426818;112776335,0;13181011,81141289;63,17932992165393;0,11927139869030394;0,880728601309696;25,0;29,553702080814237;US$/barril
2017;JUN;Junho;6;GASOLINA A;3081712,7962830863;182891215,0;13545459,41666915;59,347261438700144;0,18534196656016427;0,8146580334398357;25,0;31,365988981004783;US$/barril
2017;JUL;Julho;7;GASOLINA A;2028844,190690337;114815784,0;14977976,15460124;56,5917208067775;0,11929591478586017;0,8807040852141399;25,0;28,768763233304018;US$/barril
2017;AGO;Agosto;8;GASOLINA A;1976128,5979800406;116509775,0;14055756,91622164;58,95859971820355;0,12326239457171195;0,876737605428288;25,0;29,18581831756803;US$/barril
2017;SET;Setembro;9;GASOLINA A;1487577,795383167;97498361,0;13494198,44637951;65,54168884652287;0,0992924851751855;0,9007075148248145;25,0;29,025485038770356;US$/barril
2017;OUT;Outubro;10;GASOLINA A;2010498,0355842724;129176940,0;13874103,7188669;64,25121423332294;0,12656899220157608;0,8734310077984239;25,0;29,967986628199842;US$/barril
2017;NOV;Novembro;11;GASOLINA A;1177291,4738971968;81161851,0;12374446,40408981;68,93947064046027;0,0868738374736092;0,9131261625263908;25,0;28,817190431095767;US$/barril
2017;DEZ;Dezembro;12;GASOLINA A;2300634,128482453;158008714,0;13753439,58869944;68,68050510240231;0,14330531733015506;0,8566946826698449;25,0;31,25964864484122;US$/barril
2018;JAN;Janeiro;1;GASOLINA A;2518665,221264394;179457789,0;13196195,36243441;71,25114822124334;0,16027283270187156;0,8397271672981285;25,0;32,4128025411328;US$/barril
2018;FEV;Fevereiro;2;GASOLINA A;2826061,7734665093;209788037,0;11912423,573675921;74,23335150337829;0,19174709659120026;0,8082529034087997;25,0;34,44035220622679;US$/barril
2018;MAR;Março;3;GASOLINA A;2427105,465837507;182250611,0;12164287,29092008;75,08969575704525;0,16633816293605436;0,8336618370639457;25,0;33,33182797425278;US$/barril
2018;ABR;Abril;4;GASOLINA A;1613633,3186547577;121623726,0;12640952,15116354;75,37259214589992;0,113200999220311;0,8867990007796891;25,0;30,702227764233065;US$/barril
2018;MAI;Maio;5;GASOLINA A;1322497,3324569005;104260234,0;13283772,05402364;78,83587470555278;0,09054312894441031;0,9094568710555897;25,0;29,874468545299983;US$/barril
2018;JUN;Junho;6;GASOLINA A;1330374,2174936254;112485014,0;12946932,88417309;84,55140855925298;0,09318103253086986;0,9068189674691302;25,0;30,549061738218874;US$/barril
2018;JUL;Julho;7;GASOLINA A;1163356,3659348653;91421957,0;12661745,39502976;78,58465357391493;0,08414812317834931;0,9158518768216507;25,0;29,50904802940697;US$/barril
2018;AGO;Agosto;8;GASOLINA A;894136,2987072236;74639844,0;12065498,88720965;83,47703153078243;0,06899394048366994;0,93100605951633;25,0;29,034560833096492;US$/barril
2018;SET;Setembro;9;GASOLINA A;598316,9640628976;48399140,0;12357099,69306214;80,89214063285706;0,046182765085663505;0,9538172349143365;25,0;27,581253600982105;US$/barril
2018;OUT;Outubro;10;GASOLINA A;546622,8042846362;44765689,0;12864017,482717521;81,8950264224427;0,040760380756348615;0,9592396192436514;25,0;27,31906294012128;US$/barril
2018;NOV;Novembro;11;GASOLINA A;1229591,3288155256;103067169,0;11602772,57299631;83,82229655058268;0,09581954955640841;0,9041804504435916;25,0;30,63632595935031;US$/barril
2018;DEZ;Dezembro;12;GASOLINA A;2190615,5523636388;161236322,0;12073293,63488911;73,60320336721276;0,15357750274527335;0,8464224972547267;25,0;32,4643585985572;US$/barril
2019;JAN;Janeiro;1;GASOLINA A;2686527,5010077357;165301056,0;12322502,86361897;61,5296347936116;0,17899407461652858;0,8210059253834714;25,0;31,538588175962254;US$/barril
2019;FEV;Fevereiro;2;GASOLINA A;2079367,182760499;115713666,0;11968110,19894719;55,64850063969095;0,1480242413821719;0,851975758617828;25,0;29,536721056691263;US$/barril
2019;MAR;Março;3;GASOLINA A;1939597,042426725;127780200,0;12600230,23555446;65,87976636638295;0,13339890532014853;0,8666010946798516;25,0;30,453316083018912;US$/barril
2019;ABR;Abril;4;GASOLINA A;2796805,4597359705;196416004,0;12137144,30145437;70,22869728613246;0,18727834929538728;0,8127216507046127;25,0;33,47035576852765;US$/barril
2019;MAI;Maio;5;GASOLINA A;3260560,907338059;245263808,0;12199490,118397512;75,22135453689003;0,210902338026593;0,789097661973407;25,0;35,591801090692556;US$/barril
2019;JUN;Junho;6;GASOLINA A;1471560,5399131805;112335749,0;12513026,65549443;76,33783725039787;0,1052273134237688;0,8947726865762311;25,0;30,40214269084605;US$/barril
2019;JUL;Julho;7;GASOLINA A;3588635,523557992;253339300,0;14028459,00873563;70,59488163033731;0,20370189403137506;0,796298105968625;25,0;34,28776374623606;US$/barril
2019;AGO;Agosto;8;GASOLINA A;2014695,0087903505;135899611,0;13825334,28069408;67,4541855750146;0,12719010627889601;0,8728098937211041;25,0;30,399752375270083;US$/barril
2019;SET;Setembro;9;GASOLINA A;2038294,4606786794;128057505,0;12121714,057794841;62,82581220250258;0,14394726232116786;0,856052737678832;25,0;30,44492211162487;US$/barril
2019;OUT;Outubro;10;GASOLINA A;2582305,111956415;166920369,0;12273101,695799181;64,64006450172621;0,17382930978425076;0,8261706902157492;25,0;31,89060505213825;US$/barril
2019;NOV;Novembro;11;GASOLINA A;3772969,222046752;247135856,0;11836160,8728083;65,50168884386878;0,2417155343775606;0,7582844656224395;25,0;34,78988736208943;US$/barril
2019;DEZ;Dezembro;12;GASOLINA A;2138473,146139299;145228291,0;12840431,44999472;67,91214154930515;0,14276565635455266;0,8572343436454473;25,0;31,12638005386602;US$/barril
2020;JAN;Janeiro;1;GASOLINA A;3729783,339735067;253631137,0;12340887,23605139;68,00157379061484;0,23208635396675356;0,7679136460332464;25,0;34,98007847589611;US$/barril
2020;FEV;Fevereiro;2;GASOLINA A;2372847,108008054;156309154,0;11676961,05806099;65,87409423577132;0,16888822110316015;0,8311117788968397;25,0;31,90315306468235;US$/barril
2020;MAR;Março;3;GASOLINA A;3474420,717124406;180508967,0;10934867,63731459;51,953687160085124;0,24112368575468607;0,7588763142453139;25,0;31,49917239271848;US$/barril
2020;ABR;Abril;4;GASOLINA A;2808463,0546002565;88087471,0;7525501,279764781;31,36500971793555;0,2717701516794349;0,7282298483205651;25,0;26,729819656484423;US$/barril
2020;MAI;Maio;5;GASOLINA A;2304742,906771824;52656292,0;9981842,52603616;22,84692659006982;0,1875820519358971;0,812417948064103;25,0;24,596122071796678;US$/barril
2020;JUN;Junho;6;GASOLINA A;1244158,8164609054;34184780,0;10746149,146705331;27,476218910091347;0,10376370817854831;0,8962362918214517;25,0;25,25694165637292;US$/barril
2020;JUL;Julho;7;GASOLINA A;1023169,7250087162;48376940,0;12114174,65753195;47,281441991051764;0,0778825381458747;0,9221174618541252;25,0;26,735335255813183;US$/barril
2020;AGO;Agosto;8;GASOLINA A;1367162,4428178244;64182674,0;12574064,04100213;46,945901957132975;0,09806615253001874;0,9019338474699813;25,0;27,15215016873704;US$/barril
2020;SET;Setembro;9;GASOLINA A;1206231,8146442163;58014080,0;12957592,87303052;48,095299175234835;0,08516285969663767;0,9148371403033624;25,0;26,966861723312398;US$/barril
2020;OUT;Outubro;10;GASOLINA A;1945324,0219500407;92657819,0;12314775,69365815;47,631046527209136;0,13641728043604168;0,8635827195639584;25,0;28,087265820663397;US$/barril
2020;NOV;Novembro;11;GASOLINA A;1521578,663775973;75286546,0;12735880,63056298;49,47923350421315;0,10672158568814073;0,8932784143118593;25,0;27,61246261599989;US$/barril
2020;DEZ;Dezembro;12;GASOLINA A;1809215,8484499056;111546152,0;13601415,824470941;61,65441901007564;0,11740049900933079;0,8825995009906692;25,0;29,30324708267998;US$/barril
2021;JAN;Janeiro;1;GASOLINA A;1649193,953325662;82748934,0;13492116,072693;50,175380423347804;0,10892016281891759;0,8910798371810824;25,0;27,742106534739236;US$/barril
2021;FEV;Fevereiro;2;GASOLINA A;923071,4022377839;52545477,0;12276237,65039955;56,92460721089943;0,06993331230874894;0,930066687691251;25,0;27,232593526413968;US$/barril
2021;MAR;Março;3;GASOLINA A;795057,0072441081;52878819,0;11182838,3081083;66,5094685264053;0,06637702086317794;0,933622979136822;25,0;27,755274858396632;US$/barril
2021;ABR;Abril;4;GASOLINA A;552987,1840900135;38815856,0;11196927,9856931;70,19304807917877;0,04706307884776166;0,9529369211522384;25,0;27,126923985121074;US$/barril
2021;MAI;Maio;5;GASOLINA A;749853,6132296892;56987045,0;13204626,29923613;75,99756004982292;0,05373569046882427;0,9462643095311758;25,0;27,740389101502565;US$/barril
2021;JUN;Junho;6;GASOLINA A;894939,6490302432;67034989,0;13426123,04652326;74,90447995307743;0,06249114804225456;0,9375088519577454;25,0;28,118588244719483;US$/barril
2021;JUL;Julho;7;GASOLINA A;848782,7623185405;61357524,0;13830017,67950989;72,28884318102241;0,05782371425255332;0,9421762857474467;25,0;27,734416555433242;US$/barril
2021;AGO;Agosto;8;GASOLINA A;2324529,5610646894;181883723,0;13999306,31804815;78,24539039920532;0,14240093923261263;0,8575990607673873;25,0;32,58219360265397;US$/barril
2021;SET;Setembro;9;GASOLINA A;1720996,1123555002;137465887,0;14613908,49160784;79,87576846518996;0,10535697355330344;0,8946430264466966;25,0;30,78154488690422;US$/barril
2021;OUT;Outubro;10;GASOLINA A;2522662,740938878;223795646,0;14491178,10146897;88,71405692411675;0,14827120838294286;0,8517287916170571;25,0;34,446960211118395;US$/barril
2021;NOV;Novembro;11;GASOLINA A;1360212,330263973;127166385,0;13996169,31304951;93,49009869313649;0,08857635619236126;0,9114236438076387;25,0;31,066603377493237;US$/barril
2021;DEZ;Dezembro;12;GASOLINA A;878825,6572950946;78241047,0;14069742,0949031;89,02908825035362;0,05878995712922817;0,9412100428707718;25,0;28,764267353261857;US$/barril
2022;JAN;Janeiro;1;GASOLINA A;2194567,007920176;191543405,0;14175853,83761311;87,28072750055992;0,13405684732405457;0,8659431526759455;25,0;33,34915797777361;US$/barril
2022;FEV;Fevereiro;2;GASOLINA A;1012887,2371178918;103038266,0;12043790,22439603;101,72728239047521;0,07757618583314897;0,922423814166851;25,0;30,952209917196004;US$/barril
2022;MAR;Março;3;GASOLINA A;1018975,8071968649;108449938,0;14101035,729987811;106,43033645552255;0,06739252841777901;0,932607471582221;25,0;30,48779626364811;US$/barril
2022;ABR;Abril;4;GASOLINA A;856458,6254492162;98741531,0;13814249,295664761;115,29048580509028;0,05837882057597283;0,9416211794240272;25,0;30,271052070532786;US$/barril
2022;MAI;Maio;5;GASOLINA A;957331,5213221622;116061773,0;13601413,72996421;121,23467201801535;0,06575645804624371;0,9342435419537563;25,0;31,328051173146648;US$/barril
2022;JUN;Junho;6;GASOLINA A;884329,2580445814;103157112,0;13516094,63358847;116,65011765877769;0,061409946311260684;0,9385900536887393;25,0;30,62822880484626;US$/barril
2022;JUL;Julho;7;GASOLINA A;1490420,6959830811;171070658,0;13982252,24043073;114,7801144073364;0,09632600017515296;0,9036739998248471;25,0;33,64815931612634;US$/barril
2022;AGO;Agosto;8;GASOLINA A;1936951,0693767567;208159453,0;14642254,14935384;107,46758464424114;0,11683015221914608;0,8831698477808538;25,0;34,63470046713201;US$/barril
2022;SET;Setembro;9;GASOLINA A;2961351,931195798;275638622,0;13591466,53382503;93,07864394513109;0,17890318421927257;0,8210968157807275;25,0;37,17948617911405;US$/barril
2022;OUT;Outubro;10;GASOLINA A;4555082,637432474;435870354,0;14193804,25089439;95,68879177254257;0,2429521637505044;0,7570478362494956;25,0;42,173994914048066;US$/barril
2022;NOV;Novembro;11;GASOLINA A;3061982,8988768114;307544472,0;13224406,349058501;100,43964390291424;0,1880087017608885;0,8119912982391114;25,0;39,183309511490634;US$/barril
2022;DEZ;Dezembro;12;GASOLINA A;6231781,768393014;521461900,0;14794328,684928661;83,67781789869531;0,2963830035149714;0,7036169964850287;25,0;42,39110790851987;US$/barril
2023;JAN;Janeiro;1;GASOLINA A;1112138,8919646216;105123127,0;14345969,68680333;94,52337991192569;0,07194534093855237;0,9280546590614476;25,0;30,001883270963997;US$/barril
2023;FEV;Fevereiro;2;GASOLINA A;3796973,147092932;347900087,0;13422291,60247195;91,62563798123301;0,22050727498041858;0,7794927250195813;25,0;39,69143787507357;US$/barril
2023;MAR;Março;3;GASOLINA A;1733833,5975660135;157803811,0;14360567,02124304;91,01439216631158;0,10772899461317827;0,8922710053868217;25,0;32,111664098076815;US$/barril
2023;ABR;Abril;4;GASOLINA A;1679409,2485944189;153567821,0;13598471,95437816;91,44157156960316;0,10992422485047602;0,890075775149524;25,0;32,30353825263605;US$/barril
2023;MAI;Maio;5;GASOLINA A;3589175,4361609328;299531489,0;14643810,00304525;83,45412319002885;0,19685067199380138;0,8031493280061986;25,0;36,506733430765635;US$/barril
2023;JUN;Junho;6;GASOLINA A;2645365,850373689;225857691,0;15270506,63211059;85,37862200349149;0,1476548715648635;0,8523451284351363;25,0;33,91519767718897;US$/barril
2023;JUL;Julho;7;GASOLINA A;1334660,0196376888;121088973,0;15833835,36897722;90,72645559044409;0,07773890427944859;0,9222610957205515;25,0;30,109502639772963;US$/barril
2023;AGO;Agosto;8;GASOLINA A;2662103,6467652027;245801550,0;16223835,22672152;92,33357622971607;0,14095691321454146;0,8590430867854585;25,0;34,4911330610368;US$/barril
2023;SET;Setembro;9;GASOLINA A;2269399,019425473;195277610,0;15690862,78600435;86,04816003200573;0,12635667809359988;0,8736433219064;25,0;32,713842705370716;US$/barril
2023;OUT;Outubro;10;GASOLINA A;1628346,8625660269;141526505,0;15260392,94470071;86,91422463698905;0,09641612584175144;0,9035838741582485;25,0;30,9695296739944;US$/barril
2023;NOV;Novembro;11;GASOLINA A;1196540,9088831216;97992292,0;15011304,09035463;81,89631568173313;0,07382479959176524;0,9261752004082348;25,0;29,200359102713758;US$/barril
2023;DEZ;Dezembro;12;GASOLINA A;1206818,9769074596;96095301,0;15777015,25704585;79,62693895173038;0,07105692155749153;0,9289430784425086;25,0;28,88162211601899;US$/barril
2024;JAN;Janeiro;1;GASOLINA A;2582325,3456753916;219173849,0;16450954,56725366;84,87460705408381;0,13567421681857644;0,8643257831814236;25,0;33,12344041938283;US$/barril
2024;FEV;Fevereiro;2;GASOLINA A;1017734,309199527;91596528,0;13968748,257373512;90,00043250191979;0,06791015201055631;0,9320898479894437;25,0;29,41418925195728;US$/barril
2024;MAR;Março;3;GASOLINA A;1738833,979516527;168289758,0;14425939,05447148;96,7831086707841;0,10756934080425747;0,8924306591957425;25,0;32,721661680596625;US$/barril
2024;ABR;Abril;4;GASOLINA A;764721,1941159053;67882272,0;14478552,00055119;88,7673475278513;0,05016778118123903;0,949832218818761;25,0;28,19906633728527;US$/barril
2024;MAI;Maio;5;GASOLINA A;1843171,0392454327;152938984,0;15410894,260418711;82,97601293833858;0,10682531955418707;0,8931746804458129;25,0;31,1933061086157;US$/barril
2024;JUN;Junho;6;GASOLINA A;506372,79019850004;40950116,0;16181888,05612444;80,86950324472885;0,030343053411109242;0,9696569465888908;25,0;26,69525132100695;US$/barril
2024;JUL;Julho;7;GASOLINA A;1607346,2749431625;137050004,0;16298132,41857243;85,26476599128974;0,08976840566263428;0,9102315943373658;25,0;30,409871960669825;US$/barril
2024;AGO;Agosto;8;GASOLINA A;1732087,5123110404;142008424,0;16037228,84173064;81,98686439955048;0,09747631691621453;0,9025236830837854;25,0;30,554869654271926;US$/barril
2024;SET;Setembro;9;GASOLINA A;1103852,8322665133;88504371,0;16268730,16709358;80,1776907328092;0,06353993717037777;0,9364600628296224;25,0;28,505987002369235;US$/barril
2024;OUT;Outubro;10;GASOLINA A;1611332,1275401623;132974305,0;16423495,68466032;82,52445459707724;0,08934557869469112;0,9106544213053088;25,0;30,13955568507235;US$/barril
2024;NOV;Novembro;11;GASOLINA A;746678,194151446;58720408,0;15690775,48344155;78,6421894464618;0,04542541739109467;0,9545745826089053;25,0;27,4367188453777;US$/barril
2024;DEZ;Dezembro;12;GASOLINA A;1978164,9304053513;148416412,0;17146697,975562222;75,02731936997164;0,10343420186233597;0,896565798137664;25,0;30,174535850345194;US$/barril
2025;JAN;Janeiro;1;GASOLINA A;2393566,1501357304;191543571,0;16529597,18755965;80,02434818404257;0,12648869047003844;0,8735113095299616;25,0;31,95995774576698;US$/barril
2025;FEV;Fevereiro;2;GASOLINA A;739921,5272540676;58519657,0;14407419,91657;79,08900450183286;0,048848276775047626;0,9511517232249523;25,0;27,64215466239233;US$/barril
2025;MAR;Março;3;GASOLINA A;723472,8326294867;55950142,0;16258728,79682087;77,33551209745818;0,04260182798529772;0,9573981720147023;25,0;27,229588483898382;US$/barril
2025;ABR;Abril;4;GASOLINA A;718520,5932247028;58059587,0;15222717,52372437;80,80434652461386;0,045073073242708546;0,9549269267572915;25,0;27,51527339816541;US$/barril
2025;MAI;Maio;5;GASOLINA A;1704184,7761854462;124324515,0;16484046,27661288;72,95248539790455;0,09369711497717371;0,9063028850228262;25,0;29,493009537768707;US$/barril
2025;JUN;Junho;6;GASOLINA A;1159219,4627740541;86330392,0;15719574,88179114;74,47286279459823;0,0686790441965016;0,9313209558034985;25,0;28,397748930397675;US$/barril
2025;JUL;Julho;7;GASOLINA A;1432621,2774642028;111100614,0;16327845,49359205;77,55058210265629;0,08066349245949474;0,9193365075405052;25,0;29,238913483179672;US$/barril
2025;AGO;Agosto;8;GASOLINA A;942290,579672757;71225003,0;16748310,165577741;75,58709015719477;0,05326504132007724;0,9467349586799229;25,0;27,694523447485455;US$/barril
2025;SET;Setembro;9;GASOLINA A;996479,8682449594;76278530,0;15417586,33521726;76,54798900688765;0,06070889783756154;0,9392911021624385;25,0;28,12942159835089;US$/barril
2025;OUT;Outubro;10;GASOLINA A;2133444,3852872844;150476214,0;15503158,79771942;70,53205372388334;0,12096685303567468;0,8790331469643254;25,0;30,507869251229444;US$/barril
2025;NOV;Novembro;11;GASOLINA A;3303762,7107914463;242647117,0;14915368,44254932;73,44568549291232;0,18133481135765628;0,8186651886423438;25,0;33,78488923994961;US$/barril
2025;DEZ;Dezembro;12;GASOLINA A;5746264,24570715;367250591,0;16040050,85304448;63,91119087054884;0,2637556750492613;0,7362443249507387;25,0;35,26304741503226;US$/barril
2026;JAN;Janeiro;1;GASOLINA A;1697989,6363256893;109385848,0;14155041,523042971;64,42079837230457;0,10710820027135498;0,8928917997286451;25,0;29,222290766917503;US$/barril
2026;FEV;Fevereiro;2;GASOLINA A;2585236,992221568;180580827,0;13211039,19452802;69,85078255623355;0,16366116682551712;0,8363388331744829;25,0;32,340331406190735;US$/barril
2026;MAR;Março;3;GASOLINA A;2125396,1314056353;177169427,0;15686667,16824385;83,35830877928089;0,11932340996382267;0,8806765900361774;25,0;31,963512403265483;US$/barril
2026;ABR;Abril;4;GASOLINA A;1622091,162035662;169615825,0;15276548,277657041;104,56614829658443;0,09598945334176319;0,9040105466582369;25,0;32,63751107949881;US$/barril
2026;MAI;Maio;5;GASOLINA A;1395081,396453527;174885807,0;15196728,82761024;125,358855364699;0,08408253093626786;0,9159174690637321;25,0;33,438426560930736;US$/barril
2026;JUN;Junho;6;GASOLINA A;2285721,9263497973;228479892,0;14330629,27421022;99,9596186071824;0,1375585950706652;0,8624414049293347;25,0;35,3113398226369;US$/barril
2026;JUL;Julho;7;GASOLINA A;4425377,822002325;447844024,0;14156638,430324249;101,19904831026757;0,23815380214449242;0,7618461978555076;25,0;43,14709307488208;US$/barril
2026;AGO;Agosto;8;GASOLINA A;0,0;0,0;0,0;;;;25,0;;US$/barril
2026;SET;Setembro;9;GASOLINA A;0,0;0,0;0,0;;;;25,0;;US$/barril
2026;OUT;Outubro;10;GASOLINA A;0,0;0,0;0,0;;;;25,0;;US$/barril
2026;NOV;Novembro;11;GASOLINA A;0,0;0,0;0,0;;;;25,0;;US$/barril
2026;DEZ;Dezembro;12;GASOLINA A;0,0;0,0;0,0;;;;25,0;;US$/barril
2010;JAN;Janeiro;1;GLP;727441,68574;45445759,0;4232982,67871588;62,47340493522815;0,1466490832825741;0,853350916717426;25,0;30,4954404812279;US$/barril
2010;FEV;Fevereiro;2;GLP;1023106,8413829167;61588982,0;3739705,9648164804;60,19799644458558;0,2148114744403171;0,7851885255596829;25,0;32,56093351360647;US$/barril
2010;MAR;Março;3;GLP;1786226,2665220832;108559848,0;3828526,9226118308;60,77608981272803;0,3181308610285703;0,6818691389714296;25,0;36,381478256358626;US$/barril
2010;ABR;Abril;4;GLP;1804856,3988775;102623860,0;3845189,0034866724;56,859847721860405;0,31944104345113516;0,6805589565488649;25,0;35,177343000465356;US$/barril
2010;MAI;Maio;5;GLP;1531654,3538991665;89402592,0;4261934,578803542;58,369952576053365;0,2643705605783546;0,7356294394216453;25,0;33,822033069004334;US$/barril
2010;JUN;Junho;6;GLP;1670355,0448645833;91761644,0;4040692,7657374474;54,93541285256463;0,2924778605011368;0,7075221394988632;25,0;33,755445504336336;US$/barril
2010;JUL;Julho;7;GLP;2387682,2147629163;121532985,0;4266546,380614243;50,89998335983231;0,3588217898648225;0,6411782101351774;25,0;34,293478386644146;US$/barril
2010;AGO;Agosto;8;GLP;2056869,3159754165;104049699,0;3843296,3217018163;50,586441341635336;0,34861213096132015;0,6513878690386798;25,0;33,919743839824314;US$/barril
2010;SET;Setembro;9;GLP;1702721,1081420833;90787498,0;3717421,6518023675;53,31906532776961;0,314146911539934;0,685853088460066;25,0;33,896346910416455;US$/barril
2010;OUT;Outubro;10;GLP;2084529,2568120833;123502104,0;3915012,172984613;59,24699957863604;0,34744809769281326;0,6525519023071867;25,0;36,899054855283666;US$/barril
2010;NOV;Novembro;11;GLP;1445922,8876437503;90226100,0;4125394,285102343;62,400353968413086;0,25952981006304066;0,7404701899369592;25,0;34,70650676171273;US$/barril
2010;DEZ;Dezembro;12;GLP;1419037,74429;98657571,0;4323504,9490097165;69,5242754443873;0,24710965509158597;0,7528903449084141;25,0;36,002378348265324;US$/barril
2011;JAN;Janeiro;1;GLP;1219966,5453779167;89669096,0;4185155,160190329;73,50127455521549;0,22570565693666658;0,7742943430633334;25,0;35,94701203575055;US$/barril
2011;FEV;Fevereiro;2;GLP;1499427,8059;100507793,0;3776311,4833018435;67,0307650721952;0,2842118845730236;0,7157881154269764;25,0;36,94564295121461;US$/barril
2011;MAR;Março;3;GLP;2192124,5812;153431123,0;4084644,514341262;69,9919723157384;0,34924410119804916;0,6507558988019508;25,0;40,71318093253757;US$/barril
2011;ABR;Abril;4;GLP;1797023,8762400001;132590411,0;3581324,2211095854;73,78333296128781;0,33412189834376127;0,6658781016562386;25,0;41,29957981656126;US$/barril
2011;MAI;Maio;5;GLP;1576672,96251;121334361,0;4402652,8665756835;76,95594703852889;0,26368741352753705;0,7363125864724629;25,0;38,70012929196338;US$/barril
2011;JUN;Junho;6;GLP;2050729,6524;160786035,0;4696699,5563099515;78,40430590732896;0,30392755358630597;0,696072446413694;25,0;41,2310400453892;US$/barril
2011;JUL;Julho;7;GLP;1816289,56427;139452734,0;4522810,517511104;76,77891055661524;0,2865216735558583;0,7134783264441418;25,0;39,835780107580504;US$/barril
2011;AGO;Agosto;8;GLP;2228196,493420417;168549588,0;3762960,312933219;75,64395173302968;0,3719142338350098;0,6280857661649901;25,0;43,83520650716695;US$/barril
2011;SET;Setembro;9;GLP;2090990,72621;156563370,0;3976981,4607405146;74,87521012767812;0,3445946457544389;0,6554053542455612;25,0;42,18673036587545;US$/barril
2011;OUT;Outubro;10;GLP;2031451,38475;149446672,0;4306955,375627132;73,5664525973343;0,32049874070075135;0,6795012592992486;25,0;40,56548689774838;US$/barril
2011;NOV;Novembro;11;GLP;1185471,9397500001;84565519,0;4407051,47221718;71,3348972374949;0,2119744259296732;0,7880255740703268;25,0;34,821813242428384;US$/barril
2011;DEZ;Dezembro;12;GLP;1632288,4060015;111085079,0;4358441,865279388;68,05481101965134;0,2724690199835183;0,7275309800164818;25,0;36,73110216409998;US$/barril
2012;JAN;Janeiro;1;GLP;1886496,42349;128686691,0;4394310,9992443165;68,21464880486276;0,3003589023700274;0,6996410976299726;25,0;37,9799044813348;US$/barril
2012;FEV;Fevereiro;2;GLP;961051,51895;68600417,0;4076634,7520551784;71,38058225530887;0,1907724036888545;0,8092275963111454;25,0;33,8481351613339;US$/barril
2012;MAR;Março;3;GLP;1278708,0039291666;101076601,0;4399102,333178187;79,04588122496736;0,22521146850787974;0,7747885314921203;25,0;37,171752277477346;US$/barril
2012;ABR;Abril;4;GLP;1390817,9078120834;102614151,0;4093833,048542124;73,77971654206256;0,25358366810940997;0,7464163318905901;25,0;37,36973945007349;US$/barril
2012;MAI;Maio;5;GLP;1744422,7535445828;121441985,0;4892952,159914706;69,61729016274052;0,2628181737944676;0,7371818262055324;25,0;36,72623472022933;US$/barril
2012;JUN;Junho;6;GLP;1255341,7130112501;79950060,0;4393661,426265252;63,68788607224709;0,22222358211895568;0,7777764178810443;25,0;33,597360627584806;US$/barril
2012;JUL;Julho;7;GLP;1251202,0950700003;68863851,0;4614327,453067055;55,038151927125185;0,21331443048776272;0,7866855695122372;25,0;31,407571271239597;US$/barril
2012;AGO;Agosto;8;GLP;849700,847549167;47903206,0;4415566,507648004;56,37655433458672;0,1613784809446486;0,8386215190553514;25,0;30,063500675792838;US$/barril
2012;SET;Setembro;9;GLP;585348,3601383333;36561710,0;4225209,426450677;62,46145456247542;0,12167993528113967;0,8783200647188603;25,0;29,558307366699363;US$/barril
2012;OUT;Outubro;10;GLP;2552909,7008308326;182972835,0;4164592,279922316;71,67227064100715;0,38003854827961026;0,6199614517203899;25,0;42,73726197932143;US$/barril
2012;NOV;Novembro;11;GLP;1169055,9116712501;62257192,0;4082404,551505061;53,254246763098635;0,22261538858928293;0,7773846114107171;25,0;31,289830122464693;US$/barril
2012;DEZ;Dezembro;12;GLP;926868,55517625;74147023,0;4581040,640087357;79,99734437630205;0,1682795634999372;0,8317204365000629;25,0;34,25492910529984;US$/barril
2013;JAN;Janeiro;1;GLP;3001282,7378120837;209695282,0;4361648,77274364;69,86855298840207;0,4076206241371868;0,5923793758628131;25,0;43,28934757326489;US$/barril
2013;FEV;Fevereiro;2;GLP;811135,0826366666;43371204,0;3800115,4475917565;53,469767155204345;0,17590349457687918;0,8240965054231209;25,0;30,0079315323905;US$/barril
2013;MAR;Março;3;GLP;1427347,16442375;89315480,0;4387670,361314945;62,57446136872982;0,24545878978110747;0,7545412102188925;25,0;34,222981814245394;US$/barril
2013;ABR;Abril;4;GLP;1097531,0523916667;60536708,0;4476853,358745222;55,15717105960914;0,1968882967954172;0,8031117032045828;25,0;30,93759404609449;US$/barril
2013;MAI;Maio;5;GLP;1770441,6692787495;105248711,0;4717971,986658922;59,447714559766716;0,27286202193021164;0,7271379780697884;25,0;34,39947304565274;US$/barril
2013;JUN;Junho;6;GLP;949470,7823087501;52805206,0;4141807,3310274463;55,615409114115046;0,1864896713895254;0,8135103286104747;25,0;30,7094575851472;US$/barril
2013;JUL;Julho;7;GLP;2580795,97227625;143977315,0;4264353,560962427;55,78794935618746;0,37702550685626673;0,6229744931437333;25,0;36,60784221108165;US$/barril
2013;AGO;Agosto;8;GLP;2889476,7274666666;161245330,0;4258080,963132146;55,80433594333566;0,4042607072996693;0,5957392927003308;25,0;37,4529826363495;US$/barril
2013;SET;Setembro;9;GLP;1304948,28223375;84211308,0;3812812,15329394;64,53229537637384;0,25498424529111385;0,7450157547088861;25,0;35,08011250117007;US$/barril
2013;OUT;Outubro;10;GLP;1663513,7256366664;104022867,0;4011954,5468017915;62,532016055465945;0,29310598628753143;0,7068940137124685;25,0;36,000858583296804;US$/barril
2013;NOV;Novembro;11;GLP;1658355,3293941668;103995977,0;3932109,6723025274;62,71031012273587;0,2966399626669444;0,7033600373330555;25,0;36,18638498696726;US$/barril
2013;DEZ;Dezembro;12;GLP;1755734,1564195836;126883095,0;3814249,5827481113;72,2678285525577;0,31521351562903077;0,6847864843709692;25,0;39,899458414201995;US$/barril
2014;JAN;Janeiro;1;GLP;2942846,87059125;203331854,0;3916228,6027872027;69,09358962301305;0,4290442468541236;0,5709557531458763;25,0;43,91810095090043;US$/barril
2014;FEV;Fevereiro;2;GLP;1696101,4933220833;125826236,0;3234860,7160761966;74,1855581729071;0,34396968001282996;0,6560303199871701;25,0;41,91834070598729;US$/barril
2014;MAR;Março;3;GLP;1829362,5469391667;124721958,0;4066627,45422017;68,1778241326089;0,3102723285791626;0,6897276714208375;25,0;38,396884036606124;US$/barril
2014;ABR;Abril;4;GLP;1422568,3559358332;91977052,0;3820608,3416798273;64,65562910647841;0,27131802683337897;0,728681973166621;25,0;35,75928704200604;US$/barril
2014;MAI;Maio;5;GLP;1479756,5732545834;97239976,0;4217602,657030147;65,71349487985714;0,25972674592622297;0,740273254073777;25,0;35,57438354042924;US$/barril
2014;JUN;Junho;6;GLP;1151692,2758587499;65590563,0;4274669,625994083;56,95146557364287;0,212240225898959;0,787759774101041;25,0;31,781386271152776;US$/barril
2014;JUL;Julho;7;GLP;5262131,526443333;313721075,0;4170444,4288844564;59,6186304776847;0,5578679197882451;0,4421320802117548;25,0;44,31262337050391;US$/barril
2014;AGO;Agosto;8;GLP;2279244,317910417;134452638,0;4175650,461282524;58,99000688230936;0,3531032489108044;0,6468967510891955;25,0;37,00198186064404;US$/barril
2014;SET;Setembro;9;GLP;891785,3167679168;53844642,0;3930472,4838562654;60,37848009782026;0,1849310745378412;0,8150689254621588;25,0;31,54258034000553;US$/barril
2014;OUT;Outubro;10;GLP;1151993,9246633335;66688453,0;4051205,5321596526;57,889587412094635;0,22140106951939295;0,7785989304806071;25,0;32,28178982908932;US$/barril
2014;NOV;Novembro;11;GLP;2577619,6182262497;144505023,0;3875786,481725634;56,06142270884754;0,3994200238298142;0,6005799761701858;25,0;37,40655419855582;US$/barril
2014;DEZ;Dezembro;12;GLP;1611938,7421433332;85906344,0;3933697,4554799963;53,29380190079284;0,2906679566961416;0,7093320433038585;25,0;33,22410158566886;US$/barril
2015;JAN;Janeiro;1;GLP;1625073,187195;67011285,0;4004598,530995227;41,23585665434957;0,2886621580338637;0,7113378419661364;25,0;29,686677419373012;US$/barril
2015;FEV;Fevereiro;2;GLP;1159231,2170566663;42291751,0;3739183,0792971784;36,482584645520866;0,23665438383183407;0,7633456161681659;25,0;27,717403994082616;US$/barril
2015;MAR;Março;3;GLP;1708278,155277083;52731866,0;4011227,4509340036;30,86843078634749;0,2986758424402944;0,7013241575597056;25,0;26,752758508914894;US$/barril
2015;ABR;Abril;4;GLP;2269572,0600316664;68716670,0;3666381,8519559596;30,27736867673689;0,38234327518080596;0,6176567248191941;25,0;27,017766424200182;US$/barril
2015;MAI;Maio;5;GLP;612867,9994704167;19114577,0;3930963,793865391;31,188733979449136;0,13487911246390702;0,8651208875360931;25,0;25,834730946423324;US$/barril
2015;JUN;Junho;6;GLP;1497554,1148004169;45418737,0;3895414,4377111136;30,328611534717783;0,2776864170852617;0,7223135829147384;25,0;26,47968304511498;US$/barril
2015;JUL;Julho;7;GLP;1222197,3427191672;38387355,0;4151026,1621116437;31,408475258664122;0,2274607303456384;0,7725392696543616;25,0;26,457676462737695;US$/barril
2015;AGO;Agosto;8;GLP;1001002,8651958335;24878610,0;3890634,704463919;24,853685104220773;0,20463553379435268;0,7953644662056473;25,0;24,97005877320015;US$/barril
2015;SET;Setembro;9;GLP;1555787,4319079167;41975512,0;3926388,048322908;26,980235949408563;0,2837901554808331;0,7162098445191669;25,0;25,561971467971393;US$/barril
2015;OUT;Outubro;10;GLP;1426814,99180375;33928814,0;3861765,505418586;23,779406716989914;0,2697916752053109;0,7302083247946891;25,0;24,67069409343236;US$/barril
2015;NOV;Novembro;11;GLP;4112129,8990975004;115143473,0;3681727,848111794;28,000932807417108;0,5276116183375184;0,4723883816624817;25,0;26,583327015043494;US$/barril
2015;DEZ;Dezembro;12;GLP;1881348,8976800004;46942949,0;3951389,777135185;24,951750872944434;0,3225498350891937;0,6774501649108062;25,0;24,984437252025025;US$/barril
2016;JAN;Janeiro;1;GLP;496081,2572258333;10502633,0;3884945,803483544;21,17119493433883;0,11323400890966141;0,8867659910903387;25,0;24,56644905308157;US$/barril
2016;FEV;Fevereiro;2;GLP;4215591,997905417;97194767,0;3541579,0834592637;23,056018478138476;0,5434445049217336;0,4565554950782665;25,0;23,943553924274966;US$/barril
2016;MAR;Março;3;GLP;1224404,8837158333;26324031,0;3978113,99976569;21,49944952858374;0,2353484746789544;0,7646515253210456;25,0;24,17615078601549;US$/barril
2016;ABR;Abril;4;GLP;3252710,3493479174;81645630,0;4100833,9286766835;25,100799404523613;0,44233232661267124;0,5576676733873288;25,0;25,044586835124104;US$/barril
2016;MAI;Maio;5;GLP;2711196,6550337505;61457452,0;3961473,3079804615;22,66801704918559;0,40631361509884045;0,5936863849011595;25,0;24,052483576905736;US$/barril
2016;JUN;Junho;6;GLP;2812459,6562312506;69911608,0;3640979,064320699;24,857817193965683;0,4358079123420741;0,564192087657926;25,0;24,938035608131248;US$/barril
2016;JUL;Julho;7;GLP;2330815,8716341667;59403676,0;3605553,1815470965;25,486215673635034;0,3926332495088218;0,6073667504911783;25,0;25,190904439901445;US$/barril
2016;AGO;Agosto;8;GLP;2754161,5837066662;72612015,0;4007060,5012626937;26,36447165248587;0,40734671174747356;0,5926532882525264;25,0;25,55581304091276;US$/barril
2016;SET;Setembro;9;GLP;2338744,7810520832;50940056,0;4047796,8095270237;21,780938395973518;0,36619894318108004;0,6338010568189199;25,0;23,821183042570706;US$/barril
2016;OUT;Outubro;10;GLP;1509975,6919295834;40513400,0;3991107,920641114;26,83049814413126;0,2744869553480502;0,7255130446519499;25,0;25,502447862352845;US$/barril
2016;NOV;Novembro;11;GLP;1402832,4248462503;39279503,0;3683047,7602219298;28,000139078839023;0,275828838627555;0,7241711613724451;25,0;25,827524877837313;US$/barril
2016;DEZ;Dezembro;12;GLP;1051026,852189583;31841666,0;3660097,4387378427;30,29576830854978;0,22309469826844225;0,7769053017315577;25,0;26,18145783289549;US$/barril
2017;JAN;Janeiro;1;GLP;1296214,3455033335;40581273,0;3930503,8198577072;31,307532693785973;0,24799775011664438;0,7520022498833555;25,0;26,564253916846095;US$/barril
2017;FEV;Fevereiro;2;GLP;3389494,2890833328;107332782,0;3603432,715439732;31,666311504253184;0,4847032275456313;0,5152967724543688;25,0;28,231182701936092;US$/barril
2017;MAR;Março;3;GLP;1017986,5714162502;28068765,0;3671612,003485347;27,57282442434381;0,21707328573162804;0,7829267142683719;25,0;25,558491451402894;US$/barril
2017;ABR;Abril;4;GLP;637086,0354925;20758259,0;3645954,5713874223;32,583132957784585;0,1487462048501566;0,8512537951498433;25,0;26,1279622483446;US$/barril
2017;MAI;Maio;5;GLP;951185,4278141666;31281884,0;3708209,2526787724;32,88726160564305;0,20414356220914434;0,7958564377908556;25,0;26,610133680251387;US$/barril
2017;JUN;Junho;6;GLP;2907597,385212083;101796898,0;3897171,9302069354;35,010658118532746;0,42728816370361283;0,5727118362963872;25,0;29,277435724932523;US$/barril
2017;JUL;Julho;7;GLP;2517244,6663920833;88576291,0;4325205,884191204;35,187795680963596;0,36788642428369467;0,6321135757163053;25,0;28,74795172440257;US$/barril
2017;AGO;Agosto;8;GLP;3007280,629981667;101706807,0;4157816,1910048206;33,82019156643191;0,41971249030067204;0,5802875096993281;25,0;28,701944567276122;US$/barril
2017;SET;Setembro;9;GLP;2842660,3042866667;99765464,0;3734125,5944588026;35,0958093197263;0,43222637136916797;0,5677736286308319;25,0;29,363675028300324;US$/barril
2017;OUT;Outubro;10;GLP;1281575,5533762502;48770363,0;4200702,894329639;38,055004148227376;0,23376695758905452;0,7662330424109455;25,0;28,0518286010436;US$/barril
2017;NOV;Novembro;11;GLP;709217,13218375;31861774,0;3748515,8551982534;44,92527401572271;0,15909816361618118;0,8409018363838189;25,0;28,170074505450696;US$/barril
2017;DEZ;Dezembro;12;GLP;153252,75891875;7679310,0;4205485,131954495;50,10878795383604;0,03515989324332756;0,9648401067566724;25,0;25,882822303926222;US$/barril
2018;JAN;Janeiro;1;GLP;3135637,5802725;140558144,0;3745651,7579596173;44,82601716611169;0,45567588080493093;0,5443241191950692;25,0;34,03423783502163;US$/barril
2018;FEV;Fevereiro;2;GLP;3298176,9473970835;138343683,0;3644007,8352576117;41,945500561812075;0,4750920712507826;0,5249079287492173;25,0;33,050672960292594;US$/barril
2018;MAR;Março;3;GLP;2343434,6776062497;100087559,0;3904539,8404857963;42,70977124151654;0,37507110037348046;0,6249288996265197;25,0;31,64242338691823;US$/barril
2018;ABR;Abril;4;GLP;1869493,5515804167;70402531,0;3829691,8813503645;37,65861130704821;0,3280282022020536;0,6719717977979464;25,0;29,15238150942561;US$/barril
2018;MAI;Maio;5;GLP;1078962,4735754167;46159438,0;4032309,4068293665;42,781319212186276;0,2110947135705818;0,7889052864294182;25,0;28,753542486003546;US$/barril
2018;JUN;Junho;6;GLP;1556823,3476625;62861327,0;4079477,906054226;40,37794467457303;0,2762136510421422;0,7237863489578579;25,0;29,247598244087886;US$/barril
2018;JUL;Julho;7;GLP;2194016,047849584;96434416,0;4064817,8964940775;43,95337768587338;0,3505470934937325;0,6494529065062675;25,0;31,64405145967188;US$/barril
2018;AGO;Agosto;8;GLP;4392623,827917917;198426816,0;4052753,374216115;45,172731327201625;0,5201216858387285;0,4798783141612715;25,0;35,49227502587584;US$/barril
2018;SET;Setembro;9;GLP;1348556,9934704169;67709129,0;3936111,6896813144;50,208578004371404;0,2551828836062716;0,7448171163937284;25,0;31,432797626769123;US$/barril
2018;OUT;Outubro;10;GLP;1382287,4669454168;67921274,0;4073507,550810254;49,136865973394556;0,2533613272578637;0,7466386727421364;25,0;31,115348398864413;US$/barril
2018;NOV;Novembro;11;GLP;2997223,668180417;150438819,0;3799557,431736529;50,19272355183617;0,4409769307146057;0,5590230692853942;25,0;36,10940990823027;US$/barril
2018;DEZ;Dezembro;12;GLP;2022968,1630366663;93278851,0;3606277,7937693917;46,10989569899095;0,35936752072287587;0,6406324792771241;25,0;32,586210880064876;US$/barril
2019;JAN;Janeiro;1;GLP;2926847,0752470833;106793850,0;3755515,97118183;36,48767675741463;0,4379958189807129;0,5620041810192872;25,0;30,031554389549523;US$/barril
2019;FEV;Fevereiro;2;GLP;954056,6349225001;31860953,0;3382318,2493191794;33,39524283334409;0,2200124897848494;0,7799875102151506;25,0;26,84705827811245;US$/barril
2019;MAR;Março;3;GLP;1653493,96715;55890779,0;3619503,0258030337;33,80162257037722;0,31357764272571576;0,6864223572742841;25,0;27,75999205778034;US$/barril
2019;ABR;Abril;4;GLP;1967251,1801341665;65768594,0;3722471,4702687142;33,43172171614333;0,3457551977502573;0,6542448022497426;25,0;27,91531160934027;US$/barril
2019;MAI;Maio;5;GLP;2747859,6612645835;95836918,0;3893040,392247971;34,87693325498843;0,4137781986059503;0,5862218013940498;25,0;29,086859650000317;US$/barril
2019;JUN;Junho;6;GLP;1520617,2642233332;46392408,0;3650106,4534006827;30,50893153162724;0,29408209513117584;0,7059179048688241;25,0;26,620078126755136;US$/barril
2019;JUL;Julho;7;GLP;1745856,157944167;50551891,0;4464106,655969722;28,955358532817147;0,2811379407993305;0,7188620592006695;25,0;26,112001353039272;US$/barril
2019;AGO;Agosto;8;GLP;1597255,1693037502;42146768,0;4291936,314857244;26,386997400278844;0,27121807358439187;0,7287819264156082;25,0;25,37617876297019;US$/barril
2019;SET;Setembro;9;GLP;636511,6003629167;14764911,0;3969994,061594699;23,196609443695234;0,13817666732063016;0,8618233326793698;25,0;24,75081350305231;US$/barril
2019;OUT;Outubro;10;GLP;2973094,1338870833;72750746,0;3520348,5649210815;24,46970823116327;0,45786099482063314;0,5421390051793669;25,0;24,75720008317522;US$/barril
2019;NOV;Novembro;11;GLP;1095406,6234858334;28842496,0;3638413,511488937;26,330401315464577;0,23140013609572252;0,7685998639042775;25,0;25,307855045460432;US$/barril
2019;DEZ;Dezembro;12;GLP;2544167,0700333333;78239046,0;3850708,650386499;30,7523224089898;0,39784464644237144;0,6021553535576286;25,0;27,28853067502708;US$/barril
2020;JAN;Janeiro;1;GLP;1275556,1482333334;35585179,0;3922483,080298333;27,897775452132052;0,24539178951014776;0,7546082104898523;25,0;25,711090303797263;US$/barril
2020;FEV;Fevereiro;2;GLP;1020510,414651667;24550902,0;3728129,78582625;24,05747324820787;0,21490581968053926;0,7850941803194608;25,0;24,79744551583528;US$/barril
2020;MAR;Março;3;GLP;1422873,5826395834;35463851,0;3740732,2975441664;24,924105298385502;0,27555813043363986;0,7244418695663601;25,0;24,97908659791329;US$/barril
2020;ABR;Abril;4;GLP;2402376,9998725;45967604,0;3553792,9570854167;19,134217486447636;0,40334258713791;0,5966574128620901;25,0;22,634080105395476;US$/barril
2020;MAI;Maio;5;GLP;3033675,6581225;57478441,0;3915130,839348333;18,946798365245353;0,4365750664127244;0,5634249335872755;25,0;22,357323094297378;US$/barril
2020;JUN;Junho;6;GLP;2822420,3338033333;62972935,0;3811827,034092083;22,31167847176797;0,42543188055688824;0,5745681194431117;25,0;23,856302316702678;US$/barril
2020;JUL;Julho;7;GLP;1558747,6307120835;36914036,0;4193046,7892679167;23,68185540281241;0,2710019720623992;0,7289980279376007;25,0;24,642780214698764;US$/barril
2020;AGO;Agosto;8;GLP;827075,0222345834;21773491,0;4176352,0952591663;26,32589597636813;0,165301702775451;0,834698297224549;25,0;25,21917286259677;US$/barril
2020;SET;Setembro;9;GLP;1397661,5971133334;36072156,0;3838524,0756641664;25,808934061364916;0,26692361280839627;0,7330763871916036;25,0;25,21592360218329;US$/barril
2020;OUT;Outubro;10;GLP;1337613,4419291664;36113711,0;3718300,86382125;26,998615495307206;0,2645641047372604;0,7354358952627396;25,0;25,528761919229968;US$/barril
2020;NOV;Novembro;11;GLP;3382683,0173716666;95131164,0;3723450,7483099997;28,12299098421483;0,4760229864667032;0,5239770135332967;25,0;26,486615495014533;US$/barril
2020;DEZ;Dezembro;12;GLP;2270950,1323345834;72760549,0;3582869,8713324997;32,03969473570107;0,38794327992865574;0,6120567200713444;25,0;27,73100226546437;US$/barril
2021;JAN;Janeiro;1;GLP;1704005,7790454167;57515342,0;3578080,1126499996;33,753020504554904;0,32260092205703866;0,6773990779429613;25,0;27,823732485553577;US$/barril
2021;FEV;Fevereiro;2;GLP;1651692,7456004168;64971335,0;3478291,0942422496;39,33621139468157;0,32196841104495044;0,6780315889550497;25,0;29,61580720315014;US$/barril
2021;MAR;Março;3;GLP;2444167,2609495833;105107484,0;3635669,1914104163;43,00339247616168;0,402012008069861;0,597987991930139;25,0;32,23757996141158;US$/barril
2021;ABR;Abril;4;GLP;1848822,1024099998;80703388,0;3352352,5964066666;43,651245782274295;0,3554624117568346;0,6445375882431654;25,0;31,629816808036708;US$/barril
2021;MAI;Maio;5;GLP;2129153,2823966667;87614172,0;3270264,7760637496;41,14977194191379;0,3943301406455219;0,6056698593544781;25,0;31,36834184124797;US$/barril
2021;JUN;Junho;6;GLP;2261471,912815417;92043205,0;3580447,4284941666;40,700574028094344;0,3871111154897361;0,6128888845102639;25,0;31,07786672584478;US$/barril
2021;JUL;Julho;7;GLP;3370053,8081449997;152714787,0;4333634,899526916;45,315236994408636;0,43745975934734294;0,5625402406526571;25,0;33,88709868665824;US$/barril
2021;AGO;Agosto;8;GLP;3844327,382534166;197819019,0;3926704,753733493;51,45738104895699;0,49469971493137516;0,5053002850686249;25,0;38,08845886274979;US$/barril
2021;SET;Setembro;9;GLP;1390486,268464167;76342770,0;4108892,88967497;54,90364898340409;0,2528442263171168;0,7471557736828833;25,0;32,56096499126745;US$/barril
2021;OUT;Outubro;10;GLP;2236262,821513334;147855905,0;4065130,3635959835;66,1174096253777;0,3548838734262444;0,6451161265737556;25,0;39,59190559310758;US$/barril
2021;NOV;Novembro;11;GLP;712108,1772616669;47152712,0;4005256,752371293;66,21565866764868;0,15095465114187664;0,8490453488581233;25,0;31,22169537575757;US$/barril
2021;DEZ;Dezembro;12;GLP;1674473,6739833332;90984403,0;4128993,4494366664;54,336120306723686;0,28852988022038817;0,7114701197796117;25,0;33,46434727822988;US$/barril
2022;JAN;Janeiro;1;GLP;1412219,8067470833;79535722,0;4193395,7151103164;56,31964770640282;0,2519294805789944;0,7480705194210057;25,0;32,89034257859116;US$/barril
2022;FEV;Fevereiro;2;GLP;721223,1146750001;43320554,0;3328658,2426726497;60,06539879066584;0,17808499830902302;0,821915001690977;25,0;31,244621484340943;US$/barril
2022;MAR;Março;3;GLP;2334515,0433512507;155832006,0;4073249,053445583;66,75133940293635;0,36432599703822544;0,6356740029617746;25,0;40,211098355656134;US$/barril
2022;ABR;Abril;4;GLP;962732,4023050002;65235386,0;4062491,481103016;67,76066313319429;0,19158000213357507;0,8084199978664249;25,0;33,19208793429044;US$/barril
2022;MAI;Maio;5;GLP;2477119,97435;150654204,0;3864336,1485352535;60,81829122528952;0,39062321434512315;0,6093767856548769;25,0;38,991456050772314;US$/barril
2022;JUN;Junho;6;GLP;2646032,4344841666;161401877,0;3750946,6243587025;60,997694093445475;0,4136378140595007;0,5863621859404993;25,0;39,890007495995384;US$/barril
2022;JUL;Julho;7;GLP;3412682,9840254164;195138728,0;4277846,489542057;57,18044392445292;0,4437513692334041;0,5562486307665959;25,0;39,28011605401477;US$/barril
2022;AGO;Agosto;8;GLP;1483614,0157341666;81076293,0;4317560,782785066;54,64783436942619;0,2557437186883014;0,7442562813116985;25,0;32,582247412691885;US$/barril
2022;SET;Setembro;9;GLP;1436406,8381079168;73927983,0;4029664,7384676165;51,467300933613224;0,26278595477299227;0,7372140452270077;25,0;31,95523494610366;US$/barril
2022;OUT;Outubro;10;GLP;1660384,1691404164;72053024,0;3956022,2541246433;43,395393270523634;0,2956310573007221;0,704368942699278;25,0;30,43824956202749;US$/barril
2022;NOV;Novembro;11;GLP;1129144,12741875;48803046,0;3733066,85541406;43,22127247968327;0,23222853376899139;0,7677714662310087;25,0;29,23149939136212;US$/barril
2022;DEZ;Dezembro;12;GLP;2392760,7007925;91985750,0;4766756,739218193;38,44335539677397;0,33420697984764264;0,6657930201523573;25,0;29,492863206174334;US$/barril
2023;JAN;Janeiro;1;GLP;1581840,633943333;62491823,0;4042831,8118630797;39,505764145289156;0,28123248939104106;0,7187675106089589;25,0;29,079492161098976;US$/barril
2023;FEV;Fevereiro;2;GLP;925604,2919716666;41403169,0;3666407,3210501;44,73096047535115;0,20156836915370385;0,7984316308462961;25,0;28,97713752485272;US$/barril
2023;MAR;Março;3;GLP;1211559,6559783332;55542862,0;4147650,3163104397;45,84409997966563;0,22607057052121976;0,7739294294787803;25,0;29,712237574404355;US$/barril
2023;ABR;Abril;4;GLP;2766254,7689441666;112666031,0;4084626,097598153;40,72872544671753;0,40378088932384426;0,5962191106761557;25,0;31,350958748806185;US$/barril
2023;MAI;Maio;5;GLP;2085568,0553962502;75305613,0;4475073,585805833;36,10796243505572;0,3178908663900317;0,6821091336099682;25,0;28,531119802307785;US$/barril
2023;JUN;Junho;6;GLP;1487706,0612899996;45207364,0;4431642,7692653965;30,38729570060392;0,25132934447291433;0,7486706555270857;25,0;26,353985496914532;US$/barril
2023;JUL;Julho;7;GLP;1955508,5606475002;59371996,0;4688465,303343333;30,361409402544872;0,29432815370421783;0,7056718462957821;25,0;26,578013730703464;US$/barril
2023;AGO;Agosto;8;GLP;1453479,365105417;52392887,0;4604252,279262916;36,04652962940418;0,239937892669225;0,760062107330775;25,0;27,650481040587394;US$/barril
2023;SET;Setembro;9;GLP;1252897,4723349998;50161172,0;4370595,89918;40,03613472578537;0,22279700349277062;0,7772029965072295;25,0;28,350005761018576;US$/barril
2023;OUT;Outubro;10;GLP;1094396,6076191664;41890882,0;4313791,223536249;38,27760585911593;0,20235920825726153;0,7976407917427385;25,0;27,686845809202676;US$/barril
2023;NOV;Novembro;11;GLP;1452123,8540775003;52636822,0;4188254,7402741658;36,24816289065021;0,2574514865955403;0,7425485134044597;25,0;27,895856257666686;US$/barril
2023;DEZ;Dezembro;12;GLP;923777,8997874998;32788544,0;4169227,8371324996;35,49396885067555;0,18138167273028746;0,8186183272697126;25,0;26,903413623715064;US$/barril
2024;JAN;Janeiro;1;GLP;1895648,7579258333;77510644,0;4104524,652363383;40,888716159005114;0,31593232866822435;0,6840676713317756;25,0;30,019759095662927;US$/barril
2024;FEV;Fevereiro;2;GLP;1098259,0067425;50488416,0;3867682,6076708464;45,97131977979546;0,2211582600075018;0,7788417399924983;25,0;29,63798059256047;US$/barril
2024;MAR;Março;3;GLP;1711921,8011895833;73754809,0;4219466,452497916;43,083047922369545;0,2886207626225268;0,7113792373774733;25,0;30,219143081893996;US$/barril
2024;ABR;Abril;4;GLP;2019013,786836667;84015983,0;3769110,5301249996;41,6123869721731;0,3488200453677364;0,6511799546322635;25,0;30,794733577299812;US$/barril
2024;MAI;Maio;5;GLP;2292479,9924404165;87938181,0;4208572,52500518;38,35941045940692;0,3526321293803639;0,6473678706196361;25,0;29,71095735756697;US$/barril
2024;JUN;Junho;6;GLP;2650535,6649741665;100577680,0;4112351,8633019165;37,94617115668213;0,3919236648387394;0,6080763351612606;25,0;30,073910845356444;US$/barril
2024;JUL;Julho;7;GLP;1077749,1669475;43421586,0;4522043,5851799995;40,289139005305465;0,19246233113502934;0,8075376688649707;25,0;27,942583334008596;US$/barril
2024;AGO;Agosto;8;GLP;2173917,0967295836;91560511,0;4296418,118825;42,11775653162791;0,335982143784996;0,6640178562150039;25,0;30,75126053628596;US$/barril
2024;SET;Setembro;9;GLP;2212061,8545770836;88892648,0;4027654,8793625;40,18542601603475;0,35451318527731457;0,6454868147226854;25,0;30,38343374673748;US$/barril
2024;OUT;Outubro;10;GLP;576101,0746395834;24525542,0;4295027,62642625;42,57159564464189;0,11826849791784991;0,8817315020821501;25,0;27,07816622291163;US$/barril
2024;NOV;Novembro;11;GLP;2130180,5724516665;101686309,0;3978530,061364123;47,73600431580654;0,34871197870458875;0,6512880212954113;25,0;32,92831705280097;US$/barril
2024;DEZ;Dezembro;12;GLP;1396755,8872625;63917587,0;4243036,683668333;45,76145880814721;0,24766086158235587;0,7523391384176441;25,0;30,141800776132328;US$/barril
2025;JAN;Janeiro;1;GLP;1760975,9382229168;84242951,0;4000184,8406516663;47,838785966044206;0,3056633907319829;0,694336609268017;25,0;31,980980758583094;US$/barril
2025;FEV;Fevereiro;2;GLP;1382960,9893716667;65830019,0;3515476,175213333;47,600777972709956;0,2823269836694603;0,7176730163305397;25,0;31,380809473618385;US$/barril
2025;MAR;Março;3;GLP;1810548,893424583;81446835,0;4021921,8770716665;44,984609526863686;0,31042571230417576;0,6895742876958243;25,0;31,20373664749748;US$/barril
2025;ABR;Abril;4;GLP;1182094,5396716665;50024335,0;3614176,078835833;42,318387676415924;0,24646118488608343;0,7535388151139166;25,0;29,268310347046015;US$/barril
2025;MAI;Maio;5;GLP;2252901,3174370835;89855456,0;3915322,1771916663;39,88432840113042;0,36524314000601565;0,6347568599939843;25,0;30,436398842109593;US$/barril
2025;JUN;Junho;6;GLP;2060129,249294167;77459194,0;3922643,4818479167;37,59919142283852;0,3443435580580541;0,6556564419419459;25,0;29,338450403194734;US$/barril
2025;JUL;Julho;7;GLP;1852545,2255412503;69274939,0;3932862,35666744;37,39446575711005;0,32020997643073673;0,6797900235692632;25,0;28,96883158795578;US$/barril
2025;AGO;Agosto;8;GLP;1171037,3613454166;42963095,0;4060246,7490979163;36,68806514476982;0,22385275519783904;0,7761472448021609;25,0;27,616405585588552;US$/barril
2025;SET;Setembro;9;GLP;884251,0359545832;33687850,0;3988891,6577154165;38,0976087448206;0,18145395929062097;0,818546040709379;25,0;27,376612963987156;US$/barril
2025;OUT;Outubro;10;GLP;1140070,5984795839;42174424,0;3806766,5970825;36,99281786254683;0,2304645480353318;0,7695354519646683;25,0;27,763919348361913;US$/barril
2025;NOV;Novembro;11;GLP;1626916,0559466667;52162980,0;3930193,601132083;32,062490138526236;0,2927629930559802;0,7072370069440197;25,0;27,067635751383282;US$/barril
2025;DEZ;Dezembro;12;GLP;1053417,526929583;37085350,0;4189952,4078504164;35,20479681792784;0,2009046739086858;0,7990953260913142;25,0;27,050191377010186;US$/barril
2026;JAN;Janeiro;1;GLP;370777,32601500006;13272533,0;3904400,628590833;35,79650660586255;0,08672792804228084;0,9132720719577192;25,0;25,93635864802126;US$/barril
2026;FEV;Fevereiro;2;GLP;720972,5022091666;24749225,0;3731235,4592758333;34,32755746462549;0,16193594469219083;0,8380640553078091;25,0;26,510466829704825;US$/barril
2026;MAR;Março;3;GLP;1376155,46053;53506770,0;4228432,052502083;38,88134119628671;0,24554089972368007;0,75445910027632;25,0;28,408437006707626;US$/barril
2026;ABR;Abril;4;GLP;333281,6492125;15497653,0;4172014,576194583;46,50016896105406;0,0739755240361328;0,9260244759638673;25,0;26,590486265759374;US$/barril
2026;MAI;Maio;5;GLP;1876626,4240120836;95484927,0;4178045,0112941666;50,881158752875564;0,3099468640146222;0,6900531359853779;25,0;33,02178399251837;US$/barril
2026;JUN;Junho;6;GLP;1603136,4379129165;67712060,0;3745634,167532083;42,23724094759685;0,2997205444333205;0,7002794555666796;25,0;30,166355241342057;US$/barril
2026;JUL;Julho;7;GLP;1576579,5611104167;61948974,0;3874577,5058704163;39,29327483883407;0,2892192504707295;0,7107807495292705;25,0;29,133890235659727;US$/barril
2026;AGO;Agosto;8;GLP;0,0;0,0;0,0;;;;25,0;;US$/barril
2026;SET;Setembro;9;GLP;0,0;0,0;0,0;;;;25,0;;US$/barril
2026;OUT;Outubro;10;GLP;0,0;0,0;0,0;;;;25,0;;US$/barril
2026;NOV;Novembro;11;GLP;0,0;0,0;0,0;;;;25,0;;US$/barril
2026;DEZ;Dezembro;12;GLP;0,0;0,0;0,0;;;;25,0;;US$/barril
2010;JAN;Janeiro;1;QUEROSENE DE AVIAÇÃO;867754,76722;77486957,0;2455982,1107;89,29591622785622;0,2610780573470191;0,738921942652981;25,0;41,786252904115386;US$/barril
2010;FEV;Fevereiro;2;QUEROSENE DE AVIAÇÃO;825770,28547;61101892,0;2317342,11868;73,99381289824798;0,2627237525389472;0,7372762474610528;25,0;37,87183837581878;US$/barril
2010;MAR;Março;3;QUEROSENE DE AVIAÇÃO;877952,2732204755;77464180,0;1801433,03305;88,23279164805673;0,3276692871181436;0,6723307128818564;25,0;45,719443761808854;US$/barril
2010;ABR;Abril;4;QUEROSENE DE AVIAÇÃO;1141069,1480725908;103602773,0;2395656,54299;90,79447391509805;0,32263433688287046;0,6773656631171294;25,0;46,22755646215498;US$/barril
2010;MAI;Maio;5;QUEROSENE DE AVIAÇÃO;950531,4378001252;87471705,0;2408393,40824;92,02399996620971;0,28298681315264246;0,7170131868473575;25,0;43,966908155180505;US$/barril
2010;JUN;Junho;6;QUEROSENE DE AVIAÇÃO;1047313,192979975;91337694,0;2178997,74773;87,21144220489774;0,3246163225512001;0,6753836774487999;25,0;45,19484958916043;US$/barril
2010;JUL;Julho;7;QUEROSENE DE AVIAÇÃO;1078518,656508348;92940521,0;2459875,50309;86,17423578085376;0,3048045547957759;0,6951954452042242;25,0;43,64618570215495;US$/barril
2010;AGO;Agosto;8;QUEROSENE DE AVIAÇÃO;1025436,0372403755;88929815,0;2635675,69259;86,72390258423665;0,28008870335347164;0,7199112966465283;25,0;42,28816784073484;US$/barril
2010;SET;Setembro;9;QUEROSENE DE AVIAÇÃO;949715,4156416772;82126112,0;2618617,72787;86,47444344631525;0,26615099472103687;0,7338490052789631;25,0;41,36148427315893;US$/barril
2010;OUT;Outubro;10;QUEROSENE DE AVIAÇÃO;1273340,2154611766;110220198,0;2584181,01812;86,55989708145721;0,33009285972978447;0,6699071402702155;25,0;45,32048247228943;US$/barril
2010;NOV;Novembro;11;QUEROSENE DE AVIAÇÃO;1183836,4789405633;112052153,0;2596056,1794000003;94,65171499046684;0,3131931475165984;0,6868068524834017;25,0;46,81443984779335;US$/barril
2010;DEZ;Dezembro;12;QUEROSENE DE AVIAÇÃO;872792,90503;86488346,0;2886934,73266;99,09377757490728;0,23214258827701928;0,7678574117229807;25,0;42,20032130146075;US$/barril
2011;JAN;Janeiro;1;QUEROSENE DE AVIAÇÃO;721885,7210191113;78214316,0;2783196,89633;108,34722688458515;0,2059539816396888;0,7940460183603111;25,0;42,16569323550682;US$/barril
2011;FEV;Fevereiro;2;QUEROSENE DE AVIAÇÃO;1115875,1921;115915039,0;2658180,63277;103,87813961690097;0,29567002818206517;0,7043299718179349;25,0;48,32190176347798;US$/barril
2011;MAR;Março;3;QUEROSENE DE AVIAÇÃO;486464,4722808;56860555,0;2871524,69816;116,88531894920911;0,14486779068943284;0,8551322093105672;25,0;38,3112231529658;US$/barril
2011;ABR;Abril;4;QUEROSENE DE AVIAÇÃO;1051832,34668;141121545,0;2624247,10782;134,1673370717639;0,2861288390794764;0,7138711609205236;25,0;56,235923421741695;US$/barril
2011;MAI;Maio;5;QUEROSENE DE AVIAÇÃO;1073393,8153600001;147729110,0;2982237,93378;137,62806146824488;0,26466747519362777;0,7353325248063723;25,0;54,80898466475308;US$/barril
2011;JUN;Junho;6;QUEROSENE DE AVIAÇÃO;1265924,89946;166829049,0;2600188,5845700004;131,7843175935346;0,3274412157556254;0,6725587842443747;25,0;59,96558677646179;US$/barril
2011;JUL;Julho;7;QUEROSENE DE AVIAÇÃO;781678,71737;99518541,0;2840591,4125800002;127,31386794671279;0,2157980187360543;0,7842019812639458;25,0;47,079129992122915;US$/barril
2011;AGO;Agosto;8;QUEROSENE DE AVIAÇÃO;871751,1345844807;112785895,0;2977753,29925;129,37854684153555;0,22645801545840322;0,7735419845415967;25,0;48,63735857416612;US$/barril
2011;SET;Setembro;9;QUEROSENE DE AVIAÇÃO;1209348,0585100001;154414422,0;2696768,61712;127,6840202565415;0,3096036700734111;0,6903963299265888;25,0;56,791349529317735;US$/barril
2011;OUT;Outubro;10;QUEROSENE DE AVIAÇÃO;875491,23352;109032569,0;2724751,98181;124,53873302834074;0,24317558041415602;0,7568244195858439;25,0;49,20538917785648;US$/barril
2011;NOV;Novembro;11;QUEROSENE DE AVIAÇÃO;1093219,29648;135213553,0;3168410,01997;123,6838330931105;0,25652613479547487;0,7434738652045252;25,0;50,31498227017741;US$/barril
2011;DEZ;Dezembro;12;QUEROSENE DE AVIAÇÃO;791487,1728802;102182879,0;3006787,06221;129,1023815688122;0,20838073395756376;0,7916192660424363;25,0;46,692930678039446;US$/barril
2012;JAN;Janeiro;1;QUEROSENE DE AVIAÇÃO;1151475,5167;141462717,0;2890312,36063;122,85343018444397;0,2848926147654892;0,7151073852345108;25,0;52,87771958901848;US$/barril
2012;FEV;Fevereiro;2;QUEROSENE DE AVIAÇÃO;1066556,79189;135352903,0;2769063,69326;126,90641888853088;0,27806629879553635;0,7219337012044637;25,0;53,33674072384132;US$/barril
2012;MAR;Março;3;QUEROSENE DE AVIAÇÃO;1260477,845278974;165684857,0;2979810,0671200003;131,44606834666735;0,2972623254173911;0,7027376745826088;25,0;56,642405808268876;US$/barril
2012;ABR;Abril;4;QUEROSENE DE AVIAÇÃO;885443,1063021652;121716768,0;2867084,0923;137,4642448890026;0,23595914418208538;0,7640408558179147;25,0;51,53696697509353;US$/barril
2012;MAI;Maio;5;QUEROSENE DE AVIAÇÃO;870532,9660632666;118520563,0;2818243,71765;136,14712781754255;0,23599503052240997;0,76400496947759;25,0;51,23016982177916;US$/barril
2012;JUN;Junho;6;QUEROSENE DE AVIAÇÃO;1917167,7176224284;242267935,0;2771195,93885;126,36762698072555;0,40892043751250395;0,5910795624874959;25,0;66,4512943745626;US$/barril
2012;JUL;Julho;7;QUEROSENE DE AVIAÇÃO;6216,937945969962;752707,0;2730513,44777;121,07359065533718;0,0022716662110445775;0,9977283337889554;25,0;25,218247129665457;US$/barril
2012;AGO;Agosto;8;QUEROSENE DE AVIAÇÃO;0,0;0,0;2838207,57459;;0,0;1,0;25,0;25,0;US$/barril
2012;SET;Setembro;9;QUEROSENE DE AVIAÇÃO;321685,6490348686;35567785,0;2858366,4156400003;110,56690003645357;0,10115735292772887;0,8988426470722711;25,0;33,655721105919234;US$/barril
2012;OUT;Outubro;10;QUEROSENE DE AVIAÇÃO;568712,5207782603;67233383,0;2686057,07069;118,22033196665656;0,17473203702929652;0,8252679629707035;25,0;41,28857849708115;US$/barril
2012;NOV;Novembro;11;QUEROSENE DE AVIAÇÃO;2413211,434188411;312404540,0;2817709,0838;129,45593393687238;0,46133590175757994;0,53866409824242;25,0;73,18927247669723;US$/barril
2012;DEZ;Dezembro;12;QUEROSENE DE AVIAÇÃO;0,0;0,0;3081623,22159;;0,0;1,0;25,0;25,0;US$/barril
2013;JAN;Janeiro;1;QUEROSENE DE AVIAÇÃO;1063994,3122750563;142003806,0;3042129,5046;133,46293712450804;0,2591237770040757;0,7408762229959243;25,0;53,105325932658104;US$/barril
2013;FEV;Fevereiro;2;QUEROSENE DE AVIAÇÃO;713930,0875098372;89384361,0;2543278,38369;125,20043988028222;0,21918464655314226;0,7808153534468577;25,0;46,96239799962904;US$/barril
2013;MAR;Março;3;QUEROSENE DE AVIAÇÃO;417460,1922997372;52518340,0;3248995,06569;125,80442631112415;0,1138593444963036;0,8861406555036964;25,0;36,47752590211053;US$/barril
2013;ABR;Abril;4;QUEROSENE DE AVIAÇÃO;2181280,91727159;281103119,0;2886519,6052;128,87066345934574;0,43041964805034766;0,5695803519496523;25,0;69,7079744089277;US$/barril
2013;MAI;Maio;5;QUEROSENE DE AVIAÇÃO;1330634,2285769212;173403854,0;3194833,5117800003;130,3166943070831;0,2940324193918516;0,7059675806081485;25,0;55,966522429463694;US$/barril
2013;JUN;Junho;6;QUEROSENE DE AVIAÇÃO;880249,2189416644;110159355,0;2997157,3631;125,14564356267886;0,22702009714910154;0,7729799028508985;25,0;47,735073730658655;US$/barril
2013;JUL;Julho;7;QUEROSENE DE AVIAÇÃO;841909,1428476345;98632763,0;3118154,43807;117,15369032148661;0,21259990544205998;0,78740009455794;25,0;44,59186584848493;US$/barril
2013;AGO;Agosto;8;QUEROSENE DE AVIAÇÃO;601321,8163683354;72191942,0;3062577,67691;120,05541797236131;0,164120718232446;0,835879281767554;25,0;40,6005634695093;US$/barril
2013;SET;Setembro;9;QUEROSENE DE AVIAÇÃO;336411,24357185233;41450315,0;2451057,18947;123,2132272390796;0,1206870146345443;0,8793129853654557;25,0;36,85306119310862;US$/barril
2013;OUT;Outubro;10;QUEROSENE DE AVIAÇÃO;1864605,7592222905;231854785,0;2156109,12914;124,34520479905868;0,4637498084281669;0,5362501915718332;25,0;71,07131969382047;US$/barril
2013;NOV;Novembro;11;QUEROSENE DE AVIAÇÃO;679821,0382875344;85688115,0;3116940,50474;126,04510624714986;0,17905286665578837;0,8209471333442117;25,0;43,0924159350909;US$/barril
2013;DEZ;Dezembro;12;QUEROSENE DE AVIAÇÃO;1426779,5557476848;242117882,0;3118311,68332;169,6953681629685;0,3139165928031742;0,6860834071968258;25,0;70,42227696811996;US$/barril
2014;JAN;Janeiro;1;QUEROSENE DE AVIAÇÃO;1008842,2746681602;125516730,0;3228546,8933800003;124,41660421227527;0,23808110009703368;0,7619188999029665;25,0;48,66921449876989;US$/barril
2014;FEV;Fevereiro;2;QUEROSENE DE AVIAÇÃO;340768,7436444055;42363203,0;2787882,80478;124,3165747742589;0,10891872692438928;0,8910812730756107;25,0;35,81743488690319;US$/barril
2014;MAR;Março;3;QUEROSENE DE AVIAÇÃO;808604,7248512766;102364023,0;3409498,43727;126,59340200964989;0,19169866022068335;0,8083013397793167;25,0;44,47531905251117;US$/barril
2014;ABR;Abril;4;QUEROSENE DE AVIAÇÃO;1445167,1264737046;178580584,0;2919805,27972;123,57088722032272;0,33108276341519954;0,6689172365848005;25,0;57,63512173319242;US$/barril
2014;MAI;Maio;5;QUEROSENE DE AVIAÇÃO;231675,79141997496;27587958,0;3224099,9977100003;119,08002053606616;0,06704016856322197;0,9329598314367781;25,0;31,30714043516926;US$/barril
2014;JUN;Junho;6;QUEROSENE DE AVIAÇÃO;1501947,9965796245;185209678,0;3166126,81894;123,3129764957087;0,3217489127608243;0,6782510872391758;25,0;56,632093297774745;US$/barril
2014;JUL;Julho;7;QUEROSENE DE AVIAÇÃO;987331,7778526783;119187632,0;3282978,90912;120,71690051263013;0,23120841789444144;0,7687915821055585;25,0;47,13055313328486;US$/barril
2014;AGO;Agosto;8;QUEROSENE DE AVIAÇÃO;0,0;0,0;3584084,69344;;0,0;1,0;25,0;25,0;US$/barril
2014;SET;Setembro;9;QUEROSENE DE AVIAÇÃO;1017825,823722328;123961807,0;3028719,6296800002;121,79078591920054;0,25152956650135777;0,7484704334986422;25,0;49,34574442358223;US$/barril
2014;OUT;Outubro;10;QUEROSENE DE AVIAÇÃO;478642,4809387734;57382995,0;3047752,59474;119,88696633749119;0,13573138308861848;0,8642686169113815;25,0;37,87913917807086;US$/barril
2014;NOV;Novembro;11;QUEROSENE DE AVIAÇÃO;511733,24219769717;59950422,0;3333876,05164;117,15170533486554;0,13306948342820776;0,8669305165717923;25,0;37,26257982593897;US$/barril
2014;DEZ;Dezembro;12;QUEROSENE DE AVIAÇÃO;1124751,5467326783;120497442,0;3223099,91792;107,13249726131636;0,25869134580073044;0,7413086541992696;25,0;46,24696625050474;US$/barril
2015;JAN;Janeiro;1;QUEROSENE DE AVIAÇÃO;323570,805067572;31441884,0;3318258,45341;97,17157267459258;0,08884842811187621;0,9111515718881238;25,0;31,412330786499588;US$/barril
2015;FEV;Fevereiro;2;QUEROSENE DE AVIAÇÃO;1521712,4610321529;141693277,0;2818067,6029700004;93,11435677137831;0,3506427603680973;0,6493572396319027;25,0;48,88380607901349;US$/barril
2015;MAR;Março;3;QUEROSENE DE AVIAÇÃO;324291,5669121152;20468060,0;2851617,4495099997;63,116226533103024;0,10210984169737095;0,8978901583026291;25,0;28,892041857396283;US$/barril
2015;ABR;Abril;4;QUEROSENE DE AVIAÇÃO;735587,6824350313;47902302,0;2820627,55564;65,12113123132787;0,20684565842904457;0,7931543415709555;25,0;33,29888180646212;US$/barril
2015;MAI;Maio;5;QUEROSENE DE AVIAÇÃO;1333140,9264726408;92228529,0;2981369,94;69,18137997910512;0,30899004956326825;0,6910099504367316;25,0;38,651606789517274;US$/barril
2015;JUN;Junho;6;QUEROSENE DE AVIAÇÃO;1012245,6995184731;75431456,0;3005749,2435600003;74,51891970090153;0,2519280670729066;0,7480719329270935;25,0;37,4752057237866;US$/barril
2015;JUL;Julho;7;QUEROSENE DE AVIAÇÃO;770549,9967333166;54713045,0;3332599,22021;71,00518490941725;0,18779477810639938;0,8122052218936006;25,0;33,63953349180788;US$/barril
2015;AGO;Agosto;8;QUEROSENE DE AVIAÇÃO;0,0;0,0;3139489,47359;;0,0;1,0;25,0;25,0;US$/barril
2015;SET;Setembro;9;QUEROSENE DE AVIAÇÃO;16449,577140475594;1396736,0;2844396,74763;84,91014620450099;0,00574989890161099;0,994250101098389;25,0;25,344477283856612;US$/barril
2015;OUT;Outubro;10;QUEROSENE DE AVIAÇÃO;1076186,089522766;81149413,0;2975488,96765;75,40462917150849;0,2656151034662987;0,7343848965337013;25,0;38,38823079257064;US$/barril
2015;NOV;Novembro;11;QUEROSENE DE AVIAÇÃO;1268467,8326441175;86865773,0;2647355,86976;68,48086389303901;0,32393384611910453;0,6760661538808955;25,0;39,08492347345343;US$/barril
2015;DEZ;Dezembro;12;QUEROSENE DE AVIAÇÃO;259695,28906103878;15030559,0;2845547,78286;57,87767292331289;0,08363122726504625;0,9163687727349538;25,0;27,749600136195436;US$/barril
2016;JAN;Janeiro;1;QUEROSENE DE AVIAÇÃO;252191,6559404756;14547913,0;3199393,6240300005;57,685941058389815;0,07306545702461473;0,9269345429753854;25,0;27,388213221710874;US$/barril
2016;FEV;Fevereiro;2;QUEROSENE DE AVIAÇÃO;1011175,8492828787;59528150,0;2875078,44081;58,870225235518724;0,2601929194033034;0,7398070805966965;25,0;33,812792784877054;US$/barril
2016;MAR;Março;3;QUEROSENE DE AVIAÇÃO;759909,070935995;37637143,0;2925918,97504;49,52848234018524;0,2061705162197206;0,7938294837802794;25,0;30,057049866162288;US$/barril
2016;ABR;Abril;4;QUEROSENE DE AVIAÇÃO;1432837,335522716;77588525,0;2697850,46444;54,15026749822567;0,3468762116409885;0,6531237883590115;25,0;35,111534358105956;US$/barril
2016;MAI;Maio;5;QUEROSENE DE AVIAÇÃO;1925170,111421314;84605061,0;2435099,9415;43,94679747938628;0,4415254303185831;0,5584745696814171;25,0;33,365492910245074;US$/barril
2016;JUN;Junho;6;QUEROSENE DE AVIAÇÃO;157166,9619393617;7497807,0;3216545,9359;47,70599945103482;0,04658575483409293;0,953414245165907;25,0;26,057776123688956;US$/barril
2016;JUL;Julho;7;QUEROSENE DE AVIAÇÃO;345199,33618986234;17241319,0;3447790,8005500003;49,94597959052024;0,0910098164627886;0,9089901835372114;25,0;27,27032902401772;US$/barril
2016;AGO;Agosto;8;QUEROSENE DE AVIAÇÃO;258798,14488500624;14608898,0;3251385,19349;56,44900587093189;0,07372781417303789;0,926272185826962;25,0;27,318666460778843;US$/barril
2016;SET;Setembro;9;QUEROSENE DE AVIAÇÃO;667861,9761377221;35345172,0;2737734,14965;52,922869189832944;0,196107216319799;0,8038927836802011;25,0;30,475876148480022;US$/barril
2016;OUT;Outubro;10;QUEROSENE DE AVIAÇÃO;933895,7247930038;56645033,0;3434726,86518;60,65455863667784;0,21377349623574943;0,7862265037642506;25,0;32,62199965650515;US$/barril
2016;NOV;Novembro;11;QUEROSENE DE AVIAÇÃO;0,0;0,0;3186059,22683;;0,0;1,0;25,0;25,0;US$/barril
2016;DEZ;Dezembro;12;QUEROSENE DE AVIAÇÃO;270806,5336298874;39449900,0;3005875,03976;145,67558423060933;0,08264658239272386;0,9173534176072762;25,0;34,97342461490514;US$/barril
2017;JAN;Janeiro;1;QUEROSENE DE AVIAÇÃO;764166,7606193242;46016903,0;3416593,34295;60,2184043738114;0,1827817769230329;0,8172182230769671;25,0;31,437282531839163;US$/barril
2017;FEV;Fevereiro;2;QUEROSENE DE AVIAÇÃO;166605,1800250313;8332727,0;3085554,35284;50,01481345746912;0,05122909203604115;0,9487709079639588;25,0;26,281486180877085;US$/barril
2017;MAR;Março;3;QUEROSENE DE AVIAÇÃO;490875,85437677096;32109877,0;3182033,74843;65,41343745816863;0,13364768193631896;0,8663523180636811;25,0;30,40116223536264;US$/barril
2017;ABR;Abril;4;QUEROSENE DE AVIAÇÃO;0,0;168,0;3123544,80524;;0,0;1,0;25,0;25,0;US$/barril
2017;MAI;Maio;5;QUEROSENE DE AVIAÇÃO;318780,5361530288;19497916,0;2838534,64471;61,16407304942902;0,10096569961884276;0,8990343003811573;25,0;28,65133093650254;US$/barril
2017;JUN;Junho;6;QUEROSENE DE AVIAÇÃO;615777,9645765582;41144893,0;3143823,1526800003;66,81774172983508;0,16378811085839376;0,8362118891416063;25,0;31,84924891829391;US$/barril
2017;JUL;Julho;7;QUEROSENE DE AVIAÇÃO;0,0;0,0;3179083,82754;;0,0;1,0;25,0;25,0;US$/barril
2017;AGO;Agosto;8;QUEROSENE DE AVIAÇÃO;315605,92183770967;17673469,0;3104222,5089200004;55,99853417543927;0,09228706299976072;0,9077129370002393;25,0;27,860763676349002;US$/barril
2017;SET;Setembro;9;QUEROSENE DE AVIAÇÃO;302868,86765724653;16554974,0;3094328,63779;54,660533874135545;0,08915256389174034;0,9108474361082597;25,0;27,644312641276997;US$/barril
2017;OUT;Outubro;10;QUEROSENE DE AVIAÇÃO;640639,2927246934;40897537,0;3510758,08846;63,83863347822344;0,15431895188551495;0,8456810481144851;25,0;30,993537211025114;US$/barril
2017;NOV;Novembro;11;QUEROSENE DE AVIAÇÃO;0,0;0,0;3359947,31409;;0,0;1,0;25,0;25,0;US$/barril
2017;DEZ;Dezembro;12;QUEROSENE DE AVIAÇÃO;6318,637639824781;469103,0;3760897,5423500002;74,24116189910337;0,0016772697233005214;0,9983227302766995;25,0;25,082590709993504;US$/barril
2018;JAN;Janeiro;1;QUEROSENE DE AVIAÇÃO;1004184,0681473091;63758335,0;4286562,1232900005;63,49267731127452;0,18980008335544588;0,8101999166445542;25,0;32,30591336225419;US$/barril
2018;FEV;Fevereiro;2;QUEROSENE DE AVIAÇÃO;297646,2628663579;22953199,0;3315792,8478900003;77,11569693151465;0,08237201561812264;0,9176279843818774;25,0;29,292875001592073;US$/barril
2018;MAR;Março;3;QUEROSENE DE AVIAÇÃO;152984,655510801;12030759,0;3230962,18042;78,6402986615256;0,045208941785493645;0,9547910582145064;25,0;27,425021139545407;US$/barril
2018;ABR;Abril;4;QUEROSENE DE AVIAÇÃO;2580,4516252440553;225250,0;3581128,48274;87,2909214016737;0,00072005056004949;0,9992799494399505;25,0;25,04485261284127;US$/barril
2018;MAI;Maio;5;QUEROSENE DE AVIAÇÃO;0,0;0,0;3478308,95867;;0,0;1,0;25,0;25,0;US$/barril
2018;JUN;Junho;6;QUEROSENE DE AVIAÇÃO;351727,7181321152;31498334,0;3357827,64812;89,55317530069854;0,09481667839007811;0,905183321609922;25,0;31,12071766154467;US$/barril
2018;JUL;Julho;7;QUEROSENE DE AVIAÇÃO;317166,5189511514;26040256,0;3499643,99419;82,102789683203;0,0830972661228944;0,9169027338771055;25,0;29,745085710664785;US$/barril
2018;AGO;Agosto;8;QUEROSENE DE AVIAÇÃO;0,28339569461827285;988,0;2832282,57357;3486,2914954682433;1,0005910741622846e-07;0,9999998999408926;25,0;25,000346333737546;US$/barril
2018;SET;Setembro;9;QUEROSENE DE AVIAÇÃO;632961,8829386107;56066562,0;2850661,3983899998;88,57810163813252;0,18169642117479676;0,8183035788252032;25,0;36,551913532736165;US$/barril
2018;OUT;Outubro;10;QUEROSENE DE AVIAÇÃO;1221339,065652278;109100217,0;3074987,47204;89,32836103275963;0,2842751953179765;0,7157248046820236;25,0;43,28695739707305;US$/barril
2018;NOV;Novembro;11;QUEROSENE DE AVIAÇÃO;822109,679026821;76806487,0;3167586,05486;93,42608286879714;0,20605823949033564;0,7939417605096644;25,0;39,099758171164154;US$/barril
2018;DEZ;Dezembro;12;QUEROSENE DE AVIAÇÃO;592836,4848174093;55017942,0;3430179,33255;92,80458171690505;0,1473612115214976;0,8526387884785024;25,0;34,99176530851151;US$/barril
2019;JAN;Janeiro;1;QUEROSENE DE AVIAÇÃO;1240986,2593919525;106941405,0;3774590,4587200005;86,17452787301465;0,24742643351672333;0,7525735664832767;25,0;40,1361952536894;US$/barril
2019;FEV;Fevereiro;2;QUEROSENE DE AVIAÇÃO;653893,1504427034;51998993,0;3248479,30127;79,5221558213223;0,16756297829944902;0,832437021700551;25,0;34,13589481272741;US$/barril
2019;MAR;Março;3;QUEROSENE DE AVIAÇÃO;0,0;0,0;3107266,77696;;0,0;1,0;25,0;25,0;US$/barril
2019;ABR;Abril;4;QUEROSENE DE AVIAÇÃO;1009459,0460369838;82945852,0;2943888,96221;82,16861528522188;0,25534282434310757;0,7446571756568924;25,0;39,5975956907131;US$/barril
2019;MAI;Maio;5;QUEROSENE DE AVIAÇÃO;324644,4968892491;27587125,0;3553208,01615;84,97641347486392;0,08371759776774244;0,9162824022322575;25,0;30,021081258840468;US$/barril
2019;JUN;Junho;6;QUEROSENE DE AVIAÇÃO;4384,737547647059;393645,0;3058432,69212;89,77618288949542;0,0014316026496306233;0,9985683973503693;25,0;25,09273375505756;US$/barril
2019;JUL;Julho;7;QUEROSENE DE AVIAÇÃO;73187,74108963704;5833200,0;3351053,52275;79,70187237854165;0,02137341835766878;0,9786265816423313;25,0;26,16916600329438;US$/barril
2019;AGO;Agosto;8;QUEROSENE DE AVIAÇÃO;899793,5242999875;68019748,0;3146206,99067;75,59484055291166;0,22239085758165356;0,7776091424183464;25,0;36,25182997976904;US$/barril
2019;SET;Setembro;9;QUEROSENE DE AVIAÇÃO;991862,2358920776;78155136,0;2802336,78816;78,79636220821286;0,2614154475304255;0,7385845524695746;25,0;39,063200102168835;US$/barril
2019;OUT;Outubro;10;QUEROSENE DE AVIAÇÃO;680115,2817395745;53656527,0;2482940,23636;78,89328241935581;0,21501844588178493;0,7849815541182151;25,0;36,588049829278006;US$/barril
2019;NOV;Novembro;11;QUEROSENE DE AVIAÇÃO;328808,02048093866;25960621,0;2807840,37191;78,95373404221739;0,1048278223592354;0,8951721776407646;25,0;30,655852447795;US$/barril
2019;DEZ;Dezembro;12;QUEROSENE DE AVIAÇÃO;320144,38580548187;24623877,0;3881982,67466;76,91491118311019;0,07618626976263267;0,9238137302373672;25,0;28,955203428099548;US$/barril
2020;JAN;Janeiro;1;QUEROSENE DE AVIAÇÃO;956070,6619254089;78953444,0;3669743,57793156;82,58118060123032;0,20668159427754515;0,7933184057224549;25,0;36,90097020704554;US$/barril
2020;FEV;Fevereiro;2;QUEROSENE DE AVIAÇÃO;583825,8210731447;45326397,0;3234199,0864708703;77,6368488065232;0,15291304672202802;0,847086953277972;25,0;33,048860920852206;US$/barril
2020;MAR;Março;3;QUEROSENE DE AVIAÇÃO;0,0;0,0;2914231,42621268;;0,0;1,0;25,0;25,0;US$/barril
2020;ABR;Abril;4;QUEROSENE DE AVIAÇÃO;0,0;0,0;479515,71033615;;0,0;1,0;25,0;25,0;US$/barril
2020;MAI;Maio;5;QUEROSENE DE AVIAÇÃO;0,0;0,0;238040,8785588;;0,0;1,0;25,0;25,0;US$/barril
2020;JUN;Junho;6;QUEROSENE DE AVIAÇÃO;0,0;0,0;802498,40359746;;0,0;1,0;25,0;25,0;US$/barril
2020;JUL;Julho;7;QUEROSENE DE AVIAÇÃO;0,0;0,0;1217744,25669109;;0,0;1,0;25,0;25,0;US$/barril
2020;AGO;Agosto;8;QUEROSENE DE AVIAÇÃO;0,0;0,0;1338394,7694199;;0,0;1,0;25,0;25,0;US$/barril
2020;SET;Setembro;9;QUEROSENE DE AVIAÇÃO;0,0;0,0;1041253,88633979;;0,0;1,0;25,0;25,0;US$/barril
2020;OUT;Outubro;10;QUEROSENE DE AVIAÇÃO;0,0;0,0;1505462,39427963;;0,0;1,0;25,0;25,0;US$/barril
2020;NOV;Novembro;11;QUEROSENE DE AVIAÇÃO;0,0;0,0;1864015,68020907;;0,0;1,0;25,0;25,0;US$/barril
2020;DEZ;Dezembro;12;QUEROSENE DE AVIAÇÃO;514894,26632298116;28725951,0;2256949,02985965;55,7899997705177;0,1857587934469784;0,8142412065530216;25,0;30,71951320760411;US$/barril
2021;JAN;Janeiro;1;QUEROSENE DE AVIAÇÃO;0,0;0,0;2496833,38254154;;0,0;1,0;25,0;25,0;US$/barril
2021;FEV;Fevereiro;2;QUEROSENE DE AVIAÇÃO;648509,9897618239;39754322,0;2047847,48534332;61,30101714331407;0,24051335764985515;0,7594866423501448;25,0;33,73087951924342;US$/barril
2021;MAR;Março;3;QUEROSENE DE AVIAÇÃO;324348,90293096856;23691889,0;1552027,44903156;73,04445547960545;0,1728591935150576;0,8271408064849424;25,0;33,30492582707468;US$/barril
2021;ABR;Abril;4;QUEROSENE DE AVIAÇÃO;429130,7448687296;29689388,0;1052708,2656206;69,18494737328115;0,28959336461726903;0,7104066353827309;25,0;37,79566757526545;US$/barril
2021;MAI;Maio;5;QUEROSENE DE AVIAÇÃO;0,0;0,0;1236476,24805278;;0,0;1,0;25,0;25,0;US$/barril
2021;JUN;Junho;6;QUEROSENE DE AVIAÇÃO;0,0;0,0;1874352,15268915;;0,0;1,0;25,0;25,0;US$/barril
2021;JUL;Julho;7;QUEROSENE DE AVIAÇÃO;310024,9643396101;24167479,0;2230191,25351758;77,95333208562606;0,12204668333356791;0,8779533166664321;25,0;31,462778552511665;US$/barril
2021;AGO;Agosto;8;QUEROSENE DE AVIAÇÃO;312005,9538446038;23556486,0;2421312,23140349;75,50011693601344;0,11414915231183892;0,8858508476881611;25,0;30,764545539894677;US$/barril
2021;SET;Setembro;9;QUEROSENE DE AVIAÇÃO;0,0;0,0;2408624,1121809897;;0,0;1,0;25,0;25,0;US$/barril
2021;OUT;Outubro;10;QUEROSENE DE AVIAÇÃO;0,0;0,0;2892132,86436697;;0,0;1,0;25,0;25,0;US$/barril
2021;NOV;Novembro;11;QUEROSENE DE AVIAÇÃO;327391,5886288302;30216915,0;2772464,9080175;92,29594176977304;0,10561507895059927;0,8943849210494007;25,0;32,10746620306951;US$/barril
2021;DEZ;Dezembro;12;QUEROSENE DE AVIAÇÃO;0,0;0,0;2885683,00386171;;0,0;1,0;25,0;25,0;US$/barril
2022;JAN;Janeiro;1;QUEROSENE DE AVIAÇÃO;677216,2949280001;67217112,0;2964901,17952156;99,25501276833032;0,18594026680326917;0,8140597331967309;25,0;38,8069968856235;US$/barril
2022;FEV;Fevereiro;2;QUEROSENE DE AVIAÇÃO;316317,598820327;36243813,0;2651060,08982444;114,58045058247616;0,10659836125033098;0,893401638749669;25,0;34,549129232158215;US$/barril
2022;MAR;Março;3;QUEROSENE DE AVIAÇÃO;0,0;0,0;2486672,11900882;;0,0;1,0;25,0;25,0;US$/barril
2022;ABR;Abril;4;QUEROSENE DE AVIAÇÃO;331963,10165393713;53523639,0;2759755,44746967;161,2336995688063;0,10737170812266755;0,8926282918773324;25,0;39,62764502657305;US$/barril
2022;MAI;Maio;5;QUEROSENE DE AVIAÇÃO;324231,7858775975;56773868,0;2643853,79160934;175,10272117932635;0,10923936571671322;0,8907606342832868;25,0;41,39712605398226;US$/barril
2022;JUN;Junho;6;QUEROSENE DE AVIAÇÃO;658042,4143888679;106945691,0;2573471,21396737;162,52096925898277;0,20363287612795614;0,7963671238720438;25,0;53,0037904981109;US$/barril
2022;JUL;Julho;7;QUEROSENE DE AVIAÇÃO;1161308,0483370062;170864601,0;2656784,89877176;147,13116062932502;0,3041591874331927;0,6958408125668074;25,0;62,14731457728824;US$/barril
2022;AGO;Agosto;8;QUEROSENE DE AVIAÇÃO;815275,8284696729;114414075,0;2239774,95524705;140,3378721711434;0,266861628885207;0,733138371114793;25,0;55,779252439745115;US$/barril
2022;SET;Setembro;9;QUEROSENE DE AVIAÇÃO;998820,9656235346;132077839,0;2264211,66590292;132,23374713359934;0,3061020462906875;0,6938979537093125;25,0;57,82446942901291;US$/barril
2022;OUT;Outubro;10;QUEROSENE DE AVIAÇÃO;523261,564963283;67966140,0;2166862,49022688;129,88941774228945;0,19451205752156064;0,8054879424784394;25,0;45,40225645729121;US$/barril
2022;NOV;Novembro;11;QUEROSENE DE AVIAÇÃO;1021523,0181637107;139775609,0;2179296,28727184;136,83060147901568;0,3191442317374761;0,6808557682625239;25,0;60,69009139376031;US$/barril
2022;DEZ;Dezembro;12;QUEROSENE DE AVIAÇÃO;1313162,8045796354;155581641,0;2945872,04495585;118,47856218392067;0,30832403372394485;0,6916759662760551;25,0;53,821687359261034;US$/barril
2023;JAN;Janeiro;1;QUEROSENE DE AVIAÇÃO;947991,8005217989;139843839,0;2599415,18324259;147,51587400125865;0,26723513959929734;0,7327648604007027;25,0;57,74054669185628;US$/barril
2023;FEV;Fevereiro;2;QUEROSENE DE AVIAÇÃO;311048,1146779874;42998063,0;2775672,6419295897;138,2360508582852;0,10076976157047683;0,8992302384295231;25,0;36,41076984617179;US$/barril
2023;MAR;Março;3;QUEROSENE DE AVIAÇÃO;504961,99174928304;57500268,0;2874685,72394303;113,87048716440674;0,14941261167684833;0,8505873883231517;25,0;38,27837158822784;US$/barril
2023;ABR;Abril;4;QUEROSENE DE AVIAÇÃO;0,0;0,0;3100879,95293056;;0,0;1,0;25,0;25,0;US$/barril
2023;MAI;Maio;5;QUEROSENE DE AVIAÇÃO;517325,36887265404;47301275,0;2689684,7374769296;91,43428458395162;0,16131080093835615;0,8386891990616439;25,0;35,71656765600392;US$/barril
2023;JUN;Junho;6;QUEROSENE DE AVIAÇÃO;988304,007718;96935504,0;2491527,3994625;98,08267824778397;0,2840091636849625;0,7159908363150375;25,0;45,756150329010325;US$/barril
2023;JUL;Julho;7;QUEROSENE DE AVIAÇÃO;475003,6504544151;48391045,0;2757418,55662151;101,87510128334048;0,1469497547116864;0,8530502452883136;25,0;36,29677727702293;US$/barril
2023;AGO;Agosto;8;QUEROSENE DE AVIAÇÃO;968554,2654044528;121404119,0;3017352,56554161;125,34570682965665;0,242994707724908;0,7570052922750921;25,0;49,38347570252172;US$/barril
2023;SET;Setembro;9;QUEROSENE DE AVIAÇÃO;0,0;0,0;2820651,06065997;;0,0;1,0;25,0;25,0;US$/barril
2023;OUT;Outubro;10;QUEROSENE DE AVIAÇÃO;508066,3254968553;60016619,0;2821731,2537599397;118,12752782091533;0,15258174510723707;0,847418254892763;25,0;39,209560712438034;US$/barril
2023;NOV;Novembro;11;QUEROSENE DE AVIAÇÃO;492545,17893189937;56781586,0;3073201,92706701;115,28198514323653;0,13813239253654744;0,8618676074634526;25,0;37,47086661078429;US$/barril
2023;DEZ;Dezembro;12;QUEROSENE DE AVIAÇÃO;526477,2876856856;54088030,0;3181692,2683552904;102,73573288937646;0,14197767381699194;0,858022326183008;25,0;36,036738528092705;US$/barril
2024;JAN;Janeiro;1;QUEROSENE DE AVIAÇÃO;490306,7265375723;55916551,0;3392432,62286712;114,044021779732;0,12627855810427938;0,8737214418957207;25,0;36,24435067815061;US$/barril
2024;FEV;Fevereiro;2;QUEROSENE DE AVIAÇÃO;515392,33224616357;57375299,0;3135362,84246558;111,32354016589483;0,1411741701597007;0,8588258298402993;25,0;37,1866541481678;US$/barril
2024;MAR;Março;3;QUEROSENE DE AVIAÇÃO;827109,0814181385;87926544,0;3203144,69059932;106,30586215937028;0,20522506229281573;0,7947749377071843;25,0;41,686000626427855;US$/barril
2024;ABR;Abril;4;QUEROSENE DE AVIAÇÃO;467071,55919584905;49950849,0;2645262,2058645403;106,94474543900664;0,15007116667218573;0,8499288333278142;25,0;37,297543550686996;US$/barril
2024;MAI;Maio;5;QUEROSENE DE AVIAÇÃO;320535,110262239;32362026,0;2860831,84504532;100,96249978207908;0,10075389439985279;0,8992461056001473;25,0;32,65351768139244;US$/barril
2024;JUN;Junho;6;QUEROSENE DE AVIAÇÃO;0,0;0,0;3092372,3118958897;;0,0;1,0;25,0;25,0;US$/barril
2024;JUL;Julho;7;QUEROSENE DE AVIAÇÃO;762468,5220787924;79876797,0;3288535,59773583;104,76077987091728;0,18821716777559921;0,8117828322244007;25,0;40,01234808687707;US$/barril
2024;AGO;Agosto;8;QUEROSENE DE AVIAÇÃO;989205,8003260755;86088486,0;2686796,2365815802;87,02788233916779;0,26909827317675267;0,7309017268232474;25,0;41,69159602628085;US$/barril
2024;SET;Setembro;9;QUEROSENE DE AVIAÇÃO;333192,518201761;26714068,0;2862062,03124436;80,17607401323338;0,10427730030445244;0,8957226996955476;25,0;30,753612039498634;US$/barril
2024;OUT;Outubro;10;QUEROSENE DE AVIAÇÃO;1042463,1089976856;88367996,0;3246000,5185980503;84,76846349504363;0,24308544959774492;0,7569145504022551;25,0;39,52884382045909;US$/barril
2024;NOV;Novembro;11;QUEROSENE DE AVIAÇÃO;980908,5677956605;87789858,0;3014218,6299702497;89,49851278930626;0,24552624215423935;0,7544737578457607;25,0;40,83607746969551;US$/barril
2024;DEZ;Dezembro;12;QUEROSENE DE AVIAÇÃO;319897,06244178617;29180997,0;3440474,4809783804;91,21995924957974;0,08507059973941579;0,9149294002605842;25,0;30,63337164808142;US$/barril
2025;JAN;Janeiro;1;QUEROSENE DE AVIAÇÃO;800123,9135309937;76419237,0;3487427,75538313;95,50925263907865;0,1866155734826713;0,8133844265173286;25,0;38,15812461707621;US$/barril
2025;FEV;Fevereiro;2;QUEROSENE DE AVIAÇÃO;803650,669335824;75941678,0;3027898,3691883;94,49588098117543;0,20974563061977214;0,7902543693802279;25,0;39,57645738187327;US$/barril
2025;MAR;Março;3;QUEROSENE DE AVIAÇÃO;790324,0809942768;70729608,0;3143334,45960224;89,49443614449626;0,20091323963122348;0,7990867603687766;25,0;37,957786103979814;US$/barril
2025;ABR;Abril;4;QUEROSENE DE AVIAÇÃO;0,0316468427672956;1115,0;3103063,95736705;35232,58254223895;1,0198578849594556e-08;0,9999999898014212;25,0;25,00035906730666;US$/barril
2025;MAI;Maio;5;QUEROSENE DE AVIAÇÃO;787551,5485696981;68048189,0;3204833,38507793;86,40474280519778;0,1972634306707882;0,8027365693292119;25,0;37,11291022521071;US$/barril
2025;JUN;Junho;6;QUEROSENE DE AVIAÇÃO;319795,1833432075;30011495,0;3005918,67217197;93,8459881923592;0,09615835794558125;0,9038416420544187;25,0;31,620117175718136;US$/barril
2025;JUL;Julho;7;QUEROSENE DE AVIAÇÃO;1102392,537353346;102154859,0;3095115,9333077;92,66650085028348;0,26263021148346494;0,737369788516535;25,0;42,77126742865601;US$/barril
2025;AGO;Agosto;8;QUEROSENE DE AVIAÇÃO;937048,5675558993;81158524,0;3390243,1840347904;86,6107977857386;0,2165438850318898;0,7834561149681102;25,0;38,34144151243799;US$/barril
2025;SET;Setembro;9;QUEROSENE DE AVIAÇÃO;759174,5920962013;69357457,0;2927860,18023087;91,35903351097812;0,20590383301892443;0,7940961669810757;25,0;38,66357935534165;US$/barril
2025;OUT;Outubro;10;QUEROSENE DE AVIAÇÃO;1263600,8107091445;115488342,0;2744659,87831043;91,39622341266691;0,3152491588610278;0,6847508411389722;25,0;45,93135358239212;US$/barril
2025;NOV;Novembro;11;QUEROSENE DE AVIAÇÃO;1739587,1193666165;164621613,0;2309608,97339968;94,63257756239234;0,4296129600822023;0,5703870399177977;25,0;54,91505776473292;US$/barril
2025;DEZ;Dezembro;12;QUEROSENE DE AVIAÇÃO;812457,091654654;73356511,0;3267177,648438;90,2897048391833;0,19914946886549015;0,8008505311345099;25,0;38,00241004110798;US$/barril
2026;JAN;Janeiro;1;QUEROSENE DE AVIAÇÃO;1534603,2874592706;127855394,0;3380122,28221284;83,31494858953465;0,31224597705496154;0,6877540229450385;25,0;43,208608099249105;US$/barril
2026;FEV;Fevereiro;2;QUEROSENE DE AVIAÇÃO;953723,0437469559;89294392,0;2938515,19384859;93,62717256907531;0,24503203183578098;0,754967968164219;25,0;41,81585553374529;US$/barril
2026;MAR;Março;3;QUEROSENE DE AVIAÇÃO;645798,8205653711;94719961,0;3450242,5244593304;146,67100338937823;0,1576641362152746;0,8423358637847255;25,0;44,18315365183207;US$/barril
2026;ABR;Abril;4;QUEROSENE DE AVIAÇÃO;136496,07665672957;25895624,0;3718953,944365;189,71698406485507;0,035403409696011794;0,9645965903039883;25,0;30,83154287073951;US$/barril
2026;MAI;Maio;5;QUEROSENE DE AVIAÇÃO;307454,0223034591;52592094,0;3820269,9585424103;171,05677657419378;0,07448512151736814;0,9255148784826318;25,0;35,87905675156391;US$/barril
2026;JUN;Junho;6;QUEROSENE DE AVIAÇÃO;0,0158234213836478;10,0;3649502,13909664;631,9745747486808;4,335775322756151e-09;0,9999999956642246;25,0;25,00000263170538;US$/barril
2026;JUL;Julho;7;QUEROSENE DE AVIAÇÃO;662855,479853107;85538252,0;3239273,37810875;129,04510047794403;0,16987021802230456;0,8301297819776954;25,0;42,674163902340936;US$/barril
2026;AGO;Agosto;8;QUEROSENE DE AVIAÇÃO;0,0;0,0;0,0;;;;25,0;;US$/barril
2026;SET;Setembro;9;QUEROSENE DE AVIAÇÃO;0,0;0,0;0,0;;;;25,0;;US$/barril
2026;OUT;Outubro;10;QUEROSENE DE AVIAÇÃO;0,0;0,0;0,0;;;;25,0;;US$/barril
2026;NOV;Novembro;11;QUEROSENE DE AVIAÇÃO;0,0;0,0;0,0;;;;25,0;;US$/barril
2026;DEZ;Dezembro;12;QUEROSENE DE AVIAÇÃO;0,0;0,0;0,0;;;;25,0;;US$/barril
2010;JAN;Janeiro;1;ÓLEO DIESEL;2067479,41643;180072903,0;21422173,65458698;87,0977972351179;0,08801660076372039;0,9119833992362796;25,0;30,465637027549832;US$/barril
2010;FEV;Fevereiro;2;ÓLEO DIESEL;2079191,04265;184117552,0;19590876,84895957;88,5524938417087;0,09594760168956562;0,9040523983104344;25,0;31,097709365502837;US$/barril
2010;MAR;Março;3;ÓLEO DIESEL;4214900,538800129;374709156,0;20255714,03045075;88,90106719022837;0,17224334627445198;0,8277566537255481;25,0;36,006533643353535;US$/barril
2010;ABR;Abril;4;ÓLEO DIESEL;6364902,60202081;596225840,0;20792693,149325833;93,67399271918201;0,23436914888554516;0,7656308511144548;25,0;41,09506522416682;US$/barril
2010;MAI;Maio;5;ÓLEO DIESEL;4968323,414253263;467138356,0;21123727,87494465;94,02333887118955;0,19041520956652971;0,8095847904334702;25,0;38,143093536139155;US$/barril
2010;JUN;Junho;6;ÓLEO DIESEL;4195371,143841714;396207629,0;22011551,35023735;94,43923205258821;0,16008637201829307;0,839913627981707;25,0;36,11627473503522;US$/barril
2010;JUL;Julho;7;ÓLEO DIESEL;3703036,5835351762;322920295,0;24235764,271435943;87,20418708143517;0,1325409992632629;0,8674590007367371;25,0;33,24460511413237;US$/barril
2010;AGO;Agosto;8;ÓLEO DIESEL;7113142,925035752;626186329,0;21698510,57596463;88,03229958954503;0,2468842312291717;0,7531157687708283;25,0;40,56168082677166;US$/barril
2010;SET;Setembro;9;ÓLEO DIESEL;7185458,169909224;625645021,0;21724242,245282922;87,07099898236606;0,2485483442136689;0,7514516557863311;25,0;40,42764402075541;US$/barril
2010;OUT;Outubro;10;ÓLEO DIESEL;6139971,673073956;558833261,0;21472144,71693163;91,01560898899425;0,22236512356931704;0,777634876430683;25,0;39,67956905034143;US$/barril
2010;NOV;Novembro;11;ÓLEO DIESEL;6967423,390122851;639301744,0;23018460,47126972;91,75583400117266;0,23235677902072946;0,7676432209792705;25,0;40,511170569354974;US$/barril
2010;DEZ;Dezembro;12;ÓLEO DIESEL;1653094,15401;159721274,0;23236335,53337923;96,61958673833276;0,0664175183912541;0,9335824816087458;25,0;29,75679521936723;US$/barril
2011;JAN;Janeiro;1;ÓLEO DIESEL;1036890,4748454461;110053088,0;21532390,54872026;106,13762077079933;0,04594255677718653;0,9540574432228135;25,0;28,72766974902828;US$/barril
2011;FEV;Fevereiro;2;ÓLEO DIESEL;2894111,40587;320207704,0;20585128,34376832;110,64111193181323;0,12326256883656472;0,8767374311634354;25,0;35,55634345473508;US$/barril
2011;MAR;Março;3;ÓLEO DIESEL;4215996,7449;494171855,0;24029292,29520669;117,21352859149832;0,14926371399186347;0,8507362860081366;25,0;38,76413375786193;US$/barril
2011;ABR;Abril;4;ÓLEO DIESEL;4306211,4897300005;561107052,0;21937299,92933381;130,3017869276043;0,1640867116052878;0,8359132883947122;25,0;42,27862394311127;US$/barril
2011;MAI;Maio;5;ÓLEO DIESEL;3616068,37729;500883269,0;23149287,74562309;138,51598386404913;0,1351025691824957;0,8648974308175044;25,0;40,336301063311765;US$/barril
2011;JUN;Junho;6;ÓLEO DIESEL;6021599,92198;779528504,0;22650272,95127727;129,45537964994497;0,21001766953272333;0,7899823304672766;25,0;46,9374754042373;US$/barril
2011;JUL;Julho;7;ÓLEO DIESEL;5847435,08308;745260095,0;23433735,376995742;127,45076848419694;0,19969949941218554;0,8003005005878144;25,0;45,45936718068784;US$/barril
2011;AGO;Agosto;8;ÓLEO DIESEL;7452560,001125;968300374,0;23159793,055473;129,92855795241238;0,24344943321887896;0,756550566781121;25,0;50,54479796198909;US$/barril
2011;SET;Setembro;9;ÓLEO DIESEL;6677023,283220001;849739832,0;22299989,65849127;127,26327226317716;0,2304248300765566;0,7695751699234434;25,0;48,563997134315244;US$/barril
2011;OUT;Outubro;10;ÓLEO DIESEL;6231478,30206;773495225,0;24856518,588201143;124,12708309427929;0,20044643995741387;0,799553560042586;25,0;44,86967090961103;US$/barril
2011;NOV;Novembro;11;ÓLEO DIESEL;6639793,89783;836240273,0;21882014,21026213;125,94370937828323;0,23279708890356696;0,7672029110964331;25,0;48,499401686392034;US$/barril
2011;DEZ;Dezembro;12;ÓLEO DIESEL;3762299,5409990004;482954577,0;23388525,32973468;128,36685961260847;0,13857035868749776;0,8614296413125023;25,0;39,32358281291938;US$/barril
2012;JAN;Janeiro;1;ÓLEO DIESEL;1883156,53438;243451929,0;22580257,142607287;129,2786470776062;0,07697848547406463;0,9230215145259354;25,0;33,02721231931862;US$/barril
2012;FEV;Fevereiro;2;ÓLEO DIESEL;4229727,40013;547549087,0;22556778,82088636;129,45257110024895;0,15790515437998437;0,8420948456200156;25,0;41,493599364971104;US$/barril
2012;MAR;Março;3;ÓLEO DIESEL;4351919,302763005;601000045,0;23684933,029563878;138,09999753865588;0,1552213940130926;0,8447786059869075;25,0;42,5555392808275;US$/barril
2012;ABR;Abril;4;ÓLEO DIESEL;6204213,2897782875;864484972,0;22894164,914535567;139,33837081717948;0,21321508869722877;0,7867849113027712;25,0;49,378665875281555;US$/barril
2012;MAI;Maio;5;ÓLEO DIESEL;5433212,580567359;744227654,0;24224612,346612748;136,97745909332423;0,18319659630831714;0,8168034036916828;25,0;45,51388936915082;US$/barril
2012;JUN;Junho;6;ÓLEO DIESEL;5263073,042889613;685110392,0;24330750,61171445;130,17307311088547;0,1778436306276634;0,8221563693723366;25,0;43,70436116630855;US$/barril
2012;JUL;Julho;7;ÓLEO DIESEL;3145767,693212418;384968077,0;24303018,335026335;122,37651172737282;0,11460498435071469;0,8853950156492854;25,0;36,15983360264275;US$/barril
2012;AGO;Agosto;8;ÓLEO DIESEL;2301866,6539147063;267862531,0;24468876,08809833;116,36752743450856;0,0859844150047522;0,9140155849952478;25,0;32,85618339688686;US$/barril
2012;SET;Setembro;9;ÓLEO DIESEL;3947249,353216585;469384152,0;24756164,622075405;118,91423875147443;0,13751846232000112;0,8624815376799989;25,0;37,91494170305623;US$/barril
2012;OUT;Outubro;10;ÓLEO DIESEL;2262983,447144636;295702703,0;23441418,11163147;130,66940607679155;0,08803875250587184;0,9119612474941282;25,0;34,30300268903712;US$/barril
2012;NOV;Novembro;11;ÓLEO DIESEL;9413684,555173416;1246241786,0;24178412,61878519;132,38618510061625;0,2802350953685359;0,7197649046314641;25,0;55,09337782293444;US$/barril
2012;DEZ;Dezembro;12;ÓLEO DIESEL;1694217,9284148237;223736590,0;24792153,95782456;132,05892007608293;0,06396564752966526;0,9360343524703347;25,0;31,848093146493326;US$/barril
2013;JAN;Janeiro;1;ÓLEO DIESEL;8246885,584832197;1075508570,0;25926074,080484845;130,41390703638382;0,2413278119776719;0,758672188022328;25,0;50,43930753710821;US$/barril
2013;FEV;Fevereiro;2;ÓLEO DIESEL;2970157,2020196477;377912020,0;23033613,378915336;127,23636975949535;0,11422025097380527;0,8857797490261947;25,0;36,677463812580314;US$/barril
2013;MAR;Março;3;ÓLEO DIESEL;4609130,688285212;610020884,0;26818194,6014475;132,35052882107647;0,14665997331281044;0,8533400266871896;25,0;40,74402569201516;US$/barril
2013;ABR;Abril;4;ÓLEO DIESEL;9043269,693422042;1167412168,0;25876578,885505315;129,0918227119955;0,2589721909298104;0,7410278090701897;25,0;51,95688738560287;US$/barril
2013;MAI;Maio;5;ÓLEO DIESEL;7035189,190323147;932578245,0;27150545,96150083;132,55908544474607;0,2057931227478016;0,7942068772521985;25,0;47,13492007357191;US$/barril
2013;JUN;Junho;6;ÓLEO DIESEL;2694801,0213333215;354487484,0;24964952,45285707;131,54495682379113;0,09742679101778216;0,9025732089822178;25,0;35,38033324247012;US$/barril
2013;JUL;Julho;7;ÓLEO DIESEL;4841542,091218028;594086608,0;27132626,854500104;122,70607108375681;0,15142042000958372;0,8485795799904163;25,0;39,7946943209887;US$/barril
2013;AGO;Agosto;8;ÓLEO DIESEL;5077131,287770035;634231013,0;27813237,713356737;124,91916735101121;0,1543652881363569;0,845634711863643;25,0;40,424051058483705;US$/barril
2013;SET;Setembro;9;ÓLEO DIESEL;3743942,879638604;466907846,0;24959674,62666013;124,71019484278825;0,13043453072829692;0,8695654692717031;25,0;38,00565247314614;US$/barril
2013;OUT;Outubro;10;ÓLEO DIESEL;5810375,891680306;735398292,0;25485500,851382654;126,5663884247134;0,1856594700759816;0,8143405299240185;25,0;43,856761852463606;US$/barril
2013;NOV;Novembro;11;ÓLEO DIESEL;4717584,376104366;600695205,0;26281970,859767243;127,33109937421732;0,15218232455946146;0,8478176754405385;25,0;40,57298457749364;US$/barril
2013;DEZ;Dezembro;12;ÓLEO DIESEL;5888385,304499742;735547149,0;26149099,10576023;124,91491486433728;0,18379674349881203;0,816203256501188;25,0;43,36403597902624;US$/barril
2014;JAN;Janeiro;1;ÓLEO DIESEL;8244826,255267279;1036978743,0;24646071,603481278;125,77326809494828;0,25067197285629167;0,7493280271437084;25,0;50,261033924536676;US$/barril
2014;FEV;Fevereiro;2;ÓLEO DIESEL;6000993,618531267;758666009,0;22564779,15407706;126,42339872803967;0,2100763618859844;0,7899236381140156;25,0;46,306658614898154;US$/barril
2014;MAR;Março;3;ÓLEO DIESEL;3646777,008869871;466543691,0;26848967,30806086;127,93315573319931;0,11958314481425007;0,88041685518575;25,0;37,30907046823093;US$/barril
2014;ABR;Abril;4;ÓLEO DIESEL;3897443,736350986;502823423,0;26350272,738512162;129,01364510030683;0,12885084199958996;0,87114915800041;25,0;38,40224575062106;US$/barril
2014;MAI;Maio;5;ÓLEO DIESEL;4913674,444362699;628179406,0;25170849,12154007;127,84310664307239;0,16332897656161538;0,8366710234383846;25,0;41,79725935443008;US$/barril
2014;JUN;Junho;6;ÓLEO DIESEL;6449158,202202583;801130473,0;26612617,71897016;124,22248732034356;0,19506387731799202;0,804936122682008;25,0;44,354723093841514;US$/barril
2014;JUL;Julho;7;ÓLEO DIESEL;6480090,720012348;815297159,0;27912788,474579383;125,81570138858278;0,18841373190504332;0,8115862680949567;25,0;43,99506253324734;US$/barril
2014;AGO;Agosto;8;ÓLEO DIESEL;3567603,2946366663;449336107,0;26405291,190352406;125,94901111216782;0,11902765334937478;0,8809723466506252;25,0;37,015723900621296;US$/barril
2014;SET;Setembro;9;ÓLEO DIESEL;8010567,61929689;987650137,0;25723372,98105104;123,29340240769216;0,23746314473602498;0,762536855263975;25,0;48,34106044253414;US$/barril
2014;OUT;Outubro;10;ÓLEO DIESEL;4095243,459126749;496939373,0;27021470,3531141;121,3455019121049;0,1316091244029677;0,8683908755970323;25,0;37,67994714681657;US$/barril
2014;NOV;Novembro;11;ÓLEO DIESEL;5631480,872040904;668071844,0;26544349,704241853;118,63164577488553;0,17502208245066858;0,8249779175493314;25,0;41,387605626803804;US$/barril
2014;DEZ;Dezembro;12;ÓLEO DIESEL;9980434,536771314;1113204987,0;26645840,95354875;111,5387293908471;0,2724938422802241;0,7275061577197759;25,0;48,58127087776049;US$/barril
2015;JAN;Janeiro;1;ÓLEO DIESEL;4751529,03372277;481060475,0;24279826,285329215;101,24329906979321;0,163668867040615;0,836331132959385;25,0;37,478654378191834;US$/barril
2015;FEV;Fevereiro;2;ÓLEO DIESEL;4883310,59329507;472130125,0;22154127,61846087;96,68238707737505;0,18061291735737728;0,8193870826426227;25,0;37,94676505318547;US$/barril
2015;MAR;Março;3;ÓLEO DIESEL;5415049,1669750465;389998734,0;25589820,964406703;72,02127293294015;0,1746515674482434;0,8253484325517566;25,0;33,21233902114966;US$/barril
2015;ABR;Abril;4;ÓLEO DIESEL;3060415,060101291;208451361,0;25027860,29712817;68,11212103795518;0,1089570299770502;0,8910429700229497;25,0;29,697368664306698;US$/barril
2015;MAI;Maio;5;ÓLEO DIESEL;4190446,5105255516;309510334,0;27849398,273120787;73,86094374968701;0,13078860209286733;0,8692113979071328;25,0;31,39045452995979;US$/barril
2015;JUN;Junho;6;ÓLEO DIESEL;3962992,2677901876;310183480,0;26760648,86216436;78,27001897557626;0,12898836602821792;0,871011633971782;25,0;31,87121270595175;US$/barril
2015;JUL;Julho;7;ÓLEO DIESEL;5630566,45030892;423852704,0;26855004,65800754;75,27709827076909;0,173325148926425;0,826674851073575;25,0;33,714285545369556;US$/barril
2015;AGO;Agosto;8;ÓLEO DIESEL;180007,3489142019;12322797,0;27156284,37086152;68,45718841108814;0,00658492200622736;0,9934150779937726;25,0;25,28616219629694;US$/barril
2015;SET;Setembro;9;ÓLEO DIESEL;3288792,6498976173;240001587,0;28121648,034626164;72,9755909079496;0,10470380479309978;0,8952961952069003;25,0;30,02322690525957;US$/barril
2015;OUT;Outubro;10;ÓLEO DIESEL;2162717,0470189904;150245441,0;27746722,947871704;69,47068790487077;0,0723088445450145;0,9276911554549855;25,0;28,215624058523158;US$/barril
2015;NOV;Novembro;11;ÓLEO DIESEL;4865912,019122276;339782482,0;24641709,57767244;69,82914624528922;0,1649035657841986;0,8350964342158014;25,0;32,39248606690951;US$/barril
2015;DEZ;Dezembro;12;ÓLEO DIESEL;1260170,1219599296;77607685,0;24895912,203157548;61,585085733740115;0,04817885592712783;0,9518211440728722;25,0;26,762627574647485;US$/barril
2016;JAN;Janeiro;1;ÓLEO DIESEL;1005607,9940743544;58075521,0;27298141,302349526;57,75165008851939;0,03552914433853507;0,9644708556614648;25,0;26,1636381033202;US$/barril
2016;FEV;Fevereiro;2;ÓLEO DIESEL;2609444,7044015494;158641123,0;23508197,682379097;60,794974015892315;0,09991118898703931;0,9000888110129607;25,0;28,57631841368798;US$/barril
2016;MAR;Março;3;ÓLEO DIESEL;5935335,074476315;315949542,0;24637503,48811782;53,23196382941814;0,1941375205421127;0,8058624794578872;25,0;30,480883457877844;US$/barril
2016;ABR;Abril;4;ÓLEO DIESEL;3719138,22398615;181131255,0;24681154,545512233;48,70248000781875;0,13095422128818565;0,8690457787118144;25,0;28,103939812022695;US$/barril
2016;MAI;Maio;5;ÓLEO DIESEL;4184933,5880318317;209223922,0;24506337,815146245;49,99456206386245;0,14586086232373358;0,8541391376762664;25,0;28,645728376039052;US$/barril
2016;JUN;Junho;6;ÓLEO DIESEL;3866153,186610024;228087966,0;24685765,13340826;58,996101548680585;0,13540782595680767;0,8645921740431923;25,0;29,6033382017137;US$/barril
2016;JUL;Julho;7;ÓLEO DIESEL;5419062,36105129;309155065,0;23306759,65579965;57,04954923973681;0,1886477733473527;0,8113522266526473;25,0;31,04607610086269;US$/barril
2016;AGO;Agosto;8;ÓLEO DIESEL;4908104,337751304;292954014,0;24300836,94692835;59,68781302115101;0,1680343114772752;0,8319656885227248;25,0;30,82874277766157;US$/barril
2016;SET;Setembro;9;ÓLEO DIESEL;4841879,8879740955;293039586,0;22613306,97290879;60,521861917275174;0,17635574336128898;0,8236442566387111;25,0;31,26448436399813;US$/barril
2016;OUT;Outubro;10;ÓLEO DIESEL;4145134,7192855515;265856228,0;24977529,85226022;64,13693305626084;0,14233363534103075;0,8576663646589693;25,0;30,570501957996164;US$/barril
2016;NOV;Novembro;11;ÓLEO DIESEL;4572711,374316924;292184466,0;21494504,947620217;63,897421481942274;0,1754200110147055;0,8245799889852945;25,0;31,823386104805955;US$/barril
2016;DEZ;Dezembro;12;ÓLEO DIESEL;4597246,2547031455;292517525,0;19357424,94444913;63,628857101301506;0,19191439600581267;0,8080856039941873;25,0;32,41343377899112;US$/barril
2017;JAN;Janeiro;1;ÓLEO DIESEL;5237420,259511985;329705864,0;20848934,645626377;62,951958724565195;0,20077240682178804;0,799227593178212;25,0;32,619706096732116;US$/barril
2017;FEV;Fevereiro;2;ÓLEO DIESEL;7321389,439011431;482049409,0;19440967,97505746;65,84124680370624;0,2735704230286753;0,7264295769713247;25,0;36,17295716510845;US$/barril
2017;MAR;Março;3;ÓLEO DIESEL;5245808,747301432;356665390,0;22081875,879116487;67,99054391441112;0,1919595025708933;0,8080404974291067;25,0;33,2524434250625;US$/barril
2017;ABR;Abril;4;ÓLEO DIESEL;5048440,297307816;346923659,0;21820853,552294742;68,71897825255141;0,18788883420479216;0,8121111657952079;25,0;33,214307856496546;US$/barril
2017;MAI;Maio;5;ÓLEO DIESEL;5053624,872525282;341106131,0;22035882,480545882;67,49731917271299;0,1865528526103797;0,8134471473896203;25,0;32,92799611996339;US$/barril
2017;JUN;Junho;6;ÓLEO DIESEL;7714152,172870551;492780485,0;20878051,42841486;63,88005758209317;0,26979914806299676;0,7302008519370032;25,0;35,489806412289;US$/barril
2017;JUL;Julho;7;ÓLEO DIESEL;7359913,801785635;457784510,0;21383738,75338024;62,199710802174614;0,25605353347700743;0,7439464665229927;25,0;34,52511739521962;US$/barril
2017;AGO;Agosto;8;ÓLEO DIESEL;7908512,676262194;518082834,0;21182423,76604031;65,50951553192196;0,27185486764743855;0,7281451323525615;25,0;36,0127089833925;US$/barril
2017;SET;Setembro;9;ÓLEO DIESEL;6207464,383307676;442086564,0;21599432,4805983;71,218542177834;0,22323470373873736;0,7767652962612626;25,0;35,317582570305106;US$/barril
2017;OUT;Outubro;10;ÓLEO DIESEL;8463222,01994729;632835389,0;22146385,32839797;74,77475924753553;0,2764890749376048;0,7235109250623952;25,0;38,76217713959309;US$/barril
2017;NOV;Novembro;11;ÓLEO DIESEL;8022212,56024256;611416300,0;21349972,00145425;76,21542004884414;0,27312277516817846;0,7268772248318215;25,0;38,98809765514427;US$/barril
2017;DEZ;Dezembro;12;ÓLEO DIESEL;7903774,249375174;611012298,0;20760230,55906;77,30639549178711;0,27573865906725187;0,7242613409327482;25,0;39,422895353546735;US$/barril
2018;JAN;Janeiro;1;ÓLEO DIESEL;10302115,81775938;797492005,0;18504242,19770048;77,4105066480846;0,35763340205070066;0,6423665979492994;25,0;43,74374779575536;US$/barril
2018;FEV;Fevereiro;2;ÓLEO DIESEL;6094123,631237019;482270621,0;17470560,04536256;79,13699330417195;0,2586125795224938;0,7413874204775063;25,0;39,00050748598388;US$/barril
2018;MAR;Março;3;ÓLEO DIESEL;6695410,051508968;530279263,0;20778739,829206258;79,20041624343666;0,2436985340976333;0,7563014659023667;25,0;38,20856198600707;US$/barril
2018;ABR;Abril;4;ÓLEO DIESEL;7287328,080317348;582503613,0;21263871,122621927;79,93377086634929;0,25523719786758153;0,7447628021324184;25,0;39,02114174422678;US$/barril
2018;MAI;Maio;5;ÓLEO DIESEL;4633078,504973287;397968566,0;24238109,71726146;85,89722051392147;0,1604741193646192;0,8395258806353807;25,0;34,77242783372457;US$/barril
2018;JUN;Junho;6;ÓLEO DIESEL;4214692,768362759;374957548,0;23567637,370339192;88,96438450142504;0,15170407763931631;0,8482959223606836;25,0;34,70365795255526;US$/barril
2018;JUL;Julho;7;ÓLEO DIESEL;4493918,009028568;392857692,0;24803985,942620438;87,4198619580339;0,1533870141852121;0,8466129858147878;25,0;34,57439625159593;US$/barril
2018;AGO;Agosto;8;ÓLEO DIESEL;4636440,762773779;418898343,0;23053419,118186433;90,34912003262423;0,16744182826153758;0,8325581717384625;25,0;35,942176133545274;US$/barril
2018;SET;Setembro;9;ÓLEO DIESEL;2975395,5654479815;277594965,0;21800895,116162613;93,29682689037844;0,12009043660665368;0,8799095633933463;25,0;33,20179576011459;US$/barril
2018;OUT;Outubro;10;ÓLEO DIESEL;7023462,636878006;660464457,0;24169660,19238084;94,03687200272236;0,22516061233503898;0,774839387664961;25,0;40,54438437382868;US$/barril
2018;NOV;Novembro;11;ÓLEO DIESEL;5743569,110327265;544111231,0;22587583,859377004;94,73399214813259;0,20272980476541538;0,7972701952345845;25,0;39,137158613703924;US$/barril
2018;DEZ;Dezembro;12;ÓLEO DIESEL;9176479,290866151;834624906,0;21665307,41117221;90,9526278592213;0,2975339716703141;0,702466028329686;25,0;44,62314730904832;US$/barril
2019;JAN;Janeiro;1;ÓLEO DIESEL;5420491,543196045;462885063,0;20015397,817657556;85,395403592323;0,2131040698556545;0,7868959301443456;25,0;37,87050630609885;US$/barril
2019;FEV;Fevereiro;2;ÓLEO DIESEL;4073130,030089624;322058985,0;19389754,592319332;79,06916367040546;0,17359886031231875;0,8264011396876813;25,0;34,38634519122262;US$/barril
2019;MAR;Março;3;ÓLEO DIESEL;4946289,951439049;404714452,0;22441193,01908637;81,82182119797777;0,18060403567433625;0,8193959643256638;25,0;35,26225022272033;US$/barril
2019;ABR;Abril;4;ÓLEO DIESEL;6462715,658802993;547288654,0;22039071,852307368;84,68400636728111;0,22674773139346938;0,7732522686065306;25,0;38,533213044254374;US$/barril
2019;MAI;Maio;5;ÓLEO DIESEL;6903387,29222203;588743972,0;22335130,851758495;85,2833467221709;0,23610592227100483;0,7638940777289952;25,0;39,23325517542092;US$/barril
2019;JUN;Junho;6;ÓLEO DIESEL;5519068,140094272;467029152,0;21882985,649444137;84,62101574850689;0,20141074762072575;0,7985892523792743;25,0;37,00831335581384;US$/barril
2019;JUL;Julho;7;ÓLEO DIESEL;6908534,350051678;558514835,0;22087095,363231394;80,84418585771701;0,23826122827354346;0,7617387717264565;25,0;38,305504314395705;US$/barril
2019;AGO;Agosto;8;ÓLEO DIESEL;6424100,056871761;508841749,0;22699503,371747613;79,20825399593517;0,22058053608019138;0,7794194639198087;25,0;36,95728572639456;US$/barril
2019;SET;Setembro;9;ÓLEO DIESEL;7815353,207756091;605189772,0;21217943,957883872;77,43601036475219;0,26918586487673635;0,7308141351232637;25,0;39,11503280072133;US$/barril
2019;OUT;Outubro;10;ÓLEO DIESEL;9759197,69739689;798813266,0;20734543,143464237;81,85235003621975;0,3200393729430441;0,6799606270569559;25,0;43,19499045593022;US$/barril
2019;NOV;Novembro;11;ÓLEO DIESEL;12015877,758296704;973941107,0;20944289,685221035;81,05451192090521;0,36455754597993895;0,6354424540200612;25,0;45,435095306988444;US$/barril
2019;DEZ;Dezembro;12;ÓLEO DIESEL;5568227,678307335;448858430,0;22085909,447006304;80,61064595987332;0,20135242886354143;0,7986475711364586;25,0;36,19733863469098;US$/barril
2020;JAN;Janeiro;1;ÓLEO DIESEL;7472706,135261226;596249420,0;21423773,823020928;79,79029406582661;0,2586026445452724;0,7413973554547276;25,0;39,168914940835904;US$/barril
2020;FEV;Fevereiro;2;ÓLEO DIESEL;7062734,821887417;532926221,0;20147020,576003537;75,45607111687976;0,2595662738825963;0,7404337261174037;25,0;38,09669437456377;US$/barril
2020;MAR;Março;3;ÓLEO DIESEL;5949011,59093662;376359647,0;20054583,986805417;63,264231586535786;0,2287765002786276;0,7712234997213724;25,0;33,753956988218576;US$/barril
2020;ABR;Abril;4;ÓLEO DIESEL;6271860,626933487;279945942,0;16384735,919497509;44,63523006200386;0,27682271757279747;0,7231772824272025;25,0;30,435477745930996;US$/barril
2020;MAI;Maio;5;ÓLEO DIESEL;4435416,302502119;169208021,0;21317830,494912162;38,14929861364894;0,17222746077001252;0,8277725392299875;25,0;27,264670311135404;US$/barril
2020;JUN;Junho;6;ÓLEO DIESEL;5248603,283940549;191578337,0;22562759,798779212;36,50082253047838;0,18872154048435338;0,8112784595156466;25,0;27,17045294478904;US$/barril
2020;JUL;Julho;7;ÓLEO DIESEL;7117039,513902131;331316749,0;24236903,539823174;46,552607773614234;0,22699025451781327;0,7730097454821867;25,0;29,892231924055295;US$/barril
2020;AGO;Agosto;8;ÓLEO DIESEL;7094441,334776751;349310675,0;25256086,839037474;49,23723497263822;0,21929908830728975;0,7807009116927103;25,0;30,31520353258912;US$/barril
2020;SET;Setembro;9;ÓLEO DIESEL;6197740,090686238;300786957,0;24295267,008129667;48,53171520567841;0,2032511936458673;0,7967488063541327;25,0;29,78284920408874;US$/barril
2020;OUT;Outubro;10;ÓLEO DIESEL;7396666,757691833;342126843,0;25084423,34532081;46,25419181474148;0,2277222449811125;0,7722777550188875;25,0;29,840052275312118;US$/barril
2020;NOV;Novembro;11;ÓLEO DIESEL;5359678,6928106425;252555239,0;22433617,169639185;47,12133944498803;0,19284070228071956;0,8071592977192804;25,0;29,265894633961675;US$/barril
2020;DEZ;Dezembro;12;ÓLEO DIESEL;5837597,093916702;304843216,0;22433363,30020945;52,220667356038305;0,20648739952709838;0,7935126004729016;25,0;30,62072481574053;US$/barril
2021;JAN;Janeiro;1;ÓLEO DIESEL;4974731,029104118;284198203,0;22031152,26627092;57,12835555074829;0,18420915823020234;0,8157908417697977;25,0;30,91833733132399;US$/barril
2021;FEV;Fevereiro;2;ÓLEO DIESEL;4483621,63097819;274917970,0;20632080,66212195;61,31605042239509;0,178518664485442;0,821481335514558;25,0;31,483092820791946;US$/barril
2021;MAR;Março;3;ÓLEO DIESEL;5612418,054639881;394418285,0;22424183,69921864;70,27599889390416;0,2001818231721851;0,799818176827815;25,0;34,06343200452358;US$/barril
2021;ABR;Abril;4;ÓLEO DIESEL;8821108,916394167;619012653,0;21191576,10573313;70,17401767362327;0,29391268758162337;0,7060873124183766;25,0;38,27721694331437;US$/barril
2021;MAI;Maio;5;ÓLEO DIESEL;8590388,412237832;621711277,0;22337549,63629487;72,37289481745816;0,27775496700612995;0,7222450329938701;25,0;38,15805683700796;US$/barril
2021;JUN;Junho;6;ÓLEO DIESEL;7858926,624387809;590533200,0;22026310,068622038;75,14171186780881;0,2629701984667905;0,7370298015332095;25,0;38,185775921342305;US$/barril
2021;JUL;Julho;7;ÓLEO DIESEL;7782117,56127114;619022221,0;24035215,27090787;79,54418782885723;0,24458736382204108;0,755412636177959;25,0;38,34081911287445;US$/barril
2021;AGO;Agosto;8;ÓLEO DIESEL;10518446,00577696;847173699,0;22739677,32956649;80,54171676450244;0,3162669733261526;0,6837330266738474;25,0;42,566010654447616;US$/barril
2021;SET;Setembro;9;ÓLEO DIESEL;6130404,230216477;488336906,0;22031881,27411935;79,65819017170354;0,21768134653959986;0,7823186534604002;25,0;36,89806843599395;US$/barril
2021;OUT;Outubro;10;ÓLEO DIESEL;11655508,68493738;994665640,0;24606246,93051777;85,3386726300006;0,3214270375803227;0,6785729624196774;25,0;44,39448079498999;US$/barril
2021;NOV;Novembro;11;ÓLEO DIESEL;7140950,586034845;667324247,0;22711361,542128183;93,45033815316528;0,2392092965991062;0,7607907034008938;25,0;41,37395724158963;US$/barril
2021;DEZ;Dezembro;12;ÓLEO DIESEL;7235186,578618833;669483911,0;22769887,488270413;92,53167195140968;0,24113210194014814;0,7588678980598519;25,0;41,28405400517596;US$/barril
2022;JAN;Janeiro;1;ÓLEO DIESEL;8774905,52961093;806804759,0;23673447,48952059;91,94455214103859;0,2704268387500979;0,7295731612499022;25,0;43,10360360704216;US$/barril
2022;FEV;Fevereiro;2;ÓLEO DIESEL;3535093,1836411427;342948252,0;21837872,95895294;97,01250693673755;0,13932518428370558;0,8606748157162945;25,0;35,03315579969259;US$/barril
2022;MAR;Março;3;ÓLEO DIESEL;7499551,066804834;866756379,0;24325650,19757876;115,57443522673145;0,23564818976330482;0,7643518102366952;25,0;46,34370170001297;US$/barril
2022;ABR;Abril;4;ÓLEO DIESEL;9796984,379358072;1438433406,0;23950599,809287023;146,82409916164943;0,2903017983330025;0,7096982016669975;25,0;60,365755066924855;US$/barril
2022;MAI;Maio;5;ÓLEO DIESEL;9108734,559631024;1381759387,0;24185111,173543938;151,69608664674627;0,2735861345856725;0,7264138654143275;25,0;59,662292612814745;US$/barril
2022;JUN;Junho;6;ÓLEO DIESEL;6037179,654056226;1009214055,0;24317531,66306012;167,16647720130956;0,1988877308364318;0,8011122691635683;25,0;53,27516805157777;US$/barril
2022;JUL;Julho;7;ÓLEO DIESEL;8410438,490638858;1365707457,0;26036759,10600286;162,38243208366424;0,24415450537139768;0,7558454946286023;25,0;58,54253975210668;US$/barril
2022;AGO;Agosto;8;ÓLEO DIESEL;11616031,239086825;1748231212,0;24607618,92677307;150,50159353199487;0,32067533740800963;0,6793246625919904;25,0;65,24526585111533;US$/barril
2022;SET;Setembro;9;ÓLEO DIESEL;12570176,381923702;1799455665,0;22400115,0871134;143,15277768000712;0,35945300579074124;0,6405469942092588;25,0;67,47037107960377;US$/barril
2022;OUT;Outubro;10;ÓLEO DIESEL;9178285,286837855;1402017922,0;23667641,09544776;152,75379639926507;0,27943450825572896;0,720565491744271;25,0;60,69881927463115;US$/barril
2022;NOV;Novembro;11;ÓLEO DIESEL;4273110,458572845;614038871,0;23806797,9463147;143,69833800296374;0,1521767947729158;0,8478232052270842;25,0;43,0631326221632;US$/barril
2022;DEZ;Dezembro;12;ÓLEO DIESEL;9407839,51795068;1181537428,0;23562327,271744538;125,59072949167138;0,2853440074464861;0,714655992553514;25,0;53,70296186511895;US$/barril
2023;JAN;Janeiro;1;ÓLEO DIESEL;4665708,148619083;585100572,0;23299351,284275282;125,4044516636072;0,16684063053093198;0,8331593694690681;25,0;41,75154202366871;US$/barril
2023;FEV;Fevereiro;2;ÓLEO DIESEL;6479300,627385343;768434415,0;20656467,46942528;118,59835793884038;0,23877343748920385;0,7612265625107961;25,0;47,34880166840183;US$/barril
2023;MAR;Março;3;ÓLEO DIESEL;10808451,892826678;1160416791,0;23332529,63576725;107,36197954215275;0,3165829278743591;0,683417072125641;25,0;51,07439662898279;US$/barril
2023;ABR;Abril;4;ÓLEO DIESEL;5864586,458966369;567880350,0;23654232,85587836;96,83212174863029;0,19867279908506114;0,8013272009149389;25,0;39,271088692019276;US$/barril
2023;MAI;Maio;5;ÓLEO DIESEL;8573720,28095619;752551636,0;25523164,13581901;87,77422301396462;0,25145172139944955;0,7485482786005505;25,0;40,78468643637434;US$/barril
2023;JUN;Junho;6;ÓLEO DIESEL;6793248,638760714;580802433,0;25526533,297704753;85,49700796848137;0,21018856662198238;0,7898114333780177;25,0;37,71577938981375;US$/barril
2023;JUL;Julho;7;ÓLEO DIESEL;6673126,768388608;681163753,0;26201490,613661062;102,07565008756517;0,20298720714639543;0,7970127928536046;25,0;40,645370950267676;US$/barril
2023;AGO;Agosto;8;ÓLEO DIESEL;8257929,115639012;879229255,0;27023227,15592072;106,47091331105035;0,2340606144559882;0,7659393855440119;25,0;44,06913202987499;US$/barril
2023;SET;Setembro;9;ÓLEO DIESEL;7141006,617758929;848716145,0;24960840,65525601;118,8510514595145;0,22244846400978657;0,7775515359902134;25,0;45,87702224287244;US$/barril
2023;OUT;Outubro;10;ÓLEO DIESEL;7651925,218377547;947359884,0;27109447,74560452;123,80673581659369;0,220127243716929;0,779872756283071;25,0;46,75005441597354;US$/barril
2023;NOV;Novembro;11;ÓLEO DIESEL;6452938,513637927;720748026,0;24451632,36839103;111,69299451354433;0,20880207456270874;0,7911979254372913;25,0;43,10167710448158;US$/barril
2023;DEZ;Dezembro;12;ÓLEO DIESEL;11814567,549235798;1198239390,0;26120263,69283056;101,4205035441611;0,3114437882653474;0,6885562117346528;25,0;48,80069112493894;US$/barril
2024;JAN;Janeiro;1;ÓLEO DIESEL;6584149,670969882;637827241,0;25113149,17805264;96,87313819918745;0,2077195821111086;0,7922804178888915;25,0;39,92945823174918;US$/barril
2024;FEV;Fevereiro;2;ÓLEO DIESEL;5391791,512450238;560692836,0;23750373,21812974;103,99008097870602;0,18501684971921206;0,8149831502807879;25,0;39,614495941745645;US$/barril
2024;MAR;Março;3;ÓLEO DIESEL;7793799,505578238;804040599,0;24682060,652167972;103,16413687887736;0,23998746969968227;0,7600125303003177;25,0;43,75841343082139;US$/barril
2024;ABR;Abril;4;ÓLEO DIESEL;7447163,546317464;727295648,0;24157065,747298673;97,66075949273859;0,23563819503808453;0,7643618049619154;25,0;42,121650216965286;US$/barril
2024;MAI;Maio;5;ÓLEO DIESEL;6723638,56270381;615817797,0;24844375,7594898;91,58996148543092;0,21298896072715018;0,7870110392728498;25,0;39,18292669164289;US$/barril
2024;JUN;Junho;6;ÓLEO DIESEL;9524180,336432107;846512022,0;25716771,79637823;88,88030172653319;0,2702588823519561;0,7297411176480437;25,0;42,26421894891859;US$/barril
2024;JUL;Julho;7;ÓLEO DIESEL;7849779,166508082;736314005,0;25666176,75972234;93,80060118653554;0,23421021270542516;0,7657897872945748;25,0;41,113803438159614;US$/barril
2024;AGO;Agosto;8;ÓLEO DIESEL;7964095,370029202;717712051,0;26294642,410429798;90,11846514306224;0,2324690250138719;0,7675309749861281;25,0;40,13802610220748;US$/barril
2024;SET;Setembro;9;ÓLEO DIESEL;10036578,824513558;863917559,0;26409941,57796985;86,07689672998423;0,27537824499234453;0,7246217550076556;25,0;41,81924863108172;US$/barril
2024;OUT;Outubro;10;ÓLEO DIESEL;9368439,968401821;832868019,0;28282126,62065217;88,9014629766668;0,24882600229249865;0,7511739977075014;25,0;40,90034557312612;US$/barril
2024;NOV;Novembro;11;ÓLEO DIESEL;5248509,603210893;471051301,0;25903020,46100498;89,74953588954544;0,168483204272522;0,831516795727478;25,0;35,909209281829284;US$/barril
2024;DEZ;Dezembro;12;ÓLEO DIESEL;6132915,429371107;545443014,0;26866838,76044721;88,93698605198797;0,18584730644034148;0,8141526935596586;25,0;36,88251663967565;US$/barril
2025;JAN;Janeiro;1;ÓLEO DIESEL;7830801,312164274;724824768,0;24051465,2026066;92,56074047927456;0,24561620512570234;0,7543837948742976;25,0;41,59401269200184;US$/barril
2025;FEV;Fevereiro;2;ÓLEO DIESEL;6751965,740389;638933193,0;22394742,4572076;94,62921133885807;0,2316544871762142;0,7683455128237857;25,0;41,1299192451874;US$/barril
2025;MAR;Março;3;ÓLEO DIESEL;8156210,353246228;709015067,0;25128441,693742603;86,92947291603473;0,24504418257796082;0,7549558174220392;25,0;40,175457068193694;US$/barril
2025;ABR;Abril;4;ÓLEO DIESEL;9161402,0964693;739467764,0;24060030,70989327;80,71556692015325;0,27576781982487847;0,7242321801751216;25,0;40,364560419877776;US$/barril
2025;MAI;Maio;5;ÓLEO DIESEL;9177071,053993095;735063110,0;23944400,710926842;80,0977899893411;0,277073166287038;0,7229268337129621;25,0;40,266119127765;US$/barril
2025;JUN;Junho;6;ÓLEO DIESEL;8132290,490355252;687861173,0;24889048,07832672;84,58394025837994;0,246273798787432;0,753726201212568;25,0;39,67396331415463;US$/barril
2025;JUL;Julho;7;ÓLEO DIESEL;10868396,328002153;996161881,0;26173777,943524033;91,65674961939082;0,2934060038791119;0,706593996120888;25,0;44,55749053739598;US$/barril
2025;AGO;Agosto;8;ÓLEO DIESEL;8133625,068231344;736730741,0;27291562,53324573;90,57839952293277;0,22960005631394903;0,7703999436860511;25,0;40,05680422344402;US$/barril
2025;SET;Setembro;9;ÓLEO DIESEL;10994858,716223452;990603847,0;26779840,83201494;90,09700557027763;0,2910640944260321;0,7089359055739678;25,0;43,94740097615922;US$/barril
2025;OUT;Outubro;10;ÓLEO DIESEL;10059365,158812368;896181603,0;25266439,43955331;89,08928037222235;0,28475968978432714;0,7152403102156728;25,0;43,250043597294805;US$/barril
2025;NOV;Novembro;11;ÓLEO DIESEL;8617533,487524346;821300179,0;23442843,65714655;95,30571365797431;0,2687907708832664;0,7312092291167336;25,0;43,89752697162511;US$/barril
2025;DEZ;Dezembro;12;ÓLEO DIESEL;9625531,122476285;815525053,0;24398177,93379066;84,72520036797681;0,28290657866130925;0,7170934213386907;25,0;41,896652095965486;US$/barril
2026;JAN;Janeiro;1;ÓLEO DIESEL;8312761,148319274;659223925,0;23228847,67181948;79,30264243587536;0,2635490534335625;0,7364509465664375;25,0;39,311410012916156;US$/barril
2026;FEV;Fevereiro;2;ÓLEO DIESEL;8686194,251543393;783691312,0;23627058,17206006;90,22263252525707;0,2688121312479984;0,7311878687520017;25,0;42,532634854719376;US$/barril
2026;MAR;Março;3;ÓLEO DIESEL;6536189,248226751;762413171,0;27934133,38478907;116,64490455303762;0,1896178726788696;0,8103821273211304;25,0;42,37751184320504;US$/barril
2026;ABR;Abril;4;ÓLEO DIESEL;7480238,564617547;1056626147,0;26589485,10386268;141,25567491897547;0,21955677238256932;0,7804432276174308;25,0;50,52472075636747;US$/barril
2026;MAI;Maio;5;ÓLEO DIESEL;8790999,303897275;1337369244,0;27763675,86054003;152,1293766235552;0,24048905548611507;0,759510944513885;25,0;55,57322370873739;US$/barril
2026;JUN;Junho;6;ÓLEO DIESEL;3637029,064284833;481008945,0;25652122,707621377;132,25325849700988;0,1241766607858349;0,875823339214165;25,0;38,318351498558656;US$/barril
2026;JUL;Julho;7;ÓLEO DIESEL;9323273,906069227;1232008983,0;28064905,62959475;132,14338604789802;0,24936421141275164;0,7506357885872483;25,0;51,71772596992611;US$/barril
2026;AGO;Agosto;8;ÓLEO DIESEL;0,0;0,0;0,0;;;;25,0;;US$/barril
2026;SET;Setembro;9;ÓLEO DIESEL;0,0;0,0;0,0;;;;25,0;;US$/barril
2026;OUT;Outubro;10;ÓLEO DIESEL;0,0;0,0;0,0;;;;25,0;;US$/barril
2026;NOV;Novembro;11;ÓLEO DIESEL;0,0;0,0;0,0;;;;25,0;;US$/barril
2026;DEZ;Dezembro;12;ÓLEO DIESEL;0,0;0,0;0,0;;;;25,0;;US$/barril
