ano;mes;mes_nome;mes_ordem;produto;volume_importacao_barris;dispendio_importacao_usd_fob;volume_producao_barris;volume_derivado_usado_barris;volume_derivado_base;custo_medio_ponderado_usd_por_barril;receita_liquida_nao_obtida_usd;lucro_nao_auferido_usd;unidade_valor
2010;JAN;Janeiro;1;GASOLINA A;0,0;0,0;11579418,60281346;11579418,60281346;producao_brasil;25,0;0,0;0,0;US$
2010;FEV;Fevereiro;2;GASOLINA A;1178427,6916233157;101161412,0;10755317,1548919;10755317,1548919;producao_brasil;31,008233009134138;64620451,55372818;165781863,55372816;US$
2010;MAR;Março;3;GASOLINA A;1189748,790152345;111634448,0;10881661,360877959;10881661,360877959;producao_brasil;31,78385766216401;73819641,800066;185454089,800066;US$
2010;ABR;Abril;4;GASOLINA A;773893,8822615634;68618678,0;10933716,39452086;10933716,39452086;producao_brasil;29,208487452061146;46014408,250736274;114633086,25073627;US$
2010;MAI;Maio;5;GASOLINA A;3,611130808625337;3724,0;10408671,86934047;10408671,86934047;producao_brasil;25,000349105103393;3633,720469125632;7357,720469125632;US$
2010;JUN;Junho;6;GASOLINA A;34968,93617946092;3279915,0;10688438,7373277;10688438,7373277;producao_brasil;25,224340216166254;2397846,656811864;5677761,656811864;US$
2010;JUL;Julho;7;GASOLINA A;33,500443557951485;22590,0;11470516,21607208;11470516,21607208;producao_brasil;25,001896377196267;21752,425381575107;44342,42538157511;US$
2010;AGO;Agosto;8;GASOLINA A;10,307828787061995;5650,0;11126552,39603004;11126552,39603004;producao_brasil;25,00048463343297;5392,299284791382;11042,299284791381;US$
2010;SET;Setembro;9;GASOLINA A;8,66332320754717;535,0;10773010,28349513;10773010,28349513;producao_brasil;25,0000295568885;318,4166637518462;853,4166637518463;US$
2010;OUT;Outubro;10;GASOLINA A;32,8816347574124;27470,0;11732496,38195271;11732496,38195271;producao_brasil;25,002271288528874;26647,884447385346;54117,884447385346;US$
2010;NOV;Novembro;11;GASOLINA A;0,0;0,0;11810662,25353013;11810662,25353013;producao_brasil;25,0;0,0;0,0;US$
2010;DEZ;Dezembro;12;GASOLINA A;12,57962;3843,0;13109498,11836919;13109498,11836919;producao_brasil;25,000269156460625;3528,5061141129345;7371,5061141129345;US$
2011;JAN;Janeiro;1;GASOLINA A;5,51841820754717;1796,0;12619104,48983873;12619104,48983873;producao_brasil;25,000131391163382;1658,0388197618693;3454,0388197618695;US$
2011;FEV;Fevereiro;2;GASOLINA A;25,15924;10623,0;11526189,26164356;11526189,26164356;producao_brasil;25,000867068634598;9993,997185210907;20616,99718521091;US$
2011;MAR;Março;3;GASOLINA A;0,0;0,0;12890605,5033775;12890605,5033775;producao_brasil;25,0;0,0;0,0;US$
2011;ABR;Abril;4;GASOLINA A;1078457,11241;134353513,0;12139478,68266834;12139478,68266834;producao_brasil;33,124724378653525;98629918,39722024;232983431,39722025;US$
2011;MAI;Maio;5;GASOLINA A;1520567,85731;195963458,0;13846005,28210295;13846005,28210295;producao_brasil;35,278756371655426;142319715,01539037;338283173,0153904;US$
2011;JUN;Junho;6;GASOLINA A;0,0;0,0;11532678,85487859;11532678,85487859;producao_brasil;25,0;0,0;0,0;US$
2011;JUL;Julho;7;GASOLINA A;0,0;0,0;12681332,8320005;12681332,8320005;producao_brasil;25,0;0,0;0,0;US$
2011;AGO;Agosto;8;GASOLINA A;599835,698872911;74259759,0;13075191,8026703;13075191,8026703;producao_brasil;29,33372923904463;56664341,02134894;130924100,02134894;US$
2011;SET;Setembro;9;GASOLINA A;2093657,60565;253543814,0;12965902,90081461;12965902,90081461;producao_brasil;38,36044128063233;173230184,35671398;426773998,356714;US$
2011;OUT;Outubro;10;GASOLINA A;3198676,58569;387667795,0;12411389,307503741;12411389,307503741;producao_brasil;44,71169644401776;244649538,47804156;632317333,4780415;US$
2011;NOV;Novembro;11;GASOLINA A;1819453,3387;214004866,0;12067879,30983282;12067879,30983282;producao_brasil;37,134694026379776;146440022,97210044;360444888,97210044;US$
2011;DEZ;Dezembro;12;GASOLINA A;3443749,3460326;384480579,0;12872927,18727682;12872927,18727682;producao_brasil;43,28723176193681;235410202,92826852;619890781,9282686;US$
2012;JAN;Janeiro;1;GASOLINA A;1978722,6953328976;229826929,0;13774454,88172809;13774454,88172809;producao_brasil;36,44904643741891;157704373,59103647;387531302,59103644;US$
2012;FEV;Fevereiro;2;GASOLINA A;2700868,4542980595;330743882,0;12958198,84590554;12958198,84590554;producao_brasil;41,80956889680946;217821736,278806;548565618,278806;US$
2012;MAR;Março;3;GASOLINA A;3035106,575708019;397665624,0;14012297,17211576;14012297,17211576;producao_brasil;43,876068424693585;264497080,2079975;662162704,2079976;US$
2012;ABR;Abril;4;GASOLINA A;1840103,2596326417;251978486,0;13911239,75089688;13911239,75089688;producao_brasil;38,07672014833861;181913389,1389222;433891875,1389222;US$
2012;MAI;Maio;5;GASOLINA A;1234680,5141131538;170256792,0;13907835,171091031;13907835,171091031;producao_brasil;34,205192984106965;128024306,74104325;298281098,74104327;US$
2012;JUN;Junho;6;GASOLINA A;1431510,513811496;188389609,0;13450337,42497525;13450337,42497525;producao_brasil;35,254226946976424;137922812,46910667;326312421,4691067;US$
2012;JUL;Julho;7;GASOLINA A;1224810,3865920622;140240444,0;13775848,48348074;13775848,48348074;producao_brasil;32,30769130107326;100669648,1276355;240910092,12763548;US$
2012;AGO;Agosto;8;GASOLINA A;1061743,2392904311;125355764,0;14281047,73979887;14281047,73979887;producao_brasil;31,440300408994062;91974237,59949039;217330001,5994904;US$
2012;SET;Setembro;9;GASOLINA A;607475,7496756874;70209791,0;13501662,362632591;13501662,362632591;producao_brasil;28,899805701817314;52653859,86580681;122863650,86580682;US$
2012;OUT;Outubro;10;GASOLINA A;3391829,080978235;417245709,0;13832474,4226876;13832474,4226876;producao_brasil;44,30121481572762;266983560,26535124;684229269,2653513;US$
2012;NOV;Novembro;11;GASOLINA A;4024367,2397918873;523416748,0;13352332,76303987;13352332,76303987;producao_brasil;49,33186778480959;324887195,40906745;848303943,4090674;US$
2012;DEZ;Dezembro;12;GASOLINA A;1245511,9483906336;156888128,0;14229145,3787141;14229145,3787141;producao_brasil;33,12621091582916;115629036,49942659;272517164,4994266;US$
2013;JAN;Janeiro;1;GASOLINA A;4335008,215012061;509164278,0;14498903,59282864;14498903,59282864;producao_brasil;46,280182083992074;308539308,4736403;817703586,4736403;US$
2013;FEV;Fevereiro;2;GASOLINA A;3692651,9340470624;428207716,0;12465741,86407401;12465741,86407401;producao_brasil;45,78742614181624;259130688,30238518;687338404,3023852;US$
2013;MAR;Março;3;GASOLINA A;2205274,6835762667;263224163,0;13951280,77570403;13951280,77570403;producao_brasil;37,87974385598791;179688922,85403624;442913085,8540362;US$
2013;ABR;Abril;4;GASOLINA A;1850195,7260034503;228244981,0;14711129,22936368;14711129,22936368;producao_brasil;35,9888603925337;161658545,3179994;389903526,31799936;US$
2013;MAI;Maio;5;GASOLINA A;2442543,4908396904;298736562,0;16020771,50354716;16020771,50354716;producao_brasil;37,87271407118733;206230810,76498854;504967372,76498854;US$
2013;JUN;Junho;6;GASOLINA A;621318,1549935983;73340393,0;15013427,00186659;15013427,00186659;producao_brasil;28,69737009111373;55510195,961820796;128850588,9618208;US$
2013;JUL;Julho;7;GASOLINA A;569912,3940237197;64438005,0;15971583,17660796;15971583,17660796;producao_brasil;28,034199352476705;48460967,3324917;112898972,3324917;US$
2013;AGO;Agosto;8;GASOLINA A;0,0;0,0;16022532,40504457;16022532,40504457;producao_brasil;25,0;0,0;0,0;US$
2013;SET;Setembro;9;GASOLINA A;894136,0104949055;106383314,0;15230117,95063531;15230117,95063531;producao_brasil;30,211398551535673;79370214,62765831;185753528,6276583;US$
2013;OUT;Outubro;10;GASOLINA A;303217,3718682615;33121880,0;16030866,59198887;16030866,59198887;producao_brasil;26,563690119373064;25067307,694880735;58189187,69488074;US$
2013;NOV;Novembro;11;GASOLINA A;890863,3341928436;106262922,0;15378204,35670191;15378204,35670191;producao_brasil;30,162639939852607;79392132,01512465;185655054,01512465;US$
2013;DEZ;Dezembro;12;GASOLINA A;297215,1129933558;32760209,0;14678120,68387228;14678120,68387228;producao_brasil;26,69143660741602;24827110,65277183;57587319,65277183;US$
2014;JAN;Janeiro;1;GASOLINA A;287288,72473241243;33333258,0;14627247,29796465;14627247,29796465;producao_brasil;26,753392786868652;25647309,903995194;58980567,90399519;US$
2014;FEV;Fevereiro;2;GASOLINA A;2360866,1967257415;273640893,0;13844538,68081544;13844538,68081544;producao_brasil;38,24368256786314;183352675,58722237;456993568,58722234;US$
2014;MAR;Março;3;GASOLINA A;1280443,7136578977;148918310,0;15129318,22293213;15129318,22293213;producao_brasil;32,12424821336842;107785018,31920648;256703328,31920648;US$
2014;ABR;Abril;4;GASOLINA A;1497654,5880899732;171378412,0;14534001,61949185;14534001,61949185;producao_brasil;33,354535898443736;121424838,27808404;292803250,27808404;US$
2014;MAI;Maio;5;GASOLINA A;1797149,6300558355;206196258,0;15281083,60176583;15281083,60176583;producao_brasil;34,44286888810702;144297268,91967693;350493526,9196769;US$
2014;JUN;Junho;6;GASOLINA A;1044168,0182278438;119858192,0;15465746,45433614;15465746,45433614;producao_brasil;30,678647923955232;87824528,99533391;207682720,9953339;US$
2014;JUL;Julho;7;GASOLINA A;1648883,2194601619;192160402,0;15631455,09026765;15631455,09026765;producao_brasil;33,7346855604399;136535845,0656256;328696247,0656256;US$
2014;AGO;Agosto;8;GASOLINA A;746374,4800658086;89275002,0;16187719,081093231;16187719,081093231;producao_brasil;29,17002774570247;67503237,70779607;156778239,70779607;US$
2014;SET;Setembro;9;GASOLINA A;459324,68334506743;55304064,0;15205475,30531023;15205475,30531023;producao_brasil;27,797415029116816;42536025,14393945;97840089,14393945;US$
2014;OUT;Outubro;10;GASOLINA A;460979,34417037736;58648203,0;15432828,34373292;15432828,34373292;producao_brasil;27,964910631931595;45756956,837109;104405159,837109;US$
2014;NOV;Novembro;11;GASOLINA A;1057049,2100345285;123013585,0;15384090,96472167;15384090,96472167;producao_brasil;30,874735798277385;90377469,91440606;213391054,91440606;US$
2014;DEZ;Dezembro;12;GASOLINA A;1052690,9057449999;110612052,0;14875173,01548629;14875173,01548629;producao_brasil;30,292283998233625;78723640,12081471;189335692,1208147;US$
2015;JAN;Janeiro;1;GASOLINA A;2265195,872450364;192198148,0;13744497,17712814;13744497,17712814;producao_brasil;33,46788572203826;116386831,40279856;308584979,40279853;US$
2015;FEV;Fevereiro;2;GASOLINA A;2207656,3514970485;163801084,0;12744680,590517402;12744680,590517402;producao_brasil;32,263725773018955;92573864,87423567;256374948,8742357;US$
2015;MAR;Março;3;GASOLINA A;1933295,6022120079;103821707,0;12323828,0196592;12323828,0196592;producao_brasil;28,89204150966161;47964850,21044444;151786557,21044445;US$
2015;ABR;Abril;4;GASOLINA A;2588182,006949798;152115408,0;12687528,53386328;12687528,53386328;producao_brasil;30,72221223966728;72600731,06760031;224716139,0676003;US$
2015;MAI;Maio;5;GASOLINA A;2012999,421815876;131950007,0;14327666,04408226;14327666,04408226;producao_brasil;29,995207913958524;71569670,81195451;203519677,8119545;US$
2015;JUN;Junho;6;GASOLINA A;1409099,7088606737;94875996,0;13606021,7642766;13606021,7642766;producao_brasil;28,97256215244059;54050767,10604818;148926763,10604817;US$
2015;JUL;Julho;7;GASOLINA A;714903,2801014825;53240666,0;13926339,81098046;13926339,81098046;producao_brasil;27,415647617995347;33641129,591788724;86881795,59178872;US$
2015;AGO;Agosto;8;GASOLINA A;294929,1400390027;22130037,0;12572656,22427888;12572656,22427888;producao_brasil;26,146820330405262;14418577,765199281;36548614,76519928;US$
2015;SET;Setembro;9;GASOLINA A;44478,86611764151;2440712,0;13711411,6821012;13711411,6821012;producao_brasil;25,096594280275877;1324443,9429988146;3765155,9429988144;US$
2015;OUT;Outubro;10;GASOLINA A;281116,0560860378;18411441,0;14245167,6633195;14245167,6633195;producao_brasil;25,783651195153368;11163242,664520437;29574683,664520435;US$
2015;NOV;Novembro;11;GASOLINA A;1035657,5068866981;67737919,0;13565699,26418214;13565699,26418214;producao_brasil;27,865931021612134;38878358,35108049;106616277,35108049;US$
2015;DEZ;Dezembro;12;GASOLINA A;745650,4144313476;44946305,0;14369888,04792729;14369888,04792729;producao_brasil;26,74026513873272;25007415,217299845;69953720,21729985;US$
2016;JAN;Janeiro;1;GASOLINA A;0,025430498652291106;262,0;14131420,56300524;14131420,56300524;producao_brasil;25,000018495255723;261,3642370476127;523,3642370476127;US$
2016;FEV;Fevereiro;2;GASOLINA A;1618157,692577318;83193707,0;13503642,56464546;13503642,56464546;producao_brasil;27,82636749319267;38166256,38440683;121359963,38440683;US$
2016;MAR;Março;3;GASOLINA A;2076702,8463703643;96699329,0;14420880,00304323;14420880,00304323;producao_brasil;27,714443579371547;39144665,13314824;135843994,13314825;US$
2016;ABR;Abril;4;GASOLINA A;1272941,7165554715;55313051,0;14475454,5899065;14475454,5899065;producao_brasil;26,491549211044102;21590852,87307977;76903903,87307978;US$
2016;MAI;Maio;5;GASOLINA A;1453304,6885078303;59264532,0;13914041,873831501;13914041,873831501;producao_brasil;26,492249471584334;20763221,633827347;80027753,63382734;US$
2016;JUN;Junho;6;GASOLINA A;2371695,6474243263;109759554,0;13108847,56332089;13108847,56332089;producao_brasil;28,260038238151882;42735344,31453022;152494898,31453022;US$
2016;JUL;Julho;7;GASOLINA A;2095146,3833326008;105000092,0;13965668,25063309;13965668,25063309;producao_brasil;28,276386261591007;45756923,590311974;150757015,59031197;US$
2016;AGO;Agosto;8;GASOLINA A;1872633,2923156873;102306692,0;13275345,49492968;13275345,49492968;producao_brasil;28,66325174278903;48630932,52042764;150937624,52042764;US$
2016;SET;Setembro;9;GASOLINA A;1886013,6000425876;96649326,0;13154423,30643754;13154423,30643754;producao_brasil;28,29106037987559;43292001,36392863;139941327,36392862;US$
2016;OUT;Outubro;10;GASOLINA A;1215268,6261464015;63002485,0;14696496,061876401;14696496,061876401;producao_brasil;27,05010380595274;30129342,51062228;93131827,51062228;US$
2016;NOV;Novembro;11;GASOLINA A;1000753,6049691242;55226259,0;13796358,38398608;13796358,38398608;producao_brasil;27,041440174158254;28164440,26215423;83390699,26215422;US$
2016;DEZ;Dezembro;12;GASOLINA A;1542512,3771143665;88663529,0;14326896,18391788;14326896,18391788;producao_brasil;28,15706280920667;45230911,11361212;133894440,11361212;US$
2017;JAN;Janeiro;1;GASOLINA A;2038045,1824540568;115274214,0;14089934,215337811;14089934,215337811;producao_brasil;28,988291580249367;56194765,99729926;171468979,99729925;US$
2017;FEV;Fevereiro;2;GASOLINA A;4516014,27341434;263418318,0;12939965,69308514;12939965,69308514;producao_brasil;33,622716195453194;111577651,75037394;374995969,75037396;US$
2017;MAR;Março;3;GASOLINA A;3215032,6177861993;201064455,0;14945820,6708809;14945820,6708809;producao_brasil;31,645537940150543;99323018,31502527;300387473,31502527;US$
2017;ABR;Abril;4;GASOLINA A;2615042,979628113;159032884,0;14363549,02645385;14363549,02645385;producao_brasil;30,51617056795687;79231786,39113028;238264670,39113027;US$
2017;MAI;Maio;5;GASOLINA A;1785019,4856426818;112776335,0;13181011,81141289;13181011,81141289;producao_brasil;29,553702080814237;60022400,9128679;172798735,9128679;US$
2017;JUN;Junho;6;GASOLINA A;3081712,7962830863;182891215,0;13545459,41666915;13545459,41666915;producao_brasil;31,365988981004783;86230245,38916329;269121460,38916326;US$
2017;JUL;Julho;7;GASOLINA A;2028844,190690337;114815784,0;14977976,15460124;14977976,15460124;producao_brasil;28,768763233304018;56448445,84076545;171264229,84076545;US$
2017;AGO;Agosto;8;GASOLINA A;1976128,5979800406;116509775,0;14055756,91622164;14055756,91622164;producao_brasil;29,18581831756803;58834844,76720408;175344619,76720408;US$
2017;SET;Setembro;9;GASOLINA A;1487577,795383167;97498361,0;13494198,44637951;13494198,44637951;producao_brasil;29,025485038770356;54320693,9560989;151819054,9560989;US$
2017;OUT;Outubro;10;GASOLINA A;2010498,0355842724;129176940,0;13874103,7188669;13874103,7188669;producao_brasil;29,967986628199842;68926361,75358845;198103301,75358844;US$
2017;NOV;Novembro;11;GASOLINA A;1177291,4738971968;81161851,0;12374446,40408981;12374446,40408981;producao_brasil;28,817190431095767;47235618,40379905;128397469,40379906;US$
2017;DEZ;Dezembro;12;GASOLINA A;2300634,128482453;158008714,0;13753439,58869944;13753439,58869944;producao_brasil;31,25964864484122;86091699,48330805;244100413,48330805;US$
2018;JAN;Janeiro;1;GASOLINA A;2518665,221264394;179457789,0;13196195,36243441;13196195,36243441;producao_brasil;32,4128025411328;97820790,51593864;277278579,51593864;US$
2018;FEV;Fevereiro;2;GASOLINA A;2826061,7734665093;209788037,0;11912423,573675921;11912423,573675921;producao_brasil;34,44035220622679;112457474,16525951;322245511,1652595;US$
2018;MAR;Março;3;GASOLINA A;2427105,465837507;182250611,0;12164287,29092008;12164287,29092008;producao_brasil;33,33182797425278;101350749,13733552;283601360,13733554;US$
2018;ABR;Abril;4;GASOLINA A;1613633,3186547577;121623726,0;12640952,15116354;12640952,15116354;producao_brasil;30,702227764233065;72081588,32270643;193705314,32270643;US$
2018;MAI;Maio;5;GASOLINA A;1322497,3324569005;104260234,0;13283772,05402364;13283772,05402364;producao_brasil;29,874468545299983;64751329,04027318;169011563,0402732;US$
2018;JUN;Junho;6;GASOLINA A;1330374,2174936254;112485014,0;12946932,88417309;12946932,88417309;producao_brasil;30,549061738218874;71843329,89485264;184328343,89485264;US$
2018;JUL;Julho;7;GASOLINA A;1163356,3659348653;91421957,0;12661745,39502976;12661745,39502976;producao_brasil;29,50904802940697;57092418,12231171;148514375,1223117;US$
2018;AGO;Agosto;8;GASOLINA A;894136,2987072236;74639844,0;12065498,88720965;12065498,88720965;producao_brasil;29,034560833096492;48678989,242105365;123318833,24210536;US$
2018;SET;Setembro;9;GASOLINA A;598316,9640628976;48399140,0;12357099,69306214;12357099,69306214;producao_brasil;27,581253600982105;31896808,080411516;80295948,08041152;US$
2018;OUT;Outubro;10;GASOLINA A;546622,8042846362;44765689,0;12864017,482717521;12864017,482717521;producao_brasil;27,31906294012128;29832466,205242455;74598155,20524246;US$
2018;NOV;Novembro;11;GASOLINA A;1229591,3288155256;103067169,0;11602772,57299631;11602772,57299631;producao_brasil;30,63632595935031;65397008,253616884;168464177,25361687;US$
2018;DEZ;Dezembro;12;GASOLINA A;2190615,5523636388;161236322,0;12073293,63488911;12073293,63488911;producao_brasil;32,4643585985572;90119393,15649042;251355715,15649042;US$
2019;JAN;Janeiro;1;GASOLINA A;2686527,5010077357;165301056,0;12322502,86361897;12322502,86361897;producao_brasil;31,538588175962254;80571771,52232;245872827,52232;US$
2019;FEV;Fevereiro;2;GASOLINA A;2079367,182760499;115713666,0;11968110,19894719;11968110,19894719;producao_brasil;29,536721056691263;54295977,548365176;170009643,54836518;US$
2019;MAR;Março;3;GASOLINA A;1939597,042426725;127780200,0;12600230,23555446;12600230,23555446;producao_brasil;30,453316083018912;68713038,19329031;196493238,1932903;US$
2019;ABR;Abril;4;GASOLINA A;2796805,4597359705;196416004,0;12137144,30145437;12137144,30145437;producao_brasil;33,47035576852765;102805930,24727648;299221934,2472765;US$
2019;MAI;Maio;5;GASOLINA A;3260560,907338059;245263808,0;12199490,118397512;12199490,118397512;producao_brasil;35,591801090692556;129214572,74193582;374478380,74193585;US$
2019;JUN;Junho;6;GASOLINA A;1471560,5399131805;112335749,0;12513026,65549443;12513026,65549443;producao_brasil;30,40214269084605;67597155,487341;179932904,487341;US$
2019;JUL;Julho;7;GASOLINA A;3588635,523557992;253339300,0;14028459,00873563;14028459,00873563;producao_brasil;34,28776374623606;130293012,99689344;383632312,9968934;US$
2019;AGO;Agosto;8;GASOLINA A;2014695,0087903505;135899611,0;13825334,28069408;13825334,28069408;producao_brasil;30,399752375270083;74653381,62108077;210552992,62108076;US$
2019;SET;Setembro;9;GASOLINA A;2038294,4606786794;128057505,0;12121714,057794841;12121714,057794841;producao_brasil;30,44492211162487;66001788,90408115;194059293,90408117;US$
2019;OUT;Outubro;10;GASOLINA A;2582305,111956415;166920369,0;12273101,695799181;12273101,695799181;producao_brasil;31,89060505213825;84569096,55048034;251489465,55048034;US$
2019;NOV;Novembro;11;GASOLINA A;3772969,222046752;247135856,0;11836160,8728083;11836160,8728083;producao_brasil;34,78988736208943;115874681,74436338;363010537,74436337;US$
2019;DEZ;Dezembro;12;GASOLINA A;2138473,146139299;145228291,0;12840431,44999472;12840431,44999472;producao_brasil;31,12638005386602;78665363,11828157;223893654,11828157;US$
2020;JAN;Janeiro;1;GASOLINA A;3729783,339735067;253631137,0;12340887,23605139;12340887,23605139;producao_brasil;34,98007847589611;123163023,07797748;376794160,0779775;US$
2020;FEV;Fevereiro;2;GASOLINA A;2372847,108008054;156309154,0;11676961,05806099;11676961,05806099;producao_brasil;31,90315306468235;80607849,51413018;236917003,51413018;US$
2020;MAR;Março;3;GASOLINA A;3474420,717124406;180508967,0;10934867,63731459;10934867,63731459;producao_brasil;31,49917239271848;71067589,86646575;251576556,86646575;US$
2020;ABR;Abril;4;GASOLINA A;2808463,0546002565;88087471,0;7525501,279764781;7525501,279764781;producao_brasil;26,729819656484423;13017760,038635802;101105231,0386358;US$
2020;MAI;Maio;5;GASOLINA A;2304742,906771824;52656292,0;9981842,52603616;9981842,52603616;producao_brasil;24,596122071796678;-4031445,8790672966;48624846,120932706;US$
2020;JUN;Junho;6;GASOLINA A;1244158,8164609054;34184780,0;10746149,146705331;10746149,146705331;producao_brasil;25,25694165637292;2761133,3613849073;36945913,361384906;US$
2020;JUL;Julho;7;GASOLINA A;1023169,7250087162;48376940,0;12114174,65753195;12114174,65753195;producao_brasil;26,735335255813183;21022154,378293786;69399094,37829378;US$
2020;AGO;Agosto;8;GASOLINA A;1367162,4428178244;64182674,0;12574064,04100213;12574064,04100213;producao_brasil;27,15215016873704;27061274,047553096;91243948,04755309;US$
2020;SET;Setembro;9;GASOLINA A;1206231,8146442163;58014080,0;12957592,87303052;12957592,87303052;producao_brasil;26,966861723312398;25485793,448229257;83499873,44822925;US$
2020;OUT;Outubro;10;GASOLINA A;1945324,0219500407;92657819,0;12314775,69365815;12314775,69365815;producao_brasil;28,087265820663397;38018986,08816718;130676805,08816719;US$
2020;NOV;Novembro;11;GASOLINA A;1521578,663775973;75286546,0;12735880,63056298;12735880,63056298;producao_brasil;27,61246261599989;33272012,02918287;108558558,02918287;US$
2020;DEZ;Dezembro;12;GASOLINA A;1809215,8484499056;111546152,0;13601415,824470941;13601415,824470941;producao_brasil;29,30324708267998;58530252,966971904;170076404,9669719;US$
2021;JAN;Janeiro;1;GASOLINA A;1649193,953325662;82748934,0;13492116,072693;13492116,072693;producao_brasil;27,742106534739236;36996819,65039175;119745753,65039176;US$
2021;FEV;Fevereiro;2;GASOLINA A;923071,4022377839;52545477,0;12276237,65039955;12276237,65039955;producao_brasil;27,232593526413968;27407848,70700146;79953325,70700146;US$
2021;MAR;Março;3;GASOLINA A;795057,0072441081;52878819,0;11182838,3081083;11182838,3081083;producao_brasil;27,755274858396632;30811793,23584553;83690612,23584554;US$
2021;ABR;Abril;4;GASOLINA A;552987,1840900135;38815856,0;11196927,9856931;11196927,9856931;producao_brasil;27,126923985121074;23815014,692444053;62630870,692444056;US$
2021;MAI;Maio;5;GASOLINA A;749853,6132296892;56987045,0;13204626,29923613;13204626,29923613;producao_brasil;27,740389101502565;36185813,99984084;93172858,99984084;US$
2021;JUN;Junho;6;GASOLINA A;894939,6490302432;67034989,0;13426123,04652326;13426123,04652326;producao_brasil;28,118588244719483;41870549,505044766;108905538,50504476;US$
2021;JUL;Julho;7;GASOLINA A;848782,7623185405;61357524,0;13830017,67950989;13830017,67950989;producao_brasil;27,734416555433242;37817029,30478627;99174553,30478626;US$
2021;AGO;Agosto;8;GASOLINA A;2324529,5610646894;181883723,0;13999306,31804815;13999306,31804815;producao_brasil;32,58219360265397;106145450,80629803;288029173,806298;US$
2021;SET;Setembro;9;GASOLINA A;1720996,1123555002;137465887,0;14613908,49160784;14613908,49160784;producao_brasil;30,78154488690422;84490967,91734149;221956854,91734147;US$
2021;OUT;Outubro;10;GASOLINA A;2522662,740938878;223795646,0;14491178,10146897;14491178,10146897;producao_brasil;34,446960211118395;136897582,93680754;360693228,9368075;US$
2021;NOV;Novembro;11;GASOLINA A;1360212,330263973;127166385,0;13996169,31304951;13996169,31304951;producao_brasil;31,066603377493237;84909208,02651337;212075593,02651337;US$
2021;DEZ;Dezembro;12;GASOLINA A;878825,6572950946;78241047,0;14069742,0949031;14069742,0949031;producao_brasil;28,764267353261857;52962270,83665784;131203317,83665784;US$
2022;JAN;Janeiro;1;GASOLINA A;2194567,007920176;191543405,0;14175853,83761311;14175853,83761311;producao_brasil;33,34915797777361;118356443,16006011;309899848,1600601;US$
2022;FEV;Fevereiro;2;GASOLINA A;1012887,2371178918;103038266,0;12043790,22439603;12043790,22439603;producao_brasil;30,952209917196004;71687167,61427833;174725433,61427832;US$
2022;MAR;Março;3;GASOLINA A;1018975,8071968649;108449938,0;14101035,729987811;14101035,729987811;producao_brasil;30,48779626364811;77383611,19259562;185833549,1925956;US$
2022;ABR;Abril;4;GASOLINA A;856458,6254492162;98741531,0;13814249,295664761;13814249,295664761;producao_brasil;30,271052070532786;72815627,35276982;171557158,35276982;US$
2022;MAI;Maio;5;GASOLINA A;957331,5213221622;116061773,0;13601413,72996421;13601413,72996421;producao_brasil;31,328051173146648;86070442,11035293;202132215,11035293;US$
2022;JUN;Junho;6;GASOLINA A;884329,2580445814;103157112,0;13516094,63358847;13516094,63358847;producao_brasil;30,62822880484626;76071673,14579058;179228785,14579058;US$
2022;JUL;Julho;7;GASOLINA A;1490420,6959830811;171070658,0;13982252,24043073;13982252,24043073;producao_brasil;33,64815931612634;120920744,97350939;291991402,9735094;US$
2022;AGO;Agosto;8;GASOLINA A;1936951,0693767567;208159453,0;14642254,14935384;14642254,14935384;producao_brasil;34,63470046713201;141073732,892645;349233185,892645;US$
2022;SET;Setembro;9;GASOLINA A;2961351,931195798;275638622,0;13591466,53382503;13591466,53382503;producao_brasil;37,17948617911405;165537078,8026131;441175700,80261314;US$
2022;OUT;Outubro;10;GASOLINA A;4555082,637432474;435870354,0;14193804,25089439;14193804,25089439;producao_brasil;42,173994914048066;243764322,01585406;679634676,0158541;US$
2022;NOV;Novembro;11;GASOLINA A;3061982,8988768114;307544472,0;13224406,349058501;13224406,349058501;producao_brasil;39,183309511490634;187565848,35441858;495110320,3544186;US$
2022;DEZ;Dezembro;12;GASOLINA A;6231781,768393014;521461900,0;14794328,684928661;14794328,684928661;producao_brasil;42,39110790851987;257289766,5937052;778751666,5937052;US$
2023;JAN;Janeiro;1;GASOLINA A;1112138,8919646216;105123127,0;14345969,68680333;14345969,68680333;producao_brasil;30,001883270963997;71756865,7821782;176879992,7821782;US$
2023;FEV;Fevereiro;2;GASOLINA A;3796973,147092932;347900087,0;13422291,60247195;13422291,60247195;producao_brasil;39,69143787507357;197192763,2188383;545092850,2188383;US$
2023;MAR;Março;3;GASOLINA A;1733833,5975660135;157803811,0;14360567,02124304;14360567,02124304;producao_brasil;32,111664098076815;102127528,91300003;259931339,91300005;US$
2023;ABR;Abril;4;GASOLINA A;1679409,2485944189;153567821,0;13598471,95437816;13598471,95437816;producao_brasil;32,30353825263605;99316960,09619942;252884781,09619942;US$
2023;MAI;Maio;5;GASOLINA A;3589175,4361609328;299531489,0;14643810,00304525;14643810,00304525;producao_brasil;36,506733430765635;168502418,115821;468033907,115821;US$
2023;JUN;Junho;6;GASOLINA A;2645365,850373689;225857691,0;15270506,63211059;15270506,63211059;producao_brasil;33,91519767718897;136139585,25609112;361997276,2560911;US$
2023;JUL;Julho;7;GASOLINA A;1334660,0196376888;121088973,0;15833835,36897722;15833835,36897722;producao_brasil;30,109502639772963;80903023,61551961;201991996,6155196;US$
2023;AGO;Agosto;8;GASOLINA A;2662103,6467652027;245801550,0;16223835,22672152;16223835,22672152;producao_brasil;34,4911330610368;153982578,89715007;399784128,89715004;US$
2023;SET;Setembro;9;GASOLINA A;2269399,019425473;195277610,0;15690862,78600435;15690862,78600435;producao_brasil;32,713842705370716;121036847,44279249;316314457,4427925;US$
2023;OUT;Outubro;10;GASOLINA A;1628346,8625660269;141526505,0;15260392,94470071;15260392,94470071;producao_brasil;30,9695296739944;91097368,52020569;232623873,52020568;US$
2023;NOV;Novembro;11;GASOLINA A;1196540,9088831216;97992292,0;15011304,09035463;15011304,09035463;producao_brasil;29,200359102713758;63052867,77952535;161045159,77952534;US$
2023;DEZ;Dezembro;12;GASOLINA A;1206818,9769074596;96095301,0;15777015,25704585;15777015,25704585;producao_brasil;28,88162211601899;61240411,346518174;157335712,34651816;US$
2024;JAN;Janeiro;1;GASOLINA A;2582325,3456753916;219173849,0;16450954,56725366;16450954,56725366;producao_brasil;33,12344041938283;133638349,26905897;352812198,26905894;US$
2024;FEV;Fevereiro;2;GASOLINA A;1017734,309199527;91596528,0;13968748,257373512;13968748,257373512;producao_brasil;29,41418925195728;61660698,420995116;153257226,42099512;US$
2024;MAR;Março;3;GASOLINA A;1738833,979516527;168289758,0;14425939,05447148;14425939,05447148;producao_brasil;32,721661680596625;111392220,80353475;279681978,80353475;US$
2024;ABR;Abril;4;GASOLINA A;764721,1941159053;67882272,0;14478552,00055119;14478552,00055119;producao_brasil;28,19906633728527;46317848,31759761;114200120,31759761;US$
2024;MAI;Maio;5;GASOLINA A;1843171,0392454327;152938984,0;15410894,260418711;15410894,260418711;producao_brasil;31,1933061086157;95444385,56228185;248383369,56228185;US$
2024;JUN;Junho;6;GASOLINA A;506372,79019850004;40950116,0;16181888,05612444;16181888,05612444;producao_brasil;26,69525132100695;27432367,10353154;68382483,10353154;US$
2024;JUL;Julho;7;GASOLINA A;1607346,2749431625;137050004,0;16298132,41857243;16298132,41857243;producao_brasil;30,409871960669825;88170809,58251888;225220813,58251888;US$
2024;AGO;Agosto;8;GASOLINA A;1732087,5123110404;142008424,0;16037228,84173064;16037228,84173064;producao_brasil;30,554869654271926;89084715,83154403;231093139,83154404;US$
2024;SET;Setembro;9;GASOLINA A;1103852,8322665133;88504371,0;16268730,16709358;16268730,16709358;producao_brasil;28,505987002369235;57037956,51088236;145542327,51088238;US$
2024;OUT;Outubro;10;GASOLINA A;1611332,1275401623;132974305,0;16423495,68466032;16423495,68466032;producao_brasil;30,13955568507235;84409470,61485714;217383775,61485714;US$
2024;NOV;Novembro;11;GASOLINA A;746678,194151446;58720408,0;15690775,48344155;15690775,48344155;producao_brasil;27,4367188453777;38234008,31909244;96954416,31909244;US$
2024;DEZ;Dezembro;12;GASOLINA A;1978164,9304053513;148416412,0;17146697,975562222;17146697,975562222;producao_brasil;30,174535850345194;88726203,38958807;237142615,38958806;US$
2025;JAN;Janeiro;1;GASOLINA A;2393566,1501357304;191543571,0;16529597,18755965;16529597,18755965;producao_brasil;31,95995774576698;115045297,9799639;306588868,9799639;US$
2025;FEV;Fevereiro;2;GASOLINA A;739921,5272540676;58519657,0;14407419,91657;14407419,91657;producao_brasil;27,64215466239233;38066631,70560953;96586288,70560953;US$
2025;MAR;Março;3;GASOLINA A;723472,8326294867;55950142,0;16258728,79682087;16258728,79682087;producao_brasil;27,229588483898382;36250274,488218814;92200416,48821881;US$
2025;ABR;Abril;4;GASOLINA A;718520,5932247028;58059587,0;15222717,52372437;15222717,52372437;producao_brasil;27,51527339816541;38289296,43521031;96348883,43521032;US$
2025;MAI;Maio;5;GASOLINA A;1704184,7761854462;124324515,0;16484046,27661288;16484046,27661288;producao_brasil;29,493009537768707;74062977,14184241;198387492,14184242;US$
2025;JUN;Junho;6;GASOLINA A;1159219,4627740541;86330392,0;15719574,88179114;15719574,88179114;producao_brasil;28,397748930397675;53411168,74091201;139741560,74091202;US$
2025;JUL;Julho;7;GASOLINA A;1432621,2774642028;111100614,0;16327845,49359205;16327845,49359205;producao_brasil;29,238913483179672;69212324,4140618;180312938,41406178;US$
2025;AGO;Agosto;8;GASOLINA A;942290,579672757;71225003,0;16748310,165577741;16748310,165577741;producao_brasil;27,694523447485455;45128714,44690823;116353717,44690824;US$
2025;SET;Setembro;9;GASOLINA A;996479,8682449594;76278530,0;15417586,33521726;15417586,33521726;producao_brasil;28,12942159835089;48248127,67186846;124526657,67186846;US$
2025;OUT;Outubro;10;GASOLINA A;2133444,3852872844;150476214,0;15503158,79771942;15503158,79771942;producao_brasil;30,507869251229444;85389371,63888603;235865585,63888603;US$
2025;NOV;Novembro;11;GASOLINA A;3303762,7107914463;242647117,0;14915368,44254932;14915368,44254932;producao_brasil;33,78488923994961;131029859,74083544;373676976,7408354;US$
2025;DEZ;Dezembro;12;GASOLINA A;5746264,24570715;367250591,0;16040050,85304448;16040050,85304448;producao_brasil;35,26304741503226;164619802,44432417;531870393,44432414;US$
2026;JAN;Janeiro;1;GASOLINA A;1697989,6363256893;109385848,0;14155041,523042971;14155041,523042971;producao_brasil;29,222290766917503;59766701,12807821;169152549,12807822;US$
2026;FEV;Fevereiro;2;GASOLINA A;2585236,992221568;180580827,0;13211039,19452802;13211039,19452802;producao_brasil;32,340331406190735;96973405,90801078;277554232,9080108;US$
2026;MAR;Março;3;GASOLINA A;2125396,1314056353;177169427,0;15686667,16824385;15686667,16824385;producao_brasil;31,963512403265483;109234301,39196348;286403728,3919635;US$
2026;ABR;Abril;4;GASOLINA A;1622091,162035662;169615825,0;15276548,277657041;15276548,277657041;producao_brasil;32,63751107949881;116674806,72710408;286290631,72710407;US$
2026;MAI;Maio;5;GASOLINA A;1395081,396453527;174885807,0;15196728,82761024;15196728,82761024;producao_brasil;33,438426560930736;128236480,17816806;303122287,17816806;US$
2026;JUN;Junho;6;GASOLINA A;2285721,9263497973;228479892,0;14330629,27421022;14330629,27421022;producao_brasil;35,3113398226369;147767988,31861;376247880,31861;US$
2026;JUL;Julho;7;GASOLINA A;4425377,822002325;447844024,0;14156638,430324249;14156638,430324249;producao_brasil;43,14709307488208;256901835,2225467;704745859,2225467;US$
2026;AGO;Agosto;8;GASOLINA A;0,0;0,0;0,0;0,0;producao_brasil;;;;US$
2026;SET;Setembro;9;GASOLINA A;0,0;0,0;0,0;0,0;producao_brasil;;;;US$
2026;OUT;Outubro;10;GASOLINA A;0,0;0,0;0,0;0,0;producao_brasil;;;;US$
2026;NOV;Novembro;11;GASOLINA A;0,0;0,0;0,0;0,0;producao_brasil;;;;US$
2026;DEZ;Dezembro;12;GASOLINA A;0,0;0,0;0,0;0,0;producao_brasil;;;;US$
2010;JAN;Janeiro;1;GLP;727441,68574;45445759,0;4232982,67871588;4232982,67871588;producao_brasil;30,4954404812279;23262104,368951757;68707863,36895175;US$
2010;FEV;Fevereiro;2;GLP;1023106,8413829167;61588982,0;3739705,9648164804;3739705,9648164804;producao_brasil;32,56093351360647;28275668,16041495;89864650,16041495;US$
2010;MAR;Março;3;GLP;1786226,2665220832;108559848,0;3828526,9226118308;3828526,9226118308;producao_brasil;36,381478256358626;43574295,92359015;152134143,92359015;US$
2010;ABR;Abril;4;GLP;1804856,3988775;102623860,0;3845189,0034866724;3845189,0034866724;producao_brasil;35,177343000465356;39133807,39010144;141757667,39010143;US$
2010;MAI;Maio;5;GLP;1531654,3538991665;89402592,0;4261934,578803542;4261934,578803542;producao_brasil;33,822033069004334;37598927,792137906;127001519,7921379;US$
2010;JUN;Junho;6;GLP;1670355,0448645833;91761644,0;4040692,7657374474;4040692,7657374474;producao_brasil;33,755445504336336;35378065,31018029;127139709,31018029;US$
2010;JUL;Julho;7;GLP;2387682,2147629163;121532985,0;4266546,380614243;4266546,380614243;producao_brasil;34,293478386644146;39651056,573853284;161184041,57385328;US$
2010;AGO;Agosto;8;GLP;2056869,3159754165;104049699,0;3843296,3217018163;3843296,3217018163;producao_brasil;33,919743839824314;34281218,69011922;138330917,6901192;US$
2010;SET;Setembro;9;GLP;1702721,1081420833;90787498,0;3717421,6518023675;3717421,6518023675;producao_brasil;33,896346910416455;33071472,626727227;123858970,62672722;US$
2010;OUT;Outubro;10;GLP;2084529,2568120833;123502104,0;3915012,172984613;3915012,172984613;producao_brasil;36,899054855283666;46584944,60544722;170087048,60544723;US$
2010;NOV;Novembro;11;GLP;1445922,8876437503;90226100,0;4125394,285102343;4125394,285102343;producao_brasil;34,70650676171273;40043167,52307695;130269267,52307695;US$
2010;DEZ;Dezembro;12;GLP;1419037,74429;98657571,0;4323504,9490097165;4323504,9490097165;producao_brasil;36,002378348265324;47568837,239602484;146226408,23960248;US$
2011;JAN;Janeiro;1;GLP;1219966,5453779167;89669096,0;4185155,160190329;4185155,160190329;producao_brasil;35,94701203575055;45814943,910087034;135484039,91008705;US$
2011;FEV;Fevereiro;2;GLP;1499427,8059;100507793,0;3776311,4833018435;3776311,4833018435;producao_brasil;36,94564295121461;45110468,65209545;145618261,65209544;US$
2011;MAR;Março;3;GLP;2192124,5812;153431123,0;4084644,514341262;4084644,514341262;producao_brasil;40,71318093253757;64182758,2989413;217613881,2989413;US$
2011;ABR;Abril;4;GLP;1797023,8762400001;132590411,0;3581324,2211095854;3581324,2211095854;producao_brasil;41,29957981656126;58374079,990959786;190964490,9909598;US$
2011;MAI;Maio;5;GLP;1576672,96251;121334361,0;4402652,8665756835;4402652,8665756835;producao_brasil;38,70012929196338;60316913,49972006;181651274,49972007;US$
2011;JUN;Junho;6;GLP;2050729,6524;160786035,0;4696699,5563099515;4696699,5563099515;producao_brasil;41,2310400453892;76232318,57962851;237018353,57962853;US$
2011;JUL;Julho;7;GLP;1816289,56427;139452734,0;4522810,517511104;4522810,517511104;producao_brasil;39,835780107580504;67099422,30604713;206552156,30604714;US$
2011;AGO;Agosto;8;GLP;2228196,493420417;168549588,0;3762960,312933219;3762960,312933219;producao_brasil;43,83520650716695;70876134,57237075;239425722,57237077;US$
2011;SET;Setembro;9;GLP;2090990,72621;156563370,0;3976981,4607405146;3976981,4607405146;producao_brasil;42,18673036587545;68351308,0358327;224914678,0358327;US$
2011;OUT;Outubro;10;GLP;2031451,38475;149446672,0;4306955,375627132;4306955,375627132;producao_brasil;40,56548689774838;67039857,468511075;216486529,46851107;US$
2011;NOV;Novembro;11;GLP;1185471,9397500001;84565519,0;4407051,47221718;4407051,47221718;producao_brasil;34,821813242428384;43285236,5098862;127850755,5098862;US$
2011;DEZ;Dezembro;12;GLP;1632288,4060015;111085079,0;4358441,865279388;4358441,865279388;producao_brasil;36,73110216409998;51129326,797882974;162214405,79788297;US$
2012;JAN;Janeiro;1;GLP;1886496,42349;128686691,0;4394310,9992443165;4394310,9992443165;producao_brasil;37,9799044813348;57037737,031470105;185724428,03147012;US$
2012;FEV;Fevereiro;2;GLP;961051,51895;68600417,0;4076634,7520551784;4076634,7520551784;producao_brasil;33,8481351613339;36070615,28957513;104671032,28957513;US$
2012;MAR;Março;3;GLP;1278708,0039291666;101076601,0;4399102,333178187;4399102,333178187;producao_brasil;37,171752277477346;53544783,8427175;154621384,8427175;US$
2012;ABR;Abril;4;GLP;1390817,9078120834;102614151,0;4093833,048542124;4093833,048542124;producao_brasil;37,36973945007349;50639648,16256613;153253799,16256613;US$
2012;MAI;Maio;5;GLP;1744422,7535445828;121441985,0;4892952,159914706;4892952,159914706;producao_brasil;36,72623472022933;57375905,50201291;178817890,5020129;US$
2012;JUN;Junho;6;GLP;1255341,7130112501;79950060,0;4393661,426265252;4393661,426265252;producao_brasil;33,597360627584806;37773891,757110976;117723951,75711098;US$
2012;JUL;Julho;7;GLP;1251202,0950700003;68863851,0;4614327,453067055;4614327,453067055;producao_brasil;31,407571271239597;29566632,02436464;98430483,02436464;US$
2012;AGO;Agosto;8;GLP;849700,847549167;47903206,0;4415566,507648004;4415566,507648004;producao_brasil;30,063500675792838;22358223,99548389;70261429,99548389;US$
2012;SET;Setembro;9;GLP;585348,3601383333;36561710,0;4225209,426450677;4225209,426450677;producao_brasil;29,558307366699363;19259803,254437715;55821513,254437715;US$
2012;OUT;Outubro;10;GLP;2552909,7008308326;182972835,0;4164592,279922316;4164592,279922316;producao_brasil;42,73726197932143;73868464,30604164;256841299,30604166;US$
2012;NOV;Novembro;11;GLP;1169055,9116712501;62257192,0;4082404,551505061;4082404,551505061;producao_brasil;31,289830122464693;25677631,120143496;87934823,1201435;US$
2012;DEZ;Dezembro;12;GLP;926868,55517625;74147023,0;4581040,640087357;4581040,640087357;producao_brasil;34,25492910529984;42397206,35250587;116544229,35250586;US$
2013;JAN;Janeiro;1;GLP;3001282,7378120837;209695282,0;4361648,77274364;4361648,77274364;producao_brasil;43,28934757326489;79771710,39721267;289466992,3972127;US$
2013;FEV;Fevereiro;2;GLP;811135,0826366666;43371204,0;3800115,4475917565;3800115,4475917565;producao_brasil;30,0079315323905;19030717,976719;62401921,976719;US$
2013;MAR;Março;3;GLP;1427347,16442375;89315480,0;4387670,361314945;4387670,361314945;producao_brasil;34,222981814245394;40467403,94931125;129782883,94931126;US$
2013;ABR;Abril;4;GLP;1097531,0523916667;60536708,0;4476853,358745222;4476853,358745222;producao_brasil;30,93759404609449;26581737,848123744;87118445,84812374;US$
2013;MAI;Maio;5;GLP;1770441,6692787495;105248711,0;4717971,986658922;4717971,986658922;producao_brasil;34,39947304565274;44346450,51874525;149595161,51874524;US$
2013;JUN;Junho;6;GLP;949470,7823087501;52805206,0;4141807,3310274463;4141807,3310274463;producao_brasil;30,7094575851472;23647473,282352928;76452679,28235292;US$
2013;JUL;Julho;7;GLP;2580795,97227625;143977315,0;4264353,560962427;4264353,560962427;producao_brasil;36,60784221108165;49499943,267916024;193477258,26791602;US$
2013;AGO;Agosto;8;GLP;2889476,7274666666;161245330,0;4258080,963132146;4258080,963132146;producao_brasil;37,4529826363495;53025808,29805498;214271138,298055;US$
2013;SET;Setembro;9;GLP;1304948,28223375;84211308,0;3812812,15329394;3812812,15329394;producao_brasil;35,08011250117007;38433575,45103142;122644883,45103142;US$
2013;OUT;Outubro;10;GLP;1663513,7256366664;104022867,0;4011954,5468017915;4011954,5468017915;producao_brasil;36,000858583296804;44134944,61198112;148157811,61198112;US$
2013;NOV;Novembro;11;GLP;1658355,3293941668;103995977,0;3932109,6723025274;3932109,6723025274;producao_brasil;36,18638498696726;43986092,60535375;147982069,60535374;US$
2013;DEZ;Dezembro;12;GLP;1755734,1564195836;126883095,0;3814249,5827481113;3814249,5827481113;producao_brasil;39,899458414201995;56830253,039542794;183713348,0395428;US$
2014;JAN;Janeiro;1;GLP;2942846,87059125;203331854,0;3916228,6027872027;3916228,6027872027;producao_brasil;43,91810095090043;74087608,05433205;277419462,054332;US$
2014;FEV;Fevereiro;2;GLP;1696101,4933220833;125826236,0;3234860,7160761966;3234860,7160761966;producao_brasil;41,91834070598729;54728475,73099111;180554711,73099113;US$
2014;MAR;Março;3;GLP;1829362,5469391667;124721958,0;4066627,45422017;4066627,45422017;producao_brasil;38,396884036606124;54480136,4242664;179202094,4242664;US$
2014;ABR;Abril;4;GLP;1422568,3559358332;91977052,0;3820608,3416798273;3820608,3416798273;producao_brasil;35,75928704200604;41107021,82321594;133084073,82321593;US$
2014;MAI;Maio;5;GLP;1479756,5732545834;97239976,0;4217602,657030147;4217602,657030147;producao_brasil;35,57438354042924;44598548,116570204;141838524,1165702;US$
2014;JUN;Junho;6;GLP;1151692,2758587499;65590563,0;4274669,625994083;4274669,625994083;producao_brasil;31,781386271152776;28988185,915430043;94578748,91543004;US$
2014;JUL;Julho;7;GLP;5262131,526443333;313721075,0;4170444,4288844564;4170444,4288844564;producao_brasil;44,31262337050391;80542222,54266177;394263297,5426618;US$
2014;AGO;Agosto;8;GLP;2279244,317910417;134452638,0;4175650,461282524;4175650,461282524;producao_brasil;37,00198186064404;50116081,092702754;184568719,09270275;US$
2014;SET;Setembro;9;GLP;891785,3167679168;53844642,0;3930472,4838562654;3930472,4838562654;producao_brasil;31,54258034000553;25715431,9998107;79560073,9998107;US$
2014;OUT;Outubro;10;GLP;1151993,9246633335;66688453,0;4051205,5321596526;4051205,5321596526;producao_brasil;32,28178982908932;29500027,239630543;96188480,23963055;US$
2014;NOV;Novembro;11;GLP;2577619,6182262497;144505023,0;3875786,481725634;3875786,481725634;producao_brasil;37,40655419855582;48085155,047559045;192590178,04755905;US$
2014;DEZ;Dezembro;12;GLP;1611938,7421433332;85906344,0;3933697,4554799963;3933697,4554799963;producao_brasil;33,22410158566886;32351127,481154606;118257471,4811546;US$
2015;JAN;Janeiro;1;GLP;1625073,187195;67011285,0;4004598,530995227;4004598,530995227;producao_brasil;29,686677419373012;18768261,508869667;85779546,50886966;US$
2015;FEV;Fevereiro;2;GLP;1159231,2170566663;42291751,0;3739183,0792971784;3739183,0792971784;producao_brasil;27,717403994082616;10160871,034288289;52452622,03428829;US$
2015;MAR;Março;3;GLP;1708278,155277083;52731866,0;4011227,4509340036;4011227,4509340036;producao_brasil;26,752758508914894;7030713,045817576;59762579,04581758;US$
2015;ABR;Abril;4;GLP;2269572,0600316664;68716670,0;3666381,8519559596;3666381,8519559596;producao_brasil;27,017766424200182;7397902,199173619;76114572,19917361;US$
2015;MAI;Maio;5;GLP;612867,9994704167;19114577,0;3930963,793865391;3930963,793865391;producao_brasil;25,834730946423324;3281297,1280090786;22395874,128009077;US$
2015;JUN;Junho;6;GLP;1497554,1148004169;45418737,0;3895414,4377111136;3895414,4377111136;producao_brasil;26,47968304511498;5763978,697177244;51182715,697177246;US$
2015;JUL;Julho;7;GLP;1222197,3427191672;38387355,0;4151026,1621116437;4151026,1621116437;producao_brasil;26,457676462737695;6050853,132718529;44438208,132718526;US$
2015;AGO;Agosto;8;GLP;1001002,8651958335;24878610,0;3890634,704463919;3890634,704463919;producao_brasil;24,97005877320015;-116490,37608171815;24762119,62391828;US$
2015;SET;Setembro;9;GLP;1555787,4319079167;41975512,0;3926388,048322908;3926388,048322908;producao_brasil;25,561971467971393;2206518,0553413574;44182030,055341356;US$
2015;OUT;Outubro;10;GLP;1426814,99180375;33928814,0;3861765,505418586;3861765,505418586;producao_brasil;24,67069409343236;-1271702,190713509;32657111,80928649;US$
2015;NOV;Novembro;11;GLP;4112129,8990975004;115143473,0;3681727,848111794;3681727,848111794;producao_brasil;26,583327015043494;5829379,163953354;120972852,16395335;US$
2015;DEZ;Dezembro;12;GLP;1881348,8976800004;46942949,0;3951389,777135185;3951389,777135185;producao_brasil;24,984437252025025;-61494,48325244896;46881454,51674755;US$
2016;JAN;Janeiro;1;GLP;496081,2572258333;10502633,0;3884945,803483544;3884945,803483544;producao_brasil;24,56644905308157;-1684321,931827072;8818311,068172928;US$
2016;FEV;Fevereiro;2;GLP;4215591,997905417;97194767,0;3541579,0834592637;3541579,0834592637;producao_brasil;23,943553924274966;-3741487,3245904036;93453279,6754096;US$
2016;MAR;Março;3;GLP;1224404,8837158333;26324031,0;3978113,99976569;3978113,99976569;producao_brasil;24,17615078601549;-3277366,091847736;23046664,908152264;US$
2016;ABR;Abril;4;GLP;3252710,3493479174;81645630,0;4100833,9286766835;4100833,9286766835;producao_brasil;25,044586835124104;182843,2062492385;81828473,20624924;US$
2016;MAI;Maio;5;GLP;2711196,6550337505;61457452,0;3961473,3079804615;3961473,3079804615;producao_brasil;24,052483576905736;-3753561,018961048;57703890,98103895;US$
2016;JUN;Junho;6;GLP;2812459,6562312506;69911608,0;3640979,064320699;3640979,064320699;producao_brasil;24,938035608131248;-225611,05352749067;69685996,94647251;US$
2016;JUL;Julho;7;GLP;2330815,8716341667;59403676,0;3605553,1815470965;3605553,1815470965;producao_brasil;25,190904439901445;688316,1106581207;60091992,110658124;US$
2016;AGO;Agosto;8;GLP;2754161,5837066662;72612015,0;4007060,5012626937;4007060,5012626937;producao_brasil;25,55581304091276;2227176,482328226;74839191,48232822;US$
2016;SET;Setembro;9;GLP;2338744,7810520832;50940056,0;4047796,8095270237;4047796,8095270237;producao_brasil;23,821183042570706;-4771611,519298651;46168444,48070135;US$
2016;OUT;Outubro;10;GLP;1509975,6919295834;40513400,0;3991107,920641114;3991107,920641114;producao_brasil;25,502447862352845;2005323,6431456367;42518723,643145636;US$
2016;NOV;Novembro;11;GLP;1402832,4248462503;39279503,0;3683047,7602219298;3683047,7602219298;producao_brasil;25,827524877837313;3047813,64784664;42327316,64784664;US$
2016;DEZ;Dezembro;12;GLP;1051026,852189583;31841666,0;3660097,4387378427;3660097,4387378427;producao_brasil;26,18145783289549;4324250,788157543;36165916,788157545;US$
2017;JAN;Janeiro;1;GLP;1296214,3455033335;40581273,0;3930503,8198577072;3930503,8198577072;producao_brasil;26,564253916846095;6148305,995390956;46729578,99539096;US$
2017;FEV;Fevereiro;2;GLP;3389494,2890833328;107332782,0;3603432,715439732;3603432,715439732;producao_brasil;28,231182701936092;11643349,457719462;118976131,45771946;US$
2017;MAR;Março;3;GLP;1017986,5714162502;28068765,0;3671612,003485347;3671612,003485347;producao_brasil;25,558491451402894;2050563,9168148183;30119328,91681482;US$
2017;ABR;Abril;4;GLP;637086,0354925;20758259,0;3645954,5713874223;3645954,5713874223;producao_brasil;26,1279622483446;4112499,1157044233;24870758,115704425;US$
2017;MAI;Maio;5;GLP;951185,4278141666;31281884,0;3708209,2526787724;3708209,2526787724;producao_brasil;26,610133680251387;5970712,611157917;37252596,61115792;US$
2017;JUN;Junho;6;GLP;2907597,385212083;101796898,0;3897171,9302069354;3897171,9302069354;producao_brasil;29,277435724932523;16669902,440471385;118466800,44047138;US$
2017;JUL;Julho;7;GLP;2517244,6663920833;88576291,0;4325205,884191204;4325205,884191204;producao_brasil;28,74795172440257;16210662,85205056;104786953,85205056;US$
2017;AGO;Agosto;8;GLP;3007280,629981667;101706807,0;4157816,1910048206;4157816,1910048206;producao_brasil;28,701944567276122;15392005,060022995;117098812,060023;US$
2017;SET;Setembro;9;GLP;2842660,3042866667;99765464,0;3734125,5944588026;3734125,5944588026;producao_brasil;29,363675028300324;16294510,609076982;116059974,60907698;US$
2017;OUT;Outubro;10;GLP;1281575,5533762502;48770363,0;4200702,894329639;4200702,894329639;producao_brasil;28,0518286010436;12819825,23740182;61590188,23740182;US$
2017;NOV;Novembro;11;GLP;709217,13218375;31861774,0;3748515,8551982534;3748515,8551982534;producao_brasil;28,170074505450696;11883074,545841696;43744848,545841694;US$
2017;DEZ;Dezembro;12;GLP;153252,75891875;7679310,0;4205485,131954495;4205485,131954495;producao_brasil;25,882822303926222;3712696,073319539;11392006,07331954;US$
2018;JAN;Janeiro;1;GLP;3135637,5802725;140558144,0;3745651,7579596173;3745651,7579596173;producao_brasil;34,03423783502163;33839108,82857405;174397252,82857406;US$
2018;FEV;Fevereiro;2;GLP;3298176,9473970835;138343683,0;3644007,8352576117;3644007,8352576117;producao_brasil;33,050672960292594;29336715,346402805;167680398,3464028;US$
2018;MAR;Março;3;GLP;2343434,6776062497;100087559,0;3904539,8404857963;3904539,8404857963;producao_brasil;31,64242338691823;25935606,751596835;126023165,75159684;US$
2018;ABR;Abril;4;GLP;1869493,5515804167;70402531,0;3829691,8813503645;3829691,8813503645;producao_brasil;29,15238150942561;15902341,754916629;86304872,75491662;US$
2018;MAI;Maio;5;GLP;1078962,4735754167;46159438,0;4032309,4068293665;4032309,4068293665;producao_brasil;28,753542486003546;15135444,675245784;61294882,675245784;US$
2018;JUN;Junho;6;GLP;1556823,3476625;62861327,0;4079477,906054226;4079477,906054226;producao_brasil;29,247598244087886;17327983,19055126;80189310,19055125;US$
2018;JUL;Julho;7;GLP;2194016,047849584;96434416,0;4064817,8964940775;4064817,8964940775;producao_brasil;31,64405145967188;27006859,27850185;123441275,27850185;US$
2018;AGO;Agosto;8;GLP;4392623,827917917;198426816,0;4052753,374216115;4052753,374216115;producao_brasil;35,49227502587584;42522603,01432179;240949419,0143218;US$
2018;SET;Setembro;9;GLP;1348556,9934704169;67709129,0;3936111,6896813144;3936111,6896813144;producao_brasil;31,432797626769123;25320209,93608016;93029338,93608016;US$
2018;OUT;Outubro;10;GLP;1382287,4669454168;67921274,0;4073507,550810254;4073507,550810254;producao_brasil;31,115348398864413;24910917,878609583;92832191,87860958;US$
2018;NOV;Novembro;11;GLP;2997223,668180417;150438819,0;3799557,431736529;3799557,431736529;producao_brasil;36,10940990823027;42210840,97902375;192649659,97902375;US$
2018;DEZ;Dezembro;12;GLP;2022968,1630366663;93278851,0;3606277,7937693917;3606277,7937693917;producao_brasil;32,586210880064876;27357983,835629717;120636834,83562972;US$
2019;JAN;Janeiro;1;GLP;2926847,0752470833;106793850,0;3755515,97118183;3755515,97118183;producao_brasil;30,031554389549523;18896082,869823277;125689932,86982328;US$
2019;FEV;Fevereiro;2;GLP;954056,6349225001;31860953,0;3382318,2493191794;3382318,2493191794;producao_brasil;26,84705827811245;6247338,921615797;38108291,921615794;US$
2019;MAR;Março;3;GLP;1653493,96715;55890779,0;3619503,0258030337;3619503,0258030337;producao_brasil;27,75999205778034;9989799,604328286;65880578,60432829;US$
2019;ABR;Abril;4;GLP;1967251,1801341665;65768594,0;3722471,4702687142;3722471,4702687142;producao_brasil;27,91531160934027;10852164,292712333;76620758,29271233;US$
2019;MAI;Maio;5;GLP;2747859,6612645835;95836918,0;3893040,392247971;3893040,392247971;producao_brasil;29,086859650000317;15910309,694899641;111747227,69489965;US$
2019;JUN;Junho;6;GLP;1520617,2642233332;46392408,0;3650106,4534006827;3650106,4534006827;producao_brasil;26,620078126755136;5913457,62548221;52305865,62548221;US$
2019;JUL;Julho;7;GLP;1745856,157944167;50551891,0;4464106,655969722;4464106,655969722;producao_brasil;26,112001353039272;4964092,64154995;55515983,64154995;US$
2019;AGO;Agosto;8;GLP;1597255,1693037502;42146768,0;4291936,314857244;4291936,314857244;producao_brasil;25,37617876297019;1614535,2936698396;43761303,29366984;US$
2019;SET;Setembro;9;GLP;636511,6003629167;14764911,0;3969994,061594699;3969994,061594699;producao_brasil;24,75081350305231;-989268,913111915;13775642,086888084;US$
2019;OUT;Outubro;10;GLP;2973094,1338870833;72750746,0;3520348,5649210815;3520348,5649210815;producao_brasil;24,75720008317522;-854740,3387570701;71896005,66124293;US$
2019;NOV;Novembro;11;GLP;1095406,6234858334;28842496,0;3638413,511488937;3638413,511488937;producao_brasil;25,307855045460432;1120103,9569832762;29962599,956983276;US$
2019;DEZ;Dezembro;12;GLP;2544167,0700333333;78239046,0;3850708,650386499;3850708,650386499;producao_brasil;27,28853067502708;8812464,867001627;87051510,86700162;US$
2020;JAN;Janeiro;1;GLP;1275556,1482333334;35585179,0;3922483,080298333;3922483,080298333;producao_brasil;25,711090303797263;2789239,685208967;38374418,68520897;US$
2020;FEV;Fevereiro;2;GLP;1020510,414651667;24550902,0;3728129,78582625;3728129,78582625;producao_brasil;24,79744551583528;-755149,4056671708;23795752,59433283;US$
2020;MAR;Março;3;GLP;1422873,5826395834;35463851,0;3740732,2975441664;3740732,2975441664;producao_brasil;24,97908659791329;-78231,43863727992;35385619,56136272;US$
2020;ABR;Abril;4;GLP;2402376,9998725;45967604,0;3553792,9570854167;3553792,9570854167;producao_brasil;22,634080105395476;-8407989,458473828;37559614,54152617;US$
2020;MAI;Maio;5;GLP;3033675,6581225;57478441,0;3915130,839348333;3915130,839348333;producao_brasil;22,357323094297378;-10346425,851949962;47132015,14805004;US$
2020;JUN;Junho;6;GLP;2822420,3338033333;62972935,0;3811827,034092083;3811827,034092083;producao_brasil;23,856302316702678;-4359577,748021218;58613357,251978785;US$
2020;JUL;Julho;7;GLP;1558747,6307120835;36914036,0;4193046,7892679167;4193046,7892679167;producao_brasil;24,642780214698764;-1497839,273820323;35416196,726179674;US$
2020;AGO;Agosto;8;GLP;827075,0222345834;21773491,0;4176352,0952591663;4176352,0952591663;producao_brasil;25,21917286259677;915343,043929975;22688834,043929975;US$
2020;SET;Setembro;9;GLP;1397661,5971133334;36072156,0;3838524,0756641664;3838524,0756641664;producao_brasil;25,21592360218329;828827,9454846972;36900983,9454847;US$
2020;OUT;Outubro;10;GLP;1337613,4419291664;36113711,0;3718300,86382125;3718300,86382125;producao_brasil;25,528761919229968;1966095,9010285719;38079806,90102857;US$
2020;NOV;Novembro;11;GLP;3382683,0173716666;95131164,0;3723450,7483099997;3723450,7483099997;producao_brasil;26,486615495014533;5535339,577361103;100666503,5773611;US$
2020;DEZ;Dezembro;12;GLP;2270950,1323345834;72760549,0;3582869,8713324997;3582869,8713324997;producao_brasil;27,73100226546437;9784825,735473089;82545374,7354731;US$
2021;JAN;Janeiro;1;GLP;1704005,7790454167;57515342,0;3578080,1126499996;3578080,1126499996;producao_brasil;27,823732485553577;10103541,050003007;67618883,050003;US$
2021;FEV;Fevereiro;2;GLP;1651692,7456004168;64971335,0;3478291,0942422496;3478291,0942422496;producao_brasil;29,61580720315014;16055121,08745636;81026456,08745636;US$
2021;MAR;Março;3;GLP;2444167,2609495833;105107484,0;3635669,1914104163;3635669,1914104163;producao_brasil;32,23757996141158;26313446,486073483;131420930,48607348;US$
2021;ABR;Abril;4;GLP;1848822,1024099998;80703388,0;3352352,5964066666;3352352,5964066666;producao_brasil;31,629816808036708;22225483,590122417;102928871,59012242;US$
2021;MAI;Maio;5;GLP;2129153,2823966667;87614172,0;3270264,7760637496;3270264,7760637496;producao_brasil;31,36834184124797;20826164,005366206;108440336,0053662;US$
2021;JUN;Junho;6;GLP;2261471,912815417;92043205,0;3580447,4284941666;3580447,4284941666;producao_brasil;31,07786672584478;21761482,289281197;113804687,28928119;US$
2021;JUL;Julho;7;GLP;3370053,8081449997;152714787,0;4333634,899526916;4333634,899526916;producao_brasil;33,88709868665824;38513441,02404198;191228228,02404198;US$
2021;AGO;Agosto;8;GLP;3844327,382534166;197819019,0;3926704,753733493;3926704,753733493;producao_brasil;38,08845886274979;51394513,63540486;249213532,63540486;US$
2021;SET;Setembro;9;GLP;1390486,268464167;76342770,0;4108892,88967497;4108892,88967497;producao_brasil;32,56096499126745;31067195,291700184;107409965,29170018;US$
2021;OUT;Outubro;10;GLP;2236262,821513334;147855905,0;4065130,3635959835;4065130,3635959835;producao_brasil;39,59190559310758;59317998,48926769;207173903,4892677;US$
2021;NOV;Novembro;11;GLP;712108,1772616669;47152712,0;4005256,752371293;4005256,752371293;producao_brasil;31,22169537575757;24919487,414950255;72072199,41495025;US$
2021;DEZ;Dezembro;12;GLP;1674473,6739833332;90984403,0;4128993,4494366664;4128993,4494366664;producao_brasil;33,46434727822988;34949234,46556825;125933637,46556824;US$
2022;JAN;Janeiro;1;GLP;1412219,8067470833;79535722,0;4193395,7151103164;4193395,7151103164;producao_brasil;32,89034257859116;33087328,759816654;112623050,75981665;US$
2022;FEV;Fevereiro;2;GLP;721223,1146750001;43320554,0;3328658,2426726497;3328658,2426726497;producao_brasil;31,244621484340943;20786210,776222195;64106764,7762222;US$
2022;MAR;Março;3;GLP;2334515,0433512507;155832006,0;4073249,053445583;4073249,053445583;producao_brasil;40,211098355656134;61958591,97904401;217790597,97904402;US$
2022;ABR;Abril;4;GLP;962732,4023050002;65235386,0;4062491,481103016;4062491,481103016;producao_brasil;33,19208793429044;33280287,445501722;98515673,44550171;US$
2022;MAI;Maio;5;GLP;2477119,97435;150654204,0;3864336,1485352535;3864336,1485352535;producao_brasil;38,991456050772314;54067689,38764175;204721893,38764176;US$
2022;JUN;Junho;6;GLP;2646032,4344841666;161401877,0;3750946,6243587025;3750946,6243587025;producao_brasil;39,890007495995384;55851623,35377966;217253500,35377967;US$
2022;JUL;Julho;7;GLP;3412682,9840254164;195138728,0;4277846,489542057;4277846,489542057;producao_brasil;39,28011605401477;61088144,33192025;256226872,33192027;US$
2022;AGO;Agosto;8;GLP;1483614,0157341666;81076293,0;4317560,782785066;4317560,782785066;producao_brasil;32,582247412691885;32736814,074412018;113813107,07441202;US$
2022;SET;Setembro;9;GLP;1436406,8381079168;73927983,0;4029664,7384676165;4029664,7384676165;producao_brasil;31,95523494610366;28027265,010071624;101955248,01007162;US$
2022;OUT;Outubro;10;GLP;1660384,1691404164;72053024,0;3956022,2541246433;3956022,2541246433;producao_brasil;30,43824956202749;21513836,290864345;93566860,29086435;US$
2022;NOV;Novembro;11;GLP;1129144,12741875;48803046,0;3733066,85541406;3733066,85541406;producao_brasil;29,23149939136212;15796470,1265987;64599516,1265987;US$
2022;DEZ;Dezembro;12;GLP;2392760,7007925;91985750,0;4766756,739218193;4766756,739218193;producao_brasil;29,492863206174334;21416385,966416966;113402135,96641697;US$
2023;JAN;Janeiro;1;GLP;1581840,633943333;62491823,0;4042831,8118630797;4042831,8118630797;producao_brasil;29,079492161098976;16492700,685137004;78984523,685137;US$
2023;FEV;Fevereiro;2;GLP;925604,2919716666;41403169,0;3666407,3210501;3666407,3210501;producao_brasil;28,97713752485272;14581806,137943082;55984975,13794308;US$
2023;MAR;Março;3;GLP;1211559,6559783332;55542862,0;4147650,3163104397;4147650,3163104397;producao_brasil;29,712237574404355;19544713,666008163;75087575,66600816;US$
2023;ABR;Abril;4;GLP;2766254,7689441666;112666031,0;4084626,097598153;4084626,097598153;producao_brasil;31,350958748806185;25941291,85014306;138607322,85014307;US$
2023;MAI;Maio;5;GLP;2085568,0553962502;75305613,0;4475073,585805833;4475073,585805833;producao_brasil;28,531119802307785;15802020,955623485;91107633,95562348;US$
2023;JUN;Junho;6;GLP;1487706,0612899996;45207364,0;4431642,7692653965;4431642,7692653965;producao_brasil;26,353985496914532;6000380,037091502;51207744,0370915;US$
2023;JUL;Julho;7;GLP;1955508,5606475002;59371996,0;4688465,303343333;4688465,303343333;producao_brasil;26,578013730703464;7398462,624602563;66770458,62460256;US$
2023;AGO;Agosto;8;GLP;1453479,365105417;52392887,0;4604252,279262916;4604252,279262916;producao_brasil;27,650481040587394;12203483,372267654;64596370,372267656;US$
2023;SET;Setembro;9;GLP;1252897,4723349998;50161172,0;4370595,89918;4370595,89918;producao_brasil;28,350005761018576;14641521,44133716;64802693,44133716;US$
2023;OUT;Outubro;10;GLP;1094396,6076191664;41890882,0;4313791,223536249;4313791,223536249;producao_brasil;27,686845809202676;11590491,870733656;53481373,870733656;US$
2023;NOV;Novembro;11;GLP;1452123,8540775003;52636822,0;4188254,7402741658;4188254,7402741658;producao_brasil;27,895856257666686;12128583,698325105;64765405,698325105;US$
2023;DEZ;Dezembro;12;GLP;923777,8997874998;32788544,0;4169227,8371324996;4169227,8371324996;producao_brasil;26,903413623715064;7935765,06557009;40724309,065570086;US$
2024;JAN;Janeiro;1;GLP;1895648,7579258333;77510644,0;4104524,652363383;4104524,652363383;producao_brasil;30,019759095662927;20603724,957073808;98114368,95707381;US$
2024;FEV;Fevereiro;2;GLP;1098259,0067425;50488416,0;3867682,6076708464;3867682,6076708464;producao_brasil;29,63798059256047;17938236,87256106;68426652,87256107;US$
2024;MAR;Março;3;GLP;1711921,8011895833;73754809,0;4219466,452497916;4219466,452497916;producao_brasil;30,219143081893996;22021999,144838303;95776808,1448383;US$
2024;ABR;Abril;4;GLP;2019013,786836667;84015983,0;3769110,5301249996;3769110,5301249996;producao_brasil;30,794733577299812;21840991,34546963;105856974,34546962;US$
2024;MAI;Maio;5;GLP;2292479,9924404165;87938181,0;4208572,52500518;4208572,52500518;producao_brasil;29,71095735756697;19826405,70152735;107764586,70152736;US$
2024;JUN;Junho;6;GLP;2650535,6649741665;100577680,0;4112351,8633019165;4112351,8633019165;producao_brasil;30,073910845356444;20865706,719129376;121443386,71912938;US$
2024;JUL;Julho;7;GLP;1077749,1669475;43421586,0;4522043,5851799995;4522043,5851799995;producao_brasil;27,942583334008596;13306490,089411147;56728076,08941115;US$
2024;AGO;Agosto;8;GLP;2173917,0967295836;91560511,0;4296418,118825;4296418,118825;producao_brasil;30,75126053628596;24709819,974182192;116270330,97418219;US$
2024;SET;Setembro;9;GLP;2212061,8545770836;88892648,0;4027654,8793625;4027654,8793625;producao_brasil;30,38343374673748;21682613,19777196;110575261,19777197;US$
2024;OUT;Outubro;10;GLP;576101,0746395834;24525542,0;4295027,62642625;4295027,62642625;producao_brasil;27,07816622291163;8925781,339711342;33451323,339711342;US$
2024;NOV;Novembro;11;GLP;2130180,5724516665;101686309,0;3978530,061364123;3978530,061364123;producao_brasil;32,92831705280097;31543047,730594467;133229356,73059447;US$
2024;DEZ;Dezembro;12;GLP;1396755,8872625;63917587,0;4243036,683668333;4243036,683668333;producao_brasil;30,141800776132328;21816849,313243777;85734436,31324378;US$
2025;JAN;Janeiro;1;GLP;1760975,9382229168;84242951,0;4000184,8406516663;4000184,8406516663;producao_brasil;31,980980758583094;27925213,40336506;112168164,40336506;US$
2025;FEV;Fevereiro;2;GLP;1382960,9893716667;65830019,0;3515476,175213333;3515476,175213333;producao_brasil;31,380809473618385;22431583,68308096;88261602,68308096;US$
2025;MAR;Março;3;GLP;1810548,893424583;81446835,0;4021921,8770716665;4021921,8770716665;producao_brasil;31,20373664749748;24950944,142161347;106397779,14216134;US$
2025;ABR;Abril;4;GLP;1182094,5396716665;50024335,0;3614176,078835833;3614176,078835833;producao_brasil;29,268310347046015;15426425,153341178;65450760,153341174;US$
2025;MAI;Maio;5;GLP;2252901,3174370835;89855456,0;3915322,1771916663;3915322,1771916663;producao_brasil;30,436398842109593;21285252,95057079;111140708,95057079;US$
2025;JUN;Junho;6;GLP;2060129,249294167;77459194,0;3922643,4818479167;3922643,4818479167;producao_brasil;29,338450403194734;17018194,19541229;94477388,1954123;US$
2025;JUL;Julho;7;GLP;1852545,2255412503;69274939,0;3932862,35666744;3932862,35666744;producao_brasil;28,96883158795578;15608868,352223946;84883807,35222395;US$
2025;AGO;Agosto;8;GLP;1171037,3613454166;42963095,0;4060246,7490979163;4060246,7490979163;producao_brasil;27,616405585588552;10623252,273207549;53586347,273207545;US$
2025;SET;Setembro;9;GLP;884251,0359545832;33687850,0;3988891,6577154165;3988891,6577154165;producao_brasil;27,376612963987156;9480051,625666678;43167901,62566668;US$
2025;OUT;Outubro;10;GLP;1140070,5984795839;42174424,0;3806766,5970825;3806766,5970825;producao_brasil;27,763919348361913;10521595,85237416;52696019,85237416;US$
2025;NOV;Novembro;11;GLP;1626916,0559466667;52162980,0;3930193,601132083;3930193,601132083;producao_brasil;27,067635751383282;8126208,799558502;60289188,799558505;US$
2025;DEZ;Dezembro;12;GLP;1053417,526929583;37085350,0;4189952,4078504164;4189952,4078504164;producao_brasil;27,050191377010186;8590204,296657993;45675554,296657994;US$
2026;JAN;Janeiro;1;GLP;370777,32601500006;13272533,0;3904400,628590833;3904400,628590833;producao_brasil;25,93635864802126;3655919,293920663;16928452,293920662;US$
2026;FEV;Fevereiro;2;GLP;720972,5022091666;24749225,0;3731235,4592758333;3731235,4592758333;producao_brasil;26,510466829704825;5635907,395054595;30385132,395054594;US$
2026;MAR;Março;3;GLP;1376155,46053;53506770,0;4228432,052502083;4228432,052502083;producao_brasil;28,408437006707626;14412344,28809678;67919114,28809679;US$
2026;ABR;Abril;4;GLP;333281,6492125;15497653,0;4172014,576194583;4172014,576194583;producao_brasil;26,590486265759374;6635531,883985399;22133184,8839854;US$
2026;MAI;Maio;5;GLP;1876626,4240120836;95484927,0;4178045,0112941666;4178045,0112941666;producao_brasil;33,02178399251837;33515374,591620788;129000301,59162079;US$
2026;JUN;Junho;6;GLP;1603136,4379129165;67712060,0;3745634,167532083;3745634,167532083;producao_brasil;30,166355241342057;19351276,71357927;87063336,71357927;US$
2026;JUL;Julho;7;GLP;1576579,5611104167;61948974,0;3874577,5058704163;3874577,5058704163;producao_brasil;29,133890235659727;16017078,118824534;77966052,11882454;US$
2026;AGO;Agosto;8;GLP;0,0;0,0;0,0;0,0;producao_brasil;;;;US$
2026;SET;Setembro;9;GLP;0,0;0,0;0,0;0,0;producao_brasil;;;;US$
2026;OUT;Outubro;10;GLP;0,0;0,0;0,0;0,0;producao_brasil;;;;US$
2026;NOV;Novembro;11;GLP;0,0;0,0;0,0;0,0;producao_brasil;;;;US$
2026;DEZ;Dezembro;12;GLP;0,0;0,0;0,0;0,0;producao_brasil;;;;US$
2010;JAN;Janeiro;1;QUEROSENE DE AVIAÇÃO;867754,76722;77486957,0;2455982,1107;2455982,1107;producao_brasil;41,786252904115386;41226736,83819331;118713693,83819331;US$
2010;FEV;Fevereiro;2;QUEROSENE DE AVIAÇÃO;825770,28547;61101892,0;2317342,11868;2317342,11868;producao_brasil;37,87183837581878;29828453,213126425;90930345,21312642;US$
2010;MAR;Março;3;QUEROSENE DE AVIAÇÃO;877952,2732204755;77464180,0;1801433,03305;1801433,03305;producao_brasil;45,719443761808854;37324690,418944225;114788870,41894422;US$
2010;ABR;Abril;4;QUEROSENE DE AVIAÇÃO;1141069,1480725908;103602773,0;2395656,54299;2395656,54299;producao_brasil;46,22755646215498;50853934,530251235;154456707,53025123;US$
2010;MAI;Maio;5;QUEROSENE DE AVIAÇÃO;950531,4378001252;87471705,0;2408393,40824;2408393,40824;producao_brasil;43,966908155180505;45679776,575630225;133151481,57563022;US$
2010;JUN;Junho;6;QUEROSENE DE AVIAÇÃO;1047313,192979975;91337694,0;2178997,74773;2178997,74773;producao_brasil;45,19484958916043;44004531,770526685;135342225,77052668;US$
2010;JUL;Julho;7;QUEROSENE DE AVIAÇÃO;1078518,656508348;92940521,0;2459875,50309;2459875,50309;producao_brasil;43,64618570215495;45867295,43479797;138807816,43479797;US$
2010;AGO;Agosto;8;QUEROSENE DE AVIAÇÃO;1025436,0372403755;88929815,0;2635675,69259;2635675,69259;producao_brasil;42,28816784073484;45566003,747240975;134495818,74724096;US$
2010;SET;Setembro;9;QUEROSENE DE AVIAÇÃO;949715,4156416772;82126112,0;2618617,72787;2618617,72787;producao_brasil;41,36148427315893;42844472,77196018;124970584,77196017;US$
2010;OUT;Outubro;10;QUEROSENE DE AVIAÇÃO;1273340,2154611766;110220198,0;2584181,01812;2584181,01812;producao_brasil;45,32048247228943;52511805,08393051;162732003,0839305;US$
2010;NOV;Novembro;11;QUEROSENE DE AVIAÇÃO;1183836,4789405633;112052153,0;2596056,1794000003;2596056,1794000003;producao_brasil;46,81443984779335;56631511,36701354;168683664,36701354;US$
2010;DEZ;Dezembro;12;QUEROSENE DE AVIAÇÃO;872792,90503;86488346,0;2886934,73266;2886934,73266;producao_brasil;42,20032130146075;49656204,97809869;136144550,9780987;US$
2011;JAN;Janeiro;1;QUEROSENE DE AVIAÇÃO;721885,7210191113;78214316,0;2783196,89633;2783196,89633;producao_brasil;42,16569323550682;47775504,13641546;125989820,13641545;US$
2011;FEV;Fevereiro;2;QUEROSENE DE AVIAÇÃO;1115875,1921;115915039,0;2658180,63277;2658180,63277;producao_brasil;48,32190176347798;61993827,58704168;177908866,58704168;US$
2011;MAR;Março;3;QUEROSENE DE AVIAÇÃO;486464,4722808;56860555,0;2871524,69816;2871524,69816;producao_brasil;38,3112231529658;38223506,04646053;95084061,04646054;US$
2011;ABR;Abril;4;QUEROSENE DE AVIAÇÃO;1051832,34668;141121545,0;2624247,10782;2624247,10782;producao_brasil;56,235923421741695;81970781,69959265;223092326,69959265;US$
2011;MAI;Maio;5;QUEROSENE DE AVIAÇÃO;1073393,8153600001;147729110,0;2982237,93378;2982237,93378;producao_brasil;54,80898466475308;88897484,83469294;236626594,83469296;US$
2011;JUN;Junho;6;QUEROSENE DE AVIAÇÃO;1265924,89946;166829049,0;2600188,5845700004;2600188,5845700004;producao_brasil;59,96558677646179;90917119,58894771;257746168,5889477;US$
2011;JUL;Julho;7;QUEROSENE DE AVIAÇÃO;781678,71737;99518541,0;2840591,4125800002;2840591,4125800002;producao_brasil;47,079129992122915;62717787,052861884;162236328,05286187;US$
2011;AGO;Agosto;8;QUEROSENE DE AVIAÇÃO;871751,1345844807;112785895,0;2977753,29925;2977753,29925;producao_brasil;48,63735857416612;70386222,47977845;183172117,47977847;US$
2011;SET;Setembro;9;QUEROSENE DE AVIAÇÃO;1209348,0585100001;154414422,0;2696768,61712;2696768,61712;producao_brasil;56,791349529317735;85733913,70655675;240148335,70655674;US$
2011;OUT;Outubro;10;QUEROSENE DE AVIAÇÃO;875491,23352;109032569,0;2724751,98181;2724751,98181;producao_brasil;49,20538917785648;65953682,13284677;174986251,13284677;US$
2011;NOV;Novembro;11;QUEROSENE DE AVIAÇÃO;1093219,29648;135213553,0;3168410,01997;3168410,01997;producao_brasil;50,31498227017741;80208243,480193;215421796,48019302;US$
2011;DEZ;Dezembro;12;QUEROSENE DE AVIAÇÃO;791487,1728802;102182879,0;3006787,06221;3006787,06221;producao_brasil;46,692930678039446;65226023,30414741;167408902,30414742;US$
2012;JAN;Janeiro;1;QUEROSENE DE AVIAÇÃO;1151475,5167;141462717,0;2890312,36063;2890312,36063;producao_brasil;52,87771958901848;80575317,5143172;222038034,5143172;US$
2012;FEV;Fevereiro;2;QUEROSENE DE AVIAÇÃO;1066556,79189;135352903,0;2769063,69326;2769063,69326;producao_brasil;53,33674072384132;78466239,92371109;213819142,9237111;US$
2012;MAR;Março;3;QUEROSENE DE AVIAÇÃO;1260477,845278974;165684857,0;2979810,0671200003;2979810,0671200003;producao_brasil;56,642405808268876;94288359,37537597;259973216,375376;US$
2012;ABR;Abril;4;QUEROSENE DE AVIAÇÃO;885443,1063021652;121716768,0;2867084,0923;2867084,0923;producao_brasil;51,53696697509353;76083715,8721811;197800483,87218112;US$
2012;MAI;Maio;5;QUEROSENE DE AVIAÇÃO;870532,9660632666;118520563,0;2818243,71765;2818243,71765;producao_brasil;51,23016982177916;73923011,31312174;192443574,31312174;US$
2012;JUN;Junho;6;QUEROSENE DE AVIAÇÃO;1917167,7176224284;242267935,0;2771195,93885;2771195,93885;producao_brasil;66,4512943745626;114869658,63086371;357137593,6308637;US$
2012;JUL;Julho;7;QUEROSENE DE AVIAÇÃO;6216,937945969962;752707,0;2730513,44777;2730513,44777;producao_brasil;25,218247129665457;595926,7224887329;1348633,722488733;US$
2012;AGO;Agosto;8;QUEROSENE DE AVIAÇÃO;0,0;0,0;2838207,57459;2838207,57459;producao_brasil;25,0;0,0;0,0;US$
2012;SET;Setembro;9;QUEROSENE DE AVIAÇÃO;321685,6490348686;35567785,0;2858366,4156400003;2858366,4156400003;producao_brasil;33,655721105919234;24741222,51230586;60309007,512305856;US$
2012;OUT;Outubro;10;QUEROSENE DE AVIAÇÃO;568712,5207782603;67233383,0;2686057,07069;2686057,07069;producao_brasil;41,28857849708115;43752051,44357391;110985434,4435739;US$
2012;NOV;Novembro;11;QUEROSENE DE AVIAÇÃO;2413211,434188411;312404540,0;2817709,0838;2817709,0838;producao_brasil;73,18927247669723;135783350,7993031;448187890,7993031;US$
2012;DEZ;Dezembro;12;QUEROSENE DE AVIAÇÃO;0,0;0,0;3081623,22159;3081623,22159;producao_brasil;25,0;0,0;0,0;US$
2013;JAN;Janeiro;1;QUEROSENE DE AVIAÇÃO;1063994,3122750563;142003806,0;3042129,5046;3042129,5046;producao_brasil;53,105325932658104;85500041,25613873;227503847,25613874;US$
2013;FEV;Fevereiro;2;QUEROSENE DE AVIAÇÃO;713930,0875098372;89384361,0;2543278,38369;2543278,38369;producao_brasil;46,96239799962904;55856492,086453035;145240853,08645302;US$
2013;MAR;Março;3;QUEROSENE DE AVIAÇÃO;417460,1922997372;52518340,0;3248995,06569;3248995,06569;producao_brasil;36,47752590211053;37290425,02228627;89808765,02228627;US$
2013;ABR;Abril;4;QUEROSENE DE AVIAÇÃO;2181280,91727159;281103119,0;2886519,6052;2886519,6052;producao_brasil;69,7079744089277;129050444,64014968;410153563,6401497;US$
2013;MAI;Maio;5;QUEROSENE DE AVIAÇÃO;1330634,2285769212;173403854,0;3194833,5117800003;3194833,5117800003;producao_brasil;55,966522429463694;98932883,60093763;272336737,6009376;US$
2013;JUN;Junho;6;QUEROSENE DE AVIAÇÃO;880249,2189416644;110159355,0;2997157,3631;2997157,3631;producao_brasil;47,735073730658655;68140593,63246498;178299948,63246498;US$
2013;JUL;Julho;7;QUEROSENE DE AVIAÇÃO;841909,1428476345;98632763,0;3118154,43807;3118154,43807;producao_brasil;44,59186584848493;61090463,44552535;159723226,44552535;US$
2013;AGO;Agosto;8;QUEROSENE DE AVIAÇÃO;601321,8163683354;72191942,0;3062577,67691;3062577,67691;producao_brasil;40,6005634695093;47777937,42893679;119969879,42893678;US$
2013;SET;Setembro;9;QUEROSENE DE AVIAÇÃO;336411,24357185233;41450315,0;2451057,18947;2451057,18947;producao_brasil;36,85306119310862;29052530,854596745;70502845,85459675;US$
2013;OUT;Outubro;10;QUEROSENE DE AVIAÇÃO;1864605,7592222905;231854785,0;2156109,12914;2156109,12914;producao_brasil;71,07131969382047;99334792,98337378;331189577,98337376;US$
2013;NOV;Novembro;11;QUEROSENE DE AVIAÇÃO;679821,0382875344;85688115,0;3116940,50474;3116940,50474;producao_brasil;43,0924159350909;56392984,05668824;142081099,05668825;US$
2013;DEZ;Dezembro;12;QUEROSENE DE AVIAÇÃO;1426779,5557476848;242117882,0;3118311,68332;3118311,68332;producao_brasil;70,42227696811996;141640816,95268542;383758698,9526854;US$
2014;JAN;Janeiro;1;QUEROSENE DE AVIAÇÃO;1008842,2746681602;125516730,0;3228546,8933800003;3228546,8933800003;producao_brasil;48,66921449876989;76417168,93874839;201933898,9387484;US$
2014;FEV;Fevereiro;2;QUEROSENE DE AVIAÇÃO;340768,7436444055;42363203,0;2787882,80478;2787882,80478;producao_brasil;35,81743488690319;30157740,713024694;72520943,71302469;US$
2014;MAR;Março;3;QUEROSENE DE AVIAÇÃO;808604,7248512766;102364023,0;3409498,43727;3409498,43727;producao_brasil;44,47531905251117;66401069,874871485;168765092,8748715;US$
2014;ABR;Abril;4;QUEROSENE DE AVIAÇÃO;1445167,1264737046;178580584,0;2919805,27972;2919805,27972;producao_brasil;57,63512173319242;95288200,74088015;273868784,74088013;US$
2014;MAI;Maio;5;QUEROSENE DE AVIAÇÃO;231675,79141997496;27587958,0;3224099,9977100003;3224099,9977100003;producao_brasil;31,30714043516926;20334851,46258586;47922809,46258586;US$
2014;JUN;Junho;6;QUEROSENE DE AVIAÇÃO;1501947,9965796245;185209678,0;3166126,81894;3166126,81894;producao_brasil;56,632093297774745;100151218,92929685;285360896,92929685;US$
2014;JUL;Julho;7;QUEROSENE DE AVIAÇÃO;987331,7778526783;119187632,0;3282978,90912;3282978,90912;producao_brasil;47,13055313328486;72654139,18373373;191841771,18373373;US$
2014;AGO;Agosto;8;QUEROSENE DE AVIAÇÃO;0,0;0,0;3584084,69344;3584084,69344;producao_brasil;25,0;0,0;0,0;US$
2014;SET;Setembro;9;QUEROSENE DE AVIAÇÃO;1017825,823722328;123961807,0;3028719,6296800002;3028719,6296800002;producao_brasil;49,34574442358223;73736434,03487591;197698241,03487593;US$
2014;OUT;Outubro;10;QUEROSENE DE AVIAÇÃO;478642,4809387734;57382995,0;3047752,59474;3047752,59474;producao_brasil;37,87913917807086;39252429,84798305;96635424,84798305;US$
2014;NOV;Novembro;11;QUEROSENE DE AVIAÇÃO;511733,24219769717;59950422,0;3333876,05164;3333876,05164;producao_brasil;37,26257982593897;40881921,21302174;100832343,21302174;US$
2014;DEZ;Dezembro;12;QUEROSENE DE AVIAÇÃO;1124751,5467326783;120497442,0;3223099,91792;3223099,91792;producao_brasil;46,24696625050474;68481095,17805085;188978537,17805085;US$
2015;JAN;Janeiro;1;QUEROSENE DE AVIAÇÃO;323570,805067572;31441884,0;3318258,45341;3318258,45341;producao_brasil;31,412330786499588;21277770,838363454;52719654,838363454;US$
2015;FEV;Fevereiro;2;QUEROSENE DE AVIAÇÃO;1521712,4610321529;141693277,0;2818067,6029700004;2818067,6029700004;producao_brasil;48,88380607901349;67306180,14688587;208999457,14688587;US$
2015;MAR;Março;3;QUEROSENE DE AVIAÇÃO;324291,5669121152;20468060,0;2851617,4495099997;2851617,4495099997;producao_brasil;28,892041857396283;11098614,47477455;31566674,47477455;US$
2015;ABR;Abril;4;QUEROSENE DE AVIAÇÃO;735587,6824350313;47902302,0;2820627,55564;2820627,55564;producao_brasil;33,29888180646212;23408054,704306517;71310356,70430651;US$
2015;MAI;Maio;5;QUEROSENE DE AVIAÇÃO;1333140,9264726408;92228529,0;2981369,94;2981369,94;producao_brasil;38,651606789517274;40700490,114966705;132929019,1149667;US$
2015;JUN;Junho;6;QUEROSENE DE AVIAÇÃO;1012245,6995184731;75431456,0;3005749,2435600003;3005749,2435600003;producao_brasil;37,4752057237866;37497340,16752696;112928796,16752696;US$
2015;JUL;Julho;7;QUEROSENE DE AVIAÇÃO;770549,9967333166;54713045,0;3332599,22021;3332599,22021;producao_brasil;33,63953349180788;28792102,577777125;83505147,57777712;US$
2015;AGO;Agosto;8;QUEROSENE DE AVIAÇÃO;0,0;0,0;3139489,47359;3139489,47359;producao_brasil;25,0;0,0;0,0;US$
2015;SET;Setembro;9;QUEROSENE DE AVIAÇÃO;16449,577140475594;1396736,0;2844396,74763;2844396,74763;producao_brasil;25,344477283856612;979830,0658341645;2376566,0658341646;US$
2015;OUT;Outubro;10;QUEROSENE DE AVIAÇÃO;1076186,089522766;81149413,0;2975488,96765;2975488,96765;producao_brasil;38,38823079257064;39836533,01964595;120985946,01964596;US$
2015;NOV;Novembro;11;QUEROSENE DE AVIAÇÃO;1268467,8326441175;86865773,0;2647355,86976;2647355,86976;producao_brasil;39,08492347345343;37287804,83256735;124153577,83256735;US$
2015;DEZ;Dezembro;12;QUEROSENE DE AVIAÇÃO;259695,28906103878;15030559,0;2845547,78286;2845547,78286;producao_brasil;27,749600136195436;7824118,571302478;22854677,571302477;US$
2016;JAN;Janeiro;1;QUEROSENE DE AVIAÇÃO;252191,6559404756;14547913,0;3199393,6240300005;3199393,6240300005;producao_brasil;27,388213221710874;7640834,154365917;22188747,154365916;US$
2016;FEV;Fevereiro;2;QUEROSENE DE AVIAÇÃO;1011175,8492828787;59528150,0;2875078,44081;2875078,44081;producao_brasil;33,812792784877054;25337470,539125938;84865620,53912593;US$
2016;MAR;Março;3;QUEROSENE DE AVIAÇÃO;759909,070935995;37637143,0;2925918,97504;2925918,97504;producao_brasil;30,057049866162288;14796518,16112773;52433661,16112773;US$
2016;ABR;Abril;4;QUEROSENE DE AVIAÇÃO;1432837,335522716;77588525,0;2697850,46444;2697850,46444;producao_brasil;35,111534358105956;27279407,66421717;104867932,66421717;US$
2016;MAI;Maio;5;QUEROSENE DE AVIAÇÃO;1925170,111421314;84605061,0;2435099,9415;2435099,9415;producao_brasil;33,365492910245074;20370811,296356447;104975872,29635644;US$
2016;JUN;Junho;6;QUEROSENE DE AVIAÇÃO;157166,9619393617;7497807,0;3216545,9359;3216545,9359;producao_brasil;26,057776123688956;3402385,4917437686;10900192,49174377;US$
2016;JUL;Julho;7;QUEROSENE DE AVIAÇÃO;345199,33618986234;17241319,0;3447790,8005500003;3447790,8005500003;producao_brasil;27,27032902401772;7827619,523229955;25068938,523229957;US$
2016;AGO;Agosto;8;QUEROSENE DE AVIAÇÃO;258798,14488500624;14608898,0;3251385,19349;3251385,19349;producao_brasil;27,318666460778843;7538877,799218192;22147775,799218193;US$
2016;SET;Setembro;9;QUEROSENE DE AVIAÇÃO;667861,9761377221;35345172,0;2737734,14965;2737734,14965;producao_brasil;30,475876148480022;14991493,130947672;50336665,13094767;US$
2016;OUT;Outubro;10;QUEROSENE DE AVIAÇÃO;933895,7247930038;56645033,0;3434726,86518;3434726,86518;producao_brasil;32,62199965650515;26179486,98659098;82824519,98659098;US$
2016;NOV;Novembro;11;QUEROSENE DE AVIAÇÃO;0,0;0,0;3186059,22683;3186059,22683;producao_brasil;25,0;0,0;0,0;US$
2016;DEZ;Dezembro;12;QUEROSENE DE AVIAÇÃO;270806,5336298874;39449900,0;3005875,03976;3005875,03976;producao_brasil;34,97342461490514;29978868,110871356;69428768,11087136;US$
2017;JAN;Janeiro;1;QUEROSENE DE AVIAÇÃO;764166,7606193242;46016903,0;3416593,34295;3416593,34295;producao_brasil;31,437282531839163;21993576,644970004;68010479,64497;US$
2017;FEV;Fevereiro;2;QUEROSENE DE AVIAÇÃO;166605,1800250313;8332727,0;3085554,35284;3085554,35284;producao_brasil;26,281486180877085;3954095,263509597;12286822,263509598;US$
2017;MAR;Março;3;QUEROSENE DE AVIAÇÃO;490875,85437677096;32109877,0;3182033,74843;3182033,74843;producao_brasil;30,40116223536264;17186680,513669543;49296557,51366954;US$
2017;ABR;Abril;4;QUEROSENE DE AVIAÇÃO;0,0;168,0;3123544,80524;3123544,80524;producao_brasil;25,0;0,0;168,0;US$
2017;MAI;Maio;5;QUEROSENE DE AVIAÇÃO;318780,5361530288;19497916,0;2838534,64471;2838534,64471;producao_brasil;28,65133093650254;10364429,362563867;29862345,362563867;US$
2017;JUN;Junho;6;QUEROSENE DE AVIAÇÃO;615777,9645765582;41144893,0;3143823,1526800003;3143823,1526800003;producao_brasil;31,84924891829391;21532827,32780084;62677720,32780084;US$
2017;JUL;Julho;7;QUEROSENE DE AVIAÇÃO;0,0;0,0;3179083,82754;3179083,82754;producao_brasil;25,0;0,0;0,0;US$
2017;AGO;Agosto;8;QUEROSENE DE AVIAÇÃO;315605,92183770967;17673469,0;3104222,5089200004;3104222,5089200004;producao_brasil;27,860763676349002;8880446,996823303;26553915,996823303;US$
2017;SET;Setembro;9;QUEROSENE DE AVIAÇÃO;302868,86765724653;16554974,0;3094328,63779;3094328,63779;producao_brasil;27,644312641276997;8182372,333173527;24737346,33317353;US$
2017;OUT;Outubro;10;QUEROSENE DE AVIAÇÃO;640639,2927246934;40897537,0;3510758,08846;3510758,08846;producao_brasil;30,993537211025114;21041859,24209241;61939396,24209241;US$
2017;NOV;Novembro;11;QUEROSENE DE AVIAÇÃO;0,0;0,0;3359947,31409;3359947,31409;producao_brasil;25,0;0,0;0,0;US$
2017;DEZ;Dezembro;12;QUEROSENE DE AVIAÇÃO;6318,637639824781;469103,0;3760897,5423500002;3760897,5423500002;producao_brasil;25,082590709993504;310615,1982355097;779718,1982355097;US$
2018;JAN;Janeiro;1;QUEROSENE DE AVIAÇÃO;1004184,0681473091;63758335,0;4286562,1232900005;4286562,1232900005;producao_brasil;32,30591336225419;31317251,494677097;95075586,4946771;US$
2018;FEV;Fevereiro;2;QUEROSENE DE AVIAÇÃO;297646,2628663579;22953199,0;3315792,8478900003;3315792,8478900003;producao_brasil;29,292875001592073;14234284,227164768;37187483,22716477;US$
2018;MAR;Março;3;QUEROSENE DE AVIAÇÃO;152984,655510801;12030759,0;3230962,18042;3230962,18042;producao_brasil;27,425021139545407;7835151,588590222;19865910,588590223;US$
2018;ABR;Abril;4;QUEROSENE DE AVIAÇÃO;2580,4516252440553;225250,0;3581128,48274;3581128,48274;producao_brasil;25,04485261284127;160622,96937118768;385872,9693711877;US$
2018;MAI;Maio;5;QUEROSENE DE AVIAÇÃO;0,0;0,0;3478308,95867;3478308,95867;producao_brasil;25,0;0,0;0,0;US$
2018;JUN;Junho;6;QUEROSENE DE AVIAÇÃO;351727,7181321152;31498334,0;3357827,64812;3357827,64812;producao_brasil;31,12071766154467;20552314,990271088;52050648,99027109;US$
2018;JUL;Julho;7;QUEROSENE DE AVIAÇÃO;317166,5189511514;26040256,0;3499643,99419;3499643,99419;producao_brasil;29,745085710664785;16606110,709244804;42646366,7092448;US$
2018;AGO;Agosto;8;QUEROSENE DE AVIAÇÃO;0,28339569461827285;988,0;2832282,57357;2832282,57357;producao_brasil;25,000346333737546;980,9150094921616;1968,9150094921615;US$
2018;SET;Setembro;9;QUEROSENE DE AVIAÇÃO;632961,8829386107;56066562,0;2850661,3983899998;2850661,3983899998;producao_brasil;36,551913532736165;32930593,98531004;88997155,98531005;US$
2018;OUT;Outubro;10;QUEROSENE DE AVIAÇÃO;1221339,065652278;109100217,0;3074987,47204;3074987,47204;producao_brasil;43,28695739707305;56232164,897728845;165332381,89772886;US$
2018;NOV;Novembro;11;QUEROSENE DE AVIAÇÃO;822109,679026821;76806487,0;3167586,05486;3167586,05486;producao_brasil;39,099758171164154;44662197,359877914;121468684,35987791;US$
2018;DEZ;Dezembro;12;QUEROSENE DE AVIAÇÃO;592836,4848174093;55017942,0;3430179,33255;3430179,33255;producao_brasil;34,99176530851151;34273546,85694626;89291488,85694626;US$
2019;JAN;Janeiro;1;QUEROSENE DE AVIAÇÃO;1240986,2593919525;106941405,0;3774590,4587200005;3774590,4587200005;producao_brasil;40,1361952536894;57132938,18589897;164074343,18589896;US$
2019;FEV;Fevereiro;2;QUEROSENE DE AVIAÇÃO;653893,1504427034;51998993,0;3248479,30127;3248479,30127;producao_brasil;34,13589481272741;29677765,19772495;81676758,19772495;US$
2019;MAR;Março;3;QUEROSENE DE AVIAÇÃO;0,0;0,0;3107266,77696;3107266,77696;producao_brasil;25,0;0,0;0,0;US$
2019;ABR;Abril;4;QUEROSENE DE AVIAÇÃO;1009459,0460369838;82945852,0;2943888,96221;2943888,96221;producao_brasil;39,5975956907131;42973700,82869455;125919552,82869455;US$
2019;MAI;Maio;5;QUEROSENE DE AVIAÇÃO;324644,4968892491;27587125,0;3553208,01615;3553208,01615;producao_brasil;30,021081258840468;17840946,178652484;45428071,17865248;US$
2019;JUN;Junho;6;QUEROSENE DE AVIAÇÃO;4384,737547647059;393645,0;3058432,69212;3058432,69212;producao_brasil;25,09273375505756;283619,9481310858;677264,9481310858;US$
2019;JUL;Julho;7;QUEROSENE DE AVIAÇÃO;73187,74108963704;5833200,0;3351053,52275;3351053,52275;producao_brasil;26,16916600329438;3917937,854019166;9751137,854019165;US$
2019;AGO;Agosto;8;QUEROSENE DE AVIAÇÃO;899793,5242999875;68019748,0;3146206,99067;3146206,99067;producao_brasil;36,25182997976904;35400586,14017965;103420334,14017965;US$
2019;SET;Setembro;9;QUEROSENE DE AVIAÇÃO;991862,2358920776;78155136,0;2802336,78816;2802336,78816;producao_brasil;39,063200102168835;39409823,0055632;117564959,0055632;US$
2019;OUT;Outubro;10;QUEROSENE DE AVIAÇÃO;680115,2817395745;53656527,0;2482940,23636;2482940,23636;producao_brasil;36,588049829278006;28772435,18205899;82428962,18205899;US$
2019;NOV;Novembro;11;QUEROSENE DE AVIAÇÃO;328808,02048093866;25960621,0;2807840,37191;2807840,37191;producao_brasil;30,655852447795;15880730,840484794;41841351,8404848;US$
2019;DEZ;Dezembro;12;QUEROSENE DE AVIAÇÃO;320144,38580548187;24623877,0;3881982,67466;3881982,67466;producao_brasil;28,955203428099548;15354031,182638284;39977908,18263829;US$
2020;JAN;Janeiro;1;QUEROSENE DE AVIAÇÃO;956070,6619254089;78953444,0;3669743,57793156;3669743,57793156;producao_brasil;36,90097020704554;43673508,9884602;122626952,9884602;US$
2020;FEV;Fevereiro;2;QUEROSENE DE AVIAÇÃO;583825,8210731447;45326397,0;3234199,0864708703;3234199,0864708703;producao_brasil;33,048860920852206;26031618,637351293;71358015,63735129;US$
2020;MAR;Março;3;QUEROSENE DE AVIAÇÃO;0,0;0,0;2914231,42621268;2914231,42621268;producao_brasil;25,0;0,0;0,0;US$
2020;ABR;Abril;4;QUEROSENE DE AVIAÇÃO;0,0;0,0;479515,71033615;479515,71033615;producao_brasil;25,0;0,0;0,0;US$
2020;MAI;Maio;5;QUEROSENE DE AVIAÇÃO;0,0;0,0;238040,8785588;238040,8785588;producao_brasil;25,0;0,0;0,0;US$
2020;JUN;Junho;6;QUEROSENE DE AVIAÇÃO;0,0;0,0;802498,40359746;802498,40359746;producao_brasil;25,0;0,0;0,0;US$
2020;JUL;Julho;7;QUEROSENE DE AVIAÇÃO;0,0;0,0;1217744,25669109;1217744,25669109;producao_brasil;25,0;0,0;0,0;US$
2020;AGO;Agosto;8;QUEROSENE DE AVIAÇÃO;0,0;0,0;1338394,7694199;1338394,7694199;producao_brasil;25,0;0,0;0,0;US$
2020;SET;Setembro;9;QUEROSENE DE AVIAÇÃO;0,0;0,0;1041253,88633979;1041253,88633979;producao_brasil;25,0;0,0;0,0;US$
2020;OUT;Outubro;10;QUEROSENE DE AVIAÇÃO;0,0;0,0;1505462,39427963;1505462,39427963;producao_brasil;25,0;0,0;0,0;US$
2020;NOV;Novembro;11;QUEROSENE DE AVIAÇÃO;0,0;0,0;1864015,68020907;1864015,68020907;producao_brasil;25,0;0,0;0,0;US$
2020;DEZ;Dezembro;12;QUEROSENE DE AVIAÇÃO;514894,26632298116;28725951,0;2256949,02985965;2256949,02985965;producao_brasil;30,71951320760411;12908649,785171548;41634600,785171546;US$
2021;JAN;Janeiro;1;QUEROSENE DE AVIAÇÃO;0,0;0,0;2496833,38254154;2496833,38254154;producao_brasil;25,0;0,0;0,0;US$
2021;FEV;Fevereiro;2;QUEROSENE DE AVIAÇÃO;648509,9897618239;39754322,0;2047847,48534332;2047847,48534332;producao_brasil;33,73087951924342;17879509,66831814;57633831,66831814;US$
2021;MAR;Março;3;QUEROSENE DE AVIAÇÃO;324348,90293096856;23691889,0;1552027,44903156;1552027,44903156;producao_brasil;33,30492582707468;12889472,84579104;36581361,84579104;US$
2021;ABR;Abril;4;QUEROSENE DE AVIAÇÃO;429130,7448687296;29689388,0;1052708,2656206;1052708,2656206;producao_brasil;37,79566757526545;13470105,020615438;43159493,020615436;US$
2021;MAI;Maio;5;QUEROSENE DE AVIAÇÃO;0,0;0,0;1236476,24805278;1236476,24805278;producao_brasil;25,0;0,0;0,0;US$
2021;JUN;Junho;6;QUEROSENE DE AVIAÇÃO;0,0;0,0;1874352,15268915;1874352,15268915;producao_brasil;25,0;0,0;0,0;US$
2021;JUL;Julho;7;QUEROSENE DE AVIAÇÃO;310024,9643396101;24167479,0;2230191,25351758;2230191,25351758;producao_brasil;31,462778552511665;14413232,201232523;38580711,20123252;US$
2021;AGO;Agosto;8;QUEROSENE DE AVIAÇÃO;312005,9538446038;23556486,0;2421312,23140349;2421312,23140349;producao_brasil;30,764545539894677;13957764,624229416;37514250,624229416;US$
2021;SET;Setembro;9;QUEROSENE DE AVIAÇÃO;0,0;0,0;2408624,1121809897;2408624,1121809897;producao_brasil;25,0;0,0;0,0;US$
2021;OUT;Outubro;10;QUEROSENE DE AVIAÇÃO;0,0;0,0;2892132,86436697;2892132,86436697;producao_brasil;25,0;0,0;0,0;US$
2021;NOV;Novembro;11;QUEROSENE DE AVIAÇÃO;327391,5886288302;30216915,0;2772464,9080175;2772464,9080175;producao_brasil;32,10746620306951;19705200,632930588;49922115,63293059;US$
2021;DEZ;Dezembro;12;QUEROSENE DE AVIAÇÃO;0,0;0,0;2885683,00386171;2885683,00386171;producao_brasil;25,0;0,0;0,0;US$
2022;JAN;Janeiro;1;QUEROSENE DE AVIAÇÃO;677216,2949280001;67217112,0;2964901,17952156;2964901,17952156;producao_brasil;38,8069968856235;40936381,351835616;108153493,35183561;US$
2022;FEV;Fevereiro;2;QUEROSENE DE AVIAÇÃO;316317,598820327;36243813,0;2651060,08982444;2651060,08982444;producao_brasil;34,549129232158215;25315315,39995054;61559128,39995054;US$
2022;MAR;Março;3;QUEROSENE DE AVIAÇÃO;0,0;0,0;2486672,11900882;2486672,11900882;producao_brasil;25,0;0,0;0,0;US$
2022;ABR;Abril;4;QUEROSENE DE AVIAÇÃO;331963,10165393713;53523639,0;2759755,44746967;2759755,44746967;producao_brasil;39,62764502657305;40368723,045737594;93892362,0457376;US$
2022;MAI;Maio;5;QUEROSENE DE AVIAÇÃO;324231,7858775975;56773868,0;2643853,79160934;2643853,79160934;producao_brasil;41,39712605398226;43351603,8893173;100125471,8893173;US$
2022;JUN;Junho;6;QUEROSENE DE AVIAÇÃO;658042,4143888679;106945691,0;2573471,21396737;2573471,21396737;producao_brasil;53,0037904981109;72066948,72886136;179012639,72886136;US$
2022;JUL;Julho;7;QUEROSENE DE AVIAÇÃO;1161308,0483370062;170864601,0;2656784,89877176;2656784,89877176;producao_brasil;62,14731457728824;98692424,39886346;269557025,39886343;US$
2022;AGO;Agosto;8;QUEROSENE DE AVIAÇÃO;815275,8284696729;114414075,0;2239774,95524705;2239774,95524705;producao_brasil;55,779252439745115;68938598,75576778;183352673,75576776;US$
2022;SET;Setembro;9;QUEROSENE DE AVIAÇÃO;998820,9656235346;132077839,0;2264211,66590292;2264211,66590292;producao_brasil;57,82446942901291;74321546,60824479;206399385,60824478;US$
2022;OUT;Outubro;10;QUEROSENE DE AVIAÇÃO;523261,564963283;67966140,0;2166862,49022688;2166862,49022688;producao_brasil;45,40225645729121;44208884,23329347;112175024,23329347;US$
2022;NOV;Novembro;11;QUEROSENE DE AVIAÇÃO;1021523,0181637107;139775609,0;2179296,28727184;2179296,28727184;producao_brasil;60,69009139376031;77779283,6668145;217554892,6668145;US$
2022;DEZ;Dezembro;12;QUEROSENE DE AVIAÇÃO;1313162,8045796354;155581641,0;2945872,04495585;2945872,04495585;producao_brasil;53,821687359261034;84905003,08010449;240486644,08010447;US$
2023;JAN;Janeiro;1;QUEROSENE DE AVIAÇÃO;947991,8005217989;139843839,0;2599415,18324259;2599415,18324259;producao_brasil;57,74054669185628;85106274,17847417;224950113,1784742;US$
2023;FEV;Fevereiro;2;QUEROSENE DE AVIAÇÃO;311048,1146779874;42998063,0;2775672,6419295897;2775672,6419295897;producao_brasil;36,41076984617179;31672561,68537415;74670624,68537414;US$
2023;MAR;Março;3;QUEROSENE DE AVIAÇÃO;504961,99174928304;57500268,0;2874685,72394303;2874685,72394303;producao_brasil;38,27837158822784;38171145,24188931;95671413,24188931;US$
2023;ABR;Abril;4;QUEROSENE DE AVIAÇÃO;0,0;0,0;3100879,95293056;3100879,95293056;producao_brasil;25,0;0,0;0,0;US$
2023;MAI;Maio;5;QUEROSENE DE AVIAÇÃO;517325,36887265404;47301275,0;2689684,7374769296;2689684,7374769296;producao_brasil;35,71656765600392;28824188,462492652;76125463,46249264;US$
2023;JUN;Junho;6;QUEROSENE DE AVIAÇÃO;988304,007718;96935504,0;2491527,3994625;2491527,3994625;producao_brasil;45,756150329010325;51714517,25209181;148650021,25209183;US$
2023;JUL;Julho;7;QUEROSENE DE AVIAÇÃO;475003,6504544151;48391045,0;2757418,55662151;2757418,55662151;producao_brasil;36,29677727702293;31149943,29368325;79540988,29368325;US$
2023;AGO;Agosto;8;QUEROSENE DE AVIAÇÃO;968554,2654044528;121404119,0;3017352,56554161;3017352,56554161;producao_brasil;49,38347570252172;73573542,96782543;194977661,9678254;US$
2023;SET;Setembro;9;QUEROSENE DE AVIAÇÃO;0,0;0,0;2820651,06065997;2820651,06065997;producao_brasil;25,0;0,0;0,0;US$
2023;OUT;Outubro;10;QUEROSENE DE AVIAÇÃO;508066,3254968553;60016619,0;2821731,2537599397;2821731,2537599397;producao_brasil;39,209560712438034;40095561,56448575;100112180,56448576;US$
2023;NOV;Novembro;11;QUEROSENE DE AVIAÇÃO;492545,17893189937;56781586,0;3073201,92706701;3073201,92706701;producao_brasil;37,47086661078429;38325491,30045792;95107077,30045792;US$
2023;DEZ;Dezembro;12;QUEROSENE DE AVIAÇÃO;526477,2876856856;54088030,0;3181692,2683552904;3181692,2683552904;producao_brasil;36,036738528092705;35115505,64269151;89203535,64269151;US$
2024;JAN;Janeiro;1;QUEROSENE DE AVIAÇÃO;490306,7265375723;55916551,0;3392432,62286712;3392432,62286712;producao_brasil;36,24435067815061;38145702,063516155;94062253,06351615;US$
2024;FEV;Fevereiro;2;QUEROSENE DE AVIAÇÃO;515392,33224616357;57375299,0;3135362,84246558;3135362,84246558;producao_brasil;37,1866541481678;38209582,590144336;95584881,59014434;US$
2024;MAR;Março;3;QUEROSENE DE AVIAÇÃO;827109,0814181385;87926544,0;3203144,69059932;3203144,69059932;producao_brasil;41,686000626427855;53447674,31387931;141374218,3138793;US$
2024;ABR;Abril;4;QUEROSENE DE AVIAÇÃO;467071,55919584905;49950849,0;2645262,2058645403;2645262,2058645403;producao_brasil;37,297543550686996;32530227,179605532;82481076,17960553;US$
2024;MAI;Maio;5;QUEROSENE DE AVIAÇÃO;320535,110262239;32362026,0;2860831,84504532;2860831,84504532;producao_brasil;32,65351768139244;21895427,109544907;54257453,1095449;US$
2024;JUN;Junho;6;QUEROSENE DE AVIAÇÃO;0,0;0,0;3092372,3118958897;3092372,3118958897;producao_brasil;25,0;0,0;0,0;US$
2024;JUL;Julho;7;QUEROSENE DE AVIAÇÃO;762468,5220787924;79876797,0;3288535,59773583;3288535,59773583;producao_brasil;40,01234808687707;49368641,089296624;129245438,08929662;US$
2024;AGO;Agosto;8;QUEROSENE DE AVIAÇÃO;989205,8003260755;86088486,0;2686796,2365815802;2686796,2365815802;producao_brasil;41,69159602628085;44846917,385951445;130935403,38595144;US$
2024;SET;Setembro;9;QUEROSENE DE AVIAÇÃO;333192,518201761;26714068,0;2862062,03124436;2862062,03124436;producao_brasil;30,753612039498634;16467194,560759464;43181262,56075946;US$
2024;OUT;Outubro;10;QUEROSENE DE AVIAÇÃO;1042463,1089976856;88367996,0;3246000,5185980503;3246000,5185980503;producao_brasil;39,52884382045909;47160634,57584028;135528630,5758403;US$
2024;NOV;Novembro;11;QUEROSENE DE AVIAÇÃO;980908,5677956605;87789858,0;3014218,6299702497;3014218,6299702497;producao_brasil;40,83607746969551;47733399,73480834;135523257,73480833;US$
2024;DEZ;Dezembro;12;QUEROSENE DE AVIAÇÃO;319897,06244178617;29180997,0;3440474,4809783804;3440474,4809783804;producao_brasil;30,63337164808142;19381471,397091255;48562468,397091255;US$
2025;JAN;Janeiro;1;QUEROSENE DE AVIAÇÃO;800123,9135309937;76419237,0;3487427,75538313;3487427,75538313;producao_brasil;38,15812461707621;45888008,9983816;122307245,9983816;US$
2025;FEV;Fevereiro;2;QUEROSENE DE AVIAÇÃO;803650,669335824;75941678,0;3027898,3691883;3027898,3691883;producao_brasil;39,57645738187327;44136031,53511682;120077709,53511682;US$
2025;MAR;Março;3;QUEROSENE DE AVIAÇÃO;790324,0809942768;70729608,0;3143334,45960224;3143334,45960224;producao_brasil;37,957786103979814;40730655,580794804;111460263,58079481;US$
2025;ABR;Abril;4;QUEROSENE DE AVIAÇÃO;0,0316468427672956;1115,0;3103063,95736705;3103063,95736705;producao_brasil;25,00035906730666;1114,2088175690192;2229,208817569019;US$
2025;MAI;Maio;5;QUEROSENE DE AVIAÇÃO;787551,5485696981;68048189,0;3204833,38507793;3204833,38507793;producao_brasil;37,11291022521071;38819859,08020712;106868048,08020711;US$
2025;JUN;Junho;6;QUEROSENE DE AVIAÇÃO;319795,1833432075;30011495,0;3005918,67217197;3005918,67217197;producao_brasil;31,620117175718136;19899533,83045751;49911028,83045751;US$
2025;JUL;Julho;7;QUEROSENE DE AVIAÇÃO;1102392,537353346;102154859,0;3095115,9333077;3095115,9333077;producao_brasil;42,77126742865601;55004132,97350538;157158991,97350538;US$
2025;AGO;Agosto;8;QUEROSENE DE AVIAÇÃO;937048,5675558993;81158524,0;3390243,1840347904;3390243,1840347904;producao_brasil;38,34144151243799;45230731,15274169;126389255,1527417;US$
2025;SET;Setembro;9;QUEROSENE DE AVIAÇÃO;759174,5920962013;69357457,0;2927860,18023087;2927860,18023087;producao_brasil;38,66357935534165;40005049,9139294;109362506,9139294;US$
2025;OUT;Outubro;10;QUEROSENE DE AVIAÇÃO;1263600,8107091445;115488342,0;2744659,87831043;2744659,87831043;producao_brasil;45,93135358239212;57449446,376320936;172937788,37632093;US$
2025;NOV;Novembro;11;QUEROSENE DE AVIAÇÃO;1739587,1193666165;164621613,0;2309608,97339968;2309608,97339968;producao_brasil;54,91505776473292;69092085,85319693;233713698,85319692;US$
2025;DEZ;Dezembro;12;QUEROSENE DE AVIAÇÃO;812457,091654654;73356511,0;3267177,648438;3267177,648438;producao_brasil;38,00241004110798;42481183,4621338;115837694,4621338;US$
2026;JAN;Janeiro;1;QUEROSENE DE AVIAÇÃO;1534603,2874592706;127855394,0;3380122,28221284;3380122,28221284;producao_brasil;43,208608099249105;61547321,964353085;189402715,96435308;US$
2026;FEV;Fevereiro;2;QUEROSENE DE AVIAÇÃO;953723,0437469559;89294392,0;2938515,19384859;2938515,19384859;producao_brasil;41,81585553374529;49413646,98347343;138708038,98347342;US$
2026;MAR;Março;3;QUEROSENE DE AVIAÇÃO;645798,8205653711;94719961,0;3450242,5244593304;3450242,5244593304;producao_brasil;44,18315365183207;66186532,48278831;160906493,48278832;US$
2026;ABR;Abril;4;QUEROSENE DE AVIAÇÃO;136496,07665672957;25895624,0;3718953,944365;3718953,944365;producao_brasil;30,83154287073951;21687239,3608703;47582863,3608703;US$
2026;MAI;Maio;5;QUEROSENE DE AVIAÇÃO;307454,0223034591;52592094,0;3820269,9585424103;3820269,9585424103;producao_brasil;35,87905675156391;41560933,68527758;94153027,68527758;US$
2026;JUN;Junho;6;QUEROSENE DE AVIAÇÃO;0,0158234213836478;10,0;3649502,13909664;3649502,13909664;producao_brasil;25,00000263170538;9,60441441968399;19,60441441968399;US$
2026;JUL;Julho;7;QUEROSENE DE AVIAÇÃO;662855,479853107;85538252,0;3239273,37810875;3239273,37810875;producao_brasil;42,674163902340936;57251448,609183654;142789700,60918367;US$
2026;AGO;Agosto;8;QUEROSENE DE AVIAÇÃO;0,0;0,0;0,0;0,0;producao_brasil;;;;US$
2026;SET;Setembro;9;QUEROSENE DE AVIAÇÃO;0,0;0,0;0,0;0,0;producao_brasil;;;;US$
2026;OUT;Outubro;10;QUEROSENE DE AVIAÇÃO;0,0;0,0;0,0;0,0;producao_brasil;;;;US$
2026;NOV;Novembro;11;QUEROSENE DE AVIAÇÃO;0,0;0,0;0,0;0,0;producao_brasil;;;;US$
2026;DEZ;Dezembro;12;QUEROSENE DE AVIAÇÃO;0,0;0,0;0,0;0,0;producao_brasil;;;;US$
2010;JAN;Janeiro;1;ÓLEO DIESEL;2067479,41643;180072903,0;21422173,65458698;21422173,65458698;producao_brasil;30,465637027549832;117085825,53711309;297158728,5371131;US$
2010;FEV;Fevereiro;2;ÓLEO DIESEL;2079191,04265;184117552,0;19590876,84895957;19590876,84895957;producao_brasil;31,097709365502837;119459473,24031347;303577025,2403135;US$
2010;MAR;Março;3;ÓLEO DIESEL;4214900,538800129;374709156,0;20255714,03045075;20255714,03045075;producao_brasil;36,006533643353535;222945197,9463044;597654353,9463044;US$
2010;ABR;Abril;4;ÓLEO DIESEL;6364902,60202081;596225840,0;20792693,149325833;20792693,149325833;producao_brasil;41,09506522416682;334659752,4244858;930885592,4244858;US$
2010;MAI;Maio;5;ÓLEO DIESEL;4968323,414253263;467138356,0;21123727,87494465;21123727,87494465;producao_brasil;38,143093536139155;277631131,2923475;744769487,2923474;US$
2010;JUN;Junho;6;ÓLEO DIESEL;4195371,143841714;396207629,0;22011551,35023735;22011551,35023735;producao_brasil;36,11627473503522;244686452,15357384;640894081,1535739;US$
2010;JUL;Julho;7;ÓLEO DIESEL;3703036,5835351762;322920295,0;24235764,271435943;24235764,271435943;producao_brasil;33,24460511413237;199814306,05718732;522734601,0571873;US$
2010;AGO;Agosto;8;ÓLEO DIESEL;7113142,925035752;626186329,0;21698510,57596463;21698510,57596463;producao_brasil;40,56168082677166;337665295,9994909;963851624,999491;US$
2010;SET;Setembro;9;ÓLEO DIESEL;7185458,169909224;625645021,0;21724242,245282922;21724242,245282922;producao_brasil;40,42764402075541;335153875,98088115;960798896,9808812;US$
2010;OUT;Outubro;10;ÓLEO DIESEL;6139971,673073956;558833261,0;21472144,71693163;21472144,71693163;producao_brasil;39,67956905034143;315201831,03112173;874035092,0311217;US$
2010;NOV;Novembro;11;ÓLEO DIESEL;6967423,390122851;639301744,0;23018460,47126972;23018460,47126972;producao_brasil;40,511170569354974;357043266,6138197;996345010,6138197;US$
2010;DEZ;Dezembro;12;ÓLEO DIESEL;1653094,15401;159721274,0;23236335,53337923;23236335,53337923;producao_brasil;29,75679521936723;110530489,78079122;270251763,7807912;US$
2011;JAN;Janeiro;1;ÓLEO DIESEL;1036890,4748454461;110053088,0;21532390,54872026;21532390,54872026;producao_brasil;28,72766974902828;80265640,87272696;190318728,87272698;US$
2011;FEV;Fevereiro;2;ÓLEO DIESEL;2894111,40587;320207704,0;20585128,34376832;20585128,34376832;producao_brasil;35,55634345473508;217303684,85662025;537511388,8566203;US$
2011;MAR;Março;3;ÓLEO DIESEL;4215996,7449;494171855,0;24029292,29520669;24029292,29520669;producao_brasil;38,76413375786193;330742393,2579859;824914248,2579858;US$
2011;ABR;Abril;4;ÓLEO DIESEL;4306211,4897300005;561107052,0;21937299,92933381;21937299,92933381;producao_brasil;42,27862394311127;379046355,8062003;940153407,8062003;US$
2011;MAI;Maio;5;ÓLEO DIESEL;3616068,37729;500883269,0;23149287,74562309;23149287,74562309;producao_brasil;40,336301063311765;355024446,2681094;855907715,2681093;US$
2011;JUN;Junho;6;ÓLEO DIESEL;6021599,92198;779528504,0;22650272,95127727;22650272,95127727;producao_brasil;46,9374754042373;496889805,7679065;1276418309,7679064;US$
2011;JUL;Julho;7;ÓLEO DIESEL;5847435,08308;745260095,0;23433735,376995742;23433735,376995742;producao_brasil;45,45936718068784;479439396,4930303;1224699491,4930303;US$
2011;AGO;Agosto;8;ÓLEO DIESEL;7452560,001125;968300374,0;23159793,055473;23159793,055473;producao_brasil;50,54479796198909;591612234,4435358;1559912608,4435358;US$
2011;SET;Setembro;9;ÓLEO DIESEL;6677023,283220001;849739832,0;22299989,65849127;22299989,65849127;producao_brasil;48,563997134315244;525476892,40794784;1375216724,4079478;US$
2011;OUT;Outubro;10;ÓLEO DIESEL;6231478,30206;773495225,0;24856518,588201143;24856518,588201143;producao_brasil;44,86967090961103;493890844,3061861;1267386069,3061862;US$
2011;NOV;Novembro;11;ÓLEO DIESEL;6639793,89783;836240273,0;21882014,21026213;21882014,21026213;producao_brasil;48,499401686392034;514214241,6342884;1350454514,6342883;US$
2011;DEZ;Dezembro;12;ÓLEO DIESEL;3762299,5409990004;482954577,0;23388525,32973468;23388525,32973468;producao_brasil;39,32358281291938;335007479,4325173;817962056,4325173;US$
2012;JAN;Janeiro;1;ÓLEO DIESEL;1883156,53438;243451929,0;22580257,142607287;22580257,142607287;producao_brasil;33,02721231931862;181256518,3085195;424708447,3085195;US$
2012;FEV;Fevereiro;2;ÓLEO DIESEL;4229727,40013;547549087,0;22556778,82088636;22556778,82088636;producao_brasil;41,493599364971104;372042472,83596486;919591559,8359649;US$
2012;MAR;Março;3;ÓLEO DIESEL;4351919,302763005;601000045,0;23684933,029563878;23684933,029563878;producao_brasil;42,5555392808275;415801772,16427743;1016801817,1642774;US$
2012;ABR;Abril;4;ÓLEO DIESEL;6204213,2897782875;864484972,0;22894164,914535567;22894164,914535567;producao_brasil;49,378665875281555;558129196,9450566;1422614168,9450564;US$
2012;MAI;Maio;5;ÓLEO DIESEL;5433212,580567359;744227654,0;24224612,346612748;24224612,346612748;producao_brasil;45,51388936915082;496941017,68897885;1241168671,688979;US$
2012;JUN;Junho;6;ÓLEO DIESEL;5263073,042889613;685110392,0;24330750,61171445;24330750,61171445;producao_brasil;43,70436116630855;455091146,8888898;1140201538,8888898;US$
2012;JUL;Julho;7;ÓLEO DIESEL;3145767,693212418;384968077,0;24303018,335026335;24303018,335026335;producao_brasil;36,15983360264275;271217640,6608697;656185717,6608697;US$
2012;AGO;Agosto;8;ÓLEO DIESEL;2301866,6539147063;267862531,0;24468876,08809833;24468876,08809833;producao_brasil;32,85618339688686;192231978,06380007;460094509,0638001;US$
2012;SET;Setembro;9;ÓLEO DIESEL;3947249,353216585;469384152,0;24756164,622075405;24756164,622075405;producao_brasil;37,91494170305623;319724422,8853669;789108574,8853669;US$
2012;OUT;Outubro;10;ÓLEO DIESEL;2262983,447144636;295702703,0;23441418,11163147;23441418,11163147;producao_brasil;34,30300268903712;218075575,72735107;513778278,72735107;US$
2012;NOV;Novembro;11;ÓLEO DIESEL;9413684,555173416;1246241786,0;24178412,61878519;24178412,61878519;producao_brasil;55,09337782293444;727610106,0959085;1973851892,0959086;US$
2012;DEZ;Dezembro;12;ÓLEO DIESEL;1694217,9284148237;223736590,0;24792153,95782456;24792153,95782456;producao_brasil;31,848093146493326;169778979,60538578;393515569,6053858;US$
2013;JAN;Janeiro;1;ÓLEO DIESEL;8246885,584832197;1075508570,0;25926074,080484845;25926074,080484845;producao_brasil;50,43930753710821;659541371,763304;1735049941,763304;US$
2013;FEV;Fevereiro;2;ÓLEO DIESEL;2970157,2020196477;377912020,0;23033613,378915336;23033613,378915336;producao_brasil;36,677463812580314;268974186,7052496;646886206,7052495;US$
2013;MAR;Março;3;ÓLEO DIESEL;4609130,688285212;610020884,0;26818194,6014475;26818194,6014475;producao_brasil;40,74402569201516;422226344,8186516;1032247228,8186517;US$
2013;ABR;Abril;4;ÓLEO DIESEL;9043269,693422042;1167412168,0;25876578,885505315;25876578,885505315;producao_brasil;51,95688738560287;697552022,9412358;1864964190,9412358;US$
2013;MAI;Maio;5;ÓLEO DIESEL;7035189,190323147;932578245,0;27150545,96150083;27150545,96150083;producao_brasil;47,13492007357191;600975164,8116616;1533553409,8116617;US$
2013;JUN;Junho;6;ÓLEO DIESEL;2694801,0213333215;354487484,0;24964952,45285707;24964952,45285707;producao_brasil;35,38033324247012;259144525,84307826;613632009,8430783;US$
2013;JUL;Julho;7;ÓLEO DIESEL;4841542,091218028;594086608,0;27132626,854500104;27132626,854500104;producao_brasil;39,7946943209887;401418920,4377781;995505528,4377781;US$
2013;AGO;Agosto;8;ÓLEO DIESEL;5077131,287770035;634231013,0;27813237,713356737;27813237,713356737;producao_brasil;40,424051058483705;428992798,5925589;1063223811,5925589;US$
2013;SET;Setembro;9;ÓLEO DIESEL;3743942,879638604;466907846,0;24959674,62666013;24959674,62666013;producao_brasil;38,00565247314614;324616854,0371454;791524700,0371454;US$
2013;OUT;Outubro;10;ÓLEO DIESEL;5810375,891680306;735398292,0;25485500,851382654;25485500,851382654;producao_brasil;43,856761852463606;480574020,24528116;1215972312,2452812;US$
2013;NOV;Novembro;11;ÓLEO DIESEL;4717584,376104366;600695205,0;26281970,859767243;26281970,859767243;producao_brasil;40,57298457749364;409288726,8652926;1009983931,8652925;US$
2013;DEZ;Dezembro;12;ÓLEO DIESEL;5888385,304499742;735547149,0;26149099,10576023;26149099,10576023;producao_brasil;43,36403597902624;480202996,7973038;1215750145,7973037;US$
2014;JAN;Janeiro;1;ÓLEO DIESEL;8244826,255267279;1036978743,0;24646071,603481278;24646071,603481278;producao_brasil;50,261033924536676;622585250,8821006;1659563993,8821006;US$
2014;FEV;Fevereiro;2;ÓLEO DIESEL;6000993,618531267;758666009,0;22564779,15407706;22564779,15407706;producao_brasil;46,306658614898154;480780046,15649027;1239446055,1564903;US$
2014;MAR;Março;3;ÓLEO DIESEL;3646777,008869871;466543691,0;26848967,30806086;26848967,30806086;producao_brasil;37,30907046823093;330485830,59414953;797029521,5941496;US$
2014;ABR;Abril;4;ÓLEO DIESEL;3897443,736350986;502823423,0;26350272,738512162;26350272,738512162;producao_brasil;38,40224575062106;353152830,83743066;855976253,8374307;US$
2014;MAI;Maio;5;ÓLEO DIESEL;4913674,444362699;628179406,0;25170849,12154007;25170849,12154007;producao_brasil;41,79725935443008;422801280,86573714;1050980686,8657372;US$
2014;JUN;Junho;6;ÓLEO DIESEL;6449158,202202583;801130473,0;26612617,71897016;26612617,71897016;producao_brasil;44,354723093841514;515079846,75292766;1316210319,7529278;US$
2014;JUL;Julho;7;ÓLEO DIESEL;6480090,720012348;815297159,0;27912788,474579383;27912788,474579383;producao_brasil;43,99506253324734;530205162,55194104;1345502321,551941;US$
2014;AGO;Agosto;8;ÓLEO DIESEL;3567603,2946366663;449336107,0;26405291,190352406;26405291,190352406;producao_brasil;37,015723900621296;317278688,4587824;766614795,4587824;US$
2014;SET;Setembro;9;ÓLEO DIESEL;8010567,61929689;987650137,0;25723372,98105104;25723372,98105104;producao_brasil;48,34106044253414;600410803,536562;1588060940,536562;US$
2014;OUT;Outubro;10;ÓLEO DIESEL;4095243,459126749;496939373,0;27021470,3531141;27021470,3531141;producao_brasil;37,67994714681657;342630815,9067577;839570188,9067577;US$
2014;NOV;Novembro;11;ÓLEO DIESEL;5631480,872040904;668071844,0;26544349,704241853;26544349,704241853;producao_brasil;41,387605626803804;434998334,5730817;1103070178,5730817;US$
2014;DEZ;Dezembro;12;ÓLEO DIESEL;9980434,536771314;1113204987,0;26645840,95354875;26645840,95354875;producao_brasil;48,58127087776049;628342793,2913569;1741547780,291357;US$
2015;JAN;Janeiro;1;ÓLEO DIESEL;4751529,03372277;481060475,0;24279826,285329215;24279826,285329215;producao_brasil;37,478654378191834;302979560,5771606;784040035,5771606;US$
2015;FEV;Fevereiro;2;ÓLEO DIESEL;4883310,59329507;472130125,0;22154127,61846087;22154127,61846087;producao_brasil;37,94676505318547;286824285,2345003;758954410,2345003;US$
2015;MAR;Março;3;ÓLEO DIESEL;5415049,1669750465;389998734,0;25589820,964406703;25589820,964406703;producao_brasil;33,21233902114966;210152285,2502308;600151019,2502308;US$
2015;ABR;Abril;4;ÓLEO DIESEL;3060415,060101291;208451361,0;25027860,29712817;25027860,29712817;producao_brasil;29,697368664306698;117565086,69437559;326016447,6943756;US$
2015;MAI;Maio;5;ÓLEO DIESEL;4190446,5105255516;309510334,0;27849398,273120787;27849398,273120787;producao_brasil;31,39045452995979;177970313,35111907;487480647,35111904;US$
2015;JUN;Junho;6;ÓLEO DIESEL;3962992,2677901876;310183480,0;26760648,86216436;26760648,86216436;producao_brasil;31,87121270595175;183878110,48121694;494061590,4812169;US$
2015;JUL;Julho;7;ÓLEO DIESEL;5630566,45030892;423852704,0;26855004,65800754;26855004,65800754;producao_brasil;33,714285545369556;234022178,9121072;657874882,9121072;US$
2015;AGO;Agosto;8;ÓLEO DIESEL;180007,3489142019;12322797,0;27156284,37086152;27156284,37086152;producao_brasil;25,28616219629694;7771101,978829963;20093898,978829965;US$
2015;SET;Setembro;9;ÓLEO DIESEL;3288792,6498976173;240001587,0;28121648,034626164;28121648,034626164;producao_brasil;30,02322690525957;141261419,02777404;381263006,02777404;US$
2015;OUT;Outubro;10;ÓLEO DIESEL;2162717,0470189904;150245441,0;27746722,947871704;27746722,947871704;producao_brasil;28,215624058523158;89223029,85635285;239468470,85635287;US$
2015;NOV;Novembro;11;ÓLEO DIESEL;4865912,019122276;339782482,0;24641709,57767244;24641709,57767244;producao_brasil;32,39248606690951;182163494,7177742;521945976,7177742;US$
2015;DEZ;Dezembro;12;ÓLEO DIESEL;1260170,1219599296;77607685,0;24895912,203157548;24895912,203157548;producao_brasil;26,762627574647485;43882221,34528832;121489906,34528832;US$
2016;JAN;Janeiro;1;ÓLEO DIESEL;1005607,9940743544;58075521,0;27298141,302349526;27298141,302349526;producao_brasil;26,1636381033202;31765157,369232796;89840678,3692328;US$
2016;FEV;Fevereiro;2;ÓLEO DIESEL;2609444,7044015494;158641123,0;23508197,682379097;23508197,682379097;producao_brasil;28,57631841368798;84072800,24410942;242713923,24410942;US$
2016;MAR;Março;3;ÓLEO DIESEL;5935335,074476315;315949542,0;24637503,48811782;24637503,48811782;producao_brasil;30,480883457877844;135035285,31143266;450984827,31143266;US$
2016;ABR;Abril;4;ÓLEO DIESEL;3719138,22398615;181131255,0;24681154,545512233;24681154,545512233;producao_brasil;28,103939812022695;76608818,20050032;257740073,2005003;US$
2016;MAI;Maio;5;ÓLEO DIESEL;4184933,5880318317;209223922,0;24506337,815146245;24506337,815146245;producao_brasil;28,645728376039052;89343451,16547754;298567373,1654775;US$
2016;JUN;Junho;6;ÓLEO DIESEL;3866153,186610024;228087966,0;24685765,13340826;24685765,13340826;producao_brasil;29,6033382017137;113636925,67715035;341724891,67715037;US$
2016;JUL;Julho;7;ÓLEO DIESEL;5419062,36105129;309155065,0;23306759,65579965;23306759,65579965;producao_brasil;31,04607610086269;140914442,54348105;450069507,54348105;US$
2016;AGO;Agosto;8;ÓLEO DIESEL;4908104,337751304;292954014,0;24300836,94692835;24300836,94692835;producao_brasil;30,82874277766157;141643327,84554008;434597341,84554005;US$
2016;SET;Setembro;9;ÓLEO DIESEL;4841879,8879740955;293039586,0;22613306,97290879;22613306,97290879;producao_brasil;31,26448436399813;141660707,95007697;434700293,95007694;US$
2016;OUT;Outubro;10;ÓLEO DIESEL;4145134,7192855515;265856228,0;24977529,85226022;24977529,85226022;producao_brasil;30,570501957996164;139137378,9479232;404993606,9479232;US$
2016;NOV;Novembro;11;ÓLEO DIESEL;4572711,374316924;292184466,0;21494504,947620217;21494504,947620217;producao_brasil;31,823386104805955;146665306,38927466;438849772,38927466;US$
2016;DEZ;Dezembro;12;ÓLEO DIESEL;4597246,2547031455;292517525,0;19357424,94444913;19357424,94444913;producao_brasil;32,41343377899112;143504987,9574645;436022512,95746446;US$
2017;JAN;Janeiro;1;ÓLEO DIESEL;5237420,259511985;329705864,0;20848934,645626377;20848934,645626377;producao_brasil;32,619706096732116;158862754,42964876;488568618,42964876;US$
2017;FEV;Fevereiro;2;ÓLEO DIESEL;7321389,439011431;482049409,0;19440967,97505746;19440967,97505746;producao_brasil;36,17295716510845;217213102,43356216;699262511,4335622;US$
2017;MAR;Março;3;ÓLEO DIESEL;5245808,747301432;356665390,0;22081875,879116487;22081875,879116487;producao_brasil;33,2524434250625;182229431,41166112;538894821,4116611;US$
2017;ABR;Abril;4;ÓLEO DIESEL;5048440,297307816;346923659,0;21820853,552294742;21820853,552294742;producao_brasil;33,214307856496546;179243208,77007526;526166867,77007526;US$
2017;MAI;Maio;5;ÓLEO DIESEL;5053624,872525282;341106131,0;22035882,480545882;22035882,480545882;producao_brasil;32,92799611996339;174700390,80573696;515806521,80573696;US$
2017;JUN;Junho;6;ÓLEO DIESEL;7714152,172870551;492780485,0;20878051,42841486;20878051,42841486;producao_brasil;35,489806412289;219006717,74988568;711787202,7498857;US$
2017;JUL;Julho;7;ÓLEO DIESEL;7359913,801785635;457784510,0;21383738,75338024;21383738,75338024;producao_brasil;34,52511739521962;203682621,97465396;661467131,974654;US$
2017;AGO;Agosto;8;ÓLEO DIESEL;7908512,676262194;518082834,0;21182423,76604031;21182423,76604031;producao_brasil;36,0127089833925;233275868,4982989;751358702,4982989;US$
2017;SET;Setembro;9;ÓLEO DIESEL;6207464,383307676;442086564,0;21599432,4805983;21599432,4805983;producao_brasil;35,317582570305106;222853928,090303;664940492,090303;US$
2017;OUT;Outubro;10;ÓLEO DIESEL;8463222,01994729;632835389,0;22146385,32839797;22146385,32839797;producao_brasil;38,76217713959309;304782477,8910984;937617866,8910984;US$
2017;NOV;Novembro;11;ÓLEO DIESEL;8022212,56024256;611416300,0;21349972,00145425;21349972,00145425;producao_brasil;38,98809765514427;298645493,2909381;910061793,2909381;US$
2017;DEZ;Dezembro;12;ÓLEO DIESEL;7903774,249375174;611012298,0;20760230,55906;20760230,55906;producao_brasil;39,422895353546735;299422632,86882544;910434930,8688254;US$
2018;JAN;Janeiro;1;ÓLEO DIESEL;10302115,81775938;797492005,0;18504242,19770048;18504242,19770048;producao_brasil;43,74374779575536;346838848,90527177;1144330853,9052718;US$
2018;FEV;Fevereiro;2;ÓLEO DIESEL;6094123,631237019;482270621,0;17470560,04536256;17470560,04536256;producao_brasil;39,00050748598388;244596706,6994294;726867327,6994294;US$
2018;MAR;Março;3;ÓLEO DIESEL;6695410,051508968;530279263,0;20778739,829206258;20778739,829206258;producao_brasil;38,20856198600707;274457273,0251848;804736536,0251849;US$
2018;ABR;Abril;4;ÓLEO DIESEL;7287328,080317348;582503613,0;21263871,122621927;21263871,122621927;producao_brasil;39,02114174422678;298143751,04125273;880647364,0412527;US$
2018;MAI;Maio;5;ÓLEO DIESEL;4633078,504973287;397968566,0;24238109,71726146;24238109,71726146;producao_brasil;34,77242783372457;236865178,03783587;634833744,0378358;US$
2018;JUN;Junho;6;ÓLEO DIESEL;4214692,768362759;374957548,0;23567637,370339192;23567637,370339192;producao_brasil;34,70365795255526;228692291,79163048;603649839,7916305;US$
2018;JUL;Julho;7;ÓLEO DIESEL;4493918,009028568;392857692,0;24803985,942620438;24803985,942620438;producao_brasil;34,57439625159593;237483190,0336632;630340882,0336633;US$
2018;AGO;Agosto;8;ÓLEO DIESEL;4636440,762773779;418898343,0;23053419,118186433;23053419,118186433;producao_brasil;35,942176133545274;252254572,47163594;671152915,4716359;US$
2018;SET;Setembro;9;ÓLEO DIESEL;2975395,5654479815;277594965,0;21800895,116162613;21800895,116162613;producao_brasil;33,20179576011459;178806489,13044545;456401454,1304455;US$
2018;OUT;Outubro;10;ÓLEO DIESEL;7023462,636878006;660464457,0;24169660,19238084;24169660,19238084;producao_brasil;40,54438437382868;375702488,2151938;1036166945,2151937;US$
2018;NOV;Novembro;11;ÓLEO DIESEL;5743569,110327265;544111231,0;22587583,859377004;22587583,859377004;producao_brasil;39,137158613703924;319324255,72035134;863435486,7203513;US$
2018;DEZ;Dezembro;12;ÓLEO DIESEL;9176479,290866151;834624906,0;21665307,41117221;21665307,41117221;producao_brasil;44,62314730904832;425141518,8252486;1259766424,8252487;US$
2019;JAN;Janeiro;1;ÓLEO DIESEL;5420491,543196045;462885063,0;20015397,817657556;20015397,817657556;producao_brasil;37,87050630609885;257608303,83123866;720493366,8312386;US$
2019;FEV;Fevereiro;2;ÓLEO DIESEL;4073130,030089624;322058985,0;19389754,592319332;19389754,592319332;producao_brasil;34,38634519122262;181998929,77660322;504057914,7766032;US$
2019;MAR;Março;3;ÓLEO DIESEL;4946289,951439049;404714452,0;22441193,01908637;22441193,01908637;producao_brasil;35,26225022272033;230297138,05822906;635011590,0582291;US$
2019;ABR;Abril;4;ÓLEO DIESEL;6462715,658802993;547288654,0;22039071,852307368;22039071,852307368;producao_brasil;38,533213044254374;298259454,6749055;845548108,6749055;US$
2019;MAI;Maio;5;ÓLEO DIESEL;6903387,29222203;588743972,0;22335130,851758495;22335130,851758495;producao_brasil;39,23325517542092;317901616,7894951;906645588,7894951;US$
2019;JUN;Junho;6;ÓLEO DIESEL;5519068,140094272;467029152,0;21882985,649444137;21882985,649444137;producao_brasil;37,00831335581384;262777748,83930263;729806900,8393027;US$
2019;JUL;Julho;7;ÓLEO DIESEL;6908534,350051678;558514835,0;22087095,363231394;22087095,363231394;producao_brasil;38,305504314395705;293879942,6479447;852394777,6479447;US$
2019;AGO;Agosto;8;ÓLEO DIESEL;6424100,056871761;508841749,0;22699503,371747613;22699503,371747613;producao_brasil;36,95728572639456;271424447,6632429;780266196,6632428;US$
2019;SET;Setembro;9;ÓLEO DIESEL;7815353,207756091;605189772,0;21217943,957883872;21217943,957883872;producao_brasil;39,11503280072133;299491974,9293978;904681746,9293978;US$
2019;OUT;Outubro;10;ÓLEO DIESEL;9759197,69739689;798813266,0;20734543,143464237;20734543,143464237;producao_brasil;43,19499045593022;377264814,6034051;1176078080,603405;US$
2019;NOV;Novembro;11;ÓLEO DIESEL;12015877,758296704;973941107,0;20944289,685221035;20944289,685221035;producao_brasil;45,435095306988444;427998555,8546668;1401939662,8546667;US$
2019;DEZ;Dezembro;12;ÓLEO DIESEL;5568227,678307335;448858430,0;22085909,447006304;22085909,447006304;producao_brasil;36,19733863469098;247303407,13325018;696161837,1332502;US$
2020;JAN;Janeiro;1;ÓLEO DIESEL;7472706,135261226;596249420,0;21423773,823020928;21423773,823020928;producao_brasil;39,168914940835904;303551629,01009035;899801049,0100904;US$
2020;FEV;Fevereiro;2;ÓLEO DIESEL;7062734,821887417;532926221,0;20147020,576003537;20147020,576003537;producao_brasil;38,09669437456377;263859371,041966;796785592,041966;US$
2020;MAR;Março;3;ÓLEO DIESEL;5949011,59093662;376359647,0;20054583,986805417;20054583,986805417;producao_brasil;33,753956988218576;175556965,63711163;551916612,6371117;US$
2020;ABR;Abril;4;ÓLEO DIESEL;6271860,626933487;279945942,0;16384735,919497509;16384735,919497509;producao_brasil;30,435477745930996;89058867,46338494;369004809,4633849;US$
2020;MAI;Maio;5;ÓLEO DIESEL;4435416,302502119;169208021,0;21317830,494912162;21317830,494912162;producao_brasil;27,264670311135404;48277857,81964453;217485878,81964454;US$
2020;JUN;Junho;6;ÓLEO DIESEL;5248603,283940549;191578337,0;22562759,798779212;22562759,798779212;producao_brasil;27,17045294478904;48971408,44782813;240549745,4478281;US$
2020;JUL;Julho;7;ÓLEO DIESEL;7117039,513902131;331316749,0;24236903,539823174;24236903,539823174;producao_brasil;29,892231924055295;118572553,23777172;449889302,23777175;US$
2020;AGO;Agosto;8;ÓLEO DIESEL;7094441,334776751;349310675,0;25256086,839037474;25256086,839037474;producao_brasil;30,31520353258912;134241241,98622957;483551916,98622954;US$
2020;SET;Setembro;9;ÓLEO DIESEL;6197740,090686238;300786957,0;24295267,008129667;24295267,008129667;producao_brasil;29,78284920408874;116200598,47295643;416987555,4729564;US$
2020;OUT;Outubro;10;ÓLEO DIESEL;7396666,757691833;342126843,0;25084423,34532081;25084423,34532081;producao_brasil;29,840052275312118;121409920,28741239;463536763,2874124;US$
2020;NOV;Novembro;11;ÓLEO DIESEL;5359678,6928106425;252555239,0;22433617,169639185;22433617,169639185;producao_brasil;29,265894633961675;95699447,10431431;348254686,1043143;US$
2020;DEZ;Dezembro;12;ÓLEO DIESEL;5837597,093916702;304843216,0;22433363,30020945;22433363,30020945;producao_brasil;30,62072481574053;126091761,80201015;430934977,8020102;US$
2021;JAN;Janeiro;1;ÓLEO DIESEL;4974731,029104118;284198203,0;22031152,26627092;22031152,26627092;producao_brasil;30,91833733132399;130387790,9095543;414585993,9095543;US$
2021;FEV;Fevereiro;2;ÓLEO DIESEL;4483621,63097819;274917970,0;20632080,66212195;20632080,66212195;producao_brasil;31,483092820791946;133759694,01860316;408677664,01860315;US$
2021;MAR;Março;3;ÓLEO DIESEL;5612418,054639881;394418285,0;22424183,69921864;22424183,69921864;producao_brasil;34,06343200452358;203240064,2148141;597658349,2148141;US$
2021;ABR;Abril;4;ÓLEO DIESEL;8821108,916394167;619012653,0;21191576,10573313;21191576,10573313;producao_brasil;38,27721694331437;281365153,32657593;900377806,326576;US$
2021;MAI;Maio;5;ÓLEO DIESEL;8590388,412237832;621711277,0;22337549,63629487;22337549,63629487;producao_brasil;38,15805683700796;293918747,71385443;915630024,7138544;US$
2021;JUN;Junho;6;ÓLEO DIESEL;7858926,624387809;590533200,0;22026310,068622038;22026310,068622038;producao_brasil;38,185775921342305;290433988,93885607;880967188,9388561;US$
2021;JUL;Julho;7;ÓLEO DIESEL;7782117,56127114;619022221,0;24035215,27090787;24035215,27090787;producao_brasil;38,34081911287445;320649459,26817954;939671680,2681795;US$
2021;AGO;Agosto;8;ÓLEO DIESEL;10518446,00577696;847173699,0;22739677,32956649;22739677,32956649;producao_brasil;42,566010654447616;399445414,2498659;1246619113,249866;US$
2021;SET;Setembro;9;ÓLEO DIESEL;6130404,230216477;488336906,0;22031881,27411935;22031881,27411935;producao_brasil;36,89806843599395;262136831,1731656;750473737,1731656;US$
2021;OUT;Outubro;10;ÓLEO DIESEL;11655508,68493738;994665640,0;24606246,93051777;24606246,93051777;producao_brasil;44,39448079498999;477225383,53070825;1471891023,5307083;US$
2021;NOV;Novembro;11;ÓLEO DIESEL;7140950,586034845;667324247,0;22711361,542128183;22711361,542128183;producao_brasil;41,37395724158963;371874862,78909;1039199109,7890899;US$
2021;DEZ;Dezembro;12;ÓLEO DIESEL;7235186,578618833;669483911,0;22769887,488270413;22769887,488270413;producao_brasil;41,28405400517596;370786077,5507758;1040269988,5507758;US$
2022;JAN;Janeiro;1;ÓLEO DIESEL;8774905,52961093;806804759,0;23673447,48952059;23673447,48952059;producao_brasil;43,10360360704216;428574709,36240816;1235379468,3624082;US$
2022;FEV;Fevereiro;2;ÓLEO DIESEL;3535093,1836411427;342948252,0;21837872,95895294;21837872,95895294;producao_brasil;35,03315579969259;219102781,7310686;562051033,7310686;US$
2022;MAR;Março;3;ÓLEO DIESEL;7499551,066804834;866756379,0;24325650,19757876;24325650,19757876;producao_brasil;46,34370170001297;519199421,47598267;1385955800,4759827;US$
2022;ABR;Abril;4;ÓLEO DIESEL;9796984,379358072;1438433406,0;23950599,809287023;23950599,809287023;producao_brasil;60,365755066924855;847031046,561182;2285464452,561182;US$
2022;MAI;Maio;5;ÓLEO DIESEL;9108734,559631024;1381759387,0;24185111,173543938;24185111,173543938;producao_brasil;59,662292612814745;838311400,3708354;2220070787,3708353;US$
2022;JUN;Junho;6;ÓLEO DIESEL;6037179,654056226;1009214055,0;24317531,66306012;24317531,66306012;producao_brasil;53,27516805157777;687582294,3725884;1696796349,3725884;US$
2022;JUL;Julho;7;ÓLEO DIESEL;8410438,490638858;1365707457,0;26036759,10600286;26036759,10600286;producao_brasil;58,54253975210668;873339027,3291265;2239046484,3291264;US$
2022;AGO;Agosto;8;ÓLEO DIESEL;11616031,239086825;1748231212,0;24607618,92677307;24607618,92677307;producao_brasil;65,24526585111533;990340165,6709197;2738571377,6709194;US$
2022;SET;Setembro;9;ÓLEO DIESEL;12570176,381923702;1799455665,0;22400115,0871134;22400115,0871134;producao_brasil;67,47037107960377;951341199,975537;2750796864,975537;US$
2022;OUT;Outubro;10;ÓLEO DIESEL;9178285,286837855;1402017922,0;23667641,09544776;23667641,09544776;producao_brasil;60,69881927463115;844906842,1232227;2246924764,123223;US$
2022;NOV;Novembro;11;ÓLEO DIESEL;4273110,458572845;614038871,0;23806797,9463147;23806797,9463147;producao_brasil;43,0631326221632;430025348,613325;1044064219,613325;US$
2022;DEZ;Dezembro;12;ÓLEO DIESEL;9407839,51795068;1181537428,0;23562327,271744538;23562327,271744538;producao_brasil;53,70296186511895;676308581,1343358;1857846009,1343358;US$
2023;JAN;Janeiro;1;ÓLEO DIESEL;4665708,148619083;585100572,0;23299351,284275282;23299351,284275282;producao_brasil;41,75154202366871;390300062,162757;975400634,1627569;US$
2023;FEV;Fevereiro;2;ÓLEO DIESEL;6479300,627385343;768434415,0;20656467,46942528;20656467,46942528;producao_brasil;47,34880166840183;461647294,6439799;1230081709,64398;US$
2023;MAR;Março;3;ÓLEO DIESEL;10808451,892826678;1160416791,0;23332529,63576725;23332529,63576725;producao_brasil;51,07439662898279;608381632,0804907;1768798423,0804906;US$
2023;ABR;Abril;4;ÓLEO DIESEL;5864586,458966369;567880350,0;23654232,85587836;23654232,85587836;producao_brasil;39,271088692019276;337571655,0279165;905452005,0279164;US$
2023;MAI;Maio;5;ÓLEO DIESEL;8573720,28095619;752551636,0;25523164,13581901;25523164,13581901;producao_brasil;40,78468643637434;402875142,74801844;1155426778,7480185;US$
2023;JUN;Junho;6;ÓLEO DIESEL;6793248,638760714;580802433,0;25526533,297704753;25526533,297704753;producao_brasil;37,71577938981375;324589766,00034845;905392199,0003484;US$
2023;JUL;Julho;7;ÓLEO DIESEL;6673126,768388608;681163753,0;26201490,613661062;26201490,613661062;producao_brasil;40,645370950267676;409932040,100684;1091095793,100684;US$
2023;AGO;Agosto;8;ÓLEO DIESEL;8257929,115639012;879229255,0;27023227,15592072;27023227,15592072;producao_brasil;44,06913202987499;515309486,5095555;1394538741,5095556;US$
2023;SET;Setembro;9;ÓLEO DIESEL;7141006,617758929;848716145,0;24960840,65525601;24960840,65525601;producao_brasil;45,87702224287244;521108025,5605745;1369824170,5605745;US$
2023;OUT;Outubro;10;ÓLEO DIESEL;7651925,218377547;947359884,0;27109447,74560452;27109447,74560452;producao_brasil;46,75005441597354;589631963,6538894;1536991847,6538894;US$
2023;NOV;Novembro;11;ÓLEO DIESEL;6452938,513637927;720748026,0;24451632,36839103;24451632,36839103;producao_brasil;43,10167710448158;442615553,81010467;1163363579,8101046;US$
2023;DEZ;Dezembro;12;ÓLEO DIESEL;11814567,549235798;1198239390,0;26120263,69283056;26120263,69283056;producao_brasil;48,80069112493894;621680328,2550172;1819919718,2550173;US$
2024;JAN;Janeiro;1;ÓLEO DIESEL;6584149,670969882;637827241,0;25113149,17805264;25113149,17805264;producao_brasil;39,92945823174918;374925711,72142315;1012752952,7214231;US$
2024;FEV;Fevereiro;2;ÓLEO DIESEL;5391791,512450238;560692836,0;23750373,21812974;23750373,21812974;producao_brasil;39,614495941745645;347099733,0113015;907792569,0113015;US$
2024;MAR;Março;3;ÓLEO DIESEL;7793799,505578238;804040599,0;24682060,652167972;24682060,652167972;producao_brasil;43,75841343082139;462996298,0379759;1267036897,0379758;US$
2024;ABR;Abril;4;ÓLEO DIESEL;7447163,546317464;727295648,0;24157065,747298673;24157065,747298673;producao_brasil;42,121650216965286;413608829,993481;1140904477,993481;US$
2024;MAI;Maio;5;ÓLEO DIESEL;6723638,56270381;615817797,0;24844375,7594898;24844375,7594898;producao_brasil;39,18292669164289;352365960,0964735;968183757,0964735;US$
2024;JUN;Junho;6;ÓLEO DIESEL;9524180,336432107;846512022,0;25716771,79637823;25716771,79637823;producao_brasil;42,26421894891859;443979978,9520482;1290492000,9520483;US$
2024;JUL;Julho;7;ÓLEO DIESEL;7849779,166508082;736314005,0;25666176,75972234;25666176,75972234;producao_brasil;41,113803438159614;413579727,31522626;1149893732,3152263;US$
2024;AGO;Agosto;8;ÓLEO DIESEL;7964095,370029202;717712051,0;26294642,410429798;26294642,410429798;producao_brasil;40,13802610220748;398048983,1572982;1115761034,157298;US$
2024;SET;Setembro;9;ÓLEO DIESEL;10036578,824513558;863917559,0;26409941,57796985;26409941,57796985;producao_brasil;41,81924863108172;444195373,7322176;1308112932,7322176;US$
2024;OUT;Outubro;10;ÓLEO DIESEL;9368439,968401821;832868019,0;28282126,62065217;28282126,62065217;producao_brasil;40,90034557312612;449695586,811279;1282563605,811279;US$
2024;NOV;Novembro;11;ÓLEO DIESEL;5248509,603210893;471051301,0;25903020,46100498;25903020,46100498;producao_brasil;35,909209281829284;282581471,2406094;753632772,2406094;US$
2024;DEZ;Dezembro;12;ÓLEO DIESEL;6132915,429371107;545443014,0;26866838,76044721;26866838,76044721;producao_brasil;36,88251663967565;319245658,62649673;864688672,6264968;US$
2025;JAN;Janeiro;1;ÓLEO DIESEL;7830801,312164274;724824768,0;24051465,2026066;24051465,2026066;producao_brasil;41,59401269200184;399110318,8332945;1123935086,8332944;US$
2025;FEV;Fevereiro;2;ÓLEO DIESEL;6751965,740389;638933193,0;22394742,4572076;22394742,4572076;producao_brasil;41,1299192451874;361225387,3515283;1000158580,3515283;US$
2025;MAR;Março;3;ÓLEO DIESEL;8156210,353246228;709015067,0;25128441,693742603;25128441,693742603;producao_brasil;40,175457068193694;381335588,1139993;1090350655,1139994;US$
2025;ABR;Abril;4;ÓLEO DIESEL;9161402,0964693;739467764,0;24060030,70989327;24060030,70989327;producao_brasil;40,364560419877776;369671795,54626995;1109139559,54627;US$
2025;MAI;Maio;5;ÓLEO DIESEL;9177071,053993095;735063110,0;23944400,710926842;23944400,710926842;producao_brasil;40,266119127765;365538073,69595015;1100601183,69595;US$
2025;JUN;Junho;6;ÓLEO DIESEL;8132290,490355252;687861173,0;24889048,07832672;24889048,07832672;producao_brasil;39,67396331415463;365220978,4255972;1053082151,4255972;US$
2025;JUL;Julho;7;ÓLEO DIESEL;10868396,328002153;996161881,0;26173777,943524033;26173777,943524033;producao_brasil;44,55749053739598;511893414,45837486;1508055295,458375;US$
2025;AGO;Agosto;8;ÓLEO DIESEL;8133625,068231344;736730741,0;27291562,53324573;27291562,53324573;producao_brasil;40,05680422344402;410923714,0149609;1147654455,0149608;US$
2025;SET;Setembro;9;ÓLEO DIESEL;10994858,716223452;990603847,0;26779840,83201494;26779840,83201494;producao_brasil;43,94740097615922;507408382,3219085;1498012229,3219085;US$
2025;OUT;Outubro;10;ÓLEO DIESEL;10059365,158812368;896181603,0;25266439,43955331;25266439,43955331;producao_brasil;43,250043597294805;461113621,3202568;1357295224,3202567;US$
2025;NOV;Novembro;11;ÓLEO DIESEL;8617533,487524346;821300179,0;23442843,65714655;23442843,65714655;producao_brasil;43,89752697162511;443011770,3025176;1264311949,3025177;US$
2025;DEZ;Dezembro;12;ÓLEO DIESEL;9625531,122476285;815525053,0;24398177,93379066;24398177,93379066;producao_brasil;41,896652095965486;412247524,32272285;1227772577,322723;US$
2026;JAN;Janeiro;1;ÓLEO DIESEL;8312761,148319274;659223925,0;23228847,67181948;23228847,67181948;producao_brasil;39,311410012916156;332437563,1589814;991661488,1589813;US$
2026;FEV;Fevereiro;2;ÓLEO DIESEL;8686194,251543393;783691312,0;23627058,17206006;23627058,17206006;producao_brasil;42,532634854719376;414244583,6219425;1197935895,6219425;US$
2026;MAR;Março;3;ÓLEO DIESEL;6536189,248226751;762413171,0;27934133,38478907;27934133,38478907;producao_brasil;42,37751184320504;485425733,72384137;1247838904,7238414;US$
2026;ABR;Abril;4;ÓLEO DIESEL;7480238,564617547;1056626147,0;26589485,10386268;26589485,10386268;producao_brasil;50,52472075636747;678689182,3316875;1735315329,3316875;US$
2026;MAI;Maio;5;ÓLEO DIESEL;8790999,303897275;1337369244,0;27763675,86054003;27763675,86054003;producao_brasil;55,57322370873739;848825073,0611624;2186194317,0611625;US$
2026;JUN;Junho;6;ÓLEO DIESEL;3637029,064284833;481008945,0;25652122,707621377;25652122,707621377;producao_brasil;38,318351498558656;341643986,9042597;822652931,9042597;US$
2026;JUL;Julho;7;ÓLEO DIESEL;9323273,906069227;1232008983,0;28064905,62959475;28064905,62959475;producao_brasil;51,71772596992611;749830457,9833491;1981839440,983349;US$
2026;AGO;Agosto;8;ÓLEO DIESEL;0,0;0,0;0,0;0,0;producao_brasil;;;;US$
2026;SET;Setembro;9;ÓLEO DIESEL;0,0;0,0;0,0;0,0;producao_brasil;;;;US$
2026;OUT;Outubro;10;ÓLEO DIESEL;0,0;0,0;0,0;0,0;producao_brasil;;;;US$
2026;NOV;Novembro;11;ÓLEO DIESEL;0,0;0,0;0,0;0,0;producao_brasil;;;;US$
2026;DEZ;Dezembro;12;ÓLEO DIESEL;0,0;0,0;0,0;0,0;producao_brasil;;;;US$
