ano;mes;mes_nome;mes_ordem;produto;unidade;volume_barris
2000;JAN;Janeiro;1;ASFALTO;b;39,408078807692306
2000;FEV;Fevereiro;2;ASFALTO;b;316,1899582788461
2000;MAR;Março;3;ASFALTO;b;938,1372572884615
2000;ABR;Abril;4;ASFALTO;b;3219,8807447788463
2000;MAI;Maio;5;ASFALTO;b;1377,389767375
2000;JUN;Junho;6;ASFALTO;b;729,1583200384615
2000;JUL;Julho;7;ASFALTO;b;267,5951281346154
2000;AGO;Agosto;8;ASFALTO;b;230,0437528557692
2000;SET;Setembro;9;ASFALTO;b;823,5417574038463
2000;OUT;Outubro;10;ASFALTO;b;509,5229931538462
2000;NOV;Novembro;11;ASFALTO;b;158,19476939423078
2000;DEZ;Dezembro;12;ASFALTO;b;216,23036243269232
2001;JAN;Janeiro;1;ASFALTO;b;941,2700665000001
2001;FEV;Fevereiro;2;ASFALTO;b;720,5340228653846
2001;MAR;Março;3;ASFALTO;b;920,0540535384616
2001;ABR;Abril;4;ASFALTO;b;94,75840680769231
2001;MAI;Maio;5;ASFALTO;b;1079,3434917884615
2001;JUN;Junho;6;ASFALTO;b;370,3428032211539
2001;JUL;Julho;7;ASFALTO;b;195,44374996153846
2001;AGO;Agosto;8;ASFALTO;b;211,5553401923077
2001;SET;Setembro;9;ASFALTO;b;259,1643635769231
2001;OUT;Outubro;10;ASFALTO;b;198,21973341346157
2001;NOV;Novembro;11;ASFALTO;b;237,06535805769232
2001;DEZ;Dezembro;12;ASFALTO;b;315,13157678846153
2002;JAN;Janeiro;1;ASFALTO;b;359,93437725
2002;FEV;Fevereiro;2;ASFALTO;b;82,34812784615384
2002;MAR;Março;3;ASFALTO;b;696,6932238076923
2002;ABR;Abril;4;ASFALTO;b;520,9656090384615
2002;MAI;Maio;5;ASFALTO;b;353,5901362019231
2002;JUN;Junho;6;ASFALTO;b;401,44712325
2002;JUL;Julho;7;ASFALTO;b;1020,6849656442307
2002;AGO;Agosto;8;ASFALTO;b;335,57950718269234
2002;SET;Setembro;9;ASFALTO;b;1256,280685403846
2002;OUT;Outubro;10;ASFALTO;b;159,60997664423076
2002;NOV;Novembro;11;ASFALTO;b;72,68359286538463
2002;DEZ;Dezembro;12;ASFALTO;b;460,08145781730775
2003;JAN;Janeiro;1;ASFALTO;b;217,33287880000006
2003;FEV;Fevereiro;2;ASFALTO;b;520,3544472
2003;MAR;Março;3;ASFALTO;b;182,3001712
2003;ABR;Abril;4;ASFALTO;b;573,2686244000001
2003;MAI;Maio;5;ASFALTO;b;330,59241360000004
2003;JUN;Junho;6;ASFALTO;b;217,85447280000002
2003;JUL;Julho;7;ASFALTO;b;1134,6387691999998
2003;AGO;Agosto;8;ASFALTO;b;361,69782519999995
2003;SET;Setembro;9;ASFALTO;b;1502,1539016
2003;OUT;Outubro;10;ASFALTO;b;874,8235932000001
2003;NOV;Novembro;11;ASFALTO;b;1011,9905424000001
2003;DEZ;Dezembro;12;ASFALTO;b;426,81116560000004
2004;JAN;Janeiro;1;ASFALTO;b;914,8636032000002
2004;FEV;Fevereiro;2;ASFALTO;b;361,2253224
2004;MAR;Março;3;ASFALTO;b;1409,7213084000005
2004;ABR;Abril;4;ASFALTO;b;1543,2493724000003
2004;MAI;Maio;5;ASFALTO;b;3064,8433892000007
2004;JUN;Junho;6;ASFALTO;b;3843,6998228
2004;JUL;Julho;7;ASFALTO;b;4952,111618399999
2004;AGO;Agosto;8;ASFALTO;b;2511,3339728000005
2004;SET;Setembro;9;ASFALTO;b;1436,3594208
2004;OUT;Outubro;10;ASFALTO;b;2063,4749552000003
2004;NOV;Novembro;11;ASFALTO;b;3383,3593676000005
2004;DEZ;Dezembro;12;ASFALTO;b;2429,8425808
2005;JAN;Janeiro;1;ASFALTO;b;3042,5437116000007
2005;FEV;Fevereiro;2;ASFALTO;b;2464,7525604
2005;MAR;Março;3;ASFALTO;b;3350,6707648
2005;ABR;Abril;4;ASFALTO;b;1715,6392576000003
2005;MAI;Maio;5;ASFALTO;b;2853,7696384
2005;JUN;Junho;6;ASFALTO;b;2540,1136888000005
2005;JUL;Julho;7;ASFALTO;b;1891,1709796000002
2005;AGO;Agosto;8;ASFALTO;b;3816,3867064
2005;SET;Setembro;9;ASFALTO;b;4208,159028
2005;OUT;Outubro;10;ASFALTO;b;3108,9702416000005
2005;NOV;Novembro;11;ASFALTO;b;7390,581977600002
2005;DEZ;Dezembro;12;ASFALTO;b;4514,7581176
2006;JAN;Janeiro;1;ASFALTO;b;6750,954323600001
2006;FEV;Fevereiro;2;ASFALTO;b;3351,8366808000005
2006;MAR;Março;3;ASFALTO;b;5269,7746372
2006;ABR;Abril;4;ASFALTO;b;4285,207666400001
2006;MAI;Maio;5;ASFALTO;b;3034,9591212
2006;JUN;Junho;6;ASFALTO;b;7523,950495200002
2006;JUL;Julho;7;ASFALTO;b;4063,8002180000003
2006;AGO;Agosto;8;ASFALTO;b;3784,0233328
2006;SET;Setembro;9;ASFALTO;b;2651,9373060000003
2006;OUT;Outubro;10;ASFALTO;b;3802,6043520000003
2006;NOV;Novembro;11;ASFALTO;b;1755,4767664
2006;DEZ;Dezembro;12;ASFALTO;b;3920,5827784
2007;JAN;Janeiro;1;ASFALTO;b;3885,1512047999995
2007;FEV;Fevereiro;2;ASFALTO;b;4374,5229684000005
2007;MAR;Março;3;ASFALTO;b;3072,0904775999998
2007;ABR;Abril;4;ASFALTO;b;3868,889744799999
2007;MAI;Maio;5;ASFALTO;b;3096,059256
2007;JUN;Junho;6;ASFALTO;b;3860,5381044
2007;JUL;Julho;7;ASFALTO;b;3555,6203883999997
2007;AGO;Agosto;8;ASFALTO;b;3735,3739536000003
2007;SET;Setembro;9;ASFALTO;b;4435,684467200001
2007;OUT;Outubro;10;ASFALTO;b;6252,8259172
2007;NOV;Novembro;11;ASFALTO;b;5431,039229200001
2007;DEZ;Dezembro;12;ASFALTO;b;3714,3199652
2008;JAN;Janeiro;1;ASFALTO;b;4441,7595032
2008;FEV;Fevereiro;2;ASFALTO;b;1722,6654355999997
2008;MAR;Março;3;ASFALTO;b;1661,1787076
2008;ABR;Abril;4;ASFALTO;b;1841,3925028
2008;MAI;Maio;5;ASFALTO;b;3159,7182696
2008;JUN;Junho;6;ASFALTO;b;1327,5549124
2008;JUL;Julho;7;ASFALTO;b;2082,1971116
2008;AGO;Agosto;8;ASFALTO;b;960,9970584
2008;SET;Setembro;9;ASFALTO;b;2432,7266888000004
2008;OUT;Outubro;10;ASFALTO;b;2622,666678
2008;NOV;Novembro;11;ASFALTO;b;3779,470124
2008;DEZ;Dezembro;12;ASFALTO;b;4471,349224
2009;JAN;Janeiro;1;ASFALTO;b;4667,437886
2009;FEV;Fevereiro;2;ASFALTO;b;894,3802999999999
2009;MAR;Março;3;ASFALTO;b;661,430283261364
2009;ABR;Abril;4;ASFALTO;b;845,9102570900001
2009;MAI;Maio;5;ASFALTO;b;363,551018
2009;JUN;Junho;6;ASFALTO;b;1194,1495764
2009;JUL;Julho;7;ASFALTO;b;973,2514492000001
2009;AGO;Agosto;8;ASFALTO;b;670,5980648000001
2009;SET;Setembro;9;ASFALTO;b;859,6237304000001
2009;OUT;Outubro;10;ASFALTO;b;662,6023356000001
2009;NOV;Novembro;11;ASFALTO;b;78739,05705360002
2009;DEZ;Dezembro;12;ASFALTO;b;95136,16831200002
2010;JAN;Janeiro;1;ASFALTO;b;89397,06953000001
2010;FEV;Fevereiro;2;ASFALTO;b;102758,5159812
2010;MAR;Março;3;ASFALTO;b;129246,88794839998
2010;ABR;Abril;4;ASFALTO;b;81833,50857279998
2010;MAI;Maio;5;ASFALTO;b;107906,64876120002
2010;JUN;Junho;6;ASFALTO;b;89964,3306188
2010;JUL;Julho;7;ASFALTO;b;165761,775468
2010;AGO;Agosto;8;ASFALTO;b;302717,6386444001
2010;SET;Setembro;9;ASFALTO;b;166702,1112676
2010;OUT;Outubro;10;ASFALTO;b;138308,19687200003
2010;NOV;Novembro;11;ASFALTO;b;131740,7515904
2010;DEZ;Dezembro;12;ASFALTO;b;65175,01122
2011;JAN;Janeiro;1;ASFALTO;b;520,6612672
2011;FEV;Fevereiro;2;ASFALTO;b;33367,44205
2011;MAR;Março;3;ASFALTO;b;44248,813350000004
2011;ABR;Abril;4;ASFALTO;b;64432,81364
2011;MAI;Maio;5;ASFALTO;b;34329,78298
2011;JUN;Junho;6;ASFALTO;b;32254,14568
2011;JUL;Julho;7;ASFALTO;b;503,1848
2011;AGO;Agosto;8;ASFALTO;b;76334,8278064
2011;SET;Setembro;9;ASFALTO;b;65640,45716
2011;OUT;Outubro;10;ASFALTO;b;104725,3365
2011;NOV;Novembro;11;ASFALTO;b;43538,06482
2011;DEZ;Dezembro;12;ASFALTO;b;72694,6048712
2012;JAN;Janeiro;1;ASFALTO;b;35216,64619
2012;FEV;Fevereiro;2;ASFALTO;b;32876,83687
2012;MAR;Março;3;ASFALTO;b;78937,84573160001
2012;ABR;Abril;4;ASFALTO;b;65371,866932000004
2012;MAI;Maio;5;ASFALTO;b;111248,21924480001
2012;JUN;Junho;6;ASFALTO;b;141082,0521732
2012;JUL;Julho;7;ASFALTO;b;63872,492819600004
2012;AGO;Agosto;8;ASFALTO;b;44920,503694
2012;SET;Setembro;9;ASFALTO;b;43971,0860224
2012;OUT;Outubro;10;ASFALTO;b;737,5277795999999
2012;NOV;Novembro;11;ASFALTO;b;33061,4750096
2012;DEZ;Dezembro;12;ASFALTO;b;832,4026600000001
2013;JAN;Janeiro;1;ASFALTO;b;840,3677072000002
2013;FEV;Fevereiro;2;ASFALTO;b;847,8479788000001
2013;MAR;Março;3;ASFALTO;b;44822,750842
2013;ABR;Abril;4;ASFALTO;b;955,3392976000001
2013;MAI;Maio;5;ASFALTO;b;154812,62149360002
2013;JUN;Junho;6;ASFALTO;b;88631,0688544
2013;JUL;Julho;7;ASFALTO;b;1081,7061828
2013;AGO;Agosto;8;ASFALTO;b;1093,2180692
2013;SET;Setembro;9;ASFALTO;b;44696,739868
2013;OUT;Outubro;10;ASFALTO;b;35270,984012
2013;NOV;Novembro;11;ASFALTO;b;81085,26050240001
2013;DEZ;Dezembro;12;ASFALTO;b;79104,30785440002
2014;JAN;Janeiro;1;ASFALTO;b;553,9696464
2014;FEV;Fevereiro;2;ASFALTO;b;490,56222520000006
2014;MAR;Março;3;ASFALTO;b;1398,1235124000002
2014;ABR;Abril;4;ASFALTO;b;1669,1867096
2014;MAI;Maio;5;ASFALTO;b;781,2373568
2014;JUN;Junho;6;ASFALTO;b;574,5388592
2014;JUL;Julho;7;ASFALTO;b;83093,0353548
2014;AGO;Agosto;8;ASFALTO;b;697,09504
2014;SET;Setembro;9;ASFALTO;b;1194,8552624000001
2014;OUT;Outubro;10;ASFALTO;b;33026,09866360002
2014;NOV;Novembro;11;ASFALTO;b;812,7170888
2014;DEZ;Dezembro;12;ASFALTO;b;43986,19383920001
2015;JAN;Janeiro;1;ASFALTO;b;44451,0015936
2015;FEV;Fevereiro;2;ASFALTO;b;523,6067392
2015;MAR;Março;3;ASFALTO;b;522,3242316
2015;ABR;Abril;4;ASFALTO;b;532,7315659999999
2015;MAI;Maio;5;ASFALTO;b;667,2169084000001
2015;JUN;Junho;6;ASFALTO;b;403,345572
2015;JUL;Julho;7;ASFALTO;b;474,27621960000005
2015;AGO;Agosto;8;ASFALTO;b;579,6013892000001
2015;SET;Setembro;9;ASFALTO;b;303,84998240000004
2015;OUT;Outubro;10;ASFALTO;b;908,5062928
2015;NOV;Novembro;11;ASFALTO;b;686,8902068
2015;DEZ;Dezembro;12;ASFALTO;b;623,1023288
2016;JAN;Janeiro;1;ASFALTO;b;448,20265599999993
2016;FEV;Fevereiro;2;ASFALTO;b;630,5335092
2016;MAR;Março;3;ASFALTO;b;899,1973740000001
2016;ABR;Abril;4;ASFALTO;b;331,488328
2016;MAI;Maio;5;ASFALTO;b;61,23513560000001
2016;JUN;Junho;6;ASFALTO;b;331,67242000000005
2016;JUL;Julho;7;ASFALTO;b;266,01294
2016;AGO;Agosto;8;ASFALTO;b;680,3058496
2016;SET;Setembro;9;ASFALTO;b;345,8413676
2016;OUT;Outubro;10;ASFALTO;b;326,64670839999997
2016;NOV;Novembro;11;ASFALTO;b;824,9346612
2016;DEZ;Dezembro;12;ASFALTO;b;309,6550168
2017;JAN;Janeiro;1;ASFALTO;b;595,2860276
2017;FEV;Fevereiro;2;ASFALTO;b;385,1695552
2017;MAR;Março;3;ASFALTO;b;1356,0584904000002
2017;ABR;Abril;4;ASFALTO;b;909,8869827999998
2017;MAI;Maio;5;ASFALTO;b;391,04822640000003
2017;JUN;Junho;6;ASFALTO;b;1223,6165692000002
2017;JUL;Julho;7;ASFALTO;b;643,7942695999999
2017;AGO;Agosto;8;ASFALTO;b;287,25102039999996
2017;SET;Setembro;9;ASFALTO;b;354,08868920000003
2017;OUT;Outubro;10;ASFALTO;b;965,071628
2017;NOV;Novembro;11;ASFALTO;b;737,1657319999999
2017;DEZ;Dezembro;12;ASFALTO;b;1514,8869316
2018;JAN;Janeiro;1;ASFALTO;b;184,920414
2018;FEV;Fevereiro;2;ASFALTO;b;830,1996924000001
2018;MAR;Março;3;ASFALTO;b;1066,0890448
2018;ABR;Abril;4;ASFALTO;b;241,46734
2018;MAI;Maio;5;ASFALTO;b;483,10649920000003
2018;JUN;Junho;6;ASFALTO;b;1193,4807088
2018;JUL;Julho;7;ASFALTO;b;466,56890119999997
2018;AGO;Agosto;8;ASFALTO;b;702,9859839999999
2018;SET;Setembro;9;ASFALTO;b;531,2833756
2018;OUT;Outubro;10;ASFALTO;b;502,25206719999994
2018;NOV;Novembro;11;ASFALTO;b;694,2170684
2018;DEZ;Dezembro;12;ASFALTO;b;723,0704212
2019;JAN;Janeiro;1;ASFALTO;b;669,5794224
2019;FEV;Fevereiro;2;ASFALTO;b;1048,7537148000001
2019;MAR;Março;3;ASFALTO;b;745,8916928000001
2019;ABR;Abril;4;ASFALTO;b;1519,2437756
2019;MAI;Maio;5;ASFALTO;b;1596,5440064000002
2019;JUN;Junho;6;ASFALTO;b;1169,5119304
2019;JUL;Julho;7;ASFALTO;b;10027,2273748
2019;AGO;Agosto;8;ASFALTO;b;1498,6377444000002
2019;SET;Setembro;9;ASFALTO;b;4151,88824
2019;OUT;Outubro;10;ASFALTO;b;7930,296766800001
2019;NOV;Novembro;11;ASFALTO;b;3938,5010664000006
2019;DEZ;Dezembro;12;ASFALTO;b;5703,0228864
2020;JAN;Janeiro;1;ASFALTO;b;7636,5411624
2020;FEV;Fevereiro;2;ASFALTO;b;13710,546247200002
2020;MAR;Março;3;ASFALTO;b;13231,857956000002
2020;ABR;Abril;4;ASFALTO;b;26349,296597600005
2020;MAI;Maio;5;ASFALTO;b;37729,0908512
2020;JUN;Junho;6;ASFALTO;b;10758,3917076
2020;JUL;Julho;7;ASFALTO;b;20632,4668112
2020;AGO;Agosto;8;ASFALTO;b;6021,2259084
2020;SET;Setembro;9;ASFALTO;b;12668,0946152
2020;OUT;Outubro;10;ASFALTO;b;18392,0119436
2020;NOV;Novembro;11;ASFALTO;b;18618,0646468
2020;DEZ;Dezembro;12;ASFALTO;b;16996,1588992
2021;JAN;Janeiro;1;ASFALTO;b;10865,0668852
2021;FEV;Fevereiro;2;ASFALTO;b;27348,860930000006
2021;MAR;Março;3;ASFALTO;b;26229,4158872
2021;ABR;Abril;4;ASFALTO;b;36962,421308
2021;MAI;Maio;5;ASFALTO;b;43180,502928400005
2021;JUN;Junho;6;ASFALTO;b;44370,9829376
2021;JUL;Julho;7;ASFALTO;b;22700,3292924
2021;AGO;Agosto;8;ASFALTO;b;56840,577285600004
2021;SET;Setembro;9;ASFALTO;b;55013,8262332
2021;OUT;Outubro;10;ASFALTO;b;33980,6034108
2021;NOV;Novembro;11;ASFALTO;b;36804,5931
2021;DEZ;Dezembro;12;ASFALTO;b;9336,238052800001
2022;JAN;Janeiro;1;ASFALTO;b;19113,1248532
2022;FEV;Fevereiro;2;ASFALTO;b;33775,5249228
2022;MAR;Março;3;ASFALTO;b;39753,1701184
2022;ABR;Abril;4;ASFALTO;b;40379,9911056
2022;MAI;Maio;5;ASFALTO;b;33827,346820800005
2022;JUN;Junho;6;ASFALTO;b;8827,5918568
2022;JUL;Julho;7;ASFALTO;b;21801,297601199996
2022;AGO;Agosto;8;ASFALTO;b;19193,953514
2022;SET;Setembro;9;ASFALTO;b;34412,127331600015
2022;OUT;Outubro;10;ASFALTO;b;9104,7791812
2022;NOV;Novembro;11;ASFALTO;b;56926,6096136
2022;DEZ;Dezembro;12;ASFALTO;b;17474,7428716
2023;JAN;Janeiro;1;ASFALTO;b;84670,783568
2023;FEV;Fevereiro;2;ASFALTO;b;31784,3674416
2023;MAR;Março;3;ASFALTO;b;124318,75738120002
2023;ABR;Abril;4;ASFALTO;b;15178,765856799999
2023;MAI;Maio;5;ASFALTO;b;93566,28082720001
2023;JUN;Junho;6;ASFALTO;b;35896,51021880001
2023;JUL;Julho;7;ASFALTO;b;47716,12480600001
2023;AGO;Agosto;8;ASFALTO;b;106247,2496096
2023;SET;Setembro;9;ASFALTO;b;54131,497822799996
2023;OUT;Outubro;10;ASFALTO;b;68077,1418268
2023;NOV;Novembro;11;ASFALTO;b;60230,8032848
2023;DEZ;Dezembro;12;ASFALTO;b;206159,94872680004
2024;JAN;Janeiro;1;ASFALTO;b;132714,2055408
2024;FEV;Fevereiro;2;ASFALTO;b;101043,78491080001
2024;MAR;Março;3;ASFALTO;b;117155,74379760001
2024;ABR;Abril;4;ASFALTO;b;14399,068736400002
2024;MAI;Maio;5;ASFALTO;b;119979,88076039999
2024;JUN;Junho;6;ASFALTO;b;65904,6721348
2024;JUL;Julho;7;ASFALTO;b;292751,47458599997
2024;AGO;Agosto;8;ASFALTO;b;307051,434326
2024;SET;Setembro;9;ASFALTO;b;203366,7821748
2024;OUT;Outubro;10;ASFALTO;b;242122,81183880003
2024;NOV;Novembro;11;ASFALTO;b;256113,97565800004
2024;DEZ;Dezembro;12;ASFALTO;b;83249,7099196
2025;JAN;Janeiro;1;ASFALTO;b;148575,16112200002
2025;FEV;Fevereiro;2;ASFALTO;b;118496,4858336
2025;MAR;Março;3;ASFALTO;b;54942,9692224
2025;ABR;Abril;4;ASFALTO;b;109166,86895640002
2025;MAI;Maio;5;ASFALTO;b;268826,3382628
2025;JUN;Junho;6;ASFALTO;b;149794,1324364
2025;JUL;Julho;7;ASFALTO;b;201517,044168
2025;AGO;Agosto;8;ASFALTO;b;120331,336934
2025;SET;Setembro;9;ASFALTO;b;293089,3693156
2025;OUT;Outubro;10;ASFALTO;b;211690,08467960006
2025;NOV;Novembro;11;ASFALTO;b;98157,64576240002
2025;DEZ;Dezembro;12;ASFALTO;b;149014,159178
2026;JAN;Janeiro;1;ASFALTO;b;212346,28675000003
2026;FEV;Fevereiro;2;ASFALTO;b;176495,3761196
2026;MAR;Março;3;ASFALTO;b;136394,43780400002
2026;ABR;Abril;4;ASFALTO;b;150614,70411719996
2026;MAI;Maio;5;ASFALTO;b;261891,2612572001
2026;JUN;Junho;6;ASFALTO;b;221488,61456280004
2026;JUL;Julho;7;ASFALTO;b;253299,82261799998
2000;JAN;Janeiro;1;COQUE;b;1722607,483054875
2000;FEV;Fevereiro;2;COQUE;b;695955,1750831346
2000;MAR;Março;3;COQUE;b;1029099,0198701635
2000;ABR;Abril;4;COQUE;b;861889,7673586634
2000;MAI;Maio;5;COQUE;b;1162209,4282428655
2000;JUN;Junho;6;COQUE;b;1112659,1275764809
2000;JUL;Julho;7;COQUE;b;1029018,4679669037
2000;AGO;Agosto;8;COQUE;b;1346054,0549128847
2000;SET;Setembro;9;COQUE;b;911037,592759779
2000;OUT;Outubro;10;COQUE;b;1572362,7069143557
2000;NOV;Novembro;11;COQUE;b;1081570,2538695
2000;DEZ;Dezembro;12;COQUE;b;1456652,5196440674
2001;JAN;Janeiro;1;COQUE;b;2100956,4705150384
2001;FEV;Fevereiro;2;COQUE;b;1609067,6854435
2001;MAR;Março;3;COQUE;b;1740084,004390904
2001;ABR;Abril;4;COQUE;b;1870497,009601423
2001;MAI;Maio;5;COQUE;b;2071190,8276825962
2001;JUN;Junho;6;COQUE;b;386441,523533
2001;JUL;Julho;7;COQUE;b;1636794,8431902023
2001;AGO;Agosto;8;COQUE;b;1337743,2624330483
2001;SET;Setembro;9;COQUE;b;1157450,4491347692
2001;OUT;Outubro;10;COQUE;b;1008513,9534742499
2001;NOV;Novembro;11;COQUE;b;1343594,0497429422
2001;DEZ;Dezembro;12;COQUE;b;1515767,4682701058
2002;JAN;Janeiro;1;COQUE;b;1636120,950527644
2002;FEV;Fevereiro;2;COQUE;b;1610751,8667415192
2002;MAR;Março;3;COQUE;b;591190,7389469326
2002;ABR;Abril;4;COQUE;b;1217258,3957212404
2002;MAI;Maio;5;COQUE;b;1153489,622724096
2002;JUN;Junho;6;COQUE;b;911862,452958125
2002;JUL;Julho;7;COQUE;b;1787153,0112996541
2002;AGO;Agosto;8;COQUE;b;506862,1071770289
2002;SET;Setembro;9;COQUE;b;811521,1261239134
2002;OUT;Outubro;10;COQUE;b;1241906,6854250482
2002;NOV;Novembro;11;COQUE;b;1356273,5809556344
2002;DEZ;Dezembro;12;COQUE;b;841609,2184851635
2003;JAN;Janeiro;1;COQUE;b;1183302,1548805097
2003;FEV;Fevereiro;2;COQUE;b;1651363,1862022115
2003;MAR;Março;3;COQUE;b;1705304,0222122597
2003;ABR;Abril;4;COQUE;b;1750058,1915562884
2003;MAI;Maio;5;COQUE;b;712854,4007232595
2003;JUN;Junho;6;COQUE;b;1076829,3095820001
2003;JUL;Julho;7;COQUE;b;1495705,629395673
2003;AGO;Agosto;8;COQUE;b;969526,4694229421
2003;SET;Setembro;9;COQUE;b;1005111,5775210577
2003;OUT;Outubro;10;COQUE;b;1578973,7205769517
2003;NOV;Novembro;11;COQUE;b;1795562,2514017785
2003;DEZ;Dezembro;12;COQUE;b;729317,2768425288
2004;JAN;Janeiro;1;COQUE;b;946546,8663121345
2004;FEV;Fevereiro;2;COQUE;b;677199,7781288557
2004;MAR;Março;3;COQUE;b;1879385,3155013553
2004;ABR;Abril;4;COQUE;b;1026671,9696758847
2004;MAI;Maio;5;COQUE;b;1465926,5965254041
2004;JUN;Junho;6;COQUE;b;1453493,341613683
2004;JUL;Julho;7;COQUE;b;1283037,2831322884
2004;AGO;Agosto;8;COQUE;b;1352948,5091865
2004;SET;Setembro;9;COQUE;b;1346838,4426030386
2004;OUT;Outubro;10;COQUE;b;1628332,3453314807
2004;NOV;Novembro;11;COQUE;b;938464,3878874038
2004;DEZ;Dezembro;12;COQUE;b;1510075,172076423
2005;JAN;Janeiro;1;COQUE;b;1251095,4990935193
2005;FEV;Fevereiro;2;COQUE;b;833747,6152056347
2005;MAR;Março;3;COQUE;b;957362,3518523846
2005;ABR;Abril;4;COQUE;b;1631624,4923644233
2005;MAI;Maio;5;COQUE;b;1355649,2749778752
2005;JUN;Junho;6;COQUE;b;930113,9635566731
2005;JUL;Julho;7;COQUE;b;453743,4823876538
2005;AGO;Agosto;8;COQUE;b;1796955,2628799519
2005;SET;Setembro;9;COQUE;b;1327661,350175625
2005;OUT;Outubro;10;COQUE;b;1294286,257539423
2005;NOV;Novembro;11;COQUE;b;1372558,3949729616
2005;DEZ;Dezembro;12;COQUE;b;1162121,9696443945
2006;JAN;Janeiro;1;COQUE;b;1182991,9402417308
2006;FEV;Fevereiro;2;COQUE;b;1395167,6371368654
2006;MAR;Março;3;COQUE;b;1445322,9207589424
2006;ABR;Abril;4;COQUE;b;1330695,530328048
2006;MAI;Maio;5;COQUE;b;1364485,1335390385
2006;JUN;Junho;6;COQUE;b;745405,0444179231
2006;JUL;Julho;7;COQUE;b;2000348,3045394712
2006;AGO;Agosto;8;COQUE;b;1914308,0763670001
2006;SET;Setembro;9;COQUE;b;1367543,0637721058
2006;OUT;Outubro;10;COQUE;b;1000330,5598863846
2006;NOV;Novembro;11;COQUE;b;1421948,1300954137
2006;DEZ;Dezembro;12;COQUE;b;1043387,9743602884
2007;JAN;Janeiro;1;COQUE;b;1166789,7223159135
2007;FEV;Fevereiro;2;COQUE;b;1924109,692918404
2007;MAR;Março;3;COQUE;b;2469447,094032231
2007;ABR;Abril;4;COQUE;b;1105406,1238933944
2007;MAI;Maio;5;COQUE;b;1268952,0640551157
2007;JUN;Junho;6;COQUE;b;1964958,7430055193
2007;JUL;Julho;7;COQUE;b;1141981,508144962
2007;AGO;Agosto;8;COQUE;b;1919240,333692702
2007;SET;Setembro;9;COQUE;b;1775281,5331872404
2007;OUT;Outubro;10;COQUE;b;1439269,2386933942
2007;NOV;Novembro;11;COQUE;b;2038974,499485221
2007;DEZ;Dezembro;12;COQUE;b;1481513,3021116732
2008;JAN;Janeiro;1;COQUE;b;1715807,363835471
2008;FEV;Fevereiro;2;COQUE;b;1785113,2924434904
2008;MAR;Março;3;COQUE;b;1334360,1429750868
2008;ABR;Abril;4;COQUE;b;2434017,5075342595
2008;MAI;Maio;5;COQUE;b;2498904,034199452
2008;JUN;Junho;6;COQUE;b;1961266,0016024138
2008;JUL;Julho;7;COQUE;b;1646857,166318212
2008;AGO;Agosto;8;COQUE;b;1759357,3369592119
2008;SET;Setembro;9;COQUE;b;2411224,941600433
2008;OUT;Outubro;10;COQUE;b;1622930,7169824233
2008;NOV;Novembro;11;COQUE;b;2056522,7367510386
2008;DEZ;Dezembro;12;COQUE;b;1014188,4567631058
2009;JAN;Janeiro;1;COQUE;b;2397669,2882378944
2009;FEV;Fevereiro;2;COQUE;b;1003065,3995138557
2009;MAR;Março;3;COQUE;b;2259634,182455662
2009;ABR;Abril;4;COQUE;b;1161532,6083995001
2009;MAI;Maio;5;COQUE;b;1925300,3358077214
2009;JUN;Junho;6;COQUE;b;1047176,2422527694
2009;JUL;Julho;7;COQUE;b;1974943,580512644
2009;AGO;Agosto;8;COQUE;b;2140684,966759077
2009;SET;Setembro;9;COQUE;b;1388165,7783096058
2009;OUT;Outubro;10;COQUE;b;1927968,2736292118
2009;NOV;Novembro;11;COQUE;b;1274639,062293452
2009;DEZ;Dezembro;12;COQUE;b;2169975,353967077
2010;JAN;Janeiro;1;COQUE;b;1346333,8305
2010;FEV;Fevereiro;2;COQUE;b;1972195,5262362794
2010;MAR;Março;3;COQUE;b;1556049,479889933
2010;ABR;Abril;4;COQUE;b;1585444,912972827
2010;MAI;Maio;5;COQUE;b;2549367,9660557024
2010;JUN;Junho;6;COQUE;b;2034658,7584495095
2010;JUL;Julho;7;COQUE;b;2329042,526056202
2010;AGO;Agosto;8;COQUE;b;2616698,446779548
2010;SET;Setembro;9;COQUE;b;2251667,865887038
2010;OUT;Outubro;10;COQUE;b;2167000,7939559813
2010;NOV;Novembro;11;COQUE;b;1684502,7073102307
2010;DEZ;Dezembro;12;COQUE;b;2290673,32428
2011;JAN;Janeiro;1;COQUE;b;2366999,8783310773
2011;FEV;Fevereiro;2;COQUE;b;1919876,4451600001
2011;MAR;Março;3;COQUE;b;3050042,08558
2011;ABR;Abril;4;COQUE;b;1972251,69303
2011;MAI;Maio;5;COQUE;b;2053239,2865900001
2011;JUN;Junho;6;COQUE;b;2441830,0382
2011;JUL;Julho;7;COQUE;b;2040647,08697
2011;AGO;Agosto;8;COQUE;b;3080956,779933135
2011;SET;Setembro;9;COQUE;b;2826099,69034
2011;OUT;Outubro;10;COQUE;b;2007122,39967
2011;NOV;Novembro;11;COQUE;b;2345174,52793
2011;DEZ;Dezembro;12;COQUE;b;1875937,4678506001
2012;JAN;Janeiro;1;COQUE;b;1647898,77095
2012;FEV;Fevereiro;2;COQUE;b;2680968,6144
2012;MAR;Março;3;COQUE;b;1717375,0747863946
2012;ABR;Abril;4;COQUE;b;1333896,8440375384
2012;MAI;Maio;5;COQUE;b;1547717,3927745095
2012;JUN;Junho;6;COQUE;b;1877027,1750139424
2012;JUL;Julho;7;COQUE;b;2363508,816056885
2012;AGO;Agosto;8;COQUE;b;2163257,4316781634
2012;SET;Setembro;9;COQUE;b;2107615,782660962
2012;OUT;Outubro;10;COQUE;b;1949515,9107751062
2012;NOV;Novembro;11;COQUE;b;2383948,8962844037
2012;DEZ;Dezembro;12;COQUE;b;1582481,0758782018
2013;JAN;Janeiro;1;COQUE;b;1171999,7231362695
2013;FEV;Fevereiro;2;COQUE;b;1065531,1718426635
2013;MAR;Março;3;COQUE;b;2736369,9624357307
2013;ABR;Abril;4;COQUE;b;1965136,6236706346
2013;MAI;Maio;5;COQUE;b;2204802,340379683
2013;JUN;Junho;6;COQUE;b;959335,6466862115
2013;JUL;Julho;7;COQUE;b;2360043,05212426
2013;AGO;Agosto;8;COQUE;b;2761706,6234608847
2013;SET;Setembro;9;COQUE;b;1781237,9832572404
2013;OUT;Outubro;10;COQUE;b;2689889,8389882306
2013;NOV;Novembro;11;COQUE;b;2355065,828704952
2013;DEZ;Dezembro;12;COQUE;b;1703744,6694511634
2014;JAN;Janeiro;1;COQUE;b;2307655,8233757885
2014;FEV;Fevereiro;2;COQUE;b;1497561,2322077693
2014;MAR;Março;3;COQUE;b;1532012,0698386924
2014;ABR;Abril;4;COQUE;b;1248614,7073111057
2014;MAI;Maio;5;COQUE;b;3091733,0993103464
2014;JUN;Junho;6;COQUE;b;2375939,119596221
2014;JUL;Julho;7;COQUE;b;1697627,478448298
2014;AGO;Agosto;8;COQUE;b;1783184,0686149232
2014;SET;Setembro;9;COQUE;b;2156643,5150263365
2014;OUT;Outubro;10;COQUE;b;2675234,5937840194
2014;NOV;Novembro;11;COQUE;b;1537433,6018076635
2014;DEZ;Dezembro;12;COQUE;b;2267060,990474769
2015;JAN;Janeiro;1;COQUE;b;1475124,5667057405
2015;FEV;Fevereiro;2;COQUE;b;1493358,719847846
2015;MAR;Março;3;COQUE;b;2469979,7260292405
2015;ABR;Abril;4;COQUE;b;1081232,206821471
2015;MAI;Maio;5;COQUE;b;2044291,2758782213
2015;JUN;Junho;6;COQUE;b;1523015,9904635674
2015;JUL;Julho;7;COQUE;b;2552488,0746893557
2015;AGO;Agosto;8;COQUE;b;1335254,4209034133
2015;SET;Setembro;9;COQUE;b;927665,0502247501
2015;OUT;Outubro;10;COQUE;b;759745,5693021539
2015;NOV;Novembro;11;COQUE;b;1242899,6710351156
2015;DEZ;Dezembro;12;COQUE;b;1792010,4198863558
2016;JAN;Janeiro;1;COQUE;b;1453999,9918570772
2016;FEV;Fevereiro;2;COQUE;b;717905,3540211347
2016;MAR;Março;3;COQUE;b;2162080,106251943
2016;ABR;Abril;4;COQUE;b;991567,9171327789
2016;MAI;Maio;5;COQUE;b;693632,5720222212
2016;JUN;Junho;6;COQUE;b;1127631,554593625
2016;JUL;Julho;7;COQUE;b;299489,1821921154
2016;AGO;Agosto;8;COQUE;b;1776138,6709970962
2016;SET;Setembro;9;COQUE;b;1498001,6519614423
2016;OUT;Outubro;10;COQUE;b;413126,55652900966
2016;NOV;Novembro;11;COQUE;b;800461,6987698653
2016;DEZ;Dezembro;12;COQUE;b;1008012,891485125
2017;JAN;Janeiro;1;COQUE;b;1312151,229074
2017;FEV;Fevereiro;2;COQUE;b;1174026,3664451055
2017;MAR;Março;3;COQUE;b;1070392,445033779
2017;ABR;Abril;4;COQUE;b;1587331,7833980962
2017;MAI;Maio;5;COQUE;b;2163335,9998721154
2017;JUN;Junho;6;COQUE;b;538589,0034858845
2017;JUL;Julho;7;COQUE;b;878609,6608390578
2017;AGO;Agosto;8;COQUE;b;847448,4966523366
2017;SET;Setembro;9;COQUE;b;1386705,3086191826
2017;OUT;Outubro;10;COQUE;b;1340858,0307760963
2017;NOV;Novembro;11;COQUE;b;971603,9150433174
2017;DEZ;Dezembro;12;COQUE;b;746907,915894798
2018;JAN;Janeiro;1;COQUE;b;789934,643353375
2018;FEV;Fevereiro;2;COQUE;b;2055228,3180446157
2018;MAR;Março;3;COQUE;b;1545588,0199342694
2018;ABR;Abril;4;COQUE;b;1956909,171173298
2018;MAI;Maio;5;COQUE;b;994866,9285256731
2018;JUN;Junho;6;COQUE;b;1536163,0359960867
2018;JUL;Julho;7;COQUE;b;1762143,0756645286
2018;AGO;Agosto;8;COQUE;b;1378861,3047118655
2018;SET;Setembro;9;COQUE;b;1163685,4773088268
2018;OUT;Outubro;10;COQUE;b;1885774,1597693847
2018;NOV;Novembro;11;COQUE;b;1216960,2405835576
2018;DEZ;Dezembro;12;COQUE;b;1206457,310217154
2019;JAN;Janeiro;1;COQUE;b;1249866,3795011058
2019;FEV;Fevereiro;2;COQUE;b;1826518,1500583075
2019;MAR;Março;3;COQUE;b;1497269,7902326826
2019;ABR;Abril;4;COQUE;b;1263797,008353846
2019;MAI;Maio;5;COQUE;b;1872470,7459315287
2019;JUN;Junho;6;COQUE;b;702064,5401108654
2019;JUL;Julho;7;COQUE;b;1723965,1627349518
2019;AGO;Agosto;8;COQUE;b;1206715,9665576154
2019;SET;Setembro;9;COQUE;b;928729,0018257212
2019;OUT;Outubro;10;COQUE;b;1892612,6831171538
2019;NOV;Novembro;11;COQUE;b;1071562,011011702
2019;DEZ;Dezembro;12;COQUE;b;1316767,3085372115
2020;JAN;Janeiro;1;COQUE;b;1923132,0750075767
2020;FEV;Fevereiro;2;COQUE;b;1304572,116886096
2020;MAR;Março;3;COQUE;b;790438,4510864806
2020;ABR;Abril;4;COQUE;b;879833,3433745577
2020;MAI;Maio;5;COQUE;b;906341,9169605961
2020;JUN;Junho;6;COQUE;b;1328438,1296148365
2020;JUL;Julho;7;COQUE;b;1460786,8661881154
2020;AGO;Agosto;8;COQUE;b;1219057,511201221
2020;SET;Setembro;9;COQUE;b;1805797,368915856
2020;OUT;Outubro;10;COQUE;b;1090884,8455942883
2020;NOV;Novembro;11;COQUE;b;2574938,051606586
2020;DEZ;Dezembro;12;COQUE;b;666624,3456064134
2021;JAN;Janeiro;1;COQUE;b;1323647,2236730962
2021;FEV;Fevereiro;2;COQUE;b;2633586,3447137787
2021;MAR;Março;3;COQUE;b;1735589,4573622595
2021;ABR;Abril;4;COQUE;b;1465929,5418498942
2021;MAI;Maio;5;COQUE;b;2021909,9183689326
2021;JUN;Junho;6;COQUE;b;1909416,0859210866
2021;JUL;Julho;7;COQUE;b;1916253,9137610192
2021;AGO;Agosto;8;COQUE;b;2055452,434861125
2021;SET;Setembro;9;COQUE;b;2720368,534598375
2021;OUT;Outubro;10;COQUE;b;1554450,930726327
2021;NOV;Novembro;11;COQUE;b;1916734,0681797883
2021;DEZ;Dezembro;12;COQUE;b;1220212,8041487595
2022;JAN;Janeiro;1;COQUE;b;751152,4974069904
2022;FEV;Fevereiro;2;COQUE;b;1520189,1502690578
2022;MAR;Março;3;COQUE;b;1599369,2278239904
2022;ABR;Abril;4;COQUE;b;2362739,052174981
2022;MAI;Maio;5;COQUE;b;3497167,7625198364
2022;JUN;Junho;6;COQUE;b;1049864,7247709616
2022;JUL;Julho;7;COQUE;b;2211836,180471635
2022;AGO;Agosto;8;COQUE;b;2122068,3326900285
2022;SET;Setembro;9;COQUE;b;2204120,7124604043
2022;OUT;Outubro;10;COQUE;b;1029666,9171384326
2022;NOV;Novembro;11;COQUE;b;2055900,1846626056
2022;DEZ;Dezembro;12;COQUE;b;2401796,595033058
2023;JAN;Janeiro;1;COQUE;b;1760074,2241018561
2023;FEV;Fevereiro;2;COQUE;b;1750018,287550154
2023;MAR;Março;3;COQUE;b;1736464,454603779
2023;ABR;Abril;4;COQUE;b;2595987,281788924
2023;MAI;Maio;5;COQUE;b;2044577,2263653465
2023;JUN;Junho;6;COQUE;b;1388134,1115354134
2023;JUL;Julho;7;COQUE;b;2654564,4032768076
2023;AGO;Agosto;8;COQUE;b;2317957,165331692
2023;SET;Setembro;9;COQUE;b;2065184,3494315192
2023;OUT;Outubro;10;COQUE;b;1352736,4821105576
2023;NOV;Novembro;11;COQUE;b;1690091,282117856
2023;DEZ;Dezembro;12;COQUE;b;1222575,2023537117
2024;JAN;Janeiro;1;COQUE;b;2289462,808010241
2024;FEV;Fevereiro;2;COQUE;b;2607475,9402923174
2024;MAR;Março;3;COQUE;b;2156269,773306558
2024;ABR;Abril;4;COQUE;b;2748081,745900981
2024;MAI;Maio;5;COQUE;b;2777704,8096269323
2024;JUN;Junho;6;COQUE;b;1788451,1736526056
2024;JUL;Julho;7;COQUE;b;3345641,3045381443
2024;AGO;Agosto;8;COQUE;b;1549963,8588949516
2024;SET;Setembro;9;COQUE;b;2377172,980737712
2024;OUT;Outubro;10;COQUE;b;2387174,304804509
2024;NOV;Novembro;11;COQUE;b;999903,2338237213
2024;DEZ;Dezembro;12;COQUE;b;2179042,671488346
2025;JAN;Janeiro;1;COQUE;b;2024860,4138088846
2025;FEV;Fevereiro;2;COQUE;b;2370777,925282308
2025;MAR;Março;3;COQUE;b;3173405,3810241064
2025;ABR;Abril;4;COQUE;b;1800715,9886621058
2025;MAI;Maio;5;COQUE;b;2690527,2749443655
2025;JUN;Junho;6;COQUE;b;1911973,389613414
2025;JUL;Julho;7;COQUE;b;1522985,4244061252
2025;AGO;Agosto;8;COQUE;b;1793707,0598464904
2025;SET;Setembro;9;COQUE;b;4143560,123843423
2025;OUT;Outubro;10;COQUE;b;1750672,451981731
2025;NOV;Novembro;11;COQUE;b;1575039,250889337
2025;DEZ;Dezembro;12;COQUE;b;2962135,8098820955
2026;JAN;Janeiro;1;COQUE;b;2749625,0959339426
2026;FEV;Fevereiro;2;COQUE;b;1464252,3640133943
2026;MAR;Março;3;COQUE;b;2855715,212341846
2026;ABR;Abril;4;COQUE;b;1499777,3499949616
2026;MAI;Maio;5;COQUE;b;3383409,8838903946
2026;JUN;Junho;6;COQUE;b;2596533,315919548
2026;JUL;Julho;7;COQUE;b;2785210,137505221
2000;JAN;Janeiro;1;GASOLINA A;b;26,556975555555557
2000;FEV;Fevereiro;2;GASOLINA A;b;0,0
2000;MAR;Março;3;GASOLINA A;b;0,0
2000;ABR;Abril;4;GASOLINA A;b;260539,4450646667
2000;MAI;Maio;5;GASOLINA A;b;78426,6974185
2000;JUN;Junho;6;GASOLINA A;b;0,0
2000;JUL;Julho;7;GASOLINA A;b;42946,027717902776
2000;AGO;Agosto;8;GASOLINA A;b;57,997289708333334
2000;SET;Setembro;9;GASOLINA A;b;0,0
2000;OUT;Outubro;10;GASOLINA A;b;29,448540986111112
2000;NOV;Novembro;11;GASOLINA A;b;0,008735847222222223
2000;DEZ;Dezembro;12;GASOLINA A;b;0,00873584722222223
2001;JAN;Janeiro;1;GASOLINA A;b;96,92422493055557
2001;FEV;Fevereiro;2;GASOLINA A;b;32,91667233333334
2001;MAR;Março;3;GASOLINA A;b;0,0
2001;ABR;Abril;4;GASOLINA A;b;0,0
2001;MAI;Maio;5;GASOLINA A;b;0,0
2001;JUN;Junho;6;GASOLINA A;b;0,0
2001;JUL;Julho;7;GASOLINA A;b;0,03494338888888889
2001;AGO;Agosto;8;GASOLINA A;b;5,3113951111111115
2001;SET;Setembro;9;GASOLINA A;b;13,435733027777781
2001;OUT;Outubro;10;GASOLINA A;b;0,0
2001;NOV;Novembro;11;GASOLINA A;b;42,4562175
2001;DEZ;Dezembro;12;GASOLINA A;b;19,61197701388889
2002;JAN;Janeiro;1;GASOLINA A;b;66,41864643055555
2002;FEV;Fevereiro;2;GASOLINA A;b;0,0
2002;MAR;Março;3;GASOLINA A;b;377,51963770833333
2002;ABR;Abril;4;GASOLINA A;b;109678,7890070278
2002;MAI;Maio;5;GASOLINA A;b;116409,48848048612
2002;JUN;Junho;6;GASOLINA A;b;19001,175311958337
2002;JUL;Julho;7;GASOLINA A;b;153170,05589345837
2002;AGO;Agosto;8;GASOLINA A;b;114279,53168245834
2002;SET;Setembro;9;GASOLINA A;b;74004,66396969445
2002;OUT;Outubro;10;GASOLINA A;b;166627,39267141666
2002;NOV;Novembro;11;GASOLINA A;b;124843,59953965279
2002;DEZ;Dezembro;12;GASOLINA A;b;153623,813269875
2003;JAN;Janeiro;1;GASOLINA A;b;194941,4291464286
2003;FEV;Fevereiro;2;GASOLINA A;b;35487,11649683289
2003;MAR;Março;3;GASOLINA A;b;24778,308083854452
2003;ABR;Abril;4;GASOLINA A;b;35842,541622830184
2003;MAI;Maio;5;GASOLINA A;b;97384,08557955525
2003;JUN;Junho;6;GASOLINA A;b;128971,36729339624
2003;JUL;Julho;7;GASOLINA A;b;118194,75269417792
2003;AGO;Agosto;8;GASOLINA A;b;73389,05380785716
2003;SET;Setembro;9;GASOLINA A;b;68569,47418010782
2003;OUT;Outubro;10;GASOLINA A;b;200967,24513991916
2003;NOV;Novembro;11;GASOLINA A;b;73477,28068451483
2003;DEZ;Dezembro;12;GASOLINA A;b;90712,23319830188
2004;JAN;Janeiro;1;GASOLINA A;b;107333,67493210241
2004;FEV;Fevereiro;2;GASOLINA A;b;25471,755397938006
2004;MAR;Março;3;GASOLINA A;b;163999,41242855793
2004;ABR;Abril;4;GASOLINA A;b;18581,387218598382
2004;MAI;Maio;5;GASOLINA A;b;20100,461101927227
2004;JUN;Junho;6;GASOLINA A;b;12445,85557708895
2004;JUL;Julho;7;GASOLINA A;b;0,0
2004;AGO;Agosto;8;GASOLINA A;b;0,0
2004;SET;Setembro;9;GASOLINA A;b;47,99582778975741
2004;OUT;Outubro;10;GASOLINA A;b;2,5684803638814016
2004;NOV;Novembro;11;GASOLINA A;b;227,17064446091646
2004;DEZ;Dezembro;12;GASOLINA A;b;0,0
2005;JAN;Janeiro;1;GASOLINA A;b;10,884253423180594
2005;FEV;Fevereiro;2;GASOLINA A;b;53567,802627466306
2005;MAR;Março;3;GASOLINA A;b;1135,4124269946092
2005;ABR;Abril;4;GASOLINA A;b;2828,888670080863
2005;MAI;Maio;5;GASOLINA A;b;112737,57112738545
2005;JUN;Junho;6;GASOLINA A;b;29090,447541495956
2005;JUL;Julho;7;GASOLINA A;b;28307,73070030997
2005;AGO;Agosto;8;GASOLINA A;b;61113,49780340971
2005;SET;Setembro;9;GASOLINA A;b;900,2057449595688
2005;OUT;Outubro;10;GASOLINA A;b;2545,9998030727766
2005;NOV;Novembro;11;GASOLINA A;b;2545,9998030727766
2005;DEZ;Dezembro;12;GASOLINA A;b;152814,12971599732
2006;JAN;Janeiro;1;GASOLINA A;b;53830,62683103774
2006;FEV;Fevereiro;2;GASOLINA A;b;0,0
2006;MAR;Março;3;GASOLINA A;b;18273,245866428573
2006;ABR;Abril;4;GASOLINA A;b;0,0
2006;MAI;Maio;5;GASOLINA A;b;5,094576563342319
2006;JUN;Junho;6;GASOLINA A;b;0,0
2006;JUL;Julho;7;GASOLINA A;b;8,502263382749328
2006;AGO;Agosto;8;GASOLINA A;b;72,8922859703504
2006;SET;Setembro;9;GASOLINA A;b;25,769571967654983
2006;OUT;Outubro;10;GASOLINA A;b;0,0
2006;NOV;Novembro;11;GASOLINA A;b;9,629682156334232
2006;DEZ;Dezembro;12;GASOLINA A;b;105445,16371801887
2007;JAN;Janeiro;1;GASOLINA A;b;40,01065121293801
2007;FEV;Fevereiro;2;GASOLINA A;b;0,0
2007;MAR;Março;3;GASOLINA A;b;62345,96149009435
2007;ABR;Abril;4;GASOLINA A;b;5,077622897574124
2007;MAI;Maio;5;GASOLINA A;b;211,62413295148252
2007;JUN;Junho;6;GASOLINA A;b;97,54291599730459
2007;JUL;Julho;7;GASOLINA A;b;0,0
2007;AGO;Agosto;8;GASOLINA A;b;42,68933040431267
2007;SET;Setembro;9;GASOLINA A;b;144,64867633423182
2007;OUT;Outubro;10;GASOLINA A;b;15,563465175202158
2007;NOV;Novembro;11;GASOLINA A;b;10,307828787061995
2007;DEZ;Dezembro;12;GASOLINA A;b;62,024986212938
2008;JAN;Janeiro;1;GASOLINA A;b;208,49618161725067
2008;FEV;Fevereiro;2;GASOLINA A;b;178,28474921832887
2008;MAR;Março;3;GASOLINA A;b;247,25226156334233
2008;ABR;Abril;4;GASOLINA A;b;19,496715633423182
2008;MAI;Maio;5;GASOLINA A;b;40,79051983827493
2008;JUN;Junho;6;GASOLINA A;b;1,3732469272237198
2008;JUL;Julho;7;GASOLINA A;b;1,2884785983827494
2008;AGO;Agosto;8;GASOLINA A;b;141,92761297843666
2008;SET;Setembro;9;GASOLINA A;b;35,68746644204852
2008;OUT;Outubro;10;GASOLINA A;b;0,0
2008;NOV;Novembro;11;GASOLINA A;b;70,67135575471698
2008;DEZ;Dezembro;12;GASOLINA A;b;0,0
2009;JAN;Janeiro;1;GASOLINA A;b;2,381990040431267
2009;FEV;Fevereiro;2;GASOLINA A;b;12,884785983827495
2009;MAR;Março;3;GASOLINA A;b;29,9910347434267
2009;ABR;Abril;4;GASOLINA A;b;2,525987696
2009;MAI;Maio;5;GASOLINA A;b;2,593910862533693
2009;JUN;Junho;6;GASOLINA A;b;78,48699567385447
2009;JUL;Julho;7;GASOLINA A;b;0,0
2009;AGO;Agosto;8;GASOLINA A;b;0,0
2009;SET;Setembro;9;GASOLINA A;b;6,357624663072777
2009;OUT;Outubro;10;GASOLINA A;b;0,0
2009;NOV;Novembro;11;GASOLINA A;b;0,0
2009;DEZ;Dezembro;12;GASOLINA A;b;1,2884785983827494
2010;JAN;Janeiro;1;GASOLINA A;b;0,0
2010;FEV;Fevereiro;2;GASOLINA A;b;1178427,6916233157
2010;MAR;Março;3;GASOLINA A;b;1189748,790152345
2010;ABR;Abril;4;GASOLINA A;b;773893,8822615634
2010;MAI;Maio;5;GASOLINA A;b;3,611130808625337
2010;JUN;Junho;6;GASOLINA A;b;34968,93617946092
2010;JUL;Julho;7;GASOLINA A;b;33,500443557951485
2010;AGO;Agosto;8;GASOLINA A;b;10,307828787061995
2010;SET;Setembro;9;GASOLINA A;b;8,66332320754717
2010;OUT;Outubro;10;GASOLINA A;b;32,8816347574124
2010;NOV;Novembro;11;GASOLINA A;b;0,0
2010;DEZ;Dezembro;12;GASOLINA A;b;12,57962
2011;JAN;Janeiro;1;GASOLINA A;b;5,51841820754717
2011;FEV;Fevereiro;2;GASOLINA A;b;25,15924
2011;MAR;Março;3;GASOLINA A;b;0,0
2011;ABR;Abril;4;GASOLINA A;b;1078457,11241
2011;MAI;Maio;5;GASOLINA A;b;1520567,85731
2011;JUN;Junho;6;GASOLINA A;b;0,0
2011;JUL;Julho;7;GASOLINA A;b;0,0
2011;AGO;Agosto;8;GASOLINA A;b;599835,698872911
2011;SET;Setembro;9;GASOLINA A;b;2093657,60565
2011;OUT;Outubro;10;GASOLINA A;b;3198676,58569
2011;NOV;Novembro;11;GASOLINA A;b;1819453,3387
2011;DEZ;Dezembro;12;GASOLINA A;b;3443749,3460326
2012;JAN;Janeiro;1;GASOLINA A;b;1978722,6953328976
2012;FEV;Fevereiro;2;GASOLINA A;b;2700868,4542980595
2012;MAR;Março;3;GASOLINA A;b;3035106,575708019
2012;ABR;Abril;4;GASOLINA A;b;1840103,2596326417
2012;MAI;Maio;5;GASOLINA A;b;1234680,5141131538
2012;JUN;Junho;6;GASOLINA A;b;1431510,513811496
2012;JUL;Julho;7;GASOLINA A;b;1224810,3865920622
2012;AGO;Agosto;8;GASOLINA A;b;1061743,2392904311
2012;SET;Setembro;9;GASOLINA A;b;607475,7496756874
2012;OUT;Outubro;10;GASOLINA A;b;3391829,080978235
2012;NOV;Novembro;11;GASOLINA A;b;4024367,2397918873
2012;DEZ;Dezembro;12;GASOLINA A;b;1245511,9483906336
2013;JAN;Janeiro;1;GASOLINA A;b;4335008,215012061
2013;FEV;Fevereiro;2;GASOLINA A;b;3692651,9340470624
2013;MAR;Março;3;GASOLINA A;b;2205274,6835762667
2013;ABR;Abril;4;GASOLINA A;b;1850195,7260034503
2013;MAI;Maio;5;GASOLINA A;b;2442543,4908396904
2013;JUN;Junho;6;GASOLINA A;b;621318,1549935983
2013;JUL;Julho;7;GASOLINA A;b;569912,3940237197
2013;AGO;Agosto;8;GASOLINA A;b;0,0
2013;SET;Setembro;9;GASOLINA A;b;894136,0104949055
2013;OUT;Outubro;10;GASOLINA A;b;303217,3718682615
2013;NOV;Novembro;11;GASOLINA A;b;890863,3341928436
2013;DEZ;Dezembro;12;GASOLINA A;b;297215,1129933558
2014;JAN;Janeiro;1;GASOLINA A;b;287288,72473241243
2014;FEV;Fevereiro;2;GASOLINA A;b;2360866,1967257415
2014;MAR;Março;3;GASOLINA A;b;1280443,7136578977
2014;ABR;Abril;4;GASOLINA A;b;1497654,5880899732
2014;MAI;Maio;5;GASOLINA A;b;1797149,6300558355
2014;JUN;Junho;6;GASOLINA A;b;1044168,0182278438
2014;JUL;Julho;7;GASOLINA A;b;1648883,2194601619
2014;AGO;Agosto;8;GASOLINA A;b;746374,4800658086
2014;SET;Setembro;9;GASOLINA A;b;459324,68334506743
2014;OUT;Outubro;10;GASOLINA A;b;460979,34417037736
2014;NOV;Novembro;11;GASOLINA A;b;1057049,2100345285
2014;DEZ;Dezembro;12;GASOLINA A;b;1052690,9057449999
2015;JAN;Janeiro;1;GASOLINA A;b;2265195,872450364
2015;FEV;Fevereiro;2;GASOLINA A;b;2207656,3514970485
2015;MAR;Março;3;GASOLINA A;b;1933295,6022120079
2015;ABR;Abril;4;GASOLINA A;b;2588182,006949798
2015;MAI;Maio;5;GASOLINA A;b;2012999,421815876
2015;JUN;Junho;6;GASOLINA A;b;1409099,7088606737
2015;JUL;Julho;7;GASOLINA A;b;714903,2801014825
2015;AGO;Agosto;8;GASOLINA A;b;294929,1400390027
2015;SET;Setembro;9;GASOLINA A;b;44478,86611764151
2015;OUT;Outubro;10;GASOLINA A;b;281116,0560860378
2015;NOV;Novembro;11;GASOLINA A;b;1035657,5068866981
2015;DEZ;Dezembro;12;GASOLINA A;b;745650,4144313476
2016;JAN;Janeiro;1;GASOLINA A;b;0,025430498652291106
2016;FEV;Fevereiro;2;GASOLINA A;b;1618157,692577318
2016;MAR;Março;3;GASOLINA A;b;2076702,8463703643
2016;ABR;Abril;4;GASOLINA A;b;1272941,7165554715
2016;MAI;Maio;5;GASOLINA A;b;1453304,6885078303
2016;JUN;Junho;6;GASOLINA A;b;2371695,6474243263
2016;JUL;Julho;7;GASOLINA A;b;2095146,3833326008
2016;AGO;Agosto;8;GASOLINA A;b;1872633,2923156873
2016;SET;Setembro;9;GASOLINA A;b;1886013,6000425876
2016;OUT;Outubro;10;GASOLINA A;b;1215268,6261464015
2016;NOV;Novembro;11;GASOLINA A;b;1000753,6049691242
2016;DEZ;Dezembro;12;GASOLINA A;b;1542512,3771143665
2017;JAN;Janeiro;1;GASOLINA A;b;2038045,1824540568
2017;FEV;Fevereiro;2;GASOLINA A;b;4516014,27341434
2017;MAR;Março;3;GASOLINA A;b;3215032,6177861993
2017;ABR;Abril;4;GASOLINA A;b;2615042,979628113
2017;MAI;Maio;5;GASOLINA A;b;1785019,4856426818
2017;JUN;Junho;6;GASOLINA A;b;3081712,7962830863
2017;JUL;Julho;7;GASOLINA A;b;2028844,190690337
2017;AGO;Agosto;8;GASOLINA A;b;1976128,5979800406
2017;SET;Setembro;9;GASOLINA A;b;1487577,795383167
2017;OUT;Outubro;10;GASOLINA A;b;2010498,0355842724
2017;NOV;Novembro;11;GASOLINA A;b;1177291,4738971968
2017;DEZ;Dezembro;12;GASOLINA A;b;2300634,128482453
2018;JAN;Janeiro;1;GASOLINA A;b;2518665,221264394
2018;FEV;Fevereiro;2;GASOLINA A;b;2826061,7734665093
2018;MAR;Março;3;GASOLINA A;b;2427105,465837507
2018;ABR;Abril;4;GASOLINA A;b;1613633,3186547577
2018;MAI;Maio;5;GASOLINA A;b;1322497,3324569005
2018;JUN;Junho;6;GASOLINA A;b;1330374,2174936254
2018;JUL;Julho;7;GASOLINA A;b;1163356,3659348653
2018;AGO;Agosto;8;GASOLINA A;b;894136,2987072236
2018;SET;Setembro;9;GASOLINA A;b;598316,9640628976
2018;OUT;Outubro;10;GASOLINA A;b;546622,8042846362
2018;NOV;Novembro;11;GASOLINA A;b;1229591,3288155256
2018;DEZ;Dezembro;12;GASOLINA A;b;2190615,5523636388
2019;JAN;Janeiro;1;GASOLINA A;b;2686527,5010077357
2019;FEV;Fevereiro;2;GASOLINA A;b;2079367,182760499
2019;MAR;Março;3;GASOLINA A;b;1939597,042426725
2019;ABR;Abril;4;GASOLINA A;b;2796805,4597359705
2019;MAI;Maio;5;GASOLINA A;b;3260560,907338059
2019;JUN;Junho;6;GASOLINA A;b;1471560,5399131805
2019;JUL;Julho;7;GASOLINA A;b;3588635,523557992
2019;AGO;Agosto;8;GASOLINA A;b;2014695,0087903505
2019;SET;Setembro;9;GASOLINA A;b;2038294,4606786794
2019;OUT;Outubro;10;GASOLINA A;b;2582305,111956415
2019;NOV;Novembro;11;GASOLINA A;b;3772969,222046752
2019;DEZ;Dezembro;12;GASOLINA A;b;2138473,146139299
2020;JAN;Janeiro;1;GASOLINA A;b;3729783,339735067
2020;FEV;Fevereiro;2;GASOLINA A;b;2372847,108008054
2020;MAR;Março;3;GASOLINA A;b;3474420,717124406
2020;ABR;Abril;4;GASOLINA A;b;2808463,0546002565
2020;MAI;Maio;5;GASOLINA A;b;2304742,906771824
2020;JUN;Junho;6;GASOLINA A;b;1244158,8164609054
2020;JUL;Julho;7;GASOLINA A;b;1023169,7250087162
2020;AGO;Agosto;8;GASOLINA A;b;1367162,4428178244
2020;SET;Setembro;9;GASOLINA A;b;1206231,8146442163
2020;OUT;Outubro;10;GASOLINA A;b;1945324,0219500407
2020;NOV;Novembro;11;GASOLINA A;b;1521578,663775973
2020;DEZ;Dezembro;12;GASOLINA A;b;1809215,8484499056
2021;JAN;Janeiro;1;GASOLINA A;b;1649193,953325662
2021;FEV;Fevereiro;2;GASOLINA A;b;923071,4022377839
2021;MAR;Março;3;GASOLINA A;b;795057,0072441081
2021;ABR;Abril;4;GASOLINA A;b;552987,1840900135
2021;MAI;Maio;5;GASOLINA A;b;749853,6132296892
2021;JUN;Junho;6;GASOLINA A;b;894939,6490302432
2021;JUL;Julho;7;GASOLINA A;b;848782,7623185405
2021;AGO;Agosto;8;GASOLINA A;b;2324529,5610646894
2021;SET;Setembro;9;GASOLINA A;b;1720996,1123555002
2021;OUT;Outubro;10;GASOLINA A;b;2522662,740938878
2021;NOV;Novembro;11;GASOLINA A;b;1360212,330263973
2021;DEZ;Dezembro;12;GASOLINA A;b;878825,6572950946
2022;JAN;Janeiro;1;GASOLINA A;b;2194567,007920176
2022;FEV;Fevereiro;2;GASOLINA A;b;1012887,2371178918
2022;MAR;Março;3;GASOLINA A;b;1018975,8071968649
2022;ABR;Abril;4;GASOLINA A;b;856458,6254492162
2022;MAI;Maio;5;GASOLINA A;b;957331,5213221622
2022;JUN;Junho;6;GASOLINA A;b;884329,2580445814
2022;JUL;Julho;7;GASOLINA A;b;1490420,6959830811
2022;AGO;Agosto;8;GASOLINA A;b;1936951,0693767567
2022;SET;Setembro;9;GASOLINA A;b;2961351,931195798
2022;OUT;Outubro;10;GASOLINA A;b;4555082,637432474
2022;NOV;Novembro;11;GASOLINA A;b;3061982,8988768114
2022;DEZ;Dezembro;12;GASOLINA A;b;6231781,768393014
2023;JAN;Janeiro;1;GASOLINA A;b;1112138,8919646216
2023;FEV;Fevereiro;2;GASOLINA A;b;3796973,147092932
2023;MAR;Março;3;GASOLINA A;b;1733833,5975660135
2023;ABR;Abril;4;GASOLINA A;b;1679409,2485944189
2023;MAI;Maio;5;GASOLINA A;b;3589175,4361609328
2023;JUN;Junho;6;GASOLINA A;b;2645365,850373689
2023;JUL;Julho;7;GASOLINA A;b;1334660,0196376888
2023;AGO;Agosto;8;GASOLINA A;b;2662103,6467652027
2023;SET;Setembro;9;GASOLINA A;b;2269399,019425473
2023;OUT;Outubro;10;GASOLINA A;b;1628346,8625660269
2023;NOV;Novembro;11;GASOLINA A;b;1196540,9088831216
2023;DEZ;Dezembro;12;GASOLINA A;b;1206818,9769074596
2024;JAN;Janeiro;1;GASOLINA A;b;2582325,3456753916
2024;FEV;Fevereiro;2;GASOLINA A;b;1017734,309199527
2024;MAR;Março;3;GASOLINA A;b;1738833,979516527
2024;ABR;Abril;4;GASOLINA A;b;764721,1941159053
2024;MAI;Maio;5;GASOLINA A;b;1843171,0392454327
2024;JUN;Junho;6;GASOLINA A;b;506372,79019850004
2024;JUL;Julho;7;GASOLINA A;b;1607346,2749431625
2024;AGO;Agosto;8;GASOLINA A;b;1732087,5123110404
2024;SET;Setembro;9;GASOLINA A;b;1103852,8322665133
2024;OUT;Outubro;10;GASOLINA A;b;1611332,1275401623
2024;NOV;Novembro;11;GASOLINA A;b;746678,194151446
2024;DEZ;Dezembro;12;GASOLINA A;b;1978164,9304053513
2025;JAN;Janeiro;1;GASOLINA A;b;2393566,1501357304
2025;FEV;Fevereiro;2;GASOLINA A;b;739921,5272540676
2025;MAR;Março;3;GASOLINA A;b;723472,8326294867
2025;ABR;Abril;4;GASOLINA A;b;718520,5932247028
2025;MAI;Maio;5;GASOLINA A;b;1704184,7761854462
2025;JUN;Junho;6;GASOLINA A;b;1159219,4627740541
2025;JUL;Julho;7;GASOLINA A;b;1432621,2774642028
2025;AGO;Agosto;8;GASOLINA A;b;942290,579672757
2025;SET;Setembro;9;GASOLINA A;b;996479,8682449594
2025;OUT;Outubro;10;GASOLINA A;b;2133444,3852872844
2025;NOV;Novembro;11;GASOLINA A;b;3303762,7107914463
2025;DEZ;Dezembro;12;GASOLINA A;b;5746264,24570715
2026;JAN;Janeiro;1;GASOLINA A;b;1697989,6363256893
2026;FEV;Fevereiro;2;GASOLINA A;b;2585236,992221568
2026;MAR;Março;3;GASOLINA A;b;2125396,1314056353
2026;ABR;Abril;4;GASOLINA A;b;1622091,162035662
2026;MAI;Maio;5;GASOLINA A;b;1395081,396453527
2026;JUN;Junho;6;GASOLINA A;b;2285721,9263497973
2026;JUL;Julho;7;GASOLINA A;b;4425377,822002325
2000;JAN;Janeiro;1;GASOLINA DE AVIAÇÃO;b;0,0
2000;FEV;Fevereiro;2;GASOLINA DE AVIAÇÃO;b;0,0
2000;MAR;Março;3;GASOLINA DE AVIAÇÃO;b;0,0
2000;ABR;Abril;4;GASOLINA DE AVIAÇÃO;b;0,0
2000;MAI;Maio;5;GASOLINA DE AVIAÇÃO;b;0,0
2000;JUN;Junho;6;GASOLINA DE AVIAÇÃO;b;0,0
2000;JUL;Julho;7;GASOLINA DE AVIAÇÃO;b;0,0
2000;AGO;Agosto;8;GASOLINA DE AVIAÇÃO;b;0,0
2000;SET;Setembro;9;GASOLINA DE AVIAÇÃO;b;0,0
2000;OUT;Outubro;10;GASOLINA DE AVIAÇÃO;b;0,0
2000;NOV;Novembro;11;GASOLINA DE AVIAÇÃO;b;0,0
2000;DEZ;Dezembro;12;GASOLINA DE AVIAÇÃO;b;0,0
2001;JAN;Janeiro;1;GASOLINA DE AVIAÇÃO;b;0,0
2001;FEV;Fevereiro;2;GASOLINA DE AVIAÇÃO;b;0,0
2001;MAR;Março;3;GASOLINA DE AVIAÇÃO;b;0,0
2001;ABR;Abril;4;GASOLINA DE AVIAÇÃO;b;0,0
2001;MAI;Maio;5;GASOLINA DE AVIAÇÃO;b;0,0
2001;JUN;Junho;6;GASOLINA DE AVIAÇÃO;b;0,0
2001;JUL;Julho;7;GASOLINA DE AVIAÇÃO;b;0,0
2001;AGO;Agosto;8;GASOLINA DE AVIAÇÃO;b;0,0
2001;SET;Setembro;9;GASOLINA DE AVIAÇÃO;b;0,0
2001;OUT;Outubro;10;GASOLINA DE AVIAÇÃO;b;0,0
2001;NOV;Novembro;11;GASOLINA DE AVIAÇÃO;b;0,0
2001;DEZ;Dezembro;12;GASOLINA DE AVIAÇÃO;b;0,0
2002;JAN;Janeiro;1;GASOLINA DE AVIAÇÃO;b;0,0
2002;FEV;Fevereiro;2;GASOLINA DE AVIAÇÃO;b;0,0
2002;MAR;Março;3;GASOLINA DE AVIAÇÃO;b;0,0
2002;ABR;Abril;4;GASOLINA DE AVIAÇÃO;b;0,0
2002;MAI;Maio;5;GASOLINA DE AVIAÇÃO;b;0,0
2002;JUN;Junho;6;GASOLINA DE AVIAÇÃO;b;0,0
2002;JUL;Julho;7;GASOLINA DE AVIAÇÃO;b;0,0
2002;AGO;Agosto;8;GASOLINA DE AVIAÇÃO;b;0,0
2002;SET;Setembro;9;GASOLINA DE AVIAÇÃO;b;0,0
2002;OUT;Outubro;10;GASOLINA DE AVIAÇÃO;b;0,0
2002;NOV;Novembro;11;GASOLINA DE AVIAÇÃO;b;0,0
2002;DEZ;Dezembro;12;GASOLINA DE AVIAÇÃO;b;0,0
2003;JAN;Janeiro;1;GASOLINA DE AVIAÇÃO;b;0,0
2003;FEV;Fevereiro;2;GASOLINA DE AVIAÇÃO;b;5124,488410922866
2003;MAR;Março;3;GASOLINA DE AVIAÇÃO;b;0,0
2003;ABR;Abril;4;GASOLINA DE AVIAÇÃO;b;0,0
2003;MAI;Maio;5;GASOLINA DE AVIAÇÃO;b;0,0
2003;JUN;Junho;6;GASOLINA DE AVIAÇÃO;b;0,0
2003;JUL;Julho;7;GASOLINA DE AVIAÇÃO;b;9901,165923415978
2003;AGO;Agosto;8;GASOLINA DE AVIAÇÃO;b;0,0
2003;SET;Setembro;9;GASOLINA DE AVIAÇÃO;b;0,0
2003;OUT;Outubro;10;GASOLINA DE AVIAÇÃO;b;9255,49873325069
2003;NOV;Novembro;11;GASOLINA DE AVIAÇÃO;b;0,0
2003;DEZ;Dezembro;12;GASOLINA DE AVIAÇÃO;b;0,0
2004;JAN;Janeiro;1;GASOLINA DE AVIAÇÃO;b;0,0
2004;FEV;Fevereiro;2;GASOLINA DE AVIAÇÃO;b;5222,214384476584
2004;MAR;Março;3;GASOLINA DE AVIAÇÃO;b;0,0
2004;ABR;Abril;4;GASOLINA DE AVIAÇÃO;b;5187,308538071626
2004;MAI;Maio;5;GASOLINA DE AVIAÇÃO;b;0,0
2004;JUN;Junho;6;GASOLINA DE AVIAÇÃO;b;0,0
2004;JUL;Julho;7;GASOLINA DE AVIAÇÃO;b;0,0
2004;AGO;Agosto;8;GASOLINA DE AVIAÇÃO;b;0,0
2004;SET;Setembro;9;GASOLINA DE AVIAÇÃO;b;0,0
2004;OUT;Outubro;10;GASOLINA DE AVIAÇÃO;b;0,0
2004;NOV;Novembro;11;GASOLINA DE AVIAÇÃO;b;0,0
2004;DEZ;Dezembro;12;GASOLINA DE AVIAÇÃO;b;0,0
2005;JAN;Janeiro;1;GASOLINA DE AVIAÇÃO;b;0,0
2005;FEV;Fevereiro;2;GASOLINA DE AVIAÇÃO;b;0,0
2005;MAR;Março;3;GASOLINA DE AVIAÇÃO;b;0,0
2005;ABR;Abril;4;GASOLINA DE AVIAÇÃO;b;0,0
2005;MAI;Maio;5;GASOLINA DE AVIAÇÃO;b;0,0
2005;JUN;Junho;6;GASOLINA DE AVIAÇÃO;b;0,0
2005;JUL;Julho;7;GASOLINA DE AVIAÇÃO;b;0,0
2005;AGO;Agosto;8;GASOLINA DE AVIAÇÃO;b;0,0
2005;SET;Setembro;9;GASOLINA DE AVIAÇÃO;b;0,0
2005;OUT;Outubro;10;GASOLINA DE AVIAÇÃO;b;0,0
2005;NOV;Novembro;11;GASOLINA DE AVIAÇÃO;b;0,0
2005;DEZ;Dezembro;12;GASOLINA DE AVIAÇÃO;b;0,0
2006;JAN;Janeiro;1;GASOLINA DE AVIAÇÃO;b;0,0
2006;FEV;Fevereiro;2;GASOLINA DE AVIAÇÃO;b;0,0
2006;MAR;Março;3;GASOLINA DE AVIAÇÃO;b;0,0
2006;ABR;Abril;4;GASOLINA DE AVIAÇÃO;b;0,0
2006;MAI;Maio;5;GASOLINA DE AVIAÇÃO;b;0,0
2006;JUN;Junho;6;GASOLINA DE AVIAÇÃO;b;0,0
2006;JUL;Julho;7;GASOLINA DE AVIAÇÃO;b;0,0
2006;AGO;Agosto;8;GASOLINA DE AVIAÇÃO;b;0,0
2006;SET;Setembro;9;GASOLINA DE AVIAÇÃO;b;0,0
2006;OUT;Outubro;10;GASOLINA DE AVIAÇÃO;b;0,0
2006;NOV;Novembro;11;GASOLINA DE AVIAÇÃO;b;0,0
2006;DEZ;Dezembro;12;GASOLINA DE AVIAÇÃO;b;0,0
2007;JAN;Janeiro;1;GASOLINA DE AVIAÇÃO;b;0,0
2007;FEV;Fevereiro;2;GASOLINA DE AVIAÇÃO;b;0,0
2007;MAR;Março;3;GASOLINA DE AVIAÇÃO;b;0,0
2007;ABR;Abril;4;GASOLINA DE AVIAÇÃO;b;0,0
2007;MAI;Maio;5;GASOLINA DE AVIAÇÃO;b;0,0
2007;JUN;Junho;6;GASOLINA DE AVIAÇÃO;b;0,0
2007;JUL;Julho;7;GASOLINA DE AVIAÇÃO;b;0,0
2007;AGO;Agosto;8;GASOLINA DE AVIAÇÃO;b;0,0
2007;SET;Setembro;9;GASOLINA DE AVIAÇÃO;b;144,64867633423182
2007;OUT;Outubro;10;GASOLINA DE AVIAÇÃO;b;0,0
2007;NOV;Novembro;11;GASOLINA DE AVIAÇÃO;b;0,0
2007;DEZ;Dezembro;12;GASOLINA DE AVIAÇÃO;b;0,0
2008;JAN;Janeiro;1;GASOLINA DE AVIAÇÃO;b;0,0
2008;FEV;Fevereiro;2;GASOLINA DE AVIAÇÃO;b;0,0
2008;MAR;Março;3;GASOLINA DE AVIAÇÃO;b;0,0
2008;ABR;Abril;4;GASOLINA DE AVIAÇÃO;b;0,0
2008;MAI;Maio;5;GASOLINA DE AVIAÇÃO;b;0,0
2008;JUN;Junho;6;GASOLINA DE AVIAÇÃO;b;0,0
2008;JUL;Julho;7;GASOLINA DE AVIAÇÃO;b;0,0
2008;AGO;Agosto;8;GASOLINA DE AVIAÇÃO;b;0,0
2008;SET;Setembro;9;GASOLINA DE AVIAÇÃO;b;0,0
2008;OUT;Outubro;10;GASOLINA DE AVIAÇÃO;b;0,0
2008;NOV;Novembro;11;GASOLINA DE AVIAÇÃO;b;0,0
2008;DEZ;Dezembro;12;GASOLINA DE AVIAÇÃO;b;0,0
2009;JAN;Janeiro;1;GASOLINA DE AVIAÇÃO;b;0,0
2009;FEV;Fevereiro;2;GASOLINA DE AVIAÇÃO;b;19197,00261170799
2009;MAR;Março;3;GASOLINA DE AVIAÇÃO;b;0,0
2009;ABR;Abril;4;GASOLINA DE AVIAÇÃO;b;0,0
2009;MAI;Maio;5;GASOLINA DE AVIAÇÃO;b;0,0
2009;JUN;Junho;6;GASOLINA DE AVIAÇÃO;b;0,0
2009;JUL;Julho;7;GASOLINA DE AVIAÇÃO;b;0,0
2009;AGO;Agosto;8;GASOLINA DE AVIAÇÃO;b;0,0
2009;SET;Setembro;9;GASOLINA DE AVIAÇÃO;b;0,0
2009;OUT;Outubro;10;GASOLINA DE AVIAÇÃO;b;0,0
2009;NOV;Novembro;11;GASOLINA DE AVIAÇÃO;b;0,0
2009;DEZ;Dezembro;12;GASOLINA DE AVIAÇÃO;b;0,0
2010;JAN;Janeiro;1;GASOLINA DE AVIAÇÃO;b;22561,54847
2010;FEV;Fevereiro;2;GASOLINA DE AVIAÇÃO;b;0,0
2010;MAR;Março;3;GASOLINA DE AVIAÇÃO;b;0,0
2010;ABR;Abril;4;GASOLINA DE AVIAÇÃO;b;0,0
2010;MAI;Maio;5;GASOLINA DE AVIAÇÃO;b;0,0
2010;JUN;Junho;6;GASOLINA DE AVIAÇÃO;b;0,0
2010;JUL;Julho;7;GASOLINA DE AVIAÇÃO;b;16372,765294256198
2010;AGO;Agosto;8;GASOLINA DE AVIAÇÃO;b;0,0
2010;SET;Setembro;9;GASOLINA DE AVIAÇÃO;b;0,0
2010;OUT;Outubro;10;GASOLINA DE AVIAÇÃO;b;0,0
2010;NOV;Novembro;11;GASOLINA DE AVIAÇÃO;b;0,0
2010;DEZ;Dezembro;12;GASOLINA DE AVIAÇÃO;b;0,0
2011;JAN;Janeiro;1;GASOLINA DE AVIAÇÃO;b;0,0
2011;FEV;Fevereiro;2;GASOLINA DE AVIAÇÃO;b;0,0
2011;MAR;Março;3;GASOLINA DE AVIAÇÃO;b;0,0
2011;ABR;Abril;4;GASOLINA DE AVIAÇÃO;b;19299,94410264463
2011;MAI;Maio;5;GASOLINA DE AVIAÇÃO;b;0,0
2011;JUN;Junho;6;GASOLINA DE AVIAÇÃO;b;0,0
2011;JUL;Julho;7;GASOLINA DE AVIAÇÃO;b;0,0
2011;AGO;Agosto;8;GASOLINA DE AVIAÇÃO;b;0,0
2011;SET;Setembro;9;GASOLINA DE AVIAÇÃO;b;0,0
2011;OUT;Outubro;10;GASOLINA DE AVIAÇÃO;b;0,0
2011;NOV;Novembro;11;GASOLINA DE AVIAÇÃO;b;0,0
2011;DEZ;Dezembro;12;GASOLINA DE AVIAÇÃO;b;19216,313887865013
2012;JAN;Janeiro;1;GASOLINA DE AVIAÇÃO;b;0,0
2012;FEV;Fevereiro;2;GASOLINA DE AVIAÇÃO;b;38983,76587924242
2012;MAR;Março;3;GASOLINA DE AVIAÇÃO;b;0,0
2012;ABR;Abril;4;GASOLINA DE AVIAÇÃO;b;0,0
2012;MAI;Maio;5;GASOLINA DE AVIAÇÃO;b;0,0
2012;JUN;Junho;6;GASOLINA DE AVIAÇÃO;b;0,0
2012;JUL;Julho;7;GASOLINA DE AVIAÇÃO;b;0,0
2012;AGO;Agosto;8;GASOLINA DE AVIAÇÃO;b;0,0
2012;SET;Setembro;9;GASOLINA DE AVIAÇÃO;b;0,0
2012;OUT;Outubro;10;GASOLINA DE AVIAÇÃO;b;0,0
2012;NOV;Novembro;11;GASOLINA DE AVIAÇÃO;b;0,0
2012;DEZ;Dezembro;12;GASOLINA DE AVIAÇÃO;b;0,0
2013;JAN;Janeiro;1;GASOLINA DE AVIAÇÃO;b;0,0
2013;FEV;Fevereiro;2;GASOLINA DE AVIAÇÃO;b;0,0
2013;MAR;Março;3;GASOLINA DE AVIAÇÃO;b;0,0
2013;ABR;Abril;4;GASOLINA DE AVIAÇÃO;b;0,0
2013;MAI;Maio;5;GASOLINA DE AVIAÇÃO;b;0,0
2013;JUN;Junho;6;GASOLINA DE AVIAÇÃO;b;0,0
2013;JUL;Julho;7;GASOLINA DE AVIAÇÃO;b;0,0
2013;AGO;Agosto;8;GASOLINA DE AVIAÇÃO;b;0,0
2013;SET;Setembro;9;GASOLINA DE AVIAÇÃO;b;0,0
2013;OUT;Outubro;10;GASOLINA DE AVIAÇÃO;b;0,0
2013;NOV;Novembro;11;GASOLINA DE AVIAÇÃO;b;0,0
2013;DEZ;Dezembro;12;GASOLINA DE AVIAÇÃO;b;0,0
2014;JAN;Janeiro;1;GASOLINA DE AVIAÇÃO;b;0,0
2014;FEV;Fevereiro;2;GASOLINA DE AVIAÇÃO;b;0,0
2014;MAR;Março;3;GASOLINA DE AVIAÇÃO;b;0,0
2014;ABR;Abril;4;GASOLINA DE AVIAÇÃO;b;0,0
2014;MAI;Maio;5;GASOLINA DE AVIAÇÃO;b;0,0
2014;JUN;Junho;6;GASOLINA DE AVIAÇÃO;b;0,0
2014;JUL;Julho;7;GASOLINA DE AVIAÇÃO;b;0,0
2014;AGO;Agosto;8;GASOLINA DE AVIAÇÃO;b;0,0
2014;SET;Setembro;9;GASOLINA DE AVIAÇÃO;b;0,0
2014;OUT;Outubro;10;GASOLINA DE AVIAÇÃO;b;0,0
2014;NOV;Novembro;11;GASOLINA DE AVIAÇÃO;b;0,0
2014;DEZ;Dezembro;12;GASOLINA DE AVIAÇÃO;b;0,0
2015;JAN;Janeiro;1;GASOLINA DE AVIAÇÃO;b;0,0
2015;FEV;Fevereiro;2;GASOLINA DE AVIAÇÃO;b;0,0
2015;MAR;Março;3;GASOLINA DE AVIAÇÃO;b;0,0
2015;ABR;Abril;4;GASOLINA DE AVIAÇÃO;b;0,0
2015;MAI;Maio;5;GASOLINA DE AVIAÇÃO;b;0,0
2015;JUN;Junho;6;GASOLINA DE AVIAÇÃO;b;0,0
2015;JUL;Julho;7;GASOLINA DE AVIAÇÃO;b;0,0
2015;AGO;Agosto;8;GASOLINA DE AVIAÇÃO;b;0,0
2015;SET;Setembro;9;GASOLINA DE AVIAÇÃO;b;0,0
2015;OUT;Outubro;10;GASOLINA DE AVIAÇÃO;b;0,0
2015;NOV;Novembro;11;GASOLINA DE AVIAÇÃO;b;0,0
2015;DEZ;Dezembro;12;GASOLINA DE AVIAÇÃO;b;0,0
2016;JAN;Janeiro;1;GASOLINA DE AVIAÇÃO;b;0,0
2016;FEV;Fevereiro;2;GASOLINA DE AVIAÇÃO;b;0,0
2016;MAR;Março;3;GASOLINA DE AVIAÇÃO;b;0,0
2016;ABR;Abril;4;GASOLINA DE AVIAÇÃO;b;0,0
2016;MAI;Maio;5;GASOLINA DE AVIAÇÃO;b;0,0
2016;JUN;Junho;6;GASOLINA DE AVIAÇÃO;b;0,0
2016;JUL;Julho;7;GASOLINA DE AVIAÇÃO;b;0,0
2016;AGO;Agosto;8;GASOLINA DE AVIAÇÃO;b;0,0
2016;SET;Setembro;9;GASOLINA DE AVIAÇÃO;b;0,0
2016;OUT;Outubro;10;GASOLINA DE AVIAÇÃO;b;0,0
2016;NOV;Novembro;11;GASOLINA DE AVIAÇÃO;b;0,0
2016;DEZ;Dezembro;12;GASOLINA DE AVIAÇÃO;b;0,0
2017;JAN;Janeiro;1;GASOLINA DE AVIAÇÃO;b;0,0
2017;FEV;Fevereiro;2;GASOLINA DE AVIAÇÃO;b;0,0
2017;MAR;Março;3;GASOLINA DE AVIAÇÃO;b;0,0
2017;ABR;Abril;4;GASOLINA DE AVIAÇÃO;b;0,0
2017;MAI;Maio;5;GASOLINA DE AVIAÇÃO;b;0,0
2017;JUN;Junho;6;GASOLINA DE AVIAÇÃO;b;1492,2399508055555
2017;JUL;Julho;7;GASOLINA DE AVIAÇÃO;b;0,0
2017;AGO;Agosto;8;GASOLINA DE AVIAÇÃO;b;0,0
2017;SET;Setembro;9;GASOLINA DE AVIAÇÃO;b;0,0
2017;OUT;Outubro;10;GASOLINA DE AVIAÇÃO;b;0,0
2017;NOV;Novembro;11;GASOLINA DE AVIAÇÃO;b;0,0
2017;DEZ;Dezembro;12;GASOLINA DE AVIAÇÃO;b;0,0
2018;JAN;Janeiro;1;GASOLINA DE AVIAÇÃO;b;0,0
2018;FEV;Fevereiro;2;GASOLINA DE AVIAÇÃO;b;0,0
2018;MAR;Março;3;GASOLINA DE AVIAÇÃO;b;0,0
2018;ABR;Abril;4;GASOLINA DE AVIAÇÃO;b;0,0
2018;MAI;Maio;5;GASOLINA DE AVIAÇÃO;b;0,0
2018;JUN;Junho;6;GASOLINA DE AVIAÇÃO;b;0,0
2018;JUL;Julho;7;GASOLINA DE AVIAÇÃO;b;0,0
2018;AGO;Agosto;8;GASOLINA DE AVIAÇÃO;b;0,0
2018;SET;Setembro;9;GASOLINA DE AVIAÇÃO;b;0,0
2018;OUT;Outubro;10;GASOLINA DE AVIAÇÃO;b;0,0
2018;NOV;Novembro;11;GASOLINA DE AVIAÇÃO;b;0,0
2018;DEZ;Dezembro;12;GASOLINA DE AVIAÇÃO;b;29456,953606986113
2019;JAN;Janeiro;1;GASOLINA DE AVIAÇÃO;b;36222,92843152778
2019;FEV;Fevereiro;2;GASOLINA DE AVIAÇÃO;b;29534,999666069445
2019;MAR;Março;3;GASOLINA DE AVIAÇÃO;b;0,0
2019;ABR;Abril;4;GASOLINA DE AVIAÇÃO;b;1864,692797125
2019;MAI;Maio;5;GASOLINA DE AVIAÇÃO;b;123724,100718125
2019;JUN;Junho;6;GASOLINA DE AVIAÇÃO;b;0,0
2019;JUL;Julho;7;GASOLINA DE AVIAÇÃO;b;55700,286039722225
2019;AGO;Agosto;8;GASOLINA DE AVIAÇÃO;b;0,026207541666666667
2019;SET;Setembro;9;GASOLINA DE AVIAÇÃO;b;1238,5771550138888
2019;OUT;Outubro;10;GASOLINA DE AVIAÇÃO;b;3139,4538313333333
2019;NOV;Novembro;11;GASOLINA DE AVIAÇÃO;b;63044,91464841667
2019;DEZ;Dezembro;12;GASOLINA DE AVIAÇÃO;b;60632,335721055555
2020;JAN;Janeiro;1;GASOLINA DE AVIAÇÃO;b;0,0
2020;FEV;Fevereiro;2;GASOLINA DE AVIAÇÃO;b;62642,026110375
2020;MAR;Março;3;GASOLINA DE AVIAÇÃO;b;57765,536417375
2020;ABR;Abril;4;GASOLINA DE AVIAÇÃO;b;0,026207541666666667
2020;MAI;Maio;5;GASOLINA DE AVIAÇÃO;b;0,026207541666666667
2020;JUN;Junho;6;GASOLINA DE AVIAÇÃO;b;43562,75232425
2020;JUL;Julho;7;GASOLINA DE AVIAÇÃO;b;55834,91418126389
2020;AGO;Agosto;8;GASOLINA DE AVIAÇÃO;b;0,0
2020;SET;Setembro;9;GASOLINA DE AVIAÇÃO;b;0,0
2020;OUT;Outubro;10;GASOLINA DE AVIAÇÃO;b;0,0
2020;NOV;Novembro;11;GASOLINA DE AVIAÇÃO;b;0,052415083333333334
2020;DEZ;Dezembro;12;GASOLINA DE AVIAÇÃO;b;0,0
2021;JAN;Janeiro;1;GASOLINA DE AVIAÇÃO;b;0,0
2021;FEV;Fevereiro;2;GASOLINA DE AVIAÇÃO;b;0,0
2021;MAR;Março;3;GASOLINA DE AVIAÇÃO;b;0,0
2021;ABR;Abril;4;GASOLINA DE AVIAÇÃO;b;0,0
2021;MAI;Maio;5;GASOLINA DE AVIAÇÃO;b;0,0
2021;JUN;Junho;6;GASOLINA DE AVIAÇÃO;b;0,0
2021;JUL;Julho;7;GASOLINA DE AVIAÇÃO;b;0,0
2021;AGO;Agosto;8;GASOLINA DE AVIAÇÃO;b;0,0
2021;SET;Setembro;9;GASOLINA DE AVIAÇÃO;b;0,0
2021;OUT;Outubro;10;GASOLINA DE AVIAÇÃO;b;0,0
2021;NOV;Novembro;11;GASOLINA DE AVIAÇÃO;b;0,0
2021;DEZ;Dezembro;12;GASOLINA DE AVIAÇÃO;b;0,0
2022;JAN;Janeiro;1;GASOLINA DE AVIAÇÃO;b;0,0
2022;FEV;Fevereiro;2;GASOLINA DE AVIAÇÃO;b;0,0
2022;MAR;Março;3;GASOLINA DE AVIAÇÃO;b;0,0
2022;ABR;Abril;4;GASOLINA DE AVIAÇÃO;b;0,026207541666666667
2022;MAI;Maio;5;GASOLINA DE AVIAÇÃO;b;0,0
2022;JUN;Junho;6;GASOLINA DE AVIAÇÃO;b;0,0
2022;JUL;Julho;7;GASOLINA DE AVIAÇÃO;b;0,0
2022;AGO;Agosto;8;GASOLINA DE AVIAÇÃO;b;0,026207541666666667
2022;SET;Setembro;9;GASOLINA DE AVIAÇÃO;b;0,0
2022;OUT;Outubro;10;GASOLINA DE AVIAÇÃO;b;0,0
2022;NOV;Novembro;11;GASOLINA DE AVIAÇÃO;b;0,0
2022;DEZ;Dezembro;12;GASOLINA DE AVIAÇÃO;b;0,0
2023;JAN;Janeiro;1;GASOLINA DE AVIAÇÃO;b;0,0
2023;FEV;Fevereiro;2;GASOLINA DE AVIAÇÃO;b;0,0
2023;MAR;Março;3;GASOLINA DE AVIAÇÃO;b;0,0
2023;ABR;Abril;4;GASOLINA DE AVIAÇÃO;b;0,0
2023;MAI;Maio;5;GASOLINA DE AVIAÇÃO;b;0,0
2023;JUN;Junho;6;GASOLINA DE AVIAÇÃO;b;0,0
2023;JUL;Julho;7;GASOLINA DE AVIAÇÃO;b;0,0
2023;AGO;Agosto;8;GASOLINA DE AVIAÇÃO;b;0,0
2023;SET;Setembro;9;GASOLINA DE AVIAÇÃO;b;0,0
2023;OUT;Outubro;10;GASOLINA DE AVIAÇÃO;b;0,0
2023;NOV;Novembro;11;GASOLINA DE AVIAÇÃO;b;0,0
2023;DEZ;Dezembro;12;GASOLINA DE AVIAÇÃO;b;0,0
2024;JAN;Janeiro;1;GASOLINA DE AVIAÇÃO;b;0,0
2024;FEV;Fevereiro;2;GASOLINA DE AVIAÇÃO;b;0,0
2024;MAR;Março;3;GASOLINA DE AVIAÇÃO;b;0,0
2024;ABR;Abril;4;GASOLINA DE AVIAÇÃO;b;0,0
2024;MAI;Maio;5;GASOLINA DE AVIAÇÃO;b;0,0
2024;JUN;Junho;6;GASOLINA DE AVIAÇÃO;b;0,0
2024;JUL;Julho;7;GASOLINA DE AVIAÇÃO;b;0,0
2024;AGO;Agosto;8;GASOLINA DE AVIAÇÃO;b;0,0
2024;SET;Setembro;9;GASOLINA DE AVIAÇÃO;b;0,0
2024;OUT;Outubro;10;GASOLINA DE AVIAÇÃO;b;0,0
2024;NOV;Novembro;11;GASOLINA DE AVIAÇÃO;b;0,0
2024;DEZ;Dezembro;12;GASOLINA DE AVIAÇÃO;b;0,0
2025;JAN;Janeiro;1;GASOLINA DE AVIAÇÃO;b;0,0
2025;FEV;Fevereiro;2;GASOLINA DE AVIAÇÃO;b;0,0
2025;MAR;Março;3;GASOLINA DE AVIAÇÃO;b;0,0
2025;ABR;Abril;4;GASOLINA DE AVIAÇÃO;b;0,0
2025;MAI;Maio;5;GASOLINA DE AVIAÇÃO;b;0,0
2025;JUN;Junho;6;GASOLINA DE AVIAÇÃO;b;0,0
2025;JUL;Julho;7;GASOLINA DE AVIAÇÃO;b;0,008735847222222223
2025;AGO;Agosto;8;GASOLINA DE AVIAÇÃO;b;0,0
2025;SET;Setembro;9;GASOLINA DE AVIAÇÃO;b;0,0
2025;OUT;Outubro;10;GASOLINA DE AVIAÇÃO;b;0,0
2025;NOV;Novembro;11;GASOLINA DE AVIAÇÃO;b;0,0
2025;DEZ;Dezembro;12;GASOLINA DE AVIAÇÃO;b;0,0
2026;JAN;Janeiro;1;GASOLINA DE AVIAÇÃO;b;0,0
2026;FEV;Fevereiro;2;GASOLINA DE AVIAÇÃO;b;0,0
2026;MAR;Março;3;GASOLINA DE AVIAÇÃO;b;0,0
2026;ABR;Abril;4;GASOLINA DE AVIAÇÃO;b;0,0
2026;MAI;Maio;5;GASOLINA DE AVIAÇÃO;b;0,0
2026;JUN;Junho;6;GASOLINA DE AVIAÇÃO;b;0,0
2026;JUL;Julho;7;GASOLINA DE AVIAÇÃO;b;0,0
2000;JAN;Janeiro;1;GLP;b;2800787,184824327
2000;FEV;Fevereiro;2;GLP;b;2135743,387649054
2000;MAR;Março;3;GLP;b;1953466,3635077088
2000;ABR;Abril;4;GLP;b;1333708,557915418
2000;MAI;Maio;5;GLP;b;2714475,999004491
2000;JUN;Junho;6;GLP;b;2801183,9574751453
2000;JUL;Julho;7;GLP;b;3595888,4596584905
2000;AGO;Agosto;8;GLP;b;4087735,602669054
2000;SET;Setembro;9;GLP;b;2386966,610110109
2000;OUT;Outubro;10;GLP;b;3395132,1224053823
2000;NOV;Novembro;11;GLP;b;2891953,4749831636
2000;DEZ;Dezembro;12;GLP;b;1960723,6492098726
2001;JAN;Janeiro;1;GLP;b;2729220,628786581
2001;FEV;Fevereiro;2;GLP;b;1704216,8262445633
2001;MAR;Março;3;GLP;b;1450996,8063928548
2001;ABR;Abril;4;GLP;b;1223184,5998323455
2001;MAI;Maio;5;GLP;b;3056390,7910736357
2001;JUN;Junho;6;GLP;b;2405939,696178909
2001;JUL;Julho;7;GLP;b;2419369,584130727
2001;AGO;Agosto;8;GLP;b;2317750,5217613094
2001;SET;Setembro;9;GLP;b;1825029,7241417454
2001;OUT;Outubro;10;GLP;b;1762886,5385739638
2001;NOV;Novembro;11;GLP;b;2602281,5016934727
2001;DEZ;Dezembro;12;GLP;b;725367,9811270726
2002;JAN;Janeiro;1;GLP;b;2894504,290274636
2002;FEV;Fevereiro;2;GLP;b;1401576,5455689093
2002;MAR;Março;3;GLP;b;1612433,1512081637
2002;ABR;Abril;4;GLP;b;1685111,059492818
2002;MAI;Maio;5;GLP;b;2178830,4502200186
2002;JUN;Junho;6;GLP;b;981409,8270291272
2002;JUL;Julho;7;GLP;b;2132808,459378891
2002;AGO;Agosto;8;GLP;b;2211453,727694891
2002;SET;Setembro;9;GLP;b;1070614,4855532183
2002;OUT;Outubro;10;GLP;b;1934427,0057135448
2002;NOV;Novembro;11;GLP;b;1731849,0251242546
2002;DEZ;Dezembro;12;GLP;b;1269787,7691174727
2003;JAN;Janeiro;1;GLP;b;1643847,3698729165
2003;FEV;Fevereiro;2;GLP;b;1374159,7334429165
2003;MAR;Março;3;GLP;b;687181,0563187499
2003;ABR;Abril;4;GLP;b;1451295,2285829165
2003;MAI;Maio;5;GLP;b;774531,4193958334
2003;JUN;Junho;6;GLP;b;1378399,2704854168
2003;JUL;Julho;7;GLP;b;740891,6240150001
2003;AGO;Agosto;8;GLP;b;430896,2073779166
2003;SET;Setembro;9;GLP;b;1121385,635389167
2003;OUT;Outubro;10;GLP;b;1427785,4342824996
2003;NOV;Novembro;11;GLP;b;720804,3751320834
2003;DEZ;Dezembro;12;GLP;b;1079662,442829583
2004;JAN;Janeiro;1;GLP;b;1269053,0772116666
2004;FEV;Fevereiro;2;GLP;b;296619,47478625
2004;MAR;Março;3;GLP;b;1229389,4214058332
2004;ABR;Abril;4;GLP;b;460036,8629241666
2004;MAI;Maio;5;GLP;b;572757,0834795834
2004;JUN;Junho;6;GLP;b;1200678,6948833335
2004;JUL;Julho;7;GLP;b;1069868,6617195834
2004;AGO;Agosto;8;GLP;b;1756468,936125833
2004;SET;Setembro;9;GLP;b;1814952,5922291665
2004;OUT;Outubro;10;GLP;b;954783,1193720832
2004;NOV;Novembro;11;GLP;b;810786,7844079165
2004;DEZ;Dezembro;12;GLP;b;390307,35698374995
2005;JAN;Janeiro;1;GLP;b;399321,50930750003
2005;FEV;Fevereiro;2;GLP;b;354812,27275541663
2005;MAR;Março;3;GLP;b;148461,58730791666
2005;ABR;Abril;4;GLP;b;395139,9934833332
2005;MAI;Maio;5;GLP;b;428660,2482904165
2005;JUN;Junho;6;GLP;b;749330,0080429165
2005;JUL;Julho;7;GLP;b;467814,4978537501
2005;AGO;Agosto;8;GLP;b;663864,5939137499
2005;SET;Setembro;9;GLP;b;476619,1493683333
2005;OUT;Outubro;10;GLP;b;650158,0952004167
2005;NOV;Novembro;11;GLP;b;907914,3950545834
2005;DEZ;Dezembro;12;GLP;b;318091,33646291663
2006;JAN;Janeiro;1;GLP;b;456698,87670958333
2006;FEV;Fevereiro;2;GLP;b;304735,76812708325
2006;MAR;Março;3;GLP;b;215930,59022833328
2006;ABR;Abril;4;GLP;b;1123769,4961683333
2006;MAI;Maio;5;GLP;b;894856,2595275001
2006;JUN;Junho;6;GLP;b;915967,1294095833
2006;JUL;Julho;7;GLP;b;1391183,2865212501
2006;AGO;Agosto;8;GLP;b;578437,2832712498
2006;SET;Setembro;9;GLP;b;772030,3995108332
2006;OUT;Outubro;10;GLP;b;1476517,1501858332
2006;NOV;Novembro;11;GLP;b;977498,8707383332
2006;DEZ;Dezembro;12;GLP;b;864653,1274529166
2007;JAN;Janeiro;1;GLP;b;916521,4417049997
2007;FEV;Fevereiro;2;GLP;b;744560,9647129168
2007;MAR;Março;3;GLP;b;969705,7391754168
2007;ABR;Abril;4;GLP;b;937098,2360716666
2007;MAI;Maio;5;GLP;b;792872,4483829167
2007;JUN;Junho;6;GLP;b;1026466,6596191666
2007;JUL;Julho;7;GLP;b;1714951,5867141664
2007;AGO;Agosto;8;GLP;b;1276240,35877875
2007;SET;Setembro;9;GLP;b;712281,0330908335
2007;OUT;Outubro;10;GLP;b;834195,4517812501
2007;NOV;Novembro;11;GLP;b;799501,9195175
2007;DEZ;Dezembro;12;GLP;b;563043,7937062499
2008;JAN;Janeiro;1;GLP;b;435020,8560271497
2008;FEV;Fevereiro;2;GLP;b;176105,38202000002
2008;MAR;Março;3;GLP;b;1210160,0479129169
2008;ABR;Abril;4;GLP;b;938716,7682666669
2008;MAI;Maio;5;GLP;b;1270119,9406545835
2008;JUN;Junho;6;GLP;b;1296489,44492875
2008;JUL;Julho;7;GLP;b;1517536,7955920834
2008;AGO;Agosto;8;GLP;b;1521203,2876441667
2008;SET;Setembro;9;GLP;b;1452284,4949133333
2008;OUT;Outubro;10;GLP;b;1842549,110815
2008;NOV;Novembro;11;GLP;b;879299,6565020831
2008;DEZ;Dezembro;12;GLP;b;1227809,118037917
2009;JAN;Janeiro;1;GLP;b;862978,64785375
2009;FEV;Fevereiro;2;GLP;b;530223,83859625
2009;MAR;Março;3;GLP;b;1047869,52709375
2009;ABR;Abril;4;GLP;b;1048466,3297904166
2009;MAI;Maio;5;GLP;b;1635336,8695270836
2009;JUN;Junho;6;GLP;b;1526512,85582375
2009;JUL;Julho;7;GLP;b;1481392,0264058332
2009;AGO;Agosto;8;GLP;b;1399403,2249920834
2009;SET;Setembro;9;GLP;b;1616262,29144875
2009;OUT;Outubro;10;GLP;b;2180723,3206408336
2009;NOV;Novembro;11;GLP;b;1267330,8201245833
2009;DEZ;Dezembro;12;GLP;b;1484495,272809167
2010;JAN;Janeiro;1;GLP;b;727441,68574
2010;FEV;Fevereiro;2;GLP;b;1023106,8413829167
2010;MAR;Março;3;GLP;b;1786226,2665220832
2010;ABR;Abril;4;GLP;b;1804856,3988775
2010;MAI;Maio;5;GLP;b;1531654,3538991665
2010;JUN;Junho;6;GLP;b;1670355,0448645833
2010;JUL;Julho;7;GLP;b;2387682,2147629163
2010;AGO;Agosto;8;GLP;b;2056869,3159754165
2010;SET;Setembro;9;GLP;b;1702721,1081420833
2010;OUT;Outubro;10;GLP;b;2084529,2568120833
2010;NOV;Novembro;11;GLP;b;1445922,8876437503
2010;DEZ;Dezembro;12;GLP;b;1419037,74429
2011;JAN;Janeiro;1;GLP;b;1219966,5453779167
2011;FEV;Fevereiro;2;GLP;b;1499427,8059
2011;MAR;Março;3;GLP;b;2192124,5812
2011;ABR;Abril;4;GLP;b;1797023,8762400001
2011;MAI;Maio;5;GLP;b;1576672,96251
2011;JUN;Junho;6;GLP;b;2050729,6524
2011;JUL;Julho;7;GLP;b;1816289,56427
2011;AGO;Agosto;8;GLP;b;2228196,493420417
2011;SET;Setembro;9;GLP;b;2090990,72621
2011;OUT;Outubro;10;GLP;b;2031451,38475
2011;NOV;Novembro;11;GLP;b;1185471,9397500001
2011;DEZ;Dezembro;12;GLP;b;1632288,4060015
2012;JAN;Janeiro;1;GLP;b;1886496,42349
2012;FEV;Fevereiro;2;GLP;b;961051,51895
2012;MAR;Março;3;GLP;b;1278708,0039291666
2012;ABR;Abril;4;GLP;b;1390817,9078120834
2012;MAI;Maio;5;GLP;b;1744422,7535445828
2012;JUN;Junho;6;GLP;b;1255341,7130112501
2012;JUL;Julho;7;GLP;b;1251202,0950700003
2012;AGO;Agosto;8;GLP;b;849700,847549167
2012;SET;Setembro;9;GLP;b;585348,3601383333
2012;OUT;Outubro;10;GLP;b;2552909,7008308326
2012;NOV;Novembro;11;GLP;b;1169055,9116712501
2012;DEZ;Dezembro;12;GLP;b;926868,55517625
2013;JAN;Janeiro;1;GLP;b;3001282,7378120837
2013;FEV;Fevereiro;2;GLP;b;811135,0826366666
2013;MAR;Março;3;GLP;b;1427347,16442375
2013;ABR;Abril;4;GLP;b;1097531,0523916667
2013;MAI;Maio;5;GLP;b;1770441,6692787495
2013;JUN;Junho;6;GLP;b;949470,7823087501
2013;JUL;Julho;7;GLP;b;2580795,97227625
2013;AGO;Agosto;8;GLP;b;2889476,7274666666
2013;SET;Setembro;9;GLP;b;1304948,28223375
2013;OUT;Outubro;10;GLP;b;1663513,7256366664
2013;NOV;Novembro;11;GLP;b;1658355,3293941668
2013;DEZ;Dezembro;12;GLP;b;1755734,1564195836
2014;JAN;Janeiro;1;GLP;b;2942846,87059125
2014;FEV;Fevereiro;2;GLP;b;1696101,4933220833
2014;MAR;Março;3;GLP;b;1829362,5469391667
2014;ABR;Abril;4;GLP;b;1422568,3559358332
2014;MAI;Maio;5;GLP;b;1479756,5732545834
2014;JUN;Junho;6;GLP;b;1151692,2758587499
2014;JUL;Julho;7;GLP;b;5262131,526443333
2014;AGO;Agosto;8;GLP;b;2279244,317910417
2014;SET;Setembro;9;GLP;b;891785,3167679168
2014;OUT;Outubro;10;GLP;b;1151993,9246633335
2014;NOV;Novembro;11;GLP;b;2577619,6182262497
2014;DEZ;Dezembro;12;GLP;b;1611938,7421433332
2015;JAN;Janeiro;1;GLP;b;1625073,187195
2015;FEV;Fevereiro;2;GLP;b;1159231,2170566663
2015;MAR;Março;3;GLP;b;1708278,155277083
2015;ABR;Abril;4;GLP;b;2269572,0600316664
2015;MAI;Maio;5;GLP;b;612867,9994704167
2015;JUN;Junho;6;GLP;b;1497554,1148004169
2015;JUL;Julho;7;GLP;b;1222197,3427191672
2015;AGO;Agosto;8;GLP;b;1001002,8651958335
2015;SET;Setembro;9;GLP;b;1555787,4319079167
2015;OUT;Outubro;10;GLP;b;1426814,99180375
2015;NOV;Novembro;11;GLP;b;4112129,8990975004
2015;DEZ;Dezembro;12;GLP;b;1881348,8976800004
2016;JAN;Janeiro;1;GLP;b;496081,2572258333
2016;FEV;Fevereiro;2;GLP;b;4215591,997905417
2016;MAR;Março;3;GLP;b;1224404,8837158333
2016;ABR;Abril;4;GLP;b;3252710,3493479174
2016;MAI;Maio;5;GLP;b;2711196,6550337505
2016;JUN;Junho;6;GLP;b;2812459,6562312506
2016;JUL;Julho;7;GLP;b;2330815,8716341667
2016;AGO;Agosto;8;GLP;b;2754161,5837066662
2016;SET;Setembro;9;GLP;b;2338744,7810520832
2016;OUT;Outubro;10;GLP;b;1509975,6919295834
2016;NOV;Novembro;11;GLP;b;1402832,4248462503
2016;DEZ;Dezembro;12;GLP;b;1051026,852189583
2017;JAN;Janeiro;1;GLP;b;1296214,3455033335
2017;FEV;Fevereiro;2;GLP;b;3389494,2890833328
2017;MAR;Março;3;GLP;b;1017986,5714162502
2017;ABR;Abril;4;GLP;b;637086,0354925
2017;MAI;Maio;5;GLP;b;951185,4278141666
2017;JUN;Junho;6;GLP;b;2907597,385212083
2017;JUL;Julho;7;GLP;b;2517244,6663920833
2017;AGO;Agosto;8;GLP;b;3007280,629981667
2017;SET;Setembro;9;GLP;b;2842660,3042866667
2017;OUT;Outubro;10;GLP;b;1281575,5533762502
2017;NOV;Novembro;11;GLP;b;709217,13218375
2017;DEZ;Dezembro;12;GLP;b;153252,75891875
2018;JAN;Janeiro;1;GLP;b;3135637,5802725
2018;FEV;Fevereiro;2;GLP;b;3298176,9473970835
2018;MAR;Março;3;GLP;b;2343434,6776062497
2018;ABR;Abril;4;GLP;b;1869493,5515804167
2018;MAI;Maio;5;GLP;b;1078962,4735754167
2018;JUN;Junho;6;GLP;b;1556823,3476625
2018;JUL;Julho;7;GLP;b;2194016,047849584
2018;AGO;Agosto;8;GLP;b;4392623,827917917
2018;SET;Setembro;9;GLP;b;1348556,9934704169
2018;OUT;Outubro;10;GLP;b;1382287,4669454168
2018;NOV;Novembro;11;GLP;b;2997223,668180417
2018;DEZ;Dezembro;12;GLP;b;2022968,1630366663
2019;JAN;Janeiro;1;GLP;b;2926847,0752470833
2019;FEV;Fevereiro;2;GLP;b;954056,6349225001
2019;MAR;Março;3;GLP;b;1653493,96715
2019;ABR;Abril;4;GLP;b;1967251,1801341665
2019;MAI;Maio;5;GLP;b;2747859,6612645835
2019;JUN;Junho;6;GLP;b;1520617,2642233332
2019;JUL;Julho;7;GLP;b;1745856,157944167
2019;AGO;Agosto;8;GLP;b;1597255,1693037502
2019;SET;Setembro;9;GLP;b;636511,6003629167
2019;OUT;Outubro;10;GLP;b;2973094,1338870833
2019;NOV;Novembro;11;GLP;b;1095406,6234858334
2019;DEZ;Dezembro;12;GLP;b;2544167,0700333333
2020;JAN;Janeiro;1;GLP;b;1275556,1482333334
2020;FEV;Fevereiro;2;GLP;b;1020510,414651667
2020;MAR;Março;3;GLP;b;1422873,5826395834
2020;ABR;Abril;4;GLP;b;2402376,9998725
2020;MAI;Maio;5;GLP;b;3033675,6581225
2020;JUN;Junho;6;GLP;b;2822420,3338033333
2020;JUL;Julho;7;GLP;b;1558747,6307120835
2020;AGO;Agosto;8;GLP;b;827075,0222345834
2020;SET;Setembro;9;GLP;b;1397661,5971133334
2020;OUT;Outubro;10;GLP;b;1337613,4419291664
2020;NOV;Novembro;11;GLP;b;3382683,0173716666
2020;DEZ;Dezembro;12;GLP;b;2270950,1323345834
2021;JAN;Janeiro;1;GLP;b;1704005,7790454167
2021;FEV;Fevereiro;2;GLP;b;1651692,7456004168
2021;MAR;Março;3;GLP;b;2444167,2609495833
2021;ABR;Abril;4;GLP;b;1848822,1024099998
2021;MAI;Maio;5;GLP;b;2129153,2823966667
2021;JUN;Junho;6;GLP;b;2261471,912815417
2021;JUL;Julho;7;GLP;b;3370053,8081449997
2021;AGO;Agosto;8;GLP;b;3844327,382534166
2021;SET;Setembro;9;GLP;b;1390486,268464167
2021;OUT;Outubro;10;GLP;b;2236262,821513334
2021;NOV;Novembro;11;GLP;b;712108,1772616669
2021;DEZ;Dezembro;12;GLP;b;1674473,6739833332
2022;JAN;Janeiro;1;GLP;b;1412219,8067470833
2022;FEV;Fevereiro;2;GLP;b;721223,1146750001
2022;MAR;Março;3;GLP;b;2334515,0433512507
2022;ABR;Abril;4;GLP;b;962732,4023050002
2022;MAI;Maio;5;GLP;b;2477119,97435
2022;JUN;Junho;6;GLP;b;2646032,4344841666
2022;JUL;Julho;7;GLP;b;3412682,9840254164
2022;AGO;Agosto;8;GLP;b;1483614,0157341666
2022;SET;Setembro;9;GLP;b;1436406,8381079168
2022;OUT;Outubro;10;GLP;b;1660384,1691404164
2022;NOV;Novembro;11;GLP;b;1129144,12741875
2022;DEZ;Dezembro;12;GLP;b;2392760,7007925
2023;JAN;Janeiro;1;GLP;b;1581840,633943333
2023;FEV;Fevereiro;2;GLP;b;925604,2919716666
2023;MAR;Março;3;GLP;b;1211559,6559783332
2023;ABR;Abril;4;GLP;b;2766254,7689441666
2023;MAI;Maio;5;GLP;b;2085568,0553962502
2023;JUN;Junho;6;GLP;b;1487706,0612899996
2023;JUL;Julho;7;GLP;b;1955508,5606475002
2023;AGO;Agosto;8;GLP;b;1453479,365105417
2023;SET;Setembro;9;GLP;b;1252897,4723349998
2023;OUT;Outubro;10;GLP;b;1094396,6076191664
2023;NOV;Novembro;11;GLP;b;1452123,8540775003
2023;DEZ;Dezembro;12;GLP;b;923777,8997874998
2024;JAN;Janeiro;1;GLP;b;1895648,7579258333
2024;FEV;Fevereiro;2;GLP;b;1098259,0067425
2024;MAR;Março;3;GLP;b;1711921,8011895833
2024;ABR;Abril;4;GLP;b;2019013,786836667
2024;MAI;Maio;5;GLP;b;2292479,9924404165
2024;JUN;Junho;6;GLP;b;2650535,6649741665
2024;JUL;Julho;7;GLP;b;1077749,1669475
2024;AGO;Agosto;8;GLP;b;2173917,0967295836
2024;SET;Setembro;9;GLP;b;2212061,8545770836
2024;OUT;Outubro;10;GLP;b;576101,0746395834
2024;NOV;Novembro;11;GLP;b;2130180,5724516665
2024;DEZ;Dezembro;12;GLP;b;1396755,8872625
2025;JAN;Janeiro;1;GLP;b;1760975,9382229168
2025;FEV;Fevereiro;2;GLP;b;1382960,9893716667
2025;MAR;Março;3;GLP;b;1810548,893424583
2025;ABR;Abril;4;GLP;b;1182094,5396716665
2025;MAI;Maio;5;GLP;b;2252901,3174370835
2025;JUN;Junho;6;GLP;b;2060129,249294167
2025;JUL;Julho;7;GLP;b;1852545,2255412503
2025;AGO;Agosto;8;GLP;b;1171037,3613454166
2025;SET;Setembro;9;GLP;b;884251,0359545832
2025;OUT;Outubro;10;GLP;b;1140070,5984795839
2025;NOV;Novembro;11;GLP;b;1626916,0559466667
2025;DEZ;Dezembro;12;GLP;b;1053417,526929583
2026;JAN;Janeiro;1;GLP;b;370777,32601500006
2026;FEV;Fevereiro;2;GLP;b;720972,5022091666
2026;MAR;Março;3;GLP;b;1376155,46053
2026;ABR;Abril;4;GLP;b;333281,6492125
2026;MAI;Maio;5;GLP;b;1876626,4240120836
2026;JUN;Junho;6;GLP;b;1603136,4379129165
2026;JUL;Julho;7;GLP;b;1576579,5611104167
2000;JAN;Janeiro;1;LUBRIFICANTE;b;74307,57947212501
2000;FEV;Fevereiro;2;LUBRIFICANTE;b;65764,63802243181
2000;MAR;Março;3;LUBRIFICANTE;b;37274,52192426135
2000;ABR;Abril;4;LUBRIFICANTE;b;21537,06707620455
2000;MAI;Maio;5;LUBRIFICANTE;b;55019,03370078408
2000;JUN;Junho;6;LUBRIFICANTE;b;68132,64427476138
2000;JUL;Julho;7;LUBRIFICANTE;b;48652,645264034094
2000;AGO;Agosto;8;LUBRIFICANTE;b;98294,97068903409
2000;SET;Setembro;9;LUBRIFICANTE;b;79164,70655684092
2000;OUT;Outubro;10;LUBRIFICANTE;b;174632,25040562497
2000;NOV;Novembro;11;LUBRIFICANTE;b;211846,85474212497
2000;DEZ;Dezembro;12;LUBRIFICANTE;b;20835,71037613637
2001;JAN;Janeiro;1;LUBRIFICANTE;b;73323,35286232953
2001;FEV;Fevereiro;2;LUBRIFICANTE;b;88427,37381080682
2001;MAR;Março;3;LUBRIFICANTE;b;166882,43255439773
2001;ABR;Abril;4;LUBRIFICANTE;b;257914,48816131815
2001;MAI;Maio;5;LUBRIFICANTE;b;127146,08614364776
2001;JUN;Junho;6;LUBRIFICANTE;b;87025,87548760227
2001;JUL;Julho;7;LUBRIFICANTE;b;105314,22710876136
2001;AGO;Agosto;8;LUBRIFICANTE;b;57559,48795978409
2001;SET;Setembro;9;LUBRIFICANTE;b;114486,28536117043
2001;OUT;Outubro;10;LUBRIFICANTE;b;126702,55447348862
2001;NOV;Novembro;11;LUBRIFICANTE;b;37586,44646768182
2001;DEZ;Dezembro;12;LUBRIFICANTE;b;102563,15713240909
2002;JAN;Janeiro;1;LUBRIFICANTE;b;160725,53052820452
2002;FEV;Fevereiro;2;LUBRIFICANTE;b;69448,7441321932
2002;MAR;Março;3;LUBRIFICANTE;b;174897,3158645455
2002;ABR;Abril;4;LUBRIFICANTE;b;69536,444096625
2002;MAI;Maio;5;LUBRIFICANTE;b;100007,96470497728
2002;JUN;Junho;6;LUBRIFICANTE;b;112198,00245059091
2002;JUL;Julho;7;LUBRIFICANTE;b;138606,49878175
2002;AGO;Agosto;8;LUBRIFICANTE;b;108601,76069802277
2002;SET;Setembro;9;LUBRIFICANTE;b;209710,07048240912
2002;OUT;Outubro;10;LUBRIFICANTE;b;109650,76520330684
2002;NOV;Novembro;11;LUBRIFICANTE;b;175570,2969445
2002;DEZ;Dezembro;12;LUBRIFICANTE;b;113144,27577504542
2003;JAN;Janeiro;1;LUBRIFICANTE;b;104929,56483361144
2003;FEV;Fevereiro;2;LUBRIFICANTE;b;163744,11171933715
2003;MAR;Março;3;LUBRIFICANTE;b;104209,16234380573
2003;ABR;Abril;4;LUBRIFICANTE;b;169015,77040666295
2003;MAI;Maio;5;LUBRIFICANTE;b;114228,07489660571
2003;JUN;Junho;6;LUBRIFICANTE;b;96225,35196118857
2003;JUL;Julho;7;LUBRIFICANTE;b;130278,28985258284
2003;AGO;Agosto;8;LUBRIFICANTE;b;120901,11762864002
2003;SET;Setembro;9;LUBRIFICANTE;b;164154,36547513143
2003;OUT;Outubro;10;LUBRIFICANTE;b;86220,50701772573
2003;NOV;Novembro;11;LUBRIFICANTE;b;91121,05972669716
2003;DEZ;Dezembro;12;LUBRIFICANTE;b;70196,67332197714
2004;JAN;Janeiro;1;LUBRIFICANTE;b;165230,89341295997
2004;FEV;Fevereiro;2;LUBRIFICANTE;b;56734,28747392
2004;MAR;Março;3;LUBRIFICANTE;b;232087,9723474629
2004;ABR;Abril;4;LUBRIFICANTE;b;34542,62296204571
2004;MAI;Maio;5;LUBRIFICANTE;b;189298,07144151998
2004;JUN;Junho;6;LUBRIFICANTE;b;173423,69800808007
2004;JUL;Julho;7;LUBRIFICANTE;b;132412,26064761143
2004;AGO;Agosto;8;LUBRIFICANTE;b;163112,89514115432
2004;SET;Setembro;9;LUBRIFICANTE;b;144124,92917898291
2004;OUT;Outubro;10;LUBRIFICANTE;b;151919,78648084574
2004;NOV;Novembro;11;LUBRIFICANTE;b;128302,46285184003
2004;DEZ;Dezembro;12;LUBRIFICANTE;b;130372,6729443543
2005;JAN;Janeiro;1;LUBRIFICANTE;b;232770,90194637713
2005;FEV;Fevereiro;2;LUBRIFICANTE;b;192750,85365557714
2005;MAR;Março;3;LUBRIFICANTE;b;165320,27341014854
2005;ABR;Abril;4;LUBRIFICANTE;b;320392,67799514276
2005;MAI;Maio;5;LUBRIFICANTE;b;232461,22045539433
2005;JUN;Junho;6;LUBRIFICANTE;b;191613,51942884573
2005;JUL;Julho;7;LUBRIFICANTE;b;160571,71126419422
2005;AGO;Agosto;8;LUBRIFICANTE;b;157834,42189396571
2005;SET;Setembro;9;LUBRIFICANTE;b;150993,96239061712
2005;OUT;Outubro;10;LUBRIFICANTE;b;121597,02220703996
2005;NOV;Novembro;11;LUBRIFICANTE;b;93894,49214227426
2005;DEZ;Dezembro;12;LUBRIFICANTE;b;118375,72656604573
2006;JAN;Janeiro;1;LUBRIFICANTE;b;161421,36755241148
2006;FEV;Fevereiro;2;LUBRIFICANTE;b;187245,7675395314
2006;MAR;Março;3;LUBRIFICANTE;b;165462,36560931423
2006;ABR;Abril;4;LUBRIFICANTE;b;96342,48619427427
2006;MAI;Maio;5;LUBRIFICANTE;b;76481,42272055996
2006;JUN;Junho;6;LUBRIFICANTE;b;122189,69482954289
2006;JUL;Julho;7;LUBRIFICANTE;b;241227,18847948566
2006;AGO;Agosto;8;LUBRIFICANTE;b;66546,93020049145
2006;SET;Setembro;9;LUBRIFICANTE;b;210044,5676427313
2006;OUT;Outubro;10;LUBRIFICANTE;b;178395,0847601828
2006;NOV;Novembro;11;LUBRIFICANTE;b;198124,14848414858
2006;DEZ;Dezembro;12;LUBRIFICANTE;b;119817,48040842291
2007;JAN;Janeiro;1;LUBRIFICANTE;b;224369,32597773708
2007;FEV;Fevereiro;2;LUBRIFICANTE;b;148956,52400529143
2007;MAR;Março;3;LUBRIFICANTE;b;165302,9638530286
2007;ABR;Abril;4;LUBRIFICANTE;b;170173,10263501716
2007;MAI;Maio;5;LUBRIFICANTE;b;306321,7045081943
2007;JUN;Junho;6;LUBRIFICANTE;b;260736,25980889145
2007;JUL;Julho;7;LUBRIFICANTE;b;179962,12442940575
2007;AGO;Agosto;8;LUBRIFICANTE;b;279822,93625211436
2007;SET;Setembro;9;LUBRIFICANTE;b;277288,00624338293
2007;OUT;Outubro;10;LUBRIFICANTE;b;276114,81650547433
2007;NOV;Novembro;11;LUBRIFICANTE;b;185352,68568497145
2007;DEZ;Dezembro;12;LUBRIFICANTE;b;264819,7266629143
2008;JAN;Janeiro;1;LUBRIFICANTE;b;183948,05250412575
2008;FEV;Fevereiro;2;LUBRIFICANTE;b;338256,3062751315
2008;MAR;Março;3;LUBRIFICANTE;b;100613,62660198857
2008;ABR;Abril;4;LUBRIFICANTE;b;350840,71371908573
2008;MAI;Maio;5;LUBRIFICANTE;b;217673,07923806852
2008;JUN;Junho;6;LUBRIFICANTE;b;302302,2427607314
2008;JUL;Julho;7;LUBRIFICANTE;b;360913,7330145943
2008;AGO;Agosto;8;LUBRIFICANTE;b;211332,1169089714
2008;SET;Setembro;9;LUBRIFICANTE;b;355159,13193293737
2008;OUT;Outubro;10;LUBRIFICANTE;b;410257,1702625713
2008;NOV;Novembro;11;LUBRIFICANTE;b;406585,16480786284
2008;DEZ;Dezembro;12;LUBRIFICANTE;b;317636,0231984687
2009;JAN;Janeiro;1;LUBRIFICANTE;b;369250,64254808007
2009;FEV;Fevereiro;2;LUBRIFICANTE;b;197140,34312825144
2009;MAR;Março;3;LUBRIFICANTE;b;174955,07625169144
2009;ABR;Abril;4;LUBRIFICANTE;b;226728,78107
2009;MAI;Maio;5;LUBRIFICANTE;b;136271,24238564575
2009;JUN;Junho;6;LUBRIFICANTE;b;184532,95451564566
2009;JUL;Julho;7;LUBRIFICANTE;b;191812,64403091426
2009;AGO;Agosto;8;LUBRIFICANTE;b;171152,09898189714
2009;SET;Setembro;9;LUBRIFICANTE;b;423004,5664516
2009;OUT;Outubro;10;LUBRIFICANTE;b;292674,91580764577
2009;NOV;Novembro;11;LUBRIFICANTE;b;287440,1477545141
2009;DEZ;Dezembro;12;LUBRIFICANTE;b;233795,63060322282
2010;JAN;Janeiro;1;LUBRIFICANTE;b;416221,88694
2010;FEV;Fevereiro;2;LUBRIFICANTE;b;165849,0415630514
2010;MAR;Março;3;LUBRIFICANTE;b;372320,48675262847
2010;ABR;Abril;4;LUBRIFICANTE;b;313397,9851622401
2010;MAI;Maio;5;LUBRIFICANTE;b;416388,6639477828
2010;JUN;Junho;6;LUBRIFICANTE;b;517135,2463506403
2010;JUL;Julho;7;LUBRIFICANTE;b;337809,5859980455
2010;AGO;Agosto;8;LUBRIFICANTE;b;443144,5165065373
2010;SET;Setembro;9;LUBRIFICANTE;b;452524,6718975085
2010;OUT;Outubro;10;LUBRIFICANTE;b;534199,3571135546
2010;NOV;Novembro;11;LUBRIFICANTE;b;546303,1583783202
2010;DEZ;Dezembro;12;LUBRIFICANTE;b;434500,0748
2011;JAN;Janeiro;1;LUBRIFICANTE;b;276664,6537247885
2011;FEV;Fevereiro;2;LUBRIFICANTE;b;330290,50272
2011;MAR;Março;3;LUBRIFICANTE;b;415517,42822
2011;ABR;Abril;4;LUBRIFICANTE;b;461143,70996
2011;MAI;Maio;5;LUBRIFICANTE;b;266153,31015000003
2011;JUN;Junho;6;LUBRIFICANTE;b;376596,08394
2011;JUL;Julho;7;LUBRIFICANTE;b;321176,56803
2011;AGO;Agosto;8;LUBRIFICANTE;b;463112,08263734845
2011;SET;Setembro;9;LUBRIFICANTE;b;418951,66448000004
2011;OUT;Outubro;10;LUBRIFICANTE;b;413058,11251
2011;NOV;Novembro;11;LUBRIFICANTE;b;469678,98213
2011;DEZ;Dezembro;12;LUBRIFICANTE;b;385941,48363800003
2012;JAN;Janeiro;1;LUBRIFICANTE;b;233305,07574170272
2012;FEV;Fevereiro;2;LUBRIFICANTE;b;366528,8009512116
2012;MAR;Março;3;LUBRIFICANTE;b;378980,7557790972
2012;ABR;Abril;4;LUBRIFICANTE;b;398919,043742903
2012;MAI;Maio;5;LUBRIFICANTE;b;393480,24863008
2012;JUN;Junho;6;LUBRIFICANTE;b;510919,7423688911
2012;JUL;Julho;7;LUBRIFICANTE;b;288873,88658186264
2012;AGO;Agosto;8;LUBRIFICANTE;b;587501,9026864116
2012;SET;Setembro;9;LUBRIFICANTE;b;642570,4400100572
2012;OUT;Outubro;10;LUBRIFICANTE;b;402961,20631320006
2012;NOV;Novembro;11;LUBRIFICANTE;b;428247,0116671087
2012;DEZ;Dezembro;12;LUBRIFICANTE;b;405796,9689487887
2013;JAN;Janeiro;1;LUBRIFICANTE;b;442969,73547522107
2013;FEV;Fevereiro;2;LUBRIFICANTE;b;409376,6720895349
2013;MAR;Março;3;LUBRIFICANTE;b;345818,654000814
2013;ABR;Abril;4;LUBRIFICANTE;b;492929,7036189536
2013;MAI;Maio;5;LUBRIFICANTE;b;339526,64256731386
2013;JUN;Junho;6;LUBRIFICANTE;b;449740,06501802336
2013;JUL;Julho;7;LUBRIFICANTE;b;485133,22814331384
2013;AGO;Agosto;8;LUBRIFICANTE;b;484870,6505170117
2013;SET;Setembro;9;LUBRIFICANTE;b;529255,2359982209
2013;OUT;Outubro;10;LUBRIFICANTE;b;379340,9643377327
2013;NOV;Novembro;11;LUBRIFICANTE;b;536719,1926231047
2013;DEZ;Dezembro;12;LUBRIFICANTE;b;529553,4241883488
2014;JAN;Janeiro;1;LUBRIFICANTE;b;371945,68366156996
2014;FEV;Fevereiro;2;LUBRIFICANTE;b;436609,28213244205
2014;MAR;Março;3;LUBRIFICANTE;b;163358,35290766283
2014;ABR;Abril;4;LUBRIFICANTE;b;408888,4731275463
2014;MAI;Maio;5;LUBRIFICANTE;b;471742,01055506704
2014;JUN;Junho;6;LUBRIFICANTE;b;396599,22293756966
2014;JUL;Julho;7;LUBRIFICANTE;b;398760,4894183604
2014;AGO;Agosto;8;LUBRIFICANTE;b;520687,5786204529
2014;SET;Setembro;9;LUBRIFICANTE;b;349106,84964909306
2014;OUT;Outubro;10;LUBRIFICANTE;b;301837,7865568139
2014;NOV;Novembro;11;LUBRIFICANTE;b;284721,7434865697
2014;DEZ;Dezembro;12;LUBRIFICANTE;b;381530,9737874767
2015;JAN;Janeiro;1;LUBRIFICANTE;b;256510,6657333721
2015;FEV;Fevereiro;2;LUBRIFICANTE;b;224679,5390308023
2015;MAR;Março;3;LUBRIFICANTE;b;305667,09602213954
2015;ABR;Abril;4;LUBRIFICANTE;b;154889,69421380232
2015;MAI;Maio;5;LUBRIFICANTE;b;312084,2454197094
2015;JUN;Junho;6;LUBRIFICANTE;b;650867,205719314
2015;JUL;Julho;7;LUBRIFICANTE;b;226123,02848460458
2015;AGO;Agosto;8;LUBRIFICANTE;b;153111,7770250465
2015;SET;Setembro;9;LUBRIFICANTE;b;385275,8974065467
2015;OUT;Outubro;10;LUBRIFICANTE;b;276687,7179774419
2015;NOV;Novembro;11;LUBRIFICANTE;b;504466,23176777887
2015;DEZ;Dezembro;12;LUBRIFICANTE;b;637400,2983128255
2016;JAN;Janeiro;1;LUBRIFICANTE;b;187071,87276543025
2016;FEV;Fevereiro;2;LUBRIFICANTE;b;520455,2432782791
2016;MAR;Março;3;LUBRIFICANTE;b;192415,1175565581
2016;ABR;Abril;4;LUBRIFICANTE;b;279356,8500470697
2016;MAI;Maio;5;LUBRIFICANTE;b;256336,85487912787
2016;JUN;Junho;6;LUBRIFICANTE;b;284142,13018133724
2016;JUL;Julho;7;LUBRIFICANTE;b;392749,28143269784
2016;AGO;Agosto;8;LUBRIFICANTE;b;248085,43598344206
2016;SET;Setembro;9;LUBRIFICANTE;b;400204,8053239417
2016;OUT;Outubro;10;LUBRIFICANTE;b;566581,4113248953
2016;NOV;Novembro;11;LUBRIFICANTE;b;261324,41091475572
2016;DEZ;Dezembro;12;LUBRIFICANTE;b;488594,69342962815
2017;JAN;Janeiro;1;LUBRIFICANTE;b;189368,26045523243
2017;FEV;Fevereiro;2;LUBRIFICANTE;b;204770,3888103373
2017;MAR;Março;3;LUBRIFICANTE;b;288908,1825127095
2017;ABR;Abril;4;LUBRIFICANTE;b;302104,0722455233
2017;MAI;Maio;5;LUBRIFICANTE;b;576323,5956416394
2017;JUN;Junho;6;LUBRIFICANTE;b;264092,0297070117
2017;JUL;Julho;7;LUBRIFICANTE;b;423374,27855790744
2017;AGO;Agosto;8;LUBRIFICANTE;b;316602,52311947674
2017;SET;Setembro;9;LUBRIFICANTE;b;285770,2986959652
2017;OUT;Outubro;10;LUBRIFICANTE;b;258333,02847488367
2017;NOV;Novembro;11;LUBRIFICANTE;b;321429,08196030225
2017;DEZ;Dezembro;12;LUBRIFICANTE;b;191342,04671562783
2018;JAN;Janeiro;1;LUBRIFICANTE;b;352927,3460666862
2018;FEV;Fevereiro;2;LUBRIFICANTE;b;214891,0953556277
2018;MAR;Março;3;LUBRIFICANTE;b;549131,1599316744
2018;ABR;Abril;4;LUBRIFICANTE;b;631813,125913419
2018;MAI;Maio;5;LUBRIFICANTE;b;257751,33806960462
2018;JUN;Junho;6;LUBRIFICANTE;b;220476,89277331415
2018;JUL;Julho;7;LUBRIFICANTE;b;426180,14817144105
2018;AGO;Agosto;8;LUBRIFICANTE;b;742298,6119015575
2018;SET;Setembro;9;LUBRIFICANTE;b;579819,3330787208
2018;OUT;Outubro;10;LUBRIFICANTE;b;355809,8270287675
2018;NOV;Novembro;11;LUBRIFICANTE;b;297489,509256628
2018;DEZ;Dezembro;12;LUBRIFICANTE;b;323515,1632703956
2019;JAN;Janeiro;1;LUBRIFICANTE;b;311643,0591306046
2019;FEV;Fevereiro;2;LUBRIFICANTE;b;306859,49040975585
2019;MAR;Março;3;LUBRIFICANTE;b;320203,6368152558
2019;ABR;Abril;4;LUBRIFICANTE;b;331838,4469021977
2019;MAI;Maio;5;LUBRIFICANTE;b;362871,22849991854
2019;JUN;Junho;6;LUBRIFICANTE;b;536923,2457614767
2019;JUL;Julho;7;LUBRIFICANTE;b;379053,90033482556
2019;AGO;Agosto;8;LUBRIFICANTE;b;368456,14095596515
2019;SET;Setembro;9;LUBRIFICANTE;b;447488,9859014185
2019;OUT;Outubro;10;LUBRIFICANTE;b;500284,3638244882
2019;NOV;Novembro;11;LUBRIFICANTE;b;461130,58912379073
2019;DEZ;Dezembro;12;LUBRIFICANTE;b;479296,5404439536
2020;JAN;Janeiro;1;LUBRIFICANTE;b;274856,78354137205
2020;FEV;Fevereiro;2;LUBRIFICANTE;b;321833,3704686513
2020;MAR;Março;3;LUBRIFICANTE;b;316884,11645043024
2020;ABR;Abril;4;LUBRIFICANTE;b;584529,1062380583
2020;MAI;Maio;5;LUBRIFICANTE;b;460372,6597050581
2020;JUN;Junho;6;LUBRIFICANTE;b;390536,2995489881
2020;JUL;Julho;7;LUBRIFICANTE;b;254955,3419950232
2020;AGO;Agosto;8;LUBRIFICANTE;b;350025,0156344419
2020;SET;Setembro;9;LUBRIFICANTE;b;492414,838788058
2020;OUT;Outubro;10;LUBRIFICANTE;b;496906,22389320936
2020;NOV;Novembro;11;LUBRIFICANTE;b;901568,0909754059
2020;DEZ;Dezembro;12;LUBRIFICANTE;b;513989,73548103473
2021;JAN;Janeiro;1;LUBRIFICANTE;b;573986,0243238022
2021;FEV;Fevereiro;2;LUBRIFICANTE;b;967674,9009782422
2021;MAR;Março;3;LUBRIFICANTE;b;943946,46841979
2021;ABR;Abril;4;LUBRIFICANTE;b;474850,22255882574
2021;MAI;Maio;5;LUBRIFICANTE;b;450384,1854444186
2021;JUN;Junho;6;LUBRIFICANTE;b;382038,20308158116
2021;JUL;Julho;7;LUBRIFICANTE;b;646362,4072286513
2021;AGO;Agosto;8;LUBRIFICANTE;b;404553,2800949069
2021;SET;Setembro;9;LUBRIFICANTE;b;653846,4473631383
2021;OUT;Outubro;10;LUBRIFICANTE;b;632455,7835933027
2021;NOV;Novembro;11;LUBRIFICANTE;b;643184,9634325004
2021;DEZ;Dezembro;12;LUBRIFICANTE;b;206185,44978568604
2022;JAN;Janeiro;1;LUBRIFICANTE;b;324307,75978145323
2022;FEV;Fevereiro;2;LUBRIFICANTE;b;308029,5705993373
2022;MAR;Março;3;LUBRIFICANTE;b;466260,7556305698
2022;ABR;Abril;4;LUBRIFICANTE;b;349743,7221665234
2022;MAI;Maio;5;LUBRIFICANTE;b;473925,6204888255
2022;JUN;Junho;6;LUBRIFICANTE;b;608514,4775350111
2022;JUL;Julho;7;LUBRIFICANTE;b;447292,3708290584
2022;AGO;Agosto;8;LUBRIFICANTE;b;404483,2657331277
2022;SET;Setembro;9;LUBRIFICANTE;b;449409,00891377934
2022;OUT;Outubro;10;LUBRIFICANTE;b;679954,5637114999
2022;NOV;Novembro;11;LUBRIFICANTE;b;421622,88096340705
2022;DEZ;Dezembro;12;LUBRIFICANTE;b;407467,0199499417
2023;JAN;Janeiro;1;LUBRIFICANTE;b;404748,11061652354
2023;FEV;Fevereiro;2;LUBRIFICANTE;b;354523,5316288373
2023;MAR;Março;3;LUBRIFICANTE;b;404137,7576933496
2023;ABR;Abril;4;LUBRIFICANTE;b;399310,0432827794
2023;MAI;Maio;5;LUBRIFICANTE;b;361430,3500486396
2023;JUN;Junho;6;LUBRIFICANTE;b;505287,4103456744
2023;JUL;Julho;7;LUBRIFICANTE;b;510028,26686838333
2023;AGO;Agosto;8;LUBRIFICANTE;b;626728,3703720928
2023;SET;Setembro;9;LUBRIFICANTE;b;346073,0402466509
2023;OUT;Outubro;10;LUBRIFICANTE;b;800071,1457325579
2023;NOV;Novembro;11;LUBRIFICANTE;b;532684,1698021159
2023;DEZ;Dezembro;12;LUBRIFICANTE;b;601450,0993747086
2024;JAN;Janeiro;1;LUBRIFICANTE;b;772235,8914405926
2024;FEV;Fevereiro;2;LUBRIFICANTE;b;427073,6741918025
2024;MAR;Março;3;LUBRIFICANTE;b;656406,136738768
2024;ABR;Abril;4;LUBRIFICANTE;b;504603,18872366275
2024;MAI;Maio;5;LUBRIFICANTE;b;583022,9746648943
2024;JUN;Junho;6;LUBRIFICANTE;b;348115,7218677442
2024;JUL;Julho;7;LUBRIFICANTE;b;542451,9594965464
2024;AGO;Agosto;8;LUBRIFICANTE;b;508700,8536640116
2024;SET;Setembro;9;LUBRIFICANTE;b;733656,0399611974
2024;OUT;Outubro;10;LUBRIFICANTE;b;314709,56823131413
2024;NOV;Novembro;11;LUBRIFICANTE;b;560260,2985495462
2024;DEZ;Dezembro;12;LUBRIFICANTE;b;210534,7290672326
2025;JAN;Janeiro;1;LUBRIFICANTE;b;554151,9422543136
2025;FEV;Fevereiro;2;LUBRIFICANTE;b;291960,17385429057
2025;MAR;Março;3;LUBRIFICANTE;b;371556,04455953493
2025;ABR;Abril;4;LUBRIFICANTE;b;559630,8348431977
2025;MAI;Maio;5;LUBRIFICANTE;b;552683,9152277788
2025;JUN;Junho;6;LUBRIFICANTE;b;529826,0216282556
2025;JUL;Julho;7;LUBRIFICANTE;b;529990,0759632678
2025;AGO;Agosto;8;LUBRIFICANTE;b;312028,2076008491
2025;SET;Setembro;9;LUBRIFICANTE;b;558321,4938719763
2025;OUT;Outubro;10;LUBRIFICANTE;b;409475,67808717466
2025;NOV;Novembro;11;LUBRIFICANTE;b;613281,4002005573
2025;DEZ;Dezembro;12;LUBRIFICANTE;b;570740,5847560575
2026;JAN;Janeiro;1;LUBRIFICANTE;b;484511,78028784855
2026;FEV;Fevereiro;2;LUBRIFICANTE;b;522147,61905103445
2026;MAR;Março;3;LUBRIFICANTE;b;539081,8573573488
2026;ABR;Abril;4;LUBRIFICANTE;b;673934,6743252901
2026;MAI;Maio;5;LUBRIFICANTE;b;529476,6665651503
2026;JUN;Junho;6;LUBRIFICANTE;b;641917,9104629293
2026;JUL;Julho;7;LUBRIFICANTE;b;505209,8628393598
2000;JAN;Janeiro;1;NAFTA;b;1705601,444210764
2000;FEV;Fevereiro;2;NAFTA;b;2323982,306040389
2000;MAR;Março;3;NAFTA;b;2170186,405316083
2000;ABR;Abril;4;NAFTA;b;1608088,4581208196
2000;MAI;Maio;5;NAFTA;b;2413958,8155807913
2000;JUN;Junho;6;NAFTA;b;2982837,020710806
2000;JUL;Julho;7;NAFTA;b;897435,0003461388
2000;AGO;Agosto;8;NAFTA;b;1894625,2254245975
2000;SET;Setembro;9;NAFTA;b;900138,9023066668
2000;OUT;Outubro;10;NAFTA;b;2024182,9851441667
2000;NOV;Novembro;11;NAFTA;b;1837022,4727843616
2000;DEZ;Dezembro;12;NAFTA;b;3014295,225878694
2001;JAN;Janeiro;1;NAFTA;b;2760467,156593431
2001;FEV;Fevereiro;2;NAFTA;b;854935,898572125
2001;MAR;Março;3;NAFTA;b;4359979,694647126
2001;ABR;Abril;4;NAFTA;b;2273994,4254426667
2001;MAI;Maio;5;NAFTA;b;1252240,0986920693
2001;JUN;Junho;6;NAFTA;b;1888241,7321989862
2001;JUL;Julho;7;NAFTA;b;1967856,5572547917
2001;AGO;Agosto;8;NAFTA;b;1136813,4104957778
2001;SET;Setembro;9;NAFTA;b;245069,8146149167
2001;OUT;Outubro;10;NAFTA;b;652227,1768168056
2001;NOV;Novembro;11;NAFTA;b;1608499,0778836529
2001;DEZ;Dezembro;12;NAFTA;b;1800393,3187211526
2002;JAN;Janeiro;1;NAFTA;b;794811,0369520555
2002;FEV;Fevereiro;2;NAFTA;b;1894214,9550956532
2002;MAR;Março;3;NAFTA;b;2309728,1988448333
2002;ABR;Abril;4;NAFTA;b;1722106,1939337223
2002;MAI;Maio;5;NAFTA;b;1589220,705403486
2002;JUN;Junho;6;NAFTA;b;1218188,3689933056
2002;JUL;Julho;7;NAFTA;b;1452673,6563968332
2002;AGO;Agosto;8;NAFTA;b;864428,9428240277
2002;SET;Setembro;9;NAFTA;b;794549,4507428334
2002;OUT;Outubro;10;NAFTA;b;1550539,623129639
2002;NOV;Novembro;11;NAFTA;b;3220272,1765892506
2002;DEZ;Dezembro;12;NAFTA;b;3049851,0762804863
2003;JAN;Janeiro;1;NAFTA;b;1548565,0470382196
2003;FEV;Fevereiro;2;NAFTA;b;1754202,9662379632
2003;MAR;Março;3;NAFTA;b;1865571,7756728919
2003;ABR;Abril;4;NAFTA;b;1149035,6438499715
2003;MAI;Maio;5;NAFTA;b;1916324,091285712
2003;JUN;Junho;6;NAFTA;b;890430,9300055557
2003;JUL;Julho;7;NAFTA;b;2175674,5328883906
2003;AGO;Agosto;8;NAFTA;b;1406756,3705940885
2003;SET;Setembro;9;NAFTA;b;2075815,117050228
2003;OUT;Outubro;10;NAFTA;b;1671212,6953819941
2003;NOV;Novembro;11;NAFTA;b;2254706,8377636606
2003;DEZ;Dezembro;12;NAFTA;b;1394551,3168434475
2004;JAN;Janeiro;1;NAFTA;b;742146,2759372365
2004;FEV;Fevereiro;2;NAFTA;b;1363364,9246499287
2004;MAR;Março;3;NAFTA;b;1903564,9160258835
2004;ABR;Abril;4;NAFTA;b;1631687,6279002707
2004;MAI;Maio;5;NAFTA;b;1156773,4541264672
2004;JUN;Junho;6;NAFTA;b;1257872,8943583337
2004;JUL;Julho;7;NAFTA;b;896285,1124240742
2004;AGO;Agosto;8;NAFTA;b;1074456,2466995583
2004;SET;Setembro;9;NAFTA;b;2363115,6285651852
2004;OUT;Outubro;10;NAFTA;b;2205744,689883305
2004;NOV;Novembro;11;NAFTA;b;2360590,431127365
2004;DEZ;Dezembro;12;NAFTA;b;3393668,20403869
2005;JAN;Janeiro;1;NAFTA;b;1884873,8496265528
2005;FEV;Fevereiro;2;NAFTA;b;1848584,593715
2005;MAR;Março;3;NAFTA;b;2077136,7208172225
2005;ABR;Abril;4;NAFTA;b;1001091,0427146013
2005;MAI;Maio;5;NAFTA;b;2202200,758261724
2005;JUN;Junho;6;NAFTA;b;6229913,931338662
2005;JUL;Julho;7;NAFTA;b;1870573,733635627
2005;AGO;Agosto;8;NAFTA;b;2819732,906326168
2005;SET;Setembro;9;NAFTA;b;1704885,4978516668
2005;OUT;Outubro;10;NAFTA;b;861453,1123071511
2005;NOV;Novembro;11;NAFTA;b;2090044,719074345
2005;DEZ;Dezembro;12;NAFTA;b;2299424,4211555272
2006;JAN;Janeiro;1;NAFTA;b;1911798,2683560401
2006;FEV;Fevereiro;2;NAFTA;b;1614125,6809542167
2006;MAR;Março;3;NAFTA;b;1622268,3238307552
2006;ABR;Abril;4;NAFTA;b;2371196,287245741
2006;MAI;Maio;5;NAFTA;b;2706407,365671738
2006;JUN;Junho;6;NAFTA;b;2674492,27838208
2006;JUL;Julho;7;NAFTA;b;3407610,7954022223
2006;AGO;Agosto;8;NAFTA;b;2159374,741149003
2006;SET;Setembro;9;NAFTA;b;2303842,3138127495
2006;OUT;Outubro;10;NAFTA;b;3254967,329883433
2006;NOV;Novembro;11;NAFTA;b;743264,0791084188
2006;DEZ;Dezembro;12;NAFTA;b;2139463,5143285757
2007;JAN;Janeiro;1;NAFTA;b;1262363,487184131
2007;FEV;Fevereiro;2;NAFTA;b;2647626,734782949
2007;MAR;Março;3;NAFTA;b;3314370,3383677066
2007;ABR;Abril;4;NAFTA;b;2252566,9225477926
2007;MAI;Maio;5;NAFTA;b;2335845,485321937
2007;JUN;Junho;6;NAFTA;b;2346714,133644445
2007;JUL;Julho;7;NAFTA;b;2477487,096527806
2007;AGO;Agosto;8;NAFTA;b;1770642,9884849146
2007;SET;Setembro;9;NAFTA;b;2837621,358922094
2007;OUT;Outubro;10;NAFTA;b;685007,7961695157
2007;NOV;Novembro;11;NAFTA;b;2302843,5511197154
2007;DEZ;Dezembro;12;NAFTA;b;2037863,9714828064
2008;JAN;Janeiro;1;NAFTA;b;2574185,1481338176
2008;FEV;Fevereiro;2;NAFTA;b;2205255,8229129063
2008;MAR;Março;3;NAFTA;b;2993506,2179934336
2008;ABR;Abril;4;NAFTA;b;1602420,2907851567
2008;MAI;Maio;5;NAFTA;b;1486298,795188077
2008;JUN;Junho;6;NAFTA;b;655753,4149878205
2008;JUL;Julho;7;NAFTA;b;95627,72664450142
2008;AGO;Agosto;8;NAFTA;b;1958796,8307367666
2008;SET;Setembro;9;NAFTA;b;1875600,9493966384
2008;OUT;Outubro;10;NAFTA;b;3061774,919749103
2008;NOV;Novembro;11;NAFTA;b;2814152,984711211
2008;DEZ;Dezembro;12;NAFTA;b;1280488,8380370373
2009;JAN;Janeiro;1;NAFTA;b;1386580,9179946012
2009;FEV;Fevereiro;2;NAFTA;b;969915,8413653706
2009;MAR;Março;3;NAFTA;b;2657270,6621241164
2009;ABR;Abril;4;NAFTA;b;2140670,234984715
2009;MAI;Maio;5;NAFTA;b;3191214,1741171656
2009;JUN;Junho;6;NAFTA;b;1535136,284768533
2009;JUL;Julho;7;NAFTA;b;2947081,237901553
2009;AGO;Agosto;8;NAFTA;b;3418635,6944321226
2009;SET;Setembro;9;NAFTA;b;2422053,7645394304
2009;OUT;Outubro;10;NAFTA;b;1406566,8609483477
2009;NOV;Novembro;11;NAFTA;b;2166321,603338077
2009;DEZ;Dezembro;12;NAFTA;b;1670001,5037640457
2010;JAN;Janeiro;1;NAFTA;b;3222489,80635
2010;FEV;Fevereiro;2;NAFTA;b;4626271,643364531
2010;MAR;Março;3;NAFTA;b;4180838,212253676
2010;ABR;Abril;4;NAFTA;b;3753838,0997298015
2010;MAI;Maio;5;NAFTA;b;2591798,184106396
2010;JUN;Junho;6;NAFTA;b;3413533,5116621796
2010;JUL;Julho;7;NAFTA;b;3552321,0633415673
2010;AGO;Agosto;8;NAFTA;b;3710767,496814545
2010;SET;Setembro;9;NAFTA;b;5111244,621063889
2010;OUT;Outubro;10;NAFTA;b;2448677,697004003
2010;NOV;Novembro;11;NAFTA;b;2471397,2612705273
2010;DEZ;Dezembro;12;NAFTA;b;3146732,4765199856
2011;JAN;Janeiro;1;NAFTA;b;3771400,2258727215
2011;FEV;Fevereiro;2;NAFTA;b;1976443,95891312
2011;MAR;Março;3;NAFTA;b;3284192,84245
2011;ABR;Abril;4;NAFTA;b;4081256,43508
2011;MAI;Maio;5;NAFTA;b;4509969,88468
2011;JUN;Junho;6;NAFTA;b;3084560,56286
2011;JUL;Julho;7;NAFTA;b;4101754,92587
2011;AGO;Agosto;8;NAFTA;b;4615092,375194331
2011;SET;Setembro;9;NAFTA;b;4590158,67237
2011;OUT;Outubro;10;NAFTA;b;4601926,90688
2011;NOV;Novembro;11;NAFTA;b;3286884,88113
2011;DEZ;Dezembro;12;NAFTA;b;2940192,3150768
2012;JAN;Janeiro;1;NAFTA;b;1885956,5122922938
2012;FEV;Fevereiro;2;NAFTA;b;2394667,0537347863
2012;MAR;Março;3;NAFTA;b;3204198,071206923
2012;ABR;Abril;4;NAFTA;b;6237998,971382593
2012;MAI;Maio;5;NAFTA;b;5506031,713588533
2012;JUN;Junho;6;NAFTA;b;3548164,6905907267
2012;JUL;Julho;7;NAFTA;b;1556051,677067507
2012;AGO;Agosto;8;NAFTA;b;1858242,561130627
2012;SET;Setembro;9;NAFTA;b;2258059,7186464537
2012;OUT;Outubro;10;NAFTA;b;3216315,2020152137
2012;NOV;Novembro;11;NAFTA;b;1636167,4689141028
2012;DEZ;Dezembro;12;NAFTA;b;5055566,676393447
2013;JAN;Janeiro;1;NAFTA;b;2588323,0999207697
2013;FEV;Fevereiro;2;NAFTA;b;3133586,0926718945
2013;MAR;Março;3;NAFTA;b;2987671,9891459546
2013;ABR;Abril;4;NAFTA;b;3647872,1026872224
2013;MAI;Maio;5;NAFTA;b;5178420,356334017
2013;JUN;Junho;6;NAFTA;b;2680430,683327664
2013;JUL;Julho;7;NAFTA;b;3747534,124217536
2013;AGO;Agosto;8;NAFTA;b;5846553,111944445
2013;SET;Setembro;9;NAFTA;b;4139138,250327821
2013;OUT;Outubro;10;NAFTA;b;4442080,506850485
2013;NOV;Novembro;11;NAFTA;b;2836269,2648083335
2013;DEZ;Dezembro;12;NAFTA;b;2853054,6352556264
2014;JAN;Janeiro;1;NAFTA;b;2360078,3581628064
2014;FEV;Fevereiro;2;NAFTA;b;4122126,231684287
2014;MAR;Março;3;NAFTA;b;3472229,9558632765
2014;ABR;Abril;4;NAFTA;b;2483051,643051653
2014;MAI;Maio;5;NAFTA;b;4915066,137071824
2014;JUN;Junho;6;NAFTA;b;4008725,410426411
2014;JUL;Julho;7;NAFTA;b;2313654,5697300853
2014;AGO;Agosto;8;NAFTA;b;5111618,2823690735
2014;SET;Setembro;9;NAFTA;b;3013361,5085121086
2014;OUT;Outubro;10;NAFTA;b;3271190,971914573
2014;NOV;Novembro;11;NAFTA;b;3396480,008944145
2014;DEZ;Dezembro;12;NAFTA;b;4597699,419852849
2015;JAN;Janeiro;1;NAFTA;b;3218474,631769801
2015;FEV;Fevereiro;2;NAFTA;b;4177418,042947663
2015;MAR;Março;3;NAFTA;b;6316458,769150214
2015;ABR;Abril;4;NAFTA;b;3731347,342981752
2015;MAI;Maio;5;NAFTA;b;3094342,3553100997
2015;JUN;Junho;6;NAFTA;b;4222313,80178349
2015;JUL;Julho;7;NAFTA;b;2237933,383907963
2015;AGO;Agosto;8;NAFTA;b;1240961,3334779344
2015;SET;Setembro;9;NAFTA;b;2995168,8692359827
2015;OUT;Outubro;10;NAFTA;b;4500246,13409483
2015;NOV;Novembro;11;NAFTA;b;5260616,184763675
2015;DEZ;Dezembro;12;NAFTA;b;3058503,976633333
2016;JAN;Janeiro;1;NAFTA;b;169392,88011490027
2016;FEV;Fevereiro;2;NAFTA;b;6586719,298350683
2016;MAR;Março;3;NAFTA;b;4520498,757824701
2016;ABR;Abril;4;NAFTA;b;6405642,594409557
2016;MAI;Maio;5;NAFTA;b;3971340,0252046296
2016;JUN;Junho;6;NAFTA;b;3304959,2773540313
2016;JUL;Julho;7;NAFTA;b;8274623,930933989
2016;AGO;Agosto;8;NAFTA;b;8029441,008601167
2016;SET;Setembro;9;NAFTA;b;3625003,204712337
2016;OUT;Outubro;10;NAFTA;b;3793743,7275960543
2016;NOV;Novembro;11;NAFTA;b;2114515,332397464
2016;DEZ;Dezembro;12;NAFTA;b;3718934,116231767
2017;JAN;Janeiro;1;NAFTA;b;8148310,45230047
2017;FEV;Fevereiro;2;NAFTA;b;7196810,493667009
2017;MAR;Março;3;NAFTA;b;6012295,39350322
2017;ABR;Abril;4;NAFTA;b;5504073,477115357
2017;MAI;Maio;5;NAFTA;b;2693298,3802096015
2017;JUN;Junho;6;NAFTA;b;5386129,065558533
2017;JUL;Julho;7;NAFTA;b;5743306,776778774
2017;AGO;Agosto;8;NAFTA;b;5631510,627617422
2017;SET;Setembro;9;NAFTA;b;4722878,116412122
2017;OUT;Outubro;10;NAFTA;b;6906031,242350355
2017;NOV;Novembro;11;NAFTA;b;2269655,6195303276
2017;DEZ;Dezembro;12;NAFTA;b;5280588,05180359
2018;JAN;Janeiro;1;NAFTA;b;2971284,6328579485
2018;FEV;Fevereiro;2;NAFTA;b;3977046,585244858
2018;MAR;Março;3;NAFTA;b;3736418,560533234
2018;ABR;Abril;4;NAFTA;b;2700117,3137559686
2018;MAI;Maio;5;NAFTA;b;1983822,5332321513
2018;JUN;Junho;6;NAFTA;b;4124024,688082934
2018;JUL;Julho;7;NAFTA;b;7441307,360797977
2018;AGO;Agosto;8;NAFTA;b;5739072,775945541
2018;SET;Setembro;9;NAFTA;b;3987573,6485012113
2018;OUT;Outubro;10;NAFTA;b;3972060,7460402283
2018;NOV;Novembro;11;NAFTA;b;3703947,9450389883
2018;DEZ;Dezembro;12;NAFTA;b;5830897,523978831
2019;JAN;Janeiro;1;NAFTA;b;2373777,7793790456
2019;FEV;Fevereiro;2;NAFTA;b;6542179,146735784
2019;MAR;Março;3;NAFTA;b;4697365,58083077
2019;ABR;Abril;4;NAFTA;b;2535813,6515177493
2019;MAI;Maio;5;NAFTA;b;2555583,4651312963
2019;JUN;Junho;6;NAFTA;b;1915387,259029601
2019;JUL;Julho;7;NAFTA;b;10028139,937025927
2019;AGO;Agosto;8;NAFTA;b;4349790,294957507
2019;SET;Setembro;9;NAFTA;b;4813923,0534432195
2019;OUT;Outubro;10;NAFTA;b;3973098,564690228
2019;NOV;Novembro;11;NAFTA;b;3619104,1872379202
2019;DEZ;Dezembro;12;NAFTA;b;592229,1832179914
2020;JAN;Janeiro;1;NAFTA;b;2742597,7721888283
2020;FEV;Fevereiro;2;NAFTA;b;2367221,426174915
2020;MAR;Março;3;NAFTA;b;2062402,9916479858
2020;ABR;Abril;4;NAFTA;b;2246029,187386057
2020;MAI;Maio;5;NAFTA;b;884785,4970626999
2020;JUN;Junho;6;NAFTA;b;1852788,7835879857
2020;JUL;Julho;7;NAFTA;b;779610,1965407428
2020;AGO;Agosto;8;NAFTA;b;2414140,865894586
2020;SET;Setembro;9;NAFTA;b;3725830,8721867288
2020;OUT;Outubro;10;NAFTA;b;1960626,7403918
2020;NOV;Novembro;11;NAFTA;b;2658356,990056957
2020;DEZ;Dezembro;12;NAFTA;b;412681,35289100005
2021;JAN;Janeiro;1;NAFTA;b;7706989,770357772
2021;FEV;Fevereiro;2;NAFTA;b;0,0
2021;MAR;Março;3;NAFTA;b;2917182,267212029
2021;ABR;Abril;4;NAFTA;b;5778144,092079543
2021;MAI;Maio;5;NAFTA;b;3356969,709050557
2021;JUN;Junho;6;NAFTA;b;5252373,258277757
2021;JUL;Julho;7;NAFTA;b;1700335,5062054712
2021;AGO;Agosto;8;NAFTA;b;4782768,352138671
2021;SET;Setembro;9;NAFTA;b;3457221,6967367865
2021;OUT;Outubro;10;NAFTA;b;5837367,8647863995
2021;NOV;Novembro;11;NAFTA;b;4766770,507937844
2021;DEZ;Dezembro;12;NAFTA;b;4708614,762939872
2022;JAN;Janeiro;1;NAFTA;b;3217238,605718971
2022;FEV;Fevereiro;2;NAFTA;b;348145,04492017144
2022;MAR;Março;3;NAFTA;b;2513248,099175371
2022;ABR;Abril;4;NAFTA;b;5420694,342532071
2022;MAI;Maio;5;NAFTA;b;7386093,251625299
2022;JUN;Junho;6;NAFTA;b;1716671,2659558288
2022;JUL;Julho;7;NAFTA;b;4930772,3257525
2022;AGO;Agosto;8;NAFTA;b;5327188,921862599
2022;SET;Setembro;9;NAFTA;b;3469286,396948415
2022;OUT;Outubro;10;NAFTA;b;1065597,020796657
2022;NOV;Novembro;11;NAFTA;b;1571597,5980102427
2022;DEZ;Dezembro;12;NAFTA;b;5626351,810829929
2023;JAN;Janeiro;1;NAFTA;b;4857832,786694457
2023;FEV;Fevereiro;2;NAFTA;b;2843853,9190561143
2023;MAR;Março;3;NAFTA;b;4704869,594415244
2023;ABR;Abril;4;NAFTA;b;2546222,3292605
2023;MAI;Maio;5;NAFTA;b;1915171,990755943
2023;JUN;Junho;6;NAFTA;b;2340079,1887907716
2023;JUL;Julho;7;NAFTA;b;3037719,1167843286
2023;AGO;Agosto;8;NAFTA;b;2176547,9116622144
2023;SET;Setembro;9;NAFTA;b;2782995,882987843
2023;OUT;Outubro;10;NAFTA;b;1886946,4324391717
2023;NOV;Novembro;11;NAFTA;b;1842355,4084979573
2023;DEZ;Dezembro;12;NAFTA;b;2120272,8198542427
2024;JAN;Janeiro;1;NAFTA;b;3150997,992859657
2024;FEV;Fevereiro;2;NAFTA;b;2273031,629250229
2024;MAR;Março;3;NAFTA;b;3230123,0478824573
2024;ABR;Abril;4;NAFTA;b;2834652,7626723
2024;MAI;Maio;5;NAFTA;b;2980026,607307414
2024;JUN;Junho;6;NAFTA;b;2945469,2500161715
2024;JUL;Julho;7;NAFTA;b;2750299,2401889
2024;AGO;Agosto;8;NAFTA;b;3750655,5392219424
2024;SET;Setembro;9;NAFTA;b;2033572,8478085713
2024;OUT;Outubro;10;NAFTA;b;1881660,2874208714
2024;NOV;Novembro;11;NAFTA;b;1433443,6196089431
2024;DEZ;Dezembro;12;NAFTA;b;2807758,712205314
2025;JAN;Janeiro;1;NAFTA;b;3997127,3959155004
2025;FEV;Fevereiro;2;NAFTA;b;2269056,729908072
2025;MAR;Março;3;NAFTA;b;2167374,0800101287
2025;ABR;Abril;4;NAFTA;b;2869619,0294970856
2025;MAI;Maio;5;NAFTA;b;1891295,3328693716
2025;JUN;Junho;6;NAFTA;b;1541261,0356903858
2025;JUL;Julho;7;NAFTA;b;2891109,378396871
2025;AGO;Agosto;8;NAFTA;b;1410015,0118449999
2025;SET;Setembro;9;NAFTA;b;2717980,0219317283
2025;OUT;Outubro;10;NAFTA;b;2810780,5795362717
2025;NOV;Novembro;11;NAFTA;b;1867987,3636612284
2025;DEZ;Dezembro;12;NAFTA;b;1337604,4278370715
2026;JAN;Janeiro;1;NAFTA;b;2523784,1239646
2026;FEV;Fevereiro;2;NAFTA;b;2788606,3216243004
2026;MAR;Março;3;NAFTA;b;2876390,8995209285
2026;ABR;Abril;4;NAFTA;b;1852938,6697602859
2026;MAI;Maio;5;NAFTA;b;854506,3966499142
2026;JUN;Junho;6;NAFTA;b;1843957,800493557
2026;JUL;Julho;7;NAFTA;b;1589615,0732457428
2000;JAN;Janeiro;1;OUTROS NÃO ENERGÉTICOS;b;1553,8283725899996
2000;FEV;Fevereiro;2;OUTROS NÃO ENERGÉTICOS;b;1075,4946119
2000;MAR;Março;3;OUTROS NÃO ENERGÉTICOS;b;1743,54791162
2000;ABR;Abril;4;OUTROS NÃO ENERGÉTICOS;b;2404,81450635
2000;MAI;Maio;5;OUTROS NÃO ENERGÉTICOS;b;1531,33601203
2000;JUN;Junho;6;OUTROS NÃO ENERGÉTICOS;b;3420,34835952
2000;JUL;Julho;7;OUTROS NÃO ENERGÉTICOS;b;2459,1333055100004
2000;AGO;Agosto;8;OUTROS NÃO ENERGÉTICOS;b;2023,02932916
2000;SET;Setembro;9;OUTROS NÃO ENERGÉTICOS;b;1429,0951504799998
2000;OUT;Outubro;10;OUTROS NÃO ENERGÉTICOS;b;1991,0896739799994
2000;NOV;Novembro;11;OUTROS NÃO ENERGÉTICOS;b;1216,53731134
2000;DEZ;Dezembro;12;OUTROS NÃO ENERGÉTICOS;b;2441,144448910001
2001;JAN;Janeiro;1;OUTROS NÃO ENERGÉTICOS;b;5303,49231428
2001;FEV;Fevereiro;2;OUTROS NÃO ENERGÉTICOS;b;1554,8221625700005
2001;MAR;Março;3;OUTROS NÃO ENERGÉTICOS;b;2804,63885862
2001;ABR;Abril;4;OUTROS NÃO ENERGÉTICOS;b;1354,68040837
2001;MAI;Maio;5;OUTROS NÃO ENERGÉTICOS;b;2535,1519491700005
2001;JUN;Junho;6;OUTROS NÃO ENERGÉTICOS;b;1290,7256202899998
2001;JUL;Julho;7;OUTROS NÃO ENERGÉTICOS;b;1804,8358202600002
2001;AGO;Agosto;8;OUTROS NÃO ENERGÉTICOS;b;3880,1271807100006
2001;SET;Setembro;9;OUTROS NÃO ENERGÉTICOS;b;2492,09190991
2001;OUT;Outubro;10;OUTROS NÃO ENERGÉTICOS;b;2126,1570539199997
2001;NOV;Novembro;11;OUTROS NÃO ENERGÉTICOS;b;4519,67506151
2001;DEZ;Dezembro;12;OUTROS NÃO ENERGÉTICOS;b;2368,0631465199995
2002;JAN;Janeiro;1;OUTROS NÃO ENERGÉTICOS;b;1638,98611018
2002;FEV;Fevereiro;2;OUTROS NÃO ENERGÉTICOS;b;1575,6603031
2002;MAR;Março;3;OUTROS NÃO ENERGÉTICOS;b;2645,33684075
2002;ABR;Abril;4;OUTROS NÃO ENERGÉTICOS;b;4958,0056306
2002;MAI;Maio;5;OUTROS NÃO ENERGÉTICOS;b;2477,1095824900003
2002;JUN;Junho;6;OUTROS NÃO ENERGÉTICOS;b;1961,4395096400003
2002;JUL;Julho;7;OUTROS NÃO ENERGÉTICOS;b;6581,594285900001
2002;AGO;Agosto;8;OUTROS NÃO ENERGÉTICOS;b;1714,1493396800001
2002;SET;Setembro;9;OUTROS NÃO ENERGÉTICOS;b;1249,4518870699999
2002;OUT;Outubro;10;OUTROS NÃO ENERGÉTICOS;b;2720,9780958099996
2002;NOV;Novembro;11;OUTROS NÃO ENERGÉTICOS;b;2624,0080950399997
2002;DEZ;Dezembro;12;OUTROS NÃO ENERGÉTICOS;b;3946,6041826000005
2003;JAN;Janeiro;1;OUTROS NÃO ENERGÉTICOS;b;2738,2949910416664
2003;FEV;Fevereiro;2;OUTROS NÃO ENERGÉTICOS;b;2426,854757696759
2003;MAR;Março;3;OUTROS NÃO ENERGÉTICOS;b;3243,8675892824076
2003;ABR;Abril;4;OUTROS NÃO ENERGÉTICOS;b;3331,662853865741
2003;MAI;Maio;5;OUTROS NÃO ENERGÉTICOS;b;2974,7379759837963
2003;JUN;Junho;6;OUTROS NÃO ENERGÉTICOS;b;4810,088518263889
2003;JUL;Julho;7;OUTROS NÃO ENERGÉTICOS;b;3098,6705285763896
2003;AGO;Agosto;8;OUTROS NÃO ENERGÉTICOS;b;6929,106579594906
2003;SET;Setembro;9;OUTROS NÃO ENERGÉTICOS;b;4592,274727523147
2003;OUT;Outubro;10;OUTROS NÃO ENERGÉTICOS;b;8707,72507403935
2003;NOV;Novembro;11;OUTROS NÃO ENERGÉTICOS;b;3827,247466782408
2003;DEZ;Dezembro;12;OUTROS NÃO ENERGÉTICOS;b;2655,2898826851856
2004;JAN;Janeiro;1;OUTROS NÃO ENERGÉTICOS;b;3608,851286226852
2004;FEV;Fevereiro;2;OUTROS NÃO ENERGÉTICOS;b;1831,0335777777777
2004;MAR;Março;3;OUTROS NÃO ENERGÉTICOS;b;7142,115654363425
2004;ABR;Abril;4;OUTROS NÃO ENERGÉTICOS;b;4934,166668310184
2004;MAI;Maio;5;OUTROS NÃO ENERGÉTICOS;b;2830,4872987268513
2004;JUN;Junho;6;OUTROS NÃO ENERGÉTICOS;b;7254,283932696761
2004;JUL;Julho;7;OUTROS NÃO ENERGÉTICOS;b;5734,792506481482
2004;AGO;Agosto;8;OUTROS NÃO ENERGÉTICOS;b;7859,634465960651
2004;SET;Setembro;9;OUTROS NÃO ENERGÉTICOS;b;7255,71806761574
2004;OUT;Outubro;10;OUTROS NÃO ENERGÉTICOS;b;6576,709782523147
2004;NOV;Novembro;11;OUTROS NÃO ENERGÉTICOS;b;5128,946941875
2004;DEZ;Dezembro;12;OUTROS NÃO ENERGÉTICOS;b;4340,463931342592
2005;JAN;Janeiro;1;OUTROS NÃO ENERGÉTICOS;b;15974,552227372686
2005;FEV;Fevereiro;2;OUTROS NÃO ENERGÉTICOS;b;6990,541425185185
2005;MAR;Março;3;OUTROS NÃO ENERGÉTICOS;b;4822,580779791667
2005;ABR;Abril;4;OUTROS NÃO ENERGÉTICOS;b;8729,142459479168
2005;MAI;Maio;5;OUTROS NÃO ENERGÉTICOS;b;10148,353639456018
2005;JUN;Junho;6;OUTROS NÃO ENERGÉTICOS;b;83649,29701052084
2005;JUL;Julho;7;OUTROS NÃO ENERGÉTICOS;b;6276,03648087963
2005;AGO;Agosto;8;OUTROS NÃO ENERGÉTICOS;b;5370,049045335648
2005;SET;Setembro;9;OUTROS NÃO ENERGÉTICOS;b;7132,033030694445
2005;OUT;Outubro;10;OUTROS NÃO ENERGÉTICOS;b;5572,567823564815
2005;NOV;Novembro;11;OUTROS NÃO ENERGÉTICOS;b;7729,754257384258
2005;DEZ;Dezembro;12;OUTROS NÃO ENERGÉTICOS;b;5105,738707754629
2006;JAN;Janeiro;1;OUTROS NÃO ENERGÉTICOS;b;5602,997691388889
2006;FEV;Fevereiro;2;OUTROS NÃO ENERGÉTICOS;b;9870,204263900465
2006;MAR;Março;3;OUTROS NÃO ENERGÉTICOS;b;8171,111098668982
2006;ABR;Abril;4;OUTROS NÃO ENERGÉTICOS;b;6849,5157315277775
2006;MAI;Maio;5;OUTROS NÃO ENERGÉTICOS;b;6997,719379652778
2006;JUN;Junho;6;OUTROS NÃO ENERGÉTICOS;b;7565,090817118055
2006;JUL;Julho;7;OUTROS NÃO ENERGÉTICOS;b;12524,089131157407
2006;AGO;Agosto;8;OUTROS NÃO ENERGÉTICOS;b;8580,16714484954
2006;SET;Setembro;9;OUTROS NÃO ENERGÉTICOS;b;12032,333731273146
2006;OUT;Outubro;10;OUTROS NÃO ENERGÉTICOS;b;8007,423161342591
2006;NOV;Novembro;11;OUTROS NÃO ENERGÉTICOS;b;6072,716916655092
2006;DEZ;Dezembro;12;OUTROS NÃO ENERGÉTICOS;b;6139,189434143519
2007;JAN;Janeiro;1;OUTROS NÃO ENERGÉTICOS;b;7845,183918680554
2007;FEV;Fevereiro;2;OUTROS NÃO ENERGÉTICOS;b;9991,603420798614
2007;MAR;Março;3;OUTROS NÃO ENERGÉTICOS;b;18385,35486579861
2007;ABR;Abril;4;OUTROS NÃO ENERGÉTICOS;b;9279,318837662035
2007;MAI;Maio;5;OUTROS NÃO ENERGÉTICOS;b;11048,000305891208
2007;JUN;Junho;6;OUTROS NÃO ENERGÉTICOS;b;7448,2343007754625
2007;JUL;Julho;7;OUTROS NÃO ENERGÉTICOS;b;8395,88444769676
2007;AGO;Agosto;8;OUTROS NÃO ENERGÉTICOS;b;9178,674597789353
2007;SET;Setembro;9;OUTROS NÃO ENERGÉTICOS;b;6274,369390034722
2007;OUT;Outubro;10;OUTROS NÃO ENERGÉTICOS;b;6544,4308270370375
2007;NOV;Novembro;11;OUTROS NÃO ENERGÉTICOS;b;9459,044334513888
2007;DEZ;Dezembro;12;OUTROS NÃO ENERGÉTICOS;b;7255,397753217591
2008;JAN;Janeiro;1;OUTROS NÃO ENERGÉTICOS;b;6785,969722858796
2008;FEV;Fevereiro;2;OUTROS NÃO ENERGÉTICOS;b;15128,965895497691
2008;MAR;Março;3;OUTROS NÃO ENERGÉTICOS;b;7336,437295949072
2008;ABR;Abril;4;OUTROS NÃO ENERGÉTICOS;b;3915,9017563425928
2008;MAI;Maio;5;OUTROS NÃO ENERGÉTICOS;b;11273,858355949073
2008;JUN;Junho;6;OUTROS NÃO ENERGÉTICOS;b;16901,207221469907
2008;JUL;Julho;7;OUTROS NÃO ENERGÉTICOS;b;7363,183548194446
2008;AGO;Agosto;8;OUTROS NÃO ENERGÉTICOS;b;21014,72840172453
2008;SET;Setembro;9;OUTROS NÃO ENERGÉTICOS;b;26990,404615486117
2008;OUT;Outubro;10;OUTROS NÃO ENERGÉTICOS;b;17349,86577505787
2008;NOV;Novembro;11;OUTROS NÃO ENERGÉTICOS;b;17144,04193462963
2008;DEZ;Dezembro;12;OUTROS NÃO ENERGÉTICOS;b;11782,037148611107
2009;JAN;Janeiro;1;OUTROS NÃO ENERGÉTICOS;b;9616,901093819444
2009;FEV;Fevereiro;2;OUTROS NÃO ENERGÉTICOS;b;14089,225359108796
2009;MAR;Março;3;OUTROS NÃO ENERGÉTICOS;b;19196,412761527772
2009;ABR;Abril;4;OUTROS NÃO ENERGÉTICOS;b;8087,101367881944
2009;MAI;Maio;5;OUTROS NÃO ENERGÉTICOS;b;22245,230721956024
2009;JUN;Junho;6;OUTROS NÃO ENERGÉTICOS;b;19967,889989467592
2009;JUL;Julho;7;OUTROS NÃO ENERGÉTICOS;b;17024,19339061343
2009;AGO;Agosto;8;OUTROS NÃO ENERGÉTICOS;b;11413,835747939811
2009;SET;Setembro;9;OUTROS NÃO ENERGÉTICOS;b;29314,700526793993
2009;OUT;Outubro;10;OUTROS NÃO ENERGÉTICOS;b;29635,022204814813
2009;NOV;Novembro;11;OUTROS NÃO ENERGÉTICOS;b;13189,91356681713
2009;DEZ;Dezembro;12;OUTROS NÃO ENERGÉTICOS;b;25265,031109861113
2010;JAN;Janeiro;1;OUTROS NÃO ENERGÉTICOS;b;22668,47524
2010;FEV;Fevereiro;2;OUTROS NÃO ENERGÉTICOS;b;31999,51029321758
2010;MAR;Março;3;OUTROS NÃO ENERGÉTICOS;b;33755,648540810194
2010;ABR;Abril;4;OUTROS NÃO ENERGÉTICOS;b;22557,027669062503
2010;MAI;Maio;5;OUTROS NÃO ENERGÉTICOS;b;18170,292866932865
2010;JUN;Junho;6;OUTROS NÃO ENERGÉTICOS;b;28229,679182303247
2010;JUL;Julho;7;OUTROS NÃO ENERGÉTICOS;b;26807,111981018556
2010;AGO;Agosto;8;OUTROS NÃO ENERGÉTICOS;b;20761,498030370363
2010;SET;Setembro;9;OUTROS NÃO ENERGÉTICOS;b;19644,32876810184
2010;OUT;Outubro;10;OUTROS NÃO ENERGÉTICOS;b;18513,436945821755
2010;NOV;Novembro;11;OUTROS NÃO ENERGÉTICOS;b;25422,31275922453
2010;DEZ;Dezembro;12;OUTROS NÃO ENERGÉTICOS;b;25140,37057
2011;JAN;Janeiro;1;OUTROS NÃO ENERGÉTICOS;b;16596,2533546875
2011;FEV;Fevereiro;2;OUTROS NÃO ENERGÉTICOS;b;26392,04276
2011;MAR;Março;3;OUTROS NÃO ENERGÉTICOS;b;27555,657610000002
2011;ABR;Abril;4;OUTROS NÃO ENERGÉTICOS;b;17668,07629
2011;MAI;Maio;5;OUTROS NÃO ENERGÉTICOS;b;26322,85485
2011;JUN;Junho;6;OUTROS NÃO ENERGÉTICOS;b;15781,13329
2011;JUL;Julho;7;OUTROS NÃO ENERGÉTICOS;b;21542,59925
2011;AGO;Agosto;8;OUTROS NÃO ENERGÉTICOS;b;27196,650688530113
2011;SET;Setembro;9;OUTROS NÃO ENERGÉTICOS;b;34216,5664
2011;OUT;Outubro;10;OUTROS NÃO ENERGÉTICOS;b;13887,90048
2011;NOV;Novembro;11;OUTROS NÃO ENERGÉTICOS;b;41909,004030000004
2011;DEZ;Dezembro;12;OUTROS NÃO ENERGÉTICOS;b;24609,699300300003
2012;JAN;Janeiro;1;OUTROS NÃO ENERGÉTICOS;b;5031,185531585648
2012;FEV;Fevereiro;2;OUTROS NÃO ENERGÉTICOS;b;4275,556586481482
2012;MAR;Março;3;OUTROS NÃO ENERGÉTICOS;b;4314,511185219908
2012;ABR;Abril;4;OUTROS NÃO ENERGÉTICOS;b;1098,9623006828704
2012;MAI;Maio;5;OUTROS NÃO ENERGÉTICOS;b;10440,05813795139
2012;JUN;Junho;6;OUTROS NÃO ENERGÉTICOS;b;4233,697318541666
2012;JUL;Julho;7;OUTROS NÃO ENERGÉTICOS;b;4643,707028043981
2012;AGO;Agosto;8;OUTROS NÃO ENERGÉTICOS;b;9049,908209733798
2012;SET;Setembro;9;OUTROS NÃO ENERGÉTICOS;b;6389,68985324074
2012;OUT;Outubro;10;OUTROS NÃO ENERGÉTICOS;b;5192,915183159723
2012;NOV;Novembro;11;OUTROS NÃO ENERGÉTICOS;b;5529,827691030092
2012;DEZ;Dezembro;12;OUTROS NÃO ENERGÉTICOS;b;2445,4111531712965
2013;JAN;Janeiro;1;OUTROS NÃO ENERGÉTICOS;b;8304,230850590278
2013;FEV;Fevereiro;2;OUTROS NÃO ENERGÉTICOS;b;1802,6639139236113
2013;MAR;Março;3;OUTROS NÃO ENERGÉTICOS;b;2735,361202349537
2013;ABR;Abril;4;OUTROS NÃO ENERGÉTICOS;b;5875,148451851853
2013;MAI;Maio;5;OUTROS NÃO ENERGÉTICOS;b;4593,4831863888885
2013;JUN;Junho;6;OUTROS NÃO ENERGÉTICOS;b;1613,7584976157407
2013;JUL;Julho;7;OUTROS NÃO ENERGÉTICOS;b;7935,15586519676
2013;AGO;Agosto;8;OUTROS NÃO ENERGÉTICOS;b;7561,3344028125
2013;SET;Setembro;9;OUTROS NÃO ENERGÉTICOS;b;1938,577951860465
2013;OUT;Outubro;10;OUTROS NÃO ENERGÉTICOS;b;5813,96112193287
2013;NOV;Novembro;11;OUTROS NÃO ENERGÉTICOS;b;3000,3412882175926
2013;DEZ;Dezembro;12;OUTROS NÃO ENERGÉTICOS;b;1760,1348976967593
2014;JAN;Janeiro;1;OUTROS NÃO ENERGÉTICOS;b;2765,3979570486113
2014;FEV;Fevereiro;2;OUTROS NÃO ENERGÉTICOS;b;1062,2863020949076
2014;MAR;Março;3;OUTROS NÃO ENERGÉTICOS;b;4702,310003159722
2014;ABR;Abril;4;OUTROS NÃO ENERGÉTICOS;b;3131,7502700578707
2014;MAI;Maio;5;OUTROS NÃO ENERGÉTICOS;b;3164,0365054166673
2014;JUN;Junho;6;OUTROS NÃO ENERGÉTICOS;b;2446,4594548379628
2014;JUL;Julho;7;OUTROS NÃO ENERGÉTICOS;b;3386,210939895833
2014;AGO;Agosto;8;OUTROS NÃO ENERGÉTICOS;b;3012,8626692361117
2014;SET;Setembro;9;OUTROS NÃO ENERGÉTICOS;b;2104,7349511226853
2014;OUT;Outubro;10;OUTROS NÃO ENERGÉTICOS;b;5209,149299247685
2014;NOV;Novembro;11;OUTROS NÃO ENERGÉTICOS;b;1901,0004341550925
2014;DEZ;Dezembro;12;OUTROS NÃO ENERGÉTICOS;b;3071,37828587963
2015;JAN;Janeiro;1;OUTROS NÃO ENERGÉTICOS;b;2476,2850932291667
2015;FEV;Fevereiro;2;OUTROS NÃO ENERGÉTICOS;b;2396,956320578704
2015;MAR;Março;3;OUTROS NÃO ENERGÉTICOS;b;3738,2728628240748
2015;ABR;Abril;4;OUTROS NÃO ENERGÉTICOS;b;359,0214812152778
2015;MAI;Maio;5;OUTROS NÃO ENERGÉTICOS;b;3151,748080324074
2015;JUN;Junho;6;OUTROS NÃO ENERGÉTICOS;b;4595,135717488425
2015;JUL;Julho;7;OUTROS NÃO ENERGÉTICOS;b;3660,5966212731487
2015;AGO;Agosto;8;OUTROS NÃO ENERGÉTICOS;b;2867,570970185185
2015;SET;Setembro;9;OUTROS NÃO ENERGÉTICOS;b;2288,595415659722
2015;OUT;Outubro;10;OUTROS NÃO ENERGÉTICOS;b;2200,530795787037
2015;NOV;Novembro;11;OUTROS NÃO ENERGÉTICOS;b;4464,745917824074
2015;DEZ;Dezembro;12;OUTROS NÃO ENERGÉTICOS;b;2975,516922361111
2016;JAN;Janeiro;1;OUTROS NÃO ENERGÉTICOS;b;3614,9445396643523
2016;FEV;Fevereiro;2;OUTROS NÃO ENERGÉTICOS;b;1835,8091742592594
2016;MAR;Março;3;OUTROS NÃO ENERGÉTICOS;b;2701,975706215278
2016;ABR;Abril;4;OUTROS NÃO ENERGÉTICOS;b;2588,9993620138894
2016;MAI;Maio;5;OUTROS NÃO ENERGÉTICOS;b;3239,82725994213
2016;JUN;Junho;6;OUTROS NÃO ENERGÉTICOS;b;3277,1074879629637
2016;JUL;Julho;7;OUTROS NÃO ENERGÉTICOS;b;4310,0923025
2016;AGO;Agosto;8;OUTROS NÃO ENERGÉTICOS;b;3809,127863668982
2016;SET;Setembro;9;OUTROS NÃO ENERGÉTICOS;b;3426,155601319445
2016;OUT;Outubro;10;OUTROS NÃO ENERGÉTICOS;b;2067,1344087037037
2016;NOV;Novembro;11;OUTROS NÃO ENERGÉTICOS;b;2916,8993875
2016;DEZ;Dezembro;12;OUTROS NÃO ENERGÉTICOS;b;1541,6877580324076
2017;JAN;Janeiro;1;OUTROS NÃO ENERGÉTICOS;b;2583,0007469212965
2017;FEV;Fevereiro;2;OUTROS NÃO ENERGÉTICOS;b;3098,6923681944445
2017;MAR;Março;3;OUTROS NÃO ENERGÉTICOS;b;3730,8109933217597
2017;ABR;Abril;4;OUTROS NÃO ENERGÉTICOS;b;4524,1423990625
2017;MAI;Maio;5;OUTROS NÃO ENERGÉTICOS;b;2883,419253020834
2017;JUN;Junho;6;OUTROS NÃO ENERGÉTICOS;b;2873,227431261574
2017;JUL;Julho;7;OUTROS NÃO ENERGÉTICOS;b;4133,751946446759
2017;AGO;Agosto;8;OUTROS NÃO ENERGÉTICOS;b;3659,941432731482
2017;SET;Setembro;9;OUTROS NÃO ENERGÉTICOS;b;2785,119132152778
2017;OUT;Outubro;10;OUTROS NÃO ENERGÉTICOS;b;2846,32102181713
2017;NOV;Novembro;11;OUTROS NÃO ENERGÉTICOS;b;4099,361827881944
2017;DEZ;Dezembro;12;OUTROS NÃO ENERGÉTICOS;b;3276,21934349537
2018;JAN;Janeiro;1;OUTROS NÃO ENERGÉTICOS;b;12954,824638194445
2018;FEV;Fevereiro;2;OUTROS NÃO ENERGÉTICOS;b;3177,941062245371
2018;MAR;Março;3;OUTROS NÃO ENERGÉTICOS;b;8096,303126956018
2018;ABR;Abril;4;OUTROS NÃO ENERGÉTICOS;b;4875,731130266204
2018;MAI;Maio;5;OUTROS NÃO ENERGÉTICOS;b;6339,939203310186
2018;JUN;Junho;6;OUTROS NÃO ENERGÉTICOS;b;8283,89088630787
2018;JUL;Julho;7;OUTROS NÃO ENERGÉTICOS;b;6656,569985879629
2018;AGO;Agosto;8;OUTROS NÃO ENERGÉTICOS;b;6208,231746689815
2018;SET;Setembro;9;OUTROS NÃO ENERGÉTICOS;b;2429,781266516204
2018;OUT;Outubro;10;OUTROS NÃO ENERGÉTICOS;b;7386,915933148148
2018;NOV;Novembro;11;OUTROS NÃO ENERGÉTICOS;b;7703,968948333334
2018;DEZ;Dezembro;12;OUTROS NÃO ENERGÉTICOS;b;6756,602716446759
2019;JAN;Janeiro;1;OUTROS NÃO ENERGÉTICOS;b;2884,554913159722
2019;FEV;Fevereiro;2;OUTROS NÃO ENERGÉTICOS;b;11748,891888275462
2019;MAR;Março;3;OUTROS NÃO ENERGÉTICOS;b;2360,4695986805555
2019;ABR;Abril;4;OUTROS NÃO ENERGÉTICOS;b;12884,246272511575
2019;MAI;Maio;5;OUTROS NÃO ENERGÉTICOS;b;8850,599855358798
2019;JUN;Junho;6;OUTROS NÃO ENERGÉTICOS;b;3546,746692349537
2019;JUL;Julho;7;OUTROS NÃO ENERGÉTICOS;b;8468,80693238426
2019;AGO;Agosto;8;OUTROS NÃO ENERGÉTICOS;b;2461,332234733796
2019;SET;Setembro;9;OUTROS NÃO ENERGÉTICOS;b;3559,6539066203704
2019;OUT;Outubro;10;OUTROS NÃO ENERGÉTICOS;b;7547,1240913310185
2019;NOV;Novembro;11;OUTROS NÃO ENERGÉTICOS;b;5278,162492303241
2019;DEZ;Dezembro;12;OUTROS NÃO ENERGÉTICOS;b;5547,43042318287
2020;JAN;Janeiro;1;OUTROS NÃO ENERGÉTICOS;b;6811,340079166665
2020;FEV;Fevereiro;2;OUTROS NÃO ENERGÉTICOS;b;7867,678725277779
2020;MAR;Março;3;OUTROS NÃO ENERGÉTICOS;b;7598,316156053242
2020;ABR;Abril;4;OUTROS NÃO ENERGÉTICOS;b;5191,10249486111
2020;MAI;Maio;5;OUTROS NÃO ENERGÉTICOS;b;2295,0963419675927
2020;JUN;Junho;6;OUTROS NÃO ENERGÉTICOS;b;218,68737546296296
2020;JUL;Julho;7;OUTROS NÃO ENERGÉTICOS;b;3493,8438575462965
2020;AGO;Agosto;8;OUTROS NÃO ENERGÉTICOS;b;6730,118539618055
2020;SET;Setembro;9;OUTROS NÃO ENERGÉTICOS;b;6531,2760970949075
2020;OUT;Outubro;10;OUTROS NÃO ENERGÉTICOS;b;5553,793031909722
2020;NOV;Novembro;11;OUTROS NÃO ENERGÉTICOS;b;8127,009629942128
2020;DEZ;Dezembro;12;OUTROS NÃO ENERGÉTICOS;b;12601,059225057872
2021;JAN;Janeiro;1;OUTROS NÃO ENERGÉTICOS;b;8130,227333668982
2021;FEV;Fevereiro;2;OUTROS NÃO ENERGÉTICOS;b;2942,3935016435184
2021;MAR;Março;3;OUTROS NÃO ENERGÉTICOS;b;6967,034716284723
2021;ABR;Abril;4;OUTROS NÃO ENERGÉTICOS;b;5512,516153784723
2021;MAI;Maio;5;OUTROS NÃO ENERGÉTICOS;b;11685,826351203701
2021;JUN;Junho;6;OUTROS NÃO ENERGÉTICOS;b;6083,061615740739
2021;JUL;Julho;7;OUTROS NÃO ENERGÉTICOS;b;7060,493721817129
2021;AGO;Agosto;8;OUTROS NÃO ENERGÉTICOS;b;2542,422736574074
2021;SET;Setembro;9;OUTROS NÃO ENERGÉTICOS;b;11465,49372451389
2021;OUT;Outubro;10;OUTROS NÃO ENERGÉTICOS;b;8910,644245266201
2021;NOV;Novembro;11;OUTROS NÃO ENERGÉTICOS;b;9891,956523483797
2021;DEZ;Dezembro;12;OUTROS NÃO ENERGÉTICOS;b;2667,6001473958336
2022;JAN;Janeiro;1;OUTROS NÃO ENERGÉTICOS;b;4915,093401875
2022;FEV;Fevereiro;2;OUTROS NÃO ENERGÉTICOS;b;7307,521641643518
2022;MAR;Março;3;OUTROS NÃO ENERGÉTICOS;b;7526,5438912499985
2022;ABR;Abril;4;OUTROS NÃO ENERGÉTICOS;b;9325,058277743055
2022;MAI;Maio;5;OUTROS NÃO ENERGÉTICOS;b;9542,391596886573
2022;JUN;Junho;6;OUTROS NÃO ENERGÉTICOS;b;9405,995902256946
2022;JUL;Julho;7;OUTROS NÃO ENERGÉTICOS;b;5667,650240706018
2022;AGO;Agosto;8;OUTROS NÃO ENERGÉTICOS;b;5095,452247650463
2022;SET;Setembro;9;OUTROS NÃO ENERGÉTICOS;b;8053,6794723842595
2022;OUT;Outubro;10;OUTROS NÃO ENERGÉTICOS;b;7506,880955127315
2022;NOV;Novembro;11;OUTROS NÃO ENERGÉTICOS;b;5162,856588842592
2022;DEZ;Dezembro;12;OUTROS NÃO ENERGÉTICOS;b;3917,2048535532413
2023;JAN;Janeiro;1;OUTROS NÃO ENERGÉTICOS;b;4691,193637569444
2023;FEV;Fevereiro;2;OUTROS NÃO ENERGÉTICOS;b;12525,559665439814
2023;MAR;Março;3;OUTROS NÃO ENERGÉTICOS;b;10154,068339513888
2023;ABR;Abril;4;OUTROS NÃO ENERGÉTICOS;b;4745,050135694443
2023;MAI;Maio;5;OUTROS NÃO ENERGÉTICOS;b;9071,769667407407
2023;JUN;Junho;6;OUTROS NÃO ENERGÉTICOS;b;3997,9313617592584
2023;JUL;Julho;7;OUTROS NÃO ENERGÉTICOS;b;11679,878695219906
2023;AGO;Agosto;8;OUTROS NÃO ENERGÉTICOS;b;11809,351230925928
2023;SET;Setembro;9;OUTROS NÃO ENERGÉTICOS;b;8747,429499664351
2023;OUT;Outubro;10;OUTROS NÃO ENERGÉTICOS;b;13852,469339641204
2023;NOV;Novembro;11;OUTROS NÃO ENERGÉTICOS;b;8281,932600555558
2023;DEZ;Dezembro;12;OUTROS NÃO ENERGÉTICOS;b;12056,619386550925
2024;JAN;Janeiro;1;OUTROS NÃO ENERGÉTICOS;b;11793,583026689816
2024;FEV;Fevereiro;2;OUTROS NÃO ENERGÉTICOS;b;15731,673834976851
2024;MAR;Março;3;OUTROS NÃO ENERGÉTICOS;b;13682,469752696757
2024;ABR;Abril;4;OUTROS NÃO ENERGÉTICOS;b;15419,068822002315
2024;MAI;Maio;5;OUTROS NÃO ENERGÉTICOS;b;8365,301702546298
2024;JUN;Junho;6;OUTROS NÃO ENERGÉTICOS;b;18132,037135972223
2024;JUL;Julho;7;OUTROS NÃO ENERGÉTICOS;b;16648,602919166664
2024;AGO;Agosto;8;OUTROS NÃO ENERGÉTICOS;b;9175,609771388888
2024;SET;Setembro;9;OUTROS NÃO ENERGÉTICOS;b;30512,028467199078
2024;OUT;Outubro;10;OUTROS NÃO ENERGÉTICOS;b;21261,45056689815
2024;NOV;Novembro;11;OUTROS NÃO ENERGÉTICOS;b;9573,796967650464
2024;DEZ;Dezembro;12;OUTROS NÃO ENERGÉTICOS;b;9770,28073142361
2025;JAN;Janeiro;1;OUTROS NÃO ENERGÉTICOS;b;14535,17580005787
2025;FEV;Fevereiro;2;OUTROS NÃO ENERGÉTICOS;b;12944,96041070602
2025;MAR;Março;3;OUTROS NÃO ENERGÉTICOS;b;7007,248732997684
2025;ABR;Abril;4;OUTROS NÃO ENERGÉTICOS;b;7590,77420795139
2025;MAI;Maio;5;OUTROS NÃO ENERGÉTICOS;b;12957,226996180556
2025;JUN;Junho;6;OUTROS NÃO ENERGÉTICOS;b;12211,69523449074
2025;JUL;Julho;7;OUTROS NÃO ENERGÉTICOS;b;14190,743183703704
2025;AGO;Agosto;8;OUTROS NÃO ENERGÉTICOS;b;7039,8698425
2025;SET;Setembro;9;OUTROS NÃO ENERGÉTICOS;b;17033,788262812504
2025;OUT;Outubro;10;OUTROS NÃO ENERGÉTICOS;b;17993,428360046302
2025;NOV;Novembro;11;OUTROS NÃO ENERGÉTICOS;b;6510,492060578703
2025;DEZ;Dezembro;12;OUTROS NÃO ENERGÉTICOS;b;6810,1971391550915
2026;JAN;Janeiro;1;OUTROS NÃO ENERGÉTICOS;b;12850,423984016204
2026;FEV;Fevereiro;2;OUTROS NÃO ENERGÉTICOS;b;9542,828389247683
2026;MAR;Março;3;OUTROS NÃO ENERGÉTICOS;b;16215,86544714121
2026;ABR;Abril;4;OUTROS NÃO ENERGÉTICOS;b;8113,126912731481
2026;MAI;Maio;5;OUTROS NÃO ENERGÉTICOS;b;14852,993201875
2026;JUN;Junho;6;OUTROS NÃO ENERGÉTICOS;b;11537,935737604168
2026;JUL;Julho;7;OUTROS NÃO ENERGÉTICOS;b;9105,795792337964
2000;JAN;Janeiro;1;PARAFINA;b;5516,2324045000005
2000;FEV;Fevereiro;2;PARAFINA;b;4822,451020500001
2000;MAR;Março;3;PARAFINA;b;4373,2205175
2000;ABR;Abril;4;PARAFINA;b;4639,463572500001
2000;MAI;Maio;5;PARAFINA;b;5950,758559
2000;JUN;Junho;6;PARAFINA;b;7349,190425500001
2000;JUL;Julho;7;PARAFINA;b;4371,632724000001
2000;AGO;Agosto;8;PARAFINA;b;7786,140458000001
2000;SET;Setembro;9;PARAFINA;b;4933,182358499999
2000;OUT;Outubro;10;PARAFINA;b;5844,8673065
2000;NOV;Novembro;11;PARAFINA;b;2999,2115230000004
2000;DEZ;Dezembro;12;PARAFINA;b;3376,5771115000002
2001;JAN;Janeiro;1;PARAFINA;b;43663,37777850002
2001;FEV;Fevereiro;2;PARAFINA;b;26035,356839500007
2001;MAR;Março;3;PARAFINA;b;9916,338024499999
2001;ABR;Abril;4;PARAFINA;b;3351,9854885
2001;MAI;Maio;5;PARAFINA;b;5378,692669
2001;JUN;Junho;6;PARAFINA;b;11266,092898000003
2001;JUL;Julho;7;PARAFINA;b;43880,023380499995
2001;AGO;Agosto;8;PARAFINA;b;17390,757033
2001;SET;Setembro;9;PARAFINA;b;45648,09664200001
2001;OUT;Outubro;10;PARAFINA;b;4263,309923000001
2001;NOV;Novembro;11;PARAFINA;b;7105,245514000001
2001;DEZ;Dezembro;12;PARAFINA;b;5581,9302370000005
2002;JAN;Janeiro;1;PARAFINA;b;9806,066916500004
2002;FEV;Fevereiro;2;PARAFINA;b;10261,2190455
2002;MAR;Março;3;PARAFINA;b;9407,2009165
2002;ABR;Abril;4;PARAFINA;b;6419,410768000001
2002;MAI;Maio;5;PARAFINA;b;10037,4398785
2002;JUN;Junho;6;PARAFINA;b;7295,3895385
2002;JUL;Julho;7;PARAFINA;b;19355,793393500007
2002;AGO;Agosto;8;PARAFINA;b;9520,103005999998
2002;SET;Setembro;9;PARAFINA;b;16491,759092000008
2002;OUT;Outubro;10;PARAFINA;b;8349,170499000003
2002;NOV;Novembro;11;PARAFINA;b;7198,909989500002
2002;DEZ;Dezembro;12;PARAFINA;b;10849,745828500003
2003;JAN;Janeiro;1;PARAFINA;b;7369,847082000003
2003;FEV;Fevereiro;2;PARAFINA;b;7111,727086500001
2003;MAR;Março;3;PARAFINA;b;3475,672301000001
2003;ABR;Abril;4;PARAFINA;b;6630,211449000001
2003;MAI;Maio;5;PARAFINA;b;9926,171605500002
2003;JUN;Junho;6;PARAFINA;b;7190,740907
2003;JUL;Julho;7;PARAFINA;b;8396,436119999998
2003;AGO;Agosto;8;PARAFINA;b;12871,727981
2003;SET;Setembro;9;PARAFINA;b;17784,729254
2003;OUT;Outubro;10;PARAFINA;b;14951,49201
2003;NOV;Novembro;11;PARAFINA;b;13100,262857999998
2003;DEZ;Dezembro;12;PARAFINA;b;9171,049232999998
2004;JAN;Janeiro;1;PARAFINA;b;4910,232222500001
2004;FEV;Fevereiro;2;PARAFINA;b;12235,812849000002
2004;MAR;Março;3;PARAFINA;b;3750,2378485
2004;ABR;Abril;4;PARAFINA;b;4132,8577295
2004;MAI;Maio;5;PARAFINA;b;2397,3610814999997
2004;JUN;Junho;6;PARAFINA;b;4955,8640270000005
2004;JUL;Julho;7;PARAFINA;b;3978,933806
2004;AGO;Agosto;8;PARAFINA;b;5918,373708
2004;SET;Setembro;9;PARAFINA;b;4200,549892
2004;OUT;Outubro;10;PARAFINA;b;4561,508281000001
2004;NOV;Novembro;11;PARAFINA;b;3445,8493970000004
2004;DEZ;Dezembro;12;PARAFINA;b;3943,3656975000013
2005;JAN;Janeiro;1;PARAFINA;b;2139,087676
2005;FEV;Fevereiro;2;PARAFINA;b;2735,0088210000004
2005;MAR;Março;3;PARAFINA;b;2166,747499
2005;ABR;Abril;4;PARAFINA;b;953,8113339999999
2005;MAI;Maio;5;PARAFINA;b;1720,4624680000002
2005;JUN;Junho;6;PARAFINA;b;2069,7540265000002
2005;JUL;Julho;7;PARAFINA;b;1690,8543379999999
2005;AGO;Agosto;8;PARAFINA;b;4205,551058000001
2005;SET;Setembro;9;PARAFINA;b;2674,3888595000008
2005;OUT;Outubro;10;PARAFINA;b;4541,672368
2005;NOV;Novembro;11;PARAFINA;b;3563,5762310000005
2005;DEZ;Dezembro;12;PARAFINA;b;4917,519197500001
2006;JAN;Janeiro;1;PARAFINA;b;3216,9540065
2006;FEV;Fevereiro;2;PARAFINA;b;4963,289071
2006;MAR;Março;3;PARAFINA;b;5877,904150000001
2006;ABR;Abril;4;PARAFINA;b;6694,459557000001
2006;MAI;Maio;5;PARAFINA;b;4193,347292500001
2006;JUN;Junho;6;PARAFINA;b;4465,373904499999
2006;JUL;Julho;7;PARAFINA;b;5804,988377
2006;AGO;Agosto;8;PARAFINA;b;5988,436054999999
2006;SET;Setembro;9;PARAFINA;b;9615,017773000001
2006;OUT;Outubro;10;PARAFINA;b;9946,605817500002
2006;NOV;Novembro;11;PARAFINA;b;8726,566769500001
2006;DEZ;Dezembro;12;PARAFINA;b;6127,6326185
2007;JAN;Janeiro;1;PARAFINA;b;12069,316975999998
2007;FEV;Fevereiro;2;PARAFINA;b;4694,8599235
2007;MAR;Março;3;PARAFINA;b;10289,714953
2007;ABR;Abril;4;PARAFINA;b;10160,551403499998
2007;MAI;Maio;5;PARAFINA;b;6683,9893245
2007;JUN;Junho;6;PARAFINA;b;9535,474688
2007;JUL;Julho;7;PARAFINA;b;29899,64735250001
2007;AGO;Agosto;8;PARAFINA;b;14568,534627000005
2007;SET;Setembro;9;PARAFINA;b;10487,3147035
2007;OUT;Outubro;10;PARAFINA;b;9911,436575000002
2007;NOV;Novembro;11;PARAFINA;b;9893,0197045
2007;DEZ;Dezembro;12;PARAFINA;b;6673,2966475
2008;JAN;Janeiro;1;PARAFINA;b;12904,296924000002
2008;FEV;Fevereiro;2;PARAFINA;b;19776,54333
2008;MAR;Março;3;PARAFINA;b;7225,6953754999995
2008;ABR;Abril;4;PARAFINA;b;6797,627781999999
2008;MAI;Maio;5;PARAFINA;b;5988,727534
2008;JUN;Junho;6;PARAFINA;b;12384,973391999996
2008;JUL;Julho;7;PARAFINA;b;7554,759825499999
2008;AGO;Agosto;8;PARAFINA;b;20399,840489500002
2008;SET;Setembro;9;PARAFINA;b;15329,839422500001
2008;OUT;Outubro;10;PARAFINA;b;16195,685462500005
2008;NOV;Novembro;11;PARAFINA;b;14661,3706885
2008;DEZ;Dezembro;12;PARAFINA;b;7197,736403
2009;JAN;Janeiro;1;PARAFINA;b;9560,058640499998
2009;FEV;Fevereiro;2;PARAFINA;b;9542,899732
2009;MAR;Março;3;PARAFINA;b;19006,61689495456
2009;ABR;Abril;4;PARAFINA;b;21428,74110938
2009;MAI;Maio;5;PARAFINA;b;19073,3042195
2009;JUN;Junho;6;PARAFINA;b;17061,048260999996
2009;JUL;Julho;7;PARAFINA;b;15602,748142
2009;AGO;Agosto;8;PARAFINA;b;21703,641397500007
2009;SET;Setembro;9;PARAFINA;b;12084,182405
2009;OUT;Outubro;10;PARAFINA;b;33561,8048495
2009;NOV;Novembro;11;PARAFINA;b;23023,696095000007
2009;DEZ;Dezembro;12;PARAFINA;b;18233,952086499998
2010;JAN;Janeiro;1;PARAFINA;b;12736,86525
2010;FEV;Fevereiro;2;PARAFINA;b;11718,621716000003
2010;MAR;Março;3;PARAFINA;b;7921,379043499999
2010;ABR;Abril;4;PARAFINA;b;13413,86358
2010;MAI;Maio;5;PARAFINA;b;19118,4527825
2010;JUN;Junho;6;PARAFINA;b;20181,246580500007
2010;JUL;Julho;7;PARAFINA;b;26337,796984000004
2010;AGO;Agosto;8;PARAFINA;b;29239,247984500005
2010;SET;Setembro;9;PARAFINA;b;24871,680625500005
2010;OUT;Outubro;10;PARAFINA;b;35423,350824
2010;NOV;Novembro;11;PARAFINA;b;39039,163160000004
2010;DEZ;Dezembro;12;PARAFINA;b;53488,54424
2011;JAN;Janeiro;1;PARAFINA;b;92897,594251
2011;FEV;Fevereiro;2;PARAFINA;b;53551,44234
2011;MAR;Março;3;PARAFINA;b;39625,803
2011;ABR;Abril;4;PARAFINA;b;16762,34365
2011;MAI;Maio;5;PARAFINA;b;21756,45279
2011;JUN;Junho;6;PARAFINA;b;17775,00306
2011;JUL;Julho;7;PARAFINA;b;19768,87283
2011;AGO;Agosto;8;PARAFINA;b;27717,604876500005
2011;SET;Setembro;9;PARAFINA;b;13749,524660000001
2011;OUT;Outubro;10;PARAFINA;b;17869,35021
2011;NOV;Novembro;11;PARAFINA;b;15932,08873
2011;DEZ;Dezembro;12;PARAFINA;b;10339,2525761
2012;JAN;Janeiro;1;PARAFINA;b;16558,860626
2012;FEV;Fevereiro;2;PARAFINA;b;11521,612594
2012;MAR;Março;3;PARAFINA;b;17878,317024499996
2012;ABR;Abril;4;PARAFINA;b;19615,938401
2012;MAI;Maio;5;PARAFINA;b;18215,757660500007
2012;JUN;Junho;6;PARAFINA;b;24117,501724499998
2012;JUL;Julho;7;PARAFINA;b;18693,407366000007
2012;AGO;Agosto;8;PARAFINA;b;29138,173806
2012;SET;Setembro;9;PARAFINA;b;26338,6023865
2012;OUT;Outubro;10;PARAFINA;b;15267,393882000002
2012;NOV;Novembro;11;PARAFINA;b;14411,404434499998
2012;DEZ;Dezembro;12;PARAFINA;b;10079,543252999998
2013;JAN;Janeiro;1;PARAFINA;b;15306,498091000003
2013;FEV;Fevereiro;2;PARAFINA;b;15290,704531500001
2013;MAR;Março;3;PARAFINA;b;15123,817463000003
2013;ABR;Abril;4;PARAFINA;b;22983,226537000013
2013;MAI;Maio;5;PARAFINA;b;20492,200980000005
2013;JUN;Junho;6;PARAFINA;b;18680,3598455
2013;JUL;Julho;7;PARAFINA;b;13217,506450499997
2013;AGO;Agosto;8;PARAFINA;b;23557,455508
2013;SET;Setembro;9;PARAFINA;b;11303,7473825
2013;OUT;Outubro;10;PARAFINA;b;17248,5689745
2013;NOV;Novembro;11;PARAFINA;b;11518,337290500005
2013;DEZ;Dezembro;12;PARAFINA;b;15950,428895500005
2014;JAN;Janeiro;1;PARAFINA;b;20394,985063000004
2014;FEV;Fevereiro;2;PARAFINA;b;14693,502412999997
2014;MAR;Março;3;PARAFINA;b;15242,6411785
2014;ABR;Abril;4;PARAFINA;b;16145,351641500005
2014;MAI;Maio;5;PARAFINA;b;10346,2235265
2014;JUN;Junho;6;PARAFINA;b;11335,00467
2014;JUL;Julho;7;PARAFINA;b;20788,481713
2014;AGO;Agosto;8;PARAFINA;b;10985,6364065
2014;SET;Setembro;9;PARAFINA;b;10616,439900500003
2014;OUT;Outubro;10;PARAFINA;b;11460,463368
2014;NOV;Novembro;11;PARAFINA;b;8816,4496885
2014;DEZ;Dezembro;12;PARAFINA;b;10058,150228499999
2015;JAN;Janeiro;1;PARAFINA;b;11172,4744455
2015;FEV;Fevereiro;2;PARAFINA;b;10119,997469999997
2015;MAR;Março;3;PARAFINA;b;15411,507236
2015;ABR;Abril;4;PARAFINA;b;12222,328109999999
2015;MAI;Maio;5;PARAFINA;b;14567,153937000001
2015;JUN;Junho;6;PARAFINA;b;15140,592846499998
2015;JUL;Julho;7;PARAFINA;b;18951,673101000004
2015;AGO;Agosto;8;PARAFINA;b;16197,442007000001
2015;SET;Setembro;9;PARAFINA;b;14193,470188499998
2015;OUT;Outubro;10;PARAFINA;b;14792,866070000002
2015;NOV;Novembro;11;PARAFINA;b;10246,913563
2015;DEZ;Dezembro;12;PARAFINA;b;7290,626157999999
2016;JAN;Janeiro;1;PARAFINA;b;15991,61181
2016;FEV;Fevereiro;2;PARAFINA;b;11527,564901999998
2016;MAR;Março;3;PARAFINA;b;14796,033986500002
2016;ABR;Abril;4;PARAFINA;b;9904,441078999998
2016;MAI;Maio;5;PARAFINA;b;13839,576329999998
2016;JUN;Junho;6;PARAFINA;b;13439,9356095
2016;JUL;Julho;7;PARAFINA;b;10047,189084000001
2016;AGO;Agosto;8;PARAFINA;b;10603,2466405
2016;SET;Setembro;9;PARAFINA;b;10306,812497500003
2016;OUT;Outubro;10;PARAFINA;b;10688,243451
2016;NOV;Novembro;11;PARAFINA;b;22271,710957000003
2016;DEZ;Dezembro;12;PARAFINA;b;9397,259948500001
2017;JAN;Janeiro;1;PARAFINA;b;11145,113771999999
2017;FEV;Fevereiro;2;PARAFINA;b;5414,398846500001
2017;MAR;Março;3;PARAFINA;b;17341,6428215
2017;ABR;Abril;4;PARAFINA;b;25540,187712
2017;MAI;Maio;5;PARAFINA;b;12124,0766755
2017;JUN;Junho;6;PARAFINA;b;13309,782565500002
2017;JUL;Julho;7;PARAFINA;b;15988,6433265
2017;AGO;Agosto;8;PARAFINA;b;21425,232929499998
2017;SET;Setembro;9;PARAFINA;b;20835,37147950001
2017;OUT;Outubro;10;PARAFINA;b;23088,703582500002
2017;NOV;Novembro;11;PARAFINA;b;18283,495846
2017;DEZ;Dezembro;12;PARAFINA;b;13049,046929499998
2018;JAN;Janeiro;1;PARAFINA;b;17861,572323
2018;FEV;Fevereiro;2;PARAFINA;b;16418,367748000004
2018;MAR;Março;3;PARAFINA;b;20779,883082499997
2018;ABR;Abril;4;PARAFINA;b;23136,114942999997
2018;MAI;Maio;5;PARAFINA;b;15989,924299999999
2018;JUN;Junho;6;PARAFINA;b;21956,890625500004
2018;JUL;Julho;7;PARAFINA;b;17052,21951549999
2018;AGO;Agosto;8;PARAFINA;b;22566,664693500003
2018;SET;Setembro;9;PARAFINA;b;17977,9568195
2018;OUT;Outubro;10;PARAFINA;b;11830,127774499997
2018;NOV;Novembro;11;PARAFINA;b;8976,993253499999
2018;DEZ;Dezembro;12;PARAFINA;b;6354,671748
2019;JAN;Janeiro;1;PARAFINA;b;9292,1434165
2019;FEV;Fevereiro;2;PARAFINA;b;8088,7340125
2019;MAR;Março;3;PARAFINA;b;9114,655717
2019;ABR;Abril;4;PARAFINA;b;12044,541261
2019;MAI;Maio;5;PARAFINA;b;10314,7284535
2019;JUN;Junho;6;PARAFINA;b;11257,37921
2019;JUL;Julho;7;PARAFINA;b;11694,3752655
2019;AGO;Agosto;8;PARAFINA;b;7161,991873000001
2019;SET;Setembro;9;PARAFINA;b;10348,593711
2019;OUT;Outubro;10;PARAFINA;b;13855,147445000002
2019;NOV;Novembro;11;PARAFINA;b;7593,6799425
2019;DEZ;Dezembro;12;PARAFINA;b;7622,505681500001
2020;JAN;Janeiro;1;PARAFINA;b;14658,831752999997
2020;FEV;Fevereiro;2;PARAFINA;b;14263,770320999998
2020;MAR;Março;3;PARAFINA;b;32243,7521525
2020;ABR;Abril;4;PARAFINA;b;22070,414025500006
2020;MAI;Maio;5;PARAFINA;b;12590,20529
2020;JUN;Junho;6;PARAFINA;b;12793,396835
2020;JUL;Julho;7;PARAFINA;b;27755,259360999993
2020;AGO;Agosto;8;PARAFINA;b;27727,538174000005
2020;SET;Setembro;9;PARAFINA;b;75267,21846850004
2020;OUT;Outubro;10;PARAFINA;b;97438,16206700001
2020;NOV;Novembro;11;PARAFINA;b;99217,48028150001
2020;DEZ;Dezembro;12;PARAFINA;b;76100,62596400002
2021;JAN;Janeiro;1;PARAFINA;b;98776,07368850001
2021;FEV;Fevereiro;2;PARAFINA;b;68235,2108885
2021;MAR;Março;3;PARAFINA;b;58598,1787805
2021;ABR;Abril;4;PARAFINA;b;64593,00436200002
2021;MAI;Maio;5;PARAFINA;b;61405,12922100001
2021;JUN;Junho;6;PARAFINA;b;41771,456624
2021;JUL;Julho;7;PARAFINA;b;41664,476160499995
2021;AGO;Agosto;8;PARAFINA;b;48049,745533000016
2021;SET;Setembro;9;PARAFINA;b;50813,56475200001
2021;OUT;Outubro;10;PARAFINA;b;60451,04174899999
2021;NOV;Novembro;11;PARAFINA;b;66620,01836249999
2021;DEZ;Dezembro;12;PARAFINA;b;48316,64058050002
2022;JAN;Janeiro;1;PARAFINA;b;44908,5453845
2022;FEV;Fevereiro;2;PARAFINA;b;24220,294094999997
2022;MAR;Março;3;PARAFINA;b;30256,348614000006
2022;ABR;Abril;4;PARAFINA;b;18440,909847000003
2022;MAI;Maio;5;PARAFINA;b;19578,94357950001
2022;JUN;Junho;6;PARAFINA;b;15589,4244835
2022;JUL;Julho;7;PARAFINA;b;25183,869975500005
2022;AGO;Agosto;8;PARAFINA;b;39035,396944500004
2022;SET;Setembro;9;PARAFINA;b;33236,614002
2022;OUT;Outubro;10;PARAFINA;b;25537,280592499992
2022;NOV;Novembro;11;PARAFINA;b;42729,525085500005
2022;DEZ;Dezembro;12;PARAFINA;b;28013,348674499994
2023;JAN;Janeiro;1;PARAFINA;b;32212,01162350001
2023;FEV;Fevereiro;2;PARAFINA;b;26394,95755000001
2023;MAR;Março;3;PARAFINA;b;45907,812101500014
2023;ABR;Abril;4;PARAFINA;b;83868,571996
2023;MAI;Maio;5;PARAFINA;b;72696,98732849998
2023;JUN;Junho;6;PARAFINA;b;74138,47371149999
2023;JUL;Julho;7;PARAFINA;b;51727,290053000026
2023;AGO;Agosto;8;PARAFINA;b;92574,52046149997
2023;SET;Setembro;9;PARAFINA;b;67705,27138450001
2023;OUT;Outubro;10;PARAFINA;b;51123,974546000005
2023;NOV;Novembro;11;PARAFINA;b;50596,167441000005
2023;DEZ;Dezembro;12;PARAFINA;b;32760,78987550002
2024;JAN;Janeiro;1;PARAFINA;b;44651,89812500001
2024;FEV;Fevereiro;2;PARAFINA;b;35483,86339850003
2024;MAR;Março;3;PARAFINA;b;50781,83189350002
2024;ABR;Abril;4;PARAFINA;b;33476,639288000006
2024;MAI;Maio;5;PARAFINA;b;38439,3530715
2024;JUN;Junho;6;PARAFINA;b;38393,16899099999
2024;JUL;Julho;7;PARAFINA;b;37429,2402675
2024;AGO;Agosto;8;PARAFINA;b;36985,85468550001
2024;SET;Setembro;9;PARAFINA;b;32796,549746500015
2024;OUT;Outubro;10;PARAFINA;b;37003,86501950002
2024;NOV;Novembro;11;PARAFINA;b;34003,3801935
2024;DEZ;Dezembro;12;PARAFINA;b;31956,691360500008
2025;JAN;Janeiro;1;PARAFINA;b;24324,912044500004
2025;FEV;Fevereiro;2;PARAFINA;b;27840,355888
2025;MAR;Março;3;PARAFINA;b;47688,24253850002
2025;ABR;Abril;4;PARAFINA;b;38148,288278500004
2025;MAI;Maio;5;PARAFINA;b;38082,72851500003
2025;JUN;Junho;6;PARAFINA;b;26906,886720000002
2025;JUL;Julho;7;PARAFINA;b;45069,96338650001
2025;AGO;Agosto;8;PARAFINA;b;28903,379801000006
2025;SET;Setembro;9;PARAFINA;b;37042,01808650002
2025;OUT;Outubro;10;PARAFINA;b;31978,690354500006
2025;NOV;Novembro;11;PARAFINA;b;33492,2640965
2025;DEZ;Dezembro;12;PARAFINA;b;41641,572047500005
2026;JAN;Janeiro;1;PARAFINA;b;36084,51724200001
2026;FEV;Fevereiro;2;PARAFINA;b;18075,065349500004
2026;MAR;Março;3;PARAFINA;b;39158,3397185
2026;ABR;Abril;4;PARAFINA;b;35117,435943000004
2026;MAI;Maio;5;PARAFINA;b;41752,23435100001
2026;JUN;Junho;6;PARAFINA;b;61627,41264050001
2026;JUL;Julho;7;PARAFINA;b;39478,63678700001
2000;JAN;Janeiro;1;QUEROSENE DE AVIAÇÃO;b;265897,2909976456
2000;FEV;Fevereiro;2;QUEROSENE DE AVIAÇÃO;b;170581,39879265823
2000;MAR;Março;3;QUEROSENE DE AVIAÇÃO;b;684296,7260832152
2000;ABR;Abril;4;QUEROSENE DE AVIAÇÃO;b;203520,28981346835
2000;MAI;Maio;5;QUEROSENE DE AVIAÇÃO;b;320495,5965751899
2000;JUN;Junho;6;QUEROSENE DE AVIAÇÃO;b;210950,22739827845
2000;JUL;Julho;7;QUEROSENE DE AVIAÇÃO;b;846063,9991546836
2000;AGO;Agosto;8;QUEROSENE DE AVIAÇÃO;b;491067,2819903798
2000;SET;Setembro;9;QUEROSENE DE AVIAÇÃO;b;325418,15315510123
2000;OUT;Outubro;10;QUEROSENE DE AVIAÇÃO;b;922803,8849770633
2000;NOV;Novembro;11;QUEROSENE DE AVIAÇÃO;b;660636,4035387088
2000;DEZ;Dezembro;12;QUEROSENE DE AVIAÇÃO;b;576673,8651990507
2001;JAN;Janeiro;1;QUEROSENE DE AVIAÇÃO;b;714077,8856686963
2001;FEV;Fevereiro;2;QUEROSENE DE AVIAÇÃO;b;714358,1803029367
2001;MAR;Março;3;QUEROSENE DE AVIAÇÃO;b;819140,9690421266
2001;ABR;Abril;4;QUEROSENE DE AVIAÇÃO;b;753262,8685291139
2001;MAI;Maio;5;QUEROSENE DE AVIAÇÃO;b;450144,3131619747
2001;JUN;Junho;6;QUEROSENE DE AVIAÇÃO;b;536676,613090519
2001;JUL;Julho;7;QUEROSENE DE AVIAÇÃO;b;683723,899551481
2001;AGO;Agosto;8;QUEROSENE DE AVIAÇÃO;b;198746,96892803797
2001;SET;Setembro;9;QUEROSENE DE AVIAÇÃO;b;168721,14369534174
2001;OUT;Outubro;10;QUEROSENE DE AVIAÇÃO;b;759985,3617246201
2001;NOV;Novembro;11;QUEROSENE DE AVIAÇÃO;b;1145645,412193152
2001;DEZ;Dezembro;12;QUEROSENE DE AVIAÇÃO;b;491871,0162051771
2002;JAN;Janeiro;1;QUEROSENE DE AVIAÇÃO;b;435112,40770796203
2002;FEV;Fevereiro;2;QUEROSENE DE AVIAÇÃO;b;555080,3184880507
2002;MAR;Março;3;QUEROSENE DE AVIAÇÃO;b;750287,4301187975
2002;ABR;Abril;4;QUEROSENE DE AVIAÇÃO;b;885517,4295135441
2002;MAI;Maio;5;QUEROSENE DE AVIAÇÃO;b;187319,02110082278
2002;JUN;Junho;6;QUEROSENE DE AVIAÇÃO;b;627541,0793699494
2002;JUL;Julho;7;QUEROSENE DE AVIAÇÃO;b;504209,7364821772
2002;AGO;Agosto;8;QUEROSENE DE AVIAÇÃO;b;272537,4195292911
2002;SET;Setembro;9;QUEROSENE DE AVIAÇÃO;b;436674,99555658223
2002;OUT;Outubro;10;QUEROSENE DE AVIAÇÃO;b;364211,44008821517
2002;NOV;Novembro;11;QUEROSENE DE AVIAÇÃO;b;308701,75696524046
2002;DEZ;Dezembro;12;QUEROSENE DE AVIAÇÃO;b;935115,4316825061
2003;JAN;Janeiro;1;QUEROSENE DE AVIAÇÃO;b;316621,11606475594
2003;FEV;Fevereiro;2;QUEROSENE DE AVIAÇÃO;b;124956,39621951188
2003;MAR;Março;3;QUEROSENE DE AVIAÇÃO;b;0,0
2003;ABR;Abril;4;QUEROSENE DE AVIAÇÃO;b;98848,44977126407
2003;MAI;Maio;5;QUEROSENE DE AVIAÇÃO;b;245363,04774818523
2003;JUN;Junho;6;QUEROSENE DE AVIAÇÃO;b;99592,17453917395
2003;JUL;Julho;7;QUEROSENE DE AVIAÇÃO;b;253043,48829377975
2003;AGO;Agosto;8;QUEROSENE DE AVIAÇÃO;b;430669,0845675344
2003;SET;Setembro;9;QUEROSENE DE AVIAÇÃO;b;268928,67503632046
2003;OUT;Outubro;10;QUEROSENE DE AVIAÇÃO;b;11026,713930826032
2003;NOV;Novembro;11;QUEROSENE DE AVIAÇÃO;b;364971,16105834796
2003;DEZ;Dezembro;12;QUEROSENE DE AVIAÇÃO;b;231,70746876095117
2004;JAN;Janeiro;1;QUEROSENE DE AVIAÇÃO;b;116281,81932140175
2004;FEV;Fevereiro;2;QUEROSENE DE AVIAÇÃO;b;16245,146507321651
2004;MAR;Março;3;QUEROSENE DE AVIAÇÃO;b;0,0
2004;ABR;Abril;4;QUEROSENE DE AVIAÇÃO;b;15827,704649148936
2004;MAI;Maio;5;QUEROSENE DE AVIAÇÃO;b;0,0
2004;JUN;Junho;6;QUEROSENE DE AVIAÇÃO;b;0,0
2004;JUL;Julho;7;QUEROSENE DE AVIAÇÃO;b;220,47397831038796
2004;AGO;Agosto;8;QUEROSENE DE AVIAÇÃO;b;219,81272168961198
2004;SET;Setembro;9;QUEROSENE DE AVIAÇÃO;b;219,59230281602
2004;OUT;Outubro;10;QUEROSENE DE AVIAÇÃO;b;255319,60443141422
2004;NOV;Novembro;11;QUEROSENE DE AVIAÇÃO;b;0,0
2004;DEZ;Dezembro;12;QUEROSENE DE AVIAÇÃO;b;278081,8757742303
2005;JAN;Janeiro;1;QUEROSENE DE AVIAÇÃO;b;433,85519215269085
2005;FEV;Fevereiro;2;QUEROSENE DE AVIAÇÃO;b;260280,05246057568
2005;MAR;Março;3;QUEROSENE DE AVIAÇÃO;b;433,85519215269085
2005;ABR;Abril;4;QUEROSENE DE AVIAÇÃO;b;21750,90295764706
2005;MAI;Maio;5;QUEROSENE DE AVIAÇÃO;b;0,0
2005;JUN;Junho;6;QUEROSENE DE AVIAÇÃO;b;153401,6407870213
2005;JUL;Julho;7;QUEROSENE DE AVIAÇÃO;b;12631,158655907382
2005;AGO;Agosto;8;QUEROSENE DE AVIAÇÃO;b;946408,7704210762
2005;SET;Setembro;9;QUEROSENE DE AVIAÇÃO;b;240444,00697884854
2005;OUT;Outubro;10;QUEROSENE DE AVIAÇÃO;b;195148,91246852314
2005;NOV;Novembro;11;QUEROSENE DE AVIAÇÃO;b;0,0
2005;DEZ;Dezembro;12;QUEROSENE DE AVIAÇÃO;b;209871,60219963704
2006;JAN;Janeiro;1;QUEROSENE DE AVIAÇÃO;b;429742,12086674594
2006;FEV;Fevereiro;2;QUEROSENE DE AVIAÇÃO;b;146719,46157571964
2006;MAR;Março;3;QUEROSENE DE AVIAÇÃO;b;528383,2745594993
2006;ABR;Abril;4;QUEROSENE DE AVIAÇÃO;b;791345,8876885106
2006;MAI;Maio;5;QUEROSENE DE AVIAÇÃO;b;92003,17633770962
2006;JUN;Junho;6;QUEROSENE DE AVIAÇÃO;b;65273,050386132665
2006;JUL;Julho;7;QUEROSENE DE AVIAÇÃO;b;413182,2634405507
2006;AGO;Agosto;8;QUEROSENE DE AVIAÇÃO;b;614825,6527053065
2006;SET;Setembro;9;QUEROSENE DE AVIAÇÃO;b;240188,9508536921
2006;OUT;Outubro;10;QUEROSENE DE AVIAÇÃO;b;648513,7727279725
2006;NOV;Novembro;11;QUEROSENE DE AVIAÇÃO;b;287748,069952015
2006;DEZ;Dezembro;12;QUEROSENE DE AVIAÇÃO;b;150130,99469173967
2007;JAN;Janeiro;1;QUEROSENE DE AVIAÇÃO;b;554053,7603925907
2007;FEV;Fevereiro;2;QUEROSENE DE AVIAÇÃO;b;484262,07586520654
2007;MAR;Março;3;QUEROSENE DE AVIAÇÃO;b;349867,61112997495
2007;ABR;Abril;4;QUEROSENE DE AVIAÇÃO;b;277558,97135714645
2007;MAI;Maio;5;QUEROSENE DE AVIAÇÃO;b;437380,02844183985
2007;JUN;Junho;6;QUEROSENE DE AVIAÇÃO;b;270053,17340836045
2007;JUL;Julho;7;QUEROSENE DE AVIAÇÃO;b;310903,9464262453
2007;AGO;Agosto;8;QUEROSENE DE AVIAÇÃO;b;882836,6058893241
2007;SET;Setembro;9;QUEROSENE DE AVIAÇÃO;b;835777,2787147685
2007;OUT;Outubro;10;QUEROSENE DE AVIAÇÃO;b;322048,3482913642
2007;NOV;Novembro;11;QUEROSENE DE AVIAÇÃO;b;268589,95420443057
2007;DEZ;Dezembro;12;QUEROSENE DE AVIAÇÃO;b;612454,7564520276
2008;JAN;Janeiro;1;QUEROSENE DE AVIAÇÃO;b;520826,04816424276
2008;FEV;Fevereiro;2;QUEROSENE DE AVIAÇÃO;b;1432011,355154443
2008;MAR;Março;3;QUEROSENE DE AVIAÇÃO;b;719101,570866258
2008;ABR;Abril;4;QUEROSENE DE AVIAÇÃO;b;26048,567178122656
2008;MAI;Maio;5;QUEROSENE DE AVIAÇÃO;b;904927,079865945
2008;JUN;Junho;6;QUEROSENE DE AVIAÇÃO;b;696703,7463867209
2008;JUL;Julho;7;QUEROSENE DE AVIAÇÃO;b;626523,2272221152
2008;AGO;Agosto;8;QUEROSENE DE AVIAÇÃO;b;512327,94019075093
2008;SET;Setembro;9;QUEROSENE DE AVIAÇÃO;b;643161,4593020777
2008;OUT;Outubro;10;QUEROSENE DE AVIAÇÃO;b;1929535,2080729038
2008;NOV;Novembro;11;QUEROSENE DE AVIAÇÃO;b;1152372,8970391115
2008;DEZ;Dezembro;12;QUEROSENE DE AVIAÇÃO;b;251746,42556002506
2009;JAN;Janeiro;1;QUEROSENE DE AVIAÇÃO;b;658414,1383426408
2009;FEV;Fevereiro;2;QUEROSENE DE AVIAÇÃO;b;509666,79164146434
2009;MAR;Março;3;QUEROSENE DE AVIAÇÃO;b;680821,212730122
2009;ABR;Abril;4;QUEROSENE DE AVIAÇÃO;b;205412,874749153
2009;MAI;Maio;5;QUEROSENE DE AVIAÇÃO;b;1022029,4714211138
2009;JUN;Junho;6;QUEROSENE DE AVIAÇÃO;b;254112,51195859825
2009;JUL;Julho;7;QUEROSENE DE AVIAÇÃO;b;792806,745261652
2009;AGO;Agosto;8;QUEROSENE DE AVIAÇÃO;b;595988,4825818774
2009;SET;Setembro;9;QUEROSENE DE AVIAÇÃO;b;831024,9375906885
2009;OUT;Outubro;10;QUEROSENE DE AVIAÇÃO;b;881381,3847416645
2009;NOV;Novembro;11;QUEROSENE DE AVIAÇÃO;b;604367,8241430162
2009;DEZ;Dezembro;12;QUEROSENE DE AVIAÇÃO;b;949678,8969575845
2010;JAN;Janeiro;1;QUEROSENE DE AVIAÇÃO;b;867754,76722
2010;FEV;Fevereiro;2;QUEROSENE DE AVIAÇÃO;b;825770,28547
2010;MAR;Março;3;QUEROSENE DE AVIAÇÃO;b;877952,2732204755
2010;ABR;Abril;4;QUEROSENE DE AVIAÇÃO;b;1141069,1480725908
2010;MAI;Maio;5;QUEROSENE DE AVIAÇÃO;b;950531,4378001252
2010;JUN;Junho;6;QUEROSENE DE AVIAÇÃO;b;1047313,192979975
2010;JUL;Julho;7;QUEROSENE DE AVIAÇÃO;b;1078518,656508348
2010;AGO;Agosto;8;QUEROSENE DE AVIAÇÃO;b;1025436,0372403755
2010;SET;Setembro;9;QUEROSENE DE AVIAÇÃO;b;949715,4156416772
2010;OUT;Outubro;10;QUEROSENE DE AVIAÇÃO;b;1273340,2154611766
2010;NOV;Novembro;11;QUEROSENE DE AVIAÇÃO;b;1183836,4789405633
2010;DEZ;Dezembro;12;QUEROSENE DE AVIAÇÃO;b;872792,90503
2011;JAN;Janeiro;1;QUEROSENE DE AVIAÇÃO;b;721885,7210191113
2011;FEV;Fevereiro;2;QUEROSENE DE AVIAÇÃO;b;1115875,1921
2011;MAR;Março;3;QUEROSENE DE AVIAÇÃO;b;486464,4722808
2011;ABR;Abril;4;QUEROSENE DE AVIAÇÃO;b;1051832,34668
2011;MAI;Maio;5;QUEROSENE DE AVIAÇÃO;b;1073393,8153600001
2011;JUN;Junho;6;QUEROSENE DE AVIAÇÃO;b;1265924,89946
2011;JUL;Julho;7;QUEROSENE DE AVIAÇÃO;b;781678,71737
2011;AGO;Agosto;8;QUEROSENE DE AVIAÇÃO;b;871751,1345844807
2011;SET;Setembro;9;QUEROSENE DE AVIAÇÃO;b;1209348,0585100001
2011;OUT;Outubro;10;QUEROSENE DE AVIAÇÃO;b;875491,23352
2011;NOV;Novembro;11;QUEROSENE DE AVIAÇÃO;b;1093219,29648
2011;DEZ;Dezembro;12;QUEROSENE DE AVIAÇÃO;b;791487,1728802
2012;JAN;Janeiro;1;QUEROSENE DE AVIAÇÃO;b;1151475,5167
2012;FEV;Fevereiro;2;QUEROSENE DE AVIAÇÃO;b;1066556,79189
2012;MAR;Março;3;QUEROSENE DE AVIAÇÃO;b;1260477,845278974
2012;ABR;Abril;4;QUEROSENE DE AVIAÇÃO;b;885443,1063021652
2012;MAI;Maio;5;QUEROSENE DE AVIAÇÃO;b;870532,9660632666
2012;JUN;Junho;6;QUEROSENE DE AVIAÇÃO;b;1917167,7176224284
2012;JUL;Julho;7;QUEROSENE DE AVIAÇÃO;b;6216,937945969962
2012;AGO;Agosto;8;QUEROSENE DE AVIAÇÃO;b;0,0
2012;SET;Setembro;9;QUEROSENE DE AVIAÇÃO;b;321685,6490348686
2012;OUT;Outubro;10;QUEROSENE DE AVIAÇÃO;b;568712,5207782603
2012;NOV;Novembro;11;QUEROSENE DE AVIAÇÃO;b;2413211,434188411
2012;DEZ;Dezembro;12;QUEROSENE DE AVIAÇÃO;b;0,0
2013;JAN;Janeiro;1;QUEROSENE DE AVIAÇÃO;b;1063994,3122750563
2013;FEV;Fevereiro;2;QUEROSENE DE AVIAÇÃO;b;713930,0875098372
2013;MAR;Março;3;QUEROSENE DE AVIAÇÃO;b;417460,1922997372
2013;ABR;Abril;4;QUEROSENE DE AVIAÇÃO;b;2181280,91727159
2013;MAI;Maio;5;QUEROSENE DE AVIAÇÃO;b;1330634,2285769212
2013;JUN;Junho;6;QUEROSENE DE AVIAÇÃO;b;880249,2189416644
2013;JUL;Julho;7;QUEROSENE DE AVIAÇÃO;b;841909,1428476345
2013;AGO;Agosto;8;QUEROSENE DE AVIAÇÃO;b;601321,8163683354
2013;SET;Setembro;9;QUEROSENE DE AVIAÇÃO;b;336411,24357185233
2013;OUT;Outubro;10;QUEROSENE DE AVIAÇÃO;b;1864605,7592222905
2013;NOV;Novembro;11;QUEROSENE DE AVIAÇÃO;b;679821,0382875344
2013;DEZ;Dezembro;12;QUEROSENE DE AVIAÇÃO;b;1426779,5557476848
2014;JAN;Janeiro;1;QUEROSENE DE AVIAÇÃO;b;1008842,2746681602
2014;FEV;Fevereiro;2;QUEROSENE DE AVIAÇÃO;b;340768,7436444055
2014;MAR;Março;3;QUEROSENE DE AVIAÇÃO;b;808604,7248512766
2014;ABR;Abril;4;QUEROSENE DE AVIAÇÃO;b;1445167,1264737046
2014;MAI;Maio;5;QUEROSENE DE AVIAÇÃO;b;231675,79141997496
2014;JUN;Junho;6;QUEROSENE DE AVIAÇÃO;b;1501947,9965796245
2014;JUL;Julho;7;QUEROSENE DE AVIAÇÃO;b;987331,7778526783
2014;AGO;Agosto;8;QUEROSENE DE AVIAÇÃO;b;0,0
2014;SET;Setembro;9;QUEROSENE DE AVIAÇÃO;b;1017825,823722328
2014;OUT;Outubro;10;QUEROSENE DE AVIAÇÃO;b;478642,4809387734
2014;NOV;Novembro;11;QUEROSENE DE AVIAÇÃO;b;511733,24219769717
2014;DEZ;Dezembro;12;QUEROSENE DE AVIAÇÃO;b;1124751,5467326783
2015;JAN;Janeiro;1;QUEROSENE DE AVIAÇÃO;b;323570,805067572
2015;FEV;Fevereiro;2;QUEROSENE DE AVIAÇÃO;b;1521712,4610321529
2015;MAR;Março;3;QUEROSENE DE AVIAÇÃO;b;324291,5669121152
2015;ABR;Abril;4;QUEROSENE DE AVIAÇÃO;b;735587,6824350313
2015;MAI;Maio;5;QUEROSENE DE AVIAÇÃO;b;1333140,9264726408
2015;JUN;Junho;6;QUEROSENE DE AVIAÇÃO;b;1012245,6995184731
2015;JUL;Julho;7;QUEROSENE DE AVIAÇÃO;b;770549,9967333166
2015;AGO;Agosto;8;QUEROSENE DE AVIAÇÃO;b;0,0
2015;SET;Setembro;9;QUEROSENE DE AVIAÇÃO;b;16449,577140475594
2015;OUT;Outubro;10;QUEROSENE DE AVIAÇÃO;b;1076186,089522766
2015;NOV;Novembro;11;QUEROSENE DE AVIAÇÃO;b;1268467,8326441175
2015;DEZ;Dezembro;12;QUEROSENE DE AVIAÇÃO;b;259695,28906103878
2016;JAN;Janeiro;1;QUEROSENE DE AVIAÇÃO;b;252191,6559404756
2016;FEV;Fevereiro;2;QUEROSENE DE AVIAÇÃO;b;1011175,8492828787
2016;MAR;Março;3;QUEROSENE DE AVIAÇÃO;b;759909,070935995
2016;ABR;Abril;4;QUEROSENE DE AVIAÇÃO;b;1432837,335522716
2016;MAI;Maio;5;QUEROSENE DE AVIAÇÃO;b;1925170,111421314
2016;JUN;Junho;6;QUEROSENE DE AVIAÇÃO;b;157166,9619393617
2016;JUL;Julho;7;QUEROSENE DE AVIAÇÃO;b;345199,33618986234
2016;AGO;Agosto;8;QUEROSENE DE AVIAÇÃO;b;258798,14488500624
2016;SET;Setembro;9;QUEROSENE DE AVIAÇÃO;b;667861,9761377221
2016;OUT;Outubro;10;QUEROSENE DE AVIAÇÃO;b;933895,7247930038
2016;NOV;Novembro;11;QUEROSENE DE AVIAÇÃO;b;0,0
2016;DEZ;Dezembro;12;QUEROSENE DE AVIAÇÃO;b;270806,5336298874
2017;JAN;Janeiro;1;QUEROSENE DE AVIAÇÃO;b;764166,7606193242
2017;FEV;Fevereiro;2;QUEROSENE DE AVIAÇÃO;b;166605,1800250313
2017;MAR;Março;3;QUEROSENE DE AVIAÇÃO;b;490875,85437677096
2017;ABR;Abril;4;QUEROSENE DE AVIAÇÃO;b;0,0
2017;MAI;Maio;5;QUEROSENE DE AVIAÇÃO;b;318780,5361530288
2017;JUN;Junho;6;QUEROSENE DE AVIAÇÃO;b;615777,9645765582
2017;JUL;Julho;7;QUEROSENE DE AVIAÇÃO;b;0,0
2017;AGO;Agosto;8;QUEROSENE DE AVIAÇÃO;b;315605,92183770967
2017;SET;Setembro;9;QUEROSENE DE AVIAÇÃO;b;302868,86765724653
2017;OUT;Outubro;10;QUEROSENE DE AVIAÇÃO;b;640639,2927246934
2017;NOV;Novembro;11;QUEROSENE DE AVIAÇÃO;b;0,0
2017;DEZ;Dezembro;12;QUEROSENE DE AVIAÇÃO;b;6318,637639824781
2018;JAN;Janeiro;1;QUEROSENE DE AVIAÇÃO;b;1004184,0681473091
2018;FEV;Fevereiro;2;QUEROSENE DE AVIAÇÃO;b;297646,2628663579
2018;MAR;Março;3;QUEROSENE DE AVIAÇÃO;b;152984,655510801
2018;ABR;Abril;4;QUEROSENE DE AVIAÇÃO;b;2580,4516252440553
2018;MAI;Maio;5;QUEROSENE DE AVIAÇÃO;b;0,0
2018;JUN;Junho;6;QUEROSENE DE AVIAÇÃO;b;351727,7181321152
2018;JUL;Julho;7;QUEROSENE DE AVIAÇÃO;b;317166,5189511514
2018;AGO;Agosto;8;QUEROSENE DE AVIAÇÃO;b;0,28339569461827285
2018;SET;Setembro;9;QUEROSENE DE AVIAÇÃO;b;632961,8829386107
2018;OUT;Outubro;10;QUEROSENE DE AVIAÇÃO;b;1221339,065652278
2018;NOV;Novembro;11;QUEROSENE DE AVIAÇÃO;b;822109,679026821
2018;DEZ;Dezembro;12;QUEROSENE DE AVIAÇÃO;b;592836,4848174093
2019;JAN;Janeiro;1;QUEROSENE DE AVIAÇÃO;b;1240986,2593919525
2019;FEV;Fevereiro;2;QUEROSENE DE AVIAÇÃO;b;653893,1504427034
2019;MAR;Março;3;QUEROSENE DE AVIAÇÃO;b;0,0
2019;ABR;Abril;4;QUEROSENE DE AVIAÇÃO;b;1009459,0460369838
2019;MAI;Maio;5;QUEROSENE DE AVIAÇÃO;b;324644,4968892491
2019;JUN;Junho;6;QUEROSENE DE AVIAÇÃO;b;4384,737547647059
2019;JUL;Julho;7;QUEROSENE DE AVIAÇÃO;b;73187,74108963704
2019;AGO;Agosto;8;QUEROSENE DE AVIAÇÃO;b;899793,5242999875
2019;SET;Setembro;9;QUEROSENE DE AVIAÇÃO;b;991862,2358920776
2019;OUT;Outubro;10;QUEROSENE DE AVIAÇÃO;b;680115,2817395745
2019;NOV;Novembro;11;QUEROSENE DE AVIAÇÃO;b;328808,02048093866
2019;DEZ;Dezembro;12;QUEROSENE DE AVIAÇÃO;b;320144,38580548187
2020;JAN;Janeiro;1;QUEROSENE DE AVIAÇÃO;b;956070,6619254089
2020;FEV;Fevereiro;2;QUEROSENE DE AVIAÇÃO;b;583825,8210731447
2020;MAR;Março;3;QUEROSENE DE AVIAÇÃO;b;0,0
2020;ABR;Abril;4;QUEROSENE DE AVIAÇÃO;b;0,0
2020;MAI;Maio;5;QUEROSENE DE AVIAÇÃO;b;0,0
2020;JUN;Junho;6;QUEROSENE DE AVIAÇÃO;b;0,0
2020;JUL;Julho;7;QUEROSENE DE AVIAÇÃO;b;0,0
2020;AGO;Agosto;8;QUEROSENE DE AVIAÇÃO;b;0,0
2020;SET;Setembro;9;QUEROSENE DE AVIAÇÃO;b;0,0
2020;OUT;Outubro;10;QUEROSENE DE AVIAÇÃO;b;0,0
2020;NOV;Novembro;11;QUEROSENE DE AVIAÇÃO;b;0,0
2020;DEZ;Dezembro;12;QUEROSENE DE AVIAÇÃO;b;514894,26632298116
2021;JAN;Janeiro;1;QUEROSENE DE AVIAÇÃO;b;0,0
2021;FEV;Fevereiro;2;QUEROSENE DE AVIAÇÃO;b;648509,9897618239
2021;MAR;Março;3;QUEROSENE DE AVIAÇÃO;b;324348,90293096856
2021;ABR;Abril;4;QUEROSENE DE AVIAÇÃO;b;429130,7448687296
2021;MAI;Maio;5;QUEROSENE DE AVIAÇÃO;b;0,0
2021;JUN;Junho;6;QUEROSENE DE AVIAÇÃO;b;0,0
2021;JUL;Julho;7;QUEROSENE DE AVIAÇÃO;b;310024,9643396101
2021;AGO;Agosto;8;QUEROSENE DE AVIAÇÃO;b;312005,9538446038
2021;SET;Setembro;9;QUEROSENE DE AVIAÇÃO;b;0,0
2021;OUT;Outubro;10;QUEROSENE DE AVIAÇÃO;b;0,0
2021;NOV;Novembro;11;QUEROSENE DE AVIAÇÃO;b;327391,5886288302
2021;DEZ;Dezembro;12;QUEROSENE DE AVIAÇÃO;b;0,0
2022;JAN;Janeiro;1;QUEROSENE DE AVIAÇÃO;b;677216,2949280001
2022;FEV;Fevereiro;2;QUEROSENE DE AVIAÇÃO;b;316317,598820327
2022;MAR;Março;3;QUEROSENE DE AVIAÇÃO;b;0,0
2022;ABR;Abril;4;QUEROSENE DE AVIAÇÃO;b;331963,10165393713
2022;MAI;Maio;5;QUEROSENE DE AVIAÇÃO;b;324231,7858775975
2022;JUN;Junho;6;QUEROSENE DE AVIAÇÃO;b;658042,4143888679
2022;JUL;Julho;7;QUEROSENE DE AVIAÇÃO;b;1161308,0483370062
2022;AGO;Agosto;8;QUEROSENE DE AVIAÇÃO;b;815275,8284696729
2022;SET;Setembro;9;QUEROSENE DE AVIAÇÃO;b;998820,9656235346
2022;OUT;Outubro;10;QUEROSENE DE AVIAÇÃO;b;523261,564963283
2022;NOV;Novembro;11;QUEROSENE DE AVIAÇÃO;b;1021523,0181637107
2022;DEZ;Dezembro;12;QUEROSENE DE AVIAÇÃO;b;1313162,8045796354
2023;JAN;Janeiro;1;QUEROSENE DE AVIAÇÃO;b;947991,8005217989
2023;FEV;Fevereiro;2;QUEROSENE DE AVIAÇÃO;b;311048,1146779874
2023;MAR;Março;3;QUEROSENE DE AVIAÇÃO;b;504961,99174928304
2023;ABR;Abril;4;QUEROSENE DE AVIAÇÃO;b;0,0
2023;MAI;Maio;5;QUEROSENE DE AVIAÇÃO;b;517325,36887265404
2023;JUN;Junho;6;QUEROSENE DE AVIAÇÃO;b;988304,007718
2023;JUL;Julho;7;QUEROSENE DE AVIAÇÃO;b;475003,6504544151
2023;AGO;Agosto;8;QUEROSENE DE AVIAÇÃO;b;968554,2654044528
2023;SET;Setembro;9;QUEROSENE DE AVIAÇÃO;b;0,0
2023;OUT;Outubro;10;QUEROSENE DE AVIAÇÃO;b;508066,3254968553
2023;NOV;Novembro;11;QUEROSENE DE AVIAÇÃO;b;492545,17893189937
2023;DEZ;Dezembro;12;QUEROSENE DE AVIAÇÃO;b;526477,2876856856
2024;JAN;Janeiro;1;QUEROSENE DE AVIAÇÃO;b;490306,7265375723
2024;FEV;Fevereiro;2;QUEROSENE DE AVIAÇÃO;b;515392,33224616357
2024;MAR;Março;3;QUEROSENE DE AVIAÇÃO;b;827109,0814181385
2024;ABR;Abril;4;QUEROSENE DE AVIAÇÃO;b;467071,55919584905
2024;MAI;Maio;5;QUEROSENE DE AVIAÇÃO;b;320535,110262239
2024;JUN;Junho;6;QUEROSENE DE AVIAÇÃO;b;0,0
2024;JUL;Julho;7;QUEROSENE DE AVIAÇÃO;b;762468,5220787924
2024;AGO;Agosto;8;QUEROSENE DE AVIAÇÃO;b;989205,8003260755
2024;SET;Setembro;9;QUEROSENE DE AVIAÇÃO;b;333192,518201761
2024;OUT;Outubro;10;QUEROSENE DE AVIAÇÃO;b;1042463,1089976856
2024;NOV;Novembro;11;QUEROSENE DE AVIAÇÃO;b;980908,5677956605
2024;DEZ;Dezembro;12;QUEROSENE DE AVIAÇÃO;b;319897,06244178617
2025;JAN;Janeiro;1;QUEROSENE DE AVIAÇÃO;b;800123,9135309937
2025;FEV;Fevereiro;2;QUEROSENE DE AVIAÇÃO;b;803650,669335824
2025;MAR;Março;3;QUEROSENE DE AVIAÇÃO;b;790324,0809942768
2025;ABR;Abril;4;QUEROSENE DE AVIAÇÃO;b;0,0316468427672956
2025;MAI;Maio;5;QUEROSENE DE AVIAÇÃO;b;787551,5485696981
2025;JUN;Junho;6;QUEROSENE DE AVIAÇÃO;b;319795,1833432075
2025;JUL;Julho;7;QUEROSENE DE AVIAÇÃO;b;1102392,537353346
2025;AGO;Agosto;8;QUEROSENE DE AVIAÇÃO;b;937048,5675558993
2025;SET;Setembro;9;QUEROSENE DE AVIAÇÃO;b;759174,5920962013
2025;OUT;Outubro;10;QUEROSENE DE AVIAÇÃO;b;1263600,8107091445
2025;NOV;Novembro;11;QUEROSENE DE AVIAÇÃO;b;1739587,1193666165
2025;DEZ;Dezembro;12;QUEROSENE DE AVIAÇÃO;b;812457,091654654
2026;JAN;Janeiro;1;QUEROSENE DE AVIAÇÃO;b;1534603,2874592706
2026;FEV;Fevereiro;2;QUEROSENE DE AVIAÇÃO;b;953723,0437469559
2026;MAR;Março;3;QUEROSENE DE AVIAÇÃO;b;645798,8205653711
2026;ABR;Abril;4;QUEROSENE DE AVIAÇÃO;b;136496,07665672957
2026;MAI;Maio;5;QUEROSENE DE AVIAÇÃO;b;307454,0223034591
2026;JUN;Junho;6;QUEROSENE DE AVIAÇÃO;b;0,0158234213836478
2026;JUL;Julho;7;QUEROSENE DE AVIAÇÃO;b;662855,479853107
2000;JAN;Janeiro;1;QUEROSENE ILUMINANTE;b;0,0
2000;FEV;Fevereiro;2;QUEROSENE ILUMINANTE;b;0,0
2000;MAR;Março;3;QUEROSENE ILUMINANTE;b;0,0
2000;ABR;Abril;4;QUEROSENE ILUMINANTE;b;0,0
2000;MAI;Maio;5;QUEROSENE ILUMINANTE;b;0,0
2000;JUN;Junho;6;QUEROSENE ILUMINANTE;b;0,0
2000;JUL;Julho;7;QUEROSENE ILUMINANTE;b;0,0
2000;AGO;Agosto;8;QUEROSENE ILUMINANTE;b;0,0
2000;SET;Setembro;9;QUEROSENE ILUMINANTE;b;0,0
2000;OUT;Outubro;10;QUEROSENE ILUMINANTE;b;0,0
2000;NOV;Novembro;11;QUEROSENE ILUMINANTE;b;0,0
2000;DEZ;Dezembro;12;QUEROSENE ILUMINANTE;b;0,0
2001;JAN;Janeiro;1;QUEROSENE ILUMINANTE;b;0,0
2001;FEV;Fevereiro;2;QUEROSENE ILUMINANTE;b;0,0
2001;MAR;Março;3;QUEROSENE ILUMINANTE;b;0,0
2001;ABR;Abril;4;QUEROSENE ILUMINANTE;b;0,0
2001;MAI;Maio;5;QUEROSENE ILUMINANTE;b;0,0
2001;JUN;Junho;6;QUEROSENE ILUMINANTE;b;0,0
2001;JUL;Julho;7;QUEROSENE ILUMINANTE;b;0,0
2001;AGO;Agosto;8;QUEROSENE ILUMINANTE;b;0,0
2001;SET;Setembro;9;QUEROSENE ILUMINANTE;b;0,0
2001;OUT;Outubro;10;QUEROSENE ILUMINANTE;b;0,0
2001;NOV;Novembro;11;QUEROSENE ILUMINANTE;b;0,0
2001;DEZ;Dezembro;12;QUEROSENE ILUMINANTE;b;0,0
2002;JAN;Janeiro;1;QUEROSENE ILUMINANTE;b;0,0
2002;FEV;Fevereiro;2;QUEROSENE ILUMINANTE;b;0,0
2002;MAR;Março;3;QUEROSENE ILUMINANTE;b;0,0
2002;ABR;Abril;4;QUEROSENE ILUMINANTE;b;0,0
2002;MAI;Maio;5;QUEROSENE ILUMINANTE;b;0,0
2002;JUN;Junho;6;QUEROSENE ILUMINANTE;b;0,0
2002;JUL;Julho;7;QUEROSENE ILUMINANTE;b;0,0
2002;AGO;Agosto;8;QUEROSENE ILUMINANTE;b;0,0
2002;SET;Setembro;9;QUEROSENE ILUMINANTE;b;0,0
2002;OUT;Outubro;10;QUEROSENE ILUMINANTE;b;0,0
2002;NOV;Novembro;11;QUEROSENE ILUMINANTE;b;0,0
2002;DEZ;Dezembro;12;QUEROSENE ILUMINANTE;b;0,0
2003;JAN;Janeiro;1;QUEROSENE ILUMINANTE;b;0,0
2003;FEV;Fevereiro;2;QUEROSENE ILUMINANTE;b;0,0
2003;MAR;Março;3;QUEROSENE ILUMINANTE;b;0,0
2003;ABR;Abril;4;QUEROSENE ILUMINANTE;b;0,0
2003;MAI;Maio;5;QUEROSENE ILUMINANTE;b;0,0
2003;JUN;Junho;6;QUEROSENE ILUMINANTE;b;0,0
2003;JUL;Julho;7;QUEROSENE ILUMINANTE;b;0,0
2003;AGO;Agosto;8;QUEROSENE ILUMINANTE;b;0,0
2003;SET;Setembro;9;QUEROSENE ILUMINANTE;b;0,0
2003;OUT;Outubro;10;QUEROSENE ILUMINANTE;b;0,0
2003;NOV;Novembro;11;QUEROSENE ILUMINANTE;b;0,0
2003;DEZ;Dezembro;12;QUEROSENE ILUMINANTE;b;0,0
2004;JAN;Janeiro;1;QUEROSENE ILUMINANTE;b;0,0
2004;FEV;Fevereiro;2;QUEROSENE ILUMINANTE;b;0,0
2004;MAR;Março;3;QUEROSENE ILUMINANTE;b;0,0
2004;ABR;Abril;4;QUEROSENE ILUMINANTE;b;0,0
2004;MAI;Maio;5;QUEROSENE ILUMINANTE;b;0,0
2004;JUN;Junho;6;QUEROSENE ILUMINANTE;b;0,0
2004;JUL;Julho;7;QUEROSENE ILUMINANTE;b;0,0
2004;AGO;Agosto;8;QUEROSENE ILUMINANTE;b;0,0
2004;SET;Setembro;9;QUEROSENE ILUMINANTE;b;0,0
2004;OUT;Outubro;10;QUEROSENE ILUMINANTE;b;0,0
2004;NOV;Novembro;11;QUEROSENE ILUMINANTE;b;0,0
2004;DEZ;Dezembro;12;QUEROSENE ILUMINANTE;b;0,0
2005;JAN;Janeiro;1;QUEROSENE ILUMINANTE;b;0,0
2005;FEV;Fevereiro;2;QUEROSENE ILUMINANTE;b;0,0
2005;MAR;Março;3;QUEROSENE ILUMINANTE;b;0,0
2005;ABR;Abril;4;QUEROSENE ILUMINANTE;b;0,0
2005;MAI;Maio;5;QUEROSENE ILUMINANTE;b;0,0
2005;JUN;Junho;6;QUEROSENE ILUMINANTE;b;0,0
2005;JUL;Julho;7;QUEROSENE ILUMINANTE;b;0,0
2005;AGO;Agosto;8;QUEROSENE ILUMINANTE;b;0,0
2005;SET;Setembro;9;QUEROSENE ILUMINANTE;b;0,0
2005;OUT;Outubro;10;QUEROSENE ILUMINANTE;b;0,0
2005;NOV;Novembro;11;QUEROSENE ILUMINANTE;b;0,0
2005;DEZ;Dezembro;12;QUEROSENE ILUMINANTE;b;0,0
2006;JAN;Janeiro;1;QUEROSENE ILUMINANTE;b;0,0
2006;FEV;Fevereiro;2;QUEROSENE ILUMINANTE;b;0,0
2006;MAR;Março;3;QUEROSENE ILUMINANTE;b;0,0
2006;ABR;Abril;4;QUEROSENE ILUMINANTE;b;0,0
2006;MAI;Maio;5;QUEROSENE ILUMINANTE;b;0,0
2006;JUN;Junho;6;QUEROSENE ILUMINANTE;b;0,0
2006;JUL;Julho;7;QUEROSENE ILUMINANTE;b;0,0
2006;AGO;Agosto;8;QUEROSENE ILUMINANTE;b;0,0
2006;SET;Setembro;9;QUEROSENE ILUMINANTE;b;0,0
2006;OUT;Outubro;10;QUEROSENE ILUMINANTE;b;0,0
2006;NOV;Novembro;11;QUEROSENE ILUMINANTE;b;0,0
2006;DEZ;Dezembro;12;QUEROSENE ILUMINANTE;b;0,0
2007;JAN;Janeiro;1;QUEROSENE ILUMINANTE;b;0,0
2007;FEV;Fevereiro;2;QUEROSENE ILUMINANTE;b;0,0
2007;MAR;Março;3;QUEROSENE ILUMINANTE;b;0,0
2007;ABR;Abril;4;QUEROSENE ILUMINANTE;b;0,0
2007;MAI;Maio;5;QUEROSENE ILUMINANTE;b;0,0
2007;JUN;Junho;6;QUEROSENE ILUMINANTE;b;0,0
2007;JUL;Julho;7;QUEROSENE ILUMINANTE;b;0,0
2007;AGO;Agosto;8;QUEROSENE ILUMINANTE;b;0,0
2007;SET;Setembro;9;QUEROSENE ILUMINANTE;b;0,0
2007;OUT;Outubro;10;QUEROSENE ILUMINANTE;b;0,0
2007;NOV;Novembro;11;QUEROSENE ILUMINANTE;b;0,0
2007;DEZ;Dezembro;12;QUEROSENE ILUMINANTE;b;0,0
2008;JAN;Janeiro;1;QUEROSENE ILUMINANTE;b;0,0
2008;FEV;Fevereiro;2;QUEROSENE ILUMINANTE;b;0,0
2008;MAR;Março;3;QUEROSENE ILUMINANTE;b;0,0
2008;ABR;Abril;4;QUEROSENE ILUMINANTE;b;0,0
2008;MAI;Maio;5;QUEROSENE ILUMINANTE;b;0,0
2008;JUN;Junho;6;QUEROSENE ILUMINANTE;b;0,0
2008;JUL;Julho;7;QUEROSENE ILUMINANTE;b;0,0
2008;AGO;Agosto;8;QUEROSENE ILUMINANTE;b;0,0
2008;SET;Setembro;9;QUEROSENE ILUMINANTE;b;0,0
2008;OUT;Outubro;10;QUEROSENE ILUMINANTE;b;0,0
2008;NOV;Novembro;11;QUEROSENE ILUMINANTE;b;0,0
2008;DEZ;Dezembro;12;QUEROSENE ILUMINANTE;b;0,0
2009;JAN;Janeiro;1;QUEROSENE ILUMINANTE;b;0,0
2009;FEV;Fevereiro;2;QUEROSENE ILUMINANTE;b;0,0
2009;MAR;Março;3;QUEROSENE ILUMINANTE;b;0,0
2009;ABR;Abril;4;QUEROSENE ILUMINANTE;b;0,0
2009;MAI;Maio;5;QUEROSENE ILUMINANTE;b;0,0
2009;JUN;Junho;6;QUEROSENE ILUMINANTE;b;0,0
2009;JUL;Julho;7;QUEROSENE ILUMINANTE;b;0,0
2009;AGO;Agosto;8;QUEROSENE ILUMINANTE;b;0,0
2009;SET;Setembro;9;QUEROSENE ILUMINANTE;b;0,0
2009;OUT;Outubro;10;QUEROSENE ILUMINANTE;b;0,0
2009;NOV;Novembro;11;QUEROSENE ILUMINANTE;b;0,0
2009;DEZ;Dezembro;12;QUEROSENE ILUMINANTE;b;0,0
2010;JAN;Janeiro;1;QUEROSENE ILUMINANTE;b;0,0
2010;FEV;Fevereiro;2;QUEROSENE ILUMINANTE;b;0,0
2010;MAR;Março;3;QUEROSENE ILUMINANTE;b;0,0
2010;ABR;Abril;4;QUEROSENE ILUMINANTE;b;0,0
2010;MAI;Maio;5;QUEROSENE ILUMINANTE;b;0,0
2010;JUN;Junho;6;QUEROSENE ILUMINANTE;b;0,0
2010;JUL;Julho;7;QUEROSENE ILUMINANTE;b;0,0
2010;AGO;Agosto;8;QUEROSENE ILUMINANTE;b;0,0
2010;SET;Setembro;9;QUEROSENE ILUMINANTE;b;0,0
2010;OUT;Outubro;10;QUEROSENE ILUMINANTE;b;0,0
2010;NOV;Novembro;11;QUEROSENE ILUMINANTE;b;0,0
2010;DEZ;Dezembro;12;QUEROSENE ILUMINANTE;b;0,0
2011;JAN;Janeiro;1;QUEROSENE ILUMINANTE;b;0,0
2011;FEV;Fevereiro;2;QUEROSENE ILUMINANTE;b;0,0
2011;MAR;Março;3;QUEROSENE ILUMINANTE;b;0,0
2011;ABR;Abril;4;QUEROSENE ILUMINANTE;b;0,0
2011;MAI;Maio;5;QUEROSENE ILUMINANTE;b;0,0
2011;JUN;Junho;6;QUEROSENE ILUMINANTE;b;0,0
2011;JUL;Julho;7;QUEROSENE ILUMINANTE;b;0,0
2011;AGO;Agosto;8;QUEROSENE ILUMINANTE;b;0,0
2011;SET;Setembro;9;QUEROSENE ILUMINANTE;b;0,0
2011;OUT;Outubro;10;QUEROSENE ILUMINANTE;b;0,0
2011;NOV;Novembro;11;QUEROSENE ILUMINANTE;b;0,0
2011;DEZ;Dezembro;12;QUEROSENE ILUMINANTE;b;0,0
2012;JAN;Janeiro;1;QUEROSENE ILUMINANTE;b;0,0
2012;FEV;Fevereiro;2;QUEROSENE ILUMINANTE;b;0,0
2012;MAR;Março;3;QUEROSENE ILUMINANTE;b;0,0
2012;ABR;Abril;4;QUEROSENE ILUMINANTE;b;0,0
2012;MAI;Maio;5;QUEROSENE ILUMINANTE;b;0,0
2012;JUN;Junho;6;QUEROSENE ILUMINANTE;b;0,0
2012;JUL;Julho;7;QUEROSENE ILUMINANTE;b;0,0
2012;AGO;Agosto;8;QUEROSENE ILUMINANTE;b;0,0
2012;SET;Setembro;9;QUEROSENE ILUMINANTE;b;0,0
2012;OUT;Outubro;10;QUEROSENE ILUMINANTE;b;0,0
2012;NOV;Novembro;11;QUEROSENE ILUMINANTE;b;0,0
2012;DEZ;Dezembro;12;QUEROSENE ILUMINANTE;b;0,0
2013;JAN;Janeiro;1;QUEROSENE ILUMINANTE;b;0,0
2013;FEV;Fevereiro;2;QUEROSENE ILUMINANTE;b;0,0
2013;MAR;Março;3;QUEROSENE ILUMINANTE;b;0,0
2013;ABR;Abril;4;QUEROSENE ILUMINANTE;b;0,0
2013;MAI;Maio;5;QUEROSENE ILUMINANTE;b;0,0
2013;JUN;Junho;6;QUEROSENE ILUMINANTE;b;0,0
2013;JUL;Julho;7;QUEROSENE ILUMINANTE;b;0,0
2013;AGO;Agosto;8;QUEROSENE ILUMINANTE;b;0,0
2013;SET;Setembro;9;QUEROSENE ILUMINANTE;b;0,0
2013;OUT;Outubro;10;QUEROSENE ILUMINANTE;b;0,0
2013;NOV;Novembro;11;QUEROSENE ILUMINANTE;b;0,0
2013;DEZ;Dezembro;12;QUEROSENE ILUMINANTE;b;0,0
2014;JAN;Janeiro;1;QUEROSENE ILUMINANTE;b;0,0
2014;FEV;Fevereiro;2;QUEROSENE ILUMINANTE;b;0,0
2014;MAR;Março;3;QUEROSENE ILUMINANTE;b;0,0
2014;ABR;Abril;4;QUEROSENE ILUMINANTE;b;0,0
2014;MAI;Maio;5;QUEROSENE ILUMINANTE;b;0,0
2014;JUN;Junho;6;QUEROSENE ILUMINANTE;b;0,0
2014;JUL;Julho;7;QUEROSENE ILUMINANTE;b;0,0
2014;AGO;Agosto;8;QUEROSENE ILUMINANTE;b;0,0
2014;SET;Setembro;9;QUEROSENE ILUMINANTE;b;0,0
2014;OUT;Outubro;10;QUEROSENE ILUMINANTE;b;0,0
2014;NOV;Novembro;11;QUEROSENE ILUMINANTE;b;0,0
2014;DEZ;Dezembro;12;QUEROSENE ILUMINANTE;b;0,0
2015;JAN;Janeiro;1;QUEROSENE ILUMINANTE;b;0,0
2015;FEV;Fevereiro;2;QUEROSENE ILUMINANTE;b;0,0
2015;MAR;Março;3;QUEROSENE ILUMINANTE;b;0,0
2015;ABR;Abril;4;QUEROSENE ILUMINANTE;b;0,0
2015;MAI;Maio;5;QUEROSENE ILUMINANTE;b;0,0
2015;JUN;Junho;6;QUEROSENE ILUMINANTE;b;0,0
2015;JUL;Julho;7;QUEROSENE ILUMINANTE;b;0,0
2015;AGO;Agosto;8;QUEROSENE ILUMINANTE;b;0,0
2015;SET;Setembro;9;QUEROSENE ILUMINANTE;b;0,0
2015;OUT;Outubro;10;QUEROSENE ILUMINANTE;b;0,0
2015;NOV;Novembro;11;QUEROSENE ILUMINANTE;b;0,0
2015;DEZ;Dezembro;12;QUEROSENE ILUMINANTE;b;0,0
2016;JAN;Janeiro;1;QUEROSENE ILUMINANTE;b;0,0
2016;FEV;Fevereiro;2;QUEROSENE ILUMINANTE;b;0,0
2016;MAR;Março;3;QUEROSENE ILUMINANTE;b;0,0
2016;ABR;Abril;4;QUEROSENE ILUMINANTE;b;0,0
2016;MAI;Maio;5;QUEROSENE ILUMINANTE;b;0,0
2016;JUN;Junho;6;QUEROSENE ILUMINANTE;b;0,0
2016;JUL;Julho;7;QUEROSENE ILUMINANTE;b;0,0
2016;AGO;Agosto;8;QUEROSENE ILUMINANTE;b;0,0
2016;SET;Setembro;9;QUEROSENE ILUMINANTE;b;0,0
2016;OUT;Outubro;10;QUEROSENE ILUMINANTE;b;0,0
2016;NOV;Novembro;11;QUEROSENE ILUMINANTE;b;0,0
2016;DEZ;Dezembro;12;QUEROSENE ILUMINANTE;b;0,0
2017;JAN;Janeiro;1;QUEROSENE ILUMINANTE;b;0,0
2017;FEV;Fevereiro;2;QUEROSENE ILUMINANTE;b;0,0
2017;MAR;Março;3;QUEROSENE ILUMINANTE;b;0,0
2017;ABR;Abril;4;QUEROSENE ILUMINANTE;b;0,0
2017;MAI;Maio;5;QUEROSENE ILUMINANTE;b;0,0
2017;JUN;Junho;6;QUEROSENE ILUMINANTE;b;0,0
2017;JUL;Julho;7;QUEROSENE ILUMINANTE;b;0,0
2017;AGO;Agosto;8;QUEROSENE ILUMINANTE;b;0,0
2017;SET;Setembro;9;QUEROSENE ILUMINANTE;b;0,0
2017;OUT;Outubro;10;QUEROSENE ILUMINANTE;b;0,0
2017;NOV;Novembro;11;QUEROSENE ILUMINANTE;b;0,0
2017;DEZ;Dezembro;12;QUEROSENE ILUMINANTE;b;0,0
2018;JAN;Janeiro;1;QUEROSENE ILUMINANTE;b;0,0
2018;FEV;Fevereiro;2;QUEROSENE ILUMINANTE;b;0,0
2018;MAR;Março;3;QUEROSENE ILUMINANTE;b;0,0
2018;ABR;Abril;4;QUEROSENE ILUMINANTE;b;0,0
2018;MAI;Maio;5;QUEROSENE ILUMINANTE;b;0,0
2018;JUN;Junho;6;QUEROSENE ILUMINANTE;b;0,0
2018;JUL;Julho;7;QUEROSENE ILUMINANTE;b;0,0
2018;AGO;Agosto;8;QUEROSENE ILUMINANTE;b;0,0
2018;SET;Setembro;9;QUEROSENE ILUMINANTE;b;0,0
2018;OUT;Outubro;10;QUEROSENE ILUMINANTE;b;0,0
2018;NOV;Novembro;11;QUEROSENE ILUMINANTE;b;0,0
2018;DEZ;Dezembro;12;QUEROSENE ILUMINANTE;b;0,0
2019;JAN;Janeiro;1;QUEROSENE ILUMINANTE;b;0,0
2019;FEV;Fevereiro;2;QUEROSENE ILUMINANTE;b;0,0
2019;MAR;Março;3;QUEROSENE ILUMINANTE;b;0,0
2019;ABR;Abril;4;QUEROSENE ILUMINANTE;b;0,0
2019;MAI;Maio;5;QUEROSENE ILUMINANTE;b;0,0
2019;JUN;Junho;6;QUEROSENE ILUMINANTE;b;0,0
2019;JUL;Julho;7;QUEROSENE ILUMINANTE;b;0,0
2019;AGO;Agosto;8;QUEROSENE ILUMINANTE;b;0,0
2019;SET;Setembro;9;QUEROSENE ILUMINANTE;b;0,0
2019;OUT;Outubro;10;QUEROSENE ILUMINANTE;b;0,0
2019;NOV;Novembro;11;QUEROSENE ILUMINANTE;b;0,0
2019;DEZ;Dezembro;12;QUEROSENE ILUMINANTE;b;0,0
2020;JAN;Janeiro;1;QUEROSENE ILUMINANTE;b;0,0
2020;FEV;Fevereiro;2;QUEROSENE ILUMINANTE;b;0,0
2020;MAR;Março;3;QUEROSENE ILUMINANTE;b;0,0
2020;ABR;Abril;4;QUEROSENE ILUMINANTE;b;0,0
2020;MAI;Maio;5;QUEROSENE ILUMINANTE;b;0,0
2020;JUN;Junho;6;QUEROSENE ILUMINANTE;b;0,0
2020;JUL;Julho;7;QUEROSENE ILUMINANTE;b;0,0
2020;AGO;Agosto;8;QUEROSENE ILUMINANTE;b;0,0
2020;SET;Setembro;9;QUEROSENE ILUMINANTE;b;0,0
2020;OUT;Outubro;10;QUEROSENE ILUMINANTE;b;0,0
2020;NOV;Novembro;11;QUEROSENE ILUMINANTE;b;0,0
2020;DEZ;Dezembro;12;QUEROSENE ILUMINANTE;b;0,0
2021;JAN;Janeiro;1;QUEROSENE ILUMINANTE;b;0,0
2021;FEV;Fevereiro;2;QUEROSENE ILUMINANTE;b;0,0
2021;MAR;Março;3;QUEROSENE ILUMINANTE;b;0,0
2021;ABR;Abril;4;QUEROSENE ILUMINANTE;b;0,0
2021;MAI;Maio;5;QUEROSENE ILUMINANTE;b;0,0
2021;JUN;Junho;6;QUEROSENE ILUMINANTE;b;0,0
2021;JUL;Julho;7;QUEROSENE ILUMINANTE;b;0,0
2021;AGO;Agosto;8;QUEROSENE ILUMINANTE;b;0,0
2021;SET;Setembro;9;QUEROSENE ILUMINANTE;b;0,0
2021;OUT;Outubro;10;QUEROSENE ILUMINANTE;b;0,0
2021;NOV;Novembro;11;QUEROSENE ILUMINANTE;b;0,0
2021;DEZ;Dezembro;12;QUEROSENE ILUMINANTE;b;0,0
2022;JAN;Janeiro;1;QUEROSENE ILUMINANTE;b;0,0
2022;FEV;Fevereiro;2;QUEROSENE ILUMINANTE;b;0,0
2022;MAR;Março;3;QUEROSENE ILUMINANTE;b;0,0
2022;ABR;Abril;4;QUEROSENE ILUMINANTE;b;0,0
2022;MAI;Maio;5;QUEROSENE ILUMINANTE;b;0,0
2022;JUN;Junho;6;QUEROSENE ILUMINANTE;b;0,0
2022;JUL;Julho;7;QUEROSENE ILUMINANTE;b;0,0
2022;AGO;Agosto;8;QUEROSENE ILUMINANTE;b;0,0
2022;SET;Setembro;9;QUEROSENE ILUMINANTE;b;0,0
2022;OUT;Outubro;10;QUEROSENE ILUMINANTE;b;0,0
2022;NOV;Novembro;11;QUEROSENE ILUMINANTE;b;0,0
2022;DEZ;Dezembro;12;QUEROSENE ILUMINANTE;b;0,0
2023;JAN;Janeiro;1;QUEROSENE ILUMINANTE;b;0,0
2023;FEV;Fevereiro;2;QUEROSENE ILUMINANTE;b;0,0
2023;MAR;Março;3;QUEROSENE ILUMINANTE;b;0,0
2023;ABR;Abril;4;QUEROSENE ILUMINANTE;b;0,0
2023;MAI;Maio;5;QUEROSENE ILUMINANTE;b;0,0
2023;JUN;Junho;6;QUEROSENE ILUMINANTE;b;0,0
2023;JUL;Julho;7;QUEROSENE ILUMINANTE;b;0,0
2023;AGO;Agosto;8;QUEROSENE ILUMINANTE;b;0,0
2023;SET;Setembro;9;QUEROSENE ILUMINANTE;b;0,0
2023;OUT;Outubro;10;QUEROSENE ILUMINANTE;b;0,0
2023;NOV;Novembro;11;QUEROSENE ILUMINANTE;b;0,0
2023;DEZ;Dezembro;12;QUEROSENE ILUMINANTE;b;0,0
2024;JAN;Janeiro;1;QUEROSENE ILUMINANTE;b;0,0
2024;FEV;Fevereiro;2;QUEROSENE ILUMINANTE;b;0,0
2024;MAR;Março;3;QUEROSENE ILUMINANTE;b;0,0
2024;ABR;Abril;4;QUEROSENE ILUMINANTE;b;0,0
2024;MAI;Maio;5;QUEROSENE ILUMINANTE;b;0,0
2024;JUN;Junho;6;QUEROSENE ILUMINANTE;b;0,0
2024;JUL;Julho;7;QUEROSENE ILUMINANTE;b;0,0
2024;AGO;Agosto;8;QUEROSENE ILUMINANTE;b;0,0
2024;SET;Setembro;9;QUEROSENE ILUMINANTE;b;0,0
2024;OUT;Outubro;10;QUEROSENE ILUMINANTE;b;0,0
2024;NOV;Novembro;11;QUEROSENE ILUMINANTE;b;0,0
2024;DEZ;Dezembro;12;QUEROSENE ILUMINANTE;b;0,0
2025;JAN;Janeiro;1;QUEROSENE ILUMINANTE;b;0,0
2025;FEV;Fevereiro;2;QUEROSENE ILUMINANTE;b;0,0
2025;MAR;Março;3;QUEROSENE ILUMINANTE;b;0,0
2025;ABR;Abril;4;QUEROSENE ILUMINANTE;b;0,0
2025;MAI;Maio;5;QUEROSENE ILUMINANTE;b;0,0
2025;JUN;Junho;6;QUEROSENE ILUMINANTE;b;0,0
2025;JUL;Julho;7;QUEROSENE ILUMINANTE;b;0,0
2025;AGO;Agosto;8;QUEROSENE ILUMINANTE;b;0,0
2025;SET;Setembro;9;QUEROSENE ILUMINANTE;b;0,0
2025;OUT;Outubro;10;QUEROSENE ILUMINANTE;b;0,0
2025;NOV;Novembro;11;QUEROSENE ILUMINANTE;b;0,0
2025;DEZ;Dezembro;12;QUEROSENE ILUMINANTE;b;0,0
2026;JAN;Janeiro;1;QUEROSENE ILUMINANTE;b;0,0
2026;FEV;Fevereiro;2;QUEROSENE ILUMINANTE;b;0,0
2026;MAR;Março;3;QUEROSENE ILUMINANTE;b;0,0
2026;ABR;Abril;4;QUEROSENE ILUMINANTE;b;0,0
2026;MAI;Maio;5;QUEROSENE ILUMINANTE;b;0,0
2026;JUN;Junho;6;QUEROSENE ILUMINANTE;b;0,0
2026;JUL;Julho;7;QUEROSENE ILUMINANTE;b;0,0
2000;JAN;Janeiro;1;SOLVENTE;b;73397,32656969863
2000;FEV;Fevereiro;2;SOLVENTE;b;98247,30608979453
2000;MAR;Março;3;SOLVENTE;b;33599,86345376712
2000;ABR;Abril;4;SOLVENTE;b;29904,48806845205
2000;MAI;Maio;5;SOLVENTE;b;87387,17366876712
2000;JUN;Junho;6;SOLVENTE;b;9868,100141356166
2000;JUL;Julho;7;SOLVENTE;b;86405,79098520549
2000;AGO;Agosto;8;SOLVENTE;b;64479,27207221918
2000;SET;Setembro;9;SOLVENTE;b;63395,244859164384
2000;OUT;Outubro;10;SOLVENTE;b;73007,59098650685
2000;NOV;Novembro;11;SOLVENTE;b;146885,93293
2000;DEZ;Dezembro;12;SOLVENTE;b;106443,3679448767
2001;JAN;Janeiro;1;SOLVENTE;b;114382,94341080822
2001;FEV;Fevereiro;2;SOLVENTE;b;65507,81109842463
2001;MAR;Março;3;SOLVENTE;b;73948,23638009588
2001;ABR;Abril;4;SOLVENTE;b;155946,3611541096
2001;MAI;Maio;5;SOLVENTE;b;119339,58079232875
2001;JUN;Junho;6;SOLVENTE;b;134895,82321820545
2001;JUL;Julho;7;SOLVENTE;b;147450,07718993153
2001;AGO;Agosto;8;SOLVENTE;b;241212,04222312328
2001;SET;Setembro;9;SOLVENTE;b;214316,07367180826
2001;OUT;Outubro;10;SOLVENTE;b;153167,84189469862
2001;NOV;Novembro;11;SOLVENTE;b;161196,62926849318
2001;DEZ;Dezembro;12;SOLVENTE;b;25772,54817206849
2002;JAN;Janeiro;1;SOLVENTE;b;140076,61047253423
2002;FEV;Fevereiro;2;SOLVENTE;b;134842,98881420548
2002;MAR;Março;3;SOLVENTE;b;80271,40822163013
2002;ABR;Abril;4;SOLVENTE;b;48203,95788831507
2002;MAI;Maio;5;SOLVENTE;b;121664,34626539725
2002;JUN;Junho;6;SOLVENTE;b;111017,8261313836
2002;JUL;Julho;7;SOLVENTE;b;138283,67859158904
2002;AGO;Agosto;8;SOLVENTE;b;83512,36637489042
2002;SET;Setembro;9;SOLVENTE;b;58032,165125150685
2002;OUT;Outubro;10;SOLVENTE;b;55113,21939535616
2002;NOV;Novembro;11;SOLVENTE;b;150493,59562243838
2002;DEZ;Dezembro;12;SOLVENTE;b;57595,87633178081
2003;JAN;Janeiro;1;SOLVENTE;b;183210,1204411741
2003;FEV;Fevereiro;2;SOLVENTE;b;156282,59670252047
2003;MAR;Março;3;SOLVENTE;b;544397,0235257165
2003;ABR;Abril;4;SOLVENTE;b;135969,3867699286
2003;MAI;Maio;5;SOLVENTE;b;502914,10639409197
2003;JUN;Junho;6;SOLVENTE;b;322641,6946469215
2003;JUL;Julho;7;SOLVENTE;b;438083,7405975987
2003;AGO;Agosto;8;SOLVENTE;b;435103,1001288666
2003;SET;Setembro;9;SOLVENTE;b;345101,58259099297
2003;OUT;Outubro;10;SOLVENTE;b;408529,8743414135
2003;NOV;Novembro;11;SOLVENTE;b;452534,03811395
2003;DEZ;Dezembro;12;SOLVENTE;b;559395,6907585891
2004;JAN;Janeiro;1;SOLVENTE;b;920981,524644602
2004;FEV;Fevereiro;2;SOLVENTE;b;588499,4178442777
2004;MAR;Março;3;SOLVENTE;b;924237,2440434548
2004;ABR;Abril;4;SOLVENTE;b;480186,64025203785
2004;MAI;Maio;5;SOLVENTE;b;557523,6060185288
2004;JUN;Junho;6;SOLVENTE;b;409184,1243111741
2004;JUL;Julho;7;SOLVENTE;b;291791,4924434412
2004;AGO;Agosto;8;SOLVENTE;b;267789,0427222672
2004;SET;Setembro;9;SOLVENTE;b;352926,97717228066
2004;OUT;Outubro;10;SOLVENTE;b;365968,9873341429
2004;NOV;Novembro;11;SOLVENTE;b;135931,3248139676
2004;DEZ;Dezembro;12;SOLVENTE;b;228216,8940934008
2005;JAN;Janeiro;1;SOLVENTE;b;225086,1814851957
2005;FEV;Fevereiro;2;SOLVENTE;b;213733,11687655872
2005;MAR;Março;3;SOLVENTE;b;180079,5012039676
2005;ABR;Abril;4;SOLVENTE;b;30567,356148016177
2005;MAI;Maio;5;SOLVENTE;b;71269,88803963561
2005;JUN;Junho;6;SOLVENTE;b;27478,210610755737
2005;JUL;Julho;7;SOLVENTE;b;141217,60029701758
2005;AGO;Agosto;8;SOLVENTE;b;172245,18209738194
2005;SET;Setembro;9;SOLVENTE;b;27661,328115654516
2005;OUT;Outubro;10;SOLVENTE;b;114760,8089935897
2005;NOV;Novembro;11;SOLVENTE;b;14458,541582388669
2005;DEZ;Dezembro;12;SOLVENTE;b;142830,85592342773
2006;JAN;Janeiro;1;SOLVENTE;b;84464,07595275303
2006;FEV;Fevereiro;2;SOLVENTE;b;66773,8707360729
2006;MAR;Março;3;SOLVENTE;b;99057,96304182187
2006;ABR;Abril;4;SOLVENTE;b;71861,63098771933
2006;MAI;Maio;5;SOLVENTE;b;141389,8697895276
2006;JUN;Junho;6;SOLVENTE;b;138505,34255167344
2006;JUL;Julho;7;SOLVENTE;b;127926,99409538461
2006;AGO;Agosto;8;SOLVENTE;b;71470,52533919027
2006;SET;Setembro;9;SOLVENTE;b;174721,25365750334
2006;OUT;Outubro;10;SOLVENTE;b;128425,33209172735
2006;NOV;Novembro;11;SOLVENTE;b;99381,15402124157
2006;DEZ;Dezembro;12;SOLVENTE;b;109500,23599998651
2007;JAN;Janeiro;1;SOLVENTE;b;158825,77484724694
2007;FEV;Fevereiro;2;SOLVENTE;b;109102,45008091764
2007;MAR;Março;3;SOLVENTE;b;184152,61578982457
2007;ABR;Abril;4;SOLVENTE;b;139939,35132549264
2007;MAI;Maio;5;SOLVENTE;b;120579,56230539808
2007;JUN;Junho;6;SOLVENTE;b;88545,84008839406
2007;JUL;Julho;7;SOLVENTE;b;139488,3948668286
2007;AGO;Agosto;8;SOLVENTE;b;121599,05477484482
2007;SET;Setembro;9;SOLVENTE;b;114978,56713898788
2007;OUT;Outubro;10;SOLVENTE;b;172780,5119857355
2007;NOV;Novembro;11;SOLVENTE;b;122474,4418402834
2007;DEZ;Dezembro;12;SOLVENTE;b;142802,77671765184
2008;JAN;Janeiro;1;SOLVENTE;b;81321,05270791985
2008;FEV;Fevereiro;2;SOLVENTE;b;220686,1750330634
2008;MAR;Março;3;SOLVENTE;b;452227,0681901486
2008;ABR;Abril;4;SOLVENTE;b;179619,88670724697
2008;MAI;Maio;5;SOLVENTE;b;328122,9289394197
2008;JUN;Junho;6;SOLVENTE;b;160347,7815431579
2008;JUL;Julho;7;SOLVENTE;b;76113,43220017543
2008;AGO;Agosto;8;SOLVENTE;b;89586,84184062078
2008;SET;Setembro;9;SOLVENTE;b;322113,8261144533
2008;OUT;Outubro;10;SOLVENTE;b;474840,38663476397
2008;NOV;Novembro;11;SOLVENTE;b;63331,00190283398
2008;DEZ;Dezembro;12;SOLVENTE;b;389846,69340112
2009;JAN;Janeiro;1;SOLVENTE;b;73785,37334873088
2009;FEV;Fevereiro;2;SOLVENTE;b;182756,3628525506
2009;MAR;Março;3;SOLVENTE;b;140021,83187039135
2009;ABR;Abril;4;SOLVENTE;b;311231,4107569231
2009;MAI;Maio;5;SOLVENTE;b;229555,5371245074
2009;JUN;Junho;6;SOLVENTE;b;538788,171889865
2009;JUL;Julho;7;SOLVENTE;b;240374,09520723348
2009;AGO;Agosto;8;SOLVENTE;b;207834,5313609042
2009;SET;Setembro;9;SOLVENTE;b;497924,1675884884
2009;OUT;Outubro;10;SOLVENTE;b;487257,6344681107
2009;NOV;Novembro;11;SOLVENTE;b;522076,17218468274
2009;DEZ;Dezembro;12;SOLVENTE;b;452455,81864856946
2010;JAN;Janeiro;1;SOLVENTE;b;619439,35823
2010;FEV;Fevereiro;2;SOLVENTE;b;605513,71889
2010;MAR;Março;3;SOLVENTE;b;709470,900672375
2010;ABR;Abril;4;SOLVENTE;b;517525,7790068152
2010;MAI;Maio;5;SOLVENTE;b;419729,65710557357
2010;JUN;Junho;6;SOLVENTE;b;517614,98226361675
2010;JUL;Julho;7;SOLVENTE;b;398027,0199638865
2010;AGO;Agosto;8;SOLVENTE;b;439842,5002063293
2010;SET;Setembro;9;SOLVENTE;b;415132,43412774615
2010;OUT;Outubro;10;SOLVENTE;b;532440,5397768826
2010;NOV;Novembro;11;SOLVENTE;b;331439,2291398515
2010;DEZ;Dezembro;12;SOLVENTE;b;344095,74511240283
2011;JAN;Janeiro;1;SOLVENTE;b;128589,3340067206
2011;FEV;Fevereiro;2;SOLVENTE;b;186870,2551
2011;MAR;Março;3;SOLVENTE;b;250089,44947608636
2011;ABR;Abril;4;SOLVENTE;b;268883,08769
2011;MAI;Maio;5;SOLVENTE;b;166365,4745
2011;JUN;Junho;6;SOLVENTE;b;259567,87908
2011;JUL;Julho;7;SOLVENTE;b;149125,10529
2011;AGO;Agosto;8;SOLVENTE;b;245008,42042461538
2011;SET;Setembro;9;SOLVENTE;b;212249,63845
2011;OUT;Outubro;10;SOLVENTE;b;186184,66581
2011;NOV;Novembro;11;SOLVENTE;b;256731,17477
2011;DEZ;Dezembro;12;SOLVENTE;b;113815,36991200001
2012;JAN;Janeiro;1;SOLVENTE;b;102266,79322280701
2012;FEV;Fevereiro;2;SOLVENTE;b;136221,6916432254
2012;MAR;Março;3;SOLVENTE;b;182779,39153612684
2012;ABR;Abril;4;SOLVENTE;b;102695,31517697708
2012;MAI;Maio;5;SOLVENTE;b;148028,64116457492
2012;JUN;Junho;6;SOLVENTE;b;128146,63663730098
2012;JUL;Julho;7;SOLVENTE;b;107401,78222322537
2012;AGO;Agosto;8;SOLVENTE;b;152091,33215167344
2012;SET;Setembro;9;SOLVENTE;b;124926,65286611336
2012;OUT;Outubro;10;SOLVENTE;b;147759,24036865044
2012;NOV;Novembro;11;SOLVENTE;b;178537,12265380565
2012;DEZ;Dezembro;12;SOLVENTE;b;148641,23850593108
2013;JAN;Janeiro;1;SOLVENTE;b;111179,32666871797
2013;FEV;Fevereiro;2;SOLVENTE;b;80056,25677810493
2013;MAR;Março;3;SOLVENTE;b;302649,1135566936
2013;ABR;Abril;4;SOLVENTE;b;121764,67794990553
2013;MAI;Maio;5;SOLVENTE;b;131473,73392048583
2013;JUN;Junho;6;SOLVENTE;b;106391,363717193
2013;JUL;Julho;7;SOLVENTE;b;159504,67537843456
2013;AGO;Agosto;8;SOLVENTE;b;106281,94988331984
2013;SET;Setembro;9;SOLVENTE;b;164743,76455407552
2013;OUT;Outubro;10;SOLVENTE;b;74262,51342910931
2013;NOV;Novembro;11;SOLVENTE;b;422749,9712402834
2013;DEZ;Dezembro;12;SOLVENTE;b;126588,18129882596
2014;JAN;Janeiro;1;SOLVENTE;b;68125,6026835358
2014;FEV;Fevereiro;2;SOLVENTE;b;322513,7765430361
2014;MAR;Março;3;SOLVENTE;b;237416,9592855195
2014;ABR;Abril;4;SOLVENTE;b;217306,6966196357
2014;MAI;Maio;5;SOLVENTE;b;319702,1211254901
2014;JUN;Junho;6;SOLVENTE;b;148409,0855427127
2014;JUL;Julho;7;SOLVENTE;b;144530,95506685568
2014;AGO;Agosto;8;SOLVENTE;b;251105,3598944939
2014;SET;Setembro;9;SOLVENTE;b;783323,0400741451
2014;OUT;Outubro;10;SOLVENTE;b;338516,3009591093
2014;NOV;Novembro;11;SOLVENTE;b;402894,1445457219
2014;DEZ;Dezembro;12;SOLVENTE;b;539886,1978574494
2015;JAN;Janeiro;1;SOLVENTE;b;393159,4539918758
2015;FEV;Fevereiro;2;SOLVENTE;b;899667,9729425643
2015;MAR;Março;3;SOLVENTE;b;162605,6960090688
2015;ABR;Abril;4;SOLVENTE;b;416550,6122731577
2015;MAI;Maio;5;SOLVENTE;b;85703,491077112
2015;JUN;Junho;6;SOLVENTE;b;507080,46724705765
2015;JUL;Julho;7;SOLVENTE;b;393648,6246538057
2015;AGO;Agosto;8;SOLVENTE;b;161517,58434388658
2015;SET;Setembro;9;SOLVENTE;b;427176,5035443049
2015;OUT;Outubro;10;SOLVENTE;b;319265,6032185291
2015;NOV;Novembro;11;SOLVENTE;b;522530,5069758434
2015;DEZ;Dezembro;12;SOLVENTE;b;298329,95790112007
2016;JAN;Janeiro;1;SOLVENTE;b;55106,790970701775
2016;FEV;Fevereiro;2;SOLVENTE;b;358308,02421896084
2016;MAR;Março;3;SOLVENTE;b;90114,6086780837
2016;ABR;Abril;4;SOLVENTE;b;124928,53726263158
2016;MAI;Maio;5;SOLVENTE;b;143245,63536425095
2016;JUN;Junho;6;SOLVENTE;b;575926,2743962752
2016;JUL;Julho;7;SOLVENTE;b;189663,78805553302
2016;AGO;Agosto;8;SOLVENTE;b;318289,6386109986
2016;SET;Setembro;9;SOLVENTE;b;424025,801054116
2016;OUT;Outubro;10;SOLVENTE;b;742079,6948700673
2016;NOV;Novembro;11;SOLVENTE;b;442251,8709203239
2016;DEZ;Dezembro;12;SOLVENTE;b;238236,6547943995
2017;JAN;Janeiro;1;SOLVENTE;b;306625,4533465858
2017;FEV;Fevereiro;2;SOLVENTE;b;679140,6134899321
2017;MAR;Março;3;SOLVENTE;b;884139,518551458
2017;ABR;Abril;4;SOLVENTE;b;1152108,4192819444
2017;MAI;Maio;5;SOLVENTE;b;80968,90238372471
2017;JUN;Junho;6;SOLVENTE;b;556763,0143517947
2017;JUL;Julho;7;SOLVENTE;b;559920,4565304318
2017;AGO;Agosto;8;SOLVENTE;b;631666,9950299055
2017;SET;Setembro;9;SOLVENTE;b;425726,171822267
2017;OUT;Outubro;10;SOLVENTE;b;509900,6703551147
2017;NOV;Novembro;11;SOLVENTE;b;222727,93563709845
2017;DEZ;Dezembro;12;SOLVENTE;b;803033,4796355328
2018;JAN;Janeiro;1;SOLVENTE;b;261903,32542788112
2018;FEV;Fevereiro;2;SOLVENTE;b;168435,53500489882
2018;MAR;Março;3;SOLVENTE;b;136255,61926882586
2018;ABR;Abril;4;SOLVENTE;b;310640,26198792167
2018;MAI;Maio;5;SOLVENTE;b;883621,8527583941
2018;JUN;Junho;6;SOLVENTE;b;237276,09640164635
2018;JUL;Julho;7;SOLVENTE;b;829060,6879507154
2018;AGO;Agosto;8;SOLVENTE;b;578579,9460841024
2018;SET;Setembro;9;SOLVENTE;b;361829,96131151146
2018;OUT;Outubro;10;SOLVENTE;b;655325,7715698647
2018;NOV;Novembro;11;SOLVENTE;b;1144398,716505466
2018;DEZ;Dezembro;12;SOLVENTE;b;574485,5259340081
2019;JAN;Janeiro;1;SOLVENTE;b;454214,9282631443
2019;FEV;Fevereiro;2;SOLVENTE;b;124570,90087298244
2019;MAR;Março;3;SOLVENTE;b;696785,8902797165
2019;ABR;Abril;4;SOLVENTE;b;232461,59062168698
2019;MAI;Maio;5;SOLVENTE;b;449450,4099205535
2019;JUN;Junho;6;SOLVENTE;b;104482,34272014844
2019;JUL;Julho;7;SOLVENTE;b;412804,8903616599
2019;AGO;Agosto;8;SOLVENTE;b;473030,55959137663
2019;SET;Setembro;9;SOLVENTE;b;168726,13101751686
2019;OUT;Outubro;10;SOLVENTE;b;184012,4234794872
2019;NOV;Novembro;11;SOLVENTE;b;252761,84629327938
2019;DEZ;Dezembro;12;SOLVENTE;b;91954,78978430503
2020;JAN;Janeiro;1;SOLVENTE;b;227793,15952497968
2020;FEV;Fevereiro;2;SOLVENTE;b;508378,68912402133
2020;MAR;Março;3;SOLVENTE;b;332655,7089516328
2020;ABR;Abril;4;SOLVENTE;b;266996,51817399455
2020;MAI;Maio;5;SOLVENTE;b;386335,9778049527
2020;JUN;Junho;6;SOLVENTE;b;174870,0445879891
2020;JUL;Julho;7;SOLVENTE;b;177351,30248267206
2020;AGO;Agosto;8;SOLVENTE;b;399601,3483721323
2020;SET;Setembro;9;SOLVENTE;b;501534,2978334006
2020;OUT;Outubro;10;SOLVENTE;b;908192,0830340888
2020;NOV;Novembro;11;SOLVENTE;b;655689,2139379755
2020;DEZ;Dezembro;12;SOLVENTE;b;1242983,0169594067
2021;JAN;Janeiro;1;SOLVENTE;b;1199054,075674238
2021;FEV;Fevereiro;2;SOLVENTE;b;1122736,5259827394
2021;MAR;Março;3;SOLVENTE;b;628757,9791255868
2021;ABR;Abril;4;SOLVENTE;b;554834,164749946
2021;MAI;Maio;5;SOLVENTE;b;811883,717648799
2021;JUN;Junho;6;SOLVENTE;b;349342,3881396357
2021;JUL;Julho;7;SOLVENTE;b;710430,0160587855
2021;AGO;Agosto;8;SOLVENTE;b;658217,1912850738
2021;SET;Setembro;9;SOLVENTE;b;402906,4525409986
2021;OUT;Outubro;10;SOLVENTE;b;455133,44424168667
2021;NOV;Novembro;11;SOLVENTE;b;717872,3467364911
2021;DEZ;Dezembro;12;SOLVENTE;b;567974,9614283805
2022;JAN;Janeiro;1;SOLVENTE;b;799283,3692870988
2022;FEV;Fevereiro;2;SOLVENTE;b;500321,8414628339
2022;MAR;Março;3;SOLVENTE;b;514379,074493023
2022;ABR;Abril;4;SOLVENTE;b;518431,8596659922
2022;MAI;Maio;5;SOLVENTE;b;1012626,8574745617
2022;JUN;Junho;6;SOLVENTE;b;448687,81502148445
2022;JUL;Julho;7;SOLVENTE;b;552274,7298645749
2022;AGO;Agosto;8;SOLVENTE;b;643396,5739464642
2022;SET;Setembro;9;SOLVENTE;b;619964,680444953
2022;OUT;Outubro;10;SOLVENTE;b;607123,4264184616
2022;NOV;Novembro;11;SOLVENTE;b;631062,9950161804
2022;DEZ;Dezembro;12;SOLVENTE;b;1324612,162651134
2023;JAN;Janeiro;1;SOLVENTE;b;202591,91106385956
2023;FEV;Fevereiro;2;SOLVENTE;b;1819624,504717072
2023;MAR;Março;3;SOLVENTE;b;439293,6060583537
2023;ABR;Abril;4;SOLVENTE;b;694524,3088800404
2023;MAI;Maio;5;SOLVENTE;b;891694,2933763566
2023;JUN;Junho;6;SOLVENTE;b;584793,3870954787
2023;JUL;Julho;7;SOLVENTE;b;1162335,0816276798
2023;AGO;Agosto;8;SOLVENTE;b;1276388,8599546696
2023;SET;Setembro;9;SOLVENTE;b;1023399,2308660462
2023;OUT;Outubro;10;SOLVENTE;b;593689,0628319968
2023;NOV;Novembro;11;SOLVENTE;b;702620,4317785696
2023;DEZ;Dezembro;12;SOLVENTE;b;2199496,3403792717
2024;JAN;Janeiro;1;SOLVENTE;b;626920,1068295136
2024;FEV;Fevereiro;2;SOLVENTE;b;726919,8776699051
2024;MAR;Março;3;SOLVENTE;b;1353305,4185556015
2024;ABR;Abril;4;SOLVENTE;b;956906,6105544541
2024;MAI;Maio;5;SOLVENTE;b;1452627,2480396093
2024;JUN;Junho;6;SOLVENTE;b;1630008,3188943057
2024;JUL;Julho;7;SOLVENTE;b;848111,6396603637
2024;AGO;Agosto;8;SOLVENTE;b;1300017,375802794
2024;SET;Setembro;9;SOLVENTE;b;942713,1067958707
2024;OUT;Outubro;10;SOLVENTE;b;1203494,8767645075
2024;NOV;Novembro;11;SOLVENTE;b;605633,2337682726
2024;DEZ;Dezembro;12;SOLVENTE;b;524383,2931668827
2025;JAN;Janeiro;1;SOLVENTE;b;399186,331259676
2025;FEV;Fevereiro;2;SOLVENTE;b;825232,0950337785
2025;MAR;Março;3;SOLVENTE;b;937123,9442814715
2025;ABR;Abril;4;SOLVENTE;b;554209,8947412414
2025;MAI;Maio;5;SOLVENTE;b;1102805,2385447237
2025;JUN;Junho;6;SOLVENTE;b;581183,7237055596
2025;JUL;Julho;7;SOLVENTE;b;1000532,6563200009
2025;AGO;Agosto;8;SOLVENTE;b;886691,5686396621
2025;SET;Setembro;9;SOLVENTE;b;649624,3686268147
2025;OUT;Outubro;10;SOLVENTE;b;611307,703422348
2025;NOV;Novembro;11;SOLVENTE;b;131366,3572720378
2025;DEZ;Dezembro;12;SOLVENTE;b;473363,7327793792
2026;JAN;Janeiro;1;SOLVENTE;b;485206,5876938461
2026;FEV;Fevereiro;2;SOLVENTE;b;188771,13584361668
2026;MAR;Março;3;SOLVENTE;b;529083,2157549529
2026;ABR;Abril;4;SOLVENTE;b;291320,13866570854
2026;MAI;Maio;5;SOLVENTE;b;243135,30482068824
2026;JUN;Junho;6;SOLVENTE;b;577744,0294862748
2026;JUL;Julho;7;SOLVENTE;b;535466,1760585156
2000;JAN;Janeiro;1;ÓLEO COMBUSTÍVEL;b;3,773886
2000;FEV;Fevereiro;2;ÓLEO COMBUSTÍVEL;b;10,6413316122449
2000;MAR;Março;3;ÓLEO COMBUSTÍVEL;b;116104,23177099999
2000;ABR;Abril;4;ÓLEO COMBUSTÍVEL;b;1,5724525
2000;MAI;Maio;5;ÓLEO COMBUSTÍVEL;b;9,736369153061224
2000;JUN;Junho;6;ÓLEO COMBUSTÍVEL;b;53233,73633509184
2000;JUL;Julho;7;ÓLEO COMBUSTÍVEL;b;97742,76169206123
2000;AGO;Agosto;8;ÓLEO COMBUSTÍVEL;b;63839,54977535715
2000;SET;Setembro;9;ÓLEO COMBUSTÍVEL;b;115171,25398462245
2000;OUT;Outubro;10;ÓLEO COMBUSTÍVEL;b;20302,396335989797
2000;NOV;Novembro;11;ÓLEO COMBUSTÍVEL;b;83054,3416897449
2000;DEZ;Dezembro;12;ÓLEO COMBUSTÍVEL;b;0,06418173469387754
2001;JAN;Janeiro;1;ÓLEO COMBUSTÍVEL;b;0,0
2001;FEV;Fevereiro;2;ÓLEO COMBUSTÍVEL;b;0,006418173469387756
2001;MAR;Março;3;ÓLEO COMBUSTÍVEL;b;0,0
2001;ABR;Abril;4;ÓLEO COMBUSTÍVEL;b;0,0
2001;MAI;Maio;5;ÓLEO COMBUSTÍVEL;b;0,0
2001;JUN;Junho;6;ÓLEO COMBUSTÍVEL;b;0,006418173469387756
2001;JUL;Julho;7;ÓLEO COMBUSTÍVEL;b;1,553197979591837
2001;AGO;Agosto;8;ÓLEO COMBUSTÍVEL;b;0,29523597959183673
2001;SET;Setembro;9;ÓLEO COMBUSTÍVEL;b;0,0
2001;OUT;Outubro;10;ÓLEO COMBUSTÍVEL;b;0,0
2001;NOV;Novembro;11;ÓLEO COMBUSTÍVEL;b;83808,9712717551
2001;DEZ;Dezembro;12;ÓLEO COMBUSTÍVEL;b;0,3273268469387755
2002;JAN;Janeiro;1;ÓLEO COMBUSTÍVEL;b;161874,91599588774
2002;FEV;Fevereiro;2;ÓLEO COMBUSTÍVEL;b;69891,05299443878
2002;MAR;Março;3;ÓLEO COMBUSTÍVEL;b;2,0666518571428574
2002;ABR;Abril;4;ÓLEO COMBUSTÍVEL;b;38715,54554770408
2002;MAI;Maio;5;ÓLEO COMBUSTÍVEL;b;0,0
2002;JUN;Junho;6;ÓLEO COMBUSTÍVEL;b;0,0
2002;JUL;Julho;7;ÓLEO COMBUSTÍVEL;b;50900,39653394899
2002;AGO;Agosto;8;ÓLEO COMBUSTÍVEL;b;1,1103440102040816
2002;SET;Setembro;9;ÓLEO COMBUSTÍVEL;b;50939,784864530615
2002;OUT;Outubro;10;ÓLEO COMBUSTÍVEL;b;0,0
2002;NOV;Novembro;11;ÓLEO COMBUSTÍVEL;b;0,0
2002;DEZ;Dezembro;12;ÓLEO COMBUSTÍVEL;b;1,0441084600000001
2003;JAN;Janeiro;1;ÓLEO COMBUSTÍVEL;b;48163,34769760119
2003;FEV;Fevereiro;2;ÓLEO COMBUSTÍVEL;b;144933,2294386772
2003;MAR;Março;3;ÓLEO COMBUSTÍVEL;b;48093,1228692695
2003;ABR;Abril;4;ÓLEO COMBUSTÍVEL;b;47632,71871181639
2003;MAI;Maio;5;ÓLEO COMBUSTÍVEL;b;0,012418183613030605
2003;JUN;Junho;6;ÓLEO COMBUSTÍVEL;b;0,0
2003;JUL;Julho;7;ÓLEO COMBUSTÍVEL;b;0,0
2003;AGO;Agosto;8;ÓLEO COMBUSTÍVEL;b;0,0
2003;SET;Setembro;9;ÓLEO COMBUSTÍVEL;b;356,3584060513327
2003;OUT;Outubro;10;ÓLEO COMBUSTÍVEL;b;48141,39234897335
2003;NOV;Novembro;11;ÓLEO COMBUSTÍVEL;b;49096,90327798619
2003;DEZ;Dezembro;12;ÓLEO COMBUSTÍVEL;b;198263,10654665352
2004;JAN;Janeiro;1;ÓLEO COMBUSTÍVEL;b;94456,49210671274
2004;FEV;Fevereiro;2;ÓLEO COMBUSTÍVEL;b;88709,44986697928
2004;MAR;Março;3;ÓLEO COMBUSTÍVEL;b;97265,044394462
2004;ABR;Abril;4;ÓLEO COMBUSTÍVEL;b;133528,36339937808
2004;MAI;Maio;5;ÓLEO COMBUSTÍVEL;b;0,0
2004;JUN;Junho;6;ÓLEO COMBUSTÍVEL;b;2,0303730207305035
2004;JUL;Julho;7;ÓLEO COMBUSTÍVEL;b;0,0
2004;AGO;Agosto;8;ÓLEO COMBUSTÍVEL;b;1,0182910562685095
2004;SET;Setembro;9;ÓLEO COMBUSTÍVEL;b;211314,00903295167
2004;OUT;Outubro;10;ÓLEO COMBUSTÍVEL;b;0,0
2004;NOV;Novembro;11;ÓLEO COMBUSTÍVEL;b;0,0
2004;DEZ;Dezembro;12;ÓLEO COMBUSTÍVEL;b;195044,8845906022
2005;JAN;Janeiro;1;ÓLEO COMBUSTÍVEL;b;37986,61518126358
2005;FEV;Fevereiro;2;ÓLEO COMBUSTÍVEL;b;279111,07005010865
2005;MAR;Março;3;ÓLEO COMBUSTÍVEL;b;0,0
2005;ABR;Abril;4;ÓLEO COMBUSTÍVEL;b;0,0
2005;MAI;Maio;5;ÓLEO COMBUSTÍVEL;b;0,012418183613030605
2005;JUN;Junho;6;ÓLEO COMBUSTÍVEL;b;1,012081964461994
2005;JUL;Julho;7;ÓLEO COMBUSTÍVEL;b;0,0
2005;AGO;Agosto;8;ÓLEO COMBUSTÍVEL;b;15687,258030977297
2005;SET;Setembro;9;ÓLEO COMBUSTÍVEL;b;0,0
2005;OUT;Outubro;10;ÓLEO COMBUSTÍVEL;b;0,0
2005;NOV;Novembro;11;ÓLEO COMBUSTÍVEL;b;0,0
2005;DEZ;Dezembro;12;ÓLEO COMBUSTÍVEL;b;0,0
2006;JAN;Janeiro;1;ÓLEO COMBUSTÍVEL;b;0,0
2006;FEV;Fevereiro;2;ÓLEO COMBUSTÍVEL;b;40593,26643074038
2006;MAR;Março;3;ÓLEO COMBUSTÍVEL;b;72799,3972038006
2006;ABR;Abril;4;ÓLEO COMBUSTÍVEL;b;192988,95494799607
2006;MAI;Maio;5;ÓLEO COMBUSTÍVEL;b;225137,74475822313
2006;JUN;Junho;6;ÓLEO COMBUSTÍVEL;b;45016,871797374144
2006;JUL;Julho;7;ÓLEO COMBUSTÍVEL;b;58242,82720897336
2006;AGO;Agosto;8;ÓLEO COMBUSTÍVEL;b;27497,4225379467
2006;SET;Setembro;9;ÓLEO COMBUSTÍVEL;b;140247,33961595263
2006;OUT;Outubro;10;ÓLEO COMBUSTÍVEL;b;647426,2000114118
2006;NOV;Novembro;11;ÓLEO COMBUSTÍVEL;b;0,0
2006;DEZ;Dezembro;12;ÓLEO COMBUSTÍVEL;b;133040,85655618954
2007;JAN;Janeiro;1;ÓLEO COMBUSTÍVEL;b;203039,35728243832
2007;FEV;Fevereiro;2;ÓLEO COMBUSTÍVEL;b;0,22352730503455087
2007;MAR;Março;3;ÓLEO COMBUSTÍVEL;b;93752,87161410663
2007;ABR;Abril;4;ÓLEO COMBUSTÍVEL;b;96936,50271970387
2007;MAI;Maio;5;ÓLEO COMBUSTÍVEL;b;0,0
2007;JUN;Junho;6;ÓLEO COMBUSTÍVEL;b;176393,0211675025
2007;JUL;Julho;7;ÓLEO COMBUSTÍVEL;b;46159,257762487665
2007;AGO;Agosto;8;ÓLEO COMBUSTÍVEL;b;0,0
2007;SET;Setembro;9;ÓLEO COMBUSTÍVEL;b;0,0
2007;OUT;Outubro;10;ÓLEO COMBUSTÍVEL;b;0,8754819447186577
2007;NOV;Novembro;11;ÓLEO COMBUSTÍVEL;b;0,0
2007;DEZ;Dezembro;12;ÓLEO COMBUSTÍVEL;b;118822,61376480752
2008;JAN;Janeiro;1;ÓLEO COMBUSTÍVEL;b;80603,3314953702
2008;FEV;Fevereiro;2;ÓLEO COMBUSTÍVEL;b;244218,07277052326
2008;MAR;Março;3;ÓLEO COMBUSTÍVEL;b;0,0
2008;ABR;Abril;4;ÓLEO COMBUSTÍVEL;b;21529,106893504446
2008;MAI;Maio;5;ÓLEO COMBUSTÍVEL;b;0,0
2008;JUN;Junho;6;ÓLEO COMBUSTÍVEL;b;35009,31840548866
2008;JUL;Julho;7;ÓLEO COMBUSTÍVEL;b;4,029700582428431
2008;AGO;Agosto;8;ÓLEO COMBUSTÍVEL;b;0,0
2008;SET;Setembro;9;ÓLEO COMBUSTÍVEL;b;0,0
2008;OUT;Outubro;10;ÓLEO COMBUSTÍVEL;b;445589,4506755183
2008;NOV;Novembro;11;ÓLEO COMBUSTÍVEL;b;420307,0160849852
2008;DEZ;Dezembro;12;ÓLEO COMBUSTÍVEL;b;0,0
2009;JAN;Janeiro;1;ÓLEO COMBUSTÍVEL;b;0,0
2009;FEV;Fevereiro;2;ÓLEO COMBUSTÍVEL;b;0,0
2009;MAR;Março;3;ÓLEO COMBUSTÍVEL;b;0,0
2009;ABR;Abril;4;ÓLEO COMBUSTÍVEL;b;1,092539997
2009;MAI;Maio;5;ÓLEO COMBUSTÍVEL;b;0,0
2009;JUN;Junho;6;ÓLEO COMBUSTÍVEL;b;60,44550873642647
2009;JUL;Julho;7;ÓLEO COMBUSTÍVEL;b;45,14630652517277
2009;AGO;Agosto;8;ÓLEO COMBUSTÍVEL;b;38,04931459032577
2009;SET;Setembro;9;ÓLEO COMBUSTÍVEL;b;62,49450903257651
2009;OUT;Outubro;10;ÓLEO COMBUSTÍVEL;b;21,700775863770982
2009;NOV;Novembro;11;ÓLEO COMBUSTÍVEL;b;63,51900918065154
2009;DEZ;Dezembro;12;ÓLEO COMBUSTÍVEL;b;64075,74118839093
2010;JAN;Janeiro;1;ÓLEO COMBUSTÍVEL;b;6,28981
2010;FEV;Fevereiro;2;ÓLEO COMBUSTÍVEL;b;126831,4232496249
2010;MAR;Março;3;ÓLEO COMBUSTÍVEL;b;1,1424728923988157
2010;ABR;Abril;4;ÓLEO COMBUSTÍVEL;b;2,2290639585389935
2010;MAI;Maio;5;ÓLEO COMBUSTÍVEL;b;0,0
2010;JUN;Junho;6;ÓLEO COMBUSTÍVEL;b;3,253564106614018
2010;JUL;Julho;7;ÓLEO COMBUSTÍVEL;b;0,0
2010;AGO;Agosto;8;ÓLEO COMBUSTÍVEL;b;0,0
2010;SET;Setembro;9;ÓLEO COMBUSTÍVEL;b;884004,9973959823
2010;OUT;Outubro;10;ÓLEO COMBUSTÍVEL;b;0,07450910167818363
2010;NOV;Novembro;11;ÓLEO COMBUSTÍVEL;b;2,359454886475815
2010;DEZ;Dezembro;12;ÓLEO COMBUSTÍVEL;b;0,0
2011;JAN;Janeiro;1;ÓLEO COMBUSTÍVEL;b;0,0
2011;FEV;Fevereiro;2;ÓLEO COMBUSTÍVEL;b;0,0
2011;MAR;Março;3;ÓLEO COMBUSTÍVEL;b;0,0
2011;ABR;Abril;4;ÓLEO COMBUSTÍVEL;b;367375,22248
2011;MAI;Maio;5;ÓLEO COMBUSTÍVEL;b;0,0
2011;JUN;Junho;6;ÓLEO COMBUSTÍVEL;b;285550,9583938
2011;JUL;Julho;7;ÓLEO COMBUSTÍVEL;b;715214,2951
2011;AGO;Agosto;8;ÓLEO COMBUSTÍVEL;b;796835,4209242943
2011;SET;Setembro;9;ÓLEO COMBUSTÍVEL;b;691577,18912
2011;OUT;Outubro;10;ÓLEO COMBUSTÍVEL;b;837802,692
2011;NOV;Novembro;11;ÓLEO COMBUSTÍVEL;b;767432,29772
2011;DEZ;Dezembro;12;ÓLEO COMBUSTÍVEL;b;0,00628981
2012;JAN;Janeiro;1;ÓLEO COMBUSTÍVEL;b;370589,31539
2012;FEV;Fevereiro;2;ÓLEO COMBUSTÍVEL;b;195581,64195
2012;MAR;Março;3;ÓLEO COMBUSTÍVEL;b;0,18627275419545908
2012;ABR;Abril;4;ÓLEO COMBUSTÍVEL;b;8,52508305034551
2012;MAI;Maio;5;ÓLEO COMBUSTÍVEL;b;0,0
2012;JUN;Junho;6;ÓLEO COMBUSTÍVEL;b;129,08701865745314
2012;JUL;Julho;7;ÓLEO COMBUSTÍVEL;b;0,0
2012;AGO;Agosto;8;ÓLEO COMBUSTÍVEL;b;395458,00093891413
2012;SET;Setembro;9;ÓLEO COMBUSTÍVEL;b;44,165270019743346
2012;OUT;Outubro;10;ÓLEO COMBUSTÍVEL;b;0,12418183613030605
2012;NOV;Novembro;11;ÓLEO COMBUSTÍVEL;b;0,04967273445212242
2012;DEZ;Dezembro;12;ÓLEO COMBUSTÍVEL;b;373246,4030922211
2013;JAN;Janeiro;1;ÓLEO COMBUSTÍVEL;b;0,6147000888450149
2013;FEV;Fevereiro;2;ÓLEO COMBUSTÍVEL;b;0,0
2013;MAR;Março;3;ÓLEO COMBUSTÍVEL;b;0,0
2013;ABR;Abril;4;ÓLEO COMBUSTÍVEL;b;10,263628756169794
2013;MAI;Maio;5;ÓLEO COMBUSTÍVEL;b;0,0
2013;JUN;Junho;6;ÓLEO COMBUSTÍVEL;b;0,0
2013;JUL;Julho;7;ÓLEO COMBUSTÍVEL;b;8,543710325765057
2013;AGO;Agosto;8;ÓLEO COMBUSTÍVEL;b;1,9807002862783814
2013;SET;Setembro;9;ÓLEO COMBUSTÍVEL;b;219732,73034065153
2013;OUT;Outubro;10;ÓLEO COMBUSTÍVEL;b;268355,9978865449
2013;NOV;Novembro;11;ÓLEO COMBUSTÍVEL;b;0,0
2013;DEZ;Dezembro;12;ÓLEO COMBUSTÍVEL;b;117282,02011486675
2014;JAN;Janeiro;1;ÓLEO COMBUSTÍVEL;b;116335,73589627839
2014;FEV;Fevereiro;2;ÓLEO COMBUSTÍVEL;b;175200,31672238896
2014;MAR;Março;3;ÓLEO COMBUSTÍVEL;b;176252,77641086874
2014;ABR;Abril;4;ÓLEO COMBUSTÍVEL;b;0,012418183613030605
2014;MAI;Maio;5;ÓLEO COMBUSTÍVEL;b;303221,0790893683
2014;JUN;Junho;6;ÓLEO COMBUSTÍVEL;b;60100,22735015795
2014;JUL;Julho;7;ÓLEO COMBUSTÍVEL;b;120047,99666009874
2014;AGO;Agosto;8;ÓLEO COMBUSTÍVEL;b;412018,6111961205
2014;SET;Setembro;9;ÓLEO COMBUSTÍVEL;b;372849,92774400796
2014;OUT;Outubro;10;ÓLEO COMBUSTÍVEL;b;180146,26814633762
2014;NOV;Novembro;11;ÓLEO COMBUSTÍVEL;b;375784,7605409181
2014;DEZ;Dezembro;12;ÓLEO COMBUSTÍVEL;b;216625,52073700892
2015;JAN;Janeiro;1;ÓLEO COMBUSTÍVEL;b;358388,4437811057
2015;FEV;Fevereiro;2;ÓLEO COMBUSTÍVEL;b;509753,7769767128
2015;MAR;Março;3;ÓLEO COMBUSTÍVEL;b;105874,71390248768
2015;ABR;Abril;4;ÓLEO COMBUSTÍVEL;b;313023,91251530114
2015;MAI;Maio;5;ÓLEO COMBUSTÍVEL;b;159394,27255606125
2015;JUN;Junho;6;ÓLEO COMBUSTÍVEL;b;206904,18164103653
2015;JUL;Julho;7;ÓLEO COMBUSTÍVEL;b;236368,73139057262
2015;AGO;Agosto;8;ÓLEO COMBUSTÍVEL;b;72315,79587935835
2015;SET;Setembro;9;ÓLEO COMBUSTÍVEL;b;19,993275616979272
2015;OUT;Outubro;10;ÓLEO COMBUSTÍVEL;b;149571,91774548867
2015;NOV;Novembro;11;ÓLEO COMBUSTÍVEL;b;59641,15193835144
2015;DEZ;Dezembro;12;ÓLEO COMBUSTÍVEL;b;59871,906626248776
2016;JAN;Janeiro;1;ÓLEO COMBUSTÍVEL;b;119745,74428004939
2016;FEV;Fevereiro;2;ÓLEO COMBUSTÍVEL;b;5,774455380059231
2016;MAR;Março;3;ÓLEO COMBUSTÍVEL;b;29368,59444475815
2016;ABR;Abril;4;ÓLEO COMBUSTÍVEL;b;29595,4622411846
2016;MAI;Maio;5;ÓLEO COMBUSTÍVEL;b;5873,670458035539
2016;JUN;Junho;6;ÓLEO COMBUSTÍVEL;b;12320,117217038502
2016;JUL;Julho;7;ÓLEO COMBUSTÍVEL;b;101994,83870535046
2016;AGO;Agosto;8;ÓLEO COMBUSTÍVEL;b;6160,058608519251
2016;SET;Setembro;9;ÓLEO COMBUSTÍVEL;b;5879,786413464956
2016;OUT;Outubro;10;ÓLEO COMBUSTÍVEL;b;52811,293760296154
2016;NOV;Novembro;11;ÓLEO COMBUSTÍVEL;b;38371,485736890434
2016;DEZ;Dezembro;12;ÓLEO COMBUSTÍVEL;b;7274,987969664365
2017;JAN;Janeiro;1;ÓLEO COMBUSTÍVEL;b;21,110912142152024
2017;FEV;Fevereiro;2;ÓLEO COMBUSTÍVEL;b;0,0
2017;MAR;Março;3;ÓLEO COMBUSTÍVEL;b;49446,021882991125
2017;ABR;Abril;4;ÓLEO COMBUSTÍVEL;b;74,72641989141167
2017;MAI;Maio;5;ÓLEO COMBUSTÍVEL;b;26,388640177690032
2017;JUN;Junho;6;ÓLEO COMBUSTÍVEL;b;0,0
2017;JUL;Julho;7;ÓLEO COMBUSTÍVEL;b;114,3093801579467
2017;AGO;Agosto;8;ÓLEO COMBUSTÍVEL;b;74,50910167818363
2017;SET;Setembro;9;ÓLEO COMBUSTÍVEL;b;0,0
2017;OUT;Outubro;10;ÓLEO COMBUSTÍVEL;b;0,0
2017;NOV;Novembro;11;ÓLEO COMBUSTÍVEL;b;149,01820335636725
2017;DEZ;Dezembro;12;ÓLEO COMBUSTÍVEL;b;422566,6163570287
2018;JAN;Janeiro;1;ÓLEO COMBUSTÍVEL;b;74,50910167818363
2018;FEV;Fevereiro;2;ÓLEO COMBUSTÍVEL;b;247538,71369592307
2018;MAR;Março;3;ÓLEO COMBUSTÍVEL;b;270019,25835421524
2018;ABR;Abril;4;ÓLEO COMBUSTÍVEL;b;58,34062661401777
2018;MAI;Maio;5;ÓLEO COMBUSTÍVEL;b;271880,216305005
2018;JUN;Junho;6;ÓLEO COMBUSTÍVEL;b;74,52151986179665
2018;JUL;Julho;7;ÓLEO COMBUSTÍVEL;b;204352,15798127346
2018;AGO;Agosto;8;ÓLEO COMBUSTÍVEL;b;265512,0475664067
2018;SET;Setembro;9;ÓLEO COMBUSTÍVEL;b;0,0
2018;OUT;Outubro;10;ÓLEO COMBUSTÍVEL;b;0,9686183218163872
2018;NOV;Novembro;11;ÓLEO COMBUSTÍVEL;b;468554,23619470885
2018;DEZ;Dezembro;12;ÓLEO COMBUSTÍVEL;b;279486,521413465
2019;JAN;Janeiro;1;ÓLEO COMBUSTÍVEL;b;68,18203712734453
2019;FEV;Fevereiro;2;ÓLEO COMBUSTÍVEL;b;0,0
2019;MAR;Março;3;ÓLEO COMBUSTÍVEL;b;0,0
2019;ABR;Abril;4;ÓLEO COMBUSTÍVEL;b;0,0
2019;MAI;Maio;5;ÓLEO COMBUSTÍVEL;b;0,0
2019;JUN;Junho;6;ÓLEO COMBUSTÍVEL;b;0,0
2019;JUL;Julho;7;ÓLEO COMBUSTÍVEL;b;353339,48352408694
2019;AGO;Agosto;8;ÓLEO COMBUSTÍVEL;b;0,0
2019;SET;Setembro;9;ÓLEO COMBUSTÍVEL;b;68,07648256663377
2019;OUT;Outubro;10;ÓLEO COMBUSTÍVEL;b;0,0
2019;NOV;Novembro;11;ÓLEO COMBUSTÍVEL;b;0,0
2019;DEZ;Dezembro;12;ÓLEO COMBUSTÍVEL;b;0,0
2020;JAN;Janeiro;1;ÓLEO COMBUSTÍVEL;b;0,0
2020;FEV;Fevereiro;2;ÓLEO COMBUSTÍVEL;b;0,0
2020;MAR;Março;3;ÓLEO COMBUSTÍVEL;b;87,99898093814433
2020;ABR;Abril;4;ÓLEO COMBUSTÍVEL;b;0,0
2020;MAI;Maio;5;ÓLEO COMBUSTÍVEL;b;0,0
2020;JUN;Junho;6;ÓLEO COMBUSTÍVEL;b;0,0
2020;JUL;Julho;7;ÓLEO COMBUSTÍVEL;b;0,0
2020;AGO;Agosto;8;ÓLEO COMBUSTÍVEL;b;252504,25385715463
2020;SET;Setembro;9;ÓLEO COMBUSTÍVEL;b;0,0
2020;OUT;Outubro;10;ÓLEO COMBUSTÍVEL;b;0,0
2020;NOV;Novembro;11;ÓLEO COMBUSTÍVEL;b;0,0
2020;DEZ;Dezembro;12;ÓLEO COMBUSTÍVEL;b;259726,41471370103
2021;JAN;Janeiro;1;ÓLEO COMBUSTÍVEL;b;244788,40127467015
2021;FEV;Fevereiro;2;ÓLEO COMBUSTÍVEL;b;0,0
2021;MAR;Março;3;ÓLEO COMBUSTÍVEL;b;0,0
2021;ABR;Abril;4;ÓLEO COMBUSTÍVEL;b;0,0
2021;MAI;Maio;5;ÓLEO COMBUSTÍVEL;b;0,0
2021;JUN;Junho;6;ÓLEO COMBUSTÍVEL;b;63,37794117525773
2021;JUL;Julho;7;ÓLEO COMBUSTÍVEL;b;18,674899793814433
2021;AGO;Agosto;8;ÓLEO COMBUSTÍVEL;b;676851,7712589691
2021;SET;Setembro;9;ÓLEO COMBUSTÍVEL;b;955710,4133125464
2021;OUT;Outubro;10;ÓLEO COMBUSTÍVEL;b;525912,7949987525
2021;NOV;Novembro;11;ÓLEO COMBUSTÍVEL;b;243524,51258772166
2021;DEZ;Dezembro;12;ÓLEO COMBUSTÍVEL;b;1264295,3588288247
2022;JAN;Janeiro;1;ÓLEO COMBUSTÍVEL;b;0,0
2022;FEV;Fevereiro;2;ÓLEO COMBUSTÍVEL;b;60,92686057731959
2022;MAR;Março;3;ÓLEO COMBUSTÍVEL;b;0,0
2022;ABR;Abril;4;ÓLEO COMBUSTÍVEL;b;130367,05031738146
2022;MAI;Maio;5;ÓLEO COMBUSTÍVEL;b;483442,5453865464
2022;JUN;Junho;6;ÓLEO COMBUSTÍVEL;b;0,0
2022;JUL;Julho;7;ÓLEO COMBUSTÍVEL;b;356658,6247489794
2022;AGO;Agosto;8;ÓLEO COMBUSTÍVEL;b;66,3996437113402
2022;SET;Setembro;9;ÓLEO COMBUSTÍVEL;b;0,012968680412371135
2022;OUT;Outubro;10;ÓLEO COMBUSTÍVEL;b;259006,78263761854
2022;NOV;Novembro;11;ÓLEO COMBUSTÍVEL;b;0,0
2022;DEZ;Dezembro;12;ÓLEO COMBUSTÍVEL;b;97559,4467477629
2023;JAN;Janeiro;1;ÓLEO COMBUSTÍVEL;b;162165,0291482165
2023;FEV;Fevereiro;2;ÓLEO COMBUSTÍVEL;b;64904,328922432986
2023;MAR;Março;3;ÓLEO COMBUSTÍVEL;b;194138,86976978352
2023;ABR;Abril;4;ÓLEO COMBUSTÍVEL;b;0,0
2023;MAI;Maio;5;ÓLEO COMBUSTÍVEL;b;25,807674020618556
2023;JUN;Junho;6;ÓLEO COMBUSTÍVEL;b;0,0
2023;JUL;Julho;7;ÓLEO COMBUSTÍVEL;b;10072,6054834433
2023;AGO;Agosto;8;ÓLEO COMBUSTÍVEL;b;0,0
2023;SET;Setembro;9;ÓLEO COMBUSTÍVEL;b;116,51062482474228
2023;OUT;Outubro;10;ÓLEO COMBUSTÍVEL;b;4,149977731958763
2023;NOV;Novembro;11;ÓLEO COMBUSTÍVEL;b;19453,0206185567
2023;DEZ;Dezembro;12;ÓLEO COMBUSTÍVEL;b;19527,279282597938
2024;JAN;Janeiro;1;ÓLEO COMBUSTÍVEL;b;0,0
2024;FEV;Fevereiro;2;ÓLEO COMBUSTÍVEL;b;0,0
2024;MAR;Março;3;ÓLEO COMBUSTÍVEL;b;0,0
2024;ABR;Abril;4;ÓLEO COMBUSTÍVEL;b;77,73427039175259
2024;MAI;Maio;5;ÓLEO COMBUSTÍVEL;b;19453,0206185567
2024;JUN;Junho;6;ÓLEO COMBUSTÍVEL;b;391,79031959793815
2024;JUL;Julho;7;ÓLEO COMBUSTÍVEL;b;107351,5461582268
2024;AGO;Agosto;8;ÓLEO COMBUSTÍVEL;b;51874,72164948454
2024;SET;Setembro;9;ÓLEO COMBUSTÍVEL;b;12981,130345567013
2024;OUT;Outubro;10;ÓLEO COMBUSTÍVEL;b;19530,754888948457
2024;NOV;Novembro;11;ÓLEO COMBUSTÍVEL;b;116719,10933105156
2024;DEZ;Dezembro;12;ÓLEO COMBUSTÍVEL;b;56923,68830762887
2025;JAN;Janeiro;1;ÓLEO COMBUSTÍVEL;b;26047,38710936083
2025;FEV;Fevereiro;2;ÓLEO COMBUSTÍVEL;b;141224,09885726805
2025;MAR;Março;3;ÓLEO COMBUSTÍVEL;b;78320,75302604123
2025;ABR;Abril;4;ÓLEO COMBUSTÍVEL;b;51956,592928927836
2025;MAI;Maio;5;ÓLEO COMBUSTÍVEL;b;146953,90826838146
2025;JUN;Junho;6;ÓLEO COMBUSTÍVEL;b;79796,71205943299
2025;JUL;Julho;7;ÓLEO COMBUSTÍVEL;b;311509,16896604124
2025;AGO;Agosto;8;ÓLEO COMBUSTÍVEL;b;165715,93165720618
2025;SET;Setembro;9;ÓLEO COMBUSTÍVEL;b;158848,15944594846
2025;OUT;Outubro;10;ÓLEO COMBUSTÍVEL;b;25937,36082474227
2025;NOV;Novembro;11;ÓLEO COMBUSTÍVEL;b;117367,45905524743
2025;DEZ;Dezembro;12;ÓLEO COMBUSTÍVEL;b;94093,73550040205
2026;JAN;Janeiro;1;ÓLEO COMBUSTÍVEL;b;38906,0412371134
2026;FEV;Fevereiro;2;ÓLEO COMBUSTÍVEL;b;61543,24898863917
2026;MAR;Março;3;ÓLEO COMBUSTÍVEL;b;51874,74758684536
2026;ABR;Abril;4;ÓLEO COMBUSTÍVEL;b;38906,0412371134
2026;MAI;Maio;5;ÓLEO COMBUSTÍVEL;b;61435,23284948454
2026;JUN;Junho;6;ÓLEO COMBUSTÍVEL;b;28206,91880294845
2026;JUL;Julho;7;ÓLEO COMBUSTÍVEL;b;92,33052019587629
2000;JAN;Janeiro;1;ÓLEO DIESEL;b;1604828,6604159158
2000;FEV;Fevereiro;2;ÓLEO DIESEL;b;1114405,1877221568
2000;MAR;Março;3;ÓLEO DIESEL;b;1490503,952299434
2000;ABR;Abril;4;ÓLEO DIESEL;b;2491602,4793330724
2000;MAI;Maio;5;ÓLEO DIESEL;b;5051012,31599582
2000;JUN;Junho;6;ÓLEO DIESEL;b;1712889,8014384578
2000;JUL;Julho;7;ÓLEO DIESEL;b;2802516,3053998677
2000;AGO;Agosto;8;ÓLEO DIESEL;b;3117767,5920207473
2000;SET;Setembro;9;ÓLEO DIESEL;b;3053316,1287151934
2000;OUT;Outubro;10;ÓLEO DIESEL;b;5297622,989445627
2000;NOV;Novembro;11;ÓLEO DIESEL;b;5332549,834534398
2000;DEZ;Dezembro;12;ÓLEO DIESEL;b;3417372,9762666267
2001;JAN;Janeiro;1;ÓLEO DIESEL;b;3885242,9181036153
2001;FEV;Fevereiro;2;ÓLEO DIESEL;b;1371489,6224716266
2001;MAR;Março;3;ÓLEO DIESEL;b;4375274,846335831
2001;ABR;Abril;4;ÓLEO DIESEL;b;2319949,69961006
2001;MAI;Maio;5;ÓLEO DIESEL;b;4611496,62545247
2001;JUN;Junho;6;ÓLEO DIESEL;b;3054649,8109338917
2001;JUL;Julho;7;ÓLEO DIESEL;b;4133611,790478615
2001;AGO;Agosto;8;ÓLEO DIESEL;b;1672881,1384615663
2001;SET;Setembro;9;ÓLEO DIESEL;b;4445660,108817302
2001;OUT;Outubro;10;ÓLEO DIESEL;b;3652455,2615757114
2001;NOV;Novembro;11;ÓLEO DIESEL;b;4928400,578596061
2001;DEZ;Dezembro;12;ÓLEO DIESEL;b;2969173,551303024
2002;JAN;Janeiro;1;ÓLEO DIESEL;b;1878164,463744687
2002;FEV;Fevereiro;2;ÓLEO DIESEL;b;2094488,618378434
2002;MAR;Março;3;ÓLEO DIESEL;b;3048505,8942135544
2002;ABR;Abril;4;ÓLEO DIESEL;b;3999952,6383729395
2002;MAI;Maio;5;ÓLEO DIESEL;b;3180568,086294482
2002;JUN;Junho;6;ÓLEO DIESEL;b;3021341,652237663
2002;JUL;Julho;7;ÓLEO DIESEL;b;3743415,5004523983
2002;AGO;Agosto;8;ÓLEO DIESEL;b;2890642,2952658804
2002;SET;Setembro;9;ÓLEO DIESEL;b;5669299,88876547
2002;OUT;Outubro;10;ÓLEO DIESEL;b;5666657,342554279
2002;NOV;Novembro;11;ÓLEO DIESEL;b;2461860,665641097
2002;DEZ;Dezembro;12;ÓLEO DIESEL;b;2410576,6543375906
2003;JAN;Janeiro;1;ÓLEO DIESEL;b;1021471,2418674413
2003;FEV;Fevereiro;2;ÓLEO DIESEL;b;2254479,535435763
2003;MAR;Março;3;ÓLEO DIESEL;b;1281264,8527788615
2003;ABR;Abril;4;ÓLEO DIESEL;b;2666272,0968322894
2003;MAI;Maio;5;ÓLEO DIESEL;b;2900589,8511107513
2003;JUN;Junho;6;ÓLEO DIESEL;b;1937068,9394664203
2003;JUL;Julho;7;ÓLEO DIESEL;b;982148,4349611384
2003;AGO;Agosto;8;ÓLEO DIESEL;b;1464125,324474237
2003;SET;Setembro;9;ÓLEO DIESEL;b;4082789,0521166665
2003;OUT;Outubro;10;ÓLEO DIESEL;b;4540978,426507817
2003;NOV;Novembro;11;ÓLEO DIESEL;b;825512,6394969955
2003;DEZ;Dezembro;12;ÓLEO DIESEL;b;60070,23243010564
2004;JAN;Janeiro;1;ÓLEO DIESEL;b;1215947,8335950586
2004;FEV;Fevereiro;2;ÓLEO DIESEL;b;750768,7158988498
2004;MAR;Março;3;ÓLEO DIESEL;b;536335,9301687676
2004;ABR;Abril;4;ÓLEO DIESEL;b;291533,01094346243
2004;MAI;Maio;5;ÓLEO DIESEL;b;445607,03766570427
2004;JUN;Junho;6;ÓLEO DIESEL;b;699584,907167453
2004;JUL;Julho;7;ÓLEO DIESEL;b;1559540,7012549764
2004;AGO;Agosto;8;ÓLEO DIESEL;b;1311421,1770285212
2004;SET;Setembro;9;ÓLEO DIESEL;b;900055,6509130398
2004;OUT;Outubro;10;ÓLEO DIESEL;b;4908302,07549878
2004;NOV;Novembro;11;ÓLEO DIESEL;b;3357341,302588321
2004;DEZ;Dezembro;12;ÓLEO DIESEL;b;972724,6090101411
2005;JAN;Janeiro;1;ÓLEO DIESEL;b;677049,2118836268
2005;FEV;Fevereiro;2;ÓLEO DIESEL;b;91,13580334507043
2005;MAR;Março;3;ÓLEO DIESEL;b;1194975,982925716
2005;ABR;Abril;4;ÓLEO DIESEL;b;1307414,3170567136
2005;MAI;Maio;5;ÓLEO DIESEL;b;2592472,0507664788
2005;JUN;Junho;6;ÓLEO DIESEL;b;249548,0936315024
2005;JUL;Julho;7;ÓLEO DIESEL;b;94455,6492225
2005;AGO;Agosto;8;ÓLEO DIESEL;b;5126908,408548075
2005;SET;Setembro;9;ÓLEO DIESEL;b;1912511,5353591784
2005;OUT;Outubro;10;ÓLEO DIESEL;b;1487674,5281447652
2005;NOV;Novembro;11;ÓLEO DIESEL;b;221370,04751015254
2005;DEZ;Dezembro;12;ÓLEO DIESEL;b;50590,13039738263
2006;JAN;Janeiro;1;ÓLEO DIESEL;b;2449159,2540673125
2006;FEV;Fevereiro;2;ÓLEO DIESEL;b;1606869,5282553288
2006;MAR;Março;3;ÓLEO DIESEL;b;1710624,5139147067
2006;ABR;Abril;4;ÓLEO DIESEL;b;1404937,9392252113
2006;MAI;Maio;5;ÓLEO DIESEL;b;37706,73176863851
2006;JUN;Junho;6;ÓLEO DIESEL;b;1885206,2963466079
2006;JUL;Julho;7;ÓLEO DIESEL;b;1010291,8428330518
2006;AGO;Agosto;8;ÓLEO DIESEL;b;921242,8980452584
2006;SET;Setembro;9;ÓLEO DIESEL;b;2585093,513043991
2006;OUT;Outubro;10;ÓLEO DIESEL;b;2134732,176318146
2006;NOV;Novembro;11;ÓLEO DIESEL;b;4138311,655945494
2006;DEZ;Dezembro;12;ÓLEO DIESEL;b;2413668,934700657
2007;JAN;Janeiro;1;ÓLEO DIESEL;b;1389346,6888025939
2007;FEV;Fevereiro;2;ÓLEO DIESEL;b;1371408,0473289082
2007;MAR;Março;3;ÓLEO DIESEL;b;1424114,7726153522
2007;ABR;Abril;4;ÓLEO DIESEL;b;1431522,1017216435
2007;MAI;Maio;5;ÓLEO DIESEL;b;2025143,1113523357
2007;JUN;Junho;6;ÓLEO DIESEL;b;3282696,8347651996
2007;JUL;Julho;7;ÓLEO DIESEL;b;3367741,459128885
2007;AGO;Agosto;8;ÓLEO DIESEL;b;3621208,5547171603
2007;SET;Setembro;9;ÓLEO DIESEL;b;5271380,324211925
2007;OUT;Outubro;10;ÓLEO DIESEL;b;1630078,8533312676
2007;NOV;Novembro;11;ÓLEO DIESEL;b;4719468,624526139
2007;DEZ;Dezembro;12;ÓLEO DIESEL;b;2540184,4099097066
2008;JAN;Janeiro;1;ÓLEO DIESEL;b;665842,9335086151
2008;FEV;Fevereiro;2;ÓLEO DIESEL;b;2532218,4541335795
2008;MAR;Março;3;ÓLEO DIESEL;b;4824396,3423070535
2008;ABR;Abril;4;ÓLEO DIESEL;b;3073192,0044340254
2008;MAI;Maio;5;ÓLEO DIESEL;b;4458883,398208263
2008;JUN;Junho;6;ÓLEO DIESEL;b;2687934,2246195073
2008;JUL;Julho;7;ÓLEO DIESEL;b;2223808,3621844603
2008;AGO;Agosto;8;ÓLEO DIESEL;b;4020891,135260352
2008;SET;Setembro;9;ÓLEO DIESEL;b;4892386,316651081
2008;OUT;Outubro;10;ÓLEO DIESEL;b;3924695,6817738973
2008;NOV;Novembro;11;ÓLEO DIESEL;b;2258784,9472927935
2008;DEZ;Dezembro;12;ÓLEO DIESEL;b;1102212,1375626875
2009;JAN;Janeiro;1;ÓLEO DIESEL;b;827796,0103223358
2009;FEV;Fevereiro;2;ÓLEO DIESEL;b;1057343,157805575
2009;MAR;Março;3;ÓLEO DIESEL;b;1948059,872981575
2009;ABR;Abril;4;ÓLEO DIESEL;b;1098342,85619961
2009;MAI;Maio;5;ÓLEO DIESEL;b;801763,5350340024
2009;JUN;Junho;6;ÓLEO DIESEL;b;1640018,9973827228
2009;JUL;Julho;7;ÓLEO DIESEL;b;1835379,3369449652
2009;AGO;Agosto;8;ÓLEO DIESEL;b;2430340,784816643
2009;SET;Setembro;9;ÓLEO DIESEL;b;2002833,4358137676
2009;OUT;Outubro;10;ÓLEO DIESEL;b;3586583,3130800948
2009;NOV;Novembro;11;ÓLEO DIESEL;b;2118755,143499789
2009;DEZ;Dezembro;12;ÓLEO DIESEL;b;2761731,3620173126
2010;JAN;Janeiro;1;ÓLEO DIESEL;b;2067479,41643
2010;FEV;Fevereiro;2;ÓLEO DIESEL;b;2079191,04265
2010;MAR;Março;3;ÓLEO DIESEL;b;4214900,538800129
2010;ABR;Abril;4;ÓLEO DIESEL;b;6364902,60202081
2010;MAI;Maio;5;ÓLEO DIESEL;b;4968323,414253263
2010;JUN;Junho;6;ÓLEO DIESEL;b;4195371,143841714
2010;JUL;Julho;7;ÓLEO DIESEL;b;3703036,5835351762
2010;AGO;Agosto;8;ÓLEO DIESEL;b;7113142,925035752
2010;SET;Setembro;9;ÓLEO DIESEL;b;7185458,169909224
2010;OUT;Outubro;10;ÓLEO DIESEL;b;6139971,673073956
2010;NOV;Novembro;11;ÓLEO DIESEL;b;6967423,390122851
2010;DEZ;Dezembro;12;ÓLEO DIESEL;b;1653094,15401
2011;JAN;Janeiro;1;ÓLEO DIESEL;b;1036890,4748454461
2011;FEV;Fevereiro;2;ÓLEO DIESEL;b;2894111,40587
2011;MAR;Março;3;ÓLEO DIESEL;b;4215996,7449
2011;ABR;Abril;4;ÓLEO DIESEL;b;4306211,4897300005
2011;MAI;Maio;5;ÓLEO DIESEL;b;3616068,37729
2011;JUN;Junho;6;ÓLEO DIESEL;b;6021599,92198
2011;JUL;Julho;7;ÓLEO DIESEL;b;5847435,08308
2011;AGO;Agosto;8;ÓLEO DIESEL;b;7452560,001125
2011;SET;Setembro;9;ÓLEO DIESEL;b;6677023,283220001
2011;OUT;Outubro;10;ÓLEO DIESEL;b;6231478,30206
2011;NOV;Novembro;11;ÓLEO DIESEL;b;6639793,89783
2011;DEZ;Dezembro;12;ÓLEO DIESEL;b;3762299,5409990004
2012;JAN;Janeiro;1;ÓLEO DIESEL;b;1883156,53438
2012;FEV;Fevereiro;2;ÓLEO DIESEL;b;4229727,40013
2012;MAR;Março;3;ÓLEO DIESEL;b;4351919,302763005
2012;ABR;Abril;4;ÓLEO DIESEL;b;6204213,2897782875
2012;MAI;Maio;5;ÓLEO DIESEL;b;5433212,580567359
2012;JUN;Junho;6;ÓLEO DIESEL;b;5263073,042889613
2012;JUL;Julho;7;ÓLEO DIESEL;b;3145767,693212418
2012;AGO;Agosto;8;ÓLEO DIESEL;b;2301866,6539147063
2012;SET;Setembro;9;ÓLEO DIESEL;b;3947249,353216585
2012;OUT;Outubro;10;ÓLEO DIESEL;b;2262983,447144636
2012;NOV;Novembro;11;ÓLEO DIESEL;b;9413684,555173416
2012;DEZ;Dezembro;12;ÓLEO DIESEL;b;1694217,9284148237
2013;JAN;Janeiro;1;ÓLEO DIESEL;b;8246885,584832197
2013;FEV;Fevereiro;2;ÓLEO DIESEL;b;2970157,2020196477
2013;MAR;Março;3;ÓLEO DIESEL;b;4609130,688285212
2013;ABR;Abril;4;ÓLEO DIESEL;b;9043269,693422042
2013;MAI;Maio;5;ÓLEO DIESEL;b;7035189,190323147
2013;JUN;Junho;6;ÓLEO DIESEL;b;2694801,0213333215
2013;JUL;Julho;7;ÓLEO DIESEL;b;4841542,091218028
2013;AGO;Agosto;8;ÓLEO DIESEL;b;5077131,287770035
2013;SET;Setembro;9;ÓLEO DIESEL;b;3743942,879638604
2013;OUT;Outubro;10;ÓLEO DIESEL;b;5810375,891680306
2013;NOV;Novembro;11;ÓLEO DIESEL;b;4717584,376104366
2013;DEZ;Dezembro;12;ÓLEO DIESEL;b;5888385,304499742
2014;JAN;Janeiro;1;ÓLEO DIESEL;b;8244826,255267279
2014;FEV;Fevereiro;2;ÓLEO DIESEL;b;6000993,618531267
2014;MAR;Março;3;ÓLEO DIESEL;b;3646777,008869871
2014;ABR;Abril;4;ÓLEO DIESEL;b;3897443,736350986
2014;MAI;Maio;5;ÓLEO DIESEL;b;4913674,444362699
2014;JUN;Junho;6;ÓLEO DIESEL;b;6449158,202202583
2014;JUL;Julho;7;ÓLEO DIESEL;b;6480090,720012348
2014;AGO;Agosto;8;ÓLEO DIESEL;b;3567603,2946366663
2014;SET;Setembro;9;ÓLEO DIESEL;b;8010567,61929689
2014;OUT;Outubro;10;ÓLEO DIESEL;b;4095243,459126749
2014;NOV;Novembro;11;ÓLEO DIESEL;b;5631480,872040904
2014;DEZ;Dezembro;12;ÓLEO DIESEL;b;9980434,536771314
2015;JAN;Janeiro;1;ÓLEO DIESEL;b;4751529,03372277
2015;FEV;Fevereiro;2;ÓLEO DIESEL;b;4883310,59329507
2015;MAR;Março;3;ÓLEO DIESEL;b;5415049,1669750465
2015;ABR;Abril;4;ÓLEO DIESEL;b;3060415,060101291
2015;MAI;Maio;5;ÓLEO DIESEL;b;4190446,5105255516
2015;JUN;Junho;6;ÓLEO DIESEL;b;3962992,2677901876
2015;JUL;Julho;7;ÓLEO DIESEL;b;5630566,45030892
2015;AGO;Agosto;8;ÓLEO DIESEL;b;180007,3489142019
2015;SET;Setembro;9;ÓLEO DIESEL;b;3288792,6498976173
2015;OUT;Outubro;10;ÓLEO DIESEL;b;2162717,0470189904
2015;NOV;Novembro;11;ÓLEO DIESEL;b;4865912,019122276
2015;DEZ;Dezembro;12;ÓLEO DIESEL;b;1260170,1219599296
2016;JAN;Janeiro;1;ÓLEO DIESEL;b;1005607,9940743544
2016;FEV;Fevereiro;2;ÓLEO DIESEL;b;2609444,7044015494
2016;MAR;Março;3;ÓLEO DIESEL;b;5935335,074476315
2016;ABR;Abril;4;ÓLEO DIESEL;b;3719138,22398615
2016;MAI;Maio;5;ÓLEO DIESEL;b;4184933,5880318317
2016;JUN;Junho;6;ÓLEO DIESEL;b;3866153,186610024
2016;JUL;Julho;7;ÓLEO DIESEL;b;5419062,36105129
2016;AGO;Agosto;8;ÓLEO DIESEL;b;4908104,337751304
2016;SET;Setembro;9;ÓLEO DIESEL;b;4841879,8879740955
2016;OUT;Outubro;10;ÓLEO DIESEL;b;4145134,7192855515
2016;NOV;Novembro;11;ÓLEO DIESEL;b;4572711,374316924
2016;DEZ;Dezembro;12;ÓLEO DIESEL;b;4597246,2547031455
2017;JAN;Janeiro;1;ÓLEO DIESEL;b;5237420,259511985
2017;FEV;Fevereiro;2;ÓLEO DIESEL;b;7321389,439011431
2017;MAR;Março;3;ÓLEO DIESEL;b;5245808,747301432
2017;ABR;Abril;4;ÓLEO DIESEL;b;5048440,297307816
2017;MAI;Maio;5;ÓLEO DIESEL;b;5053624,872525282
2017;JUN;Junho;6;ÓLEO DIESEL;b;7714152,172870551
2017;JUL;Julho;7;ÓLEO DIESEL;b;7359913,801785635
2017;AGO;Agosto;8;ÓLEO DIESEL;b;7908512,676262194
2017;SET;Setembro;9;ÓLEO DIESEL;b;6207464,383307676
2017;OUT;Outubro;10;ÓLEO DIESEL;b;8463222,01994729
2017;NOV;Novembro;11;ÓLEO DIESEL;b;8022212,56024256
2017;DEZ;Dezembro;12;ÓLEO DIESEL;b;7903774,249375174
2018;JAN;Janeiro;1;ÓLEO DIESEL;b;10302115,81775938
2018;FEV;Fevereiro;2;ÓLEO DIESEL;b;6094123,631237019
2018;MAR;Março;3;ÓLEO DIESEL;b;6695410,051508968
2018;ABR;Abril;4;ÓLEO DIESEL;b;7287328,080317348
2018;MAI;Maio;5;ÓLEO DIESEL;b;4633078,504973287
2018;JUN;Junho;6;ÓLEO DIESEL;b;4214692,768362759
2018;JUL;Julho;7;ÓLEO DIESEL;b;4493918,009028568
2018;AGO;Agosto;8;ÓLEO DIESEL;b;4636440,762773779
2018;SET;Setembro;9;ÓLEO DIESEL;b;2975395,5654479815
2018;OUT;Outubro;10;ÓLEO DIESEL;b;7023462,636878006
2018;NOV;Novembro;11;ÓLEO DIESEL;b;5743569,110327265
2018;DEZ;Dezembro;12;ÓLEO DIESEL;b;9176479,290866151
2019;JAN;Janeiro;1;ÓLEO DIESEL;b;5420491,543196045
2019;FEV;Fevereiro;2;ÓLEO DIESEL;b;4073130,030089624
2019;MAR;Março;3;ÓLEO DIESEL;b;4946289,951439049
2019;ABR;Abril;4;ÓLEO DIESEL;b;6462715,658802993
2019;MAI;Maio;5;ÓLEO DIESEL;b;6903387,29222203
2019;JUN;Junho;6;ÓLEO DIESEL;b;5519068,140094272
2019;JUL;Julho;7;ÓLEO DIESEL;b;6908534,350051678
2019;AGO;Agosto;8;ÓLEO DIESEL;b;6424100,056871761
2019;SET;Setembro;9;ÓLEO DIESEL;b;7815353,207756091
2019;OUT;Outubro;10;ÓLEO DIESEL;b;9759197,69739689
2019;NOV;Novembro;11;ÓLEO DIESEL;b;12015877,758296704
2019;DEZ;Dezembro;12;ÓLEO DIESEL;b;5568227,678307335
2020;JAN;Janeiro;1;ÓLEO DIESEL;b;7472706,135261226
2020;FEV;Fevereiro;2;ÓLEO DIESEL;b;7062734,821887417
2020;MAR;Março;3;ÓLEO DIESEL;b;5949011,59093662
2020;ABR;Abril;4;ÓLEO DIESEL;b;6271860,626933487
2020;MAI;Maio;5;ÓLEO DIESEL;b;4435416,302502119
2020;JUN;Junho;6;ÓLEO DIESEL;b;5248603,283940549
2020;JUL;Julho;7;ÓLEO DIESEL;b;7117039,513902131
2020;AGO;Agosto;8;ÓLEO DIESEL;b;7094441,334776751
2020;SET;Setembro;9;ÓLEO DIESEL;b;6197740,090686238
2020;OUT;Outubro;10;ÓLEO DIESEL;b;7396666,757691833
2020;NOV;Novembro;11;ÓLEO DIESEL;b;5359678,6928106425
2020;DEZ;Dezembro;12;ÓLEO DIESEL;b;5837597,093916702
2021;JAN;Janeiro;1;ÓLEO DIESEL;b;4974731,029104118
2021;FEV;Fevereiro;2;ÓLEO DIESEL;b;4483621,63097819
2021;MAR;Março;3;ÓLEO DIESEL;b;5612418,054639881
2021;ABR;Abril;4;ÓLEO DIESEL;b;8821108,916394167
2021;MAI;Maio;5;ÓLEO DIESEL;b;8590388,412237832
2021;JUN;Junho;6;ÓLEO DIESEL;b;7858926,624387809
2021;JUL;Julho;7;ÓLEO DIESEL;b;7782117,56127114
2021;AGO;Agosto;8;ÓLEO DIESEL;b;10518446,00577696
2021;SET;Setembro;9;ÓLEO DIESEL;b;6130404,230216477
2021;OUT;Outubro;10;ÓLEO DIESEL;b;11655508,68493738
2021;NOV;Novembro;11;ÓLEO DIESEL;b;7140950,586034845
2021;DEZ;Dezembro;12;ÓLEO DIESEL;b;7235186,578618833
2022;JAN;Janeiro;1;ÓLEO DIESEL;b;8774905,52961093
2022;FEV;Fevereiro;2;ÓLEO DIESEL;b;3535093,1836411427
2022;MAR;Março;3;ÓLEO DIESEL;b;7499551,066804834
2022;ABR;Abril;4;ÓLEO DIESEL;b;9796984,379358072
2022;MAI;Maio;5;ÓLEO DIESEL;b;9108734,559631024
2022;JUN;Junho;6;ÓLEO DIESEL;b;6037179,654056226
2022;JUL;Julho;7;ÓLEO DIESEL;b;8410438,490638858
2022;AGO;Agosto;8;ÓLEO DIESEL;b;11616031,239086825
2022;SET;Setembro;9;ÓLEO DIESEL;b;12570176,381923702
2022;OUT;Outubro;10;ÓLEO DIESEL;b;9178285,286837855
2022;NOV;Novembro;11;ÓLEO DIESEL;b;4273110,458572845
2022;DEZ;Dezembro;12;ÓLEO DIESEL;b;9407839,51795068
2023;JAN;Janeiro;1;ÓLEO DIESEL;b;4665708,148619083
2023;FEV;Fevereiro;2;ÓLEO DIESEL;b;6479300,627385343
2023;MAR;Março;3;ÓLEO DIESEL;b;10808451,892826678
2023;ABR;Abril;4;ÓLEO DIESEL;b;5864586,458966369
2023;MAI;Maio;5;ÓLEO DIESEL;b;8573720,28095619
2023;JUN;Junho;6;ÓLEO DIESEL;b;6793248,638760714
2023;JUL;Julho;7;ÓLEO DIESEL;b;6673126,768388608
2023;AGO;Agosto;8;ÓLEO DIESEL;b;8257929,115639012
2023;SET;Setembro;9;ÓLEO DIESEL;b;7141006,617758929
2023;OUT;Outubro;10;ÓLEO DIESEL;b;7651925,218377547
2023;NOV;Novembro;11;ÓLEO DIESEL;b;6452938,513637927
2023;DEZ;Dezembro;12;ÓLEO DIESEL;b;11814567,549235798
2024;JAN;Janeiro;1;ÓLEO DIESEL;b;6584149,670969882
2024;FEV;Fevereiro;2;ÓLEO DIESEL;b;5391791,512450238
2024;MAR;Março;3;ÓLEO DIESEL;b;7793799,505578238
2024;ABR;Abril;4;ÓLEO DIESEL;b;7447163,546317464
2024;MAI;Maio;5;ÓLEO DIESEL;b;6723638,56270381
2024;JUN;Junho;6;ÓLEO DIESEL;b;9524180,336432107
2024;JUL;Julho;7;ÓLEO DIESEL;b;7849779,166508082
2024;AGO;Agosto;8;ÓLEO DIESEL;b;7964095,370029202
2024;SET;Setembro;9;ÓLEO DIESEL;b;10036578,824513558
2024;OUT;Outubro;10;ÓLEO DIESEL;b;9368439,968401821
2024;NOV;Novembro;11;ÓLEO DIESEL;b;5248509,603210893
2024;DEZ;Dezembro;12;ÓLEO DIESEL;b;6132915,429371107
2025;JAN;Janeiro;1;ÓLEO DIESEL;b;7830801,312164274
2025;FEV;Fevereiro;2;ÓLEO DIESEL;b;6751965,740389
2025;MAR;Março;3;ÓLEO DIESEL;b;8156210,353246228
2025;ABR;Abril;4;ÓLEO DIESEL;b;9161402,0964693
2025;MAI;Maio;5;ÓLEO DIESEL;b;9177071,053993095
2025;JUN;Junho;6;ÓLEO DIESEL;b;8132290,490355252
2025;JUL;Julho;7;ÓLEO DIESEL;b;10868396,328002153
2025;AGO;Agosto;8;ÓLEO DIESEL;b;8133625,068231344
2025;SET;Setembro;9;ÓLEO DIESEL;b;10994858,716223452
2025;OUT;Outubro;10;ÓLEO DIESEL;b;10059365,158812368
2025;NOV;Novembro;11;ÓLEO DIESEL;b;8617533,487524346
2025;DEZ;Dezembro;12;ÓLEO DIESEL;b;9625531,122476285
2026;JAN;Janeiro;1;ÓLEO DIESEL;b;8312761,148319274
2026;FEV;Fevereiro;2;ÓLEO DIESEL;b;8686194,251543393
2026;MAR;Março;3;ÓLEO DIESEL;b;6536189,248226751
2026;ABR;Abril;4;ÓLEO DIESEL;b;7480238,564617547
2026;MAI;Maio;5;ÓLEO DIESEL;b;8790999,303897275
2026;JUN;Junho;6;ÓLEO DIESEL;b;3637029,064284833
2026;JUL;Julho;7;ÓLEO DIESEL;b;9323273,906069227
